version,commit,path,config,dataset,run,snapshot,frame_id,tree_update_ms,view_ms,total_ms,wall_ms,attempts,maintenance_ms,iterations,num_nodes,num_leaves,max_depth,max_depth_octree_equiv,num_empty_leaves,empty_leaf_pct,avg_particles_per_leaf,particles_active,particles_escaped,particle_slots,lib_num_nodes
v2,ea89b79a9dfd35df20fed759e6d15c60fe01e77c,direct,octree_nfcount,flyby,5,0,0,nan,nan,nan,nan,0,0,-1,29073,25439,16,16,14723,57.87570266,20.12665592,512002,0,512002,29073
v2,ea89b79a9dfd35df20fed759e6d15c60fe01e77c,direct,octree_nfcount,flyby,5,1,1,0.5771520138,0.1548479944,0.732927978,0.738863,1,0,-1,29049,25418,16,16,14715,57.89204501,20.14328429,512002,0,512002,29049
v2,ea89b79a9dfd35df20fed759e6d15c60fe01e77c,direct,octree_nfcount,flyby,5,2,2,0.5842880011,0.1525440067,0.7377920151,0.744721,1,0,-1,29081,25446,16,16,14722,57.85585161,20.12111923,512002,0,512002,29081
v2,ea89b79a9dfd35df20fed759e6d15c60fe01e77c,direct,octree_nfcount,flyby,5,3,3,0.5777599812,0.1505279988,0.729279995,0.736516,1,0,-1,29033,25404,16,16,14705,57.8845851,20.15438514,512002,0,512002,29033
v2,ea89b79a9dfd35df20fed759e6d15c60fe01e77c,direct,octree_nfcount,flyby,5,4,4,0.5818240047,0.152383998,0.7351679802,0.742766,1,0,-1,29049,25418,16,16,14711,57.87630813,20.14328429,512002,0,512002,29049
v2,ea89b79a9dfd35df20fed759e6d15c60fe01e77c,direct,octree_nfcount,flyby,5,5,5,0.5745919943,0.1558720022,0.731423974,0.739317,1,0,-1,29025,25397,16,16,14704,57.89660196,20.15994015,512002,0,512002,29025
v2,ea89b79a9dfd35df20fed759e6d15c60fe01e77c,direct,octree_nfcount,flyby,5,6,6,0.5804799795,0.1552000046,0.7366399765,0.744476,1,0,-1,29049,25418,16,16,14685,57.77401841,20.14328429,512002,0,512002,29049
v2,ea89b79a9dfd35df20fed759e6d15c60fe01e77c,direct,octree_nfcount,flyby,5,7,7,0.5767679811,0.1526080072,0.7303360105,0.736706,1,0,-1,29025,25397,16,16,14601,57.49104225,20.15994015,512002,0,512002,29025
v2,ea89b79a9dfd35df20fed759e6d15c60fe01e77c,direct,octree_nfcount,flyby,5,8,8,0.5972160101,0.1580480039,0.7562239766,0.763994,1,0,-1,28849,25243,16,16,14438,57.19605435,20.28292992,512002,0,512002,28849
v2,ea89b79a9dfd35df20fed759e6d15c60fe01e77c,direct,octree_nfcount,flyby,5,9,9,0.589951992,0.1576000005,0.7496320009,0.757629,1,0,-1,29009,25383,16,16,14527,57.23121774,20.17105937,512002,0,512002,29009
v2,ea89b79a9dfd35df20fed759e6d15c60fe01e77c,direct,octree_nfcount,flyby,5,10,10,0.5859839916,0.1584320068,0.7453759909,0.753459,1,0,-1,28937,25320,16,16,14456,57.09320695,20.22124803,512002,0,512002,28937
v2,ea89b79a9dfd35df20fed759e6d15c60fe01e77c,direct,octree_nfcount,flyby,5,11,11,0.7006080151,0.1584320068,0.8600000143,0.867907,1,0,-1,28913,25299,16,16,14433,57.04968576,20.23803312,512002,0,512002,28913
v2,ea89b79a9dfd35df20fed759e6d15c60fe01e77c,direct,octree_nfcount,flyby,5,12,12,0.7284479737,0.1584639996,0.887839973,0.89595,1,0,-1,28985,25362,16,16,14421,56.86065768,20.18776122,512002,0,512002,28985
v2,ea89b79a9dfd35df20fed759e6d15c60fe01e77c,direct,octree_nfcount,flyby,5,13,13,0.8215360045,0.1576319933,0.9801279902,0.988232,1,0,-1,29089,25453,16,16,14412,56.62200919,20.11558559,512002,0,512002,29089
v2,ea89b79a9dfd35df20fed759e6d15c60fe01e77c,direct,octree_nfcount,flyby,5,14,14,0.8220800161,0.1564480066,0.9794560075,0.988585,1,0,-1,29129,25488,16,16,14357,56.3284683,20.08796296,512002,0,512002,29129
v2,ea89b79a9dfd35df20fed759e6d15c60fe01e77c,direct,octree_nfcount,flyby,5,15,15,0.9267200232,0.1573120058,1.084959984,1.09396,1,0,-1,29321,25656,16,16,14376,56.03367633,19.95642345,512002,0,512002,29321
v2,ea89b79a9dfd35df20fed759e6d15c60fe01e77c,direct,octree_nfcount,flyby,5,16,16,0.9416959882,0.1543679982,1.096992016,1.103283,1,0,-1,29601,25901,16,16,14499,55.97853365,19.76765376,512002,0,512002,29601
v2,ea89b79a9dfd35df20fed759e6d15c60fe01e77c,direct,octree_nfcount,flyby,5,17,17,0.8734080195,0.157664001,1.032032013,1.039788,1,0,-1,29577,25880,16,16,14303,55.26661515,19.78369397,512002,0,512002,29577
v2,ea89b79a9dfd35df20fed759e6d15c60fe01e77c,direct,octree_nfcount,flyby,5,18,18,0.8481600285,0.155520007,1.004608035,1.012236,1,0,-1,29849,26118,16,16,14303,54.7629987,19.60341527,512002,0,512002,29849
v2,ea89b79a9dfd35df20fed759e6d15c60fe01e77c,direct,octree_nfcount,flyby,5,19,19,0.9686400294,0.1566399932,1.126207948,1.133317,1,0,-1,30129,26363,16,16,14308,54.27303418,19.42123431,512002,0,512002,30129
v2,ea89b79a9dfd35df20fed759e6d15c60fe01e77c,direct,octree_nfcount,flyby,5,20,20,0.8844159842,0.1575040072,1.042847991,1.050513,1,0,-1,30585,26762,16,16,14470,54.0692026,19.13167925,512002,0,512002,30585
v2,ea89b79a9dfd35df20fed759e6d15c60fe01e77c,direct,octree_nfcount,flyby,5,21,21,0.901023984,0.1607359946,1.062719941,1.070255,1,0,-1,30849,26993,16,16,14391,53.3138221,18.96795465,512002,0,512002,30849
v2,ea89b79a9dfd35df20fed759e6d15c60fe01e77c,direct,octree_nfcount,flyby,5,22,22,0.9797120094,0.159679994,1.140319943,1.148134,1,0,-1,31241,27336,16,16,14391,52.64486392,18.72995318,512002,0,512002,31241
v2,ea89b79a9dfd35df20fed759e6d15c60fe01e77c,direct,octree_nfcount,flyby,5,23,23,0.8682240248,0.1615359932,1.030719995,1.036811,1,0,-1,31241,27336,16,16,14193,51.92054434,18.72995318,512002,0,512002,31241
v2,ea89b79a9dfd35df20fed759e6d15c60fe01e77c,direct,octree_nfcount,flyby,5,24,24,0.8634560108,0.1607999951,1.025215983,1.031082,1,0,-1,31257,27350,16,16,14072,51.45155393,18.72036563,512002,0,512002,31257
v2,ea89b79a9dfd35df20fed759e6d15c60fe01e77c,direct,octree_nfcount,flyby,5,25,25,0.8795840144,0.1536960006,1.034240007,1.041184,1,0,-1,31505,27567,16,16,14187,51.46370661,18.57300395,512002,0,512002,31505
v2,ea89b79a9dfd35df20fed759e6d15c60fe01e77c,direct,octree_nfcount,flyby,5,26,26,0.998495996,0.1554879993,1.154911995,1.162653,1,0,-1,31393,27469,16,16,14198,51.68735666,18.63926608,512002,0,512002,31393
v2,ea89b79a9dfd35df20fed759e6d15c60fe01e77c,direct,octree_nfcount,flyby,5,27,27,0.8889600039,0.1583999991,1.048320055,1.055601,1,0,-1,31273,27364,16,16,14002,51.16941968,18.7107879,512002,0,512002,31273
v2,ea89b79a9dfd35df20fed759e6d15c60fe01e77c,direct,octree_nfcount,flyby,5,28,28,0.9213759899,0.1601600051,1.08246398,1.088541,1,0,-1,31473,27539,16,16,13863,50.3395185,18.59188787,512002,0,512002,31473
v2,ea89b79a9dfd35df20fed759e6d15c60fe01e77c,direct,octree_nfcount,flyby,5,29,29,1.059488058,0.1527040005,1.213152051,1.220305,1,0,-1,31969,27973,17,17,13894,49.66932399,18.30343546,512002,0,512002,31969
v2,ea89b79a9dfd35df20fed759e6d15c60fe01e77c,direct,octree_nfcount,flyby,5,30,30,1.278496027,0.1609919965,1.440448046,1.447724,1,0,-1,32329,28288,17,17,13987,49.44499434,18.09961821,512002,0,512002,32329
v2,ea89b79a9dfd35df20fed759e6d15c60fe01e77c,direct,octree_nfcount,flyby,5,31,31,1.077823997,0.1567360014,1.235488057,1.242334,1,0,-1,32073,28064,17,17,13691,48.78492018,18.24408495,512002,0,512002,32073
v2,ea89b79a9dfd35df20fed759e6d15c60fe01e77c,direct,octree_nfcount,flyby,5,32,32,1.068799973,0.1558720022,1.225600004,1.232967,1,0,-1,31585,27637,16,16,13533,48.96696458,18.52596157,512002,0,512002,31585
v2,ea89b79a9dfd35df20fed759e6d15c60fe01e77c,direct,octree_nfcount,flyby,5,33,33,1.188928008,0.157536,1.347360015,1.355258,1,0,-1,31377,27455,16,16,13379,48.73065015,18.64877072,512002,0,512002,31377
v2,ea89b79a9dfd35df20fed759e6d15c60fe01e77c,direct,octree_nfcount,flyby,5,34,34,1.084511995,0.1587840021,1.24425602,1.252141,1,0,-1,31801,27826,16,16,13509,48.54812046,18.40012938,512002,0,512002,31801
v2,ea89b79a9dfd35df20fed759e6d15c60fe01e77c,direct,octree_nfcount,flyby,5,35,35,1.086048007,0.1556479931,1.242655993,1.248145,1,0,-1,31713,27749,16,16,13285,47.87559912,18.45118743,512002,0,512002,31713
v2,ea89b79a9dfd35df20fed759e6d15c60fe01e77c,direct,octree_nfcount,flyby,5,36,36,1.091488004,0.154783994,1.24723196,1.254492,1,0,-1,31929,27938,16,16,13469,48.21032286,18.32636552,512002,0,512002,31929
v2,ea89b79a9dfd35df20fed759e6d15c60fe01e77c,direct,octree_nfcount,flyby,5,37,37,1.104640007,0.152511999,1.258111954,1.265862,1,0,-1,32065,28057,16,16,13442,47.90961257,18.2486367,512002,0,512002,32065
v2,ea89b79a9dfd35df20fed759e6d15c60fe01e77c,direct,octree_nfcount,flyby,5,38,38,0.9860159755,0.1579840034,1.144960046,1.1522,1,0,-1,32025,28022,16,16,13083,46.68831632,18.27142959,512002,0,512002,32025
v2,ea89b79a9dfd35df20fed759e6d15c60fe01e77c,direct,octree_nfcount,flyby,5,39,39,1.219104052,0.1588480026,1.378911972,1.386118,1,0,-1,32185,28162,16,16,13146,46.6799233,18.18059797,512002,0,512002,32185
v2,ea89b79a9dfd35df20fed759e6d15c60fe01e77c,direct,octree_nfcount,flyby,5,40,40,1.111104012,0.1545920074,1.266656041,1.274274,1,0,-1,32153,28134,16,16,13288,47.23110827,18.19869197,512002,0,512002,32153
v2,ea89b79a9dfd35df20fed759e6d15c60fe01e77c,direct,octree_nfcount,flyby,5,41,41,1.106464028,0.1565759927,1.263967991,1.270819,1,0,-1,32233,28204,16,16,13169,46.69195859,18.15352432,512002,0,512002,32233
v2,ea89b79a9dfd35df20fed759e6d15c60fe01e77c,direct,octree_nfcount,flyby,5,42,42,1.242496014,0.1587840021,1.402240038,1.40755,1,0,-1,32465,28407,16,16,13139,46.2526842,18.02379695,512002,0,512002,32465
v2,ea89b79a9dfd35df20fed759e6d15c60fe01e77c,direct,octree_nfcount,flyby,5,43,43,1.262272,0.1615999937,1.424831986,1.432269,1,0,-1,32873,28764,16,16,13219,45.95675149,17.80009734,512002,0,512002,32873
v2,ea89b79a9dfd35df20fed759e6d15c60fe01e77c,direct,octree_nfcount,flyby,5,44,44,1.131327987,0.1616639942,1.293951988,1.300945,1,0,-1,32801,28701,16,16,13048,45.4618306,17.83916937,512002,0,512002,32801
v2,ea89b79a9dfd35df20fed759e6d15c60fe01e77c,direct,octree_nfcount,flyby,5,45,45,1.121119976,0.1585920006,1.280640006,1.288512,1,0,-1,32801,28701,16,16,12931,45.0541793,17.83916937,512002,0,512002,32801
v2,ea89b79a9dfd35df20fed759e6d15c60fe01e77c,direct,octree_nfcount,flyby,5,46,46,1.002591968,0.155520007,1.159008026,1.167029,1,0,-1,32729,28638,16,16,12899,45.04155318,17.8784133,512002,0,512002,32729
v2,ea89b79a9dfd35df20fed759e6d15c60fe01e77c,direct,octree_nfcount,flyby,5,47,47,1.235263944,0.1572799981,1.393504024,1.400708,1,0,-1,32609,28533,16,16,12792,44.83229944,17.94420496,512002,0,512002,32609
v2,ea89b79a9dfd35df20fed759e6d15c60fe01e77c,direct,octree_nfcount,flyby,5,48,48,1.126719952,0.1581120044,1.285791993,1.29324,1,0,-1,32577,28505,16,16,12619,44.26942642,17.96183126,512002,0,512002,32577
v2,ea89b79a9dfd35df20fed759e6d15c60fe01e77c,direct,octree_nfcount,flyby,5,49,49,1.121503949,0.1587200016,1.28115201,1.288679,1,0,-1,32665,28582,16,16,12576,43.9997201,17.91344203,512002,0,512002,32665
v2,ea89b79a9dfd35df20fed759e6d15c60fe01e77c,direct,octree_nfcount,flyby,5,50,50,0.9978560209,0.1548160017,1.153599977,1.160834,1,0,-1,32905,28792,16,16,12655,43.95318144,17.78278689,512002,0,512002,32905
v2,ea89b79a9dfd35df20fed759e6d15c60fe01e77c,direct,octree_nfcount,flyby,5,51,51,1.136927962,0.1568000019,1.294656038,1.302046,1,0,-1,33121,28981,16,16,12825,44.25313136,17.66681619,512002,0,512002,33121
v2,ea89b79a9dfd35df20fed759e6d15c60fe01e77c,direct,octree_nfcount,flyby,5,52,52,1.126752019,0.1599040031,1.287616014,1.294961,1,0,-1,33177,29030,16,16,12744,43.8994144,17.63699621,512002,0,512002,33177
v2,ea89b79a9dfd35df20fed759e6d15c60fe01e77c,direct,octree_nfcount,flyby,5,53,53,1.137055993,0.1587840021,1.29676795,1.304163,1,0,-1,33417,29240,16,16,12773,43.68331053,17.51032832,512002,0,512002,33417
v2,ea89b79a9dfd35df20fed759e6d15c60fe01e77c,direct,octree_nfcount,flyby,5,54,54,0.9934399724,0.1603839993,1.154752016,1.162526,1,0,-1,33177,29030,16,16,12560,43.26558732,17.63699621,512002,0,512002,33177
v2,ea89b79a9dfd35df20fed759e6d15c60fe01e77c,direct,octree_nfcount,flyby,5,55,55,1.12659204,0.1545920074,1.28214395,1.287951,1,0,-1,33417,29240,16,16,12615,43.14295486,17.51032832,512002,0,512002,33417
v2,ea89b79a9dfd35df20fed759e6d15c60fe01e77c,direct,octree_nfcount,flyby,5,56,56,1.100000024,0.1547199935,1.255648017,1.26304,1,0,-1,33233,29079,16,16,12445,42.79720761,17.60727673,512002,0,512002,33233
v2,ea89b79a9dfd35df20fed759e6d15c60fe01e77c,direct,octree_nfcount,flyby,5,57,57,1.115072012,0.1573760062,1.273375988,1.281026,1,0,-1,33369,29198,16,16,12434,42.58510857,17.53551613,512002,0,512002,33369
v2,ea89b79a9dfd35df20fed759e6d15c60fe01e77c,direct,octree_nfcount,flyby,5,58,58,1.114303946,0.1546880007,1.269919991,1.276665,1,0,-1,32833,28729,16,16,12045,41.92627658,17.82178287,512002,0,512002,32833
v2,ea89b79a9dfd35df20fed759e6d15c60fe01e77c,direct,octree_nfcount,flyby,5,59,59,0.9845759869,0.1558720022,1.141407967,1.148271,1,0,-1,33073,28939,16,16,12151,41.98832026,17.69245655,512002,0,512002,33073
v2,ea89b79a9dfd35df20fed759e6d15c60fe01e77c,direct,octree_nfcount,flyby,5,60,60,1.235200047,0.156287998,1.392447948,1.399723,1,0,-1,32985,28862,16,16,12125,42.0102557,17.73965768,512002,0,512002,32985
v2,ea89b79a9dfd35df20fed759e6d15c60fe01e77c,direct,octree_nfcount,flyby,5,61,61,0.9735999703,0.1567360014,1.131296039,1.138803,1,0,-1,33017,28890,16,16,12190,42.19453098,17.72246452,512002,0,512002,33017
v2,ea89b79a9dfd35df20fed759e6d15c60fe01e77c,direct,octree_nfcount,flyby,5,62,62,1.124447942,0.1608639956,1.286272049,1.293251,1,0,-1,33273,29114,16,16,12267,42.13436835,17.58610978,512002,0,512002,33273
v2,ea89b79a9dfd35df20fed759e6d15c60fe01e77c,direct,octree_nfcount,flyby,5,63,63,1.116639972,0.1627839953,1.280351996,1.287662,1,0,-1,33473,29289,16,16,12279,41.92358906,17.48103384,512002,0,512002,33473
v2,ea89b79a9dfd35df20fed759e6d15c60fe01e77c,direct,octree_nfcount,flyby,5,64,64,1.228863955,0.1525440067,1.382367969,1.389868,1,0,-1,33105,28967,16,16,11971,41.32633687,17.67535471,512002,0,512002,33105
v2,ea89b79a9dfd35df20fed759e6d15c60fe01e77c,direct,octree_nfcount,flyby,5,65,65,0.9831680059,0.1587200016,1.142848015,1.14993,1,0,-1,33025,28897,16,16,11782,40.77239852,17.71817144,512002,0,512002,33025
v2,ea89b79a9dfd35df20fed759e6d15c60fe01e77c,direct,octree_nfcount,flyby,5,66,66,1.105759978,0.157792002,1.264448047,1.271659,1,0,-1,33017,28890,16,16,11797,40.83419868,17.72246452,512002,0,512002,33017
v2,ea89b79a9dfd35df20fed759e6d15c60fe01e77c,direct,octree_nfcount,flyby,5,67,67,0.9785919785,0.1587840021,1.138303995,1.145351,1,0,-1,33217,29065,16,16,11762,40.46791674,17.61575778,512002,0,512002,33217
v2,ea89b79a9dfd35df20fed759e6d15c60fe01e77c,direct,octree_nfcount,flyby,5,68,68,1.115360022,0.1568000019,1.273120046,1.280446,1,0,-1,33281,29121,16,16,11742,40.32141753,17.58188249,512002,0,512002,33281
v2,ea89b79a9dfd35df20fed759e6d15c60fe01e77c,direct,octree_nfcount,flyby,5,69,69,1.091231942,0.1618880033,1.254080057,1.261388,1,0,-1,33249,29093,16,16,11815,40.61114357,17.59880384,512002,0,512002,33249
v2,ea89b79a9dfd35df20fed759e6d15c60fe01e77c,direct,octree_nfcount,flyby,5,70,70,0.9679359794,0.1558080018,1.124639988,1.13256,1,0,-1,32753,28659,16,16,11422,39.8548449,17.86531282,512002,0,512002,32753
v2,ea89b79a9dfd35df20fed759e6d15c60fe01e77c,direct,octree_nfcount,flyby,5,71,71,1.102399945,0.1578879952,1.261247993,1.26852,1,0,-1,33257,29100,16,16,11627,39.95532646,17.59457045,512002,0,512002,33257
v2,ea89b79a9dfd35df20fed759e6d15c60fe01e77c,direct,octree_nfcount,flyby,5,72,72,0.9747840166,0.1576000005,1.133311987,1.140956,1,0,-1,33209,29058,16,16,11655,40.1094363,17.62000138,512002,0,512002,33209
v2,ea89b79a9dfd35df20fed759e6d15c60fe01e77c,direct,octree_nfcount,flyby,5,73,73,1.09452796,0.1560959965,1.251551986,1.258738,1,0,-1,33313,29149,16,16,11865,40.70465539,17.56499365,512002,0,512002,33313
v2,ea89b79a9dfd35df20fed759e6d15c60fe01e77c,direct,octree_nfcount,flyby,5,74,74,1.093279958,0.1567679942,1.251008034,1.257722,1,0,-1,33089,28953,16,16,11701,40.41377405,17.6839015,512002,0,512002,33089
v2,ea89b79a9dfd35df20fed759e6d15c60fe01e77c,direct,octree_nfcount,flyby,5,75,75,1.107231975,0.154783994,1.26297605,1.27073,1,0,-1,33289,29128,16,16,11684,40.11260643,17.57765724,512002,0,512002,33289
v2,ea89b79a9dfd35df20fed759e6d15c60fe01e77c,direct,octree_nfcount,flyby,5,76,76,0.9738559723,0.1609600037,1.135743976,1.142957,1,0,-1,33385,29212,16,16,11721,40.12392168,17.52711215,512002,0,512002,33385
v2,ea89b79a9dfd35df20fed759e6d15c60fe01e77c,direct,octree_nfcount,flyby,5,77,77,1.090304017,0.161055997,1.252320051,1.259512,1,0,-1,32905,28792,16,16,11478,39.86524034,17.78278689,512002,0,512002,32905
v2,ea89b79a9dfd35df20fed759e6d15c60fe01e77c,direct,octree_nfcount,flyby,5,78,78,0.9575679898,0.1599359959,1.118399978,1.124183,1,0,-1,33049,28918,16,16,11597,40.10305,17.70530465,512002,0,512002,33049
v2,ea89b79a9dfd35df20fed759e6d15c60fe01e77c,direct,octree_nfcount,flyby,5,79,79,1.077152014,0.1585280001,1.236608028,1.244,1,0,-1,33017,28890,16,16,11460,39.66770509,17.72246452,512002,0,512002,33017
v2,ea89b79a9dfd35df20fed759e6d15c60fe01e77c,direct,octree_nfcount,flyby,5,80,80,0.9563199878,0.1595200002,1.116736054,1.124358,1,0,-1,32713,28624,16,16,11108,38.80659586,17.88715763,512002,0,512002,32713
v2,ea89b79a9dfd35df20fed759e6d15c60fe01e77c,direct,octree_nfcount,flyby,5,81,81,0.963967979,0.1546240002,1.119552016,1.125408,1,0,-1,33057,28925,16,16,11318,39.12878133,17.70101988,512002,0,512002,33057
v2,ea89b79a9dfd35df20fed759e6d15c60fe01e77c,direct,octree_nfcount,flyby,5,82,82,1.216704011,0.1558399945,1.373471975,1.381281,1,0,-1,32833,28729,16,16,11317,39.39225173,17.82178287,512002,0,512002,32833
v2,ea89b79a9dfd35df20fed759e6d15c60fe01e77c,direct,octree_nfcount,flyby,5,83,83,0.9606400132,0.1593279988,1.120928049,1.128151,1,0,-1,32985,28862,16,16,11430,39.60224517,17.73965768,512002,0,512002,32985
v2,ea89b79a9dfd35df20fed759e6d15c60fe01e77c,direct,octree_nfcount,flyby,5,84,84,1.094208002,0.1587840021,1.253919959,1.260884,1,0,-1,33121,28981,16,16,11303,39.00141472,17.66681619,512002,0,512002,33121
v2,ea89b79a9dfd35df20fed759e6d15c60fe01e77c,direct,octree_nfcount,flyby,5,85,85,0.9704639912,0.1600320041,1.131456017,1.137175,1,0,-1,32913,28799,16,16,11252,39.07080107,17.77846453,512002,0,512002,32913
v2,ea89b79a9dfd35df20fed759e6d15c60fe01e77c,direct,octree_nfcount,flyby,5,86,86,1.111392021,0.1577599943,1.27007997,1.278877,1,0,-1,33177,29030,16,16,11267,38.81157423,17.63699621,512002,0,512002,33177
v2,ea89b79a9dfd35df20fed759e6d15c60fe01e77c,direct,octree_nfcount,flyby,5,87,87,0.9568319917,0.1597120017,1.117504001,1.124547,1,0,-1,33017,28890,16,16,11121,38.49428868,17.72246452,512002,0,512002,33017
v2,ea89b79a9dfd35df20fed759e6d15c60fe01e77c,direct,octree_nfcount,flyby,5,88,88,0.9550719857,0.1579519957,1.113983989,1.120898,1,0,-1,33233,29079,16,16,11099,38.1684377,17.60727673,512002,0,512002,33233
v2,ea89b79a9dfd35df20fed759e6d15c60fe01e77c,direct,octree_nfcount,flyby,5,89,89,0.9675520062,0.1565759927,1.125023961,1.132143,1,0,-1,33145,29002,16,16,10943,37.73188056,17.65402386,512002,0,512002,33145
v2,ea89b79a9dfd35df20fed759e6d15c60fe01e77c,direct,octree_nfcount,flyby,5,90,90,0.9725760221,0.1631679982,1.136639953,1.143724,1,0,-1,33513,29324,16,16,11159,38.05415359,17.46016914,512002,0,512002,33513
v2,ea89b79a9dfd35df20fed759e6d15c60fe01e77c,direct,octree_nfcount,flyby,5,91,91,1.10374403,0.1608320028,1.265504003,1.273073,1,0,-1,33257,29100,16,16,10986,37.75257732,17.59457045,512002,0,512002,33257
v2,ea89b79a9dfd35df20fed759e6d15c60fe01e77c,direct,octree_nfcount,flyby,5,92,92,0.9798719883,0.1617279947,1.142560005,1.150756,1,0,-1,33489,29303,16,16,10994,37.51834283,17.47268198,512002,0,512002,33489
v2,ea89b79a9dfd35df20fed759e6d15c60fe01e77c,direct,octree_nfcount,flyby,5,93,93,1.081151962,0.1594880074,1.241567969,1.248848,1,0,-1,33169,29023,16,16,10790,37.17741102,17.64125004,512002,0,512002,33169
v2,ea89b79a9dfd35df20fed759e6d15c60fe01e77c,direct,octree_nfcount,flyby,5,94,94,0.9622399807,0.1549119949,1.11808002,1.125474,1,0,-1,33401,29226,16,16,10783,36.89523027,17.51871621,512002,0,512002,33401
v2,ea89b79a9dfd35df20fed759e6d15c60fe01e77c,direct,octree_nfcount,flyby,5,95,95,0.963711977,0.1599040031,1.124575973,1.131677,1,0,-1,33553,29359,16,16,10904,37.14022957,17.4393542,512002,0,512002,33553
v2,ea89b79a9dfd35df20fed759e6d15c60fe01e77c,direct,octree_nfcount,flyby,5,96,96,0.9652479887,0.1569920033,1.123200059,1.129893,1,0,-1,33697,29485,16,16,10844,36.77802272,17.36482957,512002,0,512002,33697
v2,ea89b79a9dfd35df20fed759e6d15c60fe01e77c,direct,octree_nfcount,flyby,5,97,97,0.9584320188,0.1568640023,1.116255999,1.123842,1,0,-1,33561,29366,16,16,10908,37.14499762,17.43519717,512002,0,512002,33561
v2,ea89b79a9dfd35df20fed759e6d15c60fe01e77c,direct,octree_nfcount,flyby,5,98,98,0.982656002,0.1620800048,1.145696044,1.152891,1,0,-1,33585,29387,16,16,10999,37.42811447,17.42273795,512002,0,512002,33585
v2,ea89b79a9dfd35df20fed759e6d15c60fe01e77c,direct,octree_nfcount,flyby,5,99,99,0.9747840166,0.1545280069,1.130272031,1.137387,1,0,-1,33745,29527,16,16,10992,37.22694483,17.34012937,512002,0,512002,33745
v2,ea89b79a9dfd35df20fed759e6d15c60fe01e77c,direct,octree_nfcount,flyby,5,100,100,0.971231997,0.158912003,1.131072044,1.13817,1,0,-1,33713,29499,16,16,10893,36.92667548,17.35658836,512002,0,512002,33713
v2,ea89b79a9dfd35df20fed759e6d15c60fe01e77c,direct,octree_nfcount,flyby,5,101,101,0.9651839733,0.1576000005,1.123744011,1.131276,1,0,-1,33649,29443,16,16,10772,36.58594573,17.38960024,512002,0,512002,33649
v2,ea89b79a9dfd35df20fed759e6d15c60fe01e77c,direct,octree_nfcount,flyby,5,102,102,0.9655039907,0.1567679942,1.123744011,1.130894,1,0,-1,33489,29303,16,16,10591,36.14305702,17.47268198,512002,0,512002,33489
v2,ea89b79a9dfd35df20fed759e6d15c60fe01e77c,direct,octree_nfcount,flyby,5,103,103,0.9561600089,0.1558399945,1.112928033,1.118388,1,0,-1,33753,29534,16,16,10733,36.34116611,17.3360195,512002,0,512002,33753
v2,ea89b79a9dfd35df20fed759e6d15c60fe01e77c,direct,octree_nfcount,flyby,5,104,104,0.9959999919,0.1586879939,1.155647993,1.162891,1,0,-1,34177,29905,16,16,11106,37.13760241,17.12094967,512002,0,512002,34177
v2,ea89b79a9dfd35df20fed759e6d15c60fe01e77c,direct,octree_nfcount,flyby,5,105,105,0.9719359875,0.1596480012,1.132544041,1.137985,1,0,-1,34001,29751,16,16,10741,36.10298813,17.20957279,512002,0,512002,34001
v2,ea89b79a9dfd35df20fed759e6d15c60fe01e77c,direct,octree_nfcount,flyby,5,106,106,0.9826880097,0.1579200029,1.141535997,1.148893,1,0,-1,33873,29639,16,16,10755,36.28664935,17.27460441,512002,0,512002,33873
v2,ea89b79a9dfd35df20fed759e6d15c60fe01e77c,direct,octree_nfcount,flyby,5,107,107,0.9992640018,0.157664001,1.157888055,1.165682,1,0,-1,33937,29695,16,16,10889,36.66947298,17.24202728,512002,0,512002,33937
v2,ea89b79a9dfd35df20fed759e6d15c60fe01e77c,direct,octree_nfcount,flyby,5,108,108,0.9722880125,0.1617600024,1.135007977,1.143114,1,0,-1,33785,29562,16,16,10730,36.29659698,17.31959949,512002,0,512002,33785
v2,ea89b79a9dfd35df20fed759e6d15c60fe01e77c,direct,octree_nfcount,flyby,5,109,109,0.9582080245,0.1618240029,1.120991945,1.128561,1,0,-1,33833,29604,16,16,10547,35.62694231,17.2950277,512002,0,512002,33833
v2,ea89b79a9dfd35df20fed759e6d15c60fe01e77c,direct,octree_nfcount,flyby,5,110,110,1.08742404,0.1597760022,1.248160005,1.255783,1,0,-1,33913,29674,16,16,10754,36.24047988,17.25422929,512002,0,512002,33913
v2,ea89b79a9dfd35df20fed759e6d15c60fe01e77c,direct,octree_nfcount,flyby,5,111,111,0.9614719748,0.157664001,1.120095968,1.127386,1,0,-1,33833,29604,16,16,10656,35.99513579,17.2950277,512002,0,512002,33833
v2,ea89b79a9dfd35df20fed759e6d15c60fe01e77c,direct,octree_nfcount,flyby,5,112,112,1.087072015,0.159040004,1.247071981,1.253534,1,0,-1,33705,29492,16,16,10491,35.57235861,17.36070799,512002,0,512002,33705
v2,ea89b79a9dfd35df20fed759e6d15c60fe01e77c,direct,octree_nfcount,flyby,5,113,113,0.9698879719,0.1573120058,1.128128052,1.135746,1,0,-1,33753,29534,16,16,10577,35.81296133,17.3360195,512002,0,512002,33753
v2,ea89b79a9dfd35df20fed759e6d15c60fe01e77c,direct,octree_nfcount,flyby,5,114,114,0.989471972,0.1579519957,1.148383975,1.155765,1,0,-1,33993,29744,16,16,10637,35.76183432,17.21362292,512002,0,512002,33993
v2,ea89b79a9dfd35df20fed759e6d15c60fe01e77c,direct,octree_nfcount,flyby,5,115,115,0.9710720181,0.1587840021,1.130815983,1.137822,1,0,-1,33745,29527,16,16,10446,35.37778982,17.34012937,512002,0,512002,33745
v2,ea89b79a9dfd35df20fed759e6d15c60fe01e77c,direct,octree_nfcount,flyby,5,116,116,0.9685440063,0.159807995,1.129279971,1.136785,1,0,-1,33849,29618,16,16,10536,35.57296239,17.28685259,512002,0,512002,33849
v2,ea89b79a9dfd35df20fed759e6d15c60fe01e77c,direct,octree_nfcount,flyby,5,117,117,1.094367981,0.1576959938,1.252992034,1.260979,1,0,-1,34065,29807,16,16,10710,35.93115711,17.17724025,512002,0,512002,34065
v2,ea89b79a9dfd35df20fed759e6d15c60fe01e77c,direct,octree_nfcount,flyby,5,118,118,0.9768639803,0.157407999,1.135231972,1.142863,1,0,-1,33873,29639,16,16,10620,35.83116839,17.27460441,512002,0,512002,33873
v2,ea89b79a9dfd35df20fed759e6d15c60fe01e77c,direct,octree_nfcount,flyby,5,119,119,0.979903996,0.1553599983,1.136191964,1.144031,1,0,-1,33817,29590,16,16,10560,35.68773234,17.30321054,512002,0,512002,33817
v2,ea89b79a9dfd35df20fed759e6d15c60fe01e77c,direct,octree_nfcount,flyby,5,120,120,0.9813439846,0.1586879939,1.140959978,1.14651,1,0,-1,33905,29667,16,16,10591,35.69959888,17.25830047,512002,0,512002,33905
v2,ea89b79a9dfd35df20fed759e6d15c60fe01e77c,direct,octree_nfcount,flyby,5,121,121,0.9728000164,0.1608320028,1.134592056,1.142412,1,0,-1,33977,29730,16,16,10591,35.62394887,17.22172889,512002,0,512002,33977
v2,ea89b79a9dfd35df20fed759e6d15c60fe01e77c,direct,octree_nfcount,flyby,5,122,122,1.117632031,0.1588799953,1.277439952,1.285059,1,0,-1,33833,29604,16,16,10423,35.20807999,17.2950277,512002,0,512002,33833
v2,ea89b79a9dfd35df20fed759e6d15c60fe01e77c,direct,octree_nfcount,flyby,5,123,123,0.9877759814,0.1586239934,1.147359967,1.154967,1,0,-1,34081,29821,16,16,10633,35.65608129,17.16917608,512002,0,512002,34081
v2,ea89b79a9dfd35df20fed759e6d15c60fe01e77c,direct,octree_nfcount,flyby,5,124,124,0.9926080108,0.157792002,1.151360035,1.158824,1,0,-1,34025,29772,16,16,10572,35.50987505,17.19743383,512002,0,512002,34025
v2,ea89b79a9dfd35df20fed759e6d15c60fe01e77c,direct,octree_nfcount,flyby,5,125,125,1.105471969,0.1637440026,1.270176053,1.277718,1,0,-1,33969,29723,16,16,10562,35.53477105,17.22578475,512002,0,512002,33969
v2,ea89b79a9dfd35df20fed759e6d15c60fe01e77c,direct,octree_nfcount,flyby,5,126,126,0.9781119823,0.1585920006,1.13766396,1.145096,1,0,-1,34161,29891,16,16,10564,35.34174166,17.12896859,512002,0,512002,34161
v2,ea89b79a9dfd35df20fed759e6d15c60fe01e77c,direct,octree_nfcount,flyby,5,127,127,0.9695680141,0.1576319933,1.128128052,1.1355,1,0,-1,33801,29576,16,16,10352,35.00135245,17.31140114,512002,0,512002,33801
v2,ea89b79a9dfd35df20fed759e6d15c60fe01e77c,direct,octree_nfcount,flyby,5,128,128,0.9788799882,0.1586239934,1.138432026,1.145833,1,0,-1,33761,29541,16,16,10309,34.89726143,17.33191158,512002,0,512002,33761
v2,ea89b79a9dfd35df20fed759e6d15c60fe01e77c,direct,octree_nfcount,flyby,5,129,129,1.123551965,0.1594880074,1.284000039,1.291202,1,0,-1,33921,29681,16,16,10359,34.90111519,17.25016004,512002,0,512002,33921
v2,ea89b79a9dfd35df20fed759e6d15c60fe01e77c,direct,octree_nfcount,flyby,5,130,130,0.9695680141,0.1577280015,1.128224015,1.135564,1,0,-1,33609,29408,16,16,10176,34.60282916,17.41029652,512002,0,512002,33609
v2,ea89b79a9dfd35df20fed759e6d15c60fe01e77c,direct,octree_nfcount,flyby,5,131,131,1.121824026,0.1554879993,1.278239965,1.286144,1,0,-1,33649,29443,16,16,10189,34.60584859,17.38960024,512002,0,512002,33649
v2,ea89b79a9dfd35df20fed759e6d15c60fe01e77c,direct,octree_nfcount,flyby,5,132,132,0.9641280174,0.1607040018,1.125792027,1.133091,1,0,-1,33889,29653,16,16,10220,34.46531548,17.26644859,512002,0,512002,33889
v2,ea89b79a9dfd35df20fed759e6d15c60fe01e77c,direct,octree_nfcount,flyby,5,133,133,0.8490560055,0.159679994,1.009664059,1.016788,1,0,-1,33673,29464,16,16,9888,33.55959815,17.37720608,512002,0,512002,33673
v2,ea89b79a9dfd35df20fed759e6d15c60fe01e77c,direct,octree_nfcount,flyby,5,134,134,1.08415997,0.1552319974,1.240352035,1.248121,1,0,-1,33737,29520,16,16,10111,34.25135501,17.34424119,512002,0,512002,33737
v2,ea89b79a9dfd35df20fed759e6d15c60fe01e77c,direct,octree_nfcount,flyby,5,135,135,0.9659839869,0.1588159949,1.125759959,1.133081,1,0,-1,33753,29534,16,16,10115,34.24866256,17.3360195,512002,0,512002,33753
v2,ea89b79a9dfd35df20fed759e6d15c60fe01e77c,direct,octree_nfcount,flyby,5,136,136,0.9830719829,0.1615680009,1.145568013,1.153495,1,0,-1,33849,29618,16,16,10101,34.10426092,17.28685259,512002,0,512002,33849
v2,ea89b79a9dfd35df20fed759e6d15c60fe01e77c,direct,octree_nfcount,flyby,5,137,137,1.111807942,0.1626559943,1.275424004,1.283091,1,0,-1,33769,29548,16,16,10083,34.124137,17.3278056,512002,0,512002,33769
v2,ea89b79a9dfd35df20fed759e6d15c60fe01e77c,direct,octree_nfcount,flyby,5,138,138,0.9592959881,0.1588799953,1.119135976,1.126583,1,0,-1,33889,29653,16,16,9954,33.56827302,17.26644859,512002,0,512002,33889
v2,ea89b79a9dfd35df20fed759e6d15c60fe01e77c,direct,octree_nfcount,flyby,5,139,139,1.095008016,0.1629119962,1.258880019,1.266669,1,0,-1,33897,29660,16,16,10133,34.16385705,17.26237357,512002,0,512002,33897
v2,ea89b79a9dfd35df20fed759e6d15c60fe01e77c,direct,octree_nfcount,flyby,5,140,140,0.9701759815,0.1525759995,1.123679996,1.130919,1,0,-1,33777,29555,16,16,10149,34.33936728,17.32370157,512002,0,512002,33777
v2,ea89b79a9dfd35df20fed759e6d15c60fe01e77c,direct,octree_nfcount,flyby,5,141,141,0.9676799774,0.1544319987,1.123072028,1.130142,1,0,-1,34001,29751,16,16,10004,33.62576048,17.20957279,512002,0,512002,34001
v2,ea89b79a9dfd35df20fed759e6d15c60fe01e77c,direct,octree_nfcount,flyby,5,142,142,0.9801599979,0.1585920006,1.139711976,1.146653,1,0,-1,33969,29723,16,16,10122,34.05443596,17.22578475,512002,0,512002,33969
v2,ea89b79a9dfd35df20fed759e6d15c60fe01e77c,direct,octree_nfcount,flyby,5,143,143,0.9720640182,0.1588159949,1.131808043,1.138994,1,0,-1,34009,29758,16,16,10077,33.86316285,17.20552456,512002,0,512002,34009
v2,ea89b79a9dfd35df20fed759e6d15c60fe01e77c,direct,octree_nfcount,flyby,5,144,144,0.9673600197,0.1576959938,1.126016021,1.133229,1,0,-1,33593,29394,16,16,9857,33.53405457,17.41858883,512002,0,512002,33593
v2,ea89b79a9dfd35df20fed759e6d15c60fe01e77c,direct,octree_nfcount,flyby,5,145,145,0.9836800098,0.1585280001,1.143167973,1.150422,1,0,-1,33497,29310,16,16,9793,33.41180484,17.46850904,512002,0,512002,33497
v2,ea89b79a9dfd35df20fed759e6d15c60fe01e77c,direct,octree_nfcount,flyby,5,146,146,1.085664034,0.159040004,1.245664001,1.251585,1,0,-1,33313,29149,16,16,9613,32.97883289,17.56499365,512002,0,512002,33313
v2,ea89b79a9dfd35df20fed759e6d15c60fe01e77c,direct,octree_nfcount,flyby,5,147,147,0.9586240053,0.1579519957,1.117504001,1.122958,1,0,-1,33233,29079,16,16,9677,33.27831081,17.60727673,512002,0,512002,33233
v2,ea89b79a9dfd35df20fed759e6d15c60fe01e77c,direct,octree_nfcount,flyby,5,148,148,1.095551968,0.157664001,1.254143953,1.262034,1,0,-1,33401,29226,16,16,9799,33.52836515,17.51871621,512002,0,512002,33401
v2,ea89b79a9dfd35df20fed759e6d15c60fe01e77c,direct,octree_nfcount,flyby,5,149,149,0.9477760196,0.1556479931,1.104383945,1.11175,1,0,-1,33177,29030,16,16,9626,33.15880124,17.63699621,512002,0,512002,33177
v2,ea89b79a9dfd35df20fed759e6d15c60fe01e77c,direct,octree_nfcount,flyby,5,150,150,0.9671040177,0.154655993,1.122688055,1.129672,1,0,-1,33481,29296,16,16,9867,33.68036592,17.47685691,512002,0,512002,33481
v2,ea89b79a9dfd35df20fed759e6d15c60fe01e77c,direct,octree_nfcount,flyby,5,151,151,0.9748479724,0.1566080004,1.13241601,1.140238,1,0,-1,33761,29541,16,16,9868,33.40442097,17.33191158,512002,0,512002,33761
v2,ea89b79a9dfd35df20fed759e6d15c60fe01e77c,direct,octree_nfcount,flyby,5,152,152,0.9836480021,0.1616639942,1.146271944,1.153692,1,0,-1,33665,29457,16,16,9890,33.57436263,17.38133551,512002,0,512002,33665
v2,ea89b79a9dfd35df20fed759e6d15c60fe01e77c,direct,octree_nfcount,flyby,5,153,153,0.985311985,0.1556800008,1.141919971,1.148972,1,0,-1,33601,29401,16,16,9824,33.41382946,17.41444169,512002,0,512002,33601
v2,ea89b79a9dfd35df20fed759e6d15c60fe01e77c,direct,octree_nfcount,flyby,5,154,154,0.9560319781,0.1534720063,1.110463977,1.118196,1,0,-1,33545,29352,16,16,9776,33.30607795,17.44351322,512002,0,512002,33545
v2,ea89b79a9dfd35df20fed759e6d15c60fe01e77c,direct,octree_nfcount,flyby,5,155,155,0.953248024,0.1617919952,1.116000056,1.123686,1,0,-1,33425,29247,16,16,9746,33.32307587,17.50613738,512002,0,512002,33425
v2,ea89b79a9dfd35df20fed759e6d15c60fe01e77c,direct,octree_nfcount,flyby,5,156,156,0.9536960125,0.160927996,1.115584016,1.122582,1,0,-1,33401,29226,16,16,9684,33.1348799,17.51871621,512002,0,512002,33401
v2,ea89b79a9dfd35df20fed759e6d15c60fe01e77c,direct,octree_nfcount,flyby,5,157,157,0.9633920193,0.155392006,1.119711995,1.126965,1,0,-1,33425,29247,16,16,9708,33.19314802,17.50613738,512002,0,512002,33425
v2,ea89b79a9dfd35df20fed759e6d15c60fe01e77c,direct,octree_nfcount,flyby,5,158,158,0.9730560184,0.1567679942,1.130784035,1.136342,1,0,-1,33841,29611,16,16,9784,33.04177502,17.29093918,512002,0,512002,33841
v2,ea89b79a9dfd35df20fed759e6d15c60fe01e77c,direct,octree_nfcount,flyby,5,159,159,0.9619519711,0.158912003,1.121824026,1.129069,1,0,-1,33617,29415,16,16,9593,32.61261261,17.40615332,512002,0,512002,33617
v2,ea89b79a9dfd35df20fed759e6d15c60fe01e77c,direct,octree_nfcount,flyby,5,160,160,1.111616015,0.1549119949,1.267456055,1.274314,1,0,-1,33361,29191,16,16,9517,32.60251447,17.53972115,512002,0,512002,33361
v2,ea89b79a9dfd35df20fed759e6d15c60fe01e77c,direct,octree_nfcount,flyby,5,161,161,1.104768038,0.1607040018,1.266432047,1.273525,1,0,-1,33521,29331,16,16,9574,32.64123283,17.45600218,512002,0,512002,33521
v2,ea89b79a9dfd35df20fed759e6d15c60fe01e77c,direct,octree_nfcount,flyby,5,162,162,1.218335986,0.157664001,1.376960039,1.382819,1,0,-1,33497,29310,16,16,9517,32.47014671,17.46850904,512002,0,512002,33497
v2,ea89b79a9dfd35df20fed759e6d15c60fe01e77c,direct,octree_nfcount,flyby,5,163,163,0.9670079947,0.1536639929,1.12163198,1.128344,1,0,-1,33985,29737,16,16,9688,32.57894206,17.21767495,512002,0,512002,33985
v2,ea89b79a9dfd35df20fed759e6d15c60fe01e77c,direct,octree_nfcount,flyby,5,164,164,0.8397759795,0.1576319933,0.9983680248,1.005741,1,0,-1,33489,29303,16,16,9481,32.35504897,17.47268198,512002,0,512002,33489
v2,ea89b79a9dfd35df20fed759e6d15c60fe01e77c,direct,octree_nfcount,flyby,5,165,165,0.9501439929,0.1525759995,1.103680015,1.10906,1,0,-1,33369,29198,16,16,9544,32.68717035,17.53551613,512002,0,512002,33369
v2,ea89b79a9dfd35df20fed759e6d15c60fe01e77c,direct,octree_nfcount,flyby,5,166,166,0.9779520035,0.1536000073,1.132511973,1.139523,1,0,-1,33649,29443,16,16,9576,32.52385966,17.38960024,512002,0,512002,33649
v2,ea89b79a9dfd35df20fed759e6d15c60fe01e77c,direct,octree_nfcount,flyby,5,167,167,0.9761919975,0.1577280015,1.134879947,1.141938,1,0,-1,33745,29527,16,16,9536,32.2958648,17.34012937,512002,0,512002,33745
v2,ea89b79a9dfd35df20fed759e6d15c60fe01e77c,direct,octree_nfcount,flyby,5,168,168,0.9725760221,0.1588799953,1.13241601,1.139608,1,0,-1,33609,29408,16,16,9508,32.33133841,17.41029652,512002,0,512002,33609
v2,ea89b79a9dfd35df20fed759e6d15c60fe01e77c,direct,octree_nfcount,flyby,5,169,169,0.8439999819,0.1615359932,1.006495953,1.01456,1,0,-1,33745,29527,16,16,9467,32.06218038,17.34012937,512002,0,512002,33745
v2,ea89b79a9dfd35df20fed759e6d15c60fe01e77c,direct,octree_nfcount,flyby,5,170,170,0.9828159809,0.1576959938,1.141471982,1.149079,1,0,-1,33681,29471,16,16,9585,32.52349768,17.37307862,512002,0,512002,33681
v2,ea89b79a9dfd35df20fed759e6d15c60fe01e77c,direct,octree_nfcount,flyby,5,171,171,0.9638720155,0.1598400027,1.124672055,1.132231,1,0,-1,33769,29548,16,16,9540,32.28644917,17.3278056,512002,0,512002,33769
v2,ea89b79a9dfd35df20fed759e6d15c60fe01e77c,direct,octree_nfcount,flyby,5,172,172,0.9725440145,0.1557759941,1.129279971,1.136392,1,0,-1,33809,29583,16,16,9426,31.86289423,17.30730487,512002,0,512002,33809
v2,ea89b79a9dfd35df20fed759e6d15c60fe01e77c,direct,octree_nfcount,flyby,5,173,173,0.9939200282,0.1573760062,1.152223945,1.160459,1,0,-1,33745,29527,16,16,9442,31.97751211,17.34012937,512002,0,512002,33745
v2,ea89b79a9dfd35df20fed759e6d15c60fe01e77c,direct,octree_nfcount,flyby,5,174,174,0.8386880159,0.1617600024,1.001407981,1.009459,1,0,-1,33537,29345,16,16,9356,31.8827739,17.44767422,512002,0,512002,33537
v2,ea89b79a9dfd35df20fed759e6d15c60fe01e77c,direct,octree_nfcount,flyby,5,175,175,0.9754880071,0.1575679928,1.13398397,1.142036,1,0,-1,33465,29282,16,16,9404,32.11529267,17.48521276,512002,0,512002,33465
v2,ea89b79a9dfd35df20fed759e6d15c60fe01e77c,direct,octree_nfcount,flyby,5,176,176,0.9702399969,0.1607680023,1.131935954,1.139539,1,0,-1,33393,29219,16,16,9278,31.7533112,17.52291317,512002,0,512002,33393
v2,ea89b79a9dfd35df20fed759e6d15c60fe01e77c,direct,octree_nfcount,flyby,5,177,177,0.9636480212,0.1554239988,1.120000005,1.127066,1,0,-1,33417,29240,16,16,9391,32.11696306,17.51032832,512002,0,512002,33417
v2,ea89b79a9dfd35df20fed759e6d15c60fe01e77c,direct,octree_nfcount,flyby,5,178,178,0.9501119852,0.1568319947,1.107872009,1.113159,1,0,-1,33425,29247,16,16,9330,31.90070776,17.50613738,512002,0,512002,33425
v2,ea89b79a9dfd35df20fed759e6d15c60fe01e77c,direct,octree_nfcount,flyby,5,179,179,0.8263360262,0.1597120017,0.9869760275,0.994136,1,0,-1,33329,29163,16,16,9177,31.46795597,17.5565614,512002,0,512002,33329
v2,ea89b79a9dfd35df20fed759e6d15c60fe01e77c,direct,octree_nfcount,flyby,5,180,180,0.9805759788,0.1638399959,1.145375967,1.152692,1,0,-1,33553,29359,16,16,9334,31.79263599,17.4393542,512002,0,512002,33553
v2,ea89b79a9dfd35df20fed759e6d15c60fe01e77c,direct,octree_nfcount,flyby,5,181,181,1.107552052,0.1571840048,1.265663981,1.273155,1,0,-1,33537,29345,16,16,9265,31.57266996,17.44767422,512002,0,512002,33537
v2,ea89b79a9dfd35df20fed759e6d15c60fe01e77c,direct,octree_nfcount,flyby,5,182,182,0.9781119823,0.1606400013,1.139711976,1.147632,1,0,-1,33729,29513,16,16,9393,31.82665266,17.34835496,512002,0,512002,33729
v2,ea89b79a9dfd35df20fed759e6d15c60fe01e77c,direct,octree_nfcount,flyby,5,183,183,1.088256001,0.1533440053,1.242527962,1.250315,1,0,-1,33457,29275,16,16,9144,31.23484202,17.48939368,512002,0,512002,33457
v2,ea89b79a9dfd35df20fed759e6d15c60fe01e77c,direct,octree_nfcount,flyby,5,184,184,0.9571840167,0.1633280069,1.121472001,1.129017,1,0,-1,33537,29345,16,16,9328,31.7873573,17.44767422,512002,0,512002,33537
v2,ea89b79a9dfd35df20fed759e6d15c60fe01e77c,direct,octree_nfcount,flyby,5,185,185,0.963711977,0.1585920006,1.123263955,1.129674,1,0,-1,33505,29317,16,16,9439,32.1963366,17.4643381,512002,0,512002,33505
v2,ea89b79a9dfd35df20fed759e6d15c60fe01e77c,direct,octree_nfcount,flyby,5,186,186,0.9734399915,0.1585920006,1.132959962,1.141004,1,0,-1,33401,29226,16,16,9245,31.63279272,17.51871621,512002,0,512002,33401
v2,ea89b79a9dfd35df20fed759e6d15c60fe01e77c,direct,octree_nfcount,flyby,5,187,187,0.956543982,0.1533119977,1.110784054,1.118329,1,0,-1,33553,29359,16,16,9383,31.95953541,17.4393542,512002,0,512002,33553
v2,ea89b79a9dfd35df20fed759e6d15c60fe01e77c,direct,octree_nfcount,flyby,5,188,188,0.9575679898,0.155392006,1.113888025,1.12159,1,0,-1,33521,29331,16,16,9211,31.40363438,17.45600218,512002,0,512002,33521
v2,ea89b79a9dfd35df20fed759e6d15c60fe01e77c,direct,octree_nfcount,flyby,5,189,189,0.9524800181,0.1588159949,1.11225605,1.119314,1,0,-1,33369,29198,16,16,9273,31.75902459,17.53551613,512002,0,512002,33369
v2,ea89b79a9dfd35df20fed759e6d15c60fe01e77c,direct,octree_nfcount,flyby,5,190,190,0.9835199714,0.1593279988,1.143808007,1.151344,1,0,-1,33449,29268,16,16,9212,31.47464808,17.4935766,512002,0,512002,33449
v2,ea89b79a9dfd35df20fed759e6d15c60fe01e77c,direct,octree_nfcount,flyby,5,191,191,0.966975987,0.159679994,1.127583981,1.134876,1,0,-1,33281,29121,16,16,9093,31.22488926,17.58188249,512002,0,512002,33281
v2,ea89b79a9dfd35df20fed759e6d15c60fe01e77c,direct,octree_nfcount,flyby,5,192,192,0.9626240134,0.1575679928,1.121152043,1.128553,1,0,-1,33441,29261,16,16,9180,31.37281706,17.49776153,512002,0,512002,33441
v2,ea89b79a9dfd35df20fed759e6d15c60fe01e77c,direct,octree_nfcount,flyby,5,193,193,0.8480960131,0.1593279988,1.008383989,1.016669,1,0,-1,33369,29198,16,16,9133,31.27953969,17.53551613,512002,0,512002,33369
v2,ea89b79a9dfd35df20fed759e6d15c60fe01e77c,direct,octree_nfcount,flyby,5,194,194,0.9762560129,0.1548800021,1.132096052,1.138991,1,0,-1,33297,29135,16,16,9121,31.30598936,17.57343401,512002,0,512002,33297
v2,ea89b79a9dfd35df20fed759e6d15c60fe01e77c,direct,octree_nfcount,flyby,5,195,195,0.9648320079,0.1542399973,1.120031953,1.126865,1,0,-1,33233,29079,16,16,9088,31.25279411,17.60727673,512002,0,512002,33233
v2,ea89b79a9dfd35df20fed759e6d15c60fe01e77c,direct,octree_nfcount,flyby,5,196,196,0.9692479968,0.1586560011,1.128831983,1.136583,1,0,-1,33537,29345,16,16,9330,31.79417277,17.44767422,512002,0,512002,33537
v2,ea89b79a9dfd35df20fed759e6d15c60fe01e77c,direct,octree_nfcount,flyby,5,197,197,0.8397439718,0.1565759927,0.9972479939,1.004764,1,0,-1,33481,29296,16,16,9301,31.74836155,17.47685691,512002,0,512002,33481
v2,ea89b79a9dfd35df20fed759e6d15c60fe01e77c,direct,octree_nfcount,flyby,5,198,198,0.9655039907,0.1532160044,1.119680047,1.127049,1,0,-1,33489,29303,16,16,9319,31.80220455,17.47268198,512002,0,512002,33489
v2,ea89b79a9dfd35df20fed759e6d15c60fe01e77c,direct,octree_nfcount,flyby,5,199,199,1.082656026,0.1573120058,1.240895987,1.248346,1,0,-1,33465,29282,16,16,9271,31.66108872,17.48521276,512002,0,512002,33465
v2,ea89b79a9dfd35df20fed759e6d15c60fe01e77c,direct,octree_nfcount,flyby,5,200,200,0.9747840166,0.1560000032,1.131744027,1.137529,1,0,-1,33593,29394,16,16,9316,31.6935429,17.41858883,512002,0,512002,33593
v2,ea89b79a9dfd35df20fed759e6d15c60fe01e77c,direct,octree_nfcount,flyby,5,201,201,1.095391989,0.1589439958,1.255264044,1.262056,1,0,-1,33633,29429,16,16,9288,31.56070543,17.39787285,512002,0,512002,33633
v2,ea89b79a9dfd35df20fed759e6d15c60fe01e77c,direct,octree_nfcount,flyby,5,202,202,0.9720960259,0.1586239934,1.131680012,1.139174,1,0,-1,33873,29639,16,16,9267,31.26623705,17.27460441,512002,0,512002,33873
v2,ea89b79a9dfd35df20fed759e6d15c60fe01e77c,direct,octree_nfcount,flyby,5,203,203,0.980512023,0.1556800008,1.137151957,1.144353,1,0,-1,33617,29415,16,16,9315,31.66751657,17.40615332,512002,0,512002,33617
v2,ea89b79a9dfd35df20fed759e6d15c60fe01e77c,direct,octree_nfcount,flyby,5,204,204,1.10147202,0.1580159962,1.260447979,1.26727,1,0,-1,33641,29436,16,16,9223,31.33238212,17.39373556,512002,0,512002,33641
v2,ea89b79a9dfd35df20fed759e6d15c60fe01e77c,direct,octree_nfcount,flyby,5,205,205,0.9739199877,0.1607359946,1.135583997,1.142793,1,0,-1,33841,29611,16,16,9431,31.84965047,17.29093918,512002,0,512002,33841
v2,ea89b79a9dfd35df20fed759e6d15c60fe01e77c,direct,octree_nfcount,flyby,5,206,206,0.972383976,0.154655993,1.128000021,1.135271,1,0,-1,33681,29471,16,16,9305,31.57341115,17.37307862,512002,0,512002,33681
v2,ea89b79a9dfd35df20fed759e6d15c60fe01e77c,direct,octree_nfcount,flyby,5,207,207,1.08544004,0.1607040018,1.247071981,1.254683,1,0,-1,33833,29604,16,16,9480,32.02269964,17.2950277,512002,0,512002,33833
v2,ea89b79a9dfd35df20fed759e6d15c60fe01e77c,direct,octree_nfcount,flyby,5,208,208,0.9830719829,0.1616639942,1.145663977,1.153219,1,0,-1,33817,29590,16,16,9404,31.7810071,17.30321054,512002,0,512002,33817
v2,ea89b79a9dfd35df20fed759e6d15c60fe01e77c,direct,octree_nfcount,flyby,5,209,209,0.968479991,0.1630399972,1.132480025,1.139585,1,0,-1,33713,29499,16,16,9304,31.54005221,17.35658836,512002,0,512002,33713
v2,ea89b79a9dfd35df20fed759e6d15c60fe01e77c,direct,octree_nfcount,flyby,5,210,210,0.9855359793,0.1583999991,1.14489603,1.152353,1,0,-1,33761,29541,16,16,9288,31.44104803,17.33191158,512002,0,512002,33761
v2,ea89b79a9dfd35df20fed759e6d15c60fe01e77c,direct,octree_nfcount,flyby,5,211,211,0.8413760066,0.1586560011,1.004799962,1.015003,1,0,-1,33553,29359,16,16,9173,31.24425219,17.4393542,512002,0,512002,33553
v2,ea89b79a9dfd35df20fed759e6d15c60fe01e77c,direct,octree_nfcount,flyby,5,212,212,1.086976051,0.1593600065,1.247295976,1.254502,1,0,-1,33601,29401,16,16,9230,31.39349002,17.41444169,512002,0,512002,33601
v2,ea89b79a9dfd35df20fed759e6d15c60fe01e77c,direct,octree_nfcount,flyby,5,213,213,0.9719679952,0.1587519944,1.131647944,1.138981,1,0,-1,33481,29296,16,16,9234,31.51966139,17.47685691,512002,0,512002,33481
v2,ea89b79a9dfd35df20fed759e6d15c60fe01e77c,direct,octree_nfcount,flyby,5,214,214,1.097056031,0.1565759927,1.254591942,1.262001,1,0,-1,33705,29492,16,16,9321,31.60518107,17.36070799,512002,0,512002,33705
v2,ea89b79a9dfd35df20fed759e6d15c60fe01e77c,direct,octree_nfcount,flyby,5,215,215,0.9570559859,0.157536,1.11552,1.122926,1,0,-1,33617,29415,16,16,9205,31.29355771,17.40615332,512002,0,512002,33617
v2,ea89b79a9dfd35df20fed759e6d15c60fe01e77c,direct,octree_nfcount,flyby,5,216,216,0.9673920274,0.1564159989,1.124768019,1.132605,1,0,-1,33881,29646,16,16,9402,31.71422789,17.27052553,512002,0,512002,33881
v2,ea89b79a9dfd35df20fed759e6d15c60fe01e77c,direct,octree_nfcount,flyby,5,217,217,1.113600016,0.1658879966,1.28044796,1.287379,1,0,-1,33745,29527,16,16,9249,31.32387307,17.34012937,512002,0,512002,33745
v2,ea89b79a9dfd35df20fed759e6d15c60fe01e77c,direct,octree_nfcount,flyby,5,218,218,0.9902719855,0.1566720009,1.147871971,1.15439,1,0,-1,33801,29576,16,16,9333,31.55599134,17.31140114,512002,0,512002,33801
v2,ea89b79a9dfd35df20fed759e6d15c60fe01e77c,direct,octree_nfcount,flyby,5,219,219,0.9576960206,0.1568959951,1.11552,1.122613,1,0,-1,33817,29590,16,16,9308,31.45657317,17.30321054,512002,0,512002,33817
v2,ea89b79a9dfd35df20fed759e6d15c60fe01e77c,direct,octree_nfcount,flyby,5,220,220,0.958047986,0.1535679996,1.112543941,1.11958,1,0,-1,33561,29366,16,16,9197,31.31853164,17.43519717,512002,0,512002,33561
v2,ea89b79a9dfd35df20fed759e6d15c60fe01e77c,direct,octree_nfcount,flyby,5,221,221,0.9775999784,0.1589439958,1.137503982,1.144329,1,0,-1,33849,29618,16,16,9387,31.69356472,17.28685259,512002,0,512002,33849
v2,ea89b79a9dfd35df20fed759e6d15c60fe01e77c,direct,octree_nfcount,flyby,5,222,222,0.9833279848,0.1556160003,1.139871955,1.147509,1,0,-1,33905,29667,16,16,9322,31.42211885,17.25830047,512002,0,512002,33905
v2,ea89b79a9dfd35df20fed759e6d15c60fe01e77c,direct,octree_nfcount,flyby,5,223,223,0.9853760004,0.1608960032,1.147199988,1.154542,1,0,-1,33873,29639,16,16,9312,31.41806404,17.27460441,512002,0,512002,33873
v2,ea89b79a9dfd35df20fed759e6d15c60fe01e77c,direct,octree_nfcount,flyby,5,224,224,0.8420479894,0.1617919952,1.004799962,1.012428,1,0,-1,33657,29450,16,16,9102,30.90662139,17.38546689,512002,0,512002,33657
v2,ea89b79a9dfd35df20fed759e6d15c60fe01e77c,direct,octree_nfcount,flyby,5,225,225,0.9758719802,0.1634240001,1.140256047,1.147511,1,0,-1,34041,29786,16,16,9389,31.52152018,17.1893507,512002,0,512002,34041
v2,ea89b79a9dfd35df20fed759e6d15c60fe01e77c,direct,octree_nfcount,flyby,5,226,226,0.9788799882,0.1589760035,1.138815999,1.145657,1,0,-1,33681,29471,16,16,9064,30.7556581,17.37307862,512002,0,512002,33681
v2,ea89b79a9dfd35df20fed759e6d15c60fe01e77c,direct,octree_nfcount,flyby,5,227,227,0.9720960259,0.1556160003,1.128672004,1.135886,1,0,-1,33745,29527,16,16,9200,31.15792326,17.34012937,512002,0,512002,33745
v2,ea89b79a9dfd35df20fed759e6d15c60fe01e77c,direct,octree_nfcount,flyby,5,228,228,0.9738240242,0.1588480026,1.133599997,1.140581,1,0,-1,33889,29653,16,16,9059,30.55002866,17.26644859,512002,0,512002,33889
v2,ea89b79a9dfd35df20fed759e6d15c60fe01e77c,direct,octree_nfcount,flyby,5,229,229,0.9932479858,0.1595200002,1.153695941,1.161282,1,0,-1,33801,29576,16,16,9115,30.81890722,17.31140114,512002,0,512002,33801
v2,ea89b79a9dfd35df20fed759e6d15c60fe01e77c,direct,octree_nfcount,flyby,5,230,230,0.9860479832,0.159807995,1.146816015,1.154164,1,0,-1,33945,29702,16,16,9118,30.69826948,17.23796377,512002,0,512002,33945
v2,ea89b79a9dfd35df20fed759e6d15c60fe01e77c,direct,octree_nfcount,flyby,5,231,231,0.9946560264,0.1574719995,1.153087974,1.160494,1,0,-1,34049,29793,16,16,9222,30.9535797,17.18531199,512002,0,512002,34049
v2,ea89b79a9dfd35df20fed759e6d15c60fe01e77c,direct,octree_nfcount,flyby,5,232,232,0.8517119884,0.1566720009,1.009343982,1.017001,1,0,-1,34001,29751,16,16,9144,30.73510134,17.20957279,512002,0,512002,34001
v2,ea89b79a9dfd35df20fed759e6d15c60fe01e77c,direct,octree_nfcount,flyby,5,233,233,0.9720640182,0.1536960006,1.126688004,1.134379,1,0,-1,33945,29702,16,16,9191,30.94404417,17.23796377,512002,0,512002,33945
v2,ea89b79a9dfd35df20fed759e6d15c60fe01e77c,direct,octree_nfcount,flyby,5,234,234,0.9846400023,0.1607359946,1.146304011,1.153708,1,0,-1,34265,29982,16,16,9202,30.69174838,17.07697952,512002,0,512002,34265
v2,ea89b79a9dfd35df20fed759e6d15c60fe01e77c,direct,octree_nfcount,flyby,5,235,235,0.9878720045,0.1576319933,1.14646399,1.154387,1,0,-1,34161,29891,16,16,9175,30.69485798,17.12896859,512002,0,512002,34161
v2,ea89b79a9dfd35df20fed759e6d15c60fe01e77c,direct,octree_nfcount,flyby,5,236,236,0.9699519873,0.1597120017,1.130591989,1.137757,1,0,-1,34145,29877,16,16,9250,30.96027044,17.13699501,512002,0,512002,34145
v2,ea89b79a9dfd35df20fed759e6d15c60fe01e77c,direct,octree_nfcount,flyby,5,237,237,0.8521280289,0.1576319933,1.010720015,1.017935,1,0,-1,34017,29765,16,16,9029,30.33428523,17.20147825,512002,0,512002,34017
v2,ea89b79a9dfd35df20fed759e6d15c60fe01e77c,direct,octree_nfcount,flyby,5,238,238,0.9968000054,0.155520007,1.153247952,1.161039,1,0,-1,34161,29891,16,16,9228,30.87216888,17.12896859,512002,0,512002,34161
v2,ea89b79a9dfd35df20fed759e6d15c60fe01e77c,direct,octree_nfcount,flyby,5,239,239,0.991328001,0.1628479958,1.155104041,1.162276,1,0,-1,34161,29891,16,16,9090,30.41049145,17.12896859,512002,0,512002,34161
v2,ea89b79a9dfd35df20fed759e6d15c60fe01e77c,direct,octree_nfcount,flyby,5,240,240,0.9701120257,0.1578560024,1.128895998,1.136322,1,0,-1,34153,29884,16,16,9185,30.73551064,17.13298086,512002,0,512002,34153
v2,ea89b79a9dfd35df20fed759e6d15c60fe01e77c,direct,octree_nfcount,flyby,5,241,241,0.8367999792,0.1599999964,0.9977599978,1.003695,1,0,-1,34249,29968,16,16,9148,30.52589429,17.08495729,512002,0,512002,34249
v2,ea89b79a9dfd35df20fed759e6d15c60fe01e77c,direct,octree_nfcount,flyby,5,242,242,0.9762560129,0.1615040004,1.138720036,1.146726,1,0,-1,34137,29870,16,16,9176,30.71978574,17.14101105,512002,0,512002,34137
v2,ea89b79a9dfd35df20fed759e6d15c60fe01e77c,direct,octree_nfcount,flyby,5,243,243,0.9842560291,0.1587200016,1.143903971,1.151671,1,0,-1,34193,29919,16,16,9142,30.55583409,17.11293827,512002,0,512002,34193
v2,ea89b79a9dfd35df20fed759e6d15c60fe01e77c,direct,octree_nfcount,flyby,5,244,244,0.9886720181,0.1545920074,1.14419198,1.151623,1,0,-1,34417,30115,16,16,9288,30.8417732,17.00156068,512002,0,512002,34417
v2,ea89b79a9dfd35df20fed759e6d15c60fe01e77c,direct,octree_nfcount,flyby,5,245,245,0.8468800187,0.1606719941,1.008479953,1.015908,1,0,-1,34297,30010,16,16,9068,30.21659447,17.06104632,512002,0,512002,34297
v2,ea89b79a9dfd35df20fed759e6d15c60fe01e77c,direct,octree_nfcount,flyby,5,246,246,0.9801599979,0.160927996,1.142016053,1.149195,1,0,-1,34337,30045,16,16,9146,30.44100516,17.04117158,512002,0,512002,34337
v2,ea89b79a9dfd35df20fed759e6d15c60fe01e77c,direct,octree_nfcount,flyby,5,247,247,0.9753599763,0.1574719995,1.133792043,1.141488,1,0,-1,34057,29800,16,16,8981,30.13758389,17.18127517,512002,0,512002,34057
v2,ea89b79a9dfd35df20fed759e6d15c60fe01e77c,direct,octree_nfcount,flyby,5,248,248,0.9970239997,0.1607999951,1.158784032,1.166774,1,0,-1,34241,29961,16,16,9202,30.71326057,17.08894897,512002,0,512002,34241
v2,ea89b79a9dfd35df20fed759e6d15c60fe01e77c,direct,octree_nfcount,flyby,5,249,249,0.9898560047,0.1609600037,1.151775956,1.158611,1,0,-1,34377,30080,16,16,9254,30.76462766,17.02134309,512002,0,512002,34377
v2,ea89b79a9dfd35df20fed759e6d15c60fe01e77c,direct,octree_nfcount,flyby,5,250,250,0.9663360119,0.1590079963,1.12630403,1.133223,1,0,-1,34441,30136,16,16,9301,30.86341917,16.9897133,512002,0,512002,34441
v2,ea89b79a9dfd35df20fed759e6d15c60fe01e77c,direct,octree_nfcount,flyby,5,251,251,0.9718719721,0.1552319974,1.128064036,1.135891,1,0,-1,34193,29919,16,16,9082,30.35529262,17.11293827,512002,0,512002,34193
v2,ea89b79a9dfd35df20fed759e6d15c60fe01e77c,direct,octree_nfcount,flyby,5,252,252,0.9716479778,0.1636479944,1.13625598,1.143262,1,0,-1,34081,29821,16,16,9099,30.51205526,17.16917608,512002,0,512002,34081
v2,ea89b79a9dfd35df20fed759e6d15c60fe01e77c,direct,octree_nfcount,flyby,5,253,253,0.975744009,0.1627520025,1.139423966,1.146694,1,0,-1,34385,30087,16,16,9075,30.16252867,17.01738292,512002,0,512002,34385
v2,ea89b79a9dfd35df20fed759e6d15c60fe01e77c,direct,octree_nfcount,flyby,5,254,254,0.9750080109,0.155903995,1.131839991,1.139218,1,0,-1,34385,30087,16,16,9173,30.48825074,17.01738292,512002,0,512002,34385
v2,ea89b79a9dfd35df20fed759e6d15c60fe01e77c,direct,octree_nfcount,flyby,5,255,255,0.990079999,0.1626240015,1.153663993,1.16105,1,0,-1,34393,30094,16,16,9045,30.05582508,17.0134246,512002,0,512002,34393
v2,ea89b79a9dfd35df20fed759e6d15c60fe01e77c,direct,octree_nfcount,flyby,5,256,256,0.9949439764,0.1567360014,1.152608037,1.159591,1,0,-1,34505,30192,16,16,9108,30.16693164,16.95820085,512002,0,512002,34505
v2,ea89b79a9dfd35df20fed759e6d15c60fe01e77c,direct,octree_nfcount,flyby,5,257,257,1.005920053,0.1604799926,1.167359948,1.175132,1,0,-1,34281,29996,16,16,9069,30.2340312,17.0690092,512002,0,512002,34281
v2,ea89b79a9dfd35df20fed759e6d15c60fe01e77c,direct,octree_nfcount,flyby,5,258,258,0.9899839759,0.1549119949,1.145823956,1.152744,1,0,-1,34225,29947,16,16,9066,30.27348315,17.09693792,512002,0,512002,34225
v2,ea89b79a9dfd35df20fed759e6d15c60fe01e77c,direct,octree_nfcount,flyby,5,259,259,0.9830080271,0.1544959992,1.138432026,1.145271,1,0,-1,34433,30129,16,16,9189,30.49885492,16.99366059,512002,0,512002,34433
v2,ea89b79a9dfd35df20fed759e6d15c60fe01e77c,direct,octree_nfcount,flyby,5,260,260,0.982559979,0.1593600065,1.142879963,1.150339,1,0,-1,34193,29919,16,16,9051,30.25167953,17.11293827,512002,0,512002,34193
v2,ea89b79a9dfd35df20fed759e6d15c60fe01e77c,direct,octree_nfcount,flyby,5,261,261,0.9777600169,0.1648640037,1.143584013,1.151175,1,0,-1,34545,30227,16,16,9124,30.184934,16.93856486,512002,0,512002,34545
v2,ea89b79a9dfd35df20fed759e6d15c60fe01e77c,direct,octree_nfcount,flyby,5,262,262,0.8513280153,0.1614399999,1.013728023,1.021067,1,0,-1,34305,30017,16,16,9107,30.3394743,17.05706766,512002,0,512002,34305
v2,ea89b79a9dfd35df20fed759e6d15c60fe01e77c,direct,octree_nfcount,flyby,5,263,263,0.9932799935,0.1556479931,1.149855971,1.157116,1,0,-1,34137,29870,16,16,9007,30.15400067,17.14101105,512002,0,512002,34137
v2,ea89b79a9dfd35df20fed759e6d15c60fe01e77c,direct,octree_nfcount,flyby,5,264,264,0.9928640127,0.159679994,1.153504014,1.161318,1,0,-1,34249,29968,16,16,9046,30.18553123,17.08495729,512002,0,512002,34249
v2,ea89b79a9dfd35df20fed759e6d15c60fe01e77c,direct,octree_nfcount,flyby,5,265,265,0.9863680005,0.1574400067,1.144736052,1.151881,1,0,-1,34041,29786,16,16,8960,30.08124622,17.1893507,512002,0,512002,34041
v2,ea89b79a9dfd35df20fed759e6d15c60fe01e77c,direct,octree_nfcount,flyby,5,266,266,0.8389120102,0.1658879966,1.005728006,1.013361,1,0,-1,33897,29660,16,16,8768,29.56169926,17.26237357,512002,0,512002,33897
v2,ea89b79a9dfd35df20fed759e6d15c60fe01e77c,direct,octree_nfcount,flyby,5,267,267,0.9748799801,0.1565759927,1.132383943,1.13969,1,0,-1,33961,29716,16,16,8923,30.02759456,17.22984251,512002,0,512002,33961
v2,ea89b79a9dfd35df20fed759e6d15c60fe01e77c,direct,octree_nfcount,flyby,5,268,268,0.9810879827,0.1589439958,1.140992045,1.148621,1,0,-1,33753,29534,16,16,8812,29.83679827,17.3360195,512002,0,512002,33753
v2,ea89b79a9dfd35df20fed759e6d15c60fe01e77c,direct,octree_nfcount,flyby,5,269,269,0.9919040203,0.1557119936,1.148576021,1.155994,1,0,-1,34129,29863,16,16,8938,29.93001373,17.14502897,512002,0,512002,34129
v2,ea89b79a9dfd35df20fed759e6d15c60fe01e77c,direct,octree_nfcount,flyby,5,270,270,0.8331199884,0.159551993,0.9936320186,1.00138,1,0,-1,33881,29646,16,16,8900,30.02091345,17.27052553,512002,0,512002,33881
v2,ea89b79a9dfd35df20fed759e6d15c60fe01e77c,direct,octree_nfcount,flyby,5,271,271,0.9813439846,0.1569599956,1.139232039,1.146712,1,0,-1,34137,29870,16,16,9024,30.21091396,17.14101105,512002,0,512002,34137
v2,ea89b79a9dfd35df20fed759e6d15c60fe01e77c,direct,octree_nfcount,flyby,5,272,272,1.114464045,0.1549119949,1.270303965,1.277379,1,0,-1,34041,29786,16,16,8796,29.53065198,17.1893507,512002,0,512002,34041
v2,ea89b79a9dfd35df20fed759e6d15c60fe01e77c,direct,octree_nfcount,flyby,5,273,273,0.9838719964,0.1572799981,1.142112017,1.149057,1,0,-1,34313,30024,16,16,9019,30.03930189,17.05309086,512002,0,512002,34313
v2,ea89b79a9dfd35df20fed759e6d15c60fe01e77c,direct,octree_nfcount,flyby,5,274,274,0.840831995,0.1595200002,1.00127995,1.009078,1,0,-1,34209,29933,16,16,8826,29.48585174,17.10493435,512002,0,512002,34209
v2,ea89b79a9dfd35df20fed759e6d15c60fe01e77c,direct,octree_nfcount,flyby,5,275,275,1.105568051,0.162688002,1.269215941,1.276327,1,0,-1,33881,29646,16,16,8721,29.41712204,17.27052553,512002,0,512002,33881
v2,ea89b79a9dfd35df20fed759e6d15c60fe01e77c,direct,octree_nfcount,flyby,5,276,276,0.9816640019,0.1577280015,1.140319943,1.148037,1,0,-1,33737,29520,16,16,8613,29.17682927,17.34424119,512002,0,512002,33737
v2,ea89b79a9dfd35df20fed759e6d15c60fe01e77c,direct,octree_nfcount,flyby,5,277,277,0.9831359982,0.1525440067,1.136639953,1.142122,1,0,-1,33873,29639,16,16,8762,29.56240089,17.27460441,512002,0,512002,33873
v2,ea89b79a9dfd35df20fed759e6d15c60fe01e77c,direct,octree_nfcount,flyby,5,278,278,0.8393599987,0.1536960006,0.9940159917,0.999895,1,0,-1,34017,29765,16,16,8710,29.26255669,17.20147825,512002,0,512002,34017
v2,ea89b79a9dfd35df20fed759e6d15c60fe01e77c,direct,octree_nfcount,flyby,5,279,279,0.9842879772,0.1548160017,1.140032053,1.1475,1,0,-1,33817,29590,16,16,8751,29.57418047,17.30321054,512002,0,512002,33817
v2,ea89b79a9dfd35df20fed759e6d15c60fe01e77c,direct,octree_nfcount,flyby,5,280,280,1.113504052,0.1549440026,1.26937604,1.276676,1,0,-1,33825,29597,16,16,8615,29.10767983,17.29911815,512002,0,512002,33825
v2,ea89b79a9dfd35df20fed759e6d15c60fe01e77c,direct,octree_nfcount,flyby,5,281,281,0.961920023,0.1556160003,1.118463993,1.125558,1,0,-1,33721,29506,16,16,8687,29.44146953,17.35247068,512002,0,512002,33721
v2,ea89b79a9dfd35df20fed759e6d15c60fe01e77c,direct,octree_nfcount,flyby,5,282,282,0.8348479867,0.1597760022,0.9955840111,1.002946,1,0,-1,33585,29387,16,16,8584,29.21019498,17.42273795,512002,0,512002,33585
v2,ea89b79a9dfd35df20fed759e6d15c60fe01e77c,direct,octree_nfcount,flyby,5,283,283,0.9691839814,0.1576959938,1.127840042,1.135215,1,0,-1,33545,29352,16,16,8669,29.53461434,17.44351322,512002,0,512002,33545
v2,ea89b79a9dfd35df20fed759e6d15c60fe01e77c,direct,octree_nfcount,flyby,5,284,284,0.9706559777,0.1572159976,1.129088044,1.134999,1,0,-1,33521,29331,16,16,8583,29.26255498,17.45600218,512002,0,512002,33521
v2,ea89b79a9dfd35df20fed759e6d15c60fe01e77c,direct,octree_nfcount,flyby,5,285,285,0.984160006,0.1567679942,1.141888022,1.149644,1,0,-1,33657,29450,16,16,8599,29.19864177,17.38546689,512002,0,512002,33657
v2,ea89b79a9dfd35df20fed759e6d15c60fe01e77c,direct,octree_nfcount,flyby,5,286,286,0.9437760115,0.1604479998,1.105152011,1.112261,1,0,-1,33633,29429,16,16,8545,29.03598491,17.39787285,512002,0,512002,33633
v2,ea89b79a9dfd35df20fed759e6d15c60fe01e77c,direct,octree_nfcount,flyby,5,287,287,0.958303988,0.1537600011,1.112992048,1.119719,1,0,-1,33457,29275,16,16,8618,29.43808711,17.48939368,512002,0,512002,33457
v2,ea89b79a9dfd35df20fed759e6d15c60fe01e77c,direct,octree_nfcount,flyby,5,288,288,0.9648000002,0.1525440067,1.118304014,1.125929,1,0,-1,33577,29380,16,16,8494,28.91082369,17.42688904,512002,0,512002,33577
v2,ea89b79a9dfd35df20fed759e6d15c60fe01e77c,direct,octree_nfcount,flyby,5,289,289,0.9854400158,0.1580480039,1.144415975,1.151869,1,0,-1,33705,29492,16,16,8598,29.15366879,17.36070799,512002,0,512002,33705
v2,ea89b79a9dfd35df20fed759e6d15c60fe01e77c,direct,octree_nfcount,flyby,5,290,290,0.8344320059,0.1589439958,0.9943040013,1.00082,1,0,-1,33617,29415,16,16,8435,28.67584566,17.40615332,512002,0,512002,33617
v2,ea89b79a9dfd35df20fed759e6d15c60fe01e77c,direct,octree_nfcount,flyby,5,291,291,0.9701439738,0.1515199989,1.12262404,1.128396,1,0,-1,33825,29597,16,16,8637,29.18201169,17.29911815,512002,0,512002,33825
v2,ea89b79a9dfd35df20fed759e6d15c60fe01e77c,direct,octree_nfcount,flyby,5,292,292,0.964320004,0.1568000019,1.122079968,1.12956,1,0,-1,33617,29415,16,16,8519,28.96141424,17.40615332,512002,0,512002,33617
v2,ea89b79a9dfd35df20fed759e6d15c60fe01e77c,direct,octree_nfcount,flyby,5,293,293,0.979647994,0.1584639996,1.139071941,1.14603,1,0,-1,33873,29639,16,16,8592,28.98883228,17.27460441,512002,0,512002,33873
v2,ea89b79a9dfd35df20fed759e6d15c60fe01e77c,direct,octree_nfcount,flyby,5,294,294,0.9554240108,0.1588159949,1.115200043,1.122807,1,0,-1,33593,29394,16,16,8516,28.97189903,17.41858883,512002,0,512002,33593
v2,ea89b79a9dfd35df20fed759e6d15c60fe01e77c,direct,octree_nfcount,flyby,5,295,295,0.9636480212,0.1546240002,1.119232059,1.126278,1,0,-1,33697,29485,16,16,8566,29.05206037,17.36482957,512002,0,512002,33697
v2,ea89b79a9dfd35df20fed759e6d15c60fe01e77c,direct,octree_nfcount,flyby,5,296,296,0.9705920219,0.1568959951,1.128415942,1.135146,1,0,-1,33649,29443,16,16,8572,29.11388106,17.38960024,512002,0,512002,33649
v2,ea89b79a9dfd35df20fed759e6d15c60fe01e77c,direct,octree_nfcount,flyby,5,297,297,0.9686719775,0.1566399932,1.126240015,1.133709,1,0,-1,33945,29702,16,16,8703,29.30105717,17.23796377,512002,0,512002,33945
v2,ea89b79a9dfd35df20fed759e6d15c60fe01e77c,direct,octree_nfcount,flyby,5,298,298,0.8328319788,0.1556160003,0.9894080162,0.997422,1,0,-1,33577,29380,16,16,8444,28.74063989,17.42688904,512002,0,512002,33577
v2,ea89b79a9dfd35df20fed759e6d15c60fe01e77c,direct,octree_nfcount,flyby,5,299,299,0.9698560238,0.1607359946,1.131520033,1.139078,1,0,-1,33641,29436,16,16,8579,29.14458486,17.39373556,512002,0,512002,33641
v2,ea89b79a9dfd35df20fed759e6d15c60fe01e77c,direct,octree_nfcount,flyby,5,300,300,0.974240005,0.1593279988,1.134495974,1.142323,1,0,-1,33705,29492,16,16,8650,29.32998779,17.36070799,512002,0,512002,33705
v2,ea89b79a9dfd35df20fed759e6d15c60fe01e77c,direct,octree_nfcount,flyby,5,301,301,0.9681919813,0.1566720009,1.125792027,1.133343,1,0,-1,33793,29569,16,16,8706,29.44299773,17.31549934,512002,0,512002,33793
v2,ea89b79a9dfd35df20fed759e6d15c60fe01e77c,direct,octree_nfcount,flyby,5,302,302,0.8358079791,0.1578239948,0.994592011,1.002647,1,0,-1,33441,29261,16,16,8519,29.11383753,17.49776153,512002,0,512002,33441
v2,ea89b79a9dfd35df20fed759e6d15c60fe01e77c,direct,octree_nfcount,flyby,5,303,303,0.9720000029,0.1578560024,1.130815983,1.13865,1,0,-1,33545,29352,16,16,8540,29.09512129,17.44351322,512002,0,512002,33545
v2,ea89b79a9dfd35df20fed759e6d15c60fe01e77c,direct,octree_nfcount,flyby,5,304,304,0.9725760221,0.1567039937,1.130239964,1.138264,1,0,-1,33729,29513,16,16,8663,29.3531664,17.34835496,512002,0,512002,33729
v2,ea89b79a9dfd35df20fed759e6d15c60fe01e77c,direct,octree_nfcount,flyby,5,305,305,0.9591040015,0.1552640051,1.115327954,1.122733,1,0,-1,34017,29765,16,16,8710,29.26255669,17.20147825,512002,0,512002,34017
v2,ea89b79a9dfd35df20fed759e6d15c60fe01e77c,direct,octree_nfcount,flyby,5,306,306,0.9670079947,0.1584639996,1.126399994,1.135059,1,0,-1,33625,29422,16,16,8506,28.9103392,17.4020121,512002,0,512002,33625
v2,ea89b79a9dfd35df20fed759e6d15c60fe01e77c,direct,octree_nfcount,flyby,5,307,307,0.9656000137,0.1614080071,1.127936006,1.135601,1,0,-1,33785,29562,16,16,8704,29.44320411,17.31959949,512002,0,512002,33785
v2,ea89b79a9dfd35df20fed759e6d15c60fe01e77c,direct,octree_nfcount,flyby,5,308,308,0.9828799963,0.1564159989,1.140256047,1.148079,1,0,-1,33793,29569,16,16,8707,29.44637965,17.31549934,512002,0,512002,33793
v2,ea89b79a9dfd35df20fed759e6d15c60fe01e77c,direct,octree_nfcount,flyby,5,309,309,0.9762240052,0.1546880007,1.131839991,1.138769,1,0,-1,34009,29758,16,16,8685,29.18542913,17.20552456,512002,0,512002,34009
v2,ea89b79a9dfd35df20fed759e6d15c60fe01e77c,direct,octree_nfcount,flyby,5,310,310,0.9826239944,0.1607999951,1.144351959,1.151612,1,0,-1,34041,29786,16,16,8768,29.43664809,17.1893507,512002,0,512002,34041
v2,ea89b79a9dfd35df20fed759e6d15c60fe01e77c,direct,octree_nfcount,flyby,5,311,311,0.9825279713,0.1568319947,1.140287995,1.145661,1,0,-1,33953,29709,16,16,8730,29.38503484,17.23390218,512002,0,512002,33953
v2,ea89b79a9dfd35df20fed759e6d15c60fe01e77c,direct,octree_nfcount,flyby,5,312,312,0.9763200283,0.1589439958,1.136224031,1.143831,1,0,-1,33857,29625,16,16,8650,29.19831224,17.28276793,512002,0,512002,33857
v2,ea89b79a9dfd35df20fed759e6d15c60fe01e77c,direct,octree_nfcount,flyby,5,313,313,0.8399999738,0.1594240069,1.000383973,1.008282,1,0,-1,33793,29569,16,16,8521,28.81734249,17.31549934,512002,0,512002,33793
v2,ea89b79a9dfd35df20fed759e6d15c60fe01e77c,direct,octree_nfcount,flyby,5,314,314,0.992832005,0.159551993,1.153344035,1.161338,1,0,-1,33937,29695,16,16,8576,28.88028288,17.24202728,512002,0,512002,33937
v2,ea89b79a9dfd35df20fed759e6d15c60fe01e77c,direct,octree_nfcount,flyby,5,315,315,0.9639999866,0.1557440013,1.120671988,1.128249,1,0,-1,33785,29562,16,16,8448,28.57722752,17.31959949,512002,0,512002,33785
v2,ea89b79a9dfd35df20fed759e6d15c60fe01e77c,direct,octree_nfcount,flyby,5,316,316,0.9716799855,0.1607040018,1.133344054,1.140589,1,0,-1,33625,29422,16,16,8515,28.94092856,17.4020121,512002,0,512002,33625
v2,ea89b79a9dfd35df20fed759e6d15c60fe01e77c,direct,octree_nfcount,flyby,5,317,317,0.8322240114,0.1587200016,0.9918720126,0.999437,1,0,-1,33865,29632,16,16,8536,28.80669546,17.27868521,512002,0,512002,33865
v2,ea89b79a9dfd35df20fed759e6d15c60fe01e77c,direct,octree_nfcount,flyby,5,318,318,0.971231997,0.1576959938,1.12985599,1.137288,1,0,-1,33801,29576,16,16,8504,28.75304301,17.31140114,512002,0,512002,33801
v2,ea89b79a9dfd35df20fed759e6d15c60fe01e77c,direct,octree_nfcount,flyby,5,319,319,0.9781119823,0.1583359987,1.137408018,1.144813,1,0,-1,33769,29548,16,16,8460,28.63137945,17.3278056,512002,0,512002,33769
v2,ea89b79a9dfd35df20fed759e6d15c60fe01e77c,direct,octree_nfcount,flyby,5,320,320,0.9683200121,0.1596480012,1.128927946,1.136816,1,0,-1,33929,29688,16,16,8596,28.95445971,17.2460927,512002,0,512002,33929
v2,ea89b79a9dfd35df20fed759e6d15c60fe01e77c,direct,octree_nfcount,flyby,5,321,321,0.8391039968,0.1557759941,0.9958080053,1.00355,1,0,-1,33953,29709,16,16,8421,28.34494598,17.23390218,512002,0,512002,33953
v2,ea89b79a9dfd35df20fed759e6d15c60fe01e77c,direct,octree_nfcount,flyby,5,322,322,0.9679999948,0.1597120017,1.128640056,1.135391,1,0,-1,34017,29765,16,16,8536,28.67797749,17.20147825,512002,0,512002,34017
v2,ea89b79a9dfd35df20fed759e6d15c60fe01e77c,direct,octree_nfcount,flyby,5,323,323,0.9786559939,0.1588159949,1.138432026,1.145593,1,0,-1,33945,29702,16,16,8546,28.77247323,17.23796377,512002,0,512002,33945
v2,ea89b79a9dfd35df20fed759e6d15c60fe01e77c,direct,octree_nfcount,flyby,5,324,324,0.9676480293,0.1625279933,1.131135941,1.138871,1,0,-1,34001,29751,16,16,8547,28.7284461,17.20957279,512002,0,512002,34001
v2,ea89b79a9dfd35df20fed759e6d15c60fe01e77c,direct,octree_nfcount,flyby,5,325,325,0.8395519853,0.1577599943,0.9982720017,1.005451,1,0,-1,33961,29716,16,16,8410,28.30125185,17.22984251,512002,0,512002,33961
v2,ea89b79a9dfd35df20fed759e6d15c60fe01e77c,direct,octree_nfcount,flyby,5,326,326,0.9906240106,0.1607999951,1.152384043,1.159644,1,0,-1,34185,29912,16,16,8569,28.64736561,17.11694303,512002,0,512002,34185
v2,ea89b79a9dfd35df20fed759e6d15c60fe01e77c,direct,octree_nfcount,flyby,5,327,327,0.9822720289,0.1588159949,1.142048001,1.149295,1,0,-1,34121,29856,16,16,8600,28.80493033,17.14904877,512002,0,512002,34121
v2,ea89b79a9dfd35df20fed759e6d15c60fe01e77c,direct,octree_nfcount,flyby,5,328,328,0.9706240296,0.1610240042,1.132608056,1.140232,1,0,-1,34353,30059,16,16,8681,28.87986959,17.03323464,512002,0,512002,34353
v2,ea89b79a9dfd35df20fed759e6d15c60fe01e77c,direct,octree_nfcount,flyby,5,329,329,0.8474559784,0.154783994,1.003167987,1.010515,1,0,-1,34097,29835,16,16,8555,28.67437573,17.16111949,512002,0,512002,34097
v2,ea89b79a9dfd35df20fed759e6d15c60fe01e77c,direct,octree_nfcount,flyby,5,330,330,0.9892479777,0.1595840007,1.149791956,1.157637,1,0,-1,34025,29772,16,16,8523,28.62756953,17.19743383,512002,0,512002,34025
v2,ea89b79a9dfd35df20fed759e6d15c60fe01e77c,direct,octree_nfcount,flyby,5,331,331,1.002176046,0.1545599997,1.157663941,1.165161,1,0,-1,33993,29744,16,16,8472,28.48305541,17.21362292,512002,0,512002,33993
v2,ea89b79a9dfd35df20fed759e6d15c60fe01e77c,direct,octree_nfcount,flyby,5,332,332,0.9729599953,0.1557440013,1.129663944,1.137399,1,0,-1,33817,29590,16,16,8432,28.49611355,17.30321054,512002,0,512002,33817
v2,ea89b79a9dfd35df20fed759e6d15c60fe01e77c,direct,octree_nfcount,flyby,5,333,333,0.9652799964,0.1619839966,1.134528041,1.142217,1,0,-1,33593,29394,16,16,8467,28.80519834,17.41858883,512002,0,512002,33593
v2,ea89b79a9dfd35df20fed759e6d15c60fe01e77c,direct,octree_nfcount,flyby,5,334,334,0.978752017,0.1627520025,1.142464042,1.14978,1,0,-1,33553,29359,16,16,8368,28.50233319,17.4393542,512002,0,512002,33553
v2,ea89b79a9dfd35df20fed759e6d15c60fe01e77c,direct,octree_nfcount,flyby,5,335,335,0.9524160028,0.1542399973,1.107584,1.114522,1,0,-1,33681,29471,16,16,8357,28.35668963,17.37307862,512002,0,512002,33681
v2,ea89b79a9dfd35df20fed759e6d15c60fe01e77c,direct,octree_nfcount,flyby,5,336,336,0.9501439929,0.1577599943,1.10886395,1.114592,1,0,-1,33753,29534,16,16,8233,27.87634591,17.3360195,512002,0,512002,33753
v2,ea89b79a9dfd35df20fed759e6d15c60fe01e77c,direct,octree_nfcount,flyby,5,337,337,0.9576960206,0.1545599997,1.113216043,1.120242,1,0,-1,33721,29506,16,16,8383,28.41117061,17.35247068,512002,0,512002,33721
v2,ea89b79a9dfd35df20fed759e6d15c60fe01e77c,direct,octree_nfcount,flyby,5,338,338,0.9743040204,0.1634880006,1.138720036,1.146151,1,0,-1,33793,29569,16,16,8277,27.99215395,17.31549934,512002,0,512002,33793
v2,ea89b79a9dfd35df20fed759e6d15c60fe01e77c,direct,octree_nfcount,flyby,5,339,339,0.9608960152,0.1537279934,1.115551949,1.122678,1,0,-1,33889,29653,16,16,8357,28.18264594,17.26644859,512002,0,512002,33889
v2,ea89b79a9dfd35df20fed759e6d15c60fe01e77c,direct,octree_nfcount,flyby,5,340,340,0.8329920173,0.1618880033,0.995840013,1.003158,1,0,-1,33849,29618,16,16,8270,27.92220947,17.28685259,512002,0,512002,33849
v2,ea89b79a9dfd35df20fed759e6d15c60fe01e77c,direct,octree_nfcount,flyby,5,341,341,0.9565759897,0.1546240002,1.112159967,1.117951,1,0,-1,33801,29576,16,16,8328,28.15796592,17.31140114,512002,0,512002,33801
v2,ea89b79a9dfd35df20fed759e6d15c60fe01e77c,direct,octree_nfcount,flyby,5,342,342,0.9729599953,0.1558080018,1.129696012,1.1371,1,0,-1,33721,29506,16,16,8292,28.10275876,17.35247068,512002,0,512002,33721
v2,ea89b79a9dfd35df20fed759e6d15c60fe01e77c,direct,octree_nfcount,flyby,5,343,343,0.9686719775,0.1544000059,1.124032021,1.130807,1,0,-1,33905,29667,16,16,8370,28.21316614,17.25830047,512002,0,512002,33905
v2,ea89b79a9dfd35df20fed759e6d15c60fe01e77c,direct,octree_nfcount,flyby,5,344,344,0.8344320059,0.1607680023,0.9961599708,1.003316,1,0,-1,33673,29464,16,16,8245,27.98330166,17.37720608,512002,0,512002,33673
v2,ea89b79a9dfd35df20fed759e6d15c60fe01e77c,direct,octree_nfcount,flyby,5,345,345,0.9597759843,0.1567679942,1.117504001,1.124006,1,0,-1,33969,29723,16,16,8508,28.62429768,17.22578475,512002,0,512002,33969
v2,ea89b79a9dfd35df20fed759e6d15c60fe01e77c,direct,octree_nfcount,flyby,5,346,346,0.9734399915,0.154655993,1.129024029,1.136014,1,0,-1,33881,29646,16,16,8408,28.36133036,17.27052553,512002,0,512002,33881
v2,ea89b79a9dfd35df20fed759e6d15c60fe01e77c,direct,octree_nfcount,flyby,5,347,347,0.9683520198,0.1584639996,1.127743959,1.134578,1,0,-1,33825,29597,16,16,8318,28.10419975,17.29911815,512002,0,512002,33825
v2,ea89b79a9dfd35df20fed759e6d15c60fe01e77c,direct,octree_nfcount,flyby,5,348,348,0.841983974,0.157664001,1.000607967,1.009238,1,0,-1,33681,29471,16,16,8292,28.13613383,17.37307862,512002,0,512002,33681
v2,ea89b79a9dfd35df20fed759e6d15c60fe01e77c,direct,octree_nfcount,flyby,5,349,349,0.9554560184,0.1585920006,1.115007997,1.122934,1,0,-1,33969,29723,16,16,8439,28.39215422,17.22578475,512002,0,512002,33969
v2,ea89b79a9dfd35df20fed759e6d15c60fe01e77c,direct,octree_nfcount,flyby,5,350,350,1.105695963,0.1596159935,1.266240001,1.274374,1,0,-1,33977,29730,16,16,8388,28.21392533,17.22172889,512002,0,512002,33977
v2,ea89b79a9dfd35df20fed759e6d15c60fe01e77c,direct,octree_nfcount,flyby,5,351,351,0.9590719938,0.1615359932,1.121567965,1.129207,1,0,-1,33937,29695,16,16,8324,28.03165516,17.24202728,512002,0,512002,33937
v2,ea89b79a9dfd35df20fed759e6d15c60fe01e77c,direct,octree_nfcount,flyby,5,352,352,0.9581760168,0.159807995,1.118911982,1.125599,1,0,-1,33729,29513,16,16,8325,28.20790838,17.34835496,512002,0,512002,33729
v2,ea89b79a9dfd35df20fed759e6d15c60fe01e77c,direct,octree_nfcount,flyby,5,353,353,0.987071991,0.155520007,1.143519998,1.150907,1,0,-1,33873,29639,16,16,8387,28.29717602,17.27460441,512002,0,512002,33873
v2,ea89b79a9dfd35df20fed759e6d15c60fe01e77c,direct,octree_nfcount,flyby,5,354,354,0.9618239999,0.1567679942,1.119519949,1.12508,1,0,-1,33993,29744,16,16,8553,28.75537924,17.21362292,512002,0,512002,33993
v2,ea89b79a9dfd35df20fed759e6d15c60fe01e77c,direct,octree_nfcount,flyby,5,355,355,0.8400959969,0.1584639996,0.9995200038,1.006787,1,0,-1,34009,29758,16,16,8452,28.4024464,17.20552456,512002,0,512002,34009
v2,ea89b79a9dfd35df20fed759e6d15c60fe01e77c,direct,octree_nfcount,flyby,5,356,356,0.9735360146,0.1568319947,1.131327987,1.137821,1,0,-1,34009,29758,16,16,8429,28.32515626,17.20552456,512002,0,512002,34009
v2,ea89b79a9dfd35df20fed759e6d15c60fe01e77c,direct,octree_nfcount,flyby,5,357,357,0.9631999731,0.1586239934,1.122751951,1.130104,1,0,-1,34017,29765,16,16,8351,28.05644213,17.20147825,512002,0,512002,34017
v2,ea89b79a9dfd35df20fed759e6d15c60fe01e77c,direct,octree_nfcount,flyby,5,358,358,0.9634559751,0.157664001,1.12204802,1.129549,1,0,-1,34185,29912,16,16,8461,28.2863065,17.11694303,512002,0,512002,34185
v2,ea89b79a9dfd35df20fed759e6d15c60fe01e77c,direct,octree_nfcount,flyby,5,359,359,0.845600009,0.154655993,1.001216054,1.007818,1,0,-1,34289,30003,16,16,8389,27.96053728,17.06502683,512002,0,512002,34289
v2,ea89b79a9dfd35df20fed759e6d15c60fe01e77c,direct,octree_nfcount,flyby,5,360,360,0.9850559831,0.159551993,1.145535946,1.153029,1,0,-1,34241,29961,16,16,8507,28.39357832,17.08894897,512002,0,512002,34241
v2,ea89b79a9dfd35df20fed759e6d15c60fe01e77c,direct,octree_nfcount,flyby,5,361,361,0.9911040068,0.1568000019,1.148831964,1.156231,1,0,-1,34097,29835,16,16,8438,28.28221887,17.16111949,512002,0,512002,34097
v2,ea89b79a9dfd35df20fed759e6d15c60fe01e77c,direct,octree_nfcount,flyby,5,362,362,0.9667840004,0.1628479958,1.13056004,1.137483,1,0,-1,34017,29765,16,16,8300,27.88509995,17.20147825,512002,0,512002,34017
v2,ea89b79a9dfd35df20fed759e6d15c60fe01e77c,direct,octree_nfcount,flyby,5,363,363,0.8354880214,0.1618240029,0.9982720017,1.005488,1,0,-1,33801,29576,16,16,8257,27.91790641,17.31140114,512002,0,512002,33801
v2,ea89b79a9dfd35df20fed759e6d15c60fe01e77c,direct,octree_nfcount,flyby,5,364,364,0.9806079865,0.1605120003,1.142079949,1.149517,1,0,-1,33905,29667,16,16,8291,27.946877,17.25830047,512002,0,512002,33905
v2,ea89b79a9dfd35df20fed759e6d15c60fe01e77c,direct,octree_nfcount,flyby,5,365,365,0.9807680249,0.1585280001,1.14022398,1.145631,1,0,-1,33929,29688,16,16,8293,27.93384532,17.2460927,512002,0,512002,33929
v2,ea89b79a9dfd35df20fed759e6d15c60fe01e77c,direct,octree_nfcount,flyby,5,366,366,0.8458240032,0.1598719954,1.006592035,1.013821,1,0,-1,33649,29443,16,16,8063,27.38511701,17.38960024,512002,0,512002,33649
v2,ea89b79a9dfd35df20fed759e6d15c60fe01e77c,direct,octree_nfcount,flyby,5,367,367,0.965471983,0.1570239961,1.123456001,1.129004,1,0,-1,33841,29611,16,16,8275,27.94569586,17.29093918,512002,0,512002,33841
v2,ea89b79a9dfd35df20fed759e6d15c60fe01e77c,direct,octree_nfcount,flyby,5,368,368,0.9642879963,0.156287998,1.121503949,1.129165,1,0,-1,33633,29429,16,16,8211,27.90104998,17.39787285,512002,0,512002,33633
v2,ea89b79a9dfd35df20fed759e6d15c60fe01e77c,direct,octree_nfcount,flyby,5,369,369,0.9644479752,0.1588159949,1.124223948,1.131206,1,0,-1,33809,29583,16,16,8213,27.76256634,17.30730487,512002,0,512002,33809
v2,ea89b79a9dfd35df20fed759e6d15c60fe01e77c,direct,octree_nfcount,flyby,5,370,370,0.833664,0.1630399972,0.9976639748,1.004849,1,0,-1,33625,29422,16,16,8023,27.26871049,17.4020121,512002,0,512002,33625
v2,ea89b79a9dfd35df20fed759e6d15c60fe01e77c,direct,octree_nfcount,flyby,5,371,371,0.9704639912,0.1607999951,1.132223964,1.139507,1,0,-1,33881,29646,16,16,8182,27.59900155,17.27052553,512002,0,512002,33881
v2,ea89b79a9dfd35df20fed759e6d15c60fe01e77c,direct,octree_nfcount,flyby,5,372,372,0.9734399915,0.1549759954,1.129376054,1.135184,1,0,-1,33857,29625,16,16,8145,27.49367089,17.28276793,512002,0,512002,33857
v2,ea89b79a9dfd35df20fed759e6d15c60fe01e77c,direct,octree_nfcount,flyby,5,373,373,0.9673920274,0.1586879939,1.127040029,1.134444,1,0,-1,34081,29821,16,16,8280,27.76566849,17.16917608,512002,0,512002,34081
v2,ea89b79a9dfd35df20fed759e6d15c60fe01e77c,direct,octree_nfcount,flyby,5,374,374,0.8385599852,0.1586560011,0.9981759787,1.005619,1,0,-1,33809,29583,16,16,8124,27.46171788,17.30730487,512002,0,512002,33809
v2,ea89b79a9dfd35df20fed759e6d15c60fe01e77c,direct,octree_nfcount,flyby,5,375,375,0.9868479967,0.1617600024,1.149567962,1.157166,1,0,-1,33961,29716,16,16,8188,27.55417957,17.22984251,512002,0,512002,33961
v2,ea89b79a9dfd35df20fed759e6d15c60fe01e77c,direct,octree_nfcount,flyby,5,376,376,0.9958720207,0.159551993,1.156352043,1.163528,1,0,-1,34081,29821,16,16,8342,27.97357567,17.16917608,512002,0,512002,34081
v2,ea89b79a9dfd35df20fed759e6d15c60fe01e77c,direct,octree_nfcount,flyby,5,377,377,0.9907839894,0.1575679928,1.149312019,1.157142,1,0,-1,34089,29828,16,16,8305,27.84296634,17.16514684,512002,0,512002,34089
v2,ea89b79a9dfd35df20fed759e6d15c60fe01e77c,direct,octree_nfcount,flyby,5,378,378,0.9749760032,0.1593279988,1.135231972,1.142486,1,0,-1,34073,29814,16,16,8379,28.10424633,17.17320722,512002,0,512002,34073
v2,ea89b79a9dfd35df20fed759e6d15c60fe01e77c,direct,octree_nfcount,flyby,5,379,379,0.990719974,0.1546240002,1.146271944,1.154101,1,0,-1,33937,29695,16,16,8275,27.86664422,17.24202728,512002,0,512002,33937
v2,ea89b79a9dfd35df20fed759e6d15c60fe01e77c,direct,octree_nfcount,flyby,5,380,380,0.9915519953,0.1564799994,1.148991942,1.156459,1,0,-1,33977,29730,16,16,8300,27.91792802,17.22172889,512002,0,512002,33977
v2,ea89b79a9dfd35df20fed759e6d15c60fe01e77c,direct,octree_nfcount,flyby,5,381,381,0.8337919712,0.1656319946,1.000383973,1.007724,1,0,-1,33897,29660,16,16,8129,27.40728254,17.26237357,512002,0,512002,33897
v2,ea89b79a9dfd35df20fed759e6d15c60fe01e77c,direct,octree_nfcount,flyby,5,382,382,0.9755839705,0.1605120003,1.137055993,1.144518,1,0,-1,34025,29772,16,16,8243,27.68708854,17.19743383,512002,0,512002,34025
v2,ea89b79a9dfd35df20fed759e6d15c60fe01e77c,direct,octree_nfcount,flyby,5,383,383,0.9904000163,0.1566399932,1.147968054,1.155439,1,0,-1,34089,29828,16,16,8235,27.60828752,17.16514684,512002,0,512002,34089
v2,ea89b79a9dfd35df20fed759e6d15c60fe01e77c,direct,octree_nfcount,flyby,5,384,384,0.9770240188,0.1545280069,1.132511973,1.139783,1,0,-1,34273,29989,16,16,8358,27.87021908,17.07299343,512002,0,512002,34273
v2,ea89b79a9dfd35df20fed759e6d15c60fe01e77c,direct,octree_nfcount,flyby,5,385,385,0.8467199802,0.1576319933,1.005280018,1.012382,1,0,-1,33793,29569,16,16,8123,27.47133823,17.31549934,512002,0,512002,33793
v2,ea89b79a9dfd35df20fed759e6d15c60fe01e77c,direct,octree_nfcount,flyby,5,386,386,0.9836480021,0.1536320001,1.138208032,1.145878,1,0,-1,33921,29681,16,16,8205,27.64394731,17.25016004,512002,0,512002,33921
v2,ea89b79a9dfd35df20fed759e6d15c60fe01e77c,direct,octree_nfcount,flyby,5,387,387,0.9936959743,0.1546880007,1.149312019,1.156675,1,0,-1,33929,29688,16,16,8335,28.07531663,17.2460927,512002,0,512002,33929
v2,ea89b79a9dfd35df20fed759e6d15c60fe01e77c,direct,octree_nfcount,flyby,5,388,388,0.9836800098,0.1592320055,1.143839955,1.15126,1,0,-1,33785,29562,16,16,8184,27.68418916,17.31959949,512002,0,512002,33785
v2,ea89b79a9dfd35df20fed759e6d15c60fe01e77c,direct,octree_nfcount,flyby,5,389,389,0.9674559832,0.1615040004,1.129888058,1.136997,1,0,-1,33897,29660,16,16,8356,28.17262306,17.26237357,512002,0,512002,33897
v2,ea89b79a9dfd35df20fed759e6d15c60fe01e77c,direct,octree_nfcount,flyby,5,390,390,0.9841279984,0.1553280056,1.140416026,1.148015,1,0,-1,33841,29611,16,16,8343,28.17534025,17.29093918,512002,0,512002,33841
v2,ea89b79a9dfd35df20fed759e6d15c60fe01e77c,direct,octree_nfcount,flyby,5,391,391,0.9932159781,0.1566080004,1.150784016,1.158349,1,0,-1,33985,29737,16,16,8423,28.32498235,17.21767495,512002,0,512002,33985
v2,ea89b79a9dfd35df20fed759e6d15c60fe01e77c,direct,octree_nfcount,flyby,5,392,392,0.8408960104,0.1574719995,0.9993280172,1.006943,1,0,-1,33945,29702,16,16,8191,27.57726752,17.23796377,512002,0,512002,33945
v2,ea89b79a9dfd35df20fed759e6d15c60fe01e77c,direct,octree_nfcount,flyby,5,393,393,0.98892802,0.1554239988,1.145280004,1.152903,1,0,-1,33945,29702,16,16,8256,27.79610801,17.23796377,512002,0,512002,33945
v2,ea89b79a9dfd35df20fed759e6d15c60fe01e77c,direct,octree_nfcount,flyby,5,394,394,0.9775360227,0.1587519944,1.137248039,1.145346,1,0,-1,33961,29716,16,16,8240,27.72916947,17.22984251,512002,0,512002,33961
v2,ea89b79a9dfd35df20fed759e6d15c60fe01e77c,direct,octree_nfcount,flyby,5,395,395,0.9879360199,0.1606079936,1.149471998,1.156997,1,0,-1,34081,29821,16,16,8230,27.59800141,17.16917608,512002,0,512002,34081
v2,ea89b79a9dfd35df20fed759e6d15c60fe01e77c,direct,octree_nfcount,flyby,5,396,396,0.8391360044,0.1565759927,0.9966719747,1.004403,1,0,-1,33809,29583,16,16,8164,27.59693067,17.30730487,512002,0,512002,33809
v2,ea89b79a9dfd35df20fed759e6d15c60fe01e77c,direct,octree_nfcount,flyby,5,397,397,1,0.1607999951,1.161728024,1.169926,1,0,-1,33833,29604,16,16,8043,27.16862586,17.2950277,512002,0,512002,33833
v2,ea89b79a9dfd35df20fed759e6d15c60fe01e77c,direct,octree_nfcount,flyby,5,398,398,0.985920012,0.1565759927,1.143455982,1.150908,1,0,-1,33785,29562,16,16,8177,27.66051011,17.31959949,512002,0,512002,33785
v2,ea89b79a9dfd35df20fed759e6d15c60fe01e77c,direct,octree_nfcount,flyby,5,399,399,0.8353919983,0.1584639996,0.9947839975,1.001739,1,0,-1,33705,29492,16,16,8043,27.27180252,17.36070799,512002,0,512002,33705
v2,ea89b79a9dfd35df20fed759e6d15c60fe01e77c,direct,octree_nfcount,flyby,5,400,400,0.9597759843,0.1576959938,1.118399978,1.12608,1,0,-1,33777,29555,16,16,8284,28.02909829,17.32370157,512002,0,512002,33777
v2,ea89b79a9dfd35df20fed759e6d15c60fe01e77c,direct,octree_nfcount,flyby,5,401,401,0.990975976,0.1558720022,1.147807956,1.153681,1,0,-1,33641,29436,16,16,8135,27.63622775,17.39373556,512002,0,512002,33641
v2,ea89b79a9dfd35df20fed759e6d15c60fe01e77c,direct,octree_nfcount,flyby,5,402,402,0.9933440089,0.1597120017,1.154016018,1.161725,1,0,-1,33913,29674,16,16,8271,27.87288535,17.25422929,512002,0,512002,33913
v2,ea89b79a9dfd35df20fed759e6d15c60fe01e77c,direct,octree_nfcount,flyby,5,403,403,0.8380159736,0.1594880074,0.9984639883,1.006137,1,0,-1,33729,29513,16,16,8137,27.57090096,17.34835496,512002,0,512002,33729
v2,ea89b79a9dfd35df20fed759e6d15c60fe01e77c,direct,octree_nfcount,flyby,5,404,404,0.9790400267,0.1576000005,1.137567997,1.145419,1,0,-1,33777,29555,16,16,8135,27.52495348,17.32370157,512002,0,512002,33777
v2,ea89b79a9dfd35df20fed759e6d15c60fe01e77c,direct,octree_nfcount,flyby,5,405,405,0.9861760139,0.1553280056,1.142464042,1.15097,1,0,-1,33585,29387,16,16,8032,27.33181339,17.42273795,512002,0,512002,33585
v2,ea89b79a9dfd35df20fed759e6d15c60fe01e77c,direct,octree_nfcount,flyby,5,406,406,0.9758399725,0.1557119936,1.132511973,1.140058,1,0,-1,33817,29590,16,16,8088,27.33355863,17.30321054,512002,0,512002,33817
v2,ea89b79a9dfd35df20fed759e6d15c60fe01e77c,direct,octree_nfcount,flyby,5,407,407,0.9644160271,0.1576959938,1.123072028,1.130379,1,0,-1,33761,29541,16,16,8101,27.42290376,17.33191158,512002,0,512002,33761
v2,ea89b79a9dfd35df20fed759e6d15c60fe01e77c,direct,octree_nfcount,flyby,5,408,408,0.9946560264,0.1614719927,1.157055974,1.164531,1,0,-1,33681,29471,16,16,8011,27.18265413,17.37307862,512002,0,512002,33681
v2,ea89b79a9dfd35df20fed759e6d15c60fe01e77c,direct,octree_nfcount,flyby,5,409,409,0.9846079946,0.1538559943,1.139392018,1.146716,1,0,-1,33961,29716,16,16,8211,27.63157895,17.22984251,512002,0,512002,33961
v2,ea89b79a9dfd35df20fed759e6d15c60fe01e77c,direct,octree_nfcount,flyby,5,410,410,0.8488960266,0.1587840021,1.008640051,1.016374,1,0,-1,33945,29702,16,16,8031,27.03858326,17.23796377,512002,0,512002,33945
v2,ea89b79a9dfd35df20fed759e6d15c60fe01e77c,direct,octree_nfcount,flyby,5,411,411,0.978399992,0.1607040018,1.140064001,1.147415,1,0,-1,34025,29772,16,16,8237,27.66693538,17.19743383,512002,0,512002,34025
v2,ea89b79a9dfd35df20fed759e6d15c60fe01e77c,direct,octree_nfcount,flyby,5,412,412,0.9806079865,0.1589439958,1.14051199,1.147849,1,0,-1,34065,29807,16,16,8129,27.27211729,17.17724025,512002,0,512002,34065
v2,ea89b79a9dfd35df20fed759e6d15c60fe01e77c,direct,octree_nfcount,flyby,5,413,413,0.9809920192,0.157536,1.139487982,1.146986,1,0,-1,33969,29723,16,16,8091,27.22134374,17.22578475,512002,0,512002,33969
v2,ea89b79a9dfd35df20fed759e6d15c60fe01e77c,direct,octree_nfcount,flyby,5,414,414,0.8329920173,0.1568000019,0.9907519817,0.997981,1,0,-1,33569,29373,16,16,8015,27.28696422,17.43104211,512002,0,512002,33569
v2,ea89b79a9dfd35df20fed759e6d15c60fe01e77c,direct,octree_nfcount,flyby,5,415,415,0.9772160053,0.1570560038,1.135231972,1.140779,1,0,-1,33705,29492,16,16,8030,27.22772277,17.36070799,512002,0,512002,33705
v2,ea89b79a9dfd35df20fed759e6d15c60fe01e77c,direct,octree_nfcount,flyby,5,416,416,0.9753599763,0.1565120071,1.132799983,1.140391,1,0,-1,33825,29597,16,16,8118,27.42845559,17.29911815,512002,0,512002,33825
v2,ea89b79a9dfd35df20fed759e6d15c60fe01e77c,direct,octree_nfcount,flyby,5,417,417,0.9770560265,0.1597760022,1.137791991,1.145276,1,0,-1,33657,29450,16,16,7991,27.13412564,17.38546689,512002,0,512002,33657
v2,ea89b79a9dfd35df20fed759e6d15c60fe01e77c,direct,octree_nfcount,flyby,5,418,418,0.9859840274,0.1607680023,1.147711992,1.155215,1,0,-1,33977,29730,16,16,8223,27.65893037,17.22172889,512002,0,512002,33977
v2,ea89b79a9dfd35df20fed759e6d15c60fe01e77c,direct,octree_nfcount,flyby,5,419,419,1.001664042,0.1622399986,1.164863944,1.173797,1,0,-1,33953,29709,16,16,8124,27.34524891,17.23390218,512002,0,512002,33953
v2,ea89b79a9dfd35df20fed759e6d15c60fe01e77c,direct,octree_nfcount,flyby,5,420,420,0.9793279767,0.1582079977,1.138463974,1.146172,1,0,-1,33977,29730,16,16,8244,27.72956609,17.22172889,512002,0,512002,33977
v2,ea89b79a9dfd35df20fed759e6d15c60fe01e77c,direct,octree_nfcount,flyby,5,421,421,0.8428159952,0.1574719995,1.001216054,1.008743,1,0,-1,33913,29674,16,16,8119,27.36065242,17.25422929,512002,0,512002,33913
v2,ea89b79a9dfd35df20fed759e6d15c60fe01e77c,direct,octree_nfcount,flyby,5,422,422,0.9834240079,0.1547199935,1.139104009,1.146784,1,0,-1,34041,29786,16,16,8149,27.35849057,17.1893507,512002,0,512002,34041
v2,ea89b79a9dfd35df20fed759e6d15c60fe01e77c,direct,octree_nfcount,flyby,5,423,423,0.9935680032,0.1544000059,1.148928046,1.156355,1,0,-1,34105,29842,16,16,8208,27.50485892,17.15709403,512002,0,512002,34105
v2,ea89b79a9dfd35df20fed759e6d15c60fe01e77c,direct,octree_nfcount,flyby,5,424,424,0.9676799774,0.1597439945,1.128352046,1.135865,1,0,-1,34121,29856,16,16,8217,27.52210611,17.14904877,512002,0,512002,34121
v2,ea89b79a9dfd35df20fed759e6d15c60fe01e77c,direct,octree_nfcount,flyby,5,425,425,0.9827200174,0.1585599929,1.14220798,1.149474,1,0,-1,33977,29730,16,16,8217,27.63874874,17.22172889,512002,0,512002,33977
v2,ea89b79a9dfd35df20fed759e6d15c60fe01e77c,direct,octree_nfcount,flyby,5,426,426,0.9941759706,0.1610240042,1.156128049,1.163599,1,0,-1,34105,29842,16,16,8187,27.43448831,17.15709403,512002,0,512002,34105
v2,ea89b79a9dfd35df20fed759e6d15c60fe01e77c,direct,octree_nfcount,flyby,5,427,427,0.9879360199,0.1545280069,1.143391967,1.150748,1,0,-1,34401,30101,16,16,8348,27.7332979,17.00946812,512002,0,512002,34401
v2,ea89b79a9dfd35df20fed759e6d15c60fe01e77c,direct,octree_nfcount,flyby,5,428,428,0.8428800106,0.1594240069,1.00326395,1.01129,1,0,-1,34009,29758,16,16,8081,27.15572283,17.20552456,512002,0,512002,34009
v2,ea89b79a9dfd35df20fed759e6d15c60fe01e77c,direct,octree_nfcount,flyby,5,429,429,0.9860479832,0.1597439945,1.146720052,1.154405,1,0,-1,34321,30031,16,16,8297,27.62811761,17.04911591,512002,0,512002,34321
v2,ea89b79a9dfd35df20fed759e6d15c60fe01e77c,direct,octree_nfcount,flyby,5,430,430,0.9950720072,0.1566080004,1.152639985,1.160098,1,0,-1,34193,29919,16,16,8228,27.50091915,17.11293827,512002,0,512002,34193
v2,ea89b79a9dfd35df20fed759e6d15c60fe01e77c,direct,octree_nfcount,flyby,5,431,431,0.9814400077,0.1568959951,1.139296055,1.146356,1,0,-1,34265,29982,16,16,8214,27.39643786,17.07697952,512002,0,512002,34265
v2,ea89b79a9dfd35df20fed759e6d15c60fe01e77c,direct,octree_nfcount,flyby,5,432,432,0.9852799773,0.1615680009,1.147807956,1.155807,1,0,-1,34249,29968,16,16,8202,27.36919381,17.08495729,512002,0,512002,34249
v2,ea89b79a9dfd35df20fed759e6d15c60fe01e77c,direct,octree_nfcount,flyby,5,433,433,0.9921280146,0.1546880007,1.147776008,1.156656,1,0,-1,34065,29807,16,16,8141,27.31237629,17.17724025,512002,0,512002,34065
v2,ea89b79a9dfd35df20fed759e6d15c60fe01e77c,direct,octree_nfcount,flyby,5,434,434,0.9791359901,0.1542080045,1.134271979,1.141697,1,0,-1,34081,29821,16,16,8224,27.57788136,17.16917608,512002,0,512002,34081
v2,ea89b79a9dfd35df20fed759e6d15c60fe01e77c,direct,octree_nfcount,flyby,5,435,435,0.838079989,0.1612800062,1.00028801,1.007739,1,0,-1,33897,29660,16,16,8053,27.15104518,17.26237357,512002,0,512002,33897
v2,ea89b79a9dfd35df20fed759e6d15c60fe01e77c,direct,octree_nfcount,flyby,5,436,436,0.9912639856,0.158912003,1.151136041,1.158185,1,0,-1,34073,29814,16,16,8201,27.50721138,17.17320722,512002,0,512002,34073
v2,ea89b79a9dfd35df20fed759e6d15c60fe01e77c,direct,octree_nfcount,flyby,5,437,437,0.9905279875,0.1547199935,1.146208048,1.152977,1,0,-1,34105,29842,16,16,8104,27.15635681,17.15709403,512002,0,512002,34105
v2,ea89b79a9dfd35df20fed759e6d15c60fe01e77c,direct,octree_nfcount,flyby,5,438,438,0.9835519791,0.1546240002,1.139104009,1.146397,1,0,-1,34217,29940,16,16,8193,27.36472946,17.1009352,512002,0,512002,34217
v2,ea89b79a9dfd35df20fed759e6d15c60fe01e77c,direct,octree_nfcount,flyby,5,439,439,0.972127974,0.1576000005,1.130656004,1.138264,1,0,-1,34129,29863,16,16,8057,26.97987476,17.14502897,512002,0,512002,34129
v2,ea89b79a9dfd35df20fed759e6d15c60fe01e77c,direct,octree_nfcount,flyby,5,440,440,0.9768639803,0.1555839926,1.133376002,1.140909,1,0,-1,34153,29884,16,16,7992,26.74340784,17.13298086,512002,0,512002,34153
v2,ea89b79a9dfd35df20fed759e6d15c60fe01e77c,direct,octree_nfcount,flyby,5,441,441,0.98892802,0.1563840061,1.146271944,1.15415,1,0,-1,34193,29919,16,16,8117,27.12991744,17.11293827,512002,0,512002,34193
v2,ea89b79a9dfd35df20fed759e6d15c60fe01e77c,direct,octree_nfcount,flyby,5,442,442,0.8412799835,0.1607359946,1.002943993,1.010333,1,0,-1,34281,29996,16,16,8021,26.74023203,17.0690092,512002,0,512002,34281
v2,ea89b79a9dfd35df20fed759e6d15c60fe01e77c,direct,octree_nfcount,flyby,5,443,443,0.9911040068,0.1586560011,1.15072,1.15839,1,0,-1,34113,29849,16,16,8072,27.042782,17.15307045,512002,0,512002,34113
v2,ea89b79a9dfd35df20fed759e6d15c60fe01e77c,direct,octree_nfcount,flyby,5,444,444,1.001152039,0.1555519998,1.157663941,1.164989,1,0,-1,34089,29828,16,16,7981,26.75673863,17.16514684,512002,0,512002,34089
v2,ea89b79a9dfd35df20fed759e6d15c60fe01e77c,direct,octree_nfcount,flyby,5,445,445,0.9648320079,0.1587200016,1.124480009,1.132006,1,0,-1,33969,29723,16,16,7958,26.77387881,17.22578475,512002,0,512002,33969
v2,ea89b79a9dfd35df20fed759e6d15c60fe01e77c,direct,octree_nfcount,flyby,5,446,446,0.8472639918,0.1557440013,1.003936052,1.011274,1,0,-1,33921,29681,16,16,7763,26.15477915,17.25016004,512002,0,512002,33921
v2,ea89b79a9dfd35df20fed759e6d15c60fe01e77c,direct,octree_nfcount,flyby,5,447,447,0.9855999947,0.157407999,1.143936038,1.150981,1,0,-1,33985,29737,16,16,7879,26.49561153,17.21767495,512002,0,512002,33985
v2,ea89b79a9dfd35df20fed759e6d15c60fe01e77c,direct,octree_nfcount,flyby,5,448,448,0.9811840057,0.1633599997,1.145503998,1.153029,1,0,-1,34001,29751,16,16,7888,26.51339451,17.20957279,512002,0,512002,34001
v2,ea89b79a9dfd35df20fed759e6d15c60fe01e77c,direct,octree_nfcount,flyby,5,449,449,0.8483840227,0.1579519957,1.007295966,1.014653,1,0,-1,34169,29898,16,16,7876,26.34289919,17.12495819,512002,0,512002,34169
v2,ea89b79a9dfd35df20fed759e6d15c60fe01e77c,direct,octree_nfcount,flyby,5,450,450,0.9803839922,0.157407999,1.138720036,1.147067,1,0,-1,34241,29961,16,16,8006,26.72140449,17.08894897,512002,0,512002,34241
v2,ea89b79a9dfd35df20fed759e6d15c60fe01e77c,direct,octree_nfcount,flyby,5,451,451,1.003072023,0.1576959938,1.161728024,1.169101,1,0,-1,34193,29919,16,16,7972,26.64527558,17.11293827,512002,0,512002,34193
v2,ea89b79a9dfd35df20fed759e6d15c60fe01e77c,direct,octree_nfcount,flyby,5,452,452,1.000480056,0.1605760008,1.161983967,1.169734,1,0,-1,34305,30017,16,16,8051,26.82146783,17.05706766,512002,0,512002,34305
v2,ea89b79a9dfd35df20fed759e6d15c60fe01e77c,direct,octree_nfcount,flyby,5,453,453,0.8436800241,0.1557759941,1.00041604,1.007877,1,0,-1,34177,29905,16,16,8033,26.86172881,17.12094967,512002,0,512002,34177
v2,ea89b79a9dfd35df20fed759e6d15c60fe01e77c,direct,octree_nfcount,flyby,5,454,454,0.990719974,0.1567360014,1.148416042,1.15608,1,0,-1,34177,29905,16,16,8059,26.94867079,17.12094967,512002,0,512002,34177
v2,ea89b79a9dfd35df20fed759e6d15c60fe01e77c,direct,octree_nfcount,flyby,5,455,455,0.9896320105,0.1596159935,1.150207996,1.157856,1,0,-1,34161,29891,16,16,8105,27.11518517,17.12896859,512002,0,512002,34161
v2,ea89b79a9dfd35df20fed759e6d15c60fe01e77c,direct,octree_nfcount,flyby,5,456,456,0.8361279964,0.1547520012,0.9918079972,0.997628,1,0,-1,34177,29905,16,16,7996,26.73800368,17.12094967,512002,0,512002,34177
v2,ea89b79a9dfd35df20fed759e6d15c60fe01e77c,direct,octree_nfcount,flyby,5,457,457,0.9809280038,0.153888002,1.135743976,1.142559,1,0,-1,34305,30017,16,16,8130,27.08465203,17.05706766,512002,0,512002,34305
v2,ea89b79a9dfd35df20fed759e6d15c60fe01e77c,direct,octree_nfcount,flyby,5,458,458,0.9947839975,0.1566080004,1.152320027,1.159875,1,0,-1,34009,29758,16,16,7866,26.43322804,17.20552456,512002,0,512002,34009
v2,ea89b79a9dfd35df20fed759e6d15c60fe01e77c,direct,octree_nfcount,flyby,5,459,459,0.9772800207,0.1566399932,1.134847999,1.142568,1,0,-1,34377,30080,16,16,8089,26.89162234,17.02134309,512002,0,512002,34377
v2,ea89b79a9dfd35df20fed759e6d15c60fe01e77c,direct,octree_nfcount,flyby,5,460,460,0.8429759741,0.1597760022,1.003712058,1.01076,1,0,-1,34273,29989,16,16,8028,26.7698156,17.07299343,512002,0,512002,34273
v2,ea89b79a9dfd35df20fed759e6d15c60fe01e77c,direct,octree_nfcount,flyby,5,461,461,1.00383997,0.1575679928,1.162368059,1.169513,1,0,-1,34337,30045,16,16,8050,26.79314362,17.04117158,512002,0,512002,34337
v2,ea89b79a9dfd35df20fed759e6d15c60fe01e77c,direct,octree_nfcount,flyby,5,462,462,0.9977920055,0.1587840021,1.157503963,1.165171,1,0,-1,34273,29989,16,16,8022,26.74980826,17.07299343,512002,0,512002,34273
v2,ea89b79a9dfd35df20fed759e6d15c60fe01e77c,direct,octree_nfcount,flyby,5,463,463,0.9879040122,0.1575679928,1.146399975,1.154174,1,0,-1,34305,30017,16,16,7873,26.22847053,17.05706766,512002,0,512002,34305
v2,ea89b79a9dfd35df20fed759e6d15c60fe01e77c,direct,octree_nfcount,flyby,5,464,464,0.9807680249,0.1548479944,1.136576056,1.144172,1,0,-1,34457,30150,16,16,8128,26.95854063,16.98182421,512002,0,512002,34457
v2,ea89b79a9dfd35df20fed759e6d15c60fe01e77c,direct,octree_nfcount,flyby,5,465,465,0.9890239835,0.1614080071,1.151391983,1.158208,1,0,-1,34073,29814,16,16,7893,26.47413967,17.17320722,512002,0,512002,34073
v2,ea89b79a9dfd35df20fed759e6d15c60fe01e77c,direct,octree_nfcount,flyby,5,466,466,1.001440048,0.154655993,1.157055974,1.165088,1,0,-1,34473,30164,16,16,8078,26.78026787,16.97394245,512002,0,512002,34473
v2,ea89b79a9dfd35df20fed759e6d15c60fe01e77c,direct,octree_nfcount,flyby,5,467,467,0.8608000278,0.1546880007,1.016448021,1.023846,1,0,-1,34169,29898,16,16,7948,26.58371797,17.12495819,512002,0,512002,34169
v2,ea89b79a9dfd35df20fed759e6d15c60fe01e77c,direct,octree_nfcount,flyby,5,468,468,0.9865279794,0.1608320028,1.148288012,1.155972,1,0,-1,34137,29870,16,16,7981,26.71911617,17.14101105,512002,0,512002,34137
v2,ea89b79a9dfd35df20fed759e6d15c60fe01e77c,direct,octree_nfcount,flyby,5,469,469,1.000767946,0.1586560011,1.160351992,1.167579,1,0,-1,34201,29926,16,16,7970,26.63235982,17.10893537,512002,0,512002,34201
v2,ea89b79a9dfd35df20fed759e6d15c60fe01e77c,direct,octree_nfcount,flyby,5,470,470,0.8444799781,0.1587840021,1.004191995,1.011244,1,0,-1,34041,29786,16,16,7795,26.17001276,17.1893507,512002,0,512002,34041
v2,ea89b79a9dfd35df20fed759e6d15c60fe01e77c,direct,octree_nfcount,flyby,5,471,471,0.9845119715,0.1567679942,1.142240047,1.149683,1,0,-1,34009,29758,16,16,7851,26.38282143,17.20552456,512002,0,512002,34009
v2,ea89b79a9dfd35df20fed759e6d15c60fe01e77c,direct,octree_nfcount,flyby,5,472,472,0.996096015,0.1607359946,1.157760024,1.164677,1,0,-1,33953,29709,16,16,7838,26.38257767,17.23390218,512002,0,512002,33953
v2,ea89b79a9dfd35df20fed759e6d15c60fe01e77c,direct,octree_nfcount,flyby,5,473,473,0.9914559722,0.154783994,1.147199988,1.154149,1,0,-1,34145,29877,16,16,7961,26.64591492,17.13699501,512002,0,512002,34145
v2,ea89b79a9dfd35df20fed759e6d15c60fe01e77c,direct,octree_nfcount,flyby,5,474,474,0.8409280181,0.1586879939,1.000576019,1.007906,1,0,-1,34153,29884,16,16,7869,26.33181636,17.13298086,512002,0,512002,34153
v2,ea89b79a9dfd35df20fed759e6d15c60fe01e77c,direct,octree_nfcount,flyby,5,475,475,0.9929280281,0.155903995,1.149791956,1.155866,1,0,-1,34153,29884,16,16,7945,26.58613305,17.13298086,512002,0,512002,34153
v2,ea89b79a9dfd35df20fed759e6d15c60fe01e77c,direct,octree_nfcount,flyby,5,476,476,0.9849280119,0.1537279934,1.139583945,1.146314,1,0,-1,33961,29716,16,16,7966,26.80710728,17.22984251,512002,0,512002,33961
v2,ea89b79a9dfd35df20fed759e6d15c60fe01e77c,direct,octree_nfcount,flyby,5,477,477,0.8503360152,0.1607359946,1.011999965,1.019563,1,0,-1,34041,29786,16,16,7832,26.29423219,17.1893507,512002,0,512002,34041
v2,ea89b79a9dfd35df20fed759e6d15c60fe01e77c,direct,octree_nfcount,flyby,5,478,478,0.9947199821,0.1619199961,1.157567978,1.163797,1,0,-1,34233,29954,16,16,8041,26.84449489,17.09294251,512002,0,512002,34233
v2,ea89b79a9dfd35df20fed759e6d15c60fe01e77c,direct,octree_nfcount,flyby,5,479,479,0.9975360036,0.1565759927,1.155071974,1.162364,1,0,-1,34369,30073,16,16,8060,26.80144981,17.02530509,512002,0,512002,34369
v2,ea89b79a9dfd35df20fed759e6d15c60fe01e77c,direct,octree_nfcount,flyby,5,480,480,0.9941759706,0.1588159949,1.153920054,1.161558,1,0,-1,34265,29982,16,16,8061,26.88613168,17.07697952,512002,0,512002,34265
v2,ea89b79a9dfd35df20fed759e6d15c60fe01e77c,direct,octree_nfcount,flyby,5,481,481,0.9773759842,0.1586560011,1.136991978,1.143862,1,0,-1,33721,29506,16,16,7769,26.33023792,17.35247068,512002,0,512002,33721
v2,ea89b79a9dfd35df20fed759e6d15c60fe01e77c,direct,octree_nfcount,flyby,5,482,482,0.9865919948,0.1566080004,1.144160032,1.151162,1,0,-1,33777,29555,16,16,7769,26.28658433,17.32370157,512002,0,512002,33777
v2,ea89b79a9dfd35df20fed759e6d15c60fe01e77c,direct,octree_nfcount,flyby,5,483,483,0.9848960042,0.1567360014,1.142560005,1.150057,1,0,-1,34113,29849,16,16,7944,26.61395692,17.15307045,512002,0,512002,34113
v2,ea89b79a9dfd35df20fed759e6d15c60fe01e77c,direct,octree_nfcount,flyby,5,484,484,0.8338239789,0.1586879939,0.9934399724,0.999216,1,0,-1,34081,29821,16,16,7830,26.25666477,17.16917608,512002,0,512002,34081
v2,ea89b79a9dfd35df20fed759e6d15c60fe01e77c,direct,octree_nfcount,flyby,5,485,485,0.9896960258,0.159807995,1.150464058,1.15786,1,0,-1,34001,29751,16,16,7877,26.47642096,17.20957279,512002,0,512002,34001
v2,ea89b79a9dfd35df20fed759e6d15c60fe01e77c,direct,octree_nfcount,flyby,5,486,486,0.9809600115,0.1586560011,1.140544057,1.148285,1,0,-1,34193,29919,16,16,7825,26.153949,17.11293827,512002,0,512002,34193
v2,ea89b79a9dfd35df20fed759e6d15c60fe01e77c,direct,octree_nfcount,flyby,5,487,487,0.9799360037,0.1588159949,1.139711976,1.147071,1,0,-1,34121,29856,16,16,8000,26.79528403,17.14904877,512002,0,512002,34121
v2,ea89b79a9dfd35df20fed759e6d15c60fe01e77c,direct,octree_nfcount,flyby,5,488,488,0.8462719917,0.159679994,1.006880045,1.015048,1,0,-1,33961,29716,16,16,7949,26.74989904,17.22984251,512002,0,512002,33961
v2,ea89b79a9dfd35df20fed759e6d15c60fe01e77c,direct,octree_nfcount,flyby,5,489,489,1.088511944,0.1587519944,1.248191953,1.255708,1,0,-1,33953,29709,16,16,7836,26.3758457,17.23390218,512002,0,512002,33953
v2,ea89b79a9dfd35df20fed759e6d15c60fe01e77c,direct,octree_nfcount,flyby,5,490,490,0.9674559832,0.1574400067,1.125856042,1.133369,1,0,-1,34225,29947,16,16,8066,26.93425051,17.09693792,512002,0,512002,34225
v2,ea89b79a9dfd35df20fed759e6d15c60fe01e77c,direct,octree_nfcount,flyby,5,491,491,0.8406720161,0.1615359932,1.003136039,1.010933,1,0,-1,34241,29961,16,16,7855,26.21741597,17.08894897,512002,0,512002,34241
v2,ea89b79a9dfd35df20fed759e6d15c60fe01e77c,direct,octree_nfcount,flyby,5,492,492,0.9759359956,0.1594880074,1.136351943,1.144341,1,0,-1,34193,29919,16,16,7983,26.68204151,17.11293827,512002,0,512002,34193
v2,ea89b79a9dfd35df20fed759e6d15c60fe01e77c,direct,octree_nfcount,flyby,5,493,493,0.973088026,0.157407999,1.131456017,1.138984,1,0,-1,33937,29695,16,16,7909,26.63411349,17.24202728,512002,0,512002,33937
v2,ea89b79a9dfd35df20fed759e6d15c60fe01e77c,direct,octree_nfcount,flyby,5,494,494,0.9760640264,0.1576000005,1.134624004,1.141909,1,0,-1,34057,29800,16,16,7831,26.27852349,17.18127517,512002,0,512002,34057
v2,ea89b79a9dfd35df20fed759e6d15c60fe01e77c,direct,octree_nfcount,flyby,5,495,495,0.9598720074,0.1582400054,1.119040012,1.12667,1,0,-1,34121,29856,16,16,7914,26.50723473,17.14904877,512002,0,512002,34121
v2,ea89b79a9dfd35df20fed759e6d15c60fe01e77c,direct,octree_nfcount,flyby,5,496,496,0.9717440009,0.1567039937,1.129408002,1.136638,1,0,-1,34153,29884,16,16,7849,26.26489091,17.13298086,512002,0,512002,34153
v2,ea89b79a9dfd35df20fed759e6d15c60fe01e77c,direct,octree_nfcount,flyby,5,497,497,0.9878079891,0.1564799994,1.145215988,1.152803,1,0,-1,34273,29989,16,16,7951,26.51305479,17.07299343,512002,0,512002,34273
v2,ea89b79a9dfd35df20fed759e6d15c60fe01e77c,direct,octree_nfcount,flyby,5,498,498,0.8392000198,0.157536,0.9976959825,1.005761,1,0,-1,34137,29870,16,16,7831,26.21694007,17.14101105,512002,0,512002,34137
v2,ea89b79a9dfd35df20fed759e6d15c60fe01e77c,direct,octree_nfcount,flyby,5,499,499,1.004160047,0.1587840021,1.163903952,1.171746,1,0,-1,34193,29919,16,16,7996,26.72549216,17.11293827,512002,0,512002,34193
v2,ea89b79a9dfd35df20fed759e6d15c60fe01e77c,direct,octree_nfcount,flyby,5,500,500,0.9776319861,0.1566080004,1.135167956,1.142867,1,0,-1,33977,29730,16,16,7826,26.32357888,17.22172889,512002,0,512002,33977
v2,ea89b79a9dfd35df20fed759e6d15c60fe01e77c,direct,octree_nfcount,flyby,5,501,501,0.9806079865,0.1548160017,1.136351943,1.143623,1,0,-1,34057,29800,16,16,7899,26.50671141,17.18127517,512002,0,512002,34057
v2,ea89b79a9dfd35df20fed759e6d15c60fe01e77c,direct,octree_nfcount,flyby,5,502,502,0.9933440089,0.1592639983,1.153568029,1.161504,1,0,-1,34081,29821,16,16,7955,26.67583247,17.16917608,512002,0,512002,34081
v2,ea89b79a9dfd35df20fed759e6d15c60fe01e77c,direct,octree_nfcount,flyby,5,503,503,0.9860799909,0.157792002,1.14604795,1.152603,1,0,-1,34297,30010,16,16,7965,26.54115295,17.06104632,512002,0,512002,34297
v2,ea89b79a9dfd35df20fed759e6d15c60fe01e77c,direct,octree_nfcount,flyby,5,504,504,0.9932159781,0.1576319933,1.151808023,1.158826,1,0,-1,34561,30241,16,16,8093,26.76168116,16.93072319,512002,0,512002,34561
v2,ea89b79a9dfd35df20fed759e6d15c60fe01e77c,direct,octree_nfcount,flyby,5,505,505,0.8612480164,0.1614080071,1.023584008,1.031171,1,0,-1,34265,29982,16,16,7971,26.58595157,17.07697952,512002,0,512002,34265
v2,ea89b79a9dfd35df20fed759e6d15c60fe01e77c,direct,octree_nfcount,flyby,5,506,506,0.993727982,0.157792002,1.152448058,1.159433,1,0,-1,34353,30059,16,16,8018,26.67420739,17.03323464,512002,0,512002,34353
v2,ea89b79a9dfd35df20fed759e6d15c60fe01e77c,direct,octree_nfcount,flyby,5,507,507,0.99673599,0.1556160003,1.153311968,1.160489,1,0,-1,34321,30031,16,16,8074,26.8855516,17.04911591,512002,0,512002,34321
v2,ea89b79a9dfd35df20fed759e6d15c60fe01e77c,direct,octree_nfcount,flyby,5,508,508,0.8632000089,0.1596159935,1.023743987,1.031902,1,0,-1,34329,30038,16,16,7914,26.34662761,17.04514282,512002,0,512002,34329
v2,ea89b79a9dfd35df20fed759e6d15c60fe01e77c,direct,octree_nfcount,flyby,5,509,509,0.9800320268,0.1618880033,1.142879963,1.150626,1,0,-1,34449,30143,16,16,8033,26.64963673,16.98576784,512002,0,512002,34449
v2,ea89b79a9dfd35df20fed759e6d15c60fe01e77c,direct,octree_nfcount,flyby,5,510,510,1.000671983,0.1565439999,1.158143997,1.166063,1,0,-1,34241,29961,16,16,7983,26.64463803,17.08894897,512002,0,512002,34241
v2,ea89b79a9dfd35df20fed759e6d15c60fe01e77c,direct,octree_nfcount,flyby,5,511,511,0.9751679897,0.158912003,1.135040045,1.142711,1,0,-1,34377,30080,16,16,8094,26.90824468,17.02134309,512002,0,512002,34377
v2,ea89b79a9dfd35df20fed759e6d15c60fe01e77c,direct,octree_nfcount,flyby,5,512,512,0.8432959914,0.154783994,0.9990400076,1.0068,1,0,-1,34145,29877,16,16,8027,26.86682063,17.13699501,512002,0,512002,34145
v2,ea89b79a9dfd35df20fed759e6d15c60fe01e77c,direct,octree_nfcount,flyby,5,513,513,0.9872959852,0.157664001,1.145887971,1.154095,1,0,-1,34193,29919,16,16,8024,26.81907818,17.11293827,512002,0,512002,34193
v2,ea89b79a9dfd35df20fed759e6d15c60fe01e77c,direct,octree_nfcount,flyby,5,514,514,0.9958720207,0.1588159949,1.155647993,1.163466,1,0,-1,34177,29905,16,16,8008,26.77813075,17.12094967,512002,0,512002,34177
v2,ea89b79a9dfd35df20fed759e6d15c60fe01e77c,direct,octree_nfcount,flyby,5,515,515,0.837823987,0.1537279934,0.9925119877,1.00015,1,0,-1,33993,29744,16,16,7824,26.30446477,17.21362292,512002,0,512002,33993
v2,ea89b79a9dfd35df20fed759e6d15c60fe01e77c,direct,octree_nfcount,flyby,5,516,516,0.9852799773,0.1544640064,1.140671968,1.148431,1,0,-1,34241,29961,16,16,7983,26.64463803,17.08894897,512002,0,512002,34241
v2,ea89b79a9dfd35df20fed759e6d15c60fe01e77c,direct,octree_nfcount,flyby,5,517,517,0.9689599872,0.1566720009,1.12659204,1.133939,1,0,-1,34073,29814,16,16,7867,26.38693231,17.17320722,512002,0,512002,34073
v2,ea89b79a9dfd35df20fed759e6d15c60fe01e77c,direct,octree_nfcount,flyby,5,518,518,0.9680640101,0.1616639942,1.130687952,1.1385,1,0,-1,34313,30024,16,16,7955,26.49547029,17.05309086,512002,0,512002,34313
v2,ea89b79a9dfd35df20fed759e6d15c60fe01e77c,direct,octree_nfcount,flyby,5,519,519,0.8428480029,0.1553280056,0.9991359711,1.006594,1,0,-1,34249,29968,16,16,7995,26.67845702,17.08495729,512002,0,512002,34249
v2,ea89b79a9dfd35df20fed759e6d15c60fe01e77c,direct,octree_nfcount,flyby,5,520,520,0.9871360064,0.159807995,1.147871971,1.155427,1,0,-1,34177,29905,16,16,7880,26.35010868,17.12094967,512002,0,512002,34177
v2,ea89b79a9dfd35df20fed759e6d15c60fe01e77c,direct,octree_nfcount,flyby,5,521,521,0.9971839786,0.1553280056,1.153471947,1.161293,1,0,-1,34337,30045,16,16,7971,26.53020469,17.04117158,512002,0,512002,34337
v2,ea89b79a9dfd35df20fed759e6d15c60fe01e77c,direct,octree_nfcount,flyby,5,522,522,0.8479359746,0.1552640051,1.004127979,1.011666,1,0,-1,34097,29835,16,16,7795,26.12703201,17.16111949,512002,0,512002,34097
v2,ea89b79a9dfd35df20fed759e6d15c60fe01e77c,direct,octree_nfcount,flyby,5,523,523,0.9963840246,0.1618880033,1.159199953,1.166568,1,0,-1,34257,29975,16,16,7909,26.3853211,17.08096747,512002,0,512002,34257
v2,ea89b79a9dfd35df20fed759e6d15c60fe01e77c,direct,octree_nfcount,flyby,5,524,524,0.9826239944,0.1574719995,1.141055942,1.148595,1,0,-1,34065,29807,16,16,7741,25.97040964,17.17724025,512002,0,512002,34065
v2,ea89b79a9dfd35df20fed759e6d15c60fe01e77c,direct,octree_nfcount,flyby,5,525,525,0.8396480083,0.1597120017,1.000319958,1.007411,1,0,-1,34185,29912,16,16,7735,25.85918695,17.11694303,512002,0,512002,34185
v2,ea89b79a9dfd35df20fed759e6d15c60fe01e77c,direct,octree_nfcount,flyby,5,526,526,0.9779199958,0.1566399932,1.135519981,1.143585,1,0,-1,34161,29891,16,16,7912,26.46950587,17.12896859,512002,0,512002,34161
v2,ea89b79a9dfd35df20fed759e6d15c60fe01e77c,direct,octree_nfcount,flyby,5,527,527,0.9806079865,0.1585920006,1.140159965,1.148468,1,0,-1,34065,29807,16,16,7751,26.0039588,17.17724025,512002,0,512002,34065
v2,ea89b79a9dfd35df20fed759e6d15c60fe01e77c,direct,octree_nfcount,flyby,5,528,528,0.9744319916,0.1595200002,1.134879947,1.143148,1,0,-1,34201,29926,16,16,7844,26.21132126,17.10893537,512002,0,512002,34201
v2,ea89b79a9dfd35df20fed759e6d15c60fe01e77c,direct,octree_nfcount,flyby,5,529,529,0.8413760066,0.1586239934,1.000928044,1.0085,1,0,-1,34241,29961,16,16,7869,26.26414339,17.08894897,512002,0,512002,34241
v2,ea89b79a9dfd35df20fed759e6d15c60fe01e77c,direct,octree_nfcount,flyby,5,530,530,0.9855999947,0.1573439986,1.143872023,1.15125,1,0,-1,34297,30010,16,16,7856,26.17794069,17.06104632,512002,0,512002,34297
v2,ea89b79a9dfd35df20fed759e6d15c60fe01e77c,direct,octree_nfcount,flyby,5,531,531,1.009600043,0.1586879939,1.169247985,1.176747,1,0,-1,34393,30094,16,16,7952,26.42387187,17.0134246,512002,0,512002,34393
v2,ea89b79a9dfd35df20fed759e6d15c60fe01e77c,direct,octree_nfcount,flyby,5,532,532,0.8442239761,0.1616960019,1.007392049,1.01446,1,0,-1,34281,29996,16,16,7838,26.13015069,17.0690092,512002,0,512002,34281
v2,ea89b79a9dfd35df20fed759e6d15c60fe01e77c,direct,octree_nfcount,flyby,5,533,533,0.9940479994,0.1617600024,1.156736016,1.164167,1,0,-1,34273,29989,16,16,7948,26.50305112,17.07299343,512002,0,512002,34273
v2,ea89b79a9dfd35df20fed759e6d15c60fe01e77c,direct,octree_nfcount,flyby,5,534,534,0.9782080054,0.1608639956,1.139999986,1.147251,1,0,-1,34321,30031,16,16,7807,25.99647031,17.04911591,512002,0,512002,34321
v2,ea89b79a9dfd35df20fed759e6d15c60fe01e77c,direct,octree_nfcount,flyby,5,535,535,0.9742720127,0.1587200016,1.133952022,1.141659,1,0,-1,34337,30045,16,16,7915,26.34381761,17.04117158,512002,0,512002,34337
v2,ea89b79a9dfd35df20fed759e6d15c60fe01e77c,direct,octree_nfcount,flyby,5,536,536,0.8628159761,0.1634240001,1.027583957,1.035487,1,0,-1,34385,30087,16,16,7947,26.41340114,17.01738292,512002,0,512002,34385
v2,ea89b79a9dfd35df20fed759e6d15c60fe01e77c,direct,octree_nfcount,flyby,5,537,537,0.9696000218,0.158912003,1.129472017,1.136807,1,0,-1,34473,30164,16,16,7893,26.16695398,16.97394245,512002,0,512002,34473
v2,ea89b79a9dfd35df20fed759e6d15c60fe01e77c,direct,octree_nfcount,flyby,5,538,538,1.003615975,0.1536000073,1.158143997,1.165486,1,0,-1,34529,30213,16,16,7963,26.35620428,16.9464138,512002,0,512002,34529
v2,ea89b79a9dfd35df20fed759e6d15c60fe01e77c,direct,octree_nfcount,flyby,5,539,539,0.8385279775,0.1576959938,0.9971200228,1.004216,1,0,-1,34649,30318,16,16,7890,26.02414407,16.88772346,512002,0,512002,34649
v2,ea89b79a9dfd35df20fed759e6d15c60fe01e77c,direct,octree_nfcount,flyby,5,540,540,0.9917439818,0.1599040031,1.15257597,1.160066,1,0,-1,34521,30206,16,16,7976,26.40534993,16.95034099,512002,0,512002,34521
v2,ea89b79a9dfd35df20fed759e6d15c60fe01e77c,direct,octree_nfcount,flyby,5,541,541,0.9784640074,0.1547199935,1.134143949,1.139852,1,0,-1,34441,30136,16,16,7975,26.46336607,16.9897133,512002,0,512002,34441
v2,ea89b79a9dfd35df20fed759e6d15c60fe01e77c,direct,octree_nfcount,flyby,5,542,542,0.8499839902,0.1568640023,1.007776022,1.01449,1,0,-1,34433,30129,16,16,7821,25.95837897,16.99366059,512002,0,512002,34433
v2,ea89b79a9dfd35df20fed759e6d15c60fe01e77c,direct,octree_nfcount,flyby,5,543,543,0.9752640128,0.1557759941,1.131999969,1.13898,1,0,-1,34513,30199,16,16,7921,26.22934534,16.95427001,512002,0,512002,34513
v2,ea89b79a9dfd35df20fed759e6d15c60fe01e77c,direct,octree_nfcount,flyby,5,544,544,1.000095963,0.1526080072,1.153632045,1.160908,1,0,-1,34297,30010,16,16,7731,25.76141286,17.06104632,512002,0,512002,34297
v2,ea89b79a9dfd35df20fed759e6d15c60fe01e77c,direct,octree_nfcount,flyby,5,545,545,0.9854080081,0.1536639929,1.140032053,1.147384,1,0,-1,34193,29919,16,16,7824,26.15060664,17.11293827,512002,0,512002,34193
v2,ea89b79a9dfd35df20fed759e6d15c60fe01e77c,direct,octree_nfcount,flyby,5,546,546,0.8403519988,0.1608639956,1.002143979,1.009986,1,0,-1,34033,29779,16,16,7649,25.68588603,17.19339132,512002,0,512002,34033
v2,ea89b79a9dfd35df20fed759e6d15c60fe01e77c,direct,octree_nfcount,flyby,5,547,547,0.9836800098,0.1574400067,1.142079949,1.149453,1,0,-1,33929,29688,16,16,7618,25.66019941,17.2460927,512002,0,512002,33929
v2,ea89b79a9dfd35df20fed759e6d15c60fe01e77c,direct,octree_nfcount,flyby,5,548,548,0.9887359738,0.1547199935,1.144384027,1.152091,1,0,-1,34185,29912,16,16,7695,25.72546135,17.11694303,512002,0,512002,34185
v2,ea89b79a9dfd35df20fed759e6d15c60fe01e77c,direct,octree_nfcount,flyby,5,549,549,0.9677760005,0.1547199935,1.123456001,1.129978,1,0,-1,33937,29695,16,16,7555,25.4419936,17.24202728,512002,0,512002,33937
v2,ea89b79a9dfd35df20fed759e6d15c60fe01e77c,direct,octree_nfcount,flyby,5,550,550,0.9957759976,0.1608639956,1.157567978,1.16525,1,0,-1,34041,29786,16,16,7699,25.84771369,17.1893507,512002,0,512002,34041
v2,ea89b79a9dfd35df20fed759e6d15c60fe01e77c,direct,octree_nfcount,flyby,5,551,551,0.9773759842,0.1545280069,1.132863998,1.140013,1,0,-1,33841,29611,16,16,7600,25.66613758,17.29093918,512002,0,512002,33841
v2,ea89b79a9dfd35df20fed759e6d15c60fe01e77c,direct,octree_nfcount,flyby,5,552,552,0.958912015,0.1635199934,1.123391986,1.130507,1,0,-1,34049,29793,16,16,7618,25.56976471,17.18531199,512002,0,512002,34049
v2,ea89b79a9dfd35df20fed759e6d15c60fe01e77c,direct,octree_nfcount,flyby,5,553,553,0.9814400077,0.1566720009,1.139071941,1.146119,1,0,-1,33873,29639,16,16,7599,25.63851682,17.27460441,512002,0,512002,33873
v2,ea89b79a9dfd35df20fed759e6d15c60fe01e77c,direct,octree_nfcount,flyby,5,554,554,0.991584003,0.1568959951,1.14944005,1.156704,1,0,-1,33761,29541,16,16,7503,25.39859856,17.33191158,512002,0,512002,33761
v2,ea89b79a9dfd35df20fed759e6d15c60fe01e77c,direct,octree_nfcount,flyby,5,555,555,0.9903360009,0.162816003,1.154111981,1.160989,1,0,-1,34025,29772,16,16,7671,25.76582023,17.19743383,512002,0,512002,34025
v2,ea89b79a9dfd35df20fed759e6d15c60fe01e77c,direct,octree_nfcount,flyby,5,556,556,0.8375999928,0.1609600037,0.9995200038,1.006546,1,0,-1,33801,29576,16,16,7531,25.46321342,17.31140114,512002,0,512002,33801
v2,ea89b79a9dfd35df20fed759e6d15c60fe01e77c,direct,octree_nfcount,flyby,5,557,557,0.9824960232,0.1527359933,1.136160016,1.143401,1,0,-1,33865,29632,16,16,7578,25.5737041,17.27868521,512002,0,512002,33865
v2,ea89b79a9dfd35df20fed759e6d15c60fe01e77c,direct,octree_nfcount,flyby,5,558,558,0.9866560102,0.1595840007,1.147199988,1.15465,1,0,-1,34057,29800,16,16,7667,25.72818792,17.18127517,512002,0,512002,34057
v2,ea89b79a9dfd35df20fed759e6d15c60fe01e77c,direct,octree_nfcount,flyby,5,559,559,0.8521280289,0.1616639942,1.01475203,1.022324,1,0,-1,33929,29688,16,16,7533,25.37388844,17.2460927,512002,0,512002,33929
v2,ea89b79a9dfd35df20fed759e6d15c60fe01e77c,direct,octree_nfcount,flyby,5,560,560,0.9830719829,0.1618880033,1.145920038,1.153514,1,0,-1,34113,29849,16,16,7688,25.75630674,17.15307045,512002,0,512002,34113
v2,ea89b79a9dfd35df20fed759e6d15c60fe01e77c,direct,octree_nfcount,flyby,5,561,561,0.9876160026,0.1586879939,1.147232056,1.154428,1,0,-1,33921,29681,16,16,7590,25.57191469,17.25016004,512002,0,512002,33921
v2,ea89b79a9dfd35df20fed759e6d15c60fe01e77c,direct,octree_nfcount,flyby,5,562,562,0.9720640182,0.1607680023,1.133792043,1.141072,1,0,-1,33913,29674,16,16,7569,25.507178,17.25422929,512002,0,512002,33913
v2,ea89b79a9dfd35df20fed759e6d15c60fe01e77c,direct,octree_nfcount,flyby,5,563,563,0.9680640101,0.1578239948,1.126847982,1.13238,1,0,-1,34161,29891,16,16,7715,25.81044462,17.12896859,512002,0,512002,34161
v2,ea89b79a9dfd35df20fed759e6d15c60fe01e77c,direct,octree_nfcount,flyby,5,564,564,0.9795200229,0.1538559943,1.134335995,1.139919,1,0,-1,34001,29751,16,16,7617,25.60250076,17.20957279,512002,0,512002,34001
v2,ea89b79a9dfd35df20fed759e6d15c60fe01e77c,direct,octree_nfcount,flyby,5,565,565,0.9815359712,0.1568000019,1.139263988,1.146674,1,0,-1,34321,30031,16,16,7700,25.64017182,17.04911591,512002,0,512002,34321
v2,ea89b79a9dfd35df20fed759e6d15c60fe01e77c,direct,octree_nfcount,flyby,5,566,566,0.8448640108,0.1576959938,1.003520012,1.011176,1,0,-1,33977,29730,16,16,7606,25.5835856,17.22172889,512002,0,512002,33977
v2,ea89b79a9dfd35df20fed759e6d15c60fe01e77c,direct,octree_nfcount,flyby,5,567,567,0.9768000245,0.1546880007,1.13241601,1.138548,1,0,-1,34121,29856,16,16,7689,25.75361736,17.14904877,512002,0,512002,34121
v2,ea89b79a9dfd35df20fed759e6d15c60fe01e77c,direct,octree_nfcount,flyby,5,568,568,0.9783359766,0.1603520066,1.139647961,1.14681,1,0,-1,33889,29653,16,16,7635,25.74781641,17.26644859,512002,0,512002,33889
v2,ea89b79a9dfd35df20fed759e6d15c60fe01e77c,direct,octree_nfcount,flyby,5,569,569,0.8375359774,0.1583999991,0.9968960285,1.004271,1,0,-1,33833,29604,16,16,7530,25.43575193,17.2950277,512002,0,512002,33833
v2,ea89b79a9dfd35df20fed759e6d15c60fe01e77c,direct,octree_nfcount,flyby,5,570,570,0.9705600142,0.1505919993,1.122112036,1.129483,1,0,-1,33841,29611,16,16,7581,25.60197224,17.29093918,512002,0,512002,33841
v2,ea89b79a9dfd35df20fed759e6d15c60fe01e77c,direct,octree_nfcount,flyby,5,571,571,0.9843199849,0.1579519957,1.14320004,1.148936,1,0,-1,33921,29681,16,16,7602,25.6123446,17.25016004,512002,0,512002,33921
v2,ea89b79a9dfd35df20fed759e6d15c60fe01e77c,direct,octree_nfcount,flyby,5,572,572,0.9788159728,0.158912003,1.138687968,1.146216,1,0,-1,34185,29912,16,16,7646,25.5616475,17.11694303,512002,0,512002,34185
v2,ea89b79a9dfd35df20fed759e6d15c60fe01e77c,direct,octree_nfcount,flyby,5,573,573,0.8433279991,0.1631679982,1.007455945,1.014393,1,0,-1,34001,29751,16,16,7608,25.57224967,17.20957279,512002,0,512002,34001
v2,ea89b79a9dfd35df20fed759e6d15c60fe01e77c,direct,octree_nfcount,flyby,5,574,574,0.9713600278,0.1607040018,1.132992029,1.140205,1,0,-1,34065,29807,16,16,7565,25.37994431,17.17724025,512002,0,512002,34065
v2,ea89b79a9dfd35df20fed759e6d15c60fe01e77c,direct,octree_nfcount,flyby,5,575,575,0.9756479859,0.1639679968,1.140544057,1.14763,1,0,-1,34521,30206,16,16,7753,25.66708601,16.95034099,512002,0,512002,34521
v2,ea89b79a9dfd35df20fed759e6d15c60fe01e77c,direct,octree_nfcount,flyby,5,576,576,0.8469120264,0.1589760035,1.006847978,1.014003,1,0,-1,34217,29940,16,16,7639,25.51436206,17.1009352,512002,0,512002,34217
v2,ea89b79a9dfd35df20fed759e6d15c60fe01e77c,direct,octree_nfcount,flyby,5,577,577,0.9829440117,0.1575679928,1.141471982,1.14943,1,0,-1,34113,29849,16,16,7583,25.40453617,17.15307045,512002,0,512002,34113
v2,ea89b79a9dfd35df20fed759e6d15c60fe01e77c,direct,octree_nfcount,flyby,5,578,578,0.9770560265,0.1574719995,1.135488033,1.142965,1,0,-1,34201,29926,16,16,7636,25.51627347,17.10893537,512002,0,512002,34201
v2,ea89b79a9dfd35df20fed759e6d15c60fe01e77c,direct,octree_nfcount,flyby,5,579,579,0.8515840173,0.1594559997,1.011968017,1.019353,1,0,-1,34081,29821,16,16,7562,25.35796922,17.16917608,512002,0,512002,34081
v2,ea89b79a9dfd35df20fed759e6d15c60fe01e77c,direct,octree_nfcount,flyby,5,580,580,0.9796800017,0.1545280069,1.135136008,1.143496,1,0,-1,34097,29835,16,16,7692,25.7817999,17.16111949,512002,0,512002,34097
v2,ea89b79a9dfd35df20fed759e6d15c60fe01e77c,direct,octree_nfcount,flyby,5,581,581,0.9863680005,0.1556800008,1.143007994,1.15083,1,0,-1,34121,29856,16,16,7638,25.58279743,17.14904877,512002,0,512002,34121
v2,ea89b79a9dfd35df20fed759e6d15c60fe01e77c,direct,octree_nfcount,flyby,5,582,582,0.9762560129,0.1552640051,1.132480025,1.140217,1,0,-1,34273,29989,16,16,7743,25.81946714,17.07299343,512002,0,512002,34273
v2,ea89b79a9dfd35df20fed759e6d15c60fe01e77c,direct,octree_nfcount,flyby,5,583,583,0.9719359875,0.1608960032,1.133792043,1.139637,1,0,-1,34185,29912,16,16,7741,25.87924579,17.11694303,512002,0,512002,34185
v2,ea89b79a9dfd35df20fed759e6d15c60fe01e77c,direct,octree_nfcount,flyby,5,584,584,0.9948800206,0.1536000073,1.14944005,1.157114,1,0,-1,34121,29856,16,16,7705,25.80720793,17.14904877,512002,0,512002,34121
v2,ea89b79a9dfd35df20fed759e6d15c60fe01e77c,direct,octree_nfcount,flyby,5,585,585,0.9829760194,0.158912003,1.142815948,1.149886,1,0,-1,34441,30136,16,16,7775,25.79970799,16.9897133,512002,0,512002,34441
v2,ea89b79a9dfd35df20fed759e6d15c60fe01e77c,direct,octree_nfcount,flyby,5,586,586,0.8387519717,0.1555839926,0.9952639937,1.00214,1,0,-1,34097,29835,16,16,7637,25.59745266,17.16111949,512002,0,512002,34097
v2,ea89b79a9dfd35df20fed759e6d15c60fe01e77c,direct,octree_nfcount,flyby,5,587,587,0.9866240025,0.1566399932,1.144224048,1.151489,1,0,-1,34161,29891,16,16,7695,25.74353484,17.12896859,512002,0,512002,34161
v2,ea89b79a9dfd35df20fed759e6d15c60fe01e77c,direct,octree_nfcount,flyby,5,588,588,0.9912319779,0.1606079936,1.152799964,1.160556,1,0,-1,34297,30010,16,16,7749,25.82139287,17.06104632,512002,0,512002,34297
v2,ea89b79a9dfd35df20fed759e6d15c60fe01e77c,direct,octree_nfcount,flyby,5,589,589,0.8340479732,0.1589760035,0.993983984,0.999152,1,0,-1,34265,29982,16,16,7617,25.40524315,17.07697952,512002,0,512002,34265
v2,ea89b79a9dfd35df20fed759e6d15c60fe01e77c,direct,octree_nfcount,flyby,5,590,590,0.9849920273,0.1607999951,1.146720052,1.154041,1,0,-1,34449,30143,16,16,7799,25.87333709,16.98576784,512002,0,512002,34449
v2,ea89b79a9dfd35df20fed759e6d15c60fe01e77c,direct,octree_nfcount,flyby,5,591,591,0.9884480238,0.1546240002,1.144000053,1.151195,1,0,-1,34137,29870,16,16,7641,25.58085035,17.14101105,512002,0,512002,34137
v2,ea89b79a9dfd35df20fed759e6d15c60fe01e77c,direct,octree_nfcount,flyby,5,592,592,0.9722239971,0.1593919992,1.132575989,1.139529,1,0,-1,34233,29954,16,16,7784,25.98651265,17.09294251,512002,0,512002,34233
v2,ea89b79a9dfd35df20fed759e6d15c60fe01e77c,direct,octree_nfcount,flyby,5,593,593,0.8504319787,0.1563519984,1.007712007,1.015209,1,0,-1,33865,29632,16,16,7660,25.85043197,17.27868521,512002,0,512002,33865
v2,ea89b79a9dfd35df20fed759e6d15c60fe01e77c,direct,octree_nfcount,flyby,5,594,594,0.9841279984,0.1640000045,1.149088025,1.156422,1,0,-1,33857,29625,16,16,7638,25.78227848,17.28276793,512002,0,512002,33857
v2,ea89b79a9dfd35df20fed759e6d15c60fe01e77c,direct,octree_nfcount,flyby,5,595,595,0.9893440008,0.1576959938,1.148000002,1.155071,1,0,-1,33977,29730,16,16,7645,25.71476623,17.22172889,512002,0,512002,33977
v2,ea89b79a9dfd35df20fed759e6d15c60fe01e77c,direct,octree_nfcount,flyby,5,596,596,0.8454080224,0.1566399932,1.002975941,1.010497,1,0,-1,33985,29737,16,16,7513,25.2648216,17.21767495,512002,0,512002,33985
v2,ea89b79a9dfd35df20fed759e6d15c60fe01e77c,direct,octree_nfcount,flyby,5,597,597,0.984416008,0.1609919965,1.146368027,1.152301,1,0,-1,33969,29723,16,16,7639,25.70063587,17.22578475,512002,0,512002,33969
v2,ea89b79a9dfd35df20fed759e6d15c60fe01e77c,direct,octree_nfcount,flyby,5,598,598,0.9926720262,0.1565439999,1.150176048,1.157634,1,0,-1,33937,29695,16,16,7620,25.66088567,17.24202728,512002,0,512002,33937
v2,ea89b79a9dfd35df20fed759e6d15c60fe01e77c,direct,octree_nfcount,flyby,5,599,599,0.8359040022,0.154783994,0.9916480184,0.997068,1,0,-1,34073,29814,16,16,7474,25.06875964,17.17320722,512002,0,512002,34073
v2,ea89b79a9dfd35df20fed759e6d15c60fe01e77c,direct,octree_nfcount,flyby,5,600,600,0.9865279794,0.1598400027,1.147295952,1.154034,1,0,-1,34361,30066,16,16,7652,25.45067518,17.02926894,512002,0,512002,34361
v2,ea89b79a9dfd35df20fed759e6d15c60fe01e77c,direct,octree_nfcount,flyby,5,601,601,0.9826880097,0.1584639996,1.142079949,1.149658,1,0,-1,34249,29968,16,16,7623,25.43713294,17.08495729,512002,0,512002,34249
v2,ea89b79a9dfd35df20fed759e6d15c60fe01e77c,direct,octree_nfcount,flyby,5,602,602,0.9808319807,0.1568000019,1.138560057,1.146037,1,0,-1,34065,29807,16,16,7569,25.39336397,17.17724025,512002,0,512002,34065
v2,ea89b79a9dfd35df20fed759e6d15c60fe01e77c,direct,octree_nfcount,flyby,5,603,603,0.9712640047,0.1557759941,1.128000021,1.133493,1,0,-1,34353,30059,16,16,7758,25.80924182,17.03323464,512002,0,512002,34353
v2,ea89b79a9dfd35df20fed759e6d15c60fe01e77c,direct,octree_nfcount,flyby,5,604,604,1.00227201,0.1546240002,1.157824039,1.16546,1,0,-1,34089,29828,16,16,7577,25.40230656,17.16514684,512002,0,512002,34089
v2,ea89b79a9dfd35df20fed759e6d15c60fe01e77c,direct,octree_nfcount,flyby,5,605,605,0.9751039743,0.1585280001,1.134559989,1.1419,1,0,-1,34249,29968,16,16,7625,25.44380673,17.08495729,512002,0,512002,34249
v2,ea89b79a9dfd35df20fed759e6d15c60fe01e77c,direct,octree_nfcount,flyby,5,606,606,0.8421440125,0.1552319974,0.9983040094,1.006048,1,0,-1,34073,29814,16,16,7577,25.41423492,17.17320722,512002,0,512002,34073
v2,ea89b79a9dfd35df20fed759e6d15c60fe01e77c,direct,octree_nfcount,flyby,5,607,607,0.9845439792,0.1585280001,1.144032001,1.151447,1,0,-1,34241,29961,16,16,7680,25.63332332,17.08894897,512002,0,512002,34241
v2,ea89b79a9dfd35df20fed759e6d15c60fe01e77c,direct,octree_nfcount,flyby,5,608,608,0.9831680059,0.1557759941,1.139904022,1.146824,1,0,-1,34329,30038,16,16,7784,25.91384247,17.04514282,512002,0,512002,34329
v2,ea89b79a9dfd35df20fed759e6d15c60fe01e77c,direct,octree_nfcount,flyby,5,609,609,0.8476480246,0.1568000019,1.005375981,1.012902,1,0,-1,34273,29989,16,16,7556,25.19590517,17.07299343,512002,0,512002,34273
v2,ea89b79a9dfd35df20fed759e6d15c60fe01e77c,direct,octree_nfcount,flyby,5,610,610,0.9882559776,0.1609919965,1.150176048,1.157617,1,0,-1,34249,29968,16,16,7697,25.684063,17.08495729,512002,0,512002,34249
v2,ea89b79a9dfd35df20fed759e6d15c60fe01e77c,direct,octree_nfcount,flyby,5,611,611,0.9990400076,0.157792002,1.157760024,1.164547,1,0,-1,34265,29982,16,16,7681,25.61870456,17.07697952,512002,0,512002,34265
v2,ea89b79a9dfd35df20fed759e6d15c60fe01e77c,direct,octree_nfcount,flyby,5,612,612,0.8476799726,0.1537919939,1.002431989,1.007967,1,0,-1,34489,30178,16,16,7745,25.66439128,16.966068,512002,0,512002,34489
v2,ea89b79a9dfd35df20fed759e6d15c60fe01e77c,direct,octree_nfcount,flyby,5,613,613,0.9944319725,0.157792002,1.153151989,1.160311,1,0,-1,34385,30087,16,16,7774,25.83840197,17.01738292,512002,0,512002,34385
v2,ea89b79a9dfd35df20fed759e6d15c60fe01e77c,direct,octree_nfcount,flyby,5,614,614,0.9998080134,0.1578560024,1.158591986,1.166077,1,0,-1,34273,29989,16,16,7666,25.56270633,17.07299343,512002,0,512002,34273
v2,ea89b79a9dfd35df20fed759e6d15c60fe01e77c,direct,octree_nfcount,flyby,5,615,615,0.9887679815,0.1558720022,1.145568013,1.153105,1,0,-1,34361,30066,16,16,7780,25.87640524,17.02926894,512002,0,512002,34361
v2,ea89b79a9dfd35df20fed759e6d15c60fe01e77c,direct,octree_nfcount,flyby,5,616,616,0.9856960177,0.1579840034,1.144639969,1.15164,1,0,-1,34145,29877,16,16,7658,25.63175687,17.13699501,512002,0,512002,34145
v2,ea89b79a9dfd35df20fed759e6d15c60fe01e77c,direct,octree_nfcount,flyby,5,617,617,0.9863039851,0.1607999951,1.148064017,1.155333,1,0,-1,34089,29828,16,16,7650,25.64704305,17.16514684,512002,0,512002,34089
v2,ea89b79a9dfd35df20fed759e6d15c60fe01e77c,direct,octree_nfcount,flyby,5,618,618,0.991936028,0.1607999951,1.153663993,1.161073,1,0,-1,34105,29842,16,16,7809,26.16781717,17.15709403,512002,0,512002,34105
v2,ea89b79a9dfd35df20fed759e6d15c60fe01e77c,direct,octree_nfcount,flyby,5,619,619,0.9626240134,0.1588480026,1.122400045,1.129572,1,0,-1,33849,29618,16,16,7603,25.67020055,17.28685259,512002,0,512002,33849
v2,ea89b79a9dfd35df20fed759e6d15c60fe01e77c,direct,octree_nfcount,flyby,5,620,620,0.9713280201,0.1546880007,1.126976013,1.134492,1,0,-1,33977,29730,16,16,7670,25.79885637,17.22172889,512002,0,512002,33977
v2,ea89b79a9dfd35df20fed759e6d15c60fe01e77c,direct,octree_nfcount,flyby,5,621,621,0.9843840003,0.1555839926,1.14092803,1.148647,1,0,-1,34129,29863,16,16,7715,25.83464488,17.14502897,512002,0,512002,34129
v2,ea89b79a9dfd35df20fed759e6d15c60fe01e77c,direct,octree_nfcount,flyby,5,622,622,0.9839360118,0.1608639956,1.145727992,1.153092,1,0,-1,33921,29681,16,16,7615,25.65614366,17.25016004,512002,0,512002,33921
v2,ea89b79a9dfd35df20fed759e6d15c60fe01e77c,direct,octree_nfcount,flyby,5,623,623,0.9972800016,0.1578879952,1.156095982,1.162871,1,0,-1,34217,29940,16,16,7662,25.59118236,17.1009352,512002,0,512002,34217
v2,ea89b79a9dfd35df20fed759e6d15c60fe01e77c,direct,octree_nfcount,flyby,5,624,624,0.9888640046,0.156287998,1.146080017,1.153699,1,0,-1,33833,29604,16,16,7517,25.39183894,17.2950277,512002,0,512002,33833
v2,ea89b79a9dfd35df20fed759e6d15c60fe01e77c,direct,octree_nfcount,flyby,5,625,625,0.9890559912,0.1566080004,1.146623969,1.154145,1,0,-1,34057,29800,16,16,7555,25.35234899,17.18127517,512002,0,512002,34057
v2,ea89b79a9dfd35df20fed759e6d15c60fe01e77c,direct,octree_nfcount,flyby,5,626,626,0.8444160223,0.1566720009,1.002015948,1.009473,1,0,-1,33929,29688,16,16,7502,25.26946915,17.2460927,512002,0,512002,33929
v2,ea89b79a9dfd35df20fed759e6d15c60fe01e77c,direct,octree_nfcount,flyby,5,627,627,0.9801920056,0.154655993,1.135776043,1.141854,1,0,-1,34049,29793,16,16,7479,25.10321216,17.18531199,512002,0,512002,34049
v2,ea89b79a9dfd35df20fed759e6d15c60fe01e77c,direct,octree_nfcount,flyby,5,628,628,1.000255942,0.158912003,1.160096049,1.167486,1,0,-1,34257,29975,16,16,7594,25.33444537,17.08096747,512002,0,512002,34257
v2,ea89b79a9dfd35df20fed759e6d15c60fe01e77c,direct,octree_nfcount,flyby,5,629,629,0.8520640135,0.156287998,1.009312034,1.018042,1,0,-1,33993,29744,16,16,7509,25.24542765,17.21362292,512002,0,512002,33993
v2,ea89b79a9dfd35df20fed759e6d15c60fe01e77c,direct,octree_nfcount,flyby,5,630,630,1.001952052,0.1525440067,1.155455947,1.162868,1,0,-1,34113,29849,16,16,7597,25.45143891,17.15307045,512002,0,512002,34113
v2,ea89b79a9dfd35df20fed759e6d15c60fe01e77c,direct,octree_nfcount,flyby,5,631,631,0.9953280091,0.1564480066,1.152735949,1.159977,1,0,-1,34241,29961,16,16,7633,25.47645272,17.08894897,512002,0,512002,34241
v2,ea89b79a9dfd35df20fed759e6d15c60fe01e77c,direct,octree_nfcount,flyby,5,632,632,0.8465600014,0.1628479958,1.01036799,1.017294,1,0,-1,34153,29884,16,16,7475,25.01338509,17.13298086,512002,0,512002,34153
v2,ea89b79a9dfd35df20fed759e6d15c60fe01e77c,direct,octree_nfcount,flyby,5,633,633,0.9731839895,0.1565759927,1.130687952,1.138065,1,0,-1,34209,29933,16,16,7646,25.5437143,17.10493435,512002,0,512002,34209
v2,ea89b79a9dfd35df20fed759e6d15c60fe01e77c,direct,octree_nfcount,flyby,5,634,634,1.004799962,0.1557440013,1.16150403,1.169026,1,0,-1,34289,30003,16,16,7604,25.34413225,17.06502683,512002,0,512002,34289
v2,ea89b79a9dfd35df20fed759e6d15c60fe01e77c,direct,octree_nfcount,flyby,5,635,635,0.9635519981,0.1587840021,1.123263955,1.130769,1,0,-1,34281,29996,16,16,7614,25.38338445,17.0690092,512002,0,512002,34281
v2,ea89b79a9dfd35df20fed759e6d15c60fe01e77c,direct,octree_nfcount,flyby,5,636,636,0.9790400267,0.1577599943,1.137760043,1.14462,1,0,-1,34113,29849,16,16,7626,25.54859459,17.15307045,512002,0,512002,34113
v2,ea89b79a9dfd35df20fed759e6d15c60fe01e77c,direct,octree_nfcount,flyby,5,637,637,0.9865279794,0.1587519944,1.146239996,1.153711,1,0,-1,34057,29800,16,16,7535,25.2852349,17.18127517,512002,0,512002,34057
v2,ea89b79a9dfd35df20fed759e6d15c60fe01e77c,direct,octree_nfcount,flyby,5,638,638,0.9934080243,0.1568319947,1.151167989,1.158552,1,0,-1,34345,30052,16,16,7670,25.52242779,17.03720218,512002,0,512002,34345
v2,ea89b79a9dfd35df20fed759e6d15c60fe01e77c,direct,octree_nfcount,flyby,5,639,639,0.8469439745,0.1566720009,1.00454402,1.011622,1,0,-1,34161,29891,16,16,7594,25.40564049,17.12896859,512002,0,512002,34161
v2,ea89b79a9dfd35df20fed759e6d15c60fe01e77c,direct,octree_nfcount,flyby,5,640,640,0.9784319997,0.1576319933,1.137024045,1.144476,1,0,-1,34185,29912,16,16,7527,25.16381385,17.11694303,512002,0,512002,34185
v2,ea89b79a9dfd35df20fed759e6d15c60fe01e77c,direct,octree_nfcount,flyby,5,641,641,0.9797760248,0.1518719941,1.132608056,1.138439,1,0,-1,34433,30129,16,16,7720,25.62315377,16.99366059,512002,0,512002,34433
v2,ea89b79a9dfd35df20fed759e6d15c60fe01e77c,direct,octree_nfcount,flyby,5,642,642,0.8332160115,0.1585920006,0.9927679896,0.999968,1,0,-1,34209,29933,16,16,7538,25.1829085,17.10493435,512002,0,512002,34209
v2,ea89b79a9dfd35df20fed759e6d15c60fe01e77c,direct,octree_nfcount,flyby,5,643,643,0.9698560238,0.1536320001,1.124415994,1.129927,1,0,-1,34289,30003,16,16,7586,25.28413825,17.06502683,512002,0,512002,34289
v2,ea89b79a9dfd35df20fed759e6d15c60fe01e77c,direct,octree_nfcount,flyby,5,644,644,0.9953280091,0.157792002,1.154080033,1.160982,1,0,-1,34345,30052,16,16,7725,25.7054439,17.03720218,512002,0,512002,34345
v2,ea89b79a9dfd35df20fed759e6d15c60fe01e77c,direct,octree_nfcount,flyby,5,645,645,0.8385919929,0.1599680036,0.9995200038,1.006346,1,0,-1,34417,30115,16,16,7546,25.05728043,17.00156068,512002,0,512002,34417
v2,ea89b79a9dfd35df20fed759e6d15c60fe01e77c,direct,octree_nfcount,flyby,5,646,646,0.9800320268,0.1588159949,1.139808059,1.146982,1,0,-1,34257,29975,16,16,7645,25.50458716,17.08096747,512002,0,512002,34257
v2,ea89b79a9dfd35df20fed759e6d15c60fe01e77c,direct,octree_nfcount,flyby,5,647,647,0.9821439981,0.1618559957,1.14489603,1.152085,1,0,-1,34257,29975,16,16,7550,25.18765638,17.08096747,512002,0,512002,34257
v2,ea89b79a9dfd35df20fed759e6d15c60fe01e77c,direct,octree_nfcount,flyby,5,648,648,0.974240005,0.1607040018,1.135903955,1.142711,1,0,-1,34217,29940,16,16,7576,25.30394122,17.1009352,512002,0,512002,34217
v2,ea89b79a9dfd35df20fed759e6d15c60fe01e77c,direct,octree_nfcount,flyby,5,649,649,0.9778239727,0.1568000019,1.135583997,1.142084,1,0,-1,34225,29947,16,16,7637,25.5017197,17.09693792,512002,0,512002,34225
v2,ea89b79a9dfd35df20fed759e6d15c60fe01e77c,direct,octree_nfcount,flyby,5,650,650,0.9925119877,0.1571519971,1.150624037,1.157737,1,0,-1,34257,29975,16,16,7557,25.21100917,17.08096747,512002,0,512002,34257
v2,ea89b79a9dfd35df20fed759e6d15c60fe01e77c,direct,octree_nfcount,flyby,5,651,651,0.9837440252,0.1598719954,1.144575953,1.151383,1,0,-1,34409,30108,16,16,7651,25.41185067,17.00551348,512002,0,512002,34409
v2,ea89b79a9dfd35df20fed759e6d15c60fe01e77c,direct,octree_nfcount,flyby,5,652,652,0.8392320275,0.1577280015,0.9979199767,1.004804,1,0,-1,34329,30038,16,16,7588,25.26133564,17.04514282,512002,0,512002,34329
v2,ea89b79a9dfd35df20fed759e6d15c60fe01e77c,direct,octree_nfcount,flyby,5,653,653,0.9893440008,0.1588480026,1.14915204,1.156199,1,0,-1,34305,30017,16,16,7575,25.23569977,17.05706766,512002,0,512002,34305
v2,ea89b79a9dfd35df20fed759e6d15c60fe01e77c,direct,octree_nfcount,flyby,5,654,654,0.9801599979,0.1590079963,1.140128016,1.147526,1,0,-1,34401,30101,16,16,7638,25.37457227,17.00946812,512002,0,512002,34401
v2,ea89b79a9dfd35df20fed759e6d15c60fe01e77c,direct,octree_nfcount,flyby,5,655,655,0.8455039859,0.1615999937,1.008064032,1.015519,1,0,-1,34289,30003,16,16,7469,24.89417725,17.06502683,512002,0,512002,34289
v2,ea89b79a9dfd35df20fed759e6d15c60fe01e77c,direct,octree_nfcount,flyby,5,656,656,0.9780160189,0.1619520038,1.14092803,1.146472,1,0,-1,34361,30066,16,16,7648,25.43737112,17.02926894,512002,0,512002,34361
v2,ea89b79a9dfd35df20fed759e6d15c60fe01e77c,direct,octree_nfcount,flyby,5,657,657,1.00156796,0.1619520038,1.164479971,1.171591,1,0,-1,34465,30157,16,16,7631,25.30424114,16.97788242,512002,0,512002,34465
v2,ea89b79a9dfd35df20fed759e6d15c60fe01e77c,direct,octree_nfcount,flyby,5,658,658,0.8547199965,0.1587519944,1.014400005,1.021906,1,0,-1,34337,30045,16,16,7565,25.17889832,17.04117158,512002,0,512002,34337
v2,ea89b79a9dfd35df20fed759e6d15c60fe01e77c,direct,octree_nfcount,flyby,5,659,659,0.9862719774,0.1587200016,1.145920038,1.153213,1,0,-1,34145,29877,16,16,7510,25.13639254,17.13699501,512002,0,512002,34145
v2,ea89b79a9dfd35df20fed759e6d15c60fe01e77c,direct,octree_nfcount,flyby,5,660,660,0.968223989,0.1587519944,1.127936006,1.135685,1,0,-1,34001,29751,16,16,7425,24.9571443,17.20957279,512002,0,512002,34001
v2,ea89b79a9dfd35df20fed759e6d15c60fe01e77c,direct,octree_nfcount,flyby,5,661,661,0.9802240133,0.1606719941,1.141824007,1.149017,1,0,-1,34209,29933,16,16,7549,25.21965723,17.10493435,512002,0,512002,34209
v2,ea89b79a9dfd35df20fed759e6d15c60fe01e77c,direct,octree_nfcount,flyby,5,662,662,0.8381119967,0.1586879939,0.9977599978,1.004931,1,0,-1,34057,29800,16,16,7579,25.43288591,17.18127517,512002,0,512002,34057
v2,ea89b79a9dfd35df20fed759e6d15c60fe01e77c,direct,octree_nfcount,flyby,5,663,663,0.9854400158,0.1618240029,1.148223996,1.155347,1,0,-1,34225,29947,16,16,7477,24.96744248,17.09693792,512002,0,512002,34225
v2,ea89b79a9dfd35df20fed759e6d15c60fe01e77c,direct,octree_nfcount,flyby,5,664,664,0.9857599735,0.1606400013,1.147328019,1.160141,1,0,-1,34409,30108,16,16,7581,25.17935432,17.00551348,512002,0,512002,34409
v2,ea89b79a9dfd35df20fed759e6d15c60fe01e77c,direct,octree_nfcount,flyby,5,665,665,0.8523839712,0.1522880048,1.005632043,1.01286,1,0,-1,34113,29849,16,16,7441,24.92880834,17.15307045,512002,0,512002,34113
v2,ea89b79a9dfd35df20fed759e6d15c60fe01e77c,direct,octree_nfcount,flyby,5,666,666,0.9875519872,0.1586560011,1.14716804,1.154534,1,0,-1,34289,30003,16,16,7450,24.83085025,17.06502683,512002,0,512002,34289
v2,ea89b79a9dfd35df20fed759e6d15c60fe01e77c,direct,octree_nfcount,flyby,5,667,667,0.9842560291,0.1586879939,1.143872023,1.151284,1,0,-1,34225,29947,16,16,7605,25.39486426,17.09693792,512002,0,512002,34225
v2,ea89b79a9dfd35df20fed759e6d15c60fe01e77c,direct,octree_nfcount,flyby,5,668,668,0.835424006,0.1599040031,0.9962880015,1.002212,1,0,-1,34273,29989,16,16,7480,24.94247891,17.07299343,512002,0,512002,34273
v2,ea89b79a9dfd35df20fed759e6d15c60fe01e77c,direct,octree_nfcount,flyby,5,669,669,0.9848639965,0.1555519998,1.141376019,1.148648,1,0,-1,34153,29884,16,16,7581,25.36808995,17.13298086,512002,0,512002,34153
v2,ea89b79a9dfd35df20fed759e6d15c60fe01e77c,direct,octree_nfcount,flyby,5,670,670,0.9933760166,0.1596480012,1.153983951,1.161352,1,0,-1,34569,30248,16,16,7690,25.42316847,16.92680508,512002,0,512002,34569
v2,ea89b79a9dfd35df20fed759e6d15c60fe01e77c,direct,octree_nfcount,flyby,5,671,671,0.845600009,0.1555839926,1.002143979,1.00953,1,0,-1,34217,29940,16,16,7506,25.07014028,17.1009352,512002,0,512002,34217
v2,ea89b79a9dfd35df20fed759e6d15c60fe01e77c,direct,octree_nfcount,flyby,5,672,672,0.9848960042,0.1619199961,1.14774406,1.155674,1,0,-1,34209,29933,16,16,7594,25.36999298,17.10493435,512002,0,512002,34209
v2,ea89b79a9dfd35df20fed759e6d15c60fe01e77c,direct,octree_nfcount,flyby,5,673,673,1.007135987,0.1626240015,1.170719981,1.178959,1,0,-1,34281,29996,16,16,7608,25.36338178,17.0690092,512002,0,512002,34281
v2,ea89b79a9dfd35df20fed759e6d15c60fe01e77c,direct,octree_nfcount,flyby,5,674,674,0.9829440117,0.1587840021,1.142688036,1.150236,1,0,-1,34521,30206,16,16,7671,25.39561676,16.95034099,512002,0,512002,34521
v2,ea89b79a9dfd35df20fed759e6d15c60fe01e77c,direct,octree_nfcount,flyby,5,675,675,0.9828159809,0.1547520012,1.138527989,1.145928,1,0,-1,34369,30073,16,16,7708,25.63096465,17.02530509,512002,0,512002,34369
v2,ea89b79a9dfd35df20fed759e6d15c60fe01e77c,direct,octree_nfcount,flyby,5,676,676,1.002719998,0.1589439958,1.162592053,1.170058,1,0,-1,34233,29954,16,16,7564,25.25205315,17.09294251,512002,0,512002,34233
v2,ea89b79a9dfd35df20fed759e6d15c60fe01e77c,direct,octree_nfcount,flyby,5,677,677,0.9971200228,0.1564799994,1.15455997,1.162426,1,0,-1,34177,29905,16,16,7624,25.49406454,17.12094967,512002,0,512002,34177
v2,ea89b79a9dfd35df20fed759e6d15c60fe01e77c,direct,octree_nfcount,flyby,5,678,678,0.8561599851,0.1593279988,1.016448021,1.024289,1,0,-1,34105,29842,16,16,7501,25.13571476,17.15709403,512002,0,512002,34105
v2,ea89b79a9dfd35df20fed759e6d15c60fe01e77c,direct,octree_nfcount,flyby,5,679,679,0.9818879962,0.1593279988,1.142143965,1.150162,1,0,-1,34225,29947,16,16,7578,25.30470498,17.09693792,512002,0,512002,34225
v2,ea89b79a9dfd35df20fed759e6d15c60fe01e77c,direct,octree_nfcount,flyby,5,680,680,0.9934719801,0.1584320068,1.152832031,1.1604,1,0,-1,34513,30199,16,16,7785,25.7789993,16.95427001,512002,0,512002,34513
v2,ea89b79a9dfd35df20fed759e6d15c60fe01e77c,direct,octree_nfcount,flyby,5,681,681,0.835424006,0.1607040018,0.9970560074,1.004356,1,0,-1,34241,29961,16,16,7527,25.12265946,17.08894897,512002,0,512002,34241
v2,ea89b79a9dfd35df20fed759e6d15c60fe01e77c,direct,octree_nfcount,flyby,5,682,682,1.001024008,0.159551993,1.16150403,1.169258,1,0,-1,34281,29996,16,16,7671,25.57340979,17.0690092,512002,0,512002,34281
v2,ea89b79a9dfd35df20fed759e6d15c60fe01e77c,direct,octree_nfcount,flyby,5,683,683,1.002431989,0.1627839953,1.166175961,1.173766,1,0,-1,34369,30073,16,16,7691,25.57443554,17.02530509,512002,0,512002,34369
v2,ea89b79a9dfd35df20fed759e6d15c60fe01e77c,direct,octree_nfcount,flyby,5,684,684,0.8411520123,0.1597120017,1.001824021,1.009236,1,0,-1,34281,29996,16,16,7589,25.30004001,17.0690092,512002,0,512002,34281
v2,ea89b79a9dfd35df20fed759e6d15c60fe01e77c,direct,octree_nfcount,flyby,5,685,685,0.9932479858,0.1567360014,1.150912046,1.158197,1,0,-1,34313,30024,16,16,7646,25.46629363,17.05309086,512002,0,512002,34313
v2,ea89b79a9dfd35df20fed759e6d15c60fe01e77c,direct,octree_nfcount,flyby,5,686,686,0.9918400049,0.1568000019,1.149600029,1.156453,1,0,-1,34249,29968,16,16,7556,25.21356113,17.08495729,512002,0,512002,34249
v2,ea89b79a9dfd35df20fed759e6d15c60fe01e77c,direct,octree_nfcount,flyby,5,687,687,0.974240005,0.1568319947,1.131999969,1.13849,1,0,-1,34633,30304,16,16,7673,25.32008976,16.89552534,512002,0,512002,34633
v2,ea89b79a9dfd35df20fed759e6d15c60fe01e77c,direct,octree_nfcount,flyby,5,688,688,0.979551971,0.1566080004,1.137120008,1.145358,1,0,-1,34193,29919,16,16,7653,25.57906347,17.11293827,512002,0,512002,34193
v2,ea89b79a9dfd35df20fed759e6d15c60fe01e77c,direct,octree_nfcount,flyby,5,689,689,0.9834240079,0.1657920033,1.150176048,1.157758,1,0,-1,34177,29905,16,16,7546,25.23323859,17.12094967,512002,0,512002,34177
v2,ea89b79a9dfd35df20fed759e6d15c60fe01e77c,direct,octree_nfcount,flyby,5,690,690,0.9805439711,0.1575040072,1.139008045,1.146872,1,0,-1,34441,30136,16,16,7669,25.44796921,16.9897133,512002,0,512002,34441
v2,ea89b79a9dfd35df20fed759e6d15c60fe01e77c,direct,octree_nfcount,flyby,5,691,691,0.8398399949,0.1575679928,0.9983680248,1.005958,1,0,-1,34249,29968,16,16,7558,25.22023492,17.08495729,512002,0,512002,34249
v2,ea89b79a9dfd35df20fed759e6d15c60fe01e77c,direct,octree_nfcount,flyby,5,692,692,0.984160006,0.1630399972,1.148159981,1.155951,1,0,-1,34185,29912,16,16,7401,24.74257823,17.11694303,512002,0,512002,34185
v2,ea89b79a9dfd35df20fed759e6d15c60fe01e77c,direct,octree_nfcount,flyby,5,693,693,0.9983680248,0.1617919952,1.161120057,1.168831,1,0,-1,34289,30003,16,16,7433,24.77418925,17.06502683,512002,0,512002,34289
v2,ea89b79a9dfd35df20fed759e6d15c60fe01e77c,direct,octree_nfcount,flyby,5,694,694,0.8428480029,0.1597760022,1.003584027,1.011324,1,0,-1,34177,29905,16,16,7321,24.48085604,17.12094967,512002,0,512002,34177
v2,ea89b79a9dfd35df20fed759e6d15c60fe01e77c,direct,octree_nfcount,flyby,5,695,695,0.9755200148,0.1606079936,1.137055993,1.144928,1,0,-1,34065,29807,16,16,7365,24.70896098,17.17724025,512002,0,512002,34065
v2,ea89b79a9dfd35df20fed759e6d15c60fe01e77c,direct,octree_nfcount,flyby,5,696,696,0.9891840219,0.1564799994,1.146592021,1.154265,1,0,-1,33953,29709,16,16,7320,24.63899828,17.23390218,512002,0,512002,33953
v2,ea89b79a9dfd35df20fed759e6d15c60fe01e77c,direct,octree_nfcount,flyby,5,697,697,0.8424640298,0.1594559997,1.002879977,1.010744,1,0,-1,34049,29793,16,16,7153,24.0089954,17.18531199,512002,0,512002,34049
v2,ea89b79a9dfd35df20fed759e6d15c60fe01e77c,direct,octree_nfcount,flyby,5,698,698,0.9747840166,0.1638720036,1.139616013,1.14642,1,0,-1,34121,29856,16,16,7341,24.58802251,17.14904877,512002,0,512002,34121
v2,ea89b79a9dfd35df20fed759e6d15c60fe01e77c,direct,octree_nfcount,flyby,5,699,699,0.9903360009,0.1618240029,1.153120041,1.160485,1,0,-1,34129,29863,16,16,7332,24.55212135,17.14502897,512002,0,512002,34129
v2,ea89b79a9dfd35df20fed759e6d15c60fe01e77c,direct,octree_nfcount,flyby,5,700,700,0.8507199883,0.156159997,1.00780797,1.016548,1,0,-1,33809,29583,16,16,7163,24.21323057,17.30730487,512002,0,512002,33809
v2,ea89b79a9dfd35df20fed759e6d15c60fe01e77c,direct,octree_nfcount,flyby,5,701,701,0.9575679898,0.1550399959,1.113567948,1.119599,1,0,-1,34025,29772,16,16,7309,24.54991267,17.19743383,512002,0,512002,34025
v2,ea89b79a9dfd35df20fed759e6d15c60fe01e77c,direct,octree_nfcount,flyby,5,702,702,1.003487945,0.1607040018,1.165120006,1.172267,1,0,-1,33873,29639,16,16,7208,24.31930902,17.27460441,512002,0,512002,33873
v2,ea89b79a9dfd35df20fed759e6d15c60fe01e77c,direct,octree_nfcount,flyby,5,703,703,0.9735680223,0.160927996,1.135455966,1.142886,1,0,-1,33945,29702,16,16,7228,24.33506161,17.23796377,512002,0,512002,33945
v2,ea89b79a9dfd35df20fed759e6d15c60fe01e77c,direct,octree_nfcount,flyby,5,704,704,0.9647679925,0.1556800008,1.121407986,1.128692,1,0,-1,33817,29590,16,16,7249,24.49814126,17.30321054,512002,0,512002,33817
v2,ea89b79a9dfd35df20fed759e6d15c60fe01e77c,direct,octree_nfcount,flyby,5,705,705,0.9833599925,0.1628479958,1.147135973,1.154211,1,0,-1,34009,29758,16,16,7201,24.19853485,17.20552456,512002,0,512002,34009
v2,ea89b79a9dfd35df20fed759e6d15c60fe01e77c,direct,octree_nfcount,flyby,5,706,706,0.9754880071,0.1626559943,1.139104009,1.146948,1,0,-1,34089,29828,16,16,7317,24.53064235,17.16514684,512002,0,512002,34089
v2,ea89b79a9dfd35df20fed759e6d15c60fe01e77c,direct,octree_nfcount,flyby,5,707,707,0.8446400166,0.1533440053,0.9989439845,1.005625,1,0,-1,33929,29688,16,16,7285,24.53853409,17.2460927,512002,0,512002,33929
v2,ea89b79a9dfd35df20fed759e6d15c60fe01e77c,direct,octree_nfcount,flyby,5,708,708,0.9832959771,0.1618240029,1.14604795,1.153982,1,0,-1,33937,29695,16,16,7260,24.44856036,17.24202728,512002,0,512002,33937
v2,ea89b79a9dfd35df20fed759e6d15c60fe01e77c,direct,octree_nfcount,flyby,5,709,709,0.9967679977,0.1576959938,1.155423999,1.162789,1,0,-1,34017,29765,16,16,7353,24.70351083,17.20147825,512002,0,512002,34017
v2,ea89b79a9dfd35df20fed759e6d15c60fe01e77c,direct,octree_nfcount,flyby,5,710,710,0.8330559731,0.1566399932,0.9906560183,0.998168,1,0,-1,33865,29632,16,16,7174,24.21031317,17.27868521,512002,0,512002,33865
v2,ea89b79a9dfd35df20fed759e6d15c60fe01e77c,direct,octree_nfcount,flyby,5,711,711,0.9780799747,0.1546880007,1.133728027,1.140912,1,0,-1,34065,29807,16,16,7404,24.83980273,17.17724025,512002,0,512002,34065
v2,ea89b79a9dfd35df20fed759e6d15c60fe01e77c,direct,octree_nfcount,flyby,5,712,712,0.9797760248,0.155520007,1.13625598,1.143686,1,0,-1,34001,29751,16,16,7314,24.5840476,17.20957279,512002,0,512002,34001
v2,ea89b79a9dfd35df20fed759e6d15c60fe01e77c,direct,octree_nfcount,flyby,5,713,713,0.8286079764,0.1566080004,0.9861440063,0.9936,1,0,-1,33945,29702,16,16,7254,24.4225978,17.23796377,512002,0,512002,33945
v2,ea89b79a9dfd35df20fed759e6d15c60fe01e77c,direct,octree_nfcount,flyby,5,714,714,0.9621760249,0.1548479944,1.117984056,1.125328,1,0,-1,33977,29730,16,16,7388,24.85031954,17.22172889,512002,0,512002,33977
v2,ea89b79a9dfd35df20fed759e6d15c60fe01e77c,direct,octree_nfcount,flyby,5,715,715,0.9924479723,0.1627199948,1.156095982,1.163298,1,0,-1,34073,29814,16,16,7388,24.78030455,17.17320722,512002,0,512002,34073
v2,ea89b79a9dfd35df20fed759e6d15c60fe01e77c,direct,octree_nfcount,flyby,5,716,716,0.968479991,0.1587200016,1.128128052,1.135673,1,0,-1,34129,29863,16,16,7377,24.7028095,17.14502897,512002,0,512002,34129
v2,ea89b79a9dfd35df20fed759e6d15c60fe01e77c,direct,octree_nfcount,flyby,5,717,717,0.9837440252,0.1588159949,1.143519998,1.150687,1,0,-1,34081,29821,16,16,7499,25.1467087,17.16917608,512002,0,512002,34081
v2,ea89b79a9dfd35df20fed759e6d15c60fe01e77c,direct,octree_nfcount,flyby,5,718,718,0.9732159972,0.154783994,1.128960013,1.135966,1,0,-1,34169,29898,16,16,7336,24.53675831,17.12495819,512002,0,512002,34169
v2,ea89b79a9dfd35df20fed759e6d15c60fe01e77c,direct,octree_nfcount,flyby,5,719,719,0.9780480266,0.1567679942,1.135743976,1.142744,1,0,-1,34201,29926,16,16,7350,24.56058277,17.10893537,512002,0,512002,34201
v2,ea89b79a9dfd35df20fed759e6d15c60fe01e77c,direct,octree_nfcount,flyby,5,720,720,0.8338559866,0.1587519944,0.9935359955,1.000899,1,0,-1,34233,29954,16,16,7432,24.81137745,17.09294251,512002,0,512002,34233
v2,ea89b79a9dfd35df20fed759e6d15c60fe01e77c,direct,octree_nfcount,flyby,5,721,721,0.993088007,0.154783994,1.152832031,1.159859,1,0,-1,34121,29856,16,16,7301,24.45404609,17.14904877,512002,0,512002,34121
v2,ea89b79a9dfd35df20fed759e6d15c60fe01e77c,direct,octree_nfcount,flyby,5,722,722,0.9886400104,0.1607680023,1.150367975,1.157736,1,0,-1,34225,29947,16,16,7390,24.67692924,17.09693792,512002,0,512002,34225
v2,ea89b79a9dfd35df20fed759e6d15c60fe01e77c,direct,octree_nfcount,flyby,5,723,723,0.8448640108,0.1574719995,1.003296018,1.01098,1,0,-1,34337,30045,16,16,7372,24.53652854,17.04117158,512002,0,512002,34337
v2,ea89b79a9dfd35df20fed759e6d15c60fe01e77c,direct,octree_nfcount,flyby,5,724,724,0.9674559832,0.1608639956,1.129279971,1.136608,1,0,-1,34041,29786,16,16,7287,24.46451353,17.1893507,512002,0,512002,34041
v2,ea89b79a9dfd35df20fed759e6d15c60fe01e77c,direct,octree_nfcount,flyby,5,725,725,0.9740480185,0.1607680023,1.135743976,1.142936,1,0,-1,34073,29814,16,16,7334,24.59918159,17.17320722,512002,0,512002,34073
v2,ea89b79a9dfd35df20fed759e6d15c60fe01e77c,direct,octree_nfcount,flyby,5,726,726,0.8478400111,0.1545599997,1.003360033,1.010813,1,0,-1,33913,29674,16,16,7195,24.24681539,17.25422929,512002,0,512002,33913
v2,ea89b79a9dfd35df20fed759e6d15c60fe01e77c,direct,octree_nfcount,flyby,5,727,727,0.9702079892,0.1574400067,1.128607988,1.135782,1,0,-1,34225,29947,16,16,7354,24.55671687,17.09693792,512002,0,512002,34225
v2,ea89b79a9dfd35df20fed759e6d15c60fe01e77c,direct,octree_nfcount,flyby,5,728,728,0.9800959826,0.1577280015,1.138784051,1.145855,1,0,-1,34209,29933,16,16,7443,24.86553302,17.10493435,512002,0,512002,34209
v2,ea89b79a9dfd35df20fed759e6d15c60fe01e77c,direct,octree_nfcount,flyby,5,729,729,0.843231976,0.1562560052,1.00041604,1.007644,1,0,-1,34193,29919,16,16,7337,24.52287844,17.11293827,512002,0,512002,34193
v2,ea89b79a9dfd35df20fed759e6d15c60fe01e77c,direct,octree_nfcount,flyby,5,730,730,0.9767040014,0.160927996,1.138592005,1.146271,1,0,-1,34225,29947,16,16,7453,24.8873009,17.09693792,512002,0,512002,34225
v2,ea89b79a9dfd35df20fed759e6d15c60fe01e77c,direct,octree_nfcount,flyby,5,731,731,0.9848319888,0.1616639942,1.147423983,1.155148,1,0,-1,34137,29870,16,16,7369,24.6702377,17.14101105,512002,0,512002,34137
v2,ea89b79a9dfd35df20fed759e6d15c60fe01e77c,direct,octree_nfcount,flyby,5,732,732,0.9644160271,0.1568000019,1.122143984,1.129732,1,0,-1,34089,29828,16,16,7229,24.23561754,17.16514684,512002,0,512002,34089
v2,ea89b79a9dfd35df20fed759e6d15c60fe01e77c,direct,octree_nfcount,flyby,5,733,733,0.9657920003,0.1552640051,1.122015953,1.129406,1,0,-1,34321,30031,16,16,7490,24.94089441,17.04911591,512002,0,512002,34321
v2,ea89b79a9dfd35df20fed759e6d15c60fe01e77c,direct,octree_nfcount,flyby,5,734,734,0.9929919839,0.1616960019,1.155616045,1.162766,1,0,-1,34409,30108,16,16,7409,24.60807759,17.00551348,512002,0,512002,34409
v2,ea89b79a9dfd35df20fed759e6d15c60fe01e77c,direct,octree_nfcount,flyby,5,735,735,0.9903039932,0.1554560065,1.146720052,1.153987,1,0,-1,34601,30276,16,16,7554,24.95045581,16.91115075,512002,0,512002,34601
v2,ea89b79a9dfd35df20fed759e6d15c60fe01e77c,direct,octree_nfcount,flyby,5,736,736,0.851360023,0.1566080004,1.008895993,1.016921,1,0,-1,34433,30129,16,16,7451,24.73032626,16.99366059,512002,0,512002,34433
v2,ea89b79a9dfd35df20fed759e6d15c60fe01e77c,direct,octree_nfcount,flyby,5,737,737,0.9947519898,0.1584960073,1.154175997,1.161937,1,0,-1,34369,30073,16,16,7405,24.62341635,17.02530509,512002,0,512002,34369
v2,ea89b79a9dfd35df20fed759e6d15c60fe01e77c,direct,octree_nfcount,flyby,5,738,738,0.9838719964,0.1595840007,1.144415975,1.152193,1,0,-1,34641,30311,16,16,7496,24.73029593,16.8916235,512002,0,512002,34641
v2,ea89b79a9dfd35df20fed759e6d15c60fe01e77c,direct,octree_nfcount,flyby,5,739,739,0.8359360099,0.1513279974,0.9882240295,0.995095,1,0,-1,34153,29884,16,16,7340,24.56163833,17.13298086,512002,0,512002,34153
v2,ea89b79a9dfd35df20fed759e6d15c60fe01e77c,direct,octree_nfcount,flyby,5,740,740,0.9725120068,0.1578560024,1.131296039,1.138374,1,0,-1,34105,29842,16,16,7317,24.51913411,17.15709403,512002,0,512002,34105
v2,ea89b79a9dfd35df20fed759e6d15c60fe01e77c,direct,octree_nfcount,flyby,5,741,741,0.9930559993,0.162816003,1.15683198,1.164521,1,0,-1,34369,30073,16,16,7433,24.71652313,17.02530509,512002,0,512002,34369
v2,ea89b79a9dfd35df20fed759e6d15c60fe01e77c,direct,octree_nfcount,flyby,5,742,742,0.8320639729,0.1608320028,0.9938560128,1.001106,1,0,-1,34249,29968,16,16,7299,24.35597971,17.08495729,512002,0,512002,34249
v2,ea89b79a9dfd35df20fed759e6d15c60fe01e77c,direct,octree_nfcount,flyby,5,743,743,1.000543952,0.1576319933,1.159136057,1.166156,1,0,-1,34089,29828,16,16,7343,24.61780877,17.16514684,512002,0,512002,34089
v2,ea89b79a9dfd35df20fed759e6d15c60fe01e77c,direct,octree_nfcount,flyby,5,744,744,0.9843519926,0.1607040018,1.145984054,1.153206,1,0,-1,34265,29982,16,16,7402,24.68814622,17.07697952,512002,0,512002,34265
v2,ea89b79a9dfd35df20fed759e6d15c60fe01e77c,direct,octree_nfcount,flyby,5,745,745,0.8356800079,0.1598719954,0.9965119958,1.00154,1,0,-1,34241,29961,16,16,7307,24.38837155,17.08894897,512002,0,512002,34241
v2,ea89b79a9dfd35df20fed759e6d15c60fe01e77c,direct,octree_nfcount,flyby,5,746,746,0.9767360091,0.1607359946,1.138432026,1.145492,1,0,-1,34241,29961,16,16,7418,24.75885318,17.08894897,512002,0,512002,34241
v2,ea89b79a9dfd35df20fed759e6d15c60fe01e77c,direct,octree_nfcount,flyby,5,747,747,0.9840319753,0.1584960073,1.14348805,1.151437,1,0,-1,34225,29947,16,16,7368,24.60346612,17.09693792,512002,0,512002,34225
v2,ea89b79a9dfd35df20fed759e6d15c60fe01e77c,direct,octree_nfcount,flyby,5,748,748,0.843487978,0.1566399932,1.001088023,1.008168,1,0,-1,34073,29814,16,16,7295,24.46837056,17.17320722,512002,0,512002,34073
v2,ea89b79a9dfd35df20fed759e6d15c60fe01e77c,direct,octree_nfcount,flyby,5,749,749,0.9677760005,0.1578560024,1.12659204,1.1339,1,0,-1,34225,29947,16,16,7374,24.62350152,17.09693792,512002,0,512002,34225
v2,ea89b79a9dfd35df20fed759e6d15c60fe01e77c,direct,octree_nfcount,flyby,5,750,750,0.9815679789,0.1576000005,1.140128016,1.147892,1,0,-1,34097,29835,16,16,7274,24.38076085,17.16111949,512002,0,512002,34097
v2,ea89b79a9dfd35df20fed759e6d15c60fe01e77c,direct,octree_nfcount,flyby,5,751,751,0.9690560102,0.1559360027,1.125952005,1.131601,1,0,-1,34201,29926,16,16,7388,24.68756265,17.10893537,512002,0,512002,34201
v2,ea89b79a9dfd35df20fed759e6d15c60fe01e77c,direct,octree_nfcount,flyby,5,752,752,0.9766079783,0.15264,1.130208015,1.137779,1,0,-1,34153,29884,16,16,7339,24.55829206,17.13298086,512002,0,512002,34153
v2,ea89b79a9dfd35df20fed759e6d15c60fe01e77c,direct,octree_nfcount,flyby,5,753,753,0.9827200174,0.1584639996,1.142112017,1.149475,1,0,-1,34217,29940,16,16,7309,24.41215765,17.1009352,512002,0,512002,34217
v2,ea89b79a9dfd35df20fed759e6d15c60fe01e77c,direct,octree_nfcount,flyby,5,754,754,0.9890239835,0.1584639996,1.14844799,1.155795,1,0,-1,34345,30052,16,16,7546,25.10980966,17.03720218,512002,0,512002,34345
v2,ea89b79a9dfd35df20fed759e6d15c60fe01e77c,direct,octree_nfcount,flyby,5,755,755,0.8556159735,0.160927996,1.017472029,1.02495,1,0,-1,34225,29947,16,16,7354,24.55671687,17.09693792,512002,0,512002,34225
v2,ea89b79a9dfd35df20fed759e6d15c60fe01e77c,direct,octree_nfcount,flyby,5,756,756,0.9892479777,0.161055997,1.151232004,1.158572,1,0,-1,34089,29828,16,16,7327,24.5641679,17.16514684,512002,0,512002,34089
v2,ea89b79a9dfd35df20fed759e6d15c60fe01e77c,direct,octree_nfcount,flyby,5,757,757,0.9900159836,0.1587840021,1.149760008,1.157041,1,0,-1,34441,30136,16,16,7496,24.87390496,16.9897133,512002,0,512002,34441
v2,ea89b79a9dfd35df20fed759e6d15c60fe01e77c,direct,octree_nfcount,flyby,5,758,758,0.8472959995,0.1598400027,1.00809598,1.015574,1,0,-1,34161,29891,16,16,7367,24.64621458,17.12896859,512002,0,512002,34161
v2,ea89b79a9dfd35df20fed759e6d15c60fe01e77c,direct,octree_nfcount,flyby,5,759,759,0.9728320241,0.159040004,1.13283205,1.138298,1,0,-1,34177,29905,16,16,7403,24.75505768,17.12094967,512002,0,512002,34177
v2,ea89b79a9dfd35df20fed759e6d15c60fe01e77c,direct,octree_nfcount,flyby,5,760,760,1.005120039,0.1555839926,1.161664009,1.169474,1,0,-1,34361,30066,16,16,7514,24.99168496,17.02926894,512002,0,512002,34361
v2,ea89b79a9dfd35df20fed759e6d15c60fe01e77c,direct,octree_nfcount,flyby,5,761,761,0.9809280038,0.1566399932,1.138527989,1.145605,1,0,-1,34225,29947,16,16,7296,24.36304137,17.09693792,512002,0,512002,34225
v2,ea89b79a9dfd35df20fed759e6d15c60fe01e77c,direct,octree_nfcount,flyby,5,762,762,0.9847679734,0.1544959992,1.14022398,1.147441,1,0,-1,34345,30052,16,16,7424,24.70384667,17.03720218,512002,0,512002,34345
v2,ea89b79a9dfd35df20fed759e6d15c60fe01e77c,direct,octree_nfcount,flyby,5,763,763,0.9915519953,0.1599999964,1.152511954,1.157792,1,0,-1,34369,30073,16,16,7420,24.67329498,17.02530509,512002,0,512002,34369
v2,ea89b79a9dfd35df20fed759e6d15c60fe01e77c,direct,octree_nfcount,flyby,5,764,764,0.8476480246,0.1586239934,1.007231951,1.0152,1,0,-1,34305,30017,16,16,7284,24.26624913,17.05706766,512002,0,512002,34305
v2,ea89b79a9dfd35df20fed759e6d15c60fe01e77c,direct,octree_nfcount,flyby,5,765,765,0.9925439954,0.1543679982,1.147840023,1.155146,1,0,-1,34249,29968,16,16,7474,24.93993593,17.08495729,512002,0,512002,34249
v2,ea89b79a9dfd35df20fed759e6d15c60fe01e77c,direct,octree_nfcount,flyby,5,766,766,0.9832959771,0.1539199948,1.138144016,1.143781,1,0,-1,34289,30003,16,16,7342,24.47088624,17.06502683,512002,0,512002,34289
v2,ea89b79a9dfd35df20fed759e6d15c60fe01e77c,direct,octree_nfcount,flyby,5,767,767,0.8461120129,0.1546880007,1.001728058,1.009134,1,0,-1,34225,29947,16,16,7240,24.17604435,17.09693792,512002,0,512002,34225
v2,ea89b79a9dfd35df20fed759e6d15c60fe01e77c,direct,octree_nfcount,flyby,5,768,768,0.9955199957,0.1585599929,1.155040026,1.162645,1,0,-1,34265,29982,16,16,7356,24.53472083,17.07697952,512002,0,512002,34265
v2,ea89b79a9dfd35df20fed759e6d15c60fe01e77c,direct,octree_nfcount,flyby,5,769,769,0.981151998,0.1566399932,1.138751984,1.146991,1,0,-1,34073,29814,16,16,7219,24.21345677,17.17320722,512002,0,512002,34073
v2,ea89b79a9dfd35df20fed759e6d15c60fe01e77c,direct,octree_nfcount,flyby,5,770,770,0.9635199904,0.1568640023,1.121312022,1.127305,1,0,-1,34001,29751,16,16,7217,24.25800813,17.20957279,512002,0,512002,34001
v2,ea89b79a9dfd35df20fed759e6d15c60fe01e77c,direct,octree_nfcount,flyby,5,771,771,0.9860479832,0.157536,1.144512057,1.151533,1,0,-1,33801,29576,16,16,7212,24.38463619,17.31140114,512002,0,512002,33801
v2,ea89b79a9dfd35df20fed759e6d15c60fe01e77c,direct,octree_nfcount,flyby,5,772,772,0.9938560128,0.1577280015,1.152511954,1.15965,1,0,-1,33793,29569,16,16,7070,23.9101762,17.31549934,512002,0,512002,33793
v2,ea89b79a9dfd35df20fed759e6d15c60fe01e77c,direct,octree_nfcount,flyby,5,773,773,0.9771839976,0.1619839966,1.140095949,1.147474,1,0,-1,33881,29646,16,16,7134,24.06395467,17.27052553,512002,0,512002,33881
v2,ea89b79a9dfd35df20fed759e6d15c60fe01e77c,direct,octree_nfcount,flyby,5,774,774,0.9896960258,0.1614080071,1.152032018,1.159881,1,0,-1,33849,29618,16,16,7133,24.08332771,17.28685259,512002,0,512002,33849
v2,ea89b79a9dfd35df20fed759e6d15c60fe01e77c,direct,octree_nfcount,flyby,5,775,775,0.996096015,0.157536,1.154592037,1.161973,1,0,-1,33865,29632,16,16,7046,23.77834773,17.27868521,512002,0,512002,33865
v2,ea89b79a9dfd35df20fed759e6d15c60fe01e77c,direct,octree_nfcount,flyby,5,776,776,0.9949120283,0.1544000059,1.150272012,1.157545,1,0,-1,34137,29870,16,16,7216,24.15801808,17.14101105,512002,0,512002,34137
v2,ea89b79a9dfd35df20fed759e6d15c60fe01e77c,direct,octree_nfcount,flyby,5,777,777,0.8474879861,0.1605120003,1.008927941,1.016576,1,0,-1,33985,29737,16,16,7146,24.03066886,17.21767495,512002,0,512002,33985
v2,ea89b79a9dfd35df20fed759e6d15c60fe01e77c,direct,octree_nfcount,flyby,5,778,778,0.9827839732,0.1595840007,1.143327951,1.15161,1,0,-1,34337,30045,16,16,7272,24.20369446,17.04117158,512002,0,512002,34337
v2,ea89b79a9dfd35df20fed759e6d15c60fe01e77c,direct,octree_nfcount,flyby,5,779,779,0.9894080162,0.1565759927,1.146911979,1.154049,1,0,-1,34417,30115,16,16,7267,24.13083181,17.00156068,512002,0,512002,34417
v2,ea89b79a9dfd35df20fed759e6d15c60fe01e77c,direct,octree_nfcount,flyby,5,780,780,0.8578879833,0.1628800035,1.021695971,1.029414,1,0,-1,34105,29842,16,16,7119,23.8556397,17.15709403,512002,0,512002,34105
v2,ea89b79a9dfd35df20fed759e6d15c60fe01e77c,direct,octree_nfcount,flyby,5,781,781,0.9946560264,0.1546240002,1.150207996,1.157751,1,0,-1,34129,29863,16,16,7232,24.21725882,17.14502897,512002,0,512002,34129
v2,ea89b79a9dfd35df20fed759e6d15c60fe01e77c,direct,octree_nfcount,flyby,5,782,782,0.9934719801,0.1607359946,1.155168056,1.162602,1,0,-1,34201,29926,16,16,7319,24.45699392,17.10893537,512002,0,512002,34201
v2,ea89b79a9dfd35df20fed759e6d15c60fe01e77c,direct,octree_nfcount,flyby,5,783,783,0.8471680284,0.1585599929,1.006687999,1.014204,1,0,-1,34089,29828,16,16,7178,24.06463725,17.16514684,512002,0,512002,34089
v2,ea89b79a9dfd35df20fed759e6d15c60fe01e77c,direct,octree_nfcount,flyby,5,784,784,0.9843840003,0.155520007,1.140864015,1.148364,1,0,-1,34153,29884,16,16,7285,24.37759336,17.13298086,512002,0,512002,34153
v2,ea89b79a9dfd35df20fed759e6d15c60fe01e77c,direct,octree_nfcount,flyby,5,785,785,0.9982720017,0.1568000019,1.156031966,1.162836,1,0,-1,34217,29940,16,16,7215,24.09819639,17.1009352,512002,0,512002,34217
v2,ea89b79a9dfd35df20fed759e6d15c60fe01e77c,direct,octree_nfcount,flyby,5,786,786,0.8435199857,0.1531520039,0.9976320267,1.005665,1,0,-1,34193,29919,16,16,7232,24.17193088,17.11293827,512002,0,512002,34193
v2,ea89b79a9dfd35df20fed759e6d15c60fe01e77c,direct,octree_nfcount,flyby,5,787,787,0.9959679842,0.1588159949,1.155712008,1.162933,1,0,-1,34201,29926,16,16,7260,24.25984094,17.10893537,512002,0,512002,34201
v2,ea89b79a9dfd35df20fed759e6d15c60fe01e77c,direct,octree_nfcount,flyby,5,788,788,0.9933760166,0.1556479931,1.149984002,1.157402,1,0,-1,34033,29779,16,16,7231,24.2822123,17.19339132,512002,0,512002,34033
v2,ea89b79a9dfd35df20fed759e6d15c60fe01e77c,direct,octree_nfcount,flyby,5,789,789,0.9953280091,0.162816003,1.15910399,1.166527,1,0,-1,34185,29912,16,16,7225,24.15418561,17.11694303,512002,0,512002,34185
v2,ea89b79a9dfd35df20fed759e6d15c60fe01e77c,direct,octree_nfcount,flyby,5,790,790,0.9950399995,0.1604799926,1.156448007,1.163739,1,0,-1,34273,29989,16,16,7356,24.52899396,17.07299343,512002,0,512002,34273
v2,ea89b79a9dfd35df20fed759e6d15c60fe01e77c,direct,octree_nfcount,flyby,5,791,791,0.9805759788,0.1620160043,1.143551946,1.151007,1,0,-1,34193,29919,16,16,7219,24.12848023,17.11293827,512002,0,512002,34193
v2,ea89b79a9dfd35df20fed759e6d15c60fe01e77c,direct,octree_nfcount,flyby,5,792,792,0.9764479995,0.1626240015,1.140032053,1.148132,1,0,-1,34233,29954,16,16,7289,24.33397877,17.09294251,512002,0,512002,34233
v2,ea89b79a9dfd35df20fed759e6d15c60fe01e77c,direct,octree_nfcount,flyby,5,793,793,0.8488320112,0.1555519998,1.005344033,1.012631,1,0,-1,34081,29821,16,16,7234,24.25807317,17.16917608,512002,0,512002,34081
v2,ea89b79a9dfd35df20fed759e6d15c60fe01e77c,direct,octree_nfcount,flyby,5,794,794,0.9961280227,0.1607999951,1.157888055,1.165563,1,0,-1,34081,29821,16,16,7153,23.9864525,17.16917608,512002,0,512002,34081
v2,ea89b79a9dfd35df20fed759e6d15c60fe01e77c,direct,octree_nfcount,flyby,5,795,795,0.9860799909,0.1545280069,1.141535997,1.149397,1,0,-1,34209,29933,16,16,7242,24.19403334,17.10493435,512002,0,512002,34209
v2,ea89b79a9dfd35df20fed759e6d15c60fe01e77c,direct,octree_nfcount,flyby,5,796,796,0.8491520286,0.1617600024,1.011839986,1.019901,1,0,-1,34217,29940,16,16,7177,23.97127589,17.1009352,512002,0,512002,34217
v2,ea89b79a9dfd35df20fed759e6d15c60fe01e77c,direct,octree_nfcount,flyby,5,797,797,0.9896320105,0.1618240029,1.152415991,1.158526,1,0,-1,34337,30045,16,16,7198,23.95739724,17.04117158,512002,0,512002,34337
v2,ea89b79a9dfd35df20fed759e6d15c60fe01e77c,direct,octree_nfcount,flyby,5,798,798,0.9921919703,0.1587519944,1.151903987,1.158942,1,0,-1,34433,30129,16,16,7339,24.35859139,16.99366059,512002,0,512002,34433
v2,ea89b79a9dfd35df20fed759e6d15c60fe01e77c,direct,octree_nfcount,flyby,5,799,799,0.8535680175,0.154655993,1.009152055,1.015427,1,0,-1,34121,29856,16,16,7130,23.88129689,17.14904877,512002,0,512002,34121
v2,ea89b79a9dfd35df20fed759e6d15c60fe01e77c,direct,octree_nfcount,flyby,5,800,800,0.9817919731,0.1558399945,1.138592005,1.145567,1,0,-1,34345,30052,16,16,7271,24.19472914,17.03720218,512002,0,512002,34345
v2,ea89b79a9dfd35df20fed759e6d15c60fe01e77c,direct,octree_nfcount,flyby,5,801,801,0.9862400293,0.157792002,1.144991994,1.1508,1,0,-1,34321,30031,16,16,7328,24.40145183,17.04911591,512002,0,512002,34321
v2,ea89b79a9dfd35df20fed759e6d15c60fe01e77c,direct,octree_nfcount,flyby,5,802,802,0.841087997,0.1594559997,1.001503944,1.009107,1,0,-1,33977,29730,16,16,7065,23.76387487,17.22172889,512002,0,512002,33977
v2,ea89b79a9dfd35df20fed759e6d15c60fe01e77c,direct,octree_nfcount,flyby,5,803,803,0.9936000109,0.1534399986,1.148000002,1.15563,1,0,-1,34049,29793,16,16,7163,24.04256033,17.18531199,512002,0,512002,34049
v2,ea89b79a9dfd35df20fed759e6d15c60fe01e77c,direct,octree_nfcount,flyby,5,804,804,0.9969279766,0.1560000032,1.153856039,1.161735,1,0,-1,34065,29807,16,16,7194,24.13527024,17.17724025,512002,0,512002,34065
v2,ea89b79a9dfd35df20fed759e6d15c60fe01e77c,direct,octree_nfcount,flyby,5,805,805,0.8435840011,0.1586239934,1.003136039,1.009226,1,0,-1,34081,29821,16,16,7107,23.83219879,17.16917608,512002,0,512002,34081
v2,ea89b79a9dfd35df20fed759e6d15c60fe01e77c,direct,octree_nfcount,flyby,5,806,806,0.9891200066,0.1568640023,1.146944046,1.154024,1,0,-1,34193,29919,16,16,7227,24.15521909,17.11293827,512002,0,512002,34193
v2,ea89b79a9dfd35df20fed759e6d15c60fe01e77c,direct,octree_nfcount,flyby,5,807,807,0.9810879827,0.155392006,1.137439966,1.144689,1,0,-1,33889,29653,16,16,7122,24.01780596,17.26644859,512002,0,512002,33889
v2,ea89b79a9dfd35df20fed759e6d15c60fe01e77c,direct,octree_nfcount,flyby,5,808,808,0.8455359936,0.162816003,1.009312034,1.016578,1,0,-1,34073,29814,16,16,7093,23.79083652,17.17320722,512002,0,512002,34073
v2,ea89b79a9dfd35df20fed759e6d15c60fe01e77c,direct,octree_nfcount,flyby,5,809,809,0.9642879963,0.1586879939,1.12390399,1.131297,1,0,-1,34153,29884,16,16,7214,24.14000803,17.13298086,512002,0,512002,34153
v2,ea89b79a9dfd35df20fed759e6d15c60fe01e77c,direct,octree_nfcount,flyby,5,810,810,0.9948160052,0.1506559998,1.146432042,1.153087,1,0,-1,34017,29765,16,16,7190,24.15588779,17.20147825,512002,0,512002,34017
v2,ea89b79a9dfd35df20fed759e6d15c60fe01e77c,direct,octree_nfcount,flyby,5,811,811,0.9810879827,0.1555519998,1.137567997,1.145198,1,0,-1,34113,29849,16,16,7269,24.35257463,17.15307045,512002,0,512002,34113
v2,ea89b79a9dfd35df20fed759e6d15c60fe01e77c,direct,octree_nfcount,flyby,5,812,812,0.9845759869,0.1588480026,1.144384027,1.151517,1,0,-1,34337,30045,16,16,7362,24.50324513,17.04117158,512002,0,512002,34337
v2,ea89b79a9dfd35df20fed759e6d15c60fe01e77c,direct,octree_nfcount,flyby,5,813,813,0.9933760166,0.1565439999,1.150879979,1.159014,1,0,-1,34169,29898,16,16,7189,24.04508663,17.12495819,512002,0,512002,34169
v2,ea89b79a9dfd35df20fed759e6d15c60fe01e77c,direct,octree_nfcount,flyby,5,814,814,0.9899839759,0.1564799994,1.147392035,1.155589,1,0,-1,34329,30038,16,16,7313,24.34582862,17.04514282,512002,0,512002,34329
v2,ea89b79a9dfd35df20fed759e6d15c60fe01e77c,direct,octree_nfcount,flyby,5,815,815,0.8600959778,0.1607359946,1.021792054,1.028928,1,0,-1,34201,29926,16,16,7237,24.1829847,17.10893537,512002,0,512002,34201
v2,ea89b79a9dfd35df20fed759e6d15c60fe01e77c,direct,octree_nfcount,flyby,5,816,816,0.993088007,0.1568000019,1.150815964,1.157952,1,0,-1,34265,29982,16,16,7149,23.84430658,17.07697952,512002,0,512002,34265
v2,ea89b79a9dfd35df20fed759e6d15c60fe01e77c,direct,octree_nfcount,flyby,5,817,817,0.9935359955,0.1594880074,1.153983951,1.161409,1,0,-1,34529,30213,16,16,7332,24.26769933,16.9464138,512002,0,512002,34529
v2,ea89b79a9dfd35df20fed759e6d15c60fe01e77c,direct,octree_nfcount,flyby,5,818,818,0.8517760038,0.1596159935,1.01235199,1.020187,1,0,-1,34249,29968,16,16,7176,23.94554191,17.08495729,512002,0,512002,34249
v2,ea89b79a9dfd35df20fed759e6d15c60fe01e77c,direct,octree_nfcount,flyby,5,819,819,0.9882559776,0.1566720009,1.145856023,1.153234,1,0,-1,34145,29877,16,16,7119,23.82769354,17.13699501,512002,0,512002,34145
v2,ea89b79a9dfd35df20fed759e6d15c60fe01e77c,direct,octree_nfcount,flyby,5,820,820,0.9671360254,0.1536639929,1.121760011,1.128287,1,0,-1,34273,29989,16,16,7241,24.14552002,17.07299343,512002,0,512002,34273
v2,ea89b79a9dfd35df20fed759e6d15c60fe01e77c,direct,octree_nfcount,flyby,5,821,821,0.8419200182,0.1593279988,1.002207994,1.009596,1,0,-1,34201,29926,16,16,7202,24.06602954,17.10893537,512002,0,512002,34201
v2,ea89b79a9dfd35df20fed759e6d15c60fe01e77c,direct,octree_nfcount,flyby,5,822,822,0.9825279713,0.1578239948,1.141631961,1.148544,1,0,-1,34209,29933,16,16,7160,23.9200882,17.10493435,512002,0,512002,34209
v2,ea89b79a9dfd35df20fed759e6d15c60fe01e77c,direct,octree_nfcount,flyby,5,823,823,0.9966719747,0.1544959992,1.152096033,1.159548,1,0,-1,34273,29989,16,16,7235,24.12551269,17.07299343,512002,0,512002,34273
v2,ea89b79a9dfd35df20fed759e6d15c60fe01e77c,direct,octree_nfcount,flyby,5,824,824,0.8426240087,0.1617919952,1.005375981,1.012131,1,0,-1,34217,29940,16,16,7110,23.74749499,17.1009352,512002,0,512002,34217
v2,ea89b79a9dfd35df20fed759e6d15c60fe01e77c,direct,octree_nfcount,flyby,5,825,825,0.9732800126,0.1557119936,1.129920006,1.137098,1,0,-1,34033,29779,16,16,7206,24.19826052,17.19339132,512002,0,512002,34033
v2,ea89b79a9dfd35df20fed759e6d15c60fe01e77c,direct,octree_nfcount,flyby,5,826,826,0.9625279903,0.1534080058,1.116896033,1.124176,1,0,-1,34113,29849,16,16,7242,24.26211933,17.15307045,512002,0,512002,34113
v2,ea89b79a9dfd35df20fed759e6d15c60fe01e77c,direct,octree_nfcount,flyby,5,827,827,0.8433600068,0.1605439931,1.004832029,1.012183,1,0,-1,34153,29884,16,16,7148,23.91915406,17.13298086,512002,0,512002,34153
v2,ea89b79a9dfd35df20fed759e6d15c60fe01e77c,direct,octree_nfcount,flyby,5,828,828,0.9720960259,0.15264,1.125695944,1.133731,1,0,-1,34145,29877,16,16,7292,24.40673428,17.13699501,512002,0,512002,34145
v2,ea89b79a9dfd35df20fed759e6d15c60fe01e77c,direct,octree_nfcount,flyby,5,829,829,0.9747200012,0.154655993,1.130303979,1.13598,1,0,-1,34113,29849,16,16,7183,24.06445777,17.15307045,512002,0,512002,34113
v2,ea89b79a9dfd35df20fed759e6d15c60fe01e77c,direct,octree_nfcount,flyby,5,830,830,0.8420479894,0.158912003,1.001919985,1.008993,1,0,-1,33985,29737,16,16,7085,23.82553721,17.21767495,512002,0,512002,33985
v2,ea89b79a9dfd35df20fed759e6d15c60fe01e77c,direct,octree_nfcount,flyby,5,831,831,0.990432024,0.1619199961,1.15328002,1.16059,1,0,-1,34377,30080,16,16,7291,24.23869681,17.02134309,512002,0,512002,34377
v2,ea89b79a9dfd35df20fed759e6d15c60fe01e77c,direct,octree_nfcount,flyby,5,832,832,1.000064015,0.1565759927,1.157567978,1.164765,1,0,-1,34177,29905,16,16,7134,23.85554255,17.12094967,512002,0,512002,34177
v2,ea89b79a9dfd35df20fed759e6d15c60fe01e77c,direct,octree_nfcount,flyby,5,833,833,0.9717119932,0.1537600011,1.126399994,1.132101,1,0,-1,34105,29842,16,16,7177,24.04999665,17.15709403,512002,0,512002,34105
v2,ea89b79a9dfd35df20fed759e6d15c60fe01e77c,direct,octree_nfcount,flyby,5,834,834,0.9913920164,0.1584960073,1.150815964,1.158201,1,0,-1,34137,29870,16,16,7263,24.31536659,17.14101105,512002,0,512002,34137
v2,ea89b79a9dfd35df20fed759e6d15c60fe01e77c,direct,octree_nfcount,flyby,5,835,835,0.9966080189,0.1566080004,1.154175997,1.16159,1,0,-1,34065,29807,16,16,7218,24.21578824,17.17724025,512002,0,512002,34065
v2,ea89b79a9dfd35df20fed759e6d15c60fe01e77c,direct,octree_nfcount,flyby,5,836,836,0.9720960259,0.155392006,1.128448009,1.135779,1,0,-1,34137,29870,16,16,7233,24.21493137,17.14101105,512002,0,512002,34137
v2,ea89b79a9dfd35df20fed759e6d15c60fe01e77c,direct,octree_nfcount,flyby,5,837,837,0.8373759985,0.1614399999,0.9997439981,1.00691,1,0,-1,34129,29863,16,16,7294,24.42487359,17.14502897,512002,0,512002,34129
v2,ea89b79a9dfd35df20fed759e6d15c60fe01e77c,direct,octree_nfcount,flyby,5,838,838,0.9836480021,0.1608639956,1.14547205,1.152934,1,0,-1,34225,29947,16,16,7138,23.83544262,17.09693792,512002,0,512002,34225
v2,ea89b79a9dfd35df20fed759e6d15c60fe01e77c,direct,octree_nfcount,flyby,5,839,839,0.9854080081,0.1546880007,1.141055942,1.148082,1,0,-1,34345,30052,16,16,7264,24.17143618,17.03720218,512002,0,512002,34345
v2,ea89b79a9dfd35df20fed759e6d15c60fe01e77c,direct,octree_nfcount,flyby,5,840,840,0.8504319787,0.1573760062,1.008767962,1.016175,1,0,-1,34201,29926,16,16,7179,23.98917329,17.10893537,512002,0,512002,34201
v2,ea89b79a9dfd35df20fed759e6d15c60fe01e77c,direct,octree_nfcount,flyby,5,841,841,0.9843840003,0.1568319947,1.142176032,1.149626,1,0,-1,34065,29807,16,16,7071,23.72261549,17.17724025,512002,0,512002,34065
v2,ea89b79a9dfd35df20fed759e6d15c60fe01e77c,direct,octree_nfcount,flyby,5,842,842,0.9777920246,0.154272005,1.132992029,1.140499,1,0,-1,34265,29982,16,16,7202,24.02107931,17.07697952,512002,0,512002,34265
v2,ea89b79a9dfd35df20fed759e6d15c60fe01e77c,direct,octree_nfcount,flyby,5,843,843,0.8376640081,0.1585280001,0.9971200228,1.004541,1,0,-1,33993,29744,16,16,7097,23.86027434,17.21362292,512002,0,512002,33993
v2,ea89b79a9dfd35df20fed759e6d15c60fe01e77c,direct,octree_nfcount,flyby,5,844,844,0.9768000245,0.154655993,1.132383943,1.139746,1,0,-1,34113,29849,16,16,7108,23.81319307,17.15307045,512002,0,512002,34113
v2,ea89b79a9dfd35df20fed759e6d15c60fe01e77c,direct,octree_nfcount,flyby,5,845,845,0.9628480077,0.1546240002,1.118432045,1.125098,1,0,-1,34129,29863,16,16,7182,24.04982755,17.14502897,512002,0,512002,34129
v2,ea89b79a9dfd35df20fed759e6d15c60fe01e77c,direct,octree_nfcount,flyby,5,846,846,0.8280959725,0.1585599929,0.9876160026,0.99365,1,0,-1,33817,29590,16,16,7087,23.95065901,17.30321054,512002,0,512002,33817
v2,ea89b79a9dfd35df20fed759e6d15c60fe01e77c,direct,octree_nfcount,flyby,5,847,847,0.9750080109,0.1558720022,1.131808043,1.139385,1,0,-1,33905,29667,16,16,7086,23.88512489,17.25830047,512002,0,512002,33905
v2,ea89b79a9dfd35df20fed759e6d15c60fe01e77c,direct,octree_nfcount,flyby,5,848,848,0.982912004,0.1563840061,1.140256047,1.147561,1,0,-1,34089,29828,16,16,7186,24.09145769,17.16514684,512002,0,512002,34089
v2,ea89b79a9dfd35df20fed759e6d15c60fe01e77c,direct,octree_nfcount,flyby,5,849,849,0.8467839956,0.1584320068,1.006175995,1.011956,1,0,-1,34041,29786,16,16,7055,23.68562412,17.1893507,512002,0,512002,34041
v2,ea89b79a9dfd35df20fed759e6d15c60fe01e77c,direct,octree_nfcount,flyby,5,850,850,0.9818559885,0.1568319947,1.139647961,1.146943,1,0,-1,34001,29751,16,16,7113,23.90844005,17.20957279,512002,0,512002,34001
v2,ea89b79a9dfd35df20fed759e6d15c60fe01e77c,direct,octree_nfcount,flyby,5,851,851,0.9857599735,0.1586239934,1.145344019,1.152175,1,0,-1,34049,29793,16,16,7170,24.06605578,17.18531199,512002,0,512002,34049
v2,ea89b79a9dfd35df20fed759e6d15c60fe01e77c,direct,octree_nfcount,flyby,5,852,852,0.8383359909,0.1584960073,0.9977920055,1.004731,1,0,-1,33833,29604,16,16,7042,23.78732604,17.2950277,512002,0,512002,33833
v2,ea89b79a9dfd35df20fed759e6d15c60fe01e77c,direct,octree_nfcount,flyby,5,853,853,0.978399992,0.1587200016,1.138080001,1.145549,1,0,-1,34105,29842,16,16,7256,24.31472421,17.15709403,512002,0,512002,34105
v2,ea89b79a9dfd35df20fed759e6d15c60fe01e77c,direct,octree_nfcount,flyby,5,854,854,0.9977599978,0.1553280056,1.154047966,1.161546,1,0,-1,34321,30031,16,16,7337,24.43142087,17.04911591,512002,0,512002,34321
v2,ea89b79a9dfd35df20fed759e6d15c60fe01e77c,direct,octree_nfcount,flyby,5,855,855,0.848608017,0.1607040018,1.010239959,1.017611,1,0,-1,34353,30059,16,16,7221,24.02275525,17.03323464,512002,0,512002,34353
v2,ea89b79a9dfd35df20fed759e6d15c60fe01e77c,direct,octree_nfcount,flyby,5,856,856,0.9918720126,0.1577280015,1.150560021,1.157843,1,0,-1,34313,30024,16,16,7287,24.27058353,17.05309086,512002,0,512002,34313
v2,ea89b79a9dfd35df20fed759e6d15c60fe01e77c,direct,octree_nfcount,flyby,5,857,857,0.9941440225,0.1584639996,1.153535962,1.160385,1,0,-1,34153,29884,16,16,7240,24.22701111,17.13298086,512002,0,512002,34153
v2,ea89b79a9dfd35df20fed759e6d15c60fe01e77c,direct,octree_nfcount,flyby,5,858,858,0.8465279937,0.1596159935,1.007071972,1.014566,1,0,-1,34209,29933,16,16,7219,24.11719507,17.10493435,512002,0,512002,34209
v2,ea89b79a9dfd35df20fed759e6d15c60fe01e77c,direct,octree_nfcount,flyby,5,859,859,0.9682880044,0.1569280028,1.126176,1.13314,1,0,-1,34097,29835,16,16,7280,24.40087146,17.16111949,512002,0,512002,34097
v2,ea89b79a9dfd35df20fed759e6d15c60fe01e77c,direct,octree_nfcount,flyby,5,860,860,0.9807040095,0.1596480012,1.141312003,1.148647,1,0,-1,34121,29856,16,16,7225,24.19949089,17.14904877,512002,0,512002,34121
v2,ea89b79a9dfd35df20fed759e6d15c60fe01e77c,direct,octree_nfcount,flyby,5,861,861,0.9845119715,0.1546880007,1.140159965,1.147306,1,0,-1,34313,30024,16,16,7257,24.17066347,17.05309086,512002,0,512002,34313
v2,ea89b79a9dfd35df20fed759e6d15c60fe01e77c,direct,octree_nfcount,flyby,5,862,862,0.9763839841,0.1574400067,1.134752035,1.142516,1,0,-1,34177,29905,16,16,7250,24.24343755,17.12094967,512002,0,512002,34177
v2,ea89b79a9dfd35df20fed759e6d15c60fe01e77c,direct,octree_nfcount,flyby,5,863,863,0.9876800179,0.1567039937,1.145311952,1.152656,1,0,-1,34201,29926,16,16,7168,23.95241596,17.10893537,512002,0,512002,34201
v2,ea89b79a9dfd35df20fed759e6d15c60fe01e77c,direct,octree_nfcount,flyby,5,864,864,0.9781119823,0.1567039937,1.135776043,1.143449,1,0,-1,34121,29856,16,16,7178,24.0420686,17.14904877,512002,0,512002,34121
v2,ea89b79a9dfd35df20fed759e6d15c60fe01e77c,direct,octree_nfcount,flyby,5,865,865,0.9717440009,0.1629759967,1.13567996,1.141702,1,0,-1,34033,29779,16,16,7191,24.14788945,17.19339132,512002,0,512002,34033
v2,ea89b79a9dfd35df20fed759e6d15c60fe01e77c,direct,octree_nfcount,flyby,5,866,866,0.9697920084,0.1606079936,1.131360054,1.136741,1,0,-1,33985,29737,16,16,7059,23.73810405,17.21767495,512002,0,512002,33985
v2,ea89b79a9dfd35df20fed759e6d15c60fe01e77c,direct,octree_nfcount,flyby,5,867,867,0.9667519927,0.1558080018,1.123487949,1.12968,1,0,-1,33985,29737,16,16,7094,23.85580254,17.21767495,512002,0,512002,33985
v2,ea89b79a9dfd35df20fed759e6d15c60fe01e77c,direct,octree_nfcount,flyby,5,868,868,0.8396160007,0.1618240029,1.002400041,1.00847,1,0,-1,33881,29646,16,16,7075,23.86493962,17.27052553,512002,0,512002,33881
v2,ea89b79a9dfd35df20fed759e6d15c60fe01e77c,direct,octree_nfcount,flyby,5,869,869,0.9960319996,0.1586239934,1.155616045,1.163178,1,0,-1,33681,29471,16,16,6972,23.65715449,17.37307862,512002,0,512002,33681
v2,ea89b79a9dfd35df20fed759e6d15c60fe01e77c,direct,octree_nfcount,flyby,5,870,870,0.9798719883,0.1568000019,1.137599945,1.144739,1,0,-1,34105,29842,16,16,7128,23.88579854,17.15709403,512002,0,512002,34105
v2,ea89b79a9dfd35df20fed759e6d15c60fe01e77c,direct,octree_nfcount,flyby,5,871,871,0.8613439798,0.1566720009,1.018944025,1.026671,1,0,-1,34001,29751,16,16,7111,23.90171759,17.20957279,512002,0,512002,34001
v2,ea89b79a9dfd35df20fed759e6d15c60fe01e77c,direct,octree_nfcount,flyby,5,872,872,0.9865919948,0.1608320028,1.148352027,1.155956,1,0,-1,34009,29758,16,16,7112,23.89945561,17.20552456,512002,0,512002,34009
v2,ea89b79a9dfd35df20fed759e6d15c60fe01e77c,direct,octree_nfcount,flyby,5,873,873,0.9762560129,0.159807995,1.136991978,1.143008,1,0,-1,34289,30003,16,16,7200,23.99760024,17.06502683,512002,0,512002,34289
v2,ea89b79a9dfd35df20fed759e6d15c60fe01e77c,direct,octree_nfcount,flyby,5,874,874,0.8386880159,0.1618559957,1.001503944,1.009052,1,0,-1,34281,29996,16,16,7164,23.88318442,17.0690092,512002,0,512002,34281
v2,ea89b79a9dfd35df20fed759e6d15c60fe01e77c,direct,octree_nfcount,flyby,5,875,875,0.981408,0.1607040018,1.143072009,1.148975,1,0,-1,34089,29828,16,16,7083,23.74614456,17.16514684,512002,0,512002,34089
v2,ea89b79a9dfd35df20fed759e6d15c60fe01e77c,direct,octree_nfcount,flyby,5,876,876,0.9746559858,0.1548160017,1.13043201,1.137041,1,0,-1,34209,29933,16,16,7169,23.95015535,17.10493435,512002,0,512002,34209
v2,ea89b79a9dfd35df20fed759e6d15c60fe01e77c,direct,octree_nfcount,flyby,5,877,877,0.8425279856,0.1565759927,1.000031948,1.006907,1,0,-1,34265,29982,16,16,7086,23.63418051,17.07697952,512002,0,512002,34265
v2,ea89b79a9dfd35df20fed759e6d15c60fe01e77c,direct,octree_nfcount,flyby,5,878,878,0.9916160107,0.1628479958,1.155392051,1.162673,1,0,-1,34153,29884,16,16,7094,23.73845536,17.13298086,512002,0,512002,34153
v2,ea89b79a9dfd35df20fed759e6d15c60fe01e77c,direct,octree_nfcount,flyby,5,879,879,0.991328001,0.1566399932,1.150143981,1.156283,1,0,-1,34177,29905,16,16,7100,23.74184919,17.12094967,512002,0,512002,34177
v2,ea89b79a9dfd35df20fed759e6d15c60fe01e77c,direct,octree_nfcount,flyby,5,880,880,0.8508160114,0.1547199935,1.006495953,1.013905,1,0,-1,34137,29870,16,16,6986,23.38801473,17.14101105,512002,0,512002,34137
v2,ea89b79a9dfd35df20fed759e6d15c60fe01e77c,direct,octree_nfcount,flyby,5,881,881,0.9983999729,0.1599040031,1.159263968,1.166322,1,0,-1,34057,29800,16,16,7081,23.76174497,17.18127517,512002,0,512002,34057
v2,ea89b79a9dfd35df20fed759e6d15c60fe01e77c,direct,octree_nfcount,flyby,5,882,882,0.975135982,0.1544000059,1.130496025,1.138012,1,0,-1,34081,29821,16,16,7067,23.69806512,17.16917608,512002,0,512002,34081
v2,ea89b79a9dfd35df20fed759e6d15c60fe01e77c,direct,octree_nfcount,flyby,5,883,883,0.8471999764,0.1556160003,1.003744006,1.010968,1,0,-1,33945,29702,16,16,6973,23.47653357,17.23796377,512002,0,512002,33945
v2,ea89b79a9dfd35df20fed759e6d15c60fe01e77c,direct,octree_nfcount,flyby,5,884,884,0.977504015,0.1571840048,1.135615945,1.142918,1,0,-1,33913,29674,16,16,7139,24.058098,17.25422929,512002,0,512002,33913
v2,ea89b79a9dfd35df20fed759e6d15c60fe01e77c,direct,octree_nfcount,flyby,5,885,885,0.9907839894,0.1608320028,1.15257597,1.160101,1,0,-1,34161,29891,16,16,7166,23.97377137,17.12896859,512002,0,512002,34161
v2,ea89b79a9dfd35df20fed759e6d15c60fe01e77c,direct,octree_nfcount,flyby,5,886,886,0.8518720269,0.1588799953,1.011680007,1.019195,1,0,-1,34025,29772,16,16,7034,23.62622598,17.19743383,512002,0,512002,34025
v2,ea89b79a9dfd35df20fed759e6d15c60fe01e77c,direct,octree_nfcount,flyby,5,887,887,0.989823997,0.1566399932,1.147392035,1.155089,1,0,-1,34137,29870,16,16,7214,24.1513224,17.14101105,512002,0,512002,34137
v2,ea89b79a9dfd35df20fed759e6d15c60fe01e77c,direct,octree_nfcount,flyby,5,888,888,1.007135987,0.1548479944,1.162943959,1.168537,1,0,-1,34273,29989,16,16,7173,23.91877022,17.07299343,512002,0,512002,34273
v2,ea89b79a9dfd35df20fed759e6d15c60fe01e77c,direct,octree_nfcount,flyby,5,889,889,0.8548480272,0.1599680036,1.015743971,1.022857,1,0,-1,34225,29947,16,16,7083,23.65178482,17.09693792,512002,0,512002,34225
v2,ea89b79a9dfd35df20fed759e6d15c60fe01e77c,direct,octree_nfcount,flyby,5,890,890,0.984160006,0.1587840021,1.143872023,1.151036,1,0,-1,34249,29968,16,16,7233,24.13574479,17.08495729,512002,0,512002,34249
v2,ea89b79a9dfd35df20fed759e6d15c60fe01e77c,direct,octree_nfcount,flyby,5,891,891,0.9891520143,0.1580159962,1.148128033,1.153692,1,0,-1,34225,29947,16,16,7201,24.04581427,17.09693792,512002,0,512002,34225
v2,ea89b79a9dfd35df20fed759e6d15c60fe01e77c,direct,octree_nfcount,flyby,5,892,892,0.8486719728,0.1587200016,1.008319974,1.01559,1,0,-1,34465,30157,16,16,7231,23.97784926,16.97788242,512002,0,512002,34465
v2,ea89b79a9dfd35df20fed759e6d15c60fe01e77c,direct,octree_nfcount,flyby,5,893,893,0.9894400239,0.1588480026,1.149216056,1.156095,1,0,-1,34601,30276,16,16,7342,24.25023121,16.91115075,512002,0,512002,34601
v2,ea89b79a9dfd35df20fed759e6d15c60fe01e77c,direct,octree_nfcount,flyby,5,894,894,0.9830399752,0.1570239961,1.140992045,1.147799,1,0,-1,34449,30143,16,16,7266,24.10509903,16.98576784,512002,0,512002,34449
v2,ea89b79a9dfd35df20fed759e6d15c60fe01e77c,direct,octree_nfcount,flyby,5,895,895,0.9859520197,0.1565120071,1.143391967,1.149657,1,0,-1,34545,30227,16,16,7269,24.04803652,16.93856486,512002,0,512002,34545
v2,ea89b79a9dfd35df20fed759e6d15c60fe01e77c,direct,octree_nfcount,flyby,5,896,896,1.00070405,0.1676799953,1.169343948,1.175585,1,0,-1,34321,30031,16,16,7213,24.0185142,17.04911591,512002,0,512002,34321
v2,ea89b79a9dfd35df20fed759e6d15c60fe01e77c,direct,octree_nfcount,flyby,5,897,897,0.9940479994,0.1618880033,1.156864047,1.16452,1,0,-1,34193,29919,16,16,7146,23.88448812,17.11293827,512002,0,512002,34193
v2,ea89b79a9dfd35df20fed759e6d15c60fe01e77c,direct,octree_nfcount,flyby,5,898,898,0.9823359847,0.1569920033,1.140256047,1.147139,1,0,-1,34153,29884,16,16,7199,24.08981395,17.13298086,512002,0,512002,34153
v2,ea89b79a9dfd35df20fed759e6d15c60fe01e77c,direct,octree_nfcount,flyby,5,899,899,0.9842240214,0.1554560065,1.140607953,1.145942,1,0,-1,34201,29926,16,16,7208,24.08607899,17.10893537,512002,0,512002,34201
v2,ea89b79a9dfd35df20fed759e6d15c60fe01e77c,direct,octree_nfcount,flyby,5,900,900,0.9945600033,0.1567360014,1.152256012,1.158839,1,0,-1,34233,29954,16,16,7144,23.84990318,17.09294251,512002,0,512002,34233
v2,ea89b79a9dfd35df20fed759e6d15c60fe01e77c,direct,octree_nfcount,flyby,5,901,901,0.9928960204,0.1586879939,1.152511954,1.159557,1,0,-1,34513,30199,16,16,7312,24.21272228,16.95427001,512002,0,512002,34513
v2,ea89b79a9dfd35df20fed759e6d15c60fe01e77c,direct,octree_nfcount,flyby,5,902,902,0.8526399732,0.1535039991,1.007071972,1.014182,1,0,-1,34321,30031,16,16,7284,24.25493657,17.04911591,512002,0,512002,34321
v2,ea89b79a9dfd35df20fed759e6d15c60fe01e77c,direct,octree_nfcount,flyby,5,903,903,0.9895039797,0.1566399932,1.147071958,1.153905,1,0,-1,34289,30003,16,16,7148,23.82428424,17.06502683,512002,0,512002,34289
v2,ea89b79a9dfd35df20fed759e6d15c60fe01e77c,direct,octree_nfcount,flyby,5,904,904,0.9898560047,0.1586239934,1.149407983,1.156274,1,0,-1,34569,30248,16,16,7323,24.20986512,16.92680508,512002,0,512002,34569
v2,ea89b79a9dfd35df20fed759e6d15c60fe01e77c,direct,octree_nfcount,flyby,5,905,905,0.849503994,0.1545280069,1.004992008,1.012609,1,0,-1,34105,29842,16,16,7183,24.07010254,17.15709403,512002,0,512002,34105
v2,ea89b79a9dfd35df20fed759e6d15c60fe01e77c,direct,octree_nfcount,flyby,5,906,906,0.9904000163,0.1587519944,1.150112033,1.157191,1,0,-1,34193,29919,16,16,7232,24.17193088,17.11293827,512002,0,512002,34193
v2,ea89b79a9dfd35df20fed759e6d15c60fe01e77c,direct,octree_nfcount,flyby,5,907,907,0.9870079756,0.1608960032,1.148864031,1.154702,1,0,-1,34457,30150,16,16,7334,24.32504146,16.98182421,512002,0,512002,34457
v2,ea89b79a9dfd35df20fed759e6d15c60fe01e77c,direct,octree_nfcount,flyby,5,908,908,0.8429120183,0.15264,0.9965119958,1.003857,1,0,-1,34145,29877,16,16,7184,24.0452522,17.13699501,512002,0,512002,34145
v2,ea89b79a9dfd35df20fed759e6d15c60fe01e77c,direct,octree_nfcount,flyby,5,909,909,0.9910079837,0.1557119936,1.147680044,1.154401,1,0,-1,34121,29856,16,16,7106,23.80091104,17.14904877,512002,0,512002,34121
v2,ea89b79a9dfd35df20fed759e6d15c60fe01e77c,direct,octree_nfcount,flyby,5,910,910,0.9889600277,0.1566720009,1.146592021,1.153793,1,0,-1,34385,30087,16,16,7218,23.99042776,17.01738292,512002,0,512002,34385
v2,ea89b79a9dfd35df20fed759e6d15c60fe01e77c,direct,octree_nfcount,flyby,5,911,911,0.8466879725,0.1554560065,1.003103971,1.010363,1,0,-1,34305,30017,16,16,7111,23.68990905,17.05706766,512002,0,512002,34305
v2,ea89b79a9dfd35df20fed759e6d15c60fe01e77c,direct,octree_nfcount,flyby,5,912,912,0.9916480184,0.1587200016,1.15129602,1.158382,1,0,-1,34345,30052,16,16,7175,23.87528284,17.03720218,512002,0,512002,34345
v2,ea89b79a9dfd35df20fed759e6d15c60fe01e77c,direct,octree_nfcount,flyby,5,913,913,0.9918079972,0.1564799994,1.149248004,1.156477,1,0,-1,34417,30115,16,16,7201,23.91167192,17.00156068,512002,0,512002,34417
v2,ea89b79a9dfd35df20fed759e6d15c60fe01e77c,direct,octree_nfcount,flyby,5,914,914,0.8548160195,0.1554560065,1.011232018,1.018515,1,0,-1,33961,29716,16,16,6974,23.46883834,17.22984251,512002,0,512002,33961
v2,ea89b79a9dfd35df20fed759e6d15c60fe01e77c,direct,octree_nfcount,flyby,5,915,915,0.991936028,0.1568959951,1.149791956,1.156125,1,0,-1,34249,29968,16,16,7124,23.77202349,17.08495729,512002,0,512002,34249
v2,ea89b79a9dfd35df20fed759e6d15c60fe01e77c,direct,octree_nfcount,flyby,5,916,916,0.9907519817,0.1565439999,1.148255944,1.15572,1,0,-1,34345,30052,16,16,7197,23.94848929,17.03720218,512002,0,512002,34345
v2,ea89b79a9dfd35df20fed759e6d15c60fe01e77c,direct,octree_nfcount,flyby,5,917,917,0.8323839903,0.1556800008,0.9889919758,0.994697,1,0,-1,34233,29954,16,16,7057,23.55945784,17.09294251,512002,0,512002,34233
v2,ea89b79a9dfd35df20fed759e6d15c60fe01e77c,direct,octree_nfcount,flyby,5,918,918,0.9751679897,0.1599680036,1.136064053,1.143012,1,0,-1,34137,29870,16,16,7153,23.94710412,17.14101105,512002,0,512002,34137
v2,ea89b79a9dfd35df20fed759e6d15c60fe01e77c,direct,octree_nfcount,flyby,5,919,919,0.9927679896,0.1615680009,1.15526402,1.162443,1,0,-1,34201,29926,16,16,7168,23.95241596,17.10893537,512002,0,512002,34201
v2,ea89b79a9dfd35df20fed759e6d15c60fe01e77c,direct,octree_nfcount,flyby,5,920,920,0.8499519825,0.1586239934,1.009536028,1.016646,1,0,-1,33961,29716,16,16,6925,23.303944,17.22984251,512002,0,512002,33961
v2,ea89b79a9dfd35df20fed759e6d15c60fe01e77c,direct,octree_nfcount,flyby,5,921,921,0.9875199795,0.1588159949,1.147295952,1.152689,1,0,-1,34057,29800,16,16,7061,23.69463087,17.18127517,512002,0,512002,34057
v2,ea89b79a9dfd35df20fed759e6d15c60fe01e77c,direct,octree_nfcount,flyby,5,922,922,0.9919679761,0.1585599929,1.151455998,1.158767,1,0,-1,34177,29905,16,16,7175,23.99264337,17.12094967,512002,0,512002,34177
v2,ea89b79a9dfd35df20fed759e6d15c60fe01e77c,direct,octree_nfcount,flyby,5,923,923,0.8594560027,0.158912003,1.01929605,1.027023,1,0,-1,33985,29737,16,16,6974,23.45226486,17.21767495,512002,0,512002,33985
v2,ea89b79a9dfd35df20fed759e6d15c60fe01e77c,direct,octree_nfcount,flyby,5,924,924,0.9754239917,0.1577599943,1.134143949,1.141323,1,0,-1,34073,29814,16,16,7073,23.72375394,17.17320722,512002,0,512002,34073
v2,ea89b79a9dfd35df20fed759e6d15c60fe01e77c,direct,octree_nfcount,flyby,5,925,925,0.9745600224,0.1628800035,1.138399959,1.145311,1,0,-1,33969,29723,16,16,7116,23.94105575,17.22578475,512002,0,512002,33969
v2,ea89b79a9dfd35df20fed759e6d15c60fe01e77c,direct,octree_nfcount,flyby,5,926,926,0.8334079981,0.1527359933,0.987071991,0.992552,1,0,-1,33833,29604,16,16,6966,23.53060397,17.2950277,512002,0,512002,33833
v2,ea89b79a9dfd35df20fed759e6d15c60fe01e77c,direct,octree_nfcount,flyby,5,927,927,0.982303977,0.1609600037,1.144224048,1.151407,1,0,-1,33913,29674,16,16,7048,23.75143223,17.25422929,512002,0,512002,33913
v2,ea89b79a9dfd35df20fed759e6d15c60fe01e77c,direct,octree_nfcount,flyby,5,928,928,0.9812160134,0.1563519984,1.138527989,1.145937,1,0,-1,33913,29674,16,16,7026,23.67729325,17.25422929,512002,0,512002,33913
v2,ea89b79a9dfd35df20fed759e6d15c60fe01e77c,direct,octree_nfcount,flyby,5,929,929,0.9731519818,0.1598719954,1.133952022,1.140551,1,0,-1,33769,29548,16,16,6899,23.34844998,17.3278056,512002,0,512002,33769
v2,ea89b79a9dfd35df20fed759e6d15c60fe01e77c,direct,octree_nfcount,flyby,5,930,930,0.9810240269,0.1583999991,1.140352011,1.14769,1,0,-1,33937,29695,16,16,6996,23.55952181,17.24202728,512002,0,512002,33937
v2,ea89b79a9dfd35df20fed759e6d15c60fe01e77c,direct,octree_nfcount,flyby,5,931,931,0.9822080135,0.1548800021,1.138048053,1.145235,1,0,-1,33809,29583,16,16,6911,23.36138999,17.30730487,512002,0,512002,33809
v2,ea89b79a9dfd35df20fed759e6d15c60fe01e77c,direct,octree_nfcount,flyby,5,932,932,0.9776319861,0.1565759927,1.135167956,1.142437,1,0,-1,33793,29569,16,16,6857,23.18982718,17.31549934,512002,0,512002,33793
v2,ea89b79a9dfd35df20fed759e6d15c60fe01e77c,direct,octree_nfcount,flyby,5,933,933,0.9932799935,0.1588799953,1.153120041,1.160137,1,0,-1,33913,29674,16,16,6931,23.35714767,17.25422929,512002,0,512002,33913
v2,ea89b79a9dfd35df20fed759e6d15c60fe01e77c,direct,octree_nfcount,flyby,5,934,934,0.9849600196,0.1566080004,1.142528057,1.149268,1,0,-1,33777,29555,16,16,6902,23.35307055,17.32370157,512002,0,512002,33777
v2,ea89b79a9dfd35df20fed759e6d15c60fe01e77c,direct,octree_nfcount,flyby,5,935,935,0.9849280119,0.1527359933,1.138623953,1.145403,1,0,-1,33713,29499,16,16,6892,23.36350385,17.35658836,512002,0,512002,33713
v2,ea89b79a9dfd35df20fed759e6d15c60fe01e77c,direct,octree_nfcount,flyby,5,936,936,0.8356159925,0.1518400013,0.9883840084,0.994074,1,0,-1,33937,29695,16,16,7041,23.71106247,17.24202728,512002,0,512002,33937
v2,ea89b79a9dfd35df20fed759e6d15c60fe01e77c,direct,octree_nfcount,flyby,5,937,937,0.9869760275,0.1542080045,1.142143965,1.149381,1,0,-1,33729,29513,16,16,6811,23.07796564,17.34835496,512002,0,512002,33729
v2,ea89b79a9dfd35df20fed759e6d15c60fe01e77c,direct,octree_nfcount,flyby,5,938,938,0.9850879908,0.1546880007,1.140704036,1.14809,1,0,-1,33913,29674,16,16,6942,23.39421716,17.25422929,512002,0,512002,33913
v2,ea89b79a9dfd35df20fed759e6d15c60fe01e77c,direct,octree_nfcount,flyby,5,939,939,0.8353599906,0.1567679942,0.993088007,1.000108,1,0,-1,33657,29450,16,16,6922,23.50424448,17.38546689,512002,0,512002,33657
v2,ea89b79a9dfd35df20fed759e6d15c60fe01e77c,direct,octree_nfcount,flyby,5,940,940,0.9831680059,0.1606400013,1.144768,1.152391,1,0,-1,33681,29471,16,16,6860,23.27711988,17.37307862,512002,0,512002,33681
v2,ea89b79a9dfd35df20fed759e6d15c60fe01e77c,direct,octree_nfcount,flyby,5,941,941,0.9846079946,0.1595840007,1.145120025,1.151048,1,0,-1,33609,29408,16,16,6922,23.53781284,17.41029652,512002,0,512002,33609
v2,ea89b79a9dfd35df20fed759e6d15c60fe01e77c,direct,octree_nfcount,flyby,5,942,942,0.850655973,0.1555839926,1.007200003,1.014554,1,0,-1,33625,29422,16,16,6945,23.60478553,17.4020121,512002,0,512002,33625
v2,ea89b79a9dfd35df20fed759e6d15c60fe01e77c,direct,octree_nfcount,flyby,5,943,943,0.9810879827,0.1575040072,1.139551997,1.14668,1,0,-1,33569,29373,16,16,6844,23.30030981,17.43104211,512002,0,512002,33569
v2,ea89b79a9dfd35df20fed759e6d15c60fe01e77c,direct,octree_nfcount,flyby,5,944,944,0.9711679816,0.157792002,1.129920006,1.137193,1,0,-1,33665,29457,16,16,6984,23.70913535,17.38133551,512002,0,512002,33665
v2,ea89b79a9dfd35df20fed759e6d15c60fe01e77c,direct,octree_nfcount,flyby,5,945,945,0.8331519961,0.1598400027,0.9939519763,1.001126,1,0,-1,33825,29597,16,16,6989,23.61387979,17.29911815,512002,0,512002,33825
v2,ea89b79a9dfd35df20fed759e6d15c60fe01e77c,direct,octree_nfcount,flyby,5,946,946,0.9836800098,0.1587200016,1.143360019,1.150328,1,0,-1,33737,29520,16,16,6871,23.27574526,17.34424119,512002,0,512002,33737
v2,ea89b79a9dfd35df20fed759e6d15c60fe01e77c,direct,octree_nfcount,flyby,5,947,947,0.9785919785,0.154783994,1.134304047,1.141066,1,0,-1,33825,29597,16,16,6977,23.57333514,17.29911815,512002,0,512002,33825
v2,ea89b79a9dfd35df20fed759e6d15c60fe01e77c,direct,octree_nfcount,flyby,5,948,948,0.8298879862,0.1599680036,0.9908159971,0.9964,1,0,-1,33793,29569,16,16,6943,23.48067233,17.31549934,512002,0,512002,33793
v2,ea89b79a9dfd35df20fed759e6d15c60fe01e77c,direct,octree_nfcount,flyby,5,949,949,0.9778879881,0.1566720009,1.135519981,1.142863,1,0,-1,33857,29625,16,16,6922,23.36540084,17.28276793,512002,0,512002,33857
v2,ea89b79a9dfd35df20fed759e6d15c60fe01e77c,direct,octree_nfcount,flyby,5,950,950,0.9808959961,0.1547199935,1.136576056,1.143857,1,0,-1,34137,29870,16,16,7035,23.55205892,17.14101105,512002,0,512002,34137
v2,ea89b79a9dfd35df20fed759e6d15c60fe01e77c,direct,octree_nfcount,flyby,5,951,951,0.8448960185,0.1578560024,1.003679991,1.010949,1,0,-1,33753,29534,16,16,6975,23.61684838,17.3360195,512002,0,512002,33753
v2,ea89b79a9dfd35df20fed759e6d15c60fe01e77c,direct,octree_nfcount,flyby,5,952,952,0.985920012,0.1524479985,1.139328003,1.146451,1,0,-1,33817,29590,16,16,6964,23.53497803,17.30321054,512002,0,512002,33817
v2,ea89b79a9dfd35df20fed759e6d15c60fe01e77c,direct,octree_nfcount,flyby,5,953,953,0.9851840138,0.1587840021,1.144927979,1.15039,1,0,-1,34057,29800,16,16,7048,23.65100671,17.18127517,512002,0,512002,34057
v2,ea89b79a9dfd35df20fed759e6d15c60fe01e77c,direct,octree_nfcount,flyby,5,954,954,0.8484479785,0.1587840021,1.008191943,1.015338,1,0,-1,33905,29667,16,16,6923,23.33569286,17.25830047,512002,0,512002,33905
v2,ea89b79a9dfd35df20fed759e6d15c60fe01e77c,direct,octree_nfcount,flyby,5,955,955,0.9694079757,0.1566720009,1.127040029,1.132584,1,0,-1,33761,29541,16,16,6913,23.40137436,17.33191158,512002,0,512002,33761
v2,ea89b79a9dfd35df20fed759e6d15c60fe01e77c,direct,octree_nfcount,flyby,5,956,956,0.9918079972,0.1565120071,1.149248004,1.157018,1,0,-1,33913,29674,16,16,7051,23.76154209,17.25422929,512002,0,512002,33913
v2,ea89b79a9dfd35df20fed759e6d15c60fe01e77c,direct,octree_nfcount,flyby,5,957,957,0.8407999873,0.157792002,0.9995200038,1.007307,1,0,-1,33793,29569,16,16,6936,23.45699888,17.31549934,512002,0,512002,33793
v2,ea89b79a9dfd35df20fed759e6d15c60fe01e77c,direct,octree_nfcount,flyby,5,958,958,0.9794880152,0.1616639942,1.142112017,1.149864,1,0,-1,33825,29597,16,16,6965,23.53279049,17.29911815,512002,0,512002,33825
v2,ea89b79a9dfd35df20fed759e6d15c60fe01e77c,direct,octree_nfcount,flyby,5,959,959,0.9867200255,0.157792002,1.145439982,1.152898,1,0,-1,33969,29723,16,16,7102,23.89395418,17.22578475,512002,0,512002,33969
v2,ea89b79a9dfd35df20fed759e6d15c60fe01e77c,direct,octree_nfcount,flyby,5,960,960,0.8479040265,0.1557440013,1.004608035,1.012072,1,0,-1,33713,29499,16,16,6909,23.42113292,17.35658836,512002,0,512002,33713
v2,ea89b79a9dfd35df20fed759e6d15c60fe01e77c,direct,octree_nfcount,flyby,5,961,961,0.9877439737,0.1587840021,1.14745605,1.154792,1,0,-1,33833,29604,16,16,7099,23.97986759,17.2950277,512002,0,512002,33833
v2,ea89b79a9dfd35df20fed759e6d15c60fe01e77c,direct,octree_nfcount,flyby,5,962,962,0.9756799936,0.1538240016,1.130463958,1.137619,1,0,-1,33969,29723,16,16,7152,24.06217407,17.22578475,512002,0,512002,33969
v2,ea89b79a9dfd35df20fed759e6d15c60fe01e77c,direct,octree_nfcount,flyby,5,963,963,0.8463360071,0.1590719968,1.006335974,1.013688,1,0,-1,33961,29716,16,16,7091,23.86256562,17.22984251,512002,0,512002,33961
v2,ea89b79a9dfd35df20fed759e6d15c60fe01e77c,direct,octree_nfcount,flyby,5,964,964,0.9788159728,0.1562239975,1.13596797,1.143787,1,0,-1,33897,29660,16,16,7134,24.05259609,17.26237357,512002,0,512002,33897
v2,ea89b79a9dfd35df20fed759e6d15c60fe01e77c,direct,octree_nfcount,flyby,5,965,965,0.9840000272,0.1549119949,1.139871955,1.146988,1,0,-1,34009,29758,16,16,7129,23.9565831,17.20552456,512002,0,512002,34009
v2,ea89b79a9dfd35df20fed759e6d15c60fe01e77c,direct,octree_nfcount,flyby,5,966,966,0.8486719728,0.1574719995,1.007071972,1.014489,1,0,-1,33737,29520,16,16,6926,23.46205962,17.34424119,512002,0,512002,33737
v2,ea89b79a9dfd35df20fed759e6d15c60fe01e77c,direct,octree_nfcount,flyby,5,967,967,0.9846400023,0.1607040018,1.146271944,1.153553,1,0,-1,33889,29653,16,16,7060,23.80872087,17.26644859,512002,0,512002,33889
v2,ea89b79a9dfd35df20fed759e6d15c60fe01e77c,direct,octree_nfcount,flyby,5,968,968,0.9831680059,0.1608639956,1.144960046,1.152338,1,0,-1,33953,29709,16,16,7121,23.96916759,17.23390218,512002,0,512002,33953
v2,ea89b79a9dfd35df20fed759e6d15c60fe01e77c,direct,octree_nfcount,flyby,5,969,969,0.8480319977,0.1569280028,1.005920053,1.012885,1,0,-1,33969,29723,16,16,6974,23.46331124,17.22578475,512002,0,512002,33969
v2,ea89b79a9dfd35df20fed759e6d15c60fe01e77c,direct,octree_nfcount,flyby,5,970,970,0.9831680059,0.152383998,1.136512041,1.142186,1,0,-1,34153,29884,16,16,7199,24.08981395,17.13298086,512002,0,512002,34153
v2,ea89b79a9dfd35df20fed759e6d15c60fe01e77c,direct,octree_nfcount,flyby,5,971,971,0.9972159863,0.1538240016,1.15199995,1.159298,1,0,-1,34017,29765,16,16,7094,23.83336133,17.20147825,512002,0,512002,34017
v2,ea89b79a9dfd35df20fed759e6d15c60fe01e77c,direct,octree_nfcount,flyby,5,972,972,0.8519999981,0.1578239948,1.01078403,1.018029,1,0,-1,33993,29744,16,16,6995,23.51734804,17.21362292,512002,0,512002,33993
v2,ea89b79a9dfd35df20fed759e6d15c60fe01e77c,direct,octree_nfcount,flyby,5,973,973,0.980256021,0.1606079936,1.141824007,1.149457,1,0,-1,33969,29723,16,16,7061,23.75601386,17.22578475,512002,0,512002,33969
v2,ea89b79a9dfd35df20fed759e6d15c60fe01e77c,direct,octree_nfcount,flyby,5,974,974,0.97033602,0.1547199935,1.126016021,1.133492,1,0,-1,34177,29905,16,16,7121,23.81207156,17.12094967,512002,0,512002,34177
v2,ea89b79a9dfd35df20fed759e6d15c60fe01e77c,direct,octree_nfcount,flyby,5,975,975,0.8353279829,0.1566720009,0.9929599762,1.000325,1,0,-1,34113,29849,16,16,6941,23.25371034,17.15307045,512002,0,512002,34113
v2,ea89b79a9dfd35df20fed759e6d15c60fe01e77c,direct,octree_nfcount,flyby,5,976,976,0.9770879745,0.1516479999,1.129663944,1.135531,1,0,-1,34097,29835,16,16,6984,23.40874811,17.16111949,512002,0,512002,34097
v2,ea89b79a9dfd35df20fed759e6d15c60fe01e77c,direct,octree_nfcount,flyby,5,977,977,0.993727982,0.1583359987,1.153023958,1.161289,1,0,-1,34489,30178,16,16,7029,23.29180197,16.966068,512002,0,512002,34489
v2,ea89b79a9dfd35df20fed759e6d15c60fe01e77c,direct,octree_nfcount,flyby,5,978,978,0.8536319733,0.157407999,1.011999965,1.019422,1,0,-1,34057,29800,16,16,6846,22.97315436,17.18127517,512002,0,512002,34057
v2,ea89b79a9dfd35df20fed759e6d15c60fe01e77c,direct,octree_nfcount,flyby,5,979,979,0.9829760194,0.1566720009,1.140576005,1.147753,1,0,-1,34145,29877,16,16,6979,23.35910567,17.13699501,512002,0,512002,34145
v2,ea89b79a9dfd35df20fed759e6d15c60fe01e77c,direct,octree_nfcount,flyby,5,980,980,0.979903996,0.1609919965,1.141824007,1.149292,1,0,-1,33993,29744,16,16,6893,23.17442173,17.21362292,512002,0,512002,33993
v2,ea89b79a9dfd35df20fed759e6d15c60fe01e77c,direct,octree_nfcount,flyby,5,981,981,0.9705280066,0.1578560024,1.129343987,1.135068,1,0,-1,33977,29730,16,16,6820,22.93979146,17.22172889,512002,0,512002,33977
v2,ea89b79a9dfd35df20fed759e6d15c60fe01e77c,direct,octree_nfcount,flyby,5,982,982,0.9797760248,0.1548479944,1.135583997,1.142912,1,0,-1,34009,29758,16,16,6890,23.15343773,17.20552456,512002,0,512002,34009
v2,ea89b79a9dfd35df20fed759e6d15c60fe01e77c,direct,octree_nfcount,flyby,5,983,983,0.9748479724,0.1604799926,1.13625598,1.144452,1,0,-1,34185,29912,16,16,6897,23.05763573,17.11694303,512002,0,512002,34185
v2,ea89b79a9dfd35df20fed759e6d15c60fe01e77c,direct,octree_nfcount,flyby,5,984,984,0.8409280181,0.1576319933,0.9994879961,1.006912,1,0,-1,34033,29779,16,16,6877,23.09345512,17.19339132,512002,0,512002,34033
v2,ea89b79a9dfd35df20fed759e6d15c60fe01e77c,direct,octree_nfcount,flyby,5,985,985,0.9942399859,0.1535039991,1.148671985,1.155937,1,0,-1,34177,29905,16,16,6921,23.14328708,17.12094967,512002,0,512002,34177
v2,ea89b79a9dfd35df20fed759e6d15c60fe01e77c,direct,octree_nfcount,flyby,5,986,986,0.9824000001,0.1568319947,1.140192032,1.147452,1,0,-1,33969,29723,16,16,6866,23.09995626,17.22578475,512002,0,512002,33969
v2,ea89b79a9dfd35df20fed759e6d15c60fe01e77c,direct,octree_nfcount,flyby,5,987,987,0.8268160224,0.1606079936,0.9883840084,0.995772,1,0,-1,33921,29681,16,16,6832,23.01809238,17.25016004,512002,0,512002,33921
v2,ea89b79a9dfd35df20fed759e6d15c60fe01e77c,direct,octree_nfcount,flyby,5,988,988,0.9692159891,0.1527359933,1.122912049,1.130104,1,0,-1,34097,29835,16,16,6953,23.3048433,17.16111949,512002,0,512002,34097
v2,ea89b79a9dfd35df20fed759e6d15c60fe01e77c,direct,octree_nfcount,flyby,5,989,989,0.9760640264,0.1576000005,1.134592056,1.141614,1,0,-1,34121,29856,16,16,6903,23.12098071,17.14904877,512002,0,512002,34121
v2,ea89b79a9dfd35df20fed759e6d15c60fe01e77c,direct,octree_nfcount,flyby,5,990,990,0.8361920118,0.1595200002,0.9966719747,1.003814,1,0,-1,34169,29898,16,16,6926,23.16542913,17.12495819,512002,0,512002,34169
v2,ea89b79a9dfd35df20fed759e6d15c60fe01e77c,direct,octree_nfcount,flyby,5,991,991,0.9761919975,0.1557759941,1.132928014,1.139928,1,0,-1,34177,29905,16,16,7007,23.4308644,17.12094967,512002,0,512002,34177
v2,ea89b79a9dfd35df20fed759e6d15c60fe01e77c,direct,octree_nfcount,flyby,5,992,992,0.990079999,0.1536639929,1.144703984,1.150186,1,0,-1,34385,30087,16,16,6944,23.07973543,17.01738292,512002,0,512002,34385
v2,ea89b79a9dfd35df20fed759e6d15c60fe01e77c,direct,octree_nfcount,flyby,5,993,993,0.9776960015,0.1578879952,1.136543989,1.143896,1,0,-1,34265,29982,16,16,6985,23.29731172,17.07697952,512002,0,512002,34265
v2,ea89b79a9dfd35df20fed759e6d15c60fe01e77c,direct,octree_nfcount,flyby,5,994,994,0.9728959799,0.1605439931,1.134367943,1.141715,1,0,-1,34225,29947,16,16,7064,23.5883394,17.09693792,512002,0,512002,34225
v2,ea89b79a9dfd35df20fed759e6d15c60fe01e77c,direct,octree_nfcount,flyby,5,995,995,1.000671983,0.1568319947,1.158463955,1.165549,1,0,-1,34257,29975,16,16,7040,23.48623853,17.08096747,512002,0,512002,34257
v2,ea89b79a9dfd35df20fed759e6d15c60fe01e77c,direct,octree_nfcount,flyby,5,996,996,0.9888960123,0.1574719995,1.147295952,1.15456,1,0,-1,34377,30080,16,16,7067,23.49401596,17.02134309,512002,0,512002,34377
v2,ea89b79a9dfd35df20fed759e6d15c60fe01e77c,direct,octree_nfcount,flyby,5,997,997,0.9978560209,0.1556800008,1.154495955,1.161852,1,0,-1,34257,29975,16,16,7105,23.7030859,17.08096747,512002,0,512002,34257
v2,ea89b79a9dfd35df20fed759e6d15c60fe01e77c,direct,octree_nfcount,flyby,5,998,998,0.9853760004,0.1648000032,1.151136041,1.158299,1,0,-1,34169,29898,16,16,6942,23.21894441,17.12495819,512002,0,512002,34169
v2,ea89b79a9dfd35df20fed759e6d15c60fe01e77c,direct,octree_nfcount,flyby,5,999,999,0.9977920055,0.1596480012,1.158400059,1.16578,1,0,-1,34217,29940,16,16,7027,23.47027388,17.1009352,512002,0,512002,34217
v2,ea89b79a9dfd35df20fed759e6d15c60fe01e77c,direct,octree_nfcount,flyby,5,1000,1000,0.9892160296,0.1544000059,1.144544005,1.152165,1,0,-1,34041,29786,16,16,6968,23.39354059,17.1893507,512002,0,512002,34041
v2,ea89b79a9dfd35df20fed759e6d15c60fe01e77c,direct,octree_nfcount,flyby,5,1001,1001,1.000800014,0.1556479931,1.157376051,1.165167,1,0,-1,33985,29737,16,16,6913,23.2471332,17.21767495,512002,0,512002,33985
v2,ea89b79a9dfd35df20fed759e6d15c60fe01e77c,direct,octree_nfcount,flyby,5,1002,1002,0.9711040258,0.1597120017,1.131744027,1.137474,1,0,-1,34057,29800,16,16,6972,23.39597315,17.18127517,512002,0,512002,34057
v2,ea89b79a9dfd35df20fed759e6d15c60fe01e77c,direct,octree_nfcount,flyby,5,1003,1003,0.8406080008,0.1594240069,1.00099194,1.008676,1,0,-1,34033,29779,16,16,7030,23.60724,17.19339132,512002,0,512002,34033
v2,ea89b79a9dfd35df20fed759e6d15c60fe01e77c,direct,octree_nfcount,flyby,5,1004,1004,0.9814720154,0.1617600024,1.144160032,1.15206,1,0,-1,33993,29744,16,16,6894,23.17778375,17.21362292,512002,0,512002,33993
v2,ea89b79a9dfd35df20fed759e6d15c60fe01e77c,direct,octree_nfcount,flyby,5,1005,1005,0.9872639775,0.1597439945,1.147968054,1.155216,1,0,-1,33881,29646,16,16,6928,23.36908858,17.27052553,512002,0,512002,33881
v2,ea89b79a9dfd35df20fed759e6d15c60fe01e77c,direct,octree_nfcount,flyby,5,1006,1006,0.8248639703,0.1556160003,0.9814400077,0.987336,1,0,-1,33761,29541,16,16,6894,23.33705697,17.33191158,512002,0,512002,33761
v2,ea89b79a9dfd35df20fed759e6d15c60fe01e77c,direct,octree_nfcount,flyby,5,1007,1007,0.9683520198,0.1607999951,1.130079985,1.137701,1,0,-1,33825,29597,16,16,6847,23.13410143,17.29911815,512002,0,512002,33825
v2,ea89b79a9dfd35df20fed759e6d15c60fe01e77c,direct,octree_nfcount,flyby,5,1008,1008,0.9761919975,0.1576319933,1.134752035,1.142833,1,0,-1,34017,29765,16,16,6968,23.41004536,17.20147825,512002,0,512002,34017
v2,ea89b79a9dfd35df20fed759e6d15c60fe01e77c,direct,octree_nfcount,flyby,5,1009,1009,0.839680016,0.1554879993,0.9961280227,1.004075,1,0,-1,33873,29639,16,16,6932,23.38810351,17.27460441,512002,0,512002,33873
v2,ea89b79a9dfd35df20fed759e6d15c60fe01e77c,direct,octree_nfcount,flyby,5,1010,1010,0.9973120093,0.1545920074,1.152863979,1.161215,1,0,-1,33889,29653,16,16,6796,22.91842309,17.26644859,512002,0,512002,33889
v2,ea89b79a9dfd35df20fed759e6d15c60fe01e77c,direct,octree_nfcount,flyby,5,1011,1011,0.9851840138,0.1603839993,1.146528006,1.154211,1,0,-1,34065,29807,16,16,6935,23.26634683,17.17724025,512002,0,512002,34065
v2,ea89b79a9dfd35df20fed759e6d15c60fe01e77c,direct,octree_nfcount,flyby,5,1012,1012,0.8424320221,0.154783994,0.998143971,1.005204,1,0,-1,33865,29632,16,16,6853,23.12702484,17.27868521,512002,0,512002,33865
v2,ea89b79a9dfd35df20fed759e6d15c60fe01e77c,direct,octree_nfcount,flyby,5,1013,1013,0.9824960232,0.1557440013,1.139168024,1.146502,1,0,-1,33697,29485,16,16,6776,22.98117687,17.36482957,512002,0,512002,33697
v2,ea89b79a9dfd35df20fed759e6d15c60fe01e77c,direct,octree_nfcount,flyby,5,1014,1014,0.9798399806,0.1587200016,1.139487982,1.145414,1,0,-1,33785,29562,16,16,6985,23.62830661,17.31959949,512002,0,512002,33785
v2,ea89b79a9dfd35df20fed759e6d15c60fe01e77c,direct,octree_nfcount,flyby,5,1015,1015,0.8473920226,0.1527040005,1.001055956,1.008388,1,0,-1,33865,29632,16,16,6996,23.60961123,17.27868521,512002,0,512002,33865
v2,ea89b79a9dfd35df20fed759e6d15c60fe01e77c,direct,octree_nfcount,flyby,5,1016,1016,0.9838719964,0.1585920006,1.143391967,1.148733,1,0,-1,33897,29660,16,16,6877,23.18610924,17.26237357,512002,0,512002,33897
v2,ea89b79a9dfd35df20fed759e6d15c60fe01e77c,direct,octree_nfcount,flyby,5,1017,1017,0.9896000028,0.1567360014,1.147295952,1.154505,1,0,-1,33969,29723,16,16,6967,23.43976045,17.22578475,512002,0,512002,33969
v2,ea89b79a9dfd35df20fed759e6d15c60fe01e77c,direct,octree_nfcount,flyby,5,1018,1018,0.8413760066,0.1604799926,1.002784014,1.00972,1,0,-1,33689,29478,16,16,6915,23.4581722,17.36895312,512002,0,512002,33689
v2,ea89b79a9dfd35df20fed759e6d15c60fe01e77c,direct,octree_nfcount,flyby,5,1019,1019,0.9858559966,0.160927996,1.147711992,1.154435,1,0,-1,33745,29527,16,16,6880,23.30070783,17.34012937,512002,0,512002,33745
v2,ea89b79a9dfd35df20fed759e6d15c60fe01e77c,direct,octree_nfcount,flyby,5,1020,1020,0.9697600007,0.160927996,1.131615996,1.137628,1,0,-1,34105,29842,16,16,6993,23.43341599,17.15709403,512002,0,512002,34105
v2,ea89b79a9dfd35df20fed759e6d15c60fe01e77c,direct,octree_nfcount,flyby,5,1021,1021,0.8267840147,0.1557440013,0.9834560156,0.990636,1,0,-1,33857,29625,16,16,6860,23.15611814,17.28276793,512002,0,512002,33857
v2,ea89b79a9dfd35df20fed759e6d15c60fe01e77c,direct,octree_nfcount,flyby,5,1022,1022,0.961920023,0.1528639942,1.115743995,1.121412,1,0,-1,33857,29625,16,16,6764,22.83206751,17.28276793,512002,0,512002,33857
v2,ea89b79a9dfd35df20fed759e6d15c60fe01e77c,direct,octree_nfcount,flyby,5,1023,1023,0.9838399887,0.1617279947,1.146496058,1.153803,1,0,-1,34153,29884,16,16,6943,23.23316825,17.13298086,512002,0,512002,34153
v2,ea89b79a9dfd35df20fed759e6d15c60fe01e77c,direct,octree_nfcount,flyby,5,1024,1024,0.85552001,0.1532479972,1.009727955,1.01685,1,0,-1,33849,29618,16,16,6814,23.00627996,17.28685259,512002,0,512002,33849
v2,ea89b79a9dfd35df20fed759e6d15c60fe01e77c,direct,octree_nfcount,flyby,5,1025,1025,0.9639359713,0.1529919952,1.117887974,1.12323,1,0,-1,33985,29737,16,16,6871,23.10589501,17.21767495,512002,0,512002,33985
v2,ea89b79a9dfd35df20fed759e6d15c60fe01e77c,direct,octree_nfcount,flyby,5,1026,1026,0.9735680223,0.1589439958,1.133471966,1.139091,1,0,-1,34361,30066,16,16,7048,23.44176146,17.02926894,512002,0,512002,34361
v2,ea89b79a9dfd35df20fed759e6d15c60fe01e77c,direct,octree_nfcount,flyby,5,1027,1027,0.8171520233,0.1556160003,0.9736959934,0.979009,1,0,-1,34065,29807,16,16,6934,23.26299191,17.17724025,512002,0,512002,34065
v2,ea89b79a9dfd35df20fed759e6d15c60fe01e77c,direct,octree_nfcount,flyby,5,1028,1028,0.9770560265,0.1568640023,1.134879947,1.140155,1,0,-1,33969,29723,16,16,6922,23.28836255,17.22578475,512002,0,512002,33969
v2,ea89b79a9dfd35df20fed759e6d15c60fe01e77c,direct,octree_nfcount,flyby,5,1029,1029,0.9680320024,0.1579200029,1.12688005,1.132007,1,0,-1,34129,29863,16,16,7010,23.47386398,17.14502897,512002,0,512002,34129
v2,ea89b79a9dfd35df20fed759e6d15c60fe01e77c,direct,octree_nfcount,flyby,5,1030,1030,0.8292800188,0.1547520012,0.9849920273,0.98999,1,0,-1,33897,29660,16,16,6943,23.40863115,17.26237357,512002,0,512002,33897
v2,ea89b79a9dfd35df20fed759e6d15c60fe01e77c,direct,octree_nfcount,flyby,5,1031,1031,0.978399992,0.1569599956,1.136319995,1.14125,1,0,-1,34033,29779,16,16,6973,23.41582995,17.19339132,512002,0,512002,34033
v2,ea89b79a9dfd35df20fed759e6d15c60fe01e77c,direct,octree_nfcount,flyby,5,1032,1032,0.9669119716,0.155903995,1.123744011,1.12852,1,0,-1,34185,29912,16,16,7120,23.80315592,17.11694303,512002,0,512002,34185
v2,ea89b79a9dfd35df20fed759e6d15c60fe01e77c,direct,octree_nfcount,flyby,5,1033,1033,0.8186240196,0.1539520025,0.9735360146,0.97852,1,0,-1,34049,29793,16,16,6939,23.29070587,17.18531199,512002,0,512002,34049
v2,ea89b79a9dfd35df20fed759e6d15c60fe01e77c,direct,octree_nfcount,flyby,5,1034,1034,0.9668800235,0.1548800021,1.122688055,1.12778,1,0,-1,34001,29751,16,16,6954,23.37400424,17.20957279,512002,0,512002,34001
v2,ea89b79a9dfd35df20fed759e6d15c60fe01e77c,direct,octree_nfcount,flyby,5,1035,1035,0.9866240025,0.1587840021,1.146368027,1.153765,1,0,-1,34257,29975,16,16,7072,23.59299416,17.08096747,512002,0,512002,34257
v2,ea89b79a9dfd35df20fed759e6d15c60fe01e77c,direct,octree_nfcount,flyby,5,1036,1036,0.8364800215,0.1556800008,0.993088007,1.00034,1,0,-1,33977,29730,16,16,6992,23.51833165,17.22172889,512002,0,512002,33977
v2,ea89b79a9dfd35df20fed759e6d15c60fe01e77c,direct,octree_nfcount,flyby,5,1037,1037,0.995487988,0.1595200002,1.155967951,1.163811,1,0,-1,33993,29744,16,16,6965,23.41648736,17.21362292,512002,0,512002,33993
v2,ea89b79a9dfd35df20fed759e6d15c60fe01e77c,direct,octree_nfcount,flyby,5,1038,1038,0.9767360091,0.1578560024,1.135519981,1.141921,1,0,-1,34145,29877,16,16,7086,23.71724069,17.13699501,512002,0,512002,34145
v2,ea89b79a9dfd35df20fed759e6d15c60fe01e77c,direct,octree_nfcount,flyby,5,1039,1039,0.8433600068,0.1546880007,0.9990079999,1.005906,1,0,-1,33953,29709,16,16,6871,23.12767175,17.23390218,512002,0,512002,33953
v2,ea89b79a9dfd35df20fed759e6d15c60fe01e77c,direct,octree_nfcount,flyby,5,1040,1040,0.9739199877,0.1578879952,1.132735968,1.139886,1,0,-1,34041,29786,16,16,6944,23.31296582,17.1893507,512002,0,512002,34041
v2,ea89b79a9dfd35df20fed759e6d15c60fe01e77c,direct,octree_nfcount,flyby,5,1041,1041,0.9833279848,0.1606719941,1.144960046,1.152386,1,0,-1,34209,29933,16,16,7021,23.45571777,17.10493435,512002,0,512002,34209
v2,ea89b79a9dfd35df20fed759e6d15c60fe01e77c,direct,octree_nfcount,flyby,5,1042,1042,0.8266879916,0.154655993,0.982303977,0.9895,1,0,-1,33825,29597,16,16,6884,23.2591141,17.29911815,512002,0,512002,33825
v2,ea89b79a9dfd35df20fed759e6d15c60fe01e77c,direct,octree_nfcount,flyby,5,1043,1043,0.9766079783,0.1547199935,1.132287979,1.13948,1,0,-1,34217,29940,16,16,7018,23.44021376,17.1009352,512002,0,512002,34217
v2,ea89b79a9dfd35df20fed759e6d15c60fe01e77c,direct,octree_nfcount,flyby,5,1044,1044,0.9853439927,0.1583040059,1.144575953,1.151798,1,0,-1,34305,30017,16,16,7130,23.75320652,17.05706766,512002,0,512002,34305
v2,ea89b79a9dfd35df20fed759e6d15c60fe01e77c,direct,octree_nfcount,flyby,5,1045,1045,0.8393599987,0.1554560065,0.9957759976,1.002477,1,0,-1,33977,29730,16,16,6994,23.52505886,17.22172889,512002,0,512002,33977
v2,ea89b79a9dfd35df20fed759e6d15c60fe01e77c,direct,octree_nfcount,flyby,5,1046,1046,0.981760025,0.1582400054,1.14092803,1.148136,1,0,-1,34049,29793,16,16,6999,23.49209546,17.18531199,512002,0,512002,34049
v2,ea89b79a9dfd35df20fed759e6d15c60fe01e77c,direct,octree_nfcount,flyby,5,1047,1047,0.9876800179,0.1577599943,1.146399975,1.151906,1,0,-1,34185,29912,16,16,7124,23.81652848,17.11694303,512002,0,512002,34185
v2,ea89b79a9dfd35df20fed759e6d15c60fe01e77c,direct,octree_nfcount,flyby,5,1048,1048,0.853663981,0.1546240002,1.009567976,1.016651,1,0,-1,34089,29828,16,16,6911,23.16950516,17.16514684,512002,0,512002,34089
v2,ea89b79a9dfd35df20fed759e6d15c60fe01e77c,direct,octree_nfcount,flyby,5,1049,1049,0.9934399724,0.1578560024,1.152223945,1.159719,1,0,-1,34161,29891,16,16,7008,23.44518417,17.12896859,512002,0,512002,34161
v2,ea89b79a9dfd35df20fed759e6d15c60fe01e77c,direct,octree_nfcount,flyby,5,1050,1050,0.9878399968,0.1588480026,1.147647977,1.154896,1,0,-1,34281,29996,16,16,7051,23.50646753,17.0690092,512002,0,512002,34281
v2,ea89b79a9dfd35df20fed759e6d15c60fe01e77c,direct,octree_nfcount,flyby,5,1051,1051,0.8633919954,0.1577280015,1.022047997,1.029152,1,0,-1,34105,29842,16,16,6876,23.04135112,17.15709403,512002,0,512002,34105
v2,ea89b79a9dfd35df20fed759e6d15c60fe01e77c,direct,octree_nfcount,flyby,5,1052,1052,0.9862080216,0.1579200029,1.145087957,1.152287,1,0,-1,34073,29814,16,16,6940,23.27765479,17.17320722,512002,0,512002,34073
v2,ea89b79a9dfd35df20fed759e6d15c60fe01e77c,direct,octree_nfcount,flyby,5,1053,1053,0.991584003,0.1565120071,1.149055958,1.156337,1,0,-1,34321,30031,16,16,7064,23.52236023,17.04911591,512002,0,512002,34321
v2,ea89b79a9dfd35df20fed759e6d15c60fe01e77c,direct,octree_nfcount,flyby,5,1054,1054,0.8568000197,0.1617279947,1.019456029,1.027493,1,0,-1,34249,29968,16,16,6947,23.18139349,17.08495729,512002,0,512002,34249
v2,ea89b79a9dfd35df20fed759e6d15c60fe01e77c,direct,octree_nfcount,flyby,5,1055,1055,0.9982079864,0.1597120017,1.158879995,1.166432,1,0,-1,34089,29828,16,16,7012,23.50811318,17.16514684,512002,0,512002,34089
v2,ea89b79a9dfd35df20fed759e6d15c60fe01e77c,direct,octree_nfcount,flyby,5,1056,1056,1.008895993,0.1555519998,1.165375948,1.173393,1,0,-1,34241,29961,16,16,7131,23.80094122,17.08894897,512002,0,512002,34241
v2,ea89b79a9dfd35df20fed759e6d15c60fe01e77c,direct,octree_nfcount,flyby,5,1057,1057,0.843487978,0.1575679928,1.001984,1.008351,1,0,-1,34129,29863,16,16,6907,23.12895556,17.14502897,512002,0,512002,34129
v2,ea89b79a9dfd35df20fed759e6d15c60fe01e77c,direct,octree_nfcount,flyby,5,1058,1058,0.9826239944,0.1551679969,1.138720036,1.146806,1,0,-1,34281,29996,16,16,7132,23.77650353,17.0690092,512002,0,512002,34281
v2,ea89b79a9dfd35df20fed759e6d15c60fe01e77c,direct,octree_nfcount,flyby,5,1059,1059,1.003327966,0.1596480012,1.163936019,1.17167,1,0,-1,34289,30003,16,16,7140,23.79762024,17.06502683,512002,0,512002,34289
v2,ea89b79a9dfd35df20fed759e6d15c60fe01e77c,direct,octree_nfcount,flyby,5,1060,1060,0.8405439854,0.1602559984,1.001728058,1.009748,1,0,-1,33921,29681,16,16,6887,23.20339611,17.25016004,512002,0,512002,33921
v2,ea89b79a9dfd35df20fed759e6d15c60fe01e77c,direct,octree_nfcount,flyby,5,1061,1061,0.9827839732,0.1587519944,1.142464042,1.150955,1,0,-1,34185,29912,16,16,6982,23.34180262,17.11694303,512002,0,512002,34185
v2,ea89b79a9dfd35df20fed759e6d15c60fe01e77c,direct,octree_nfcount,flyby,5,1062,1062,0.9839040041,0.159679994,1.144544005,1.153122,1,0,-1,34209,29933,16,16,7054,23.56596399,17.10493435,512002,0,512002,34209
v2,ea89b79a9dfd35df20fed759e6d15c60fe01e77c,direct,octree_nfcount,flyby,5,1063,1063,0.8561919928,0.1563200057,1.013440013,1.021475,1,0,-1,34001,29751,16,16,6874,23.10510571,17.20957279,512002,0,512002,34001
v2,ea89b79a9dfd35df20fed759e6d15c60fe01e77c,direct,octree_nfcount,flyby,5,1064,1064,0.9909120202,0.1566080004,1.14844799,1.156612,1,0,-1,34209,29933,16,16,6996,23.37219791,17.10493435,512002,0,512002,34209
v2,ea89b79a9dfd35df20fed759e6d15c60fe01e77c,direct,octree_nfcount,flyby,5,1065,1065,0.9903039932,0.157792002,1.149055958,1.154397,1,0,-1,34281,29996,16,16,7023,23.41312175,17.0690092,512002,0,512002,34281
v2,ea89b79a9dfd35df20fed759e6d15c60fe01e77c,direct,octree_nfcount,flyby,5,1066,1066,0.8538879752,0.1608639956,1.015679955,1.021903,1,0,-1,34169,29898,16,16,6827,22.8343033,17.12495819,512002,0,512002,34169
v2,ea89b79a9dfd35df20fed759e6d15c60fe01e77c,direct,octree_nfcount,flyby,5,1067,1067,1.003136039,0.1606719941,1.164767981,1.172959,1,0,-1,34225,29947,16,16,6921,23.11082913,17.09693792,512002,0,512002,34225
v2,ea89b79a9dfd35df20fed759e6d15c60fe01e77c,direct,octree_nfcount,flyby,5,1068,1068,0.9968320131,0.1607040018,1.158496022,1.164166,1,0,-1,34313,30024,16,16,7011,23.35131894,17.05309086,512002,0,512002,34313
v2,ea89b79a9dfd35df20fed759e6d15c60fe01e77c,direct,octree_nfcount,flyby,5,1069,1069,0.8563519716,0.1563200057,1.013599992,1.021969,1,0,-1,33953,29709,16,16,6804,22.90215086,17.23390218,512002,0,512002,33953
v2,ea89b79a9dfd35df20fed759e6d15c60fe01e77c,direct,octree_nfcount,flyby,5,1070,1070,0.9928960204,0.1603839993,1.154240012,1.162583,1,0,-1,34217,29940,16,16,6890,23.01269205,17.1009352,512002,0,512002,34217
v2,ea89b79a9dfd35df20fed759e6d15c60fe01e77c,direct,octree_nfcount,flyby,5,1071,1071,0.9880959988,0.1636800021,1.152735949,1.159165,1,0,-1,34249,29968,16,16,6982,23.29818473,17.08495729,512002,0,512002,34249
v2,ea89b79a9dfd35df20fed759e6d15c60fe01e77c,direct,octree_nfcount,flyby,5,1072,1072,0.8514559865,0.1562239975,1.008640051,1.016883,1,0,-1,34009,29758,16,16,6746,22.66953424,17.20552456,512002,0,512002,34009
v2,ea89b79a9dfd35df20fed759e6d15c60fe01e77c,direct,octree_nfcount,flyby,5,1073,1073,0.9895359874,0.1582719982,1.148736,1.156803,1,0,-1,33929,29688,16,16,6758,22.76340609,17.2460927,512002,0,512002,33929
v2,ea89b79a9dfd35df20fed759e6d15c60fe01e77c,direct,octree_nfcount,flyby,5,1074,1074,1.004351974,0.1574400067,1.162752032,1.17057,1,0,-1,34025,29772,16,16,6855,23.02498992,17.19743383,512002,0,512002,34025
v2,ea89b79a9dfd35df20fed759e6d15c60fe01e77c,direct,octree_nfcount,flyby,5,1075,1075,0.850399971,0.1554239988,1.006783962,1.014051,1,0,-1,33817,29590,16,16,6666,22.52788104,17.30321054,512002,0,512002,33817
v2,ea89b79a9dfd35df20fed759e6d15c60fe01e77c,direct,octree_nfcount,flyby,5,1076,1076,0.9811840057,0.1544959992,1.136639953,1.143977,1,0,-1,33905,29667,16,16,6773,22.83008056,17.25830047,512002,0,512002,33905
v2,ea89b79a9dfd35df20fed759e6d15c60fe01e77c,direct,octree_nfcount,flyby,5,1077,1077,0.9837440252,0.1576319933,1.142303944,1.149689,1,0,-1,33913,29674,16,16,6835,23.03363214,17.25422929,512002,0,512002,33913
v2,ea89b79a9dfd35df20fed759e6d15c60fe01e77c,direct,octree_nfcount,flyby,5,1078,1078,0.8392639756,0.155520007,0.9957119823,1.003295,1,0,-1,33857,29625,16,16,6713,22.65991561,17.28276793,512002,0,512002,33857
v2,ea89b79a9dfd35df20fed759e6d15c60fe01e77c,direct,octree_nfcount,flyby,5,1079,1079,0.977504015,0.1634880006,1.141919971,1.149368,1,0,-1,33665,29457,16,16,6771,22.98604746,17.38133551,512002,0,512002,33665
v2,ea89b79a9dfd35df20fed759e6d15c60fe01e77c,direct,octree_nfcount,flyby,5,1080,1080,0.9848319888,0.159551993,1.145344019,1.153217,1,0,-1,33841,29611,16,16,6851,23.13667218,17.29093918,512002,0,512002,33841
v2,ea89b79a9dfd35df20fed759e6d15c60fe01e77c,direct,octree_nfcount,flyby,5,1081,1081,0.8338879943,0.155520007,0.9903360009,0.997745,1,0,-1,33657,29450,16,16,6679,22.67911715,17.38546689,512002,0,512002,33657
v2,ea89b79a9dfd35df20fed759e6d15c60fe01e77c,direct,octree_nfcount,flyby,5,1082,1082,0.9582719803,0.1559360027,1.115167975,1.120899,1,0,-1,33593,29394,16,16,6727,22.88562292,17.41858883,512002,0,512002,33593
v2,ea89b79a9dfd35df20fed759e6d15c60fe01e77c,direct,octree_nfcount,flyby,5,1083,1083,0.9785280228,0.1566720009,1.136160016,1.143569,1,0,-1,33921,29681,16,16,6889,23.21013443,17.25016004,512002,0,512002,33921
v2,ea89b79a9dfd35df20fed759e6d15c60fe01e77c,direct,octree_nfcount,flyby,5,1084,1084,0.8429759741,0.1596480012,1.003584027,1.011097,1,0,-1,33761,29541,16,16,6672,22.58555905,17.33191158,512002,0,512002,33761
v2,ea89b79a9dfd35df20fed759e6d15c60fe01e77c,direct,octree_nfcount,flyby,5,1085,1085,0.9899520278,0.1595840007,1.150496006,1.157756,1,0,-1,33865,29632,16,16,6743,22.75580454,17.27868521,512002,0,512002,33865
v2,ea89b79a9dfd35df20fed759e6d15c60fe01e77c,direct,octree_nfcount,flyby,5,1086,1086,0.9941759706,0.1586239934,1.153759956,1.160803,1,0,-1,34001,29751,16,16,6802,22.86309704,17.20957279,512002,0,512002,34001
v2,ea89b79a9dfd35df20fed759e6d15c60fe01e77c,direct,octree_nfcount,flyby,5,1087,1087,0.835071981,0.154655993,0.9906560183,0.997733,1,0,-1,33881,29646,16,16,6669,22.49544627,17.27052553,512002,0,512002,33881
v2,ea89b79a9dfd35df20fed759e6d15c60fe01e77c,direct,octree_nfcount,flyby,5,1088,1088,0.9827200174,0.1567679942,1.140447974,1.147755,1,0,-1,33841,29611,16,16,6703,22.63685792,17.29093918,512002,0,512002,33841
v2,ea89b79a9dfd35df20fed759e6d15c60fe01e77c,direct,octree_nfcount,flyby,5,1089,1089,0.9877439737,0.1545599997,1.143231988,1.152729,1,0,-1,34001,29751,16,16,6754,22.70175792,17.20957279,512002,0,512002,34001
v2,ea89b79a9dfd35df20fed759e6d15c60fe01e77c,direct,octree_nfcount,flyby,5,1090,1090,0.8487359881,0.1554239988,1.005120039,1.012535,1,0,-1,34017,29765,16,16,6687,22.46598354,17.20147825,512002,0,512002,34017
v2,ea89b79a9dfd35df20fed759e6d15c60fe01e77c,direct,octree_nfcount,flyby,5,1091,1091,0.9925439954,0.1564799994,1.149984002,1.157019,1,0,-1,33801,29576,16,16,6703,22.6636462,17.31140114,512002,0,512002,33801
v2,ea89b79a9dfd35df20fed759e6d15c60fe01e77c,direct,octree_nfcount,flyby,5,1092,1092,0.9890559912,0.1586239934,1.148640037,1.155902,1,0,-1,33929,29688,16,16,6717,22.62530315,17.2460927,512002,0,512002,33929
v2,ea89b79a9dfd35df20fed759e6d15c60fe01e77c,direct,octree_nfcount,flyby,5,1093,1093,0.8420479894,0.1553280056,0.9983040094,1.005183,1,0,-1,33897,29660,16,16,6620,22.31962239,17.26237357,512002,0,512002,33897
v2,ea89b79a9dfd35df20fed759e6d15c60fe01e77c,direct,octree_nfcount,flyby,5,1094,1094,0.9890239835,0.1614080071,1.151360035,1.158817,1,0,-1,34017,29765,16,16,6735,22.62724677,17.20147825,512002,0,512002,34017
v2,ea89b79a9dfd35df20fed759e6d15c60fe01e77c,direct,octree_nfcount,flyby,5,1095,1095,0.9928640127,0.1607680023,1.15455997,1.161955,1,0,-1,34137,29870,16,16,6850,22.9327084,17.14101105,512002,0,512002,34137
v2,ea89b79a9dfd35df20fed759e6d15c60fe01e77c,direct,octree_nfcount,flyby,5,1096,1096,0.8393599987,0.1525759995,0.9928640127,0.999669,1,0,-1,33865,29632,16,16,6668,22.50269978,17.27868521,512002,0,512002,33865
v2,ea89b79a9dfd35df20fed759e6d15c60fe01e77c,direct,octree_nfcount,flyby,5,1097,1097,0.9927359819,0.1557440013,1.14944005,1.156762,1,0,-1,34097,29835,16,16,6889,23.09033015,17.16111949,512002,0,512002,34097
v2,ea89b79a9dfd35df20fed759e6d15c60fe01e77c,direct,octree_nfcount,flyby,5,1098,1098,0.9948800206,0.159679994,1.155488014,1.163096,1,0,-1,34153,29884,16,16,6924,23.16958908,17.13298086,512002,0,512002,34153
v2,ea89b79a9dfd35df20fed759e6d15c60fe01e77c,direct,octree_nfcount,flyby,5,1099,1099,0.8493760228,0.1597439945,1.01007998,1.017051,1,0,-1,34033,29779,16,16,6770,22.73414151,17.19339132,512002,0,512002,34033
v2,ea89b79a9dfd35df20fed759e6d15c60fe01e77c,direct,octree_nfcount,flyby,5,1100,1100,0.9777920246,0.158912003,1.137632012,1.144411,1,0,-1,34209,29933,16,16,6856,22.90448669,17.10493435,512002,0,512002,34209
v2,ea89b79a9dfd35df20fed759e6d15c60fe01e77c,direct,octree_nfcount,flyby,5,1101,1101,0.9921280146,0.1567360014,1.149791956,1.157448,1,0,-1,34265,29982,16,16,6885,22.96377827,17.07697952,512002,0,512002,34265
v2,ea89b79a9dfd35df20fed759e6d15c60fe01e77c,direct,octree_nfcount,flyby,5,1102,1102,0.8470079899,0.1587519944,1.006719947,1.013865,1,0,-1,33993,29744,16,16,6724,22.60623991,17.21362292,512002,0,512002,33993
v2,ea89b79a9dfd35df20fed759e6d15c60fe01e77c,direct,octree_nfcount,flyby,5,1103,1103,0.978399992,0.1547199935,1.134047985,1.14111,1,0,-1,33993,29744,16,16,6914,23.24502421,17.21362292,512002,0,512002,33993
v2,ea89b79a9dfd35df20fed759e6d15c60fe01e77c,direct,octree_nfcount,flyby,5,1104,1104,0.9683200121,0.157664001,1.126943946,1.134367,1,0,-1,34081,29821,16,16,6981,23.40967774,17.16917608,512002,0,512002,34081
v2,ea89b79a9dfd35df20fed759e6d15c60fe01e77c,direct,octree_nfcount,flyby,5,1105,1105,0.8405439854,0.1554560065,0.9969279766,1.004528,1,0,-1,34113,29849,16,16,6859,22.97899427,17.15307045,512002,0,512002,34113
v2,ea89b79a9dfd35df20fed759e6d15c60fe01e77c,direct,octree_nfcount,flyby,5,1106,1106,0.97388798,0.1589439958,1.133759975,1.139677,1,0,-1,34305,30017,16,16,6935,23.10357464,17.05706766,512002,0,512002,34305
v2,ea89b79a9dfd35df20fed759e6d15c60fe01e77c,direct,octree_nfcount,flyby,5,1107,1107,0.9872959852,0.1566399932,1.144863963,1.152277,1,0,-1,34497,30185,16,16,7048,23.3493457,16.96213351,512002,0,512002,34497
v2,ea89b79a9dfd35df20fed759e6d15c60fe01e77c,direct,octree_nfcount,flyby,5,1108,1108,0.8590080142,0.1603839993,1.020352006,1.027903,1,0,-1,34345,30052,16,16,6936,23.07999468,17.03720218,512002,0,512002,34345
v2,ea89b79a9dfd35df20fed759e6d15c60fe01e77c,direct,octree_nfcount,flyby,5,1109,1109,0.991936028,0.1536960006,1.146559954,1.153511,1,0,-1,34457,30150,16,16,7050,23.38308458,16.98182421,512002,0,512002,34457
v2,ea89b79a9dfd35df20fed759e6d15c60fe01e77c,direct,octree_nfcount,flyby,5,1110,1110,0.9903360009,0.1607999951,1.152063966,1.15966,1,0,-1,34377,30080,16,16,7053,23.4474734,17.02134309,512002,0,512002,34377
v2,ea89b79a9dfd35df20fed759e6d15c60fe01e77c,direct,octree_nfcount,flyby,5,1111,1111,0.8380479813,0.1608639956,0.9998720288,1.007087,1,0,-1,34153,29884,16,16,6849,22.91861866,17.13298086,512002,0,512002,34153
v2,ea89b79a9dfd35df20fed759e6d15c60fe01e77c,direct,octree_nfcount,flyby,5,1112,1112,0.9574720263,0.1588799953,1.117311954,1.123875,1,0,-1,34273,29989,16,16,6946,23.161826,17.07299343,512002,0,512002,34273
v2,ea89b79a9dfd35df20fed759e6d15c60fe01e77c,direct,octree_nfcount,flyby,5,1113,1113,0.9821439981,0.1588159949,1.141888022,1.149072,1,0,-1,34345,30052,16,16,6996,23.27964861,17.03720218,512002,0,512002,34345
v2,ea89b79a9dfd35df20fed759e6d15c60fe01e77c,direct,octree_nfcount,flyby,5,1114,1114,0.8390719891,0.1526080072,0.9926400185,0.998457,1,0,-1,34337,30045,16,16,6887,22.92228324,17.04117158,512002,0,512002,34337
v2,ea89b79a9dfd35df20fed759e6d15c60fe01e77c,direct,octree_nfcount,flyby,5,1115,1115,0.9903680086,0.1649920046,1.156288028,1.164043,1,0,-1,34393,30094,16,16,6920,22.99461687,17.0134246,512002,0,512002,34393
v2,ea89b79a9dfd35df20fed759e6d15c60fe01e77c,direct,octree_nfcount,flyby,5,1116,1116,0.9896640182,0.1588480026,1.149471998,1.15527,1,0,-1,34401,30101,16,16,7064,23.46765888,17.00946812,512002,0,512002,34401
v2,ea89b79a9dfd35df20fed759e6d15c60fe01e77c,direct,octree_nfcount,flyby,5,1117,1117,0.854016006,0.1565759927,1.011520028,1.018478,1,0,-1,34385,30087,16,16,7029,23.36224948,17.01738292,512002,0,512002,34385
v2,ea89b79a9dfd35df20fed759e6d15c60fe01e77c,direct,octree_nfcount,flyby,5,1118,1118,0.9928640127,0.1664640009,1.160256028,1.168614,1,0,-1,34329,30038,16,16,6968,23.19728344,17.04514282,512002,0,512002,34329
v2,ea89b79a9dfd35df20fed759e6d15c60fe01e77c,direct,octree_nfcount,flyby,5,1119,1119,1.005920053,0.1594880074,1.166368008,1.174071,1,0,-1,34561,30241,16,16,7104,23.49128666,16.93072319,512002,0,512002,34561
v2,ea89b79a9dfd35df20fed759e6d15c60fe01e77c,direct,octree_nfcount,flyby,5,1120,1120,0.8439999819,0.1615999937,1.006559968,1.012452,1,0,-1,34289,30003,16,16,6884,22.94437223,17.06502683,512002,0,512002,34289
v2,ea89b79a9dfd35df20fed759e6d15c60fe01e77c,direct,octree_nfcount,flyby,5,1121,1121,0.9813759923,0.1599359959,1.142271996,1.147987,1,0,-1,34409,30108,16,16,6931,23.02045968,17.00551348,512002,0,512002,34409
v2,ea89b79a9dfd35df20fed759e6d15c60fe01e77c,direct,octree_nfcount,flyby,5,1122,1122,0.9874879718,0.162816003,1.151263952,1.158201,1,0,-1,34601,30276,16,16,7094,23.43110054,16.91115075,512002,0,512002,34601
v2,ea89b79a9dfd35df20fed759e6d15c60fe01e77c,direct,octree_nfcount,flyby,5,1123,1123,0.8416320086,0.1568000019,0.9993600249,1.005952,1,0,-1,34257,29975,16,16,6899,23.01584654,17.08096747,512002,0,512002,34257
v2,ea89b79a9dfd35df20fed759e6d15c60fe01e77c,direct,octree_nfcount,flyby,5,1124,1124,0.9838399887,0.1655360013,1.15030396,1.157771,1,0,-1,34297,30010,16,16,6902,22.99900033,17.06104632,512002,0,512002,34297
v2,ea89b79a9dfd35df20fed759e6d15c60fe01e77c,direct,octree_nfcount,flyby,5,1125,1125,0.9817280173,0.1616320014,1.144320011,1.150442,1,0,-1,34553,30234,16,16,7036,23.27181319,16.93464312,512002,0,512002,34553
v2,ea89b79a9dfd35df20fed759e6d15c60fe01e77c,direct,octree_nfcount,flyby,5,1126,1126,0.8479359746,0.1627520025,1.011615992,1.018879,1,0,-1,34289,30003,16,16,6878,22.92437423,17.06502683,512002,0,512002,34289
v2,ea89b79a9dfd35df20fed759e6d15c60fe01e77c,direct,octree_nfcount,flyby,5,1127,1127,0.9906240106,0.1626240015,1.154207945,1.161369,1,0,-1,34249,29968,16,16,6912,23.06460224,17.08495729,512002,0,512002,34249
v2,ea89b79a9dfd35df20fed759e6d15c60fe01e77c,direct,octree_nfcount,flyby,5,1128,1128,0.9858880043,0.159807995,1.146623969,1.15367,1,0,-1,34425,30122,16,16,7035,23.35502291,16.99760972,512002,0,512002,34425
v2,ea89b79a9dfd35df20fed759e6d15c60fe01e77c,direct,octree_nfcount,flyby,5,1129,1129,0.8431680202,0.1576319933,1.001760006,1.008266,1,0,-1,34433,30129,16,16,6962,23.10730525,16.99366059,512002,0,512002,34433
v2,ea89b79a9dfd35df20fed759e6d15c60fe01e77c,direct,octree_nfcount,flyby,5,1130,1130,0.9903680086,0.1556479931,1.146944046,1.153963,1,0,-1,34329,30038,16,16,6968,23.19728344,17.04514282,512002,0,512002,34329
v2,ea89b79a9dfd35df20fed759e6d15c60fe01e77c,direct,octree_nfcount,flyby,5,1131,1131,0.986815989,0.1608320028,1.148607969,1.155505,1,0,-1,34521,30206,16,16,7080,23.43905184,16.95034099,512002,0,512002,34521
v2,ea89b79a9dfd35df20fed759e6d15c60fe01e77c,direct,octree_nfcount,flyby,5,1132,1132,0.8609920144,0.1584960073,1.020416021,1.028028,1,0,-1,34545,30227,16,16,7026,23.2441195,16.93856486,512002,0,512002,34545
v2,ea89b79a9dfd35df20fed759e6d15c60fe01e77c,direct,octree_nfcount,flyby,5,1133,1133,0.9882559776,0.1636160016,1.152832031,1.160168,1,0,-1,34241,29961,16,16,6942,23.17012116,17.08894897,512002,0,512002,34241
v2,ea89b79a9dfd35df20fed759e6d15c60fe01e77c,direct,octree_nfcount,flyby,5,1134,1134,0.97814399,0.1607680023,1.139871955,1.14716,1,0,-1,34377,30080,16,16,7111,23.64029255,17.02134309,512002,0,512002,34377
v2,ea89b79a9dfd35df20fed759e6d15c60fe01e77c,direct,octree_nfcount,flyby,5,1135,1135,0.846239984,0.1597120017,1.008031964,1.014386,1,0,-1,34129,29863,16,16,6928,23.1992767,17.14502897,512002,0,512002,34129
v2,ea89b79a9dfd35df20fed759e6d15c60fe01e77c,direct,octree_nfcount,flyby,5,1136,1136,0.9861119986,0.1595840007,1.146623969,1.154206,1,0,-1,34217,29940,16,16,6930,23.14629259,17.1009352,512002,0,512002,34217
v2,ea89b79a9dfd35df20fed759e6d15c60fe01e77c,direct,octree_nfcount,flyby,5,1137,1137,0.9872639775,0.1596159935,1.147840023,1.155397,1,0,-1,34425,30122,16,16,7050,23.4048204,16.99760972,512002,0,512002,34425
v2,ea89b79a9dfd35df20fed759e6d15c60fe01e77c,direct,octree_nfcount,flyby,5,1138,1138,0.8268799782,0.1537600011,0.9815679789,0.987662,1,0,-1,34265,29982,16,16,6986,23.30064705,17.07697952,512002,0,512002,34265
v2,ea89b79a9dfd35df20fed759e6d15c60fe01e77c,direct,octree_nfcount,flyby,5,1139,1139,0.9815359712,0.1619199961,1.144415975,1.151687,1,0,-1,34289,30003,16,16,6961,23.20101323,17.06502683,512002,0,512002,34289
v2,ea89b79a9dfd35df20fed759e6d15c60fe01e77c,direct,octree_nfcount,flyby,5,1140,1140,0.9822080135,0.1608320028,1.144000053,1.15161,1,0,-1,34361,30066,16,16,7045,23.43178341,17.02926894,512002,0,512002,34361
v2,ea89b79a9dfd35df20fed759e6d15c60fe01e77c,direct,octree_nfcount,flyby,5,1141,1141,0.8436160088,0.1557119936,1.00028801,1.00735,1,0,-1,34073,29814,16,16,6838,22.93553364,17.17320722,512002,0,512002,34073
v2,ea89b79a9dfd35df20fed759e6d15c60fe01e77c,direct,octree_nfcount,flyby,5,1142,1142,0.9678080082,0.1567360014,1.12547195,1.132121,1,0,-1,34185,29912,16,16,6852,22.90719444,17.11694303,512002,0,512002,34185
v2,ea89b79a9dfd35df20fed759e6d15c60fe01e77c,direct,octree_nfcount,flyby,5,1143,1143,0.9851520061,0.1596480012,1.145760059,1.153094,1,0,-1,34449,30143,16,16,7025,23.30557675,16.98576784,512002,0,512002,34449
v2,ea89b79a9dfd35df20fed759e6d15c60fe01e77c,direct,octree_nfcount,flyby,5,1144,1144,0.8257920146,0.15264,0.9793919921,0.985046,1,0,-1,34089,29828,16,16,6924,23.21308837,17.16514684,512002,0,512002,34089
v2,ea89b79a9dfd35df20fed759e6d15c60fe01e77c,direct,octree_nfcount,flyby,5,1145,1145,0.9838719964,0.1615040004,1.146304011,1.154997,1,0,-1,34257,29975,16,16,6857,22.87572977,17.08096747,512002,0,512002,34257
v2,ea89b79a9dfd35df20fed759e6d15c60fe01e77c,direct,octree_nfcount,flyby,5,1146,1146,0.9923200011,0.1636800021,1.156960011,1.163197,1,0,-1,34537,30220,16,16,6993,23.14030443,16.94248842,512002,0,512002,34537
v2,ea89b79a9dfd35df20fed759e6d15c60fe01e77c,direct,octree_nfcount,flyby,5,1147,1147,0.8385279775,0.1586560011,0.998143971,1.003807,1,0,-1,34089,29828,16,16,6891,23.10245407,17.16514684,512002,0,512002,34089
v2,ea89b79a9dfd35df20fed759e6d15c60fe01e77c,direct,octree_nfcount,flyby,5,1148,1148,1.003296018,0.1589439958,1.163200021,1.170386,1,0,-1,34313,30024,16,16,6890,22.94830802,17.05309086,512002,0,512002,34313
v2,ea89b79a9dfd35df20fed759e6d15c60fe01e77c,direct,octree_nfcount,flyby,5,1149,1149,0.991936028,0.1563519984,1.149216056,1.161291,1,0,-1,34409,30108,16,16,7017,23.30609805,17.00551348,512002,0,512002,34409
v2,ea89b79a9dfd35df20fed759e6d15c60fe01e77c,direct,octree_nfcount,flyby,5,1150,1150,0.8475520015,0.1556800008,1.004160047,1.011714,1,0,-1,34281,29996,16,16,6956,23.18975863,17.0690092,512002,0,512002,34281
v2,ea89b79a9dfd35df20fed759e6d15c60fe01e77c,direct,octree_nfcount,flyby,5,1151,1151,0.995487988,0.1583359987,1.154752016,1.160779,1,0,-1,34049,29793,16,16,6866,23.04568187,17.18531199,512002,0,512002,34049
v2,ea89b79a9dfd35df20fed759e6d15c60fe01e77c,direct,octree_nfcount,flyby,5,1152,1152,0.9861440063,0.1635839939,1.150688052,1.158165,1,0,-1,34441,30136,16,16,6982,23.16830369,16.9897133,512002,0,512002,34441
v2,ea89b79a9dfd35df20fed759e6d15c60fe01e77c,direct,octree_nfcount,flyby,5,1153,1153,0.8490880132,0.1588799953,1.008895993,1.016242,1,0,-1,34321,30031,16,16,6939,23.10612367,17.04911591,512002,0,512002,34321
v2,ea89b79a9dfd35df20fed759e6d15c60fe01e77c,direct,octree_nfcount,flyby,5,1154,1154,0.9984639883,0.1528639942,1.152256012,1.159747,1,0,-1,34217,29940,16,16,6806,22.73213093,17.1009352,512002,0,512002,34217
v2,ea89b79a9dfd35df20fed759e6d15c60fe01e77c,direct,octree_nfcount,flyby,5,1155,1155,0.9852480292,0.1629119962,1.149119973,1.156426,1,0,-1,34265,29982,16,16,6983,23.29064105,17.07697952,512002,0,512002,34265
v2,ea89b79a9dfd35df20fed759e6d15c60fe01e77c,direct,octree_nfcount,flyby,5,1156,1156,0.8471360207,0.1545920074,1.00268805,1.009681,1,0,-1,34129,29863,16,16,6882,23.04523993,17.14502897,512002,0,512002,34129
v2,ea89b79a9dfd35df20fed759e6d15c60fe01e77c,direct,octree_nfcount,flyby,5,1157,1157,0.9902080297,0.1527999938,1.143936038,1.149209,1,0,-1,34161,29891,16,16,6835,22.86641464,17.12896859,512002,0,512002,34161
v2,ea89b79a9dfd35df20fed759e6d15c60fe01e77c,direct,octree_nfcount,flyby,5,1158,1158,0.9931200147,0.1647679955,1.158848047,1.166626,1,0,-1,34361,30066,16,16,6911,22.98609725,17.02926894,512002,0,512002,34361
v2,ea89b79a9dfd35df20fed759e6d15c60fe01e77c,direct,octree_nfcount,flyby,5,1159,1159,0.8452479839,0.1554239988,1.001631975,1.008826,1,0,-1,34105,29842,16,16,6875,23.03800013,17.15709403,512002,0,512002,34105
v2,ea89b79a9dfd35df20fed759e6d15c60fe01e77c,direct,octree_nfcount,flyby,5,1160,1160,0.9916480184,0.161055997,1.153663993,1.161421,1,0,-1,34265,29982,16,16,6918,23.07384431,17.07697952,512002,0,512002,34265
v2,ea89b79a9dfd35df20fed759e6d15c60fe01e77c,direct,octree_nfcount,flyby,5,1161,1161,0.9902399778,0.1619199961,1.153120041,1.160095,1,0,-1,34249,29968,16,16,6916,23.07794981,17.08495729,512002,0,512002,34249
v2,ea89b79a9dfd35df20fed759e6d15c60fe01e77c,direct,octree_nfcount,flyby,5,1162,1162,0.841983974,0.1607040018,1.003615975,1.010818,1,0,-1,34137,29870,16,16,6894,23.08001339,17.14101105,512002,0,512002,34137
v2,ea89b79a9dfd35df20fed759e6d15c60fe01e77c,direct,octree_nfcount,flyby,5,1163,1163,0.9853439927,0.1627520025,1.149055958,1.15576,1,0,-1,34377,30080,16,16,6912,22.9787234,17.02134309,512002,0,512002,34377
v2,ea89b79a9dfd35df20fed759e6d15c60fe01e77c,direct,octree_nfcount,flyby,5,1164,1164,0.9806720018,0.1606719941,1.142271996,1.149698,1,0,-1,34409,30108,16,16,6960,23.11677959,17.00551348,512002,0,512002,34409
v2,ea89b79a9dfd35df20fed759e6d15c60fe01e77c,direct,octree_nfcount,flyby,5,1165,1165,0.8561599851,0.1596480012,1.016767979,1.024069,1,0,-1,34449,30143,16,16,7040,23.35533955,16.98576784,512002,0,512002,34449
v2,ea89b79a9dfd35df20fed759e6d15c60fe01e77c,direct,octree_nfcount,flyby,5,1166,1166,0.9876800179,0.1587519944,1.147392035,1.154144,1,0,-1,34345,30052,16,16,6850,22.79382404,17.03720218,512002,0,512002,34345
v2,ea89b79a9dfd35df20fed759e6d15c60fe01e77c,direct,octree_nfcount,flyby,5,1167,1167,0.9965119958,0.1616320014,1.159072042,1.16638,1,0,-1,34337,30045,16,16,6945,23.11532701,17.04117158,512002,0,512002,34337
v2,ea89b79a9dfd35df20fed759e6d15c60fe01e77c,direct,octree_nfcount,flyby,5,1168,1168,0.8456320167,0.1564799994,1.003039956,1.010594,1,0,-1,34377,30080,16,16,7052,23.44414894,17.02134309,512002,0,512002,34377
v2,ea89b79a9dfd35df20fed759e6d15c60fe01e77c,direct,octree_nfcount,flyby,5,1169,1169,0.990079999,0.1615359932,1.15257597,1.160153,1,0,-1,34417,30115,16,16,6982,23.18445957,17.00156068,512002,0,512002,34417
v2,ea89b79a9dfd35df20fed759e6d15c60fe01e77c,direct,octree_nfcount,flyby,5,1170,1170,0.9925119877,0.1606400013,1.154080033,1.16172,1,0,-1,34513,30199,16,16,7020,23.24580284,16.95427001,512002,0,512002,34513
v2,ea89b79a9dfd35df20fed759e6d15c60fe01e77c,direct,octree_nfcount,flyby,5,1171,1171,0.9836159945,0.1587200016,1.143296003,1.150465,1,0,-1,34401,30101,16,16,7064,23.46765888,17.00946812,512002,0,512002,34401
v2,ea89b79a9dfd35df20fed759e6d15c60fe01e77c,direct,octree_nfcount,flyby,5,1172,1172,1.003136039,0.1555519998,1.159647942,1.165476,1,0,-1,34505,30192,16,16,6981,23.12201908,16.95820085,512002,0,512002,34505
v2,ea89b79a9dfd35df20fed759e6d15c60fe01e77c,direct,octree_nfcount,flyby,5,1173,1173,0.9893119931,0.1568959951,1.147135973,1.152832,1,0,-1,34441,30136,16,16,7050,23.39394744,16.9897133,512002,0,512002,34441
v2,ea89b79a9dfd35df20fed759e6d15c60fe01e77c,direct,octree_nfcount,flyby,5,1174,1174,0.9691519737,0.1573760062,1.127776027,1.134545,1,0,-1,34321,30031,16,16,7094,23.622257,17.04911591,512002,0,512002,34321
v2,ea89b79a9dfd35df20fed759e6d15c60fe01e77c,direct,octree_nfcount,flyby,5,1175,1175,0.9903680086,0.1559360027,1.147232056,1.154059,1,0,-1,34233,29954,16,16,6950,23.20224344,17.09294251,512002,0,512002,34233
v2,ea89b79a9dfd35df20fed759e6d15c60fe01e77c,direct,octree_nfcount,flyby,5,1176,1176,0.9784960151,0.1607359946,1.140192032,1.145539,1,0,-1,34313,30024,16,16,6951,23.15147882,17.05309086,512002,0,512002,34313
v2,ea89b79a9dfd35df20fed759e6d15c60fe01e77c,direct,octree_nfcount,flyby,5,1177,1177,0.9876480103,0.1554239988,1.144000053,1.151423,1,0,-1,34377,30080,16,16,7024,23.35106383,17.02134309,512002,0,512002,34377
v2,ea89b79a9dfd35df20fed759e6d15c60fe01e77c,direct,octree_nfcount,flyby,5,1178,1178,0.993088007,0.1590719968,1.153087974,1.161372,1,0,-1,34313,30024,16,16,6951,23.15147882,17.05309086,512002,0,512002,34313
v2,ea89b79a9dfd35df20fed759e6d15c60fe01e77c,direct,octree_nfcount,flyby,5,1179,1179,1.000671983,0.157407999,1.159008026,1.166974,1,0,-1,34377,30080,16,16,6929,23.03523936,17.02134309,512002,0,512002,34377
v2,ea89b79a9dfd35df20fed759e6d15c60fe01e77c,direct,octree_nfcount,flyby,5,1180,1180,0.9914240241,0.1577280015,1.150112033,1.157782,1,0,-1,34465,30157,16,16,7032,23.31796929,16.97788242,512002,0,512002,34465
v2,ea89b79a9dfd35df20fed759e6d15c60fe01e77c,direct,octree_nfcount,flyby,5,1181,1181,0.977248013,0.1547520012,1.132959962,1.140515,1,0,-1,34185,29912,16,16,6950,23.23482214,17.11694303,512002,0,512002,34185
v2,ea89b79a9dfd35df20fed759e6d15c60fe01e77c,direct,octree_nfcount,flyby,5,1182,1182,0.824096024,0.1589439958,0.9839680195,0.991319,1,0,-1,34161,29891,16,16,6903,23.09390787,17.12896859,512002,0,512002,34161
v2,ea89b79a9dfd35df20fed759e6d15c60fe01e77c,direct,octree_nfcount,flyby,5,1183,1183,0.9818559885,0.157536,1.140352011,1.147969,1,0,-1,34409,30108,16,16,7017,23.30609805,17.00551348,512002,0,512002,34409
v2,ea89b79a9dfd35df20fed759e6d15c60fe01e77c,direct,octree_nfcount,flyby,5,1184,1184,0.9725120068,0.1578879952,1.131327987,1.138957,1,0,-1,34113,29849,16,16,6941,23.25371034,17.15307045,512002,0,512002,34113
v2,ea89b79a9dfd35df20fed759e6d15c60fe01e77c,direct,octree_nfcount,flyby,5,1185,1185,0.857919991,0.1588159949,1.017696023,1.02529,1,0,-1,34441,30136,16,16,6941,23.03225378,16.9897133,512002,0,512002,34441
v2,ea89b79a9dfd35df20fed759e6d15c60fe01e77c,direct,octree_nfcount,flyby,5,1186,1186,0.9794560075,0.1544000059,1.134816051,1.14235,1,0,-1,34345,30052,16,16,7019,23.35618262,17.03720218,512002,0,512002,34345
v2,ea89b79a9dfd35df20fed759e6d15c60fe01e77c,direct,octree_nfcount,flyby,5,1187,1187,0.9965440035,0.1568640023,1.154368043,1.162374,1,0,-1,34361,30066,16,16,6947,23.10583383,17.02926894,512002,0,512002,34361
v2,ea89b79a9dfd35df20fed759e6d15c60fe01e77c,direct,octree_nfcount,flyby,5,1188,1188,0.8435519934,0.1567679942,1.00127995,1.008907,1,0,-1,34361,30066,16,16,6954,23.12911594,17.02926894,512002,0,512002,34361
v2,ea89b79a9dfd35df20fed759e6d15c60fe01e77c,direct,octree_nfcount,flyby,5,1189,1189,0.9905920029,0.1607999951,1.152320027,1.159466,1,0,-1,34617,30290,16,16,7106,23.45988775,16.90333443,512002,0,512002,34617
v2,ea89b79a9dfd35df20fed759e6d15c60fe01e77c,direct,octree_nfcount,flyby,5,1190,1190,0.9933440089,0.1558080018,1.150431991,1.157327,1,0,-1,34449,30143,16,16,7021,23.29230667,16.98576784,512002,0,512002,34449
v2,ea89b79a9dfd35df20fed759e6d15c60fe01e77c,direct,octree_nfcount,flyby,5,1191,1191,0.8638399839,0.1569920033,1.021792054,1.028427,1,0,-1,34489,30178,16,16,6944,23.01013984,16.966068,512002,0,512002,34489
v2,ea89b79a9dfd35df20fed759e6d15c60fe01e77c,direct,octree_nfcount,flyby,5,1192,1192,0.9943040013,0.1568000019,1.152032018,1.159478,1,0,-1,34401,30101,16,16,7048,23.4145045,17.00946812,512002,0,512002,34401
v2,ea89b79a9dfd35df20fed759e6d15c60fe01e77c,direct,octree_nfcount,flyby,5,1193,1193,0.9815359712,0.1600639969,1.142528057,1.149629,1,0,-1,34473,30164,16,16,6980,23.14016709,16.97394245,512002,0,512002,34473
v2,ea89b79a9dfd35df20fed759e6d15c60fe01e77c,direct,octree_nfcount,flyby,5,1194,1194,0.8452799916,0.1599040031,1.006111979,1.013368,1,0,-1,34505,30192,16,16,6971,23.08889772,16.95820085,512002,0,512002,34505
v2,ea89b79a9dfd35df20fed759e6d15c60fe01e77c,direct,octree_nfcount,flyby,5,1195,1195,0.9891840219,0.1565759927,1.146687984,1.153828,1,0,-1,34625,30297,16,16,7124,23.51387926,16.89942899,512002,0,512002,34625
v2,ea89b79a9dfd35df20fed759e6d15c60fe01e77c,direct,octree_nfcount,flyby,5,1196,1196,0.9998720288,0.1548479944,1.155679941,1.162834,1,0,-1,34705,30367,16,16,7076,23.3016103,16.86047354,512002,0,512002,34705
v2,ea89b79a9dfd35df20fed759e6d15c60fe01e77c,direct,octree_nfcount,flyby,5,1197,1197,0.844991982,0.1610240042,1.006943941,1.013981,1,0,-1,34553,30234,16,16,7009,23.18250976,16.93464312,512002,0,512002,34553
v2,ea89b79a9dfd35df20fed759e6d15c60fe01e77c,direct,octree_nfcount,flyby,5,1198,1198,0.9877759814,0.1547199935,1.143455982,1.150964,1,0,-1,34561,30241,16,16,7081,23.41523098,16.93072319,512002,0,512002,34561
v2,ea89b79a9dfd35df20fed759e6d15c60fe01e77c,direct,octree_nfcount,flyby,5,1199,1199,0.9710400105,0.1620800048,1.134080052,1.139612,1,0,-1,34705,30367,16,16,7082,23.32136859,16.86047354,512002,0,512002,34705
v2,ea89b79a9dfd35df20fed759e6d15c60fe01e77c,direct,octree_nfcount,flyby,5,1200,1200,0.8448960185,0.1610880047,1.006911993,1.012266,1,0,-1,34673,30339,16,16,6982,23.01328323,16.87603415,512002,0,512002,34673
