version,commit,path,config,dataset,run,snapshot,frame_id,tree_update_ms,view_ms,total_ms,wall_ms,attempts,maintenance_ms,iterations,num_nodes,num_leaves,max_depth,max_depth_octree_equiv,num_empty_leaves,empty_leaf_pct,avg_particles_per_leaf,particles_active,particles_escaped,particle_slots,lib_num_nodes
v2,ea89b79a9dfd35df20fed759e6d15c60fe01e77c,direct,octree_nfcount,flyby,2,0,0,nan,nan,nan,nan,0,0,-1,29073,25439,16,16,14723,57.87570266,20.12665592,512002,0,512002,29073
v2,ea89b79a9dfd35df20fed759e6d15c60fe01e77c,direct,octree_nfcount,flyby,2,1,1,0.5729600191,0.1528320014,0.7270079851,0.732589,1,0,-1,29049,25418,16,16,14715,57.89204501,20.14328429,512002,0,512002,29049
v2,ea89b79a9dfd35df20fed759e6d15c60fe01e77c,direct,octree_nfcount,flyby,2,2,2,0.5706239939,0.1516160071,0.7234879732,0.729836,1,0,-1,29081,25446,16,16,14722,57.85585161,20.12111923,512002,0,512002,29081
v2,ea89b79a9dfd35df20fed759e6d15c60fe01e77c,direct,octree_nfcount,flyby,2,3,3,0.5816320181,0.1517120004,0.7345920205,0.741932,1,0,-1,29033,25404,16,16,14705,57.8845851,20.15438514,512002,0,512002,29033
v2,ea89b79a9dfd35df20fed759e6d15c60fe01e77c,direct,octree_nfcount,flyby,2,4,4,0.5831680298,0.152383998,0.7367680073,0.744759,1,0,-1,29049,25418,16,16,14711,57.87630813,20.14328429,512002,0,512002,29049
v2,ea89b79a9dfd35df20fed759e6d15c60fe01e77c,direct,octree_nfcount,flyby,2,5,5,0.584896028,0.1566720009,0.7428159714,0.750825,1,0,-1,29025,25397,16,16,14704,57.89660196,20.15994015,512002,0,512002,29025
v2,ea89b79a9dfd35df20fed759e6d15c60fe01e77c,direct,octree_nfcount,flyby,2,6,6,0.57763201,0.157536,0.7366080284,0.744322,1,0,-1,29049,25418,16,16,14685,57.77401841,20.14328429,512002,0,512002,29049
v2,ea89b79a9dfd35df20fed759e6d15c60fe01e77c,direct,octree_nfcount,flyby,2,7,7,0.5869119763,0.155392006,0.7435200214,0.751622,1,0,-1,29025,25397,16,16,14601,57.49104225,20.15994015,512002,0,512002,29025
v2,ea89b79a9dfd35df20fed759e6d15c60fe01e77c,direct,octree_nfcount,flyby,2,8,8,0.5890240073,0.1552319974,0.745472014,0.753163,1,0,-1,28849,25243,16,16,14438,57.19605435,20.28292992,512002,0,512002,28849
v2,ea89b79a9dfd35df20fed759e6d15c60fe01e77c,direct,octree_nfcount,flyby,2,9,9,0.5793920159,0.1545280069,0.7351679802,0.743053,1,0,-1,29009,25383,16,16,14527,57.23121774,20.17105937,512002,0,512002,29009
v2,ea89b79a9dfd35df20fed759e6d15c60fe01e77c,direct,octree_nfcount,flyby,2,10,10,0.5801920295,0.1565759927,0.7380160093,0.746252,1,0,-1,28937,25320,16,16,14456,57.09320695,20.22124803,512002,0,512002,28937
v2,ea89b79a9dfd35df20fed759e6d15c60fe01e77c,direct,octree_nfcount,flyby,2,11,11,0.7105919719,0.1551360041,0.866944015,0.874843,1,0,-1,28913,25299,16,16,14433,57.04968576,20.23803312,512002,0,512002,28913
v2,ea89b79a9dfd35df20fed759e6d15c60fe01e77c,direct,octree_nfcount,flyby,2,12,12,0.724864006,0.1543679982,0.8804479837,0.888825,1,0,-1,28985,25362,16,16,14421,56.86065768,20.18776122,512002,0,512002,28985
v2,ea89b79a9dfd35df20fed759e6d15c60fe01e77c,direct,octree_nfcount,flyby,2,13,13,0.8179519773,0.1563519984,0.9755520225,0.983638,1,0,-1,29089,25453,16,16,14412,56.62200919,20.11558559,512002,0,512002,29089
v2,ea89b79a9dfd35df20fed759e6d15c60fe01e77c,direct,octree_nfcount,flyby,2,14,14,0.8222720027,0.1594240069,0.9829760194,0.991425,1,0,-1,29129,25488,16,16,14357,56.3284683,20.08796296,512002,0,512002,29129
v2,ea89b79a9dfd35df20fed759e6d15c60fe01e77c,direct,octree_nfcount,flyby,2,15,15,0.9341440201,0.1573760062,1.092767954,1.101109,1,0,-1,29321,25656,16,16,14376,56.03367633,19.95642345,512002,0,512002,29321
v2,ea89b79a9dfd35df20fed759e6d15c60fe01e77c,direct,octree_nfcount,flyby,2,16,16,0.9376639724,0.1594559997,1.098368049,1.106502,1,0,-1,29601,25901,16,16,14499,55.97853365,19.76765376,512002,0,512002,29601
v2,ea89b79a9dfd35df20fed759e6d15c60fe01e77c,direct,octree_nfcount,flyby,2,17,17,0.8694400191,0.1545280069,1.025215983,1.032813,1,0,-1,29577,25880,16,16,14303,55.26661515,19.78369397,512002,0,512002,29577
v2,ea89b79a9dfd35df20fed759e6d15c60fe01e77c,direct,octree_nfcount,flyby,2,18,18,0.8341760039,0.154655993,0.9901760221,0.997933,1,0,-1,29849,26118,16,16,14303,54.7629987,19.60341527,512002,0,512002,29849
v2,ea89b79a9dfd35df20fed759e6d15c60fe01e77c,direct,octree_nfcount,flyby,2,19,19,0.9725120068,0.1553280056,1.129055977,1.137373,1,0,-1,30129,26363,16,16,14308,54.27303418,19.42123431,512002,0,512002,30129
v2,ea89b79a9dfd35df20fed759e6d15c60fe01e77c,direct,octree_nfcount,flyby,2,20,20,0.8744000196,0.1604479998,1.036064029,1.044034,1,0,-1,30585,26762,16,16,14470,54.0692026,19.13167925,512002,0,512002,30585
v2,ea89b79a9dfd35df20fed759e6d15c60fe01e77c,direct,octree_nfcount,flyby,2,21,21,0.8968960047,0.157536,1.055647969,1.061914,1,0,-1,30849,26993,16,16,14391,53.3138221,18.96795465,512002,0,512002,30849
v2,ea89b79a9dfd35df20fed759e6d15c60fe01e77c,direct,octree_nfcount,flyby,2,22,22,0.9816319942,0.1594240069,1.142271996,1.151061,1,0,-1,31241,27336,16,16,14391,52.64486392,18.72995318,512002,0,512002,31241
v2,ea89b79a9dfd35df20fed759e6d15c60fe01e77c,direct,octree_nfcount,flyby,2,23,23,0.8794879913,0.159551993,1.040287971,1.047898,1,0,-1,31241,27336,16,16,14193,51.92054434,18.72995318,512002,0,512002,31241
v2,ea89b79a9dfd35df20fed759e6d15c60fe01e77c,direct,octree_nfcount,flyby,2,24,24,0.8858559728,0.1586560011,1.045727968,1.053216,1,0,-1,31257,27350,16,16,14072,51.45155393,18.72036563,512002,0,512002,31257
v2,ea89b79a9dfd35df20fed759e6d15c60fe01e77c,direct,octree_nfcount,flyby,2,25,25,0.8917760253,0.1616960019,1.054687977,1.062245,1,0,-1,31505,27567,16,16,14187,51.46370661,18.57300395,512002,0,512002,31505
v2,ea89b79a9dfd35df20fed759e6d15c60fe01e77c,direct,octree_nfcount,flyby,2,26,26,1.002527952,0.1587519944,1.162495971,1.170421,1,0,-1,31393,27469,16,16,14198,51.68735666,18.63926608,512002,0,512002,31393
v2,ea89b79a9dfd35df20fed759e6d15c60fe01e77c,direct,octree_nfcount,flyby,2,27,27,0.9031680226,0.1593600065,1.063743949,1.071309,1,0,-1,31273,27364,16,16,14002,51.16941968,18.7107879,512002,0,512002,31273
v2,ea89b79a9dfd35df20fed759e6d15c60fe01e77c,direct,octree_nfcount,flyby,2,28,28,0.9292160273,0.1568319947,1.087263942,1.09488,1,0,-1,31473,27539,16,16,13863,50.3395185,18.59188787,512002,0,512002,31473
v2,ea89b79a9dfd35df20fed759e6d15c60fe01e77c,direct,octree_nfcount,flyby,2,29,29,1.051967978,0.1547199935,1.207903981,1.215116,1,0,-1,31969,27973,17,17,13894,49.66932399,18.30343546,512002,0,512002,31969
v2,ea89b79a9dfd35df20fed759e6d15c60fe01e77c,direct,octree_nfcount,flyby,2,30,30,1.29903996,0.1616960019,1.461984038,1.469358,1,0,-1,32329,28288,17,17,13987,49.44499434,18.09961821,512002,0,512002,32329
v2,ea89b79a9dfd35df20fed759e6d15c60fe01e77c,direct,octree_nfcount,flyby,2,31,31,1.076799989,0.1534080058,1.231487989,1.238372,1,0,-1,32073,28064,17,17,13691,48.78492018,18.24408495,512002,0,512002,32073
v2,ea89b79a9dfd35df20fed759e6d15c60fe01e77c,direct,octree_nfcount,flyby,2,32,32,1.077119946,0.1617919952,1.24012804,1.248231,1,0,-1,31585,27637,16,16,13533,48.96696458,18.52596157,512002,0,512002,31585
v2,ea89b79a9dfd35df20fed759e6d15c60fe01e77c,direct,octree_nfcount,flyby,2,33,33,1.187103987,0.156287998,1.344640017,1.352766,1,0,-1,31377,27455,16,16,13379,48.73065015,18.64877072,512002,0,512002,31377
v2,ea89b79a9dfd35df20fed759e6d15c60fe01e77c,direct,octree_nfcount,flyby,2,34,34,1.088863969,0.1576319933,1.247743964,1.255164,1,0,-1,31801,27826,16,16,13509,48.54812046,18.40012938,512002,0,512002,31801
v2,ea89b79a9dfd35df20fed759e6d15c60fe01e77c,direct,octree_nfcount,flyby,2,35,35,1.091135979,0.1572159976,1.249567986,1.25725,1,0,-1,31713,27749,16,16,13285,47.87559912,18.45118743,512002,0,512002,31713
v2,ea89b79a9dfd35df20fed759e6d15c60fe01e77c,direct,octree_nfcount,flyby,2,36,36,1.10531199,0.1556479931,1.262207985,1.269987,1,0,-1,31929,27938,16,16,13469,48.21032286,18.32636552,512002,0,512002,31929
v2,ea89b79a9dfd35df20fed759e6d15c60fe01e77c,direct,octree_nfcount,flyby,2,37,37,1.094367981,0.1564480066,1.252032042,1.259294,1,0,-1,32065,28057,16,16,13442,47.90961257,18.2486367,512002,0,512002,32065
v2,ea89b79a9dfd35df20fed759e6d15c60fe01e77c,direct,octree_nfcount,flyby,2,38,38,0.9875839949,0.1593919992,1.148192048,1.156143,1,0,-1,32025,28022,16,16,13083,46.68831632,18.27142959,512002,0,512002,32025
v2,ea89b79a9dfd35df20fed759e6d15c60fe01e77c,direct,octree_nfcount,flyby,2,39,39,1.221184015,0.1629119962,1.385311961,1.39112,1,0,-1,32185,28162,16,16,13146,46.6799233,18.18059797,512002,0,512002,32185
v2,ea89b79a9dfd35df20fed759e6d15c60fe01e77c,direct,octree_nfcount,flyby,2,40,40,1.117056012,0.1573120058,1.27561605,1.283066,1,0,-1,32153,28134,16,16,13288,47.23110827,18.19869197,512002,0,512002,32153
v2,ea89b79a9dfd35df20fed759e6d15c60fe01e77c,direct,octree_nfcount,flyby,2,41,41,1.102463961,0.1551360041,1.258847952,1.266007,1,0,-1,32233,28204,16,16,13169,46.69195859,18.15352432,512002,0,512002,32233
v2,ea89b79a9dfd35df20fed759e6d15c60fe01e77c,direct,octree_nfcount,flyby,2,42,42,1.238816023,0.1587200016,1.398751974,1.406636,1,0,-1,32465,28407,16,16,13139,46.2526842,18.02379695,512002,0,512002,32465
v2,ea89b79a9dfd35df20fed759e6d15c60fe01e77c,direct,octree_nfcount,flyby,2,43,43,1.260192037,0.1587519944,1.420160055,1.427838,1,0,-1,32873,28764,16,16,13219,45.95675149,17.80009734,512002,0,512002,32873
v2,ea89b79a9dfd35df20fed759e6d15c60fe01e77c,direct,octree_nfcount,flyby,2,44,44,1.130944014,0.1556800008,1.287871957,1.295043,1,0,-1,32801,28701,16,16,13048,45.4618306,17.83916937,512002,0,512002,32801
v2,ea89b79a9dfd35df20fed759e6d15c60fe01e77c,direct,octree_nfcount,flyby,2,45,45,1.113152027,0.1575679928,1.271968007,1.279062,1,0,-1,32801,28701,16,16,12931,45.0541793,17.83916937,512002,0,512002,32801
v2,ea89b79a9dfd35df20fed759e6d15c60fe01e77c,direct,octree_nfcount,flyby,2,46,46,1.010687947,0.1535360068,1.165439963,1.173116,1,0,-1,32729,28638,16,16,12899,45.04155318,17.8784133,512002,0,512002,32729
v2,ea89b79a9dfd35df20fed759e6d15c60fe01e77c,direct,octree_nfcount,flyby,2,47,47,1.241824031,0.1586879939,1.401759982,1.409229,1,0,-1,32609,28533,16,16,12792,44.83229944,17.94420496,512002,0,512002,32609
v2,ea89b79a9dfd35df20fed759e6d15c60fe01e77c,direct,octree_nfcount,flyby,2,48,48,1.100640059,0.1582719982,1.260223985,1.267318,1,0,-1,32577,28505,16,16,12619,44.26942642,17.96183126,512002,0,512002,32577
v2,ea89b79a9dfd35df20fed759e6d15c60fe01e77c,direct,octree_nfcount,flyby,2,49,49,1.132895947,0.1585920006,1.292672038,1.300289,1,0,-1,32665,28582,16,16,12576,43.9997201,17.91344203,512002,0,512002,32665
v2,ea89b79a9dfd35df20fed759e6d15c60fe01e77c,direct,octree_nfcount,flyby,2,50,50,0.9893760085,0.1587840021,1.149407983,1.155437,1,0,-1,32905,28792,16,16,12655,43.95318144,17.78278689,512002,0,512002,32905
v2,ea89b79a9dfd35df20fed759e6d15c60fe01e77c,direct,octree_nfcount,flyby,2,51,51,1.106240034,0.1616639942,1.269119978,1.276629,1,0,-1,33121,28981,16,16,12825,44.25313136,17.66681619,512002,0,512002,33121
v2,ea89b79a9dfd35df20fed759e6d15c60fe01e77c,direct,octree_nfcount,flyby,2,52,52,1.110208035,0.158912003,1.270336032,1.276131,1,0,-1,33177,29030,16,16,12744,43.8994144,17.63699621,512002,0,512002,33177
v2,ea89b79a9dfd35df20fed759e6d15c60fe01e77c,direct,octree_nfcount,flyby,2,53,53,1.124544024,0.1595840007,1.285344005,1.292664,1,0,-1,33417,29240,16,16,12773,43.68331053,17.51032832,512002,0,512002,33417
v2,ea89b79a9dfd35df20fed759e6d15c60fe01e77c,direct,octree_nfcount,flyby,2,54,54,0.992223978,0.1589439958,1.152384043,1.15993,1,0,-1,33177,29030,16,16,12560,43.26558732,17.63699621,512002,0,512002,33177
v2,ea89b79a9dfd35df20fed759e6d15c60fe01e77c,direct,octree_nfcount,flyby,2,55,55,1.120288014,0.1625919938,1.284096003,1.291295,1,0,-1,33417,29240,16,16,12615,43.14295486,17.51032832,512002,0,512002,33417
v2,ea89b79a9dfd35df20fed759e6d15c60fe01e77c,direct,octree_nfcount,flyby,2,56,56,1.127424002,0.1617600024,1.290367961,1.298008,1,0,-1,33233,29079,16,16,12445,42.79720761,17.60727673,512002,0,512002,33233
v2,ea89b79a9dfd35df20fed759e6d15c60fe01e77c,direct,octree_nfcount,flyby,2,57,57,1.119264007,0.1576959938,1.278303981,1.285266,1,0,-1,33369,29198,16,16,12434,42.58510857,17.53551613,512002,0,512002,33369
v2,ea89b79a9dfd35df20fed759e6d15c60fe01e77c,direct,octree_nfcount,flyby,2,58,58,1.120928049,0.1575679928,1.279711962,1.287184,1,0,-1,32833,28729,16,16,12045,41.92627658,17.82178287,512002,0,512002,32833
v2,ea89b79a9dfd35df20fed759e6d15c60fe01e77c,direct,octree_nfcount,flyby,2,59,59,0.9891520143,0.1629119962,1.153311968,1.160465,1,0,-1,33073,28939,16,16,12151,41.98832026,17.69245655,512002,0,512002,33073
v2,ea89b79a9dfd35df20fed759e6d15c60fe01e77c,direct,octree_nfcount,flyby,2,60,60,1.21884799,0.1577599943,1.377823949,1.383805,1,0,-1,32985,28862,16,16,12125,42.0102557,17.73965768,512002,0,512002,32985
v2,ea89b79a9dfd35df20fed759e6d15c60fe01e77c,direct,octree_nfcount,flyby,2,61,61,0.9852480292,0.1628800035,1.14944005,1.156869,1,0,-1,33017,28890,16,16,12190,42.19453098,17.72246452,512002,0,512002,33017
v2,ea89b79a9dfd35df20fed759e6d15c60fe01e77c,direct,octree_nfcount,flyby,2,62,62,1.129024029,0.1577280015,1.28796804,1.295614,1,0,-1,33273,29114,16,16,12267,42.13436835,17.58610978,512002,0,512002,33273
v2,ea89b79a9dfd35df20fed759e6d15c60fe01e77c,direct,octree_nfcount,flyby,2,63,63,1.121248007,0.1564480066,1.278944016,1.28668,1,0,-1,33473,29289,16,16,12279,41.92358906,17.48103384,512002,0,512002,33473
v2,ea89b79a9dfd35df20fed759e6d15c60fe01e77c,direct,octree_nfcount,flyby,2,64,64,1.229696035,0.157407999,1.388319969,1.395768,1,0,-1,33105,28967,16,16,11971,41.32633687,17.67535471,512002,0,512002,33105
v2,ea89b79a9dfd35df20fed759e6d15c60fe01e77c,direct,octree_nfcount,flyby,2,65,65,0.9873600006,0.1588480026,1.147423983,1.154658,1,0,-1,33025,28897,16,16,11782,40.77239852,17.71817144,512002,0,512002,33025
v2,ea89b79a9dfd35df20fed759e6d15c60fe01e77c,direct,octree_nfcount,flyby,2,66,66,1.105568051,0.1566080004,1.263391972,1.270917,1,0,-1,33017,28890,16,16,11797,40.83419868,17.72246452,512002,0,512002,33017
v2,ea89b79a9dfd35df20fed759e6d15c60fe01e77c,direct,octree_nfcount,flyby,2,67,67,0.9728320241,0.1583040059,1.132383943,1.139661,1,0,-1,33217,29065,16,16,11762,40.46791674,17.61575778,512002,0,512002,33217
v2,ea89b79a9dfd35df20fed759e6d15c60fe01e77c,direct,octree_nfcount,flyby,2,68,68,1.110623956,0.1617279947,1.273568034,1.281733,1,0,-1,33281,29121,16,16,11742,40.32141753,17.58188249,512002,0,512002,33281
v2,ea89b79a9dfd35df20fed759e6d15c60fe01e77c,direct,octree_nfcount,flyby,2,69,69,1.096384048,0.1615680009,1.259520054,1.265846,1,0,-1,33249,29093,16,16,11815,40.61114357,17.59880384,512002,0,512002,33249
v2,ea89b79a9dfd35df20fed759e6d15c60fe01e77c,direct,octree_nfcount,flyby,2,70,70,0.960959971,0.157792002,1.119968057,1.127488,1,0,-1,32753,28659,16,16,11422,39.8548449,17.86531282,512002,0,512002,32753
v2,ea89b79a9dfd35df20fed759e6d15c60fe01e77c,direct,octree_nfcount,flyby,2,71,71,1.105056047,0.1586879939,1.264960051,1.27258,1,0,-1,33257,29100,16,16,11627,39.95532646,17.59457045,512002,0,512002,33257
v2,ea89b79a9dfd35df20fed759e6d15c60fe01e77c,direct,octree_nfcount,flyby,2,72,72,0.9766719937,0.1585599929,1.136479974,1.144298,1,0,-1,33209,29058,16,16,11655,40.1094363,17.62000138,512002,0,512002,33209
v2,ea89b79a9dfd35df20fed759e6d15c60fe01e77c,direct,octree_nfcount,flyby,2,73,73,1.105407953,0.159168005,1.265887976,1.273437,1,0,-1,33313,29149,16,16,11865,40.70465539,17.56499365,512002,0,512002,33313
v2,ea89b79a9dfd35df20fed759e6d15c60fe01e77c,direct,octree_nfcount,flyby,2,74,74,1.087455988,0.1595200002,1.248191953,1.255854,1,0,-1,33089,28953,16,16,11701,40.41377405,17.6839015,512002,0,512002,33089
v2,ea89b79a9dfd35df20fed759e6d15c60fe01e77c,direct,octree_nfcount,flyby,2,75,75,1.101312041,0.1544959992,1.25702405,1.263443,1,0,-1,33289,29128,16,16,11684,40.11260643,17.57765724,512002,0,512002,33289
v2,ea89b79a9dfd35df20fed759e6d15c60fe01e77c,direct,octree_nfcount,flyby,2,76,76,0.9617599845,0.1608960032,1.123872042,1.130876,1,0,-1,33385,29212,16,16,11721,40.12392168,17.52711215,512002,0,512002,33385
v2,ea89b79a9dfd35df20fed759e6d15c60fe01e77c,direct,octree_nfcount,flyby,2,77,77,1.095935941,0.1598400027,1.256991982,1.264071,1,0,-1,32905,28792,16,16,11478,39.86524034,17.78278689,512002,0,512002,32905
v2,ea89b79a9dfd35df20fed759e6d15c60fe01e77c,direct,octree_nfcount,flyby,2,78,78,0.9745280147,0.1617600024,1.137503982,1.145615,1,0,-1,33049,28918,16,16,11597,40.10305,17.70530465,512002,0,512002,33049
v2,ea89b79a9dfd35df20fed759e6d15c60fe01e77c,direct,octree_nfcount,flyby,2,79,79,1.076320052,0.1627839953,1.240319967,1.247607,1,0,-1,33017,28890,16,16,11460,39.66770509,17.72246452,512002,0,512002,33017
v2,ea89b79a9dfd35df20fed759e6d15c60fe01e77c,direct,octree_nfcount,flyby,2,80,80,0.9547200203,0.159679994,1.115615964,1.123817,1,0,-1,32713,28624,16,16,11108,38.80659586,17.88715763,512002,0,512002,32713
v2,ea89b79a9dfd35df20fed759e6d15c60fe01e77c,direct,octree_nfcount,flyby,2,81,81,0.9722239971,0.1576319933,1.131072044,1.138762,1,0,-1,33057,28925,16,16,11318,39.12878133,17.70101988,512002,0,512002,33057
v2,ea89b79a9dfd35df20fed759e6d15c60fe01e77c,direct,octree_nfcount,flyby,2,82,82,1.215232015,0.1598400027,1.376255989,1.383574,1,0,-1,32833,28729,16,16,11317,39.39225173,17.82178287,512002,0,512002,32833
v2,ea89b79a9dfd35df20fed759e6d15c60fe01e77c,direct,octree_nfcount,flyby,2,83,83,0.9519680142,0.1567039937,1.109887958,1.116111,1,0,-1,32985,28862,16,16,11430,39.60224517,17.73965768,512002,0,512002,32985
v2,ea89b79a9dfd35df20fed759e6d15c60fe01e77c,direct,octree_nfcount,flyby,2,84,84,1.103296041,0.157536,1.262048006,1.269335,1,0,-1,33121,28981,16,16,11303,39.00141472,17.66681619,512002,0,512002,33121
v2,ea89b79a9dfd35df20fed759e6d15c60fe01e77c,direct,octree_nfcount,flyby,2,85,85,0.969727993,0.1751040071,1.146080017,1.153279,1,0,-1,32913,28799,16,16,11252,39.07080107,17.77846453,512002,0,512002,32913
v2,ea89b79a9dfd35df20fed759e6d15c60fe01e77c,direct,octree_nfcount,flyby,2,86,86,1.104832053,0.1598400027,1.265887976,1.27358,1,0,-1,33177,29030,16,16,11267,38.81157423,17.63699621,512002,0,512002,33177
v2,ea89b79a9dfd35df20fed759e6d15c60fe01e77c,direct,octree_nfcount,flyby,2,87,87,0.9631360173,0.1586560011,1.122975945,1.130806,1,0,-1,33017,28890,16,16,11121,38.49428868,17.72246452,512002,0,512002,33017
v2,ea89b79a9dfd35df20fed759e6d15c60fe01e77c,direct,octree_nfcount,flyby,2,88,88,0.9607679844,0.1607040018,1.122720003,1.130306,1,0,-1,33233,29079,16,16,11099,38.1684377,17.60727673,512002,0,512002,33233
v2,ea89b79a9dfd35df20fed759e6d15c60fe01e77c,direct,octree_nfcount,flyby,2,89,89,0.9665279984,0.1638080031,1.131551981,1.139558,1,0,-1,33145,29002,16,16,10943,37.73188056,17.65402386,512002,0,512002,33145
v2,ea89b79a9dfd35df20fed759e6d15c60fe01e77c,direct,octree_nfcount,flyby,2,90,90,0.9674879909,0.1638720036,1.132575989,1.140196,1,0,-1,33513,29324,16,16,11159,38.05415359,17.46016914,512002,0,512002,33513
v2,ea89b79a9dfd35df20fed759e6d15c60fe01e77c,direct,octree_nfcount,flyby,2,91,91,1.110144019,0.1606079936,1.271968007,1.279587,1,0,-1,33257,29100,16,16,10986,37.75257732,17.59457045,512002,0,512002,33257
v2,ea89b79a9dfd35df20fed759e6d15c60fe01e77c,direct,octree_nfcount,flyby,2,92,92,0.98892802,0.1614399999,1.151615977,1.159338,1,0,-1,33489,29303,16,16,10994,37.51834283,17.47268198,512002,0,512002,33489
v2,ea89b79a9dfd35df20fed759e6d15c60fe01e77c,direct,octree_nfcount,flyby,2,93,93,1.085824013,0.1617279947,1.248767972,1.256366,1,0,-1,33169,29023,16,16,10790,37.17741102,17.64125004,512002,0,512002,33169
v2,ea89b79a9dfd35df20fed759e6d15c60fe01e77c,direct,octree_nfcount,flyby,2,94,94,0.9671360254,0.1556800008,1.124032021,1.131638,1,0,-1,33401,29226,16,16,10783,36.89523027,17.51871621,512002,0,512002,33401
v2,ea89b79a9dfd35df20fed759e6d15c60fe01e77c,direct,octree_nfcount,flyby,2,95,95,0.9730240107,0.1595840007,1.133856058,1.141816,1,0,-1,33553,29359,16,16,10904,37.14022957,17.4393542,512002,0,512002,33553
v2,ea89b79a9dfd35df20fed759e6d15c60fe01e77c,direct,octree_nfcount,flyby,2,96,96,0.9751679897,0.1603520066,1.136736035,1.145318,1,0,-1,33697,29485,16,16,10844,36.77802272,17.36482957,512002,0,512002,33697
v2,ea89b79a9dfd35df20fed759e6d15c60fe01e77c,direct,octree_nfcount,flyby,2,97,97,0.9867839813,0.1597760022,1.147776008,1.155464,1,0,-1,33561,29366,16,16,10908,37.14499762,17.43519717,512002,0,512002,33561
v2,ea89b79a9dfd35df20fed759e6d15c60fe01e77c,direct,octree_nfcount,flyby,2,98,98,0.9641600251,0.1568319947,1.122207999,1.129473,1,0,-1,33585,29387,16,16,10999,37.42811447,17.42273795,512002,0,512002,33585
v2,ea89b79a9dfd35df20fed759e6d15c60fe01e77c,direct,octree_nfcount,flyby,2,99,99,0.9864640236,0.1566720009,1.144351959,1.151918,1,0,-1,33745,29527,16,16,10992,37.22694483,17.34012937,512002,0,512002,33745
v2,ea89b79a9dfd35df20fed759e6d15c60fe01e77c,direct,octree_nfcount,flyby,2,100,100,0.9581120014,0.1630399972,1.122431993,1.129609,1,0,-1,33713,29499,16,16,10893,36.92667548,17.35658836,512002,0,512002,33713
v2,ea89b79a9dfd35df20fed759e6d15c60fe01e77c,direct,octree_nfcount,flyby,2,101,101,0.965824008,0.1637759954,1.130815983,1.137542,1,0,-1,33649,29443,16,16,10772,36.58594573,17.38960024,512002,0,512002,33649
v2,ea89b79a9dfd35df20fed759e6d15c60fe01e77c,direct,octree_nfcount,flyby,2,102,102,0.9572479725,0.1616639942,1.120447993,1.127353,1,0,-1,33489,29303,16,16,10591,36.14305702,17.47268198,512002,0,512002,33489
v2,ea89b79a9dfd35df20fed759e6d15c60fe01e77c,direct,octree_nfcount,flyby,2,103,103,0.9571200013,0.1568640023,1.115200043,1.120662,1,0,-1,33753,29534,16,16,10733,36.34116611,17.3360195,512002,0,512002,33753
v2,ea89b79a9dfd35df20fed759e6d15c60fe01e77c,direct,octree_nfcount,flyby,2,104,104,0.979551971,0.1534080058,1.134207964,1.141237,1,0,-1,34177,29905,16,16,11106,37.13760241,17.12094967,512002,0,512002,34177
v2,ea89b79a9dfd35df20fed759e6d15c60fe01e77c,direct,octree_nfcount,flyby,2,105,105,0.9700160027,0.1599040031,1.131135941,1.136896,1,0,-1,34001,29751,16,16,10741,36.10298813,17.20957279,512002,0,512002,34001
v2,ea89b79a9dfd35df20fed759e6d15c60fe01e77c,direct,octree_nfcount,flyby,2,106,106,0.9841279984,0.160927996,1.146271944,1.153918,1,0,-1,33873,29639,16,16,10755,36.28664935,17.27460441,512002,0,512002,33873
v2,ea89b79a9dfd35df20fed759e6d15c60fe01e77c,direct,octree_nfcount,flyby,2,107,107,0.9904639721,0.1575679928,1.149248004,1.15666,1,0,-1,33937,29695,16,16,10889,36.66947298,17.24202728,512002,0,512002,33937
v2,ea89b79a9dfd35df20fed759e6d15c60fe01e77c,direct,octree_nfcount,flyby,2,108,108,0.9786239862,0.1647679955,1.144639969,1.152213,1,0,-1,33785,29562,16,16,10730,36.29659698,17.31959949,512002,0,512002,33785
v2,ea89b79a9dfd35df20fed759e6d15c60fe01e77c,direct,octree_nfcount,flyby,2,109,109,0.970080018,0.1636800021,1.135007977,1.142869,1,0,-1,33833,29604,16,16,10547,35.62694231,17.2950277,512002,0,512002,33833
v2,ea89b79a9dfd35df20fed759e6d15c60fe01e77c,direct,octree_nfcount,flyby,2,110,110,1.095199943,0.1615999937,1.25801599,1.265944,1,0,-1,33913,29674,16,16,10754,36.24047988,17.25422929,512002,0,512002,33913
v2,ea89b79a9dfd35df20fed759e6d15c60fe01e77c,direct,octree_nfcount,flyby,2,111,111,0.963711977,0.1597120017,1.124639988,1.132209,1,0,-1,33833,29604,16,16,10656,35.99513579,17.2950277,512002,0,512002,33833
v2,ea89b79a9dfd35df20fed759e6d15c60fe01e77c,direct,octree_nfcount,flyby,2,112,112,1.092479944,0.1607359946,1.254431963,1.262376,1,0,-1,33705,29492,16,16,10491,35.57235861,17.36070799,512002,0,512002,33705
v2,ea89b79a9dfd35df20fed759e6d15c60fe01e77c,direct,octree_nfcount,flyby,2,113,113,0.9843519926,0.1635199934,1.149088025,1.156772,1,0,-1,33753,29534,16,16,10577,35.81296133,17.3360195,512002,0,512002,33753
v2,ea89b79a9dfd35df20fed759e6d15c60fe01e77c,direct,octree_nfcount,flyby,2,114,114,0.9891520143,0.162560001,1.152927995,1.161089,1,0,-1,33993,29744,16,16,10637,35.76183432,17.21362292,512002,0,512002,33993
v2,ea89b79a9dfd35df20fed759e6d15c60fe01e77c,direct,octree_nfcount,flyby,2,115,115,0.972127974,0.162688002,1.136031985,1.143532,1,0,-1,33745,29527,16,16,10446,35.37778982,17.34012937,512002,0,512002,33745
v2,ea89b79a9dfd35df20fed759e6d15c60fe01e77c,direct,octree_nfcount,flyby,2,116,116,0.9799360037,0.1556479931,1.136831999,1.144975,1,0,-1,33849,29618,16,16,10536,35.57296239,17.28685259,512002,0,512002,33849
v2,ea89b79a9dfd35df20fed759e6d15c60fe01e77c,direct,octree_nfcount,flyby,2,117,117,1.102656007,0.1618559957,1.265727997,1.273288,1,0,-1,34065,29807,16,16,10710,35.93115711,17.17724025,512002,0,512002,34065
v2,ea89b79a9dfd35df20fed759e6d15c60fe01e77c,direct,octree_nfcount,flyby,2,118,118,0.9883520007,0.155392006,1.144960046,1.152815,1,0,-1,33873,29639,16,16,10620,35.83116839,17.27460441,512002,0,512002,33873
v2,ea89b79a9dfd35df20fed759e6d15c60fe01e77c,direct,octree_nfcount,flyby,2,119,119,0.9677760005,0.1678719968,1.136896014,1.14442,1,0,-1,33817,29590,16,16,10560,35.68773234,17.30321054,512002,0,512002,33817
v2,ea89b79a9dfd35df20fed759e6d15c60fe01e77c,direct,octree_nfcount,flyby,2,120,120,0.992223978,0.1596480012,1.153120041,1.160824,1,0,-1,33905,29667,16,16,10591,35.69959888,17.25830047,512002,0,512002,33905
v2,ea89b79a9dfd35df20fed759e6d15c60fe01e77c,direct,octree_nfcount,flyby,2,121,121,0.9690240026,0.157792002,1.128031969,1.135559,1,0,-1,33977,29730,16,16,10591,35.62394887,17.22172889,512002,0,512002,33977
v2,ea89b79a9dfd35df20fed759e6d15c60fe01e77c,direct,octree_nfcount,flyby,2,122,122,1.102687955,0.1589439958,1.262879968,1.27005,1,0,-1,33833,29604,16,16,10423,35.20807999,17.2950277,512002,0,512002,33833
v2,ea89b79a9dfd35df20fed759e6d15c60fe01e77c,direct,octree_nfcount,flyby,2,123,123,1.004799962,0.1575040072,1.163519979,1.170957,1,0,-1,34081,29821,16,16,10633,35.65608129,17.16917608,512002,0,512002,34081
v2,ea89b79a9dfd35df20fed759e6d15c60fe01e77c,direct,octree_nfcount,flyby,2,124,124,0.9882240295,0.153888002,1.143360019,1.150292,1,0,-1,34025,29772,16,16,10572,35.50987505,17.19743383,512002,0,512002,34025
v2,ea89b79a9dfd35df20fed759e6d15c60fe01e77c,direct,octree_nfcount,flyby,2,125,125,1.099328041,0.1598400027,1.260383964,1.268029,1,0,-1,33969,29723,16,16,10562,35.53477105,17.22578475,512002,0,512002,33969
v2,ea89b79a9dfd35df20fed759e6d15c60fe01e77c,direct,octree_nfcount,flyby,2,126,126,0.9822080135,0.1608960032,1.144287944,1.151753,1,0,-1,34161,29891,16,16,10564,35.34174166,17.12896859,512002,0,512002,34161
v2,ea89b79a9dfd35df20fed759e6d15c60fe01e77c,direct,octree_nfcount,flyby,2,127,127,0.9671999812,0.1595200002,1.127967954,1.134919,1,0,-1,33801,29576,16,16,10352,35.00135245,17.31140114,512002,0,512002,33801
v2,ea89b79a9dfd35df20fed759e6d15c60fe01e77c,direct,octree_nfcount,flyby,2,128,128,0.9740160108,0.155392006,1.130656004,1.138762,1,0,-1,33761,29541,16,16,10309,34.89726143,17.33191158,512002,0,512002,33761
v2,ea89b79a9dfd35df20fed759e6d15c60fe01e77c,direct,octree_nfcount,flyby,2,129,129,1.123679996,0.1614080071,1.286368012,1.293773,1,0,-1,33921,29681,16,16,10359,34.90111519,17.25016004,512002,0,512002,33921
v2,ea89b79a9dfd35df20fed759e6d15c60fe01e77c,direct,octree_nfcount,flyby,2,130,130,0.971487999,0.1597120017,1.13241601,1.139836,1,0,-1,33609,29408,16,16,10176,34.60282916,17.41029652,512002,0,512002,33609
v2,ea89b79a9dfd35df20fed759e6d15c60fe01e77c,direct,octree_nfcount,flyby,2,131,131,1.09679997,0.1587840021,1.256863952,1.263973,1,0,-1,33649,29443,16,16,10189,34.60584859,17.38960024,512002,0,512002,33649
v2,ea89b79a9dfd35df20fed759e6d15c60fe01e77c,direct,octree_nfcount,flyby,2,132,132,0.9716479778,0.1608639956,1.133856058,1.141032,1,0,-1,33889,29653,16,16,10220,34.46531548,17.26644859,512002,0,512002,33889
v2,ea89b79a9dfd35df20fed759e6d15c60fe01e77c,direct,octree_nfcount,flyby,2,133,133,0.8455359936,0.1577280015,1.004480004,1.011208,1,0,-1,33673,29464,16,16,9888,33.55959815,17.37720608,512002,0,512002,33673
v2,ea89b79a9dfd35df20fed759e6d15c60fe01e77c,direct,octree_nfcount,flyby,2,134,134,1.100031972,0.1596480012,1.260895967,1.269328,1,0,-1,33737,29520,16,16,10111,34.25135501,17.34424119,512002,0,512002,33737
v2,ea89b79a9dfd35df20fed759e6d15c60fe01e77c,direct,octree_nfcount,flyby,2,135,135,0.9765440226,0.1616639942,1.139423966,1.147086,1,0,-1,33753,29534,16,16,10115,34.24866256,17.3360195,512002,0,512002,33753
v2,ea89b79a9dfd35df20fed759e6d15c60fe01e77c,direct,octree_nfcount,flyby,2,136,136,0.9658880234,0.1595840007,1.126719952,1.13422,1,0,-1,33849,29618,16,16,10101,34.10426092,17.28685259,512002,0,512002,33849
v2,ea89b79a9dfd35df20fed759e6d15c60fe01e77c,direct,octree_nfcount,flyby,2,137,137,1.102687955,0.1595840007,1.263488054,1.271063,1,0,-1,33769,29548,16,16,10083,34.124137,17.3278056,512002,0,512002,33769
v2,ea89b79a9dfd35df20fed759e6d15c60fe01e77c,direct,octree_nfcount,flyby,2,138,138,0.9652799964,0.1544319987,1.120959997,1.128689,1,0,-1,33889,29653,16,16,9954,33.56827302,17.26644859,512002,0,512002,33889
v2,ea89b79a9dfd35df20fed759e6d15c60fe01e77c,direct,octree_nfcount,flyby,2,139,139,1.087391973,0.1567360014,1.245344043,1.253184,1,0,-1,33897,29660,16,16,10133,34.16385705,17.26237357,512002,0,512002,33897
v2,ea89b79a9dfd35df20fed759e6d15c60fe01e77c,direct,octree_nfcount,flyby,2,140,140,0.9788159728,0.1576959938,1.137727976,1.145488,1,0,-1,33777,29555,16,16,10149,34.33936728,17.32370157,512002,0,512002,33777
v2,ea89b79a9dfd35df20fed759e6d15c60fe01e77c,direct,octree_nfcount,flyby,2,141,141,0.9740800261,0.1607680023,1.136064053,1.144337,1,0,-1,34001,29751,16,16,10004,33.62576048,17.20957279,512002,0,512002,34001
v2,ea89b79a9dfd35df20fed759e6d15c60fe01e77c,direct,octree_nfcount,flyby,2,142,142,0.9872639775,0.1617279947,1.150207996,1.157465,1,0,-1,33969,29723,16,16,10122,34.05443596,17.22578475,512002,0,512002,33969
v2,ea89b79a9dfd35df20fed759e6d15c60fe01e77c,direct,octree_nfcount,flyby,2,143,143,0.9774079919,0.1637759954,1.142400026,1.149308,1,0,-1,34009,29758,16,16,10077,33.86316285,17.20552456,512002,0,512002,34009
v2,ea89b79a9dfd35df20fed759e6d15c60fe01e77c,direct,octree_nfcount,flyby,2,144,144,0.9539840221,0.1557119936,1.111039996,1.1179,1,0,-1,33593,29394,16,16,9857,33.53405457,17.41858883,512002,0,512002,33593
v2,ea89b79a9dfd35df20fed759e6d15c60fe01e77c,direct,octree_nfcount,flyby,2,145,145,0.9832000136,0.160927996,1.145375967,1.152418,1,0,-1,33497,29310,16,16,9793,33.41180484,17.46850904,512002,0,512002,33497
v2,ea89b79a9dfd35df20fed759e6d15c60fe01e77c,direct,octree_nfcount,flyby,2,146,146,1.100736022,0.1598400027,1.261791945,1.269635,1,0,-1,33313,29149,16,16,9613,32.97883289,17.56499365,512002,0,512002,33313
v2,ea89b79a9dfd35df20fed759e6d15c60fe01e77c,direct,octree_nfcount,flyby,2,147,147,0.9737920165,0.1568000019,1.131808043,1.137677,1,0,-1,33233,29079,16,16,9677,33.27831081,17.60727673,512002,0,512002,33233
v2,ea89b79a9dfd35df20fed759e6d15c60fe01e77c,direct,octree_nfcount,flyby,2,148,148,1.083775997,0.1596159935,1.244608045,1.252674,1,0,-1,33401,29226,16,16,9799,33.52836515,17.51871621,512002,0,512002,33401
v2,ea89b79a9dfd35df20fed759e6d15c60fe01e77c,direct,octree_nfcount,flyby,2,149,149,0.954144001,0.1557119936,1.111071944,1.119131,1,0,-1,33177,29030,16,16,9626,33.15880124,17.63699621,512002,0,512002,33177
v2,ea89b79a9dfd35df20fed759e6d15c60fe01e77c,direct,octree_nfcount,flyby,2,150,150,0.9663040042,0.1617279947,1.129279971,1.136555,1,0,-1,33481,29296,16,16,9867,33.68036592,17.47685691,512002,0,512002,33481
v2,ea89b79a9dfd35df20fed759e6d15c60fe01e77c,direct,octree_nfcount,flyby,2,151,151,0.971840024,0.1609600037,1.134016037,1.14122,1,0,-1,33761,29541,16,16,9868,33.40442097,17.33191158,512002,0,512002,33761
v2,ea89b79a9dfd35df20fed759e6d15c60fe01e77c,direct,octree_nfcount,flyby,2,152,152,0.9866560102,0.162560001,1.150464058,1.157676,1,0,-1,33665,29457,16,16,9890,33.57436263,17.38133551,512002,0,512002,33665
v2,ea89b79a9dfd35df20fed759e6d15c60fe01e77c,direct,octree_nfcount,flyby,2,153,153,0.9788159728,0.1584960073,1.138527989,1.146036,1,0,-1,33601,29401,16,16,9824,33.41382946,17.41444169,512002,0,512002,33601
v2,ea89b79a9dfd35df20fed759e6d15c60fe01e77c,direct,octree_nfcount,flyby,2,154,154,0.9607359767,0.1554560065,1.117408037,1.124923,1,0,-1,33545,29352,16,16,9776,33.30607795,17.44351322,512002,0,512002,33545
v2,ea89b79a9dfd35df20fed759e6d15c60fe01e77c,direct,octree_nfcount,flyby,2,155,155,0.9614719748,0.1637759954,1.126464009,1.133818,1,0,-1,33425,29247,16,16,9746,33.32307587,17.50613738,512002,0,512002,33425
v2,ea89b79a9dfd35df20fed759e6d15c60fe01e77c,direct,octree_nfcount,flyby,2,156,156,0.9635199904,0.1616320014,1.126368046,1.134296,1,0,-1,33401,29226,16,16,9684,33.1348799,17.51871621,512002,0,512002,33401
v2,ea89b79a9dfd35df20fed759e6d15c60fe01e77c,direct,octree_nfcount,flyby,2,157,157,0.9642239809,0.1535679996,1.119040012,1.126515,1,0,-1,33425,29247,16,16,9708,33.19314802,17.50613738,512002,0,512002,33425
v2,ea89b79a9dfd35df20fed759e6d15c60fe01e77c,direct,octree_nfcount,flyby,2,158,158,0.9828159809,0.157407999,1.141471982,1.148963,1,0,-1,33841,29611,16,16,9784,33.04177502,17.29093918,512002,0,512002,33841
v2,ea89b79a9dfd35df20fed759e6d15c60fe01e77c,direct,octree_nfcount,flyby,2,159,159,0.9614080191,0.1575040072,1.120159984,1.127969,1,0,-1,33617,29415,16,16,9593,32.61261261,17.40615332,512002,0,512002,33617
v2,ea89b79a9dfd35df20fed759e6d15c60fe01e77c,direct,octree_nfcount,flyby,2,160,160,1.102784038,0.1556800008,1.259680033,1.267174,1,0,-1,33361,29191,16,16,9517,32.60251447,17.53972115,512002,0,512002,33361
v2,ea89b79a9dfd35df20fed759e6d15c60fe01e77c,direct,octree_nfcount,flyby,2,161,161,1.112640023,0.1558080018,1.269664049,1.277298,1,0,-1,33521,29331,16,16,9574,32.64123283,17.45600218,512002,0,512002,33521
v2,ea89b79a9dfd35df20fed759e6d15c60fe01e77c,direct,octree_nfcount,flyby,2,162,162,1.229823947,0.1554239988,1.386464,1.393976,1,0,-1,33497,29310,16,16,9517,32.47014671,17.46850904,512002,0,512002,33497
v2,ea89b79a9dfd35df20fed759e6d15c60fe01e77c,direct,octree_nfcount,flyby,2,163,163,0.9697600007,0.1574400067,1.12857604,1.135608,1,0,-1,33985,29737,16,16,9688,32.57894206,17.21767495,512002,0,512002,33985
v2,ea89b79a9dfd35df20fed759e6d15c60fe01e77c,direct,octree_nfcount,flyby,2,164,164,0.8394880295,0.1617600024,1.002496004,1.010046,1,0,-1,33489,29303,16,16,9481,32.35504897,17.47268198,512002,0,512002,33489
v2,ea89b79a9dfd35df20fed759e6d15c60fe01e77c,direct,octree_nfcount,flyby,2,165,165,0.9685119987,0.1584320068,1.128191948,1.135466,1,0,-1,33369,29198,16,16,9544,32.68717035,17.53551613,512002,0,512002,33369
v2,ea89b79a9dfd35df20fed759e6d15c60fe01e77c,direct,octree_nfcount,flyby,2,166,166,0.9748479724,0.1598719954,1.135936022,1.143228,1,0,-1,33649,29443,16,16,9576,32.52385966,17.38960024,512002,0,512002,33649
v2,ea89b79a9dfd35df20fed759e6d15c60fe01e77c,direct,octree_nfcount,flyby,2,167,167,0.9805439711,0.1615359932,1.143296003,1.150478,1,0,-1,33745,29527,16,16,9536,32.2958648,17.34012937,512002,0,512002,33745
v2,ea89b79a9dfd35df20fed759e6d15c60fe01e77c,direct,octree_nfcount,flyby,2,168,168,0.9816319942,0.1657599956,1.148607969,1.156458,1,0,-1,33609,29408,16,16,9508,32.33133841,17.41029652,512002,0,512002,33609
v2,ea89b79a9dfd35df20fed759e6d15c60fe01e77c,direct,octree_nfcount,flyby,2,169,169,0.8471999764,0.1617600024,1.010208011,1.018341,1,0,-1,33745,29527,16,16,9467,32.06218038,17.34012937,512002,0,512002,33745
v2,ea89b79a9dfd35df20fed759e6d15c60fe01e77c,direct,octree_nfcount,flyby,2,170,170,0.9805439711,0.1603839993,1.142176032,1.149999,1,0,-1,33681,29471,16,16,9585,32.52349768,17.37307862,512002,0,512002,33681
v2,ea89b79a9dfd35df20fed759e6d15c60fe01e77c,direct,octree_nfcount,flyby,2,171,171,0.9737280011,0.1599040031,1.134847999,1.142279,1,0,-1,33769,29548,16,16,9540,32.28644917,17.3278056,512002,0,512002,33769
v2,ea89b79a9dfd35df20fed759e6d15c60fe01e77c,direct,octree_nfcount,flyby,2,172,172,0.9798399806,0.1564159989,1.137503982,1.145157,1,0,-1,33809,29583,16,16,9426,31.86289423,17.30730487,512002,0,512002,33809
v2,ea89b79a9dfd35df20fed759e6d15c60fe01e77c,direct,octree_nfcount,flyby,2,173,173,0.9863680005,0.159551993,1.14716804,1.154631,1,0,-1,33745,29527,16,16,9442,31.97751211,17.34012937,512002,0,512002,33745
v2,ea89b79a9dfd35df20fed759e6d15c60fe01e77c,direct,octree_nfcount,flyby,2,174,174,0.8408640027,0.1577280015,0.9998080134,1.007483,1,0,-1,33537,29345,16,16,9356,31.8827739,17.44767422,512002,0,512002,33537
v2,ea89b79a9dfd35df20fed759e6d15c60fe01e77c,direct,octree_nfcount,flyby,2,175,175,0.9844480157,0.1565439999,1.14220798,1.150074,1,0,-1,33465,29282,16,16,9404,32.11529267,17.48521276,512002,0,512002,33465
v2,ea89b79a9dfd35df20fed759e6d15c60fe01e77c,direct,octree_nfcount,flyby,2,176,176,0.9770560265,0.1588159949,1.137087941,1.145052,1,0,-1,33393,29219,16,16,9278,31.7533112,17.52291317,512002,0,512002,33393
v2,ea89b79a9dfd35df20fed759e6d15c60fe01e77c,direct,octree_nfcount,flyby,2,177,177,0.9687680006,0.1588159949,1.128800035,1.135163,1,0,-1,33417,29240,16,16,9391,32.11696306,17.51032832,512002,0,512002,33417
v2,ea89b79a9dfd35df20fed759e6d15c60fe01e77c,direct,octree_nfcount,flyby,2,178,178,0.9752320051,0.1557119936,1.132159948,1.140343,1,0,-1,33425,29247,16,16,9330,31.90070776,17.50613738,512002,0,512002,33425
v2,ea89b79a9dfd35df20fed759e6d15c60fe01e77c,direct,octree_nfcount,flyby,2,179,179,0.8274559975,0.1577280015,0.9864320159,0.993873,1,0,-1,33329,29163,16,16,9177,31.46795597,17.5565614,512002,0,512002,33329
v2,ea89b79a9dfd35df20fed759e6d15c60fe01e77c,direct,octree_nfcount,flyby,2,180,180,0.9726719856,0.1566399932,1.130527973,1.137954,1,0,-1,33553,29359,16,16,9334,31.79263599,17.4393542,512002,0,512002,33553
v2,ea89b79a9dfd35df20fed759e6d15c60fe01e77c,direct,octree_nfcount,flyby,2,181,181,1.093567967,0.1555519998,1.250336051,1.258284,1,0,-1,33537,29345,16,16,9265,31.57266996,17.44767422,512002,0,512002,33537
v2,ea89b79a9dfd35df20fed759e6d15c60fe01e77c,direct,octree_nfcount,flyby,2,182,182,0.9740160108,0.157792002,1.133023977,1.139373,1,0,-1,33729,29513,16,16,9393,31.82665266,17.34835496,512002,0,512002,33729
v2,ea89b79a9dfd35df20fed759e6d15c60fe01e77c,direct,octree_nfcount,flyby,2,183,183,1.088544011,0.1548160017,1.244608045,1.250228,1,0,-1,33457,29275,16,16,9144,31.23484202,17.48939368,512002,0,512002,33457
v2,ea89b79a9dfd35df20fed759e6d15c60fe01e77c,direct,octree_nfcount,flyby,2,184,184,0.9631999731,0.1535360068,1.117984056,1.125629,1,0,-1,33537,29345,16,16,9328,31.7873573,17.44767422,512002,0,512002,33537
v2,ea89b79a9dfd35df20fed759e6d15c60fe01e77c,direct,octree_nfcount,flyby,2,185,185,0.9581440091,0.1556479931,1.115007997,1.122479,1,0,-1,33505,29317,16,16,9439,32.1963366,17.4643381,512002,0,512002,33505
v2,ea89b79a9dfd35df20fed759e6d15c60fe01e77c,direct,octree_nfcount,flyby,2,186,186,0.9923520088,0.1555519998,1.149119973,1.157849,1,0,-1,33401,29226,16,16,9245,31.63279272,17.51871621,512002,0,512002,33401
v2,ea89b79a9dfd35df20fed759e6d15c60fe01e77c,direct,octree_nfcount,flyby,2,187,187,0.9714559913,0.1615680009,1.134207964,1.142715,1,0,-1,33553,29359,16,16,9383,31.95953541,17.4393542,512002,0,512002,33553
v2,ea89b79a9dfd35df20fed759e6d15c60fe01e77c,direct,octree_nfcount,flyby,2,188,188,0.9577280283,0.1584320068,1.11737597,1.125914,1,0,-1,33521,29331,16,16,9211,31.40363438,17.45600218,512002,0,512002,33521
v2,ea89b79a9dfd35df20fed759e6d15c60fe01e77c,direct,octree_nfcount,flyby,2,189,189,0.96707201,0.1617919952,1.130048037,1.137839,1,0,-1,33369,29198,16,16,9273,31.75902459,17.53551613,512002,0,512002,33369
v2,ea89b79a9dfd35df20fed759e6d15c60fe01e77c,direct,octree_nfcount,flyby,2,190,190,0.9833920002,0.1565759927,1.141183972,1.149278,1,0,-1,33449,29268,16,16,9212,31.47464808,17.4935766,512002,0,512002,33449
v2,ea89b79a9dfd35df20fed759e6d15c60fe01e77c,direct,octree_nfcount,flyby,2,191,191,0.9715520144,0.1597760022,1.132575989,1.139892,1,0,-1,33281,29121,16,16,9093,31.22488926,17.58188249,512002,0,512002,33281
v2,ea89b79a9dfd35df20fed759e6d15c60fe01e77c,direct,octree_nfcount,flyby,2,192,192,0.9679999948,0.1616320014,1.13084805,1.138465,1,0,-1,33441,29261,16,16,9180,31.37281706,17.49776153,512002,0,512002,33441
v2,ea89b79a9dfd35df20fed759e6d15c60fe01e77c,direct,octree_nfcount,flyby,2,193,193,0.8580160141,0.1594880074,1.018720031,1.026252,1,0,-1,33369,29198,16,16,9133,31.27953969,17.53551613,512002,0,512002,33369
v2,ea89b79a9dfd35df20fed759e6d15c60fe01e77c,direct,octree_nfcount,flyby,2,194,194,0.9688640237,0.1594880074,1.129696012,1.136698,1,0,-1,33297,29135,16,16,9121,31.30598936,17.57343401,512002,0,512002,33297
v2,ea89b79a9dfd35df20fed759e6d15c60fe01e77c,direct,octree_nfcount,flyby,2,195,195,0.9738240242,0.1552000046,1.130272031,1.13751,1,0,-1,33233,29079,16,16,9088,31.25279411,17.60727673,512002,0,512002,33233
v2,ea89b79a9dfd35df20fed759e6d15c60fe01e77c,direct,octree_nfcount,flyby,2,196,196,0.9770560265,0.1552000046,1.133471966,1.141183,1,0,-1,33537,29345,16,16,9330,31.79417277,17.44767422,512002,0,512002,33537
v2,ea89b79a9dfd35df20fed759e6d15c60fe01e77c,direct,octree_nfcount,flyby,2,197,197,0.8299840093,0.1556160003,0.986815989,0.994022,1,0,-1,33481,29296,16,16,9301,31.74836155,17.47685691,512002,0,512002,33481
v2,ea89b79a9dfd35df20fed759e6d15c60fe01e77c,direct,octree_nfcount,flyby,2,198,198,0.9704959989,0.1636479944,1.135360003,1.142804,1,0,-1,33489,29303,16,16,9319,31.80220455,17.47268198,512002,0,512002,33489
v2,ea89b79a9dfd35df20fed759e6d15c60fe01e77c,direct,octree_nfcount,flyby,2,199,199,1.103072047,0.1557119936,1.260032058,1.267209,1,0,-1,33465,29282,16,16,9271,31.66108872,17.48521276,512002,0,512002,33465
v2,ea89b79a9dfd35df20fed759e6d15c60fe01e77c,direct,octree_nfcount,flyby,2,200,200,0.9691519737,0.1569280028,1.127328038,1.134332,1,0,-1,33593,29394,16,16,9316,31.6935429,17.41858883,512002,0,512002,33593
v2,ea89b79a9dfd35df20fed759e6d15c60fe01e77c,direct,octree_nfcount,flyby,2,201,201,1.114752054,0.1556800008,1.271648049,1.277498,1,0,-1,33633,29429,16,16,9288,31.56070543,17.39787285,512002,0,512002,33633
v2,ea89b79a9dfd35df20fed759e6d15c60fe01e77c,direct,octree_nfcount,flyby,2,202,202,0.9637759924,0.1567039937,1.121727943,1.128929,1,0,-1,33873,29639,16,16,9267,31.26623705,17.27460441,512002,0,512002,33873
v2,ea89b79a9dfd35df20fed759e6d15c60fe01e77c,direct,octree_nfcount,flyby,2,203,203,0.9854080081,0.1555839926,1.142240047,1.149502,1,0,-1,33617,29415,16,16,9315,31.66751657,17.40615332,512002,0,512002,33617
v2,ea89b79a9dfd35df20fed759e6d15c60fe01e77c,direct,octree_nfcount,flyby,2,204,204,1.109823942,0.158912003,1.269984007,1.277706,1,0,-1,33641,29436,16,16,9223,31.33238212,17.39373556,512002,0,512002,33641
v2,ea89b79a9dfd35df20fed759e6d15c60fe01e77c,direct,octree_nfcount,flyby,2,205,205,0.9706559777,0.160927996,1.132799983,1.140094,1,0,-1,33841,29611,16,16,9431,31.84965047,17.29093918,512002,0,512002,33841
v2,ea89b79a9dfd35df20fed759e6d15c60fe01e77c,direct,octree_nfcount,flyby,2,206,206,0.9564160109,0.1619839966,1.11964798,1.127398,1,0,-1,33681,29471,16,16,9305,31.57341115,17.37307862,512002,0,512002,33681
v2,ea89b79a9dfd35df20fed759e6d15c60fe01e77c,direct,octree_nfcount,flyby,2,207,207,1.090016007,0.1608960032,1.252128005,1.257907,1,0,-1,33833,29604,16,16,9480,32.02269964,17.2950277,512002,0,512002,33833
v2,ea89b79a9dfd35df20fed759e6d15c60fe01e77c,direct,octree_nfcount,flyby,2,208,208,0.9774399996,0.1552640051,1.133919954,1.140878,1,0,-1,33817,29590,16,16,9404,31.7810071,17.30321054,512002,0,512002,33817
v2,ea89b79a9dfd35df20fed759e6d15c60fe01e77c,direct,octree_nfcount,flyby,2,209,209,0.968576014,0.1630080044,1.13283205,1.139555,1,0,-1,33713,29499,16,16,9304,31.54005221,17.35658836,512002,0,512002,33713
v2,ea89b79a9dfd35df20fed759e6d15c60fe01e77c,direct,octree_nfcount,flyby,2,210,210,0.9712960124,0.154655993,1.127168059,1.134807,1,0,-1,33761,29541,16,16,9288,31.44104803,17.33191158,512002,0,512002,33761
v2,ea89b79a9dfd35df20fed759e6d15c60fe01e77c,direct,octree_nfcount,flyby,2,211,211,0.8332160115,0.1608320028,0.9983040094,1.004599,1,0,-1,33553,29359,16,16,9173,31.24425219,17.4393542,512002,0,512002,33553
v2,ea89b79a9dfd35df20fed759e6d15c60fe01e77c,direct,octree_nfcount,flyby,2,212,212,1.098304033,0.1607999951,1.260352015,1.267218,1,0,-1,33601,29401,16,16,9230,31.39349002,17.41444169,512002,0,512002,33601
v2,ea89b79a9dfd35df20fed759e6d15c60fe01e77c,direct,octree_nfcount,flyby,2,213,213,0.9703999758,0.1578560024,1.129472017,1.136793,1,0,-1,33481,29296,16,16,9234,31.51966139,17.47685691,512002,0,512002,33481
v2,ea89b79a9dfd35df20fed759e6d15c60fe01e77c,direct,octree_nfcount,flyby,2,214,214,1.109503984,0.1605439931,1.271263957,1.278529,1,0,-1,33705,29492,16,16,9321,31.60518107,17.36070799,512002,0,512002,33705
v2,ea89b79a9dfd35df20fed759e6d15c60fe01e77c,direct,octree_nfcount,flyby,2,215,215,0.9642879963,0.1552319974,1.120736003,1.128242,1,0,-1,33617,29415,16,16,9205,31.29355771,17.40615332,512002,0,512002,33617
v2,ea89b79a9dfd35df20fed759e6d15c60fe01e77c,direct,octree_nfcount,flyby,2,216,216,0.976639986,0.157536,1.135391951,1.143144,1,0,-1,33881,29646,16,16,9402,31.71422789,17.27052553,512002,0,512002,33881
v2,ea89b79a9dfd35df20fed759e6d15c60fe01e77c,direct,octree_nfcount,flyby,2,217,217,1.098976016,0.1557119936,1.255936027,1.263106,1,0,-1,33745,29527,16,16,9249,31.32387307,17.34012937,512002,0,512002,33745
v2,ea89b79a9dfd35df20fed759e6d15c60fe01e77c,direct,octree_nfcount,flyby,2,218,218,0.9919999838,0.1617279947,1.154943943,1.162096,1,0,-1,33801,29576,16,16,9333,31.55599134,17.31140114,512002,0,512002,33801
v2,ea89b79a9dfd35df20fed759e6d15c60fe01e77c,direct,octree_nfcount,flyby,2,219,219,0.9733120203,0.1535039991,1.128031969,1.135362,1,0,-1,33817,29590,16,16,9308,31.45657317,17.30321054,512002,0,512002,33817
v2,ea89b79a9dfd35df20fed759e6d15c60fe01e77c,direct,octree_nfcount,flyby,2,220,220,0.9740800261,0.1616320014,1.137055993,1.144391,1,0,-1,33561,29366,16,16,9197,31.31853164,17.43519717,512002,0,512002,33561
v2,ea89b79a9dfd35df20fed759e6d15c60fe01e77c,direct,octree_nfcount,flyby,2,221,221,0.971840024,0.1619520038,1.135007977,1.14168,1,0,-1,33849,29618,16,16,9387,31.69356472,17.28685259,512002,0,512002,33849
v2,ea89b79a9dfd35df20fed759e6d15c60fe01e77c,direct,octree_nfcount,flyby,2,222,222,0.9710720181,0.1568000019,1.129088044,1.135806,1,0,-1,33905,29667,16,16,9322,31.42211885,17.25830047,512002,0,512002,33905
v2,ea89b79a9dfd35df20fed759e6d15c60fe01e77c,direct,octree_nfcount,flyby,2,223,223,0.9936320186,0.1578560024,1.152799964,1.159891,1,0,-1,33873,29639,16,16,9312,31.41806404,17.27460441,512002,0,512002,33873
v2,ea89b79a9dfd35df20fed759e6d15c60fe01e77c,direct,octree_nfcount,flyby,2,224,224,0.8455680013,0.162688002,1.009472013,1.016678,1,0,-1,33657,29450,16,16,9102,30.90662139,17.38546689,512002,0,512002,33657
v2,ea89b79a9dfd35df20fed759e6d15c60fe01e77c,direct,octree_nfcount,flyby,2,225,225,0.981408,0.1586239934,1.141280055,1.148596,1,0,-1,34041,29786,16,16,9389,31.52152018,17.1893507,512002,0,512002,34041
v2,ea89b79a9dfd35df20fed759e6d15c60fe01e77c,direct,octree_nfcount,flyby,2,226,226,0.9726719856,0.1578879952,1.131808043,1.139535,1,0,-1,33681,29471,16,16,9064,30.7556581,17.37307862,512002,0,512002,33681
v2,ea89b79a9dfd35df20fed759e6d15c60fe01e77c,direct,octree_nfcount,flyby,2,227,227,0.9824000001,0.1536960006,1.137312055,1.14449,1,0,-1,33745,29527,16,16,9200,31.15792326,17.34012937,512002,0,512002,33745
v2,ea89b79a9dfd35df20fed759e6d15c60fe01e77c,direct,octree_nfcount,flyby,2,228,228,0.9630720019,0.1568959951,1.121183991,1.128161,1,0,-1,33889,29653,16,16,9059,30.55002866,17.26644859,512002,0,512002,33889
v2,ea89b79a9dfd35df20fed759e6d15c60fe01e77c,direct,octree_nfcount,flyby,2,229,229,0.9817280173,0.1617600024,1.144703984,1.152142,1,0,-1,33801,29576,16,16,9115,30.81890722,17.31140114,512002,0,512002,33801
v2,ea89b79a9dfd35df20fed759e6d15c60fe01e77c,direct,octree_nfcount,flyby,2,230,230,0.9867200255,0.1576000005,1.145568013,1.15301,1,0,-1,33945,29702,16,16,9118,30.69826948,17.23796377,512002,0,512002,33945
v2,ea89b79a9dfd35df20fed759e6d15c60fe01e77c,direct,octree_nfcount,flyby,2,231,231,0.9818239808,0.1567679942,1.139840007,1.147313,1,0,-1,34049,29793,16,16,9222,30.9535797,17.18531199,512002,0,512002,34049
v2,ea89b79a9dfd35df20fed759e6d15c60fe01e77c,direct,octree_nfcount,flyby,2,232,232,0.8414720297,0.1557759941,0.9984639883,1.006057,1,0,-1,34001,29751,16,16,9144,30.73510134,17.20957279,512002,0,512002,34001
v2,ea89b79a9dfd35df20fed759e6d15c60fe01e77c,direct,octree_nfcount,flyby,2,233,233,0.9790400267,0.1590079963,1.139263988,1.146276,1,0,-1,33945,29702,16,16,9191,30.94404417,17.23796377,512002,0,512002,33945
v2,ea89b79a9dfd35df20fed759e6d15c60fe01e77c,direct,octree_nfcount,flyby,2,234,234,0.9835199714,0.162816003,1.147552013,1.154918,1,0,-1,34265,29982,16,16,9202,30.69174838,17.07697952,512002,0,512002,34265
v2,ea89b79a9dfd35df20fed759e6d15c60fe01e77c,direct,octree_nfcount,flyby,2,235,235,1.004127979,0.1627199948,1.168063998,1.175733,1,0,-1,34161,29891,16,16,9175,30.69485798,17.12896859,512002,0,512002,34161
v2,ea89b79a9dfd35df20fed759e6d15c60fe01e77c,direct,octree_nfcount,flyby,2,236,236,0.9709439874,0.1578560024,1.130015969,1.136398,1,0,-1,34145,29877,16,16,9250,30.96027044,17.13699501,512002,0,512002,34145
v2,ea89b79a9dfd35df20fed759e6d15c60fe01e77c,direct,octree_nfcount,flyby,2,237,237,0.8460479975,0.1576319933,1.004927993,1.011216,1,0,-1,34017,29765,16,16,9029,30.33428523,17.20147825,512002,0,512002,34017
v2,ea89b79a9dfd35df20fed759e6d15c60fe01e77c,direct,octree_nfcount,flyby,2,238,238,0.9930559993,0.1599680036,1.154335976,1.161292,1,0,-1,34161,29891,16,16,9228,30.87216888,17.12896859,512002,0,512002,34161
v2,ea89b79a9dfd35df20fed759e6d15c60fe01e77c,direct,octree_nfcount,flyby,2,239,239,0.99247998,0.159551993,1.153247952,1.160344,1,0,-1,34161,29891,16,16,9090,30.41049145,17.12896859,512002,0,512002,34161
v2,ea89b79a9dfd35df20fed759e6d15c60fe01e77c,direct,octree_nfcount,flyby,2,240,240,0.9780799747,0.1588159949,1.138111949,1.145847,1,0,-1,34153,29884,16,16,9185,30.73551064,17.13298086,512002,0,512002,34153
v2,ea89b79a9dfd35df20fed759e6d15c60fe01e77c,direct,octree_nfcount,flyby,2,241,241,0.8321920037,0.1610240042,0.9944319725,1.000938,1,0,-1,34249,29968,16,16,9148,30.52589429,17.08495729,512002,0,512002,34249
v2,ea89b79a9dfd35df20fed759e6d15c60fe01e77c,direct,octree_nfcount,flyby,2,242,242,0.9827520251,0.1594559997,1.143424034,1.150468,1,0,-1,34137,29870,16,16,9176,30.71978574,17.14101105,512002,0,512002,34137
v2,ea89b79a9dfd35df20fed759e6d15c60fe01e77c,direct,octree_nfcount,flyby,2,243,243,0.9842240214,0.1597760022,1.145248055,1.15266,1,0,-1,34193,29919,16,16,9142,30.55583409,17.11293827,512002,0,512002,34193
v2,ea89b79a9dfd35df20fed759e6d15c60fe01e77c,direct,octree_nfcount,flyby,2,244,244,0.9925439954,0.1587519944,1.152511954,1.158055,1,0,-1,34417,30115,16,16,9288,30.8417732,17.00156068,512002,0,512002,34417
v2,ea89b79a9dfd35df20fed759e6d15c60fe01e77c,direct,octree_nfcount,flyby,2,245,245,0.8442559838,0.1604799926,1.006080031,1.012935,1,0,-1,34297,30010,16,16,9068,30.21659447,17.06104632,512002,0,512002,34297
v2,ea89b79a9dfd35df20fed759e6d15c60fe01e77c,direct,octree_nfcount,flyby,2,246,246,0.9808319807,0.159807995,1.141888022,1.14918,1,0,-1,34337,30045,16,16,9146,30.44100516,17.04117158,512002,0,512002,34337
v2,ea89b79a9dfd35df20fed759e6d15c60fe01e77c,direct,octree_nfcount,flyby,2,247,247,0.9855999947,0.1617919952,1.148607969,1.155976,1,0,-1,34057,29800,16,16,8981,30.13758389,17.18127517,512002,0,512002,34057
v2,ea89b79a9dfd35df20fed759e6d15c60fe01e77c,direct,octree_nfcount,flyby,2,248,248,0.9821439981,0.1588159949,1.14220798,1.149478,1,0,-1,34241,29961,16,16,9202,30.71326057,17.08894897,512002,0,512002,34241
v2,ea89b79a9dfd35df20fed759e6d15c60fe01e77c,direct,octree_nfcount,flyby,2,249,249,0.9845759869,0.1596480012,1.145439982,1.153019,1,0,-1,34377,30080,16,16,9254,30.76462766,17.02134309,512002,0,512002,34377
v2,ea89b79a9dfd35df20fed759e6d15c60fe01e77c,direct,octree_nfcount,flyby,2,250,250,0.9758719802,0.157407999,1.134528041,1.142161,1,0,-1,34441,30136,16,16,9301,30.86341917,16.9897133,512002,0,512002,34441
v2,ea89b79a9dfd35df20fed759e6d15c60fe01e77c,direct,octree_nfcount,flyby,2,251,251,0.9739519954,0.1597439945,1.135040045,1.142679,1,0,-1,34193,29919,16,16,9082,30.35529262,17.11293827,512002,0,512002,34193
v2,ea89b79a9dfd35df20fed759e6d15c60fe01e77c,direct,octree_nfcount,flyby,2,252,252,0.968479991,0.1618559957,1.132640004,1.139306,1,0,-1,34081,29821,16,16,9099,30.51205526,17.16917608,512002,0,512002,34081
v2,ea89b79a9dfd35df20fed759e6d15c60fe01e77c,direct,octree_nfcount,flyby,2,253,253,0.966719985,0.1627520025,1.130687952,1.137975,1,0,-1,34385,30087,16,16,9075,30.16252867,17.01738292,512002,0,512002,34385
v2,ea89b79a9dfd35df20fed759e6d15c60fe01e77c,direct,octree_nfcount,flyby,2,254,254,0.9836800098,0.1547520012,1.139647961,1.147254,1,0,-1,34385,30087,16,16,9173,30.48825074,17.01738292,512002,0,512002,34385
v2,ea89b79a9dfd35df20fed759e6d15c60fe01e77c,direct,octree_nfcount,flyby,2,255,255,0.9971839786,0.1576319933,1.156064034,1.16357,1,0,-1,34393,30094,16,16,9045,30.05582508,17.0134246,512002,0,512002,34393
v2,ea89b79a9dfd35df20fed759e6d15c60fe01e77c,direct,octree_nfcount,flyby,2,256,256,0.9945600033,0.1568959951,1.152768016,1.158615,1,0,-1,34505,30192,16,16,9108,30.16693164,16.95820085,512002,0,512002,34505
v2,ea89b79a9dfd35df20fed759e6d15c60fe01e77c,direct,octree_nfcount,flyby,2,257,257,0.9897599816,0.1566720009,1.147680044,1.155037,1,0,-1,34281,29996,16,16,9069,30.2340312,17.0690092,512002,0,512002,34281
v2,ea89b79a9dfd35df20fed759e6d15c60fe01e77c,direct,octree_nfcount,flyby,2,258,258,0.965215981,0.1577599943,1.124191999,1.13113,1,0,-1,34225,29947,16,16,9066,30.27348315,17.09693792,512002,0,512002,34225
v2,ea89b79a9dfd35df20fed759e6d15c60fe01e77c,direct,octree_nfcount,flyby,2,259,259,0.981055975,0.1555519998,1.137824059,1.145714,1,0,-1,34433,30129,16,16,9189,30.49885492,16.99366059,512002,0,512002,34433
v2,ea89b79a9dfd35df20fed759e6d15c60fe01e77c,direct,octree_nfcount,flyby,2,260,260,0.9825919867,0.1554879993,1.139296055,1.146572,1,0,-1,34193,29919,16,16,9051,30.25167953,17.11293827,512002,0,512002,34193
v2,ea89b79a9dfd35df20fed759e6d15c60fe01e77c,direct,octree_nfcount,flyby,2,261,261,0.9882240295,0.1597760022,1.149216056,1.155858,1,0,-1,34545,30227,16,16,9124,30.184934,16.93856486,512002,0,512002,34545
v2,ea89b79a9dfd35df20fed759e6d15c60fe01e77c,direct,octree_nfcount,flyby,2,262,262,0.8647040129,0.1624639928,1.02838397,1.036543,1,0,-1,34305,30017,16,16,9107,30.3394743,17.05706766,512002,0,512002,34305
v2,ea89b79a9dfd35df20fed759e6d15c60fe01e77c,direct,octree_nfcount,flyby,2,263,263,0.9875839949,0.1597760022,1.148671985,1.15487,1,0,-1,34137,29870,16,16,9007,30.15400067,17.14101105,512002,0,512002,34137
v2,ea89b79a9dfd35df20fed759e6d15c60fe01e77c,direct,octree_nfcount,flyby,2,264,264,0.981151998,0.1617919952,1.144160032,1.151578,1,0,-1,34249,29968,16,16,9046,30.18553123,17.08495729,512002,0,512002,34249
v2,ea89b79a9dfd35df20fed759e6d15c60fe01e77c,direct,octree_nfcount,flyby,2,265,265,0.98566401,0.1608320028,1.147711992,1.154057,1,0,-1,34041,29786,16,16,8960,30.08124622,17.1893507,512002,0,512002,34041
v2,ea89b79a9dfd35df20fed759e6d15c60fe01e77c,direct,octree_nfcount,flyby,2,266,266,0.8361600041,0.1588159949,0.9962239861,1.003503,1,0,-1,33897,29660,16,16,8768,29.56169926,17.26237357,512002,0,512002,33897
v2,ea89b79a9dfd35df20fed759e6d15c60fe01e77c,direct,octree_nfcount,flyby,2,267,267,0.9752960205,0.1564799994,1.133023977,1.143722,1,0,-1,33961,29716,16,16,8923,30.02759456,17.22984251,512002,0,512002,33961
v2,ea89b79a9dfd35df20fed759e6d15c60fe01e77c,direct,octree_nfcount,flyby,2,268,268,0.9845759869,0.1618240029,1.147616029,1.155164,1,0,-1,33753,29534,16,16,8812,29.83679827,17.3360195,512002,0,512002,33753
v2,ea89b79a9dfd35df20fed759e6d15c60fe01e77c,direct,octree_nfcount,flyby,2,269,269,0.9761279821,0.1596480012,1.136991978,1.144601,1,0,-1,34129,29863,16,16,8938,29.93001373,17.14502897,512002,0,512002,34129
v2,ea89b79a9dfd35df20fed759e6d15c60fe01e77c,direct,octree_nfcount,flyby,2,270,270,0.8354560137,0.1615680009,0.998239994,1.005901,1,0,-1,33881,29646,16,16,8900,30.02091345,17.27052553,512002,0,512002,33881
v2,ea89b79a9dfd35df20fed759e6d15c60fe01e77c,direct,octree_nfcount,flyby,2,271,271,0.9755839705,0.1574719995,1.134271979,1.141624,1,0,-1,34137,29870,16,16,9024,30.21091396,17.14101105,512002,0,512002,34137
v2,ea89b79a9dfd35df20fed759e6d15c60fe01e77c,direct,octree_nfcount,flyby,2,272,272,1.106528044,0.1579200029,1.265663981,1.273065,1,0,-1,34041,29786,16,16,8796,29.53065198,17.1893507,512002,0,512002,34041
v2,ea89b79a9dfd35df20fed759e6d15c60fe01e77c,direct,octree_nfcount,flyby,2,273,273,0.9813759923,0.1589439958,1.141535997,1.14744,1,0,-1,34313,30024,16,16,9019,30.03930189,17.05309086,512002,0,512002,34313
v2,ea89b79a9dfd35df20fed759e6d15c60fe01e77c,direct,octree_nfcount,flyby,2,274,274,0.8344640136,0.1557119936,0.9914240241,0.998842,1,0,-1,34209,29933,16,16,8826,29.48585174,17.10493435,512002,0,512002,34209
v2,ea89b79a9dfd35df20fed759e6d15c60fe01e77c,direct,octree_nfcount,flyby,2,275,275,1.095487952,0.1609600037,1.257663965,1.264361,1,0,-1,33881,29646,16,16,8721,29.41712204,17.27052553,512002,0,512002,33881
v2,ea89b79a9dfd35df20fed759e6d15c60fe01e77c,direct,octree_nfcount,flyby,2,276,276,0.984063983,0.1615359932,1.146847963,1.154175,1,0,-1,33737,29520,16,16,8613,29.17682927,17.34424119,512002,0,512002,33737
v2,ea89b79a9dfd35df20fed759e6d15c60fe01e77c,direct,octree_nfcount,flyby,2,277,277,0.9778559804,0.1593600065,1.138463974,1.145956,1,0,-1,33873,29639,16,16,8762,29.56240089,17.27460441,512002,0,512002,33873
v2,ea89b79a9dfd35df20fed759e6d15c60fe01e77c,direct,octree_nfcount,flyby,2,278,278,0.8501440287,0.1584960073,1.009920001,1.017018,1,0,-1,34017,29765,16,16,8710,29.26255669,17.20147825,512002,0,512002,34017
v2,ea89b79a9dfd35df20fed759e6d15c60fe01e77c,direct,octree_nfcount,flyby,2,279,279,0.9749760032,0.1588480026,1.135040045,1.142409,1,0,-1,33817,29590,16,16,8751,29.57418047,17.30321054,512002,0,512002,33817
v2,ea89b79a9dfd35df20fed759e6d15c60fe01e77c,direct,octree_nfcount,flyby,2,280,280,1.11382401,0.1599680036,1.275007963,1.282495,1,0,-1,33825,29597,16,16,8615,29.10767983,17.29911815,512002,0,512002,33825
v2,ea89b79a9dfd35df20fed759e6d15c60fe01e77c,direct,octree_nfcount,flyby,2,281,281,0.9576320052,0.1597760022,1.118623972,1.125775,1,0,-1,33721,29506,16,16,8687,29.44146953,17.35247068,512002,0,512002,33721
v2,ea89b79a9dfd35df20fed759e6d15c60fe01e77c,direct,octree_nfcount,flyby,2,282,282,0.8374080062,0.1596159935,0.998239994,1.005706,1,0,-1,33585,29387,16,16,8584,29.21019498,17.42273795,512002,0,512002,33585
v2,ea89b79a9dfd35df20fed759e6d15c60fe01e77c,direct,octree_nfcount,flyby,2,283,283,0.9809280038,0.1585920006,1.140799999,1.148323,1,0,-1,33545,29352,16,16,8669,29.53461434,17.44351322,512002,0,512002,33545
v2,ea89b79a9dfd35df20fed759e6d15c60fe01e77c,direct,octree_nfcount,flyby,2,284,284,0.9586880207,0.1596480012,1.119519949,1.126921,1,0,-1,33521,29331,16,16,8583,29.26255498,17.45600218,512002,0,512002,33521
v2,ea89b79a9dfd35df20fed759e6d15c60fe01e77c,direct,octree_nfcount,flyby,2,285,285,0.9666560292,0.1566080004,1.124480009,1.130833,1,0,-1,33657,29450,16,16,8599,29.19864177,17.38546689,512002,0,512002,33657
v2,ea89b79a9dfd35df20fed759e6d15c60fe01e77c,direct,octree_nfcount,flyby,2,286,286,0.9482240081,0.159296006,1.108767986,1.114769,1,0,-1,33633,29429,16,16,8545,29.03598491,17.39787285,512002,0,512002,33633
v2,ea89b79a9dfd35df20fed759e6d15c60fe01e77c,direct,octree_nfcount,flyby,2,287,287,0.9595199823,0.1536639929,1.114431977,1.121604,1,0,-1,33457,29275,16,16,8618,29.43808711,17.48939368,512002,0,512002,33457
v2,ea89b79a9dfd35df20fed759e6d15c60fe01e77c,direct,octree_nfcount,flyby,2,288,288,0.9731199741,0.157536,1.131872058,1.139698,1,0,-1,33577,29380,16,16,8494,28.91082369,17.42688904,512002,0,512002,33577
v2,ea89b79a9dfd35df20fed759e6d15c60fe01e77c,direct,octree_nfcount,flyby,2,289,289,0.9815999866,0.1577599943,1.140671968,1.147907,1,0,-1,33705,29492,16,16,8598,29.15366879,17.36070799,512002,0,512002,33705
v2,ea89b79a9dfd35df20fed759e6d15c60fe01e77c,direct,octree_nfcount,flyby,2,290,290,0.8354880214,0.1619199961,0.9986240268,1.005942,1,0,-1,33617,29415,16,16,8435,28.67584566,17.40615332,512002,0,512002,33617
v2,ea89b79a9dfd35df20fed759e6d15c60fe01e77c,direct,octree_nfcount,flyby,2,291,291,0.9785599709,0.1533440053,1.133152008,1.141108,1,0,-1,33825,29597,16,16,8637,29.18201169,17.29911815,512002,0,512002,33825
v2,ea89b79a9dfd35df20fed759e6d15c60fe01e77c,direct,octree_nfcount,flyby,2,292,292,0.987168014,0.1564480066,1.144863963,1.152702,1,0,-1,33617,29415,16,16,8519,28.96141424,17.40615332,512002,0,512002,33617
v2,ea89b79a9dfd35df20fed759e6d15c60fe01e77c,direct,octree_nfcount,flyby,2,293,293,0.9778239727,0.1572799981,1.136319995,1.143638,1,0,-1,33873,29639,16,16,8592,28.98883228,17.27460441,512002,0,512002,33873
v2,ea89b79a9dfd35df20fed759e6d15c60fe01e77c,direct,octree_nfcount,flyby,2,294,294,0.9631360173,0.159807995,1.124160051,1.131896,1,0,-1,33593,29394,16,16,8516,28.97189903,17.41858883,512002,0,512002,33593
v2,ea89b79a9dfd35df20fed759e6d15c60fe01e77c,direct,octree_nfcount,flyby,2,295,295,0.9682559967,0.159296006,1.128767967,1.136446,1,0,-1,33697,29485,16,16,8566,29.05206037,17.36482957,512002,0,512002,33697
v2,ea89b79a9dfd35df20fed759e6d15c60fe01e77c,direct,octree_nfcount,flyby,2,296,296,0.9791359901,0.1556479931,1.136031985,1.143783,1,0,-1,33649,29443,16,16,8572,29.11388106,17.38960024,512002,0,512002,33649
v2,ea89b79a9dfd35df20fed759e6d15c60fe01e77c,direct,octree_nfcount,flyby,2,297,297,0.9565119743,0.1586560011,1.116384029,1.122511,1,0,-1,33945,29702,16,16,8703,29.30105717,17.23796377,512002,0,512002,33945
v2,ea89b79a9dfd35df20fed759e6d15c60fe01e77c,direct,octree_nfcount,flyby,2,298,298,0.8358079791,0.1575679928,0.994592011,1.002307,1,0,-1,33577,29380,16,16,8444,28.74063989,17.42688904,512002,0,512002,33577
v2,ea89b79a9dfd35df20fed759e6d15c60fe01e77c,direct,octree_nfcount,flyby,2,299,299,0.977504015,0.1557440013,1.134495974,1.142022,1,0,-1,33641,29436,16,16,8579,29.14458486,17.39373556,512002,0,512002,33641
v2,ea89b79a9dfd35df20fed759e6d15c60fe01e77c,direct,octree_nfcount,flyby,2,300,300,0.9735040069,0.1577280015,1.132447958,1.139925,1,0,-1,33705,29492,16,16,8650,29.32998779,17.36070799,512002,0,512002,33705
v2,ea89b79a9dfd35df20fed759e6d15c60fe01e77c,direct,octree_nfcount,flyby,2,301,301,0.9581440091,0.159807995,1.119168043,1.126424,1,0,-1,33793,29569,16,16,8706,29.44299773,17.31549934,512002,0,512002,33793
v2,ea89b79a9dfd35df20fed759e6d15c60fe01e77c,direct,octree_nfcount,flyby,2,302,302,0.8368319869,0.1574719995,0.9955199957,1.003066,1,0,-1,33441,29261,16,16,8519,29.11383753,17.49776153,512002,0,512002,33441
v2,ea89b79a9dfd35df20fed759e6d15c60fe01e77c,direct,octree_nfcount,flyby,2,303,303,0.9575039744,0.1576000005,1.116320014,1.124006,1,0,-1,33545,29352,16,16,8540,29.09512129,17.44351322,512002,0,512002,33545
v2,ea89b79a9dfd35df20fed759e6d15c60fe01e77c,direct,octree_nfcount,flyby,2,304,304,0.9830399752,0.1576319933,1.141888022,1.149468,1,0,-1,33729,29513,16,16,8663,29.3531664,17.34835496,512002,0,512002,33729
v2,ea89b79a9dfd35df20fed759e6d15c60fe01e77c,direct,octree_nfcount,flyby,2,305,305,0.9588479996,0.1575679928,1.11766398,1.125507,1,0,-1,34017,29765,16,16,8710,29.26255669,17.20147825,512002,0,512002,34017
v2,ea89b79a9dfd35df20fed759e6d15c60fe01e77c,direct,octree_nfcount,flyby,2,306,306,0.9557440281,0.158912003,1.115872025,1.123159,1,0,-1,33625,29422,16,16,8506,28.9103392,17.4020121,512002,0,512002,33625
v2,ea89b79a9dfd35df20fed759e6d15c60fe01e77c,direct,octree_nfcount,flyby,2,307,307,0.971840024,0.1574400067,1.130496025,1.137988,1,0,-1,33785,29562,16,16,8704,29.44320411,17.31959949,512002,0,512002,33785
v2,ea89b79a9dfd35df20fed759e6d15c60fe01e77c,direct,octree_nfcount,flyby,2,308,308,0.9767040014,0.1558399945,1.133759975,1.140911,1,0,-1,33793,29569,16,16,8707,29.44637965,17.31549934,512002,0,512002,33793
v2,ea89b79a9dfd35df20fed759e6d15c60fe01e77c,direct,octree_nfcount,flyby,2,309,309,0.9824640155,0.1597120017,1.143391967,1.150958,1,0,-1,34009,29758,16,16,8685,29.18542913,17.20552456,512002,0,512002,34009
v2,ea89b79a9dfd35df20fed759e6d15c60fe01e77c,direct,octree_nfcount,flyby,2,310,310,0.9871360064,0.1557440013,1.144096017,1.151893,1,0,-1,34041,29786,16,16,8768,29.43664809,17.1893507,512002,0,512002,34041
v2,ea89b79a9dfd35df20fed759e6d15c60fe01e77c,direct,octree_nfcount,flyby,2,311,311,0.9976639748,0.1563519984,1.15526402,1.162896,1,0,-1,33953,29709,16,16,8730,29.38503484,17.23390218,512002,0,512002,33953
v2,ea89b79a9dfd35df20fed759e6d15c60fe01e77c,direct,octree_nfcount,flyby,2,312,312,0.9784319997,0.1616639942,1.141376019,1.149509,1,0,-1,33857,29625,16,16,8650,29.19831224,17.28276793,512002,0,512002,33857
v2,ea89b79a9dfd35df20fed759e6d15c60fe01e77c,direct,octree_nfcount,flyby,2,313,313,0.8263360262,0.1576959938,0.9852480292,0.991604,1,0,-1,33793,29569,16,16,8521,28.81734249,17.31549934,512002,0,512002,33793
v2,ea89b79a9dfd35df20fed759e6d15c60fe01e77c,direct,octree_nfcount,flyby,2,314,314,0.9758080244,0.1635199934,1.140544057,1.14798,1,0,-1,33937,29695,16,16,8576,28.88028288,17.24202728,512002,0,512002,33937
v2,ea89b79a9dfd35df20fed759e6d15c60fe01e77c,direct,octree_nfcount,flyby,2,315,315,0.9719359875,0.159807995,1.132959962,1.140604,1,0,-1,33785,29562,16,16,8448,28.57722752,17.31959949,512002,0,512002,33785
v2,ea89b79a9dfd35df20fed759e6d15c60fe01e77c,direct,octree_nfcount,flyby,2,316,316,0.9785599709,0.1546240002,1.134431958,1.142354,1,0,-1,33625,29422,16,16,8515,28.94092856,17.4020121,512002,0,512002,33625
v2,ea89b79a9dfd35df20fed759e6d15c60fe01e77c,direct,octree_nfcount,flyby,2,317,317,0.8372480273,0.1605760008,0.9990400076,1.006639,1,0,-1,33865,29632,16,16,8536,28.80669546,17.27868521,512002,0,512002,33865
v2,ea89b79a9dfd35df20fed759e6d15c60fe01e77c,direct,octree_nfcount,flyby,2,318,318,0.9712960124,0.154783994,1.127359986,1.135137,1,0,-1,33801,29576,16,16,8504,28.75304301,17.31140114,512002,0,512002,33801
v2,ea89b79a9dfd35df20fed759e6d15c60fe01e77c,direct,octree_nfcount,flyby,2,319,319,0.9873600006,0.1556160003,1.14419198,1.151604,1,0,-1,33769,29548,16,16,8460,28.63137945,17.3278056,512002,0,512002,33769
v2,ea89b79a9dfd35df20fed759e6d15c60fe01e77c,direct,octree_nfcount,flyby,2,320,320,0.9676480293,0.1619839966,1.13084805,1.138924,1,0,-1,33929,29688,16,16,8596,28.95445971,17.2460927,512002,0,512002,33929
v2,ea89b79a9dfd35df20fed759e6d15c60fe01e77c,direct,octree_nfcount,flyby,2,321,321,0.8458880186,0.158912003,1.006016016,1.013956,1,0,-1,33953,29709,16,16,8421,28.34494598,17.23390218,512002,0,512002,33953
v2,ea89b79a9dfd35df20fed759e6d15c60fe01e77c,direct,octree_nfcount,flyby,2,322,322,0.97388798,0.1597439945,1.134847999,1.142503,1,0,-1,34017,29765,16,16,8536,28.67797749,17.20147825,512002,0,512002,34017
v2,ea89b79a9dfd35df20fed759e6d15c60fe01e77c,direct,octree_nfcount,flyby,2,323,323,0.9819520116,0.1548800021,1.138144016,1.143845,1,0,-1,33945,29702,16,16,8546,28.77247323,17.23796377,512002,0,512002,33945
v2,ea89b79a9dfd35df20fed759e6d15c60fe01e77c,direct,octree_nfcount,flyby,2,324,324,0.960959971,0.1608320028,1.123008013,1.130369,1,0,-1,34001,29751,16,16,8547,28.7284461,17.20957279,512002,0,512002,34001
v2,ea89b79a9dfd35df20fed759e6d15c60fe01e77c,direct,octree_nfcount,flyby,2,325,325,0.8330559731,0.1564480066,0.990719974,0.997746,1,0,-1,33961,29716,16,16,8410,28.30125185,17.22984251,512002,0,512002,33961
v2,ea89b79a9dfd35df20fed759e6d15c60fe01e77c,direct,octree_nfcount,flyby,2,326,326,0.9950399995,0.1587200016,1.155071974,1.162778,1,0,-1,34185,29912,16,16,8569,28.64736561,17.11694303,512002,0,512002,34185
v2,ea89b79a9dfd35df20fed759e6d15c60fe01e77c,direct,octree_nfcount,flyby,2,327,327,0.9919679761,0.1567360014,1.149952054,1.15708,1,0,-1,34121,29856,16,16,8600,28.80493033,17.14904877,512002,0,512002,34121
v2,ea89b79a9dfd35df20fed759e6d15c60fe01e77c,direct,octree_nfcount,flyby,2,328,328,0.9852799773,0.1548160017,1.141312003,1.14881,1,0,-1,34353,30059,16,16,8681,28.87986959,17.03323464,512002,0,512002,34353
v2,ea89b79a9dfd35df20fed759e6d15c60fe01e77c,direct,octree_nfcount,flyby,2,329,329,0.8541120291,0.1618240029,1.017184019,1.024682,1,0,-1,34097,29835,16,16,8555,28.67437573,17.16111949,512002,0,512002,34097
v2,ea89b79a9dfd35df20fed759e6d15c60fe01e77c,direct,octree_nfcount,flyby,2,330,330,0.9847040176,0.1596159935,1.145535946,1.153365,1,0,-1,34025,29772,16,16,8523,28.62756953,17.19743383,512002,0,512002,34025
v2,ea89b79a9dfd35df20fed759e6d15c60fe01e77c,direct,octree_nfcount,flyby,2,331,331,0.985311985,0.1578560024,1.144384027,1.151566,1,0,-1,33993,29744,16,16,8472,28.48305541,17.21362292,512002,0,512002,33993
v2,ea89b79a9dfd35df20fed759e6d15c60fe01e77c,direct,octree_nfcount,flyby,2,332,332,0.9771839976,0.1608639956,1.139263988,1.146646,1,0,-1,33817,29590,16,16,8432,28.49611355,17.30321054,512002,0,512002,33817
v2,ea89b79a9dfd35df20fed759e6d15c60fe01e77c,direct,octree_nfcount,flyby,2,333,333,0.9747200012,0.1587519944,1.13468802,1.14151,1,0,-1,33593,29394,16,16,8467,28.80519834,17.41858883,512002,0,512002,33593
v2,ea89b79a9dfd35df20fed759e6d15c60fe01e77c,direct,octree_nfcount,flyby,2,334,334,0.9681599736,0.1587840021,1.12816,1.135697,1,0,-1,33553,29359,16,16,8368,28.50233319,17.4393542,512002,0,512002,33553
v2,ea89b79a9dfd35df20fed759e6d15c60fe01e77c,direct,octree_nfcount,flyby,2,335,335,0.9599360228,0.1566080004,1.117759943,1.124796,1,0,-1,33681,29471,16,16,8357,28.35668963,17.37307862,512002,0,512002,33681
v2,ea89b79a9dfd35df20fed759e6d15c60fe01e77c,direct,octree_nfcount,flyby,2,336,336,0.9766719937,0.1549119949,1.132799983,1.140025,1,0,-1,33753,29534,16,16,8233,27.87634591,17.3360195,512002,0,512002,33753
v2,ea89b79a9dfd35df20fed759e6d15c60fe01e77c,direct,octree_nfcount,flyby,2,337,337,0.9613760114,0.1556800008,1.118271947,1.125327,1,0,-1,33721,29506,16,16,8383,28.41117061,17.35247068,512002,0,512002,33721
v2,ea89b79a9dfd35df20fed759e6d15c60fe01e77c,direct,octree_nfcount,flyby,2,338,338,0.9545279741,0.1586879939,1.114464045,1.119881,1,0,-1,33793,29569,16,16,8277,27.99215395,17.31549934,512002,0,512002,33793
v2,ea89b79a9dfd35df20fed759e6d15c60fe01e77c,direct,octree_nfcount,flyby,2,339,339,0.9565759897,0.1544000059,1.112223983,1.117851,1,0,-1,33889,29653,16,16,8357,28.18264594,17.26644859,512002,0,512002,33889
v2,ea89b79a9dfd35df20fed759e6d15c60fe01e77c,direct,octree_nfcount,flyby,2,340,340,0.833567977,0.1640319973,0.9988160133,1.005986,1,0,-1,33849,29618,16,16,8270,27.92220947,17.28685259,512002,0,512002,33849
v2,ea89b79a9dfd35df20fed759e6d15c60fe01e77c,direct,octree_nfcount,flyby,2,341,341,0.9592959881,0.1567679942,1.117280006,1.123984,1,0,-1,33801,29576,16,16,8328,28.15796592,17.31140114,512002,0,512002,33801
v2,ea89b79a9dfd35df20fed759e6d15c60fe01e77c,direct,octree_nfcount,flyby,2,342,342,0.9664319754,0.1598719954,1.127519965,1.134674,1,0,-1,33721,29506,16,16,8292,28.10275876,17.35247068,512002,0,512002,33721
v2,ea89b79a9dfd35df20fed759e6d15c60fe01e77c,direct,octree_nfcount,flyby,2,343,343,0.9651520252,0.1555839926,1.121952057,1.129601,1,0,-1,33905,29667,16,16,8370,28.21316614,17.25830047,512002,0,512002,33905
v2,ea89b79a9dfd35df20fed759e6d15c60fe01e77c,direct,octree_nfcount,flyby,2,344,344,0.8388800025,0.1575040072,0.997600019,1.005433,1,0,-1,33673,29464,16,16,8245,27.98330166,17.37720608,512002,0,512002,33673
v2,ea89b79a9dfd35df20fed759e6d15c60fe01e77c,direct,octree_nfcount,flyby,2,345,345,0.9607679844,0.1589760035,1.121024013,1.128322,1,0,-1,33969,29723,16,16,8508,28.62429768,17.22578475,512002,0,512002,33969
v2,ea89b79a9dfd35df20fed759e6d15c60fe01e77c,direct,octree_nfcount,flyby,2,346,346,0.983264029,0.1583999991,1.142879963,1.14891,1,0,-1,33881,29646,16,16,8408,28.36133036,17.27052553,512002,0,512002,33881
v2,ea89b79a9dfd35df20fed759e6d15c60fe01e77c,direct,octree_nfcount,flyby,2,347,347,0.9671040177,0.1609600037,1.129279971,1.136665,1,0,-1,33825,29597,16,16,8318,28.10419975,17.29911815,512002,0,512002,33825
v2,ea89b79a9dfd35df20fed759e6d15c60fe01e77c,direct,octree_nfcount,flyby,2,348,348,0.8341760039,0.1569280028,0.9923200011,0.999338,1,0,-1,33681,29471,16,16,8292,28.13613383,17.37307862,512002,0,512002,33681
v2,ea89b79a9dfd35df20fed759e6d15c60fe01e77c,direct,octree_nfcount,flyby,2,349,349,0.9856320024,0.1576000005,1.144448042,1.151611,1,0,-1,33969,29723,16,16,8439,28.39215422,17.22578475,512002,0,512002,33969
v2,ea89b79a9dfd35df20fed759e6d15c60fe01e77c,direct,octree_nfcount,flyby,2,350,350,1.110368013,0.152511999,1.26412797,1.271029,1,0,-1,33977,29730,16,16,8388,28.21392533,17.22172889,512002,0,512002,33977
v2,ea89b79a9dfd35df20fed759e6d15c60fe01e77c,direct,octree_nfcount,flyby,2,351,351,0.9594560266,0.1568640023,1.117535949,1.125044,1,0,-1,33937,29695,16,16,8324,28.03165516,17.24202728,512002,0,512002,33937
v2,ea89b79a9dfd35df20fed759e6d15c60fe01e77c,direct,octree_nfcount,flyby,2,352,352,0.9698879719,0.1627839953,1.133888006,1.141764,1,0,-1,33729,29513,16,16,8325,28.20790838,17.34835496,512002,0,512002,33729
v2,ea89b79a9dfd35df20fed759e6d15c60fe01e77c,direct,octree_nfcount,flyby,2,353,353,0.9692800045,0.1536320001,1.124127984,1.131657,1,0,-1,33873,29639,16,16,8387,28.29717602,17.27460441,512002,0,512002,33873
v2,ea89b79a9dfd35df20fed759e6d15c60fe01e77c,direct,octree_nfcount,flyby,2,354,354,0.9648640156,0.1587519944,1.124863982,1.132689,1,0,-1,33993,29744,16,16,8553,28.75537924,17.21362292,512002,0,512002,33993
v2,ea89b79a9dfd35df20fed759e6d15c60fe01e77c,direct,octree_nfcount,flyby,2,355,355,0.8393920064,0.1563840061,0.9970560074,1.005082,1,0,-1,34009,29758,16,16,8452,28.4024464,17.20552456,512002,0,512002,34009
v2,ea89b79a9dfd35df20fed759e6d15c60fe01e77c,direct,octree_nfcount,flyby,2,356,356,0.958656013,0.1574400067,1.117311954,1.125011,1,0,-1,34009,29758,16,16,8429,28.32515626,17.20552456,512002,0,512002,34009
v2,ea89b79a9dfd35df20fed759e6d15c60fe01e77c,direct,octree_nfcount,flyby,2,357,357,0.9715520144,0.1562560052,1.129055977,1.136591,1,0,-1,34017,29765,16,16,8351,28.05644213,17.20147825,512002,0,512002,34017
v2,ea89b79a9dfd35df20fed759e6d15c60fe01e77c,direct,octree_nfcount,flyby,2,358,358,0.9660480022,0.1547520012,1.122015953,1.129839,1,0,-1,34185,29912,16,16,8461,28.2863065,17.11694303,512002,0,512002,34185
v2,ea89b79a9dfd35df20fed759e6d15c60fe01e77c,direct,octree_nfcount,flyby,2,359,359,0.8425279856,0.1566399932,1.00041604,1.007238,1,0,-1,34289,30003,16,16,8389,27.96053728,17.06502683,512002,0,512002,34289
v2,ea89b79a9dfd35df20fed759e6d15c60fe01e77c,direct,octree_nfcount,flyby,2,360,360,0.9872959852,0.1577280015,1.146271944,1.154531,1,0,-1,34241,29961,16,16,8507,28.39357832,17.08894897,512002,0,512002,34241
v2,ea89b79a9dfd35df20fed759e6d15c60fe01e77c,direct,octree_nfcount,flyby,2,361,361,0.9936000109,0.1620160043,1.15683198,1.164876,1,0,-1,34097,29835,16,16,8438,28.28221887,17.16111949,512002,0,512002,34097
v2,ea89b79a9dfd35df20fed759e6d15c60fe01e77c,direct,octree_nfcount,flyby,2,362,362,0.9654080272,0.1597439945,1.126399994,1.133323,1,0,-1,34017,29765,16,16,8300,27.88509995,17.20147825,512002,0,512002,34017
v2,ea89b79a9dfd35df20fed759e6d15c60fe01e77c,direct,octree_nfcount,flyby,2,363,363,0.8309760094,0.1554879993,0.9877120256,0.99468,1,0,-1,33801,29576,16,16,8257,27.91790641,17.31140114,512002,0,512002,33801
v2,ea89b79a9dfd35df20fed759e6d15c60fe01e77c,direct,octree_nfcount,flyby,2,364,364,0.9812800288,0.1566720009,1.139168024,1.146487,1,0,-1,33905,29667,16,16,8291,27.946877,17.25830047,512002,0,512002,33905
v2,ea89b79a9dfd35df20fed759e6d15c60fe01e77c,direct,octree_nfcount,flyby,2,365,365,0.9806720018,0.1637759954,1.145663977,1.152775,1,0,-1,33929,29688,16,16,8293,27.93384532,17.2460927,512002,0,512002,33929
v2,ea89b79a9dfd35df20fed759e6d15c60fe01e77c,direct,octree_nfcount,flyby,2,366,366,0.8414080143,0.1577599943,1.000383973,1.007722,1,0,-1,33649,29443,16,16,8063,27.38511701,17.38960024,512002,0,512002,33649
v2,ea89b79a9dfd35df20fed759e6d15c60fe01e77c,direct,octree_nfcount,flyby,2,367,367,0.9675199986,0.1567039937,1.12547195,1.133578,1,0,-1,33841,29611,16,16,8275,27.94569586,17.29093918,512002,0,512002,33841
v2,ea89b79a9dfd35df20fed759e6d15c60fe01e77c,direct,octree_nfcount,flyby,2,368,368,0.9611520171,0.1553280056,1.117696047,1.125273,1,0,-1,33633,29429,16,16,8211,27.90104998,17.39787285,512002,0,512002,33633
v2,ea89b79a9dfd35df20fed759e6d15c60fe01e77c,direct,octree_nfcount,flyby,2,369,369,0.9624959826,0.160927996,1.124672055,1.131753,1,0,-1,33809,29583,16,16,8213,27.76256634,17.30730487,512002,0,512002,33809
v2,ea89b79a9dfd35df20fed759e6d15c60fe01e77c,direct,octree_nfcount,flyby,2,370,370,0.8378559947,0.1598400027,0.9989119768,1.006692,1,0,-1,33625,29422,16,16,8023,27.26871049,17.4020121,512002,0,512002,33625
v2,ea89b79a9dfd35df20fed759e6d15c60fe01e77c,direct,octree_nfcount,flyby,2,371,371,0.9886400104,0.1588159949,1.148767948,1.156606,1,0,-1,33881,29646,16,16,8182,27.59900155,17.27052553,512002,0,512002,33881
v2,ea89b79a9dfd35df20fed759e6d15c60fe01e77c,direct,octree_nfcount,flyby,2,372,372,0.9842879772,0.1578239948,1.143327951,1.150807,1,0,-1,33857,29625,16,16,8145,27.49367089,17.28276793,512002,0,512002,33857
v2,ea89b79a9dfd35df20fed759e6d15c60fe01e77c,direct,octree_nfcount,flyby,2,373,373,0.9605759978,0.1558080018,1.117599964,1.124834,1,0,-1,34081,29821,16,16,8280,27.76566849,17.16917608,512002,0,512002,34081
v2,ea89b79a9dfd35df20fed759e6d15c60fe01e77c,direct,octree_nfcount,flyby,2,374,374,0.8370559812,0.1597760022,0.9980480075,1.006123,1,0,-1,33809,29583,16,16,8124,27.46171788,17.30730487,512002,0,512002,33809
v2,ea89b79a9dfd35df20fed759e6d15c60fe01e77c,direct,octree_nfcount,flyby,2,375,375,0.9766719937,0.1574400067,1.135328054,1.143115,1,0,-1,33961,29716,16,16,8188,27.55417957,17.22984251,512002,0,512002,33961
v2,ea89b79a9dfd35df20fed759e6d15c60fe01e77c,direct,octree_nfcount,flyby,2,376,376,0.9906560183,0.1545599997,1.14646399,1.154402,1,0,-1,34081,29821,16,16,8342,27.97357567,17.16917608,512002,0,512002,34081
v2,ea89b79a9dfd35df20fed759e6d15c60fe01e77c,direct,octree_nfcount,flyby,2,377,377,0.966975987,0.1576959938,1.12588799,1.133126,1,0,-1,34089,29828,16,16,8305,27.84296634,17.16514684,512002,0,512002,34089
v2,ea89b79a9dfd35df20fed759e6d15c60fe01e77c,direct,octree_nfcount,flyby,2,378,378,0.9823359847,0.1583359987,1.143296003,1.150835,1,0,-1,34073,29814,16,16,8379,28.10424633,17.17320722,512002,0,512002,34073
v2,ea89b79a9dfd35df20fed759e6d15c60fe01e77c,direct,octree_nfcount,flyby,2,379,379,1.000031948,0.1558399945,1.157088041,1.164712,1,0,-1,33937,29695,16,16,8275,27.86664422,17.24202728,512002,0,512002,33937
v2,ea89b79a9dfd35df20fed759e6d15c60fe01e77c,direct,octree_nfcount,flyby,2,380,380,0.9935359955,0.1606400013,1.155392051,1.16326,1,0,-1,33977,29730,16,16,8300,27.91792802,17.22172889,512002,0,512002,33977
v2,ea89b79a9dfd35df20fed759e6d15c60fe01e77c,direct,octree_nfcount,flyby,2,381,381,0.8399680257,0.1576319933,0.9988160133,1.006175,1,0,-1,33897,29660,16,16,8129,27.40728254,17.26237357,512002,0,512002,33897
v2,ea89b79a9dfd35df20fed759e6d15c60fe01e77c,direct,octree_nfcount,flyby,2,382,382,0.9728639722,0.1587840021,1.132863998,1.139893,1,0,-1,34025,29772,16,16,8243,27.68708854,17.19743383,512002,0,512002,34025
v2,ea89b79a9dfd35df20fed759e6d15c60fe01e77c,direct,octree_nfcount,flyby,2,383,383,0.9797760248,0.1607999951,1.141792059,1.149048,1,0,-1,34089,29828,16,16,8235,27.60828752,17.16514684,512002,0,512002,34089
v2,ea89b79a9dfd35df20fed759e6d15c60fe01e77c,direct,octree_nfcount,flyby,2,384,384,0.9716160297,0.1566080004,1.12943995,1.136859,1,0,-1,34273,29989,16,16,8358,27.87021908,17.07299343,512002,0,512002,34273
v2,ea89b79a9dfd35df20fed759e6d15c60fe01e77c,direct,octree_nfcount,flyby,2,385,385,0.8497599959,0.1566399932,1.007616043,1.015429,1,0,-1,33793,29569,16,16,8123,27.47133823,17.31549934,512002,0,512002,33793
v2,ea89b79a9dfd35df20fed759e6d15c60fe01e77c,direct,octree_nfcount,flyby,2,386,386,0.9812800288,0.1565759927,1.139104009,1.145599,1,0,-1,33921,29681,16,16,8205,27.64394731,17.25016004,512002,0,512002,33921
v2,ea89b79a9dfd35df20fed759e6d15c60fe01e77c,direct,octree_nfcount,flyby,2,387,387,0.9848319888,0.1546880007,1.140735984,1.148002,1,0,-1,33929,29688,16,16,8335,28.07531663,17.2460927,512002,0,512002,33929
v2,ea89b79a9dfd35df20fed759e6d15c60fe01e77c,direct,octree_nfcount,flyby,2,388,388,0.9808959961,0.1607999951,1.14291203,1.150376,1,0,-1,33785,29562,16,16,8184,27.68418916,17.31959949,512002,0,512002,33785
v2,ea89b79a9dfd35df20fed759e6d15c60fe01e77c,direct,octree_nfcount,flyby,2,389,389,0.9640960097,0.149248004,1.114591956,1.121206,1,0,-1,33897,29660,16,16,8356,28.17262306,17.26237357,512002,0,512002,33897
v2,ea89b79a9dfd35df20fed759e6d15c60fe01e77c,direct,octree_nfcount,flyby,2,390,390,0.9888640046,0.1544959992,1.144575953,1.152237,1,0,-1,33841,29611,16,16,8343,28.17534025,17.29093918,512002,0,512002,33841
v2,ea89b79a9dfd35df20fed759e6d15c60fe01e77c,direct,octree_nfcount,flyby,2,391,391,0.982303977,0.1586879939,1.14220798,1.149562,1,0,-1,33985,29737,16,16,8423,28.32498235,17.21767495,512002,0,512002,33985
v2,ea89b79a9dfd35df20fed759e6d15c60fe01e77c,direct,octree_nfcount,flyby,2,392,392,0.845344007,0.1567360014,1.003296018,1.010347,1,0,-1,33945,29702,16,16,8191,27.57726752,17.23796377,512002,0,512002,33945
v2,ea89b79a9dfd35df20fed759e6d15c60fe01e77c,direct,octree_nfcount,flyby,2,393,393,0.9731839895,0.1545599997,1.128960013,1.136207,1,0,-1,33945,29702,16,16,8256,27.79610801,17.23796377,512002,0,512002,33945
v2,ea89b79a9dfd35df20fed759e6d15c60fe01e77c,direct,octree_nfcount,flyby,2,394,394,1.006687999,0.1587200016,1.16662395,1.17426,1,0,-1,33961,29716,16,16,8240,27.72916947,17.22984251,512002,0,512002,33961
v2,ea89b79a9dfd35df20fed759e6d15c60fe01e77c,direct,octree_nfcount,flyby,2,395,395,0.9900479913,0.1587840021,1.150048018,1.156793,1,0,-1,34081,29821,16,16,8230,27.59800141,17.16917608,512002,0,512002,34081
v2,ea89b79a9dfd35df20fed759e6d15c60fe01e77c,direct,octree_nfcount,flyby,2,396,396,0.8421120048,0.1543679982,0.9976959825,1.005863,1,0,-1,33809,29583,16,16,8164,27.59693067,17.30730487,512002,0,512002,33809
v2,ea89b79a9dfd35df20fed759e6d15c60fe01e77c,direct,octree_nfcount,flyby,2,397,397,0.9949759841,0.1619199961,1.158112049,1.165494,1,0,-1,33833,29604,16,16,8043,27.16862586,17.2950277,512002,0,512002,33833
v2,ea89b79a9dfd35df20fed759e6d15c60fe01e77c,direct,octree_nfcount,flyby,2,398,398,0.9850239754,0.1628479958,1.149088025,1.155993,1,0,-1,33785,29562,16,16,8177,27.66051011,17.31959949,512002,0,512002,33785
v2,ea89b79a9dfd35df20fed759e6d15c60fe01e77c,direct,octree_nfcount,flyby,2,399,399,0.8389440179,0.1555519998,0.9957439899,1.003372,1,0,-1,33705,29492,16,16,8043,27.27180252,17.36070799,512002,0,512002,33705
v2,ea89b79a9dfd35df20fed759e6d15c60fe01e77c,direct,octree_nfcount,flyby,2,400,400,0.9731519818,0.1547199935,1.129119992,1.136765,1,0,-1,33777,29555,16,16,8284,28.02909829,17.32370157,512002,0,512002,33777
v2,ea89b79a9dfd35df20fed759e6d15c60fe01e77c,direct,octree_nfcount,flyby,2,401,401,0.9882240295,0.1575679928,1.147007942,1.154804,1,0,-1,33641,29436,16,16,8135,27.63622775,17.39373556,512002,0,512002,33641
v2,ea89b79a9dfd35df20fed759e6d15c60fe01e77c,direct,octree_nfcount,flyby,2,402,402,0.9888640046,0.1546880007,1.144799948,1.152481,1,0,-1,33913,29674,16,16,8271,27.87288535,17.25422929,512002,0,512002,33913
v2,ea89b79a9dfd35df20fed759e6d15c60fe01e77c,direct,octree_nfcount,flyby,2,403,403,0.8334720135,0.157792002,0.9925119877,0.999852,1,0,-1,33729,29513,16,16,8137,27.57090096,17.34835496,512002,0,512002,33729
v2,ea89b79a9dfd35df20fed759e6d15c60fe01e77c,direct,octree_nfcount,flyby,2,404,404,0.9722239971,0.1576319933,1.131072044,1.138613,1,0,-1,33777,29555,16,16,8135,27.52495348,17.32370157,512002,0,512002,33777
v2,ea89b79a9dfd35df20fed759e6d15c60fe01e77c,direct,octree_nfcount,flyby,2,405,405,0.9768639803,0.1555839926,1.13369596,1.141144,1,0,-1,33585,29387,16,16,8032,27.33181339,17.42273795,512002,0,512002,33585
v2,ea89b79a9dfd35df20fed759e6d15c60fe01e77c,direct,octree_nfcount,flyby,2,406,406,0.9805759788,0.1587200016,1.14051199,1.148298,1,0,-1,33817,29590,16,16,8088,27.33355863,17.30321054,512002,0,512002,33817
v2,ea89b79a9dfd35df20fed759e6d15c60fe01e77c,direct,octree_nfcount,flyby,2,407,407,0.9635840058,0.1557759941,1.120607972,1.127934,1,0,-1,33761,29541,16,16,8101,27.42290376,17.33191158,512002,0,512002,33761
v2,ea89b79a9dfd35df20fed759e6d15c60fe01e77c,direct,octree_nfcount,flyby,2,408,408,0.9782400131,0.1607999951,1.140256047,1.147294,1,0,-1,33681,29471,16,16,8011,27.18265413,17.37307862,512002,0,512002,33681
v2,ea89b79a9dfd35df20fed759e6d15c60fe01e77c,direct,octree_nfcount,flyby,2,409,409,0.9866240025,0.1557119936,1.143584013,1.151182,1,0,-1,33961,29716,16,16,8211,27.63157895,17.22984251,512002,0,512002,33961
v2,ea89b79a9dfd35df20fed759e6d15c60fe01e77c,direct,octree_nfcount,flyby,2,410,410,0.8406400084,0.154655993,0.9965119958,1.003664,1,0,-1,33945,29702,16,16,8031,27.03858326,17.23796377,512002,0,512002,33945
v2,ea89b79a9dfd35df20fed759e6d15c60fe01e77c,direct,octree_nfcount,flyby,2,411,411,0.9953600168,0.157664001,1.154240012,1.161453,1,0,-1,34025,29772,16,16,8237,27.66693538,17.19743383,512002,0,512002,34025
v2,ea89b79a9dfd35df20fed759e6d15c60fe01e77c,direct,octree_nfcount,flyby,2,412,412,0.9987840056,0.1574719995,1.157472014,1.165127,1,0,-1,34065,29807,16,16,8129,27.27211729,17.17724025,512002,0,512002,34065
v2,ea89b79a9dfd35df20fed759e6d15c60fe01e77c,direct,octree_nfcount,flyby,2,413,413,0.9751999974,0.1577280015,1.134143949,1.141633,1,0,-1,33969,29723,16,16,8091,27.22134374,17.22578475,512002,0,512002,33969
v2,ea89b79a9dfd35df20fed759e6d15c60fe01e77c,direct,octree_nfcount,flyby,2,414,414,0.8337919712,0.1586560011,0.9936959743,1.001206,1,0,-1,33569,29373,16,16,8015,27.28696422,17.43104211,512002,0,512002,33569
v2,ea89b79a9dfd35df20fed759e6d15c60fe01e77c,direct,octree_nfcount,flyby,2,415,415,0.9717119932,0.1608639956,1.133792043,1.141671,1,0,-1,33705,29492,16,16,8030,27.22772277,17.36070799,512002,0,512002,33705
v2,ea89b79a9dfd35df20fed759e6d15c60fe01e77c,direct,octree_nfcount,flyby,2,416,416,0.9873279929,0.1577599943,1.146304011,1.153762,1,0,-1,33825,29597,16,16,8118,27.42845559,17.29911815,512002,0,512002,33825
v2,ea89b79a9dfd35df20fed759e6d15c60fe01e77c,direct,octree_nfcount,flyby,2,417,417,0.9944319725,0.1588799953,1.15455997,1.161844,1,0,-1,33657,29450,16,16,7991,27.13412564,17.38546689,512002,0,512002,33657
v2,ea89b79a9dfd35df20fed759e6d15c60fe01e77c,direct,octree_nfcount,flyby,2,418,418,0.9859840274,0.1688320041,1.156064034,1.163821,1,0,-1,33977,29730,16,16,8223,27.65893037,17.22172889,512002,0,512002,33977
v2,ea89b79a9dfd35df20fed759e6d15c60fe01e77c,direct,octree_nfcount,flyby,2,419,419,0.9829760194,0.1568000019,1.141023993,1.148174,1,0,-1,33953,29709,16,16,8124,27.34524891,17.23390218,512002,0,512002,33953
v2,ea89b79a9dfd35df20fed759e6d15c60fe01e77c,direct,octree_nfcount,flyby,2,420,420,0.9800320268,0.1544959992,1.135743976,1.143729,1,0,-1,33977,29730,16,16,8244,27.72956609,17.22172889,512002,0,512002,33977
v2,ea89b79a9dfd35df20fed759e6d15c60fe01e77c,direct,octree_nfcount,flyby,2,421,421,0.8407999873,0.1616320014,1.003679991,1.011482,1,0,-1,33913,29674,16,16,8119,27.36065242,17.25422929,512002,0,512002,33913
v2,ea89b79a9dfd35df20fed759e6d15c60fe01e77c,direct,octree_nfcount,flyby,2,422,422,0.9872320294,0.1554560065,1.143903971,1.152151,1,0,-1,34041,29786,16,16,8149,27.35849057,17.1893507,512002,0,512002,34041
v2,ea89b79a9dfd35df20fed759e6d15c60fe01e77c,direct,octree_nfcount,flyby,2,423,423,0.9752320051,0.1586879939,1.135136008,1.142754,1,0,-1,34105,29842,16,16,8208,27.50485892,17.15709403,512002,0,512002,34105
v2,ea89b79a9dfd35df20fed759e6d15c60fe01e77c,direct,octree_nfcount,flyby,2,424,424,0.9682559967,0.1586560011,1.128128052,1.135744,1,0,-1,34121,29856,16,16,8217,27.52210611,17.14904877,512002,0,512002,34121
v2,ea89b79a9dfd35df20fed759e6d15c60fe01e77c,direct,octree_nfcount,flyby,2,425,425,0.9781119823,0.1501120031,1.12943995,1.136439,1,0,-1,33977,29730,16,16,8217,27.63874874,17.22172889,512002,0,512002,33977
v2,ea89b79a9dfd35df20fed759e6d15c60fe01e77c,direct,octree_nfcount,flyby,2,426,426,0.9818879962,0.160927996,1.144000053,1.151587,1,0,-1,34105,29842,16,16,8187,27.43448831,17.15709403,512002,0,512002,34105
v2,ea89b79a9dfd35df20fed759e6d15c60fe01e77c,direct,octree_nfcount,flyby,2,427,427,0.9872959852,0.1572799981,1.145792007,1.153398,1,0,-1,34401,30101,16,16,8348,27.7332979,17.00946812,512002,0,512002,34401
v2,ea89b79a9dfd35df20fed759e6d15c60fe01e77c,direct,octree_nfcount,flyby,2,428,428,0.8400639892,0.1575679928,0.998848021,1.006129,1,0,-1,34009,29758,16,16,8081,27.15572283,17.20552456,512002,0,512002,34009
v2,ea89b79a9dfd35df20fed759e6d15c60fe01e77c,direct,octree_nfcount,flyby,2,429,429,0.9776319861,0.1576319933,1.136512041,1.144427,1,0,-1,34321,30031,16,16,8297,27.62811761,17.04911591,512002,0,512002,34321
v2,ea89b79a9dfd35df20fed759e6d15c60fe01e77c,direct,octree_nfcount,flyby,2,430,430,0.9933120012,0.157536,1.152063966,1.158237,1,0,-1,34193,29919,16,16,8228,27.50091915,17.11293827,512002,0,512002,34193
v2,ea89b79a9dfd35df20fed759e6d15c60fe01e77c,direct,octree_nfcount,flyby,2,431,431,0.9785280228,0.1568959951,1.136639953,1.142254,1,0,-1,34265,29982,16,16,8214,27.39643786,17.07697952,512002,0,512002,34265
v2,ea89b79a9dfd35df20fed759e6d15c60fe01e77c,direct,octree_nfcount,flyby,2,432,432,0.9854720235,0.1597120017,1.146399975,1.154038,1,0,-1,34249,29968,16,16,8202,27.36919381,17.08495729,512002,0,512002,34249
v2,ea89b79a9dfd35df20fed759e6d15c60fe01e77c,direct,octree_nfcount,flyby,2,433,433,0.9956799746,0.1587840021,1.155679941,1.162738,1,0,-1,34065,29807,16,16,8141,27.31237629,17.17724025,512002,0,512002,34065
v2,ea89b79a9dfd35df20fed759e6d15c60fe01e77c,direct,octree_nfcount,flyby,2,434,434,0.9772160053,0.1545920074,1.133023977,1.140676,1,0,-1,34081,29821,16,16,8224,27.57788136,17.16917608,512002,0,512002,34081
v2,ea89b79a9dfd35df20fed759e6d15c60fe01e77c,direct,octree_nfcount,flyby,2,435,435,0.8365120292,0.1535039991,0.9912319779,0.99894,1,0,-1,33897,29660,16,16,8053,27.15104518,17.26237357,512002,0,512002,33897
v2,ea89b79a9dfd35df20fed759e6d15c60fe01e77c,direct,octree_nfcount,flyby,2,436,436,0.9706559777,0.1515199989,1.123391986,1.130777,1,0,-1,34073,29814,16,16,8201,27.50721138,17.17320722,512002,0,512002,34073
v2,ea89b79a9dfd35df20fed759e6d15c60fe01e77c,direct,octree_nfcount,flyby,2,437,437,0.986815989,0.1606719941,1.148767948,1.156206,1,0,-1,34105,29842,16,16,8104,27.15635681,17.15709403,512002,0,512002,34105
v2,ea89b79a9dfd35df20fed759e6d15c60fe01e77c,direct,octree_nfcount,flyby,2,438,438,0.9911680222,0.154655993,1.147040009,1.154898,1,0,-1,34217,29940,16,16,8193,27.36472946,17.1009352,512002,0,512002,34217
v2,ea89b79a9dfd35df20fed759e6d15c60fe01e77c,direct,octree_nfcount,flyby,2,439,439,0.9742720127,0.1593600065,1.134847999,1.142322,1,0,-1,34129,29863,16,16,8057,26.97987476,17.14502897,512002,0,512002,34129
v2,ea89b79a9dfd35df20fed759e6d15c60fe01e77c,direct,octree_nfcount,flyby,2,440,440,0.9751999974,0.1606400013,1.137087941,1.145293,1,0,-1,34153,29884,16,16,7992,26.74340784,17.13298086,512002,0,512002,34153
v2,ea89b79a9dfd35df20fed759e6d15c60fe01e77c,direct,octree_nfcount,flyby,2,441,441,0.998495996,0.1535360068,1.153247952,1.161282,1,0,-1,34193,29919,16,16,8117,27.12991744,17.11293827,512002,0,512002,34193
v2,ea89b79a9dfd35df20fed759e6d15c60fe01e77c,direct,octree_nfcount,flyby,2,442,442,0.8516799808,0.1617600024,1.014655948,1.022044,1,0,-1,34281,29996,16,16,8021,26.74023203,17.0690092,512002,0,512002,34281
v2,ea89b79a9dfd35df20fed759e6d15c60fe01e77c,direct,octree_nfcount,flyby,2,443,443,0.982656002,0.158912003,1.142815948,1.149722,1,0,-1,34113,29849,16,16,8072,27.042782,17.15307045,512002,0,512002,34113
v2,ea89b79a9dfd35df20fed759e6d15c60fe01e77c,direct,octree_nfcount,flyby,2,444,444,0.9900159836,0.1584639996,1.149695992,1.15698,1,0,-1,34089,29828,16,16,7981,26.75673863,17.16514684,512002,0,512002,34089
v2,ea89b79a9dfd35df20fed759e6d15c60fe01e77c,direct,octree_nfcount,flyby,2,445,445,0.9843840003,0.1577599943,1.143391967,1.150887,1,0,-1,33969,29723,16,16,7958,26.77387881,17.22578475,512002,0,512002,33969
v2,ea89b79a9dfd35df20fed759e6d15c60fe01e77c,direct,octree_nfcount,flyby,2,446,446,0.8538560271,0.1599359959,1.01504004,1.022641,1,0,-1,33921,29681,16,16,7763,26.15477915,17.25016004,512002,0,512002,33921
v2,ea89b79a9dfd35df20fed759e6d15c60fe01e77c,direct,octree_nfcount,flyby,2,447,447,0.9779520035,0.1567360014,1.135903955,1.143209,1,0,-1,33985,29737,16,16,7879,26.49561153,17.21767495,512002,0,512002,33985
v2,ea89b79a9dfd35df20fed759e6d15c60fe01e77c,direct,octree_nfcount,flyby,2,448,448,0.9860479832,0.1544959992,1.141759992,1.149086,1,0,-1,34001,29751,16,16,7888,26.51339451,17.20957279,512002,0,512002,34001
v2,ea89b79a9dfd35df20fed759e6d15c60fe01e77c,direct,octree_nfcount,flyby,2,449,449,0.8380159736,0.155520007,0.9947519898,1.002379,1,0,-1,34169,29898,16,16,7876,26.34289919,17.12495819,512002,0,512002,34169
v2,ea89b79a9dfd35df20fed759e6d15c60fe01e77c,direct,octree_nfcount,flyby,2,450,450,0.9896000028,0.1526719928,1.143519998,1.151025,1,0,-1,34241,29961,16,16,8006,26.72140449,17.08894897,512002,0,512002,34241
v2,ea89b79a9dfd35df20fed759e6d15c60fe01e77c,direct,octree_nfcount,flyby,2,451,451,1.008576035,0.1567679942,1.166560054,1.174238,1,0,-1,34193,29919,16,16,7972,26.64527558,17.11293827,512002,0,512002,34193
v2,ea89b79a9dfd35df20fed759e6d15c60fe01e77c,direct,octree_nfcount,flyby,2,452,452,0.9950399995,0.1586239934,1.154880047,1.162184,1,0,-1,34305,30017,16,16,8051,26.82146783,17.05706766,512002,0,512002,34305
v2,ea89b79a9dfd35df20fed759e6d15c60fe01e77c,direct,octree_nfcount,flyby,2,453,453,0.8397120237,0.1588480026,0.9998400211,1.006726,1,0,-1,34177,29905,16,16,8033,26.86172881,17.12094967,512002,0,512002,34177
v2,ea89b79a9dfd35df20fed759e6d15c60fe01e77c,direct,octree_nfcount,flyby,2,454,454,0.9836159945,0.1568959951,1.141759992,1.148683,1,0,-1,34177,29905,16,16,8059,26.94867079,17.12094967,512002,0,512002,34177
v2,ea89b79a9dfd35df20fed759e6d15c60fe01e77c,direct,octree_nfcount,flyby,2,455,455,0.9958080053,0.1574400067,1.154464006,1.161969,1,0,-1,34161,29891,16,16,8105,27.11518517,17.12896859,512002,0,512002,34161
v2,ea89b79a9dfd35df20fed759e6d15c60fe01e77c,direct,octree_nfcount,flyby,2,456,456,0.8561599851,0.1587840021,1.016160011,1.023595,1,0,-1,34177,29905,16,16,7996,26.73800368,17.12094967,512002,0,512002,34177
v2,ea89b79a9dfd35df20fed759e6d15c60fe01e77c,direct,octree_nfcount,flyby,2,457,457,0.9832000136,0.1547520012,1.139199972,1.146073,1,0,-1,34305,30017,16,16,8130,27.08465203,17.05706766,512002,0,512002,34305
v2,ea89b79a9dfd35df20fed759e6d15c60fe01e77c,direct,octree_nfcount,flyby,2,458,458,0.9836159945,0.1615999937,1.14646399,1.153254,1,0,-1,34009,29758,16,16,7866,26.43322804,17.20552456,512002,0,512002,34009
v2,ea89b79a9dfd35df20fed759e6d15c60fe01e77c,direct,octree_nfcount,flyby,2,459,459,0.980799973,0.1588159949,1.140831947,1.147722,1,0,-1,34377,30080,16,16,8089,26.89162234,17.02134309,512002,0,512002,34377
v2,ea89b79a9dfd35df20fed759e6d15c60fe01e77c,direct,octree_nfcount,flyby,2,460,460,0.8301439881,0.1637759954,0.9952639937,1.001623,1,0,-1,34273,29989,16,16,8028,26.7698156,17.07299343,512002,0,512002,34273
v2,ea89b79a9dfd35df20fed759e6d15c60fe01e77c,direct,octree_nfcount,flyby,2,461,461,0.9970880151,0.1617600024,1.160096049,1.167884,1,0,-1,34337,30045,16,16,8050,26.79314362,17.04117158,512002,0,512002,34337
v2,ea89b79a9dfd35df20fed759e6d15c60fe01e77c,direct,octree_nfcount,flyby,2,462,462,1.000159979,0.1617600024,1.163136005,1.170543,1,0,-1,34273,29989,16,16,8022,26.74980826,17.07299343,512002,0,512002,34273
v2,ea89b79a9dfd35df20fed759e6d15c60fe01e77c,direct,octree_nfcount,flyby,2,463,463,0.9795200229,0.1573760062,1.138144016,1.14532,1,0,-1,34305,30017,16,16,7873,26.22847053,17.05706766,512002,0,512002,34305
v2,ea89b79a9dfd35df20fed759e6d15c60fe01e77c,direct,octree_nfcount,flyby,2,464,464,0.9887040257,0.1544319987,1.144351959,1.151778,1,0,-1,34457,30150,16,16,8128,26.95854063,16.98182421,512002,0,512002,34457
v2,ea89b79a9dfd35df20fed759e6d15c60fe01e77c,direct,octree_nfcount,flyby,2,465,465,0.9969279766,0.160416007,1.158624053,1.165807,1,0,-1,34073,29814,16,16,7893,26.47413967,17.17320722,512002,0,512002,34073
v2,ea89b79a9dfd35df20fed759e6d15c60fe01e77c,direct,octree_nfcount,flyby,2,466,466,0.9905599952,0.1597120017,1.151520014,1.159164,1,0,-1,34473,30164,16,16,8078,26.78026787,16.97394245,512002,0,512002,34473
v2,ea89b79a9dfd35df20fed759e6d15c60fe01e77c,direct,octree_nfcount,flyby,2,467,467,0.8569279909,0.1635199934,1.021664023,1.029518,1,0,-1,34169,29898,16,16,7948,26.58371797,17.12495819,512002,0,512002,34169
v2,ea89b79a9dfd35df20fed759e6d15c60fe01e77c,direct,octree_nfcount,flyby,2,468,468,0.995487988,0.1616639942,1.158367991,1.16612,1,0,-1,34137,29870,16,16,7981,26.71911617,17.14101105,512002,0,512002,34137
v2,ea89b79a9dfd35df20fed759e6d15c60fe01e77c,direct,octree_nfcount,flyby,2,469,469,0.9782720208,0.157536,1.137055993,1.14409,1,0,-1,34201,29926,16,16,7970,26.63235982,17.10893537,512002,0,512002,34201
v2,ea89b79a9dfd35df20fed759e6d15c60fe01e77c,direct,octree_nfcount,flyby,2,470,470,0.8544639945,0.1577280015,1.013407946,1.021285,1,0,-1,34041,29786,16,16,7795,26.17001276,17.1893507,512002,0,512002,34041
v2,ea89b79a9dfd35df20fed759e6d15c60fe01e77c,direct,octree_nfcount,flyby,2,471,471,0.9745280147,0.1595200002,1.135264039,1.142778,1,0,-1,34009,29758,16,16,7851,26.38282143,17.20552456,512002,0,512002,34009
v2,ea89b79a9dfd35df20fed759e6d15c60fe01e77c,direct,octree_nfcount,flyby,2,472,472,0.9859520197,0.1606719941,1.147840023,1.154794,1,0,-1,33953,29709,16,16,7838,26.38257767,17.23390218,512002,0,512002,33953
v2,ea89b79a9dfd35df20fed759e6d15c60fe01e77c,direct,octree_nfcount,flyby,2,473,473,0.9778559804,0.1528320014,1.131904006,1.13732,1,0,-1,34145,29877,16,16,7961,26.64591492,17.13699501,512002,0,512002,34145
v2,ea89b79a9dfd35df20fed759e6d15c60fe01e77c,direct,octree_nfcount,flyby,2,474,474,0.8333759904,0.1588799953,0.9934719801,1.000557,1,0,-1,34153,29884,16,16,7869,26.33181636,17.13298086,512002,0,512002,34153
v2,ea89b79a9dfd35df20fed759e6d15c60fe01e77c,direct,octree_nfcount,flyby,2,475,475,0.9893760085,0.1578239948,1.148416042,1.15535,1,0,-1,34153,29884,16,16,7945,26.58613305,17.13298086,512002,0,512002,34153
v2,ea89b79a9dfd35df20fed759e6d15c60fe01e77c,direct,octree_nfcount,flyby,2,476,476,0.9903360009,0.1566080004,1.148159981,1.155249,1,0,-1,33961,29716,16,16,7966,26.80710728,17.22984251,512002,0,512002,33961
v2,ea89b79a9dfd35df20fed759e6d15c60fe01e77c,direct,octree_nfcount,flyby,2,477,477,0.8600959778,0.1567679942,1.018079996,1.025071,1,0,-1,34041,29786,16,16,7832,26.29423219,17.1893507,512002,0,512002,34041
v2,ea89b79a9dfd35df20fed759e6d15c60fe01e77c,direct,octree_nfcount,flyby,2,478,478,0.9701759815,0.1567679942,1.12816,1.138498,1,0,-1,34233,29954,16,16,8041,26.84449489,17.09294251,512002,0,512002,34233
v2,ea89b79a9dfd35df20fed759e6d15c60fe01e77c,direct,octree_nfcount,flyby,2,479,479,0.999391973,0.1616960019,1.162304044,1.169489,1,0,-1,34369,30073,16,16,8060,26.80144981,17.02530509,512002,0,512002,34369
v2,ea89b79a9dfd35df20fed759e6d15c60fe01e77c,direct,octree_nfcount,flyby,2,480,480,0.9994879961,0.1618880033,1.162592053,1.17081,1,0,-1,34265,29982,16,16,8061,26.88613168,17.07697952,512002,0,512002,34265
v2,ea89b79a9dfd35df20fed759e6d15c60fe01e77c,direct,octree_nfcount,flyby,2,481,481,0.9792960286,0.1576959938,1.138272047,1.14576,1,0,-1,33721,29506,16,16,7769,26.33023792,17.35247068,512002,0,512002,33721
v2,ea89b79a9dfd35df20fed759e6d15c60fe01e77c,direct,octree_nfcount,flyby,2,482,482,0.9772800207,0.1548479944,1.133376002,1.140432,1,0,-1,33777,29555,16,16,7769,26.28658433,17.32370157,512002,0,512002,33777
v2,ea89b79a9dfd35df20fed759e6d15c60fe01e77c,direct,octree_nfcount,flyby,2,483,483,0.9858559966,0.1545920074,1.141664028,1.14894,1,0,-1,34113,29849,16,16,7944,26.61395692,17.15307045,512002,0,512002,34113
v2,ea89b79a9dfd35df20fed759e6d15c60fe01e77c,direct,octree_nfcount,flyby,2,484,484,0.8372480273,0.1596159935,0.9981120229,1.005867,1,0,-1,34081,29821,16,16,7830,26.25666477,17.16917608,512002,0,512002,34081
v2,ea89b79a9dfd35df20fed759e6d15c60fe01e77c,direct,octree_nfcount,flyby,2,485,485,0.9981759787,0.1777919978,1.177183986,1.214605,1,0,-1,34001,29751,16,16,7877,26.47642096,17.20957279,512002,0,512002,34001
v2,ea89b79a9dfd35df20fed759e6d15c60fe01e77c,direct,octree_nfcount,flyby,2,486,486,0.983264029,0.1614719927,1.145951986,1.154009,1,0,-1,34193,29919,16,16,7825,26.153949,17.11293827,512002,0,512002,34193
v2,ea89b79a9dfd35df20fed759e6d15c60fe01e77c,direct,octree_nfcount,flyby,2,487,487,0.984160006,0.1617919952,1.14716804,1.154299,1,0,-1,34121,29856,16,16,8000,26.79528403,17.14904877,512002,0,512002,34121
v2,ea89b79a9dfd35df20fed759e6d15c60fe01e77c,direct,octree_nfcount,flyby,2,488,488,0.8306879997,0.1548479944,0.9867839813,0.992297,1,0,-1,33961,29716,16,16,7949,26.74989904,17.22984251,512002,0,512002,33961
v2,ea89b79a9dfd35df20fed759e6d15c60fe01e77c,direct,octree_nfcount,flyby,2,489,489,1.09267199,0.1568000019,1.250687957,1.25812,1,0,-1,33953,29709,16,16,7836,26.3758457,17.23390218,512002,0,512002,33953
v2,ea89b79a9dfd35df20fed759e6d15c60fe01e77c,direct,octree_nfcount,flyby,2,490,490,0.9652799964,0.1587200016,1.125216007,1.131412,1,0,-1,34225,29947,16,16,8066,26.93425051,17.09693792,512002,0,512002,34225
v2,ea89b79a9dfd35df20fed759e6d15c60fe01e77c,direct,octree_nfcount,flyby,2,491,491,0.8356800079,0.1587840021,0.9957119823,1.003237,1,0,-1,34241,29961,16,16,7855,26.21741597,17.08894897,512002,0,512002,34241
v2,ea89b79a9dfd35df20fed759e6d15c60fe01e77c,direct,octree_nfcount,flyby,2,492,492,0.9768319726,0.1587519944,1.136800051,1.144926,1,0,-1,34193,29919,16,16,7983,26.68204151,17.11293827,512002,0,512002,34193
v2,ea89b79a9dfd35df20fed759e6d15c60fe01e77c,direct,octree_nfcount,flyby,2,493,493,0.9673920274,0.1532160044,1.121824026,1.129522,1,0,-1,33937,29695,16,16,7909,26.63411349,17.24202728,512002,0,512002,33937
v2,ea89b79a9dfd35df20fed759e6d15c60fe01e77c,direct,octree_nfcount,flyby,2,494,494,0.9650560021,0.1618240029,1.128288031,1.136597,1,0,-1,34057,29800,16,16,7831,26.27852349,17.18127517,512002,0,512002,34057
v2,ea89b79a9dfd35df20fed759e6d15c60fe01e77c,direct,octree_nfcount,flyby,2,495,495,0.9607999921,0.1565120071,1.118528008,1.124737,1,0,-1,34121,29856,16,16,7914,26.50723473,17.14904877,512002,0,512002,34121
v2,ea89b79a9dfd35df20fed759e6d15c60fe01e77c,direct,octree_nfcount,flyby,2,496,496,0.9888960123,0.1567039937,1.146816015,1.154707,1,0,-1,34153,29884,16,16,7849,26.26489091,17.13298086,512002,0,512002,34153
v2,ea89b79a9dfd35df20fed759e6d15c60fe01e77c,direct,octree_nfcount,flyby,2,497,497,0.9813439846,0.1545280069,1.137120008,1.144166,1,0,-1,34273,29989,16,16,7951,26.51305479,17.07299343,512002,0,512002,34273
v2,ea89b79a9dfd35df20fed759e6d15c60fe01e77c,direct,octree_nfcount,flyby,2,498,498,0.8451200128,0.1574719995,1.003808022,1.011758,1,0,-1,34137,29870,16,16,7831,26.21694007,17.14101105,512002,0,512002,34137
v2,ea89b79a9dfd35df20fed759e6d15c60fe01e77c,direct,octree_nfcount,flyby,2,499,499,0.991936028,0.1587840021,1.151936054,1.15935,1,0,-1,34193,29919,16,16,7996,26.72549216,17.11293827,512002,0,512002,34193
v2,ea89b79a9dfd35df20fed759e6d15c60fe01e77c,direct,octree_nfcount,flyby,2,500,500,0.9771199822,0.1592320055,1.13766396,1.145142,1,0,-1,33977,29730,16,16,7826,26.32357888,17.22172889,512002,0,512002,33977
v2,ea89b79a9dfd35df20fed759e6d15c60fe01e77c,direct,octree_nfcount,flyby,2,501,501,0.9846400023,0.1556800008,1.141567945,1.148438,1,0,-1,34057,29800,16,16,7899,26.50671141,17.18127517,512002,0,512002,34057
v2,ea89b79a9dfd35df20fed759e6d15c60fe01e77c,direct,octree_nfcount,flyby,2,502,502,0.9813119769,0.159551993,1.142079949,1.149447,1,0,-1,34081,29821,16,16,7955,26.67583247,17.16917608,512002,0,512002,34081
v2,ea89b79a9dfd35df20fed759e6d15c60fe01e77c,direct,octree_nfcount,flyby,2,503,503,0.9892479777,0.1580159962,1.148480058,1.154884,1,0,-1,34297,30010,16,16,7965,26.54115295,17.06104632,512002,0,512002,34297
v2,ea89b79a9dfd35df20fed759e6d15c60fe01e77c,direct,octree_nfcount,flyby,2,504,504,0.993727982,0.1547199935,1.149695992,1.1569,1,0,-1,34561,30241,16,16,8093,26.76168116,16.93072319,512002,0,512002,34561
v2,ea89b79a9dfd35df20fed759e6d15c60fe01e77c,direct,octree_nfcount,flyby,2,505,505,0.8596159816,0.1594880074,1.020320058,1.027763,1,0,-1,34265,29982,16,16,7971,26.58595157,17.07697952,512002,0,512002,34265
v2,ea89b79a9dfd35df20fed759e6d15c60fe01e77c,direct,octree_nfcount,flyby,2,506,506,0.9904639721,0.1589760035,1.150688052,1.158553,1,0,-1,34353,30059,16,16,8018,26.67420739,17.03323464,512002,0,512002,34353
v2,ea89b79a9dfd35df20fed759e6d15c60fe01e77c,direct,octree_nfcount,flyby,2,507,507,1.004703999,0.1586879939,1.164608002,1.172062,1,0,-1,34321,30031,16,16,8074,26.8855516,17.04911591,512002,0,512002,34321
v2,ea89b79a9dfd35df20fed759e6d15c60fe01e77c,direct,octree_nfcount,flyby,2,508,508,0.8550080061,0.1595200002,1.015743971,1.02338,1,0,-1,34329,30038,16,16,7914,26.34662761,17.04514282,512002,0,512002,34329
v2,ea89b79a9dfd35df20fed759e6d15c60fe01e77c,direct,octree_nfcount,flyby,2,509,509,0.9785599709,0.1577280015,1.137503982,1.144685,1,0,-1,34449,30143,16,16,8033,26.64963673,16.98576784,512002,0,512002,34449
v2,ea89b79a9dfd35df20fed759e6d15c60fe01e77c,direct,octree_nfcount,flyby,2,510,510,0.9906560183,0.1542399973,1.146111965,1.153538,1,0,-1,34241,29961,16,16,7983,26.64463803,17.08894897,512002,0,512002,34241
v2,ea89b79a9dfd35df20fed759e6d15c60fe01e77c,direct,octree_nfcount,flyby,2,511,511,0.9763839841,0.154783994,1.13241601,1.138214,1,0,-1,34377,30080,16,16,8094,26.90824468,17.02134309,512002,0,512002,34377
v2,ea89b79a9dfd35df20fed759e6d15c60fe01e77c,direct,octree_nfcount,flyby,2,512,512,0.8520640135,0.1577280015,1.011039972,1.018842,1,0,-1,34145,29877,16,16,8027,26.86682063,17.13699501,512002,0,512002,34145
v2,ea89b79a9dfd35df20fed759e6d15c60fe01e77c,direct,octree_nfcount,flyby,2,513,513,0.9928640127,0.1567360014,1.150815964,1.158748,1,0,-1,34193,29919,16,16,8024,26.81907818,17.11293827,512002,0,512002,34193
v2,ea89b79a9dfd35df20fed759e6d15c60fe01e77c,direct,octree_nfcount,flyby,2,514,514,1.003903985,0.1587519944,1.163872004,1.171408,1,0,-1,34177,29905,16,16,8008,26.77813075,17.12094967,512002,0,512002,34177
v2,ea89b79a9dfd35df20fed759e6d15c60fe01e77c,direct,octree_nfcount,flyby,2,515,515,0.8423680067,0.155392006,0.9989759922,1.006627,1,0,-1,33993,29744,16,16,7824,26.30446477,17.21362292,512002,0,512002,33993
v2,ea89b79a9dfd35df20fed759e6d15c60fe01e77c,direct,octree_nfcount,flyby,2,516,516,0.9855039716,0.1567039937,1.143424034,1.150624,1,0,-1,34241,29961,16,16,7983,26.64463803,17.08894897,512002,0,512002,34241
v2,ea89b79a9dfd35df20fed759e6d15c60fe01e77c,direct,octree_nfcount,flyby,2,517,517,0.9755839705,0.1567679942,1.133599997,1.140488,1,0,-1,34073,29814,16,16,7867,26.38693231,17.17320722,512002,0,512002,34073
v2,ea89b79a9dfd35df20fed759e6d15c60fe01e77c,direct,octree_nfcount,flyby,2,518,518,0.9844800234,0.1575679928,1.14348805,1.150914,1,0,-1,34313,30024,16,16,7955,26.49547029,17.05309086,512002,0,512002,34313
v2,ea89b79a9dfd35df20fed759e6d15c60fe01e77c,direct,octree_nfcount,flyby,2,519,519,0.8429759741,0.1534399986,0.9976320267,1.004799,1,0,-1,34249,29968,16,16,7995,26.67845702,17.08495729,512002,0,512002,34249
v2,ea89b79a9dfd35df20fed759e6d15c60fe01e77c,direct,octree_nfcount,flyby,2,520,520,0.9956480265,0.1597120017,1.156576037,1.164321,1,0,-1,34177,29905,16,16,7880,26.35010868,17.12094967,512002,0,512002,34177
v2,ea89b79a9dfd35df20fed759e6d15c60fe01e77c,direct,octree_nfcount,flyby,2,521,521,0.9915199876,0.1606400013,1.153375983,1.161286,1,0,-1,34337,30045,16,16,7971,26.53020469,17.04117158,512002,0,512002,34337
v2,ea89b79a9dfd35df20fed759e6d15c60fe01e77c,direct,octree_nfcount,flyby,2,522,522,0.8457599878,0.157664001,1.004639983,1.012301,1,0,-1,34097,29835,16,16,7795,26.12703201,17.16111949,512002,0,512002,34097
v2,ea89b79a9dfd35df20fed759e6d15c60fe01e77c,direct,octree_nfcount,flyby,2,523,523,0.9985600114,0.1617919952,1.161664009,1.169315,1,0,-1,34257,29975,16,16,7909,26.3853211,17.08096747,512002,0,512002,34257
v2,ea89b79a9dfd35df20fed759e6d15c60fe01e77c,direct,octree_nfcount,flyby,2,524,524,0.982656002,0.1572480053,1.141152024,1.148618,1,0,-1,34065,29807,16,16,7741,25.97040964,17.17724025,512002,0,512002,34065
v2,ea89b79a9dfd35df20fed759e6d15c60fe01e77c,direct,octree_nfcount,flyby,2,525,525,0.8448320031,0.1554239988,1.001503944,1.009382,1,0,-1,34185,29912,16,16,7735,25.85918695,17.11694303,512002,0,512002,34185
v2,ea89b79a9dfd35df20fed759e6d15c60fe01e77c,direct,octree_nfcount,flyby,2,526,526,0.9766719937,0.1617919952,1.139680028,1.147323,1,0,-1,34161,29891,16,16,7912,26.46950587,17.12896859,512002,0,512002,34161
v2,ea89b79a9dfd35df20fed759e6d15c60fe01e77c,direct,octree_nfcount,flyby,2,527,527,0.9817280173,0.1594240069,1.142400026,1.149235,1,0,-1,34065,29807,16,16,7751,26.0039588,17.17724025,512002,0,512002,34065
v2,ea89b79a9dfd35df20fed759e6d15c60fe01e77c,direct,octree_nfcount,flyby,2,528,528,0.979008019,0.158912003,1.139135957,1.14566,1,0,-1,34201,29926,16,16,7844,26.21132126,17.10893537,512002,0,512002,34201
v2,ea89b79a9dfd35df20fed759e6d15c60fe01e77c,direct,octree_nfcount,flyby,2,529,529,0.8385919929,0.1545920074,0.9944000244,1.001546,1,0,-1,34241,29961,16,16,7869,26.26414339,17.08894897,512002,0,512002,34241
v2,ea89b79a9dfd35df20fed759e6d15c60fe01e77c,direct,octree_nfcount,flyby,2,530,530,0.9746239781,0.1565759927,1.13241601,1.140152,1,0,-1,34297,30010,16,16,7856,26.17794069,17.06104632,512002,0,512002,34297
v2,ea89b79a9dfd35df20fed759e6d15c60fe01e77c,direct,octree_nfcount,flyby,2,531,531,0.99673599,0.1607680023,1.158720016,1.166494,1,0,-1,34393,30094,16,16,7952,26.42387187,17.0134246,512002,0,512002,34393
v2,ea89b79a9dfd35df20fed759e6d15c60fe01e77c,direct,octree_nfcount,flyby,2,532,532,0.8437439799,0.157536,1.002496004,1.00994,1,0,-1,34281,29996,16,16,7838,26.13015069,17.0690092,512002,0,512002,34281
v2,ea89b79a9dfd35df20fed759e6d15c60fe01e77c,direct,octree_nfcount,flyby,2,533,533,0.9897279739,0.1614399999,1.152384043,1.160144,1,0,-1,34273,29989,16,16,7948,26.50305112,17.07299343,512002,0,512002,34273
v2,ea89b79a9dfd35df20fed759e6d15c60fe01e77c,direct,octree_nfcount,flyby,2,534,534,0.9840319753,0.1608320028,1.146080017,1.153513,1,0,-1,34321,30031,16,16,7807,25.99647031,17.04911591,512002,0,512002,34321
v2,ea89b79a9dfd35df20fed759e6d15c60fe01e77c,direct,octree_nfcount,flyby,2,535,535,0.9817280173,0.1586560011,1.141600013,1.14902,1,0,-1,34337,30045,16,16,7915,26.34381761,17.04117158,512002,0,512002,34337
v2,ea89b79a9dfd35df20fed759e6d15c60fe01e77c,direct,octree_nfcount,flyby,2,536,536,0.8377919793,0.1586560011,0.9976639748,1.004654,1,0,-1,34385,30087,16,16,7947,26.41340114,17.01738292,512002,0,512002,34385
v2,ea89b79a9dfd35df20fed759e6d15c60fe01e77c,direct,octree_nfcount,flyby,2,537,537,0.9867839813,0.1607040018,1.148704052,1.15633,1,0,-1,34473,30164,16,16,7893,26.16695398,16.97394245,512002,0,512002,34473
v2,ea89b79a9dfd35df20fed759e6d15c60fe01e77c,direct,octree_nfcount,flyby,2,538,538,1.000031948,0.1576000005,1.158848047,1.166429,1,0,-1,34529,30213,16,16,7963,26.35620428,16.9464138,512002,0,512002,34529
v2,ea89b79a9dfd35df20fed759e6d15c60fe01e77c,direct,octree_nfcount,flyby,2,539,539,0.8607680202,0.1614719927,1.023455977,1.031123,1,0,-1,34649,30318,16,16,7890,26.02414407,16.88772346,512002,0,512002,34649
v2,ea89b79a9dfd35df20fed759e6d15c60fe01e77c,direct,octree_nfcount,flyby,2,540,540,0.9932479858,0.1576959938,1.152191997,1.159734,1,0,-1,34521,30206,16,16,7976,26.40534993,16.95034099,512002,0,512002,34521
v2,ea89b79a9dfd35df20fed759e6d15c60fe01e77c,direct,octree_nfcount,flyby,2,541,541,0.9957119823,0.1535360068,1.150527954,1.157668,1,0,-1,34441,30136,16,16,7975,26.46336607,16.9897133,512002,0,512002,34441
v2,ea89b79a9dfd35df20fed759e6d15c60fe01e77c,direct,octree_nfcount,flyby,2,542,542,0.8372160196,0.1567360014,0.9951679707,1.000942,1,0,-1,34433,30129,16,16,7821,25.95837897,16.99366059,512002,0,512002,34433
v2,ea89b79a9dfd35df20fed759e6d15c60fe01e77c,direct,octree_nfcount,flyby,2,543,543,0.9936320186,0.1554560065,1.15030396,1.157671,1,0,-1,34513,30199,16,16,7921,26.22934534,16.95427001,512002,0,512002,34513
v2,ea89b79a9dfd35df20fed759e6d15c60fe01e77c,direct,octree_nfcount,flyby,2,544,544,0.9849920273,0.1588799953,1.145087957,1.150802,1,0,-1,34297,30010,16,16,7731,25.76141286,17.06104632,512002,0,512002,34297
v2,ea89b79a9dfd35df20fed759e6d15c60fe01e77c,direct,octree_nfcount,flyby,2,545,545,0.962463975,0.1564159989,1.120095968,1.127532,1,0,-1,34193,29919,16,16,7824,26.15060664,17.11293827,512002,0,512002,34193
v2,ea89b79a9dfd35df20fed759e6d15c60fe01e77c,direct,octree_nfcount,flyby,2,546,546,0.8448640108,0.1555519998,1.001664042,1.008991,1,0,-1,34033,29779,16,16,7649,25.68588603,17.19339132,512002,0,512002,34033
v2,ea89b79a9dfd35df20fed759e6d15c60fe01e77c,direct,octree_nfcount,flyby,2,547,547,0.975744009,0.1575679928,1.134528041,1.142667,1,0,-1,33929,29688,16,16,7618,25.66019941,17.2460927,512002,0,512002,33929
v2,ea89b79a9dfd35df20fed759e6d15c60fe01e77c,direct,octree_nfcount,flyby,2,548,548,0.9777280092,0.1598400027,1.138815999,1.146658,1,0,-1,34185,29912,16,16,7695,25.72546135,17.11694303,512002,0,512002,34185
v2,ea89b79a9dfd35df20fed759e6d15c60fe01e77c,direct,octree_nfcount,flyby,2,549,549,0.9612799883,0.1618240029,1.12432003,1.130346,1,0,-1,33937,29695,16,16,7555,25.4419936,17.24202728,512002,0,512002,33937
v2,ea89b79a9dfd35df20fed759e6d15c60fe01e77c,direct,octree_nfcount,flyby,2,550,550,0.9786559939,0.1560000032,1.135872006,1.141275,1,0,-1,34041,29786,16,16,7699,25.84771369,17.1893507,512002,0,512002,34041
v2,ea89b79a9dfd35df20fed759e6d15c60fe01e77c,direct,octree_nfcount,flyby,2,551,551,0.9792960286,0.1534720063,1.13398397,1.14143,1,0,-1,33841,29611,16,16,7600,25.66613758,17.29093918,512002,0,512002,33841
v2,ea89b79a9dfd35df20fed759e6d15c60fe01e77c,direct,octree_nfcount,flyby,2,552,552,0.9595199823,0.1536639929,1.114400029,1.121558,1,0,-1,34049,29793,16,16,7618,25.56976471,17.18531199,512002,0,512002,34049
v2,ea89b79a9dfd35df20fed759e6d15c60fe01e77c,direct,octree_nfcount,flyby,2,553,553,0.9815359712,0.1594240069,1.14220798,1.149595,1,0,-1,33873,29639,16,16,7599,25.63851682,17.27460441,512002,0,512002,33873
v2,ea89b79a9dfd35df20fed759e6d15c60fe01e77c,direct,octree_nfcount,flyby,2,554,554,0.9931839705,0.1608639956,1.15526402,1.162443,1,0,-1,33761,29541,16,16,7503,25.39859856,17.33191158,512002,0,512002,33761
v2,ea89b79a9dfd35df20fed759e6d15c60fe01e77c,direct,octree_nfcount,flyby,2,555,555,0.9800320268,0.1530880034,1.134335995,1.141967,1,0,-1,34025,29772,16,16,7671,25.76582023,17.19743383,512002,0,512002,34025
v2,ea89b79a9dfd35df20fed759e6d15c60fe01e77c,direct,octree_nfcount,flyby,2,556,556,0.8443840146,0.157536,1.003136039,1.011004,1,0,-1,33801,29576,16,16,7531,25.46321342,17.31140114,512002,0,512002,33801
v2,ea89b79a9dfd35df20fed759e6d15c60fe01e77c,direct,octree_nfcount,flyby,2,557,557,0.9873279929,0.1536000073,1.142143965,1.149421,1,0,-1,33865,29632,16,16,7578,25.5737041,17.27868521,512002,0,512002,33865
v2,ea89b79a9dfd35df20fed759e6d15c60fe01e77c,direct,octree_nfcount,flyby,2,558,558,0.9936320186,0.1563840061,1.152448058,1.159201,1,0,-1,34057,29800,16,16,7667,25.72818792,17.18127517,512002,0,512002,34057
v2,ea89b79a9dfd35df20fed759e6d15c60fe01e77c,direct,octree_nfcount,flyby,2,559,559,0.8532480001,0.1607040018,1.015200019,1.022854,1,0,-1,33929,29688,16,16,7533,25.37388844,17.2460927,512002,0,512002,33929
v2,ea89b79a9dfd35df20fed759e6d15c60fe01e77c,direct,octree_nfcount,flyby,2,560,560,0.9778559804,0.1578560024,1.136927962,1.144502,1,0,-1,34113,29849,16,16,7688,25.75630674,17.15307045,512002,0,512002,34113
v2,ea89b79a9dfd35df20fed759e6d15c60fe01e77c,direct,octree_nfcount,flyby,2,561,561,0.9983040094,0.1563840061,1.155904055,1.163795,1,0,-1,33921,29681,16,16,7590,25.57191469,17.25016004,512002,0,512002,33921
v2,ea89b79a9dfd35df20fed759e6d15c60fe01e77c,direct,octree_nfcount,flyby,2,562,562,0.9811199903,0.1614080071,1.143743992,1.151926,1,0,-1,33913,29674,16,16,7569,25.507178,17.25422929,512002,0,512002,33913
v2,ea89b79a9dfd35df20fed759e6d15c60fe01e77c,direct,octree_nfcount,flyby,2,563,563,0.9737280011,0.1586879939,1.133664012,1.141054,1,0,-1,34161,29891,16,16,7715,25.81044462,17.12896859,512002,0,512002,34161
v2,ea89b79a9dfd35df20fed759e6d15c60fe01e77c,direct,octree_nfcount,flyby,2,564,564,0.9895359874,0.1557119936,1.14646399,1.154416,1,0,-1,34001,29751,16,16,7617,25.60250076,17.20957279,512002,0,512002,34001
v2,ea89b79a9dfd35df20fed759e6d15c60fe01e77c,direct,octree_nfcount,flyby,2,565,565,0.9911680222,0.1572799981,1.149695992,1.157168,1,0,-1,34321,30031,16,16,7700,25.64017182,17.04911591,512002,0,512002,34321
v2,ea89b79a9dfd35df20fed759e6d15c60fe01e77c,direct,octree_nfcount,flyby,2,566,566,0.8469439745,0.154272005,1.002431989,1.010207,1,0,-1,33977,29730,16,16,7606,25.5835856,17.22172889,512002,0,512002,33977
v2,ea89b79a9dfd35df20fed759e6d15c60fe01e77c,direct,octree_nfcount,flyby,2,567,567,0.9773120284,0.1588799953,1.137408018,1.145163,1,0,-1,34121,29856,16,16,7689,25.75361736,17.14904877,512002,0,512002,34121
v2,ea89b79a9dfd35df20fed759e6d15c60fe01e77c,direct,octree_nfcount,flyby,2,568,568,0.980256021,0.1587840021,1.140383959,1.148154,1,0,-1,33889,29653,16,16,7635,25.74781641,17.26644859,512002,0,512002,33889
v2,ea89b79a9dfd35df20fed759e6d15c60fe01e77c,direct,octree_nfcount,flyby,2,569,569,0.8407679796,0.1575040072,0.9995200038,1.007724,1,0,-1,33833,29604,16,16,7530,25.43575193,17.2950277,512002,0,512002,33833
v2,ea89b79a9dfd35df20fed759e6d15c60fe01e77c,direct,octree_nfcount,flyby,2,570,570,0.9748479724,0.1556160003,1.13171196,1.139519,1,0,-1,33841,29611,16,16,7581,25.60197224,17.29093918,512002,0,512002,33841
v2,ea89b79a9dfd35df20fed759e6d15c60fe01e77c,direct,octree_nfcount,flyby,2,571,571,0.9761919975,0.154272005,1.131680012,1.139372,1,0,-1,33921,29681,16,16,7602,25.6123446,17.25016004,512002,0,512002,33921
v2,ea89b79a9dfd35df20fed759e6d15c60fe01e77c,direct,octree_nfcount,flyby,2,572,572,0.9793599844,0.1576000005,1.138175964,1.146085,1,0,-1,34185,29912,16,16,7646,25.5616475,17.11694303,512002,0,512002,34185
v2,ea89b79a9dfd35df20fed759e6d15c60fe01e77c,direct,octree_nfcount,flyby,2,573,573,0.8377919793,0.1589760035,0.9980159998,1.00532,1,0,-1,34001,29751,16,16,7608,25.57224967,17.20957279,512002,0,512002,34001
v2,ea89b79a9dfd35df20fed759e6d15c60fe01e77c,direct,octree_nfcount,flyby,2,574,574,0.9745280147,0.1536960006,1.12943995,1.135547,1,0,-1,34065,29807,16,16,7565,25.37994431,17.17724025,512002,0,512002,34065
v2,ea89b79a9dfd35df20fed759e6d15c60fe01e77c,direct,octree_nfcount,flyby,2,575,575,0.9805439711,0.1578879952,1.139647961,1.147376,1,0,-1,34521,30206,16,16,7753,25.66708601,16.95034099,512002,0,512002,34521
v2,ea89b79a9dfd35df20fed759e6d15c60fe01e77c,direct,octree_nfcount,flyby,2,576,576,0.8395199776,0.1568000019,0.9975360036,1.005137,1,0,-1,34217,29940,16,16,7639,25.51436206,17.1009352,512002,0,512002,34217
v2,ea89b79a9dfd35df20fed759e6d15c60fe01e77c,direct,octree_nfcount,flyby,2,577,577,0.9855999947,0.1574719995,1.144287944,1.151928,1,0,-1,34113,29849,16,16,7583,25.40453617,17.15307045,512002,0,512002,34113
v2,ea89b79a9dfd35df20fed759e6d15c60fe01e77c,direct,octree_nfcount,flyby,2,578,578,0.9870399833,0.1568000019,1.145056009,1.152477,1,0,-1,34201,29926,16,16,7636,25.51627347,17.10893537,512002,0,512002,34201
v2,ea89b79a9dfd35df20fed759e6d15c60fe01e77c,direct,octree_nfcount,flyby,2,579,579,0.841983974,0.1617919952,1.004992008,1.01248,1,0,-1,34081,29821,16,16,7562,25.35796922,17.16917608,512002,0,512002,34081
v2,ea89b79a9dfd35df20fed759e6d15c60fe01e77c,direct,octree_nfcount,flyby,2,580,580,0.9777280092,0.1556160003,1.134559989,1.142143,1,0,-1,34097,29835,16,16,7692,25.7817999,17.16111949,512002,0,512002,34097
v2,ea89b79a9dfd35df20fed759e6d15c60fe01e77c,direct,octree_nfcount,flyby,2,581,581,0.9896320105,0.1618559957,1.152704,1.159429,1,0,-1,34121,29856,16,16,7638,25.58279743,17.14904877,512002,0,512002,34121
v2,ea89b79a9dfd35df20fed759e6d15c60fe01e77c,direct,octree_nfcount,flyby,2,582,582,0.979551971,0.1596480012,1.140416026,1.147817,1,0,-1,34273,29989,16,16,7743,25.81946714,17.07299343,512002,0,512002,34273
v2,ea89b79a9dfd35df20fed759e6d15c60fe01e77c,direct,octree_nfcount,flyby,2,583,583,0.9926080108,0.157792002,1.151648045,1.15845,1,0,-1,34185,29912,16,16,7741,25.87924579,17.11694303,512002,0,512002,34185
v2,ea89b79a9dfd35df20fed759e6d15c60fe01e77c,direct,octree_nfcount,flyby,2,584,584,0.990079999,0.1544319987,1.145727992,1.152844,1,0,-1,34121,29856,16,16,7705,25.80720793,17.14904877,512002,0,512002,34121
v2,ea89b79a9dfd35df20fed759e6d15c60fe01e77c,direct,octree_nfcount,flyby,2,585,585,0.9910719991,0.158912003,1.151200056,1.158424,1,0,-1,34441,30136,16,16,7775,25.79970799,16.9897133,512002,0,512002,34441
v2,ea89b79a9dfd35df20fed759e6d15c60fe01e77c,direct,octree_nfcount,flyby,2,586,586,0.8385279775,0.1576319933,0.9975360036,1.004655,1,0,-1,34097,29835,16,16,7637,25.59745266,17.16111949,512002,0,512002,34097
v2,ea89b79a9dfd35df20fed759e6d15c60fe01e77c,direct,octree_nfcount,flyby,2,587,587,0.9825919867,0.1626240015,1.146432042,1.153517,1,0,-1,34161,29891,16,16,7695,25.74353484,17.12896859,512002,0,512002,34161
v2,ea89b79a9dfd35df20fed759e6d15c60fe01e77c,direct,octree_nfcount,flyby,2,588,588,0.969983995,0.1536639929,1.124863982,1.131794,1,0,-1,34297,30010,16,16,7749,25.82139287,17.06104632,512002,0,512002,34297
v2,ea89b79a9dfd35df20fed759e6d15c60fe01e77c,direct,octree_nfcount,flyby,2,589,589,0.8450880051,0.1608960032,1.007200003,1.014506,1,0,-1,34265,29982,16,16,7617,25.40524315,17.07697952,512002,0,512002,34265
v2,ea89b79a9dfd35df20fed759e6d15c60fe01e77c,direct,octree_nfcount,flyby,2,590,590,0.9912959933,0.1545599997,1.147071958,1.154575,1,0,-1,34449,30143,16,16,7799,25.87333709,16.98576784,512002,0,512002,34449
v2,ea89b79a9dfd35df20fed759e6d15c60fe01e77c,direct,octree_nfcount,flyby,2,591,591,0.9929919839,0.1556479931,1.149855971,1.156578,1,0,-1,34137,29870,16,16,7641,25.58085035,17.14101105,512002,0,512002,34137
v2,ea89b79a9dfd35df20fed759e6d15c60fe01e77c,direct,octree_nfcount,flyby,2,592,592,0.9676160216,0.1573120058,1.126144052,1.13382,1,0,-1,34233,29954,16,16,7784,25.98651265,17.09294251,512002,0,512002,34233
v2,ea89b79a9dfd35df20fed759e6d15c60fe01e77c,direct,octree_nfcount,flyby,2,593,593,0.8634880185,0.1575679928,1.022304058,1.030074,1,0,-1,33865,29632,16,16,7660,25.85043197,17.27868521,512002,0,512002,33865
v2,ea89b79a9dfd35df20fed759e6d15c60fe01e77c,direct,octree_nfcount,flyby,2,594,594,0.9695680141,0.1568000019,1.127583981,1.13542,1,0,-1,33857,29625,16,16,7638,25.78227848,17.28276793,512002,0,512002,33857
v2,ea89b79a9dfd35df20fed759e6d15c60fe01e77c,direct,octree_nfcount,flyby,2,595,595,0.9884160161,0.1586560011,1.148480058,1.155729,1,0,-1,33977,29730,16,16,7645,25.71476623,17.22172889,512002,0,512002,33977
v2,ea89b79a9dfd35df20fed759e6d15c60fe01e77c,direct,octree_nfcount,flyby,2,596,596,0.8432959914,0.1565120071,1.001024008,1.008501,1,0,-1,33985,29737,16,16,7513,25.2648216,17.21767495,512002,0,512002,33985
v2,ea89b79a9dfd35df20fed759e6d15c60fe01e77c,direct,octree_nfcount,flyby,2,597,597,0.9815359712,0.1583359987,1.141088009,1.148675,1,0,-1,33969,29723,16,16,7639,25.70063587,17.22578475,512002,0,512002,33969
v2,ea89b79a9dfd35df20fed759e6d15c60fe01e77c,direct,octree_nfcount,flyby,2,598,598,0.9863680005,0.1617279947,1.149343967,1.15671,1,0,-1,33937,29695,16,16,7620,25.66088567,17.24202728,512002,0,512002,33937
v2,ea89b79a9dfd35df20fed759e6d15c60fe01e77c,direct,octree_nfcount,flyby,2,599,599,0.8457919955,0.1532800049,1.000319958,1.008199,1,0,-1,34073,29814,16,16,7474,25.06875964,17.17320722,512002,0,512002,34073
v2,ea89b79a9dfd35df20fed759e6d15c60fe01e77c,direct,octree_nfcount,flyby,2,600,600,0.9816960096,0.1557119936,1.13865602,1.14584,1,0,-1,34361,30066,16,16,7652,25.45067518,17.02926894,512002,0,512002,34361
v2,ea89b79a9dfd35df20fed759e6d15c60fe01e77c,direct,octree_nfcount,flyby,2,601,601,0.9794880152,0.157407999,1.138111949,1.14593,1,0,-1,34249,29968,16,16,7623,25.43713294,17.08495729,512002,0,512002,34249
v2,ea89b79a9dfd35df20fed759e6d15c60fe01e77c,direct,octree_nfcount,flyby,2,602,602,0.9776639938,0.1596480012,1.138560057,1.146255,1,0,-1,34065,29807,16,16,7569,25.39336397,17.17724025,512002,0,512002,34065
v2,ea89b79a9dfd35df20fed759e6d15c60fe01e77c,direct,octree_nfcount,flyby,2,603,603,0.9807360172,0.1583359987,1.140287995,1.148797,1,0,-1,34353,30059,16,16,7758,25.80924182,17.03323464,512002,0,512002,34353
v2,ea89b79a9dfd35df20fed759e6d15c60fe01e77c,direct,octree_nfcount,flyby,2,604,604,1.002431989,0.1555519998,1.159199953,1.167112,1,0,-1,34089,29828,16,16,7577,25.40230656,17.16514684,512002,0,512002,34089
v2,ea89b79a9dfd35df20fed759e6d15c60fe01e77c,direct,octree_nfcount,flyby,2,605,605,0.9706879854,0.1530559957,1.124959946,1.13257,1,0,-1,34249,29968,16,16,7625,25.44380673,17.08495729,512002,0,512002,34249
v2,ea89b79a9dfd35df20fed759e6d15c60fe01e77c,direct,octree_nfcount,flyby,2,606,606,0.8541439772,0.155520007,1.010879993,1.018664,1,0,-1,34073,29814,16,16,7577,25.41423492,17.17320722,512002,0,512002,34073
v2,ea89b79a9dfd35df20fed759e6d15c60fe01e77c,direct,octree_nfcount,flyby,2,607,607,0.9775679708,0.1566399932,1.135424018,1.143235,1,0,-1,34241,29961,16,16,7680,25.63332332,17.08894897,512002,0,512002,34241
v2,ea89b79a9dfd35df20fed759e6d15c60fe01e77c,direct,octree_nfcount,flyby,2,608,608,0.993983984,0.1596480012,1.15484798,1.162589,1,0,-1,34329,30038,16,16,7784,25.91384247,17.04514282,512002,0,512002,34329
v2,ea89b79a9dfd35df20fed759e6d15c60fe01e77c,direct,octree_nfcount,flyby,2,609,609,0.8551359773,0.1554879993,1.011872053,1.020031,1,0,-1,34273,29989,16,16,7556,25.19590517,17.07299343,512002,0,512002,34273
v2,ea89b79a9dfd35df20fed759e6d15c60fe01e77c,direct,octree_nfcount,flyby,2,610,610,0.9752320051,0.1595840007,1.136031985,1.143856,1,0,-1,34249,29968,16,16,7697,25.684063,17.08495729,512002,0,512002,34249
v2,ea89b79a9dfd35df20fed759e6d15c60fe01e77c,direct,octree_nfcount,flyby,2,611,611,0.9940479994,0.1606400013,1.155904055,1.163364,1,0,-1,34265,29982,16,16,7681,25.61870456,17.07697952,512002,0,512002,34265
v2,ea89b79a9dfd35df20fed759e6d15c60fe01e77c,direct,octree_nfcount,flyby,2,612,612,0.8609920144,0.1544319987,1.016672015,1.024212,1,0,-1,34489,30178,16,16,7745,25.66439128,16.966068,512002,0,512002,34489
v2,ea89b79a9dfd35df20fed759e6d15c60fe01e77c,direct,octree_nfcount,flyby,2,613,613,0.9990400076,0.1576319933,1.157888055,1.164976,1,0,-1,34385,30087,16,16,7774,25.83840197,17.01738292,512002,0,512002,34385
v2,ea89b79a9dfd35df20fed759e6d15c60fe01e77c,direct,octree_nfcount,flyby,2,614,614,1.003391981,0.1585920006,1.163200021,1.170728,1,0,-1,34273,29989,16,16,7666,25.56270633,17.07299343,512002,0,512002,34273
v2,ea89b79a9dfd35df20fed759e6d15c60fe01e77c,direct,octree_nfcount,flyby,2,615,615,0.9997760057,0.1605760008,1.161599994,1.169497,1,0,-1,34361,30066,16,16,7780,25.87640524,17.02926894,512002,0,512002,34361
v2,ea89b79a9dfd35df20fed759e6d15c60fe01e77c,direct,octree_nfcount,flyby,2,616,616,0.9820799828,0.1525440067,1.135840058,1.142156,1,0,-1,34145,29877,16,16,7658,25.63175687,17.13699501,512002,0,512002,34145
v2,ea89b79a9dfd35df20fed759e6d15c60fe01e77c,direct,octree_nfcount,flyby,2,617,617,0.9908800125,0.1587840021,1.150912046,1.158157,1,0,-1,34089,29828,16,16,7650,25.64704305,17.16514684,512002,0,512002,34089
v2,ea89b79a9dfd35df20fed759e6d15c60fe01e77c,direct,octree_nfcount,flyby,2,618,618,0.9942079782,0.1565759927,1.15199995,1.159418,1,0,-1,34105,29842,16,16,7809,26.16781717,17.15709403,512002,0,512002,34105
v2,ea89b79a9dfd35df20fed759e6d15c60fe01e77c,direct,octree_nfcount,flyby,2,619,619,0.9750720263,0.1534720063,1.129760027,1.137336,1,0,-1,33849,29618,16,16,7603,25.67020055,17.28685259,512002,0,512002,33849
v2,ea89b79a9dfd35df20fed759e6d15c60fe01e77c,direct,octree_nfcount,flyby,2,620,620,0.9672960043,0.1586879939,1.127328038,1.134787,1,0,-1,33977,29730,16,16,7670,25.79885637,17.22172889,512002,0,512002,33977
v2,ea89b79a9dfd35df20fed759e6d15c60fe01e77c,direct,octree_nfcount,flyby,2,621,621,0.9750720263,0.1564799994,1.132799983,1.140358,1,0,-1,34129,29863,16,16,7715,25.83464488,17.14502897,512002,0,512002,34129
v2,ea89b79a9dfd35df20fed759e6d15c60fe01e77c,direct,octree_nfcount,flyby,2,622,622,0.9777920246,0.1553280056,1.134335995,1.142315,1,0,-1,33921,29681,16,16,7615,25.65614366,17.25016004,512002,0,512002,33921
v2,ea89b79a9dfd35df20fed759e6d15c60fe01e77c,direct,octree_nfcount,flyby,2,623,623,0.9988800287,0.1554879993,1.155583978,1.163481,1,0,-1,34217,29940,16,16,7662,25.59118236,17.1009352,512002,0,512002,34217
v2,ea89b79a9dfd35df20fed759e6d15c60fe01e77c,direct,octree_nfcount,flyby,2,624,624,0.966719985,0.1555519998,1.123520017,1.130706,1,0,-1,33833,29604,16,16,7517,25.39183894,17.2950277,512002,0,512002,33833
v2,ea89b79a9dfd35df20fed759e6d15c60fe01e77c,direct,octree_nfcount,flyby,2,625,625,0.9811840057,0.1563200057,1.138751984,1.146178,1,0,-1,34057,29800,16,16,7555,25.35234899,17.18127517,512002,0,512002,34057
v2,ea89b79a9dfd35df20fed759e6d15c60fe01e77c,direct,octree_nfcount,flyby,2,626,626,0.8499199748,0.1608320028,1.011968017,1.019175,1,0,-1,33929,29688,16,16,7502,25.26946915,17.2460927,512002,0,512002,33929
v2,ea89b79a9dfd35df20fed759e6d15c60fe01e77c,direct,octree_nfcount,flyby,2,627,627,0.9869440198,0.1555519998,1.143743992,1.15105,1,0,-1,34049,29793,16,16,7479,25.10321216,17.18531199,512002,0,512002,34049
v2,ea89b79a9dfd35df20fed759e6d15c60fe01e77c,direct,octree_nfcount,flyby,2,628,628,1.011327982,0.1566720009,1.169280052,1.176869,1,0,-1,34257,29975,16,16,7594,25.33444537,17.08096747,512002,0,512002,34257
v2,ea89b79a9dfd35df20fed759e6d15c60fe01e77c,direct,octree_nfcount,flyby,2,629,629,0.851616025,0.157664001,1.010527968,1.018277,1,0,-1,33993,29744,16,16,7509,25.24542765,17.21362292,512002,0,512002,33993
v2,ea89b79a9dfd35df20fed759e6d15c60fe01e77c,direct,octree_nfcount,flyby,2,630,630,1.000959992,0.1524800062,1.154623985,1.162481,1,0,-1,34113,29849,16,16,7597,25.45143891,17.15307045,512002,0,512002,34113
v2,ea89b79a9dfd35df20fed759e6d15c60fe01e77c,direct,octree_nfcount,flyby,2,631,631,1.007840037,0.1594880074,1.168544054,1.175876,1,0,-1,34241,29961,16,16,7633,25.47645272,17.08894897,512002,0,512002,34241
v2,ea89b79a9dfd35df20fed759e6d15c60fe01e77c,direct,octree_nfcount,flyby,2,632,632,0.8486719728,0.1556479931,1.005568027,1.013385,1,0,-1,34153,29884,16,16,7475,25.01338509,17.13298086,512002,0,512002,34153
v2,ea89b79a9dfd35df20fed759e6d15c60fe01e77c,direct,octree_nfcount,flyby,2,633,633,0.9781119823,0.1544959992,1.133856058,1.141657,1,0,-1,34209,29933,16,16,7646,25.5437143,17.10493435,512002,0,512002,34209
v2,ea89b79a9dfd35df20fed759e6d15c60fe01e77c,direct,octree_nfcount,flyby,2,634,634,0.9860479832,0.154783994,1.142079949,1.149737,1,0,-1,34289,30003,16,16,7604,25.34413225,17.06502683,512002,0,512002,34289
v2,ea89b79a9dfd35df20fed759e6d15c60fe01e77c,direct,octree_nfcount,flyby,2,635,635,0.9667519927,0.1572480053,1.125247955,1.132566,1,0,-1,34281,29996,16,16,7614,25.38338445,17.0690092,512002,0,512002,34281
v2,ea89b79a9dfd35df20fed759e6d15c60fe01e77c,direct,octree_nfcount,flyby,2,636,636,0.9820479751,0.157407999,1.140671968,1.148178,1,0,-1,34113,29849,16,16,7626,25.54859459,17.15307045,512002,0,512002,34113
v2,ea89b79a9dfd35df20fed759e6d15c60fe01e77c,direct,octree_nfcount,flyby,2,637,637,0.9738559723,0.155520007,1.130624056,1.137771,1,0,-1,34057,29800,16,16,7535,25.2852349,17.18127517,512002,0,512002,34057
v2,ea89b79a9dfd35df20fed759e6d15c60fe01e77c,direct,octree_nfcount,flyby,2,638,638,0.9783679843,0.157792002,1.137408018,1.145088,1,0,-1,34345,30052,16,16,7670,25.52242779,17.03720218,512002,0,512002,34345
v2,ea89b79a9dfd35df20fed759e6d15c60fe01e77c,direct,octree_nfcount,flyby,2,639,639,0.8369600177,0.1535679996,0.9918400049,0.998874,1,0,-1,34161,29891,16,16,7594,25.40564049,17.12896859,512002,0,512002,34161
v2,ea89b79a9dfd35df20fed759e6d15c60fe01e77c,direct,octree_nfcount,flyby,2,640,640,0.9728320241,0.1535039991,1.127552032,1.133981,1,0,-1,34185,29912,16,16,7527,25.16381385,17.11694303,512002,0,512002,34185
v2,ea89b79a9dfd35df20fed759e6d15c60fe01e77c,direct,octree_nfcount,flyby,2,641,641,0.9808319807,0.1586560011,1.140735984,1.148282,1,0,-1,34433,30129,16,16,7720,25.62315377,16.99366059,512002,0,512002,34433
v2,ea89b79a9dfd35df20fed759e6d15c60fe01e77c,direct,octree_nfcount,flyby,2,642,642,0.8404160142,0.1566080004,0.998239994,1.004973,1,0,-1,34209,29933,16,16,7538,25.1829085,17.10493435,512002,0,512002,34209
v2,ea89b79a9dfd35df20fed759e6d15c60fe01e77c,direct,octree_nfcount,flyby,2,643,643,0.9774079919,0.1534080058,1.132032037,1.13974,1,0,-1,34289,30003,16,16,7586,25.28413825,17.06502683,512002,0,512002,34289
v2,ea89b79a9dfd35df20fed759e6d15c60fe01e77c,direct,octree_nfcount,flyby,2,644,644,0.996991992,0.1546880007,1.152896047,1.160149,1,0,-1,34345,30052,16,16,7725,25.7054439,17.03720218,512002,0,512002,34345
v2,ea89b79a9dfd35df20fed759e6d15c60fe01e77c,direct,octree_nfcount,flyby,2,645,645,0.8517439961,0.1665599942,1.019551992,1.02725,1,0,-1,34417,30115,16,16,7546,25.05728043,17.00156068,512002,0,512002,34417
v2,ea89b79a9dfd35df20fed759e6d15c60fe01e77c,direct,octree_nfcount,flyby,2,646,646,0.984160006,0.1543679982,1.139744043,1.146917,1,0,-1,34257,29975,16,16,7645,25.50458716,17.08096747,512002,0,512002,34257
v2,ea89b79a9dfd35df20fed759e6d15c60fe01e77c,direct,octree_nfcount,flyby,2,647,647,0.978399992,0.159551993,1.139168024,1.146848,1,0,-1,34257,29975,16,16,7550,25.18765638,17.08096747,512002,0,512002,34257
v2,ea89b79a9dfd35df20fed759e6d15c60fe01e77c,direct,octree_nfcount,flyby,2,648,648,0.9888640046,0.1615680009,1.151679993,1.159413,1,0,-1,34217,29940,16,16,7576,25.30394122,17.1009352,512002,0,512002,34217
v2,ea89b79a9dfd35df20fed759e6d15c60fe01e77c,direct,octree_nfcount,flyby,2,649,649,0.9864640236,0.1536960006,1.141376019,1.148862,1,0,-1,34225,29947,16,16,7637,25.5017197,17.09693792,512002,0,512002,34225
v2,ea89b79a9dfd35df20fed759e6d15c60fe01e77c,direct,octree_nfcount,flyby,2,650,650,0.9814720154,0.1584320068,1.14121604,1.148546,1,0,-1,34257,29975,16,16,7557,25.21100917,17.08096747,512002,0,512002,34257
v2,ea89b79a9dfd35df20fed759e6d15c60fe01e77c,direct,octree_nfcount,flyby,2,651,651,0.9813759923,0.1587840021,1.141407967,1.148687,1,0,-1,34409,30108,16,16,7651,25.41185067,17.00551348,512002,0,512002,34409
v2,ea89b79a9dfd35df20fed759e6d15c60fe01e77c,direct,octree_nfcount,flyby,2,652,652,0.849247992,0.1607680023,1.011232018,1.018438,1,0,-1,34329,30038,16,16,7588,25.26133564,17.04514282,512002,0,512002,34329
v2,ea89b79a9dfd35df20fed759e6d15c60fe01e77c,direct,octree_nfcount,flyby,2,653,653,0.9951999784,0.1574400067,1.153856039,1.161058,1,0,-1,34305,30017,16,16,7575,25.23569977,17.05706766,512002,0,512002,34305
v2,ea89b79a9dfd35df20fed759e6d15c60fe01e77c,direct,octree_nfcount,flyby,2,654,654,0.9880959988,0.157536,1.146847963,1.154919,1,0,-1,34401,30101,16,16,7638,25.37457227,17.00946812,512002,0,512002,34401
v2,ea89b79a9dfd35df20fed759e6d15c60fe01e77c,direct,octree_nfcount,flyby,2,655,655,0.8520320058,0.1627520025,1.016000032,1.024177,1,0,-1,34289,30003,16,16,7469,24.89417725,17.06502683,512002,0,512002,34289
v2,ea89b79a9dfd35df20fed759e6d15c60fe01e77c,direct,octree_nfcount,flyby,2,656,656,0.9738240242,0.1598400027,1.134879947,1.140976,1,0,-1,34361,30066,16,16,7648,25.43737112,17.02926894,512002,0,512002,34361
v2,ea89b79a9dfd35df20fed759e6d15c60fe01e77c,direct,octree_nfcount,flyby,2,657,657,0.996991992,0.1568000019,1.155040026,1.162552,1,0,-1,34465,30157,16,16,7631,25.30424114,16.97788242,512002,0,512002,34465
v2,ea89b79a9dfd35df20fed759e6d15c60fe01e77c,direct,octree_nfcount,flyby,2,658,658,0.8614400029,0.1535679996,1.016224027,1.023745,1,0,-1,34337,30045,16,16,7565,25.17889832,17.04117158,512002,0,512002,34337
v2,ea89b79a9dfd35df20fed759e6d15c60fe01e77c,direct,octree_nfcount,flyby,2,659,659,0.9861760139,0.1554239988,1.142815948,1.150242,1,0,-1,34145,29877,16,16,7510,25.13639254,17.13699501,512002,0,512002,34145
v2,ea89b79a9dfd35df20fed759e6d15c60fe01e77c,direct,octree_nfcount,flyby,2,660,660,0.9892479777,0.1577599943,1.148223996,1.155077,1,0,-1,34001,29751,16,16,7425,24.9571443,17.20957279,512002,0,512002,34001
v2,ea89b79a9dfd35df20fed759e6d15c60fe01e77c,direct,octree_nfcount,flyby,2,661,661,0.9751039743,0.1613759995,1.137727976,1.145161,1,0,-1,34209,29933,16,16,7549,25.21965723,17.10493435,512002,0,512002,34209
v2,ea89b79a9dfd35df20fed759e6d15c60fe01e77c,direct,octree_nfcount,flyby,2,662,662,0.8430719972,0.1562560052,1.000576019,1.008216,1,0,-1,34057,29800,16,16,7579,25.43288591,17.18127517,512002,0,512002,34057
v2,ea89b79a9dfd35df20fed759e6d15c60fe01e77c,direct,octree_nfcount,flyby,2,663,663,0.9745280147,0.1597120017,1.135455966,1.143077,1,0,-1,34225,29947,16,16,7477,24.96744248,17.09693792,512002,0,512002,34225
v2,ea89b79a9dfd35df20fed759e6d15c60fe01e77c,direct,octree_nfcount,flyby,2,664,664,0.9771839976,0.1635839939,1.141983986,1.149808,1,0,-1,34409,30108,16,16,7581,25.17935432,17.00551348,512002,0,512002,34409
v2,ea89b79a9dfd35df20fed759e6d15c60fe01e77c,direct,octree_nfcount,flyby,2,665,665,0.8487359881,0.1566399932,1.006623983,1.012948,1,0,-1,34113,29849,16,16,7441,24.92880834,17.15307045,512002,0,512002,34113
v2,ea89b79a9dfd35df20fed759e6d15c60fe01e77c,direct,octree_nfcount,flyby,2,666,666,0.9868479967,0.1628479958,1.150943995,1.158097,1,0,-1,34289,30003,16,16,7450,24.83085025,17.06502683,512002,0,512002,34289
v2,ea89b79a9dfd35df20fed759e6d15c60fe01e77c,direct,octree_nfcount,flyby,2,667,667,0.9894400239,0.1607680023,1.15142405,1.158806,1,0,-1,34225,29947,16,16,7605,25.39486426,17.09693792,512002,0,512002,34225
v2,ea89b79a9dfd35df20fed759e6d15c60fe01e77c,direct,octree_nfcount,flyby,2,668,668,0.8519679904,0.1576319933,1.010815978,1.018582,1,0,-1,34273,29989,16,16,7480,24.94247891,17.07299343,512002,0,512002,34273
v2,ea89b79a9dfd35df20fed759e6d15c60fe01e77c,direct,octree_nfcount,flyby,2,669,669,0.9837120175,0.1574400067,1.142367959,1.149945,1,0,-1,34153,29884,16,16,7581,25.36808995,17.13298086,512002,0,512002,34153
v2,ea89b79a9dfd35df20fed759e6d15c60fe01e77c,direct,octree_nfcount,flyby,2,670,670,1.00454402,0.1584320068,1.164191961,1.171636,1,0,-1,34569,30248,16,16,7690,25.42316847,16.92680508,512002,0,512002,34569
v2,ea89b79a9dfd35df20fed759e6d15c60fe01e77c,direct,octree_nfcount,flyby,2,671,671,0.8405759931,0.1575040072,0.9992960095,1.0067,1,0,-1,34217,29940,16,16,7506,25.07014028,17.1009352,512002,0,512002,34217
v2,ea89b79a9dfd35df20fed759e6d15c60fe01e77c,direct,octree_nfcount,flyby,2,672,672,0.9997439981,0.1618240029,1.162816048,1.17068,1,0,-1,34209,29933,16,16,7594,25.36999298,17.10493435,512002,0,512002,34209
v2,ea89b79a9dfd35df20fed759e6d15c60fe01e77c,direct,octree_nfcount,flyby,2,673,673,0.9911360145,0.1596159935,1.151968002,1.159739,1,0,-1,34281,29996,16,16,7608,25.36338178,17.0690092,512002,0,512002,34281
v2,ea89b79a9dfd35df20fed759e6d15c60fe01e77c,direct,octree_nfcount,flyby,2,674,674,0.9837759733,0.1586879939,1.143679976,1.151629,1,0,-1,34521,30206,16,16,7671,25.39561676,16.95034099,512002,0,512002,34521
v2,ea89b79a9dfd35df20fed759e6d15c60fe01e77c,direct,octree_nfcount,flyby,2,675,675,0.9845119715,0.1576319933,1.143360019,1.150792,1,0,-1,34369,30073,16,16,7708,25.63096465,17.02530509,512002,0,512002,34369
v2,ea89b79a9dfd35df20fed759e6d15c60fe01e77c,direct,octree_nfcount,flyby,2,676,676,0.986815989,0.1729920059,1.161056042,1.16851,1,0,-1,34233,29954,16,16,7564,25.25205315,17.09294251,512002,0,512002,34233
v2,ea89b79a9dfd35df20fed759e6d15c60fe01e77c,direct,octree_nfcount,flyby,2,677,677,0.9946879745,0.1597120017,1.155647993,1.163014,1,0,-1,34177,29905,16,16,7624,25.49406454,17.12094967,512002,0,512002,34177
v2,ea89b79a9dfd35df20fed759e6d15c60fe01e77c,direct,octree_nfcount,flyby,2,678,678,0.844991982,0.1594559997,1.005696058,1.013654,1,0,-1,34105,29842,16,16,7501,25.13571476,17.15709403,512002,0,512002,34105
v2,ea89b79a9dfd35df20fed759e6d15c60fe01e77c,direct,octree_nfcount,flyby,2,679,679,0.9962239861,0.1613759995,1.15881598,1.166808,1,0,-1,34225,29947,16,16,7578,25.30470498,17.09693792,512002,0,512002,34225
v2,ea89b79a9dfd35df20fed759e6d15c60fe01e77c,direct,octree_nfcount,flyby,2,680,680,0.9872320294,0.1657920033,1.15427196,1.1614,1,0,-1,34513,30199,16,16,7785,25.7789993,16.95427001,512002,0,512002,34513
v2,ea89b79a9dfd35df20fed759e6d15c60fe01e77c,direct,octree_nfcount,flyby,2,681,681,0.8459839821,0.1586239934,1.00582397,1.01311,1,0,-1,34241,29961,16,16,7527,25.12265946,17.08894897,512002,0,512002,34241
v2,ea89b79a9dfd35df20fed759e6d15c60fe01e77c,direct,octree_nfcount,flyby,2,682,682,1.001440048,0.1595200002,1.162176013,1.169658,1,0,-1,34281,29996,16,16,7671,25.57340979,17.0690092,512002,0,512002,34281
v2,ea89b79a9dfd35df20fed759e6d15c60fe01e77c,direct,octree_nfcount,flyby,2,683,683,1.006271958,0.1616320014,1.169152021,1.176808,1,0,-1,34369,30073,16,16,7691,25.57443554,17.02530509,512002,0,512002,34369
v2,ea89b79a9dfd35df20fed759e6d15c60fe01e77c,direct,octree_nfcount,flyby,2,684,684,0.8445760012,0.1617279947,1.00751996,1.015058,1,0,-1,34281,29996,16,16,7589,25.30004001,17.0690092,512002,0,512002,34281
v2,ea89b79a9dfd35df20fed759e6d15c60fe01e77c,direct,octree_nfcount,flyby,2,685,685,0.9862400293,0.1644800007,1.151968002,1.159754,1,0,-1,34313,30024,16,16,7646,25.46629363,17.05309086,512002,0,512002,34313
v2,ea89b79a9dfd35df20fed759e6d15c60fe01e77c,direct,octree_nfcount,flyby,2,686,686,0.9949120283,0.1596480012,1.155776024,1.163033,1,0,-1,34249,29968,16,16,7556,25.21356113,17.08495729,512002,0,512002,34249
v2,ea89b79a9dfd35df20fed759e6d15c60fe01e77c,direct,octree_nfcount,flyby,2,687,687,0.979903996,0.1617600024,1.142879963,1.151246,1,0,-1,34633,30304,16,16,7673,25.32008976,16.89552534,512002,0,512002,34633
v2,ea89b79a9dfd35df20fed759e6d15c60fe01e77c,direct,octree_nfcount,flyby,2,688,688,0.9978240132,0.1554879993,1.15455997,1.161885,1,0,-1,34193,29919,16,16,7653,25.57906347,17.11293827,512002,0,512002,34193
v2,ea89b79a9dfd35df20fed759e6d15c60fe01e77c,direct,octree_nfcount,flyby,2,689,689,0.9846079946,0.1602559984,1.146080017,1.153386,1,0,-1,34177,29905,16,16,7546,25.23323859,17.12094967,512002,0,512002,34177
v2,ea89b79a9dfd35df20fed759e6d15c60fe01e77c,direct,octree_nfcount,flyby,2,690,690,0.9770879745,0.1556800008,1.13398397,1.141597,1,0,-1,34441,30136,16,16,7669,25.44796921,16.9897133,512002,0,512002,34441
v2,ea89b79a9dfd35df20fed759e6d15c60fe01e77c,direct,octree_nfcount,flyby,2,691,691,0.8346239924,0.1584320068,0.9942719936,1.001543,1,0,-1,34249,29968,16,16,7558,25.22023492,17.08495729,512002,0,512002,34249
v2,ea89b79a9dfd35df20fed759e6d15c60fe01e77c,direct,octree_nfcount,flyby,2,692,692,0.9856320024,0.1636800021,1.150527954,1.15855,1,0,-1,34185,29912,16,16,7401,24.74257823,17.11694303,512002,0,512002,34185
v2,ea89b79a9dfd35df20fed759e6d15c60fe01e77c,direct,octree_nfcount,flyby,2,693,693,0.9975680113,0.1616960019,1.160480022,1.168347,1,0,-1,34289,30003,16,16,7433,24.77418925,17.06502683,512002,0,512002,34289
v2,ea89b79a9dfd35df20fed759e6d15c60fe01e77c,direct,octree_nfcount,flyby,2,694,694,0.8449599743,0.1606719941,1.006880045,1.014446,1,0,-1,34177,29905,16,16,7321,24.48085604,17.12094967,512002,0,512002,34177
v2,ea89b79a9dfd35df20fed759e6d15c60fe01e77c,direct,octree_nfcount,flyby,2,695,695,0.9847679734,0.1564480066,1.142431974,1.15009,1,0,-1,34065,29807,16,16,7365,24.70896098,17.17724025,512002,0,512002,34065
v2,ea89b79a9dfd35df20fed759e6d15c60fe01e77c,direct,octree_nfcount,flyby,2,696,696,0.9881920218,0.1575679928,1.146975994,1.154871,1,0,-1,33953,29709,16,16,7320,24.63899828,17.23390218,512002,0,512002,33953
v2,ea89b79a9dfd35df20fed759e6d15c60fe01e77c,direct,octree_nfcount,flyby,2,697,697,0.8441600204,0.157664001,1.003039956,1.011038,1,0,-1,34049,29793,16,16,7153,24.0089954,17.18531199,512002,0,512002,34049
v2,ea89b79a9dfd35df20fed759e6d15c60fe01e77c,direct,octree_nfcount,flyby,2,698,698,0.9809600115,0.1614399999,1.143615961,1.15124,1,0,-1,34121,29856,16,16,7341,24.58802251,17.14904877,512002,0,512002,34121
v2,ea89b79a9dfd35df20fed759e6d15c60fe01e77c,direct,octree_nfcount,flyby,2,699,699,0.986815989,0.162560001,1.150624037,1.157954,1,0,-1,34129,29863,16,16,7332,24.55212135,17.14502897,512002,0,512002,34129
v2,ea89b79a9dfd35df20fed759e6d15c60fe01e77c,direct,octree_nfcount,flyby,2,700,700,0.8365120292,0.1564159989,0.9941759706,1.001732,1,0,-1,33809,29583,16,16,7163,24.21323057,17.30730487,512002,0,512002,33809
v2,ea89b79a9dfd35df20fed759e6d15c60fe01e77c,direct,octree_nfcount,flyby,2,701,701,0.9805439711,0.1616639942,1.143424034,1.151196,1,0,-1,34025,29772,16,16,7309,24.54991267,17.19743383,512002,0,512002,34025
v2,ea89b79a9dfd35df20fed759e6d15c60fe01e77c,direct,octree_nfcount,flyby,2,702,702,0.9939519763,0.1596159935,1.154783964,1.162829,1,0,-1,33873,29639,16,16,7208,24.31930902,17.27460441,512002,0,512002,33873
v2,ea89b79a9dfd35df20fed759e6d15c60fe01e77c,direct,octree_nfcount,flyby,2,703,703,0.9696000218,0.1617919952,1.132799983,1.140703,1,0,-1,33945,29702,16,16,7228,24.33506161,17.23796377,512002,0,512002,33945
v2,ea89b79a9dfd35df20fed759e6d15c60fe01e77c,direct,octree_nfcount,flyby,2,704,704,0.9648000002,0.157536,1.123648047,1.131631,1,0,-1,33817,29590,16,16,7249,24.49814126,17.30321054,512002,0,512002,33817
v2,ea89b79a9dfd35df20fed759e6d15c60fe01e77c,direct,octree_nfcount,flyby,2,705,705,0.9853760004,0.159807995,1.146399975,1.153984,1,0,-1,34009,29758,16,16,7201,24.19853485,17.20552456,512002,0,512002,34009
v2,ea89b79a9dfd35df20fed759e6d15c60fe01e77c,direct,octree_nfcount,flyby,2,706,706,0.9852480292,0.1594880074,1.145951986,1.15351,1,0,-1,34089,29828,16,16,7317,24.53064235,17.16514684,512002,0,512002,34089
v2,ea89b79a9dfd35df20fed759e6d15c60fe01e77c,direct,octree_nfcount,flyby,2,707,707,0.8402559757,0.1564159989,0.9979199767,1.00557,1,0,-1,33929,29688,16,16,7285,24.53853409,17.2460927,512002,0,512002,33929
v2,ea89b79a9dfd35df20fed759e6d15c60fe01e77c,direct,octree_nfcount,flyby,2,708,708,0.9856320024,0.1615359932,1.148512006,1.156065,1,0,-1,33937,29695,16,16,7260,24.44856036,17.24202728,512002,0,512002,33937
v2,ea89b79a9dfd35df20fed759e6d15c60fe01e77c,direct,octree_nfcount,flyby,2,709,709,0.9786880016,0.1575040072,1.137408018,1.144926,1,0,-1,34017,29765,16,16,7353,24.70351083,17.20147825,512002,0,512002,34017
v2,ea89b79a9dfd35df20fed759e6d15c60fe01e77c,direct,octree_nfcount,flyby,2,710,710,0.8360000253,0.1565439999,0.9937919974,1.001715,1,0,-1,33865,29632,16,16,7174,24.21031317,17.27868521,512002,0,512002,33865
v2,ea89b79a9dfd35df20fed759e6d15c60fe01e77c,direct,octree_nfcount,flyby,2,711,711,0.9825279713,0.1566720009,1.140416026,1.148269,1,0,-1,34065,29807,16,16,7404,24.83980273,17.17724025,512002,0,512002,34065
v2,ea89b79a9dfd35df20fed759e6d15c60fe01e77c,direct,octree_nfcount,flyby,2,712,712,0.9963520169,0.1577280015,1.155295968,1.162642,1,0,-1,34001,29751,16,16,7314,24.5840476,17.20957279,512002,0,512002,34001
v2,ea89b79a9dfd35df20fed759e6d15c60fe01e77c,direct,octree_nfcount,flyby,2,713,713,0.8443199992,0.1574719995,1.003039956,1.009693,1,0,-1,33945,29702,16,16,7254,24.4225978,17.23796377,512002,0,512002,33945
v2,ea89b79a9dfd35df20fed759e6d15c60fe01e77c,direct,octree_nfcount,flyby,2,714,714,0.9655359983,0.1597120017,1.126495957,1.133664,1,0,-1,33977,29730,16,16,7388,24.85031954,17.22172889,512002,0,512002,33977
v2,ea89b79a9dfd35df20fed759e6d15c60fe01e77c,direct,octree_nfcount,flyby,2,715,715,0.9905599952,0.159807995,1.151584029,1.158347,1,0,-1,34073,29814,16,16,7388,24.78030455,17.17320722,512002,0,512002,34073
v2,ea89b79a9dfd35df20fed759e6d15c60fe01e77c,direct,octree_nfcount,flyby,2,716,716,0.9606080055,0.1586560011,1.120479941,1.127618,1,0,-1,34129,29863,16,16,7377,24.7028095,17.14502897,512002,0,512002,34129
v2,ea89b79a9dfd35df20fed759e6d15c60fe01e77c,direct,octree_nfcount,flyby,2,717,717,0.9787200093,0.1566399932,1.136608005,1.144104,1,0,-1,34081,29821,16,16,7499,25.1467087,17.16917608,512002,0,512002,34081
v2,ea89b79a9dfd35df20fed759e6d15c60fe01e77c,direct,octree_nfcount,flyby,2,718,718,0.9801279902,0.1576959938,1.139039993,1.146892,1,0,-1,34169,29898,16,16,7336,24.53675831,17.12495819,512002,0,512002,34169
v2,ea89b79a9dfd35df20fed759e6d15c60fe01e77c,direct,octree_nfcount,flyby,2,719,719,0.9881600142,0.1594880074,1.148864031,1.157091,1,0,-1,34201,29926,16,16,7350,24.56058277,17.10893537,512002,0,512002,34201
v2,ea89b79a9dfd35df20fed759e6d15c60fe01e77c,direct,octree_nfcount,flyby,2,720,720,0.8421440125,0.1574719995,1.000864029,1.009481,1,0,-1,34233,29954,16,16,7432,24.81137745,17.09294251,512002,0,512002,34233
v2,ea89b79a9dfd35df20fed759e6d15c60fe01e77c,direct,octree_nfcount,flyby,2,721,721,0.9883840084,0.1564799994,1.149664044,1.156879,1,0,-1,34121,29856,16,16,7301,24.45404609,17.14904877,512002,0,512002,34121
v2,ea89b79a9dfd35df20fed759e6d15c60fe01e77c,direct,octree_nfcount,flyby,2,722,722,0.9864959717,0.1625279933,1.150272012,1.158155,1,0,-1,34225,29947,16,16,7390,24.67692924,17.09693792,512002,0,512002,34225
v2,ea89b79a9dfd35df20fed759e6d15c60fe01e77c,direct,octree_nfcount,flyby,2,723,723,0.8482559919,0.1582079977,1.007680058,1.015548,1,0,-1,34337,30045,16,16,7372,24.53652854,17.04117158,512002,0,512002,34337
v2,ea89b79a9dfd35df20fed759e6d15c60fe01e77c,direct,octree_nfcount,flyby,2,724,724,0.9679039717,0.1598719954,1.129024029,1.136825,1,0,-1,34041,29786,16,16,7287,24.46451353,17.1893507,512002,0,512002,34041
v2,ea89b79a9dfd35df20fed759e6d15c60fe01e77c,direct,octree_nfcount,flyby,2,725,725,0.9925439954,0.1585280001,1.15228796,1.159667,1,0,-1,34073,29814,16,16,7334,24.59918159,17.17320722,512002,0,512002,34073
v2,ea89b79a9dfd35df20fed759e6d15c60fe01e77c,direct,octree_nfcount,flyby,2,726,726,0.8491520286,0.1574400067,1.007871985,1.015882,1,0,-1,33913,29674,16,16,7195,24.24681539,17.25422929,512002,0,512002,33913
v2,ea89b79a9dfd35df20fed759e6d15c60fe01e77c,direct,octree_nfcount,flyby,2,727,727,0.9681280255,0.1606719941,1.130015969,1.13824,1,0,-1,34225,29947,16,16,7354,24.55671687,17.09693792,512002,0,512002,34225
v2,ea89b79a9dfd35df20fed759e6d15c60fe01e77c,direct,octree_nfcount,flyby,2,728,728,0.9952639937,0.1555839926,1.152096033,1.158284,1,0,-1,34209,29933,16,16,7443,24.86553302,17.10493435,512002,0,512002,34209
v2,ea89b79a9dfd35df20fed759e6d15c60fe01e77c,direct,octree_nfcount,flyby,2,729,729,0.8420479894,0.1554239988,0.9986879826,1.006423,1,0,-1,34193,29919,16,16,7337,24.52287844,17.11293827,512002,0,512002,34193
v2,ea89b79a9dfd35df20fed759e6d15c60fe01e77c,direct,octree_nfcount,flyby,2,730,730,0.9780799747,0.1617600024,1.141055942,1.149124,1,0,-1,34225,29947,16,16,7453,24.8873009,17.09693792,512002,0,512002,34225
v2,ea89b79a9dfd35df20fed759e6d15c60fe01e77c,direct,octree_nfcount,flyby,2,731,731,0.9893440008,0.1574400067,1.148000002,1.155767,1,0,-1,34137,29870,16,16,7369,24.6702377,17.14101105,512002,0,512002,34137
v2,ea89b79a9dfd35df20fed759e6d15c60fe01e77c,direct,octree_nfcount,flyby,2,732,732,0.982912004,0.1586239934,1.142752051,1.150899,1,0,-1,34089,29828,16,16,7229,24.23561754,17.16514684,512002,0,512002,34089
v2,ea89b79a9dfd35df20fed759e6d15c60fe01e77c,direct,octree_nfcount,flyby,2,733,733,0.9808319807,0.1604799926,1.142528057,1.150302,1,0,-1,34321,30031,16,16,7490,24.94089441,17.04911591,512002,0,512002,34321
v2,ea89b79a9dfd35df20fed759e6d15c60fe01e77c,direct,octree_nfcount,flyby,2,734,734,0.9949759841,0.1577280015,1.153920054,1.161491,1,0,-1,34409,30108,16,16,7409,24.60807759,17.00551348,512002,0,512002,34409
v2,ea89b79a9dfd35df20fed759e6d15c60fe01e77c,direct,octree_nfcount,flyby,2,735,735,0.9872639775,0.1602880061,1.148767948,1.157388,1,0,-1,34601,30276,16,16,7554,24.95045581,16.91115075,512002,0,512002,34601
v2,ea89b79a9dfd35df20fed759e6d15c60fe01e77c,direct,octree_nfcount,flyby,2,736,736,0.8460479975,0.1644800007,1.011744022,1.020002,1,0,-1,34433,30129,16,16,7451,24.73032626,16.99366059,512002,0,512002,34433
v2,ea89b79a9dfd35df20fed759e6d15c60fe01e77c,direct,octree_nfcount,flyby,2,737,737,0.9955520034,0.1669120044,1.163679957,1.171898,1,0,-1,34369,30073,16,16,7405,24.62341635,17.02530509,512002,0,512002,34369
v2,ea89b79a9dfd35df20fed759e6d15c60fe01e77c,direct,octree_nfcount,flyby,2,738,738,0.9921600223,0.1583040059,1.151679993,1.159665,1,0,-1,34641,30311,16,16,7496,24.73029593,16.8916235,512002,0,512002,34641
v2,ea89b79a9dfd35df20fed759e6d15c60fe01e77c,direct,octree_nfcount,flyby,2,739,739,0.8385919929,0.1597439945,0.9995520115,1.007153,1,0,-1,34153,29884,16,16,7340,24.56163833,17.13298086,512002,0,512002,34153
v2,ea89b79a9dfd35df20fed759e6d15c60fe01e77c,direct,octree_nfcount,flyby,2,740,740,0.9732480049,0.1606400013,1.135136008,1.143085,1,0,-1,34105,29842,16,16,7317,24.51913411,17.15709403,512002,0,512002,34105
v2,ea89b79a9dfd35df20fed759e6d15c60fe01e77c,direct,octree_nfcount,flyby,2,741,741,0.994592011,0.1617279947,1.157631993,1.16523,1,0,-1,34369,30073,16,16,7433,24.71652313,17.02530509,512002,0,512002,34369
v2,ea89b79a9dfd35df20fed759e6d15c60fe01e77c,direct,octree_nfcount,flyby,2,742,742,0.8374400139,0.1628479958,1.001503944,1.007883,1,0,-1,34249,29968,16,16,7299,24.35597971,17.08495729,512002,0,512002,34249
v2,ea89b79a9dfd35df20fed759e6d15c60fe01e77c,direct,octree_nfcount,flyby,2,743,743,0.9876480103,0.1638399959,1.152704,1.160479,1,0,-1,34089,29828,16,16,7343,24.61780877,17.16514684,512002,0,512002,34089
v2,ea89b79a9dfd35df20fed759e6d15c60fe01e77c,direct,octree_nfcount,flyby,2,744,744,0.9864640236,0.1583680063,1.146080017,1.153701,1,0,-1,34265,29982,16,16,7402,24.68814622,17.07697952,512002,0,512002,34265
v2,ea89b79a9dfd35df20fed759e6d15c60fe01e77c,direct,octree_nfcount,flyby,2,745,745,0.8477759957,0.157536,1.006559968,1.014431,1,0,-1,34241,29961,16,16,7307,24.38837155,17.08894897,512002,0,512002,34241
v2,ea89b79a9dfd35df20fed759e6d15c60fe01e77c,direct,octree_nfcount,flyby,2,746,746,0.9743679762,0.1588799953,1.134495974,1.1417,1,0,-1,34241,29961,16,16,7418,24.75885318,17.08894897,512002,0,512002,34241
v2,ea89b79a9dfd35df20fed759e6d15c60fe01e77c,direct,octree_nfcount,flyby,2,747,747,0.9851199985,0.1624639928,1.148800015,1.156226,1,0,-1,34225,29947,16,16,7368,24.60346612,17.09693792,512002,0,512002,34225
v2,ea89b79a9dfd35df20fed759e6d15c60fe01e77c,direct,octree_nfcount,flyby,2,748,748,0.8439999819,0.1593279988,1.00454402,1.011814,1,0,-1,34073,29814,16,16,7295,24.46837056,17.17320722,512002,0,512002,34073
v2,ea89b79a9dfd35df20fed759e6d15c60fe01e77c,direct,octree_nfcount,flyby,2,749,749,0.9933120012,0.1588480026,1.153375983,1.160801,1,0,-1,34225,29947,16,16,7374,24.62350152,17.09693792,512002,0,512002,34225
v2,ea89b79a9dfd35df20fed759e6d15c60fe01e77c,direct,octree_nfcount,flyby,2,750,750,0.9696959853,0.1585920006,1.129536033,1.136747,1,0,-1,34097,29835,16,16,7274,24.38076085,17.16111949,512002,0,512002,34097
v2,ea89b79a9dfd35df20fed759e6d15c60fe01e77c,direct,octree_nfcount,flyby,2,751,751,0.9726399779,0.1587519944,1.132608056,1.140206,1,0,-1,34201,29926,16,16,7388,24.68756265,17.10893537,512002,0,512002,34201
v2,ea89b79a9dfd35df20fed759e6d15c60fe01e77c,direct,octree_nfcount,flyby,2,752,752,0.9807360172,0.1585599929,1.140544057,1.148357,1,0,-1,34153,29884,16,16,7339,24.55829206,17.13298086,512002,0,512002,34153
v2,ea89b79a9dfd35df20fed759e6d15c60fe01e77c,direct,octree_nfcount,flyby,2,753,753,0.9872959852,0.1565759927,1.145439982,1.153272,1,0,-1,34217,29940,16,16,7309,24.41215765,17.1009352,512002,0,512002,34217
v2,ea89b79a9dfd35df20fed759e6d15c60fe01e77c,direct,octree_nfcount,flyby,2,754,754,0.9816960096,0.1587200016,1.141664028,1.148301,1,0,-1,34345,30052,16,16,7546,25.10980966,17.03720218,512002,0,512002,34345
v2,ea89b79a9dfd35df20fed759e6d15c60fe01e77c,direct,octree_nfcount,flyby,2,755,755,0.8594560027,0.155520007,1.016191959,1.023593,1,0,-1,34225,29947,16,16,7354,24.55671687,17.09693792,512002,0,512002,34225
v2,ea89b79a9dfd35df20fed759e6d15c60fe01e77c,direct,octree_nfcount,flyby,2,756,756,0.9918400049,0.1579200029,1.15100801,1.158496,1,0,-1,34089,29828,16,16,7327,24.5641679,17.16514684,512002,0,512002,34089
v2,ea89b79a9dfd35df20fed759e6d15c60fe01e77c,direct,octree_nfcount,flyby,2,757,757,0.9880319834,0.1627520025,1.15199995,1.158956,1,0,-1,34441,30136,16,16,7496,24.87390496,16.9897133,512002,0,512002,34441
v2,ea89b79a9dfd35df20fed759e6d15c60fe01e77c,direct,octree_nfcount,flyby,2,758,758,0.8517439961,0.1556160003,1.008576035,1.0162,1,0,-1,34161,29891,16,16,7367,24.64621458,17.12896859,512002,0,512002,34161
v2,ea89b79a9dfd35df20fed759e6d15c60fe01e77c,direct,octree_nfcount,flyby,2,759,759,0.9837120175,0.1588159949,1.143776059,1.151166,1,0,-1,34177,29905,16,16,7403,24.75505768,17.12094967,512002,0,512002,34177
v2,ea89b79a9dfd35df20fed759e6d15c60fe01e77c,direct,octree_nfcount,flyby,2,760,760,1.004703999,0.1637759954,1.169824004,1.17703,1,0,-1,34361,30066,16,16,7514,24.99168496,17.02926894,512002,0,512002,34361
v2,ea89b79a9dfd35df20fed759e6d15c60fe01e77c,direct,octree_nfcount,flyby,2,761,761,0.9935359955,0.1566720009,1.151455998,1.158465,1,0,-1,34225,29947,16,16,7296,24.36304137,17.09693792,512002,0,512002,34225
v2,ea89b79a9dfd35df20fed759e6d15c60fe01e77c,direct,octree_nfcount,flyby,2,762,762,0.981055975,0.154783994,1.137055993,1.144116,1,0,-1,34345,30052,16,16,7424,24.70384667,17.03720218,512002,0,512002,34345
v2,ea89b79a9dfd35df20fed759e6d15c60fe01e77c,direct,octree_nfcount,flyby,2,763,763,1.001152039,0.1597439945,1.162111998,1.169041,1,0,-1,34369,30073,16,16,7420,24.67329498,17.02530509,512002,0,512002,34369
v2,ea89b79a9dfd35df20fed759e6d15c60fe01e77c,direct,octree_nfcount,flyby,2,764,764,0.8457279801,0.1615040004,1.008479953,1.015367,1,0,-1,34305,30017,16,16,7284,24.26624913,17.05706766,512002,0,512002,34305
v2,ea89b79a9dfd35df20fed759e6d15c60fe01e77c,direct,octree_nfcount,flyby,2,765,765,0.9860799909,0.1567360014,1.144032001,1.150996,1,0,-1,34249,29968,16,16,7474,24.93993593,17.08495729,512002,0,512002,34249
v2,ea89b79a9dfd35df20fed759e6d15c60fe01e77c,direct,octree_nfcount,flyby,2,766,766,0.9911999702,0.1589760035,1.151391983,1.16098,1,0,-1,34289,30003,16,16,7342,24.47088624,17.06502683,512002,0,512002,34289
v2,ea89b79a9dfd35df20fed759e6d15c60fe01e77c,direct,octree_nfcount,flyby,2,767,767,0.8475199938,0.1568640023,1.005599976,1.013101,1,0,-1,34225,29947,16,16,7240,24.17604435,17.09693792,512002,0,512002,34225
v2,ea89b79a9dfd35df20fed759e6d15c60fe01e77c,direct,octree_nfcount,flyby,2,768,768,0.9857919812,0.1605439931,1.147583961,1.155368,1,0,-1,34265,29982,16,16,7356,24.53472083,17.07697952,512002,0,512002,34265
v2,ea89b79a9dfd35df20fed759e6d15c60fe01e77c,direct,octree_nfcount,flyby,2,769,769,0.9720640182,0.1535679996,1.12688005,1.134398,1,0,-1,34073,29814,16,16,7219,24.21345677,17.17320722,512002,0,512002,34073
v2,ea89b79a9dfd35df20fed759e6d15c60fe01e77c,direct,octree_nfcount,flyby,2,770,770,0.9691839814,0.1598719954,1.130272031,1.137989,1,0,-1,34001,29751,16,16,7217,24.25800813,17.20957279,512002,0,512002,34001
v2,ea89b79a9dfd35df20fed759e6d15c60fe01e77c,direct,octree_nfcount,flyby,2,771,771,0.995840013,0.1599999964,1.157055974,1.164312,1,0,-1,33801,29576,16,16,7212,24.38463619,17.31140114,512002,0,512002,33801
v2,ea89b79a9dfd35df20fed759e6d15c60fe01e77c,direct,octree_nfcount,flyby,2,772,772,0.9890879989,0.1552319974,1.145568013,1.152894,1,0,-1,33793,29569,16,16,7070,23.9101762,17.31549934,512002,0,512002,33793
v2,ea89b79a9dfd35df20fed759e6d15c60fe01e77c,direct,octree_nfcount,flyby,2,773,773,0.9800320268,0.1635839939,1.144863963,1.152224,1,0,-1,33881,29646,16,16,7134,24.06395467,17.27052553,512002,0,512002,33881
v2,ea89b79a9dfd35df20fed759e6d15c60fe01e77c,direct,octree_nfcount,flyby,2,774,774,0.9905279875,0.159679994,1.15142405,1.158539,1,0,-1,33849,29618,16,16,7133,24.08332771,17.28685259,512002,0,512002,33849
v2,ea89b79a9dfd35df20fed759e6d15c60fe01e77c,direct,octree_nfcount,flyby,2,775,775,0.9863039851,0.1567679942,1.144287944,1.151693,1,0,-1,33865,29632,16,16,7046,23.77834773,17.27868521,512002,0,512002,33865
v2,ea89b79a9dfd35df20fed759e6d15c60fe01e77c,direct,octree_nfcount,flyby,2,776,776,0.9804480076,0.1576319933,1.139296055,1.146317,1,0,-1,34137,29870,16,16,7216,24.15801808,17.14101105,512002,0,512002,34137
v2,ea89b79a9dfd35df20fed759e6d15c60fe01e77c,direct,octree_nfcount,flyby,2,777,777,0.8562560081,0.1575679928,1.01504004,1.023059,1,0,-1,33985,29737,16,16,7146,24.03066886,17.21767495,512002,0,512002,33985
v2,ea89b79a9dfd35df20fed759e6d15c60fe01e77c,direct,octree_nfcount,flyby,2,778,778,0.9809600115,0.1599040031,1.142079949,1.149587,1,0,-1,34337,30045,16,16,7272,24.20369446,17.04117158,512002,0,512002,34337
v2,ea89b79a9dfd35df20fed759e6d15c60fe01e77c,direct,octree_nfcount,flyby,2,779,779,0.9845119715,0.159679994,1.145408034,1.151601,1,0,-1,34417,30115,16,16,7267,24.13083181,17.00156068,512002,0,512002,34417
v2,ea89b79a9dfd35df20fed759e6d15c60fe01e77c,direct,octree_nfcount,flyby,2,780,780,0.8457279801,0.1648000032,1.011744022,1.017389,1,0,-1,34105,29842,16,16,7119,23.8556397,17.15709403,512002,0,512002,34105
v2,ea89b79a9dfd35df20fed759e6d15c60fe01e77c,direct,octree_nfcount,flyby,2,781,781,0.9907839894,0.1577599943,1.149760008,1.157338,1,0,-1,34129,29863,16,16,7232,24.21725882,17.14502897,512002,0,512002,34129
v2,ea89b79a9dfd35df20fed759e6d15c60fe01e77c,direct,octree_nfcount,flyby,2,782,782,0.9990400076,0.1566399932,1.156927943,1.1644,1,0,-1,34201,29926,16,16,7319,24.45699392,17.10893537,512002,0,512002,34201
v2,ea89b79a9dfd35df20fed759e6d15c60fe01e77c,direct,octree_nfcount,flyby,2,783,783,0.8530240059,0.1627199948,1.016991973,1.024224,1,0,-1,34089,29828,16,16,7178,24.06463725,17.16514684,512002,0,512002,34089
v2,ea89b79a9dfd35df20fed759e6d15c60fe01e77c,direct,octree_nfcount,flyby,2,784,784,0.9816319942,0.1587840021,1.141664028,1.148655,1,0,-1,34153,29884,16,16,7285,24.37759336,17.13298086,512002,0,512002,34153
v2,ea89b79a9dfd35df20fed759e6d15c60fe01e77c,direct,octree_nfcount,flyby,2,785,785,0.9914240241,0.1565439999,1.149183989,1.154998,1,0,-1,34217,29940,16,16,7215,24.09819639,17.1009352,512002,0,512002,34217
v2,ea89b79a9dfd35df20fed759e6d15c60fe01e77c,direct,octree_nfcount,flyby,2,786,786,0.8427199721,0.1594880074,1.003520012,1.010567,1,0,-1,34193,29919,16,16,7232,24.17193088,17.11293827,512002,0,512002,34193
v2,ea89b79a9dfd35df20fed759e6d15c60fe01e77c,direct,octree_nfcount,flyby,2,787,787,1.005023956,0.1568319947,1.16307199,1.170259,1,0,-1,34201,29926,16,16,7260,24.25984094,17.10893537,512002,0,512002,34201
v2,ea89b79a9dfd35df20fed759e6d15c60fe01e77c,direct,octree_nfcount,flyby,2,788,788,0.9863039851,0.157407999,1.144927979,1.153109,1,0,-1,34033,29779,16,16,7231,24.2822123,17.19339132,512002,0,512002,34033
v2,ea89b79a9dfd35df20fed759e6d15c60fe01e77c,direct,octree_nfcount,flyby,2,789,789,0.9836480021,0.160927996,1.145792007,1.152761,1,0,-1,34185,29912,16,16,7225,24.15418561,17.11694303,512002,0,512002,34185
v2,ea89b79a9dfd35df20fed759e6d15c60fe01e77c,direct,octree_nfcount,flyby,2,790,790,0.9895679951,0.1554239988,1.146208048,1.153378,1,0,-1,34273,29989,16,16,7356,24.52899396,17.07299343,512002,0,512002,34273
v2,ea89b79a9dfd35df20fed759e6d15c60fe01e77c,direct,octree_nfcount,flyby,2,791,791,0.9813759923,0.1577599943,1.140383959,1.148197,1,0,-1,34193,29919,16,16,7219,24.12848023,17.11293827,512002,0,512002,34193
v2,ea89b79a9dfd35df20fed759e6d15c60fe01e77c,direct,octree_nfcount,flyby,2,792,792,0.9820799828,0.155520007,1.138815999,1.146541,1,0,-1,34233,29954,16,16,7289,24.33397877,17.09294251,512002,0,512002,34233
v2,ea89b79a9dfd35df20fed759e6d15c60fe01e77c,direct,octree_nfcount,flyby,2,793,793,0.8399999738,0.1626559943,1.003872037,1.011549,1,0,-1,34081,29821,16,16,7234,24.25807317,17.16917608,512002,0,512002,34081
v2,ea89b79a9dfd35df20fed759e6d15c60fe01e77c,direct,octree_nfcount,flyby,2,794,794,0.9798719883,0.1608320028,1.141919971,1.149958,1,0,-1,34081,29821,16,16,7153,23.9864525,17.16917608,512002,0,512002,34081
v2,ea89b79a9dfd35df20fed759e6d15c60fe01e77c,direct,octree_nfcount,flyby,2,795,795,0.9931520224,0.1576319933,1.152032018,1.159292,1,0,-1,34209,29933,16,16,7242,24.19403334,17.10493435,512002,0,512002,34209
v2,ea89b79a9dfd35df20fed759e6d15c60fe01e77c,direct,octree_nfcount,flyby,2,796,796,0.8450559974,0.1606719941,1.006943941,1.014032,1,0,-1,34217,29940,16,16,7177,23.97127589,17.1009352,512002,0,512002,34217
v2,ea89b79a9dfd35df20fed759e6d15c60fe01e77c,direct,octree_nfcount,flyby,2,797,797,0.9878079891,0.159807995,1.148864031,1.156319,1,0,-1,34337,30045,16,16,7198,23.95739724,17.04117158,512002,0,512002,34337
v2,ea89b79a9dfd35df20fed759e6d15c60fe01e77c,direct,octree_nfcount,flyby,2,798,798,0.9946879745,0.1544959992,1.150400043,1.157571,1,0,-1,34433,30129,16,16,7339,24.35859139,16.99366059,512002,0,512002,34433
v2,ea89b79a9dfd35df20fed759e6d15c60fe01e77c,direct,octree_nfcount,flyby,2,799,799,0.8488640189,0.1585280001,1.008607984,1.015434,1,0,-1,34121,29856,16,16,7130,23.88129689,17.14904877,512002,0,512002,34121
v2,ea89b79a9dfd35df20fed759e6d15c60fe01e77c,direct,octree_nfcount,flyby,2,800,800,0.9884799719,0.1558399945,1.145535946,1.152756,1,0,-1,34345,30052,16,16,7271,24.19472914,17.03720218,512002,0,512002,34345
v2,ea89b79a9dfd35df20fed759e6d15c60fe01e77c,direct,octree_nfcount,flyby,2,801,801,0.9805439711,0.1576319933,1.139423966,1.146233,1,0,-1,34321,30031,16,16,7328,24.40145183,17.04911591,512002,0,512002,34321
v2,ea89b79a9dfd35df20fed759e6d15c60fe01e77c,direct,octree_nfcount,flyby,2,802,802,0.8467199802,0.1597120017,1.007680058,1.014475,1,0,-1,33977,29730,16,16,7065,23.76387487,17.22172889,512002,0,512002,33977
v2,ea89b79a9dfd35df20fed759e6d15c60fe01e77c,direct,octree_nfcount,flyby,2,803,803,0.9844800234,0.1619839966,1.147680044,1.154947,1,0,-1,34049,29793,16,16,7163,24.04256033,17.18531199,512002,0,512002,34049
v2,ea89b79a9dfd35df20fed759e6d15c60fe01e77c,direct,octree_nfcount,flyby,2,804,804,0.9771519899,0.1607999951,1.139168024,1.145085,1,0,-1,34065,29807,16,16,7194,24.13527024,17.17724025,512002,0,512002,34065
v2,ea89b79a9dfd35df20fed759e6d15c60fe01e77c,direct,octree_nfcount,flyby,2,805,805,0.841087997,0.1593279988,1.001664042,1.009461,1,0,-1,34081,29821,16,16,7107,23.83219879,17.16917608,512002,0,512002,34081
v2,ea89b79a9dfd35df20fed759e6d15c60fe01e77c,direct,octree_nfcount,flyby,2,806,806,0.9877759814,0.1586239934,1.147616029,1.154904,1,0,-1,34193,29919,16,16,7227,24.15521909,17.11293827,512002,0,512002,34193
v2,ea89b79a9dfd35df20fed759e6d15c60fe01e77c,direct,octree_nfcount,flyby,2,807,807,0.9813119769,0.1544319987,1.13696003,1.144038,1,0,-1,33889,29653,16,16,7122,24.01780596,17.26644859,512002,0,512002,33889
v2,ea89b79a9dfd35df20fed759e6d15c60fe01e77c,direct,octree_nfcount,flyby,2,808,808,0.8352640271,0.1610240042,0.9975360036,1.003318,1,0,-1,34073,29814,16,16,7093,23.79083652,17.17320722,512002,0,512002,34073
v2,ea89b79a9dfd35df20fed759e6d15c60fe01e77c,direct,octree_nfcount,flyby,2,809,809,0.9692800045,0.157792002,1.128352046,1.134223,1,0,-1,34153,29884,16,16,7214,24.14000803,17.13298086,512002,0,512002,34153
v2,ea89b79a9dfd35df20fed759e6d15c60fe01e77c,direct,octree_nfcount,flyby,2,810,810,0.990688026,0.1564480066,1.148383975,1.155617,1,0,-1,34017,29765,16,16,7190,24.15588779,17.20147825,512002,0,512002,34017
v2,ea89b79a9dfd35df20fed759e6d15c60fe01e77c,direct,octree_nfcount,flyby,2,811,811,0.9969599843,0.1545599997,1.152735949,1.159843,1,0,-1,34113,29849,16,16,7269,24.35257463,17.15307045,512002,0,512002,34113
v2,ea89b79a9dfd35df20fed759e6d15c60fe01e77c,direct,octree_nfcount,flyby,2,812,812,0.9726719856,0.1615999937,1.135488033,1.143047,1,0,-1,34337,30045,16,16,7362,24.50324513,17.04117158,512002,0,512002,34337
v2,ea89b79a9dfd35df20fed759e6d15c60fe01e77c,direct,octree_nfcount,flyby,2,813,813,0.9934080243,0.1556800008,1.150336027,1.157985,1,0,-1,34169,29898,16,16,7189,24.04508663,17.12495819,512002,0,512002,34169
v2,ea89b79a9dfd35df20fed759e6d15c60fe01e77c,direct,octree_nfcount,flyby,2,814,814,0.995487988,0.1576959938,1.154432058,1.161858,1,0,-1,34329,30038,16,16,7313,24.34582862,17.04514282,512002,0,512002,34329
v2,ea89b79a9dfd35df20fed759e6d15c60fe01e77c,direct,octree_nfcount,flyby,2,815,815,0.8572160006,0.1556160003,1.01404798,1.021094,1,0,-1,34201,29926,16,16,7237,24.1829847,17.10893537,512002,0,512002,34201
v2,ea89b79a9dfd35df20fed759e6d15c60fe01e77c,direct,octree_nfcount,flyby,2,816,816,0.9879999757,0.1566720009,1.145887971,1.152958,1,0,-1,34265,29982,16,16,7149,23.84430658,17.07697952,512002,0,512002,34265
v2,ea89b79a9dfd35df20fed759e6d15c60fe01e77c,direct,octree_nfcount,flyby,2,817,817,0.9889919758,0.1568319947,1.147071958,1.153997,1,0,-1,34529,30213,16,16,7332,24.26769933,16.9464138,512002,0,512002,34529
v2,ea89b79a9dfd35df20fed759e6d15c60fe01e77c,direct,octree_nfcount,flyby,2,818,818,0.8531519771,0.1587200016,1.013087988,1.020374,1,0,-1,34249,29968,16,16,7176,23.94554191,17.08495729,512002,0,512002,34249
v2,ea89b79a9dfd35df20fed759e6d15c60fe01e77c,direct,octree_nfcount,flyby,2,819,819,0.9886400104,0.1630720049,1.152959943,1.160457,1,0,-1,34145,29877,16,16,7119,23.82769354,17.13699501,512002,0,512002,34145
v2,ea89b79a9dfd35df20fed759e6d15c60fe01e77c,direct,octree_nfcount,flyby,2,820,820,0.9828799963,0.1566080004,1.140735984,1.147704,1,0,-1,34273,29989,16,16,7241,24.14552002,17.07299343,512002,0,512002,34273
v2,ea89b79a9dfd35df20fed759e6d15c60fe01e77c,direct,octree_nfcount,flyby,2,821,821,0.8435840011,0.1635520011,1.008352041,1.016216,1,0,-1,34201,29926,16,16,7202,24.06602954,17.10893537,512002,0,512002,34201
v2,ea89b79a9dfd35df20fed759e6d15c60fe01e77c,direct,octree_nfcount,flyby,2,822,822,0.9741759896,0.1597760022,1.135167956,1.142709,1,0,-1,34209,29933,16,16,7160,23.9200882,17.10493435,512002,0,512002,34209
v2,ea89b79a9dfd35df20fed759e6d15c60fe01e77c,direct,octree_nfcount,flyby,2,823,823,0.9929919839,0.1545599997,1.148767948,1.155582,1,0,-1,34273,29989,16,16,7235,24.12551269,17.07299343,512002,0,512002,34273
v2,ea89b79a9dfd35df20fed759e6d15c60fe01e77c,direct,octree_nfcount,flyby,2,824,824,0.8421120048,0.1603839993,1.003744006,1.011473,1,0,-1,34217,29940,16,16,7110,23.74749499,17.1009352,512002,0,512002,34217
v2,ea89b79a9dfd35df20fed759e6d15c60fe01e77c,direct,octree_nfcount,flyby,2,825,825,0.9806720018,0.1568959951,1.138784051,1.146073,1,0,-1,34033,29779,16,16,7206,24.19826052,17.19339132,512002,0,512002,34033
v2,ea89b79a9dfd35df20fed759e6d15c60fe01e77c,direct,octree_nfcount,flyby,2,826,826,0.9770879745,0.1564159989,1.134719968,1.142109,1,0,-1,34113,29849,16,16,7242,24.26211933,17.15307045,512002,0,512002,34113
v2,ea89b79a9dfd35df20fed759e6d15c60fe01e77c,direct,octree_nfcount,flyby,2,827,827,0.8379520178,0.1584320068,0.9976320267,1.005076,1,0,-1,34153,29884,16,16,7148,23.91915406,17.13298086,512002,0,512002,34153
v2,ea89b79a9dfd35df20fed759e6d15c60fe01e77c,direct,octree_nfcount,flyby,2,828,828,0.9825279713,0.157792002,1.141567945,1.149067,1,0,-1,34145,29877,16,16,7292,24.40673428,17.13699501,512002,0,512002,34145
v2,ea89b79a9dfd35df20fed759e6d15c60fe01e77c,direct,octree_nfcount,flyby,2,829,829,0.9858239889,0.1552959979,1.142336011,1.149941,1,0,-1,34113,29849,16,16,7183,24.06445777,17.15307045,512002,0,512002,34113
v2,ea89b79a9dfd35df20fed759e6d15c60fe01e77c,direct,octree_nfcount,flyby,2,830,830,0.8334400058,0.1590079963,0.9936640263,1.001368,1,0,-1,33985,29737,16,16,7085,23.82553721,17.21767495,512002,0,512002,33985
v2,ea89b79a9dfd35df20fed759e6d15c60fe01e77c,direct,octree_nfcount,flyby,2,831,831,0.9933120012,0.1557759941,1.15030396,1.158253,1,0,-1,34377,30080,16,16,7291,24.23869681,17.02134309,512002,0,512002,34377
v2,ea89b79a9dfd35df20fed759e6d15c60fe01e77c,direct,octree_nfcount,flyby,2,832,832,0.9847999811,0.1565120071,1.142528057,1.149989,1,0,-1,34177,29905,16,16,7134,23.85554255,17.12094967,512002,0,512002,34177
v2,ea89b79a9dfd35df20fed759e6d15c60fe01e77c,direct,octree_nfcount,flyby,2,833,833,0.9899200201,0.1588799953,1.150048018,1.157062,1,0,-1,34105,29842,16,16,7177,24.04999665,17.15709403,512002,0,512002,34105
v2,ea89b79a9dfd35df20fed759e6d15c60fe01e77c,direct,octree_nfcount,flyby,2,834,834,0.9819200039,0.1628479958,1.14604795,1.153595,1,0,-1,34137,29870,16,16,7263,24.31536659,17.14101105,512002,0,512002,34137
v2,ea89b79a9dfd35df20fed759e6d15c60fe01e77c,direct,octree_nfcount,flyby,2,835,835,0.9827200174,0.1576959938,1.141631961,1.149138,1,0,-1,34065,29807,16,16,7218,24.21578824,17.17724025,512002,0,512002,34065
v2,ea89b79a9dfd35df20fed759e6d15c60fe01e77c,direct,octree_nfcount,flyby,2,836,836,0.9656640291,0.1627520025,1.129631996,1.137007,1,0,-1,34137,29870,16,16,7233,24.21493137,17.14101105,512002,0,512002,34137
v2,ea89b79a9dfd35df20fed759e6d15c60fe01e77c,direct,octree_nfcount,flyby,2,837,837,0.8502079844,0.1585599929,1.009984016,1.017297,1,0,-1,34129,29863,16,16,7294,24.42487359,17.14502897,512002,0,512002,34129
v2,ea89b79a9dfd35df20fed759e6d15c60fe01e77c,direct,octree_nfcount,flyby,2,838,838,0.9846400023,0.1526719928,1.138527989,1.146005,1,0,-1,34225,29947,16,16,7138,23.83544262,17.09693792,512002,0,512002,34225
v2,ea89b79a9dfd35df20fed759e6d15c60fe01e77c,direct,octree_nfcount,flyby,2,839,839,0.9845439792,0.157664001,1.143424034,1.150866,1,0,-1,34345,30052,16,16,7264,24.17143618,17.03720218,512002,0,512002,34345
v2,ea89b79a9dfd35df20fed759e6d15c60fe01e77c,direct,octree_nfcount,flyby,2,840,840,0.8517760038,0.1585280001,1.011520028,1.019483,1,0,-1,34201,29926,16,16,7179,23.98917329,17.10893537,512002,0,512002,34201
v2,ea89b79a9dfd35df20fed759e6d15c60fe01e77c,direct,octree_nfcount,flyby,2,841,841,0.9988160133,0.1588480026,1.158944011,1.166191,1,0,-1,34065,29807,16,16,7071,23.72261549,17.17724025,512002,0,512002,34065
v2,ea89b79a9dfd35df20fed759e6d15c60fe01e77c,direct,octree_nfcount,flyby,2,842,842,0.9618560076,0.1579840034,1.121088028,1.126486,1,0,-1,34265,29982,16,16,7202,24.02107931,17.07697952,512002,0,512002,34265
v2,ea89b79a9dfd35df20fed759e6d15c60fe01e77c,direct,octree_nfcount,flyby,2,843,843,0.8393920064,0.1588159949,0.9994239807,1.006832,1,0,-1,33993,29744,16,16,7097,23.86027434,17.21362292,512002,0,512002,33993
v2,ea89b79a9dfd35df20fed759e6d15c60fe01e77c,direct,octree_nfcount,flyby,2,844,844,0.9825919867,0.158912003,1.142719984,1.150455,1,0,-1,34113,29849,16,16,7108,23.81319307,17.15307045,512002,0,512002,34113
v2,ea89b79a9dfd35df20fed759e6d15c60fe01e77c,direct,octree_nfcount,flyby,2,845,845,0.9710400105,0.1593279988,1.131615996,1.139626,1,0,-1,34129,29863,16,16,7182,24.04982755,17.14502897,512002,0,512002,34129
v2,ea89b79a9dfd35df20fed759e6d15c60fe01e77c,direct,octree_nfcount,flyby,2,846,846,0.8296319842,0.1564799994,0.9873279929,0.994757,1,0,-1,33817,29590,16,16,7087,23.95065901,17.30321054,512002,0,512002,33817
v2,ea89b79a9dfd35df20fed759e6d15c60fe01e77c,direct,octree_nfcount,flyby,2,847,847,0.9640960097,0.1575040072,1.122815967,1.129582,1,0,-1,33905,29667,16,16,7086,23.88512489,17.25830047,512002,0,512002,33905
v2,ea89b79a9dfd35df20fed759e6d15c60fe01e77c,direct,octree_nfcount,flyby,2,848,848,0.9883840084,0.1546240002,1.144224048,1.151482,1,0,-1,34089,29828,16,16,7186,24.09145769,17.16514684,512002,0,512002,34089
v2,ea89b79a9dfd35df20fed759e6d15c60fe01e77c,direct,octree_nfcount,flyby,2,849,849,0.8518400192,0.159679994,1.012735963,1.020453,1,0,-1,34041,29786,16,16,7055,23.68562412,17.1893507,512002,0,512002,34041
v2,ea89b79a9dfd35df20fed759e6d15c60fe01e77c,direct,octree_nfcount,flyby,2,850,850,0.9679679871,0.1565759927,1.125759959,1.131445,1,0,-1,34001,29751,16,16,7113,23.90844005,17.20957279,512002,0,512002,34001
v2,ea89b79a9dfd35df20fed759e6d15c60fe01e77c,direct,octree_nfcount,flyby,2,851,851,0.9974399805,0.1565759927,1.15526402,1.162273,1,0,-1,34049,29793,16,16,7170,24.06605578,17.18531199,512002,0,512002,34049
v2,ea89b79a9dfd35df20fed759e6d15c60fe01e77c,direct,octree_nfcount,flyby,2,852,852,0.8371199965,0.1583999991,0.9968000054,1.013504,1,0,-1,33833,29604,16,16,7042,23.78732604,17.2950277,512002,0,512002,33833
v2,ea89b79a9dfd35df20fed759e6d15c60fe01e77c,direct,octree_nfcount,flyby,2,853,853,0.9874560237,0.1547199935,1.143391967,1.150441,1,0,-1,34105,29842,16,16,7256,24.31472421,17.15709403,512002,0,512002,34105
v2,ea89b79a9dfd35df20fed759e6d15c60fe01e77c,direct,octree_nfcount,flyby,2,854,854,0.9896000028,0.154655993,1.14547205,1.153024,1,0,-1,34321,30031,16,16,7337,24.43142087,17.04911591,512002,0,512002,34321
v2,ea89b79a9dfd35df20fed759e6d15c60fe01e77c,direct,octree_nfcount,flyby,2,855,855,0.8400959969,0.1628800035,1.004223943,1.011551,1,0,-1,34353,30059,16,16,7221,24.02275525,17.03323464,512002,0,512002,34353
v2,ea89b79a9dfd35df20fed759e6d15c60fe01e77c,direct,octree_nfcount,flyby,2,856,856,0.9912959933,0.1569280028,1.14944005,1.157189,1,0,-1,34313,30024,16,16,7287,24.27058353,17.05309086,512002,0,512002,34313
v2,ea89b79a9dfd35df20fed759e6d15c60fe01e77c,direct,octree_nfcount,flyby,2,857,857,0.9995200038,0.1606400013,1.161375999,1.168973,1,0,-1,34153,29884,16,16,7240,24.22701111,17.13298086,512002,0,512002,34153
v2,ea89b79a9dfd35df20fed759e6d15c60fe01e77c,direct,octree_nfcount,flyby,2,858,858,0.8388159871,0.1594559997,0.9995200038,1.005764,1,0,-1,34209,29933,16,16,7219,24.11719507,17.10493435,512002,0,512002,34209
v2,ea89b79a9dfd35df20fed759e6d15c60fe01e77c,direct,octree_nfcount,flyby,2,859,859,0.9792000055,0.1565759927,1.136991978,1.144335,1,0,-1,34097,29835,16,16,7280,24.40087146,17.16111949,512002,0,512002,34097
v2,ea89b79a9dfd35df20fed759e6d15c60fe01e77c,direct,octree_nfcount,flyby,2,860,860,0.9824320078,0.1566399932,1.140287995,1.147177,1,0,-1,34121,29856,16,16,7225,24.19949089,17.14904877,512002,0,512002,34121
v2,ea89b79a9dfd35df20fed759e6d15c60fe01e77c,direct,octree_nfcount,flyby,2,861,861,0.9800320268,0.1557759941,1.137024045,1.144395,1,0,-1,34313,30024,16,16,7257,24.17066347,17.05309086,512002,0,512002,34313
v2,ea89b79a9dfd35df20fed759e6d15c60fe01e77c,direct,octree_nfcount,flyby,2,862,862,0.9683200121,0.1619199961,1.131456017,1.136671,1,0,-1,34177,29905,16,16,7250,24.24343755,17.12094967,512002,0,512002,34177
v2,ea89b79a9dfd35df20fed759e6d15c60fe01e77c,direct,octree_nfcount,flyby,2,863,863,0.990688026,0.1588799953,1.150784016,1.157887,1,0,-1,34201,29926,16,16,7168,23.95241596,17.10893537,512002,0,512002,34201
v2,ea89b79a9dfd35df20fed759e6d15c60fe01e77c,direct,octree_nfcount,flyby,2,864,864,0.9873920083,0.1535360068,1.142176032,1.149361,1,0,-1,34121,29856,16,16,7178,24.0420686,17.14904877,512002,0,512002,34121
v2,ea89b79a9dfd35df20fed759e6d15c60fe01e77c,direct,octree_nfcount,flyby,2,865,865,0.9747840166,0.1568640023,1.132863998,1.139822,1,0,-1,34033,29779,16,16,7191,24.14788945,17.19339132,512002,0,512002,34033
v2,ea89b79a9dfd35df20fed759e6d15c60fe01e77c,direct,octree_nfcount,flyby,2,866,866,0.973344028,0.1586560011,1.133247972,1.140616,1,0,-1,33985,29737,16,16,7059,23.73810405,17.21767495,512002,0,512002,33985
v2,ea89b79a9dfd35df20fed759e6d15c60fe01e77c,direct,octree_nfcount,flyby,2,867,867,0.9686400294,0.159807995,1.129696012,1.136729,1,0,-1,33985,29737,16,16,7094,23.85580254,17.21767495,512002,0,512002,33985
v2,ea89b79a9dfd35df20fed759e6d15c60fe01e77c,direct,octree_nfcount,flyby,2,868,868,0.8380479813,0.1567679942,0.9960319996,1.003642,1,0,-1,33881,29646,16,16,7075,23.86493962,17.27052553,512002,0,512002,33881
v2,ea89b79a9dfd35df20fed759e6d15c60fe01e77c,direct,octree_nfcount,flyby,2,869,869,0.9798079729,0.1567039937,1.137824059,1.143526,1,0,-1,33681,29471,16,16,6972,23.65715449,17.37307862,512002,0,512002,33681
v2,ea89b79a9dfd35df20fed759e6d15c60fe01e77c,direct,octree_nfcount,flyby,2,870,870,0.9780799747,0.1580480039,1.137375951,1.142849,1,0,-1,34105,29842,16,16,7128,23.88579854,17.15709403,512002,0,512002,34105
v2,ea89b79a9dfd35df20fed759e6d15c60fe01e77c,direct,octree_nfcount,flyby,2,871,871,0.8407679796,0.1619199961,1.003936052,1.011556,1,0,-1,34001,29751,16,16,7111,23.90171759,17.20957279,512002,0,512002,34001
v2,ea89b79a9dfd35df20fed759e6d15c60fe01e77c,direct,octree_nfcount,flyby,2,872,872,0.9847040176,0.1593919992,1.145311952,1.151855,1,0,-1,34009,29758,16,16,7112,23.89945561,17.20552456,512002,0,512002,34009
v2,ea89b79a9dfd35df20fed759e6d15c60fe01e77c,direct,octree_nfcount,flyby,2,873,873,0.9837120175,0.1559360027,1.140895963,1.146706,1,0,-1,34289,30003,16,16,7200,23.99760024,17.06502683,512002,0,512002,34289
v2,ea89b79a9dfd35df20fed759e6d15c60fe01e77c,direct,octree_nfcount,flyby,2,874,874,0.8444479704,0.157792002,1.003455997,1.010761,1,0,-1,34281,29996,16,16,7164,23.88318442,17.0690092,512002,0,512002,34281
v2,ea89b79a9dfd35df20fed759e6d15c60fe01e77c,direct,octree_nfcount,flyby,2,875,875,0.980512023,0.1607359946,1.142464042,1.147701,1,0,-1,34089,29828,16,16,7083,23.74614456,17.16514684,512002,0,512002,34089
v2,ea89b79a9dfd35df20fed759e6d15c60fe01e77c,direct,octree_nfcount,flyby,2,876,876,0.9847360253,0.1574719995,1.143424034,1.149862,1,0,-1,34209,29933,16,16,7169,23.95015535,17.10493435,512002,0,512002,34209
v2,ea89b79a9dfd35df20fed759e6d15c60fe01e77c,direct,octree_nfcount,flyby,2,877,877,0.8415679932,0.1576000005,1.000383973,1.00664,1,0,-1,34265,29982,16,16,7086,23.63418051,17.07697952,512002,0,512002,34265
v2,ea89b79a9dfd35df20fed759e6d15c60fe01e77c,direct,octree_nfcount,flyby,2,878,878,0.9735040069,0.159551993,1.134271979,1.141509,1,0,-1,34153,29884,16,16,7094,23.73845536,17.13298086,512002,0,512002,34153
v2,ea89b79a9dfd35df20fed759e6d15c60fe01e77c,direct,octree_nfcount,flyby,2,879,879,0.9789760113,0.1588159949,1.139008045,1.145767,1,0,-1,34177,29905,16,16,7100,23.74184919,17.12094967,512002,0,512002,34177
v2,ea89b79a9dfd35df20fed759e6d15c60fe01e77c,direct,octree_nfcount,flyby,2,880,880,0.8496000171,0.1590079963,1.009855986,1.016447,1,0,-1,34137,29870,16,16,6986,23.38801473,17.14101105,512002,0,512002,34137
v2,ea89b79a9dfd35df20fed759e6d15c60fe01e77c,direct,octree_nfcount,flyby,2,881,881,0.9926720262,0.1607040018,1.154592037,1.161794,1,0,-1,34057,29800,16,16,7081,23.76174497,17.18127517,512002,0,512002,34057
v2,ea89b79a9dfd35df20fed759e6d15c60fe01e77c,direct,octree_nfcount,flyby,2,882,882,0.9782720208,0.1587519944,1.13823998,1.145338,1,0,-1,34081,29821,16,16,7067,23.69806512,17.16917608,512002,0,512002,34081
v2,ea89b79a9dfd35df20fed759e6d15c60fe01e77c,direct,octree_nfcount,flyby,2,883,883,0.8371840119,0.1567360014,0.9951360226,1.001156,1,0,-1,33945,29702,16,16,6973,23.47653357,17.23796377,512002,0,512002,33945
v2,ea89b79a9dfd35df20fed759e6d15c60fe01e77c,direct,octree_nfcount,flyby,2,884,884,0.9734079838,0.1576000005,1.132223964,1.139305,1,0,-1,33913,29674,16,16,7139,24.058098,17.25422929,512002,0,512002,33913
v2,ea89b79a9dfd35df20fed759e6d15c60fe01e77c,direct,octree_nfcount,flyby,2,885,885,0.9786559939,0.1568640023,1.136736035,1.143956,1,0,-1,34161,29891,16,16,7166,23.97377137,17.12896859,512002,0,512002,34161
v2,ea89b79a9dfd35df20fed759e6d15c60fe01e77c,direct,octree_nfcount,flyby,2,886,886,0.8454399705,0.1557119936,1.002367973,1.009944,1,0,-1,34025,29772,16,16,7034,23.62622598,17.19743383,512002,0,512002,34025
v2,ea89b79a9dfd35df20fed759e6d15c60fe01e77c,direct,octree_nfcount,flyby,2,887,887,0.995487988,0.1587200016,1.155423999,1.16284,1,0,-1,34137,29870,16,16,7214,24.1513224,17.14101105,512002,0,512002,34137
v2,ea89b79a9dfd35df20fed759e6d15c60fe01e77c,direct,octree_nfcount,flyby,2,888,888,1.000192046,0.1578879952,1.159296036,1.166136,1,0,-1,34273,29989,16,16,7173,23.91877022,17.07299343,512002,0,512002,34273
v2,ea89b79a9dfd35df20fed759e6d15c60fe01e77c,direct,octree_nfcount,flyby,2,889,889,0.8476480246,0.1631360054,1.011999965,1.018604,1,0,-1,34225,29947,16,16,7083,23.65178482,17.09693792,512002,0,512002,34225
v2,ea89b79a9dfd35df20fed759e6d15c60fe01e77c,direct,octree_nfcount,flyby,2,890,890,0.9808959961,0.1576000005,1.139711976,1.147229,1,0,-1,34249,29968,16,16,7233,24.13574479,17.08495729,512002,0,512002,34249
v2,ea89b79a9dfd35df20fed759e6d15c60fe01e77c,direct,octree_nfcount,flyby,2,891,891,0.9951040149,0.1609919965,1.157343984,1.164232,1,0,-1,34225,29947,16,16,7201,24.04581427,17.09693792,512002,0,512002,34225
v2,ea89b79a9dfd35df20fed759e6d15c60fe01e77c,direct,octree_nfcount,flyby,2,892,892,0.8440319896,0.1568319947,1.002079964,1.00897,1,0,-1,34465,30157,16,16,7231,23.97784926,16.97788242,512002,0,512002,34465
v2,ea89b79a9dfd35df20fed759e6d15c60fe01e77c,direct,octree_nfcount,flyby,2,893,893,0.9932799935,0.1585280001,1.153023958,1.160378,1,0,-1,34601,30276,16,16,7342,24.25023121,16.91115075,512002,0,512002,34601
v2,ea89b79a9dfd35df20fed759e6d15c60fe01e77c,direct,octree_nfcount,flyby,2,894,894,0.9966400266,0.1589439958,1.156800032,1.164347,1,0,-1,34449,30143,16,16,7266,24.10509903,16.98576784,512002,0,512002,34449
v2,ea89b79a9dfd35df20fed759e6d15c60fe01e77c,direct,octree_nfcount,flyby,2,895,895,0.9843519926,0.1567679942,1.142336011,1.148373,1,0,-1,34545,30227,16,16,7269,24.04803652,16.93856486,512002,0,512002,34545
v2,ea89b79a9dfd35df20fed759e6d15c60fe01e77c,direct,octree_nfcount,flyby,2,896,896,0.9892479777,0.1536639929,1.144127965,1.14979,1,0,-1,34321,30031,16,16,7213,24.0185142,17.04911591,512002,0,512002,34321
v2,ea89b79a9dfd35df20fed759e6d15c60fe01e77c,direct,octree_nfcount,flyby,2,897,897,0.9918400049,0.1587200016,1.151775956,1.157548,1,0,-1,34193,29919,16,16,7146,23.88448812,17.11293827,512002,0,512002,34193
v2,ea89b79a9dfd35df20fed759e6d15c60fe01e77c,direct,octree_nfcount,flyby,2,898,898,0.9765440226,0.1569280028,1.13468802,1.141769,1,0,-1,34153,29884,16,16,7199,24.08981395,17.13298086,512002,0,512002,34153
v2,ea89b79a9dfd35df20fed759e6d15c60fe01e77c,direct,octree_nfcount,flyby,2,899,899,0.9727039933,0.1568640023,1.130815983,1.136499,1,0,-1,34201,29926,16,16,7208,24.08607899,17.10893537,512002,0,512002,34201
v2,ea89b79a9dfd35df20fed759e6d15c60fe01e77c,direct,octree_nfcount,flyby,2,900,900,0.986815989,0.1527999938,1.140864015,1.147909,1,0,-1,34233,29954,16,16,7144,23.84990318,17.09294251,512002,0,512002,34233
v2,ea89b79a9dfd35df20fed759e6d15c60fe01e77c,direct,octree_nfcount,flyby,2,901,901,0.9966719747,0.1596480012,1.157567978,1.164777,1,0,-1,34513,30199,16,16,7312,24.21272228,16.95427001,512002,0,512002,34513
v2,ea89b79a9dfd35df20fed759e6d15c60fe01e77c,direct,octree_nfcount,flyby,2,902,902,0.8608639836,0.1554879993,1.017567992,1.025056,1,0,-1,34321,30031,16,16,7284,24.25493657,17.04911591,512002,0,512002,34321
v2,ea89b79a9dfd35df20fed759e6d15c60fe01e77c,direct,octree_nfcount,flyby,2,903,903,0.9994559884,0.1577599943,1.158432007,1.165318,1,0,-1,34289,30003,16,16,7148,23.82428424,17.06502683,512002,0,512002,34289
v2,ea89b79a9dfd35df20fed759e6d15c60fe01e77c,direct,octree_nfcount,flyby,2,904,904,0.9865599871,0.1585280001,1.146304011,1.153926,1,0,-1,34569,30248,16,16,7323,24.20986512,16.92680508,512002,0,512002,34569
v2,ea89b79a9dfd35df20fed759e6d15c60fe01e77c,direct,octree_nfcount,flyby,2,905,905,0.8502719998,0.1565759927,1.00809598,1.015477,1,0,-1,34105,29842,16,16,7183,24.07010254,17.15709403,512002,0,512002,34105
v2,ea89b79a9dfd35df20fed759e6d15c60fe01e77c,direct,octree_nfcount,flyby,2,906,906,0.9853760004,0.1557759941,1.142367959,1.148711,1,0,-1,34193,29919,16,16,7232,24.17193088,17.11293827,512002,0,512002,34193
v2,ea89b79a9dfd35df20fed759e6d15c60fe01e77c,direct,octree_nfcount,flyby,2,907,907,0.9899839759,0.1574400067,1.148640037,1.156016,1,0,-1,34457,30150,16,16,7334,24.32504146,16.98182421,512002,0,512002,34457
v2,ea89b79a9dfd35df20fed759e6d15c60fe01e77c,direct,octree_nfcount,flyby,2,908,908,0.8491520286,0.1605760008,1.010944009,1.017033,1,0,-1,34145,29877,16,16,7184,24.0452522,17.13699501,512002,0,512002,34145
v2,ea89b79a9dfd35df20fed759e6d15c60fe01e77c,direct,octree_nfcount,flyby,2,909,909,0.9916160107,0.157664001,1.150496006,1.158589,1,0,-1,34121,29856,16,16,7106,23.80091104,17.14904877,512002,0,512002,34121
v2,ea89b79a9dfd35df20fed759e6d15c60fe01e77c,direct,octree_nfcount,flyby,2,910,910,0.9877120256,0.1554879993,1.144415975,1.150759,1,0,-1,34385,30087,16,16,7218,23.99042776,17.01738292,512002,0,512002,34385
v2,ea89b79a9dfd35df20fed759e6d15c60fe01e77c,direct,octree_nfcount,flyby,2,911,911,0.8429120183,0.1614399999,1.005599976,1.013337,1,0,-1,34305,30017,16,16,7111,23.68990905,17.05706766,512002,0,512002,34305
v2,ea89b79a9dfd35df20fed759e6d15c60fe01e77c,direct,octree_nfcount,flyby,2,912,912,0.9983360171,0.157536,1.157119989,1.169094,1,0,-1,34345,30052,16,16,7175,23.87528284,17.03720218,512002,0,512002,34345
v2,ea89b79a9dfd35df20fed759e6d15c60fe01e77c,direct,octree_nfcount,flyby,2,913,913,0.9919679761,0.1616960019,1.154880047,1.162191,1,0,-1,34417,30115,16,16,7201,23.91167192,17.00156068,512002,0,512002,34417
v2,ea89b79a9dfd35df20fed759e6d15c60fe01e77c,direct,octree_nfcount,flyby,2,914,914,0.8559039831,0.1567679942,1.01391995,1.020883,1,0,-1,33961,29716,16,16,6974,23.46883834,17.22984251,512002,0,512002,33961
v2,ea89b79a9dfd35df20fed759e6d15c60fe01e77c,direct,octree_nfcount,flyby,2,915,915,1.000576019,0.1568640023,1.158656001,1.165594,1,0,-1,34249,29968,16,16,7124,23.77202349,17.08495729,512002,0,512002,34249
v2,ea89b79a9dfd35df20fed759e6d15c60fe01e77c,direct,octree_nfcount,flyby,2,916,916,0.9943680167,0.159679994,1.15526402,1.162527,1,0,-1,34345,30052,16,16,7197,23.94848929,17.03720218,512002,0,512002,34345
v2,ea89b79a9dfd35df20fed759e6d15c60fe01e77c,direct,octree_nfcount,flyby,2,917,917,0.8574399948,0.1556160003,1.014304042,1.021522,1,0,-1,34233,29954,16,16,7057,23.55945784,17.09294251,512002,0,512002,34233
v2,ea89b79a9dfd35df20fed759e6d15c60fe01e77c,direct,octree_nfcount,flyby,2,918,918,0.9811840057,0.160927996,1.143327951,1.150442,1,0,-1,34137,29870,16,16,7153,23.94710412,17.14101105,512002,0,512002,34137
v2,ea89b79a9dfd35df20fed759e6d15c60fe01e77c,direct,octree_nfcount,flyby,2,919,919,0.9855039716,0.1588159949,1.145535946,1.153435,1,0,-1,34201,29926,16,16,7168,23.95241596,17.10893537,512002,0,512002,34201
v2,ea89b79a9dfd35df20fed759e6d15c60fe01e77c,direct,octree_nfcount,flyby,2,920,920,0.837823987,0.1595200002,0.9985600114,1.00415,1,0,-1,33961,29716,16,16,6925,23.303944,17.22984251,512002,0,512002,33961
v2,ea89b79a9dfd35df20fed759e6d15c60fe01e77c,direct,octree_nfcount,flyby,2,921,921,0.9836159945,0.1556800008,1.140544057,1.14781,1,0,-1,34057,29800,16,16,7061,23.69463087,17.18127517,512002,0,512002,34057
v2,ea89b79a9dfd35df20fed759e6d15c60fe01e77c,direct,octree_nfcount,flyby,2,922,922,1.004735947,0.1577280015,1.163679957,1.171479,1,0,-1,34177,29905,16,16,7175,23.99264337,17.12094967,512002,0,512002,34177
v2,ea89b79a9dfd35df20fed759e6d15c60fe01e77c,direct,octree_nfcount,flyby,2,923,923,0.8506240249,0.1576319933,1.009696007,1.016305,1,0,-1,33985,29737,16,16,6974,23.45226486,17.21767495,512002,0,512002,33985
v2,ea89b79a9dfd35df20fed759e6d15c60fe01e77c,direct,octree_nfcount,flyby,2,924,924,0.971231997,0.1611199975,1.133664012,1.139463,1,0,-1,34073,29814,16,16,7073,23.72375394,17.17320722,512002,0,512002,34073
v2,ea89b79a9dfd35df20fed759e6d15c60fe01e77c,direct,octree_nfcount,flyby,2,925,925,0.9853439927,0.1576319933,1.14419198,1.151141,1,0,-1,33969,29723,16,16,7116,23.94105575,17.22578475,512002,0,512002,33969
v2,ea89b79a9dfd35df20fed759e6d15c60fe01e77c,direct,octree_nfcount,flyby,2,926,926,0.833664,0.1528320014,0.9877439737,0.993526,1,0,-1,33833,29604,16,16,6966,23.53060397,17.2950277,512002,0,512002,33833
v2,ea89b79a9dfd35df20fed759e6d15c60fe01e77c,direct,octree_nfcount,flyby,2,927,927,0.976000011,0.1568319947,1.134080052,1.141773,1,0,-1,33913,29674,16,16,7048,23.75143223,17.25422929,512002,0,512002,33913
v2,ea89b79a9dfd35df20fed759e6d15c60fe01e77c,direct,octree_nfcount,flyby,2,928,928,0.9743679762,0.1573120058,1.132928014,1.140488,1,0,-1,33913,29674,16,16,7026,23.67729325,17.25422929,512002,0,512002,33913
v2,ea89b79a9dfd35df20fed759e6d15c60fe01e77c,direct,octree_nfcount,flyby,2,929,929,0.9485759735,0.1578879952,1.10771203,1.114064,1,0,-1,33769,29548,16,16,6899,23.34844998,17.3278056,512002,0,512002,33769
v2,ea89b79a9dfd35df20fed759e6d15c60fe01e77c,direct,octree_nfcount,flyby,2,930,930,0.9739199877,0.1587519944,1.133919954,1.141549,1,0,-1,33937,29695,16,16,6996,23.55952181,17.24202728,512002,0,512002,33937
v2,ea89b79a9dfd35df20fed759e6d15c60fe01e77c,direct,octree_nfcount,flyby,2,931,931,0.9806079865,0.158912003,1.140735984,1.147872,1,0,-1,33809,29583,16,16,6911,23.36138999,17.30730487,512002,0,512002,33809
v2,ea89b79a9dfd35df20fed759e6d15c60fe01e77c,direct,octree_nfcount,flyby,2,932,932,0.9785919785,0.1586560011,1.138496041,1.145129,1,0,-1,33793,29569,16,16,6857,23.18982718,17.31549934,512002,0,512002,33793
v2,ea89b79a9dfd35df20fed759e6d15c60fe01e77c,direct,octree_nfcount,flyby,2,933,933,0.9864959717,0.1577599943,1.145503998,1.152123,1,0,-1,33913,29674,16,16,6931,23.35714767,17.25422929,512002,0,512002,33913
v2,ea89b79a9dfd35df20fed759e6d15c60fe01e77c,direct,octree_nfcount,flyby,2,934,934,0.9889600277,0.1576959938,1.147871971,1.154816,1,0,-1,33777,29555,16,16,6902,23.35307055,17.32370157,512002,0,512002,33777
v2,ea89b79a9dfd35df20fed759e6d15c60fe01e77c,direct,octree_nfcount,flyby,2,935,935,0.9775360227,0.1549119949,1.13369596,1.140399,1,0,-1,33713,29499,16,16,6892,23.36350385,17.35658836,512002,0,512002,33713
v2,ea89b79a9dfd35df20fed759e6d15c60fe01e77c,direct,octree_nfcount,flyby,2,936,936,0.8485760093,0.1566720009,1.006495953,1.01392,1,0,-1,33937,29695,16,16,7041,23.71106247,17.24202728,512002,0,512002,33937
v2,ea89b79a9dfd35df20fed759e6d15c60fe01e77c,direct,octree_nfcount,flyby,2,937,937,0.9786559939,0.1537279934,1.133599997,1.140362,1,0,-1,33729,29513,16,16,6811,23.07796564,17.34835496,512002,0,512002,33729
v2,ea89b79a9dfd35df20fed759e6d15c60fe01e77c,direct,octree_nfcount,flyby,2,938,938,0.9840959907,0.158912003,1.144224048,1.151132,1,0,-1,33913,29674,16,16,6942,23.39421716,17.25422929,512002,0,512002,33913
v2,ea89b79a9dfd35df20fed759e6d15c60fe01e77c,direct,octree_nfcount,flyby,2,939,939,0.8449280262,0.1558720022,1.002015948,1.008351,1,0,-1,33657,29450,16,16,6922,23.50424448,17.38546689,512002,0,512002,33657
v2,ea89b79a9dfd35df20fed759e6d15c60fe01e77c,direct,octree_nfcount,flyby,2,940,940,0.9858559966,0.1576959938,1.144768,1.152396,1,0,-1,33681,29471,16,16,6860,23.27711988,17.37307862,512002,0,512002,33681
v2,ea89b79a9dfd35df20fed759e6d15c60fe01e77c,direct,octree_nfcount,flyby,2,941,941,0.9749439955,0.1639679968,1.140159965,1.147613,1,0,-1,33609,29408,16,16,6922,23.53781284,17.41029652,512002,0,512002,33609
v2,ea89b79a9dfd35df20fed759e6d15c60fe01e77c,direct,octree_nfcount,flyby,2,942,942,0.845344007,0.1569920033,1.003584027,1.010532,1,0,-1,33625,29422,16,16,6945,23.60478553,17.4020121,512002,0,512002,33625
v2,ea89b79a9dfd35df20fed759e6d15c60fe01e77c,direct,octree_nfcount,flyby,2,943,943,0.9725760221,0.1545599997,1.128352046,1.136001,1,0,-1,33569,29373,16,16,6844,23.30030981,17.43104211,512002,0,512002,33569
v2,ea89b79a9dfd35df20fed759e6d15c60fe01e77c,direct,octree_nfcount,flyby,2,944,944,0.9591040015,0.1588799953,1.119199991,1.126349,1,0,-1,33665,29457,16,16,6984,23.70913535,17.38133551,512002,0,512002,33665
v2,ea89b79a9dfd35df20fed759e6d15c60fe01e77c,direct,octree_nfcount,flyby,2,945,945,0.8285440207,0.1609600037,0.990719974,0.998108,1,0,-1,33825,29597,16,16,6989,23.61387979,17.29911815,512002,0,512002,33825
v2,ea89b79a9dfd35df20fed759e6d15c60fe01e77c,direct,octree_nfcount,flyby,2,946,946,0.982016027,0.1556160003,1.138847947,1.146458,1,0,-1,33737,29520,16,16,6871,23.27574526,17.34424119,512002,0,512002,33737
v2,ea89b79a9dfd35df20fed759e6d15c60fe01e77c,direct,octree_nfcount,flyby,2,947,947,0.9857280254,0.1557759941,1.142719984,1.150278,1,0,-1,33825,29597,16,16,6977,23.57333514,17.29911815,512002,0,512002,33825
v2,ea89b79a9dfd35df20fed759e6d15c60fe01e77c,direct,octree_nfcount,flyby,2,948,948,0.8406080008,0.1597760022,1.001600027,1.009197,1,0,-1,33793,29569,16,16,6943,23.48067233,17.31549934,512002,0,512002,33793
v2,ea89b79a9dfd35df20fed759e6d15c60fe01e77c,direct,octree_nfcount,flyby,2,949,949,0.9788159728,0.1545280069,1.134559989,1.142413,1,0,-1,33857,29625,16,16,6922,23.36540084,17.28276793,512002,0,512002,33857
v2,ea89b79a9dfd35df20fed759e6d15c60fe01e77c,direct,octree_nfcount,flyby,2,950,950,0.979551971,0.1568319947,1.137599945,1.145062,1,0,-1,34137,29870,16,16,7035,23.55205892,17.14101105,512002,0,512002,34137
v2,ea89b79a9dfd35df20fed759e6d15c60fe01e77c,direct,octree_nfcount,flyby,2,951,951,0.8488960266,0.1600960046,1.010208011,1.017537,1,0,-1,33753,29534,16,16,6975,23.61684838,17.3360195,512002,0,512002,33753
v2,ea89b79a9dfd35df20fed759e6d15c60fe01e77c,direct,octree_nfcount,flyby,2,952,952,0.9879040122,0.1577599943,1.146880031,1.153889,1,0,-1,33817,29590,16,16,6964,23.53497803,17.30321054,512002,0,512002,33817
v2,ea89b79a9dfd35df20fed759e6d15c60fe01e77c,direct,octree_nfcount,flyby,2,953,953,0.9918400049,0.1590079963,1.152063966,1.159219,1,0,-1,34057,29800,16,16,7048,23.65100671,17.18127517,512002,0,512002,34057
v2,ea89b79a9dfd35df20fed759e6d15c60fe01e77c,direct,octree_nfcount,flyby,2,954,954,0.8458560109,0.1547520012,1.001855969,1.009166,1,0,-1,33905,29667,16,16,6923,23.33569286,17.25830047,512002,0,512002,33905
v2,ea89b79a9dfd35df20fed759e6d15c60fe01e77c,direct,octree_nfcount,flyby,2,955,955,0.9868800044,0.1588799953,1.146975994,1.153912,1,0,-1,33761,29541,16,16,6913,23.40137436,17.33191158,512002,0,512002,33761
v2,ea89b79a9dfd35df20fed759e6d15c60fe01e77c,direct,octree_nfcount,flyby,2,956,956,0.9850239754,0.1547199935,1.140959978,1.148518,1,0,-1,33913,29674,16,16,7051,23.76154209,17.25422929,512002,0,512002,33913
v2,ea89b79a9dfd35df20fed759e6d15c60fe01e77c,direct,octree_nfcount,flyby,2,957,957,0.8403840065,0.1599680036,1.00156796,1.009438,1,0,-1,33793,29569,16,16,6936,23.45699888,17.31549934,512002,0,512002,33793
v2,ea89b79a9dfd35df20fed759e6d15c60fe01e77c,direct,octree_nfcount,flyby,2,958,958,0.9730240107,0.1596480012,1.133888006,1.141296,1,0,-1,33825,29597,16,16,6965,23.53279049,17.29911815,512002,0,512002,33825
v2,ea89b79a9dfd35df20fed759e6d15c60fe01e77c,direct,octree_nfcount,flyby,2,959,959,0.9832320213,0.1586239934,1.143072009,1.150695,1,0,-1,33969,29723,16,16,7102,23.89395418,17.22578475,512002,0,512002,33969
v2,ea89b79a9dfd35df20fed759e6d15c60fe01e77c,direct,octree_nfcount,flyby,2,960,960,0.8429759741,0.1584639996,1.002655983,1.010539,1,0,-1,33713,29499,16,16,6909,23.42113292,17.35658836,512002,0,512002,33713
v2,ea89b79a9dfd35df20fed759e6d15c60fe01e77c,direct,octree_nfcount,flyby,2,961,961,0.9656959772,0.1552319974,1.122176051,1.129399,1,0,-1,33833,29604,16,16,7099,23.97986759,17.2950277,512002,0,512002,33833
v2,ea89b79a9dfd35df20fed759e6d15c60fe01e77c,direct,octree_nfcount,flyby,2,962,962,0.977248013,0.1595840007,1.139135957,1.145927,1,0,-1,33969,29723,16,16,7152,24.06217407,17.22578475,512002,0,512002,33969
v2,ea89b79a9dfd35df20fed759e6d15c60fe01e77c,direct,octree_nfcount,flyby,2,963,963,0.8303999901,0.1568640023,0.9884799719,0.995766,1,0,-1,33961,29716,16,16,7091,23.86256562,17.22984251,512002,0,512002,33961
v2,ea89b79a9dfd35df20fed759e6d15c60fe01e77c,direct,octree_nfcount,flyby,2,964,964,0.9728639722,0.1597120017,1.133792043,1.139725,1,0,-1,33897,29660,16,16,7134,24.05259609,17.26237357,512002,0,512002,33897
v2,ea89b79a9dfd35df20fed759e6d15c60fe01e77c,direct,octree_nfcount,flyby,2,965,965,0.9831680059,0.1547520012,1.139168024,1.146219,1,0,-1,34009,29758,16,16,7129,23.9565831,17.20552456,512002,0,512002,34009
v2,ea89b79a9dfd35df20fed759e6d15c60fe01e77c,direct,octree_nfcount,flyby,2,966,966,0.8431040049,0.1555839926,0.9999359846,1.007647,1,0,-1,33737,29520,16,16,6926,23.46205962,17.34424119,512002,0,512002,33737
v2,ea89b79a9dfd35df20fed759e6d15c60fe01e77c,direct,octree_nfcount,flyby,2,967,967,0.9829440117,0.1555839926,1.139744043,1.146993,1,0,-1,33889,29653,16,16,7060,23.80872087,17.26644859,512002,0,512002,33889
v2,ea89b79a9dfd35df20fed759e6d15c60fe01e77c,direct,octree_nfcount,flyby,2,968,968,0.9908800125,0.1565759927,1.148671985,1.155848,1,0,-1,33953,29709,16,16,7121,23.96916759,17.23390218,512002,0,512002,33953
v2,ea89b79a9dfd35df20fed759e6d15c60fe01e77c,direct,octree_nfcount,flyby,2,969,969,0.8517119884,0.1597439945,1.012671947,1.020304,1,0,-1,33969,29723,16,16,6974,23.46331124,17.22578475,512002,0,512002,33969
v2,ea89b79a9dfd35df20fed759e6d15c60fe01e77c,direct,octree_nfcount,flyby,2,970,970,0.9944319725,0.1554239988,1.151103973,1.158115,1,0,-1,34153,29884,16,16,7199,24.08981395,17.13298086,512002,0,512002,34153
v2,ea89b79a9dfd35df20fed759e6d15c60fe01e77c,direct,octree_nfcount,flyby,2,971,971,0.9826239944,0.1618559957,1.145696044,1.152548,1,0,-1,34017,29765,16,16,7094,23.83336133,17.20147825,512002,0,512002,34017
v2,ea89b79a9dfd35df20fed759e6d15c60fe01e77c,direct,octree_nfcount,flyby,2,972,972,0.8480319977,0.160927996,1.010208011,1.018054,1,0,-1,33993,29744,16,16,6995,23.51734804,17.21362292,512002,0,512002,33993
v2,ea89b79a9dfd35df20fed759e6d15c60fe01e77c,direct,octree_nfcount,flyby,2,973,973,0.9944000244,0.1576959938,1.153311968,1.160369,1,0,-1,33969,29723,16,16,7061,23.75601386,17.22578475,512002,0,512002,33969
v2,ea89b79a9dfd35df20fed759e6d15c60fe01e77c,direct,octree_nfcount,flyby,2,974,974,0.961055994,0.1539199948,1.116224051,1.122275,1,0,-1,34177,29905,16,16,7121,23.81207156,17.12094967,512002,0,512002,34177
v2,ea89b79a9dfd35df20fed759e6d15c60fe01e77c,direct,octree_nfcount,flyby,2,975,975,0.8304319978,0.1569280028,0.988575995,0.99575,1,0,-1,34113,29849,16,16,6941,23.25371034,17.15307045,512002,0,512002,34113
v2,ea89b79a9dfd35df20fed759e6d15c60fe01e77c,direct,octree_nfcount,flyby,2,976,976,0.9839680195,0.1588480026,1.144032001,1.151111,1,0,-1,34097,29835,16,16,6984,23.40874811,17.16111949,512002,0,512002,34097
v2,ea89b79a9dfd35df20fed759e6d15c60fe01e77c,direct,octree_nfcount,flyby,2,977,977,0.9837120175,0.1607359946,1.145727992,1.153062,1,0,-1,34489,30178,16,16,7029,23.29180197,16.966068,512002,0,512002,34489
v2,ea89b79a9dfd35df20fed759e6d15c60fe01e77c,direct,octree_nfcount,flyby,2,978,978,0.8548160195,0.1576319933,1.013664007,1.021263,1,0,-1,34057,29800,16,16,6846,22.97315436,17.18127517,512002,0,512002,34057
v2,ea89b79a9dfd35df20fed759e6d15c60fe01e77c,direct,octree_nfcount,flyby,2,979,979,0.9893440008,0.155392006,1.145984054,1.153952,1,0,-1,34145,29877,16,16,6979,23.35910567,17.13699501,512002,0,512002,34145
v2,ea89b79a9dfd35df20fed759e6d15c60fe01e77c,direct,octree_nfcount,flyby,2,980,980,0.9845119715,0.1638720036,1.149600029,1.157319,1,0,-1,33993,29744,16,16,6893,23.17442173,17.21362292,512002,0,512002,33993
v2,ea89b79a9dfd35df20fed759e6d15c60fe01e77c,direct,octree_nfcount,flyby,2,981,981,0.9787200093,0.1597120017,1.139680028,1.146435,1,0,-1,33977,29730,16,16,6820,22.93979146,17.22172889,512002,0,512002,33977
v2,ea89b79a9dfd35df20fed759e6d15c60fe01e77c,direct,octree_nfcount,flyby,2,982,982,0.9757120013,0.1528639942,1.129791975,1.136453,1,0,-1,34009,29758,16,16,6890,23.15343773,17.20552456,512002,0,512002,34009
v2,ea89b79a9dfd35df20fed759e6d15c60fe01e77c,direct,octree_nfcount,flyby,2,983,983,0.9675840139,0.15264,1.121440053,1.127119,1,0,-1,34185,29912,16,16,6897,23.05763573,17.11694303,512002,0,512002,34185
v2,ea89b79a9dfd35df20fed759e6d15c60fe01e77c,direct,octree_nfcount,flyby,2,984,984,0.8496000171,0.1616960019,1.012544036,1.020005,1,0,-1,34033,29779,16,16,6877,23.09345512,17.19339132,512002,0,512002,34033
v2,ea89b79a9dfd35df20fed759e6d15c60fe01e77c,direct,octree_nfcount,flyby,2,985,985,0.9762240052,0.1578560024,1.135295987,1.143161,1,0,-1,34177,29905,16,16,6921,23.14328708,17.12094967,512002,0,512002,34177
v2,ea89b79a9dfd35df20fed759e6d15c60fe01e77c,direct,octree_nfcount,flyby,2,986,986,0.9816640019,0.1574400067,1.140319943,1.147564,1,0,-1,33969,29723,16,16,6866,23.09995626,17.22578475,512002,0,512002,33969
v2,ea89b79a9dfd35df20fed759e6d15c60fe01e77c,direct,octree_nfcount,flyby,2,987,987,0.8307200074,0.1565759927,0.9885119796,0.995947,1,0,-1,33921,29681,16,16,6832,23.01809238,17.25016004,512002,0,512002,33921
v2,ea89b79a9dfd35df20fed759e6d15c60fe01e77c,direct,octree_nfcount,flyby,2,988,988,0.980256021,0.1567679942,1.13823998,1.145627,1,0,-1,34097,29835,16,16,6953,23.3048433,17.16111949,512002,0,512002,34097
v2,ea89b79a9dfd35df20fed759e6d15c60fe01e77c,direct,octree_nfcount,flyby,2,989,989,0.9683200121,0.1588159949,1.128352046,1.135675,1,0,-1,34121,29856,16,16,6903,23.12098071,17.14904877,512002,0,512002,34121
v2,ea89b79a9dfd35df20fed759e6d15c60fe01e77c,direct,octree_nfcount,flyby,2,990,990,0.8441280127,0.1596480012,1.005023956,1.012142,1,0,-1,34169,29898,16,16,6926,23.16542913,17.12495819,512002,0,512002,34169
v2,ea89b79a9dfd35df20fed759e6d15c60fe01e77c,direct,octree_nfcount,flyby,2,991,991,0.9771519899,0.1610240042,1.139423966,1.14626,1,0,-1,34177,29905,16,16,7007,23.4308644,17.12094967,512002,0,512002,34177
v2,ea89b79a9dfd35df20fed759e6d15c60fe01e77c,direct,octree_nfcount,flyby,2,992,992,0.9803839922,0.1546880007,1.136479974,1.144012,1,0,-1,34385,30087,16,16,6944,23.07973543,17.01738292,512002,0,512002,34385
v2,ea89b79a9dfd35df20fed759e6d15c60fe01e77c,direct,octree_nfcount,flyby,2,993,993,0.9916160107,0.159807995,1.152639985,1.160338,1,0,-1,34265,29982,16,16,6985,23.29731172,17.07697952,512002,0,512002,34265
v2,ea89b79a9dfd35df20fed759e6d15c60fe01e77c,direct,octree_nfcount,flyby,2,994,994,0.9711040258,0.1608320028,1.133152008,1.140331,1,0,-1,34225,29947,16,16,7064,23.5883394,17.09693792,512002,0,512002,34225
v2,ea89b79a9dfd35df20fed759e6d15c60fe01e77c,direct,octree_nfcount,flyby,2,995,995,0.9862400293,0.1577280015,1.145215988,1.152623,1,0,-1,34257,29975,16,16,7040,23.48623853,17.08096747,512002,0,512002,34257
v2,ea89b79a9dfd35df20fed759e6d15c60fe01e77c,direct,octree_nfcount,flyby,2,996,996,0.991584003,0.1545280069,1.147328019,1.154652,1,0,-1,34377,30080,16,16,7067,23.49401596,17.02134309,512002,0,512002,34377
v2,ea89b79a9dfd35df20fed759e6d15c60fe01e77c,direct,octree_nfcount,flyby,2,997,997,0.9811199903,0.1556160003,1.13795197,1.145278,1,0,-1,34257,29975,16,16,7105,23.7030859,17.08096747,512002,0,512002,34257
v2,ea89b79a9dfd35df20fed759e6d15c60fe01e77c,direct,octree_nfcount,flyby,2,998,998,0.9827839732,0.1596480012,1.143648028,1.150722,1,0,-1,34169,29898,16,16,6942,23.21894441,17.12495819,512002,0,512002,34169
v2,ea89b79a9dfd35df20fed759e6d15c60fe01e77c,direct,octree_nfcount,flyby,2,999,999,0.9948160052,0.1617600024,1.157791972,1.164919,1,0,-1,34217,29940,16,16,7027,23.47027388,17.1009352,512002,0,512002,34217
v2,ea89b79a9dfd35df20fed759e6d15c60fe01e77c,direct,octree_nfcount,flyby,2,1000,1000,0.9875519872,0.1553280056,1.144096017,1.151643,1,0,-1,34041,29786,16,16,6968,23.39354059,17.1893507,512002,0,512002,34041
v2,ea89b79a9dfd35df20fed759e6d15c60fe01e77c,direct,octree_nfcount,flyby,2,1001,1001,0.9864959717,0.1557759941,1.14348805,1.150769,1,0,-1,33985,29737,16,16,6913,23.2471332,17.21767495,512002,0,512002,33985
v2,ea89b79a9dfd35df20fed759e6d15c60fe01e77c,direct,octree_nfcount,flyby,2,1002,1002,0.9796800017,0.1566720009,1.137599945,1.144464,1,0,-1,34057,29800,16,16,6972,23.39597315,17.18127517,512002,0,512002,34057
v2,ea89b79a9dfd35df20fed759e6d15c60fe01e77c,direct,octree_nfcount,flyby,2,1003,1003,0.8345919847,0.1536320001,0.989471972,0.99616,1,0,-1,34033,29779,16,16,7030,23.60724,17.19339132,512002,0,512002,34033
v2,ea89b79a9dfd35df20fed759e6d15c60fe01e77c,direct,octree_nfcount,flyby,2,1004,1004,0.9812160134,0.1568640023,1.139296055,1.146185,1,0,-1,33993,29744,16,16,6894,23.17778375,17.21362292,512002,0,512002,33993
v2,ea89b79a9dfd35df20fed759e6d15c60fe01e77c,direct,octree_nfcount,flyby,2,1005,1005,0.9923200011,0.1587519944,1.152320027,1.159522,1,0,-1,33881,29646,16,16,6928,23.36908858,17.27052553,512002,0,512002,33881
v2,ea89b79a9dfd35df20fed759e6d15c60fe01e77c,direct,octree_nfcount,flyby,2,1006,1006,0.8258879781,0.1555839926,0.9826880097,0.989311,1,0,-1,33761,29541,16,16,6894,23.33705697,17.33191158,512002,0,512002,33761
v2,ea89b79a9dfd35df20fed759e6d15c60fe01e77c,direct,octree_nfcount,flyby,2,1007,1007,0.968223989,0.1600320041,1.129472017,1.13677,1,0,-1,33825,29597,16,16,6847,23.13410143,17.29911815,512002,0,512002,33825
v2,ea89b79a9dfd35df20fed759e6d15c60fe01e77c,direct,octree_nfcount,flyby,2,1008,1008,0.9778239727,0.1587840021,1.137824059,1.145085,1,0,-1,34017,29765,16,16,6968,23.41004536,17.20147825,512002,0,512002,34017
v2,ea89b79a9dfd35df20fed759e6d15c60fe01e77c,direct,octree_nfcount,flyby,2,1009,1009,0.8356800079,0.1556160003,0.9925119877,0.998617,1,0,-1,33873,29639,16,16,6932,23.38810351,17.27460441,512002,0,512002,33873
v2,ea89b79a9dfd35df20fed759e6d15c60fe01e77c,direct,octree_nfcount,flyby,2,1010,1010,0.9968000054,0.1618559957,1.159904003,1.167318,1,0,-1,33889,29653,16,16,6796,22.91842309,17.26644859,512002,0,512002,33889
v2,ea89b79a9dfd35df20fed759e6d15c60fe01e77c,direct,octree_nfcount,flyby,2,1011,1011,0.9777280092,0.1589439958,1.137887955,1.143435,1,0,-1,34065,29807,16,16,6935,23.26634683,17.17724025,512002,0,512002,34065
v2,ea89b79a9dfd35df20fed759e6d15c60fe01e77c,direct,octree_nfcount,flyby,2,1012,1012,0.8451520205,0.1587200016,1.005216002,1.012259,1,0,-1,33865,29632,16,16,6853,23.12702484,17.27868521,512002,0,512002,33865
v2,ea89b79a9dfd35df20fed759e6d15c60fe01e77c,direct,octree_nfcount,flyby,2,1013,1013,0.9798079729,0.1619199961,1.142976046,1.149966,1,0,-1,33697,29485,16,16,6776,22.98117687,17.36482957,512002,0,512002,33697
v2,ea89b79a9dfd35df20fed759e6d15c60fe01e77c,direct,octree_nfcount,flyby,2,1014,1014,0.9891200066,0.1587840021,1.14915204,1.156027,1,0,-1,33785,29562,16,16,6985,23.62830661,17.31959949,512002,0,512002,33785
v2,ea89b79a9dfd35df20fed759e6d15c60fe01e77c,direct,octree_nfcount,flyby,2,1015,1015,0.8473280072,0.154655993,1.003200054,1.010766,1,0,-1,33865,29632,16,16,6996,23.60961123,17.27868521,512002,0,512002,33865
v2,ea89b79a9dfd35df20fed759e6d15c60fe01e77c,direct,octree_nfcount,flyby,2,1016,1016,0.9816319942,0.1568000019,1.139647961,1.146662,1,0,-1,33897,29660,16,16,6877,23.18610924,17.26237357,512002,0,512002,33897
v2,ea89b79a9dfd35df20fed759e6d15c60fe01e77c,direct,octree_nfcount,flyby,2,1017,1017,0.9816960096,0.1527040005,1.135615945,1.142907,1,0,-1,33969,29723,16,16,6967,23.43976045,17.22578475,512002,0,512002,33969
v2,ea89b79a9dfd35df20fed759e6d15c60fe01e77c,direct,octree_nfcount,flyby,2,1018,1018,0.8396480083,0.1586239934,0.9995200038,1.006607,1,0,-1,33689,29478,16,16,6915,23.4581722,17.36895312,512002,0,512002,33689
v2,ea89b79a9dfd35df20fed759e6d15c60fe01e77c,direct,octree_nfcount,flyby,2,1019,1019,0.9876800179,0.1567360014,1.145632029,1.152923,1,0,-1,33745,29527,16,16,6880,23.30070783,17.34012937,512002,0,512002,33745
v2,ea89b79a9dfd35df20fed759e6d15c60fe01e77c,direct,octree_nfcount,flyby,2,1020,1020,0.9754239917,0.1616639942,1.138335943,1.14575,1,0,-1,34105,29842,16,16,6993,23.43341599,17.15709403,512002,0,512002,34105
v2,ea89b79a9dfd35df20fed759e6d15c60fe01e77c,direct,octree_nfcount,flyby,2,1021,1021,0.8470720053,0.1575679928,1.005887985,1.01297,1,0,-1,33857,29625,16,16,6860,23.15611814,17.28276793,512002,0,512002,33857
v2,ea89b79a9dfd35df20fed759e6d15c60fe01e77c,direct,octree_nfcount,flyby,2,1022,1022,0.9785280228,0.1577280015,1.138687968,1.145387,1,0,-1,33857,29625,16,16,6764,22.83206751,17.28276793,512002,0,512002,33857
v2,ea89b79a9dfd35df20fed759e6d15c60fe01e77c,direct,octree_nfcount,flyby,2,1023,1023,0.9828479886,0.1587840021,1.142848015,1.148917,1,0,-1,34153,29884,16,16,6943,23.23316825,17.13298086,512002,0,512002,34153
v2,ea89b79a9dfd35df20fed759e6d15c60fe01e77c,direct,octree_nfcount,flyby,2,1024,1024,0.8372799754,0.150496006,0.9890239835,0.996252,1,0,-1,33849,29618,16,16,6814,23.00627996,17.28685259,512002,0,512002,33849
v2,ea89b79a9dfd35df20fed759e6d15c60fe01e77c,direct,octree_nfcount,flyby,2,1025,1025,0.9707520008,0.1580799967,1.130048037,1.135926,1,0,-1,33985,29737,16,16,6871,23.10589501,17.21767495,512002,0,512002,33985
v2,ea89b79a9dfd35df20fed759e6d15c60fe01e77c,direct,octree_nfcount,flyby,2,1026,1026,0.9795839787,0.1579519957,1.138751984,1.144728,1,0,-1,34361,30066,16,16,7048,23.44176146,17.02926894,512002,0,512002,34361
v2,ea89b79a9dfd35df20fed759e6d15c60fe01e77c,direct,octree_nfcount,flyby,2,1027,1027,0.8213760257,0.1552319974,0.9778559804,0.982975,1,0,-1,34065,29807,16,16,6934,23.26299191,17.17724025,512002,0,512002,34065
v2,ea89b79a9dfd35df20fed759e6d15c60fe01e77c,direct,octree_nfcount,flyby,2,1028,1028,0.9798079729,0.1560000032,1.137055993,1.142378,1,0,-1,33969,29723,16,16,6922,23.28836255,17.22578475,512002,0,512002,33969
v2,ea89b79a9dfd35df20fed759e6d15c60fe01e77c,direct,octree_nfcount,flyby,2,1029,1029,0.9711359739,0.1566080004,1.128960013,1.134103,1,0,-1,34129,29863,16,16,7010,23.47386398,17.14502897,512002,0,512002,34129
v2,ea89b79a9dfd35df20fed759e6d15c60fe01e77c,direct,octree_nfcount,flyby,2,1030,1030,0.8257600069,0.1609919965,0.9879680276,0.993013,1,0,-1,33897,29660,16,16,6943,23.40863115,17.26237357,512002,0,512002,33897
v2,ea89b79a9dfd35df20fed759e6d15c60fe01e77c,direct,octree_nfcount,flyby,2,1031,1031,0.9858559966,0.1578879952,1.144960046,1.150162,1,0,-1,34033,29779,16,16,6973,23.41582995,17.19339132,512002,0,512002,34033
v2,ea89b79a9dfd35df20fed759e6d15c60fe01e77c,direct,octree_nfcount,flyby,2,1032,1032,0.9705920219,0.153888002,1.125695944,1.130645,1,0,-1,34185,29912,16,16,7120,23.80315592,17.11694303,512002,0,512002,34185
v2,ea89b79a9dfd35df20fed759e6d15c60fe01e77c,direct,octree_nfcount,flyby,2,1033,1033,0.8286719918,0.1558399945,0.9857280254,0.990863,1,0,-1,34049,29793,16,16,6939,23.29070587,17.18531199,512002,0,512002,34049
v2,ea89b79a9dfd35df20fed759e6d15c60fe01e77c,direct,octree_nfcount,flyby,2,1034,1034,0.9575679898,0.1569280028,1.115743995,1.120938,1,0,-1,34001,29751,16,16,6954,23.37400424,17.20957279,512002,0,512002,34001
v2,ea89b79a9dfd35df20fed759e6d15c60fe01e77c,direct,octree_nfcount,flyby,2,1035,1035,0.9855999947,0.1577599943,1.144575953,1.15156,1,0,-1,34257,29975,16,16,7072,23.59299416,17.08096747,512002,0,512002,34257
v2,ea89b79a9dfd35df20fed759e6d15c60fe01e77c,direct,octree_nfcount,flyby,2,1036,1036,0.8515200019,0.1587519944,1.011520028,1.018284,1,0,-1,33977,29730,16,16,6992,23.51833165,17.22172889,512002,0,512002,33977
v2,ea89b79a9dfd35df20fed759e6d15c60fe01e77c,direct,octree_nfcount,flyby,2,1037,1037,0.9826880097,0.1578239948,1.141759992,1.146949,1,0,-1,33993,29744,16,16,6965,23.41648736,17.21362292,512002,0,512002,33993
v2,ea89b79a9dfd35df20fed759e6d15c60fe01e77c,direct,octree_nfcount,flyby,2,1038,1038,0.98566401,0.1599040031,1.146783948,1.152395,1,0,-1,34145,29877,16,16,7086,23.71724069,17.13699501,512002,0,512002,34145
v2,ea89b79a9dfd35df20fed759e6d15c60fe01e77c,direct,octree_nfcount,flyby,2,1039,1039,0.8470399976,0.1566399932,1.004896045,1.012092,1,0,-1,33953,29709,16,16,6871,23.12767175,17.23390218,512002,0,512002,33953
v2,ea89b79a9dfd35df20fed759e6d15c60fe01e77c,direct,octree_nfcount,flyby,2,1040,1040,0.9692159891,0.1564480066,1.12688005,1.134424,1,0,-1,34041,29786,16,16,6944,23.31296582,17.1893507,512002,0,512002,34041
v2,ea89b79a9dfd35df20fed759e6d15c60fe01e77c,direct,octree_nfcount,flyby,2,1041,1041,0.9858239889,0.1547199935,1.141759992,1.149134,1,0,-1,34209,29933,16,16,7021,23.45571777,17.10493435,512002,0,512002,34209
v2,ea89b79a9dfd35df20fed759e6d15c60fe01e77c,direct,octree_nfcount,flyby,2,1042,1042,0.8387839794,0.1532800049,0.9932799935,1.000658,1,0,-1,33825,29597,16,16,6884,23.2591141,17.29911815,512002,0,512002,33825
v2,ea89b79a9dfd35df20fed759e6d15c60fe01e77c,direct,octree_nfcount,flyby,2,1043,1043,0.9726719856,0.1579200029,1.131808043,1.139197,1,0,-1,34217,29940,16,16,7018,23.44021376,17.1009352,512002,0,512002,34217
v2,ea89b79a9dfd35df20fed759e6d15c60fe01e77c,direct,octree_nfcount,flyby,2,1044,1044,0.9807680249,0.1566080004,1.138623953,1.145841,1,0,-1,34305,30017,16,16,7130,23.75320652,17.05706766,512002,0,512002,34305
v2,ea89b79a9dfd35df20fed759e6d15c60fe01e77c,direct,octree_nfcount,flyby,2,1045,1045,0.8368639946,0.1554239988,0.9935039878,1.000892,1,0,-1,33977,29730,16,16,6994,23.52505886,17.22172889,512002,0,512002,33977
v2,ea89b79a9dfd35df20fed759e6d15c60fe01e77c,direct,octree_nfcount,flyby,2,1046,1046,0.9703999758,0.1556800008,1.127295971,1.13478,1,0,-1,34049,29793,16,16,6999,23.49209546,17.18531199,512002,0,512002,34049
v2,ea89b79a9dfd35df20fed759e6d15c60fe01e77c,direct,octree_nfcount,flyby,2,1047,1047,0.9849920273,0.1607040018,1.146944046,1.154085,1,0,-1,34185,29912,16,16,7124,23.81652848,17.11694303,512002,0,512002,34185
v2,ea89b79a9dfd35df20fed759e6d15c60fe01e77c,direct,octree_nfcount,flyby,2,1048,1048,0.8374720216,0.1566720009,0.9953600168,1.000952,1,0,-1,34089,29828,16,16,6911,23.16950516,17.16514684,512002,0,512002,34089
v2,ea89b79a9dfd35df20fed759e6d15c60fe01e77c,direct,octree_nfcount,flyby,2,1049,1049,0.9837440252,0.1527999938,1.137791991,1.143388,1,0,-1,34161,29891,16,16,7008,23.44518417,17.12896859,512002,0,512002,34161
v2,ea89b79a9dfd35df20fed759e6d15c60fe01e77c,direct,octree_nfcount,flyby,2,1050,1050,0.9909440279,0.1557759941,1.147935987,1.153809,1,0,-1,34281,29996,16,16,7051,23.50646753,17.0690092,512002,0,512002,34281
v2,ea89b79a9dfd35df20fed759e6d15c60fe01e77c,direct,octree_nfcount,flyby,2,1051,1051,0.8547199965,0.15264,1.008576035,1.015552,1,0,-1,34105,29842,16,16,6876,23.04135112,17.15709403,512002,0,512002,34105
v2,ea89b79a9dfd35df20fed759e6d15c60fe01e77c,direct,octree_nfcount,flyby,2,1052,1052,0.9656000137,0.1608320028,1.127647996,1.133334,1,0,-1,34073,29814,16,16,6940,23.27765479,17.17320722,512002,0,512002,34073
v2,ea89b79a9dfd35df20fed759e6d15c60fe01e77c,direct,octree_nfcount,flyby,2,1053,1053,0.9873920083,0.1595200002,1.148159981,1.156063,1,0,-1,34321,30031,16,16,7064,23.52236023,17.04911591,512002,0,512002,34321
v2,ea89b79a9dfd35df20fed759e6d15c60fe01e77c,direct,octree_nfcount,flyby,2,1054,1054,0.8544319868,0.1564159989,1.012096047,1.020313,1,0,-1,34249,29968,16,16,6947,23.18139349,17.08495729,512002,0,512002,34249
v2,ea89b79a9dfd35df20fed759e6d15c60fe01e77c,direct,octree_nfcount,flyby,2,1055,1055,1.001119971,0.1557119936,1.158048034,1.165705,1,0,-1,34089,29828,16,16,7012,23.50811318,17.16514684,512002,0,512002,34089
v2,ea89b79a9dfd35df20fed759e6d15c60fe01e77c,direct,octree_nfcount,flyby,2,1056,1056,0.9990720153,0.1575040072,1.157920003,1.166004,1,0,-1,34241,29961,16,16,7131,23.80094122,17.08894897,512002,0,512002,34241
v2,ea89b79a9dfd35df20fed759e6d15c60fe01e77c,direct,octree_nfcount,flyby,2,1057,1057,0.8526399732,0.1556800008,1.009536028,1.017362,1,0,-1,34129,29863,16,16,6907,23.12895556,17.14502897,512002,0,512002,34129
v2,ea89b79a9dfd35df20fed759e6d15c60fe01e77c,direct,octree_nfcount,flyby,2,1058,1058,0.9839040041,0.1557759941,1.140895963,1.148562,1,0,-1,34281,29996,16,16,7132,23.77650353,17.0690092,512002,0,512002,34281
v2,ea89b79a9dfd35df20fed759e6d15c60fe01e77c,direct,octree_nfcount,flyby,2,1059,1059,0.9910399914,0.1587200016,1.150975943,1.157808,1,0,-1,34289,30003,16,16,7140,23.79762024,17.06502683,512002,0,512002,34289
v2,ea89b79a9dfd35df20fed759e6d15c60fe01e77c,direct,octree_nfcount,flyby,2,1060,1060,0.8498880267,0.1576000005,1.008703947,1.016294,1,0,-1,33921,29681,16,16,6887,23.20339611,17.25016004,512002,0,512002,33921
v2,ea89b79a9dfd35df20fed759e6d15c60fe01e77c,direct,octree_nfcount,flyby,2,1061,1061,0.9840000272,0.154783994,1.139999986,1.146438,1,0,-1,34185,29912,16,16,6982,23.34180262,17.11694303,512002,0,512002,34185
v2,ea89b79a9dfd35df20fed759e6d15c60fe01e77c,direct,octree_nfcount,flyby,2,1062,1062,0.9898880124,0.1607040018,1.151808023,1.158731,1,0,-1,34209,29933,16,16,7054,23.56596399,17.10493435,512002,0,512002,34209
v2,ea89b79a9dfd35df20fed759e6d15c60fe01e77c,direct,octree_nfcount,flyby,2,1063,1063,0.8508480191,0.1533759981,1.005439997,1.012721,1,0,-1,34001,29751,16,16,6874,23.10510571,17.20957279,512002,0,512002,34001
v2,ea89b79a9dfd35df20fed759e6d15c60fe01e77c,direct,octree_nfcount,flyby,2,1064,1064,1.002303958,0.1568000019,1.160351992,1.16785,1,0,-1,34209,29933,16,16,6996,23.37219791,17.10493435,512002,0,512002,34209
v2,ea89b79a9dfd35df20fed759e6d15c60fe01e77c,direct,octree_nfcount,flyby,2,1065,1065,0.9988800287,0.1575679928,1.157696009,1.165066,1,0,-1,34281,29996,16,16,7023,23.41312175,17.0690092,512002,0,512002,34281
v2,ea89b79a9dfd35df20fed759e6d15c60fe01e77c,direct,octree_nfcount,flyby,2,1066,1066,0.8548160195,0.1554560065,1.011520028,1.01855,1,0,-1,34169,29898,16,16,6827,22.8343033,17.12495819,512002,0,512002,34169
v2,ea89b79a9dfd35df20fed759e6d15c60fe01e77c,direct,octree_nfcount,flyby,2,1067,1067,0.9952960014,0.1557440013,1.15228796,1.159866,1,0,-1,34225,29947,16,16,6921,23.11082913,17.09693792,512002,0,512002,34225
v2,ea89b79a9dfd35df20fed759e6d15c60fe01e77c,direct,octree_nfcount,flyby,2,1068,1068,0.9976320267,0.1598400027,1.158687949,1.166256,1,0,-1,34313,30024,16,16,7011,23.35131894,17.05309086,512002,0,512002,34313
v2,ea89b79a9dfd35df20fed759e6d15c60fe01e77c,direct,octree_nfcount,flyby,2,1069,1069,0.8459519744,0.163936004,1.011103988,1.018641,1,0,-1,33953,29709,16,16,6804,22.90215086,17.23390218,512002,0,512002,33953
v2,ea89b79a9dfd35df20fed759e6d15c60fe01e77c,direct,octree_nfcount,flyby,2,1070,1070,0.980512023,0.1545280069,1.13625598,1.143823,1,0,-1,34217,29940,16,16,6890,23.01269205,17.1009352,512002,0,512002,34217
v2,ea89b79a9dfd35df20fed759e6d15c60fe01e77c,direct,octree_nfcount,flyby,2,1071,1071,0.9901120067,0.1607680023,1.152096033,1.158962,1,0,-1,34249,29968,16,16,6982,23.29818473,17.08495729,512002,0,512002,34249
v2,ea89b79a9dfd35df20fed759e6d15c60fe01e77c,direct,octree_nfcount,flyby,2,1072,1072,0.8551040292,0.1567039937,1.013023973,1.020085,1,0,-1,34009,29758,16,16,6746,22.66953424,17.20552456,512002,0,512002,34009
v2,ea89b79a9dfd35df20fed759e6d15c60fe01e77c,direct,octree_nfcount,flyby,2,1073,1073,0.9931520224,0.1558399945,1.150207996,1.157088,1,0,-1,33929,29688,16,16,6758,22.76340609,17.2460927,512002,0,512002,33929
v2,ea89b79a9dfd35df20fed759e6d15c60fe01e77c,direct,octree_nfcount,flyby,2,1074,1074,0.9957759976,0.1596480012,1.156640053,1.163918,1,0,-1,34025,29772,16,16,6855,23.02498992,17.19743383,512002,0,512002,34025
v2,ea89b79a9dfd35df20fed759e6d15c60fe01e77c,direct,octree_nfcount,flyby,2,1075,1075,0.8477119803,0.1556800008,1.004608035,1.011972,1,0,-1,33817,29590,16,16,6666,22.52788104,17.30321054,512002,0,512002,33817
v2,ea89b79a9dfd35df20fed759e6d15c60fe01e77c,direct,octree_nfcount,flyby,2,1076,1076,0.977248013,0.1544319987,1.132895947,1.140492,1,0,-1,33905,29667,16,16,6773,22.83008056,17.25830047,512002,0,512002,33905
v2,ea89b79a9dfd35df20fed759e6d15c60fe01e77c,direct,octree_nfcount,flyby,2,1077,1077,0.9921919703,0.1594240069,1.152863979,1.160321,1,0,-1,33913,29674,16,16,6835,23.03363214,17.25422929,512002,0,512002,33913
v2,ea89b79a9dfd35df20fed759e6d15c60fe01e77c,direct,octree_nfcount,flyby,2,1078,1078,0.8425279856,0.1556800008,0.9994879961,1.00715,1,0,-1,33857,29625,16,16,6713,22.65991561,17.28276793,512002,0,512002,33857
v2,ea89b79a9dfd35df20fed759e6d15c60fe01e77c,direct,octree_nfcount,flyby,2,1079,1079,0.9838399887,0.1596480012,1.144736052,1.151638,1,0,-1,33665,29457,16,16,6771,22.98604746,17.38133551,512002,0,512002,33665
v2,ea89b79a9dfd35df20fed759e6d15c60fe01e77c,direct,octree_nfcount,flyby,2,1080,1080,0.9873279929,0.1573760062,1.145951986,1.153292,1,0,-1,33841,29611,16,16,6851,23.13667218,17.29093918,512002,0,512002,33841
v2,ea89b79a9dfd35df20fed759e6d15c60fe01e77c,direct,octree_nfcount,flyby,2,1081,1081,0.8242239952,0.1614080071,0.9868800044,0.9936,1,0,-1,33657,29450,16,16,6679,22.67911715,17.38546689,512002,0,512002,33657
v2,ea89b79a9dfd35df20fed759e6d15c60fe01e77c,direct,octree_nfcount,flyby,2,1082,1082,0.9835519791,0.1557119936,1.140480042,1.147932,1,0,-1,33593,29394,16,16,6727,22.88562292,17.41858883,512002,0,512002,33593
v2,ea89b79a9dfd35df20fed759e6d15c60fe01e77c,direct,octree_nfcount,flyby,2,1083,1083,0.9923840165,0.1586879939,1.152384043,1.159763,1,0,-1,33921,29681,16,16,6889,23.21013443,17.25016004,512002,0,512002,33921
v2,ea89b79a9dfd35df20fed759e6d15c60fe01e77c,direct,octree_nfcount,flyby,2,1084,1084,0.8406720161,0.1607040018,1.002719998,1.01004,1,0,-1,33761,29541,16,16,6672,22.58555905,17.33191158,512002,0,512002,33761
v2,ea89b79a9dfd35df20fed759e6d15c60fe01e77c,direct,octree_nfcount,flyby,2,1085,1085,0.9865599871,0.1566399932,1.144415975,1.15188,1,0,-1,33865,29632,16,16,6743,22.75580454,17.27868521,512002,0,512002,33865
v2,ea89b79a9dfd35df20fed759e6d15c60fe01e77c,direct,octree_nfcount,flyby,2,1086,1086,1.005247951,0.1603839993,1.166847944,1.175062,1,0,-1,34001,29751,16,16,6802,22.86309704,17.20957279,512002,0,512002,34001
v2,ea89b79a9dfd35df20fed759e6d15c60fe01e77c,direct,octree_nfcount,flyby,2,1087,1087,0.850112021,0.1536639929,1.004992008,1.012379,1,0,-1,33881,29646,16,16,6669,22.49544627,17.27052553,512002,0,512002,33881
v2,ea89b79a9dfd35df20fed759e6d15c60fe01e77c,direct,octree_nfcount,flyby,2,1088,1088,0.9790719748,0.1608960032,1.14121604,1.148217,1,0,-1,33841,29611,16,16,6703,22.63685792,17.29093918,512002,0,512002,33841
v2,ea89b79a9dfd35df20fed759e6d15c60fe01e77c,direct,octree_nfcount,flyby,2,1089,1089,0.9956160188,0.1586239934,1.155455947,1.163182,1,0,-1,34001,29751,16,16,6754,22.70175792,17.20957279,512002,0,512002,34001
v2,ea89b79a9dfd35df20fed759e6d15c60fe01e77c,direct,octree_nfcount,flyby,2,1090,1090,0.8551040292,0.1546240002,1.010944009,1.01802,1,0,-1,34017,29765,16,16,6687,22.46598354,17.20147825,512002,0,512002,34017
v2,ea89b79a9dfd35df20fed759e6d15c60fe01e77c,direct,octree_nfcount,flyby,2,1091,1091,0.9812800288,0.1594880074,1.141983986,1.149447,1,0,-1,33801,29576,16,16,6703,22.6636462,17.31140114,512002,0,512002,33801
v2,ea89b79a9dfd35df20fed759e6d15c60fe01e77c,direct,octree_nfcount,flyby,2,1092,1092,0.9890879989,0.155520007,1.145856023,1.152862,1,0,-1,33929,29688,16,16,6717,22.62530315,17.2460927,512002,0,512002,33929
v2,ea89b79a9dfd35df20fed759e6d15c60fe01e77c,direct,octree_nfcount,flyby,2,1093,1093,0.8405119777,0.1593279988,1.001055956,1.008793,1,0,-1,33897,29660,16,16,6620,22.31962239,17.26237357,512002,0,512002,33897
v2,ea89b79a9dfd35df20fed759e6d15c60fe01e77c,direct,octree_nfcount,flyby,2,1094,1094,0.993983984,0.1638720036,1.159263968,1.166844,1,0,-1,34017,29765,16,16,6735,22.62724677,17.20147825,512002,0,512002,34017
v2,ea89b79a9dfd35df20fed759e6d15c60fe01e77c,direct,octree_nfcount,flyby,2,1095,1095,0.9951360226,0.1606079936,1.156960011,1.165218,1,0,-1,34137,29870,16,16,6850,22.9327084,17.14101105,512002,0,512002,34137
v2,ea89b79a9dfd35df20fed759e6d15c60fe01e77c,direct,octree_nfcount,flyby,2,1096,1096,0.8472959995,0.157536,1.006080031,1.014274,1,0,-1,33865,29632,16,16,6668,22.50269978,17.27868521,512002,0,512002,33865
v2,ea89b79a9dfd35df20fed759e6d15c60fe01e77c,direct,octree_nfcount,flyby,2,1097,1097,0.9888319969,0.1568319947,1.146944046,1.15475,1,0,-1,34097,29835,16,16,6889,23.09033015,17.16111949,512002,0,512002,34097
v2,ea89b79a9dfd35df20fed759e6d15c60fe01e77c,direct,octree_nfcount,flyby,2,1098,1098,0.9948160052,0.159679994,1.155712008,1.163457,1,0,-1,34153,29884,16,16,6924,23.16958908,17.13298086,512002,0,512002,34153
v2,ea89b79a9dfd35df20fed759e6d15c60fe01e77c,direct,octree_nfcount,flyby,2,1099,1099,0.8597760201,0.1557119936,1.016736031,1.02438,1,0,-1,34033,29779,16,16,6770,22.73414151,17.19339132,512002,0,512002,34033
v2,ea89b79a9dfd35df20fed759e6d15c60fe01e77c,direct,octree_nfcount,flyby,2,1100,1100,0.9931200147,0.1608960032,1.155231953,1.162542,1,0,-1,34209,29933,16,16,6856,22.90448669,17.10493435,512002,0,512002,34209
v2,ea89b79a9dfd35df20fed759e6d15c60fe01e77c,direct,octree_nfcount,flyby,2,1101,1101,0.9933120012,0.1514880061,1.14604795,1.153536,1,0,-1,34265,29982,16,16,6885,22.96377827,17.07697952,512002,0,512002,34265
v2,ea89b79a9dfd35df20fed759e6d15c60fe01e77c,direct,octree_nfcount,flyby,2,1102,1102,0.8512319922,0.1555839926,1.008064032,1.015744,1,0,-1,33993,29744,16,16,6724,22.60623991,17.21362292,512002,0,512002,33993
v2,ea89b79a9dfd35df20fed759e6d15c60fe01e77c,direct,octree_nfcount,flyby,2,1103,1103,0.9730560184,0.1566399932,1.130944014,1.138341,1,0,-1,33993,29744,16,16,6914,23.24502421,17.21362292,512002,0,512002,33993
v2,ea89b79a9dfd35df20fed759e6d15c60fe01e77c,direct,octree_nfcount,flyby,2,1104,1104,0.982656002,0.1607040018,1.144575953,1.151769,1,0,-1,34081,29821,16,16,6981,23.40967774,17.16917608,512002,0,512002,34081
v2,ea89b79a9dfd35df20fed759e6d15c60fe01e77c,direct,octree_nfcount,flyby,2,1105,1105,0.8281599879,0.155392006,0.9847999811,0.992669,1,0,-1,34113,29849,16,16,6859,22.97899427,17.15307045,512002,0,512002,34113
v2,ea89b79a9dfd35df20fed759e6d15c60fe01e77c,direct,octree_nfcount,flyby,2,1106,1106,0.9854080081,0.1629119962,1.149536014,1.15664,1,0,-1,34305,30017,16,16,6935,23.10357464,17.05706766,512002,0,512002,34305
v2,ea89b79a9dfd35df20fed759e6d15c60fe01e77c,direct,octree_nfcount,flyby,2,1107,1107,0.9974399805,0.1595200002,1.158175945,1.165537,1,0,-1,34497,30185,16,16,7048,23.3493457,16.96213351,512002,0,512002,34497
v2,ea89b79a9dfd35df20fed759e6d15c60fe01e77c,direct,octree_nfcount,flyby,2,1108,1108,0.8589439988,0.1595840007,1.019744039,1.027196,1,0,-1,34345,30052,16,16,6936,23.07999468,17.03720218,512002,0,512002,34345
v2,ea89b79a9dfd35df20fed759e6d15c60fe01e77c,direct,octree_nfcount,flyby,2,1109,1109,0.9923200011,0.1587200016,1.152256012,1.159878,1,0,-1,34457,30150,16,16,7050,23.38308458,16.98182421,512002,0,512002,34457
v2,ea89b79a9dfd35df20fed759e6d15c60fe01e77c,direct,octree_nfcount,flyby,2,1110,1110,0.9941440225,0.1605760008,1.155936003,1.163657,1,0,-1,34377,30080,16,16,7053,23.4474734,17.02134309,512002,0,512002,34377
v2,ea89b79a9dfd35df20fed759e6d15c60fe01e77c,direct,octree_nfcount,flyby,2,1111,1111,0.8448640108,0.1554879993,1.00156796,1.009147,1,0,-1,34153,29884,16,16,6849,22.91861866,17.13298086,512002,0,512002,34153
v2,ea89b79a9dfd35df20fed759e6d15c60fe01e77c,direct,octree_nfcount,flyby,2,1112,1112,0.9768639803,0.1658239961,1.143903971,1.151327,1,0,-1,34273,29989,16,16,6946,23.161826,17.07299343,512002,0,512002,34273
v2,ea89b79a9dfd35df20fed759e6d15c60fe01e77c,direct,octree_nfcount,flyby,2,1113,1113,0.9928960204,0.1615359932,1.155807972,1.162965,1,0,-1,34345,30052,16,16,6996,23.27964861,17.03720218,512002,0,512002,34345
v2,ea89b79a9dfd35df20fed759e6d15c60fe01e77c,direct,octree_nfcount,flyby,2,1114,1114,0.8509439826,0.1553280056,1.00751996,1.015082,1,0,-1,34337,30045,16,16,6887,22.92228324,17.04117158,512002,0,512002,34337
v2,ea89b79a9dfd35df20fed759e6d15c60fe01e77c,direct,octree_nfcount,flyby,2,1115,1115,0.9908159971,0.1546880007,1.146752,1.154184,1,0,-1,34393,30094,16,16,6920,22.99461687,17.0134246,512002,0,512002,34393
v2,ea89b79a9dfd35df20fed759e6d15c60fe01e77c,direct,octree_nfcount,flyby,2,1116,1116,0.9966719747,0.1616320014,1.159551978,1.1673,1,0,-1,34401,30101,16,16,7064,23.46765888,17.00946812,512002,0,512002,34401
v2,ea89b79a9dfd35df20fed759e6d15c60fe01e77c,direct,octree_nfcount,flyby,2,1117,1117,0.860575974,0.1576319933,1.019423962,1.027162,1,0,-1,34385,30087,16,16,7029,23.36224948,17.01738292,512002,0,512002,34385
v2,ea89b79a9dfd35df20fed759e6d15c60fe01e77c,direct,octree_nfcount,flyby,2,1118,1118,0.9946560264,0.1583999991,1.15427196,1.161934,1,0,-1,34329,30038,16,16,6968,23.19728344,17.04514282,512002,0,512002,34329
v2,ea89b79a9dfd35df20fed759e6d15c60fe01e77c,direct,octree_nfcount,flyby,2,1119,1119,0.998239994,0.159551993,1.159008026,1.166524,1,0,-1,34561,30241,16,16,7104,23.49128666,16.93072319,512002,0,512002,34561
v2,ea89b79a9dfd35df20fed759e6d15c60fe01e77c,direct,octree_nfcount,flyby,2,1120,1120,0.8572480083,0.1566080004,1.015071988,1.022327,1,0,-1,34289,30003,16,16,6884,22.94437223,17.06502683,512002,0,512002,34289
v2,ea89b79a9dfd35df20fed759e6d15c60fe01e77c,direct,octree_nfcount,flyby,2,1121,1121,0.9879360199,0.1566720009,1.145823956,1.152141,1,0,-1,34409,30108,16,16,6931,23.02045968,17.00551348,512002,0,512002,34409
v2,ea89b79a9dfd35df20fed759e6d15c60fe01e77c,direct,octree_nfcount,flyby,2,1122,1122,0.9925439954,0.1616960019,1.155455947,1.16301,1,0,-1,34601,30276,16,16,7094,23.43110054,16.91115075,512002,0,512002,34601
v2,ea89b79a9dfd35df20fed759e6d15c60fe01e77c,direct,octree_nfcount,flyby,2,1123,1123,0.8542400002,0.1534080058,1.008864045,1.016343,1,0,-1,34257,29975,16,16,6899,23.01584654,17.08096747,512002,0,512002,34257
v2,ea89b79a9dfd35df20fed759e6d15c60fe01e77c,direct,octree_nfcount,flyby,2,1124,1124,0.9800000191,0.1595840007,1.140895963,1.148299,1,0,-1,34297,30010,16,16,6902,22.99900033,17.06104632,512002,0,512002,34297
v2,ea89b79a9dfd35df20fed759e6d15c60fe01e77c,direct,octree_nfcount,flyby,2,1125,1125,1.002719998,0.1615040004,1.165472031,1.173363,1,0,-1,34553,30234,16,16,7036,23.27181319,16.93464312,512002,0,512002,34553
v2,ea89b79a9dfd35df20fed759e6d15c60fe01e77c,direct,octree_nfcount,flyby,2,1126,1126,0.8514879942,0.1544319987,1.007168055,1.014724,1,0,-1,34289,30003,16,16,6878,22.92437423,17.06502683,512002,0,512002,34289
v2,ea89b79a9dfd35df20fed759e6d15c60fe01e77c,direct,octree_nfcount,flyby,2,1127,1127,0.9974719882,0.1646080017,1.163295984,1.170664,1,0,-1,34249,29968,16,16,6912,23.06460224,17.08495729,512002,0,512002,34249
v2,ea89b79a9dfd35df20fed759e6d15c60fe01e77c,direct,octree_nfcount,flyby,2,1128,1128,0.9852480292,0.1615359932,1.148000002,1.155783,1,0,-1,34425,30122,16,16,7035,23.35502291,16.99760972,512002,0,512002,34425
v2,ea89b79a9dfd35df20fed759e6d15c60fe01e77c,direct,octree_nfcount,flyby,2,1129,1129,0.8526080251,0.1556160003,1.009472013,1.017361,1,0,-1,34433,30129,16,16,6962,23.10730525,16.99366059,512002,0,512002,34433
v2,ea89b79a9dfd35df20fed759e6d15c60fe01e77c,direct,octree_nfcount,flyby,2,1130,1130,0.9897599816,0.1545280069,1.145503998,1.152754,1,0,-1,34329,30038,16,16,6968,23.19728344,17.04514282,512002,0,512002,34329
v2,ea89b79a9dfd35df20fed759e6d15c60fe01e77c,direct,octree_nfcount,flyby,2,1131,1131,0.9907839894,0.162816003,1.154816031,1.162178,1,0,-1,34521,30206,16,16,7080,23.43905184,16.95034099,512002,0,512002,34521
v2,ea89b79a9dfd35df20fed759e6d15c60fe01e77c,direct,octree_nfcount,flyby,2,1132,1132,0.8586559892,0.1615040004,1.021407962,1.029296,1,0,-1,34545,30227,16,16,7026,23.2441195,16.93856486,512002,0,512002,34545
v2,ea89b79a9dfd35df20fed759e6d15c60fe01e77c,direct,octree_nfcount,flyby,2,1133,1133,0.9878079891,0.1616639942,1.150688052,1.158445,1,0,-1,34241,29961,16,16,6942,23.17012116,17.08894897,512002,0,512002,34241
v2,ea89b79a9dfd35df20fed759e6d15c60fe01e77c,direct,octree_nfcount,flyby,2,1134,1134,0.9873279929,0.1617279947,1.150272012,1.158293,1,0,-1,34377,30080,16,16,7111,23.64029255,17.02134309,512002,0,512002,34377
v2,ea89b79a9dfd35df20fed759e6d15c60fe01e77c,direct,octree_nfcount,flyby,2,1135,1135,0.8399999738,0.1555839926,0.9968320131,1.004311,1,0,-1,34129,29863,16,16,6928,23.1992767,17.14502897,512002,0,512002,34129
v2,ea89b79a9dfd35df20fed759e6d15c60fe01e77c,direct,octree_nfcount,flyby,2,1136,1136,0.9944000244,0.1577280015,1.153375983,1.161242,1,0,-1,34217,29940,16,16,6930,23.14629259,17.1009352,512002,0,512002,34217
v2,ea89b79a9dfd35df20fed759e6d15c60fe01e77c,direct,octree_nfcount,flyby,2,1137,1137,0.9920960069,0.1574719995,1.150815964,1.158053,1,0,-1,34425,30122,16,16,7050,23.4048204,16.99760972,512002,0,512002,34425
v2,ea89b79a9dfd35df20fed759e6d15c60fe01e77c,direct,octree_nfcount,flyby,2,1138,1138,0.8311359882,0.1628800035,0.995231986,1.000889,1,0,-1,34265,29982,16,16,6986,23.30064705,17.07697952,512002,0,512002,34265
v2,ea89b79a9dfd35df20fed759e6d15c60fe01e77c,direct,octree_nfcount,flyby,2,1139,1139,0.9916480184,0.1576959938,1.150751948,1.157422,1,0,-1,34289,30003,16,16,6961,23.20101323,17.06502683,512002,0,512002,34289
v2,ea89b79a9dfd35df20fed759e6d15c60fe01e77c,direct,octree_nfcount,flyby,2,1140,1140,0.9697600007,0.1587840021,1.129824042,1.13542,1,0,-1,34361,30066,16,16,7045,23.43178341,17.02926894,512002,0,512002,34361
v2,ea89b79a9dfd35df20fed759e6d15c60fe01e77c,direct,octree_nfcount,flyby,2,1141,1141,0.8468160033,0.1555839926,1.003648043,1.010813,1,0,-1,34073,29814,16,16,6838,22.93553364,17.17320722,512002,0,512002,34073
v2,ea89b79a9dfd35df20fed759e6d15c60fe01e77c,direct,octree_nfcount,flyby,2,1142,1142,0.9904959798,0.1554560065,1.14716804,1.154829,1,0,-1,34185,29912,16,16,6852,22.90719444,17.11694303,512002,0,512002,34185
v2,ea89b79a9dfd35df20fed759e6d15c60fe01e77c,direct,octree_nfcount,flyby,2,1143,1143,0.9872639775,0.1586239934,1.147135973,1.154116,1,0,-1,34449,30143,16,16,7025,23.30557675,16.98576784,512002,0,512002,34449
v2,ea89b79a9dfd35df20fed759e6d15c60fe01e77c,direct,octree_nfcount,flyby,2,1144,1144,0.8550400138,0.1546880007,1.010975957,1.017391,1,0,-1,34089,29828,16,16,6924,23.21308837,17.16514684,512002,0,512002,34089
v2,ea89b79a9dfd35df20fed759e6d15c60fe01e77c,direct,octree_nfcount,flyby,2,1145,1145,0.9864320159,0.1578879952,1.145599961,1.15288,1,0,-1,34257,29975,16,16,6857,22.87572977,17.08096747,512002,0,512002,34257
v2,ea89b79a9dfd35df20fed759e6d15c60fe01e77c,direct,octree_nfcount,flyby,2,1146,1146,0.9827200174,0.1607999951,1.144736052,1.152358,1,0,-1,34537,30220,16,16,6993,23.14030443,16.94248842,512002,0,512002,34537
v2,ea89b79a9dfd35df20fed759e6d15c60fe01e77c,direct,octree_nfcount,flyby,2,1147,1147,0.8560320139,0.1526080072,1.009888053,1.015885,1,0,-1,34089,29828,16,16,6891,23.10245407,17.16514684,512002,0,512002,34089
v2,ea89b79a9dfd35df20fed759e6d15c60fe01e77c,direct,octree_nfcount,flyby,2,1148,1148,0.9943680167,0.1587200016,1.154335976,1.161552,1,0,-1,34313,30024,16,16,6890,22.94830802,17.05309086,512002,0,512002,34313
v2,ea89b79a9dfd35df20fed759e6d15c60fe01e77c,direct,octree_nfcount,flyby,2,1149,1149,0.9939519763,0.1574400067,1.152608037,1.160037,1,0,-1,34409,30108,16,16,7017,23.30609805,17.00551348,512002,0,512002,34409
v2,ea89b79a9dfd35df20fed759e6d15c60fe01e77c,direct,octree_nfcount,flyby,2,1150,1150,0.8474879861,0.159807995,1.00851202,1.015603,1,0,-1,34281,29996,16,16,6956,23.18975863,17.0690092,512002,0,512002,34281
v2,ea89b79a9dfd35df20fed759e6d15c60fe01e77c,direct,octree_nfcount,flyby,2,1151,1151,0.9905920029,0.1548160017,1.146623969,1.15397,1,0,-1,34049,29793,16,16,6866,23.04568187,17.18531199,512002,0,512002,34049
v2,ea89b79a9dfd35df20fed759e6d15c60fe01e77c,direct,octree_nfcount,flyby,2,1152,1152,0.9918400049,0.1616639942,1.154752016,1.162384,1,0,-1,34441,30136,16,16,6982,23.16830369,16.9897133,512002,0,512002,34441
v2,ea89b79a9dfd35df20fed759e6d15c60fe01e77c,direct,octree_nfcount,flyby,2,1153,1153,0.8477119803,0.1575040072,1.006432056,1.013987,1,0,-1,34321,30031,16,16,6939,23.10612367,17.04911591,512002,0,512002,34321
v2,ea89b79a9dfd35df20fed759e6d15c60fe01e77c,direct,octree_nfcount,flyby,2,1154,1154,0.9836480021,0.1548160017,1.139680028,1.147146,1,0,-1,34217,29940,16,16,6806,22.73213093,17.1009352,512002,0,512002,34217
v2,ea89b79a9dfd35df20fed759e6d15c60fe01e77c,direct,octree_nfcount,flyby,2,1155,1155,0.9874879718,0.1606079936,1.149312019,1.156066,1,0,-1,34265,29982,16,16,6983,23.29064105,17.07697952,512002,0,512002,34265
v2,ea89b79a9dfd35df20fed759e6d15c60fe01e77c,direct,octree_nfcount,flyby,2,1156,1156,0.8523520231,0.157664001,1.011232018,1.01708,1,0,-1,34129,29863,16,16,6882,23.04523993,17.14502897,512002,0,512002,34129
v2,ea89b79a9dfd35df20fed759e6d15c60fe01e77c,direct,octree_nfcount,flyby,2,1157,1157,0.9939519763,0.1588799953,1.154080033,1.161724,1,0,-1,34161,29891,16,16,6835,22.86641464,17.12896859,512002,0,512002,34161
v2,ea89b79a9dfd35df20fed759e6d15c60fe01e77c,direct,octree_nfcount,flyby,2,1158,1158,0.9907839894,0.1607040018,1.152735949,1.1599,1,0,-1,34361,30066,16,16,6911,22.98609725,17.02926894,512002,0,512002,34361
v2,ea89b79a9dfd35df20fed759e6d15c60fe01e77c,direct,octree_nfcount,flyby,2,1159,1159,0.8447999954,0.157536,1.00355196,1.010537,1,0,-1,34105,29842,16,16,6875,23.03800013,17.15709403,512002,0,512002,34105
v2,ea89b79a9dfd35df20fed759e6d15c60fe01e77c,direct,octree_nfcount,flyby,2,1160,1160,0.9944959879,0.1567360014,1.152448058,1.160063,1,0,-1,34265,29982,16,16,6918,23.07384431,17.07697952,512002,0,512002,34265
v2,ea89b79a9dfd35df20fed759e6d15c60fe01e77c,direct,octree_nfcount,flyby,2,1161,1161,0.9880319834,0.1588159949,1.148095965,1.155041,1,0,-1,34249,29968,16,16,6916,23.07794981,17.08495729,512002,0,512002,34249
v2,ea89b79a9dfd35df20fed759e6d15c60fe01e77c,direct,octree_nfcount,flyby,2,1162,1162,0.8433600068,0.1638080031,1.008383989,1.015099,1,0,-1,34137,29870,16,16,6894,23.08001339,17.14101105,512002,0,512002,34137
v2,ea89b79a9dfd35df20fed759e6d15c60fe01e77c,direct,octree_nfcount,flyby,2,1163,1163,0.9822080135,0.1566720009,1.140095949,1.147182,1,0,-1,34377,30080,16,16,6912,22.9787234,17.02134309,512002,0,512002,34377
v2,ea89b79a9dfd35df20fed759e6d15c60fe01e77c,direct,octree_nfcount,flyby,2,1164,1164,0.9789760113,0.1607680023,1.140992045,1.148274,1,0,-1,34409,30108,16,16,6960,23.11677959,17.00551348,512002,0,512002,34409
v2,ea89b79a9dfd35df20fed759e6d15c60fe01e77c,direct,octree_nfcount,flyby,2,1165,1165,0.8580480218,0.1567679942,1.016031981,1.023317,1,0,-1,34449,30143,16,16,7040,23.35533955,16.98576784,512002,0,512002,34449
v2,ea89b79a9dfd35df20fed759e6d15c60fe01e77c,direct,octree_nfcount,flyby,2,1166,1166,0.9957439899,0.1567679942,1.153728008,1.159255,1,0,-1,34345,30052,16,16,6850,22.79382404,17.03720218,512002,0,512002,34345
v2,ea89b79a9dfd35df20fed759e6d15c60fe01e77c,direct,octree_nfcount,flyby,2,1167,1167,0.9947519898,0.162816003,1.158784032,1.164844,1,0,-1,34337,30045,16,16,6945,23.11532701,17.04117158,512002,0,512002,34337
v2,ea89b79a9dfd35df20fed759e6d15c60fe01e77c,direct,octree_nfcount,flyby,2,1168,1168,0.8418880105,0.1568959951,1,1.007102,1,0,-1,34377,30080,16,16,7052,23.44414894,17.02134309,512002,0,512002,34377
v2,ea89b79a9dfd35df20fed759e6d15c60fe01e77c,direct,octree_nfcount,flyby,2,1169,1169,0.9869760275,0.1576959938,1.145887971,1.153397,1,0,-1,34417,30115,16,16,6982,23.18445957,17.00156068,512002,0,512002,34417
v2,ea89b79a9dfd35df20fed759e6d15c60fe01e77c,direct,octree_nfcount,flyby,2,1170,1170,1.000480056,0.1615999937,1.163295984,1.170897,1,0,-1,34513,30199,16,16,7020,23.24580284,16.95427001,512002,0,512002,34513
v2,ea89b79a9dfd35df20fed759e6d15c60fe01e77c,direct,octree_nfcount,flyby,2,1171,1171,0.9836159945,0.1575040072,1.142367959,1.149471,1,0,-1,34401,30101,16,16,7064,23.46765888,17.00946812,512002,0,512002,34401
v2,ea89b79a9dfd35df20fed759e6d15c60fe01e77c,direct,octree_nfcount,flyby,2,1172,1172,1.00041604,0.1587200016,1.160384059,1.168037,1,0,-1,34505,30192,16,16,6981,23.12201908,16.95820085,512002,0,512002,34505
v2,ea89b79a9dfd35df20fed759e6d15c60fe01e77c,direct,octree_nfcount,flyby,2,1173,1173,0.9946560264,0.1577280015,1.153599977,1.161322,1,0,-1,34441,30136,16,16,7050,23.39394744,16.9897133,512002,0,512002,34441
v2,ea89b79a9dfd35df20fed759e6d15c60fe01e77c,direct,octree_nfcount,flyby,2,1174,1174,0.9770560265,0.1617279947,1.139999986,1.148208,1,0,-1,34321,30031,16,16,7094,23.622257,17.04911591,512002,0,512002,34321
v2,ea89b79a9dfd35df20fed759e6d15c60fe01e77c,direct,octree_nfcount,flyby,2,1175,1175,1.000352025,0.1615680009,1.163167953,1.170778,1,0,-1,34233,29954,16,16,6950,23.20224344,17.09294251,512002,0,512002,34233
v2,ea89b79a9dfd35df20fed759e6d15c60fe01e77c,direct,octree_nfcount,flyby,2,1176,1176,0.9925119877,0.1555839926,1.149312019,1.156724,1,0,-1,34313,30024,16,16,6951,23.15147882,17.05309086,512002,0,512002,34313
v2,ea89b79a9dfd35df20fed759e6d15c60fe01e77c,direct,octree_nfcount,flyby,2,1177,1177,0.9930559993,0.1566720009,1.150943995,1.158563,1,0,-1,34377,30080,16,16,7024,23.35106383,17.02134309,512002,0,512002,34377
v2,ea89b79a9dfd35df20fed759e6d15c60fe01e77c,direct,octree_nfcount,flyby,2,1178,1178,0.9816640019,0.162560001,1.145439982,1.152892,1,0,-1,34313,30024,16,16,6951,23.15147882,17.05309086,512002,0,512002,34313
v2,ea89b79a9dfd35df20fed759e6d15c60fe01e77c,direct,octree_nfcount,flyby,2,1179,1179,0.9799680114,0.1596480012,1.140831947,1.148758,1,0,-1,34377,30080,16,16,6929,23.03523936,17.02134309,512002,0,512002,34377
v2,ea89b79a9dfd35df20fed759e6d15c60fe01e77c,direct,octree_nfcount,flyby,2,1180,1180,0.9872000217,0.1586560011,1.147104025,1.154237,1,0,-1,34465,30157,16,16,7032,23.31796929,16.97788242,512002,0,512002,34465
v2,ea89b79a9dfd35df20fed759e6d15c60fe01e77c,direct,octree_nfcount,flyby,2,1181,1181,0.9751999974,0.1608320028,1.137248039,1.14461,1,0,-1,34185,29912,16,16,6950,23.23482214,17.11694303,512002,0,512002,34185
v2,ea89b79a9dfd35df20fed759e6d15c60fe01e77c,direct,octree_nfcount,flyby,2,1182,1182,0.8450239897,0.1597120017,1.005983949,1.013701,1,0,-1,34161,29891,16,16,6903,23.09390787,17.12896859,512002,0,512002,34161
v2,ea89b79a9dfd35df20fed759e6d15c60fe01e77c,direct,octree_nfcount,flyby,2,1183,1183,0.9809280038,0.162688002,1.144832015,1.152763,1,0,-1,34409,30108,16,16,7017,23.30609805,17.00551348,512002,0,512002,34409
v2,ea89b79a9dfd35df20fed759e6d15c60fe01e77c,direct,octree_nfcount,flyby,2,1184,1184,0.9742720127,0.155392006,1.130879998,1.13877,1,0,-1,34113,29849,16,16,6941,23.25371034,17.15307045,512002,0,512002,34113
v2,ea89b79a9dfd35df20fed759e6d15c60fe01e77c,direct,octree_nfcount,flyby,2,1185,1185,0.8554239869,0.1547520012,1.011391997,1.01806,1,0,-1,34441,30136,16,16,6941,23.03225378,16.9897133,512002,0,512002,34441
v2,ea89b79a9dfd35df20fed759e6d15c60fe01e77c,direct,octree_nfcount,flyby,2,1186,1186,0.9904000163,0.1586879939,1.150336027,1.157864,1,0,-1,34345,30052,16,16,7019,23.35618262,17.03720218,512002,0,512002,34345
v2,ea89b79a9dfd35df20fed759e6d15c60fe01e77c,direct,octree_nfcount,flyby,2,1187,1187,0.9921600223,0.1588159949,1.152191997,1.159177,1,0,-1,34361,30066,16,16,6947,23.10583383,17.02926894,512002,0,512002,34361
v2,ea89b79a9dfd35df20fed759e6d15c60fe01e77c,direct,octree_nfcount,flyby,2,1188,1188,0.8433600068,0.1616960019,1.006271958,1.014041,1,0,-1,34361,30066,16,16,6954,23.12911594,17.02926894,512002,0,512002,34361
v2,ea89b79a9dfd35df20fed759e6d15c60fe01e77c,direct,octree_nfcount,flyby,2,1189,1189,0.9913920164,0.1565439999,1.14915204,1.156648,1,0,-1,34617,30290,16,16,7106,23.45988775,16.90333443,512002,0,512002,34617
v2,ea89b79a9dfd35df20fed759e6d15c60fe01e77c,direct,octree_nfcount,flyby,2,1190,1190,1.002527952,0.1636160016,1.167392015,1.175521,1,0,-1,34449,30143,16,16,7021,23.29230667,16.98576784,512002,0,512002,34449
v2,ea89b79a9dfd35df20fed759e6d15c60fe01e77c,direct,octree_nfcount,flyby,2,1191,1191,0.858528018,0.1588159949,1.018592,1.024473,1,0,-1,34489,30178,16,16,6944,23.01013984,16.966068,512002,0,512002,34489
v2,ea89b79a9dfd35df20fed759e6d15c60fe01e77c,direct,octree_nfcount,flyby,2,1192,1192,0.998495996,0.1545599997,1.15427196,1.161659,1,0,-1,34401,30101,16,16,7048,23.4145045,17.00946812,512002,0,512002,34401
v2,ea89b79a9dfd35df20fed759e6d15c60fe01e77c,direct,octree_nfcount,flyby,2,1193,1193,0.9861760139,0.1608320028,1.148255944,1.155385,1,0,-1,34473,30164,16,16,6980,23.14016709,16.97394245,512002,0,512002,34473
v2,ea89b79a9dfd35df20fed759e6d15c60fe01e77c,direct,octree_nfcount,flyby,2,1194,1194,0.8460479975,0.1616639942,1.008927941,1.016861,1,0,-1,34505,30192,16,16,6971,23.08889772,16.95820085,512002,0,512002,34505
v2,ea89b79a9dfd35df20fed759e6d15c60fe01e77c,direct,octree_nfcount,flyby,2,1195,1195,0.9859520197,0.1618240029,1.148991942,1.156694,1,0,-1,34625,30297,16,16,7124,23.51387926,16.89942899,512002,0,512002,34625
v2,ea89b79a9dfd35df20fed759e6d15c60fe01e77c,direct,octree_nfcount,flyby,2,1196,1196,0.9949759841,0.1548479944,1.151072025,1.156815,1,0,-1,34705,30367,16,16,7076,23.3016103,16.86047354,512002,0,512002,34705
v2,ea89b79a9dfd35df20fed759e6d15c60fe01e77c,direct,octree_nfcount,flyby,2,1197,1197,0.8471680284,0.1640319973,1.012511969,1.01992,1,0,-1,34553,30234,16,16,7009,23.18250976,16.93464312,512002,0,512002,34553
v2,ea89b79a9dfd35df20fed759e6d15c60fe01e77c,direct,octree_nfcount,flyby,2,1198,1198,0.9961280227,0.1586879939,1.156064034,1.163216,1,0,-1,34561,30241,16,16,7081,23.41523098,16.93072319,512002,0,512002,34561
v2,ea89b79a9dfd35df20fed759e6d15c60fe01e77c,direct,octree_nfcount,flyby,2,1199,1199,0.9921600223,0.1609600037,1.154368043,1.161301,1,0,-1,34705,30367,16,16,7082,23.32136859,16.86047354,512002,0,512002,34705
v2,ea89b79a9dfd35df20fed759e6d15c60fe01e77c,direct,octree_nfcount,flyby,2,1200,1200,0.8524479866,0.157536,1.011199951,1.018812,1,0,-1,34673,30339,16,16,6982,23.01328323,16.87603415,512002,0,512002,34673
