version,commit,path,config,dataset,run,snapshot,frame_id,tree_update_ms,view_ms,total_ms,wall_ms,attempts,maintenance_ms,iterations,num_nodes,num_leaves,max_depth,max_depth_octree_equiv,num_empty_leaves,empty_leaf_pct,avg_particles_per_leaf,particles_active,particles_escaped,particle_slots,lib_num_nodes
v3,d830fc32ff2631e4e1344dc30b3e09c3b9690bed,graph,octree_nfcount,flyby,9,0,0,nan,nan,nan,nan,0,0,-1,29073,25439,16,16,14723,57.87570266,20.12665592,512002,0,512002,29073
v3,d830fc32ff2631e4e1344dc30b3e09c3b9690bed,graph,octree_nfcount,flyby,9,1,1,0.4690560102,0.1372160017,0.6136000156,0.626219,1,0,-1,29049,25418,16,16,14715,57.89204501,20.14328429,512002,0,512002,29049
v3,d830fc32ff2631e4e1344dc30b3e09c3b9690bed,graph,octree_nfcount,flyby,9,2,2,0.4667840004,0.1350719929,0.6101440191,0.628461,1,0,-1,29081,25446,16,16,14722,57.85585161,20.12111923,512002,0,512002,29081
v3,d830fc32ff2631e4e1344dc30b3e09c3b9690bed,graph,octree_nfcount,flyby,9,3,3,0.4658559859,0.1351680011,0.6087039709,0.627101,1,0,-1,29033,25404,16,16,14705,57.8845851,20.15438514,512002,0,512002,29033
v3,d830fc32ff2631e4e1344dc30b3e09c3b9690bed,graph,octree_nfcount,flyby,9,4,4,0.464448005,0.1351359934,0.6064959764,0.62374,1,0,-1,29049,25418,16,16,14711,57.87630813,20.14328429,512002,0,512002,29049
v3,d830fc32ff2631e4e1344dc30b3e09c3b9690bed,graph,octree_nfcount,flyby,9,5,5,0.4675840139,0.1351680011,0.6110079885,0.628982,1,0,-1,29025,25397,16,16,14704,57.89660196,20.15994015,512002,0,512002,29025
v3,d830fc32ff2631e4e1344dc30b3e09c3b9690bed,graph,octree_nfcount,flyby,9,6,6,0.468223989,0.1331200004,0.6093760133,0.626563,1,0,-1,29049,25418,16,16,14685,57.77401841,20.14328429,512002,0,512002,29049
v3,d830fc32ff2631e4e1344dc30b3e09c3b9690bed,graph,octree_nfcount,flyby,9,7,7,0.4677119851,0.1351680011,0.6109759808,0.629927,1,0,-1,29025,25397,16,16,14601,57.49104225,20.15994015,512002,0,512002,29025
v3,d830fc32ff2631e4e1344dc30b3e09c3b9690bed,graph,octree_nfcount,flyby,9,8,8,0.4804480076,0.1331200004,0.621984005,0.634319,1,0,-1,28849,25243,16,16,14438,57.19605435,20.28292992,512002,0,512002,28849
v3,d830fc32ff2631e4e1344dc30b3e09c3b9690bed,graph,octree_nfcount,flyby,9,9,9,0.4724799991,0.1371199936,0.6177920103,0.630875,1,0,-1,29009,25383,16,16,14527,57.23121774,20.17105937,512002,0,512002,29009
v3,d830fc32ff2631e4e1344dc30b3e09c3b9690bed,graph,octree_nfcount,flyby,9,10,10,0.475744009,0.1351680011,0.6209920049,0.639549,1,0,-1,28937,25320,16,16,14456,57.09320695,20.22124803,512002,0,512002,28937
v3,d830fc32ff2631e4e1344dc30b3e09c3b9690bed,graph,octree_nfcount,flyby,9,11,11,0.5015360117,0.1372160017,0.6473280191,0.659811,1,0,-1,28913,25299,16,16,14433,57.04968576,20.23803312,512002,0,512002,28913
v3,d830fc32ff2631e4e1344dc30b3e09c3b9690bed,graph,octree_nfcount,flyby,9,12,12,0.5340160131,0.1351680011,0.6772800088,0.690702,1,0,-1,28985,25362,16,16,14421,56.86065768,20.18776122,512002,0,512002,28985
v3,d830fc32ff2631e4e1344dc30b3e09c3b9690bed,graph,octree_nfcount,flyby,9,13,13,0.5078399777,0.1372160017,0.6526719928,0.665698,1,0,-1,28953,25334,16,16,14343,56.61561538,20.21007342,512002,0,512002,28953
v3,d830fc32ff2631e4e1344dc30b3e09c3b9690bed,graph,octree_nfcount,flyby,9,14,14,0.5037760139,0.1331200004,0.6445440054,0.656287,1,0,-1,29129,25488,16,16,14359,56.33631513,20.08796296,512002,0,512002,29129
v3,d830fc32ff2631e4e1344dc30b3e09c3b9690bed,graph,octree_nfcount,flyby,9,15,15,0.5199360251,0.1351680011,0.6634560227,0.680141,1,0,-1,29265,25607,16,16,14349,56.03545905,19.99461085,512002,0,512002,29265
v3,d830fc32ff2631e4e1344dc30b3e09c3b9690bed,graph,octree_nfcount,flyby,9,16,16,0.5290560126,0.1330240071,0.6695680022,0.681781,1,0,-1,29617,25915,16,16,14630,56.45379124,19.75697473,512002,0,512002,29617
v3,d830fc32ff2631e4e1344dc30b3e09c3b9690bed,graph,octree_nfcount,flyby,9,17,17,0.5616639853,0.1331200004,0.7027199864,0.715809,1,0,-1,29705,25992,16,16,14416,55.46321945,19.69844568,512002,0,512002,29705
v3,d830fc32ff2631e4e1344dc30b3e09c3b9690bed,graph,octree_nfcount,flyby,9,18,18,0.5311359763,0.1351680011,0.6726719737,0.684502,1,0,-1,29889,26153,16,16,14361,54.91148243,19.57718044,512002,0,512002,29889
v3,d830fc32ff2631e4e1344dc30b3e09c3b9690bed,graph,octree_nfcount,flyby,9,19,19,0.5399039984,0.1372160017,0.6851519942,0.703279,1,0,-1,30113,26349,16,16,14295,54.2525333,19.43155338,512002,0,512002,30113
v3,d830fc32ff2631e4e1344dc30b3e09c3b9690bed,graph,octree_nfcount,flyby,9,20,20,0.5403199792,0.1372160017,0.685536027,0.703175,1,0,-1,30585,26762,16,16,14470,54.0692026,19.13167925,512002,0,512002,30585
v3,d830fc32ff2631e4e1344dc30b3e09c3b9690bed,graph,octree_nfcount,flyby,9,21,21,0.5628479719,0.1351680011,0.7071679831,0.718555,1,0,-1,30905,27042,16,16,14436,53.38362547,18.93358479,512002,0,512002,30905
v3,d830fc32ff2631e4e1344dc30b3e09c3b9690bed,graph,octree_nfcount,flyby,9,22,22,0.5519359708,0.1372160017,0.6960319877,0.711403,1,0,-1,31281,27371,16,16,14431,52.72368565,18.7060027,512002,0,512002,31281
v3,d830fc32ff2631e4e1344dc30b3e09c3b9690bed,graph,octree_nfcount,flyby,9,23,23,0.5511680245,0.1371520013,0.6966720223,0.715774,1,0,-1,31225,27322,16,16,14187,51.92518849,18.73955055,512002,0,512002,31225
v3,d830fc32ff2631e4e1344dc30b3e09c3b9690bed,graph,octree_nfcount,flyby,9,24,24,0.5537919998,0.1372160017,0.6985279918,0.712323,1,0,-1,31249,27343,16,16,14077,51.48301211,18.72515818,512002,0,512002,31249
v3,d830fc32ff2631e4e1344dc30b3e09c3b9690bed,graph,octree_nfcount,flyby,9,25,25,0.5578879714,0.1372160017,0.7028800249,0.714696,1,0,-1,31449,27518,16,16,14173,51.5044698,18.60607602,512002,0,512002,31449
v3,d830fc32ff2631e4e1344dc30b3e09c3b9690bed,graph,octree_nfcount,flyby,9,26,26,0.5600320101,0.1372160017,0.7052159905,0.717861,1,0,-1,31265,27357,16,16,14140,51.68695398,18.71557554,512002,0,512002,31265
v3,d830fc32ff2631e4e1344dc30b3e09c3b9690bed,graph,octree_nfcount,flyby,9,27,27,0.5768640041,0.1351680011,0.7190399766,0.734892,1,0,-1,31241,27336,16,16,14004,51.22914838,18.72995318,512002,0,512002,31241
v3,d830fc32ff2631e4e1344dc30b3e09c3b9690bed,graph,octree_nfcount,flyby,9,28,28,0.5930240154,0.1392640024,0.7401919961,0.753005,1,0,-1,31585,27637,16,16,13992,50.6277816,18.52596157,512002,0,512002,31585
v3,d830fc32ff2631e4e1344dc30b3e09c3b9690bed,graph,octree_nfcount,flyby,9,29,29,0.6034560204,0.1372160017,0.7480319738,0.760784,1,0,-1,32001,28001,16,16,13977,49.91607443,18.28513267,512002,0,512002,32001
v3,d830fc32ff2631e4e1344dc30b3e09c3b9690bed,graph,octree_nfcount,flyby,9,30,30,0.6178560257,0.1331200004,0.758687973,0.775042,1,0,-1,31113,27224,16,16,13701,50.32691743,18.80700852,512002,0,512002,31113
v3,d830fc32ff2631e4e1344dc30b3e09c3b9690bed,graph,octree_nfcount,flyby,9,31,31,0.6171839833,0.1351680011,0.7597439885,0.773034,1,0,-1,32225,28197,16,16,13861,49.15771181,18.158031,512002,0,512002,32225
v3,d830fc32ff2631e4e1344dc30b3e09c3b9690bed,graph,octree_nfcount,flyby,9,32,32,0.6196479797,0.1351680011,0.7622720003,0.775347,1,0,-1,31697,27735,16,16,13671,49.29150892,18.46050117,512002,0,512002,31697
v3,d830fc32ff2631e4e1344dc30b3e09c3b9690bed,graph,octree_nfcount,flyby,9,33,33,0.6217920184,0.1351680011,0.7650880218,0.777164,1,0,-1,31537,27595,16,16,13576,49.19731835,18.55415836,512002,0,512002,31537
v3,d830fc32ff2631e4e1344dc30b3e09c3b9690bed,graph,octree_nfcount,flyby,9,34,34,0.631008029,0.1351680011,0.7741119862,0.789415,1,0,-1,31937,27945,16,16,13699,49.02129182,18.32177492,512002,0,512002,31937
v3,d830fc32ff2631e4e1344dc30b3e09c3b9690bed,graph,octree_nfcount,flyby,9,35,35,0.6357759833,0.1351680011,0.7785279751,0.791181,1,0,-1,31233,27329,16,16,13313,48.71382048,18.73475063,512002,0,512002,31233
v3,d830fc32ff2631e4e1344dc30b3e09c3b9690bed,graph,octree_nfcount,flyby,9,36,36,0.6369280219,0.1351359934,0.779744029,0.790229,1,0,-1,32041,28036,16,16,13623,48.59109716,18.26230561,512002,0,512002,32041
v3,d830fc32ff2631e4e1344dc30b3e09c3b9690bed,graph,octree_nfcount,flyby,9,37,37,0.6388800144,0.1372160017,0.7842239738,0.801446,1,0,-1,31305,27392,16,16,13298,48.54702103,18.6916618,512002,0,512002,31305
v3,d830fc32ff2631e4e1344dc30b3e09c3b9690bed,graph,octree_nfcount,flyby,9,38,38,0.6329600215,0.1351359934,0.776031971,0.790455,1,0,-1,31977,27980,16,16,13169,47.06576126,18.29885633,512002,0,512002,31977
v3,d830fc32ff2631e4e1344dc30b3e09c3b9690bed,graph,octree_nfcount,flyby,9,39,39,0.6409919858,0.1331200004,0.7821120024,0.800336,1,0,-1,31481,27546,16,16,13222,47.99970958,18.58716329,512002,0,512002,31481
v3,d830fc32ff2631e4e1344dc30b3e09c3b9690bed,graph,octree_nfcount,flyby,9,40,40,0.6424000263,0.1351680011,0.7849919796,0.801474,1,0,-1,32033,28029,16,16,13401,47.81119555,18.26686646,512002,0,512002,32033
v3,d830fc32ff2631e4e1344dc30b3e09c3b9690bed,graph,octree_nfcount,flyby,9,41,41,0.648383975,0.1351359934,0.7911360264,0.803065,1,0,-1,32113,28099,16,16,13388,47.64582369,18.22136019,512002,0,512002,32113
v3,d830fc32ff2631e4e1344dc30b3e09c3b9690bed,graph,octree_nfcount,flyby,9,42,42,0.6423680186,0.1351359934,0.7854719758,0.799329,1,0,-1,32417,28365,16,16,13286,46.83941477,18.05048475,512002,0,512002,32417
v3,d830fc32ff2631e4e1344dc30b3e09c3b9690bed,graph,octree_nfcount,flyby,9,43,43,0.6512320042,0.1351680011,0.7947199941,0.807152,1,0,-1,31873,27889,16,16,13125,47.06156549,18.35856431,512002,0,512002,31873
v3,d830fc32ff2631e4e1344dc30b3e09c3b9690bed,graph,octree_nfcount,flyby,9,44,44,0.6450560093,0.1372160017,0.7912639976,0.802374,1,0,-1,32841,28736,16,16,13154,45.77533408,17.81744154,512002,0,512002,32841
v3,d830fc32ff2631e4e1344dc30b3e09c3b9690bed,graph,octree_nfcount,flyby,9,45,45,0.6467840075,0.1351359934,0.7898880243,0.801416,1,0,-1,32617,28540,16,16,13136,46.02662929,17.93980378,512002,0,512002,32617
v3,d830fc32ff2631e4e1344dc30b3e09c3b9690bed,graph,octree_nfcount,flyby,9,46,46,0.6459519863,0.1351680011,0.7897279859,0.808275,1,0,-1,32825,28722,16,16,13023,45.34155003,17.82612631,512002,0,512002,32825
v3,d830fc32ff2631e4e1344dc30b3e09c3b9690bed,graph,octree_nfcount,flyby,9,47,47,0.6447039843,0.1331200004,0.7860800028,0.804882,1,0,-1,32145,28127,16,16,12807,45.53276211,18.2032211,512002,0,512002,32145
v3,d830fc32ff2631e4e1344dc30b3e09c3b9690bed,graph,octree_nfcount,flyby,9,48,48,0.6364480257,0.1351680011,0.7792000175,0.790671,1,0,-1,32737,28645,16,16,12785,44.63257113,17.87404434,512002,0,512002,32737
v3,d830fc32ff2631e4e1344dc30b3e09c3b9690bed,graph,octree_nfcount,flyby,9,49,49,0.6406080127,0.1372479945,0.785951972,0.798319,1,0,-1,32441,28386,16,16,12600,44.38807863,18.03713098,512002,0,512002,32441
v3,d830fc32ff2631e4e1344dc30b3e09c3b9690bed,graph,octree_nfcount,flyby,9,50,50,0.6324480176,0.1392959952,0.779744029,0.79396,1,0,-1,32905,28792,16,16,12731,44.21714365,17.78278689,512002,0,512002,32905
v3,d830fc32ff2631e4e1344dc30b3e09c3b9690bed,graph,octree_nfcount,flyby,9,51,51,0.6335999966,0.1392640024,0.7807040215,0.792235,1,0,-1,32577,28505,16,16,12696,44.53955446,17.96183126,512002,0,512002,32577
v3,d830fc32ff2631e4e1344dc30b3e09c3b9690bed,graph,octree_nfcount,flyby,9,52,52,0.6264320016,0.1371839941,0.7718399763,0.783549,1,0,-1,33273,29114,16,16,12866,44.19179776,17.58610978,512002,0,512002,33273
v3,d830fc32ff2631e4e1344dc30b3e09c3b9690bed,graph,octree_nfcount,flyby,9,53,53,0.6357120275,0.1372160017,0.7804800272,0.791408,1,0,-1,33409,29233,16,16,12922,44.20346868,17.51452126,512002,0,512002,33409
v3,d830fc32ff2631e4e1344dc30b3e09c3b9690bed,graph,octree_nfcount,flyby,9,54,54,0.6300160289,0.1372160017,0.7749760151,0.787793,1,0,-1,33265,29107,16,16,12688,43.59088879,17.59033909,512002,0,512002,33265
v3,d830fc32ff2631e4e1344dc30b3e09c3b9690bed,graph,octree_nfcount,flyby,9,55,55,0.6318399906,0.1372160017,0.7754560113,0.786266,1,0,-1,33065,28932,16,16,12578,43.47435366,17.69673718,512002,0,512002,33065
v3,d830fc32ff2631e4e1344dc30b3e09c3b9690bed,graph,octree_nfcount,flyby,9,56,56,0.6223040223,0.1372479945,0.7679039836,0.781028,1,0,-1,33329,29163,16,16,12538,42.99283338,17.5565614,512002,0,512002,33329
v3,d830fc32ff2631e4e1344dc30b3e09c3b9690bed,graph,octree_nfcount,flyby,9,57,57,0.6233279705,0.1372160017,0.7685120106,0.78162,1,0,-1,33185,29037,16,16,12387,42.65936564,17.63274443,512002,0,512002,33185
v3,d830fc32ff2631e4e1344dc30b3e09c3b9690bed,graph,octree_nfcount,flyby,9,58,58,0.6242240071,0.1351999938,0.7672640085,0.780081,1,0,-1,32993,28869,16,16,12197,42.24947175,17.73535626,512002,0,512002,32993
v3,d830fc32ff2631e4e1344dc30b3e09c3b9690bed,graph,octree_nfcount,flyby,9,59,59,0.6147840023,0.1371839941,0.7611200213,0.77468,1,0,-1,33065,28932,16,16,12214,42.21623116,17.69673718,512002,0,512002,33065
v3,d830fc32ff2631e4e1344dc30b3e09c3b9690bed,graph,octree_nfcount,flyby,9,60,60,0.6169279814,0.1351680011,0.7613440156,0.780691,1,0,-1,33073,28939,16,16,12267,42.38916341,17.69245655,512002,0,512002,33073
v3,d830fc32ff2631e4e1344dc30b3e09c3b9690bed,graph,octree_nfcount,flyby,9,61,61,0.6106240153,0.1372160017,0.7568640113,0.769016,1,0,-1,33169,29023,16,16,12334,42.4973297,17.64125004,512002,0,512002,33169
v3,d830fc32ff2631e4e1344dc30b3e09c3b9690bed,graph,octree_nfcount,flyby,9,62,62,0.6160640121,0.1351680011,0.7588800192,0.77507,1,0,-1,33337,29170,16,16,12393,42.48543024,17.5523483,512002,0,512002,33337
v3,d830fc32ff2631e4e1344dc30b3e09c3b9690bed,graph,octree_nfcount,flyby,9,63,63,0.6142719984,0.1372160017,0.7595840096,0.775415,1,0,-1,33537,29345,16,16,12353,42.09575737,17.44767422,512002,0,512002,33537
v3,d830fc32ff2631e4e1344dc30b3e09c3b9690bed,graph,octree_nfcount,flyby,9,64,64,0.6162239909,0.1351999938,0.7599999905,0.778186,1,0,-1,33249,29093,16,16,12159,41.79355859,17.59880384,512002,0,512002,33249
v3,d830fc32ff2631e4e1344dc30b3e09c3b9690bed,graph,octree_nfcount,flyby,9,65,65,0.6133440137,0.1372479945,0.7595840096,0.778883,1,0,-1,33129,28988,16,16,11878,40.9755761,17.66255002,512002,0,512002,33129
v3,d830fc32ff2631e4e1344dc30b3e09c3b9690bed,graph,octree_nfcount,flyby,9,66,66,0.6131839752,0.1351999938,0.7552000284,0.764925,1,0,-1,33041,28911,16,16,11887,41.11583826,17.7095915,512002,0,512002,33041
v3,d830fc32ff2631e4e1344dc30b3e09c3b9690bed,graph,octree_nfcount,flyby,9,67,67,0.6080319881,0.1330879927,0.7494400144,0.766747,1,0,-1,33313,29149,16,16,11849,40.649765,17.56499365,512002,0,512002,33313
v3,d830fc32ff2631e4e1344dc30b3e09c3b9690bed,graph,octree_nfcount,flyby,9,68,68,0.6169599891,0.1351680011,0.7592319846,0.77282,1,0,-1,33465,29282,16,16,11969,40.87494024,17.48521276,512002,0,512002,33465
v3,d830fc32ff2631e4e1344dc30b3e09c3b9690bed,graph,octree_nfcount,flyby,9,69,69,0.6078400016,0.1372160017,0.7534719706,0.766565,1,0,-1,33305,29142,16,16,11879,40.76247341,17.56921282,512002,0,512002,33305
v3,d830fc32ff2631e4e1344dc30b3e09c3b9690bed,graph,octree_nfcount,flyby,9,70,70,0.6034560204,0.1351680011,0.746367991,0.762174,1,0,-1,32785,28687,16,16,11453,39.92400739,17.84787534,512002,0,512002,32785
v3,d830fc32ff2631e4e1344dc30b3e09c3b9690bed,graph,octree_nfcount,flyby,9,71,71,0.6102719903,0.1351359934,0.7530559897,0.765591,1,0,-1,33393,29219,16,16,11756,40.23409425,17.52291317,512002,0,512002,33393
v3,d830fc32ff2631e4e1344dc30b3e09c3b9690bed,graph,octree_nfcount,flyby,9,72,72,0.609408021,0.1351680011,0.7528960109,0.767205,1,0,-1,33305,29142,16,16,11738,40.27863565,17.56921282,512002,0,512002,33305
v3,d830fc32ff2631e4e1344dc30b3e09c3b9690bed,graph,octree_nfcount,flyby,9,73,73,0.6111360192,0.1351359934,0.7543680072,0.765147,1,0,-1,33497,29310,16,16,12035,41.06107131,17.46850904,512002,0,512002,33497
v3,d830fc32ff2631e4e1344dc30b3e09c3b9690bed,graph,octree_nfcount,flyby,9,74,74,0.6006079912,0.1331200004,0.7427200079,0.755654,1,0,-1,33153,29009,16,16,11762,40.54603744,17.64976387,512002,0,512002,33153
v3,d830fc32ff2631e4e1344dc30b3e09c3b9690bed,graph,octree_nfcount,flyby,9,75,75,0.6136959791,0.1372160017,0.7594559789,0.770831,1,0,-1,33401,29226,16,16,11814,40.42291111,17.51871621,512002,0,512002,33401
v3,d830fc32ff2631e4e1344dc30b3e09c3b9690bed,graph,octree_nfcount,flyby,9,76,76,0.6025599837,0.1392640024,0.750271976,0.767332,1,0,-1,33465,29282,16,16,11795,40.28071853,17.48521276,512002,0,512002,33465
v3,d830fc32ff2631e4e1344dc30b3e09c3b9690bed,graph,octree_nfcount,flyby,9,77,77,0.6056320071,0.1331200004,0.7473919988,0.759228,1,0,-1,33025,28897,16,16,11588,40.10104855,17.71817144,512002,0,512002,33025
v3,d830fc32ff2631e4e1344dc30b3e09c3b9690bed,graph,octree_nfcount,flyby,9,78,78,0.6013759971,0.1331200004,0.7425919771,0.754555,1,0,-1,33113,28974,16,16,11663,40.25333057,17.67108442,512002,0,512002,33113
v3,d830fc32ff2631e4e1344dc30b3e09c3b9690bed,graph,octree_nfcount,flyby,9,79,79,0.5994240046,0.1331200004,0.7405440211,0.752148,1,0,-1,32873,28764,16,16,11435,39.7545543,17.80009734,512002,0,512002,32873
v3,d830fc32ff2631e4e1344dc30b3e09c3b9690bed,graph,octree_nfcount,flyby,9,80,80,0.5843840241,0.1371839941,0.7296640277,0.741255,1,0,-1,32769,28673,16,16,11154,38.90070798,17.85658982,512002,0,512002,32769
v3,d830fc32ff2631e4e1344dc30b3e09c3b9690bed,graph,octree_nfcount,flyby,9,81,81,0.600736022,0.1371520013,0.7455360293,0.762809,1,0,-1,33145,29002,16,16,11397,39.29728984,17.65402386,512002,0,512002,33145
v3,d830fc32ff2631e4e1344dc30b3e09c3b9690bed,graph,octree_nfcount,flyby,9,82,82,0.5996800065,0.1351680011,0.743103981,0.756952,1,0,-1,33025,28897,16,16,11492,39.76883414,17.71817144,512002,0,512002,33025
v3,d830fc32ff2631e4e1344dc30b3e09c3b9690bed,graph,octree_nfcount,flyby,9,83,83,0.5958080292,0.1351680011,0.738943994,0.753883,1,0,-1,33057,28925,16,16,11498,39.75108038,17.70101988,512002,0,512002,33057
v3,d830fc32ff2631e4e1344dc30b3e09c3b9690bed,graph,octree_nfcount,flyby,9,84,84,0.6041920185,0.1351680011,0.747615993,0.766528,1,0,-1,33161,29016,16,16,11384,39.23352633,17.64550593,512002,0,512002,33161
v3,d830fc32ff2631e4e1344dc30b3e09c3b9690bed,graph,octree_nfcount,flyby,9,85,85,0.593824029,0.1351680011,0.7372800112,0.749306,1,0,-1,32985,28862,16,16,11323,39.23151549,17.73965768,512002,0,512002,32985
v3,d830fc32ff2631e4e1344dc30b3e09c3b9690bed,graph,octree_nfcount,flyby,9,86,86,0.6005439758,0.1372160017,0.7461760044,0.75992,1,0,-1,32953,28834,16,16,11209,38.87424568,17.75688423,512002,0,512002,32953
v3,d830fc32ff2631e4e1344dc30b3e09c3b9690bed,graph,octree_nfcount,flyby,9,87,87,0.5920959711,0.1351040006,0.7356799841,0.748244,1,0,-1,33097,28960,16,16,11190,38.63950276,17.67962707,512002,0,512002,33097
v3,d830fc32ff2631e4e1344dc30b3e09c3b9690bed,graph,octree_nfcount,flyby,9,88,88,0.5870400071,0.1371839941,0.7318720222,0.743428,1,0,-1,33233,29079,16,16,11103,38.18219334,17.60727673,512002,0,512002,33233
v3,d830fc32ff2631e4e1344dc30b3e09c3b9690bed,graph,octree_nfcount,flyby,9,89,89,0.5997440219,0.1351680011,0.7430080175,0.755944,1,0,-1,33193,29044,16,16,10981,37.80815315,17.6284947,512002,0,512002,33193
v3,d830fc32ff2631e4e1344dc30b3e09c3b9690bed,graph,octree_nfcount,flyby,9,90,90,0.5891199708,0.1351999938,0.7321599722,0.75,1,0,-1,33561,29366,16,16,11199,38.13593952,17.43519717,512002,0,512002,33561
v3,d830fc32ff2631e4e1344dc30b3e09c3b9690bed,graph,octree_nfcount,flyby,9,91,91,0.594720006,0.1372160017,0.7404800057,0.751714,1,0,-1,33297,29135,16,16,11030,37.8582461,17.57343401,512002,0,512002,33297
v3,d830fc32ff2631e4e1344dc30b3e09c3b9690bed,graph,octree_nfcount,flyby,9,92,92,0.5948799849,0.1372479945,0.7394239902,0.750372,1,0,-1,33537,29345,16,16,11036,37.60776964,17.44767422,512002,0,512002,33537
v3,d830fc32ff2631e4e1344dc30b3e09c3b9690bed,graph,octree_nfcount,flyby,9,93,93,0.5960959792,0.1351680011,0.7377920151,0.749186,1,0,-1,33169,29023,16,16,10794,37.19119319,17.64125004,512002,0,512002,33169
v3,d830fc32ff2631e4e1344dc30b3e09c3b9690bed,graph,octree_nfcount,flyby,9,94,94,0.5958399773,0.1372160017,0.7402560115,0.749321,1,0,-1,33425,29247,16,16,10797,36.91660683,17.50613738,512002,0,512002,33425
v3,d830fc32ff2631e4e1344dc30b3e09c3b9690bed,graph,octree_nfcount,flyby,9,95,95,0.5938559771,0.1370880008,0.7393280268,0.754306,1,0,-1,33553,29359,16,16,10907,37.1504479,17.4393542,512002,0,512002,33553
v3,d830fc32ff2631e4e1344dc30b3e09c3b9690bed,graph,octree_nfcount,flyby,9,96,96,0.5900480151,0.1372160017,0.7356799841,0.753494,1,0,-1,33721,29506,16,16,10865,36.82301905,17.35247068,512002,0,512002,33721
v3,d830fc32ff2631e4e1344dc30b3e09c3b9690bed,graph,octree_nfcount,flyby,9,97,97,0.5979520082,0.1351680011,0.7406719923,0.752053,1,0,-1,33609,29408,16,16,10948,37.22796518,17.41029652,512002,0,512002,33609
v3,d830fc32ff2631e4e1344dc30b3e09c3b9690bed,graph,octree_nfcount,flyby,9,98,98,0.5933439732,0.1331200004,0.7333440185,0.748263,1,0,-1,33657,29450,16,16,11061,37.55857385,17.38546689,512002,0,512002,33657
v3,d830fc32ff2631e4e1344dc30b3e09c3b9690bed,graph,octree_nfcount,flyby,9,99,99,0.5950080156,0.1392959952,0.741056025,0.757522,1,0,-1,33769,29548,16,16,11020,37.29524841,17.3278056,512002,0,512002,33769
v3,d830fc32ff2631e4e1344dc30b3e09c3b9690bed,graph,octree_nfcount,flyby,9,100,100,0.5999680161,0.1351680011,0.7432000041,0.754995,1,0,-1,33745,29527,16,16,10927,37.00680733,17.34012937,512002,0,512002,33745
v3,d830fc32ff2631e4e1344dc30b3e09c3b9690bed,graph,octree_nfcount,flyby,9,101,101,0.5931839943,0.1372160017,0.7384960055,0.751839,1,0,-1,33681,29471,16,16,10804,36.65976723,17.37307862,512002,0,512002,33681
v3,d830fc32ff2631e4e1344dc30b3e09c3b9690bed,graph,octree_nfcount,flyby,9,102,102,0.5907520056,0.1351359934,0.7339199781,0.754175,1,0,-1,33441,29261,16,16,10578,36.1505075,17.49776153,512002,0,512002,33441
v3,d830fc32ff2631e4e1344dc30b3e09c3b9690bed,graph,octree_nfcount,flyby,9,103,103,0.588447988,0.139200002,0.7357119918,0.745776,1,0,-1,33777,29555,16,16,10758,36.39993233,17.32370157,512002,0,512002,33777
v3,d830fc32ff2631e4e1344dc30b3e09c3b9690bed,graph,octree_nfcount,flyby,9,104,104,0.5949119925,0.1372160017,0.7394239902,0.751399,1,0,-1,34241,29961,16,16,11158,37.24174761,17.08894897,512002,0,512002,34241
v3,d830fc32ff2631e4e1344dc30b3e09c3b9690bed,graph,octree_nfcount,flyby,9,105,105,0.5948799849,0.1351040006,0.7362880111,0.746688,1,0,-1,34073,29814,16,16,10802,36.23130073,17.17320722,512002,0,512002,34073
v3,d830fc32ff2631e4e1344dc30b3e09c3b9690bed,graph,octree_nfcount,flyby,9,106,106,0.5969280005,0.1372160017,0.7419840097,0.755255,1,0,-1,33945,29702,16,16,10815,36.41168945,17.23796377,512002,0,512002,33945
v3,d830fc32ff2631e4e1344dc30b3e09c3b9690bed,graph,octree_nfcount,flyby,9,107,107,0.5947520137,0.1371520013,0.739808023,0.750963,1,0,-1,34009,29758,16,16,10949,36.7934673,17.20552456,512002,0,512002,34009
v3,d830fc32ff2631e4e1344dc30b3e09c3b9690bed,graph,octree_nfcount,flyby,9,108,108,0.5896319747,0.1372160017,0.7347840071,0.751998,1,0,-1,33857,29625,16,16,10785,36.40506329,17.28276793,512002,0,512002,33857
v3,d830fc32ff2631e4e1344dc30b3e09c3b9690bed,graph,octree_nfcount,flyby,9,109,109,0.5875200033,0.1372160017,0.7325760126,0.750218,1,0,-1,33817,29590,16,16,10538,35.6133829,17.30321054,512002,0,512002,33817
v3,d830fc32ff2631e4e1344dc30b3e09c3b9690bed,graph,octree_nfcount,flyby,9,110,110,0.59622401,0.1351999938,0.7387199998,0.749788,1,0,-1,34009,29758,16,16,10833,36.40365616,17.20552456,512002,0,512002,34009
v3,d830fc32ff2631e4e1344dc30b3e09c3b9690bed,graph,octree_nfcount,flyby,9,111,111,0.5953919888,0.1372479945,0.7408000231,0.752839,1,0,-1,33905,29667,16,16,10716,36.12094246,17.25830047,512002,0,512002,33905
v3,d830fc32ff2631e4e1344dc30b3e09c3b9690bed,graph,octree_nfcount,flyby,9,112,112,0.5864319801,0.1372160017,0.732640028,0.745771,1,0,-1,33785,29562,16,16,10559,35.71815168,17.31959949,512002,0,512002,33785
v3,d830fc32ff2631e4e1344dc30b3e09c3b9690bed,graph,octree_nfcount,flyby,9,113,113,0.5963519812,0.1372479945,0.7421119809,0.754549,1,0,-1,33801,29576,16,16,10622,35.9142548,17.31140114,512002,0,512002,33801
v3,d830fc32ff2631e4e1344dc30b3e09c3b9690bed,graph,octree_nfcount,flyby,9,114,114,0.5959360003,0.1392959952,0.7435200214,0.754779,1,0,-1,34049,29793,16,16,10681,35.85070319,17.18531199,512002,0,512002,34049
v3,d830fc32ff2631e4e1344dc30b3e09c3b9690bed,graph,octree_nfcount,flyby,9,115,115,0.5893759727,0.1372479945,0.7349119782,0.746462,1,0,-1,33753,29534,16,16,10453,35.39310625,17.3360195,512002,0,512002,33753
v3,d830fc32ff2631e4e1344dc30b3e09c3b9690bed,graph,octree_nfcount,flyby,9,116,116,0.5913919806,0.1371839941,0.7376000285,0.752937,1,0,-1,33945,29702,16,16,10606,35.70803313,17.23796377,512002,0,512002,33945
v3,d830fc32ff2631e4e1344dc30b3e09c3b9690bed,graph,octree_nfcount,flyby,9,117,117,0.595615983,0.1351680011,0.7391039729,0.752796,1,0,-1,34057,29800,16,16,10748,36.06711409,17.18127517,512002,0,512002,34057
v3,d830fc32ff2631e4e1344dc30b3e09c3b9690bed,graph,octree_nfcount,flyby,9,118,118,0.5937280059,0.1351680011,0.7375040054,0.754293,1,0,-1,33953,29709,16,16,10686,35.96889831,17.23390218,512002,0,512002,33953
v3,d830fc32ff2631e4e1344dc30b3e09c3b9690bed,graph,octree_nfcount,flyby,9,119,119,0.5928959846,0.1372160017,0.7377920151,0.747096,1,0,-1,33889,29653,16,16,10630,35.84797491,17.26644859,512002,0,512002,33889
v3,d830fc32ff2631e4e1344dc30b3e09c3b9690bed,graph,octree_nfcount,flyby,9,120,120,0.5935360193,0.1392640024,0.7414079905,0.75285,1,0,-1,33969,29723,16,16,10646,35.81738048,17.22578475,512002,0,512002,33969
v3,d830fc32ff2631e4e1344dc30b3e09c3b9690bed,graph,octree_nfcount,flyby,9,121,121,0.5929279923,0.1392640024,0.7397760153,0.751911,1,0,-1,33961,29716,16,16,10592,35.64409746,17.22984251,512002,0,512002,33961
v3,d830fc32ff2631e4e1344dc30b3e09c3b9690bed,graph,octree_nfcount,flyby,9,122,122,0.5891839862,0.1351359934,0.732032001,0.744776,1,0,-1,33953,29709,16,16,10519,35.40677909,17.23390218,512002,0,512002,33953
v3,d830fc32ff2631e4e1344dc30b3e09c3b9690bed,graph,octree_nfcount,flyby,9,123,123,0.5924159884,0.1372160017,0.7376319766,0.750552,1,0,-1,34161,29891,16,16,10701,35.8000736,17.12896859,512002,0,512002,34161
v3,d830fc32ff2631e4e1344dc30b3e09c3b9690bed,graph,octree_nfcount,flyby,9,124,124,0.5996479988,0.1392959952,0.746367991,0.757425,1,0,-1,33937,29695,16,16,10566,35.58174777,17.24202728,512002,0,512002,33937
v3,d830fc32ff2631e4e1344dc30b3e09c3b9690bed,graph,octree_nfcount,flyby,9,125,125,0.5961599946,0.1351999938,0.7391039729,0.75247,1,0,-1,34041,29786,16,16,10623,35.6644061,17.1893507,512002,0,512002,34041
v3,d830fc32ff2631e4e1344dc30b3e09c3b9690bed,graph,octree_nfcount,flyby,9,126,126,0.5961279869,0.1392640024,0.7437440157,0.75672,1,0,-1,34169,29898,16,16,10587,35.41039534,17.12495819,512002,0,512002,34169
v3,d830fc32ff2631e4e1344dc30b3e09c3b9690bed,graph,octree_nfcount,flyby,9,127,127,0.5848320127,0.1372160017,0.7288960218,0.739169,1,0,-1,33809,29583,16,16,10364,35.03363418,17.30730487,512002,0,512002,33809
v3,d830fc32ff2631e4e1344dc30b3e09c3b9690bed,graph,octree_nfcount,flyby,9,128,128,0.5909439921,0.1372479945,0.7360320091,0.750601,1,0,-1,33873,29639,16,16,10397,35.07878134,17.27460441,512002,0,512002,33873
v3,d830fc32ff2631e4e1344dc30b3e09c3b9690bed,graph,octree_nfcount,flyby,9,129,129,0.5936319828,0.1351359934,0.7363839746,0.750354,1,0,-1,34097,29835,16,16,10510,35.22708229,17.16111949,512002,0,512002,34097
v3,d830fc32ff2631e4e1344dc30b3e09c3b9690bed,graph,octree_nfcount,flyby,9,130,130,0.5936319828,0.1351999938,0.7373120189,0.755795,1,0,-1,33681,29471,16,16,10232,34.71887618,17.37307862,512002,0,512002,33681
v3,d830fc32ff2631e4e1344dc30b3e09c3b9690bed,graph,octree_nfcount,flyby,9,131,131,0.5907199979,0.1331200004,0.7324799895,0.744473,1,0,-1,33569,29373,16,16,10185,34.67470126,17.43104211,512002,0,512002,33569
v3,d830fc32ff2631e4e1344dc30b3e09c3b9690bed,graph,octree_nfcount,flyby,9,132,132,0.5907520056,0.1331200004,0.7307519913,0.740952,1,0,-1,33945,29702,16,16,10269,34.5734294,17.23796377,512002,0,512002,33945
v3,d830fc32ff2631e4e1344dc30b3e09c3b9690bed,graph,octree_nfcount,flyby,9,133,133,0.5879679918,0.1350719929,0.7309759855,0.743475,1,0,-1,33673,29464,16,16,9888,33.55959815,17.37720608,512002,0,512002,33673
v3,d830fc32ff2631e4e1344dc30b3e09c3b9690bed,graph,octree_nfcount,flyby,9,134,134,0.5918719769,0.1372160017,0.7372480035,0.753528,1,0,-1,33873,29639,16,16,10227,34.50521273,17.27460441,512002,0,512002,33873
v3,d830fc32ff2631e4e1344dc30b3e09c3b9690bed,graph,octree_nfcount,flyby,9,135,135,0.5896319747,0.1372160017,0.7351040244,0.754109,1,0,-1,33841,29611,16,16,10182,34.38587012,17.29093918,512002,0,512002,33841
v3,d830fc32ff2631e4e1344dc30b3e09c3b9690bed,graph,octree_nfcount,flyby,9,136,136,0.5929279923,0.1372479945,0.7386879921,0.753419,1,0,-1,33937,29695,16,16,10182,34.28860077,17.24202728,512002,0,512002,33937
v3,d830fc32ff2631e4e1344dc30b3e09c3b9690bed,graph,octree_nfcount,flyby,9,137,137,0.5877760053,0.1351680011,0.7312639952,0.743721,1,0,-1,33857,29625,16,16,10150,34.26160338,17.28276793,512002,0,512002,33857
v3,d830fc32ff2631e4e1344dc30b3e09c3b9690bed,graph,octree_nfcount,flyby,9,138,138,0.5894719958,0.1351680011,0.7336639762,0.745121,1,0,-1,33889,29653,16,16,9960,33.58850707,17.26644859,512002,0,512002,33889
v3,d830fc32ff2631e4e1344dc30b3e09c3b9690bed,graph,octree_nfcount,flyby,9,139,139,0.5916479826,0.1351680011,0.7353600264,0.75371,1,0,-1,34001,29751,16,16,10215,34.33498034,17.20957279,512002,0,512002,34001
v3,d830fc32ff2631e4e1344dc30b3e09c3b9690bed,graph,octree_nfcount,flyby,9,140,140,0.5913919806,0.1392640024,0.7391359806,0.754402,1,0,-1,33857,29625,16,16,10216,34.48438819,17.28276793,512002,0,512002,33857
v3,d830fc32ff2631e4e1344dc30b3e09c3b9690bed,graph,octree_nfcount,flyby,9,141,141,0.5888000131,0.1372479945,0.7327039838,0.747653,1,0,-1,34057,29800,16,16,10072,33.79865772,17.18127517,512002,0,512002,34057
v3,d830fc32ff2631e4e1344dc30b3e09c3b9690bed,graph,octree_nfcount,flyby,9,142,142,0.5899839997,0.1372479945,0.7357119918,0.749432,1,0,-1,34033,29779,16,16,10174,34.16501562,17.19339132,512002,0,512002,34033
v3,d830fc32ff2631e4e1344dc30b3e09c3b9690bed,graph,octree_nfcount,flyby,9,143,143,0.5884159803,0.1351680011,0.7307519913,0.74799,1,0,-1,34073,29814,16,16,10133,33.98738848,17.17320722,512002,0,512002,34073
v3,d830fc32ff2631e4e1344dc30b3e09c3b9690bed,graph,octree_nfcount,flyby,9,144,144,0.5848320127,0.1392959952,0.7317439914,0.7424,1,0,-1,33625,29422,16,16,9881,33.58371287,17.4020121,512002,0,512002,33625
v3,d830fc32ff2631e4e1344dc30b3e09c3b9690bed,graph,octree_nfcount,flyby,9,145,145,0.5820159912,0.1372479945,0.7268480062,0.738244,1,0,-1,33585,29387,16,16,9864,33.56586246,17.42273795,512002,0,512002,33585
v3,d830fc32ff2631e4e1344dc30b3e09c3b9690bed,graph,octree_nfcount,flyby,9,146,146,0.5835840106,0.1372479945,0.7290880084,0.742245,1,0,-1,33433,29254,16,16,9706,33.17836877,17.50194845,512002,0,512002,33433
v3,d830fc32ff2631e4e1344dc30b3e09c3b9690bed,graph,octree_nfcount,flyby,9,147,147,0.584800005,0.1330879927,0.7253760099,0.737385,1,0,-1,33281,29121,16,16,9718,33.37110676,17.58188249,512002,0,512002,33281
v3,d830fc32ff2631e4e1344dc30b3e09c3b9690bed,graph,octree_nfcount,flyby,9,148,148,0.5878720284,0.1331200004,0.7287359834,0.742972,1,0,-1,33257,29100,16,16,9750,33.50515464,17.59457045,512002,0,512002,33257
v3,d830fc32ff2631e4e1344dc30b3e09c3b9690bed,graph,octree_nfcount,flyby,9,149,149,0.5778239965,0.1371839941,0.7235199809,0.73566,1,0,-1,33193,29044,16,16,9640,33.19102052,17.6284947,512002,0,512002,33193
v3,d830fc32ff2631e4e1344dc30b3e09c3b9690bed,graph,octree_nfcount,flyby,9,150,150,0.5784000158,0.1371839941,0.7224000096,0.736916,1,0,-1,33593,29394,16,16,9954,33.86405389,17.41858883,512002,0,512002,33593
v3,d830fc32ff2631e4e1344dc30b3e09c3b9690bed,graph,octree_nfcount,flyby,9,151,151,0.5840319991,0.1330240071,0.7251520157,0.740528,1,0,-1,33881,29646,16,16,9964,33.60993051,17.27052553,512002,0,512002,33881
v3,d830fc32ff2631e4e1344dc30b3e09c3b9690bed,graph,octree_nfcount,flyby,9,152,152,0.5915520191,0.1392640024,0.7397760153,0.755124,1,0,-1,33737,29520,16,16,9949,33.70257453,17.34424119,512002,0,512002,33737
v3,d830fc32ff2631e4e1344dc30b3e09c3b9690bed,graph,octree_nfcount,flyby,9,153,153,0.5878400207,0.139200002,0.7356160283,0.753784,1,0,-1,33513,29324,16,16,9803,33.42995499,17.46016914,512002,0,512002,33513
v3,d830fc32ff2631e4e1344dc30b3e09c3b9690bed,graph,octree_nfcount,flyby,9,154,154,0.5841599703,0.1372160017,0.7304319739,0.744288,1,0,-1,33553,29359,16,16,9783,33.32197963,17.4393542,512002,0,512002,33553
v3,d830fc32ff2631e4e1344dc30b3e09c3b9690bed,graph,octree_nfcount,flyby,9,155,155,0.5808960199,0.1331200004,0.7213119864,0.738621,1,0,-1,33521,29331,16,16,9820,33.4799359,17.45600218,512002,0,512002,33521
v3,d830fc32ff2631e4e1344dc30b3e09c3b9690bed,graph,octree_nfcount,flyby,9,156,156,0.5882560015,0.1331200004,0.728128016,0.73783,1,0,-1,33465,29282,16,16,9737,33.25251007,17.48521276,512002,0,512002,33465
v3,d830fc32ff2631e4e1344dc30b3e09c3b9690bed,graph,octree_nfcount,flyby,9,157,157,0.5834239721,0.1372160017,0.7273280025,0.738469,1,0,-1,33457,29275,16,16,9732,33.24338173,17.48939368,512002,0,512002,33457
v3,d830fc32ff2631e4e1344dc30b3e09c3b9690bed,graph,octree_nfcount,flyby,9,158,158,0.5848320127,0.1351359934,0.7284799814,0.74185,1,0,-1,33873,29639,16,16,9806,33.08478694,17.27460441,512002,0,512002,33873
v3,d830fc32ff2631e4e1344dc30b3e09c3b9690bed,graph,octree_nfcount,flyby,9,159,159,0.586304009,0.1392959952,0.7338240147,0.746121,1,0,-1,33625,29422,16,16,9600,32.62864523,17.4020121,512002,0,512002,33625
v3,d830fc32ff2631e4e1344dc30b3e09c3b9690bed,graph,octree_nfcount,flyby,9,160,160,0.5783039927,0.1372160017,0.7228800058,0.732577,1,0,-1,33433,29254,16,16,9569,32.71005674,17.50194845,512002,0,512002,33433
v3,d830fc32ff2631e4e1344dc30b3e09c3b9690bed,graph,octree_nfcount,flyby,9,161,161,0.5880960226,0.1372479945,0.7325760126,0.746452,1,0,-1,33561,29366,16,16,9601,32.69427229,17.43519717,512002,0,512002,33561
v3,d830fc32ff2631e4e1344dc30b3e09c3b9690bed,graph,octree_nfcount,flyby,9,162,162,0.5868800282,0.1331200004,0.7278079987,0.738589,1,0,-1,33569,29373,16,16,9572,32.58775066,17.43104211,512002,0,512002,33569
v3,d830fc32ff2631e4e1344dc30b3e09c3b9690bed,graph,octree_nfcount,flyby,9,163,163,0.5912960172,0.1351999938,0.7346559763,0.750484,1,0,-1,34009,29758,16,16,9704,32.6097184,17.20552456,512002,0,512002,34009
v3,d830fc32ff2631e4e1344dc30b3e09c3b9690bed,graph,octree_nfcount,flyby,9,164,164,0.5765439868,0.1350080073,0.7193279862,0.736693,1,0,-1,33489,29303,16,16,9481,32.35504897,17.47268198,512002,0,512002,33489
v3,d830fc32ff2631e4e1344dc30b3e09c3b9690bed,graph,octree_nfcount,flyby,9,165,165,0.5793600082,0.1351680011,0.7224959731,0.738156,1,0,-1,33457,29275,16,16,9611,32.83005978,17.48939368,512002,0,512002,33457
v3,d830fc32ff2631e4e1344dc30b3e09c3b9690bed,graph,octree_nfcount,flyby,9,166,166,0.5831360221,0.1372160017,0.7276480198,0.737825,1,0,-1,33713,29499,16,16,9623,32.62144479,17.35658836,512002,0,512002,33713
v3,d830fc32ff2631e4e1344dc30b3e09c3b9690bed,graph,octree_nfcount,flyby,9,167,167,0.5845760107,0.1351680011,0.7270079851,0.738119,1,0,-1,33817,29590,16,16,9585,32.39270024,17.30321054,512002,0,512002,33817
v3,d830fc32ff2631e4e1344dc30b3e09c3b9690bed,graph,octree_nfcount,flyby,9,168,168,0.5848640203,0.1331200004,0.7257599831,0.738932,1,0,-1,33625,29422,16,16,9520,32.35673985,17.4020121,512002,0,512002,33625
v3,d830fc32ff2631e4e1344dc30b3e09c3b9690bed,graph,octree_nfcount,flyby,9,169,169,0.5765119791,0.1330879927,0.7165759802,0.727831,1,0,-1,33745,29527,16,16,9467,32.06218038,17.34012937,512002,0,512002,33745
v3,d830fc32ff2631e4e1344dc30b3e09c3b9690bed,graph,octree_nfcount,flyby,9,170,170,0.583648026,0.1351680011,0.7269440293,0.739467,1,0,-1,33769,29548,16,16,9649,32.65534046,17.3278056,512002,0,512002,33769
v3,d830fc32ff2631e4e1344dc30b3e09c3b9690bed,graph,octree_nfcount,flyby,9,171,171,0.58543998,0.1372479945,0.7301120162,0.746502,1,0,-1,33833,29604,16,16,9592,32.40102689,17.2950277,512002,0,512002,33833
v3,d830fc32ff2631e4e1344dc30b3e09c3b9690bed,graph,octree_nfcount,flyby,9,172,172,0.5902720094,0.1392959952,0.7374079823,0.752355,1,0,-1,33873,29639,16,16,9473,31.96126725,17.27460441,512002,0,512002,33873
v3,d830fc32ff2631e4e1344dc30b3e09c3b9690bed,graph,octree_nfcount,flyby,9,173,173,0.5852800012,0.1371199936,0.7315520048,0.746213,1,0,-1,33793,29569,16,16,9483,32.07074977,17.31549934,512002,0,512002,33793
v3,d830fc32ff2631e4e1344dc30b3e09c3b9690bed,graph,octree_nfcount,flyby,9,174,174,0.5794240236,0.1351680011,0.7225279808,0.742222,1,0,-1,33537,29345,16,16,9356,31.8827739,17.44767422,512002,0,512002,33537
v3,d830fc32ff2631e4e1344dc30b3e09c3b9690bed,graph,octree_nfcount,flyby,9,175,175,0.5769919753,0.1331200004,0.7172799706,0.727385,1,0,-1,33545,29352,16,16,9468,32.25674571,17.44351322,512002,0,512002,33545
v3,d830fc32ff2631e4e1344dc30b3e09c3b9690bed,graph,octree_nfcount,flyby,9,176,176,0.586304009,0.1350719929,0.7298240066,0.743321,1,0,-1,33457,29275,16,16,9323,31.84628523,17.48939368,512002,0,512002,33457
v3,d830fc32ff2631e4e1344dc30b3e09c3b9690bed,graph,octree_nfcount,flyby,9,177,177,0.5877439976,0.1351680011,0.7306240201,0.742452,1,0,-1,33449,29268,16,16,9417,32.17507175,17.4935766,512002,0,512002,33449
v3,d830fc32ff2631e4e1344dc30b3e09c3b9690bed,graph,octree_nfcount,flyby,9,178,178,0.5823680162,0.1351680011,0.7255679965,0.739286,1,0,-1,33473,29289,16,16,9369,31.98811841,17.48103384,512002,0,512002,33473
v3,d830fc32ff2631e4e1344dc30b3e09c3b9690bed,graph,octree_nfcount,flyby,9,179,179,0.5775039792,0.1331200004,0.7190080285,0.730484,1,0,-1,33329,29163,16,16,9177,31.46795597,17.5565614,512002,0,512002,33329
v3,d830fc32ff2631e4e1344dc30b3e09c3b9690bed,graph,octree_nfcount,flyby,9,180,180,0.5807359815,0.1372479945,0.7259839773,0.740155,1,0,-1,33609,29408,16,16,9380,31.8960827,17.41029652,512002,0,512002,33609
v3,d830fc32ff2631e4e1344dc30b3e09c3b9690bed,graph,octree_nfcount,flyby,9,181,181,0.5853760242,0.1331200004,0.7257599831,0.738415,1,0,-1,33609,29408,16,16,9321,31.69545702,17.41029652,512002,0,512002,33609
v3,d830fc32ff2631e4e1344dc30b3e09c3b9690bed,graph,octree_nfcount,flyby,9,182,182,0.5901439786,0.1331200004,0.7309120297,0.742589,1,0,-1,33793,29569,16,16,9443,31.93547296,17.31549934,512002,0,512002,33793
v3,d830fc32ff2631e4e1344dc30b3e09c3b9690bed,graph,octree_nfcount,flyby,9,183,183,0.5769919753,0.1331200004,0.7176319957,0.729202,1,0,-1,33497,29310,16,16,9178,31.31354487,17.46850904,512002,0,512002,33497
v3,d830fc32ff2631e4e1344dc30b3e09c3b9690bed,graph,octree_nfcount,flyby,9,184,184,0.5807679892,0.1351680011,0.7244480252,0.741016,1,0,-1,33585,29387,16,16,9367,31.87463845,17.42273795,512002,0,512002,33585
v3,d830fc32ff2631e4e1344dc30b3e09c3b9690bed,graph,octree_nfcount,flyby,9,185,185,0.5813440084,0.1351680011,0.7244799733,0.740648,1,0,-1,33561,29366,16,16,9485,32.29925764,17.43519717,512002,0,512002,33561
v3,d830fc32ff2631e4e1344dc30b3e09c3b9690bed,graph,octree_nfcount,flyby,9,186,186,0.5837759972,0.1330879927,0.723360002,0.733754,1,0,-1,33473,29289,16,16,9303,31.76277783,17.48103384,512002,0,512002,33473
v3,d830fc32ff2631e4e1344dc30b3e09c3b9690bed,graph,octree_nfcount,flyby,9,187,187,0.5857599974,0.1372479945,0.7320960164,0.744639,1,0,-1,33625,29422,16,16,9443,32.09503093,17.4020121,512002,0,512002,33625
v3,d830fc32ff2631e4e1344dc30b3e09c3b9690bed,graph,octree_nfcount,flyby,9,188,188,0.5764799714,0.1372479945,0.7209920287,0.731233,1,0,-1,33505,29317,16,16,9202,31.38793192,17.4643381,512002,0,512002,33505
v3,d830fc32ff2631e4e1344dc30b3e09c3b9690bed,graph,octree_nfcount,flyby,9,189,189,0.5834559798,0.1351680011,0.7260479927,0.738165,1,0,-1,33465,29282,16,16,9343,31.90697357,17.48521276,512002,0,512002,33465
v3,d830fc32ff2631e4e1344dc30b3e09c3b9690bed,graph,octree_nfcount,flyby,9,190,190,0.5811520219,0.1351040006,0.7243520021,0.739406,1,0,-1,33513,29324,16,16,9262,31.58504979,17.46016914,512002,0,512002,33513
v3,d830fc32ff2631e4e1344dc30b3e09c3b9690bed,graph,octree_nfcount,flyby,9,191,191,0.5856320262,0.1392959952,0.7330560088,0.751662,1,0,-1,33353,29184,16,16,9153,31.36307566,17.54392818,512002,0,512002,33353
v3,d830fc32ff2631e4e1344dc30b3e09c3b9690bed,graph,octree_nfcount,flyby,9,192,192,0.5834559798,0.1351680011,0.7271999717,0.742763,1,0,-1,33457,29275,16,16,9202,31.43296328,17.48939368,512002,0,512002,33457
v3,d830fc32ff2631e4e1344dc30b3e09c3b9690bed,graph,octree_nfcount,flyby,9,193,193,0.5750079751,0.1372479945,0.7208960056,0.733628,1,0,-1,33369,29198,16,16,9133,31.27953969,17.53551613,512002,0,512002,33369
v3,d830fc32ff2631e4e1344dc30b3e09c3b9690bed,graph,octree_nfcount,flyby,9,194,194,0.5844159722,0.1372160017,0.7278400064,0.738762,1,0,-1,33369,29198,16,16,9185,31.45763408,17.53551613,512002,0,512002,33369
v3,d830fc32ff2631e4e1344dc30b3e09c3b9690bed,graph,octree_nfcount,flyby,9,195,195,0.5805119872,0.1351680011,0.7233279943,0.73696,1,0,-1,33289,29128,16,16,9133,31.35471024,17.57765724,512002,0,512002,33289
v3,d830fc32ff2631e4e1344dc30b3e09c3b9690bed,graph,octree_nfcount,flyby,9,196,196,0.5879039764,0.1351680011,0.730880022,0.743579,1,0,-1,33617,29415,16,16,9396,31.94288628,17.40615332,512002,0,512002,33617
v3,d830fc32ff2631e4e1344dc30b3e09c3b9690bed,graph,octree_nfcount,flyby,9,197,197,0.5808960199,0.1371199936,0.7257599831,0.742182,1,0,-1,33481,29296,16,16,9301,31.74836155,17.47685691,512002,0,512002,33481
v3,d830fc32ff2631e4e1344dc30b3e09c3b9690bed,graph,octree_nfcount,flyby,9,198,198,0.5808640122,0.1351680011,0.7240319848,0.739486,1,0,-1,33561,29366,16,16,9373,31.9178642,17.43519717,512002,0,512002,33561
v3,d830fc32ff2631e4e1344dc30b3e09c3b9690bed,graph,octree_nfcount,flyby,9,199,199,0.583039999,0.1372160017,0.7285439968,0.740156,1,0,-1,33585,29387,16,16,9363,31.86102698,17.42273795,512002,0,512002,33585
v3,d830fc32ff2631e4e1344dc30b3e09c3b9690bed,graph,octree_nfcount,flyby,9,200,200,0.5868480206,0.1371520013,0.7320960164,0.751451,1,0,-1,33641,29436,16,16,9357,31.78760701,17.39373556,512002,0,512002,33641
v3,d830fc32ff2631e4e1344dc30b3e09c3b9690bed,graph,octree_nfcount,flyby,9,201,201,0.5858240128,0.1331200004,0.7271999717,0.73942,1,0,-1,33697,29485,16,16,9344,31.69069018,17.36482957,512002,0,512002,33697
v3,d830fc32ff2631e4e1344dc30b3e09c3b9690bed,graph,octree_nfcount,flyby,9,202,202,0.578527987,0.1331200004,0.7193599939,0.730694,1,0,-1,33881,29646,16,16,9274,31.28246644,17.27052553,512002,0,512002,33881
v3,d830fc32ff2631e4e1344dc30b3e09c3b9690bed,graph,octree_nfcount,flyby,9,203,203,0.5813760161,0.1351999938,0.7235839963,0.736231,1,0,-1,33713,29499,16,16,9389,31.82819757,17.35658836,512002,0,512002,33713
v3,d830fc32ff2631e4e1344dc30b3e09c3b9690bed,graph,octree_nfcount,flyby,9,204,204,0.5864959955,0.1392959952,0.7337599993,0.751733,1,0,-1,33729,29513,16,16,9295,31.4945956,17.34835496,512002,0,512002,33729
v3,d830fc32ff2631e4e1344dc30b3e09c3b9690bed,graph,octree_nfcount,flyby,9,205,205,0.5912960172,0.1351359934,0.7346559763,0.751165,1,0,-1,33889,29653,16,16,9470,31.93606043,17.26644859,512002,0,512002,33889
v3,d830fc32ff2631e4e1344dc30b3e09c3b9690bed,graph,octree_nfcount,flyby,9,206,206,0.5777919888,0.1351680011,0.7216960192,0.741915,1,0,-1,33673,29464,16,16,9299,31.56054847,17.37720608,512002,0,512002,33673
v3,d830fc32ff2631e4e1344dc30b3e09c3b9690bed,graph,octree_nfcount,flyby,9,207,207,0.5811840296,0.1351040006,0.7240960002,0.738647,1,0,-1,33921,29681,16,16,9550,32.17546579,17.25016004,512002,0,512002,33921
v3,d830fc32ff2631e4e1344dc30b3e09c3b9690bed,graph,octree_nfcount,flyby,9,208,208,0.5816000104,0.1351680011,0.7249919772,0.740883,1,0,-1,33889,29653,16,16,9464,31.91582639,17.26644859,512002,0,512002,33889
v3,d830fc32ff2631e4e1344dc30b3e09c3b9690bed,graph,octree_nfcount,flyby,9,209,209,0.5895680189,0.1351999938,0.7328000069,0.744189,1,0,-1,33793,29569,16,16,9368,31.68182894,17.31549934,512002,0,512002,33793
v3,d830fc32ff2631e4e1344dc30b3e09c3b9690bed,graph,octree_nfcount,flyby,9,210,210,0.5818560123,0.1372160017,0.7272639871,0.741325,1,0,-1,33833,29604,16,16,9337,31.5396568,17.2950277,512002,0,512002,33833
v3,d830fc32ff2631e4e1344dc30b3e09c3b9690bed,graph,octree_nfcount,flyby,9,211,211,0.5826240182,0.1351999938,0.7257599831,0.742038,1,0,-1,33553,29359,16,16,9173,31.24425219,17.4393542,512002,0,512002,33553
v3,d830fc32ff2631e4e1344dc30b3e09c3b9690bed,graph,octree_nfcount,flyby,9,212,212,0.5779520273,0.1350719929,0.7200000286,0.733332,1,0,-1,33745,29527,16,16,9345,31.64899922,17.34012937,512002,0,512002,33745
v3,d830fc32ff2631e4e1344dc30b3e09c3b9690bed,graph,octree_nfcount,flyby,9,213,213,0.5816320181,0.1351680011,0.7247999907,0.740032,1,0,-1,33545,29352,16,16,9285,31.63327882,17.44351322,512002,0,512002,33545
v3,d830fc32ff2631e4e1344dc30b3e09c3b9690bed,graph,octree_nfcount,flyby,9,214,214,0.5867519975,0.1351680011,0.7298560143,0.742158,1,0,-1,33761,29541,16,16,9368,31.7118581,17.33191158,512002,0,512002,33761
v3,d830fc32ff2631e4e1344dc30b3e09c3b9690bed,graph,octree_nfcount,flyby,9,215,215,0.5830079913,0.1372160017,0.7282239795,0.740686,1,0,-1,33625,29422,16,16,9212,31.30990415,17.4020121,512002,0,512002,33625
v3,d830fc32ff2631e4e1344dc30b3e09c3b9690bed,graph,octree_nfcount,flyby,9,216,216,0.5788159966,0.1392959952,0.7260800004,0.739946,1,0,-1,33969,29723,16,16,9466,31.84739091,17.22578475,512002,0,512002,33969
v3,d830fc32ff2631e4e1344dc30b3e09c3b9690bed,graph,octree_nfcount,flyby,9,217,217,0.5831999779,0.1372160017,0.7270079851,0.737434,1,0,-1,33841,29611,16,16,9328,31.50180676,17.29093918,512002,0,512002,33841
v3,d830fc32ff2631e4e1344dc30b3e09c3b9690bed,graph,octree_nfcount,flyby,9,218,218,0.5844159722,0.1351680011,0.7276160121,0.740134,1,0,-1,33873,29639,16,16,9393,31.69135261,17.27460441,512002,0,512002,33873
v3,d830fc32ff2631e4e1344dc30b3e09c3b9690bed,graph,octree_nfcount,flyby,9,219,219,0.5854719877,0.1351680011,0.7286400199,0.740657,1,0,-1,33857,29625,16,16,9345,31.5443038,17.28276793,512002,0,512002,33857
v3,d830fc32ff2631e4e1344dc30b3e09c3b9690bed,graph,octree_nfcount,flyby,9,220,220,0.576128006,0.1331200004,0.7162879705,0.727123,1,0,-1,33617,29415,16,16,9237,31.40234574,17.40615332,512002,0,512002,33617
v3,d830fc32ff2631e4e1344dc30b3e09c3b9690bed,graph,octree_nfcount,flyby,9,221,221,0.5816320181,0.1351680011,0.7248319983,0.739286,1,0,-1,33921,29681,16,16,9446,31.82507328,17.25016004,512002,0,512002,33921
v3,d830fc32ff2631e4e1344dc30b3e09c3b9690bed,graph,octree_nfcount,flyby,9,222,222,0.5824959874,0.1372160017,0.7264320254,0.736447,1,0,-1,33889,29653,16,16,9340,31.49765622,17.26644859,512002,0,512002,33889
v3,d830fc32ff2631e4e1344dc30b3e09c3b9690bed,graph,octree_nfcount,flyby,9,223,223,0.5858560205,0.1372160017,0.7311040163,0.742527,1,0,-1,33921,29681,16,16,9350,31.50163404,17.25016004,512002,0,512002,33921
v3,d830fc32ff2631e4e1344dc30b3e09c3b9690bed,graph,octree_nfcount,flyby,9,224,224,0.5802559853,0.1372479945,0.7248960137,0.738585,1,0,-1,33657,29450,16,16,9102,30.90662139,17.38546689,512002,0,512002,33657
v3,d830fc32ff2631e4e1344dc30b3e09c3b9690bed,graph,octree_nfcount,flyby,9,225,225,0.5872319937,0.1392959952,0.7354879975,0.754417,1,0,-1,34081,29821,16,16,9421,31.59183126,17.16917608,512002,0,512002,34081
v3,d830fc32ff2631e4e1344dc30b3e09c3b9690bed,graph,octree_nfcount,flyby,9,226,226,0.583648026,0.1351680011,0.727872014,0.743431,1,0,-1,33697,29485,16,16,9075,30.77836188,17.36482957,512002,0,512002,33697
v3,d830fc32ff2631e4e1344dc30b3e09c3b9690bed,graph,octree_nfcount,flyby,9,227,227,0.5855360031,0.1372479945,0.7313600183,0.743817,1,0,-1,33777,29555,16,16,9222,31.20284216,17.32370157,512002,0,512002,33777
v3,d830fc32ff2631e4e1344dc30b3e09c3b9690bed,graph,octree_nfcount,flyby,9,228,228,0.5755839944,0.1372160017,0.7209920287,0.73297,1,0,-1,33897,29660,16,16,9066,30.56641942,17.26237357,512002,0,512002,33897
v3,d830fc32ff2631e4e1344dc30b3e09c3b9690bed,graph,octree_nfcount,flyby,9,229,229,0.5786240101,0.1371839941,0.7234560251,0.739811,1,0,-1,33873,29639,16,16,9162,30.91197409,17.27460441,512002,0,512002,33873
v3,d830fc32ff2631e4e1344dc30b3e09c3b9690bed,graph,octree_nfcount,flyby,9,230,230,0.5861439705,0.1351680011,0.7291200161,0.740422,1,0,-1,34001,29751,16,16,9158,30.78215858,17.20957279,512002,0,512002,34001
v3,d830fc32ff2631e4e1344dc30b3e09c3b9690bed,graph,octree_nfcount,flyby,9,231,231,0.5846719742,0.1351999938,0.7276480198,0.737939,1,0,-1,34089,29828,16,16,9252,31.01783559,17.16514684,512002,0,512002,34089
v3,d830fc32ff2631e4e1344dc30b3e09c3b9690bed,graph,octree_nfcount,flyby,9,232,232,0.5751680136,0.1372160017,0.720607996,0.734417,1,0,-1,34001,29751,16,16,9144,30.73510134,17.20957279,512002,0,512002,34001
v3,d830fc32ff2631e4e1344dc30b3e09c3b9690bed,graph,octree_nfcount,flyby,9,233,233,0.583935976,0.1392640024,0.7313600183,0.745828,1,0,-1,34001,29751,16,16,9234,31.03761218,17.20957279,512002,0,512002,34001
v3,d830fc32ff2631e4e1344dc30b3e09c3b9690bed,graph,octree_nfcount,flyby,9,234,234,0.5797759891,0.1351999938,0.723263979,0.742147,1,0,-1,34305,30017,16,16,9232,30.75590499,17.05706766,512002,0,512002,34305
v3,d830fc32ff2631e4e1344dc30b3e09c3b9690bed,graph,octree_nfcount,flyby,9,235,235,0.5917760134,0.1392959952,0.7401919961,0.755615,1,0,-1,34201,29926,16,16,9205,30.75920604,17.10893537,512002,0,512002,34201
v3,d830fc32ff2631e4e1344dc30b3e09c3b9690bed,graph,octree_nfcount,flyby,9,236,236,0.5883839726,0.1411840022,0.7390080094,0.757986,1,0,-1,34153,29884,16,16,9255,30.9697497,17.13298086,512002,0,512002,34153
v3,d830fc32ff2631e4e1344dc30b3e09c3b9690bed,graph,octree_nfcount,flyby,9,237,237,0.5840319991,0.1351680011,0.7276480198,0.743254,1,0,-1,34017,29765,16,16,9029,30.33428523,17.20147825,512002,0,512002,34017
v3,d830fc32ff2631e4e1344dc30b3e09c3b9690bed,graph,octree_nfcount,flyby,9,238,238,0.5804799795,0.1372160017,0.7252159715,0.734512,1,0,-1,34225,29947,16,16,9275,30.97138278,17.09693792,512002,0,512002,34225
v3,d830fc32ff2631e4e1344dc30b3e09c3b9690bed,graph,octree_nfcount,flyby,9,239,239,0.5874559879,0.1351680011,0.7306560278,0.742954,1,0,-1,34201,29926,16,16,9123,30.48519682,17.10893537,512002,0,512002,34201
v3,d830fc32ff2631e4e1344dc30b3e09c3b9690bed,graph,octree_nfcount,flyby,9,240,240,0.5870720148,0.1372479945,0.7319359779,0.750682,1,0,-1,34137,29870,16,16,9185,30.7499163,17.14101105,512002,0,512002,34137
v3,d830fc32ff2631e4e1344dc30b3e09c3b9690bed,graph,octree_nfcount,flyby,9,241,241,0.5805439949,0.1372160017,0.7254080176,0.737056,1,0,-1,34249,29968,16,16,9148,30.52589429,17.08495729,512002,0,512002,34249
v3,d830fc32ff2631e4e1344dc30b3e09c3b9690bed,graph,octree_nfcount,flyby,9,242,242,0.5897279978,0.1392640024,0.7372159958,0.755427,1,0,-1,34233,29954,16,16,9245,30.86399145,17.09294251,512002,0,512002,34233
v3,d830fc32ff2631e4e1344dc30b3e09c3b9690bed,graph,octree_nfcount,flyby,9,243,243,0.5882560015,0.1392640024,0.736544013,0.748581,1,0,-1,34257,29975,16,16,9191,30.66221852,17.08096747,512002,0,512002,34257
v3,d830fc32ff2631e4e1344dc30b3e09c3b9690bed,graph,octree_nfcount,flyby,9,244,244,0.5873919725,0.1372160017,0.7312960029,0.747008,1,0,-1,34433,30129,16,16,9306,30.8871851,16.99366059,512002,0,512002,34433
v3,d830fc32ff2631e4e1344dc30b3e09c3b9690bed,graph,octree_nfcount,flyby,9,245,245,0.5798079967,0.1351999938,0.7239999771,0.736488,1,0,-1,34297,30010,16,16,9068,30.21659447,17.06104632,512002,0,512002,34297
v3,d830fc32ff2631e4e1344dc30b3e09c3b9690bed,graph,octree_nfcount,flyby,9,246,246,0.5880320072,0.1392959952,0.7354879975,0.754107,1,0,-1,34401,30101,16,16,9194,30.54383575,17.00946812,512002,0,512002,34401
v3,d830fc32ff2631e4e1344dc30b3e09c3b9690bed,graph,octree_nfcount,flyby,9,247,247,0.5860800147,0.1372160017,0.7323200107,0.745795,1,0,-1,34113,29849,16,16,9023,30.22881839,17.15307045,512002,0,512002,34113
v3,d830fc32ff2631e4e1344dc30b3e09c3b9690bed,graph,octree_nfcount,flyby,9,248,248,0.5875840187,0.1371839941,0.7333760262,0.745747,1,0,-1,34209,29933,16,16,9197,30.72528647,17.10493435,512002,0,512002,34209
v3,d830fc32ff2631e4e1344dc30b3e09c3b9690bed,graph,octree_nfcount,flyby,9,249,249,0.5855680108,0.1372160017,0.730880022,0.742697,1,0,-1,34385,30087,16,16,9261,30.78073587,17.01738292,512002,0,512002,34385
v3,d830fc32ff2631e4e1344dc30b3e09c3b9690bed,graph,octree_nfcount,flyby,9,250,250,0.5794879794,0.1392640024,0.7269759774,0.739803,1,0,-1,34513,30199,16,16,9358,30.98778105,16.95427001,512002,0,512002,34513
v3,d830fc32ff2631e4e1344dc30b3e09c3b9690bed,graph,octree_nfcount,flyby,9,251,251,0.5852800012,0.1372479945,0.731679976,0.744694,1,0,-1,34281,29996,16,16,9155,30.5207361,17.0690092,512002,0,512002,34281
v3,d830fc32ff2631e4e1344dc30b3e09c3b9690bed,graph,octree_nfcount,flyby,9,252,252,0.5872319937,0.1351359934,0.7304639816,0.743558,1,0,-1,34121,29856,16,16,9133,30.59016613,17.14904877,512002,0,512002,34121
v3,d830fc32ff2631e4e1344dc30b3e09c3b9690bed,graph,octree_nfcount,flyby,9,253,253,0.578783989,0.1372479945,0.7241920233,0.742564,1,0,-1,34401,30101,16,16,9089,30.19501013,17.00946812,512002,0,512002,34401
v3,d830fc32ff2631e4e1344dc30b3e09c3b9690bed,graph,octree_nfcount,flyby,9,254,254,0.5792000294,0.1351680011,0.7225279808,0.734805,1,0,-1,34433,30129,16,16,9214,30.58183146,16.99366059,512002,0,512002,34433
v3,d830fc32ff2631e4e1344dc30b3e09c3b9690bed,graph,octree_nfcount,flyby,9,255,255,0.5853440166,0.1392640024,0.7338879704,0.744992,1,0,-1,34449,30143,16,16,9091,30.1595727,16.98576784,512002,0,512002,34449
v3,d830fc32ff2631e4e1344dc30b3e09c3b9690bed,graph,octree_nfcount,flyby,9,256,256,0.5850560069,0.1351680011,0.7285439968,0.739422,1,0,-1,34561,30241,16,16,9154,30.27016302,16.93072319,512002,0,512002,34561
v3,d830fc32ff2631e4e1344dc30b3e09c3b9690bed,graph,octree_nfcount,flyby,9,257,257,0.5859839916,0.1351680011,0.729279995,0.742185,1,0,-1,34329,30038,16,16,9104,30.30827618,17.04514282,512002,0,512002,34329
v3,d830fc32ff2631e4e1344dc30b3e09c3b9690bed,graph,octree_nfcount,flyby,9,258,258,0.5775359869,0.1351040006,0.720351994,0.738898,1,0,-1,34233,29954,16,16,9072,30.28643921,17.09294251,512002,0,512002,34233
v3,d830fc32ff2631e4e1344dc30b3e09c3b9690bed,graph,octree_nfcount,flyby,9,259,259,0.5837119818,0.1351680011,0.7264959812,0.738491,1,0,-1,34497,30185,16,16,9241,30.61454365,16.96213351,512002,0,512002,34497
v3,d830fc32ff2631e4e1344dc30b3e09c3b9690bed,graph,octree_nfcount,flyby,9,260,260,0.5824639797,0.1392640024,0.7294719815,0.741424,1,0,-1,34233,29954,16,16,9083,30.32316218,17.09294251,512002,0,512002,34233
v3,d830fc32ff2631e4e1344dc30b3e09c3b9690bed,graph,octree_nfcount,flyby,9,261,261,0.5897600055,0.1372160017,0.7350720167,0.746608,1,0,-1,34593,30269,16,16,9162,30.26859163,16.91506161,512002,0,512002,34593
v3,d830fc32ff2631e4e1344dc30b3e09c3b9690bed,graph,octree_nfcount,flyby,9,262,262,0.5822719932,0.1372160017,0.7274879813,0.739295,1,0,-1,34305,30017,16,16,9107,30.3394743,17.05706766,512002,0,512002,34305
v3,d830fc32ff2631e4e1344dc30b3e09c3b9690bed,graph,octree_nfcount,flyby,9,263,263,0.5819839835,0.1392640024,0.7293440104,0.74174,1,0,-1,34225,29947,16,16,9074,30.30019701,17.09693792,512002,0,512002,34225
v3,d830fc32ff2631e4e1344dc30b3e09c3b9690bed,graph,octree_nfcount,flyby,9,264,264,0.5846080184,0.1392959952,0.7333440185,0.747349,1,0,-1,34313,30024,16,16,9099,30.3057554,17.05309086,512002,0,512002,34313
v3,d830fc32ff2631e4e1344dc30b3e09c3b9690bed,graph,octree_nfcount,flyby,9,265,265,0.5816959739,0.1351680011,0.7251840234,0.740908,1,0,-1,34081,29821,16,16,8991,30.14989437,17.16917608,512002,0,512002,34081
v3,d830fc32ff2631e4e1344dc30b3e09c3b9690bed,graph,octree_nfcount,flyby,9,266,266,0.5721600056,0.1351680011,0.714944005,0.727078,1,0,-1,33897,29660,16,16,8768,29.56169926,17.26237357,512002,0,512002,33897
v3,d830fc32ff2631e4e1344dc30b3e09c3b9690bed,graph,octree_nfcount,flyby,9,267,267,0.5864639878,0.1351680011,0.7293120027,0.739348,1,0,-1,34057,29800,16,16,8995,30.18456376,17.18127517,512002,0,512002,34057
v3,d830fc32ff2631e4e1344dc30b3e09c3b9690bed,graph,octree_nfcount,flyby,9,268,268,0.5871679783,0.1330879927,0.7274240255,0.73902,1,0,-1,33801,29576,16,16,8853,29.93305383,17.31140114,512002,0,512002,33801
v3,d830fc32ff2631e4e1344dc30b3e09c3b9690bed,graph,octree_nfcount,flyby,9,269,269,0.5857599974,0.1392640024,0.7330880165,0.74951,1,0,-1,34185,29912,16,16,8985,30.03811179,17.11694303,512002,0,512002,34185
v3,d830fc32ff2631e4e1344dc30b3e09c3b9690bed,graph,octree_nfcount,flyby,9,270,270,0.5791680217,0.1372479945,0.7242239714,0.736626,1,0,-1,33881,29646,16,16,8900,30.02091345,17.27052553,512002,0,512002,33881
v3,d830fc32ff2631e4e1344dc30b3e09c3b9690bed,graph,octree_nfcount,flyby,9,271,271,0.5775039792,0.1351680011,0.7204160094,0.739135,1,0,-1,34209,29933,16,16,9082,30.34109511,17.10493435,512002,0,512002,34209
v3,d830fc32ff2631e4e1344dc30b3e09c3b9690bed,graph,octree_nfcount,flyby,9,272,272,0.5792959929,0.1392959952,0.7239040136,0.734841,1,0,-1,34129,29863,16,16,8868,29.69560995,17.14502897,512002,0,512002,34129
v3,d830fc32ff2631e4e1344dc30b3e09c3b9690bed,graph,octree_nfcount,flyby,9,273,273,0.5814080238,0.1392640024,0.7286400199,0.740795,1,0,-1,34361,30066,16,16,9057,30.1237278,17.02926894,512002,0,512002,34361
v3,d830fc32ff2631e4e1344dc30b3e09c3b9690bed,graph,octree_nfcount,flyby,9,274,274,0.5731840134,0.1391679943,0.7209280133,0.732471,1,0,-1,34209,29933,16,16,8826,29.48585174,17.10493435,512002,0,512002,34209
v3,d830fc32ff2631e4e1344dc30b3e09c3b9690bed,graph,octree_nfcount,flyby,9,275,275,0.5810880065,0.1351680011,0.7235199809,0.738793,1,0,-1,33977,29730,16,16,8796,29.58627649,17.22172889,512002,0,512002,33977
v3,d830fc32ff2631e4e1344dc30b3e09c3b9690bed,graph,octree_nfcount,flyby,9,276,276,0.5852479935,0.1371839941,0.7302719951,0.742505,1,0,-1,33801,29576,16,16,8665,29.2974033,17.31140114,512002,0,512002,33801
v3,d830fc32ff2631e4e1344dc30b3e09c3b9690bed,graph,octree_nfcount,flyby,9,277,277,0.5805439949,0.1351680011,0.7229440212,0.737314,1,0,-1,33921,29681,16,16,8804,29.66207338,17.25016004,512002,0,512002,33921
v3,d830fc32ff2631e4e1344dc30b3e09c3b9690bed,graph,octree_nfcount,flyby,9,278,278,0.5780159831,0.1392959952,0.725120008,0.739363,1,0,-1,34017,29765,16,16,8710,29.26255669,17.20147825,512002,0,512002,34017
v3,d830fc32ff2631e4e1344dc30b3e09c3b9690bed,graph,octree_nfcount,flyby,9,279,279,0.5747200251,0.1351999938,0.7178559899,0.730918,1,0,-1,33873,29639,16,16,8795,29.67374068,17.27460441,512002,0,512002,33873
v3,d830fc32ff2631e4e1344dc30b3e09c3b9690bed,graph,octree_nfcount,flyby,9,280,280,0.5792639852,0.1372160017,0.7244160175,0.739878,1,0,-1,33905,29667,16,16,8682,29.26483972,17.25830047,512002,0,512002,33905
v3,d830fc32ff2631e4e1344dc30b3e09c3b9690bed,graph,octree_nfcount,flyby,9,281,281,0.5808640122,0.1392640024,0.7284160256,0.741832,1,0,-1,33801,29576,16,16,8751,29.58817961,17.31140114,512002,0,512002,33801
v3,d830fc32ff2631e4e1344dc30b3e09c3b9690bed,graph,octree_nfcount,flyby,9,282,282,0.5771840215,0.1351680011,0.7208319902,0.732817,1,0,-1,33585,29387,16,16,8584,29.21019498,17.42273795,512002,0,512002,33585
v3,d830fc32ff2631e4e1344dc30b3e09c3b9690bed,graph,octree_nfcount,flyby,9,283,283,0.5775679946,0.1351680011,0.7214720249,0.734156,1,0,-1,33665,29457,16,16,8759,29.73486777,17.38133551,512002,0,512002,33665
v3,d830fc32ff2631e4e1344dc30b3e09c3b9690bed,graph,octree_nfcount,flyby,9,284,284,0.5816640258,0.1351680011,0.7253440022,0.743177,1,0,-1,33601,29401,16,16,8646,29.40716302,17.41444169,512002,0,512002,33601
v3,d830fc32ff2631e4e1344dc30b3e09c3b9690bed,graph,octree_nfcount,flyby,9,285,285,0.5820800066,0.1372160017,0.7272319794,0.740606,1,0,-1,33721,29506,16,16,8656,29.33640615,17.35247068,512002,0,512002,33721
v3,d830fc32ff2631e4e1344dc30b3e09c3b9690bed,graph,octree_nfcount,flyby,9,286,286,0.5750719905,0.1372479945,0.7203199863,0.732517,1,0,-1,33617,29415,16,16,8535,29.01580826,17.40615332,512002,0,512002,33617
v3,d830fc32ff2631e4e1344dc30b3e09c3b9690bed,graph,octree_nfcount,flyby,9,287,287,0.5763199925,0.1392640024,0.7237439752,0.739819,1,0,-1,33553,29359,16,16,8691,29.6025069,17.4393542,512002,0,512002,33553
v3,d830fc32ff2631e4e1344dc30b3e09c3b9690bed,graph,octree_nfcount,flyby,9,288,288,0.5809919834,0.1372479945,0.7267199755,0.740476,1,0,-1,33657,29450,16,16,8557,29.05602716,17.38546689,512002,0,512002,33657
v3,d830fc32ff2631e4e1344dc30b3e09c3b9690bed,graph,octree_nfcount,flyby,9,289,289,0.5790719986,0.1372160017,0.7243840098,0.738678,1,0,-1,33761,29541,16,16,8641,29.25087167,17.33191158,512002,0,512002,33761
v3,d830fc32ff2631e4e1344dc30b3e09c3b9690bed,graph,octree_nfcount,flyby,9,290,290,0.5813760161,0.1351680011,0.7243840098,0.739905,1,0,-1,33617,29415,16,16,8435,28.67584566,17.40615332,512002,0,512002,33617
v3,d830fc32ff2631e4e1344dc30b3e09c3b9690bed,graph,octree_nfcount,flyby,9,291,291,0.5823040009,0.1351680011,0.7272319794,0.740727,1,0,-1,33913,29674,16,16,8701,29.32196536,17.25422929,512002,0,512002,33913
v3,d830fc32ff2631e4e1344dc30b3e09c3b9690bed,graph,octree_nfcount,flyby,9,292,292,0.5900160074,0.1331200004,0.7326719761,0.74541,1,0,-1,33665,29457,16,16,8555,29.04233289,17.38133551,512002,0,512002,33665
v3,d830fc32ff2631e4e1344dc30b3e09c3b9690bed,graph,octree_nfcount,flyby,9,293,293,0.5771520138,0.1391679943,0.7253440022,0.742978,1,0,-1,33921,29681,16,16,8628,29.06910145,17.25016004,512002,0,512002,33921
v3,d830fc32ff2631e4e1344dc30b3e09c3b9690bed,graph,octree_nfcount,flyby,9,294,294,0.5788159966,0.1351999938,0.7213760018,0.737807,1,0,-1,33577,29380,16,16,8509,28.96187883,17.42688904,512002,0,512002,33577
v3,d830fc32ff2631e4e1344dc30b3e09c3b9690bed,graph,octree_nfcount,flyby,9,295,295,0.5774719715,0.1351680011,0.7208960056,0.732515,1,0,-1,33769,29548,16,16,8612,29.14579667,17.3278056,512002,0,512002,33769
v3,d830fc32ff2631e4e1344dc30b3e09c3b9690bed,graph,octree_nfcount,flyby,9,296,296,0.5852479935,0.1351999938,0.7282879949,0.739843,1,0,-1,33689,29478,16,16,8600,29.17429948,17.36895312,512002,0,512002,33689
v3,d830fc32ff2631e4e1344dc30b3e09c3b9690bed,graph,octree_nfcount,flyby,9,297,297,0.5832639933,0.1351680011,0.7256640196,0.737034,1,0,-1,33977,29730,16,16,8724,29.34409687,17.22172889,512002,0,512002,33977
v3,d830fc32ff2631e4e1344dc30b3e09c3b9690bed,graph,octree_nfcount,flyby,9,298,298,0.5727360249,0.1351999938,0.7149760127,0.725884,1,0,-1,33577,29380,16,16,8444,28.74063989,17.42688904,512002,0,512002,33577
v3,d830fc32ff2631e4e1344dc30b3e09c3b9690bed,graph,octree_nfcount,flyby,9,299,299,0.5807039738,0.1372160017,0.726624012,0.74166,1,0,-1,33705,29492,16,16,8621,29.23165604,17.36070799,512002,0,512002,33705
v3,d830fc32ff2631e4e1344dc30b3e09c3b9690bed,graph,octree_nfcount,flyby,9,300,300,0.581535995,0.1351680011,0.7252159715,0.742404,1,0,-1,33761,29541,16,16,8681,29.3862767,17.33191158,512002,0,512002,33761
v3,d830fc32ff2631e4e1344dc30b3e09c3b9690bed,graph,octree_nfcount,flyby,9,301,301,0.5791680217,0.1392959952,0.7257279754,0.737798,1,0,-1,33825,29597,16,16,8724,29.4759604,17.29911815,512002,0,512002,33825
v3,d830fc32ff2631e4e1344dc30b3e09c3b9690bed,graph,octree_nfcount,flyby,9,302,302,0.576128006,0.1351680011,0.7185279727,0.729788,1,0,-1,33441,29261,16,16,8519,29.11383753,17.49776153,512002,0,512002,33441
v3,d830fc32ff2631e4e1344dc30b3e09c3b9690bed,graph,octree_nfcount,flyby,9,303,303,0.5816640258,0.1331200004,0.7230399847,0.739386,1,0,-1,33625,29422,16,16,8596,29.21623275,17.4020121,512002,0,512002,33625
v3,d830fc32ff2631e4e1344dc30b3e09c3b9690bed,graph,octree_nfcount,flyby,9,304,304,0.5828800201,0.1351680011,0.7266880274,0.739709,1,0,-1,33769,29548,16,16,8692,29.41654257,17.3278056,512002,0,512002,33769
v3,d830fc32ff2631e4e1344dc30b3e09c3b9690bed,graph,octree_nfcount,flyby,9,305,305,0.5804799795,0.1351999938,0.723968029,0.740969,1,0,-1,34033,29779,16,16,8719,29.27902213,17.19339132,512002,0,512002,34033
v3,d830fc32ff2631e4e1344dc30b3e09c3b9690bed,graph,octree_nfcount,flyby,9,306,306,0.572511971,0.1372160017,0.7181439996,0.734046,1,0,-1,33633,29429,16,16,8511,28.92045261,17.39787285,512002,0,512002,33633
v3,d830fc32ff2631e4e1344dc30b3e09c3b9690bed,graph,octree_nfcount,flyby,9,307,307,0.5790399909,0.1351680011,0.7221440077,0.738625,1,0,-1,33857,29625,16,16,8756,29.55611814,17.28276793,512002,0,512002,33857
v3,d830fc32ff2631e4e1344dc30b3e09c3b9690bed,graph,octree_nfcount,flyby,9,308,308,0.5872960091,0.1351680011,0.7300480008,0.741603,1,0,-1,33857,29625,16,16,8750,29.53586498,17.28276793,512002,0,512002,33857
v3,d830fc32ff2631e4e1344dc30b3e09c3b9690bed,graph,octree_nfcount,flyby,9,309,309,0.5765759945,0.1372479945,0.7222080231,0.740828,1,0,-1,34017,29765,16,16,8690,29.19536368,17.20147825,512002,0,512002,34017
v3,d830fc32ff2631e4e1344dc30b3e09c3b9690bed,graph,octree_nfcount,flyby,9,310,310,0.5862079859,0.1351999938,0.7309439778,0.746486,1,0,-1,34097,29835,16,16,8809,29.52572482,17.16111949,512002,0,512002,34097
v3,d830fc32ff2631e4e1344dc30b3e09c3b9690bed,graph,octree_nfcount,flyby,9,311,311,0.581791997,0.1351680011,0.7259839773,0.744928,1,0,-1,34025,29772,16,16,8785,29.50759103,17.19743383,512002,0,512002,34025
v3,d830fc32ff2631e4e1344dc30b3e09c3b9690bed,graph,octree_nfcount,flyby,9,312,312,0.5792639852,0.1372479945,0.7246080041,0.742881,1,0,-1,33905,29667,16,16,8681,29.26146897,17.25830047,512002,0,512002,33905
v3,d830fc32ff2631e4e1344dc30b3e09c3b9690bed,graph,octree_nfcount,flyby,9,313,313,0.5771520138,0.1372479945,0.7206720114,0.734463,1,0,-1,33793,29569,16,16,8521,28.81734249,17.31549934,512002,0,512002,33793
v3,d830fc32ff2631e4e1344dc30b3e09c3b9690bed,graph,octree_nfcount,flyby,9,314,314,0.5727679729,0.1372479945,0.7175040245,0.729247,1,0,-1,34017,29765,16,16,8636,29.01394255,17.20147825,512002,0,512002,34017
v3,d830fc32ff2631e4e1344dc30b3e09c3b9690bed,graph,octree_nfcount,flyby,9,315,315,0.5821760297,0.1351680011,0.7253440022,0.739751,1,0,-1,33849,29618,16,16,8495,28.68188264,17.28685259,512002,0,512002,33849
v3,d830fc32ff2631e4e1344dc30b3e09c3b9690bed,graph,octree_nfcount,flyby,9,316,316,0.5800960064,0.1372479945,0.7242879868,0.736636,1,0,-1,33665,29457,16,16,8544,29.00499032,17.38133551,512002,0,512002,33665
v3,d830fc32ff2631e4e1344dc30b3e09c3b9690bed,graph,octree_nfcount,flyby,9,317,317,0.5736640096,0.1349759996,0.7162879705,0.726825,1,0,-1,33865,29632,16,16,8536,28.80669546,17.27868521,512002,0,512002,33865
v3,d830fc32ff2631e4e1344dc30b3e09c3b9690bed,graph,octree_nfcount,flyby,9,318,318,0.579136014,0.1351040006,0.7221440077,0.738343,1,0,-1,33881,29646,16,16,8567,28.89765904,17.27052553,512002,0,512002,33881
v3,d830fc32ff2631e4e1344dc30b3e09c3b9690bed,graph,octree_nfcount,flyby,9,319,319,0.5850560069,0.1351680011,0.7281919718,0.742005,1,0,-1,33833,29604,16,16,8504,28.72584786,17.2950277,512002,0,512002,33833
v3,d830fc32ff2631e4e1344dc30b3e09c3b9690bed,graph,octree_nfcount,flyby,9,320,320,0.5799999833,0.1331200004,0.7195519805,0.7341,1,0,-1,33961,29716,16,16,8621,29.01130704,17.22984251,512002,0,512002,33961
v3,d830fc32ff2631e4e1344dc30b3e09c3b9690bed,graph,octree_nfcount,flyby,9,321,321,0.5762240291,0.1351680011,0.719456017,0.731195,1,0,-1,33953,29709,16,16,8421,28.34494598,17.23390218,512002,0,512002,33953
v3,d830fc32ff2631e4e1344dc30b3e09c3b9690bed,graph,octree_nfcount,flyby,9,322,322,0.573472023,0.1351680011,0.7171519995,0.729419,1,0,-1,34097,29835,16,16,8593,28.80174292,17.16111949,512002,0,512002,34097
v3,d830fc32ff2631e4e1344dc30b3e09c3b9690bed,graph,octree_nfcount,flyby,9,323,323,0.5816320181,0.1392959952,0.7290560007,0.742431,1,0,-1,33801,29576,16,16,8491,28.70908845,17.31140114,512002,0,512002,33801
v3,d830fc32ff2631e4e1344dc30b3e09c3b9690bed,graph,octree_nfcount,flyby,9,324,324,0.5770879984,0.1372160017,0.7219840288,0.737536,1,0,-1,34049,29793,16,16,8582,28.80542409,17.18531199,512002,0,512002,34049
v3,d830fc32ff2631e4e1344dc30b3e09c3b9690bed,graph,octree_nfcount,flyby,9,325,325,0.5748800039,0.1371520013,0.7199040055,0.732864,1,0,-1,33961,29716,16,16,8410,28.30125185,17.22984251,512002,0,512002,33961
v3,d830fc32ff2631e4e1344dc30b3e09c3b9690bed,graph,octree_nfcount,flyby,9,326,326,0.5794559717,0.1351680011,0.7207999825,0.734933,1,0,-1,34273,29989,16,16,8633,28.78722198,17.07299343,512002,0,512002,34273
v3,d830fc32ff2631e4e1344dc30b3e09c3b9690bed,graph,octree_nfcount,flyby,9,327,327,0.5877760053,0.1350719929,0.7296000123,0.740466,1,0,-1,34169,29898,16,16,8636,28.88487524,17.12495819,512002,0,512002,34169
v3,d830fc32ff2631e4e1344dc30b3e09c3b9690bed,graph,octree_nfcount,flyby,9,328,328,0.5863680243,0.1372479945,0.7299200296,0.745709,1,0,-1,34417,30115,16,16,8729,28.98555537,17.00156068,512002,0,512002,34417
v3,d830fc32ff2631e4e1344dc30b3e09c3b9690bed,graph,octree_nfcount,flyby,9,329,329,0.578527987,0.1372479945,0.7238079906,0.741547,1,0,-1,34097,29835,16,16,8555,28.67437573,17.16111949,512002,0,512002,34097
v3,d830fc32ff2631e4e1344dc30b3e09c3b9690bed,graph,octree_nfcount,flyby,9,330,330,0.5833280087,0.1351680011,0.7253440022,0.737319,1,0,-1,34113,29849,16,16,8587,28.76813294,17.15307045,512002,0,512002,34113
v3,d830fc32ff2631e4e1344dc30b3e09c3b9690bed,graph,octree_nfcount,flyby,9,331,331,0.5816640258,0.1351680011,0.7250239849,0.739587,1,0,-1,34057,29800,16,16,8520,28.59060403,17.18127517,512002,0,512002,34057
v3,d830fc32ff2631e4e1344dc30b3e09c3b9690bed,graph,octree_nfcount,flyby,9,332,332,0.5784000158,0.1372160017,0.7238720059,0.743413,1,0,-1,33849,29618,16,16,8460,28.56371126,17.28685259,512002,0,512002,33849
v3,d830fc32ff2631e4e1344dc30b3e09c3b9690bed,graph,octree_nfcount,flyby,9,333,333,0.5791680217,0.1351680011,0.7222080231,0.733914,1,0,-1,33617,29415,16,16,8487,28.85262621,17.40615332,512002,0,512002,33617
v3,d830fc32ff2631e4e1344dc30b3e09c3b9690bed,graph,octree_nfcount,flyby,9,334,334,0.5790399909,0.1351680011,0.723263979,0.734407,1,0,-1,33641,29436,16,16,8438,28.66557956,17.39373556,512002,0,512002,33641
v3,d830fc32ff2631e4e1344dc30b3e09c3b9690bed,graph,octree_nfcount,flyby,9,335,335,0.5790399909,0.1351999938,0.7218239903,0.738789,1,0,-1,33729,29513,16,16,8397,28.45186867,17.34835496,512002,0,512002,33729
v3,d830fc32ff2631e4e1344dc30b3e09c3b9690bed,graph,octree_nfcount,flyby,9,336,336,0.5736320019,0.1392640024,0.7209920287,0.739096,1,0,-1,33761,29541,16,16,8239,27.89005112,17.33191158,512002,0,512002,33761
v3,d830fc32ff2631e4e1344dc30b3e09c3b9690bed,graph,octree_nfcount,flyby,9,337,337,0.5814080238,0.1392319947,0.7289599776,0.743324,1,0,-1,33809,29583,16,16,8444,28.54342021,17.30730487,512002,0,512002,33809
v3,d830fc32ff2631e4e1344dc30b3e09c3b9690bed,graph,octree_nfcount,flyby,9,338,338,0.5816320181,0.1372160017,0.7270720005,0.740657,1,0,-1,33865,29632,16,16,8332,28.11825054,17.27868521,512002,0,512002,33865
v3,d830fc32ff2631e4e1344dc30b3e09c3b9690bed,graph,octree_nfcount,flyby,9,339,339,0.5811840296,0.1351680011,0.7239999771,0.736574,1,0,-1,33937,29695,16,16,8395,28.27075265,17.24202728,512002,0,512002,33937
v3,d830fc32ff2631e4e1344dc30b3e09c3b9690bed,graph,octree_nfcount,flyby,9,340,340,0.5749440193,0.1351680011,0.7187839746,0.731489,1,0,-1,33849,29618,16,16,8270,27.92220947,17.28685259,512002,0,512002,33849
v3,d830fc32ff2631e4e1344dc30b3e09c3b9690bed,graph,octree_nfcount,flyby,9,341,341,0.5770879984,0.1372160017,0.7221760154,0.739401,1,0,-1,33889,29653,16,16,8398,28.32091188,17.26644859,512002,0,512002,33889
v3,d830fc32ff2631e4e1344dc30b3e09c3b9690bed,graph,octree_nfcount,flyby,9,342,342,0.5805119872,0.1372160017,0.7271360159,0.747754,1,0,-1,33785,29562,16,16,8343,28.22204181,17.31959949,512002,0,512002,33785
v3,d830fc32ff2631e4e1344dc30b3e09c3b9690bed,graph,octree_nfcount,flyby,9,343,343,0.5852159858,0.1351680011,0.7294399738,0.747579,1,0,-1,33945,29702,16,16,8405,28.29775773,17.23796377,512002,0,512002,33945
v3,d830fc32ff2631e4e1344dc30b3e09c3b9690bed,graph,octree_nfcount,flyby,9,344,344,0.5672000051,0.1371839941,0.7122240067,0.730101,1,0,-1,33673,29464,16,16,8245,27.98330166,17.37720608,512002,0,512002,33673
v3,d830fc32ff2631e4e1344dc30b3e09c3b9690bed,graph,octree_nfcount,flyby,9,345,345,0.5817599893,0.1392640024,0.7289919853,0.740258,1,0,-1,34049,29793,16,16,8570,28.76514618,17.18531199,512002,0,512002,34049
v3,d830fc32ff2631e4e1344dc30b3e09c3b9690bed,graph,octree_nfcount,flyby,9,346,346,0.5828160048,0.1351680011,0.72636801,0.739804,1,0,-1,33937,29695,16,16,8454,28.4694393,17.24202728,512002,0,512002,33937
v3,d830fc32ff2631e4e1344dc30b3e09c3b9690bed,graph,octree_nfcount,flyby,9,347,347,0.580640018,0.1372479945,0.7266560197,0.740217,1,0,-1,33889,29653,16,16,8368,28.21974168,17.26644859,512002,0,512002,33889
v3,d830fc32ff2631e4e1344dc30b3e09c3b9690bed,graph,octree_nfcount,flyby,9,348,348,0.5733439922,0.1350719929,0.7154560089,0.726935,1,0,-1,33681,29471,16,16,8292,28.13613383,17.37307862,512002,0,512002,33681
v3,d830fc32ff2631e4e1344dc30b3e09c3b9690bed,graph,octree_nfcount,flyby,9,349,349,0.5778560042,0.1351999938,0.7205759883,0.738384,1,0,-1,34041,29786,16,16,8494,28.51675284,17.1893507,512002,0,512002,34041
v3,d830fc32ff2631e4e1344dc30b3e09c3b9690bed,graph,octree_nfcount,flyby,9,350,350,0.5811840296,0.1392640024,0.7283200026,0.739628,1,0,-1,34065,29807,16,16,8457,28.37252994,17.17724025,512002,0,512002,34065
v3,d830fc32ff2631e4e1344dc30b3e09c3b9690bed,graph,octree_nfcount,flyby,9,351,351,0.5810559988,0.1372160017,0.7265920043,0.741058,1,0,-1,33929,29688,16,16,8319,28.0214228,17.2460927,512002,0,512002,33929
v3,d830fc32ff2631e4e1344dc30b3e09c3b9690bed,graph,octree_nfcount,flyby,9,352,352,0.5717440248,0.1351999938,0.7153279781,0.729366,1,0,-1,33809,29583,16,16,8383,28.3372207,17.30730487,512002,0,512002,33809
v3,d830fc32ff2631e4e1344dc30b3e09c3b9690bed,graph,octree_nfcount,flyby,9,353,353,0.5807039738,0.1372160017,0.7250880003,0.736816,1,0,-1,33969,29723,16,16,8468,28.48972176,17.22578475,512002,0,512002,33969
v3,d830fc32ff2631e4e1344dc30b3e09c3b9690bed,graph,octree_nfcount,flyby,9,354,354,0.5773119926,0.1372160017,0.722112,0.738462,1,0,-1,34057,29800,16,16,8599,28.8557047,17.18127517,512002,0,512002,34057
v3,d830fc32ff2631e4e1344dc30b3e09c3b9690bed,graph,octree_nfcount,flyby,9,355,355,0.5707520247,0.1351680011,0.7134720087,0.726518,1,0,-1,34009,29758,16,16,8452,28.4024464,17.20552456,512002,0,512002,34009
v3,d830fc32ff2631e4e1344dc30b3e09c3b9690bed,graph,octree_nfcount,flyby,9,356,356,0.5815039873,0.1392640024,0.7287999988,0.741235,1,0,-1,34097,29835,16,16,8497,28.47997319,17.16111949,512002,0,512002,34097
v3,d830fc32ff2631e4e1344dc30b3e09c3b9690bed,graph,octree_nfcount,flyby,9,357,357,0.583392024,0.1392959952,0.7306560278,0.74233,1,0,-1,34065,29807,16,16,8389,28.14439561,17.17724025,512002,0,512002,34065
v3,d830fc32ff2631e4e1344dc30b3e09c3b9690bed,graph,octree_nfcount,flyby,9,358,358,0.5799040198,0.1351680011,0.7232959867,0.740891,1,0,-1,34241,29961,16,16,8502,28.37688996,17.08894897,512002,0,512002,34241
v3,d830fc32ff2631e4e1344dc30b3e09c3b9690bed,graph,octree_nfcount,flyby,9,359,359,0.5778880119,0.1351680011,0.7215359807,0.734145,1,0,-1,34289,30003,16,16,8389,27.96053728,17.06502683,512002,0,512002,34289
v3,d830fc32ff2631e4e1344dc30b3e09c3b9690bed,graph,octree_nfcount,flyby,9,360,360,0.5818240047,0.1351359934,0.7251840234,0.741855,1,0,-1,34297,30010,16,16,8547,28.4805065,17.06104632,512002,0,512002,34297
v3,d830fc32ff2631e4e1344dc30b3e09c3b9690bed,graph,octree_nfcount,flyby,9,361,361,0.5836799741,0.1392959952,0.7319679856,0.745601,1,0,-1,34161,29891,16,16,8486,28.38981633,17.12896859,512002,0,512002,34161
v3,d830fc32ff2631e4e1344dc30b3e09c3b9690bed,graph,octree_nfcount,flyby,9,362,362,0.577376008,0.1372160017,0.7235839963,0.742208,1,0,-1,34049,29793,16,16,8327,27.94951834,17.18531199,512002,0,512002,34049
v3,d830fc32ff2631e4e1344dc30b3e09c3b9690bed,graph,octree_nfcount,flyby,9,363,363,0.581791997,0.1372160017,0.727519989,0.743266,1,0,-1,33801,29576,16,16,8257,27.91790641,17.31140114,512002,0,512002,33801
v3,d830fc32ff2631e4e1344dc30b3e09c3b9690bed,graph,octree_nfcount,flyby,9,364,364,0.5808320045,0.1372160017,0.7259200215,0.740106,1,0,-1,33961,29716,16,16,8333,28.04213218,17.22984251,512002,0,512002,33961
v3,d830fc32ff2631e4e1344dc30b3e09c3b9690bed,graph,octree_nfcount,flyby,9,365,365,0.579136014,0.1351680011,0.7210879922,0.733104,1,0,-1,33985,29737,16,16,8332,28.01896627,17.21767495,512002,0,512002,33985
v3,d830fc32ff2631e4e1344dc30b3e09c3b9690bed,graph,octree_nfcount,flyby,9,366,366,0.5752959847,0.1372479945,0.7180799842,0.734804,1,0,-1,33649,29443,16,16,8063,27.38511701,17.38960024,512002,0,512002,33649
v3,d830fc32ff2631e4e1344dc30b3e09c3b9690bed,graph,octree_nfcount,flyby,9,367,367,0.5774400234,0.1331200004,0.7183039784,0.730845,1,0,-1,33921,29681,16,16,8331,28.06846131,17.25016004,512002,0,512002,33921
v3,d830fc32ff2631e4e1344dc30b3e09c3b9690bed,graph,octree_nfcount,flyby,9,368,368,0.5784959793,0.1331200004,0.7194880247,0.730868,1,0,-1,33665,29457,16,16,8233,27.94921411,17.38133551,512002,0,512002,33665
v3,d830fc32ff2631e4e1344dc30b3e09c3b9690bed,graph,octree_nfcount,flyby,9,369,369,0.5814719796,0.1351999938,0.7247359753,0.740128,1,0,-1,33841,29611,16,16,8239,27.82411942,17.29093918,512002,0,512002,33841
v3,d830fc32ff2631e4e1344dc30b3e09c3b9690bed,graph,octree_nfcount,flyby,9,370,370,0.5756160021,0.1392640024,0.7232959867,0.742929,1,0,-1,33625,29422,16,16,8023,27.26871049,17.4020121,512002,0,512002,33625
v3,d830fc32ff2631e4e1344dc30b3e09c3b9690bed,graph,octree_nfcount,flyby,9,371,371,0.5750399828,0.1350719929,0.7187520266,0.730948,1,0,-1,33945,29702,16,16,8231,27.71193859,17.23796377,512002,0,512002,33945
v3,d830fc32ff2631e4e1344dc30b3e09c3b9690bed,graph,octree_nfcount,flyby,9,372,372,0.5877760053,0.1371520013,0.7331519723,0.7464,1,0,-1,33905,29667,16,16,8182,27.5794654,17.25830047,512002,0,512002,33905
v3,d830fc32ff2631e4e1344dc30b3e09c3b9690bed,graph,octree_nfcount,flyby,9,373,373,0.5789759755,0.1331200004,0.7201920152,0.731611,1,0,-1,34113,29849,16,16,8299,27.80327649,17.15307045,512002,0,512002,34113
v3,d830fc32ff2631e4e1344dc30b3e09c3b9690bed,graph,octree_nfcount,flyby,9,374,374,0.5746880174,0.1331200004,0.7160320282,0.727599,1,0,-1,33809,29583,16,16,8124,27.46171788,17.30730487,512002,0,512002,33809
v3,d830fc32ff2631e4e1344dc30b3e09c3b9690bed,graph,octree_nfcount,flyby,9,375,375,0.5815039873,0.1392640024,0.7289280295,0.740653,1,0,-1,34033,29779,16,16,8238,27.66378992,17.19339132,512002,0,512002,34033
v3,d830fc32ff2631e4e1344dc30b3e09c3b9690bed,graph,octree_nfcount,flyby,9,376,376,0.583296001,0.1372160017,0.7295039892,0.741565,1,0,-1,34129,29863,16,16,8377,28.05143489,17.14502897,512002,0,512002,34129
v3,d830fc32ff2631e4e1344dc30b3e09c3b9690bed,graph,octree_nfcount,flyby,9,377,377,0.5767359734,0.1372479945,0.7224320173,0.741438,1,0,-1,34097,29835,16,16,8312,27.8598961,17.16111949,512002,0,512002,34097
v3,d830fc32ff2631e4e1344dc30b3e09c3b9690bed,graph,octree_nfcount,flyby,9,378,378,0.5794879794,0.1372479945,0.7252159715,0.741351,1,0,-1,34129,29863,16,16,8418,28.18872853,17.14502897,512002,0,512002,34129
v3,d830fc32ff2631e4e1344dc30b3e09c3b9690bed,graph,octree_nfcount,flyby,9,379,379,0.5833280087,0.1351999938,0.7272319794,0.744403,1,0,-1,34001,29751,16,16,8323,27.97553023,17.20957279,512002,0,512002,34001
v3,d830fc32ff2631e4e1344dc30b3e09c3b9690bed,graph,octree_nfcount,flyby,9,380,380,0.5820479989,0.1372479945,0.7274240255,0.744152,1,0,-1,34025,29772,16,16,8328,27.9725917,17.19743383,512002,0,512002,34025
v3,d830fc32ff2631e4e1344dc30b3e09c3b9690bed,graph,octree_nfcount,flyby,9,381,381,0.5736640096,0.1350719929,0.7173119783,0.72937,1,0,-1,33897,29660,16,16,8129,27.40728254,17.26237357,512002,0,512002,33897
v3,d830fc32ff2631e4e1344dc30b3e09c3b9690bed,graph,octree_nfcount,flyby,9,382,382,0.5768319964,0.1392959952,0.724511981,0.74311,1,0,-1,34097,29835,16,16,8301,27.82302665,17.16111949,512002,0,512002,34097
v3,d830fc32ff2631e4e1344dc30b3e09c3b9690bed,graph,octree_nfcount,flyby,9,383,383,0.5874879956,0.1372160017,0.7328640223,0.744798,1,0,-1,34137,29870,16,16,8270,27.68664212,17.14101105,512002,0,512002,34137
v3,d830fc32ff2631e4e1344dc30b3e09c3b9690bed,graph,octree_nfcount,flyby,9,384,384,0.5832319856,0.1372160017,0.7280640006,0.74093,1,0,-1,34305,30017,16,16,8379,27.91418196,17.05706766,512002,0,512002,34305
v3,d830fc32ff2631e4e1344dc30b3e09c3b9690bed,graph,octree_nfcount,flyby,9,385,385,0.577376008,0.1372479945,0.7228159904,0.734961,1,0,-1,33793,29569,16,16,8123,27.47133823,17.31549934,512002,0,512002,33793
v3,d830fc32ff2631e4e1344dc30b3e09c3b9690bed,graph,octree_nfcount,flyby,9,386,386,0.5867199898,0.1331200004,0.7273280025,0.739265,1,0,-1,33993,29744,16,16,8260,27.77030662,17.21362292,512002,0,512002,33993
v3,d830fc32ff2631e4e1344dc30b3e09c3b9690bed,graph,octree_nfcount,flyby,9,387,387,0.5856320262,0.1372160017,0.7294399738,0.73849,1,0,-1,33993,29744,16,16,8380,28.17374933,17.21362292,512002,0,512002,33993
v3,d830fc32ff2631e4e1344dc30b3e09c3b9690bed,graph,octree_nfcount,flyby,9,388,388,0.5799040198,0.1351680011,0.7226560116,0.737187,1,0,-1,33793,29569,16,16,8189,27.69454496,17.31549934,512002,0,512002,33793
v3,d830fc32ff2631e4e1344dc30b3e09c3b9690bed,graph,octree_nfcount,flyby,9,389,389,0.5747519732,0.1351680011,0.7178559899,0.729347,1,0,-1,33977,29730,16,16,8417,28.3114699,17.22172889,512002,0,512002,33977
v3,d830fc32ff2631e4e1344dc30b3e09c3b9690bed,graph,octree_nfcount,flyby,9,390,390,0.5808960199,0.1372479945,0.7256640196,0.737909,1,0,-1,33897,29660,16,16,8385,28.27039784,17.26237357,512002,0,512002,33897
v3,d830fc32ff2631e4e1344dc30b3e09c3b9690bed,graph,octree_nfcount,flyby,9,391,391,0.5792639852,0.1372160017,0.7247359753,0.739517,1,0,-1,34025,29772,16,16,8457,28.40588472,17.19743383,512002,0,512002,34025
v3,d830fc32ff2631e4e1344dc30b3e09c3b9690bed,graph,octree_nfcount,flyby,9,392,392,0.5713919997,0.1351680011,0.71459198,0.731771,1,0,-1,33945,29702,16,16,8191,27.57726752,17.23796377,512002,0,512002,33945
v3,d830fc32ff2631e4e1344dc30b3e09c3b9690bed,graph,octree_nfcount,flyby,9,393,393,0.5820159912,0.1372160017,0.7254719734,0.736806,1,0,-1,34033,29779,16,16,8319,27.93579368,17.19339132,512002,0,512002,34033
v3,d830fc32ff2631e4e1344dc30b3e09c3b9690bed,graph,octree_nfcount,flyby,9,394,394,0.5835199952,0.1372160017,0.729023993,0.742397,1,0,-1,34017,29765,16,16,8279,27.81454729,17.20147825,512002,0,512002,34017
v3,d830fc32ff2631e4e1344dc30b3e09c3b9690bed,graph,octree_nfcount,flyby,9,395,395,0.5856000185,0.1372479945,0.7311679721,0.743273,1,0,-1,34129,29863,16,16,8274,27.70652647,17.14502897,512002,0,512002,34129
v3,d830fc32ff2631e4e1344dc30b3e09c3b9690bed,graph,octree_nfcount,flyby,9,396,396,0.5802559853,0.1392959952,0.7279360294,0.741668,1,0,-1,33809,29583,16,16,8164,27.59693067,17.30730487,512002,0,512002,33809
v3,d830fc32ff2631e4e1344dc30b3e09c3b9690bed,graph,octree_nfcount,flyby,9,397,397,0.5834239721,0.1372479945,0.7291520238,0.740708,1,0,-1,33897,29660,16,16,8094,27.28927849,17.26237357,512002,0,512002,33897
v3,d830fc32ff2631e4e1344dc30b3e09c3b9690bed,graph,octree_nfcount,flyby,9,398,398,0.5831040144,0.1372479945,0.7293440104,0.742539,1,0,-1,33849,29618,16,16,8225,27.77027483,17.28685259,512002,0,512002,33849
v3,d830fc32ff2631e4e1344dc30b3e09c3b9690bed,graph,octree_nfcount,flyby,9,399,399,0.573728025,0.1351680011,0.7179200053,0.729617,1,0,-1,33705,29492,16,16,8043,27.27180252,17.36070799,512002,0,512002,33705
v3,d830fc32ff2631e4e1344dc30b3e09c3b9690bed,graph,octree_nfcount,flyby,9,400,400,0.5756800175,0.1372479945,0.7213760018,0.734369,1,0,-1,33849,29618,16,16,8344,28.17205753,17.28685259,512002,0,512002,33849
v3,d830fc32ff2631e4e1344dc30b3e09c3b9690bed,graph,octree_nfcount,flyby,9,401,401,0.5772160292,0.1350719929,0.7206400037,0.732035,1,0,-1,33697,29485,16,16,8177,27.73274546,17.36482957,512002,0,512002,33697
v3,d830fc32ff2631e4e1344dc30b3e09c3b9690bed,graph,octree_nfcount,flyby,9,402,402,0.583648026,0.1371839941,0.729023993,0.741448,1,0,-1,33945,29702,16,16,8297,27.93414585,17.23796377,512002,0,512002,33945
v3,d830fc32ff2631e4e1344dc30b3e09c3b9690bed,graph,octree_nfcount,flyby,9,403,403,0.5727999806,0.1372160017,0.7176960111,0.728649,1,0,-1,33729,29513,16,16,8137,27.57090096,17.34835496,512002,0,512002,33729
v3,d830fc32ff2631e4e1344dc30b3e09c3b9690bed,graph,octree_nfcount,flyby,9,404,404,0.5753920078,0.1392640024,0.7236480117,0.736712,1,0,-1,33841,29611,16,16,8185,27.64175475,17.29093918,512002,0,512002,33841
v3,d830fc32ff2631e4e1344dc30b3e09c3b9690bed,graph,octree_nfcount,flyby,9,405,405,0.583935976,0.1351680011,0.7271999717,0.74285,1,0,-1,33649,29443,16,16,8080,27.44285569,17.38960024,512002,0,512002,33649
v3,d830fc32ff2631e4e1344dc30b3e09c3b9690bed,graph,octree_nfcount,flyby,9,406,406,0.579136014,0.1351999938,0.7227519751,0.73999,1,0,-1,33841,29611,16,16,8110,27.3884705,17.29093918,512002,0,512002,33841
v3,d830fc32ff2631e4e1344dc30b3e09c3b9690bed,graph,octree_nfcount,flyby,9,407,407,0.5735039711,0.1331200004,0.7146880031,0.729908,1,0,-1,33793,29569,16,16,8123,27.47133823,17.31549934,512002,0,512002,33793
v3,d830fc32ff2631e4e1344dc30b3e09c3b9690bed,graph,octree_nfcount,flyby,9,408,408,0.5834559798,0.1351680011,0.7267199755,0.740031,1,0,-1,33737,29520,16,16,8053,27.2798103,17.34424119,512002,0,512002,33737
v3,d830fc32ff2631e4e1344dc30b3e09c3b9690bed,graph,octree_nfcount,flyby,9,409,409,0.5873600245,0.1372160017,0.7325760126,0.744878,1,0,-1,34009,29758,16,16,8249,27.7202769,17.20552456,512002,0,512002,34009
v3,d830fc32ff2631e4e1344dc30b3e09c3b9690bed,graph,octree_nfcount,flyby,9,410,410,0.5705919862,0.1372160017,0.7160000205,0.727251,1,0,-1,33945,29702,16,16,8031,27.03858326,17.23796377,512002,0,512002,33945
v3,d830fc32ff2631e4e1344dc30b3e09c3b9690bed,graph,octree_nfcount,flyby,9,411,411,0.5833280087,0.1392640024,0.7311999798,0.742468,1,0,-1,34073,29814,16,16,8275,27.75541692,17.17320722,512002,0,512002,34073
v3,d830fc32ff2631e4e1344dc30b3e09c3b9690bed,graph,octree_nfcount,flyby,9,412,412,0.5845119953,0.1351040006,0.7276800275,0.738909,1,0,-1,34129,29863,16,16,8181,27.39510431,17.14502897,512002,0,512002,34129
v3,d830fc32ff2631e4e1344dc30b3e09c3b9690bed,graph,octree_nfcount,flyby,9,413,413,0.5769280195,0.1351680011,0.7206400037,0.733727,1,0,-1,34033,29779,16,16,8142,27.34141509,17.19339132,512002,0,512002,34033
v3,d830fc32ff2631e4e1344dc30b3e09c3b9690bed,graph,octree_nfcount,flyby,9,414,414,0.5758399963,0.1351680011,0.7202240229,0.733686,1,0,-1,33569,29373,16,16,8015,27.28696422,17.43104211,512002,0,512002,33569
v3,d830fc32ff2631e4e1344dc30b3e09c3b9690bed,graph,octree_nfcount,flyby,9,415,415,0.5799040198,0.1351680011,0.7234560251,0.735622,1,0,-1,33777,29555,16,16,8089,27.36931145,17.32370157,512002,0,512002,33777
v3,d830fc32ff2631e4e1344dc30b3e09c3b9690bed,graph,octree_nfcount,flyby,9,416,416,0.5859839916,0.1372160017,0.7328320146,0.750024,1,0,-1,33881,29646,16,16,8158,27.51804628,17.27052553,512002,0,512002,33881
v3,d830fc32ff2631e4e1344dc30b3e09c3b9690bed,graph,octree_nfcount,flyby,9,417,417,0.5734080076,0.1351680011,0.7167999744,0.729606,1,0,-1,33649,29443,16,16,7987,27.12699114,17.38960024,512002,0,512002,33649
v3,d830fc32ff2631e4e1344dc30b3e09c3b9690bed,graph,octree_nfcount,flyby,9,418,418,0.5772479773,0.1372479945,0.7225599885,0.741208,1,0,-1,34033,29779,16,16,8266,27.75781591,17.19339132,512002,0,512002,34033
v3,d830fc32ff2631e4e1344dc30b3e09c3b9690bed,graph,octree_nfcount,flyby,9,419,419,0.5849919915,0.1351999938,0.7280960083,0.739421,1,0,-1,34041,29786,16,16,8192,27.50285369,17.1893507,512002,0,512002,34041
v3,d830fc32ff2631e4e1344dc30b3e09c3b9690bed,graph,octree_nfcount,flyby,9,420,420,0.5813120008,0.1351680011,0.7244480252,0.741349,1,0,-1,34033,29779,16,16,8286,27.82497733,17.19339132,512002,0,512002,34033
v3,d830fc32ff2631e4e1344dc30b3e09c3b9690bed,graph,octree_nfcount,flyby,9,421,421,0.5818560123,0.1392640024,0.7289599776,0.743625,1,0,-1,33913,29674,16,16,8119,27.36065242,17.25422929,512002,0,512002,33913
v3,d830fc32ff2631e4e1344dc30b3e09c3b9690bed,graph,octree_nfcount,flyby,9,422,422,0.5790399909,0.1351680011,0.7228159904,0.740604,1,0,-1,34113,29849,16,16,8208,27.49840866,17.15307045,512002,0,512002,34113
v3,d830fc32ff2631e4e1344dc30b3e09c3b9690bed,graph,octree_nfcount,flyby,9,423,423,0.5804160237,0.1372160017,0.7266560197,0.741295,1,0,-1,34161,29891,16,16,8254,27.61366298,17.12896859,512002,0,512002,34161
v3,d830fc32ff2631e4e1344dc30b3e09c3b9690bed,graph,octree_nfcount,flyby,9,424,424,0.5710719824,0.139200002,0.7184960246,0.731119,1,0,-1,34153,29884,16,16,8244,27.58666845,17.13298086,512002,0,512002,34153
v3,d830fc32ff2631e4e1344dc30b3e09c3b9690bed,graph,octree_nfcount,flyby,9,425,425,0.5775039792,0.1351680011,0.7201279998,0.73186,1,0,-1,34009,29758,16,16,8236,27.67659117,17.20552456,512002,0,512002,34009
v3,d830fc32ff2631e4e1344dc30b3e09c3b9690bed,graph,octree_nfcount,flyby,9,426,426,0.5823360085,0.1372160017,0.727775991,0.738669,1,0,-1,34145,29877,16,16,8215,27.49606721,17.13699501,512002,0,512002,34145
v3,d830fc32ff2631e4e1344dc30b3e09c3b9690bed,graph,octree_nfcount,flyby,9,427,427,0.5839040279,0.1392640024,0.7323520184,0.744451,1,0,-1,34441,30136,16,16,8377,27.79731882,16.9897133,512002,0,512002,34441
v3,d830fc32ff2631e4e1344dc30b3e09c3b9690bed,graph,octree_nfcount,flyby,9,428,428,0.5791040063,0.1372160017,0.7243199944,0.741668,1,0,-1,34009,29758,16,16,8081,27.15572283,17.20552456,512002,0,512002,34009
v3,d830fc32ff2631e4e1344dc30b3e09c3b9690bed,graph,octree_nfcount,flyby,9,429,429,0.5755839944,0.1371839941,0.7217919827,0.73436,1,0,-1,34385,30087,16,16,8344,27.7329079,17.01738292,512002,0,512002,34385
v3,d830fc32ff2631e4e1344dc30b3e09c3b9690bed,graph,octree_nfcount,flyby,9,430,430,0.5814399719,0.1372479945,0.726624012,0.741625,1,0,-1,34265,29982,16,16,8278,27.60989927,17.07697952,512002,0,512002,34265
v3,d830fc32ff2631e4e1344dc30b3e09c3b9690bed,graph,octree_nfcount,flyby,9,431,431,0.5835520029,0.1351680011,0.7270079851,0.741247,1,0,-1,34305,30017,16,16,8246,27.47109971,17.05706766,512002,0,512002,34305
v3,d830fc32ff2631e4e1344dc30b3e09c3b9690bed,graph,octree_nfcount,flyby,9,432,432,0.5751360059,0.1392959952,0.7235199809,0.743234,1,0,-1,34257,29975,16,16,8205,27.37281068,17.08096747,512002,0,512002,34257
v3,d830fc32ff2631e4e1344dc30b3e09c3b9690bed,graph,octree_nfcount,flyby,9,433,433,0.5859199762,0.1372479945,0.7312319875,0.742702,1,0,-1,34113,29849,16,16,8173,27.3811518,17.15307045,512002,0,512002,34113
v3,d830fc32ff2631e4e1344dc30b3e09c3b9690bed,graph,octree_nfcount,flyby,9,434,434,0.5843520164,0.1392640024,0.730783999,0.741471,1,0,-1,34113,29849,16,16,8248,27.6324165,17.15307045,512002,0,512002,34113
v3,d830fc32ff2631e4e1344dc30b3e09c3b9690bed,graph,octree_nfcount,flyby,9,435,435,0.572511971,0.1351680011,0.7163199782,0.729894,1,0,-1,33897,29660,16,16,8053,27.15104518,17.26237357,512002,0,512002,33897
v3,d830fc32ff2631e4e1344dc30b3e09c3b9690bed,graph,octree_nfcount,flyby,9,436,436,0.5783680081,0.1351680011,0.7213119864,0.737685,1,0,-1,34145,29877,16,16,8250,27.61321418,17.13699501,512002,0,512002,34145
v3,d830fc32ff2631e4e1344dc30b3e09c3b9690bed,graph,octree_nfcount,flyby,9,437,437,0.5832319856,0.1371199936,0.7287359834,0.739553,1,0,-1,34145,29877,16,16,8132,27.21826154,17.13699501,512002,0,512002,34145
v3,d830fc32ff2631e4e1344dc30b3e09c3b9690bed,graph,octree_nfcount,flyby,9,438,438,0.5849599838,0.1351680011,0.7284799814,0.739781,1,0,-1,34241,29961,16,16,8210,27.40228964,17.08894897,512002,0,512002,34241
v3,d830fc32ff2631e4e1344dc30b3e09c3b9690bed,graph,octree_nfcount,flyby,9,439,439,0.5768319964,0.1351680011,0.7199360132,0.731439,1,0,-1,34137,29870,16,16,8062,26.99029126,17.14101105,512002,0,512002,34137
v3,d830fc32ff2631e4e1344dc30b3e09c3b9690bed,graph,octree_nfcount,flyby,9,440,440,0.5812159777,0.1351359934,0.7287039757,0.744531,1,0,-1,34217,29940,16,16,8032,26.82698731,17.1009352,512002,0,512002,34217
v3,d830fc32ff2631e4e1344dc30b3e09c3b9690bed,graph,octree_nfcount,flyby,9,441,441,0.5829439759,0.1392640024,0.7306240201,0.742204,1,0,-1,34233,29954,16,16,8146,27.19503238,17.09294251,512002,0,512002,34233
v3,d830fc32ff2631e4e1344dc30b3e09c3b9690bed,graph,octree_nfcount,flyby,9,442,442,0.5760639906,0.1351680011,0.7187520266,0.72906,1,0,-1,34281,29996,16,16,8021,26.74023203,17.0690092,512002,0,512002,34281
v3,d830fc32ff2631e4e1344dc30b3e09c3b9690bed,graph,octree_nfcount,flyby,9,443,443,0.5835199952,0.1351680011,0.7264959812,0.738318,1,0,-1,34177,29905,16,16,8123,27.16268183,17.12094967,512002,0,512002,34177
v3,d830fc32ff2631e4e1344dc30b3e09c3b9690bed,graph,octree_nfcount,flyby,9,444,444,0.5891839862,0.1351999938,0.7323840261,0.743358,1,0,-1,34137,29870,16,16,8017,26.83963843,17.14101105,512002,0,512002,34137
v3,d830fc32ff2631e4e1344dc30b3e09c3b9690bed,graph,octree_nfcount,flyby,9,445,445,0.5793920159,0.1351680011,0.7227839828,0.740589,1,0,-1,34001,29751,16,16,7978,26.81590535,17.20957279,512002,0,512002,34001
v3,d830fc32ff2631e4e1344dc30b3e09c3b9690bed,graph,octree_nfcount,flyby,9,446,446,0.5733439922,0.1351680011,0.7165120244,0.72806,1,0,-1,33921,29681,16,16,7763,26.15477915,17.25016004,512002,0,512002,33921
v3,d830fc32ff2631e4e1344dc30b3e09c3b9690bed,graph,octree_nfcount,flyby,9,447,447,0.5805760026,0.1372160017,0.7247359753,0.736227,1,0,-1,34049,29793,16,16,7930,26.61699057,17.18531199,512002,0,512002,34049
v3,d830fc32ff2631e4e1344dc30b3e09c3b9690bed,graph,octree_nfcount,flyby,9,448,448,0.5813120008,0.1392640024,0.7289919853,0.740533,1,0,-1,34049,29793,16,16,7920,26.58342564,17.18531199,512002,0,512002,34049
v3,d830fc32ff2631e4e1344dc30b3e09c3b9690bed,graph,octree_nfcount,flyby,9,449,449,0.5774400234,0.1372479945,0.7226240039,0.73855,1,0,-1,34169,29898,16,16,7876,26.34289919,17.12495819,512002,0,512002,34169
v3,d830fc32ff2631e4e1344dc30b3e09c3b9690bed,graph,octree_nfcount,flyby,9,450,450,0.5844159722,0.1351999938,0.7253440022,0.734472,1,0,-1,34313,30024,16,16,8060,26.84519051,17.05309086,512002,0,512002,34313
v3,d830fc32ff2631e4e1344dc30b3e09c3b9690bed,graph,octree_nfcount,flyby,9,451,451,0.5875840187,0.1372479945,0.7332800031,0.745424,1,0,-1,34257,29975,16,16,8022,26.76230192,17.08096747,512002,0,512002,34257
v3,d830fc32ff2631e4e1344dc30b3e09c3b9690bed,graph,octree_nfcount,flyby,9,452,452,0.5890240073,0.1372160017,0.7346240282,0.752668,1,0,-1,34345,30052,16,16,8076,26.87341941,17.03720218,512002,0,512002,34345
v3,d830fc32ff2631e4e1344dc30b3e09c3b9690bed,graph,octree_nfcount,flyby,9,453,453,0.5751360059,0.1351680011,0.7187200189,0.733805,1,0,-1,34177,29905,16,16,8033,26.86172881,17.12094967,512002,0,512002,34177
v3,d830fc32ff2631e4e1344dc30b3e09c3b9690bed,graph,octree_nfcount,flyby,9,454,454,0.5796160102,0.1392640024,0.7268800139,0.740855,1,0,-1,34257,29975,16,16,8121,27.09257715,17.08096747,512002,0,512002,34257
v3,d830fc32ff2631e4e1344dc30b3e09c3b9690bed,graph,octree_nfcount,flyby,9,455,455,0.5853440166,0.1392640024,0.7336959839,0.746211,1,0,-1,34209,29933,16,16,8142,27.20074834,17.10493435,512002,0,512002,34209
v3,d830fc32ff2631e4e1344dc30b3e09c3b9690bed,graph,octree_nfcount,flyby,9,456,456,0.5727040172,0.1391679943,0.719712019,0.730529,1,0,-1,34177,29905,16,16,7996,26.73800368,17.12094967,512002,0,512002,34177
v3,d830fc32ff2631e4e1344dc30b3e09c3b9690bed,graph,octree_nfcount,flyby,9,457,457,0.5808960199,0.1372479945,0.72636801,0.738311,1,0,-1,34385,30087,16,16,8188,27.21441154,17.01738292,512002,0,512002,34385
v3,d830fc32ff2631e4e1344dc30b3e09c3b9690bed,graph,octree_nfcount,flyby,9,458,458,0.5851200223,0.1392959952,0.7327039838,0.751314,1,0,-1,34057,29800,16,16,7898,26.5033557,17.18127517,512002,0,512002,34057
v3,d830fc32ff2631e4e1344dc30b3e09c3b9690bed,graph,octree_nfcount,flyby,9,459,459,0.583935976,0.1372160017,0.7297599912,0.740533,1,0,-1,34425,30122,16,16,8125,26.97364053,16.99760972,512002,0,512002,34425
v3,d830fc32ff2631e4e1344dc30b3e09c3b9690bed,graph,octree_nfcount,flyby,9,460,460,0.5773440003,0.1392640024,0.7256640196,0.744301,1,0,-1,34273,29989,16,16,8028,26.7698156,17.07299343,512002,0,512002,34273
v3,d830fc32ff2631e4e1344dc30b3e09c3b9690bed,graph,octree_nfcount,flyby,9,461,461,0.589951992,0.1372479945,0.736191988,0.753771,1,0,-1,34401,30101,16,16,8097,26.89943856,17.00946812,512002,0,512002,34401
v3,d830fc32ff2631e4e1344dc30b3e09c3b9690bed,graph,octree_nfcount,flyby,9,462,462,0.5798079967,0.1392640024,0.7280960083,0.744494,1,0,-1,34329,30038,16,16,8067,26.85598242,17.04514282,512002,0,512002,34329
v3,d830fc32ff2631e4e1344dc30b3e09c3b9690bed,graph,octree_nfcount,flyby,9,463,463,0.5751680136,0.1331200004,0.7168319821,0.732794,1,0,-1,34313,30024,16,16,7880,26.24567013,17.05309086,512002,0,512002,34313
v3,d830fc32ff2631e4e1344dc30b3e09c3b9690bed,graph,octree_nfcount,flyby,9,464,464,0.5816320181,0.1372160017,0.7279040217,0.743738,1,0,-1,34545,30227,16,16,8198,27.12144771,16.93856486,512002,0,512002,34545
v3,d830fc32ff2631e4e1344dc30b3e09c3b9690bed,graph,octree_nfcount,flyby,9,465,465,0.5835520029,0.1392959952,0.731423974,0.743446,1,0,-1,34153,29884,16,16,7952,26.60955695,17.13298086,512002,0,512002,34153
v3,d830fc32ff2631e4e1344dc30b3e09c3b9690bed,graph,octree_nfcount,flyby,9,466,466,0.5834879875,0.1413120031,0.7338560224,0.747169,1,0,-1,34513,30199,16,16,8111,26.85850525,16.95427001,512002,0,512002,34513
v3,d830fc32ff2631e4e1344dc30b3e09c3b9690bed,graph,octree_nfcount,flyby,9,467,467,0.5768960118,0.1392959952,0.724767983,0.742788,1,0,-1,34169,29898,16,16,7948,26.58371797,17.12495819,512002,0,512002,34169
v3,d830fc32ff2631e4e1344dc30b3e09c3b9690bed,graph,octree_nfcount,flyby,9,468,468,0.5770879984,0.1372479945,0.7221440077,0.736739,1,0,-1,34217,29940,16,16,8047,26.87708751,17.1009352,512002,0,512002,34217
v3,d830fc32ff2631e4e1344dc30b3e09c3b9690bed,graph,octree_nfcount,flyby,9,469,469,0.5851519704,0.1372160017,0.7297919989,0.740721,1,0,-1,34241,29961,16,16,8002,26.7080538,17.08894897,512002,0,512002,34241
v3,d830fc32ff2631e4e1344dc30b3e09c3b9690bed,graph,octree_nfcount,flyby,9,470,470,0.5756480098,0.1372479945,0.7208639979,0.739703,1,0,-1,34041,29786,16,16,7795,26.17001276,17.1893507,512002,0,512002,34041
v3,d830fc32ff2631e4e1344dc30b3e09c3b9690bed,graph,octree_nfcount,flyby,9,471,471,0.5771520138,0.1372479945,0.7222719789,0.740331,1,0,-1,34081,29821,16,16,7905,26.50816539,17.16917608,512002,0,512002,34081
v3,d830fc32ff2631e4e1344dc30b3e09c3b9690bed,graph,octree_nfcount,flyby,9,472,472,0.5811200142,0.1372160017,0.7257919908,0.739008,1,0,-1,34001,29751,16,16,7876,26.47305973,17.20957279,512002,0,512002,34001
v3,d830fc32ff2631e4e1344dc30b3e09c3b9690bed,graph,octree_nfcount,flyby,9,473,473,0.5824639797,0.1413120031,0.7322239876,0.744374,1,0,-1,34193,29919,16,16,7999,26.73551924,17.11293827,512002,0,512002,34193
v3,d830fc32ff2631e4e1344dc30b3e09c3b9690bed,graph,octree_nfcount,flyby,9,474,474,0.5733759999,0.1392319947,0.7208960056,0.733219,1,0,-1,34153,29884,16,16,7869,26.33181636,17.13298086,512002,0,512002,34153
v3,d830fc32ff2631e4e1344dc30b3e09c3b9690bed,graph,octree_nfcount,flyby,9,475,475,0.5867840052,0.1351680011,0.72963202,0.740333,1,0,-1,34225,29947,16,16,8001,26.71720039,17.09693792,512002,0,512002,34225
v3,d830fc32ff2631e4e1344dc30b3e09c3b9690bed,graph,octree_nfcount,flyby,9,476,476,0.5885440111,0.1331200004,0.7300159931,0.743577,1,0,-1,34017,29765,16,16,8014,26.92423988,17.20147825,512002,0,512002,34017
v3,d830fc32ff2631e4e1344dc30b3e09c3b9690bed,graph,octree_nfcount,flyby,9,477,477,0.5775359869,0.1351680011,0.7206400037,0.732029,1,0,-1,34041,29786,16,16,7832,26.29423219,17.1893507,512002,0,512002,34041
v3,d830fc32ff2631e4e1344dc30b3e09c3b9690bed,graph,octree_nfcount,flyby,9,478,478,0.5784000158,0.1372160017,0.7233279943,0.7404,1,0,-1,34321,30031,16,16,8107,26.99543805,17.04911591,512002,0,512002,34321
v3,d830fc32ff2631e4e1344dc30b3e09c3b9690bed,graph,octree_nfcount,flyby,9,479,479,0.5871359706,0.1392640024,0.7345280051,0.751274,1,0,-1,34433,30129,16,16,8112,26.92422583,16.99366059,512002,0,512002,34433
v3,d830fc32ff2631e4e1344dc30b3e09c3b9690bed,graph,octree_nfcount,flyby,9,480,480,0.583039999,0.1372160017,0.7280960083,0.740635,1,0,-1,34321,30031,16,16,8105,26.98877826,17.04911591,512002,0,512002,34321
v3,d830fc32ff2631e4e1344dc30b3e09c3b9690bed,graph,octree_nfcount,flyby,9,481,481,0.5759680271,0.1351999938,0.7189120054,0.730717,1,0,-1,33729,29513,16,16,7775,26.34432284,17.34835496,512002,0,512002,33729
v3,d830fc32ff2631e4e1344dc30b3e09c3b9690bed,graph,octree_nfcount,flyby,9,482,482,0.5768960118,0.1372160017,0.7225919962,0.740194,1,0,-1,33849,29618,16,16,7831,26.4400027,17.28685259,512002,0,512002,33849
v3,d830fc32ff2631e4e1344dc30b3e09c3b9690bed,graph,octree_nfcount,flyby,9,483,483,0.5830720067,0.1372160017,0.7293120027,0.743411,1,0,-1,34169,29898,16,16,7987,26.71416148,17.12495819,512002,0,512002,34169
v3,d830fc32ff2631e4e1344dc30b3e09c3b9690bed,graph,octree_nfcount,flyby,9,484,484,0.5737919807,0.1372479945,0.7189440131,0.732044,1,0,-1,34081,29821,16,16,7830,26.25666477,17.16917608,512002,0,512002,34081
v3,d830fc32ff2631e4e1344dc30b3e09c3b9690bed,graph,octree_nfcount,flyby,9,485,485,0.5812159777,0.1372479945,0.7266880274,0.742664,1,0,-1,34081,29821,16,16,7940,26.62553234,17.16917608,512002,0,512002,34081
v3,d830fc32ff2631e4e1344dc30b3e09c3b9690bed,graph,octree_nfcount,flyby,9,486,486,0.5873600245,0.1351680011,0.7304000258,0.743223,1,0,-1,34249,29968,16,16,7865,26.24466097,17.08495729,512002,0,512002,34249
v3,d830fc32ff2631e4e1344dc30b3e09c3b9690bed,graph,octree_nfcount,flyby,9,487,487,0.5794240236,0.1372479945,0.724864006,0.742552,1,0,-1,34161,29891,16,16,8032,26.8709645,17.12896859,512002,0,512002,34161
v3,d830fc32ff2631e4e1344dc30b3e09c3b9690bed,graph,octree_nfcount,flyby,9,488,488,0.5766400099,0.1351680011,0.7184320092,0.734762,1,0,-1,33961,29716,16,16,7949,26.74989904,17.22984251,512002,0,512002,33961
v3,d830fc32ff2631e4e1344dc30b3e09c3b9690bed,graph,octree_nfcount,flyby,9,489,489,0.575232029,0.1351359934,0.7172160149,0.734543,1,0,-1,34049,29793,16,16,7913,26.55993018,17.18531199,512002,0,512002,34049
v3,d830fc32ff2631e4e1344dc30b3e09c3b9690bed,graph,octree_nfcount,flyby,9,490,490,0.5833600163,0.1372160017,0.7261120081,0.735683,1,0,-1,34281,29996,16,16,8111,27.04027204,17.0690092,512002,0,512002,34281
v3,d830fc32ff2631e4e1344dc30b3e09c3b9690bed,graph,octree_nfcount,flyby,9,491,491,0.5729280114,0.1351680011,0.7165120244,0.730794,1,0,-1,34241,29961,16,16,7855,26.21741597,17.08894897,512002,0,512002,34241
v3,d830fc32ff2631e4e1344dc30b3e09c3b9690bed,graph,octree_nfcount,flyby,9,492,492,0.5834239721,0.1350400001,0.7269120216,0.743689,1,0,-1,34265,29982,16,16,8034,26.79607765,17.07697952,512002,0,512002,34265
v3,d830fc32ff2631e4e1344dc30b3e09c3b9690bed,graph,octree_nfcount,flyby,9,493,493,0.5834239721,0.1371520013,0.7287039757,0.741246,1,0,-1,34001,29751,16,16,7959,26.75204195,17.20957279,512002,0,512002,34001
v3,d830fc32ff2631e4e1344dc30b3e09c3b9690bed,graph,octree_nfcount,flyby,9,494,494,0.5763840079,0.1351999938,0.7188799977,0.736644,1,0,-1,34089,29828,16,16,7858,26.34437441,17.16514684,512002,0,512002,34089
v3,d830fc32ff2631e4e1344dc30b3e09c3b9690bed,graph,octree_nfcount,flyby,9,495,495,0.5765439868,0.1372160017,0.7216320038,0.739147,1,0,-1,34129,29863,16,16,7921,26.52446171,17.14502897,512002,0,512002,34129
v3,d830fc32ff2631e4e1344dc30b3e09c3b9690bed,graph,octree_nfcount,flyby,9,496,496,0.5823680162,0.1372479945,0.7279999852,0.744143,1,0,-1,34193,29919,16,16,7877,26.3277516,17.11293827,512002,0,512002,34193
v3,d830fc32ff2631e4e1344dc30b3e09c3b9690bed,graph,octree_nfcount,flyby,9,497,497,0.5852800012,0.1372160017,0.7315199971,0.742712,1,0,-1,34297,30010,16,16,7970,26.55781406,17.06104632,512002,0,512002,34297
v3,d830fc32ff2631e4e1344dc30b3e09c3b9690bed,graph,octree_nfcount,flyby,9,498,498,0.5708159804,0.1370240003,0.7159680128,0.72854,1,0,-1,34137,29870,16,16,7831,26.21694007,17.14101105,512002,0,512002,34137
v3,d830fc32ff2631e4e1344dc30b3e09c3b9690bed,graph,octree_nfcount,flyby,9,499,499,0.5760319829,0.1372479945,0.719712019,0.733039,1,0,-1,34241,29961,16,16,8029,26.79817096,17.08894897,512002,0,512002,34241
v3,d830fc32ff2631e4e1344dc30b3e09c3b9690bed,graph,octree_nfcount,flyby,9,500,500,0.5880320072,0.1372160017,0.7328000069,0.744261,1,0,-1,34033,29779,16,16,7864,26.40787132,17.19339132,512002,0,512002,34033
v3,d830fc32ff2631e4e1344dc30b3e09c3b9690bed,graph,octree_nfcount,flyby,9,501,501,0.5771200061,0.1351680011,0.7197759748,0.732098,1,0,-1,34065,29807,16,16,7909,26.53403563,17.17724025,512002,0,512002,34065
v3,d830fc32ff2631e4e1344dc30b3e09c3b9690bed,graph,octree_nfcount,flyby,9,502,502,0.5780479908,0.1351680011,0.721503973,0.738131,1,0,-1,34113,29849,16,16,7980,26.73456397,17.15307045,512002,0,512002,34113
v3,d830fc32ff2631e4e1344dc30b3e09c3b9690bed,graph,octree_nfcount,flyby,9,503,503,0.5858560205,0.1330240071,0.7271999717,0.740292,1,0,-1,34329,30038,16,16,7992,26.60629869,17.04514282,512002,0,512002,34329
v3,d830fc32ff2631e4e1344dc30b3e09c3b9690bed,graph,octree_nfcount,flyby,9,504,504,0.5874559879,0.1372479945,0.7333120108,0.746502,1,0,-1,34593,30269,16,16,8116,26.8129109,16.91506161,512002,0,512002,34593
v3,d830fc32ff2631e4e1344dc30b3e09c3b9690bed,graph,octree_nfcount,flyby,9,505,505,0.5749440193,0.139200002,0.7222399712,0.734528,1,0,-1,34265,29982,16,16,7971,26.58595157,17.07697952,512002,0,512002,34265
v3,d830fc32ff2631e4e1344dc30b3e09c3b9690bed,graph,octree_nfcount,flyby,9,506,506,0.5807999969,0.1372479945,0.726015985,0.740282,1,0,-1,34417,30115,16,16,8064,26.77735348,17.00156068,512002,0,512002,34417
v3,d830fc32ff2631e4e1344dc30b3e09c3b9690bed,graph,octree_nfcount,flyby,9,507,507,0.5872960091,0.1351680011,0.730527997,0.743561,1,0,-1,34385,30087,16,16,8122,26.9950477,17.01738292,512002,0,512002,34385
v3,d830fc32ff2631e4e1344dc30b3e09c3b9690bed,graph,octree_nfcount,flyby,9,508,508,0.5757120252,0.1392959952,0.7231360078,0.742093,1,0,-1,34329,30038,16,16,7914,26.34662761,17.04514282,512002,0,512002,34329
v3,d830fc32ff2631e4e1344dc30b3e09c3b9690bed,graph,octree_nfcount,flyby,9,509,509,0.5793920159,0.1372160017,0.7244799733,0.740936,1,0,-1,34513,30199,16,16,8077,26.74591874,16.95427001,512002,0,512002,34513
v3,d830fc32ff2631e4e1344dc30b3e09c3b9690bed,graph,octree_nfcount,flyby,9,510,510,0.5870079994,0.1372479945,0.7321280241,0.752435,1,0,-1,34281,29996,16,16,8016,26.72356314,17.0690092,512002,0,512002,34281
v3,d830fc32ff2631e4e1344dc30b3e09c3b9690bed,graph,octree_nfcount,flyby,9,511,511,0.5878400207,0.1392640024,0.7353280187,0.753535,1,0,-1,34409,30108,16,16,8114,26.94964793,17.00551348,512002,0,512002,34409
v3,d830fc32ff2631e4e1344dc30b3e09c3b9690bed,graph,octree_nfcount,flyby,9,512,512,0.5779200196,0.1372160017,0.7234560251,0.738947,1,0,-1,34145,29877,16,16,8027,26.86682063,17.13699501,512002,0,512002,34145
v3,d830fc32ff2631e4e1344dc30b3e09c3b9690bed,graph,octree_nfcount,flyby,9,513,513,0.5834559798,0.1351680011,0.726624012,0.740391,1,0,-1,34273,29989,16,16,8075,26.92653973,17.07299343,512002,0,512002,34273
v3,d830fc32ff2631e4e1344dc30b3e09c3b9690bed,graph,octree_nfcount,flyby,9,514,514,0.5875200033,0.1331200004,0.7287039757,0.740593,1,0,-1,34217,29940,16,16,8035,26.83700735,17.1009352,512002,0,512002,34217
v3,d830fc32ff2631e4e1344dc30b3e09c3b9690bed,graph,octree_nfcount,flyby,9,515,515,0.5709760189,0.1351680011,0.7145599723,0.729889,1,0,-1,33993,29744,16,16,7824,26.30446477,17.21362292,512002,0,512002,33993
v3,d830fc32ff2631e4e1344dc30b3e09c3b9690bed,graph,octree_nfcount,flyby,9,516,516,0.5816640258,0.1372479945,0.7271040082,0.741227,1,0,-1,34305,30017,16,16,8027,26.74151314,17.05706766,512002,0,512002,34305
v3,d830fc32ff2631e4e1344dc30b3e09c3b9690bed,graph,octree_nfcount,flyby,9,517,517,0.5858240128,0.1351680011,0.72963202,0.743519,1,0,-1,34121,29856,16,16,7908,26.48713826,17.14904877,512002,0,512002,34121
v3,d830fc32ff2631e4e1344dc30b3e09c3b9690bed,graph,octree_nfcount,flyby,9,518,518,0.5761920214,0.1330240071,0.7175679803,0.728633,1,0,-1,34353,30059,16,16,7985,26.5644233,17.03323464,512002,0,512002,34353
v3,d830fc32ff2631e4e1344dc30b3e09c3b9690bed,graph,octree_nfcount,flyby,9,519,519,0.5730239749,0.1372479945,0.7183039784,0.72994,1,0,-1,34249,29968,16,16,7995,26.67845702,17.08495729,512002,0,512002,34249
v3,d830fc32ff2631e4e1344dc30b3e09c3b9690bed,graph,octree_nfcount,flyby,9,520,520,0.5828480124,0.1371520013,0.7281600237,0.740516,1,0,-1,34257,29975,16,16,7938,26.48206839,17.08096747,512002,0,512002,34257
v3,d830fc32ff2631e4e1344dc30b3e09c3b9690bed,graph,octree_nfcount,flyby,9,521,521,0.5849279761,0.1351680011,0.7283200026,0.739441,1,0,-1,34409,30108,16,16,8024,26.65072406,17.00551348,512002,0,512002,34409
v3,d830fc32ff2631e4e1344dc30b3e09c3b9690bed,graph,octree_nfcount,flyby,9,522,522,0.5752639771,0.1411840022,0.7247359753,0.742226,1,0,-1,34097,29835,16,16,7795,26.12703201,17.16111949,512002,0,512002,34097
v3,d830fc32ff2631e4e1344dc30b3e09c3b9690bed,graph,octree_nfcount,flyby,9,523,523,0.5898240209,0.1372479945,0.7353919744,0.754327,1,0,-1,34337,30045,16,16,7965,26.51023465,17.04117158,512002,0,512002,34337
v3,d830fc32ff2631e4e1344dc30b3e09c3b9690bed,graph,octree_nfcount,flyby,9,524,524,0.5831680298,0.1392640024,0.7308160067,0.743095,1,0,-1,34121,29856,16,16,7782,26.06511254,17.14904877,512002,0,512002,34121
v3,d830fc32ff2631e4e1344dc30b3e09c3b9690bed,graph,octree_nfcount,flyby,9,525,525,0.5785920024,0.1372479945,0.723968029,0.73907,1,0,-1,34185,29912,16,16,7735,25.85918695,17.11694303,512002,0,512002,34185
v3,d830fc32ff2631e4e1344dc30b3e09c3b9690bed,graph,octree_nfcount,flyby,9,526,526,0.5759999752,0.1370880008,0.7221760154,0.734631,1,0,-1,34225,29947,16,16,7958,26.57361338,17.09693792,512002,0,512002,34225
v3,d830fc32ff2631e4e1344dc30b3e09c3b9690bed,graph,octree_nfcount,flyby,9,527,527,0.5836799741,0.1372479945,0.7299200296,0.74406,1,0,-1,34121,29856,16,16,7794,26.10530547,17.14904877,512002,0,512002,34121
v3,d830fc32ff2631e4e1344dc30b3e09c3b9690bed,graph,octree_nfcount,flyby,9,528,528,0.5861439705,0.1372479945,0.7323520184,0.744885,1,0,-1,34241,29961,16,16,7870,26.26748106,17.08894897,512002,0,512002,34241
v3,d830fc32ff2631e4e1344dc30b3e09c3b9690bed,graph,octree_nfcount,flyby,9,529,529,0.5801920295,0.1372479945,0.7246400118,0.739741,1,0,-1,34241,29961,16,16,7869,26.26414339,17.08894897,512002,0,512002,34241
v3,d830fc32ff2631e4e1344dc30b3e09c3b9690bed,graph,octree_nfcount,flyby,9,530,530,0.577376008,0.1371199936,0.7224000096,0.734333,1,0,-1,34369,30073,16,16,7913,26.31263924,17.02530509,512002,0,512002,34369
v3,d830fc32ff2631e4e1344dc30b3e09c3b9690bed,graph,octree_nfcount,flyby,9,531,531,0.5854719877,0.1372160017,0.730783999,0.743249,1,0,-1,34441,30136,16,16,7987,26.50318556,16.9897133,512002,0,512002,34441
v3,d830fc32ff2631e4e1344dc30b3e09c3b9690bed,graph,octree_nfcount,flyby,9,532,532,0.5773119926,0.1330240071,0.718208015,0.72969,1,0,-1,34281,29996,16,16,7838,26.13015069,17.0690092,512002,0,512002,34281
v3,d830fc32ff2631e4e1344dc30b3e09c3b9690bed,graph,octree_nfcount,flyby,9,533,533,0.577279985,0.1392959952,0.7246400118,0.737898,1,0,-1,34345,30052,16,16,8002,26.62717956,17.03720218,512002,0,512002,34345
v3,d830fc32ff2631e4e1344dc30b3e09c3b9690bed,graph,octree_nfcount,flyby,9,534,534,0.57763201,0.1392319947,0.7247999907,0.739122,1,0,-1,34393,30094,16,16,7861,26.12148601,17.0134246,512002,0,512002,34393
v3,d830fc32ff2631e4e1344dc30b3e09c3b9690bed,graph,octree_nfcount,flyby,9,535,535,0.5831040144,0.1331200004,0.7242559791,0.740995,1,0,-1,34385,30087,16,16,7947,26.41340114,17.01738292,512002,0,512002,34385
v3,d830fc32ff2631e4e1344dc30b3e09c3b9690bed,graph,octree_nfcount,flyby,9,536,536,0.5797759891,0.1392640024,0.7270079851,0.741095,1,0,-1,34385,30087,16,16,7947,26.41340114,17.01738292,512002,0,512002,34385
v3,d830fc32ff2631e4e1344dc30b3e09c3b9690bed,graph,octree_nfcount,flyby,9,537,537,0.5807999969,0.1372479945,0.7256960273,0.738111,1,0,-1,34521,30206,16,16,7930,26.25306231,16.95034099,512002,0,512002,34521
v3,d830fc32ff2631e4e1344dc30b3e09c3b9690bed,graph,octree_nfcount,flyby,9,538,538,0.5813120008,0.1392959952,0.7282239795,0.740345,1,0,-1,34577,30255,16,16,7995,26.42538423,16.92288878,512002,0,512002,34577
v3,d830fc32ff2631e4e1344dc30b3e09c3b9690bed,graph,octree_nfcount,flyby,9,539,539,0.5733759999,0.1392640024,0.7208639979,0.737365,1,0,-1,34649,30318,16,16,7890,26.02414407,16.88772346,512002,0,512002,34649
v3,d830fc32ff2631e4e1344dc30b3e09c3b9690bed,graph,octree_nfcount,flyby,9,540,540,0.5810239911,0.1392959952,0.7282879949,0.74068,1,0,-1,34593,30269,16,16,8036,26.54861409,16.91506161,512002,0,512002,34593
v3,d830fc32ff2631e4e1344dc30b3e09c3b9690bed,graph,octree_nfcount,flyby,9,541,541,0.5831680298,0.1351999938,0.726015985,0.740439,1,0,-1,34481,30171,16,16,8007,26.53872924,16.97000431,512002,0,512002,34481
v3,d830fc32ff2631e4e1344dc30b3e09c3b9690bed,graph,octree_nfcount,flyby,9,542,542,0.5744000077,0.1392640024,0.7217919827,0.738688,1,0,-1,34433,30129,16,16,7821,25.95837897,16.99366059,512002,0,512002,34433
v3,d830fc32ff2631e4e1344dc30b3e09c3b9690bed,graph,octree_nfcount,flyby,9,543,543,0.5781120062,0.1351680011,0.7195519805,0.734215,1,0,-1,34593,30269,16,16,7983,26.37351746,16.91506161,512002,0,512002,34593
v3,d830fc32ff2631e4e1344dc30b3e09c3b9690bed,graph,octree_nfcount,flyby,9,544,544,0.5807999969,0.1331200004,0.7193920016,0.733902,1,0,-1,34385,30087,16,16,7795,25.90819955,17.01738292,512002,0,512002,34385
v3,d830fc32ff2631e4e1344dc30b3e09c3b9690bed,graph,octree_nfcount,flyby,9,545,545,0.5803520083,0.1331200004,0.7218239903,0.737584,1,0,-1,34249,29968,16,16,7866,26.24799786,17.08495729,512002,0,512002,34249
v3,d830fc32ff2631e4e1344dc30b3e09c3b9690bed,graph,octree_nfcount,flyby,9,546,546,0.5751680136,0.1351680011,0.7183359861,0.729989,1,0,-1,34033,29779,16,16,7649,25.68588603,17.19339132,512002,0,512002,34033
v3,d830fc32ff2631e4e1344dc30b3e09c3b9690bed,graph,octree_nfcount,flyby,9,547,547,0.5774080157,0.1329600066,0.7180160284,0.73009,1,0,-1,33993,29744,16,16,7666,25.7732652,17.21362292,512002,0,512002,33993
v3,d830fc32ff2631e4e1344dc30b3e09c3b9690bed,graph,octree_nfcount,flyby,9,548,548,0.5808960199,0.1392959952,0.7286080122,0.740993,1,0,-1,34249,29968,16,16,7742,25.83422317,17.08495729,512002,0,512002,34249
v3,d830fc32ff2631e4e1344dc30b3e09c3b9690bed,graph,octree_nfcount,flyby,9,549,549,0.5734080076,0.1351040006,0.7163199782,0.727575,1,0,-1,33921,29681,16,16,7544,25.41693339,17.25016004,512002,0,512002,33921
v3,d830fc32ff2631e4e1344dc30b3e09c3b9690bed,graph,octree_nfcount,flyby,9,550,550,0.5733119845,0.1351680011,0.7166079879,0.728804,1,0,-1,34121,29856,16,16,7763,26.00147374,17.14904877,512002,0,512002,34121
v3,d830fc32ff2631e4e1344dc30b3e09c3b9690bed,graph,octree_nfcount,flyby,9,551,551,0.5810880065,0.1351680011,0.724864006,0.740872,1,0,-1,33913,29674,16,16,7655,25.796994,17.25422929,512002,0,512002,33913
v3,d830fc32ff2631e4e1344dc30b3e09c3b9690bed,graph,octree_nfcount,flyby,9,552,552,0.5764160156,0.1351680011,0.7196800113,0.730592,1,0,-1,34073,29814,16,16,7637,25.61548266,17.17320722,512002,0,512002,34073
v3,d830fc32ff2631e4e1344dc30b3e09c3b9690bed,graph,octree_nfcount,flyby,9,553,553,0.5727999806,0.1331200004,0.7138559818,0.726284,1,0,-1,33929,29688,16,16,7636,25.72082996,17.2460927,512002,0,512002,33929
v3,d830fc32ff2631e4e1344dc30b3e09c3b9690bed,graph,octree_nfcount,flyby,9,554,554,0.5754560232,0.1351680011,0.7185919881,0.731436,1,0,-1,33801,29576,16,16,7536,25.48011902,17.31140114,512002,0,512002,33801
v3,d830fc32ff2631e4e1344dc30b3e09c3b9690bed,graph,octree_nfcount,flyby,9,555,555,0.5783360004,0.1351680011,0.7218880057,0.738123,1,0,-1,34065,29807,16,16,7703,25.8429228,17.17724025,512002,0,512002,34065
v3,d830fc32ff2631e4e1344dc30b3e09c3b9690bed,graph,octree_nfcount,flyby,9,556,556,0.5734080076,0.1350719929,0.7164800167,0.727328,1,0,-1,33801,29576,16,16,7531,25.46321342,17.31140114,512002,0,512002,33801
v3,d830fc32ff2631e4e1344dc30b3e09c3b9690bed,graph,octree_nfcount,flyby,9,557,557,0.5777919888,0.1372479945,0.7241600156,0.743623,1,0,-1,33937,29695,16,16,7635,25.71139923,17.24202728,512002,0,512002,33937
v3,d830fc32ff2631e4e1344dc30b3e09c3b9690bed,graph,octree_nfcount,flyby,9,558,558,0.5798400044,0.1392640024,0.7280960083,0.742364,1,0,-1,34089,29828,16,16,7694,25.79455545,17.16514684,512002,0,512002,34089
v3,d830fc32ff2631e4e1344dc30b3e09c3b9690bed,graph,octree_nfcount,flyby,9,559,559,0.576128006,0.1331200004,0.7182719707,0.731634,1,0,-1,33929,29688,16,16,7533,25.37388844,17.2460927,512002,0,512002,33929
v3,d830fc32ff2631e4e1344dc30b3e09c3b9690bed,graph,octree_nfcount,flyby,9,560,560,0.5792319775,0.1350400001,0.7233279943,0.742646,1,0,-1,34169,29898,16,16,7724,25.83450398,17.12495819,512002,0,512002,34169
v3,d830fc32ff2631e4e1344dc30b3e09c3b9690bed,graph,octree_nfcount,flyby,9,561,561,0.5823680162,0.1351680011,0.7268800139,0.745371,1,0,-1,33945,29702,16,16,7611,25.62453707,17.23796377,512002,0,512002,33945
v3,d830fc32ff2631e4e1344dc30b3e09c3b9690bed,graph,octree_nfcount,flyby,9,562,562,0.5794879794,0.1372160017,0.7256960273,0.743755,1,0,-1,33953,29709,16,16,7599,25.57810764,17.23390218,512002,0,512002,33953
v3,d830fc32ff2631e4e1344dc30b3e09c3b9690bed,graph,octree_nfcount,flyby,9,563,563,0.5714560151,0.1372160017,0.7172480226,0.728443,1,0,-1,34169,29898,16,16,7719,25.81778045,17.12495819,512002,0,512002,34169
v3,d830fc32ff2631e4e1344dc30b3e09c3b9690bed,graph,octree_nfcount,flyby,9,564,564,0.577023983,0.1331200004,0.7177919745,0.729083,1,0,-1,34073,29814,16,16,7667,25.71610653,17.17320722,512002,0,512002,34073
v3,d830fc32ff2631e4e1344dc30b3e09c3b9690bed,graph,octree_nfcount,flyby,9,565,565,0.587552011,0.1372160017,0.7330240011,0.743648,1,0,-1,34369,30073,16,16,7738,25.73072191,17.02530509,512002,0,512002,34369
v3,d830fc32ff2631e4e1344dc30b3e09c3b9690bed,graph,octree_nfcount,flyby,9,566,566,0.5728960037,0.1331200004,0.7144640088,0.726472,1,0,-1,33977,29730,16,16,7606,25.5835856,17.22172889,512002,0,512002,33977
v3,d830fc32ff2631e4e1344dc30b3e09c3b9690bed,graph,octree_nfcount,flyby,9,567,567,0.5801920295,0.1372479945,0.7255679965,0.742838,1,0,-1,34169,29898,16,16,7724,25.83450398,17.12495819,512002,0,512002,34169
v3,d830fc32ff2631e4e1344dc30b3e09c3b9690bed,graph,octree_nfcount,flyby,9,568,568,0.5759040117,0.1372160017,0.7221760154,0.735242,1,0,-1,33921,29681,16,16,7659,25.80438664,17.25016004,512002,0,512002,33921
v3,d830fc32ff2631e4e1344dc30b3e09c3b9690bed,graph,octree_nfcount,flyby,9,569,569,0.5651839972,0.1351359934,0.7089599967,0.728554,1,0,-1,33833,29604,16,16,7530,25.43575193,17.2950277,512002,0,512002,33833
v3,d830fc32ff2631e4e1344dc30b3e09c3b9690bed,graph,octree_nfcount,flyby,9,570,570,0.5771520138,0.1351680011,0.7204800248,0.739425,1,0,-1,33921,29681,16,16,7634,25.72015768,17.25016004,512002,0,512002,33921
v3,d830fc32ff2631e4e1344dc30b3e09c3b9690bed,graph,octree_nfcount,flyby,9,571,571,0.5788159966,0.1351680011,0.7224320173,0.739878,1,0,-1,33985,29737,16,16,7645,25.70871305,17.21767495,512002,0,512002,33985
v3,d830fc32ff2631e4e1344dc30b3e09c3b9690bed,graph,octree_nfcount,flyby,9,572,572,0.5782399774,0.1351680011,0.7214400172,0.73718,1,0,-1,34193,29919,16,16,7658,25.59577526,17.11293827,512002,0,512002,34193
v3,d830fc32ff2631e4e1344dc30b3e09c3b9690bed,graph,octree_nfcount,flyby,9,573,573,0.5718079805,0.1351040006,0.7149760127,0.726753,1,0,-1,34001,29751,16,16,7608,25.57224967,17.20957279,512002,0,512002,34001
v3,d830fc32ff2631e4e1344dc30b3e09c3b9690bed,graph,octree_nfcount,flyby,9,574,574,0.5765439868,0.1351680011,0.719103992,0.736992,1,0,-1,34121,29856,16,16,7609,25.48566452,17.14904877,512002,0,512002,34121
v3,d830fc32ff2631e4e1344dc30b3e09c3b9690bed,graph,octree_nfcount,flyby,9,575,575,0.5816640258,0.1351040006,0.723968029,0.736298,1,0,-1,34553,30234,16,16,7774,25.7127737,16.93464312,512002,0,512002,34553
v3,d830fc32ff2631e4e1344dc30b3e09c3b9690bed,graph,octree_nfcount,flyby,9,576,576,0.5734080076,0.1372479945,0.7186239958,0.731822,1,0,-1,34217,29940,16,16,7639,25.51436206,17.1009352,512002,0,512002,34217
v3,d830fc32ff2631e4e1344dc30b3e09c3b9690bed,graph,octree_nfcount,flyby,9,577,577,0.5741119981,0.1331200004,0.7157440186,0.726301,1,0,-1,34185,29912,16,16,7633,25.51818668,17.11694303,512002,0,512002,34185
v3,d830fc32ff2631e4e1344dc30b3e09c3b9690bed,graph,octree_nfcount,flyby,9,578,578,0.5855680108,0.1351680011,0.729279995,0.741394,1,0,-1,34257,29975,16,16,7669,25.58465388,17.08096747,512002,0,512002,34257
v3,d830fc32ff2631e4e1344dc30b3e09c3b9690bed,graph,octree_nfcount,flyby,9,579,579,0.5695040226,0.1351999938,0.7127040029,0.727439,1,0,-1,34081,29821,16,16,7562,25.35796922,17.16917608,512002,0,512002,34081
v3,d830fc32ff2631e4e1344dc30b3e09c3b9690bed,graph,octree_nfcount,flyby,9,580,580,0.5810559988,0.1351040006,0.7242879868,0.74044,1,0,-1,34185,29912,16,16,7754,25.92270661,17.11694303,512002,0,512002,34185
v3,d830fc32ff2631e4e1344dc30b3e09c3b9690bed,graph,octree_nfcount,flyby,9,581,581,0.5789440274,0.1372479945,0.7236480117,0.73735,1,0,-1,34177,29905,16,16,7680,25.68132419,17.12094967,512002,0,512002,34177
v3,d830fc32ff2631e4e1344dc30b3e09c3b9690bed,graph,octree_nfcount,flyby,9,582,582,0.5823040009,0.1392640024,0.7296000123,0.741235,1,0,-1,34313,30024,16,16,7772,25.8859579,17.05309086,512002,0,512002,34313
v3,d830fc32ff2631e4e1344dc30b3e09c3b9690bed,graph,octree_nfcount,flyby,9,583,583,0.5750079751,0.1351680011,0.7186560035,0.730772,1,0,-1,34193,29919,16,16,7748,25.89658745,17.11293827,512002,0,512002,34193
v3,d830fc32ff2631e4e1344dc30b3e09c3b9690bed,graph,octree_nfcount,flyby,9,584,584,0.5849919915,0.1372160017,0.7312639952,0.744159,1,0,-1,34177,29905,16,16,7746,25.90202307,17.12094967,512002,0,512002,34177
v3,d830fc32ff2631e4e1344dc30b3e09c3b9690bed,graph,octree_nfcount,flyby,9,585,585,0.5834879875,0.1351680011,0.726271987,0.74148,1,0,-1,34481,30171,16,16,7808,25.87915548,16.97000431,512002,0,512002,34481
v3,d830fc32ff2631e4e1344dc30b3e09c3b9690bed,graph,octree_nfcount,flyby,9,586,586,0.5769280195,0.1331200004,0.7177919745,0.730011,1,0,-1,34097,29835,16,16,7637,25.59745266,17.16111949,512002,0,512002,34097
v3,d830fc32ff2631e4e1344dc30b3e09c3b9690bed,graph,octree_nfcount,flyby,9,587,587,0.5786560178,0.1329919994,0.7188159823,0.734572,1,0,-1,34225,29947,16,16,7744,25.8590176,17.09693792,512002,0,512002,34225
v3,d830fc32ff2631e4e1344dc30b3e09c3b9690bed,graph,octree_nfcount,flyby,9,588,588,0.589312017,0.1331200004,0.729376018,0.745495,1,0,-1,34337,30045,16,16,7778,25.88783491,17.04117158,512002,0,512002,34337
v3,d830fc32ff2631e4e1344dc30b3e09c3b9690bed,graph,octree_nfcount,flyby,9,589,589,0.5715199709,0.1371839941,0.7167360187,0.730303,1,0,-1,34265,29982,16,16,7617,25.40524315,17.07697952,512002,0,512002,34265
v3,d830fc32ff2631e4e1344dc30b3e09c3b9690bed,graph,octree_nfcount,flyby,9,590,590,0.5816640258,0.1392959952,0.7283520103,0.739296,1,0,-1,34513,30199,16,16,7846,25.98099275,16.95427001,512002,0,512002,34513
v3,d830fc32ff2631e4e1344dc30b3e09c3b9690bed,graph,octree_nfcount,flyby,9,591,591,0.5814080238,0.1351359934,0.7239999771,0.736956,1,0,-1,34185,29912,16,16,7677,25.66528484,17.11694303,512002,0,512002,34185
v3,d830fc32ff2631e4e1344dc30b3e09c3b9690bed,graph,octree_nfcount,flyby,9,592,592,0.5730879903,0.1351359934,0.7162560225,0.728312,1,0,-1,34289,30003,16,16,7820,26.06406026,17.06502683,512002,0,512002,34289
v3,d830fc32ff2631e4e1344dc30b3e09c3b9690bed,graph,octree_nfcount,flyby,9,593,593,0.5765439868,0.1331200004,0.7174720168,0.728822,1,0,-1,33865,29632,16,16,7660,25.85043197,17.27868521,512002,0,512002,33865
v3,d830fc32ff2631e4e1344dc30b3e09c3b9690bed,graph,octree_nfcount,flyby,9,594,594,0.5768319964,0.1351680011,0.7200639844,0.732134,1,0,-1,33929,29688,16,16,7690,25.90272164,17.2460927,512002,0,512002,33929
v3,d830fc32ff2631e4e1344dc30b3e09c3b9690bed,graph,octree_nfcount,flyby,9,595,595,0.5797119737,0.1351680011,0.7222719789,0.739717,1,0,-1,34025,29772,16,16,7679,25.79269112,17.19743383,512002,0,512002,34025
v3,d830fc32ff2631e4e1344dc30b3e09c3b9690bed,graph,octree_nfcount,flyby,9,596,596,0.5735359788,0.1331200004,0.714944005,0.729067,1,0,-1,33985,29737,16,16,7513,25.2648216,17.21767495,512002,0,512002,33985
v3,d830fc32ff2631e4e1344dc30b3e09c3b9690bed,graph,octree_nfcount,flyby,9,597,597,0.583296001,0.1331200004,0.7245439887,0.738566,1,0,-1,34041,29786,16,16,7696,25.83764185,17.1893507,512002,0,512002,34041
v3,d830fc32ff2631e4e1344dc30b3e09c3b9690bed,graph,octree_nfcount,flyby,9,598,598,0.5808320045,0.1351680011,0.7240319848,0.738852,1,0,-1,33985,29737,16,16,7655,25.74234119,17.21767495,512002,0,512002,33985
v3,d830fc32ff2631e4e1344dc30b3e09c3b9690bed,graph,octree_nfcount,flyby,9,599,599,0.5690879822,0.1331200004,0.7099840045,0.726094,1,0,-1,34073,29814,16,16,7474,25.06875964,17.17320722,512002,0,512002,34073
v3,d830fc32ff2631e4e1344dc30b3e09c3b9690bed,graph,octree_nfcount,flyby,9,600,600,0.5816000104,0.1350719929,0.7246080041,0.739728,1,0,-1,34441,30136,16,16,7711,25.5873374,16.9897133,512002,0,512002,34441
v3,d830fc32ff2631e4e1344dc30b3e09c3b9690bed,graph,octree_nfcount,flyby,9,601,601,0.578783989,0.1331200004,0.7209280133,0.732693,1,0,-1,34313,30024,16,16,7665,25.52957634,17.05309086,512002,0,512002,34313
v3,d830fc32ff2631e4e1344dc30b3e09c3b9690bed,graph,octree_nfcount,flyby,9,602,602,0.5819519758,0.1351680011,0.7257599831,0.742146,1,0,-1,34065,29807,16,16,7573,25.40678364,17.17724025,512002,0,512002,34065
v3,d830fc32ff2631e4e1344dc30b3e09c3b9690bed,graph,octree_nfcount,flyby,9,603,603,0.5744320154,0.1392640024,0.722464025,0.739587,1,0,-1,34369,30073,16,16,7770,25.83712965,17.02530509,512002,0,512002,34369
v3,d830fc32ff2631e4e1344dc30b3e09c3b9690bed,graph,octree_nfcount,flyby,9,604,604,0.5776000023,0.1372160017,0.7229440212,0.740107,1,0,-1,34137,29870,16,16,7616,25.49715434,17.14101105,512002,0,512002,34137
v3,d830fc32ff2631e4e1344dc30b3e09c3b9690bed,graph,octree_nfcount,flyby,9,605,605,0.5839040279,0.1351680011,0.7276160121,0.744245,1,0,-1,34297,30010,16,16,7660,25.52482506,17.06104632,512002,0,512002,34297
v3,d830fc32ff2631e4e1344dc30b3e09c3b9690bed,graph,octree_nfcount,flyby,9,606,606,0.5718719959,0.1372160017,0.7173759937,0.731945,1,0,-1,34073,29814,16,16,7577,25.41423492,17.17320722,512002,0,512002,34073
v3,d830fc32ff2631e4e1344dc30b3e09c3b9690bed,graph,octree_nfcount,flyby,9,607,607,0.5844479799,0.1392959952,0.7306240201,0.740695,1,0,-1,34329,30038,16,16,7743,25.77734869,17.04514282,512002,0,512002,34329
v3,d830fc32ff2631e4e1344dc30b3e09c3b9690bed,graph,octree_nfcount,flyby,9,608,608,0.580640018,0.1351359934,0.7241920233,0.741051,1,0,-1,34401,30101,16,16,7835,26.02903558,17.00946812,512002,0,512002,34401
v3,d830fc32ff2631e4e1344dc30b3e09c3b9690bed,graph,octree_nfcount,flyby,9,609,609,0.5796800256,0.1330240071,0.7209280133,0.739641,1,0,-1,34273,29989,16,16,7556,25.19590517,17.07299343,512002,0,512002,34273
v3,d830fc32ff2631e4e1344dc30b3e09c3b9690bed,graph,octree_nfcount,flyby,9,610,610,0.5758079886,0.1331200004,0.7169920206,0.728868,1,0,-1,34313,30024,16,16,7744,25.79269917,17.05309086,512002,0,512002,34313
v3,d830fc32ff2631e4e1344dc30b3e09c3b9690bed,graph,octree_nfcount,flyby,9,611,611,0.5910720229,0.1331200004,0.7320640087,0.749948,1,0,-1,34321,30031,16,16,7722,25.71342946,17.04911591,512002,0,512002,34321
v3,d830fc32ff2631e4e1344dc30b3e09c3b9690bed,graph,octree_nfcount,flyby,9,612,612,0.5758399963,0.1331200004,0.7156800032,0.724445,1,0,-1,34489,30178,16,16,7745,25.66439128,16.966068,512002,0,512002,34489
v3,d830fc32ff2631e4e1344dc30b3e09c3b9690bed,graph,octree_nfcount,flyby,9,613,613,0.5801920295,0.1372160017,0.7253440022,0.737536,1,0,-1,34449,30143,16,16,7821,25.94632253,16.98576784,512002,0,512002,34449
v3,d830fc32ff2631e4e1344dc30b3e09c3b9690bed,graph,octree_nfcount,flyby,9,614,614,0.5831040144,0.1349759996,0.7259839773,0.738574,1,0,-1,34345,30052,16,16,7726,25.70877146,17.03720218,512002,0,512002,34345
v3,d830fc32ff2631e4e1344dc30b3e09c3b9690bed,graph,octree_nfcount,flyby,9,615,615,0.5788480043,0.1372479945,0.7250880003,0.742391,1,0,-1,34409,30108,16,16,7818,25.96652053,17.00551348,512002,0,512002,34409
v3,d830fc32ff2631e4e1344dc30b3e09c3b9690bed,graph,octree_nfcount,flyby,9,616,616,0.5767679811,0.1351680011,0.720351994,0.733873,1,0,-1,34137,29870,16,16,7653,25.62102444,17.14101105,512002,0,512002,34137
v3,d830fc32ff2631e4e1344dc30b3e09c3b9690bed,graph,octree_nfcount,flyby,9,617,617,0.5839040279,0.1350719929,0.7272319794,0.739279,1,0,-1,34161,29891,16,16,7703,25.77029875,17.12896859,512002,0,512002,34161
v3,d830fc32ff2631e4e1344dc30b3e09c3b9690bed,graph,octree_nfcount,flyby,9,618,618,0.5810559988,0.1331200004,0.7218239903,0.737695,1,0,-1,34153,29884,16,16,7846,26.25485209,17.13298086,512002,0,512002,34153
v3,d830fc32ff2631e4e1344dc30b3e09c3b9690bed,graph,octree_nfcount,flyby,9,619,619,0.5734080076,0.1351040006,0.7176640034,0.731142,1,0,-1,33857,29625,16,16,7609,25.68438819,17.28276793,512002,0,512002,33857
v3,d830fc32ff2631e4e1344dc30b3e09c3b9690bed,graph,octree_nfcount,flyby,9,620,620,0.5804799795,0.1351680011,0.7226560116,0.735666,1,0,-1,34065,29807,16,16,7734,25.94692522,17.17724025,512002,0,512002,34065
v3,d830fc32ff2631e4e1344dc30b3e09c3b9690bed,graph,octree_nfcount,flyby,9,621,621,0.583392024,0.1392640024,0.7303680182,0.742485,1,0,-1,34185,29912,16,16,7759,25.93942231,17.11694303,512002,0,512002,34185
v3,d830fc32ff2631e4e1344dc30b3e09c3b9690bed,graph,octree_nfcount,flyby,9,622,622,0.5797119737,0.1351680011,0.7234560251,0.739394,1,0,-1,33929,29688,16,16,7620,25.66693614,17.2460927,512002,0,512002,33929
v3,d830fc32ff2631e4e1344dc30b3e09c3b9690bed,graph,octree_nfcount,flyby,9,623,623,0.5770879984,0.139200002,0.7253119946,0.741357,1,0,-1,34313,30024,16,16,7734,25.75939249,17.05309086,512002,0,512002,34313
v3,d830fc32ff2631e4e1344dc30b3e09c3b9690bed,graph,octree_nfcount,flyby,9,624,624,0.5814719796,0.1351680011,0.7252479792,0.743772,1,0,-1,33897,29660,16,16,7567,25.51247471,17.26237357,512002,0,512002,33897
v3,d830fc32ff2631e4e1344dc30b3e09c3b9690bed,graph,octree_nfcount,flyby,9,625,625,0.5785599947,0.1351680011,0.7217280269,0.739034,1,0,-1,34081,29821,16,16,7579,25.41497602,17.16917608,512002,0,512002,34081
v3,d830fc32ff2631e4e1344dc30b3e09c3b9690bed,graph,octree_nfcount,flyby,9,626,626,0.5736960173,0.1372160017,0.7199040055,0.733154,1,0,-1,33929,29688,16,16,7502,25.26946915,17.2460927,512002,0,512002,33929
v3,d830fc32ff2631e4e1344dc30b3e09c3b9690bed,graph,octree_nfcount,flyby,9,627,627,0.5717120171,0.1351680011,0.7159680128,0.73505,1,0,-1,34097,29835,16,16,7518,25.19859226,17.16111949,512002,0,512002,34097
v3,d830fc32ff2631e4e1344dc30b3e09c3b9690bed,graph,octree_nfcount,flyby,9,628,628,0.5902400017,0.1351359934,0.7338879704,0.745642,1,0,-1,34313,30024,16,16,7640,25.44630962,17.05309086,512002,0,512002,34313
v3,d830fc32ff2631e4e1344dc30b3e09c3b9690bed,graph,octree_nfcount,flyby,9,629,629,0.5732799768,0.1350719929,0.7167680264,0.729821,1,0,-1,33993,29744,16,16,7509,25.24542765,17.21362292,512002,0,512002,33993
v3,d830fc32ff2631e4e1344dc30b3e09c3b9690bed,graph,octree_nfcount,flyby,9,630,630,0.5736960173,0.1372160017,0.7193599939,0.731535,1,0,-1,34185,29912,16,16,7650,25.57502006,17.11694303,512002,0,512002,34185
v3,d830fc32ff2631e4e1344dc30b3e09c3b9690bed,graph,octree_nfcount,flyby,9,631,631,0.5766720176,0.1372479945,0.7211840153,0.737688,1,0,-1,34289,30003,16,16,7670,25.56411026,17.06502683,512002,0,512002,34289
v3,d830fc32ff2631e4e1344dc30b3e09c3b9690bed,graph,octree_nfcount,flyby,9,632,632,0.5687680244,0.1392959952,0.7161279917,0.728709,1,0,-1,34153,29884,16,16,7475,25.01338509,17.13298086,512002,0,512002,34153
v3,d830fc32ff2631e4e1344dc30b3e09c3b9690bed,graph,octree_nfcount,flyby,9,633,633,0.5792959929,0.1351680011,0.7227519751,0.739335,1,0,-1,34281,29996,16,16,7697,25.66008801,17.0690092,512002,0,512002,34281
v3,d830fc32ff2631e4e1344dc30b3e09c3b9690bed,graph,octree_nfcount,flyby,9,634,634,0.5801280141,0.1372160017,0.7256320119,0.737096,1,0,-1,34321,30031,16,16,7628,25.40041957,17.04911591,512002,0,512002,34321
v3,d830fc32ff2631e4e1344dc30b3e09c3b9690bed,graph,octree_nfcount,flyby,9,635,635,0.5784639716,0.1351680011,0.7223680019,0.740065,1,0,-1,34289,30003,16,16,7621,25.40079325,17.06502683,512002,0,512002,34289
v3,d830fc32ff2631e4e1344dc30b3e09c3b9690bed,graph,octree_nfcount,flyby,9,636,636,0.5795199871,0.1372160017,0.7251840234,0.741427,1,0,-1,34145,29877,16,16,7650,25.60498042,17.13699501,512002,0,512002,34145
v3,d830fc32ff2631e4e1344dc30b3e09c3b9690bed,graph,octree_nfcount,flyby,9,637,637,0.5803520083,0.1351680011,0.7226560116,0.7342,1,0,-1,34113,29849,16,16,7576,25.38108479,17.15307045,512002,0,512002,34113
v3,d830fc32ff2631e4e1344dc30b3e09c3b9690bed,graph,octree_nfcount,flyby,9,638,638,0.5767679811,0.1371520013,0.7228800058,0.740006,1,0,-1,34385,30087,16,16,7700,25.59244857,17.01738292,512002,0,512002,34385
v3,d830fc32ff2631e4e1344dc30b3e09c3b9690bed,graph,octree_nfcount,flyby,9,639,639,0.5715519786,0.1351680011,0.7117760181,0.722019,1,0,-1,34161,29891,16,16,7594,25.40564049,17.12896859,512002,0,512002,34161
v3,d830fc32ff2631e4e1344dc30b3e09c3b9690bed,graph,octree_nfcount,flyby,9,640,640,0.5823040009,0.1331200004,0.7216960192,0.733443,1,0,-1,34265,29982,16,16,7576,25.26849443,17.07697952,512002,0,512002,34265
v3,d830fc32ff2631e4e1344dc30b3e09c3b9690bed,graph,octree_nfcount,flyby,9,641,641,0.580384016,0.1372160017,0.7242239714,0.735813,1,0,-1,34457,30150,16,16,7736,25.65837479,16.98182421,512002,0,512002,34457
v3,d830fc32ff2631e4e1344dc30b3e09c3b9690bed,graph,octree_nfcount,flyby,9,642,642,0.5754560232,0.1331200004,0.7161920071,0.728301,1,0,-1,34209,29933,16,16,7538,25.1829085,17.10493435,512002,0,512002,34209
v3,d830fc32ff2631e4e1344dc30b3e09c3b9690bed,graph,octree_nfcount,flyby,9,643,643,0.5812479854,0.1392640024,0.7295359969,0.741935,1,0,-1,34361,30066,16,16,7637,25.40078494,17.02926894,512002,0,512002,34361
v3,d830fc32ff2631e4e1344dc30b3e09c3b9690bed,graph,octree_nfcount,flyby,9,644,644,0.5805439949,0.1331200004,0.7212799788,0.738185,1,0,-1,34385,30087,16,16,7752,25.76528069,17.01738292,512002,0,512002,34385
v3,d830fc32ff2631e4e1344dc30b3e09c3b9690bed,graph,octree_nfcount,flyby,9,645,645,0.5729920268,0.1351680011,0.716448009,0.728609,1,0,-1,34417,30115,16,16,7546,25.05728043,17.00156068,512002,0,512002,34417
v3,d830fc32ff2631e4e1344dc30b3e09c3b9690bed,graph,octree_nfcount,flyby,9,646,646,0.5760319829,0.1372479945,0.7207360268,0.736811,1,0,-1,34321,30031,16,16,7694,25.62019247,17.04911591,512002,0,512002,34321
v3,d830fc32ff2631e4e1344dc30b3e09c3b9690bed,graph,octree_nfcount,flyby,9,647,647,0.5829120278,0.1392640024,0.7304639816,0.741442,1,0,-1,34305,30017,16,16,7585,25.26901423,17.05706766,512002,0,512002,34305
v3,d830fc32ff2631e4e1344dc30b3e09c3b9690bed,graph,octree_nfcount,flyby,9,648,648,0.5782080293,0.1392640024,0.7257599831,0.738438,1,0,-1,34249,29968,16,16,7601,25.3637213,17.08495729,512002,0,512002,34249
v3,d830fc32ff2631e4e1344dc30b3e09c3b9690bed,graph,octree_nfcount,flyby,9,649,649,0.57763201,0.1372479945,0.7224959731,0.736966,1,0,-1,34249,29968,16,16,7655,25.54391351,17.08495729,512002,0,512002,34249
v3,d830fc32ff2631e4e1344dc30b3e09c3b9690bed,graph,octree_nfcount,flyby,9,650,650,0.5822719932,0.1372160017,0.7268159986,0.738101,1,0,-1,34297,30010,16,16,7586,25.27824059,17.06104632,512002,0,512002,34297
v3,d830fc32ff2631e4e1344dc30b3e09c3b9690bed,graph,octree_nfcount,flyby,9,651,651,0.5813440084,0.1351359934,0.7242239714,0.736412,1,0,-1,34457,30150,16,16,7688,25.49917081,16.98182421,512002,0,512002,34457
v3,d830fc32ff2631e4e1344dc30b3e09c3b9690bed,graph,octree_nfcount,flyby,9,652,652,0.5712320209,0.1372160017,0.7168959975,0.729722,1,0,-1,34329,30038,16,16,7588,25.26133564,17.04514282,512002,0,512002,34329
v3,d830fc32ff2631e4e1344dc30b3e09c3b9690bed,graph,octree_nfcount,flyby,9,653,653,0.5814719796,0.1392640024,0.7288640141,0.740407,1,0,-1,34393,30094,16,16,7633,25.36385991,17.0134246,512002,0,512002,34393
v3,d830fc32ff2631e4e1344dc30b3e09c3b9690bed,graph,octree_nfcount,flyby,9,654,654,0.5825279951,0.1351999938,0.7252799869,0.736079,1,0,-1,34441,30136,16,16,7660,25.41810459,16.9897133,512002,0,512002,34441
v3,d830fc32ff2631e4e1344dc30b3e09c3b9690bed,graph,octree_nfcount,flyby,9,655,655,0.5748159885,0.1331200004,0.7153919935,0.727836,1,0,-1,34289,30003,16,16,7469,24.89417725,17.06502683,512002,0,512002,34289
v3,d830fc32ff2631e4e1344dc30b3e09c3b9690bed,graph,octree_nfcount,flyby,9,656,656,0.5741760135,0.1392640024,0.7208639979,0.733149,1,0,-1,34417,30115,16,16,7696,25.55537108,17.00156068,512002,0,512002,34417
v3,d830fc32ff2631e4e1344dc30b3e09c3b9690bed,graph,octree_nfcount,flyby,9,657,657,0.5958080292,0.1371520013,0.7407360077,0.751647,1,0,-1,34505,30192,16,16,7657,25.36102279,16.95820085,512002,0,512002,34505
v3,d830fc32ff2631e4e1344dc30b3e09c3b9690bed,graph,octree_nfcount,flyby,9,658,658,0.5775679946,0.1392640024,0.724864006,0.74084,1,0,-1,34337,30045,16,16,7565,25.17889832,17.04117158,512002,0,512002,34337
v3,d830fc32ff2631e4e1344dc30b3e09c3b9690bed,graph,octree_nfcount,flyby,9,659,659,0.5773440003,0.1351680011,0.7202879786,0.738462,1,0,-1,34225,29947,16,16,7572,25.28466958,17.09693792,512002,0,512002,34225
v3,d830fc32ff2631e4e1344dc30b3e09c3b9690bed,graph,octree_nfcount,flyby,9,660,660,0.5853440166,0.1351999938,0.7278079987,0.739825,1,0,-1,34065,29807,16,16,7474,25.0746469,17.17724025,512002,0,512002,34065
v3,d830fc32ff2631e4e1344dc30b3e09c3b9690bed,graph,octree_nfcount,flyby,9,661,661,0.5751360059,0.1351040006,0.71884799,0.731443,1,0,-1,34257,29975,16,16,7582,25.29441201,17.08096747,512002,0,512002,34257
v3,d830fc32ff2631e4e1344dc30b3e09c3b9690bed,graph,octree_nfcount,flyby,9,662,662,0.5733439922,0.1372479945,0.7184320092,0.730394,1,0,-1,34057,29800,16,16,7579,25.43288591,17.18127517,512002,0,512002,34057
v3,d830fc32ff2631e4e1344dc30b3e09c3b9690bed,graph,octree_nfcount,flyby,9,663,663,0.583296001,0.1351359934,0.7265599966,0.740848,1,0,-1,34305,30017,16,16,7538,25.11243629,17.05706766,512002,0,512002,34305
v3,d830fc32ff2631e4e1344dc30b3e09c3b9690bed,graph,octree_nfcount,flyby,9,664,664,0.5831040144,0.1392640024,0.7307199836,0.742965,1,0,-1,34457,30150,16,16,7614,25.25373134,16.98182421,512002,0,512002,34457
v3,d830fc32ff2631e4e1344dc30b3e09c3b9690bed,graph,octree_nfcount,flyby,9,665,665,0.5773119926,0.1372479945,0.723616004,0.742066,1,0,-1,34113,29849,16,16,7441,24.92880834,17.15307045,512002,0,512002,34113
v3,d830fc32ff2631e4e1344dc30b3e09c3b9690bed,graph,octree_nfcount,flyby,9,666,666,0.5819839835,0.1372479945,0.7275519967,0.741511,1,0,-1,34361,30066,16,16,7503,24.95509878,17.02926894,512002,0,512002,34361
v3,d830fc32ff2631e4e1344dc30b3e09c3b9690bed,graph,octree_nfcount,flyby,9,667,667,0.5830079913,0.1371839941,0.7289919853,0.740892,1,0,-1,34273,29989,16,16,7642,25.48267698,17.07299343,512002,0,512002,34273
v3,d830fc32ff2631e4e1344dc30b3e09c3b9690bed,graph,octree_nfcount,flyby,9,668,668,0.5795519948,0.1351359934,0.7231360078,0.740359,1,0,-1,34273,29989,16,16,7480,24.94247891,17.07299343,512002,0,512002,34273
v3,d830fc32ff2631e4e1344dc30b3e09c3b9690bed,graph,octree_nfcount,flyby,9,669,669,0.5803200006,0.1372160017,0.7252159715,0.746908,1,0,-1,34201,29926,16,16,7617,25.45278353,17.10893537,512002,0,512002,34201
v3,d830fc32ff2631e4e1344dc30b3e09c3b9690bed,graph,octree_nfcount,flyby,9,670,670,0.5856000185,0.1372160017,0.7318400145,0.743236,1,0,-1,34625,30297,16,16,7731,25.51737796,16.89942899,512002,0,512002,34625
v3,d830fc32ff2631e4e1344dc30b3e09c3b9690bed,graph,octree_nfcount,flyby,9,671,671,0.5751039982,0.1372160017,0.7207360268,0.733338,1,0,-1,34217,29940,16,16,7506,25.07014028,17.1009352,512002,0,512002,34217
v3,d830fc32ff2631e4e1344dc30b3e09c3b9690bed,graph,octree_nfcount,flyby,9,672,672,0.5767999887,0.1392959952,0.7236480117,0.737865,1,0,-1,34281,29996,16,16,7644,25.48339779,17.0690092,512002,0,512002,34281
v3,d830fc32ff2631e4e1344dc30b3e09c3b9690bed,graph,octree_nfcount,flyby,9,673,673,0.578783989,0.1392959952,0.72636801,0.742073,1,0,-1,34329,30038,16,16,7646,25.4544244,17.04514282,512002,0,512002,34329
v3,d830fc32ff2631e4e1344dc30b3e09c3b9690bed,graph,octree_nfcount,flyby,9,674,674,0.573119998,0.1392959952,0.720255971,0.738164,1,0,-1,34561,30241,16,16,7704,25.47534804,16.93072319,512002,0,512002,34561
v3,d830fc32ff2631e4e1344dc30b3e09c3b9690bed,graph,octree_nfcount,flyby,9,675,675,0.578783989,0.1351680011,0.7219840288,0.739247,1,0,-1,34385,30087,16,16,7717,25.64895137,17.01738292,512002,0,512002,34385
v3,d830fc32ff2631e4e1344dc30b3e09c3b9690bed,graph,octree_nfcount,flyby,9,676,676,0.5798400044,0.1372160017,0.725120008,0.74003,1,0,-1,34281,29996,16,16,7601,25.34004534,17.0690092,512002,0,512002,34281
v3,d830fc32ff2631e4e1344dc30b3e09c3b9690bed,graph,octree_nfcount,flyby,9,677,677,0.5817279816,0.1371199936,0.7268480062,0.739299,1,0,-1,34217,29940,16,16,7653,25.56112224,17.1009352,512002,0,512002,34217
v3,d830fc32ff2631e4e1344dc30b3e09c3b9690bed,graph,octree_nfcount,flyby,9,678,678,0.5705279708,0.1392959952,0.7190080285,0.732285,1,0,-1,34105,29842,16,16,7501,25.13571476,17.15709403,512002,0,512002,34105
v3,d830fc32ff2631e4e1344dc30b3e09c3b9690bed,graph,octree_nfcount,flyby,9,679,679,0.5791680217,0.1372160017,0.7249280214,0.741507,1,0,-1,34313,30024,16,16,7645,25.46296296,17.05309086,512002,0,512002,34313
v3,d830fc32ff2631e4e1344dc30b3e09c3b9690bed,graph,octree_nfcount,flyby,9,680,680,0.5840319991,0.1372160017,0.7297279835,0.743406,1,0,-1,34545,30227,16,16,7812,25.84444371,16.93856486,512002,0,512002,34545
v3,d830fc32ff2631e4e1344dc30b3e09c3b9690bed,graph,octree_nfcount,flyby,9,681,681,0.5735039711,0.1372479945,0.7198719978,0.734928,1,0,-1,34241,29961,16,16,7527,25.12265946,17.08894897,512002,0,512002,34241
v3,d830fc32ff2631e4e1344dc30b3e09c3b9690bed,graph,octree_nfcount,flyby,9,682,682,0.5796160102,0.1392640024,0.7274559736,0.745845,1,0,-1,34361,30066,16,16,7728,25.7034524,17.02926894,512002,0,512002,34361
v3,d830fc32ff2631e4e1344dc30b3e09c3b9690bed,graph,octree_nfcount,flyby,9,683,683,0.5838400126,0.1372479945,0.7302399874,0.744639,1,0,-1,34433,30129,16,16,7741,25.69285406,16.99366059,512002,0,512002,34433
v3,d830fc32ff2631e4e1344dc30b3e09c3b9690bed,graph,octree_nfcount,flyby,9,684,684,0.5755839944,0.139200002,0.7228159904,0.734312,1,0,-1,34281,29996,16,16,7589,25.30004001,17.0690092,512002,0,512002,34281
v3,d830fc32ff2631e4e1344dc30b3e09c3b9690bed,graph,octree_nfcount,flyby,9,685,685,0.5751680136,0.1351680011,0.7187520266,0.730384,1,0,-1,34385,30087,16,16,7703,25.60241965,17.01738292,512002,0,512002,34385
v3,d830fc32ff2631e4e1344dc30b3e09c3b9690bed,graph,octree_nfcount,flyby,9,686,686,0.5835840106,0.1372160017,0.7291520238,0.743422,1,0,-1,34313,30024,16,16,7604,25.32640554,17.05309086,512002,0,512002,34313
v3,d830fc32ff2631e4e1344dc30b3e09c3b9690bed,graph,octree_nfcount,flyby,9,687,687,0.5798720121,0.1351680011,0.7229760289,0.738849,1,0,-1,34633,30304,16,16,7677,25.33328933,16.89552534,512002,0,512002,34633
v3,d830fc32ff2631e4e1344dc30b3e09c3b9690bed,graph,octree_nfcount,flyby,9,688,688,0.5773440003,0.1370880008,0.7229760289,0.74157,1,0,-1,34233,29954,16,16,7683,25.64932897,17.09294251,512002,0,512002,34233
v3,d830fc32ff2631e4e1344dc30b3e09c3b9690bed,graph,octree_nfcount,flyby,9,689,689,0.5835840106,0.1351680011,0.7277439833,0.742703,1,0,-1,34225,29947,16,16,7585,25.32807961,17.09693792,512002,0,512002,34225
v3,d830fc32ff2631e4e1344dc30b3e09c3b9690bed,graph,octree_nfcount,flyby,9,690,690,0.5789759755,0.1372160017,0.7245439887,0.740977,1,0,-1,34481,30171,16,16,7699,25.51788141,16.97000431,512002,0,512002,34481
v3,d830fc32ff2631e4e1344dc30b3e09c3b9690bed,graph,octree_nfcount,flyby,9,691,691,0.5791680217,0.1372160017,0.724767983,0.741473,1,0,-1,34249,29968,16,16,7558,25.22023492,17.08495729,512002,0,512002,34249
v3,d830fc32ff2631e4e1344dc30b3e09c3b9690bed,graph,octree_nfcount,flyby,9,692,692,0.5821760297,0.1351359934,0.730527997,0.745758,1,0,-1,34233,29954,16,16,7438,24.83140816,17.09294251,512002,0,512002,34233
v3,d830fc32ff2631e4e1344dc30b3e09c3b9690bed,graph,octree_nfcount,flyby,9,693,693,0.5812799931,0.1371839941,0.7265920043,0.741755,1,0,-1,34345,30052,16,16,7474,24.87022494,17.03720218,512002,0,512002,34345
v3,d830fc32ff2631e4e1344dc30b3e09c3b9690bed,graph,octree_nfcount,flyby,9,694,694,0.5710080266,0.1331200004,0.7122240067,0.727921,1,0,-1,34177,29905,16,16,7321,24.48085604,17.12094967,512002,0,512002,34177
v3,d830fc32ff2631e4e1344dc30b3e09c3b9690bed,graph,octree_nfcount,flyby,9,695,695,0.5840640068,0.1351680011,0.726271987,0.736771,1,0,-1,34113,29849,16,16,7401,24.7948005,17.15307045,512002,0,512002,34113
v3,d830fc32ff2631e4e1344dc30b3e09c3b9690bed,graph,octree_nfcount,flyby,9,696,696,0.5814719796,0.1331200004,0.7223680019,0.738552,1,0,-1,33993,29744,16,16,7346,24.69741797,17.21362292,512002,0,512002,33993
v3,d830fc32ff2631e4e1344dc30b3e09c3b9690bed,graph,octree_nfcount,flyby,9,697,697,0.5708159804,0.1351680011,0.7138239741,0.724806,1,0,-1,34049,29793,16,16,7153,24.0089954,17.18531199,512002,0,512002,34049
v3,d830fc32ff2631e4e1344dc30b3e09c3b9690bed,graph,octree_nfcount,flyby,9,698,698,0.5786880255,0.1372160017,0.7249280214,0.73801,1,0,-1,34201,29926,16,16,7396,24.71429526,17.10893537,512002,0,512002,34201
v3,d830fc32ff2631e4e1344dc30b3e09c3b9690bed,graph,octree_nfcount,flyby,9,699,699,0.5762559772,0.1331200004,0.7174080014,0.728736,1,0,-1,34201,29926,16,16,7377,24.65080532,17.10893537,512002,0,512002,34201
v3,d830fc32ff2631e4e1344dc30b3e09c3b9690bed,graph,octree_nfcount,flyby,9,700,700,0.5765759945,0.1331200004,0.7172799706,0.728327,1,0,-1,33809,29583,16,16,7163,24.21323057,17.30730487,512002,0,512002,33809
v3,d830fc32ff2631e4e1344dc30b3e09c3b9690bed,graph,octree_nfcount,flyby,9,701,701,0.578880012,0.1351680011,0.7216640115,0.735212,1,0,-1,34097,29835,16,16,7358,24.66230937,17.16111949,512002,0,512002,34097
v3,d830fc32ff2631e4e1344dc30b3e09c3b9690bed,graph,octree_nfcount,flyby,9,702,702,0.5828800201,0.1331200004,0.7237439752,0.73784,1,0,-1,33905,29667,16,16,7233,24.38062494,17.25830047,512002,0,512002,33905
v3,d830fc32ff2631e4e1344dc30b3e09c3b9690bed,graph,octree_nfcount,flyby,9,703,703,0.5773440003,0.1351680011,0.7205119729,0.737157,1,0,-1,33961,29716,16,16,7245,24.38080495,17.22984251,512002,0,512002,33961
v3,d830fc32ff2631e4e1344dc30b3e09c3b9690bed,graph,octree_nfcount,flyby,9,704,704,0.5691519976,0.1372160017,0.7142720222,0.72671,1,0,-1,33825,29597,16,16,7254,24.5092408,17.29911815,512002,0,512002,33825
v3,d830fc32ff2631e4e1344dc30b3e09c3b9690bed,graph,octree_nfcount,flyby,9,705,705,0.5808960199,0.1351680011,0.7242239714,0.739704,1,0,-1,34073,29814,16,16,7246,24.30401825,17.17320722,512002,0,512002,34073
v3,d830fc32ff2631e4e1344dc30b3e09c3b9690bed,graph,octree_nfcount,flyby,9,706,706,0.5784000158,0.1372479945,0.7232959867,0.737576,1,0,-1,34137,29870,16,16,7347,24.5965852,17.14101105,512002,0,512002,34137
v3,d830fc32ff2631e4e1344dc30b3e09c3b9690bed,graph,octree_nfcount,flyby,9,707,707,0.5695359707,0.1331200004,0.7112960219,0.72862,1,0,-1,33929,29688,16,16,7285,24.53853409,17.2460927,512002,0,512002,33929
v3,d830fc32ff2631e4e1344dc30b3e09c3b9690bed,graph,octree_nfcount,flyby,9,708,708,0.5768640041,0.1351359934,0.7203840017,0.732593,1,0,-1,34001,29751,16,16,7306,24.55715774,17.20957279,512002,0,512002,34001
v3,d830fc32ff2631e4e1344dc30b3e09c3b9690bed,graph,octree_nfcount,flyby,9,709,709,0.5837119818,0.1372479945,0.7295680046,0.74339,1,0,-1,34057,29800,16,16,7383,24.77516779,17.18127517,512002,0,512002,34057
v3,d830fc32ff2631e4e1344dc30b3e09c3b9690bed,graph,octree_nfcount,flyby,9,710,710,0.5709120035,0.1372160017,0.7167680264,0.729976,1,0,-1,33865,29632,16,16,7174,24.21031317,17.27868521,512002,0,512002,33865
v3,d830fc32ff2631e4e1344dc30b3e09c3b9690bed,graph,octree_nfcount,flyby,9,711,711,0.5728319883,0.1351680011,0.7164800167,0.728405,1,0,-1,34129,29863,16,16,7445,24.93051602,17.14502897,512002,0,512002,34129
v3,d830fc32ff2631e4e1344dc30b3e09c3b9690bed,graph,octree_nfcount,flyby,9,712,712,0.5834559798,0.1392640024,0.7302719951,0.741944,1,0,-1,34049,29793,16,16,7354,24.68365052,17.18531199,512002,0,512002,34049
v3,d830fc32ff2631e4e1344dc30b3e09c3b9690bed,graph,octree_nfcount,flyby,9,713,713,0.5730239749,0.1351680011,0.7159680128,0.727571,1,0,-1,33945,29702,16,16,7254,24.4225978,17.23796377,512002,0,512002,33945
v3,d830fc32ff2631e4e1344dc30b3e09c3b9690bed,graph,octree_nfcount,flyby,9,714,714,0.5752000213,0.1351040006,0.7191359997,0.731864,1,0,-1,34041,29786,16,16,7433,24.95467669,17.1893507,512002,0,512002,34041
v3,d830fc32ff2631e4e1344dc30b3e09c3b9690bed,graph,octree_nfcount,flyby,9,715,715,0.5835840106,0.1371839941,0.7288960218,0.740983,1,0,-1,34129,29863,16,16,7432,24.88698389,17.14502897,512002,0,512002,34129
v3,d830fc32ff2631e4e1344dc30b3e09c3b9690bed,graph,octree_nfcount,flyby,9,716,716,0.5752639771,0.1392959952,0.7224959731,0.739665,1,0,-1,34137,29870,16,16,7380,24.70706394,17.14101105,512002,0,512002,34137
v3,d830fc32ff2631e4e1344dc30b3e09c3b9690bed,graph,octree_nfcount,flyby,9,717,717,0.5776960254,0.1351680011,0.7212799788,0.733702,1,0,-1,34137,29870,16,16,7543,25.25276197,17.14101105,512002,0,512002,34137
v3,d830fc32ff2631e4e1344dc30b3e09c3b9690bed,graph,octree_nfcount,flyby,9,718,718,0.5797439814,0.1350400001,0.7238079906,0.741995,1,0,-1,34217,29940,16,16,7369,24.61255845,17.1009352,512002,0,512002,34217
v3,d830fc32ff2631e4e1344dc30b3e09c3b9690bed,graph,octree_nfcount,flyby,9,719,719,0.5774719715,0.1372479945,0.7228159904,0.740382,1,0,-1,34249,29968,16,16,7384,24.63961559,17.08495729,512002,0,512002,34249
v3,d830fc32ff2631e4e1344dc30b3e09c3b9690bed,graph,octree_nfcount,flyby,9,720,720,0.5732480288,0.1351680011,0.7164160013,0.729286,1,0,-1,34233,29954,16,16,7432,24.81137745,17.09294251,512002,0,512002,34233
v3,d830fc32ff2631e4e1344dc30b3e09c3b9690bed,graph,octree_nfcount,flyby,9,721,721,0.5770559907,0.1372479945,0.7220159769,0.739176,1,0,-1,34185,29912,16,16,7339,24.53530356,17.11694303,512002,0,512002,34185
v3,d830fc32ff2631e4e1344dc30b3e09c3b9690bed,graph,octree_nfcount,flyby,9,722,722,0.5777599812,0.1351999938,0.7213439941,0.740004,1,0,-1,34265,29982,16,16,7420,24.74818224,17.07697952,512002,0,512002,34265
v3,d830fc32ff2631e4e1344dc30b3e09c3b9690bed,graph,octree_nfcount,flyby,9,723,723,0.5727040172,0.1371520013,0.71884799,0.730516,1,0,-1,34337,30045,16,16,7372,24.53652854,17.04117158,512002,0,512002,34337
v3,d830fc32ff2631e4e1344dc30b3e09c3b9690bed,graph,octree_nfcount,flyby,9,724,724,0.5832319856,0.1372160017,0.7279679775,0.739814,1,0,-1,34097,29835,16,16,7327,24.55840456,17.16111949,512002,0,512002,34097
v3,d830fc32ff2631e4e1344dc30b3e09c3b9690bed,graph,octree_nfcount,flyby,9,725,725,0.5807359815,0.1372479945,0.7259200215,0.73813,1,0,-1,34113,29849,16,16,7366,24.67754364,17.15307045,512002,0,512002,34113
v3,d830fc32ff2631e4e1344dc30b3e09c3b9690bed,graph,octree_nfcount,flyby,9,726,726,0.5772160292,0.1351680011,0.7207360268,0.740338,1,0,-1,33913,29674,16,16,7195,24.24681539,17.25422929,512002,0,512002,33913
v3,d830fc32ff2631e4e1344dc30b3e09c3b9690bed,graph,octree_nfcount,flyby,9,727,727,0.5829120278,0.1372160017,0.7282559872,0.743411,1,0,-1,34297,30010,16,16,7408,24.68510497,17.06104632,512002,0,512002,34297
v3,d830fc32ff2631e4e1344dc30b3e09c3b9690bed,graph,octree_nfcount,flyby,9,728,728,0.5770879984,0.1372160017,0.723360002,0.741026,1,0,-1,34249,29968,16,16,7470,24.92658836,17.08495729,512002,0,512002,34249
v3,d830fc32ff2631e4e1344dc30b3e09c3b9690bed,graph,octree_nfcount,flyby,9,729,729,0.5747519732,0.1372479945,0.7192320228,0.73585,1,0,-1,34193,29919,16,16,7337,24.52287844,17.11293827,512002,0,512002,34193
v3,d830fc32ff2631e4e1344dc30b3e09c3b9690bed,graph,octree_nfcount,flyby,9,730,730,0.5789759755,0.1331200004,0.7189760208,0.749466,1,0,-1,34313,30024,16,16,7518,25.03996803,17.05309086,512002,0,512002,34313
v3,d830fc32ff2631e4e1344dc30b3e09c3b9690bed,graph,octree_nfcount,flyby,9,731,731,0.5852159858,0.1351680011,0.7289919853,0.742097,1,0,-1,34177,29905,16,16,7400,24.74502592,17.12094967,512002,0,512002,34177
v3,d830fc32ff2631e4e1344dc30b3e09c3b9690bed,graph,octree_nfcount,flyby,9,732,732,0.5763840079,0.1392640024,0.7235519886,0.73987,1,0,-1,34097,29835,16,16,7236,24.25339367,17.16111949,512002,0,512002,34097
v3,d830fc32ff2631e4e1344dc30b3e09c3b9690bed,graph,octree_nfcount,flyby,9,733,733,0.578783989,0.1372160017,0.7234240174,0.740157,1,0,-1,34393,30094,16,16,7542,25.06147405,17.0134246,512002,0,512002,34393
v3,d830fc32ff2631e4e1344dc30b3e09c3b9690bed,graph,octree_nfcount,flyby,9,734,734,0.5810239911,0.1372160017,0.7261440158,0.738854,1,0,-1,34465,30157,16,16,7455,24.72062871,16.97788242,512002,0,512002,34465
v3,d830fc32ff2631e4e1344dc30b3e09c3b9690bed,graph,octree_nfcount,flyby,9,735,735,0.5791040063,0.1372479945,0.7244160175,0.739449,1,0,-1,34633,30304,16,16,7579,25.00989968,16.89552534,512002,0,512002,34633
v3,d830fc32ff2631e4e1344dc30b3e09c3b9690bed,graph,octree_nfcount,flyby,9,736,736,0.5726079941,0.1351680011,0.7160639763,0.728939,1,0,-1,34433,30129,16,16,7451,24.73032626,16.99366059,512002,0,512002,34433
v3,d830fc32ff2631e4e1344dc30b3e09c3b9690bed,graph,octree_nfcount,flyby,9,737,737,0.578783989,0.1391679943,0.7258880138,0.739422,1,0,-1,34425,30122,16,16,7447,24.72279397,16.99760972,512002,0,512002,34425
v3,d830fc32ff2631e4e1344dc30b3e09c3b9690bed,graph,octree_nfcount,flyby,9,738,738,0.5849599838,0.1351999938,0.727775991,0.737948,1,0,-1,34673,30339,16,16,7518,24.77998616,16.87603415,512002,0,512002,34673
v3,d830fc32ff2631e4e1344dc30b3e09c3b9690bed,graph,octree_nfcount,flyby,9,739,739,0.5761920214,0.1372160017,0.7212479711,0.732547,1,0,-1,34153,29884,16,16,7340,24.56163833,17.13298086,512002,0,512002,34153
v3,d830fc32ff2631e4e1344dc30b3e09c3b9690bed,graph,octree_nfcount,flyby,9,740,740,0.5770879984,0.1372479945,0.7222399712,0.740817,1,0,-1,34177,29905,16,16,7374,24.65808393,17.12094967,512002,0,512002,34177
v3,d830fc32ff2631e4e1344dc30b3e09c3b9690bed,graph,octree_nfcount,flyby,9,741,741,0.5801600218,0.1351680011,0.7225279808,0.735934,1,0,-1,34433,30129,16,16,7482,24.83321717,16.99366059,512002,0,512002,34433
v3,d830fc32ff2631e4e1344dc30b3e09c3b9690bed,graph,octree_nfcount,flyby,9,742,742,0.5730239749,0.1392959952,0.7203199863,0.738701,1,0,-1,34249,29968,16,16,7299,24.35597971,17.08495729,512002,0,512002,34249
v3,d830fc32ff2631e4e1344dc30b3e09c3b9690bed,graph,octree_nfcount,flyby,9,743,743,0.582144022,0.1372160017,0.7273920178,0.739005,1,0,-1,34169,29898,16,16,7404,24.76419827,17.12495819,512002,0,512002,34169
v3,d830fc32ff2631e4e1344dc30b3e09c3b9690bed,graph,octree_nfcount,flyby,9,744,744,0.5828800201,0.1372160017,0.7281600237,0.740477,1,0,-1,34321,30031,16,16,7446,24.79437914,17.04911591,512002,0,512002,34321
v3,d830fc32ff2631e4e1344dc30b3e09c3b9690bed,graph,octree_nfcount,flyby,9,745,745,0.5724480152,0.1351359934,0.7151039839,0.728001,1,0,-1,34241,29961,16,16,7307,24.38837155,17.08894897,512002,0,512002,34241
v3,d830fc32ff2631e4e1344dc30b3e09c3b9690bed,graph,octree_nfcount,flyby,9,746,746,0.5759999752,0.1372160017,0.7208639979,0.737944,1,0,-1,34305,30017,16,16,7472,24.89256088,17.05706766,512002,0,512002,34305
v3,d830fc32ff2631e4e1344dc30b3e09c3b9690bed,graph,octree_nfcount,flyby,9,747,747,0.5856000185,0.1372160017,0.7308480144,0.743539,1,0,-1,34289,30003,16,16,7411,24.70086325,17.06502683,512002,0,512002,34289
v3,d830fc32ff2631e4e1344dc30b3e09c3b9690bed,graph,octree_nfcount,flyby,9,748,748,0.5771840215,0.1351359934,0.7198719978,0.738273,1,0,-1,34073,29814,16,16,7295,24.46837056,17.17320722,512002,0,512002,34073
v3,d830fc32ff2631e4e1344dc30b3e09c3b9690bed,graph,octree_nfcount,flyby,9,749,749,0.5751680136,0.1351680011,0.7179200053,0.730909,1,0,-1,34321,30031,16,16,7447,24.79770903,17.04911591,512002,0,512002,34321
v3,d830fc32ff2631e4e1344dc30b3e09c3b9690bed,graph,octree_nfcount,flyby,9,750,750,0.583296001,0.1330879927,0.7245439887,0.740665,1,0,-1,34145,29877,16,16,7309,24.46363423,17.13699501,512002,0,512002,34145
v3,d830fc32ff2631e4e1344dc30b3e09c3b9690bed,graph,octree_nfcount,flyby,9,751,751,0.577279985,0.1331200004,0.7181760073,0.737303,1,0,-1,34249,29968,16,16,7423,24.7697544,17.08495729,512002,0,512002,34249
v3,d830fc32ff2631e4e1344dc30b3e09c3b9690bed,graph,octree_nfcount,flyby,9,752,752,0.5748159885,0.1372160017,0.7201600075,0.732818,1,0,-1,34169,29898,16,16,7347,24.57355007,17.12495819,512002,0,512002,34169
v3,d830fc32ff2631e4e1344dc30b3e09c3b9690bed,graph,octree_nfcount,flyby,9,753,753,0.5832639933,0.1351999938,0.7261760235,0.737843,1,0,-1,34273,29989,16,16,7357,24.53232852,17.07299343,512002,0,512002,34273
v3,d830fc32ff2631e4e1344dc30b3e09c3b9690bed,graph,octree_nfcount,flyby,9,754,754,0.5755519867,0.1351680011,0.7192639709,0.733243,1,0,-1,34393,30094,16,16,7583,25.19771383,17.0134246,512002,0,512002,34393
v3,d830fc32ff2631e4e1344dc30b3e09c3b9690bed,graph,octree_nfcount,flyby,9,755,755,0.5788480043,0.1331200004,0.7188159823,0.729817,1,0,-1,34225,29947,16,16,7354,24.55671687,17.09693792,512002,0,512002,34225
v3,d830fc32ff2631e4e1344dc30b3e09c3b9690bed,graph,octree_nfcount,flyby,9,756,756,0.5754240155,0.1351359934,0.7185919881,0.731327,1,0,-1,34169,29898,16,16,7389,24.71402769,17.12495819,512002,0,512002,34169
v3,d830fc32ff2631e4e1344dc30b3e09c3b9690bed,graph,octree_nfcount,flyby,9,757,757,0.5823680162,0.1351680011,0.7253440022,0.739939,1,0,-1,34473,30164,16,16,7521,24.9336958,16.97394245,512002,0,512002,34473
v3,d830fc32ff2631e4e1344dc30b3e09c3b9690bed,graph,octree_nfcount,flyby,9,758,758,0.5776640177,0.1392959952,0.7249600291,0.741187,1,0,-1,34161,29891,16,16,7367,24.64621458,17.12896859,512002,0,512002,34161
v3,d830fc32ff2631e4e1344dc30b3e09c3b9690bed,graph,octree_nfcount,flyby,9,759,759,0.5783680081,0.1351680011,0.7205119729,0.736586,1,0,-1,34225,29947,16,16,7439,24.84055164,17.09693792,512002,0,512002,34225
v3,d830fc32ff2631e4e1344dc30b3e09c3b9690bed,graph,octree_nfcount,flyby,9,760,760,0.5843200088,0.1372160017,0.7307199836,0.745667,1,0,-1,34401,30101,16,16,7544,25.06229029,17.00946812,512002,0,512002,34401
v3,d830fc32ff2631e4e1344dc30b3e09c3b9690bed,graph,octree_nfcount,flyby,9,761,761,0.5714240074,0.1351680011,0.7156159878,0.730431,1,0,-1,34233,29954,16,16,7301,24.37404019,17.09294251,512002,0,512002,34233
v3,d830fc32ff2631e4e1344dc30b3e09c3b9690bed,graph,octree_nfcount,flyby,9,762,762,0.5810239911,0.1372160017,0.7272319794,0.742495,1,0,-1,34425,30122,16,16,7483,24.84230795,16.99760972,512002,0,512002,34425
v3,d830fc32ff2631e4e1344dc30b3e09c3b9690bed,graph,octree_nfcount,flyby,9,763,763,0.5855039954,0.1372160017,0.7311679721,0.741964,1,0,-1,34425,30122,16,16,7464,24.77923113,16.99760972,512002,0,512002,34425
v3,d830fc32ff2631e4e1344dc30b3e09c3b9690bed,graph,octree_nfcount,flyby,9,764,764,0.573472023,0.1372160017,0.7183679938,0.730732,1,0,-1,34305,30017,16,16,7284,24.26624913,17.05706766,512002,0,512002,34305
v3,d830fc32ff2631e4e1344dc30b3e09c3b9690bed,graph,octree_nfcount,flyby,9,765,765,0.5767679811,0.1372160017,0.7222080231,0.738119,1,0,-1,34321,30031,16,16,7526,25.06077054,17.04911591,512002,0,512002,34321
v3,d830fc32ff2631e4e1344dc30b3e09c3b9690bed,graph,octree_nfcount,flyby,9,766,766,0.582144022,0.1392640024,0.7284479737,0.738117,1,0,-1,34337,30045,16,16,7380,24.56315527,17.04117158,512002,0,512002,34337
v3,d830fc32ff2631e4e1344dc30b3e09c3b9690bed,graph,octree_nfcount,flyby,9,767,767,0.5753920078,0.1350400001,0.7186239958,0.731568,1,0,-1,34225,29947,16,16,7240,24.17604435,17.09693792,512002,0,512002,34225
v3,d830fc32ff2631e4e1344dc30b3e09c3b9690bed,graph,octree_nfcount,flyby,9,768,768,0.5776000023,0.1392319947,0.7253440022,0.741663,1,0,-1,34329,30038,16,16,7403,24.6454491,17.04514282,512002,0,512002,34329
v3,d830fc32ff2631e4e1344dc30b3e09c3b9690bed,graph,octree_nfcount,flyby,9,769,769,0.5811520219,0.1351359934,0.7245759964,0.742366,1,0,-1,34121,29856,16,16,7259,24.31337085,17.14904877,512002,0,512002,34121
v3,d830fc32ff2631e4e1344dc30b3e09c3b9690bed,graph,octree_nfcount,flyby,9,770,770,0.5813760161,0.1351680011,0.724767983,0.741111,1,0,-1,34009,29758,16,16,7227,24.28590631,17.20552456,512002,0,512002,34009
v3,d830fc32ff2631e4e1344dc30b3e09c3b9690bed,graph,octree_nfcount,flyby,9,771,771,0.5755519867,0.1371199936,0.7211840153,0.734325,1,0,-1,33809,29583,16,16,7218,24.39914816,17.30730487,512002,0,512002,33809
v3,d830fc32ff2631e4e1344dc30b3e09c3b9690bed,graph,octree_nfcount,flyby,9,772,772,0.5792319775,0.1371520013,0.7247999907,0.743103,1,0,-1,33849,29618,16,16,7106,23.99216693,17.28685259,512002,0,512002,33849
v3,d830fc32ff2631e4e1344dc30b3e09c3b9690bed,graph,octree_nfcount,flyby,9,773,773,0.5786240101,0.1392640024,0.7257279754,0.743107,1,0,-1,33913,29674,16,16,7158,24.12212711,17.25422929,512002,0,512002,33913
v3,d830fc32ff2631e4e1344dc30b3e09c3b9690bed,graph,octree_nfcount,flyby,9,774,774,0.5759040117,0.1392959952,0.7232959867,0.741035,1,0,-1,33857,29625,16,16,7140,24.10126582,17.28276793,512002,0,512002,33857
v3,d830fc32ff2631e4e1344dc30b3e09c3b9690bed,graph,octree_nfcount,flyby,9,775,775,0.5791680217,0.1372160017,0.7242879868,0.743624,1,0,-1,33905,29667,16,16,7076,23.8514174,17.25830047,512002,0,512002,33905
v3,d830fc32ff2631e4e1344dc30b3e09c3b9690bed,graph,octree_nfcount,flyby,9,776,776,0.5758079886,0.1330879927,0.7168959975,0.731001,1,0,-1,34193,29919,16,16,7258,24.25883218,17.11293827,512002,0,512002,34193
v3,d830fc32ff2631e4e1344dc30b3e09c3b9690bed,graph,octree_nfcount,flyby,9,777,777,0.5727999806,0.1351680011,0.7169920206,0.732337,1,0,-1,33985,29737,16,16,7146,24.03066886,17.21767495,512002,0,512002,33985
v3,d830fc32ff2631e4e1344dc30b3e09c3b9690bed,graph,octree_nfcount,flyby,9,778,778,0.5790719986,0.1392640024,0.7266880274,0.740761,1,0,-1,34385,30087,16,16,7308,24.28956028,17.01738292,512002,0,512002,34385
v3,d830fc32ff2631e4e1344dc30b3e09c3b9690bed,graph,octree_nfcount,flyby,9,779,779,0.5862399936,0.1392959952,0.73318398,0.750195,1,0,-1,34473,30164,16,16,7305,24.2176104,16.97394245,512002,0,512002,34473
v3,d830fc32ff2631e4e1344dc30b3e09c3b9690bed,graph,octree_nfcount,flyby,9,780,780,0.5718079805,0.1372160017,0.7170240283,0.728667,1,0,-1,34105,29842,16,16,7119,23.8556397,17.15709403,512002,0,512002,34105
v3,d830fc32ff2631e4e1344dc30b3e09c3b9690bed,graph,octree_nfcount,flyby,9,781,781,0.5789759755,0.1372160017,0.7240639925,0.740034,1,0,-1,34201,29926,16,16,7281,24.33001403,17.10893537,512002,0,512002,34201
v3,d830fc32ff2631e4e1344dc30b3e09c3b9690bed,graph,octree_nfcount,flyby,9,782,782,0.5866240263,0.1392959952,0.7337599993,0.752281,1,0,-1,34257,29975,16,16,7363,24.56380317,17.08096747,512002,0,512002,34257
v3,d830fc32ff2631e4e1344dc30b3e09c3b9690bed,graph,octree_nfcount,flyby,9,783,783,0.5696960092,0.1372160017,0.7151039839,0.728849,1,0,-1,34089,29828,16,16,7178,24.06463725,17.16514684,512002,0,512002,34089
v3,d830fc32ff2631e4e1344dc30b3e09c3b9690bed,graph,octree_nfcount,flyby,9,784,784,0.5809599757,0.1351680011,0.7238720059,0.739545,1,0,-1,34217,29940,16,16,7332,24.48897796,17.1009352,512002,0,512002,34217
v3,d830fc32ff2631e4e1344dc30b3e09c3b9690bed,graph,octree_nfcount,flyby,9,785,785,0.5891199708,0.1372479945,0.7343680263,0.751474,1,0,-1,34273,29989,16,16,7253,24.1855347,17.07299343,512002,0,512002,34273
v3,d830fc32ff2631e4e1344dc30b3e09c3b9690bed,graph,octree_nfcount,flyby,9,786,786,0.5755519867,0.1372160017,0.7213760018,0.734459,1,0,-1,34193,29919,16,16,7232,24.17193088,17.11293827,512002,0,512002,34193
v3,d830fc32ff2631e4e1344dc30b3e09c3b9690bed,graph,octree_nfcount,flyby,9,787,787,0.5844799876,0.1372160017,0.7310720086,0.747005,1,0,-1,34273,29989,16,16,7310,24.37560439,17.07299343,512002,0,512002,34273
v3,d830fc32ff2631e4e1344dc30b3e09c3b9690bed,graph,octree_nfcount,flyby,9,788,788,0.581791997,0.1351680011,0.7255679965,0.743608,1,0,-1,34073,29814,16,16,7263,24.36103844,17.17320722,512002,0,512002,34073
v3,d830fc32ff2631e4e1344dc30b3e09c3b9690bed,graph,octree_nfcount,flyby,9,789,789,0.5792000294,0.1351680011,0.7223039865,0.740369,1,0,-1,34217,29940,16,16,7250,24.21509686,17.1009352,512002,0,512002,34217
v3,d830fc32ff2631e4e1344dc30b3e09c3b9690bed,graph,octree_nfcount,flyby,9,790,790,0.5736320019,0.1392640024,0.7211520076,0.734012,1,0,-1,34297,30010,16,16,7374,24.5718094,17.06104632,512002,0,512002,34297
v3,d830fc32ff2631e4e1344dc30b3e09c3b9690bed,graph,octree_nfcount,flyby,9,791,791,0.5858240128,0.1351680011,0.7291839719,0.741779,1,0,-1,34257,29975,16,16,7268,24.24687239,17.08096747,512002,0,512002,34257
v3,d830fc32ff2631e4e1344dc30b3e09c3b9690bed,graph,octree_nfcount,flyby,9,792,792,0.5777919888,0.1392959952,0.7256320119,0.737112,1,0,-1,34265,29982,16,16,7312,24.38796611,17.07697952,512002,0,512002,34265
v3,d830fc32ff2631e4e1344dc30b3e09c3b9690bed,graph,octree_nfcount,flyby,9,793,793,0.5714880228,0.1351680011,0.7157760262,0.730073,1,0,-1,34081,29821,16,16,7234,24.25807317,17.16917608,512002,0,512002,34081
v3,d830fc32ff2631e4e1344dc30b3e09c3b9690bed,graph,octree_nfcount,flyby,9,794,794,0.5814399719,0.1372160017,0.727775991,0.741201,1,0,-1,34145,29877,16,16,7200,24.0988051,17.13699501,512002,0,512002,34145
v3,d830fc32ff2631e4e1344dc30b3e09c3b9690bed,graph,octree_nfcount,flyby,9,795,795,0.5796480179,0.1351680011,0.7234560251,0.740879,1,0,-1,34257,29975,16,16,7273,24.26355296,17.08096747,512002,0,512002,34257
v3,d830fc32ff2631e4e1344dc30b3e09c3b9690bed,graph,octree_nfcount,flyby,9,796,796,0.5769600272,0.1351680011,0.7204160094,0.739641,1,0,-1,34217,29940,16,16,7177,23.97127589,17.1009352,512002,0,512002,34217
v3,d830fc32ff2631e4e1344dc30b3e09c3b9690bed,graph,octree_nfcount,flyby,9,797,797,0.5794240236,0.1351359934,0.7226560116,0.738981,1,0,-1,34377,30080,16,16,7229,24.03257979,17.02134309,512002,0,512002,34377
v3,d830fc32ff2631e4e1344dc30b3e09c3b9690bed,graph,octree_nfcount,flyby,9,798,798,0.5829120278,0.1331200004,0.7241280079,0.7391,1,0,-1,34473,30164,16,16,7370,24.43309906,16.97394245,512002,0,512002,34473
v3,d830fc32ff2631e4e1344dc30b3e09c3b9690bed,graph,octree_nfcount,flyby,9,799,799,0.5711680055,0.1351359934,0.7147840261,0.7322,1,0,-1,34121,29856,16,16,7130,23.88129689,17.14904877,512002,0,512002,34121
v3,d830fc32ff2631e4e1344dc30b3e09c3b9690bed,graph,octree_nfcount,flyby,9,800,800,0.5792319775,0.1392640024,0.7264320254,0.74094,1,0,-1,34441,30136,16,16,7338,24.34961508,16.9897133,512002,0,512002,34441
v3,d830fc32ff2631e4e1344dc30b3e09c3b9690bed,graph,octree_nfcount,flyby,9,801,801,0.5855360031,0.1372479945,0.7306560278,0.742867,1,0,-1,34377,30080,16,16,7373,24.51130319,17.02134309,512002,0,512002,34377
v3,d830fc32ff2631e4e1344dc30b3e09c3b9690bed,graph,octree_nfcount,flyby,9,802,802,0.5743359923,0.1330879927,0.7154880166,0.726995,1,0,-1,33977,29730,16,16,7065,23.76387487,17.22172889,512002,0,512002,33977
v3,d830fc32ff2631e4e1344dc30b3e09c3b9690bed,graph,octree_nfcount,flyby,9,803,803,0.578527987,0.1351680011,0.7219200134,0.740057,1,0,-1,34121,29856,16,16,7214,24.16264737,17.14904877,512002,0,512002,34121
v3,d830fc32ff2631e4e1344dc30b3e09c3b9690bed,graph,octree_nfcount,flyby,9,804,804,0.5753600001,0.1372160017,0.721216023,0.733691,1,0,-1,34105,29842,16,16,7226,24.21419476,17.15709403,512002,0,512002,34105
v3,d830fc32ff2631e4e1344dc30b3e09c3b9690bed,graph,octree_nfcount,flyby,9,805,805,0.5764480233,0.1372479945,0.721503973,0.73788,1,0,-1,34081,29821,16,16,7107,23.83219879,17.16917608,512002,0,512002,34081
v3,d830fc32ff2631e4e1344dc30b3e09c3b9690bed,graph,octree_nfcount,flyby,9,806,806,0.5798400044,0.1372479945,0.7255679965,0.740993,1,0,-1,34257,29975,16,16,7272,24.26021685,17.08096747,512002,0,512002,34257
v3,d830fc32ff2631e4e1344dc30b3e09c3b9690bed,graph,octree_nfcount,flyby,9,807,807,0.5750079751,0.1351680011,0.7183679938,0.731628,1,0,-1,33937,29695,16,16,7162,24.11853847,17.24202728,512002,0,512002,33937
v3,d830fc32ff2631e4e1344dc30b3e09c3b9690bed,graph,octree_nfcount,flyby,9,808,808,0.5710399747,0.1372160017,0.7158079743,0.727453,1,0,-1,34073,29814,16,16,7093,23.79083652,17.17320722,512002,0,512002,34073
v3,d830fc32ff2631e4e1344dc30b3e09c3b9690bed,graph,octree_nfcount,flyby,9,809,809,0.5791040063,0.1372160017,0.7243840098,0.739318,1,0,-1,34225,29947,16,16,7271,24.27956056,17.09693792,512002,0,512002,34225
v3,d830fc32ff2631e4e1344dc30b3e09c3b9690bed,graph,octree_nfcount,flyby,9,810,810,0.5792319775,0.1371839941,0.7247359753,0.741857,1,0,-1,34089,29828,16,16,7240,24.27249564,17.16514684,512002,0,512002,34089
v3,d830fc32ff2631e4e1344dc30b3e09c3b9690bed,graph,octree_nfcount,flyby,9,811,811,0.5751680136,0.1372479945,0.7215359807,0.733014,1,0,-1,34153,29884,16,16,7301,24.43113372,17.13298086,512002,0,512002,34153
v3,d830fc32ff2631e4e1344dc30b3e09c3b9690bed,graph,octree_nfcount,flyby,9,812,812,0.573759973,0.1391360015,0.7219200134,0.735087,1,0,-1,34361,30066,16,16,7377,24.53602075,17.02926894,512002,0,512002,34361
v3,d830fc32ff2631e4e1344dc30b3e09c3b9690bed,graph,octree_nfcount,flyby,9,813,813,0.5795840025,0.1331200004,0.721216023,0.734351,1,0,-1,34225,29947,16,16,7230,24.14265202,17.09693792,512002,0,512002,34225
v3,d830fc32ff2631e4e1344dc30b3e09c3b9690bed,graph,octree_nfcount,flyby,9,814,814,0.5835520029,0.1331200004,0.7252799869,0.742358,1,0,-1,34377,30080,16,16,7348,24.42819149,17.02134309,512002,0,512002,34377
v3,d830fc32ff2631e4e1344dc30b3e09c3b9690bed,graph,octree_nfcount,flyby,9,815,815,0.5767040253,0.1351680011,0.7209920287,0.734579,1,0,-1,34201,29926,16,16,7237,24.1829847,17.10893537,512002,0,512002,34201
v3,d830fc32ff2631e4e1344dc30b3e09c3b9690bed,graph,octree_nfcount,flyby,9,816,816,0.5763199925,0.1392640024,0.7238720059,0.741593,1,0,-1,34321,30031,16,16,7193,23.95191635,17.04911591,512002,0,512002,34321
v3,d830fc32ff2631e4e1344dc30b3e09c3b9690bed,graph,octree_nfcount,flyby,9,817,817,0.5796480179,0.1372160017,0.7258560061,0.741887,1,0,-1,34569,30248,16,16,7364,24.34541127,16.92680508,512002,0,512002,34569
v3,d830fc32ff2631e4e1344dc30b3e09c3b9690bed,graph,octree_nfcount,flyby,9,818,818,0.5750079751,0.1372479945,0.7208960056,0.732215,1,0,-1,34249,29968,16,16,7176,23.94554191,17.08495729,512002,0,512002,34249
v3,d830fc32ff2631e4e1344dc30b3e09c3b9690bed,graph,octree_nfcount,flyby,9,819,819,0.5821120143,0.1372160017,0.7271680236,0.739047,1,0,-1,34209,29933,16,16,7169,23.95015535,17.10493435,512002,0,512002,34209
v3,d830fc32ff2631e4e1344dc30b3e09c3b9690bed,graph,octree_nfcount,flyby,9,820,820,0.5810880065,0.1371839941,0.7264000177,0.74133,1,0,-1,34313,30024,16,16,7271,24.21729283,17.05309086,512002,0,512002,34313
v3,d830fc32ff2631e4e1344dc30b3e09c3b9690bed,graph,octree_nfcount,flyby,9,821,821,0.5725759864,0.1372160017,0.7172160149,0.728764,1,0,-1,34201,29926,16,16,7202,24.06602954,17.10893537,512002,0,512002,34201
v3,d830fc32ff2631e4e1344dc30b3e09c3b9690bed,graph,octree_nfcount,flyby,9,822,822,0.58188802,0.1351999938,0.7245759964,0.738903,1,0,-1,34265,29982,16,16,7203,24.02441465,17.07697952,512002,0,512002,34265
v3,d830fc32ff2631e4e1344dc30b3e09c3b9690bed,graph,octree_nfcount,flyby,9,823,823,0.58543998,0.1392640024,0.7326719761,0.744107,1,0,-1,34337,30045,16,16,7281,24.23364953,17.04117158,512002,0,512002,34337
v3,d830fc32ff2631e4e1344dc30b3e09c3b9690bed,graph,octree_nfcount,flyby,9,824,824,0.5706239939,0.1392640024,0.7179840207,0.72896,1,0,-1,34217,29940,16,16,7110,23.74749499,17.1009352,512002,0,512002,34217
v3,d830fc32ff2631e4e1344dc30b3e09c3b9690bed,graph,octree_nfcount,flyby,9,825,825,0.5738559961,0.1372160017,0.717952013,0.736435,1,0,-1,34097,29835,16,16,7252,24.30702195,17.16111949,512002,0,512002,34097
v3,d830fc32ff2631e4e1344dc30b3e09c3b9690bed,graph,octree_nfcount,flyby,9,826,826,0.5774080157,0.1351359934,0.7215359807,0.74072,1,0,-1,34185,29912,16,16,7294,24.38486226,17.11694303,512002,0,512002,34185
v3,d830fc32ff2631e4e1344dc30b3e09c3b9690bed,graph,octree_nfcount,flyby,9,827,827,0.5716480017,0.1372479945,0.7181760073,0.730575,1,0,-1,34153,29884,16,16,7148,23.91915406,17.13298086,512002,0,512002,34153
v3,d830fc32ff2631e4e1344dc30b3e09c3b9690bed,graph,octree_nfcount,flyby,9,828,828,0.5775359869,0.1351680011,0.7208960056,0.739199,1,0,-1,34217,29940,16,16,7343,24.5257181,17.1009352,512002,0,512002,34217
v3,d830fc32ff2631e4e1344dc30b3e09c3b9690bed,graph,octree_nfcount,flyby,9,829,829,0.5857599974,0.1372479945,0.7311040163,0.743099,1,0,-1,34185,29912,16,16,7234,24.18427387,17.11694303,512002,0,512002,34185
v3,d830fc32ff2631e4e1344dc30b3e09c3b9690bed,graph,octree_nfcount,flyby,9,830,830,0.5714240074,0.1372160017,0.7169920206,0.730474,1,0,-1,33985,29737,16,16,7085,23.82553721,17.21767495,512002,0,512002,33985
v3,d830fc32ff2631e4e1344dc30b3e09c3b9690bed,graph,octree_nfcount,flyby,9,831,831,0.57763201,0.1372160017,0.7229760289,0.740257,1,0,-1,34425,30122,16,16,7329,24.33105371,16.99760972,512002,0,512002,34425
v3,d830fc32ff2631e4e1344dc30b3e09c3b9690bed,graph,octree_nfcount,flyby,9,832,832,0.5848320127,0.1372160017,0.7298880219,0.74269,1,0,-1,34209,29933,16,16,7158,23.91340661,17.10493435,512002,0,512002,34209
v3,d830fc32ff2631e4e1344dc30b3e09c3b9690bed,graph,octree_nfcount,flyby,9,833,833,0.5755519867,0.1351680011,0.7167680264,0.729261,1,0,-1,34121,29856,16,16,7191,24.08561093,17.14904877,512002,0,512002,34121
v3,d830fc32ff2631e4e1344dc30b3e09c3b9690bed,graph,octree_nfcount,flyby,9,834,834,0.5748800039,0.1371520013,0.7197440267,0.731959,1,0,-1,34209,29933,16,16,7314,24.43457054,17.10493435,512002,0,512002,34209
v3,d830fc32ff2631e4e1344dc30b3e09c3b9690bed,graph,octree_nfcount,flyby,9,835,835,0.5817279816,0.1351680011,0.7252799869,0.740647,1,0,-1,34105,29842,16,16,7249,24.29126734,17.15709403,512002,0,512002,34105
v3,d830fc32ff2631e4e1344dc30b3e09c3b9690bed,graph,octree_nfcount,flyby,9,836,836,0.5775039792,0.1372160017,0.722720027,0.739544,1,0,-1,34185,29912,16,16,7275,24.3213426,17.11694303,512002,0,512002,34185
v3,d830fc32ff2631e4e1344dc30b3e09c3b9690bed,graph,octree_nfcount,flyby,9,837,837,0.5711680055,0.1371520013,0.7165439725,0.72948,1,0,-1,34129,29863,16,16,7294,24.42487359,17.14502897,512002,0,512002,34129
v3,d830fc32ff2631e4e1344dc30b3e09c3b9690bed,graph,octree_nfcount,flyby,9,838,838,0.5830079913,0.1372479945,0.7280640006,0.74099,1,0,-1,34273,29989,16,16,7173,23.91877022,17.07299343,512002,0,512002,34273
v3,d830fc32ff2631e4e1344dc30b3e09c3b9690bed,graph,octree_nfcount,flyby,9,839,839,0.5784959793,0.1372479945,0.7238399982,0.734695,1,0,-1,34377,30080,16,16,7291,24.23869681,17.02134309,512002,0,512002,34377
v3,d830fc32ff2631e4e1344dc30b3e09c3b9690bed,graph,octree_nfcount,flyby,9,840,840,0.569216013,0.1351040006,0.712288022,0.729238,1,0,-1,34201,29926,16,16,7179,23.98917329,17.10893537,512002,0,512002,34201
v3,d830fc32ff2631e4e1344dc30b3e09c3b9690bed,graph,octree_nfcount,flyby,9,841,841,0.5778239965,0.1351680011,0.7204480171,0.737528,1,0,-1,34145,29877,16,16,7126,23.85112294,17.13699501,512002,0,512002,34145
v3,d830fc32ff2631e4e1344dc30b3e09c3b9690bed,graph,octree_nfcount,flyby,9,842,842,0.5813440084,0.1350719929,0.723968029,0.735452,1,0,-1,34305,30017,16,16,7234,24.09967685,17.05706766,512002,0,512002,34305
v3,d830fc32ff2631e4e1344dc30b3e09c3b9690bed,graph,octree_nfcount,flyby,9,843,843,0.5690240264,0.1331200004,0.7098879814,0.725474,1,0,-1,33993,29744,16,16,7097,23.86027434,17.21362292,512002,0,512002,33993
v3,d830fc32ff2631e4e1344dc30b3e09c3b9690bed,graph,octree_nfcount,flyby,9,844,844,0.583392024,0.1351999938,0.7269440293,0.741992,1,0,-1,34153,29884,16,16,7138,23.88569134,17.13298086,512002,0,512002,34153
v3,d830fc32ff2631e4e1344dc30b3e09c3b9690bed,graph,octree_nfcount,flyby,9,845,845,0.5791040063,0.1392640024,0.728128016,0.741031,1,0,-1,34153,29884,16,16,7203,24.10319904,17.13298086,512002,0,512002,34153
v3,d830fc32ff2631e4e1344dc30b3e09c3b9690bed,graph,octree_nfcount,flyby,9,846,846,0.5730879903,0.1330879927,0.7141439915,0.733344,1,0,-1,33817,29590,16,16,7087,23.95065901,17.30321054,512002,0,512002,33817
v3,d830fc32ff2631e4e1344dc30b3e09c3b9690bed,graph,octree_nfcount,flyby,9,847,847,0.5809599757,0.1351680011,0.7240639925,0.740257,1,0,-1,33961,29716,16,16,7122,23.96688653,17.22984251,512002,0,512002,33961
v3,d830fc32ff2631e4e1344dc30b3e09c3b9690bed,graph,octree_nfcount,flyby,9,848,848,0.5829759836,0.1392959952,0.7296640277,0.739999,1,0,-1,34153,29884,16,16,7237,24.21697229,17.13298086,512002,0,512002,34153
v3,d830fc32ff2631e4e1344dc30b3e09c3b9690bed,graph,octree_nfcount,flyby,9,849,849,0.5703039765,0.1372160017,0.7147840261,0.726106,1,0,-1,34041,29786,16,16,7055,23.68562412,17.1893507,512002,0,512002,34041
v3,d830fc32ff2631e4e1344dc30b3e09c3b9690bed,graph,octree_nfcount,flyby,9,850,850,0.5825920105,0.1372160017,0.7275840044,0.739462,1,0,-1,34089,29828,16,16,7169,24.03446426,17.16514684,512002,0,512002,34089
v3,d830fc32ff2631e4e1344dc30b3e09c3b9690bed,graph,octree_nfcount,flyby,9,851,851,0.5863680243,0.1351680011,0.7288960218,0.738406,1,0,-1,34097,29835,16,16,7205,24.14948886,17.16111949,512002,0,512002,34097
v3,d830fc32ff2631e4e1344dc30b3e09c3b9690bed,graph,octree_nfcount,flyby,9,852,852,0.573119998,0.1330879927,0.71459198,0.727125,1,0,-1,33833,29604,16,16,7042,23.78732604,17.2950277,512002,0,512002,33833
v3,d830fc32ff2631e4e1344dc30b3e09c3b9690bed,graph,octree_nfcount,flyby,9,853,853,0.5750399828,0.1351680011,0.7184640169,0.729009,1,0,-1,34161,29891,16,16,7297,24.41203038,17.12896859,512002,0,512002,34161
v3,d830fc32ff2631e4e1344dc30b3e09c3b9690bed,graph,octree_nfcount,flyby,9,854,854,0.5793600082,0.1392959952,0.7268800139,0.737193,1,0,-1,34369,30073,16,16,7378,24.53363482,17.02530509,512002,0,512002,34369
v3,d830fc32ff2631e4e1344dc30b3e09c3b9690bed,graph,octree_nfcount,flyby,9,855,855,0.5778560042,0.1370880008,0.7228800058,0.739616,1,0,-1,34353,30059,16,16,7221,24.02275525,17.03323464,512002,0,512002,34353
v3,d830fc32ff2631e4e1344dc30b3e09c3b9690bed,graph,octree_nfcount,flyby,9,856,856,0.5839040279,0.1372160017,0.7292159796,0.73949,1,0,-1,34385,30087,16,16,7341,24.3992422,17.01738292,512002,0,512002,34385
v3,d830fc32ff2631e4e1344dc30b3e09c3b9690bed,graph,octree_nfcount,flyby,9,857,857,0.5870079994,0.1372479945,0.7320960164,0.750687,1,0,-1,34201,29926,16,16,7277,24.31664773,17.10893537,512002,0,512002,34201
v3,d830fc32ff2631e4e1344dc30b3e09c3b9690bed,graph,octree_nfcount,flyby,9,858,858,0.570720017,0.1372160017,0.7156479955,0.727685,1,0,-1,34209,29933,16,16,7219,24.11719507,17.10493435,512002,0,512002,34209
v3,d830fc32ff2631e4e1344dc30b3e09c3b9690bed,graph,octree_nfcount,flyby,9,859,859,0.5770879984,0.1351999938,0.7204800248,0.739171,1,0,-1,34169,29898,16,16,7332,24.52337949,17.12495819,512002,0,512002,34169
v3,d830fc32ff2631e4e1344dc30b3e09c3b9690bed,graph,octree_nfcount,flyby,9,860,860,0.5765439868,0.1351680011,0.717952013,0.734477,1,0,-1,34177,29905,16,16,7264,24.29025247,17.12094967,512002,0,512002,34177
v3,d830fc32ff2631e4e1344dc30b3e09c3b9690bed,graph,octree_nfcount,flyby,9,861,861,0.5768640041,0.1351680011,0.7196800113,0.730811,1,0,-1,34329,30038,16,16,7269,24.19934749,17.04514282,512002,0,512002,34329
v3,d830fc32ff2631e4e1344dc30b3e09c3b9690bed,graph,octree_nfcount,flyby,9,862,862,0.5763199925,0.1351680011,0.719456017,0.738347,1,0,-1,34257,29975,16,16,7297,24.34361968,17.08096747,512002,0,512002,34257
v3,d830fc32ff2631e4e1344dc30b3e09c3b9690bed,graph,octree_nfcount,flyby,9,863,863,0.5832639933,0.1351680011,0.7266560197,0.741675,1,0,-1,34249,29968,16,16,7202,24.03230112,17.08495729,512002,0,512002,34249
v3,d830fc32ff2631e4e1344dc30b3e09c3b9690bed,graph,octree_nfcount,flyby,9,864,864,0.578783989,0.1351359934,0.7205759883,0.734246,1,0,-1,34169,29898,16,16,7215,24.13204897,17.12495819,512002,0,512002,34169
v3,d830fc32ff2631e4e1344dc30b3e09c3b9690bed,graph,octree_nfcount,flyby,9,865,865,0.5764160156,0.1371839941,0.7213760018,0.73633,1,0,-1,34041,29786,16,16,7195,24.15564359,17.1893507,512002,0,512002,34041
v3,d830fc32ff2631e4e1344dc30b3e09c3b9690bed,graph,octree_nfcount,flyby,9,866,866,0.5793280005,0.1392959952,0.7267199755,0.738367,1,0,-1,34049,29793,16,16,7104,23.84452724,17.18531199,512002,0,512002,34049
v3,d830fc32ff2631e4e1344dc30b3e09c3b9690bed,graph,octree_nfcount,flyby,9,867,867,0.5807999969,0.1331200004,0.7223359942,0.741066,1,0,-1,34033,29779,16,16,7125,23.92625676,17.19339132,512002,0,512002,34033
v3,d830fc32ff2631e4e1344dc30b3e09c3b9690bed,graph,octree_nfcount,flyby,9,868,868,0.5786560178,0.1331200004,0.7201279998,0.733435,1,0,-1,33881,29646,16,16,7075,23.86493962,17.27052553,512002,0,512002,33881
v3,d830fc32ff2631e4e1344dc30b3e09c3b9690bed,graph,octree_nfcount,flyby,9,869,869,0.5752959847,0.1351680011,0.7187520266,0.731932,1,0,-1,33737,29520,16,16,7017,23.7703252,17.34424119,512002,0,512002,33737
v3,d830fc32ff2631e4e1344dc30b3e09c3b9690bed,graph,octree_nfcount,flyby,9,870,870,0.5771200061,0.1372160017,0.7232000232,0.739401,1,0,-1,34137,29870,16,16,7154,23.95045196,17.14101105,512002,0,512002,34137
v3,d830fc32ff2631e4e1344dc30b3e09c3b9690bed,graph,octree_nfcount,flyby,9,871,871,0.5733439922,0.1372160017,0.7190080285,0.731312,1,0,-1,34001,29751,16,16,7111,23.90171759,17.20957279,512002,0,512002,34001
v3,d830fc32ff2631e4e1344dc30b3e09c3b9690bed,graph,octree_nfcount,flyby,9,872,872,0.577376008,0.1351680011,0.7209280133,0.732579,1,0,-1,34073,29814,16,16,7160,24.01556316,17.17320722,512002,0,512002,34073
v3,d830fc32ff2631e4e1344dc30b3e09c3b9690bed,graph,octree_nfcount,flyby,9,873,873,0.5817279816,0.1351680011,0.7249280214,0.738298,1,0,-1,34329,30038,16,16,7232,24.07617018,17.04514282,512002,0,512002,34329
v3,d830fc32ff2631e4e1344dc30b3e09c3b9690bed,graph,octree_nfcount,flyby,9,874,874,0.5735679865,0.1392959952,0.7204480171,0.738511,1,0,-1,34281,29996,16,16,7164,23.88318442,17.0690092,512002,0,512002,34281
v3,d830fc32ff2631e4e1344dc30b3e09c3b9690bed,graph,octree_nfcount,flyby,9,875,875,0.5741440058,0.1331200004,0.7143679857,0.723743,1,0,-1,34145,29877,16,16,7129,23.86116411,17.13699501,512002,0,512002,34145
v3,d830fc32ff2631e4e1344dc30b3e09c3b9690bed,graph,octree_nfcount,flyby,9,876,876,0.5806080103,0.1392640024,0.7271680236,0.738143,1,0,-1,34241,29961,16,16,7194,24.01121458,17.08894897,512002,0,512002,34241
v3,d830fc32ff2631e4e1344dc30b3e09c3b9690bed,graph,octree_nfcount,flyby,9,877,877,0.5735679865,0.1372479945,0.7183679938,0.730616,1,0,-1,34265,29982,16,16,7086,23.63418051,17.07697952,512002,0,512002,34265
v3,d830fc32ff2631e4e1344dc30b3e09c3b9690bed,graph,octree_nfcount,flyby,9,878,878,0.5808320045,0.1351680011,0.7227519751,0.735992,1,0,-1,34225,29947,16,16,7149,23.87217417,17.09693792,512002,0,512002,34225
v3,d830fc32ff2631e4e1344dc30b3e09c3b9690bed,graph,octree_nfcount,flyby,9,879,879,0.5853760242,0.1372160017,0.7306240201,0.742488,1,0,-1,34233,29954,16,16,7142,23.84322628,17.09294251,512002,0,512002,34233
v3,d830fc32ff2631e4e1344dc30b3e09c3b9690bed,graph,octree_nfcount,flyby,9,880,880,0.5699840188,0.1372479945,0.7152640224,0.726396,1,0,-1,34137,29870,16,16,6986,23.38801473,17.14101105,512002,0,512002,34137
v3,d830fc32ff2631e4e1344dc30b3e09c3b9690bed,graph,octree_nfcount,flyby,9,881,881,0.5775359869,0.1392319947,0.7250880003,0.739211,1,0,-1,34145,29877,16,16,7144,23.91136995,17.13699501,512002,0,512002,34145
v3,d830fc32ff2631e4e1344dc30b3e09c3b9690bed,graph,octree_nfcount,flyby,9,882,882,0.5774400234,0.1372160017,0.722464025,0.740021,1,0,-1,34137,29870,16,16,7112,23.80984265,17.14101105,512002,0,512002,34137
v3,d830fc32ff2631e4e1344dc30b3e09c3b9690bed,graph,octree_nfcount,flyby,9,883,883,0.571968019,0.1351359934,0.7161920071,0.730846,1,0,-1,33945,29702,16,16,6973,23.47653357,17.23796377,512002,0,512002,33945
v3,d830fc32ff2631e4e1344dc30b3e09c3b9690bed,graph,octree_nfcount,flyby,9,884,884,0.5767999887,0.1372479945,0.7230719924,0.742358,1,0,-1,33985,29737,16,16,7194,24.19208394,17.21767495,512002,0,512002,33985
v3,d830fc32ff2631e4e1344dc30b3e09c3b9690bed,graph,octree_nfcount,flyby,9,885,885,0.5810239911,0.1372479945,0.7259520292,0.73881,1,0,-1,34209,29933,16,16,7205,24.07042395,17.10493435,512002,0,512002,34209
v3,d830fc32ff2631e4e1344dc30b3e09c3b9690bed,graph,octree_nfcount,flyby,9,886,886,0.5778239965,0.1351680011,0.7210239768,0.733931,1,0,-1,34025,29772,16,16,7034,23.62622598,17.19743383,512002,0,512002,34025
v3,d830fc32ff2631e4e1344dc30b3e09c3b9690bed,graph,octree_nfcount,flyby,9,887,887,0.5759999752,0.1351680011,0.7201920152,0.731533,1,0,-1,34209,29933,16,16,7270,24.28757559,17.10493435,512002,0,512002,34209
v3,d830fc32ff2631e4e1344dc30b3e09c3b9690bed,graph,octree_nfcount,flyby,9,888,888,0.5843520164,0.1372160017,0.7305920124,0.74464,1,0,-1,34321,30031,16,16,7210,24.00852452,17.04911591,512002,0,512002,34321
v3,d830fc32ff2631e4e1344dc30b3e09c3b9690bed,graph,octree_nfcount,flyby,9,889,889,0.5694079995,0.1372160017,0.7149119973,0.729678,1,0,-1,34225,29947,16,16,7083,23.65178482,17.09693792,512002,0,512002,34225
v3,d830fc32ff2631e4e1344dc30b3e09c3b9690bed,graph,octree_nfcount,flyby,9,890,890,0.5748159885,0.1372160017,0.7197759748,0.73021,1,0,-1,34305,30017,16,16,7279,24.2495919,17.05706766,512002,0,512002,34305
v3,d830fc32ff2631e4e1344dc30b3e09c3b9690bed,graph,octree_nfcount,flyby,9,891,891,0.5834879875,0.1372160017,0.7285760045,0.7412,1,0,-1,34281,29996,16,16,7245,24.15322043,17.0690092,512002,0,512002,34281
v3,d830fc32ff2631e4e1344dc30b3e09c3b9690bed,graph,octree_nfcount,flyby,9,892,892,0.5733439922,0.1371199936,0.7187200189,0.730154,1,0,-1,34465,30157,16,16,7231,23.97784926,16.97788242,512002,0,512002,34465
v3,d830fc32ff2631e4e1344dc30b3e09c3b9690bed,graph,octree_nfcount,flyby,9,893,893,0.5788159966,0.1372160017,0.7240319848,0.739707,1,0,-1,34649,30318,16,16,7374,24.32218484,16.88772346,512002,0,512002,34649
v3,d830fc32ff2631e4e1344dc30b3e09c3b9690bed,graph,octree_nfcount,flyby,9,894,894,0.5827839971,0.1372160017,0.727872014,0.739669,1,0,-1,34489,30178,16,16,7298,24.1831798,16.966068,512002,0,512002,34489
v3,d830fc32ff2631e4e1344dc30b3e09c3b9690bed,graph,octree_nfcount,flyby,9,895,895,0.5814080238,0.1372160017,0.7264959812,0.741003,1,0,-1,34561,30241,16,16,7282,24.07989154,16.93072319,512002,0,512002,34561
v3,d830fc32ff2631e4e1344dc30b3e09c3b9690bed,graph,octree_nfcount,flyby,9,896,896,0.5753600001,0.1351999938,0.7178239822,0.728991,1,0,-1,34337,30045,16,16,7223,24.04060576,17.04117158,512002,0,512002,34337
v3,d830fc32ff2631e4e1344dc30b3e09c3b9690bed,graph,octree_nfcount,flyby,9,897,897,0.583296001,0.1351680011,0.7261440158,0.739624,1,0,-1,34241,29961,16,16,7184,23.97783786,17.08894897,512002,0,512002,34241
v3,d830fc32ff2631e4e1344dc30b3e09c3b9690bed,graph,octree_nfcount,flyby,9,898,898,0.5860800147,0.1392959952,0.7332479954,0.750955,1,0,-1,34193,29919,16,16,7229,24.16190381,17.11293827,512002,0,512002,34193
v3,d830fc32ff2631e4e1344dc30b3e09c3b9690bed,graph,octree_nfcount,flyby,9,899,899,0.5728960037,0.1351040006,0.7155519724,0.727366,1,0,-1,34209,29933,16,16,7213,24.0971503,17.10493435,512002,0,512002,34209
v3,d830fc32ff2631e4e1344dc30b3e09c3b9690bed,graph,octree_nfcount,flyby,9,900,900,0.5809280276,0.1351999938,0.7242239714,0.739458,1,0,-1,34265,29982,16,16,7169,23.91101327,17.07697952,512002,0,512002,34265
v3,d830fc32ff2631e4e1344dc30b3e09c3b9690bed,graph,octree_nfcount,flyby,9,901,901,0.5794559717,0.1392319947,0.7284160256,0.746687,1,0,-1,34545,30227,16,16,7341,24.28623416,16.93856486,512002,0,512002,34545
v3,d830fc32ff2631e4e1344dc30b3e09c3b9690bed,graph,octree_nfcount,flyby,9,902,902,0.5711039901,0.1371199936,0.7172160149,0.729986,1,0,-1,34321,30031,16,16,7284,24.25493657,17.04911591,512002,0,512002,34321
v3,d830fc32ff2631e4e1344dc30b3e09c3b9690bed,graph,octree_nfcount,flyby,9,903,903,0.5792000294,0.1351680011,0.721855998,0.736664,1,0,-1,34345,30052,16,16,7187,23.91521363,17.03720218,512002,0,512002,34345
v3,d830fc32ff2631e4e1344dc30b3e09c3b9690bed,graph,octree_nfcount,flyby,9,904,904,0.5857599974,0.1351680011,0.7285119891,0.73832,1,0,-1,34609,30283,16,16,7353,24.28094971,16.90724169,512002,0,512002,34609
v3,d830fc32ff2631e4e1344dc30b3e09c3b9690bed,graph,octree_nfcount,flyby,9,905,905,0.5702720284,0.1370880008,0.7141119838,0.724817,1,0,-1,34105,29842,16,16,7183,24.07010254,17.15709403,512002,0,512002,34105
v3,d830fc32ff2631e4e1344dc30b3e09c3b9690bed,graph,octree_nfcount,flyby,9,906,906,0.5752000213,0.1351680011,0.7193920016,0.730798,1,0,-1,34241,29961,16,16,7264,24.24485164,17.08894897,512002,0,512002,34241
v3,d830fc32ff2631e4e1344dc30b3e09c3b9690bed,graph,octree_nfcount,flyby,9,907,907,0.5827519894,0.1351680011,0.7265279889,0.739174,1,0,-1,34505,30192,16,16,7372,24.41706412,16.95820085,512002,0,512002,34505
v3,d830fc32ff2631e4e1344dc30b3e09c3b9690bed,graph,octree_nfcount,flyby,9,908,908,0.5752639771,0.1392959952,0.7225599885,0.740329,1,0,-1,34145,29877,16,16,7184,24.0452522,17.13699501,512002,0,512002,34145
v3,d830fc32ff2631e4e1344dc30b3e09c3b9690bed,graph,octree_nfcount,flyby,9,909,909,0.5771520138,0.1371520013,0.7228800058,0.741555,1,0,-1,34201,29926,16,16,7163,23.93570808,17.10893537,512002,0,512002,34201
v3,d830fc32ff2631e4e1344dc30b3e09c3b9690bed,graph,octree_nfcount,flyby,9,910,910,0.5777279735,0.1392959952,0.7259839773,0.744342,1,0,-1,34433,30129,16,16,7251,24.06651399,16.99366059,512002,0,512002,34433
v3,d830fc32ff2631e4e1344dc30b3e09c3b9690bed,graph,octree_nfcount,flyby,9,911,911,0.572863996,0.1351680011,0.7171199918,0.730474,1,0,-1,34305,30017,16,16,7111,23.68990905,17.05706766,512002,0,512002,34305
v3,d830fc32ff2631e4e1344dc30b3e09c3b9690bed,graph,octree_nfcount,flyby,9,912,912,0.583039999,0.1351680011,0.7264320254,0.739539,1,0,-1,34409,30108,16,16,7227,24.00358709,17.00551348,512002,0,512002,34409
v3,d830fc32ff2631e4e1344dc30b3e09c3b9690bed,graph,octree_nfcount,flyby,9,913,913,0.5828800201,0.1351999938,0.7255359888,0.737365,1,0,-1,34465,30157,16,16,7236,23.99442915,16.97788242,512002,0,512002,34465
v3,d830fc32ff2631e4e1344dc30b3e09c3b9690bed,graph,octree_nfcount,flyby,9,914,914,0.5707839727,0.1351680011,0.7149760127,0.729279,1,0,-1,33961,29716,16,16,6974,23.46883834,17.22984251,512002,0,512002,33961
v3,d830fc32ff2631e4e1344dc30b3e09c3b9690bed,graph,octree_nfcount,flyby,9,915,915,0.5767999887,0.1413439959,0.7261760235,0.737785,1,0,-1,34305,30017,16,16,7163,23.86314422,17.05706766,512002,0,512002,34305
v3,d830fc32ff2631e4e1344dc30b3e09c3b9690bed,graph,octree_nfcount,flyby,9,916,916,0.5794240236,0.1350719929,0.7227839828,0.740838,1,0,-1,34393,30094,16,16,7234,24.03801422,17.0134246,512002,0,512002,34393
v3,d830fc32ff2631e4e1344dc30b3e09c3b9690bed,graph,octree_nfcount,flyby,9,917,917,0.5727360249,0.1372160017,0.7178239822,0.729962,1,0,-1,34233,29954,16,16,7057,23.55945784,17.09294251,512002,0,512002,34233
v3,d830fc32ff2631e4e1344dc30b3e09c3b9690bed,graph,octree_nfcount,flyby,9,918,918,0.5769280195,0.1372479945,0.7207999825,0.735716,1,0,-1,34217,29940,16,16,7213,24.09151637,17.1009352,512002,0,512002,34217
v3,d830fc32ff2631e4e1344dc30b3e09c3b9690bed,graph,octree_nfcount,flyby,9,919,919,0.5794879794,0.1392959952,0.7272319794,0.743562,1,0,-1,34249,29968,16,16,7204,24.03897491,17.08495729,512002,0,512002,34249
v3,d830fc32ff2631e4e1344dc30b3e09c3b9690bed,graph,octree_nfcount,flyby,9,920,920,0.5727360249,0.1372160017,0.7180479765,0.730633,1,0,-1,33961,29716,16,16,6925,23.303944,17.22984251,512002,0,512002,33961
v3,d830fc32ff2631e4e1344dc30b3e09c3b9690bed,graph,octree_nfcount,flyby,9,921,921,0.5776640177,0.1372160017,0.7231360078,0.739981,1,0,-1,34121,29856,16,16,7112,23.8210075,17.14904877,512002,0,512002,34121
v3,d830fc32ff2631e4e1344dc30b3e09c3b9690bed,graph,octree_nfcount,flyby,9,922,922,0.5872640014,0.1372160017,0.7322559953,0.742696,1,0,-1,34217,29940,16,16,7206,24.06813627,17.1009352,512002,0,512002,34217
v3,d830fc32ff2631e4e1344dc30b3e09c3b9690bed,graph,octree_nfcount,flyby,9,923,923,0.5717759728,0.1351999938,0.7161279917,0.728852,1,0,-1,33985,29737,16,16,6974,23.45226486,17.21767495,512002,0,512002,33985
v3,d830fc32ff2631e4e1344dc30b3e09c3b9690bed,graph,octree_nfcount,flyby,9,924,924,0.5763199925,0.1370880008,0.7224320173,0.735226,1,0,-1,34137,29870,16,16,7120,23.83662538,17.14101105,512002,0,512002,34137
v3,d830fc32ff2631e4e1344dc30b3e09c3b9690bed,graph,octree_nfcount,flyby,9,925,925,0.5738239884,0.1392959952,0.7214080095,0.735273,1,0,-1,34025,29772,16,16,7157,24.03936585,17.19743383,512002,0,512002,34025
v3,d830fc32ff2631e4e1344dc30b3e09c3b9690bed,graph,octree_nfcount,flyby,9,926,926,0.5718719959,0.1351680011,0.7148479819,0.72682,1,0,-1,33833,29604,16,16,6966,23.53060397,17.2950277,512002,0,512002,33833
v3,d830fc32ff2631e4e1344dc30b3e09c3b9690bed,graph,octree_nfcount,flyby,9,927,927,0.5768960118,0.1372479945,0.7223680019,0.737184,1,0,-1,33993,29744,16,16,7106,23.89053254,17.21362292,512002,0,512002,33993
v3,d830fc32ff2631e4e1344dc30b3e09c3b9690bed,graph,octree_nfcount,flyby,9,928,928,0.5769600272,0.1331200004,0.7180160284,0.729871,1,0,-1,33953,29709,16,16,7060,23.76384261,17.23390218,512002,0,512002,33953
v3,d830fc32ff2631e4e1344dc30b3e09c3b9690bed,graph,octree_nfcount,flyby,9,929,929,0.5687040091,0.1351680011,0.7118080258,0.728865,1,0,-1,33777,29555,16,16,6906,23.36660464,17.32370157,512002,0,512002,33777
v3,d830fc32ff2631e4e1344dc30b3e09c3b9690bed,graph,octree_nfcount,flyby,9,930,930,0.5729920268,0.1351680011,0.7159360051,0.727236,1,0,-1,34017,29765,16,16,7055,23.70233496,17.20147825,512002,0,512002,34017
v3,d830fc32ff2631e4e1344dc30b3e09c3b9690bed,graph,octree_nfcount,flyby,9,931,931,0.5790719986,0.1331200004,0.7204800248,0.74008,1,0,-1,33857,29625,16,16,6947,23.44978903,17.28276793,512002,0,512002,33857
v3,d830fc32ff2631e4e1344dc30b3e09c3b9690bed,graph,octree_nfcount,flyby,9,932,932,0.5746560097,0.1372160017,0.7199680209,0.739378,1,0,-1,33809,29583,16,16,6870,23.22279688,17.30730487,512002,0,512002,33809
v3,d830fc32ff2631e4e1344dc30b3e09c3b9690bed,graph,octree_nfcount,flyby,9,933,933,0.5716800094,0.1351680011,0.7146559954,0.726818,1,0,-1,33969,29723,16,16,6972,23.45658244,17.22578475,512002,0,512002,33969
v3,d830fc32ff2631e4e1344dc30b3e09c3b9690bed,graph,octree_nfcount,flyby,9,934,934,0.5804160237,0.1331200004,0.7207999825,0.735371,1,0,-1,33825,29597,16,16,6939,23.44494374,17.29911815,512002,0,512002,33825
v3,d830fc32ff2631e4e1344dc30b3e09c3b9690bed,graph,octree_nfcount,flyby,9,935,935,0.5771200061,0.1351680011,0.7207360268,0.739131,1,0,-1,33745,29527,16,16,6915,23.4192434,17.34012937,512002,0,512002,33745
v3,d830fc32ff2631e4e1344dc30b3e09c3b9690bed,graph,octree_nfcount,flyby,9,936,936,0.5696640015,0.1372479945,0.7150080204,0.728536,1,0,-1,33937,29695,16,16,7041,23.71106247,17.24202728,512002,0,512002,33937
v3,d830fc32ff2631e4e1344dc30b3e09c3b9690bed,graph,octree_nfcount,flyby,9,937,937,0.5798079967,0.1351680011,0.724511981,0.73857,1,0,-1,33809,29583,16,16,6868,23.21603624,17.30730487,512002,0,512002,33809
v3,d830fc32ff2631e4e1344dc30b3e09c3b9690bed,graph,octree_nfcount,flyby,9,938,938,0.5785920024,0.1351680011,0.7228800058,0.741229,1,0,-1,33937,29695,16,16,6963,23.44839199,17.24202728,512002,0,512002,33937
v3,d830fc32ff2631e4e1344dc30b3e09c3b9690bed,graph,octree_nfcount,flyby,9,939,939,0.5744640231,0.1331200004,0.7161599994,0.727886,1,0,-1,33657,29450,16,16,6922,23.50424448,17.38546689,512002,0,512002,33657
v3,d830fc32ff2631e4e1344dc30b3e09c3b9690bed,graph,octree_nfcount,flyby,9,940,940,0.5793600082,0.1392640024,0.72636801,0.738637,1,0,-1,33737,29520,16,16,6903,23.38414634,17.34424119,512002,0,512002,33737
v3,d830fc32ff2631e4e1344dc30b3e09c3b9690bed,graph,octree_nfcount,flyby,9,941,941,0.5754879713,0.1351680011,0.7188159823,0.731114,1,0,-1,33633,29429,16,16,6943,23.59237487,17.39787285,512002,0,512002,33633
v3,d830fc32ff2631e4e1344dc30b3e09c3b9690bed,graph,octree_nfcount,flyby,9,942,942,0.5675200224,0.1351680011,0.7103999853,0.727892,1,0,-1,33625,29422,16,16,6945,23.60478553,17.4020121,512002,0,512002,33625
v3,d830fc32ff2631e4e1344dc30b3e09c3b9690bed,graph,octree_nfcount,flyby,9,943,943,0.5714240074,0.1351680011,0.7156159878,0.728552,1,0,-1,33625,29422,16,16,6883,23.39405887,17.4020121,512002,0,512002,33625
v3,d830fc32ff2631e4e1344dc30b3e09c3b9690bed,graph,octree_nfcount,flyby,9,944,944,0.5772479773,0.1392959952,0.7247359753,0.741066,1,0,-1,33697,29485,16,16,7007,23.76462608,17.36482957,512002,0,512002,33697
v3,d830fc32ff2631e4e1344dc30b3e09c3b9690bed,graph,octree_nfcount,flyby,9,945,945,0.5739520192,0.1372160017,0.7201920152,0.732921,1,0,-1,33825,29597,16,16,6989,23.61387979,17.29911815,512002,0,512002,33825
v3,d830fc32ff2631e4e1344dc30b3e09c3b9690bed,graph,octree_nfcount,flyby,9,946,946,0.5746880174,0.1372160017,0.7200639844,0.733318,1,0,-1,33809,29583,16,16,6924,23.40533414,17.30730487,512002,0,512002,33809
v3,d830fc32ff2631e4e1344dc30b3e09c3b9690bed,graph,octree_nfcount,flyby,9,947,947,0.5725439787,0.1351359934,0.7162560225,0.728959,1,0,-1,33857,29625,16,16,7004,23.64219409,17.28276793,512002,0,512002,33857
v3,d830fc32ff2631e4e1344dc30b3e09c3b9690bed,graph,octree_nfcount,flyby,9,948,948,0.573119998,0.1351680011,0.7169280052,0.730974,1,0,-1,33793,29569,16,16,6943,23.48067233,17.31549934,512002,0,512002,33793
v3,d830fc32ff2631e4e1344dc30b3e09c3b9690bed,graph,octree_nfcount,flyby,9,949,949,0.5791680217,0.1351680011,0.7237759829,0.737037,1,0,-1,33897,29660,16,16,6955,23.44908968,17.26237357,512002,0,512002,33897
v3,d830fc32ff2631e4e1344dc30b3e09c3b9690bed,graph,octree_nfcount,flyby,9,950,950,0.5815680027,0.1372160017,0.7274879813,0.743138,1,0,-1,34177,29905,16,16,7065,23.6248119,17.12094967,512002,0,512002,34177
v3,d830fc32ff2631e4e1344dc30b3e09c3b9690bed,graph,octree_nfcount,flyby,9,951,951,0.5692480206,0.1372160017,0.7149760127,0.729783,1,0,-1,33753,29534,16,16,6975,23.61684838,17.3360195,512002,0,512002,33753
v3,d830fc32ff2631e4e1344dc30b3e09c3b9690bed,graph,octree_nfcount,flyby,9,952,952,0.5729280114,0.1372160017,0.7180479765,0.730106,1,0,-1,33897,29660,16,16,7025,23.68509777,17.26237357,512002,0,512002,33897
v3,d830fc32ff2631e4e1344dc30b3e09c3b9690bed,graph,octree_nfcount,flyby,9,953,953,0.5790079832,0.1351680011,0.7219840288,0.737661,1,0,-1,34105,29842,16,16,7084,23.73835534,17.15709403,512002,0,512002,34105
v3,d830fc32ff2631e4e1344dc30b3e09c3b9690bed,graph,octree_nfcount,flyby,9,954,954,0.5690240264,0.1350400001,0.7126079798,0.731488,1,0,-1,33905,29667,16,16,6923,23.33569286,17.25830047,512002,0,512002,33905
v3,d830fc32ff2631e4e1344dc30b3e09c3b9690bed,graph,octree_nfcount,flyby,9,955,955,0.5767040253,0.1372479945,0.7223359942,0.741435,1,0,-1,33833,29604,16,16,6968,23.53735982,17.2950277,512002,0,512002,33833
v3,d830fc32ff2631e4e1344dc30b3e09c3b9690bed,graph,octree_nfcount,flyby,9,956,956,0.5835840106,0.1351999938,0.7264000177,0.738503,1,0,-1,33961,29716,16,16,7091,23.86256562,17.22984251,512002,0,512002,33961
v3,d830fc32ff2631e4e1344dc30b3e09c3b9690bed,graph,octree_nfcount,flyby,9,957,957,0.5711680055,0.1330240071,0.7116479874,0.725985,1,0,-1,33793,29569,16,16,6936,23.45699888,17.31549934,512002,0,512002,33793
v3,d830fc32ff2631e4e1344dc30b3e09c3b9690bed,graph,octree_nfcount,flyby,9,958,958,0.5790079832,0.1392959952,0.7267199755,0.74122,1,0,-1,33897,29660,16,16,7019,23.66486851,17.26237357,512002,0,512002,33897
v3,d830fc32ff2631e4e1344dc30b3e09c3b9690bed,graph,octree_nfcount,flyby,9,959,959,0.5793600082,0.1351680011,0.7229440212,0.73457,1,0,-1,34001,29751,16,16,7130,23.96558099,17.20957279,512002,0,512002,34001
v3,d830fc32ff2631e4e1344dc30b3e09c3b9690bed,graph,octree_nfcount,flyby,9,960,960,0.5664640069,0.1351680011,0.7106559873,0.72364,1,0,-1,33713,29499,16,16,6909,23.42113292,17.35658836,512002,0,512002,33713
v3,d830fc32ff2631e4e1344dc30b3e09c3b9690bed,graph,octree_nfcount,flyby,9,961,961,0.5807679892,0.1331200004,0.7222719789,0.739308,1,0,-1,33897,29660,16,16,7147,24.09642616,17.26237357,512002,0,512002,33897
v3,d830fc32ff2631e4e1344dc30b3e09c3b9690bed,graph,octree_nfcount,flyby,9,962,962,0.580287993,0.1371520013,0.7255359888,0.738653,1,0,-1,34033,29779,16,16,7199,24.17475402,17.19339132,512002,0,512002,34033
v3,d830fc32ff2631e4e1344dc30b3e09c3b9690bed,graph,octree_nfcount,flyby,9,963,963,0.5656639934,0.1351680011,0.7084159851,0.723686,1,0,-1,33961,29716,16,16,7091,23.86256562,17.22984251,512002,0,512002,33961
v3,d830fc32ff2631e4e1344dc30b3e09c3b9690bed,graph,octree_nfcount,flyby,9,964,964,0.5762240291,0.1372479945,0.7205119729,0.733938,1,0,-1,33945,29702,16,16,7170,24.13978857,17.23796377,512002,0,512002,33945
v3,d830fc32ff2631e4e1344dc30b3e09c3b9690bed,graph,octree_nfcount,flyby,9,965,965,0.5838720202,0.1351680011,0.7270399928,0.737859,1,0,-1,34049,29793,16,16,7157,24.02242137,17.18531199,512002,0,512002,34049
v3,d830fc32ff2631e4e1344dc30b3e09c3b9690bed,graph,octree_nfcount,flyby,9,966,966,0.5689280033,0.1372160017,0.7141759992,0.727085,1,0,-1,33737,29520,16,16,6926,23.46205962,17.34424119,512002,0,512002,33737
v3,d830fc32ff2631e4e1344dc30b3e09c3b9690bed,graph,octree_nfcount,flyby,9,967,967,0.570464015,0.1351680011,0.7138559818,0.727434,1,0,-1,33969,29723,16,16,7114,23.93432695,17.22578475,512002,0,512002,33969
v3,d830fc32ff2631e4e1344dc30b3e09c3b9690bed,graph,octree_nfcount,flyby,9,968,968,0.5792319775,0.1351680011,0.7215999961,0.732897,1,0,-1,34009,29758,16,16,7160,24.06075677,17.20552456,512002,0,512002,34009
v3,d830fc32ff2631e4e1344dc30b3e09c3b9690bed,graph,octree_nfcount,flyby,9,969,969,0.5702080131,0.1351359934,0.7132800221,0.728077,1,0,-1,33969,29723,16,16,6974,23.46331124,17.22578475,512002,0,512002,33969
v3,d830fc32ff2631e4e1344dc30b3e09c3b9690bed,graph,octree_nfcount,flyby,9,970,970,0.5774080157,0.1392640024,0.7230399847,0.733632,1,0,-1,34217,29940,16,16,7235,24.16499666,17.1009352,512002,0,512002,34217
v3,d830fc32ff2631e4e1344dc30b3e09c3b9690bed,graph,octree_nfcount,flyby,9,971,971,0.5780479908,0.1371839941,0.7224959731,0.73467,1,0,-1,34089,29828,16,16,7140,23.93724018,17.16514684,512002,0,512002,34089
v3,d830fc32ff2631e4e1344dc30b3e09c3b9690bed,graph,octree_nfcount,flyby,9,972,972,0.5702080131,0.1392959952,0.7180479765,0.730546,1,0,-1,33993,29744,16,16,6995,23.51734804,17.21362292,512002,0,512002,33993
v3,d830fc32ff2631e4e1344dc30b3e09c3b9690bed,graph,octree_nfcount,flyby,9,973,973,0.575232029,0.1372160017,0.7200319767,0.731153,1,0,-1,34049,29793,16,16,7118,23.89151814,17.18531199,512002,0,512002,34049
v3,d830fc32ff2631e4e1344dc30b3e09c3b9690bed,graph,octree_nfcount,flyby,9,974,974,0.5811200142,0.1351999938,0.7244480252,0.742374,1,0,-1,34225,29947,16,16,7155,23.89220957,17.09693792,512002,0,512002,34225
v3,d830fc32ff2631e4e1344dc30b3e09c3b9690bed,graph,octree_nfcount,flyby,9,975,975,0.5742719769,0.1372479945,0.7194880247,0.731963,1,0,-1,34113,29849,16,16,6941,23.25371034,17.15307045,512002,0,512002,34113
v3,d830fc32ff2631e4e1344dc30b3e09c3b9690bed,graph,octree_nfcount,flyby,9,976,976,0.5792639852,0.1351680011,0.7228479981,0.740255,1,0,-1,34177,29905,16,16,7038,23.534526,17.12094967,512002,0,512002,34177
v3,d830fc32ff2631e4e1344dc30b3e09c3b9690bed,graph,octree_nfcount,flyby,9,977,977,0.5810559988,0.1371839941,0.7265920043,0.739894,1,0,-1,34521,30206,16,16,7055,23.35628683,16.95034099,512002,0,512002,34521
v3,d830fc32ff2631e4e1344dc30b3e09c3b9690bed,graph,octree_nfcount,flyby,9,978,978,0.5771200061,0.1372160017,0.7223359942,0.74133,1,0,-1,34057,29800,16,16,6846,22.97315436,17.18127517,512002,0,512002,34057
v3,d830fc32ff2631e4e1344dc30b3e09c3b9690bed,graph,octree_nfcount,flyby,9,979,979,0.5749120116,0.1351680011,0.7184960246,0.729905,1,0,-1,34201,29926,16,16,7021,23.4612043,17.10893537,512002,0,512002,34201
v3,d830fc32ff2631e4e1344dc30b3e09c3b9690bed,graph,octree_nfcount,flyby,9,980,980,0.5813120008,0.1350719929,0.7241280079,0.737871,1,0,-1,34057,29800,16,16,6941,23.29194631,17.18127517,512002,0,512002,34057
v3,d830fc32ff2631e4e1344dc30b3e09c3b9690bed,graph,octree_nfcount,flyby,9,981,981,0.5737919807,0.1331200004,0.7148159742,0.72762,1,0,-1,33985,29737,16,16,6827,22.9579312,17.21767495,512002,0,512002,33985
v3,d830fc32ff2631e4e1344dc30b3e09c3b9690bed,graph,octree_nfcount,flyby,9,982,982,0.5711359978,0.1330879927,0.7132480145,0.731572,1,0,-1,34089,29828,16,16,6945,23.28349202,17.16514684,512002,0,512002,34089
v3,d830fc32ff2631e4e1344dc30b3e09c3b9690bed,graph,octree_nfcount,flyby,9,983,983,0.5815039873,0.1351680011,0.7250880003,0.740046,1,0,-1,34241,29961,16,16,6938,23.15677047,17.08894897,512002,0,512002,34241
v3,d830fc32ff2631e4e1344dc30b3e09c3b9690bed,graph,octree_nfcount,flyby,9,984,984,0.5750399828,0.1351359934,0.7192639709,0.731619,1,0,-1,34033,29779,16,16,6877,23.09345512,17.19339132,512002,0,512002,34033
v3,d830fc32ff2631e4e1344dc30b3e09c3b9690bed,graph,octree_nfcount,flyby,9,985,985,0.5727679729,0.1392959952,0.7207679749,0.734218,1,0,-1,34257,29975,16,16,6979,23.28273561,17.08096747,512002,0,512002,34257
v3,d830fc32ff2631e4e1344dc30b3e09c3b9690bed,graph,octree_nfcount,flyby,9,986,986,0.5792959929,0.1351680011,0.722720027,0.735615,1,0,-1,34033,29779,16,16,6918,23.23113604,17.19339132,512002,0,512002,34033
v3,d830fc32ff2631e4e1344dc30b3e09c3b9690bed,graph,octree_nfcount,flyby,9,987,987,0.5716800094,0.1351680011,0.715200007,0.730368,1,0,-1,33921,29681,16,16,6832,23.01809238,17.25016004,512002,0,512002,33921
v3,d830fc32ff2631e4e1344dc30b3e09c3b9690bed,graph,octree_nfcount,flyby,9,988,988,0.5714880228,0.1372160017,0.7163519859,0.730478,1,0,-1,34161,29891,16,16,7002,23.42511124,17.12896859,512002,0,512002,34161
v3,d830fc32ff2631e4e1344dc30b3e09c3b9690bed,graph,octree_nfcount,flyby,9,989,989,0.5819519758,0.1350719929,0.7252799869,0.737342,1,0,-1,34169,29898,16,16,6941,23.21559971,17.12495819,512002,0,512002,34169
v3,d830fc32ff2631e4e1344dc30b3e09c3b9690bed,graph,octree_nfcount,flyby,9,990,990,0.5727999806,0.1351680011,0.7156800032,0.726658,1,0,-1,34169,29898,16,16,6926,23.16542913,17.12495819,512002,0,512002,34169
v3,d830fc32ff2631e4e1344dc30b3e09c3b9690bed,graph,octree_nfcount,flyby,9,991,991,0.5777919888,0.1351680011,0.7215359807,0.733382,1,0,-1,34241,29961,16,16,7051,23.53392744,17.08894897,512002,0,512002,34241
v3,d830fc32ff2631e4e1344dc30b3e09c3b9690bed,graph,octree_nfcount,flyby,9,992,992,0.5834239721,0.1351680011,0.7252799869,0.735724,1,0,-1,34433,30129,16,16,6979,23.1637293,16.99366059,512002,0,512002,34433
v3,d830fc32ff2631e4e1344dc30b3e09c3b9690bed,graph,octree_nfcount,flyby,9,993,993,0.5810239911,0.1372160017,0.7264959812,0.741838,1,0,-1,34281,29996,16,16,6995,23.31977597,17.0690092,512002,0,512002,34281
v3,d830fc32ff2631e4e1344dc30b3e09c3b9690bed,graph,octree_nfcount,flyby,9,994,994,0.5774400234,0.1351359934,0.720960021,0.734135,1,0,-1,34241,29961,16,16,7072,23.60401856,17.08894897,512002,0,512002,34241
v3,d830fc32ff2631e4e1344dc30b3e09c3b9690bed,graph,octree_nfcount,flyby,9,995,995,0.5831680298,0.1372160017,0.7296640277,0.74239,1,0,-1,34313,30024,16,16,7080,23.58113509,17.05309086,512002,0,512002,34313
v3,d830fc32ff2631e4e1344dc30b3e09c3b9690bed,graph,octree_nfcount,flyby,9,996,996,0.5776640177,0.1392640024,0.7254080176,0.741103,1,0,-1,34417,30115,16,16,7099,23.57297028,17.00156068,512002,0,512002,34417
v3,d830fc32ff2631e4e1344dc30b3e09c3b9690bed,graph,octree_nfcount,flyby,9,997,997,0.573472023,0.1371199936,0.71884799,0.732513,1,0,-1,34273,29989,16,16,7118,23.73536964,17.07299343,512002,0,512002,34273
v3,d830fc32ff2631e4e1344dc30b3e09c3b9690bed,graph,octree_nfcount,flyby,9,998,998,0.5829439759,0.1392959952,0.7297599912,0.742215,1,0,-1,34217,29940,16,16,6979,23.30995324,17.1009352,512002,0,512002,34217
v3,d830fc32ff2631e4e1344dc30b3e09c3b9690bed,graph,octree_nfcount,flyby,9,999,999,0.5727040172,0.1372479945,0.7180160284,0.737205,1,0,-1,34257,29975,16,16,7062,23.55963303,17.08096747,512002,0,512002,34257
v3,d830fc32ff2631e4e1344dc30b3e09c3b9690bed,graph,octree_nfcount,flyby,9,1000,1000,0.5749120116,0.1331200004,0.7161920071,0.728929,1,0,-1,34057,29800,16,16,6977,23.41275168,17.18127517,512002,0,512002,34057
v3,d830fc32ff2631e4e1344dc30b3e09c3b9690bed,graph,octree_nfcount,flyby,9,1001,1001,0.5813120008,0.1392640024,0.7283840179,0.741348,1,0,-1,34025,29772,16,16,6943,23.32056966,17.19743383,512002,0,512002,34025
v3,d830fc32ff2631e4e1344dc30b3e09c3b9690bed,graph,octree_nfcount,flyby,9,1002,1002,0.5720000267,0.1351680011,0.7153279781,0.726328,1,0,-1,34065,29807,16,16,6982,23.42402791,17.17724025,512002,0,512002,34065
v3,d830fc32ff2631e4e1344dc30b3e09c3b9690bed,graph,octree_nfcount,flyby,9,1003,1003,0.565952003,0.1350719929,0.7100480199,0.729194,1,0,-1,34033,29779,16,16,7030,23.60724,17.19339132,512002,0,512002,34033
v3,d830fc32ff2631e4e1344dc30b3e09c3b9690bed,graph,octree_nfcount,flyby,9,1004,1004,0.5769919753,0.1351680011,0.7207999825,0.73316,1,0,-1,34057,29800,16,16,6942,23.29530201,17.18127517,512002,0,512002,34057
v3,d830fc32ff2631e4e1344dc30b3e09c3b9690bed,graph,octree_nfcount,flyby,9,1005,1005,0.5756800175,0.1351680011,0.7192320228,0.731882,1,0,-1,33913,29674,16,16,6954,23.4346566,17.25422929,512002,0,512002,33913
v3,d830fc32ff2631e4e1344dc30b3e09c3b9690bed,graph,octree_nfcount,flyby,9,1006,1006,0.5747519732,0.1351680011,0.7182719707,0.730594,1,0,-1,33761,29541,16,16,6894,23.33705697,17.33191158,512002,0,512002,33761
v3,d830fc32ff2631e4e1344dc30b3e09c3b9690bed,graph,octree_nfcount,flyby,9,1007,1007,0.5752639771,0.1351359934,0.7183679938,0.737603,1,0,-1,33881,29646,16,16,6889,23.23753626,17.27052553,512002,0,512002,33881
v3,d830fc32ff2631e4e1344dc30b3e09c3b9690bed,graph,octree_nfcount,flyby,9,1008,1008,0.5776000023,0.1371839941,0.7231040001,0.740801,1,0,-1,34057,29800,16,16,7000,23.48993289,17.18127517,512002,0,512002,34057
v3,d830fc32ff2631e4e1344dc30b3e09c3b9690bed,graph,octree_nfcount,flyby,9,1009,1009,0.5675839782,0.1350400001,0.7111359835,0.729858,1,0,-1,33873,29639,16,16,6932,23.38810351,17.27460441,512002,0,512002,33873
v3,d830fc32ff2631e4e1344dc30b3e09c3b9690bed,graph,octree_nfcount,flyby,9,1010,1010,0.5855039954,0.1371839941,0.7311999798,0.742359,1,0,-1,33961,29716,16,16,6851,23.05491991,17.22984251,512002,0,512002,33961
v3,d830fc32ff2631e4e1344dc30b3e09c3b9690bed,graph,octree_nfcount,flyby,9,1011,1011,0.5747519732,0.1392959952,0.7219840288,0.737508,1,0,-1,34097,29835,16,16,6957,23.31825038,17.16111949,512002,0,512002,34097
v3,d830fc32ff2631e4e1344dc30b3e09c3b9690bed,graph,octree_nfcount,flyby,9,1012,1012,0.5669440031,0.1350400001,0.7106239796,0.728605,1,0,-1,33865,29632,16,16,6853,23.12702484,17.27868521,512002,0,512002,33865
v3,d830fc32ff2631e4e1344dc30b3e09c3b9690bed,graph,octree_nfcount,flyby,9,1013,1013,0.5782399774,0.1371839941,0.7240319848,0.742896,1,0,-1,33753,29534,16,16,6818,23.08525767,17.3360195,512002,0,512002,33753
v3,d830fc32ff2631e4e1344dc30b3e09c3b9690bed,graph,octree_nfcount,flyby,9,1014,1014,0.5811200142,0.1372160017,0.7265279889,0.740427,1,0,-1,33825,29597,16,16,7017,23.70848397,17.29911815,512002,0,512002,33825
v3,d830fc32ff2631e4e1344dc30b3e09c3b9690bed,graph,octree_nfcount,flyby,9,1015,1015,0.5695679784,0.1351680011,0.7128959894,0.727178,1,0,-1,33865,29632,16,16,6996,23.60961123,17.27868521,512002,0,512002,33865
v3,d830fc32ff2631e4e1344dc30b3e09c3b9690bed,graph,octree_nfcount,flyby,9,1016,1016,0.5769600272,0.1372160017,0.7224959731,0.740954,1,0,-1,33961,29716,16,16,6920,23.28711805,17.22984251,512002,0,512002,33961
v3,d830fc32ff2631e4e1344dc30b3e09c3b9690bed,graph,octree_nfcount,flyby,9,1017,1017,0.5731840134,0.1351680011,0.7166399956,0.731371,1,0,-1,34017,29765,16,16,7007,23.54107173,17.20147825,512002,0,512002,34017
v3,d830fc32ff2631e4e1344dc30b3e09c3b9690bed,graph,octree_nfcount,flyby,9,1018,1018,0.5710719824,0.1351999938,0.7146559954,0.734394,1,0,-1,33689,29478,16,16,6915,23.4581722,17.36895312,512002,0,512002,33689
v3,d830fc32ff2631e4e1344dc30b3e09c3b9690bed,graph,octree_nfcount,flyby,9,1019,1019,0.579136014,0.1372479945,0.7233920097,0.734214,1,0,-1,33801,29576,16,16,6923,23.40749256,17.31140114,512002,0,512002,33801
v3,d830fc32ff2631e4e1344dc30b3e09c3b9690bed,graph,octree_nfcount,flyby,9,1020,1020,0.5790399909,0.1351680011,0.7217280269,0.736817,1,0,-1,34145,29877,16,16,7025,23.51307025,17.13699501,512002,0,512002,34145
v3,d830fc32ff2631e4e1344dc30b3e09c3b9690bed,graph,octree_nfcount,flyby,9,1021,1021,0.5715839863,0.1350400001,0.7142400146,0.732232,1,0,-1,33857,29625,16,16,6860,23.15611814,17.28276793,512002,0,512002,33857
v3,d830fc32ff2631e4e1344dc30b3e09c3b9690bed,graph,octree_nfcount,flyby,9,1022,1022,0.5811200142,0.1372160017,0.7263360023,0.739716,1,0,-1,33905,29667,16,16,6800,22.92109077,17.25830047,512002,0,512002,33905
v3,d830fc32ff2631e4e1344dc30b3e09c3b9690bed,graph,octree_nfcount,flyby,9,1023,1023,0.5852479935,0.1372160017,0.7310079932,0.74387,1,0,-1,34193,29919,16,16,6975,23.31294495,17.11293827,512002,0,512002,34193
v3,d830fc32ff2631e4e1344dc30b3e09c3b9690bed,graph,octree_nfcount,flyby,9,1024,1024,0.5694400072,0.1351680011,0.7132800221,0.729646,1,0,-1,33849,29618,16,16,6814,23.00627996,17.28685259,512002,0,512002,33849
v3,d830fc32ff2631e4e1344dc30b3e09c3b9690bed,graph,octree_nfcount,flyby,9,1025,1025,0.5772160292,0.1351680011,0.7194240093,0.731735,1,0,-1,34065,29807,16,16,6933,23.259637,17.17724025,512002,0,512002,34065
v3,d830fc32ff2631e4e1344dc30b3e09c3b9690bed,graph,octree_nfcount,flyby,9,1026,1026,0.5835520029,0.1372479945,0.7255679965,0.739094,1,0,-1,34409,30108,16,16,7082,23.52198751,17.00551348,512002,0,512002,34409
v3,d830fc32ff2631e4e1344dc30b3e09c3b9690bed,graph,octree_nfcount,flyby,9,1027,1027,0.5693119764,0.1330879927,0.7065600157,0.716643,1,0,-1,34065,29807,16,16,6934,23.26299191,17.17724025,512002,0,512002,34065
v3,d830fc32ff2631e4e1344dc30b3e09c3b9690bed,graph,octree_nfcount,flyby,9,1028,1028,0.5760639906,0.1351359934,0.7151679993,0.723144,1,0,-1,34041,29786,16,16,6974,23.41368428,17.1893507,512002,0,512002,34041
v3,d830fc32ff2631e4e1344dc30b3e09c3b9690bed,graph,octree_nfcount,flyby,9,1029,1029,0.5790079832,0.1331200004,0.7162560225,0.725674,1,0,-1,34161,29891,16,16,7032,23.5254759,17.12896859,512002,0,512002,34161
v3,d830fc32ff2631e4e1344dc30b3e09c3b9690bed,graph,octree_nfcount,flyby,9,1030,1030,0.5732160211,0.1372160017,0.7144960165,0.723814,1,0,-1,33897,29660,16,16,6943,23.40863115,17.26237357,512002,0,512002,33897
v3,d830fc32ff2631e4e1344dc30b3e09c3b9690bed,graph,octree_nfcount,flyby,9,1031,1031,0.5796160102,0.1372160017,0.7198399901,0.728101,1,0,-1,34105,29842,16,16,7027,23.54734937,17.15709403,512002,0,512002,34105
v3,d830fc32ff2631e4e1344dc30b3e09c3b9690bed,graph,octree_nfcount,flyby,9,1032,1032,0.5778239965,0.1350719929,0.7168639898,0.725838,1,0,-1,34233,29954,16,16,7156,23.88996461,17.09294251,512002,0,512002,34233
v3,d830fc32ff2631e4e1344dc30b3e09c3b9690bed,graph,octree_nfcount,flyby,9,1033,1033,0.569216013,0.1351680011,0.7083520293,0.722759,1,0,-1,34049,29793,16,16,6939,23.29070587,17.18531199,512002,0,512002,34049
v3,d830fc32ff2631e4e1344dc30b3e09c3b9690bed,graph,octree_nfcount,flyby,9,1034,1034,0.5741760135,0.1351680011,0.7123519778,0.723641,1,0,-1,34073,29814,16,16,7001,23.48225666,17.17320722,512002,0,512002,34073
v3,d830fc32ff2631e4e1344dc30b3e09c3b9690bed,graph,octree_nfcount,flyby,9,1035,1035,0.5748159885,0.1392959952,0.7207679749,0.734158,1,0,-1,34297,30010,16,16,7099,23.65544818,17.06104632,512002,0,512002,34297
v3,d830fc32ff2631e4e1344dc30b3e09c3b9690bed,graph,octree_nfcount,flyby,9,1036,1036,0.5713919997,0.1371839941,0.7156479955,0.727086,1,0,-1,33977,29730,16,16,6992,23.51833165,17.22172889,512002,0,512002,33977
v3,d830fc32ff2631e4e1344dc30b3e09c3b9690bed,graph,octree_nfcount,flyby,9,1037,1037,0.5813440084,0.1331200004,0.7214080095,0.73466,1,0,-1,34065,29807,16,16,7017,23.54144999,17.17724025,512002,0,512002,34065
v3,d830fc32ff2631e4e1344dc30b3e09c3b9690bed,graph,octree_nfcount,flyby,9,1038,1038,0.5819200277,0.1351680011,0.7242239714,0.735682,1,0,-1,34193,29919,16,16,7120,23.79758682,17.11293827,512002,0,512002,34193
v3,d830fc32ff2631e4e1344dc30b3e09c3b9690bed,graph,octree_nfcount,flyby,9,1039,1039,0.5746560097,0.1392640024,0.7214080095,0.73797,1,0,-1,33953,29709,16,16,6871,23.12767175,17.23390218,512002,0,512002,33953
v3,d830fc32ff2631e4e1344dc30b3e09c3b9690bed,graph,octree_nfcount,flyby,9,1040,1040,0.5777279735,0.1331200004,0.7189120054,0.731468,1,0,-1,34097,29835,16,16,6986,23.41545165,17.16111949,512002,0,512002,34097
v3,d830fc32ff2631e4e1344dc30b3e09c3b9690bed,graph,octree_nfcount,flyby,9,1041,1041,0.5779520273,0.1392959952,0.7243199944,0.73491,1,0,-1,34249,29968,16,16,7051,23.52843033,17.08495729,512002,0,512002,34249
v3,d830fc32ff2631e4e1344dc30b3e09c3b9690bed,graph,octree_nfcount,flyby,9,1042,1042,0.5660160184,0.1372160017,0.7095040083,0.721597,1,0,-1,33825,29597,16,16,6884,23.2591141,17.29911815,512002,0,512002,33825
v3,d830fc32ff2631e4e1344dc30b3e09c3b9690bed,graph,octree_nfcount,flyby,9,1043,1043,0.5752959847,0.1351680011,0.7185599804,0.730664,1,0,-1,34289,30003,16,16,7062,23.53764624,17.06502683,512002,0,512002,34289
v3,d830fc32ff2631e4e1344dc30b3e09c3b9690bed,graph,octree_nfcount,flyby,9,1044,1044,0.5837119818,0.1351680011,0.726271987,0.738248,1,0,-1,34345,30052,16,16,7161,23.82869693,17.03720218,512002,0,512002,34345
v3,d830fc32ff2631e4e1344dc30b3e09c3b9690bed,graph,octree_nfcount,flyby,9,1045,1045,0.5747519732,0.1331200004,0.7156159878,0.727982,1,0,-1,33977,29730,16,16,6994,23.52505886,17.22172889,512002,0,512002,33977
v3,d830fc32ff2631e4e1344dc30b3e09c3b9690bed,graph,octree_nfcount,flyby,9,1046,1046,0.5784639716,0.1330240071,0.7196800113,0.739169,1,0,-1,34113,29849,16,16,7044,23.59878053,17.15307045,512002,0,512002,34113
v3,d830fc32ff2631e4e1344dc30b3e09c3b9690bed,graph,octree_nfcount,flyby,9,1047,1047,0.5769280195,0.1331200004,0.7181760073,0.730058,1,0,-1,34233,29954,16,16,7163,23.91333378,17.09294251,512002,0,512002,34233
v3,d830fc32ff2631e4e1344dc30b3e09c3b9690bed,graph,octree_nfcount,flyby,9,1048,1048,0.5701439977,0.1371839941,0.7150080204,0.726147,1,0,-1,34089,29828,16,16,6911,23.16950516,17.16514684,512002,0,512002,34089
v3,d830fc32ff2631e4e1344dc30b3e09c3b9690bed,graph,octree_nfcount,flyby,9,1049,1049,0.5811840296,0.1370880008,0.7259520292,0.739173,1,0,-1,34233,29954,16,16,7060,23.56947319,17.09294251,512002,0,512002,34233
v3,d830fc32ff2631e4e1344dc30b3e09c3b9690bed,graph,octree_nfcount,flyby,9,1050,1050,0.5792639852,0.1351680011,0.7205119729,0.732513,1,0,-1,34345,30052,16,16,7101,23.62904299,17.03720218,512002,0,512002,34345
v3,d830fc32ff2631e4e1344dc30b3e09c3b9690bed,graph,octree_nfcount,flyby,9,1051,1051,0.5691199899,0.1351680011,0.7119039893,0.725935,1,0,-1,34105,29842,16,16,6876,23.04135112,17.15709403,512002,0,512002,34105
v3,d830fc32ff2631e4e1344dc30b3e09c3b9690bed,graph,octree_nfcount,flyby,9,1052,1052,0.5766400099,0.1331200004,0.7168959975,0.72848,1,0,-1,34153,29884,16,16,6994,23.40382814,17.13298086,512002,0,512002,34153
v3,d830fc32ff2631e4e1344dc30b3e09c3b9690bed,graph,octree_nfcount,flyby,9,1053,1053,0.5800960064,0.1392959952,0.7268159986,0.737158,1,0,-1,34361,30066,16,16,7089,23.57812812,17.02926894,512002,0,512002,34361
v3,d830fc32ff2631e4e1344dc30b3e09c3b9690bed,graph,octree_nfcount,flyby,9,1054,1054,0.5711680055,0.1372479945,0.7165759802,0.730252,1,0,-1,34249,29968,16,16,6947,23.18139349,17.08495729,512002,0,512002,34249
v3,d830fc32ff2631e4e1344dc30b3e09c3b9690bed,graph,octree_nfcount,flyby,9,1055,1055,0.5793280005,0.1372160017,0.7248960137,0.742019,1,0,-1,34153,29884,16,16,7059,23.62133583,17.13298086,512002,0,512002,34153
v3,d830fc32ff2631e4e1344dc30b3e09c3b9690bed,graph,octree_nfcount,flyby,9,1056,1056,0.5777279735,0.1372160017,0.7229440212,0.740629,1,0,-1,34289,30003,16,16,7165,23.88094524,17.06502683,512002,0,512002,34289
v3,d830fc32ff2631e4e1344dc30b3e09c3b9690bed,graph,octree_nfcount,flyby,9,1057,1057,0.572224021,0.1350400001,0.7139840126,0.725387,1,0,-1,34129,29863,16,16,6907,23.12895556,17.14502897,512002,0,512002,34129
v3,d830fc32ff2631e4e1344dc30b3e09c3b9690bed,graph,octree_nfcount,flyby,9,1058,1058,0.5790399909,0.1330559999,0.7197759748,0.73073,1,0,-1,34337,30045,16,16,7174,23.87751706,17.04117158,512002,0,512002,34337
v3,d830fc32ff2631e4e1344dc30b3e09c3b9690bed,graph,octree_nfcount,flyby,9,1059,1059,0.5819519758,0.1330879927,0.7231360078,0.739603,1,0,-1,34353,30059,16,16,7187,23.90964437,17.03323464,512002,0,512002,34353
v3,d830fc32ff2631e4e1344dc30b3e09c3b9690bed,graph,octree_nfcount,flyby,9,1060,1060,0.5684159994,0.1350400001,0.7109760046,0.727095,1,0,-1,33921,29681,16,16,6887,23.20339611,17.25016004,512002,0,512002,33921
v3,d830fc32ff2631e4e1344dc30b3e09c3b9690bed,graph,octree_nfcount,flyby,9,1061,1061,0.5768960118,0.1392640024,0.723968029,0.740096,1,0,-1,34241,29961,16,16,7025,23.44714796,17.08894897,512002,0,512002,34241
v3,d830fc32ff2631e4e1344dc30b3e09c3b9690bed,graph,octree_nfcount,flyby,9,1062,1062,0.5813440084,0.1350719929,0.7245439887,0.738892,1,0,-1,34257,29975,16,16,7089,23.64970809,17.08096747,512002,0,512002,34257
v3,d830fc32ff2631e4e1344dc30b3e09c3b9690bed,graph,octree_nfcount,flyby,9,1063,1063,0.5729600191,0.1351680011,0.7159360051,0.728527,1,0,-1,34001,29751,16,16,6874,23.10510571,17.20957279,512002,0,512002,34001
v3,d830fc32ff2631e4e1344dc30b3e09c3b9690bed,graph,octree_nfcount,flyby,9,1064,1064,0.5712320209,0.1351680011,0.7145280242,0.727617,1,0,-1,34297,30010,16,16,7058,23.51882706,17.06104632,512002,0,512002,34297
v3,d830fc32ff2631e4e1344dc30b3e09c3b9690bed,graph,octree_nfcount,flyby,9,1065,1065,0.5740479827,0.1351680011,0.7158079743,0.733453,1,0,-1,34329,30038,16,16,7064,23.51687862,17.04514282,512002,0,512002,34329
v3,d830fc32ff2631e4e1344dc30b3e09c3b9690bed,graph,octree_nfcount,flyby,9,1066,1066,0.5732160211,0.1372479945,0.7186880112,0.730345,1,0,-1,34169,29898,16,16,6827,22.8343033,17.12495819,512002,0,512002,34169
v3,d830fc32ff2631e4e1344dc30b3e09c3b9690bed,graph,octree_nfcount,flyby,9,1067,1067,0.580640018,0.1372160017,0.7245439887,0.735594,1,0,-1,34297,30010,16,16,6974,23.23892036,17.06104632,512002,0,512002,34297
v3,d830fc32ff2631e4e1344dc30b3e09c3b9690bed,graph,octree_nfcount,flyby,9,1068,1068,0.57763201,0.1331200004,0.7190719843,0.730661,1,0,-1,34361,30066,16,16,7044,23.42845739,17.02926894,512002,0,512002,34361
v3,d830fc32ff2631e4e1344dc30b3e09c3b9690bed,graph,octree_nfcount,flyby,9,1069,1069,0.5733439922,0.1331200004,0.7148799896,0.728072,1,0,-1,33953,29709,16,16,6804,22.90215086,17.23390218,512002,0,512002,33953
v3,d830fc32ff2631e4e1344dc30b3e09c3b9690bed,graph,octree_nfcount,flyby,9,1070,1070,0.5743359923,0.1371839941,0.7192320228,0.737487,1,0,-1,34281,29996,16,16,6940,23.13641819,17.0690092,512002,0,512002,34281
v3,d830fc32ff2631e4e1344dc30b3e09c3b9690bed,graph,octree_nfcount,flyby,9,1071,1071,0.5850880146,0.1351680011,0.7279040217,0.740256,1,0,-1,34297,30010,16,16,7020,23.3922026,17.06104632,512002,0,512002,34297
v3,d830fc32ff2631e4e1344dc30b3e09c3b9690bed,graph,octree_nfcount,flyby,9,1072,1072,0.5688319802,0.1351359934,0.7117440104,0.726516,1,0,-1,34009,29758,16,16,6746,22.66953424,17.20552456,512002,0,512002,34009
v3,d830fc32ff2631e4e1344dc30b3e09c3b9690bed,graph,octree_nfcount,flyby,9,1073,1073,0.57763201,0.1351359934,0.7206720114,0.738267,1,0,-1,34001,29751,16,16,6810,22.88998689,17.20957279,512002,0,512002,34001
v3,d830fc32ff2631e4e1344dc30b3e09c3b9690bed,graph,octree_nfcount,flyby,9,1074,1074,0.5770559907,0.1330240071,0.7180799842,0.729709,1,0,-1,34065,29807,16,16,6886,23.10195592,17.17724025,512002,0,512002,34065
v3,d830fc32ff2631e4e1344dc30b3e09c3b9690bed,graph,octree_nfcount,flyby,9,1075,1075,0.5691199899,0.1351680011,0.7126079798,0.727509,1,0,-1,33817,29590,16,16,6666,22.52788104,17.30321054,512002,0,512002,33817
v3,d830fc32ff2631e4e1344dc30b3e09c3b9690bed,graph,octree_nfcount,flyby,9,1076,1076,0.5807679892,0.1351680011,0.7242559791,0.740758,1,0,-1,33969,29723,16,16,6818,22.93846516,17.22578475,512002,0,512002,33969
v3,d830fc32ff2631e4e1344dc30b3e09c3b9690bed,graph,octree_nfcount,flyby,9,1077,1077,0.5811840296,0.1351680011,0.7243520021,0.740139,1,0,-1,33953,29709,16,16,6866,23.11084183,17.23390218,512002,0,512002,33953
v3,d830fc32ff2631e4e1344dc30b3e09c3b9690bed,graph,octree_nfcount,flyby,9,1078,1078,0.5729920268,0.1372160017,0.7180160284,0.729853,1,0,-1,33857,29625,16,16,6713,22.65991561,17.28276793,512002,0,512002,33857
v3,d830fc32ff2631e4e1344dc30b3e09c3b9690bed,graph,octree_nfcount,flyby,9,1079,1079,0.5777599812,0.1351359934,0.7208319902,0.733052,1,0,-1,33721,29506,16,16,6814,23.09360808,17.35247068,512002,0,512002,33721
v3,d830fc32ff2631e4e1344dc30b3e09c3b9690bed,graph,octree_nfcount,flyby,9,1080,1080,0.5764160156,0.1372160017,0.7205119729,0.736803,1,0,-1,33881,29646,16,16,6883,23.21729744,17.27052553,512002,0,512002,33881
v3,d830fc32ff2631e4e1344dc30b3e09c3b9690bed,graph,octree_nfcount,flyby,9,1081,1081,0.568607986,0.1372479945,0.7140160203,0.727671,1,0,-1,33657,29450,16,16,6679,22.67911715,17.38546689,512002,0,512002,33657
v3,d830fc32ff2631e4e1344dc30b3e09c3b9690bed,graph,octree_nfcount,flyby,9,1082,1082,0.5732799768,0.1330559999,0.7144960165,0.728475,1,0,-1,33673,29464,16,16,6789,23.04167798,17.37720608,512002,0,512002,33673
v3,d830fc32ff2631e4e1344dc30b3e09c3b9690bed,graph,octree_nfcount,flyby,9,1083,1083,0.5801280141,0.1372160017,0.7251840234,0.740699,1,0,-1,33977,29730,16,16,6930,23.30978809,17.22172889,512002,0,512002,33977
v3,d830fc32ff2631e4e1344dc30b3e09c3b9690bed,graph,octree_nfcount,flyby,9,1084,1084,0.5720000267,0.1372160017,0.7174400091,0.733226,1,0,-1,33761,29541,16,16,6672,22.58555905,17.33191158,512002,0,512002,33761
v3,d830fc32ff2631e4e1344dc30b3e09c3b9690bed,graph,octree_nfcount,flyby,9,1085,1085,0.5784000158,0.1351680011,0.7228800058,0.73506,1,0,-1,33929,29688,16,16,6794,22.88466721,17.2460927,512002,0,512002,33929
v3,d830fc32ff2631e4e1344dc30b3e09c3b9690bed,graph,octree_nfcount,flyby,9,1086,1086,0.5791040063,0.1392319947,0.7262079716,0.740228,1,0,-1,34057,29800,16,16,6847,22.97651007,17.18127517,512002,0,512002,34057
v3,d830fc32ff2631e4e1344dc30b3e09c3b9690bed,graph,octree_nfcount,flyby,9,1087,1087,0.572511971,0.1351359934,0.7154880166,0.727395,1,0,-1,33881,29646,16,16,6669,22.49544627,17.27052553,512002,0,512002,33881
v3,d830fc32ff2631e4e1344dc30b3e09c3b9690bed,graph,octree_nfcount,flyby,9,1088,1088,0.5766720176,0.1351680011,0.719712019,0.730948,1,0,-1,33929,29688,16,16,6765,22.78698464,17.2460927,512002,0,512002,33929
v3,d830fc32ff2631e4e1344dc30b3e09c3b9690bed,graph,octree_nfcount,flyby,9,1089,1089,0.5802239776,0.1351680011,0.7221760154,0.734393,1,0,-1,34049,29793,16,16,6792,22.79730138,17.18531199,512002,0,512002,34049
v3,d830fc32ff2631e4e1344dc30b3e09c3b9690bed,graph,octree_nfcount,flyby,9,1090,1090,0.5714240074,0.1372160017,0.7166399956,0.728893,1,0,-1,34017,29765,16,16,6687,22.46598354,17.20147825,512002,0,512002,34017
v3,d830fc32ff2631e4e1344dc30b3e09c3b9690bed,graph,octree_nfcount,flyby,9,1091,1091,0.5717759728,0.1351040006,0.7143679857,0.728319,1,0,-1,33865,29632,16,16,6754,22.79292657,17.27868521,512002,0,512002,33865
v3,d830fc32ff2631e4e1344dc30b3e09c3b9690bed,graph,octree_nfcount,flyby,9,1092,1092,0.5761600137,0.1372160017,0.7211199999,0.737396,1,0,-1,33985,29737,16,16,6760,22.73262266,17.21767495,512002,0,512002,33985
v3,d830fc32ff2631e4e1344dc30b3e09c3b9690bed,graph,octree_nfcount,flyby,9,1093,1093,0.569855988,0.1350719929,0.712831974,0.72838,1,0,-1,33897,29660,16,16,6620,22.31962239,17.26237357,512002,0,512002,33897
v3,d830fc32ff2631e4e1344dc30b3e09c3b9690bed,graph,octree_nfcount,flyby,9,1094,1094,0.5749120116,0.1372479945,0.7200959921,0.738148,1,0,-1,34089,29828,16,16,6789,22.7604935,17.16514684,512002,0,512002,34089
v3,d830fc32ff2631e4e1344dc30b3e09c3b9690bed,graph,octree_nfcount,flyby,9,1095,1095,0.583648026,0.1372479945,0.7290560007,0.742156,1,0,-1,34193,29919,16,16,6896,23.04889869,17.11293827,512002,0,512002,34193
v3,d830fc32ff2631e4e1344dc30b3e09c3b9690bed,graph,octree_nfcount,flyby,9,1096,1096,0.5726720095,0.1351359934,0.7157440186,0.728665,1,0,-1,33865,29632,16,16,6668,22.50269978,17.27868521,512002,0,512002,33865
v3,d830fc32ff2631e4e1344dc30b3e09c3b9690bed,graph,octree_nfcount,flyby,9,1097,1097,0.5727999806,0.1329600066,0.7143039703,0.728001,1,0,-1,34153,29884,16,16,6928,23.18297417,17.13298086,512002,0,512002,34153
v3,d830fc32ff2631e4e1344dc30b3e09c3b9690bed,graph,octree_nfcount,flyby,9,1098,1098,0.5784320235,0.1331200004,0.7193279862,0.730453,1,0,-1,34185,29912,16,16,6950,23.23482214,17.11694303,512002,0,512002,34185
v3,d830fc32ff2631e4e1344dc30b3e09c3b9690bed,graph,octree_nfcount,flyby,9,1099,1099,0.5718719959,0.1372160017,0.7176640034,0.729415,1,0,-1,34033,29779,16,16,6770,22.73414151,17.19339132,512002,0,512002,34033
v3,d830fc32ff2631e4e1344dc30b3e09c3b9690bed,graph,octree_nfcount,flyby,9,1100,1100,0.5818560123,0.1351999938,0.7261760235,0.740791,1,0,-1,34273,29989,16,16,6903,23.01844009,17.07299343,512002,0,512002,34273
v3,d830fc32ff2631e4e1344dc30b3e09c3b9690bed,graph,octree_nfcount,flyby,9,1101,1101,0.5773119926,0.1330879927,0.7183359861,0.73046,1,0,-1,34313,30024,16,16,6920,23.04822808,17.05309086,512002,0,512002,34313
v3,d830fc32ff2631e4e1344dc30b3e09c3b9690bed,graph,octree_nfcount,flyby,9,1102,1102,0.5730879903,0.1351680011,0.7169600129,0.731962,1,0,-1,33993,29744,16,16,6724,22.60623991,17.21362292,512002,0,512002,33993
v3,d830fc32ff2631e4e1344dc30b3e09c3b9690bed,graph,octree_nfcount,flyby,9,1103,1103,0.5728319883,0.1330559999,0.7141759992,0.727706,1,0,-1,34049,29793,16,16,6953,23.33769677,17.18531199,512002,0,512002,34049
v3,d830fc32ff2631e4e1344dc30b3e09c3b9690bed,graph,octree_nfcount,flyby,9,1104,1104,0.572863996,0.1330879927,0.7142400146,0.72894,1,0,-1,34129,29863,16,16,7015,23.49060711,17.14502897,512002,0,512002,34129
v3,d830fc32ff2631e4e1344dc30b3e09c3b9690bed,graph,octree_nfcount,flyby,9,1105,1105,0.569216013,0.1372479945,0.7139520049,0.727419,1,0,-1,34113,29849,16,16,6859,22.97899427,17.15307045,512002,0,512002,34113
v3,d830fc32ff2631e4e1344dc30b3e09c3b9690bed,graph,octree_nfcount,flyby,9,1106,1106,0.5817599893,0.1372160017,0.727519989,0.742859,1,0,-1,34377,30080,16,16,6985,23.22140957,17.02134309,512002,0,512002,34377
v3,d830fc32ff2631e4e1344dc30b3e09c3b9690bed,graph,octree_nfcount,flyby,9,1107,1107,0.5792959929,0.1351359934,0.7234560251,0.741908,1,0,-1,34537,30220,16,16,7081,23.43150232,16.94248842,512002,0,512002,34537
v3,d830fc32ff2631e4e1344dc30b3e09c3b9690bed,graph,octree_nfcount,flyby,9,1108,1108,0.575232029,0.1392319947,0.7220159769,0.737897,1,0,-1,34345,30052,16,16,6936,23.07999468,17.03720218,512002,0,512002,34345
v3,d830fc32ff2631e4e1344dc30b3e09c3b9690bed,graph,octree_nfcount,flyby,9,1109,1109,0.5810559988,0.1351680011,0.7239999771,0.738173,1,0,-1,34545,30227,16,16,7114,23.53524994,16.93856486,512002,0,512002,34545
v3,d830fc32ff2631e4e1344dc30b3e09c3b9690bed,graph,octree_nfcount,flyby,9,1110,1110,0.5788159966,0.1331200004,0.7195839882,0.738458,1,0,-1,34417,30115,16,16,7083,23.51984061,17.00156068,512002,0,512002,34417
v3,d830fc32ff2631e4e1344dc30b3e09c3b9690bed,graph,octree_nfcount,flyby,9,1111,1111,0.5693439841,0.1351680011,0.7129600048,0.727728,1,0,-1,34153,29884,16,16,6849,22.91861866,17.13298086,512002,0,512002,34153
v3,d830fc32ff2631e4e1344dc30b3e09c3b9690bed,graph,octree_nfcount,flyby,9,1112,1112,0.5834879875,0.1351680011,0.7266560197,0.740494,1,0,-1,34345,30052,16,16,6994,23.27299348,17.03720218,512002,0,512002,34345
v3,d830fc32ff2631e4e1344dc30b3e09c3b9690bed,graph,octree_nfcount,flyby,9,1113,1113,0.5750079751,0.1392319947,0.722720027,0.741587,1,0,-1,34393,30094,16,16,7034,23.37342992,17.0134246,512002,0,512002,34393
v3,d830fc32ff2631e4e1344dc30b3e09c3b9690bed,graph,octree_nfcount,flyby,9,1114,1114,0.5689920187,0.1331200004,0.7111359835,0.723319,1,0,-1,34337,30045,16,16,6887,22.92228324,17.04117158,512002,0,512002,34337
v3,d830fc32ff2631e4e1344dc30b3e09c3b9690bed,graph,octree_nfcount,flyby,9,1115,1115,0.5795840025,0.1372160017,0.7253119946,0.742412,1,0,-1,34449,30143,16,16,6961,23.09325548,16.98576784,512002,0,512002,34449
v3,d830fc32ff2631e4e1344dc30b3e09c3b9690bed,graph,octree_nfcount,flyby,9,1116,1116,0.5797119737,0.1331200004,0.7209920287,0.732797,1,0,-1,34449,30143,16,16,7099,23.55107322,16.98576784,512002,0,512002,34449
v3,d830fc32ff2631e4e1344dc30b3e09c3b9690bed,graph,octree_nfcount,flyby,9,1117,1117,0.5726720095,0.1351359934,0.7153279781,0.727615,1,0,-1,34385,30087,16,16,7029,23.36224948,17.01738292,512002,0,512002,34385
v3,d830fc32ff2631e4e1344dc30b3e09c3b9690bed,graph,octree_nfcount,flyby,9,1118,1118,0.5831360221,0.1351680011,0.7258560061,0.738595,1,0,-1,34409,30108,16,16,7020,23.31606218,17.00551348,512002,0,512002,34409
v3,d830fc32ff2631e4e1344dc30b3e09c3b9690bed,graph,octree_nfcount,flyby,9,1119,1119,0.5834879875,0.1351680011,0.7267199755,0.740062,1,0,-1,34625,30297,16,16,7153,23.60959831,16.89942899,512002,0,512002,34625
v3,d830fc32ff2631e4e1344dc30b3e09c3b9690bed,graph,octree_nfcount,flyby,9,1120,1120,0.5684800148,0.1331200004,0.7092480063,0.72704,1,0,-1,34289,30003,16,16,6884,22.94437223,17.06502683,512002,0,512002,34289
v3,d830fc32ff2631e4e1344dc30b3e09c3b9690bed,graph,octree_nfcount,flyby,9,1121,1121,0.5836799741,0.1351680011,0.726624012,0.739624,1,0,-1,34489,30178,16,16,6989,23.15925509,16.966068,512002,0,512002,34489
v3,d830fc32ff2631e4e1344dc30b3e09c3b9690bed,graph,octree_nfcount,flyby,9,1122,1122,0.5845760107,0.1331200004,0.7256000042,0.739662,1,0,-1,34641,30311,16,16,7124,23.50301871,16.8916235,512002,0,512002,34641
v3,d830fc32ff2631e4e1344dc30b3e09c3b9690bed,graph,octree_nfcount,flyby,9,1123,1123,0.5733119845,0.1372479945,0.7185279727,0.73029,1,0,-1,34257,29975,16,16,6899,23.01584654,17.08096747,512002,0,512002,34257
v3,d830fc32ff2631e4e1344dc30b3e09c3b9690bed,graph,octree_nfcount,flyby,9,1124,1124,0.5769600272,0.1372160017,0.7225919962,0.741079,1,0,-1,34353,30059,16,16,6943,23.09790745,17.03323464,512002,0,512002,34353
v3,d830fc32ff2631e4e1344dc30b3e09c3b9690bed,graph,octree_nfcount,flyby,9,1125,1125,0.5807359815,0.1351680011,0.7242239714,0.740274,1,0,-1,34593,30269,16,16,7068,23.35062275,16.91506161,512002,0,512002,34593
v3,d830fc32ff2631e4e1344dc30b3e09c3b9690bed,graph,octree_nfcount,flyby,9,1126,1126,0.5736320019,0.1351680011,0.7171199918,0.731371,1,0,-1,34289,30003,16,16,6878,22.92437423,17.06502683,512002,0,512002,34289
v3,d830fc32ff2631e4e1344dc30b3e09c3b9690bed,graph,octree_nfcount,flyby,9,1127,1127,0.5793280005,0.1351680011,0.7235519886,0.74052,1,0,-1,34289,30003,16,16,6944,23.14435223,17.06502683,512002,0,512002,34289
v3,d830fc32ff2631e4e1344dc30b3e09c3b9690bed,graph,octree_nfcount,flyby,9,1128,1128,0.5736640096,0.1372160017,0.7193279862,0.732007,1,0,-1,34473,30164,16,16,7067,23.42859037,16.97394245,512002,0,512002,34473
v3,d830fc32ff2631e4e1344dc30b3e09c3b9690bed,graph,octree_nfcount,flyby,9,1129,1129,0.5751360059,0.1351680011,0.7195839882,0.732864,1,0,-1,34433,30129,16,16,6962,23.10730525,16.99366059,512002,0,512002,34433
v3,d830fc32ff2631e4e1344dc30b3e09c3b9690bed,graph,octree_nfcount,flyby,9,1130,1130,0.5837119818,0.1351680011,0.7268159986,0.739632,1,0,-1,34401,30101,16,16,7014,23.30155144,17.00946812,512002,0,512002,34401
v3,d830fc32ff2631e4e1344dc30b3e09c3b9690bed,graph,octree_nfcount,flyby,9,1131,1131,0.5825920105,0.1392959952,0.7299839854,0.741614,1,0,-1,34561,30241,16,16,7106,23.4979002,16.93072319,512002,0,512002,34561
v3,d830fc32ff2631e4e1344dc30b3e09c3b9690bed,graph,octree_nfcount,flyby,9,1132,1132,0.5765439868,0.1331200004,0.7163839936,0.727169,1,0,-1,34545,30227,16,16,7026,23.2441195,16.93856486,512002,0,512002,34545
v3,d830fc32ff2631e4e1344dc30b3e09c3b9690bed,graph,octree_nfcount,flyby,9,1133,1133,0.5847039819,0.1372479945,0.7296000123,0.740972,1,0,-1,34321,30031,16,16,7000,23.30924711,17.04911591,512002,0,512002,34321
v3,d830fc32ff2631e4e1344dc30b3e09c3b9690bed,graph,octree_nfcount,flyby,9,1134,1134,0.5829120278,0.1392640024,0.7301440239,0.742079,1,0,-1,34417,30115,16,16,7142,23.71575627,17.00156068,512002,0,512002,34417
v3,d830fc32ff2631e4e1344dc30b3e09c3b9690bed,graph,octree_nfcount,flyby,9,1135,1135,0.5739200115,0.1351680011,0.7172799706,0.729555,1,0,-1,34129,29863,16,16,6928,23.1992767,17.14502897,512002,0,512002,34129
v3,d830fc32ff2631e4e1344dc30b3e09c3b9690bed,graph,octree_nfcount,flyby,9,1136,1136,0.5827839971,0.1351680011,0.7257599831,0.737352,1,0,-1,34289,30003,16,16,6980,23.26434023,17.06502683,512002,0,512002,34289
v3,d830fc32ff2631e4e1344dc30b3e09c3b9690bed,graph,octree_nfcount,flyby,9,1137,1137,0.5816640258,0.1371839941,0.7271360159,0.741053,1,0,-1,34457,30150,16,16,7069,23.44610282,16.98182421,512002,0,512002,34457
v3,d830fc32ff2631e4e1344dc30b3e09c3b9690bed,graph,octree_nfcount,flyby,9,1138,1138,0.5679680109,0.1371520013,0.7117760181,0.724548,1,0,-1,34265,29982,16,16,6986,23.30064705,17.07697952,512002,0,512002,34265
v3,d830fc32ff2631e4e1344dc30b3e09c3b9690bed,graph,octree_nfcount,flyby,9,1139,1139,0.5800639987,0.1372160017,0.7253440022,0.738906,1,0,-1,34345,30052,16,16,7005,23.3095967,17.03720218,512002,0,512002,34345
v3,d830fc32ff2631e4e1344dc30b3e09c3b9690bed,graph,octree_nfcount,flyby,9,1140,1140,0.5789759755,0.1372160017,0.724767983,0.741964,1,0,-1,34393,30094,16,16,7071,23.49637802,17.0134246,512002,0,512002,34393
v3,d830fc32ff2631e4e1344dc30b3e09c3b9690bed,graph,octree_nfcount,flyby,9,1141,1141,0.579136014,0.1351359934,0.7223680019,0.73988,1,0,-1,34073,29814,16,16,6838,22.93553364,17.17320722,512002,0,512002,34073
v3,d830fc32ff2631e4e1344dc30b3e09c3b9690bed,graph,octree_nfcount,flyby,9,1142,1142,0.5799999833,0.1372160017,0.7237759829,0.73521,1,0,-1,34257,29975,16,16,6907,23.04253545,17.08096747,512002,0,512002,34257
v3,d830fc32ff2631e4e1344dc30b3e09c3b9690bed,graph,octree_nfcount,flyby,9,1143,1143,0.5783360004,0.1372160017,0.723007977,0.737418,1,0,-1,34481,30171,16,16,7051,23.37012363,16.97000431,512002,0,512002,34481
v3,d830fc32ff2631e4e1344dc30b3e09c3b9690bed,graph,octree_nfcount,flyby,9,1144,1144,0.5710399747,0.1372160017,0.716448009,0.728882,1,0,-1,34089,29828,16,16,6924,23.21308837,17.16514684,512002,0,512002,34089
v3,d830fc32ff2631e4e1344dc30b3e09c3b9690bed,graph,octree_nfcount,flyby,9,1145,1145,0.5832319856,0.1351680011,0.7259200215,0.736413,1,0,-1,34313,30024,16,16,6904,22.99493738,17.05309086,512002,0,512002,34313
v3,d830fc32ff2631e4e1344dc30b3e09c3b9690bed,graph,octree_nfcount,flyby,9,1146,1146,0.5766080022,0.1392640024,0.7224320173,0.732635,1,0,-1,34569,30248,16,16,7018,23.20153399,16.92680508,512002,0,512002,34569
v3,d830fc32ff2631e4e1344dc30b3e09c3b9690bed,graph,octree_nfcount,flyby,9,1147,1147,0.5684800148,0.1331200004,0.7094720006,0.725676,1,0,-1,34089,29828,16,16,6891,23.10245407,17.16514684,512002,0,512002,34089
v3,d830fc32ff2631e4e1344dc30b3e09c3b9690bed,graph,octree_nfcount,flyby,9,1148,1148,0.5773440003,0.1331200004,0.7184960246,0.729487,1,0,-1,34353,30059,16,16,6924,23.03469843,17.03323464,512002,0,512002,34353
v3,d830fc32ff2631e4e1344dc30b3e09c3b9690bed,graph,octree_nfcount,flyby,9,1149,1149,0.5790399909,0.1371839941,0.7246400118,0.741456,1,0,-1,34457,30150,16,16,7053,23.39303483,16.98182421,512002,0,512002,34457
v3,d830fc32ff2631e4e1344dc30b3e09c3b9690bed,graph,octree_nfcount,flyby,9,1150,1150,0.5728319883,0.1331200004,0.7144320011,0.728725,1,0,-1,34281,29996,16,16,6956,23.18975863,17.0690092,512002,0,512002,34281
v3,d830fc32ff2631e4e1344dc30b3e09c3b9690bed,graph,octree_nfcount,flyby,9,1151,1151,0.5773119926,0.1372160017,0.7228479981,0.740682,1,0,-1,34105,29842,16,16,6908,23.14858253,17.15709403,512002,0,512002,34105
v3,d830fc32ff2631e4e1344dc30b3e09c3b9690bed,graph,octree_nfcount,flyby,9,1152,1152,0.5872319937,0.1413120031,0.7364159822,0.750348,1,0,-1,34481,30171,16,16,7012,23.24086043,16.97000431,512002,0,512002,34481
v3,d830fc32ff2631e4e1344dc30b3e09c3b9690bed,graph,octree_nfcount,flyby,9,1153,1153,0.5709440112,0.1350400001,0.7139520049,0.72533,1,0,-1,34321,30031,16,16,6939,23.10612367,17.04911591,512002,0,512002,34321
v3,d830fc32ff2631e4e1344dc30b3e09c3b9690bed,graph,octree_nfcount,flyby,9,1154,1154,0.5807999969,0.1351680011,0.7236480117,0.737195,1,0,-1,34297,30010,16,16,6867,22.88237254,17.06104632,512002,0,512002,34297
v3,d830fc32ff2631e4e1344dc30b3e09c3b9690bed,graph,octree_nfcount,flyby,9,1155,1155,0.575519979,0.1372160017,0.7211840153,0.740926,1,0,-1,34305,30017,16,16,7014,23.36675884,17.05706766,512002,0,512002,34305
v3,d830fc32ff2631e4e1344dc30b3e09c3b9690bed,graph,octree_nfcount,flyby,9,1156,1156,0.5770559907,0.1413120031,0.7268159986,0.740808,1,0,-1,34129,29863,16,16,6882,23.04523993,17.14502897,512002,0,512002,34129
v3,d830fc32ff2631e4e1344dc30b3e09c3b9690bed,graph,octree_nfcount,flyby,9,1157,1157,0.5873600245,0.1392959952,0.7344959974,0.75218,1,0,-1,34233,29954,16,16,6893,23.01195166,17.09294251,512002,0,512002,34233
v3,d830fc32ff2631e4e1344dc30b3e09c3b9690bed,graph,octree_nfcount,flyby,9,1158,1158,0.5751680136,0.1392319947,0.7224000096,0.738428,1,0,-1,34401,30101,16,16,6943,23.06567888,17.00946812,512002,0,512002,34401
v3,d830fc32ff2631e4e1344dc30b3e09c3b9690bed,graph,octree_nfcount,flyby,9,1159,1159,0.5750079751,0.1350400001,0.7181760073,0.730083,1,0,-1,34105,29842,16,16,6875,23.03800013,17.15709403,512002,0,512002,34105
v3,d830fc32ff2631e4e1344dc30b3e09c3b9690bed,graph,octree_nfcount,flyby,9,1160,1160,0.5799679756,0.1351999938,0.7219840288,0.735265,1,0,-1,34329,30038,16,16,6967,23.19395432,17.04514282,512002,0,512002,34329
v3,d830fc32ff2631e4e1344dc30b3e09c3b9690bed,graph,octree_nfcount,flyby,9,1161,1161,0.5760319829,0.1351680011,0.719103992,0.731163,1,0,-1,34265,29982,16,16,6929,23.11053299,17.07697952,512002,0,512002,34265
v3,d830fc32ff2631e4e1344dc30b3e09c3b9690bed,graph,octree_nfcount,flyby,9,1162,1162,0.5727360249,0.1392640024,0.7199040055,0.731761,1,0,-1,34137,29870,16,16,6894,23.08001339,17.14101105,512002,0,512002,34137
v3,d830fc32ff2631e4e1344dc30b3e09c3b9690bed,graph,octree_nfcount,flyby,9,1163,1163,0.5830720067,0.1372160017,0.7280960083,0.739129,1,0,-1,34425,30122,16,16,6951,23.07615696,16.99760972,512002,0,512002,34425
v3,d830fc32ff2631e4e1344dc30b3e09c3b9690bed,graph,octree_nfcount,flyby,9,1164,1164,0.5759999752,0.1392959952,0.7234879732,0.736904,1,0,-1,34441,30136,16,16,6987,23.18489514,16.9897133,512002,0,512002,34441
v3,d830fc32ff2631e4e1344dc30b3e09c3b9690bed,graph,octree_nfcount,flyby,9,1165,1165,0.5672640204,0.1351680011,0.7103679776,0.726225,1,0,-1,34449,30143,16,16,7040,23.35533955,16.98576784,512002,0,512002,34449
v3,d830fc32ff2631e4e1344dc30b3e09c3b9690bed,graph,octree_nfcount,flyby,9,1166,1166,0.5809919834,0.1372479945,0.7260800004,0.738604,1,0,-1,34401,30101,16,16,6893,22.89957144,17.00946812,512002,0,512002,34401
v3,d830fc32ff2631e4e1344dc30b3e09c3b9690bed,graph,octree_nfcount,flyby,9,1167,1167,0.5808320045,0.1351999938,0.7242559791,0.74066,1,0,-1,34361,30066,16,16,6964,23.16237611,17.02926894,512002,0,512002,34361
v3,d830fc32ff2631e4e1344dc30b3e09c3b9690bed,graph,octree_nfcount,flyby,9,1168,1168,0.5741760135,0.1372160017,0.7182400227,0.734978,1,0,-1,34377,30080,16,16,7052,23.44414894,17.02134309,512002,0,512002,34377
v3,d830fc32ff2631e4e1344dc30b3e09c3b9690bed,graph,octree_nfcount,flyby,9,1169,1169,0.5776960254,0.1372160017,0.7225279808,0.739428,1,0,-1,34473,30164,16,16,7023,23.28272112,16.97394245,512002,0,512002,34473
v3,d830fc32ff2631e4e1344dc30b3e09c3b9690bed,graph,octree_nfcount,flyby,9,1170,1170,0.5807359815,0.1392640024,0.7284799814,0.741049,1,0,-1,34545,30227,16,16,7044,23.30366891,16.93856486,512002,0,512002,34545
v3,d830fc32ff2631e4e1344dc30b3e09c3b9690bed,graph,octree_nfcount,flyby,9,1171,1171,0.5735039711,0.1351680011,0.7164160013,0.728983,1,0,-1,34417,30115,16,16,7072,23.48331396,17.00156068,512002,0,512002,34417
v3,d830fc32ff2631e4e1344dc30b3e09c3b9690bed,graph,octree_nfcount,flyby,9,1172,1172,0.583039999,0.1392640024,0.7297599912,0.741346,1,0,-1,34553,30234,16,16,7019,23.2155851,16.93464312,512002,0,512002,34553
v3,d830fc32ff2631e4e1344dc30b3e09c3b9690bed,graph,octree_nfcount,flyby,9,1173,1173,0.5787199736,0.1372160017,0.723616004,0.736649,1,0,-1,34473,30164,16,16,7076,23.45842726,16.97394245,512002,0,512002,34473
v3,d830fc32ff2631e4e1344dc30b3e09c3b9690bed,graph,octree_nfcount,flyby,9,1174,1174,0.5733759999,0.1372160017,0.7198719978,0.735896,1,0,-1,34337,30045,16,16,7104,23.6445332,17.04117158,512002,0,512002,34337
v3,d830fc32ff2631e4e1344dc30b3e09c3b9690bed,graph,octree_nfcount,flyby,9,1175,1175,0.5815039873,0.1351680011,0.7252799869,0.743132,1,0,-1,34281,29996,16,16,6985,23.28643819,17.0690092,512002,0,512002,34281
v3,d830fc32ff2631e4e1344dc30b3e09c3b9690bed,graph,octree_nfcount,flyby,9,1176,1176,0.5762559772,0.1392959952,0.7222399712,0.735428,1,0,-1,34329,30038,16,16,6965,23.18729609,17.04514282,512002,0,512002,34329
v3,d830fc32ff2631e4e1344dc30b3e09c3b9690bed,graph,octree_nfcount,flyby,9,1177,1177,0.5753920078,0.1372160017,0.7213119864,0.732574,1,0,-1,34409,30108,16,16,7046,23.40241796,17.00551348,512002,0,512002,34409
v3,d830fc32ff2631e4e1344dc30b3e09c3b9690bed,graph,octree_nfcount,flyby,9,1178,1178,0.5809919834,0.1351999938,0.7239040136,0.739119,1,0,-1,34353,30059,16,16,6983,23.23097907,17.03323464,512002,0,512002,34353
v3,d830fc32ff2631e4e1344dc30b3e09c3b9690bed,graph,octree_nfcount,flyby,9,1179,1179,0.5814080238,0.1371839941,0.7259200215,0.737898,1,0,-1,34361,30066,16,16,6918,23.00937937,17.02926894,512002,0,512002,34361
v3,d830fc32ff2631e4e1344dc30b3e09c3b9690bed,graph,octree_nfcount,flyby,9,1180,1180,0.5759040117,0.1349440068,0.7184960246,0.729139,1,0,-1,34513,30199,16,16,7063,23.38819166,16.95427001,512002,0,512002,34513
v3,d830fc32ff2631e4e1344dc30b3e09c3b9690bed,graph,octree_nfcount,flyby,9,1181,1181,0.5800639987,0.1351359934,0.7229440212,0.735592,1,0,-1,34241,29961,16,16,6989,23.32699176,17.08894897,512002,0,512002,34241
v3,d830fc32ff2631e4e1344dc30b3e09c3b9690bed,graph,octree_nfcount,flyby,9,1182,1182,0.5690559745,0.1372479945,0.713792026,0.726119,1,0,-1,34161,29891,16,16,6903,23.09390787,17.12896859,512002,0,512002,34161
v3,d830fc32ff2631e4e1344dc30b3e09c3b9690bed,graph,octree_nfcount,flyby,9,1183,1183,0.5735359788,0.1351680011,0.7167999744,0.727752,1,0,-1,34473,30164,16,16,7065,23.42195995,16.97394245,512002,0,512002,34473
v3,d830fc32ff2631e4e1344dc30b3e09c3b9690bed,graph,octree_nfcount,flyby,9,1184,1184,0.580640018,0.1351680011,0.7243840098,0.741684,1,0,-1,34161,29891,16,16,6974,23.33143756,17.12896859,512002,0,512002,34161
v3,d830fc32ff2631e4e1344dc30b3e09c3b9690bed,graph,octree_nfcount,flyby,9,1185,1185,0.5725439787,0.1372160017,0.7170879841,0.728896,1,0,-1,34441,30136,16,16,6941,23.03225378,16.9897133,512002,0,512002,34441
v3,d830fc32ff2631e4e1344dc30b3e09c3b9690bed,graph,octree_nfcount,flyby,9,1186,1186,0.5769600272,0.1351680011,0.7207040191,0.732378,1,0,-1,34409,30108,16,16,7067,23.47216687,17.00551348,512002,0,512002,34409
v3,d830fc32ff2631e4e1344dc30b3e09c3b9690bed,graph,octree_nfcount,flyby,9,1187,1187,0.5772160292,0.1351040006,0.720607996,0.733609,1,0,-1,34417,30115,16,16,6987,23.20106259,17.00156068,512002,0,512002,34417
v3,d830fc32ff2631e4e1344dc30b3e09c3b9690bed,graph,octree_nfcount,flyby,9,1188,1188,0.5735039711,0.1392640024,0.7213760018,0.733902,1,0,-1,34361,30066,16,16,6954,23.12911594,17.02926894,512002,0,512002,34361
v3,d830fc32ff2631e4e1344dc30b3e09c3b9690bed,graph,octree_nfcount,flyby,9,1189,1189,0.5798400044,0.1351680011,0.7228159904,0.739888,1,0,-1,34689,30353,16,16,7157,23.57921787,16.86825026,512002,0,512002,34689
v3,d830fc32ff2631e4e1344dc30b3e09c3b9690bed,graph,octree_nfcount,flyby,9,1190,1190,0.5871359706,0.1351680011,0.7299839854,0.742142,1,0,-1,34505,30192,16,16,7062,23.39030207,16.95820085,512002,0,512002,34505
v3,d830fc32ff2631e4e1344dc30b3e09c3b9690bed,graph,octree_nfcount,flyby,9,1191,1191,0.5738880038,0.1392959952,0.7208319902,0.738427,1,0,-1,34489,30178,16,16,6944,23.01013984,16.966068,512002,0,512002,34489
v3,d830fc32ff2631e4e1344dc30b3e09c3b9690bed,graph,octree_nfcount,flyby,9,1192,1192,0.5750719905,0.1351680011,0.7183039784,0.730428,1,0,-1,34481,30171,16,16,7106,23.55241788,16.97000431,512002,0,512002,34481
v3,d830fc32ff2631e4e1344dc30b3e09c3b9690bed,graph,octree_nfcount,flyby,9,1193,1193,0.5777279735,0.1371839941,0.7229760289,0.736776,1,0,-1,34521,30206,16,16,7019,23.23710521,16.95034099,512002,0,512002,34521
v3,d830fc32ff2631e4e1344dc30b3e09c3b9690bed,graph,octree_nfcount,flyby,9,1194,1194,0.577023983,0.1392959952,0.7243199944,0.739752,1,0,-1,34505,30192,16,16,6971,23.08889772,16.95820085,512002,0,512002,34505
v3,d830fc32ff2631e4e1344dc30b3e09c3b9690bed,graph,octree_nfcount,flyby,9,1195,1195,0.5751680136,0.1392959952,0.7226240039,0.738592,1,0,-1,34689,30353,16,16,7172,23.62863638,16.86825026,512002,0,512002,34689
v3,d830fc32ff2631e4e1344dc30b3e09c3b9690bed,graph,octree_nfcount,flyby,9,1196,1196,0.5794240236,0.139200002,0.7267519832,0.741261,1,0,-1,34761,30416,16,16,7117,23.39886902,16.83331142,512002,0,512002,34761
v3,d830fc32ff2631e4e1344dc30b3e09c3b9690bed,graph,octree_nfcount,flyby,9,1197,1197,0.5755839944,0.1372479945,0.7213439941,0.733881,1,0,-1,34553,30234,16,16,7009,23.18250976,16.93464312,512002,0,512002,34553
v3,d830fc32ff2631e4e1344dc30b3e09c3b9690bed,graph,octree_nfcount,flyby,9,1198,1198,0.5767999887,0.1372160017,0.7213760018,0.737488,1,0,-1,34625,30297,16,16,7128,23.52708189,16.89942899,512002,0,512002,34625
v3,d830fc32ff2631e4e1344dc30b3e09c3b9690bed,graph,octree_nfcount,flyby,9,1199,1199,0.5799040198,0.1392640024,0.7271040082,0.740884,1,0,-1,34769,30423,16,16,7132,23.44278999,16.82943825,512002,0,512002,34769
v3,d830fc32ff2631e4e1344dc30b3e09c3b9690bed,graph,octree_nfcount,flyby,9,1200,1200,0.5793920159,0.1372479945,0.7256320119,0.744959,1,0,-1,34673,30339,16,16,6982,23.01328323,16.87603415,512002,0,512002,34673
