version,commit,path,config,dataset,run,snapshot,frame_id,tree_update_ms,view_ms,total_ms,wall_ms,attempts,maintenance_ms,iterations,num_nodes,num_leaves,max_depth,max_depth_octree_equiv,num_empty_leaves,empty_leaf_pct,avg_particles_per_leaf,particles_active,particles_escaped,particle_slots,lib_num_nodes
v2,ea89b79a9dfd35df20fed759e6d15c60fe01e77c,direct,octree_leafcount,flyby,3,0,0,nan,nan,nan,nan,0,0,-1,43825,38347,17,17,22089,57.60294156,13.3518137,512002,0,512002,43825
v2,ea89b79a9dfd35df20fed759e6d15c60fe01e77c,direct,octree_leafcount,flyby,3,1,1,0.3379839957,0.1852159947,0.5241280198,0.530848,1,0,-1,43673,38214,17,17,22026,57.63856178,13.39828335,512002,0,512002,43673
v2,ea89b79a9dfd35df20fed759e6d15c60fe01e77c,direct,octree_leafcount,flyby,3,2,2,0.3585279882,0.1863680035,0.5458239913,0.554034,1,0,-1,43849,38368,17,17,22103,57.60790242,13.34450584,512002,0,512002,43849
v2,ea89b79a9dfd35df20fed759e6d15c60fe01e77c,direct,octree_leafcount,flyby,3,3,3,0.3147200048,0.1778240055,0.4934720099,0.500463,1,0,-1,43905,38417,17,17,22135,57.61772132,13.32748523,512002,0,512002,43905
v2,ea89b79a9dfd35df20fed759e6d15c60fe01e77c,direct,octree_leafcount,flyby,3,4,4,0.3538239896,0.1771840006,0.5319039822,0.539069,1,0,-1,43985,38487,17,17,22173,57.61166108,13.30324525,512002,0,512002,43985
v2,ea89b79a9dfd35df20fed759e6d15c60fe01e77c,direct,octree_leafcount,flyby,3,5,5,0.3614720106,0.1820479929,0.5444480181,0.551956,1,0,-1,43753,38284,17,17,22001,57.4678717,13.37378539,512002,0,512002,43753
v2,ea89b79a9dfd35df20fed759e6d15c60fe01e77c,direct,octree_leafcount,flyby,3,6,6,0.3538559973,0.1882240027,0.5430399776,0.550335,1,0,-1,43673,38214,17,17,21925,57.37426074,13.39828335,512002,0,512002,43673
v2,ea89b79a9dfd35df20fed759e6d15c60fe01e77c,direct,octree_leafcount,flyby,3,7,7,0.3544000089,0.1832000017,0.5385599732,0.544901,1,0,-1,43977,38480,17,17,22023,57.23232848,13.30566528,512002,0,512002,43977
v2,ea89b79a9dfd35df20fed759e6d15c60fe01e77c,direct,octree_leafcount,flyby,3,8,8,0.3896319866,0.1772159934,0.5677760243,0.575137,1,0,-1,43689,38228,17,17,21793,57.00795229,13.39337658,512002,0,512002,43689
v2,ea89b79a9dfd35df20fed759e6d15c60fe01e77c,direct,octree_leafcount,flyby,3,9,9,0.352640003,0.1791359931,0.5327360034,0.539491,1,0,-1,43745,38277,17,17,21805,56.96632442,13.37623116,512002,0,512002,43745
v2,ea89b79a9dfd35df20fed759e6d15c60fe01e77c,direct,octree_leafcount,flyby,3,10,10,0.3863039911,0.1800000072,0.5672320127,0.573983,1,0,-1,43745,38277,17,17,21704,56.7024584,13.37623116,512002,0,512002,43745
v2,ea89b79a9dfd35df20fed759e6d15c60fe01e77c,direct,octree_leafcount,flyby,3,11,11,0.3833599985,0.1785279959,0.5628160238,0.568998,1,0,-1,43601,38151,17,17,21649,56.74556368,13.42040838,512002,0,512002,43601
v2,ea89b79a9dfd35df20fed759e6d15c60fe01e77c,direct,octree_leafcount,flyby,3,12,12,0.3900479972,0.1800639927,0.5710719824,0.578035,1,0,-1,43665,38207,17,17,21628,56.60742796,13.40073808,512002,0,512002,43665
v2,ea89b79a9dfd35df20fed759e6d15c60fe01e77c,direct,octree_leafcount,flyby,3,13,13,0.4495680034,0.1792960018,0.629791975,0.636517,1,0,-1,43625,38172,17,17,21456,56.20873939,13.41302525,512002,0,512002,43625
v2,ea89b79a9dfd35df20fed759e6d15c60fe01e77c,direct,octree_leafcount,flyby,3,14,14,0.4105600119,0.1782400012,0.5897279978,0.596513,1,0,-1,44009,38508,17,17,21489,55.80398878,13.29599044,512002,0,512002,44009
v2,ea89b79a9dfd35df20fed759e6d15c60fe01e77c,direct,octree_leafcount,flyby,3,15,15,0.4452160001,0.1767359972,0.6229119897,0.630116,1,0,-1,44313,38774,17,17,21464,55.35668231,13.2047764,512002,0,512002,44313
v2,ea89b79a9dfd35df20fed759e6d15c60fe01e77c,direct,octree_leafcount,flyby,3,16,16,0.4116800129,0.174879998,0.5875200033,0.594601,1,0,-1,44489,38928,17,17,21452,55.10686395,13.15253802,512002,0,512002,44489
v2,ea89b79a9dfd35df20fed759e6d15c60fe01e77c,direct,octree_leafcount,flyby,3,17,17,0.4157440066,0.1758719981,0.5925440192,0.599529,1,0,-1,44289,38753,17,17,21044,54.30289268,13.21193198,512002,0,512002,44289
v2,ea89b79a9dfd35df20fed759e6d15c60fe01e77c,direct,octree_leafcount,flyby,3,18,18,0.4485439956,0.1823039949,0.6318079829,0.639848,1,0,-1,44321,38781,17,17,20893,53.8743199,13.20239292,512002,0,512002,44321
v2,ea89b79a9dfd35df20fed759e6d15c60fe01e77c,direct,octree_leafcount,flyby,3,19,19,0.4129920006,0.1720640063,0.5860159993,0.593205,1,0,-1,44017,38515,17,17,20591,53.46228742,13.29357393,512002,0,512002,44017
v2,ea89b79a9dfd35df20fed759e6d15c60fe01e77c,direct,octree_leafcount,flyby,3,20,20,0.4448319972,0.1750079989,0.6207680106,0.62852,1,0,-1,44129,38613,17,17,20509,53.11423614,13.25983477,512002,0,512002,44129
v2,ea89b79a9dfd35df20fed759e6d15c60fe01e77c,direct,octree_leafcount,flyby,3,21,21,0.4451200068,0.1772159934,0.6232640147,0.630234,1,0,-1,43985,38487,17,17,20271,52.66973264,13.30324525,512002,0,512002,43985
v2,ea89b79a9dfd35df20fed759e6d15c60fe01e77c,direct,octree_leafcount,flyby,3,22,22,0.4143359959,0.1762879938,0.5915200114,0.599137,1,0,-1,43849,38368,17,17,20034,52.21538782,13.34450584,512002,0,512002,43849
v2,ea89b79a9dfd35df20fed759e6d15c60fe01e77c,direct,octree_leafcount,flyby,3,23,23,0.3783679903,0.1766400039,0.5559679866,0.563275,1,0,-1,43969,38473,17,17,19812,51.49585424,13.30808619,512002,0,512002,43969
v2,ea89b79a9dfd35df20fed759e6d15c60fe01e77c,direct,octree_leafcount,flyby,3,24,24,0.3828800023,0.1769279987,0.5607680082,0.568302,1,0,-1,43633,38179,17,17,19508,51.09615234,13.41056602,512002,0,512002,43633
v2,ea89b79a9dfd35df20fed759e6d15c60fe01e77c,direct,octree_leafcount,flyby,3,25,25,0.4158720076,0.1730239987,0.5898560286,0.597142,1,0,-1,44049,38543,17,17,19656,50.99758711,13.28391666,512002,0,512002,44049
v2,ea89b79a9dfd35df20fed759e6d15c60fe01e77c,direct,octree_leafcount,flyby,3,26,26,0.4434239864,0.1752000004,0.6195520163,0.626329,1,0,-1,44289,38753,17,17,19633,50.66188424,13.21193198,512002,0,512002,44289
v2,ea89b79a9dfd35df20fed759e6d15c60fe01e77c,direct,octree_leafcount,flyby,3,27,27,0.4394879937,0.1763519943,0.6167680025,0.621924,1,0,-1,45185,39537,17,17,19857,50.22384096,12.94994562,512002,0,512002,45185
v2,ea89b79a9dfd35df20fed759e6d15c60fe01e77c,direct,octree_leafcount,flyby,3,28,28,0.4472639859,0.1787199974,0.6269440055,0.634083,1,0,-1,45209,39558,17,17,19402,49.04696901,12.94307093,512002,0,512002,45209
v2,ea89b79a9dfd35df20fed759e6d15c60fe01e77c,direct,octree_leafcount,flyby,3,29,29,0.4502719939,0.1751040071,0.6263039708,0.633337,1,0,-1,44529,38963,18,18,18895,48.49472577,13.14072325,512002,0,512002,44529
v2,ea89b79a9dfd35df20fed759e6d15c60fe01e77c,direct,octree_leafcount,flyby,3,30,30,0.4684160054,0.1791040003,0.6484479904,0.655411,1,0,-1,44449,38893,17,17,18531,47.64610598,13.16437405,512002,0,512002,44449
v2,ea89b79a9dfd35df20fed759e6d15c60fe01e77c,direct,octree_leafcount,flyby,3,31,31,0.4477759898,0.1770240068,0.6257280111,0.63289,1,0,-1,44785,39187,17,17,18543,47.31926404,13.06560849,512002,0,512002,44785
v2,ea89b79a9dfd35df20fed759e6d15c60fe01e77c,direct,octree_leafcount,flyby,3,32,32,0.4537599981,0.1760960072,0.6307839751,0.637825,1,0,-1,44657,39075,17,17,18503,47.35252719,13.10305822,512002,0,512002,44657
v2,ea89b79a9dfd35df20fed759e6d15c60fe01e77c,direct,octree_leafcount,flyby,3,33,33,0.4509119987,0.1742720008,0.6261439919,0.633292,1,0,-1,44129,38613,17,17,18153,47.01266413,13.25983477,512002,0,512002,44129
v2,ea89b79a9dfd35df20fed759e6d15c60fe01e77c,direct,octree_leafcount,flyby,3,34,34,0.414079994,0.1761599928,0.5911999941,0.598663,1,0,-1,44249,38718,17,17,18062,46.65013689,13.2238752,512002,0,512002,44249
v2,ea89b79a9dfd35df20fed759e6d15c60fe01e77c,direct,octree_leafcount,flyby,3,35,35,0.4506559968,0.1736640036,0.6252800226,0.63223,1,0,-1,45081,39446,17,17,18227,46.20747351,12.97982051,512002,0,512002,45081
v2,ea89b79a9dfd35df20fed759e6d15c60fe01e77c,direct,octree_leafcount,flyby,3,36,36,0.4516479969,0.174112007,0.6267200112,0.633915,1,0,-1,45409,39733,17,17,18345,46.17068935,12.88606448,512002,0,512002,45409
v2,ea89b79a9dfd35df20fed759e6d15c60fe01e77c,direct,octree_leafcount,flyby,3,37,37,0.451135993,0.1790399998,0.6311360002,0.638515,1,0,-1,45553,39859,17,17,18263,45.81901202,12.84532979,512002,0,512002,45553
v2,ea89b79a9dfd35df20fed759e6d15c60fe01e77c,direct,octree_leafcount,flyby,3,38,38,0.4525440037,0.1731840074,0.6266559958,0.634539,1,0,-1,44945,39327,17,17,17674,44.94113459,13.0190963,512002,0,512002,44945
v2,ea89b79a9dfd35df20fed759e6d15c60fe01e77c,direct,octree_leafcount,flyby,3,39,39,0.4816640019,0.1789759994,0.6615999937,0.669038,1,0,-1,45137,39495,17,17,17939,45.42093936,12.96371693,512002,0,512002,45137
v2,ea89b79a9dfd35df20fed759e6d15c60fe01e77c,direct,octree_leafcount,flyby,3,40,40,0.4215680063,0.1772159934,0.5997440219,0.607133,1,0,-1,45761,40041,17,17,18036,45.04383007,12.78694338,512002,0,512002,45761
v2,ea89b79a9dfd35df20fed759e6d15c60fe01e77c,direct,octree_leafcount,flyby,3,41,41,0.4453119934,0.1789759994,0.6252480149,0.6322,1,0,-1,45601,39901,17,17,17592,44.08912057,12.83180873,512002,0,512002,45601
v2,ea89b79a9dfd35df20fed759e6d15c60fe01e77c,direct,octree_leafcount,flyby,3,42,42,0.4534400105,0.1751359999,0.629504025,0.63667,1,0,-1,45409,39733,17,17,17202,43.29398737,12.88606448,512002,0,512002,45409
v2,ea89b79a9dfd35df20fed759e6d15c60fe01e77c,direct,octree_leafcount,flyby,3,43,43,0.5017279983,0.178271994,0.6809279919,0.688095,1,0,-1,45297,39635,17,17,17028,42.96202851,12.91792608,512002,0,512002,45297
v2,ea89b79a9dfd35df20fed759e6d15c60fe01e77c,direct,octree_leafcount,flyby,3,44,44,0.415455997,0.1742080003,0.590560019,0.597872,1,0,-1,45337,39670,17,17,16868,42.52079657,12.90652886,512002,0,512002,45337
v2,ea89b79a9dfd35df20fed759e6d15c60fe01e77c,direct,octree_leafcount,flyby,3,45,45,0.4390720129,0.1769600064,0.6169919968,0.622486,1,0,-1,45353,39684,17,17,16655,41.96905554,12.90197561,512002,0,512002,45353
v2,ea89b79a9dfd35df20fed759e6d15c60fe01e77c,direct,octree_leafcount,flyby,3,46,46,0.4535999894,0.1750400066,0.6295359731,0.63718,1,0,-1,45465,39782,17,17,16678,41.92348298,12.87019255,512002,0,512002,45465
v2,ea89b79a9dfd35df20fed759e6d15c60fe01e77c,direct,octree_leafcount,flyby,3,47,47,0.4903360009,0.1772159934,0.6685119867,0.675998,1,0,-1,45233,39579,17,17,16448,41.55739155,12.93620354,512002,0,512002,45233
v2,ea89b79a9dfd35df20fed759e6d15c60fe01e77c,direct,octree_leafcount,flyby,3,48,48,0.4816319942,0.1791680008,0.6617599726,0.669089,1,0,-1,45377,39705,17,17,16280,41.00239265,12.89515174,512002,0,512002,45377
v2,ea89b79a9dfd35df20fed759e6d15c60fe01e77c,direct,octree_leafcount,flyby,3,49,49,0.4437440038,0.1771200001,0.6218240261,0.629312,1,0,-1,44801,39201,17,17,15965,40.72600189,13.06094232,512002,0,512002,44801
v2,ea89b79a9dfd35df20fed759e6d15c60fe01e77c,direct,octree_leafcount,flyby,3,50,50,0.4227199852,0.1809920073,0.6046720147,0.611946,1,0,-1,44609,39033,17,17,15886,40.69889581,13.11715728,512002,0,512002,44609
v2,ea89b79a9dfd35df20fed759e6d15c60fe01e77c,direct,octree_leafcount,flyby,3,51,51,0.4562880099,0.1794880033,0.6367359757,0.644606,1,0,-1,44577,39005,17,17,15882,40.71785669,13.12657352,512002,0,512002,44577
v2,ea89b79a9dfd35df20fed759e6d15c60fe01e77c,direct,octree_leafcount,flyby,3,52,52,0.4485760033,0.1781760007,0.6277120113,0.634777,1,0,-1,44913,39299,17,17,16024,40.77457442,13.02837222,512002,0,512002,44913
v2,ea89b79a9dfd35df20fed759e6d15c60fe01e77c,direct,octree_leafcount,flyby,3,53,53,0.4522559941,0.1793279946,0.6325119734,0.639908,1,0,-1,44825,39222,17,17,15884,40.49767987,13.05394931,512002,0,512002,44825
v2,ea89b79a9dfd35df20fed759e6d15c60fe01e77c,direct,octree_leafcount,flyby,3,54,54,0.4536319971,0.174623996,0.6291840076,0.636586,1,0,-1,45001,39376,17,17,15802,40.13104429,13.00289516,512002,0,512002,45001
v2,ea89b79a9dfd35df20fed759e6d15c60fe01e77c,direct,octree_leafcount,flyby,3,55,55,0.4519360065,0.1769279987,0.6298239827,0.637407,1,0,-1,45065,39432,17,17,15886,40.28707649,12.98442889,512002,0,512002,45065
v2,ea89b79a9dfd35df20fed759e6d15c60fe01e77c,direct,octree_leafcount,flyby,3,56,56,0.4517439902,0.1810559928,0.6337599754,0.641848,1,0,-1,45209,39558,17,17,15666,39.60260883,12.94307093,512002,0,512002,45209
v2,ea89b79a9dfd35df20fed759e6d15c60fe01e77c,direct,octree_leafcount,flyby,3,57,57,0.4589439929,0.1773120016,0.6372159719,0.645154,1,0,-1,45017,39390,17,17,15458,39.24346281,12.99827367,512002,0,512002,45017
v2,ea89b79a9dfd35df20fed759e6d15c60fe01e77c,direct,octree_leafcount,flyby,3,58,58,0.4426560104,0.1771519929,0.6207360029,0.626361,1,0,-1,44849,39243,17,17,15279,38.93433224,13.04696379,512002,0,512002,44849
v2,ea89b79a9dfd35df20fed759e6d15c60fe01e77c,direct,octree_leafcount,flyby,3,59,59,0.4619199932,0.1750400066,0.637920022,0.644911,1,0,-1,45073,39439,17,17,15427,39.11610335,12.98212429,512002,0,512002,45073
v2,ea89b79a9dfd35df20fed759e6d15c60fe01e77c,direct,octree_leafcount,flyby,3,60,60,0.5225279927,0.1792320013,0.7026879787,0.710624,1,0,-1,44793,39194,17,17,15335,39.12588662,13.06327499,512002,0,512002,44793
v2,ea89b79a9dfd35df20fed759e6d15c60fe01e77c,direct,octree_leafcount,flyby,3,61,61,0.4510720074,0.1742399931,0.626240015,0.633362,1,0,-1,44801,39201,17,17,15413,39.31787454,13.06094232,512002,0,512002,44801
v2,ea89b79a9dfd35df20fed759e6d15c60fe01e77c,direct,octree_leafcount,flyby,3,62,62,0.4519360065,0.1745599955,0.6274560094,0.635031,1,0,-1,44977,39355,17,17,15318,38.92262737,13.00983357,512002,0,512002,44977
v2,ea89b79a9dfd35df20fed759e6d15c60fe01e77c,direct,octree_leafcount,flyby,3,63,63,0.4540480077,0.1772159934,0.6322240233,0.640043,1,0,-1,44649,39068,17,17,15190,38.88092557,13.10540596,512002,0,512002,44649
v2,ea89b79a9dfd35df20fed759e6d15c60fe01e77c,direct,octree_leafcount,flyby,3,64,64,0.4520959854,0.178143993,0.6312000155,0.638625,1,0,-1,44777,39180,17,17,15101,38.54262379,13.06794283,512002,0,512002,44777
v2,ea89b79a9dfd35df20fed759e6d15c60fe01e77c,direct,octree_leafcount,flyby,3,65,65,0.4600639939,0.1761920005,0.6372159719,0.645082,1,0,-1,44625,39047,17,17,14906,38.17450764,13.11245422,512002,0,512002,44625
v2,ea89b79a9dfd35df20fed759e6d15c60fe01e77c,direct,octree_leafcount,flyby,3,66,66,0.4483520091,0.1789119989,0.6281920075,0.636529,1,0,-1,44441,38886,17,17,14799,38.05739855,13.16674382,512002,0,512002,44441
v2,ea89b79a9dfd35df20fed759e6d15c60fe01e77c,direct,octree_leafcount,flyby,3,67,67,0.4207040071,0.1730560064,0.5946879983,0.601704,1,0,-1,44545,38977,17,17,14792,37.95058624,13.13600328,512002,0,512002,44545
v2,ea89b79a9dfd35df20fed759e6d15c60fe01e77c,direct,octree_leafcount,flyby,3,68,68,0.4725120068,0.1749439985,0.6484159827,0.655674,1,0,-1,45041,39411,17,17,14975,37.99700591,12.99134759,512002,0,512002,45041
v2,ea89b79a9dfd35df20fed759e6d15c60fe01e77c,direct,octree_leafcount,flyby,3,69,69,0.4549440145,0.1745599955,0.6304640174,0.637652,1,0,-1,44329,38788,17,17,14562,37.54253893,13.20001031,512002,0,512002,44329
v2,ea89b79a9dfd35df20fed759e6d15c60fe01e77c,direct,octree_leafcount,flyby,3,70,70,0.4242239892,0.1736959964,0.5988479853,0.607522,1,0,-1,44777,39180,17,17,14583,37.22052067,13.06794283,512002,0,512002,44777
v2,ea89b79a9dfd35df20fed759e6d15c60fe01e77c,direct,octree_leafcount,flyby,3,71,71,0.468095988,0.173984006,0.6430400014,0.650403,1,0,-1,45025,39397,17,17,14811,37.59423306,12.99596416,512002,0,512002,45025
v2,ea89b79a9dfd35df20fed759e6d15c60fe01e77c,direct,octree_leafcount,flyby,3,72,72,0.42009601,0.1770240068,0.5980799794,0.605273,1,0,-1,44889,39278,17,17,14734,37.51209328,13.03533785,512002,0,512002,44889
v2,ea89b79a9dfd35df20fed759e6d15c60fe01e77c,direct,octree_leafcount,flyby,3,73,73,0.4491840005,0.1731200069,0.6232640147,0.630058,1,0,-1,44601,39026,17,17,14744,37.77994158,13.11951007,512002,0,512002,44601
v2,ea89b79a9dfd35df20fed759e6d15c60fe01e77c,direct,octree_leafcount,flyby,3,74,74,0.4515199959,0.1750719994,0.6275200248,0.634264,1,0,-1,44697,39110,17,17,14648,37.45333674,13.09133214,512002,0,512002,44697
v2,ea89b79a9dfd35df20fed759e6d15c60fe01e77c,direct,octree_leafcount,flyby,3,75,75,0.4550080001,0.1769279987,0.6328639984,0.640088,1,0,-1,44921,39306,17,17,14675,37.33526688,13.026052,512002,0,512002,44921
v2,ea89b79a9dfd35df20fed759e6d15c60fe01e77c,direct,octree_leafcount,flyby,3,76,76,0.416832,0.1741759926,0.5919359922,0.59902,1,0,-1,44905,39292,17,17,14706,37.42746615,13.03069327,512002,0,512002,44905
v2,ea89b79a9dfd35df20fed759e6d15c60fe01e77c,direct,octree_leafcount,flyby,3,77,77,0.4524799883,0.1769279987,0.6303679943,0.637274,1,0,-1,44729,39138,17,17,14444,36.90530942,13.08196638,512002,0,512002,44729
v2,ea89b79a9dfd35df20fed759e6d15c60fe01e77c,direct,octree_leafcount,flyby,3,78,78,0.4232319891,0.1741759926,0.5983679891,0.60579,1,0,-1,44825,39222,17,17,14637,37.31834175,13.05394931,512002,0,512002,44825
v2,ea89b79a9dfd35df20fed759e6d15c60fe01e77c,direct,octree_leafcount,flyby,3,79,79,0.4494400024,0.1728319973,0.623232007,0.63039,1,0,-1,44673,39089,17,17,14326,36.64969685,13.09836527,512002,0,512002,44673
v2,ea89b79a9dfd35df20fed759e6d15c60fe01e77c,direct,octree_leafcount,flyby,3,80,80,0.4173119962,0.1771200001,0.5953919888,0.602736,1,0,-1,44537,38970,17,17,14200,36.43828586,13.13836284,512002,0,512002,44537
v2,ea89b79a9dfd35df20fed759e6d15c60fe01e77c,direct,octree_leafcount,flyby,3,81,81,0.42236799,0.1730879992,0.5963839889,0.603937,1,0,-1,44697,39110,17,17,14262,36.46637689,13.09133214,512002,0,512002,44697
v2,ea89b79a9dfd35df20fed759e6d15c60fe01e77c,direct,octree_leafcount,flyby,3,82,82,0.4867199957,0.1719360054,0.6600000262,0.667354,1,0,-1,44465,38907,17,17,14246,36.61551906,13.15963708,512002,0,512002,44465
v2,ea89b79a9dfd35df20fed759e6d15c60fe01e77c,direct,octree_leafcount,flyby,3,83,83,0.428640008,0.1729280055,0.602527976,0.610555,1,0,-1,44465,38907,17,17,14370,36.93422777,13.15963708,512002,0,512002,44465
v2,ea89b79a9dfd35df20fed759e6d15c60fe01e77c,direct,octree_leafcount,flyby,3,84,84,0.458656013,0.1802880019,0.6399040222,0.647186,1,0,-1,44025,38522,17,17,14009,36.36623228,13.2911583,512002,0,512002,44025
v2,ea89b79a9dfd35df20fed759e6d15c60fe01e77c,direct,octree_leafcount,flyby,3,85,85,0.4206719995,0.1781760007,0.5997760296,0.60815,1,0,-1,44569,38998,17,17,14284,36.62751936,13.12892969,512002,0,512002,44569
v2,ea89b79a9dfd35df20fed759e6d15c60fe01e77c,direct,octree_leafcount,flyby,3,86,86,0.4885439873,0.1719039977,0.6614080071,0.669519,1,0,-1,44401,38851,17,17,14068,36.21013616,13.17860544,512002,0,512002,44401
v2,ea89b79a9dfd35df20fed759e6d15c60fe01e77c,direct,octree_leafcount,flyby,3,87,87,0.4250879884,0.1710080057,0.5970559716,0.604481,1,0,-1,44201,38676,17,17,13950,36.06887993,13.2382356,512002,0,512002,44201
v2,ea89b79a9dfd35df20fed759e6d15c60fe01e77c,direct,octree_leafcount,flyby,3,88,88,0.4240640104,0.1739519984,0.598976016,0.606586,1,0,-1,43793,38319,17,17,13673,35.68203763,13.36156998,512002,0,512002,43793
v2,ea89b79a9dfd35df20fed759e6d15c60fe01e77c,direct,octree_leafcount,flyby,3,89,89,0.4560639858,0.1731200069,0.6301119924,0.637402,1,0,-1,43993,38494,17,17,13730,35.6678963,13.3008261,512002,0,512002,43993
v2,ea89b79a9dfd35df20fed759e6d15c60fe01e77c,direct,octree_leafcount,flyby,3,90,90,0.4593920112,0.1761920005,0.6365439892,0.644608,1,0,-1,43937,38445,17,17,13765,35.80439589,13.31777864,512002,0,512002,43937
v2,ea89b79a9dfd35df20fed759e6d15c60fe01e77c,direct,octree_leafcount,flyby,3,91,91,0.4523200095,0.1717759967,0.6250240207,0.632617,1,0,-1,44345,38802,17,17,13869,35.74300294,13.19524767,512002,0,512002,44345
v2,ea89b79a9dfd35df20fed759e6d15c60fe01e77c,direct,octree_leafcount,flyby,3,92,92,0.4239360094,0.1717759967,0.5966719985,0.603742,1,0,-1,43537,38095,17,17,13512,35.46922168,13.4401365,512002,0,512002,43537
v2,ea89b79a9dfd35df20fed759e6d15c60fe01e77c,direct,octree_leafcount,flyby,3,93,93,0.4531520009,0.1721280068,0.6262080073,0.633843,1,0,-1,43849,38368,17,17,13493,35.16732694,13.34450584,512002,0,512002,43849
v2,ea89b79a9dfd35df20fed759e6d15c60fe01e77c,direct,octree_leafcount,flyby,3,94,94,0.4182400107,0.1729280055,0.5921279788,0.598929,1,0,-1,43313,37899,17,17,13319,35.14340748,13.50964405,512002,0,512002,43313
v2,ea89b79a9dfd35df20fed759e6d15c60fe01e77c,direct,octree_leafcount,flyby,3,95,95,0.421472013,0.1740480065,0.5964480042,0.603389,1,0,-1,43625,38172,17,17,13299,34.83967306,13.41302525,512002,0,512002,43625
v2,ea89b79a9dfd35df20fed759e6d15c60fe01e77c,direct,octree_leafcount,flyby,3,96,96,0.4538240135,0.1710080057,0.6257600188,0.633505,1,0,-1,43329,37913,17,17,13283,35.03547596,13.5046554,512002,0,512002,43329
v2,ea89b79a9dfd35df20fed759e6d15c60fe01e77c,direct,octree_leafcount,flyby,3,97,97,0.422495991,0.1727679968,0.5961920023,0.603619,1,0,-1,43289,37878,17,17,13180,34.79592376,13.51713396,512002,0,512002,43289
v2,ea89b79a9dfd35df20fed759e6d15c60fe01e77c,direct,octree_leafcount,flyby,3,98,98,0.4503040016,0.1732160002,0.6244480014,0.631595,1,0,-1,43073,37689,17,17,13322,35.34718353,13.58491868,512002,0,512002,43073
v2,ea89b79a9dfd35df20fed759e6d15c60fe01e77c,direct,octree_leafcount,flyby,3,99,99,0.4170559943,0.1721280068,0.5901119709,0.596495,1,0,-1,43121,37731,17,17,13271,35.17266969,13.56979672,512002,0,512002,43121
v2,ea89b79a9dfd35df20fed759e6d15c60fe01e77c,direct,octree_leafcount,flyby,3,100,100,0.4189119935,0.1710080057,0.5908799767,0.598121,1,0,-1,43753,38284,17,17,13428,35.07470484,13.37378539,512002,0,512002,43753
v2,ea89b79a9dfd35df20fed759e6d15c60fe01e77c,direct,octree_leafcount,flyby,3,101,101,0.4205439985,0.1740799993,0.5955839753,0.603182,1,0,-1,43369,37948,17,17,13255,34.92937704,13.49219985,512002,0,512002,43369
v2,ea89b79a9dfd35df20fed759e6d15c60fe01e77c,direct,octree_leafcount,flyby,3,102,102,0.4589760005,0.1709440053,0.6320000291,0.639551,1,0,-1,43377,37955,17,17,12960,34.14569885,13.4897115,512002,0,512002,43377
v2,ea89b79a9dfd35df20fed759e6d15c60fe01e77c,direct,octree_leafcount,flyby,3,103,103,0.4426240027,0.1765760034,0.6201279759,0.625632,1,0,-1,43161,37766,17,17,13113,34.72170736,13.55722078,512002,0,512002,43161
v2,ea89b79a9dfd35df20fed759e6d15c60fe01e77c,direct,octree_leafcount,flyby,3,104,104,0.4225920141,0.1718080044,0.5953279734,0.603078,1,0,-1,43497,38060,17,17,13361,35.10509721,13.45249606,512002,0,512002,43497
v2,ea89b79a9dfd35df20fed759e6d15c60fe01e77c,direct,octree_leafcount,flyby,3,105,105,0.4520319998,0.170975998,0.6239359975,0.631089,1,0,-1,43441,38011,17,17,13006,34.21641104,13.46983768,512002,0,512002,43441
v2,ea89b79a9dfd35df20fed759e6d15c60fe01e77c,direct,octree_leafcount,flyby,3,106,106,0.4239360094,0.1720000058,0.5968959928,0.604412,1,0,-1,43041,37661,17,17,12956,34.40163564,13.59501872,512002,0,512002,43041
v2,ea89b79a9dfd35df20fed759e6d15c60fe01e77c,direct,octree_leafcount,flyby,3,107,107,0.4548160136,0.1771840006,0.6329600215,0.64062,1,0,-1,43609,38158,17,17,13247,34.71618009,13.41794643,512002,0,512002,43609
v2,ea89b79a9dfd35df20fed759e6d15c60fe01e77c,direct,octree_leafcount,flyby,3,108,108,0.4210239947,0.1708479971,0.5928000212,0.600267,1,0,-1,43289,37878,17,17,13156,34.73256244,13.51713396,512002,0,512002,43289
v2,ea89b79a9dfd35df20fed759e6d15c60fe01e77c,direct,octree_leafcount,flyby,3,109,109,0.4223360121,0.1729920059,0.5962560177,0.60359,1,0,-1,43017,37640,17,17,12890,34.24548353,13.60260361,512002,0,512002,43017
v2,ea89b79a9dfd35df20fed759e6d15c60fe01e77c,direct,octree_leafcount,flyby,3,110,110,0.4509119987,0.1749760062,0.6268479824,0.63402,1,0,-1,43161,37766,17,17,13007,34.44103162,13.55722078,512002,0,512002,43161
v2,ea89b79a9dfd35df20fed759e6d15c60fe01e77c,direct,octree_leafcount,flyby,3,111,111,0.4303680062,0.1797440052,0.6110399961,0.618716,1,0,-1,43185,37787,17,17,13031,34.48540503,13.5496864,512002,0,512002,43185
v2,ea89b79a9dfd35df20fed759e6d15c60fe01e77c,direct,octree_leafcount,flyby,3,112,112,0.4536960125,0.1772159934,0.6318719983,0.638931,1,0,-1,43201,37801,17,17,12828,33.93561017,13.54466813,512002,0,512002,43201
v2,ea89b79a9dfd35df20fed759e6d15c60fe01e77c,direct,octree_leafcount,flyby,3,113,113,0.4580160081,0.1719679981,0.6308799982,0.638311,1,0,-1,43313,37899,17,17,13016,34.34391409,13.50964405,512002,0,512002,43313
v2,ea89b79a9dfd35df20fed759e6d15c60fe01e77c,direct,octree_leafcount,flyby,3,114,114,0.4603840113,0.1800960004,0.6413760185,0.648669,1,0,-1,43249,37843,17,17,12938,34.18862141,13.5296356,512002,0,512002,43249
v2,ea89b79a9dfd35df20fed759e6d15c60fe01e77c,direct,octree_leafcount,flyby,3,115,115,0.3970240057,0.1769279987,0.5748800039,0.58314,1,0,-1,43105,37717,17,17,12806,33.95285945,13.57483363,512002,0,512002,43105
v2,ea89b79a9dfd35df20fed759e6d15c60fe01e77c,direct,octree_leafcount,flyby,3,116,116,0.4219839871,0.1728000045,0.5957120061,0.603143,1,0,-1,43153,37759,17,17,12761,33.79591621,13.5597341,512002,0,512002,43153
v2,ea89b79a9dfd35df20fed759e6d15c60fe01e77c,direct,octree_leafcount,flyby,3,117,117,0.4556800127,0.173984006,0.6305599809,0.638539,1,0,-1,43273,37864,17,17,12946,34.19078808,13.52213184,512002,0,512002,43273
v2,ea89b79a9dfd35df20fed759e6d15c60fe01e77c,direct,octree_leafcount,flyby,3,118,118,0.4286080003,0.1740480065,0.6035839915,0.612054,1,0,-1,43497,38060,17,17,12911,33.92275355,13.45249606,512002,0,512002,43497
v2,ea89b79a9dfd35df20fed759e6d15c60fe01e77c,direct,octree_leafcount,flyby,3,119,119,0.4467200041,0.1730560064,0.6207360029,0.626547,1,0,-1,43585,38137,17,17,13008,34.10860844,13.42533498,512002,0,512002,43585
v2,ea89b79a9dfd35df20fed759e6d15c60fe01e77c,direct,octree_leafcount,flyby,3,120,120,0.4207679927,0.1750079989,0.5967040062,0.60484,1,0,-1,43545,38102,17,17,13056,34.2659178,13.43766731,512002,0,512002,43545
v2,ea89b79a9dfd35df20fed759e6d15c60fe01e77c,direct,octree_leafcount,flyby,3,121,121,0.4202879965,0.1738239974,0.5950080156,0.602647,1,0,-1,43385,37962,17,17,12938,34.08144987,13.48722407,512002,0,512002,43385
v2,ea89b79a9dfd35df20fed759e6d15c60fe01e77c,direct,octree_leafcount,flyby,3,122,122,0.4582720101,0.1743039936,0.6335039735,0.640686,1,0,-1,42897,37535,17,17,12600,33.56866924,13.64065539,512002,0,512002,42897
v2,ea89b79a9dfd35df20fed759e6d15c60fe01e77c,direct,octree_leafcount,flyby,3,123,123,0.416703999,0.1726399958,0.5903040171,0.59731,1,0,-1,43329,37913,17,17,12958,34.1782502,13.5046554,512002,0,512002,43329
v2,ea89b79a9dfd35df20fed759e6d15c60fe01e77c,direct,octree_leafcount,flyby,3,124,124,0.4519680142,0.1750719994,0.6279680133,0.634974,1,0,-1,43465,38032,17,17,12904,33.92932268,13.46240008,512002,0,512002,43465
v2,ea89b79a9dfd35df20fed759e6d15c60fe01e77c,direct,octree_leafcount,flyby,3,125,125,0.4189440012,0.1717440039,0.5916479826,0.598522,1,0,-1,43449,38018,17,17,12830,33.74717239,13.46735757,512002,0,512002,43449
v2,ea89b79a9dfd35df20fed759e6d15c60fe01e77c,direct,octree_leafcount,flyby,3,126,126,0.4534719884,0.1738560051,0.628287971,0.635964,1,0,-1,43401,37976,17,17,12780,33.65283337,13.48225195,512002,0,512002,43401
v2,ea89b79a9dfd35df20fed759e6d15c60fe01e77c,direct,octree_leafcount,flyby,3,127,127,0.4518719912,0.1727679968,0.6255999804,0.632748,1,0,-1,43353,37934,17,17,12613,33.24985501,13.49717931,512002,0,512002,43353
v2,ea89b79a9dfd35df20fed759e6d15c60fe01e77c,direct,octree_leafcount,flyby,3,128,128,0.4166719913,0.1741759926,0.5917760134,0.599083,1,0,-1,43305,37892,17,17,12622,33.31046131,13.51213977,512002,0,512002,43305
v2,ea89b79a9dfd35df20fed759e6d15c60fe01e77c,direct,octree_leafcount,flyby,3,129,129,0.4561600089,0.1772159934,0.634303987,0.641718,1,0,-1,43121,37731,17,17,12694,33.64342318,13.56979672,512002,0,512002,43121
v2,ea89b79a9dfd35df20fed759e6d15c60fe01e77c,direct,octree_leafcount,flyby,3,130,130,0.4552960098,0.171103999,0.6273599863,0.634771,1,0,-1,43265,37857,17,17,12705,33.560504,13.52463217,512002,0,512002,43265
v2,ea89b79a9dfd35df20fed759e6d15c60fe01e77c,direct,octree_leafcount,flyby,3,131,131,0.4591999948,0.1710080057,0.6311360002,0.639096,1,0,-1,43401,37976,17,17,12613,33.21308195,13.48225195,512002,0,512002,43401
v2,ea89b79a9dfd35df20fed759e6d15c60fe01e77c,direct,octree_leafcount,flyby,3,132,132,0.4307520092,0.176128,0.6078400016,0.616147,1,0,-1,43033,37654,17,17,12449,33.06156052,13.59754608,512002,0,512002,43033
v2,ea89b79a9dfd35df20fed759e6d15c60fe01e77c,direct,octree_leafcount,flyby,3,133,133,0.3908160031,0.1737920046,0.5655679703,0.573644,1,0,-1,42961,37591,17,17,12278,32.66207337,13.62033465,512002,0,512002,42961
v2,ea89b79a9dfd35df20fed759e6d15c60fe01e77c,direct,octree_leafcount,flyby,3,134,134,0.4554240108,0.1706880033,0.6270400286,0.635089,1,0,-1,43057,37675,17,17,12404,32.92368945,13.58996682,512002,0,512002,43057
v2,ea89b79a9dfd35df20fed759e6d15c60fe01e77c,direct,octree_leafcount,flyby,3,135,135,0.4277440012,0.1708479971,0.5995519757,0.607134,1,0,-1,43273,37864,17,17,12398,32.74350306,13.52213184,512002,0,512002,43273
v2,ea89b79a9dfd35df20fed759e6d15c60fe01e77c,direct,octree_leafcount,flyby,3,136,136,0.4552640021,0.1706880033,0.6269119978,0.634647,1,0,-1,43713,38249,17,17,12664,33.10936234,13.38602316,512002,0,512002,43713
v2,ea89b79a9dfd35df20fed759e6d15c60fe01e77c,direct,octree_leafcount,flyby,3,137,137,0.4573119879,0.1741759926,0.6324160099,0.640026,1,0,-1,43185,37787,17,17,12581,33.29451928,13.5496864,512002,0,512002,43185
v2,ea89b79a9dfd35df20fed759e6d15c60fe01e77c,direct,octree_leafcount,flyby,3,138,138,0.4218559861,0.1737599969,0.5965759754,0.604181,1,0,-1,43073,37689,17,17,12345,32.75491523,13.58491868,512002,0,512002,43073
v2,ea89b79a9dfd35df20fed759e6d15c60fe01e77c,direct,octree_leafcount,flyby,3,139,139,0.4571839869,0.1738239974,0.6319360137,0.63985,1,0,-1,43617,38165,17,17,12654,33.15603301,13.41548539,512002,0,512002,43617
v2,ea89b79a9dfd35df20fed759e6d15c60fe01e77c,direct,octree_leafcount,flyby,3,140,140,0.4236159921,0.1716800034,0.59622401,0.604068,1,0,-1,43497,38060,17,17,12721,33.42354178,13.45249606,512002,0,512002,43497
v2,ea89b79a9dfd35df20fed759e6d15c60fe01e77c,direct,octree_leafcount,flyby,3,141,141,0.4537599981,0.1720000058,0.6267200112,0.633936,1,0,-1,43553,38109,17,17,12543,32.913485,13.43519903,512002,0,512002,43553
v2,ea89b79a9dfd35df20fed759e6d15c60fe01e77c,direct,octree_leafcount,flyby,3,142,142,0.4192959964,0.1750079989,0.5952640176,0.602151,1,0,-1,43521,38081,17,17,12500,32.82476826,13.4450776,512002,0,512002,43521
v2,ea89b79a9dfd35df20fed759e6d15c60fe01e77c,direct,octree_leafcount,flyby,3,143,143,0.4509440064,0.1750719994,0.6269119978,0.633889,1,0,-1,43481,38046,17,17,12512,32.88650581,13.45744625,512002,0,512002,43481
v2,ea89b79a9dfd35df20fed759e6d15c60fe01e77c,direct,octree_leafcount,flyby,3,144,144,0.4232960045,0.1729599983,0.5972160101,0.604799,1,0,-1,42921,37556,17,17,12251,32.62061987,13.63302801,512002,0,512002,42921
v2,ea89b79a9dfd35df20fed759e6d15c60fe01e77c,direct,octree_leafcount,flyby,3,145,145,0.4211519957,0.1701440066,0.5922240019,0.599586,1,0,-1,43169,37773,17,17,12443,32.94151907,13.55470839,512002,0,512002,43169
v2,ea89b79a9dfd35df20fed759e6d15c60fe01e77c,direct,octree_leafcount,flyby,3,146,146,0.4543359876,0.173247993,0.6285120249,0.635892,1,0,-1,43153,37759,17,17,12284,32.53264122,13.5597341,512002,0,512002,43153
v2,ea89b79a9dfd35df20fed759e6d15c60fe01e77c,direct,octree_leafcount,flyby,3,147,147,0.415583998,0.1761920005,0.5927039981,0.599487,1,0,-1,43521,38081,17,17,12474,32.75649274,13.4450776,512002,0,512002,43521
v2,ea89b79a9dfd35df20fed759e6d15c60fe01e77c,direct,octree_leafcount,flyby,3,148,148,0.4498240054,0.1699199975,0.6206719875,0.627655,1,0,-1,43521,38081,17,17,12566,32.99808303,13.4450776,512002,0,512002,43521
v2,ea89b79a9dfd35df20fed759e6d15c60fe01e77c,direct,octree_leafcount,flyby,3,149,149,0.4205760062,0.1728000045,0.5943359733,0.60159,1,0,-1,43225,37822,17,17,12458,32.9385014,13.53714769,512002,0,512002,43225
v2,ea89b79a9dfd35df20fed759e6d15c60fe01e77c,direct,octree_leafcount,flyby,3,150,150,0.4196479917,0.1740480065,0.5945919752,0.602159,1,0,-1,43393,37969,17,17,12389,32.62925018,13.48473755,512002,0,512002,43393
v2,ea89b79a9dfd35df20fed759e6d15c60fe01e77c,direct,octree_leafcount,flyby,3,151,151,0.4531520009,0.1761920005,0.6303039789,0.637511,1,0,-1,43537,38095,17,17,12407,32.56857855,13.4401365,512002,0,512002,43537
v2,ea89b79a9dfd35df20fed759e6d15c60fe01e77c,direct,octree_leafcount,flyby,3,152,152,0.4192959964,0.1751359999,0.5953599811,0.602937,1,0,-1,43497,38060,17,17,12509,32.86652654,13.45249606,512002,0,512002,43497
v2,ea89b79a9dfd35df20fed759e6d15c60fe01e77c,direct,octree_leafcount,flyby,3,153,153,0.4508160055,0.1760639995,0.6278399825,0.635115,1,0,-1,43665,38207,17,17,12555,32.86047059,13.40073808,512002,0,512002,43665
v2,ea89b79a9dfd35df20fed759e6d15c60fe01e77c,direct,octree_leafcount,flyby,3,154,154,0.4180479944,0.176256001,0.5952000022,0.602491,1,0,-1,43257,37850,17,17,12228,32.30647292,13.52713342,512002,0,512002,43257
v2,ea89b79a9dfd35df20fed759e6d15c60fe01e77c,direct,octree_leafcount,flyby,3,155,155,0.4206080139,0.1719039977,0.5934399962,0.600532,1,0,-1,43513,38074,17,17,12377,32.50774807,13.44754951,512002,0,512002,43513
v2,ea89b79a9dfd35df20fed759e6d15c60fe01e77c,direct,octree_leafcount,flyby,3,156,156,0.4560959935,0.1760639995,0.633055985,0.640826,1,0,-1,43417,37990,17,17,12313,32.41116083,13.4772835,512002,0,512002,43417
v2,ea89b79a9dfd35df20fed759e6d15c60fe01e77c,direct,octree_leafcount,flyby,3,157,157,0.4206719995,0.1791359931,0.600736022,0.608075,1,0,-1,43193,37794,17,17,12313,32.57924538,13.5471768,512002,0,512002,43193
v2,ea89b79a9dfd35df20fed759e6d15c60fe01e77c,direct,octree_leafcount,flyby,3,158,158,0.455648005,0.1757760048,0.6323840022,0.639947,1,0,-1,43313,37899,17,17,12254,32.33330695,13.50964405,512002,0,512002,43313
v2,ea89b79a9dfd35df20fed759e6d15c60fe01e77c,direct,octree_leafcount,flyby,3,159,159,0.422623992,0.1749120057,0.5984320045,0.605437,1,0,-1,42817,37465,17,17,11960,31.92312825,13.66614173,512002,0,512002,42817
v2,ea89b79a9dfd35df20fed759e6d15c60fe01e77c,direct,octree_leafcount,flyby,3,160,160,0.4197440147,0.1760320067,0.5967040062,0.603519,1,0,-1,43097,37710,17,17,12020,31.87483426,13.57735349,512002,0,512002,43097
v2,ea89b79a9dfd35df20fed759e6d15c60fe01e77c,direct,octree_leafcount,flyby,3,161,161,0.4515840113,0.1742720008,0.6267840266,0.633695,1,0,-1,43233,37829,17,17,12227,32.32176373,13.53464273,512002,0,512002,43233
v2,ea89b79a9dfd35df20fed759e6d15c60fe01e77c,direct,octree_leafcount,flyby,3,162,162,0.4542399943,0.1728319973,0.6280320287,0.635137,1,0,-1,43145,37752,17,17,12101,32.05393092,13.56224836,512002,0,512002,43145
v2,ea89b79a9dfd35df20fed759e6d15c60fe01e77c,direct,octree_leafcount,flyby,3,163,163,0.4526720047,0.1741759926,0.6277760267,0.63472,1,0,-1,43545,38102,17,17,12278,32.22403023,13.43766731,512002,0,512002,43545
v2,ea89b79a9dfd35df20fed759e6d15c60fe01e77c,direct,octree_leafcount,flyby,3,164,164,0.4567680061,0.1791359931,0.6368640065,0.644479,1,0,-1,43241,37836,17,17,12047,31.84004652,13.5321387,512002,0,512002,43241
v2,ea89b79a9dfd35df20fed759e6d15c60fe01e77c,direct,octree_leafcount,flyby,3,165,165,0.4173119962,0.175999999,0.5942720175,0.601637,1,0,-1,43137,37745,17,17,12060,31.95125182,13.56476354,512002,0,512002,43137
v2,ea89b79a9dfd35df20fed759e6d15c60fe01e77c,direct,octree_leafcount,flyby,3,166,166,0.4555520117,0.1752000004,0.6316800117,0.639092,1,0,-1,43105,37717,17,17,11947,31.67537185,13.57483363,512002,0,512002,43105
v2,ea89b79a9dfd35df20fed759e6d15c60fe01e77c,direct,octree_leafcount,flyby,3,167,167,0.4232639968,0.1760320067,0.6001920104,0.607417,1,0,-1,43105,37717,17,17,11850,31.41819339,13.57483363,512002,0,512002,43105
v2,ea89b79a9dfd35df20fed759e6d15c60fe01e77c,direct,octree_leafcount,flyby,3,168,168,0.4514240026,0.1801919937,0.6325759888,0.639183,1,0,-1,42745,37402,17,17,11841,31.65873483,13.68916101,512002,0,512002,42745
v2,ea89b79a9dfd35df20fed759e6d15c60fe01e77c,direct,octree_leafcount,flyby,3,169,169,0.4189119935,0.1760639995,0.5959039927,0.602958,1,0,-1,43025,37647,17,17,11893,31.59083061,13.60007438,512002,0,512002,43025
v2,ea89b79a9dfd35df20fed759e6d15c60fe01e77c,direct,octree_leafcount,flyby,3,170,170,0.4176000059,0.1721280068,0.5906559825,0.597451,1,0,-1,43001,37626,17,17,11936,31.72274491,13.60766491,512002,0,512002,43001
v2,ea89b79a9dfd35df20fed759e6d15c60fe01e77c,direct,octree_leafcount,flyby,3,171,171,0.4468480051,0.1732800007,0.621088028,0.627683,1,0,-1,43417,37990,17,17,11983,31.54251119,13.4772835,512002,0,512002,43417
v2,ea89b79a9dfd35df20fed759e6d15c60fe01e77c,direct,octree_leafcount,flyby,3,172,172,0.4173440039,0.1708479971,0.5891199708,0.596083,1,0,-1,43025,37647,17,17,11688,31.04629851,13.60007438,512002,0,512002,43025
v2,ea89b79a9dfd35df20fed759e6d15c60fe01e77c,direct,octree_leafcount,flyby,3,173,173,0.4625279903,0.1728319973,0.6362879872,0.644282,1,0,-1,42873,37514,17,17,11815,31.49490857,13.6482913,512002,0,512002,42873
v2,ea89b79a9dfd35df20fed759e6d15c60fe01e77c,direct,octree_leafcount,flyby,3,174,174,0.4194880128,0.1751359999,0.5955200195,0.602908,1,0,-1,42761,37416,17,17,11711,31.29944409,13.68403891,512002,0,512002,42761
v2,ea89b79a9dfd35df20fed759e6d15c60fe01e77c,direct,octree_leafcount,flyby,3,175,175,0.4161599874,0.1751040071,0.5922240019,0.597804,1,0,-1,42977,37605,17,17,11892,31.62345433,13.61526393,512002,0,512002,42977
v2,ea89b79a9dfd35df20fed759e6d15c60fe01e77c,direct,octree_leafcount,flyby,3,176,176,0.4561919868,0.1751040071,0.6322559714,0.640044,1,0,-1,42793,37444,17,17,11647,31.10511697,13.67380622,512002,0,512002,42793
v2,ea89b79a9dfd35df20fed759e6d15c60fe01e77c,direct,octree_leafcount,flyby,3,177,177,0.4248319864,0.1769919991,0.6027519703,0.610395,1,0,-1,42945,37577,17,17,11799,31.39952631,13.62540916,512002,0,512002,42945
v2,ea89b79a9dfd35df20fed759e6d15c60fe01e77c,direct,octree_leafcount,flyby,3,178,178,0.4565440118,0.1769279987,0.6344000101,0.642396,1,0,-1,43017,37640,17,17,11796,31.33900106,13.60260361,512002,0,512002,43017
v2,ea89b79a9dfd35df20fed759e6d15c60fe01e77c,direct,octree_leafcount,flyby,3,179,179,0.4229440093,0.1721280068,0.595968008,0.601776,1,0,-1,42641,37311,17,17,11718,31.40628769,13.72254831,512002,0,512002,42641
v2,ea89b79a9dfd35df20fed759e6d15c60fe01e77c,direct,octree_leafcount,flyby,3,180,180,0.4142720103,0.1749120057,0.5901119709,0.596286,1,0,-1,42985,37612,17,17,11962,31.80367968,13.61272998,512002,0,512002,42985
v2,ea89b79a9dfd35df20fed759e6d15c60fe01e77c,direct,octree_leafcount,flyby,3,181,181,0.4546880126,0.1720640063,0.6277120113,0.634083,1,0,-1,42905,37542,17,17,11761,31.32757978,13.63811198,512002,0,512002,42905
v2,ea89b79a9dfd35df20fed759e6d15c60fe01e77c,direct,octree_leafcount,flyby,3,182,182,0.4219200015,0.1729599983,0.5958399773,0.60304,1,0,-1,42849,37493,17,17,11754,31.34985197,13.65593577,512002,0,512002,42849
v2,ea89b79a9dfd35df20fed759e6d15c60fe01e77c,direct,octree_leafcount,flyby,3,183,183,0.4160000086,0.1764799953,0.5934399962,0.600514,1,0,-1,43049,37668,17,17,11571,30.71838165,13.5924923,512002,0,512002,43049
v2,ea89b79a9dfd35df20fed759e6d15c60fe01e77c,direct,octree_leafcount,flyby,3,184,184,0.4459519982,0.173247993,0.6201599836,0.626068,1,0,-1,43129,37738,17,17,11650,30.87074037,13.56727967,512002,0,512002,43129
v2,ea89b79a9dfd35df20fed759e6d15c60fe01e77c,direct,octree_leafcount,flyby,3,185,185,0.4207360148,0.1707520038,0.5924479961,0.599278,1,0,-1,42769,37423,17,17,11754,31.4084921,13.6814793,512002,0,512002,42769
v2,ea89b79a9dfd35df20fed759e6d15c60fe01e77c,direct,octree_leafcount,flyby,3,186,186,0.4521279931,0.1722240001,0.6253119707,0.632857,1,0,-1,42585,37262,17,17,11593,31.11212495,13.74059363,512002,0,512002,42585
v2,ea89b79a9dfd35df20fed759e6d15c60fe01e77c,direct,octree_leafcount,flyby,3,187,187,0.419968009,0.1719039977,0.5928320289,0.59978,1,0,-1,42841,37486,17,17,11811,31.5077629,13.65848583,512002,0,512002,42841
v2,ea89b79a9dfd35df20fed759e6d15c60fe01e77c,direct,octree_leafcount,flyby,3,188,188,0.4234240055,0.1708800048,0.5952640176,0.602844,1,0,-1,42289,37003,17,17,11411,30.83804016,13.83676999,512002,0,512002,42289
v2,ea89b79a9dfd35df20fed759e6d15c60fe01e77c,direct,octree_leafcount,flyby,3,189,189,0.4573439956,0.1737599969,0.6320000291,0.639926,1,0,-1,42473,37164,17,17,11522,31.0031213,13.77682704,512002,0,512002,42473
v2,ea89b79a9dfd35df20fed759e6d15c60fe01e77c,direct,octree_leafcount,flyby,3,190,190,0.4217599928,0.1708479971,0.5935360193,0.599758,1,0,-1,42297,37010,17,17,11405,30.81599568,13.83415293,512002,0,512002,42297
v2,ea89b79a9dfd35df20fed759e6d15c60fe01e77c,direct,octree_leafcount,flyby,3,191,191,0.4504959881,0.1719360054,0.6233279705,0.630029,1,0,-1,42225,36947,17,17,11323,30.64660189,13.85774217,512002,0,512002,42225
v2,ea89b79a9dfd35df20fed759e6d15c60fe01e77c,direct,octree_leafcount,flyby,3,192,192,0.4224640131,0.1729920059,0.5964159966,0.603855,1,0,-1,42233,36954,17,17,11399,30.84645776,13.85511717,512002,0,512002,42233
v2,ea89b79a9dfd35df20fed759e6d15c60fe01e77c,direct,octree_leafcount,flyby,3,193,193,0.3931519985,0.1689919978,0.5630720258,0.569676,1,0,-1,42273,36989,17,17,11356,30.70101922,13.84200708,512002,0,512002,42273
v2,ea89b79a9dfd35df20fed759e6d15c60fe01e77c,direct,octree_leafcount,flyby,3,194,194,0.4543040097,0.1730239987,0.628287971,0.634604,1,0,-1,42401,37101,17,17,11567,31.17705722,13.80022102,512002,0,512002,42401
v2,ea89b79a9dfd35df20fed759e6d15c60fe01e77c,direct,octree_leafcount,flyby,3,195,195,0.4456320107,0.1682559997,0.6148480177,0.620234,1,0,-1,42329,37038,17,17,11498,31.04379286,13.82369458,512002,0,512002,42329
v2,ea89b79a9dfd35df20fed759e6d15c60fe01e77c,direct,octree_leafcount,flyby,3,196,196,0.448608011,0.1720640063,0.6215999722,0.628356,1,0,-1,42761,37416,17,17,11752,31.40902288,13.68403891,512002,0,512002,42761
v2,ea89b79a9dfd35df20fed759e6d15c60fe01e77c,direct,octree_leafcount,flyby,3,197,197,0.3848319948,0.1741439998,0.5599039793,0.566787,1,0,-1,42289,37003,17,17,11372,30.7326433,13.83676999,512002,0,512002,42289
v2,ea89b79a9dfd35df20fed759e6d15c60fe01e77c,direct,octree_leafcount,flyby,3,198,198,0.4243200123,0.1737920046,0.5990399718,0.606526,1,0,-1,42561,37241,17,17,11525,30.94707446,13.74834188,512002,0,512002,42561
v2,ea89b79a9dfd35df20fed759e6d15c60fe01e77c,direct,octree_leafcount,flyby,3,199,199,0.4623680115,0.1721280068,0.6353920102,0.642458,1,0,-1,42577,37255,17,17,11385,30.55965642,13.74317541,512002,0,512002,42577
v2,ea89b79a9dfd35df20fed759e6d15c60fe01e77c,direct,octree_leafcount,flyby,3,200,200,0.4273599982,0.1764159948,0.6046720147,0.611676,1,0,-1,42641,37311,17,17,11427,30.62635684,13.72254831,512002,0,512002,42641
v2,ea89b79a9dfd35df20fed759e6d15c60fe01e77c,direct,octree_leafcount,flyby,3,201,201,0.4610239863,0.1721599996,0.6341120005,0.640956,1,0,-1,42481,37171,17,17,11405,30.68252132,13.7742326,512002,0,512002,42481
v2,ea89b79a9dfd35df20fed759e6d15c60fe01e77c,direct,octree_leafcount,flyby,3,202,202,0.4176320136,0.1742080003,0.5928000212,0.59933,1,0,-1,42305,37017,17,17,11259,30.41575492,13.83153686,512002,0,512002,42305
v2,ea89b79a9dfd35df20fed759e6d15c60fe01e77c,direct,octree_leafcount,flyby,3,203,203,0.4216319919,0.1719679981,0.5945600271,0.601194,1,0,-1,42393,37094,17,17,11467,30.91335526,13.80282525,512002,0,512002,42393
v2,ea89b79a9dfd35df20fed759e6d15c60fe01e77c,direct,octree_leafcount,flyby,3,204,204,0.4564799964,0.1748159975,0.6322240233,0.639697,1,0,-1,42297,37010,17,17,11400,30.80248581,13.83415293,512002,0,512002,42297
v2,ea89b79a9dfd35df20fed759e6d15c60fe01e77c,direct,octree_leafcount,flyby,3,205,205,0.4224320054,0.1701119989,0.5934720039,0.600828,1,0,-1,42825,37472,17,17,11629,31.0338386,13.66358881,512002,0,512002,42825
v2,ea89b79a9dfd35df20fed759e6d15c60fe01e77c,direct,octree_leafcount,flyby,3,206,206,0.3915840089,0.1767040044,0.5692480206,0.576067,1,0,-1,42609,37283,17,17,11431,30.66008637,13.73285412,512002,0,512002,42609
v2,ea89b79a9dfd35df20fed759e6d15c60fe01e77c,direct,octree_leafcount,flyby,3,207,207,0.4519999921,0.1773120016,0.6302400231,0.636899,1,0,-1,42881,37521,17,17,11488,30.61752085,13.64574505,512002,0,512002,42881
v2,ea89b79a9dfd35df20fed759e6d15c60fe01e77c,direct,octree_leafcount,flyby,3,208,208,0.42009601,0.1729920059,0.5940480232,0.601051,1,0,-1,42489,37178,17,17,11347,30.52073807,13.77163914,512002,0,512002,42489
v2,ea89b79a9dfd35df20fed759e6d15c60fe01e77c,direct,octree_leafcount,flyby,3,209,209,0.4548479915,0.1729920059,0.6287680268,0.635586,1,0,-1,42281,36996,17,17,11314,30.58168451,13.83938804,512002,0,512002,42281
v2,ea89b79a9dfd35df20fed759e6d15c60fe01e77c,direct,octree_leafcount,flyby,3,210,210,0.4215359986,0.1750400066,0.597472012,0.604588,1,0,-1,42169,36898,17,17,11217,30.40002168,13.87614505,512002,0,512002,42169
v2,ea89b79a9dfd35df20fed759e6d15c60fe01e77c,direct,octree_leafcount,flyby,3,211,211,0.4203839898,0.1751679927,0.6003199816,0.607826,1,0,-1,42241,36961,17,17,11176,30.23727713,13.85249317,512002,0,512002,42241
v2,ea89b79a9dfd35df20fed759e6d15c60fe01e77c,direct,octree_leafcount,flyby,3,212,212,0.452767998,0.1709119976,0.6245759726,0.631823,1,0,-1,42449,37143,17,17,11392,30.67065127,13.78461621,512002,0,512002,42449
v2,ea89b79a9dfd35df20fed759e6d15c60fe01e77c,direct,octree_leafcount,flyby,3,213,213,0.4239360094,0.1690559983,0.5939199924,0.601438,1,0,-1,42185,36912,17,17,11341,30.72442566,13.8708821,512002,0,512002,42185
v2,ea89b79a9dfd35df20fed759e6d15c60fe01e77c,direct,octree_leafcount,flyby,3,214,214,0.4613760114,0.1736959964,0.6360319853,0.643619,1,0,-1,42193,36919,17,17,11377,30.81611095,13.86825212,512002,0,512002,42193
v2,ea89b79a9dfd35df20fed759e6d15c60fe01e77c,direct,octree_leafcount,flyby,3,215,215,0.4240640104,0.1698240042,0.5948160291,0.60064,1,0,-1,42249,36968,17,17,11279,30.51017096,13.84987016,512002,0,512002,42249
v2,ea89b79a9dfd35df20fed759e6d15c60fe01e77c,direct,octree_leafcount,flyby,3,216,216,0.415199995,0.1728319973,0.5889279842,0.601571,1,0,-1,42377,37080,17,17,11505,31.02750809,13.80803668,512002,0,512002,42377
v2,ea89b79a9dfd35df20fed759e6d15c60fe01e77c,direct,octree_leafcount,flyby,3,217,217,0.446976006,0.1691839993,0.6170880198,0.623955,1,0,-1,42457,37150,17,17,11317,30.46298789,13.78201884,512002,0,512002,42457
v2,ea89b79a9dfd35df20fed759e6d15c60fe01e77c,direct,octree_leafcount,flyby,3,218,218,0.4211519957,0.1719039977,0.5939520001,0.60128,1,0,-1,42393,37094,17,17,11293,30.4442767,13.80282525,512002,0,512002,42393
v2,ea89b79a9dfd35df20fed759e6d15c60fe01e77c,direct,octree_leafcount,flyby,3,219,219,0.4541760087,0.1709119976,0.6260480285,0.632815,1,0,-1,42657,37325,17,17,11349,30.40589417,13.71740121,512002,0,512002,42657
v2,ea89b79a9dfd35df20fed759e6d15c60fe01e77c,direct,octree_leafcount,flyby,3,220,220,0.452895999,0.1738879979,0.6276800036,0.634502,1,0,-1,42513,37199,17,17,11352,30.51694938,13.76386462,512002,0,512002,42513
v2,ea89b79a9dfd35df20fed759e6d15c60fe01e77c,direct,octree_leafcount,flyby,3,221,221,0.4201599956,0.1743039936,0.5953919888,0.602275,1,0,-1,42513,37199,17,17,11514,30.95244496,13.76386462,512002,0,512002,42513
v2,ea89b79a9dfd35df20fed759e6d15c60fe01e77c,direct,octree_leafcount,flyby,3,222,222,0.4551680088,0.1738560051,0.6299520135,0.637014,1,0,-1,42425,37122,17,17,11356,30.59102419,13.7924142,512002,0,512002,42425
v2,ea89b79a9dfd35df20fed759e6d15c60fe01e77c,direct,octree_leafcount,flyby,3,223,223,0.4197440147,0.1729599983,0.5936319828,0.600697,1,0,-1,42337,37045,17,17,11349,30.63571332,13.82108247,512002,0,512002,42337
v2,ea89b79a9dfd35df20fed759e6d15c60fe01e77c,direct,octree_leafcount,flyby,3,224,224,0.4240640104,0.1729599983,0.5979840159,0.605419,1,0,-1,41953,36709,17,17,11153,30.3821951,13.94758779,512002,0,512002,41953
v2,ea89b79a9dfd35df20fed759e6d15c60fe01e77c,direct,octree_leafcount,flyby,3,225,225,0.4541119933,0.1732160002,0.628287971,0.635654,1,0,-1,41985,36737,17,17,11224,30.55230422,13.93695729,512002,0,512002,41985
v2,ea89b79a9dfd35df20fed759e6d15c60fe01e77c,direct,octree_leafcount,flyby,3,226,226,0.4226880074,0.1700800061,0.5937280059,0.599946,1,0,-1,41273,36114,17,17,10788,29.87207177,14.17738273,512002,0,512002,41273
v2,ea89b79a9dfd35df20fed759e6d15c60fe01e77c,direct,octree_leafcount,flyby,3,227,227,0.4534080029,0.172608003,0.6269440055,0.633626,1,0,-1,41489,36303,17,17,10930,30.1077046,14.10357271,512002,0,512002,41489
v2,ea89b79a9dfd35df20fed759e6d15c60fe01e77c,direct,octree_leafcount,flyby,3,228,228,0.3869119883,0.1760320067,0.5638719797,0.570148,1,0,-1,42033,36779,17,17,11007,29.92740423,13.9210419,512002,0,512002,42033
v2,ea89b79a9dfd35df20fed759e6d15c60fe01e77c,direct,octree_leafcount,flyby,3,229,229,0.4229440093,0.1738879979,0.5977600217,0.60512,1,0,-1,42009,36758,17,17,11028,30.0016323,13.92899505,512002,0,512002,42009
v2,ea89b79a9dfd35df20fed759e6d15c60fe01e77c,direct,octree_leafcount,flyby,3,230,230,0.4553920031,0.1748159975,0.6311360002,0.638248,1,0,-1,42097,36835,17,17,10999,29.86018732,13.89987783,512002,0,512002,42097
v2,ea89b79a9dfd35df20fed759e6d15c60fe01e77c,direct,octree_leafcount,flyby,3,231,231,0.4212799966,0.1736000031,0.5958399773,0.603095,1,0,-1,41961,36716,17,17,11040,30.06863493,13.94492864,512002,0,512002,41961
v2,ea89b79a9dfd35df20fed759e6d15c60fe01e77c,direct,octree_leafcount,flyby,3,232,232,0.4191359878,0.1736319959,0.5937280059,0.600913,1,0,-1,42289,37003,17,17,11043,29.8435262,13.83676999,512002,0,512002,42289
v2,ea89b79a9dfd35df20fed759e6d15c60fe01e77c,direct,octree_leafcount,flyby,3,233,233,0.4536640048,0.171103999,0.6256960034,0.632858,1,0,-1,42425,37122,17,17,11143,30.01724045,13.7924142,512002,0,512002,42425
v2,ea89b79a9dfd35df20fed759e6d15c60fe01e77c,direct,octree_leafcount,flyby,3,234,234,0.4244480133,0.1719360054,0.5973439813,0.604555,1,0,-1,42217,36940,17,17,10990,29.75094748,13.86036816,512002,0,512002,42217
v2,ea89b79a9dfd35df20fed759e6d15c60fe01e77c,direct,octree_leafcount,flyby,3,235,235,0.4199039936,0.168960005,0.5898240209,0.597294,1,0,-1,42017,36765,17,17,10910,29.6749626,13.92634299,512002,0,512002,42017
v2,ea89b79a9dfd35df20fed759e6d15c60fe01e77c,direct,octree_leafcount,flyby,3,236,236,0.4231359959,0.1703040004,0.5943999887,0.601837,1,0,-1,41985,36737,17,17,10930,29.75202112,13.93695729,512002,0,512002,41985
v2,ea89b79a9dfd35df20fed759e6d15c60fe01e77c,direct,octree_leafcount,flyby,3,237,237,0.4538559914,0.1728000045,0.6275839806,0.634693,1,0,-1,41865,36632,17,17,10810,29.50971828,13.97690544,512002,0,512002,41865
v2,ea89b79a9dfd35df20fed759e6d15c60fe01e77c,direct,octree_leafcount,flyby,3,238,238,0.4615040123,0.1772799939,0.6397119761,0.647177,1,0,-1,41497,36310,17,17,10918,30.06885156,14.10085376,512002,0,512002,41497
v2,ea89b79a9dfd35df20fed759e6d15c60fe01e77c,direct,octree_leafcount,flyby,3,239,239,0.4204800129,0.1749760062,0.5963839889,0.603681,1,0,-1,41665,36457,17,17,10918,29.94760951,14.04399704,512002,0,512002,41665
v2,ea89b79a9dfd35df20fed759e6d15c60fe01e77c,direct,octree_leafcount,flyby,3,240,240,0.4541119933,0.1726399958,0.6276800036,0.634755,1,0,-1,42145,36877,17,17,11152,30.24107167,13.88404697,512002,0,512002,42145
v2,ea89b79a9dfd35df20fed759e6d15c60fe01e77c,direct,octree_leafcount,flyby,3,241,241,0.3879359961,0.1752000004,0.5640640259,0.571342,1,0,-1,41769,36548,17,17,10846,29.67604246,14.00902922,512002,0,512002,41769
v2,ea89b79a9dfd35df20fed759e6d15c60fe01e77c,direct,octree_leafcount,flyby,3,242,242,0.4235199988,0.1709119976,0.5953919888,0.602377,1,0,-1,41897,36660,17,17,10921,29.78996181,13.96623022,512002,0,512002,41897
v2,ea89b79a9dfd35df20fed759e6d15c60fe01e77c,direct,octree_leafcount,flyby,3,243,243,0.4572480023,0.1777279973,0.6359360218,0.642869,1,0,-1,41769,36548,17,17,10896,29.81284886,14.00902922,512002,0,512002,41769
v2,ea89b79a9dfd35df20fed759e6d15c60fe01e77c,direct,octree_leafcount,flyby,3,244,244,0.4299199879,0.1740799993,0.6049600244,0.61187,1,0,-1,41873,36639,17,17,11002,30.02811212,13.9742351,512002,0,512002,41873
v2,ea89b79a9dfd35df20fed759e6d15c60fe01e77c,direct,octree_leafcount,flyby,3,245,245,0.4219520092,0.1728959978,0.5958080292,0.602889,1,0,-1,41521,36331,17,17,10828,29.80374886,14.0927032,512002,0,512002,41521
v2,ea89b79a9dfd35df20fed759e6d15c60fe01e77c,direct,octree_leafcount,flyby,3,246,246,0.4581120014,0.1743039936,0.6333439946,0.63992,1,0,-1,41921,36681,17,17,10954,29.86287179,13.95823451,512002,0,512002,41921
v2,ea89b79a9dfd35df20fed759e6d15c60fe01e77c,direct,octree_leafcount,flyby,3,247,247,0.4248319864,0.1792960018,0.6050559878,0.611888,1,0,-1,41593,36394,17,17,10750,29.53783591,14.06830796,512002,0,512002,41593
v2,ea89b79a9dfd35df20fed759e6d15c60fe01e77c,direct,octree_leafcount,flyby,3,248,248,0.461311996,0.1719360054,0.6341760159,0.641354,1,0,-1,41897,36660,17,17,11024,30.07092199,13.96623022,512002,0,512002,41897
v2,ea89b79a9dfd35df20fed759e6d15c60fe01e77c,direct,octree_leafcount,flyby,3,249,249,0.4170559943,0.1739519984,0.5919679999,0.599007,1,0,-1,41977,36730,17,17,10995,29.93465832,13.9396134,512002,0,512002,41977
v2,ea89b79a9dfd35df20fed759e6d15c60fe01e77c,direct,octree_leafcount,flyby,3,250,250,0.4182719886,0.1768320054,0.5960000157,0.602972,1,0,-1,42081,36821,17,17,11047,30.00190109,13.90516281,512002,0,512002,42081
v2,ea89b79a9dfd35df20fed759e6d15c60fe01e77c,direct,octree_leafcount,flyby,3,251,251,0.4609920084,0.1721599996,0.6340799928,0.642347,1,0,-1,42105,36842,17,17,10972,29.78122795,13.89723685,512002,0,512002,42105
v2,ea89b79a9dfd35df20fed759e6d15c60fe01e77c,direct,octree_leafcount,flyby,3,252,252,0.4266560078,0.1731200069,0.6007040143,0.608242,1,0,-1,42201,36926,17,17,11089,30.03033093,13.86562314,512002,0,512002,42201
v2,ea89b79a9dfd35df20fed759e6d15c60fe01e77c,direct,octree_leafcount,flyby,3,253,253,0.4170239866,0.1742080003,0.5921279788,0.599439,1,0,-1,42321,37031,17,17,11026,29.77505333,13.82630769,512002,0,512002,42321
v2,ea89b79a9dfd35df20fed759e6d15c60fe01e77c,direct,octree_leafcount,flyby,3,254,254,0.4532800019,0.1688960046,0.6230720282,0.630157,1,0,-1,42305,37017,17,17,11088,29.95380501,13.83153686,512002,0,512002,42305
v2,ea89b79a9dfd35df20fed759e6d15c60fe01e77c,direct,octree_leafcount,flyby,3,255,255,0.4204800129,0.1709440053,0.5923519731,0.599357,1,0,-1,42089,36828,17,17,10961,29.76268057,13.90251982,512002,0,512002,42089
v2,ea89b79a9dfd35df20fed759e6d15c60fe01e77c,direct,octree_leafcount,flyby,3,256,256,0.4524480104,0.174112007,0.6274880171,0.634384,1,0,-1,42513,37199,17,17,11146,29.96317105,13.76386462,512002,0,512002,42513
v2,ea89b79a9dfd35df20fed759e6d15c60fe01e77c,direct,octree_leafcount,flyby,3,257,257,0.4182400107,0.1720959991,0.5912640095,0.597268,1,0,-1,42457,37150,17,17,11109,29.90309556,13.78201884,512002,0,512002,42457
v2,ea89b79a9dfd35df20fed759e6d15c60fe01e77c,direct,octree_leafcount,flyby,3,258,258,0.3885119855,0.1758400053,0.5652800202,0.57192,1,0,-1,42337,37045,17,17,11093,29.9446619,13.82108247,512002,0,512002,42337
v2,ea89b79a9dfd35df20fed759e6d15c60fe01e77c,direct,octree_leafcount,flyby,3,259,259,0.4533439875,0.1732800007,0.6275519729,0.633357,1,0,-1,42193,36919,17,17,11172,30.2608413,13.86825212,512002,0,512002,42193
v2,ea89b79a9dfd35df20fed759e6d15c60fe01e77c,direct,octree_leafcount,flyby,3,260,260,0.4205119908,0.1737920046,0.5952320099,0.602359,1,0,-1,42353,37059,17,17,11141,30.06287272,13.81586119,512002,0,512002,42353
v2,ea89b79a9dfd35df20fed759e6d15c60fe01e77c,direct,octree_leafcount,flyby,3,261,261,0.4530239999,0.170975998,0.6249600053,0.631866,1,0,-1,42241,36961,17,17,11118,30.08035497,13.85249317,512002,0,512002,42241
v2,ea89b79a9dfd35df20fed759e6d15c60fe01e77c,direct,octree_leafcount,flyby,3,262,262,0.4176639915,0.1719679981,0.590560019,0.59744,1,0,-1,42345,37052,17,17,11002,29.69340386,13.81847134,512002,0,512002,42345
v2,ea89b79a9dfd35df20fed759e6d15c60fe01e77c,direct,octree_leafcount,flyby,3,263,263,0.4239360094,0.1750079989,0.5998719931,0.607103,1,0,-1,42001,36751,17,17,10983,29.88490109,13.93164812,512002,0,512002,42001
v2,ea89b79a9dfd35df20fed759e6d15c60fe01e77c,direct,octree_leafcount,flyby,3,264,264,0.4530239999,0.1770880073,0.6310399771,0.638209,1,0,-1,42065,36807,17,17,10862,29.5106909,13.91045182,512002,0,512002,42065
v2,ea89b79a9dfd35df20fed759e6d15c60fe01e77c,direct,octree_leafcount,flyby,3,265,265,0.4235199988,0.1728319973,0.5972480178,0.604257,1,0,-1,41785,36562,17,17,10861,29.70570538,14.00366501,512002,0,512002,41785
v2,ea89b79a9dfd35df20fed759e6d15c60fe01e77c,direct,octree_leafcount,flyby,3,266,266,0.4264000058,0.1741759926,0.6014720201,0.608087,1,0,-1,41921,36681,17,17,10761,29.33671383,13.95823451,512002,0,512002,41921
v2,ea89b79a9dfd35df20fed759e6d15c60fe01e77c,direct,octree_leafcount,flyby,3,267,267,0.4539200068,0.1738239974,0.6287040114,0.636035,1,0,-1,41977,36730,17,17,10959,29.83664579,13.9396134,512002,0,512002,41977
v2,ea89b79a9dfd35df20fed759e6d15c60fe01e77c,direct,octree_leafcount,flyby,3,268,268,0.4218240082,0.1719039977,0.5946879983,0.60178,1,0,-1,41921,36681,17,17,10939,29.82197868,13.95823451,512002,0,512002,41921
v2,ea89b79a9dfd35df20fed759e6d15c60fe01e77c,direct,octree_leafcount,flyby,3,269,269,0.4534080029,0.1729280055,0.6272320151,0.633839,1,0,-1,42081,36821,17,17,10846,29.45601695,13.90516281,512002,0,512002,42081
v2,ea89b79a9dfd35df20fed759e6d15c60fe01e77c,direct,octree_leafcount,flyby,3,270,270,0.432543993,0.1722240001,0.6057279706,0.612184,1,0,-1,41857,36625,17,17,10802,29.49351536,13.97957679,512002,0,512002,41857
v2,ea89b79a9dfd35df20fed759e6d15c60fe01e77c,direct,octree_leafcount,flyby,3,271,271,0.4218559861,0.1718080044,0.5946239829,0.60181,1,0,-1,42001,36751,17,17,10960,29.82231776,13.93164812,512002,0,512002,42001
v2,ea89b79a9dfd35df20fed759e6d15c60fe01e77c,direct,octree_leafcount,flyby,3,272,272,0.4548479915,0.1740480065,0.6298559904,0.637293,1,0,-1,41833,36604,17,17,10668,29.14435581,13.98759698,512002,0,512002,41833
v2,ea89b79a9dfd35df20fed759e6d15c60fe01e77c,direct,octree_leafcount,flyby,3,273,273,0.418208003,0.1740480065,0.593216002,0.600368,1,0,-1,42049,36793,17,17,11056,30.04919414,13.91574484,512002,0,512002,42049
v2,ea89b79a9dfd35df20fed759e6d15c60fe01e77c,direct,octree_leafcount,flyby,3,274,274,0.3847680092,0.1708800048,0.5565760136,0.563833,1,0,-1,41929,36688,17,17,10863,29.6091365,13.9555713,512002,0,512002,41929
v2,ea89b79a9dfd35df20fed759e6d15c60fe01e77c,direct,octree_leafcount,flyby,3,275,275,0.4506559968,0.1697600037,0.6213120222,0.628022,1,0,-1,42129,36863,17,17,10919,29.62048667,13.88931991,512002,0,512002,42129
v2,ea89b79a9dfd35df20fed759e6d15c60fe01e77c,direct,octree_leafcount,flyby,3,276,276,0.4270719886,0.1702399999,0.5982720256,0.604759,1,0,-1,41897,36660,17,17,10710,29.21440262,13.96623022,512002,0,512002,41897
v2,ea89b79a9dfd35df20fed759e6d15c60fe01e77c,direct,octree_leafcount,flyby,3,277,277,0.4497280121,0.1720959991,0.6227520108,0.629355,1,0,-1,41953,36709,17,17,10849,29.55406031,13.94758779,512002,0,512002,41953
v2,ea89b79a9dfd35df20fed759e6d15c60fe01e77c,direct,octree_leafcount,flyby,3,278,278,0.4194560051,0.1702719927,0.5906559825,0.597462,1,0,-1,41793,36569,17,17,10736,29.35819957,14.00098444,512002,0,512002,41793
v2,ea89b79a9dfd35df20fed759e6d15c60fe01e77c,direct,octree_leafcount,flyby,3,279,279,0.4171519876,0.1740480065,0.5921599865,0.599103,1,0,-1,41833,36604,17,17,10814,29.54321932,13.98759698,512002,0,512002,41833
v2,ea89b79a9dfd35df20fed759e6d15c60fe01e77c,direct,octree_leafcount,flyby,3,280,280,0.4512960017,0.1721599996,0.624383986,0.63109,1,0,-1,41873,36639,17,17,10723,29.26662846,13.9742351,512002,0,512002,41873
v2,ea89b79a9dfd35df20fed759e6d15c60fe01e77c,direct,octree_leafcount,flyby,3,281,281,0.4209600091,0.1750400066,0.5969280005,0.604596,1,0,-1,42225,36947,17,17,10931,29.58562265,13.85774217,512002,0,512002,42225
v2,ea89b79a9dfd35df20fed759e6d15c60fe01e77c,direct,octree_leafcount,flyby,3,282,282,0.3913600147,0.1737599969,0.5660480261,0.573716,1,0,-1,41649,36443,17,17,10734,29.45421617,14.0493922,512002,0,512002,41649
v2,ea89b79a9dfd35df20fed759e6d15c60fe01e77c,direct,octree_leafcount,flyby,3,283,283,0.4544959962,0.1727039963,0.6281279922,0.635267,1,0,-1,41561,36366,17,17,10715,29.46433482,14.07913986,512002,0,512002,41561
v2,ea89b79a9dfd35df20fed759e6d15c60fe01e77c,direct,octree_leafcount,flyby,3,284,284,0.4201920033,0.1711360067,0.5922240019,0.599108,1,0,-1,41625,36422,17,17,10665,29.28175279,14.05749272,512002,0,512002,41625
v2,ea89b79a9dfd35df20fed759e6d15c60fe01e77c,direct,octree_leafcount,flyby,3,285,285,0.4533120096,0.176384002,0.6306239963,0.63791,1,0,-1,41641,36436,17,17,10814,29.67943792,14.05209134,512002,0,512002,41641
v2,ea89b79a9dfd35df20fed759e6d15c60fe01e77c,direct,octree_leafcount,flyby,3,286,286,0.4245119989,0.1771519929,0.6025919914,0.610112,1,0,-1,41657,36450,17,17,10652,29.22359396,14.0466941,512002,0,512002,41657
v2,ea89b79a9dfd35df20fed759e6d15c60fe01e77c,direct,octree_leafcount,flyby,3,287,287,0.4240959883,0.1710720062,0.5960959792,0.603748,1,0,-1,41865,36632,17,17,10909,29.77997379,13.97690544,512002,0,512002,41865
v2,ea89b79a9dfd35df20fed759e6d15c60fe01e77c,direct,octree_leafcount,flyby,3,288,288,0.4624960124,0.1697919965,0.6332160234,0.640227,1,0,-1,42129,36863,17,17,10875,29.50112579,13.88931991,512002,0,512002,42129
v2,ea89b79a9dfd35df20fed759e6d15c60fe01e77c,direct,octree_leafcount,flyby,3,289,289,0.4275839925,0.1699839979,0.5985280275,0.605474,1,0,-1,42105,36842,17,17,10822,29.37408393,13.89723685,512002,0,512002,42105
v2,ea89b79a9dfd35df20fed759e6d15c60fe01e77c,direct,octree_leafcount,flyby,3,290,290,0.3901439905,0.1772480011,0.5683199763,0.57524,1,0,-1,41785,36562,17,17,10642,29.10672283,14.00366501,512002,0,512002,41785
v2,ea89b79a9dfd35df20fed759e6d15c60fe01e77c,direct,octree_leafcount,flyby,3,291,291,0.4498240054,0.1708160043,0.6215999722,0.628627,1,0,-1,41905,36667,17,17,10791,29.42973246,13.96356397,512002,0,512002,41905
v2,ea89b79a9dfd35df20fed759e6d15c60fe01e77c,direct,octree_leafcount,flyby,3,292,292,0.4250879884,0.1705600023,0.5965759754,0.603877,1,0,-1,41569,36373,17,17,10684,29.37343634,14.07643032,512002,0,512002,41569
v2,ea89b79a9dfd35df20fed759e6d15c60fe01e77c,direct,octree_leafcount,flyby,3,293,293,0.4616000056,0.1712000072,0.6337599754,0.6407,1,0,-1,41697,36485,17,17,10647,29.18185556,14.03321913,512002,0,512002,41697
v2,ea89b79a9dfd35df20fed759e6d15c60fe01e77c,direct,octree_leafcount,flyby,3,294,294,0.4207360148,0.1721599996,0.593824029,0.600807,1,0,-1,42017,36765,17,17,10673,29.03032776,13.92634299,512002,0,512002,42017
v2,ea89b79a9dfd35df20fed759e6d15c60fe01e77c,direct,octree_leafcount,flyby,3,295,295,0.4229120016,0.1729920059,0.5968639851,0.603725,1,0,-1,41857,36625,17,17,10827,29.56177474,13.97957679,512002,0,512002,41857
v2,ea89b79a9dfd35df20fed759e6d15c60fe01e77c,direct,octree_leafcount,flyby,3,296,296,0.4536960125,0.174751997,0.6293759942,0.636313,1,0,-1,41873,36639,17,17,10742,29.31848577,13.9742351,512002,0,512002,41873
v2,ea89b79a9dfd35df20fed759e6d15c60fe01e77c,direct,octree_leafcount,flyby,3,297,297,0.4188480079,0.1719039977,0.591711998,0.598767,1,0,-1,41857,36625,17,17,10789,29.45802048,13.97957679,512002,0,512002,41857
v2,ea89b79a9dfd35df20fed759e6d15c60fe01e77c,direct,octree_leafcount,flyby,3,298,298,0.388063997,0.1771200001,0.5661439896,0.573458,1,0,-1,41833,36604,17,17,10588,28.92580046,13.98759698,512002,0,512002,41833
v2,ea89b79a9dfd35df20fed759e6d15c60fe01e77c,direct,octree_leafcount,flyby,3,299,299,0.4567359984,0.1708800048,0.628543973,0.635643,1,0,-1,42049,36793,17,17,10758,29.23925747,13.91574484,512002,0,512002,42049
v2,ea89b79a9dfd35df20fed759e6d15c60fe01e77c,direct,octree_leafcount,flyby,3,300,300,0.4244160056,0.1750719994,0.6004480124,0.608102,1,0,-1,42033,36779,17,17,10795,29.35098834,13.9210419,512002,0,512002,42033
v2,ea89b79a9dfd35df20fed759e6d15c60fe01e77c,direct,octree_leafcount,flyby,3,301,301,0.4621439874,0.1752000004,0.6382399797,0.645757,1,0,-1,42009,36758,17,17,10700,29.10930954,13.92899505,512002,0,512002,42009
v2,ea89b79a9dfd35df20fed759e6d15c60fe01e77c,direct,octree_leafcount,flyby,3,302,302,0.4242239892,0.1750400066,0.6002240181,0.607608,1,0,-1,41961,36716,17,17,10699,29.13988452,13.94492864,512002,0,512002,41961
v2,ea89b79a9dfd35df20fed759e6d15c60fe01e77c,direct,octree_leafcount,flyby,3,303,303,0.4555839896,0.1730239987,0.6295679808,0.636995,1,0,-1,42193,36919,17,17,10796,29.24239551,13.86825212,512002,0,512002,42193
v2,ea89b79a9dfd35df20fed759e6d15c60fe01e77c,direct,octree_leafcount,flyby,3,304,304,0.4590080082,0.1729280055,0.6328960061,0.640356,1,0,-1,42153,36884,17,17,10816,29.32436829,13.88141199,512002,0,512002,42153
v2,ea89b79a9dfd35df20fed759e6d15c60fe01e77c,direct,octree_leafcount,flyby,3,305,305,0.4187520146,0.175999999,0.5956479907,0.602662,1,0,-1,42153,36884,17,17,10850,29.41654918,13.88141199,512002,0,512002,42153
v2,ea89b79a9dfd35df20fed759e6d15c60fe01e77c,direct,octree_leafcount,flyby,3,306,306,0.3973439932,0.1738239974,0.5721279979,0.57986,1,0,-1,42345,37052,17,17,10890,29.39112599,13.81847134,512002,0,512002,42345
v2,ea89b79a9dfd35df20fed759e6d15c60fe01e77c,direct,octree_leafcount,flyby,3,307,307,0.4615359902,0.1764480025,0.6389120221,0.647045,1,0,-1,42577,37255,17,17,11010,29.55308012,13.74317541,512002,0,512002,42577
v2,ea89b79a9dfd35df20fed759e6d15c60fe01e77c,direct,octree_leafcount,flyby,3,308,308,0.4235199988,0.1739200056,0.5983999968,0.606278,1,0,-1,42473,37164,17,17,10952,29.46937897,13.77682704,512002,0,512002,42473
v2,ea89b79a9dfd35df20fed759e6d15c60fe01e77c,direct,octree_leafcount,flyby,3,309,309,0.4254719913,0.1699839979,0.5963839889,0.603924,1,0,-1,42337,37045,17,17,10944,29.54244837,13.82108247,512002,0,512002,42337
v2,ea89b79a9dfd35df20fed759e6d15c60fe01e77c,direct,octree_leafcount,flyby,3,310,310,0.4564479887,0.1752319932,0.6326400042,0.639779,1,0,-1,42409,37108,17,17,10956,29.52463081,13.79761776,512002,0,512002,42409
v2,ea89b79a9dfd35df20fed759e6d15c60fe01e77c,direct,octree_leafcount,flyby,3,311,311,0.4211840034,0.1718080044,0.5939199924,0.601458,1,0,-1,42409,37108,17,17,11023,29.70518487,13.79761776,512002,0,512002,42409
v2,ea89b79a9dfd35df20fed759e6d15c60fe01e77c,direct,octree_leafcount,flyby,3,312,312,0.4618560076,0.1720959991,0.6348800063,0.641528,1,0,-1,42281,36996,17,17,10871,29.38425776,13.83938804,512002,0,512002,42281
v2,ea89b79a9dfd35df20fed759e6d15c60fe01e77c,direct,octree_leafcount,flyby,3,313,313,0.3884800076,0.1721920073,0.5616319776,0.568764,1,0,-1,42057,36800,17,17,10595,28.79076087,13.91309783,512002,0,512002,42057
v2,ea89b79a9dfd35df20fed759e6d15c60fe01e77c,direct,octree_leafcount,flyby,3,314,314,0.4206719995,0.1731840074,0.5947520137,0.601683,1,0,-1,42105,36842,17,17,10747,29.17051192,13.89723685,512002,0,512002,42105
v2,ea89b79a9dfd35df20fed759e6d15c60fe01e77c,direct,octree_leafcount,flyby,3,315,315,0.4534400105,0.1740159988,0.6283519864,0.635721,1,0,-1,42129,36863,17,17,10683,28.98027833,13.88931991,512002,0,512002,42129
v2,ea89b79a9dfd35df20fed759e6d15c60fe01e77c,direct,octree_leafcount,flyby,3,316,316,0.4223360121,0.1710080057,0.5943040252,0.601395,1,0,-1,42137,36870,17,17,10831,29.3761866,13.88668294,512002,0,512002,42137
v2,ea89b79a9dfd35df20fed759e6d15c60fe01e77c,direct,octree_leafcount,flyby,3,317,317,0.422239989,0.172864005,0.5960639715,0.603826,1,0,-1,41593,36394,17,17,10538,28.95532231,14.06830796,512002,0,512002,41593
v2,ea89b79a9dfd35df20fed759e6d15c60fe01e77c,direct,octree_leafcount,flyby,3,318,318,0.4567680061,0.1707839966,0.6284800172,0.635742,1,0,-1,41689,36478,17,17,10570,28.97636932,14.03591206,512002,0,512002,41689
v2,ea89b79a9dfd35df20fed759e6d15c60fe01e77c,direct,octree_leafcount,flyby,3,319,319,0.4217279851,0.1708479971,0.5935040116,0.600674,1,0,-1,41601,36401,17,17,10552,28.98821461,14.06560259,512002,0,512002,41601
v2,ea89b79a9dfd35df20fed759e6d15c60fe01e77c,direct,octree_leafcount,flyby,3,320,320,0.4571200013,0.1740159988,0.6320319772,0.639753,1,0,-1,41921,36681,17,17,10762,29.33944004,13.95823451,512002,0,512002,41921
v2,ea89b79a9dfd35df20fed759e6d15c60fe01e77c,direct,octree_leafcount,flyby,3,321,321,0.3915520012,0.1708800048,0.5633599758,0.571285,1,0,-1,41569,36373,17,17,10473,28.79333572,14.07643032,512002,0,512002,41569
v2,ea89b79a9dfd35df20fed759e6d15c60fe01e77c,direct,octree_leafcount,flyby,3,322,322,0.4258880019,0.1738879979,0.6007040143,0.608258,1,0,-1,41561,36366,17,17,10492,28.85112468,14.07913986,512002,0,512002,41561
v2,ea89b79a9dfd35df20fed759e6d15c60fe01e77c,direct,octree_leafcount,flyby,3,323,323,0.4626559913,0.1730239987,0.6366400123,0.643692,1,0,-1,41721,36506,17,17,10517,28.80896291,14.02514655,512002,0,512002,41721
v2,ea89b79a9dfd35df20fed759e6d15c60fe01e77c,direct,octree_leafcount,flyby,3,324,324,0.4601919949,0.1719679981,0.6331200004,0.639719,1,0,-1,41881,36646,17,17,10722,29.25830923,13.97156579,512002,0,512002,41881
v2,ea89b79a9dfd35df20fed759e6d15c60fe01e77c,direct,octree_leafcount,flyby,3,325,325,0.386815995,0.1741759926,0.5619519949,0.569284,1,0,-1,41633,36429,17,17,10557,28.97965906,14.05479151,512002,0,512002,41633
v2,ea89b79a9dfd35df20fed759e6d15c60fe01e77c,direct,octree_leafcount,flyby,3,326,326,0.4532159865,0.1710080057,0.6251519918,0.631274,1,0,-1,41785,36562,17,17,10671,29.18604015,14.00366501,512002,0,512002,41785
v2,ea89b79a9dfd35df20fed759e6d15c60fe01e77c,direct,octree_leafcount,flyby,3,327,327,0.4210239947,0.1741759926,0.5961279869,0.603016,1,0,-1,41961,36716,17,17,10660,29.0336638,13.94492864,512002,0,512002,41961
v2,ea89b79a9dfd35df20fed759e6d15c60fe01e77c,direct,octree_leafcount,flyby,3,328,328,0.4530239999,0.1721599996,0.6261439919,0.632915,1,0,-1,42201,36926,17,17,10698,28.97145643,13.86562314,512002,0,512002,42201
v2,ea89b79a9dfd35df20fed759e6d15c60fe01e77c,direct,octree_leafcount,flyby,3,329,329,0.4240959883,0.168960005,0.5939840078,0.60143,1,0,-1,41889,36653,17,17,10634,29.01263198,13.9688975,512002,0,512002,41889
v2,ea89b79a9dfd35df20fed759e6d15c60fe01e77c,direct,octree_leafcount,flyby,3,330,330,0.4199360013,0.1698240042,0.5906879902,0.596395,1,0,-1,42073,36814,17,17,10654,28.94007714,13.90780681,512002,0,512002,42073
v2,ea89b79a9dfd35df20fed759e6d15c60fe01e77c,direct,octree_leafcount,flyby,3,331,331,0.4524480104,0.1729599983,0.6263359785,0.633346,1,0,-1,42113,36849,17,17,10747,29.16497056,13.89459687,512002,0,512002,42113
v2,ea89b79a9dfd35df20fed759e6d15c60fe01e77c,direct,octree_leafcount,flyby,3,332,332,0.454400003,0.1722559929,0.6275839806,0.634442,1,0,-1,42129,36863,17,17,10639,28.86091745,13.88931991,512002,0,512002,42129
v2,ea89b79a9dfd35df20fed759e6d15c60fe01e77c,direct,octree_leafcount,flyby,3,333,333,0.3848640025,0.1699199975,0.5556799769,0.56231,1,0,-1,42225,36947,17,17,10749,29.09302514,13.85774217,512002,0,512002,42225
v2,ea89b79a9dfd35df20fed759e6d15c60fe01e77c,direct,octree_leafcount,flyby,3,334,334,0.4539520144,0.1718080044,0.6266559958,0.634393,1,0,-1,41993,36744,17,17,10602,28.8536904,13.9343022,512002,0,512002,41993
v2,ea89b79a9dfd35df20fed759e6d15c60fe01e77c,direct,octree_leafcount,flyby,3,335,335,0.4326399863,0.1729280055,0.6064640284,0.614055,1,0,-1,42273,36989,17,17,10776,29.13298548,13.84200708,512002,0,512002,42273
v2,ea89b79a9dfd35df20fed759e6d15c60fe01e77c,direct,octree_leafcount,flyby,3,336,336,0.4243200123,0.1708800048,0.5960959792,0.603529,1,0,-1,41969,36723,17,17,10559,28.75309751,13.94227051,512002,0,512002,41969
v2,ea89b79a9dfd35df20fed759e6d15c60fe01e77c,direct,octree_leafcount,flyby,3,337,337,0.4528639913,0.1708800048,0.6246399879,0.631609,1,0,-1,42041,36786,17,17,10637,28.91589192,13.91839287,512002,0,512002,42041
v2,ea89b79a9dfd35df20fed759e6d15c60fe01e77c,direct,octree_leafcount,flyby,3,338,338,0.4221439958,0.1720000058,0.5951039791,0.602606,1,0,-1,41897,36660,17,17,10536,28.73977087,13.96623022,512002,0,512002,41897
v2,ea89b79a9dfd35df20fed759e6d15c60fe01e77c,direct,octree_leafcount,flyby,3,339,339,0.458431989,0.1721280068,0.6314880252,0.638794,1,0,-1,41721,36506,17,17,10560,28.92675177,14.02514655,512002,0,512002,41721
v2,ea89b79a9dfd35df20fed759e6d15c60fe01e77c,direct,octree_leafcount,flyby,3,340,340,0.3884800076,0.1730560064,0.5624639988,0.569633,1,0,-1,41321,36156,17,17,10287,28.45170926,14.16091382,512002,0,512002,41321
v2,ea89b79a9dfd35df20fed759e6d15c60fe01e77c,direct,octree_leafcount,flyby,3,341,341,0.4268479943,0.1732800007,0.6010879874,0.607836,1,0,-1,41641,36436,17,17,10505,28.83137556,14.05209134,512002,0,512002,41641
v2,ea89b79a9dfd35df20fed759e6d15c60fe01e77c,direct,octree_leafcount,flyby,3,342,342,0.4552640021,0.1720959991,0.628287971,0.63501,1,0,-1,41609,36408,17,17,10443,28.68325643,14.06289826,512002,0,512002,41609
v2,ea89b79a9dfd35df20fed759e6d15c60fe01e77c,direct,octree_leafcount,flyby,3,343,343,0.421344012,0.1691199988,0.5913919806,0.598569,1,0,-1,41785,36562,17,17,10586,28.95355834,14.00366501,512002,0,512002,41785
v2,ea89b79a9dfd35df20fed759e6d15c60fe01e77c,direct,octree_leafcount,flyby,3,344,344,0.3881599903,0.1728319973,0.5619519949,0.569235,1,0,-1,41633,36429,17,17,10494,28.80671992,14.05479151,512002,0,512002,41633
v2,ea89b79a9dfd35df20fed759e6d15c60fe01e77c,direct,octree_leafcount,flyby,3,345,345,0.4527359903,0.174112007,0.6278079748,0.635071,1,0,-1,41801,36576,17,17,10682,29.20494313,13.9983049,512002,0,512002,41801
v2,ea89b79a9dfd35df20fed759e6d15c60fe01e77c,direct,octree_leafcount,flyby,3,346,346,0.4277440012,0.1740799993,0.6027200222,0.609933,1,0,-1,41905,36667,17,17,10520,28.69064827,13.96356397,512002,0,512002,41905
v2,ea89b79a9dfd35df20fed759e6d15c60fe01e77c,direct,octree_leafcount,flyby,3,347,347,0.4647040069,0.1719360054,0.6375359893,0.644638,1,0,-1,42025,36772,17,17,10511,28.58424889,13.92369194,512002,0,512002,42025
v2,ea89b79a9dfd35df20fed759e6d15c60fe01e77c,direct,octree_leafcount,flyby,3,348,348,0.4179840088,0.1688960046,0.5877760053,0.594854,1,0,-1,41857,36625,17,17,10396,28.38498294,13.97957679,512002,0,512002,41857
v2,ea89b79a9dfd35df20fed759e6d15c60fe01e77c,direct,octree_leafcount,flyby,3,349,349,0.4219839871,0.1705600023,0.5934720039,0.600308,1,0,-1,41713,36499,17,17,10372,28.41721691,14.02783638,512002,0,512002,41713
v2,ea89b79a9dfd35df20fed759e6d15c60fe01e77c,direct,octree_leafcount,flyby,3,350,350,0.4515840113,0.171232,0.6237440109,0.630038,1,0,-1,41609,36408,17,17,10358,28.44979125,14.06289826,512002,0,512002,41609
v2,ea89b79a9dfd35df20fed759e6d15c60fe01e77c,direct,octree_leafcount,flyby,3,351,351,0.3856639862,0.174112007,0.5607360005,0.566459,1,0,-1,41601,36401,17,17,10345,28.41954891,14.06560259,512002,0,512002,41601
v2,ea89b79a9dfd35df20fed759e6d15c60fe01e77c,direct,octree_leafcount,flyby,3,352,352,0.416703999,0.1718720049,0.5895360112,0.595479,1,0,-1,41769,36548,17,17,10547,28.85794024,14.00902922,512002,0,512002,41769
v2,ea89b79a9dfd35df20fed759e6d15c60fe01e77c,direct,octree_leafcount,flyby,3,353,353,0.4531199932,0.1723199934,0.6263359785,0.633104,1,0,-1,41449,36268,17,17,10365,28.57891254,14.11718319,512002,0,512002,41449
v2,ea89b79a9dfd35df20fed759e6d15c60fe01e77c,direct,octree_leafcount,flyby,3,354,354,0.4211840034,0.1720959991,0.5942080021,0.601261,1,0,-1,41857,36625,17,17,10610,28.96928328,13.97957679,512002,0,512002,41857
v2,ea89b79a9dfd35df20fed759e6d15c60fe01e77c,direct,octree_leafcount,flyby,3,355,355,0.3852800131,0.1699199975,0.5561599731,0.562741,1,0,-1,41513,36324,17,17,10502,28.9120141,14.09541901,512002,0,512002,41513
v2,ea89b79a9dfd35df20fed759e6d15c60fe01e77c,direct,octree_leafcount,flyby,3,356,356,0.4652479887,0.1730879992,0.6392319798,0.646085,1,0,-1,41897,36660,17,17,10584,28.87070376,13.96623022,512002,0,512002,41897
v2,ea89b79a9dfd35df20fed759e6d15c60fe01e77c,direct,octree_leafcount,flyby,3,357,357,0.4190079868,0.1760960072,0.5960639715,0.603074,1,0,-1,41625,36422,17,17,10551,28.96875515,14.05749272,512002,0,512002,41625
v2,ea89b79a9dfd35df20fed759e6d15c60fe01e77c,direct,octree_leafcount,flyby,3,358,358,0.4500800073,0.1720000058,0.6230400205,0.629886,1,0,-1,41833,36604,17,17,10587,28.92306852,13.98759698,512002,0,512002,41833
v2,ea89b79a9dfd35df20fed759e6d15c60fe01e77c,direct,octree_leafcount,flyby,3,359,359,0.4235199988,0.1729920059,0.5974400043,0.604485,1,0,-1,41745,36527,17,17,10473,28.6719413,14.01708325,512002,0,512002,41745
v2,ea89b79a9dfd35df20fed759e6d15c60fe01e77c,direct,octree_leafcount,flyby,3,360,360,0.4198719859,0.1677439958,0.5885760188,0.59565,1,0,-1,41841,36611,17,17,10636,29.051378,13.98492256,512002,0,512002,41841
v2,ea89b79a9dfd35df20fed759e6d15c60fe01e77c,direct,octree_leafcount,flyby,3,361,361,0.4471360147,0.1691199988,0.6171519756,0.622559,1,0,-1,42009,36758,17,17,10535,28.66042766,13.92899505,512002,0,512002,42009
v2,ea89b79a9dfd35df20fed759e6d15c60fe01e77c,direct,octree_leafcount,flyby,3,362,362,0.425632,0.1732160002,0.5997760296,0.606717,1,0,-1,41745,36527,17,17,10427,28.54600706,14.01708325,512002,0,512002,41745
v2,ea89b79a9dfd35df20fed759e6d15c60fe01e77c,direct,octree_leafcount,flyby,3,363,363,0.386943996,0.1700160056,0.5578879714,0.564645,1,0,-1,41713,36499,17,17,10347,28.34872188,14.02783638,512002,0,512002,41713
v2,ea89b79a9dfd35df20fed759e6d15c60fe01e77c,direct,octree_leafcount,flyby,3,364,364,0.4638400078,0.1701119989,0.6348800063,0.642114,1,0,-1,41769,36548,17,17,10389,28.42563205,14.00902922,512002,0,512002,41769
v2,ea89b79a9dfd35df20fed759e6d15c60fe01e77c,direct,octree_leafcount,flyby,3,365,365,0.4255360067,0.1719360054,0.5984320045,0.605684,1,0,-1,41953,36709,17,17,10475,28.53523659,13.94758779,512002,0,512002,41953
v2,ea89b79a9dfd35df20fed759e6d15c60fe01e77c,direct,octree_leafcount,flyby,3,366,366,0.424127996,0.1709440053,0.5960320234,0.603237,1,0,-1,41617,36415,17,17,10327,28.35919264,14.06019497,512002,0,512002,41617
v2,ea89b79a9dfd35df20fed759e6d15c60fe01e77c,direct,octree_leafcount,flyby,3,367,367,0.4590399861,0.1737920046,0.6337599754,0.640314,1,0,-1,41321,36156,17,17,10299,28.48489877,14.16091382,512002,0,512002,41321
v2,ea89b79a9dfd35df20fed759e6d15c60fe01e77c,direct,octree_leafcount,flyby,3,368,368,0.4355199933,0.1729280055,0.6093760133,0.616397,1,0,-1,41121,35981,17,17,10181,28.29548929,14.22978794,512002,0,512002,41121
v2,ea89b79a9dfd35df20fed759e6d15c60fe01e77c,direct,octree_leafcount,flyby,3,369,369,0.4646719992,0.1721599996,0.6377599835,0.644927,1,0,-1,41577,36380,17,17,10299,28.30951072,14.07372183,512002,0,512002,41577
v2,ea89b79a9dfd35df20fed759e6d15c60fe01e77c,direct,octree_leafcount,flyby,3,370,370,0.3913919926,0.1749120057,0.5672320127,0.574557,1,0,-1,41369,36198,17,17,10226,28.25017957,14.14448312,512002,0,512002,41369
v2,ea89b79a9dfd35df20fed759e6d15c60fe01e77c,direct,octree_leafcount,flyby,3,371,371,0.4246399999,0.1707199961,0.5963199735,0.603175,1,0,-1,41337,36170,17,17,10263,28.37434338,14.15543268,512002,0,512002,41337
v2,ea89b79a9dfd35df20fed759e6d15c60fe01e77c,direct,octree_leafcount,flyby,3,372,372,0.4524160028,0.1700160056,0.6233279705,0.630003,1,0,-1,41593,36394,17,17,10315,28.34258394,14.06830796,512002,0,512002,41593
v2,ea89b79a9dfd35df20fed759e6d15c60fe01e77c,direct,octree_leafcount,flyby,3,373,373,0.4280959964,0.1710720062,0.6000959873,0.607149,1,0,-1,41513,36324,17,17,10297,28.34764894,14.09541901,512002,0,512002,41513
v2,ea89b79a9dfd35df20fed759e6d15c60fe01e77c,direct,octree_leafcount,flyby,3,374,374,0.3926079869,0.1688960046,0.5624319911,0.570258,1,0,-1,41681,36471,17,17,10193,27.94823284,14.03860602,512002,0,512002,41681
v2,ea89b79a9dfd35df20fed759e6d15c60fe01e77c,direct,octree_leafcount,flyby,3,375,375,0.457152009,0.171103999,0.6292160153,0.636811,1,0,-1,41481,36296,17,17,10226,28.17390346,14.1062927,512002,0,512002,41481
v2,ea89b79a9dfd35df20fed759e6d15c60fe01e77c,direct,octree_leafcount,flyby,3,376,376,0.4261119962,0.1750400066,0.6021119952,0.610406,1,0,-1,41777,36555,17,17,10399,28.4475448,14.0063466,512002,0,512002,41777
v2,ea89b79a9dfd35df20fed759e6d15c60fe01e77c,direct,octree_leafcount,flyby,3,377,377,0.4298560023,0.1688960046,0.5996800065,0.607828,1,0,-1,41297,36135,17,17,10155,28.10294728,14.16914349,512002,0,512002,41297
v2,ea89b79a9dfd35df20fed759e6d15c60fe01e77c,direct,octree_leafcount,flyby,3,378,378,0.4571200013,0.174879998,0.6328960061,0.640798,1,0,-1,41185,36037,17,17,10196,28.29314316,14.20767544,512002,0,512002,41185
v2,ea89b79a9dfd35df20fed759e6d15c60fe01e77c,direct,octree_leafcount,flyby,3,379,379,0.4261760116,0.1729920059,0.6000959873,0.607761,1,0,-1,41409,36233,17,17,10223,28.21461099,14.13081997,512002,0,512002,41409
v2,ea89b79a9dfd35df20fed759e6d15c60fe01e77c,direct,octree_leafcount,flyby,3,380,380,0.4586879909,0.1759680063,0.6355839968,0.64339,1,0,-1,41417,36240,17,17,10182,28.09602649,14.12809051,512002,0,512002,41417
v2,ea89b79a9dfd35df20fed759e6d15c60fe01e77c,direct,octree_leafcount,flyby,3,381,381,0.3965440094,0.1729920059,0.5704960227,0.578475,1,0,-1,41105,35967,17,17,10015,27.844969,14.23532683,512002,0,512002,41105
v2,ea89b79a9dfd35df20fed759e6d15c60fe01e77c,direct,octree_leafcount,flyby,3,382,382,0.4263679981,0.1749439985,0.6022719741,0.608708,1,0,-1,41017,35890,17,17,10167,28.32822513,14.26586793,512002,0,512002,41017
v2,ea89b79a9dfd35df20fed759e6d15c60fe01e77c,direct,octree_leafcount,flyby,3,383,383,0.4560320079,0.1722559929,0.6292160153,0.635451,1,0,-1,41129,35988,17,17,10016,27.83149939,14.22702012,512002,0,512002,41129
v2,ea89b79a9dfd35df20fed759e6d15c60fe01e77c,direct,octree_leafcount,flyby,3,384,384,0.4264959991,0.176128,0.604640007,0.611049,1,0,-1,41241,36086,17,17,10037,27.81411074,14.18838331,512002,0,512002,41241
v2,ea89b79a9dfd35df20fed759e6d15c60fe01e77c,direct,octree_leafcount,flyby,3,385,385,0.3879039884,0.1765439957,0.5654079914,0.572913,1,0,-1,41273,36114,17,17,10009,27.71501357,14.17738273,512002,0,512002,41273
v2,ea89b79a9dfd35df20fed759e6d15c60fe01e77c,direct,octree_leafcount,flyby,3,386,386,0.4642879963,0.1707839966,0.6360319853,0.643251,1,0,-1,41657,36450,17,17,10104,27.72016461,14.0466941,512002,0,512002,41657
v2,ea89b79a9dfd35df20fed759e6d15c60fe01e77c,direct,octree_leafcount,flyby,3,387,387,0.4225600064,0.1710720062,0.5945600271,0.601556,1,0,-1,41681,36471,17,17,10337,28.34306709,14.03860602,512002,0,512002,41681
v2,ea89b79a9dfd35df20fed759e6d15c60fe01e77c,direct,octree_leafcount,flyby,3,388,388,0.4220159948,0.1728000045,0.5957440138,0.603575,1,0,-1,41305,36142,17,17,10037,27.77101433,14.1663992,512002,0,512002,41305
v2,ea89b79a9dfd35df20fed759e6d15c60fe01e77c,direct,octree_leafcount,flyby,3,389,389,0.4549440145,0.1708160043,0.6267200112,0.633764,1,0,-1,41201,36051,17,17,10145,28.14068958,14.20215805,512002,0,512002,41201
v2,ea89b79a9dfd35df20fed759e6d15c60fe01e77c,direct,octree_leafcount,flyby,3,390,390,0.4205760062,0.1700479984,0.5915520191,0.598697,1,0,-1,40977,35855,17,17,10097,28.16064705,14.27979361,512002,0,512002,40977
v2,ea89b79a9dfd35df20fed759e6d15c60fe01e77c,direct,octree_leafcount,flyby,3,391,391,0.4545919895,0.171232,0.6267520189,0.634344,1,0,-1,41233,36079,17,17,10219,28.32395576,14.19113612,512002,0,512002,41233
v2,ea89b79a9dfd35df20fed759e6d15c60fe01e77c,direct,octree_leafcount,flyby,3,392,392,0.3909760118,0.1707199961,0.5626239777,0.570146,1,0,-1,41217,36065,17,17,10031,27.81366976,14.19664495,512002,0,512002,41217
v2,ea89b79a9dfd35df20fed759e6d15c60fe01e77c,direct,octree_leafcount,flyby,3,393,393,0.4258239865,0.1706880033,0.5974079967,0.604934,1,0,-1,41257,36100,17,17,10134,28.07202216,14.18288089,512002,0,512002,41257
v2,ea89b79a9dfd35df20fed759e6d15c60fe01e77c,direct,octree_leafcount,flyby,3,394,394,0.468576014,0.1738560051,0.6433920264,0.650959,1,0,-1,41137,35995,17,17,10099,28.05667454,14.22425337,512002,0,512002,41137
v2,ea89b79a9dfd35df20fed759e6d15c60fe01e77c,direct,octree_leafcount,flyby,3,395,395,0.4178879857,0.1742399931,0.5930879712,0.599815,1,0,-1,41401,36226,17,17,10135,27.97714349,14.13355049,512002,0,512002,41401
v2,ea89b79a9dfd35df20fed759e6d15c60fe01e77c,direct,octree_leafcount,flyby,3,396,396,0.3957439959,0.1751040071,0.5717759728,0.579202,1,0,-1,41161,36016,17,17,10083,27.99589072,14.21595957,512002,0,512002,41161
v2,ea89b79a9dfd35df20fed759e6d15c60fe01e77c,direct,octree_leafcount,flyby,3,397,397,0.4575360119,0.1750079989,0.6334720254,0.640927,1,0,-1,41529,36338,17,17,10041,27.63223072,14.08998844,512002,0,512002,41529
v2,ea89b79a9dfd35df20fed759e6d15c60fe01e77c,direct,octree_leafcount,flyby,3,398,398,0.4204159975,0.1741759926,0.5955200195,0.602794,1,0,-1,41417,36240,17,17,10137,27.9718543,14.12809051,512002,0,512002,41417
v2,ea89b79a9dfd35df20fed759e6d15c60fe01e77c,direct,octree_leafcount,flyby,3,399,399,0.4329600036,0.1689279974,0.6028159857,0.610191,1,0,-1,41025,35897,17,17,9872,27.50090537,14.26308605,512002,0,512002,41025
v2,ea89b79a9dfd35df20fed759e6d15c60fe01e77c,direct,octree_leafcount,flyby,3,400,400,0.4574399889,0.1729280055,0.6313279867,0.639071,1,0,-1,41233,36079,17,17,10179,28.21308795,14.19113612,512002,0,512002,41233
v2,ea89b79a9dfd35df20fed759e6d15c60fe01e77c,direct,octree_leafcount,flyby,3,401,401,0.4225279987,0.1737280041,0.5971840024,0.605706,1,0,-1,41217,36065,17,17,10110,28.0327187,14.19664495,512002,0,512002,41217
v2,ea89b79a9dfd35df20fed759e6d15c60fe01e77c,direct,octree_leafcount,flyby,3,402,402,0.4551999867,0.1730560064,0.6303039789,0.636522,1,0,-1,41521,36331,17,17,10283,28.30365253,14.0927032,512002,0,512002,41521
v2,ea89b79a9dfd35df20fed759e6d15c60fe01e77c,direct,octree_leafcount,flyby,3,403,403,0.3983359933,0.1789440066,0.5782080293,0.586446,1,0,-1,41257,36100,17,17,10014,27.73961219,14.18288089,512002,0,512002,41257
v2,ea89b79a9dfd35df20fed759e6d15c60fe01e77c,direct,octree_leafcount,flyby,3,404,404,0.4317120016,0.1759680063,0.6086400151,0.61669,1,0,-1,41137,35995,17,17,9993,27.76218919,14.22425337,512002,0,512002,41137
v2,ea89b79a9dfd35df20fed759e6d15c60fe01e77c,direct,octree_leafcount,flyby,3,405,405,0.4689280093,0.171103999,0.6409919858,0.648877,1,0,-1,41313,36149,17,17,10000,27.66328253,14.16365598,512002,0,512002,41313
v2,ea89b79a9dfd35df20fed759e6d15c60fe01e77c,direct,octree_leafcount,flyby,3,406,406,0.4255999923,0.1772799939,0.6038079858,0.6113,1,0,-1,41537,36345,17,17,9975,27.44531572,14.08727473,512002,0,512002,41537
v2,ea89b79a9dfd35df20fed759e6d15c60fe01e77c,direct,octree_leafcount,flyby,3,407,407,0.3908480108,0.1759359986,0.567712009,0.575206,1,0,-1,41161,36016,17,17,10025,27.83485118,14.21595957,512002,0,512002,41161
v2,ea89b79a9dfd35df20fed759e6d15c60fe01e77c,direct,octree_leafcount,flyby,3,408,408,0.465696007,0.1730879992,0.6397119761,0.647227,1,0,-1,41089,35953,17,17,9865,27.43860039,14.24087002,512002,0,512002,41089
v2,ea89b79a9dfd35df20fed759e6d15c60fe01e77c,direct,octree_leafcount,flyby,3,409,409,0.4312640131,0.1698240042,0.6020159721,0.609944,1,0,-1,41137,35995,17,17,9950,27.64272816,14.22425337,512002,0,512002,41137
v2,ea89b79a9dfd35df20fed759e6d15c60fe01e77c,direct,octree_leafcount,flyby,3,410,410,0.3918400109,0.176128,0.5688959956,0.576814,1,0,-1,40753,35659,17,17,9721,27.26100003,14.35828262,512002,0,512002,40753
v2,ea89b79a9dfd35df20fed759e6d15c60fe01e77c,direct,octree_leafcount,flyby,3,411,411,0.452767998,0.1729280055,0.6266239882,0.634188,1,0,-1,40921,35806,17,17,10008,27.9506228,14.29933531,512002,0,512002,40921
v2,ea89b79a9dfd35df20fed759e6d15c60fe01e77c,direct,octree_leafcount,flyby,3,412,412,0.4269439876,0.1710080057,0.5989440084,0.606078,1,0,-1,41001,35876,17,17,9939,27.70375739,14.27143494,512002,0,512002,41001
v2,ea89b79a9dfd35df20fed759e6d15c60fe01e77c,direct,octree_leafcount,flyby,3,413,413,0.4645119905,0.1729920059,0.6384320259,0.645762,1,0,-1,41113,35974,17,17,9902,27.52543504,14.23255685,512002,0,512002,41113
v2,ea89b79a9dfd35df20fed759e6d15c60fe01e77c,direct,octree_leafcount,flyby,3,414,414,0.4248000085,0.1730879992,0.5987840295,0.606322,1,0,-1,40865,35757,17,17,9846,27.5358671,14.31893056,512002,0,512002,40865
v2,ea89b79a9dfd35df20fed759e6d15c60fe01e77c,direct,octree_leafcount,flyby,3,415,415,0.4250560105,0.1729920059,0.598976016,0.606186,1,0,-1,41009,35883,17,17,9930,27.67327147,14.26865089,512002,0,512002,41009
v2,ea89b79a9dfd35df20fed759e6d15c60fe01e77c,direct,octree_leafcount,flyby,3,416,416,0.4569280148,0.1717759967,0.6295999885,0.637708,1,0,-1,41121,35981,17,17,10024,27.85914788,14.22978794,512002,0,512002,41121
v2,ea89b79a9dfd35df20fed759e6d15c60fe01e77c,direct,octree_leafcount,flyby,3,417,417,0.3915199935,0.1728000045,0.5652480125,0.573003,1,0,-1,41265,36107,17,17,9930,27.50159249,14.18013128,512002,0,512002,41265
v2,ea89b79a9dfd35df20fed759e6d15c60fe01e77c,direct,octree_leafcount,flyby,3,418,418,0.4289599955,0.1720000058,0.6019200087,0.609335,1,0,-1,41105,35967,17,17,10036,27.90335585,14.23532683,512002,0,512002,41105
v2,ea89b79a9dfd35df20fed759e6d15c60fe01e77c,direct,octree_leafcount,flyby,3,419,419,0.4584960043,0.1750079989,0.6344320178,0.641474,1,0,-1,40985,35862,17,17,9975,27.81495734,14.2770063,512002,0,512002,40985
v2,ea89b79a9dfd35df20fed759e6d15c60fe01e77c,direct,octree_leafcount,flyby,3,420,420,0.4250240028,0.1720319986,0.5979840159,0.605504,1,0,-1,40985,35862,17,17,10079,28.10495789,14.2770063,512002,0,512002,40985
v2,ea89b79a9dfd35df20fed759e6d15c60fe01e77c,direct,octree_leafcount,flyby,3,421,421,0.3948479891,0.1800319999,0.5758399963,0.583669,1,0,-1,41041,35911,17,17,9966,27.7519423,14.25752555,512002,0,512002,41041
v2,ea89b79a9dfd35df20fed759e6d15c60fe01e77c,direct,octree_leafcount,flyby,3,422,422,0.4589439929,0.1708479971,0.630752027,0.637792,1,0,-1,41209,36058,17,17,9965,27.63603084,14.19940097,512002,0,512002,41209
v2,ea89b79a9dfd35df20fed759e6d15c60fe01e77c,direct,octree_leafcount,flyby,3,423,423,0.4255999923,0.1770559996,0.6035839915,0.610787,1,0,-1,40993,35869,17,17,9919,27.65340545,14.27422008,512002,0,512002,40993
v2,ea89b79a9dfd35df20fed759e6d15c60fe01e77c,direct,octree_leafcount,flyby,3,424,424,0.4303039908,0.1732160002,0.6044480205,0.61143,1,0,-1,40921,35806,17,17,9862,27.54286991,14.29933531,512002,0,512002,40921
v2,ea89b79a9dfd35df20fed759e6d15c60fe01e77c,direct,octree_leafcount,flyby,3,425,425,0.4562239945,0.1709119976,0.6280959845,0.63523,1,0,-1,41105,35967,17,17,10044,27.92559847,14.23532683,512002,0,512002,41105
v2,ea89b79a9dfd35df20fed759e6d15c60fe01e77c,direct,octree_leafcount,flyby,3,426,426,0.4304960072,0.1771840006,0.6086080074,0.615656,1,0,-1,40849,35743,17,17,9927,27.77327029,14.32453907,512002,0,512002,40849
v2,ea89b79a9dfd35df20fed759e6d15c60fe01e77c,direct,octree_leafcount,flyby,3,427,427,0.4583359957,0.175999999,0.6352639794,0.642549,1,0,-1,41289,36128,17,17,10126,28.02812223,14.17188884,512002,0,512002,41289
v2,ea89b79a9dfd35df20fed759e6d15c60fe01e77c,direct,octree_leafcount,flyby,3,428,428,0.3877759874,0.1701759994,0.5589119792,0.56562,1,0,-1,41161,36016,17,17,10053,27.9125944,14.21595957,512002,0,512002,41161
v2,ea89b79a9dfd35df20fed759e6d15c60fe01e77c,direct,octree_leafcount,flyby,3,429,429,0.4223999977,0.1720000058,0.5953919888,0.602291,1,0,-1,40985,35862,17,17,10044,28.00736155,14.2770063,512002,0,512002,40985
v2,ea89b79a9dfd35df20fed759e6d15c60fe01e77c,direct,octree_leafcount,flyby,3,430,430,0.4559360147,0.1720640063,0.6289280057,0.635777,1,0,-1,41065,35932,17,17,9931,27.63831682,14.24919292,512002,0,512002,41065
v2,ea89b79a9dfd35df20fed759e6d15c60fe01e77c,direct,octree_leafcount,flyby,3,431,431,0.4209600091,0.1750400066,0.5969600081,0.603724,1,0,-1,41401,36226,17,17,10031,27.69005687,14.13355049,512002,0,512002,41401
v2,ea89b79a9dfd35df20fed759e6d15c60fe01e77c,direct,octree_leafcount,flyby,3,432,432,0.3949759901,0.1748480052,0.5707839727,0.578023,1,0,-1,41281,36121,17,17,10022,27.74563273,14.17463525,512002,0,512002,41281
v2,ea89b79a9dfd35df20fed759e6d15c60fe01e77c,direct,octree_leafcount,flyby,3,433,433,0.4519360065,0.1691520065,0.621984005,0.628387,1,0,-1,41177,36030,17,17,9894,27.46044963,14.21043575,512002,0,512002,41177
v2,ea89b79a9dfd35df20fed759e6d15c60fe01e77c,direct,octree_leafcount,flyby,3,434,434,0.4219200015,0.1752640009,0.5981119871,0.605292,1,0,-1,41057,35925,17,17,10085,28.072373,14.25196938,512002,0,512002,41057
v2,ea89b79a9dfd35df20fed759e6d15c60fe01e77c,direct,octree_leafcount,flyby,3,435,435,0.4268159866,0.173247993,0.6009920239,0.607585,1,0,-1,40945,35827,17,17,9832,27.44298992,14.29095375,512002,0,512002,40945
v2,ea89b79a9dfd35df20fed759e6d15c60fe01e77c,direct,octree_leafcount,flyby,3,436,436,0.4528000057,0.1769279987,0.630656004,0.637809,1,0,-1,41001,35876,17,17,10003,27.88214963,14.27143494,512002,0,512002,41001
v2,ea89b79a9dfd35df20fed759e6d15c60fe01e77c,direct,octree_leafcount,flyby,3,437,437,0.4246079922,0.1767999977,0.6023679972,0.609557,1,0,-1,40761,35666,17,17,9795,27.46313015,14.35546459,512002,0,512002,40761
v2,ea89b79a9dfd35df20fed759e6d15c60fe01e77c,direct,octree_leafcount,flyby,3,438,438,0.4609279931,0.1702399999,0.6320959926,0.638464,1,0,-1,40985,35862,17,17,9882,27.55562991,14.2770063,512002,0,512002,40985
v2,ea89b79a9dfd35df20fed759e6d15c60fe01e77c,direct,octree_leafcount,flyby,3,439,439,0.4197440147,0.171103999,0.5918080211,0.598661,1,0,-1,41233,36079,17,17,9875,27.37049253,14.19113612,512002,0,512002,41233
v2,ea89b79a9dfd35df20fed759e6d15c60fe01e77c,direct,octree_leafcount,flyby,3,440,440,0.4307520092,0.1729920059,0.6047040224,0.611721,1,0,-1,41233,36079,17,17,9922,27.50076222,14.19113612,512002,0,512002,41233
v2,ea89b79a9dfd35df20fed759e6d15c60fe01e77c,direct,octree_leafcount,flyby,3,441,441,0.4566720128,0.1725759953,0.6302080154,0.637649,1,0,-1,40993,35869,17,17,9933,27.69243637,14.27422008,512002,0,512002,40993
v2,ea89b79a9dfd35df20fed759e6d15c60fe01e77c,direct,octree_leafcount,flyby,3,442,442,0.4032959938,0.1731840074,0.5774080157,0.585084,1,0,-1,40961,35841,17,17,9770,27.25928406,14.2853715,512002,0,512002,40961
v2,ea89b79a9dfd35df20fed759e6d15c60fe01e77c,direct,octree_leafcount,flyby,3,443,443,0.4254080057,0.176256001,0.6025919914,0.610643,1,0,-1,40681,35596,17,17,9837,27.63512754,14.3836948,512002,0,512002,40681
v2,ea89b79a9dfd35df20fed759e6d15c60fe01e77c,direct,octree_leafcount,flyby,3,444,444,0.459935993,0.1749760062,0.6358720064,0.643356,1,0,-1,41121,35981,17,17,9785,27.19490842,14.22978794,512002,0,512002,41121
v2,ea89b79a9dfd35df20fed759e6d15c60fe01e77c,direct,octree_leafcount,flyby,3,445,445,0.4216960073,0.1771200001,0.5997760296,0.60699,1,0,-1,41017,35890,17,17,9791,27.28057955,14.26586793,512002,0,512002,41017
v2,ea89b79a9dfd35df20fed759e6d15c60fe01e77c,direct,octree_leafcount,flyby,3,446,446,0.3915199935,0.1728319973,0.5652800202,0.572724,1,0,-1,40729,35638,17,17,9569,26.85055278,14.36674336,512002,0,512002,40729
v2,ea89b79a9dfd35df20fed759e6d15c60fe01e77c,direct,octree_leafcount,flyby,3,447,447,0.4547519982,0.1750400066,0.6307200193,0.638004,1,0,-1,41065,35932,17,17,9673,26.92029389,14.24919292,512002,0,512002,41065
v2,ea89b79a9dfd35df20fed759e6d15c60fe01e77c,direct,octree_leafcount,flyby,3,448,448,0.4227840006,0.1706880033,0.594367981,0.601631,1,0,-1,40833,35729,17,17,9723,27.21318817,14.33015198,512002,0,512002,40833
v2,ea89b79a9dfd35df20fed759e6d15c60fe01e77c,direct,octree_leafcount,flyby,3,449,449,0.4266879857,0.1760639995,0.6036480069,0.610811,1,0,-1,40945,35827,17,17,9621,26.85404862,14.29095375,512002,0,512002,40945
v2,ea89b79a9dfd35df20fed759e6d15c60fe01e77c,direct,octree_leafcount,flyby,3,450,450,0.4555520117,0.1681600064,0.6246399879,0.630283,1,0,-1,41113,35974,17,17,9878,27.45872019,14.23255685,512002,0,512002,41113
v2,ea89b79a9dfd35df20fed759e6d15c60fe01e77c,direct,octree_leafcount,flyby,3,451,451,0.4276160002,0.1701119989,0.5986880064,0.605183,1,0,-1,40825,35722,17,17,9760,27.32209843,14.33296008,512002,0,512002,40825
v2,ea89b79a9dfd35df20fed759e6d15c60fe01e77c,direct,octree_leafcount,flyby,3,452,452,0.462687999,0.1710080057,0.6346560121,0.641928,1,0,-1,41065,35932,17,17,9802,27.27930535,14.24919292,512002,0,512002,41065
v2,ea89b79a9dfd35df20fed759e6d15c60fe01e77c,direct,octree_leafcount,flyby,3,453,453,0.4191040099,0.174112007,0.5941759944,0.604659,1,0,-1,40825,35722,17,17,9614,26.91338671,14.33296008,512002,0,512002,40825
v2,ea89b79a9dfd35df20fed759e6d15c60fe01e77c,direct,octree_leafcount,flyby,3,454,454,0.4296000004,0.1718080044,0.6023359895,0.610111,1,0,-1,41417,36240,17,17,9874,27.24613687,14.12809051,512002,0,512002,41417
v2,ea89b79a9dfd35df20fed759e6d15c60fe01e77c,direct,octree_leafcount,flyby,3,455,455,0.4586240053,0.1701119989,0.6296640038,0.637336,1,0,-1,41497,36310,17,17,9892,27.2431837,14.10085376,512002,0,512002,41497
v2,ea89b79a9dfd35df20fed759e6d15c60fe01e77c,direct,octree_leafcount,flyby,3,456,456,0.3945280015,0.1728959978,0.5683839917,0.575943,1,0,-1,40857,35750,17,17,9698,27.12727273,14.32173427,512002,0,512002,40857
v2,ea89b79a9dfd35df20fed759e6d15c60fe01e77c,direct,octree_leafcount,flyby,3,457,457,0.4252800047,0.1741759926,0.600383997,0.60723,1,0,-1,40977,35855,17,17,9833,27.42434807,14.27979361,512002,0,512002,40977
v2,ea89b79a9dfd35df20fed759e6d15c60fe01e77c,direct,octree_leafcount,flyby,3,458,458,0.4596480131,0.1700800061,0.6306880116,0.637925,1,0,-1,40873,35764,17,17,9619,26.8957611,14.31612795,512002,0,512002,40873
v2,ea89b79a9dfd35df20fed759e6d15c60fe01e77c,direct,octree_leafcount,flyby,3,459,459,0.4276799858,0.1719360054,0.6005439758,0.607702,1,0,-1,41145,36002,17,17,9800,27.22070996,14.2214877,512002,0,512002,41145
v2,ea89b79a9dfd35df20fed759e6d15c60fe01e77c,direct,octree_leafcount,flyby,3,460,460,0.3933759928,0.1722559929,0.5665599704,0.573595,1,0,-1,41001,35876,17,17,9716,27.08217193,14.27143494,512002,0,512002,41001
v2,ea89b79a9dfd35df20fed759e6d15c60fe01e77c,direct,octree_leafcount,flyby,3,461,461,0.4558719993,0.1739200056,0.630752027,0.637792,1,0,-1,41185,36037,17,17,9753,27.06385104,14.20767544,512002,0,512002,41185
v2,ea89b79a9dfd35df20fed759e6d15c60fe01e77c,direct,octree_leafcount,flyby,3,462,462,0.4276480079,0.1749760062,0.6035839915,0.610432,1,0,-1,41169,36023,17,17,9810,27.23260139,14.21319712,512002,0,512002,41169
v2,ea89b79a9dfd35df20fed759e6d15c60fe01e77c,direct,octree_leafcount,flyby,3,463,463,0.4236159921,0.174112007,0.598623991,0.606049,1,0,-1,40881,35771,17,17,9464,26.45718599,14.31332644,512002,0,512002,40881
v2,ea89b79a9dfd35df20fed759e6d15c60fe01e77c,direct,octree_leafcount,flyby,3,464,464,0.4610239863,0.1750719994,0.6370239854,0.643933,1,0,-1,40753,35659,17,17,9650,27.06189181,14.35828262,512002,0,512002,40753
v2,ea89b79a9dfd35df20fed759e6d15c60fe01e77c,direct,octree_leafcount,flyby,3,465,465,0.419840008,0.1719360054,0.5927039981,0.599741,1,0,-1,40905,35792,17,17,9623,26.88589629,14.30492848,512002,0,512002,40905
v2,ea89b79a9dfd35df20fed759e6d15c60fe01e77c,direct,octree_leafcount,flyby,3,466,466,0.4517120123,0.1708160043,0.6234560013,0.630492,1,0,-1,40961,35841,17,17,9795,27.32903658,14.2853715,512002,0,512002,40961
v2,ea89b79a9dfd35df20fed759e6d15c60fe01e77c,direct,octree_leafcount,flyby,3,467,467,0.3907839954,0.1699199975,0.5616959929,0.569148,1,0,-1,40657,35575,17,17,9596,26.97399859,14.39218552,512002,0,512002,40657
v2,ea89b79a9dfd35df20fed759e6d15c60fe01e77c,direct,octree_leafcount,flyby,3,468,468,0.4332799911,0.1729599983,0.6071360111,0.614607,1,0,-1,40769,35673,17,17,9705,27.2054495,14.35264766,512002,0,512002,40769
v2,ea89b79a9dfd35df20fed759e6d15c60fe01e77c,direct,octree_leafcount,flyby,3,469,469,0.4543359876,0.1722559929,0.6275519729,0.634451,1,0,-1,40969,35848,17,17,9662,26.95268913,14.28258201,512002,0,512002,40969
v2,ea89b79a9dfd35df20fed759e6d15c60fe01e77c,direct,octree_leafcount,flyby,3,470,470,0.428384006,0.1743039936,0.6036159992,0.611077,1,0,-1,40777,35680,17,17,9503,26.63396861,14.34983184,512002,0,512002,40777
v2,ea89b79a9dfd35df20fed759e6d15c60fe01e77c,direct,octree_leafcount,flyby,3,471,471,0.4248319864,0.1729599983,0.5987200141,0.606618,1,0,-1,40801,35701,17,17,9672,27.0916781,14.341391,512002,0,512002,40801
v2,ea89b79a9dfd35df20fed759e6d15c60fe01e77c,direct,octree_leafcount,flyby,3,472,472,0.4591360092,0.1688960046,0.6289600134,0.637068,1,0,-1,40929,35813,17,17,9702,27.09072125,14.29654036,512002,0,512002,40929
v2,ea89b79a9dfd35df20fed759e6d15c60fe01e77c,direct,octree_leafcount,flyby,3,473,473,0.4264639914,0.1718080044,0.599232018,0.60705,1,0,-1,41305,36142,17,17,9867,27.30064745,14.1663992,512002,0,512002,41305
v2,ea89b79a9dfd35df20fed759e6d15c60fe01e77c,direct,octree_leafcount,flyby,3,474,474,0.3877440095,0.1753280014,0.5640000105,0.571417,1,0,-1,40825,35722,17,17,9586,26.83500364,14.33296008,512002,0,512002,40825
v2,ea89b79a9dfd35df20fed759e6d15c60fe01e77c,direct,octree_leafcount,flyby,3,475,475,0.4716799855,0.1740480065,0.6466240287,0.653719,1,0,-1,41297,36135,17,17,9741,26.95724367,14.16914349,512002,0,512002,41297
v2,ea89b79a9dfd35df20fed759e6d15c60fe01e77c,direct,octree_leafcount,flyby,3,476,476,0.4297919869,0.1687680036,0.5995200276,0.606685,1,0,-1,41233,36079,17,17,9818,27.21250589,14.19113612,512002,0,512002,41233
v2,ea89b79a9dfd35df20fed759e6d15c60fe01e77c,direct,octree_leafcount,flyby,3,477,477,0.4267199934,0.1708479971,0.5984960198,0.605492,1,0,-1,40921,35806,17,17,9615,26.85304139,14.29933531,512002,0,512002,40921
v2,ea89b79a9dfd35df20fed759e6d15c60fe01e77c,direct,octree_leafcount,flyby,3,478,478,0.4598720074,0.173247993,0.6340799928,0.640898,1,0,-1,40865,35757,17,17,9816,27.45196745,14.31893056,512002,0,512002,40865
v2,ea89b79a9dfd35df20fed759e6d15c60fe01e77c,direct,octree_leafcount,flyby,3,479,479,0.4205119908,0.1761920005,0.5976960063,0.604879,1,0,-1,40721,35631,17,17,9794,27.48730038,14.36956583,512002,0,512002,40721
v2,ea89b79a9dfd35df20fed759e6d15c60fe01e77c,direct,octree_leafcount,flyby,3,480,480,0.4604800045,0.1687359959,0.6301760077,0.637761,1,0,-1,40985,35862,17,17,9864,27.50543751,14.2770063,512002,0,512002,40985
v2,ea89b79a9dfd35df20fed759e6d15c60fe01e77c,direct,octree_leafcount,flyby,3,481,481,0.4310719967,0.172736004,0.6047359705,0.612552,1,0,-1,41017,35890,17,17,9756,27.18305935,14.26586793,512002,0,512002,41017
v2,ea89b79a9dfd35df20fed759e6d15c60fe01e77c,direct,octree_leafcount,flyby,3,482,482,0.4257920086,0.1709440053,0.5976639986,0.605184,1,0,-1,41177,36030,17,17,9684,26.877602,14.21043575,512002,0,512002,41177
v2,ea89b79a9dfd35df20fed759e6d15c60fe01e77c,direct,octree_leafcount,flyby,3,483,483,0.4581120014,0.169088006,0.6280959845,0.635609,1,0,-1,41073,35939,17,17,9843,27.38807424,14.24641754,512002,0,512002,41073
v2,ea89b79a9dfd35df20fed759e6d15c60fe01e77c,direct,octree_leafcount,flyby,3,484,484,0.3932799995,0.1708800048,0.5651519895,0.572528,1,0,-1,40881,35771,17,17,9680,27.06102709,14.31332644,512002,0,512002,40881
v2,ea89b79a9dfd35df20fed759e6d15c60fe01e77c,direct,octree_leafcount,flyby,3,485,485,0.4290240109,0.1710399985,0.6009920239,0.607663,1,0,-1,40849,35743,17,17,9790,27.38997846,14.32453907,512002,0,512002,40849
v2,ea89b79a9dfd35df20fed759e6d15c60fe01e77c,direct,octree_leafcount,flyby,3,486,486,0.4565120041,0.1720959991,0.6295999885,0.636792,1,0,-1,40601,35526,17,17,9595,27.00838822,14.41203626,512002,0,512002,40601
v2,ea89b79a9dfd35df20fed759e6d15c60fe01e77c,direct,octree_leafcount,flyby,3,487,487,0.4186879992,0.1732160002,0.592863977,0.598583,1,0,-1,40785,35687,17,17,9787,27.42455236,14.34701712,512002,0,512002,40785
v2,ea89b79a9dfd35df20fed759e6d15c60fe01e77c,direct,octree_leafcount,flyby,3,488,488,0.3971840143,0.1750400066,0.5731520057,0.580311,1,0,-1,40873,35764,17,17,9778,27.34034224,14.31612795,512002,0,512002,40873
v2,ea89b79a9dfd35df20fed759e6d15c60fe01e77c,direct,octree_leafcount,flyby,3,489,489,0.4574719965,0.1709440053,0.6293759942,0.636852,1,0,-1,40849,35743,17,17,9667,27.04585513,14.32453907,512002,0,512002,40849
v2,ea89b79a9dfd35df20fed759e6d15c60fe01e77c,direct,octree_leafcount,flyby,3,490,490,0.4209280014,0.1730560064,0.5949119925,0.601843,1,0,-1,41009,35883,17,17,9836,27.41130898,14.26865089,512002,0,512002,41009
v2,ea89b79a9dfd35df20fed759e6d15c60fe01e77c,direct,octree_leafcount,flyby,3,491,491,0.3934400082,0.1700479984,0.564447999,0.571441,1,0,-1,40321,35281,17,17,9586,27.17043168,14.512117,512002,0,512002,40321
v2,ea89b79a9dfd35df20fed759e6d15c60fe01e77c,direct,octree_leafcount,flyby,3,492,492,0.4591040015,0.1711679995,0.6312000155,0.638114,1,0,-1,40873,35764,17,17,9883,27.63393356,14.31612795,512002,0,512002,40873
v2,ea89b79a9dfd35df20fed759e6d15c60fe01e77c,direct,octree_leafcount,flyby,3,493,493,0.4225600064,0.1749439985,0.5984640121,0.605581,1,0,-1,41009,35883,17,17,9814,27.34999861,14.26865089,512002,0,512002,41009
v2,ea89b79a9dfd35df20fed759e6d15c60fe01e77c,direct,octree_leafcount,flyby,3,494,494,0.4563519955,0.1687680036,0.6260799766,0.633584,1,0,-1,40977,35855,17,17,9622,26.83586669,14.27979361,512002,0,512002,40977
v2,ea89b79a9dfd35df20fed759e6d15c60fe01e77c,direct,octree_leafcount,flyby,3,495,495,0.4230400026,0.170975998,0.5949440002,0.602233,1,0,-1,41065,35932,17,17,9694,26.97873762,14.24919292,512002,0,512002,41065
v2,ea89b79a9dfd35df20fed759e6d15c60fe01e77c,direct,octree_leafcount,flyby,3,496,496,0.4271680117,0.1750079989,0.6031039953,0.609571,1,0,-1,40529,35463,17,17,9508,26.81104249,14.43763923,512002,0,512002,40529
v2,ea89b79a9dfd35df20fed759e6d15c60fe01e77c,direct,octree_leafcount,flyby,3,497,497,0.455904007,0.1733440012,0.6301760077,0.636805,1,0,-1,40865,35757,17,17,9776,27.34010124,14.31893056,512002,0,512002,40865
v2,ea89b79a9dfd35df20fed759e6d15c60fe01e77c,direct,octree_leafcount,flyby,3,498,498,0.4264000058,0.1712000072,0.5985280275,0.605922,1,0,-1,40841,35736,17,17,9719,27.19666443,14.32734497,512002,0,512002,40841
v2,ea89b79a9dfd35df20fed759e6d15c60fe01e77c,direct,octree_leafcount,flyby,3,499,499,0.4296000004,0.1718399972,0.6024000049,0.609362,1,0,-1,40897,35785,17,17,9857,27.54506078,14.3077267,512002,0,512002,40897
v2,ea89b79a9dfd35df20fed759e6d15c60fe01e77c,direct,octree_leafcount,flyby,3,500,500,0.4638400078,0.1741439998,0.6389120221,0.646135,1,0,-1,40753,35659,17,17,9670,27.11797863,14.35828262,512002,0,512002,40753
v2,ea89b79a9dfd35df20fed759e6d15c60fe01e77c,direct,octree_leafcount,flyby,3,501,501,0.3975040019,0.1728959978,0.5712959766,0.578585,1,0,-1,40937,35820,17,17,9650,26.94025684,14.29374651,512002,0,512002,40937
v2,ea89b79a9dfd35df20fed759e6d15c60fe01e77c,direct,octree_leafcount,flyby,3,502,502,0.4273599982,0.1718720049,0.6001600027,0.607732,1,0,-1,40569,35498,17,17,9748,27.46070201,14.42340414,512002,0,512002,40569
v2,ea89b79a9dfd35df20fed759e6d15c60fe01e77c,direct,octree_leafcount,flyby,3,503,503,0.4653759897,0.1709119976,0.6372479796,0.644717,1,0,-1,40673,35589,17,17,9700,27.25561269,14.38652393,512002,0,512002,40673
v2,ea89b79a9dfd35df20fed759e6d15c60fe01e77c,direct,octree_leafcount,flyby,3,504,504,0.4242880046,0.1676480025,0.5928959846,0.599634,1,0,-1,40905,35792,17,17,9887,27.62349128,14.30492848,512002,0,512002,40905
v2,ea89b79a9dfd35df20fed759e6d15c60fe01e77c,direct,octree_leafcount,flyby,3,505,505,0.3908480108,0.1708800048,0.5626239777,0.570318,1,0,-1,40641,35561,17,17,9744,27.40080425,14.39785158,512002,0,512002,40641
v2,ea89b79a9dfd35df20fed759e6d15c60fe01e77c,direct,octree_leafcount,flyby,3,506,506,0.4522880018,0.174112007,0.6273599863,0.634468,1,0,-1,40785,35687,17,17,9701,27.18356825,14.34701712,512002,0,512002,40785
v2,ea89b79a9dfd35df20fed759e6d15c60fe01e77c,direct,octree_leafcount,flyby,3,507,507,0.419968009,0.1720319986,0.59296,0.600321,1,0,-1,41201,36051,17,17,9886,27.42226291,14.20215805,512002,0,512002,41201
v2,ea89b79a9dfd35df20fed759e6d15c60fe01e77c,direct,octree_leafcount,flyby,3,508,508,0.4221760035,0.1731519997,0.59622401,0.602995,1,0,-1,40649,35568,17,17,9617,27.03834908,14.39501799,512002,0,512002,40649
v2,ea89b79a9dfd35df20fed759e6d15c60fe01e77c,direct,octree_leafcount,flyby,3,509,509,0.4640319943,0.1731519997,0.6380800009,0.644905,1,0,-1,40761,35666,17,17,9712,27.23041552,14.35546459,512002,0,512002,40761
v2,ea89b79a9dfd35df20fed759e6d15c60fe01e77c,direct,octree_leafcount,flyby,3,510,510,0.4263040125,0.1700160056,0.5972480178,0.604529,1,0,-1,40721,35631,17,17,9732,27.3132946,14.36956583,512002,0,512002,40721
v2,ea89b79a9dfd35df20fed759e6d15c60fe01e77c,direct,octree_leafcount,flyby,3,511,511,0.4231039882,0.1708160043,0.5948799849,0.601978,1,0,-1,40961,35841,17,17,9828,27.4211099,14.2853715,512002,0,512002,40961
v2,ea89b79a9dfd35df20fed759e6d15c60fe01e77c,direct,octree_leafcount,flyby,3,512,512,0.4246399999,0.1708800048,0.5964800119,0.603605,1,0,-1,41161,36016,17,17,9820,27.26565971,14.21595957,512002,0,512002,41161
v2,ea89b79a9dfd35df20fed759e6d15c60fe01e77c,direct,octree_leafcount,flyby,3,513,513,0.4272960126,0.1688320041,0.5970879793,0.604601,1,0,-1,40857,35750,17,17,9842,27.53006993,14.32173427,512002,0,512002,40857
v2,ea89b79a9dfd35df20fed759e6d15c60fe01e77c,direct,octree_leafcount,flyby,3,514,514,0.4559679925,0.1722240001,0.6291199923,0.635939,1,0,-1,41025,35897,17,17,9843,27.42011867,14.26308605,512002,0,512002,41025
v2,ea89b79a9dfd35df20fed759e6d15c60fe01e77c,direct,octree_leafcount,flyby,3,515,515,0.3994880021,0.171103999,0.5715519786,0.578509,1,0,-1,40681,35596,17,17,9639,27.07888527,14.3836948,512002,0,512002,40681
v2,ea89b79a9dfd35df20fed759e6d15c60fe01e77c,direct,octree_leafcount,flyby,3,516,516,0.4250240028,0.1700800061,0.5960320234,0.603312,1,0,-1,41009,35883,17,17,9913,27.62589527,14.26865089,512002,0,512002,41009
v2,ea89b79a9dfd35df20fed759e6d15c60fe01e77c,direct,octree_leafcount,flyby,3,517,517,0.4596160054,0.1729920059,0.6335039735,0.640931,1,0,-1,41081,35946,17,17,9849,27.39943248,14.24364324,512002,0,512002,41081
v2,ea89b79a9dfd35df20fed759e6d15c60fe01e77c,direct,octree_leafcount,flyby,3,518,518,0.4359999895,0.168960005,0.6059200168,0.61312,1,0,-1,41297,36135,17,17,9852,27.26442507,14.16914349,512002,0,512002,41297
v2,ea89b79a9dfd35df20fed759e6d15c60fe01e77c,direct,octree_leafcount,flyby,3,519,519,0.3901120126,0.1710720062,0.5621439815,0.569736,1,0,-1,41041,35911,17,17,9873,27.49296873,14.25752555,512002,0,512002,41041
v2,ea89b79a9dfd35df20fed759e6d15c60fe01e77c,direct,octree_leafcount,flyby,3,520,520,0.4613760114,0.1749760062,0.6372799873,0.644021,1,0,-1,41089,35953,17,17,9737,27.08258004,14.24087002,512002,0,512002,41089
v2,ea89b79a9dfd35df20fed759e6d15c60fe01e77c,direct,octree_leafcount,flyby,3,521,521,0.4280000031,0.1739519984,0.6029120088,0.609745,1,0,-1,41417,36240,17,17,9982,27.54415011,14.12809051,512002,0,512002,41417
v2,ea89b79a9dfd35df20fed759e6d15c60fe01e77c,direct,octree_leafcount,flyby,3,522,522,0.3911679983,0.172736004,0.5648639798,0.57206,1,0,-1,40849,35743,17,17,9660,27.02627088,14.32453907,512002,0,512002,40849
v2,ea89b79a9dfd35df20fed759e6d15c60fe01e77c,direct,octree_leafcount,flyby,3,523,523,0.4621439874,0.1705919951,0.6336320043,0.640555,1,0,-1,41065,35932,17,17,9842,27.39062674,14.24919292,512002,0,512002,41065
v2,ea89b79a9dfd35df20fed759e6d15c60fe01e77c,direct,octree_leafcount,flyby,3,524,524,0.425503999,0.1730239987,0.5994240046,0.607383,1,0,-1,41033,35904,17,17,9789,27.26437166,14.26030526,512002,0,512002,41033
v2,ea89b79a9dfd35df20fed759e6d15c60fe01e77c,direct,octree_leafcount,flyby,3,525,525,0.4234560132,0.1730879992,0.597472012,0.604743,1,0,-1,40929,35813,17,17,9661,26.97623768,14.29654036,512002,0,512002,40929
v2,ea89b79a9dfd35df20fed759e6d15c60fe01e77c,direct,octree_leafcount,flyby,3,526,526,0.4676159918,0.171103999,0.6396160126,0.647471,1,0,-1,41049,35918,17,17,9832,27.37346177,14.25474692,512002,0,512002,41049
v2,ea89b79a9dfd35df20fed759e6d15c60fe01e77c,direct,octree_leafcount,flyby,3,527,527,0.4267199934,0.1736959964,0.6013759971,0.60889,1,0,-1,40761,35666,17,17,9690,27.16873213,14.35546459,512002,0,512002,40761
v2,ea89b79a9dfd35df20fed759e6d15c60fe01e77c,direct,octree_leafcount,flyby,3,528,528,0.4579840004,0.1728319973,0.6317440271,0.639394,1,0,-1,40905,35792,17,17,9695,27.08705856,14.30492848,512002,0,512002,40905
v2,ea89b79a9dfd35df20fed759e6d15c60fe01e77c,direct,octree_leafcount,flyby,3,529,529,0.4276480079,0.1719360054,0.6005439758,0.608371,1,0,-1,41009,35883,17,17,9647,26.88459716,14.26865089,512002,0,512002,41009
v2,ea89b79a9dfd35df20fed759e6d15c60fe01e77c,direct,octree_leafcount,flyby,3,530,530,0.4248000085,0.1688639969,0.5945600271,0.602099,1,0,-1,41345,36177,17,17,9744,26.93423999,14.1526937,512002,0,512002,41345
v2,ea89b79a9dfd35df20fed759e6d15c60fe01e77c,direct,octree_leafcount,flyby,3,531,531,0.4531199932,0.1712000072,0.6252800226,0.632766,1,0,-1,41409,36233,17,17,9781,26.99472856,14.13081997,512002,0,512002,41409
v2,ea89b79a9dfd35df20fed759e6d15c60fe01e77c,direct,octree_leafcount,flyby,3,532,532,0.3910079896,0.1687680036,0.5607360005,0.56779,1,0,-1,41033,35904,17,17,9557,26.6182041,14.26030526,512002,0,512002,41033
v2,ea89b79a9dfd35df20fed759e6d15c60fe01e77c,direct,octree_leafcount,flyby,3,533,533,0.4312959909,0.1708800048,0.6030719876,0.609936,1,0,-1,41097,35960,17,17,9739,27.08286986,14.23809789,512002,0,512002,41097
v2,ea89b79a9dfd35df20fed759e6d15c60fe01e77c,direct,octree_leafcount,flyby,3,534,534,0.4504320025,0.1734720021,0.6248319745,0.630531,1,0,-1,41049,35918,17,17,9594,26.71084136,14.25474692,512002,0,512002,41049
v2,ea89b79a9dfd35df20fed759e6d15c60fe01e77c,direct,octree_leafcount,flyby,3,535,535,0.4267840087,0.1762879938,0.6039680243,0.610889,1,0,-1,41481,36296,17,17,9817,27.04705753,14.1062927,512002,0,512002,41481
v2,ea89b79a9dfd35df20fed759e6d15c60fe01e77c,direct,octree_leafcount,flyby,3,536,536,0.3966720104,0.1752000004,0.5727999806,0.579729,1,0,-1,41145,36002,17,17,9794,27.20404422,14.2214877,512002,0,512002,41145
v2,ea89b79a9dfd35df20fed759e6d15c60fe01e77c,direct,octree_leafcount,flyby,3,537,537,0.4603199959,0.1750079989,0.6362559795,0.643382,1,0,-1,40889,35778,17,17,9564,26.73151098,14.31052602,512002,0,512002,40889
v2,ea89b79a9dfd35df20fed759e6d15c60fe01e77c,direct,octree_leafcount,flyby,3,538,538,0.4260160029,0.1752959937,0.602240026,0.60947,1,0,-1,41241,36086,17,17,9978,27.65061243,14.18838331,512002,0,512002,41241
v2,ea89b79a9dfd35df20fed759e6d15c60fe01e77c,direct,octree_leafcount,flyby,3,539,539,0.39824,0.1730239987,0.572224021,0.579528,1,0,-1,40953,35834,17,17,9752,27.21437741,14.28816208,512002,0,512002,40953
v2,ea89b79a9dfd35df20fed759e6d15c60fe01e77c,direct,octree_leafcount,flyby,3,540,540,0.4667200148,0.1700160056,0.6376640201,0.645156,1,0,-1,41209,36058,17,17,9812,27.21171446,14.19940097,512002,0,512002,41209
v2,ea89b79a9dfd35df20fed759e6d15c60fe01e77c,direct,octree_leafcount,flyby,3,541,541,0.4223360121,0.1701440066,0.5934079885,0.600663,1,0,-1,41217,36065,17,17,9822,27.23416054,14.19664495,512002,0,512002,41217
v2,ea89b79a9dfd35df20fed759e6d15c60fe01e77c,direct,octree_leafcount,flyby,3,542,542,0.4245760143,0.1777279973,0.6032320261,0.611876,1,0,-1,41185,36037,17,17,9609,26.66426173,14.20767544,512002,0,512002,41185
v2,ea89b79a9dfd35df20fed759e6d15c60fe01e77c,direct,octree_leafcount,flyby,3,543,543,0.4548479915,0.1748480052,0.6306239963,0.638193,1,0,-1,41081,35946,17,17,9766,27.16853057,14.24364324,512002,0,512002,41081
v2,ea89b79a9dfd35df20fed759e6d15c60fe01e77c,direct,octree_leafcount,flyby,3,544,544,0.4229120016,0.1735360026,0.5974079967,0.604546,1,0,-1,40953,35834,17,17,9567,26.69810794,14.28816208,512002,0,512002,40953
v2,ea89b79a9dfd35df20fed759e6d15c60fe01e77c,direct,octree_leafcount,flyby,3,545,545,0.4624960124,0.1707520038,0.6341760159,0.641193,1,0,-1,41033,35904,17,17,9603,26.74632353,14.26030526,512002,0,512002,41033
v2,ea89b79a9dfd35df20fed759e6d15c60fe01e77c,direct,octree_leafcount,flyby,3,546,546,0.4327040017,0.1728319973,0.6064959764,0.61392,1,0,-1,40969,35848,17,17,9519,26.55378264,14.28258201,512002,0,512002,40969
v2,ea89b79a9dfd35df20fed759e6d15c60fe01e77c,direct,octree_leafcount,flyby,3,547,547,0.4232960045,0.1702080071,0.5944319963,0.600697,1,0,-1,40977,35855,17,17,9556,26.65179194,14.27979361,512002,0,512002,40977
v2,ea89b79a9dfd35df20fed759e6d15c60fe01e77c,direct,octree_leafcount,flyby,3,548,548,0.4677119851,0.1730879992,0.6417919993,0.649413,1,0,-1,40657,35575,17,17,9572,26.90653549,14.39218552,512002,0,512002,40657
v2,ea89b79a9dfd35df20fed759e6d15c60fe01e77c,direct,octree_leafcount,flyby,3,549,549,0.4228479862,0.171103999,0.5949119925,0.602292,1,0,-1,40585,35512,17,17,9497,26.74307276,14.41771795,512002,0,512002,40585
v2,ea89b79a9dfd35df20fed759e6d15c60fe01e77c,direct,octree_leafcount,flyby,3,550,550,0.4283519983,0.1720959991,0.6013759971,0.608503,1,0,-1,40633,35554,17,17,9618,27.05180852,14.40068628,512002,0,512002,40633
v2,ea89b79a9dfd35df20fed759e6d15c60fe01e77c,direct,octree_leafcount,flyby,3,551,551,0.4560000002,0.1699520051,0.6269119978,0.634671,1,0,-1,40833,35729,17,17,9534,26.68420611,14.33015198,512002,0,512002,40833
v2,ea89b79a9dfd35df20fed759e6d15c60fe01e77c,direct,octree_leafcount,flyby,3,552,552,0.4000959992,0.1750079989,0.5760319829,0.58351,1,0,-1,40777,35680,17,17,9467,26.53307175,14.34983184,512002,0,512002,40777
v2,ea89b79a9dfd35df20fed759e6d15c60fe01e77c,direct,octree_leafcount,flyby,3,553,553,0.4302720129,0.1717759967,0.6029760242,0.610085,1,0,-1,40657,35575,17,17,9520,26.76036543,14.39218552,512002,0,512002,40657
v2,ea89b79a9dfd35df20fed759e6d15c60fe01e77c,direct,octree_leafcount,flyby,3,554,554,0.4584960043,0.1752000004,0.6346240044,0.641915,1,0,-1,40593,35519,17,17,9403,26.47315521,14.41487654,512002,0,512002,40593
v2,ea89b79a9dfd35df20fed759e6d15c60fe01e77c,direct,octree_leafcount,flyby,3,555,555,0.4326080084,0.1712960005,0.6048640013,0.612083,1,0,-1,40833,35729,17,17,9634,26.96409079,14.33015198,512002,0,512002,40833
v2,ea89b79a9dfd35df20fed759e6d15c60fe01e77c,direct,octree_leafcount,flyby,3,556,556,0.3918080032,0.170975998,0.5637440085,0.571143,1,0,-1,40657,35575,17,17,9472,26.62543921,14.39218552,512002,0,512002,40657
v2,ea89b79a9dfd35df20fed759e6d15c60fe01e77c,direct,octree_leafcount,flyby,3,557,557,0.4636799991,0.1740799993,0.6387199759,0.646507,1,0,-1,40929,35813,17,17,9474,26.45408092,14.29654036,512002,0,512002,40929
v2,ea89b79a9dfd35df20fed759e6d15c60fe01e77c,direct,octree_leafcount,flyby,3,558,558,0.4292159975,0.1736959964,0.6038399935,0.612104,1,0,-1,41041,35911,17,17,9614,26.77174125,14.25752555,512002,0,512002,41041
v2,ea89b79a9dfd35df20fed759e6d15c60fe01e77c,direct,octree_leafcount,flyby,3,559,559,0.3951359987,0.1718720049,0.5679360032,0.575613,1,0,-1,40689,35603,17,17,9516,26.72808471,14.38086678,512002,0,512002,40689
v2,ea89b79a9dfd35df20fed759e6d15c60fe01e77c,direct,octree_leafcount,flyby,3,560,560,0.4670400023,0.1712000072,0.6391999722,0.64683,1,0,-1,40961,35841,17,17,9704,27.07513741,14.2853715,512002,0,512002,40961
v2,ea89b79a9dfd35df20fed759e6d15c60fe01e77c,direct,octree_leafcount,flyby,3,561,561,0.4235840142,0.1741439998,0.598623991,0.606397,1,0,-1,40833,35729,17,17,9591,26.84374038,14.33015198,512002,0,512002,40833
v2,ea89b79a9dfd35df20fed759e6d15c60fe01e77c,direct,octree_leafcount,flyby,3,562,562,0.4582079947,0.1730560064,0.6321920156,0.640088,1,0,-1,41313,36149,17,17,9680,26.77805748,14.16365598,512002,0,512002,41313
v2,ea89b79a9dfd35df20fed759e6d15c60fe01e77c,direct,octree_leafcount,flyby,3,563,563,0.4247039855,0.1708800048,0.5965440273,0.603618,1,0,-1,40993,35869,17,17,9637,26.86721124,14.27422008,512002,0,512002,40993
v2,ea89b79a9dfd35df20fed759e6d15c60fe01e77c,direct,octree_leafcount,flyby,3,564,564,0.4212799966,0.1718399972,0.5940799713,0.601462,1,0,-1,40793,35694,17,17,9556,26.7720065,14.34420351,512002,0,512002,40793
v2,ea89b79a9dfd35df20fed759e6d15c60fe01e77c,direct,octree_leafcount,flyby,3,565,565,0.4530879855,0.171103999,0.6251199841,0.632388,1,0,-1,41049,35918,17,17,9594,26.71084136,14.25474692,512002,0,512002,41049
v2,ea89b79a9dfd35df20fed759e6d15c60fe01e77c,direct,octree_leafcount,flyby,3,566,566,0.4232639968,0.1722559929,0.5964480042,0.603323,1,0,-1,40593,35519,17,17,9421,26.52383232,14.41487654,512002,0,512002,40593
v2,ea89b79a9dfd35df20fed759e6d15c60fe01e77c,direct,octree_leafcount,flyby,3,567,567,0.4264639914,0.1750400066,0.6024320126,0.60958,1,0,-1,40889,35778,17,17,9515,26.59455531,14.31052602,512002,0,512002,40889
v2,ea89b79a9dfd35df20fed759e6d15c60fe01e77c,direct,octree_leafcount,flyby,3,568,568,0.4612480104,0.1729920059,0.635168016,0.642709,1,0,-1,40825,35722,17,17,9539,26.70343206,14.33296008,512002,0,512002,40825
v2,ea89b79a9dfd35df20fed759e6d15c60fe01e77c,direct,octree_leafcount,flyby,3,569,569,0.3875199854,0.1729280055,0.5613759756,0.568159,1,0,-1,40633,35554,17,17,9401,26.44146931,14.40068628,512002,0,512002,40633
v2,ea89b79a9dfd35df20fed759e6d15c60fe01e77c,direct,octree_leafcount,flyby,3,570,570,0.4280000031,0.1702399999,0.5991359949,0.606128,1,0,-1,40889,35778,17,17,9612,26.86567164,14.31052602,512002,0,512002,40889
v2,ea89b79a9dfd35df20fed759e6d15c60fe01e77c,direct,octree_leafcount,flyby,3,571,571,0.4643520117,0.1696960032,0.6350079775,0.642128,1,0,-1,41105,35967,17,17,9613,26.72727778,14.23532683,512002,0,512002,41105
v2,ea89b79a9dfd35df20fed759e6d15c60fe01e77c,direct,octree_leafcount,flyby,3,572,572,0.4288319945,0.1697919965,0.5995519757,0.605912,1,0,-1,41121,35981,17,17,9502,26.4083822,14.22978794,512002,0,512002,41121
v2,ea89b79a9dfd35df20fed759e6d15c60fe01e77c,direct,octree_leafcount,flyby,3,573,573,0.3907519877,0.1689279974,0.5605760217,0.567855,1,0,-1,41025,35897,17,17,9455,26.33924841,14.26308605,512002,0,512002,41025
v2,ea89b79a9dfd35df20fed759e6d15c60fe01e77c,direct,octree_leafcount,flyby,3,574,574,0.4551039934,0.1748480052,0.6309120059,0.638161,1,0,-1,41041,35911,17,17,9391,26.15076161,14.25752555,512002,0,512002,41041
v2,ea89b79a9dfd35df20fed759e6d15c60fe01e77c,direct,octree_leafcount,flyby,3,575,575,0.4266560078,0.1738879979,0.6014720201,0.609121,1,0,-1,41257,36100,17,17,9682,26.8199446,14.18288089,512002,0,512002,41257
v2,ea89b79a9dfd35df20fed759e6d15c60fe01e77c,direct,octree_leafcount,flyby,3,576,576,0.3933440149,0.1729599983,0.5672320127,0.574865,1,0,-1,41025,35897,17,17,9494,26.44789258,14.26308605,512002,0,512002,41025
v2,ea89b79a9dfd35df20fed759e6d15c60fe01e77c,direct,octree_leafcount,flyby,3,577,577,0.458656013,0.1770240068,0.6366400123,0.644163,1,0,-1,41233,36079,17,17,9500,26.33110674,14.19113612,512002,0,512002,41233
v2,ea89b79a9dfd35df20fed759e6d15c60fe01e77c,direct,octree_leafcount,flyby,3,578,578,0.4328640103,0.173984006,0.6077439785,0.61576,1,0,-1,41129,35988,17,17,9552,26.54218073,14.22702012,512002,0,512002,41129
v2,ea89b79a9dfd35df20fed759e6d15c60fe01e77c,direct,octree_leafcount,flyby,3,579,579,0.3937920034,0.1740159988,0.5687360168,0.576708,1,0,-1,40617,35540,17,17,9393,26.42937535,14.40635903,512002,0,512002,40617
v2,ea89b79a9dfd35df20fed759e6d15c60fe01e77c,direct,octree_leafcount,flyby,3,580,580,0.4638080001,0.1738239974,0.6385599971,0.64702,1,0,-1,40777,35680,17,17,9573,26.83015695,14.34983184,512002,0,512002,40777
v2,ea89b79a9dfd35df20fed759e6d15c60fe01e77c,direct,octree_leafcount,flyby,3,581,581,0.4235199988,0.1719360054,0.5963839889,0.603643,1,0,-1,40761,35666,17,17,9524,26.70330287,14.35546459,512002,0,512002,40761
v2,ea89b79a9dfd35df20fed759e6d15c60fe01e77c,direct,octree_leafcount,flyby,3,582,582,0.4271039963,0.167840004,0.595871985,0.60192,1,0,-1,41153,36009,17,17,9563,26.55724958,14.2187231,512002,0,512002,41153
v2,ea89b79a9dfd35df20fed759e6d15c60fe01e77c,direct,octree_leafcount,flyby,3,583,583,0.4295360148,0.173984006,0.6044480205,0.611869,1,0,-1,40905,35792,17,17,9553,26.69032186,14.30492848,512002,0,512002,40905
v2,ea89b79a9dfd35df20fed759e6d15c60fe01e77c,direct,octree_leafcount,flyby,3,584,584,0.4281280041,0.1725759953,0.6016640067,0.608992,1,0,-1,40825,35722,17,17,9545,26.72022843,14.33296008,512002,0,512002,40825
v2,ea89b79a9dfd35df20fed759e6d15c60fe01e77c,direct,octree_leafcount,flyby,3,585,585,0.4582720101,0.1733119935,0.6325439811,0.639543,1,0,-1,41001,35876,17,17,9672,26.95952726,14.27143494,512002,0,512002,41001
v2,ea89b79a9dfd35df20fed759e6d15c60fe01e77c,direct,octree_leafcount,flyby,3,586,586,0.388191998,0.1731200069,0.5623040199,0.568204,1,0,-1,40745,35652,17,17,9518,26.6969595,14.36110176,512002,0,512002,40745
v2,ea89b79a9dfd35df20fed759e6d15c60fe01e77c,direct,octree_leafcount,flyby,3,587,587,0.4302079976,0.1722559929,0.603392005,0.610163,1,0,-1,41073,35939,17,17,9620,26.7675784,14.24641754,512002,0,512002,41073
v2,ea89b79a9dfd35df20fed759e6d15c60fe01e77c,direct,octree_leafcount,flyby,3,588,588,0.4629119933,0.1742720008,0.6381440163,0.644923,1,0,-1,41201,36051,17,17,9633,26.72047932,14.20215805,512002,0,512002,41201
v2,ea89b79a9dfd35df20fed759e6d15c60fe01e77c,direct,octree_leafcount,flyby,3,589,589,0.3903039992,0.1730879992,0.5643200278,0.57134,1,0,-1,41105,35967,17,17,9521,26.47148775,14.23532683,512002,0,512002,41105
v2,ea89b79a9dfd35df20fed759e6d15c60fe01e77c,direct,octree_leafcount,flyby,3,590,590,0.4283519983,0.1741439998,0.6034560204,0.610175,1,0,-1,40809,35708,17,17,9648,27.01915537,14.33857959,512002,0,512002,40809
v2,ea89b79a9dfd35df20fed759e6d15c60fe01e77c,direct,octree_leafcount,flyby,3,591,591,0.4622400105,0.1723520011,0.6355199814,0.642644,1,0,-1,41001,35876,17,17,9552,26.62504181,14.27143494,512002,0,512002,41001
v2,ea89b79a9dfd35df20fed759e6d15c60fe01e77c,direct,octree_leafcount,flyby,3,592,592,0.4368639886,0.1739519984,0.6117759943,0.619199,1,0,-1,41145,36002,17,17,9666,26.84850842,14.2214877,512002,0,512002,41145
v2,ea89b79a9dfd35df20fed759e6d15c60fe01e77c,direct,octree_leafcount,flyby,3,593,593,0.4005439878,0.1700479984,0.5715199709,0.578773,1,0,-1,41041,35911,17,17,9634,26.82743449,14.25752555,512002,0,512002,41041
v2,ea89b79a9dfd35df20fed759e6d15c60fe01e77c,direct,octree_leafcount,flyby,3,594,594,0.4539520144,0.1772799939,0.6321280003,0.639429,1,0,-1,40953,35834,17,17,9575,26.72043311,14.28816208,512002,0,512002,40953
v2,ea89b79a9dfd35df20fed759e6d15c60fe01e77c,direct,octree_leafcount,flyby,3,595,595,0.4262399971,0.1679359972,0.5950719714,0.602187,1,0,-1,40857,35750,17,17,9619,26.90629371,14.32173427,512002,0,512002,40857
v2,ea89b79a9dfd35df20fed759e6d15c60fe01e77c,direct,octree_leafcount,flyby,3,596,596,0.3937599957,0.1759359986,0.5706239939,0.578289,1,0,-1,40913,35799,17,17,9438,26.36386491,14.30213134,512002,0,512002,40913
v2,ea89b79a9dfd35df20fed759e6d15c60fe01e77c,direct,octree_leafcount,flyby,3,597,597,0.4611519873,0.1701440066,0.6322559714,0.639197,1,0,-1,41137,35995,17,17,9608,26.69259619,14.22425337,512002,0,512002,41137
v2,ea89b79a9dfd35df20fed759e6d15c60fe01e77c,direct,octree_leafcount,flyby,3,598,598,0.4184960127,0.1720959991,0.5915200114,0.5984,1,0,-1,40817,35715,17,17,9495,26.58546829,14.33576928,512002,0,512002,40817
v2,ea89b79a9dfd35df20fed759e6d15c60fe01e77c,direct,octree_leafcount,flyby,3,599,599,0.4251840115,0.1753920019,0.6015040278,0.60839,1,0,-1,40753,35659,17,17,9323,26.14487226,14.35828262,512002,0,512002,40753
v2,ea89b79a9dfd35df20fed759e6d15c60fe01e77c,direct,octree_leafcount,flyby,3,600,600,0.4673919976,0.1710399985,0.6393600106,0.646525,1,0,-1,40713,35624,17,17,9488,26.63373007,14.3723894,512002,0,512002,40713
v2,ea89b79a9dfd35df20fed759e6d15c60fe01e77c,direct,octree_leafcount,flyby,3,601,601,0.4270400107,0.172736004,0.6007040143,0.607535,1,0,-1,40697,35610,17,17,9398,26.39146307,14.37803988,512002,0,512002,40697
v2,ea89b79a9dfd35df20fed759e6d15c60fe01e77c,direct,octree_leafcount,flyby,3,602,602,0.464064002,0.1720319986,0.6370239854,0.644202,1,0,-1,40849,35743,17,17,9420,26.35481073,14.32453907,512002,0,512002,40849
v2,ea89b79a9dfd35df20fed759e6d15c60fe01e77c,direct,octree_leafcount,flyby,3,603,603,0.434175998,0.174112007,0.6092479825,0.616748,1,0,-1,41089,35953,17,17,9619,26.75437377,14.24087002,512002,0,512002,41089
v2,ea89b79a9dfd35df20fed759e6d15c60fe01e77c,direct,octree_leafcount,flyby,3,604,604,0.4260160029,0.1752319932,0.6021760106,0.609752,1,0,-1,41057,35925,17,17,9518,26.4940849,14.25196938,512002,0,512002,41057
v2,ea89b79a9dfd35df20fed759e6d15c60fe01e77c,direct,octree_leafcount,flyby,3,605,605,0.4591999948,0.1730239987,0.6331520081,0.640862,1,0,-1,41257,36100,17,17,9680,26.81440443,14.18288089,512002,0,512002,41257
v2,ea89b79a9dfd35df20fed759e6d15c60fe01e77c,direct,octree_leafcount,flyby,3,606,606,0.4295040071,0.1760639995,0.6064640284,0.614858,1,0,-1,41337,36170,17,17,9558,26.42521427,14.15543268,512002,0,512002,41337
v2,ea89b79a9dfd35df20fed759e6d15c60fe01e77c,direct,octree_leafcount,flyby,3,607,607,0.4273599982,0.175999999,0.6043199897,0.612225,1,0,-1,41393,36219,17,17,9578,26.44468373,14.13628206,512002,0,512002,41393
v2,ea89b79a9dfd35df20fed759e6d15c60fe01e77c,direct,octree_leafcount,flyby,3,608,608,0.4541119933,0.1708479971,0.62588799,0.632964,1,0,-1,41329,36163,17,17,9629,26.62666261,14.15817272,512002,0,512002,41329
v2,ea89b79a9dfd35df20fed759e6d15c60fe01e77c,direct,octree_leafcount,flyby,3,609,609,0.3884159923,0.1707199961,0.5600320101,0.567393,1,0,-1,40921,35806,17,17,9388,26.21906943,14.29933531,512002,0,512002,40921
v2,ea89b79a9dfd35df20fed759e6d15c60fe01e77c,direct,octree_leafcount,flyby,3,610,610,0.4334720075,0.1706880033,0.6051520109,0.612477,1,0,-1,41201,36051,17,17,9672,26.8286594,14.20215805,512002,0,512002,41201
v2,ea89b79a9dfd35df20fed759e6d15c60fe01e77c,direct,octree_leafcount,flyby,3,611,611,0.451391995,0.1741439998,0.6264640093,0.632712,1,0,-1,41265,36107,17,17,9636,26.68734594,14.18013128,512002,0,512002,41265
v2,ea89b79a9dfd35df20fed759e6d15c60fe01e77c,direct,octree_leafcount,flyby,3,612,612,0.3922879994,0.1688639969,0.5620800257,0.569741,1,0,-1,41225,36072,17,17,9476,26.26968286,14.19389,512002,0,512002,41225
v2,ea89b79a9dfd35df20fed759e6d15c60fe01e77c,direct,octree_leafcount,flyby,3,613,613,0.4265919924,0.1746879965,0.6022080183,0.610301,1,0,-1,41169,36023,17,17,9616,26.69405657,14.21319712,512002,0,512002,41169
v2,ea89b79a9dfd35df20fed759e6d15c60fe01e77c,direct,octree_leafcount,flyby,3,614,614,0.4591360092,0.1710399985,0.6311360002,0.638592,1,0,-1,40985,35862,17,17,9534,26.58524343,14.2770063,512002,0,512002,40985
v2,ea89b79a9dfd35df20fed759e6d15c60fe01e77c,direct,octree_leafcount,flyby,3,615,615,0.4296320081,0.1710080057,0.6015999913,0.608786,1,0,-1,41137,35995,17,17,9672,26.87039867,14.22425337,512002,0,512002,41137
v2,ea89b79a9dfd35df20fed759e6d15c60fe01e77c,direct,octree_leafcount,flyby,3,616,616,0.3907839954,0.1742399931,0.5659840107,0.573019,1,0,-1,41249,36093,17,17,9633,26.68938575,14.18563156,512002,0,512002,41249
v2,ea89b79a9dfd35df20fed759e6d15c60fe01e77c,direct,octree_leafcount,flyby,3,617,617,0.4518080056,0.176384002,0.629152,0.635671,1,0,-1,41361,36191,17,17,9604,26.53698433,14.14721892,512002,0,512002,41361
v2,ea89b79a9dfd35df20fed759e6d15c60fe01e77c,direct,octree_leafcount,flyby,3,618,618,0.4215680063,0.1753599942,0.5978559852,0.605184,1,0,-1,41225,36072,17,17,9642,26.72987359,14.19389,512002,0,512002,41225
v2,ea89b79a9dfd35df20fed759e6d15c60fe01e77c,direct,octree_leafcount,flyby,3,619,619,0.4320639968,0.1741759926,0.6072000265,0.614279,1,0,-1,40969,35848,17,17,9566,26.68489177,14.28258201,512002,0,512002,40969
v2,ea89b79a9dfd35df20fed759e6d15c60fe01e77c,direct,octree_leafcount,flyby,3,620,620,0.4620800018,0.1721599996,0.635168016,0.641968,1,0,-1,41001,35876,17,17,9591,26.73374958,14.27143494,512002,0,512002,41001
v2,ea89b79a9dfd35df20fed759e6d15c60fe01e77c,direct,octree_leafcount,flyby,3,621,621,0.430783987,0.1741759926,0.6058880091,0.612979,1,0,-1,41137,35995,17,17,9556,26.54813168,14.22425337,512002,0,512002,41137
v2,ea89b79a9dfd35df20fed759e6d15c60fe01e77c,direct,octree_leafcount,flyby,3,622,622,0.3933440149,0.1731200069,0.5673599839,0.574765,1,0,-1,40985,35862,17,17,9458,26.37331995,14.2770063,512002,0,512002,40985
v2,ea89b79a9dfd35df20fed759e6d15c60fe01e77c,direct,octree_leafcount,flyby,3,623,623,0.4648320079,0.1708800048,0.6366400123,0.643742,1,0,-1,41153,36009,17,17,9636,26.75997667,14.2187231,512002,0,512002,41153
v2,ea89b79a9dfd35df20fed759e6d15c60fe01e77c,direct,octree_leafcount,flyby,3,624,624,0.4298560023,0.1733119935,0.6040639877,0.611186,1,0,-1,40689,35603,17,17,9403,26.41069573,14.38086678,512002,0,512002,40689
v2,ea89b79a9dfd35df20fed759e6d15c60fe01e77c,direct,octree_leafcount,flyby,3,625,625,0.4630720019,0.1732160002,0.6372159719,0.644491,1,0,-1,41009,35883,17,17,9428,26.2742803,14.26865089,512002,0,512002,41009
v2,ea89b79a9dfd35df20fed759e6d15c60fe01e77c,direct,octree_leafcount,flyby,3,626,626,0.4224640131,0.1772480011,0.6006399989,0.607965,1,0,-1,41057,35925,17,17,9476,26.37717467,14.25196938,512002,0,512002,41057
v2,ea89b79a9dfd35df20fed759e6d15c60fe01e77c,direct,octree_leafcount,flyby,3,627,627,0.4259519875,0.1701119989,0.5969920158,0.603665,1,0,-1,40737,35645,17,17,9331,26.17758451,14.36392201,512002,0,512002,40737
v2,ea89b79a9dfd35df20fed759e6d15c60fe01e77c,direct,octree_leafcount,flyby,3,628,628,0.458047986,0.1721920073,0.6311360002,0.6379,1,0,-1,40873,35764,17,17,9514,26.60216978,14.31612795,512002,0,512002,40873
v2,ea89b79a9dfd35df20fed759e6d15c60fe01e77c,direct,octree_leafcount,flyby,3,629,629,0.4018239975,0.1711679995,0.5738880038,0.581706,1,0,-1,40841,35736,17,17,9394,26.28721737,14.32734497,512002,0,512002,40841
v2,ea89b79a9dfd35df20fed759e6d15c60fe01e77c,direct,octree_leafcount,flyby,3,630,630,0.4242880046,0.1759359986,0.6011520028,0.608608,1,0,-1,41129,35988,17,17,9482,26.34767145,14.22702012,512002,0,512002,41129
v2,ea89b79a9dfd35df20fed759e6d15c60fe01e77c,direct,octree_leafcount,flyby,3,631,631,0.4595200121,0.1728000045,0.6332799792,0.640027,1,0,-1,41177,36030,17,17,9589,26.61393283,14.21043575,512002,0,512002,41177
v2,ea89b79a9dfd35df20fed759e6d15c60fe01e77c,direct,octree_leafcount,flyby,3,632,632,0.3896000087,0.1751359999,0.5656639934,0.573022,1,0,-1,41001,35876,17,17,9297,25.91426023,14.27143494,512002,0,512002,41001
v2,ea89b79a9dfd35df20fed759e6d15c60fe01e77c,direct,octree_leafcount,flyby,3,633,633,0.4333440065,0.1720319986,0.6063359976,0.613408,1,0,-1,40897,35785,17,17,9576,26.75981557,14.3077267,512002,0,512002,40897
v2,ea89b79a9dfd35df20fed759e6d15c60fe01e77c,direct,octree_leafcount,flyby,3,634,634,0.4581440091,0.1709119976,0.6299840212,0.637303,1,0,-1,41009,35883,17,17,9404,26.20739626,14.26865089,512002,0,512002,41009
v2,ea89b79a9dfd35df20fed759e6d15c60fe01e77c,direct,octree_leafcount,flyby,3,635,635,0.3989120126,0.1677760035,0.5721279979,0.579014,1,0,-1,41345,36177,17,17,9480,26.20449457,14.1526937,512002,0,512002,41345
v2,ea89b79a9dfd35df20fed759e6d15c60fe01e77c,direct,octree_leafcount,flyby,3,636,636,0.4295679927,0.1720000058,0.6024960279,0.609284,1,0,-1,40721,35631,17,17,9437,26.48536387,14.36956583,512002,0,512002,40721
v2,ea89b79a9dfd35df20fed759e6d15c60fe01e77c,direct,octree_leafcount,flyby,3,637,637,0.4511039853,0.1760960072,0.6281599998,0.634183,1,0,-1,40801,35701,17,17,9367,26.2373603,14.341391,512002,0,512002,40801
v2,ea89b79a9dfd35df20fed759e6d15c60fe01e77c,direct,octree_leafcount,flyby,3,638,638,0.4286719859,0.1700160056,0.5996479988,0.606665,1,0,-1,40913,35799,17,17,9439,26.36665829,14.30213134,512002,0,512002,40913
v2,ea89b79a9dfd35df20fed759e6d15c60fe01e77c,direct,octree_leafcount,flyby,3,639,639,0.3865279853,0.1723199934,0.5597440004,0.565841,1,0,-1,40721,35631,17,17,9299,26.09806068,14.36956583,512002,0,512002,40721
v2,ea89b79a9dfd35df20fed759e6d15c60fe01e77c,direct,octree_leafcount,flyby,3,640,640,0.4481599927,0.1698240042,0.6188799739,0.624402,1,0,-1,40633,35554,17,17,9255,26.03082635,14.40068628,512002,0,512002,40633
v2,ea89b79a9dfd35df20fed759e6d15c60fe01e77c,direct,octree_leafcount,flyby,3,641,641,0.4270719886,0.170975998,0.598976016,0.60585,1,0,-1,40801,35701,17,17,9485,26.56788325,14.341391,512002,0,512002,40801
v2,ea89b79a9dfd35df20fed759e6d15c60fe01e77c,direct,octree_leafcount,flyby,3,642,642,0.3884159923,0.1731519997,0.5625280142,0.568633,1,0,-1,40617,35540,17,17,9277,26.10298255,14.40635903,512002,0,512002,40617
v2,ea89b79a9dfd35df20fed759e6d15c60fe01e77c,direct,octree_leafcount,flyby,3,643,643,0.4565120041,0.1688639969,0.6263359785,0.634139,1,0,-1,40993,35869,17,17,9490,26.4573866,14.27422008,512002,0,512002,40993
v2,ea89b79a9dfd35df20fed759e6d15c60fe01e77c,direct,octree_leafcount,flyby,3,644,644,0.4226559997,0.1701119989,0.5936959982,0.59984,1,0,-1,40897,35785,17,17,9546,26.67598156,14.3077267,512002,0,512002,40897
v2,ea89b79a9dfd35df20fed759e6d15c60fe01e77c,direct,octree_leafcount,flyby,3,645,645,0.4272960126,0.174112007,0.6023039818,0.609198,1,0,-1,40729,35638,17,17,9337,26.19956226,14.36674336,512002,0,512002,40729
v2,ea89b79a9dfd35df20fed759e6d15c60fe01e77c,direct,octree_leafcount,flyby,3,646,646,0.4539520144,0.1712000072,0.6260799766,0.633009,1,0,-1,41105,35967,17,17,9661,26.86073345,14.23532683,512002,0,512002,41105
v2,ea89b79a9dfd35df20fed759e6d15c60fe01e77c,direct,octree_leafcount,flyby,3,647,647,0.4216960073,0.1691199988,0.5917760134,0.598722,1,0,-1,40881,35771,17,17,9458,26.44041262,14.31332644,512002,0,512002,40881
v2,ea89b79a9dfd35df20fed759e6d15c60fe01e77c,direct,octree_leafcount,flyby,3,648,648,0.4286080003,0.1698240042,0.5993919969,0.606364,1,0,-1,41129,35988,17,17,9460,26.28653996,14.22702012,512002,0,512002,41129
v2,ea89b79a9dfd35df20fed759e6d15c60fe01e77c,direct,octree_leafcount,flyby,3,649,649,0.4305280149,0.1719039977,0.6033599973,0.610567,1,0,-1,41217,36065,17,17,9535,26.43837516,14.19664495,512002,0,512002,41217
v2,ea89b79a9dfd35df20fed759e6d15c60fe01e77c,direct,octree_leafcount,flyby,3,650,650,0.4254719913,0.1751679927,0.6015999913,0.608844,1,0,-1,40913,35799,17,17,9562,26.7102433,14.30213134,512002,0,512002,40913
v2,ea89b79a9dfd35df20fed759e6d15c60fe01e77c,direct,octree_leafcount,flyby,3,651,651,0.4621120095,0.1740159988,0.6370559931,0.643856,1,0,-1,41145,36002,17,17,9595,26.65129715,14.2214877,512002,0,512002,41145
v2,ea89b79a9dfd35df20fed759e6d15c60fe01e77c,direct,octree_leafcount,flyby,3,652,652,0.4261119962,0.1699520051,0.5970240235,0.604499,1,0,-1,41233,36079,17,17,9525,26.40039912,14.19113612,512002,0,512002,41233
v2,ea89b79a9dfd35df20fed759e6d15c60fe01e77c,direct,octree_leafcount,flyby,3,653,653,0.4225279987,0.1710080057,0.594464004,0.601507,1,0,-1,41361,36191,17,17,9539,26.35738167,14.14721892,512002,0,512002,41361
v2,ea89b79a9dfd35df20fed759e6d15c60fe01e77c,direct,octree_leafcount,flyby,3,654,654,0.4563519955,0.1690559983,0.6263359785,0.63316,1,0,-1,41033,35904,17,17,9560,26.62655971,14.26030526,512002,0,512002,41033
v2,ea89b79a9dfd35df20fed759e6d15c60fe01e77c,direct,octree_leafcount,flyby,3,655,655,0.3915840089,0.1710720062,0.5635840297,0.571443,1,0,-1,40849,35743,17,17,9439,26.40796799,14.32453907,512002,0,512002,40849
v2,ea89b79a9dfd35df20fed759e6d15c60fe01e77c,direct,octree_leafcount,flyby,3,656,656,0.4310080111,0.1709440053,0.6029120088,0.60994,1,0,-1,41153,36009,17,17,9579,26.60168291,14.2187231,512002,0,512002,41153
v2,ea89b79a9dfd35df20fed759e6d15c60fe01e77c,direct,octree_leafcount,flyby,3,657,657,0.4541119933,0.1741759926,0.6291840076,0.636177,1,0,-1,41353,36184,17,17,9429,26.05847889,14.14995578,512002,0,512002,41353
v2,ea89b79a9dfd35df20fed759e6d15c60fe01e77c,direct,octree_leafcount,flyby,3,658,658,0.3943679929,0.1750719994,0.5703999996,0.577755,1,0,-1,40937,35820,17,17,9251,25.82635399,14.29374651,512002,0,512002,40937
v2,ea89b79a9dfd35df20fed759e6d15c60fe01e77c,direct,octree_leafcount,flyby,3,659,659,0.4205119908,0.1697600037,0.5912320018,0.598099,1,0,-1,40953,35834,17,17,9435,26.3297427,14.28816208,512002,0,512002,40953
v2,ea89b79a9dfd35df20fed759e6d15c60fe01e77c,direct,octree_leafcount,flyby,3,660,660,0.4610880017,0.1730560064,0.6350719929,0.642257,1,0,-1,40825,35722,17,17,9344,26.15754997,14.33296008,512002,0,512002,40825
v2,ea89b79a9dfd35df20fed759e6d15c60fe01e77c,direct,octree_leafcount,flyby,3,661,661,0.4162879884,0.1722559929,0.5894399881,0.595084,1,0,-1,40977,35855,17,17,9401,26.21949519,14.27979361,512002,0,512002,40977
v2,ea89b79a9dfd35df20fed759e6d15c60fe01e77c,direct,octree_leafcount,flyby,3,662,662,0.3967039883,0.1726399958,0.5702720284,0.577636,1,0,-1,40609,35533,17,17,9406,26.47116765,14.40919708,512002,0,512002,40609
v2,ea89b79a9dfd35df20fed759e6d15c60fe01e77c,direct,octree_leafcount,flyby,3,663,663,0.4560320079,0.1729280055,0.6298879981,0.637479,1,0,-1,40921,35806,17,17,9316,26.01798581,14.29933531,512002,0,512002,40921
v2,ea89b79a9dfd35df20fed759e6d15c60fe01e77c,direct,octree_leafcount,flyby,3,664,664,0.4288640022,0.1760639995,0.6058560014,0.613407,1,0,-1,40761,35666,17,17,9364,26.25469635,14.35546459,512002,0,512002,40761
v2,ea89b79a9dfd35df20fed759e6d15c60fe01e77c,direct,octree_leafcount,flyby,3,665,665,0.3987199962,0.1708479971,0.5705279708,0.577752,1,0,-1,40777,35680,17,17,9240,25.89686099,14.34983184,512002,0,512002,40777
v2,ea89b79a9dfd35df20fed759e6d15c60fe01e77c,direct,octree_leafcount,flyby,3,666,666,0.4649600089,0.1738879979,0.6398079991,0.646888,1,0,-1,41033,35904,17,17,9258,25.78542781,14.26030526,512002,0,512002,41033
v2,ea89b79a9dfd35df20fed759e6d15c60fe01e77c,direct,octree_leafcount,flyby,3,667,667,0.4306240082,0.1679680049,0.5994880199,0.606547,1,0,-1,40745,35652,17,17,9339,26.19488388,14.36110176,512002,0,512002,40745
v2,ea89b79a9dfd35df20fed759e6d15c60fe01e77c,direct,octree_leafcount,flyby,3,668,668,0.3968000114,0.1728000045,0.5705279708,0.577824,1,0,-1,40849,35743,17,17,9384,26.25409171,14.32453907,512002,0,512002,40849
v2,ea89b79a9dfd35df20fed759e6d15c60fe01e77c,direct,octree_leafcount,flyby,3,669,669,0.457408011,0.1721920073,0.6305279732,0.636404,1,0,-1,41265,36107,17,17,9497,26.30237904,14.18013128,512002,0,512002,41265
v2,ea89b79a9dfd35df20fed759e6d15c60fe01e77c,direct,octree_leafcount,flyby,3,670,670,0.4203839898,0.1719039977,0.5931839943,0.60005,1,0,-1,41281,36121,17,17,9483,26.25342598,14.17463525,512002,0,512002,41281
v2,ea89b79a9dfd35df20fed759e6d15c60fe01e77c,direct,octree_leafcount,flyby,3,671,671,0.4340159893,0.1731200069,0.6080319881,0.615062,1,0,-1,41033,35904,17,17,9335,25.99988859,14.26030526,512002,0,512002,41033
v2,ea89b79a9dfd35df20fed759e6d15c60fe01e77c,direct,octree_leafcount,flyby,3,672,672,0.4595200121,0.1718399972,0.6323199868,0.639795,1,0,-1,40929,35813,17,17,9384,26.20277553,14.29654036,512002,0,512002,40929
v2,ea89b79a9dfd35df20fed759e6d15c60fe01e77c,direct,octree_leafcount,flyby,3,673,673,0.4246720076,0.1730560064,0.5986559987,0.606082,1,0,-1,41009,35883,17,17,9442,26.31329599,14.26865089,512002,0,512002,41009
v2,ea89b79a9dfd35df20fed759e6d15c60fe01e77c,direct,octree_leafcount,flyby,3,674,674,0.4681600034,0.1728319973,0.6419519782,0.649306,1,0,-1,41201,36051,17,17,9452,26.2184128,14.20215805,512002,0,512002,41201
v2,ea89b79a9dfd35df20fed759e6d15c60fe01e77c,direct,octree_leafcount,flyby,3,675,675,0.4261760116,0.1751359999,0.602240026,0.609811,1,0,-1,41097,35960,17,17,9424,26.20689655,14.23809789,512002,0,512002,41097
v2,ea89b79a9dfd35df20fed759e6d15c60fe01e77c,direct,octree_leafcount,flyby,3,676,676,0.4327360094,0.1732160002,0.6068800092,0.614434,1,0,-1,40761,35666,17,17,9345,26.20142433,14.35546459,512002,0,512002,40761
v2,ea89b79a9dfd35df20fed759e6d15c60fe01e77c,direct,octree_leafcount,flyby,3,677,677,0.4633600116,0.170975998,0.6352959871,0.642677,1,0,-1,40873,35764,17,17,9493,26.54345152,14.31612795,512002,0,512002,40873
v2,ea89b79a9dfd35df20fed759e6d15c60fe01e77c,direct,octree_leafcount,flyby,3,678,678,0.425632,0.1729920059,0.5995519757,0.607542,1,0,-1,40793,35694,17,17,9334,26.15005323,14.34420351,512002,0,512002,40793
v2,ea89b79a9dfd35df20fed759e6d15c60fe01e77c,direct,octree_leafcount,flyby,3,679,679,0.4249919951,0.1767999977,0.6027200222,0.609222,1,0,-1,40841,35736,17,17,9404,26.31520036,14.32734497,512002,0,512002,40841
v2,ea89b79a9dfd35df20fed759e6d15c60fe01e77c,direct,octree_leafcount,flyby,3,680,680,0.4531520009,0.1754239947,0.6295359731,0.636454,1,0,-1,40833,35729,17,17,9543,26.70939573,14.33015198,512002,0,512002,40833
v2,ea89b79a9dfd35df20fed759e6d15c60fe01e77c,direct,octree_leafcount,flyby,3,681,681,0.3965759873,0.1708479971,0.568351984,0.575656,1,0,-1,40953,35834,17,17,9381,26.17904783,14.28816208,512002,0,512002,40953
v2,ea89b79a9dfd35df20fed759e6d15c60fe01e77c,direct,octree_leafcount,flyby,3,682,682,0.4484480023,0.1750079989,0.624383986,0.631396,1,0,-1,41065,35932,17,17,9569,26.63085829,14.24919292,512002,0,512002,41065
v2,ea89b79a9dfd35df20fed759e6d15c60fe01e77c,direct,octree_leafcount,flyby,3,683,683,0.4619840086,0.1772159934,0.6401919723,0.646906,1,0,-1,41289,36128,17,17,9507,26.31476971,14.17188884,512002,0,512002,41289
v2,ea89b79a9dfd35df20fed759e6d15c60fe01e77c,direct,octree_leafcount,flyby,3,684,684,0.3891839981,0.1707520038,0.5608959794,0.567988,1,0,-1,40793,35694,17,17,9322,26.11643413,14.34420351,512002,0,512002,40793
v2,ea89b79a9dfd35df20fed759e6d15c60fe01e77c,direct,octree_leafcount,flyby,3,685,685,0.4242880046,0.1720000058,0.5972480178,0.604332,1,0,-1,41033,35904,17,17,9503,26.46780303,14.26030526,512002,0,512002,41033
v2,ea89b79a9dfd35df20fed759e6d15c60fe01e77c,direct,octree_leafcount,flyby,3,686,686,0.457408011,0.1697919965,0.6281279922,0.635662,1,0,-1,41265,36107,17,17,9403,26.04204171,14.18013128,512002,0,512002,41265
v2,ea89b79a9dfd35df20fed759e6d15c60fe01e77c,direct,octree_leafcount,flyby,3,687,687,0.3909119964,0.1708479971,0.562687993,0.570303,1,0,-1,41313,36149,17,17,9361,25.89559877,14.16365598,512002,0,512002,41313
v2,ea89b79a9dfd35df20fed759e6d15c60fe01e77c,direct,octree_leafcount,flyby,3,688,688,0.4278720021,0.1685120016,0.5973439813,0.604894,1,0,-1,40921,35806,17,17,9375,26.18276267,14.29933531,512002,0,512002,40921
v2,ea89b79a9dfd35df20fed759e6d15c60fe01e77c,direct,octree_leafcount,flyby,3,689,689,0.4612480104,0.1742720008,0.6364799738,0.643368,1,0,-1,40761,35666,17,17,9326,26.1481523,14.35546459,512002,0,512002,40761
v2,ea89b79a9dfd35df20fed759e6d15c60fe01e77c,direct,octree_leafcount,flyby,3,690,690,0.4310719967,0.1720959991,0.6040959954,0.611473,1,0,-1,41177,36030,17,17,9478,26.30585623,14.21043575,512002,0,512002,41177
v2,ea89b79a9dfd35df20fed759e6d15c60fe01e77c,direct,octree_leafcount,flyby,3,691,691,0.3914879858,0.1739519984,0.5663679838,0.573623,1,0,-1,41081,35946,17,17,9394,26.13364491,14.24364324,512002,0,512002,41081
v2,ea89b79a9dfd35df20fed759e6d15c60fe01e77c,direct,octree_leafcount,flyby,3,692,692,0.4676800072,0.1731200069,0.641727984,0.649384,1,0,-1,41217,36065,17,17,9286,25.74795508,14.19664495,512002,0,512002,41217
v2,ea89b79a9dfd35df20fed759e6d15c60fe01e77c,direct,octree_leafcount,flyby,3,693,693,0.4303359985,0.1721920073,0.6034560204,0.61062,1,0,-1,41137,35995,17,17,9489,26.36199472,14.22425337,512002,0,512002,41137
v2,ea89b79a9dfd35df20fed759e6d15c60fe01e77c,direct,octree_leafcount,flyby,3,694,694,0.3969599903,0.1679680049,0.5658239722,0.572756,1,0,-1,41001,35876,17,17,9297,25.91426023,14.27143494,512002,0,512002,41001
v2,ea89b79a9dfd35df20fed759e6d15c60fe01e77c,direct,octree_leafcount,flyby,3,695,695,0.4700480103,0.1707199961,0.641727984,0.648655,1,0,-1,41281,36121,17,17,9410,26.05132748,14.17463525,512002,0,512002,41281
v2,ea89b79a9dfd35df20fed759e6d15c60fe01e77c,direct,octree_leafcount,flyby,3,696,696,0.4350079894,0.1709119976,0.6068159938,0.614105,1,0,-1,40897,35785,17,17,9299,25.98574822,14.3077267,512002,0,512002,40897
v2,ea89b79a9dfd35df20fed759e6d15c60fe01e77c,direct,octree_leafcount,flyby,3,697,697,0.4249280095,0.1730560064,0.598879993,0.606988,1,0,-1,40745,35652,17,17,9109,25.54975878,14.36110176,512002,0,512002,40745
v2,ea89b79a9dfd35df20fed759e6d15c60fe01e77c,direct,octree_leafcount,flyby,3,698,698,0.4628480077,0.1720000058,0.6357759833,0.643088,1,0,-1,41001,35876,17,17,9342,26.03969227,14.27143494,512002,0,512002,41001
v2,ea89b79a9dfd35df20fed759e6d15c60fe01e77c,direct,octree_leafcount,flyby,3,699,699,0.4217920005,0.1696320027,0.5923839808,0.599642,1,0,-1,41185,36037,17,17,9384,26.03990343,14.20767544,512002,0,512002,41185
v2,ea89b79a9dfd35df20fed759e6d15c60fe01e77c,direct,octree_leafcount,flyby,3,700,700,0.4337599874,0.172864005,0.6075839996,0.615095,1,0,-1,40617,35540,17,17,9133,25.69780529,14.40635903,512002,0,512002,40617
v2,ea89b79a9dfd35df20fed759e6d15c60fe01e77c,direct,octree_leafcount,flyby,3,701,701,0.4563199878,0.1719679981,0.629248023,0.636012,1,0,-1,40705,35617,17,17,9389,26.36100738,14.37521408,512002,0,512002,40705
v2,ea89b79a9dfd35df20fed759e6d15c60fe01e77c,direct,octree_leafcount,flyby,3,702,702,0.4247039855,0.1710720062,0.5967040062,0.603801,1,0,-1,41001,35876,17,17,9325,25.99230683,14.27143494,512002,0,512002,41001
v2,ea89b79a9dfd35df20fed759e6d15c60fe01e77c,direct,octree_leafcount,flyby,3,703,703,0.455904007,0.1712000072,0.6280639768,0.635257,1,0,-1,41089,35953,17,17,9264,25.76697355,14.24087002,512002,0,512002,41089
v2,ea89b79a9dfd35df20fed759e6d15c60fe01e77c,direct,octree_leafcount,flyby,3,704,704,0.4259519875,0.1740159988,0.6008960009,0.607728,1,0,-1,41113,35974,17,17,9320,25.90759993,14.23255685,512002,0,512002,41113
v2,ea89b79a9dfd35df20fed759e6d15c60fe01e77c,direct,octree_leafcount,flyby,3,705,705,0.4330559969,0.1729280055,0.6069440246,0.614432,1,0,-1,40721,35631,17,17,9233,25.91282872,14.36956583,512002,0,512002,40721
v2,ea89b79a9dfd35df20fed759e6d15c60fe01e77c,direct,octree_leafcount,flyby,3,706,706,0.4619199932,0.1731200069,0.6359680295,0.642877,1,0,-1,40929,35813,17,17,9354,26.11900706,14.29654036,512002,0,512002,40929
v2,ea89b79a9dfd35df20fed759e6d15c60fe01e77c,direct,octree_leafcount,flyby,3,707,707,0.3909440041,0.1709119976,0.5628160238,0.570316,1,0,-1,41089,35953,17,17,9209,25.61399605,14.24087002,512002,0,512002,41089
v2,ea89b79a9dfd35df20fed759e6d15c60fe01e77c,direct,octree_leafcount,flyby,3,708,708,0.4223360121,0.1750719994,0.5983359814,0.605723,1,0,-1,40593,35519,17,17,9088,25.58630592,14.41487654,512002,0,512002,40593
v2,ea89b79a9dfd35df20fed759e6d15c60fe01e77c,direct,octree_leafcount,flyby,3,709,709,0.4594559968,0.1722559929,0.6326079965,0.639903,1,0,-1,40785,35687,17,17,9283,26.01227338,14.34701712,512002,0,512002,40785
v2,ea89b79a9dfd35df20fed759e6d15c60fe01e77c,direct,octree_leafcount,flyby,3,710,710,0.3946560025,0.1707520038,0.5663679838,0.573875,1,0,-1,40609,35533,17,17,9149,25.74789632,14.40919708,512002,0,512002,40609
v2,ea89b79a9dfd35df20fed759e6d15c60fe01e77c,direct,octree_leafcount,flyby,3,711,711,0.4261119962,0.168960005,0.595968008,0.603478,1,0,-1,40769,35673,17,17,9254,25.94118801,14.35264766,512002,0,512002,40769
v2,ea89b79a9dfd35df20fed759e6d15c60fe01e77c,direct,octree_leafcount,flyby,3,712,712,0.457408011,0.1732160002,0.631551981,0.638892,1,0,-1,40881,35771,17,17,9183,25.67163345,14.31332644,512002,0,512002,40881
v2,ea89b79a9dfd35df20fed759e6d15c60fe01e77c,direct,octree_leafcount,flyby,3,713,713,0.4164479971,0.1713279933,0.5887359977,0.594177,1,0,-1,40345,35302,17,17,8955,25.36683474,14.50348422,512002,0,512002,40345
v2,ea89b79a9dfd35df20fed759e6d15c60fe01e77c,direct,octree_leafcount,flyby,3,714,714,0.4179840088,0.1673280001,0.5862720013,0.591712,1,0,-1,40393,35344,17,17,9154,25.89972838,14.48624943,512002,0,512002,40393
v2,ea89b79a9dfd35df20fed759e6d15c60fe01e77c,direct,octree_leafcount,flyby,3,715,715,0.4591679871,0.1772480011,0.637311995,0.644447,1,0,-1,40513,35449,17,17,9070,25.5860532,14.44334114,512002,0,512002,40513
v2,ea89b79a9dfd35df20fed759e6d15c60fe01e77c,direct,octree_leafcount,flyby,3,716,716,0.3947840035,0.1722559929,0.5680000186,0.575239,1,0,-1,40857,35750,17,17,9057,25.33426573,14.32173427,512002,0,512002,40857
v2,ea89b79a9dfd35df20fed759e6d15c60fe01e77c,direct,octree_leafcount,flyby,3,717,717,0.4262720048,0.1738879979,0.6011199951,0.608212,1,0,-1,40665,35582,17,17,9210,25.88387387,14.38935417,512002,0,512002,40665
v2,ea89b79a9dfd35df20fed759e6d15c60fe01e77c,direct,octree_leafcount,flyby,3,718,718,0.4569599926,0.1720959991,0.6299840212,0.637521,1,0,-1,40841,35736,17,17,9168,25.65480188,14.32734497,512002,0,512002,40841
v2,ea89b79a9dfd35df20fed759e6d15c60fe01e77c,direct,octree_leafcount,flyby,3,719,719,0.4648000002,0.1709119976,0.63667202,0.643855,1,0,-1,40905,35792,17,17,9175,25.63421994,14.30492848,512002,0,512002,40905
v2,ea89b79a9dfd35df20fed759e6d15c60fe01e77c,direct,octree_leafcount,flyby,3,720,720,0.4265600145,0.1709119976,0.5983999968,0.605443,1,0,-1,40601,35526,17,17,9157,25.77548837,14.41203626,512002,0,512002,40601
v2,ea89b79a9dfd35df20fed759e6d15c60fe01e77c,direct,octree_leafcount,flyby,3,721,721,0.4627520144,0.1698240042,0.6374080181,0.644568,1,0,-1,40745,35652,17,17,9032,25.33378212,14.36110176,512002,0,512002,40745
v2,ea89b79a9dfd35df20fed759e6d15c60fe01e77c,direct,octree_leafcount,flyby,3,722,722,0.4266560078,0.1679680049,0.5955200195,0.602945,1,0,-1,40945,35827,17,17,9293,25.93853797,14.29095375,512002,0,512002,40945
v2,ea89b79a9dfd35df20fed759e6d15c60fe01e77c,direct,octree_leafcount,flyby,3,723,723,0.3896639943,0.1742720008,0.5648959875,0.571763,1,0,-1,40881,35771,17,17,9093,25.42003299,14.31332644,512002,0,512002,40881
v2,ea89b79a9dfd35df20fed759e6d15c60fe01e77c,direct,octree_leafcount,flyby,3,724,724,0.4648320079,0.1737599969,0.6395199895,0.646591,1,0,-1,40785,35687,17,17,9071,25.41821952,14.34701712,512002,0,512002,40785
v2,ea89b79a9dfd35df20fed759e6d15c60fe01e77c,direct,octree_leafcount,flyby,3,725,725,0.4281280041,0.1729280055,0.601984024,0.609019,1,0,-1,40873,35764,17,17,9196,25.71300749,14.31612795,512002,0,512002,40873
v2,ea89b79a9dfd35df20fed759e6d15c60fe01e77c,direct,octree_leafcount,flyby,3,726,726,0.3979200125,0.1710720062,0.5699200034,0.577015,1,0,-1,40625,35547,17,17,9063,25.49582243,14.4035221,512002,0,512002,40625
v2,ea89b79a9dfd35df20fed759e6d15c60fe01e77c,direct,octree_leafcount,flyby,3,727,727,0.4637759924,0.1708160043,0.6355519891,0.642615,1,0,-1,41017,35890,17,17,9206,25.65059905,14.26586793,512002,0,512002,41017
v2,ea89b79a9dfd35df20fed759e6d15c60fe01e77c,direct,octree_leafcount,flyby,3,728,728,0.427136004,0.1700479984,0.5981119871,0.604554,1,0,-1,40961,35841,17,17,9235,25.76658017,14.2853715,512002,0,512002,40961
v2,ea89b79a9dfd35df20fed759e6d15c60fe01e77c,direct,octree_leafcount,flyby,3,729,729,0.3947199881,0.1743360013,0.5700160265,0.576655,1,0,-1,40601,35526,17,17,9057,25.49400439,14.41203626,512002,0,512002,40601
v2,ea89b79a9dfd35df20fed759e6d15c60fe01e77c,direct,octree_leafcount,flyby,3,730,730,0.4688319862,0.1771200001,0.6469119787,0.654504,1,0,-1,40785,35687,17,17,9261,25.95062628,14.34701712,512002,0,512002,40785
v2,ea89b79a9dfd35df20fed759e6d15c60fe01e77c,direct,octree_leafcount,flyby,3,731,731,0.4315199852,0.1729920059,0.6054400206,0.612879,1,0,-1,40737,35645,17,17,9147,25.66138308,14.36392201,512002,0,512002,40737
v2,ea89b79a9dfd35df20fed759e6d15c60fe01e77c,direct,octree_leafcount,flyby,3,732,732,0.4202879965,0.1716800034,0.592863977,0.600142,1,0,-1,40825,35722,17,17,9111,25.50529086,14.33296008,512002,0,512002,40825
v2,ea89b79a9dfd35df20fed759e6d15c60fe01e77c,direct,octree_leafcount,flyby,3,733,733,0.4573119879,0.1720959991,0.6303679943,0.637651,1,0,-1,40849,35743,17,17,9262,25.91276614,14.32453907,512002,0,512002,40849
v2,ea89b79a9dfd35df20fed759e6d15c60fe01e77c,direct,octree_leafcount,flyby,3,734,734,0.4207679927,0.1710080057,0.5927039981,0.599379,1,0,-1,40809,35708,17,17,9248,25.89895822,14.33857959,512002,0,512002,40809
v2,ea89b79a9dfd35df20fed759e6d15c60fe01e77c,direct,octree_leafcount,flyby,3,735,735,0.4623680115,0.1706880033,0.6340159774,0.641054,1,0,-1,40993,35869,17,17,9271,25.84683153,14.27422008,512002,0,512002,40993
v2,ea89b79a9dfd35df20fed759e6d15c60fe01e77c,direct,octree_leafcount,flyby,3,736,736,0.4296959937,0.1751040071,0.6057279706,0.61284,1,0,-1,40665,35582,17,17,9155,25.72930133,14.38935417,512002,0,512002,40665
v2,ea89b79a9dfd35df20fed759e6d15c60fe01e77c,direct,octree_leafcount,flyby,3,737,737,0.4294719994,0.1720319986,0.6024640203,0.609432,1,0,-1,40625,35547,17,17,9167,25.78839283,14.4035221,512002,0,512002,40625
v2,ea89b79a9dfd35df20fed759e6d15c60fe01e77c,direct,octree_leafcount,flyby,3,738,738,0.4578239918,0.1731200069,0.6318719983,0.639373,1,0,-1,41097,35960,17,17,9303,25.87041157,14.23809789,512002,0,512002,41097
v2,ea89b79a9dfd35df20fed759e6d15c60fe01e77c,direct,octree_leafcount,flyby,3,739,739,0.3977279961,0.1720000058,0.5706560016,0.578012,1,0,-1,40881,35771,17,17,9090,25.41164631,14.31332644,512002,0,512002,40881
v2,ea89b79a9dfd35df20fed759e6d15c60fe01e77c,direct,octree_leafcount,flyby,3,740,740,0.4343999922,0.1707839966,0.6060799956,0.613659,1,0,-1,40857,35750,17,17,9140,25.56643357,14.32173427,512002,0,512002,40857
v2,ea89b79a9dfd35df20fed759e6d15c60fe01e77c,direct,octree_leafcount,flyby,3,741,741,0.4543040097,0.174112007,0.6293759942,0.636129,1,0,-1,40937,35820,17,17,9306,25.9798995,14.29374651,512002,0,512002,40937
v2,ea89b79a9dfd35df20fed759e6d15c60fe01e77c,direct,octree_leafcount,flyby,3,742,742,0.3992959857,0.1708800048,0.5711359978,0.578086,1,0,-1,40817,35715,17,17,9105,25.49349013,14.33576928,512002,0,512002,40817
v2,ea89b79a9dfd35df20fed759e6d15c60fe01e77c,direct,octree_leafcount,flyby,3,743,743,0.4290559888,0.1737920046,0.6037759781,0.61061,1,0,-1,41145,36002,17,17,9311,25.86245209,14.2214877,512002,0,512002,41145
v2,ea89b79a9dfd35df20fed759e6d15c60fe01e77c,direct,octree_leafcount,flyby,3,744,744,0.4660480022,0.1710080057,0.6380159855,0.645184,1,0,-1,41033,35904,17,17,9300,25.90240642,14.26030526,512002,0,512002,41033
v2,ea89b79a9dfd35df20fed759e6d15c60fe01e77c,direct,octree_leafcount,flyby,3,745,745,0.3967039883,0.1686079949,0.5662400126,0.573666,1,0,-1,40769,35673,17,17,9168,25.70010933,14.35264766,512002,0,512002,40769
v2,ea89b79a9dfd35df20fed759e6d15c60fe01e77c,direct,octree_leafcount,flyby,3,746,746,0.423999995,0.1717119962,0.5966079831,0.604003,1,0,-1,40833,35729,17,17,9345,26.15522405,14.33015198,512002,0,512002,40833
v2,ea89b79a9dfd35df20fed759e6d15c60fe01e77c,direct,octree_leafcount,flyby,3,747,747,0.455520004,0.171103999,0.6276159883,0.634852,1,0,-1,40857,35750,17,17,9227,25.80979021,14.32173427,512002,0,512002,40857
v2,ea89b79a9dfd35df20fed759e6d15c60fe01e77c,direct,octree_leafcount,flyby,3,748,748,0.3900800049,0.1720640063,0.5631359816,0.570294,1,0,-1,40857,35750,17,17,9080,25.3986014,14.32173427,512002,0,512002,40857
v2,ea89b79a9dfd35df20fed759e6d15c60fe01e77c,direct,octree_leafcount,flyby,3,749,749,0.4231680036,0.1716160029,0.5957440138,0.60304,1,0,-1,40833,35729,17,17,9304,26.04047133,14.33015198,512002,0,512002,40833
v2,ea89b79a9dfd35df20fed759e6d15c60fe01e77c,direct,octree_leafcount,flyby,3,750,750,0.461439997,0.1710720062,0.6334400177,0.640337,1,0,-1,40665,35582,17,17,9192,25.83328649,14.38935417,512002,0,512002,40665
v2,ea89b79a9dfd35df20fed759e6d15c60fe01e77c,direct,octree_leafcount,flyby,3,751,751,0.4286719859,0.1773439944,0.6069440246,0.613912,1,0,-1,41041,35911,17,17,9251,25.76090891,14.25752555,512002,0,512002,41041
v2,ea89b79a9dfd35df20fed759e6d15c60fe01e77c,direct,octree_leafcount,flyby,3,752,752,0.395487994,0.1699839979,0.5663999915,0.573526,1,0,-1,40889,35778,17,17,9174,25.64145564,14.31052602,512002,0,512002,40889
v2,ea89b79a9dfd35df20fed759e6d15c60fe01e77c,direct,octree_leafcount,flyby,3,753,753,0.4600960016,0.1699520051,0.6309440136,0.637726,1,0,-1,40649,35568,17,17,9176,25.79847054,14.39501799,512002,0,512002,40649
v2,ea89b79a9dfd35df20fed759e6d15c60fe01e77c,direct,octree_leafcount,flyby,3,754,754,0.4277760088,0.1700160056,0.5987200141,0.605386,1,0,-1,40673,35589,17,17,9350,26.27216275,14.38652393,512002,0,512002,40673
v2,ea89b79a9dfd35df20fed759e6d15c60fe01e77c,direct,octree_leafcount,flyby,3,755,755,0.3906559944,0.1718080044,0.5633599758,0.570425,1,0,-1,40937,35820,17,17,9259,25.84868788,14.29374651,512002,0,512002,40937
v2,ea89b79a9dfd35df20fed759e6d15c60fe01e77c,direct,octree_leafcount,flyby,3,756,756,0.4591999948,0.1700800061,0.6302400231,0.636995,1,0,-1,41153,36009,17,17,9228,25.6269266,14.2187231,512002,0,512002,41153
v2,ea89b79a9dfd35df20fed759e6d15c60fe01e77c,direct,octree_leafcount,flyby,3,757,757,0.4296959937,0.1722880006,0.6029440165,0.609757,1,0,-1,40793,35694,17,17,9342,26.17246596,14.34420351,512002,0,512002,40793
v2,ea89b79a9dfd35df20fed759e6d15c60fe01e77c,direct,octree_leafcount,flyby,3,758,758,0.3953279853,0.1721280068,0.5684159994,0.575784,1,0,-1,40481,35421,17,17,9145,25.81801756,14.45475848,512002,0,512002,40481
v2,ea89b79a9dfd35df20fed759e6d15c60fe01e77c,direct,octree_leafcount,flyby,3,759,759,0.4577600062,0.1679999977,0.6267200112,0.633822,1,0,-1,40673,35589,17,17,9200,25.8506842,14.38652393,512002,0,512002,40673
v2,ea89b79a9dfd35df20fed759e6d15c60fe01e77c,direct,octree_leafcount,flyby,3,760,760,0.4260160029,0.1700160056,0.5969920158,0.603977,1,0,-1,40585,35512,17,17,9214,25.94615904,14.41771795,512002,0,512002,40585
v2,ea89b79a9dfd35df20fed759e6d15c60fe01e77c,direct,octree_leafcount,flyby,3,761,761,0.3917759955,0.1718399972,0.5645760298,0.571337,1,0,-1,40361,35316,17,17,8984,25.43889455,14.49773474,512002,0,512002,40361
v2,ea89b79a9dfd35df20fed759e6d15c60fe01e77c,direct,octree_leafcount,flyby,3,762,762,0.4596160054,0.1699839979,0.6305599809,0.637609,1,0,-1,40809,35708,17,17,9182,25.71412569,14.33857959,512002,0,512002,40809
v2,ea89b79a9dfd35df20fed759e6d15c60fe01e77c,direct,octree_leafcount,flyby,3,763,763,0.4342719913,0.1749120057,0.6101440191,0.617553,1,0,-1,40785,35687,17,17,9170,25.69563146,14.34701712,512002,0,512002,40785
v2,ea89b79a9dfd35df20fed759e6d15c60fe01e77c,direct,octree_leafcount,flyby,3,764,764,0.4210239947,0.1699839979,0.5919679999,0.602546,1,0,-1,40441,35386,17,17,8894,25.13423388,14.46905556,512002,0,512002,40441
v2,ea89b79a9dfd35df20fed759e6d15c60fe01e77c,direct,octree_leafcount,flyby,3,765,765,0.4537599981,0.1707199961,0.6254079938,0.632248,1,0,-1,40601,35526,17,17,9174,25.82334065,14.41203626,512002,0,512002,40601
v2,ea89b79a9dfd35df20fed759e6d15c60fe01e77c,direct,octree_leafcount,flyby,3,766,766,0.4328959882,0.1740480065,0.6079360247,0.615312,1,0,-1,40745,35652,17,17,9120,25.58061259,14.36110176,512002,0,512002,40745
v2,ea89b79a9dfd35df20fed759e6d15c60fe01e77c,direct,octree_leafcount,flyby,3,767,767,0.4286080003,0.1707199961,0.6002560258,0.60748,1,0,-1,40513,35449,17,17,8990,25.36037688,14.44334114,512002,0,512002,40513
v2,ea89b79a9dfd35df20fed759e6d15c60fe01e77c,direct,octree_leafcount,flyby,3,768,768,0.4660480022,0.1710080057,0.6379839778,0.645813,1,0,-1,40641,35561,17,17,9170,25.78667642,14.39785158,512002,0,512002,40641
v2,ea89b79a9dfd35df20fed759e6d15c60fe01e77c,direct,octree_leafcount,flyby,3,769,769,0.4260160029,0.1739200056,0.6008639932,0.6083,1,0,-1,40505,35442,17,17,9067,25.58264206,14.44619378,512002,0,512002,40505
v2,ea89b79a9dfd35df20fed759e6d15c60fe01e77c,direct,octree_leafcount,flyby,3,770,770,0.4628799856,0.1707839966,0.6345919967,0.64201,1,0,-1,40785,35687,17,17,8993,25.19965253,14.34701712,512002,0,512002,40785
v2,ea89b79a9dfd35df20fed759e6d15c60fe01e77c,direct,octree_leafcount,flyby,3,771,771,0.4277119935,0.172864005,0.6015359759,0.608928,1,0,-1,40737,35645,17,17,9041,25.36400617,14.36392201,512002,0,512002,40737
v2,ea89b79a9dfd35df20fed759e6d15c60fe01e77c,direct,octree_leafcount,flyby,3,772,772,0.4295679927,0.1749439985,0.6055039763,0.613167,1,0,-1,40473,35414,17,17,8948,25.26684362,14.45761563,512002,0,512002,40473
v2,ea89b79a9dfd35df20fed759e6d15c60fe01e77c,direct,octree_leafcount,flyby,3,773,773,0.4558080137,0.1720959991,0.6288639903,0.636352,1,0,-1,40425,35372,17,17,8856,25.03675223,14.47478231,512002,0,512002,40425
v2,ea89b79a9dfd35df20fed759e6d15c60fe01e77c,direct,octree_leafcount,flyby,3,774,774,0.4236800075,0.1701119989,0.594720006,0.60178,1,0,-1,40833,35729,17,17,9002,25.19521957,14.33015198,512002,0,512002,40833
v2,ea89b79a9dfd35df20fed759e6d15c60fe01e77c,direct,octree_leafcount,flyby,3,775,775,0.4325760007,0.1719679981,0.6054720283,0.613079,1,0,-1,40713,35624,17,17,8940,25.09544128,14.3723894,512002,0,512002,40713
v2,ea89b79a9dfd35df20fed759e6d15c60fe01e77c,direct,octree_leafcount,flyby,3,776,776,0.4672639966,0.1688960046,0.6370559931,0.644315,1,0,-1,40641,35561,17,17,9142,25.70793847,14.39785158,512002,0,512002,40641
v2,ea89b79a9dfd35df20fed759e6d15c60fe01e77c,direct,octree_leafcount,flyby,3,777,777,0.3941119909,0.1759680063,0.5710399747,0.578329,1,0,-1,40617,35540,17,17,8980,25.26730445,14.40635903,512002,0,512002,40617
v2,ea89b79a9dfd35df20fed759e6d15c60fe01e77c,direct,octree_leafcount,flyby,3,778,778,0.4294399917,0.1729280055,0.6033279896,0.610224,1,0,-1,40913,35799,17,17,9084,25.37501048,14.30213134,512002,0,512002,40913
v2,ea89b79a9dfd35df20fed759e6d15c60fe01e77c,direct,octree_leafcount,flyby,3,779,779,0.4592640102,0.174112007,0.634303987,0.641127,1,0,-1,40761,35666,17,17,9105,25.52851455,14.35546459,512002,0,512002,40761
v2,ea89b79a9dfd35df20fed759e6d15c60fe01e77c,direct,octree_leafcount,flyby,3,780,780,0.3969599903,0.170975998,0.5688639879,0.576052,1,0,-1,40633,35554,17,17,8980,25.25735501,14.40068628,512002,0,512002,40633
v2,ea89b79a9dfd35df20fed759e6d15c60fe01e77c,direct,octree_leafcount,flyby,3,781,781,0.422239989,0.173984006,0.5971519947,0.603883,1,0,-1,40833,35729,17,17,9132,25.55906966,14.33015198,512002,0,512002,40833
v2,ea89b79a9dfd35df20fed759e6d15c60fe01e77c,direct,octree_leafcount,flyby,3,782,782,0.4567039907,0.174112007,0.6317440271,0.639008,1,0,-1,41033,35904,17,17,9189,25.59324866,14.26030526,512002,0,512002,41033
v2,ea89b79a9dfd35df20fed759e6d15c60fe01e77c,direct,octree_leafcount,flyby,3,783,783,0.3975360096,0.1712960005,0.5697919726,0.577104,1,0,-1,40737,35645,17,17,9079,25.47061299,14.36392201,512002,0,512002,40737
v2,ea89b79a9dfd35df20fed759e6d15c60fe01e77c,direct,octree_leafcount,flyby,3,784,784,0.4267199934,0.1761920005,0.6038720012,0.611488,1,0,-1,40561,35491,17,17,9173,25.84598912,14.42624891,512002,0,512002,40561
v2,ea89b79a9dfd35df20fed759e6d15c60fe01e77c,direct,octree_leafcount,flyby,3,785,785,0.4603520036,0.1729599983,0.6342719793,0.641721,1,0,-1,40633,35554,17,17,9113,25.63143388,14.40068628,512002,0,512002,40633
v2,ea89b79a9dfd35df20fed759e6d15c60fe01e77c,direct,octree_leafcount,flyby,3,786,786,0.3941760063,0.172864005,0.5679680109,0.576071,1,0,-1,40681,35596,17,17,9010,25.31183279,14.3836948,512002,0,512002,40681
v2,ea89b79a9dfd35df20fed759e6d15c60fe01e77c,direct,octree_leafcount,flyby,3,787,787,0.4277440012,0.172864005,0.6015359759,0.609344,1,0,-1,40721,35631,17,17,9197,25.8117931,14.36956583,512002,0,512002,40721
v2,ea89b79a9dfd35df20fed759e6d15c60fe01e77c,direct,octree_leafcount,flyby,3,788,788,0.4671680033,0.169855997,0.6379520297,0.646023,1,0,-1,41009,35883,17,17,9145,25.485606,14.26865089,512002,0,512002,41009
v2,ea89b79a9dfd35df20fed759e6d15c60fe01e77c,direct,octree_leafcount,flyby,3,789,789,0.4294399917,0.1718399972,0.602240026,0.610077,1,0,-1,40825,35722,17,17,9071,25.39331504,14.33296008,512002,0,512002,40825
v2,ea89b79a9dfd35df20fed759e6d15c60fe01e77c,direct,octree_leafcount,flyby,3,790,790,0.4262399971,0.1697919965,0.5969600081,0.604766,1,0,-1,40545,35477,17,17,9181,25.87873834,14.43194182,512002,0,512002,40545
v2,ea89b79a9dfd35df20fed759e6d15c60fe01e77c,direct,octree_leafcount,flyby,3,791,791,0.4673599899,0.1689919978,0.637311995,0.645257,1,0,-1,40449,35393,17,17,9154,25.86387139,14.46619388,512002,0,512002,40449
v2,ea89b79a9dfd35df20fed759e6d15c60fe01e77c,direct,octree_leafcount,flyby,3,792,792,0.4255360067,0.1730879992,0.5995519757,0.607414,1,0,-1,40753,35659,17,17,9131,25.60643877,14.35828262,512002,0,512002,40753
v2,ea89b79a9dfd35df20fed759e6d15c60fe01e77c,direct,octree_leafcount,flyby,3,793,793,0.3972800076,0.1781760007,0.5763840079,0.584178,1,0,-1,40825,35722,17,17,9179,25.69564974,14.33296008,512002,0,512002,40825
v2,ea89b79a9dfd35df20fed759e6d15c60fe01e77c,direct,octree_leafcount,flyby,3,794,794,0.4642559886,0.1730560064,0.638207972,0.645352,1,0,-1,40649,35568,17,17,9077,25.52013045,14.39501799,512002,0,512002,40649
v2,ea89b79a9dfd35df20fed759e6d15c60fe01e77c,direct,octree_leafcount,flyby,3,795,795,0.4250879884,0.169088006,0.5951359868,0.602316,1,0,-1,40761,35666,17,17,9266,25.97992486,14.35546459,512002,0,512002,40761
v2,ea89b79a9dfd35df20fed759e6d15c60fe01e77c,direct,octree_leafcount,flyby,3,796,796,0.4001919925,0.1708160043,0.571968019,0.579359,1,0,-1,40865,35757,17,17,9044,25.29294963,14.31893056,512002,0,512002,40865
v2,ea89b79a9dfd35df20fed759e6d15c60fe01e77c,direct,octree_leafcount,flyby,3,797,797,0.4677760005,0.1710399985,0.6397759914,0.646659,1,0,-1,40833,35729,17,17,9057,25.34915615,14.33015198,512002,0,512002,40833
v2,ea89b79a9dfd35df20fed759e6d15c60fe01e77c,direct,octree_leafcount,flyby,3,798,798,0.4316479862,0.1742720008,0.6068480015,0.613868,1,0,-1,41049,35918,17,17,9219,25.66679659,14.25474692,512002,0,512002,41049
v2,ea89b79a9dfd35df20fed759e6d15c60fe01e77c,direct,octree_leafcount,flyby,3,799,799,0.3907839954,0.1791040003,0.5708159804,0.578487,1,0,-1,40729,35638,17,17,8984,25.20904652,14.36674336,512002,0,512002,40729
v2,ea89b79a9dfd35df20fed759e6d15c60fe01e77c,direct,octree_leafcount,flyby,3,800,800,0.4630079865,0.1718080044,0.6357439756,0.642868,1,0,-1,41025,35897,17,17,9099,25.34752208,14.26308605,512002,0,512002,41025
v2,ea89b79a9dfd35df20fed759e6d15c60fe01e77c,direct,octree_leafcount,flyby,3,801,801,0.4290559888,0.1689919978,0.5990080237,0.606216,1,0,-1,40705,35617,17,17,9110,25.57767358,14.37521408,512002,0,512002,40705
v2,ea89b79a9dfd35df20fed759e6d15c60fe01e77c,direct,octree_leafcount,flyby,3,802,802,0.3828479946,0.1718399972,0.5556160212,0.5617,1,0,-1,40305,35267,17,17,8868,25.14531999,14.5178779,512002,0,512002,40305
v2,ea89b79a9dfd35df20fed759e6d15c60fe01e77c,direct,octree_leafcount,flyby,3,803,803,0.458784014,0.1751040071,0.6348479986,0.642429,1,0,-1,40585,35512,17,17,9012,25.37733724,14.41771795,512002,0,512002,40585
v2,ea89b79a9dfd35df20fed759e6d15c60fe01e77c,direct,octree_leafcount,flyby,3,804,804,0.4327040017,0.1741759926,0.6078400016,0.615224,1,0,-1,40793,35694,17,17,9022,25.27595674,14.34420351,512002,0,512002,40793
v2,ea89b79a9dfd35df20fed759e6d15c60fe01e77c,direct,octree_leafcount,flyby,3,805,805,0.4238399863,0.1708160043,0.5955839753,0.602927,1,0,-1,40305,35267,17,17,8794,24.9354921,14.5178779,512002,0,512002,40305
v2,ea89b79a9dfd35df20fed759e6d15c60fe01e77c,direct,octree_leafcount,flyby,3,806,806,0.4638080001,0.1740799993,0.638815999,0.645988,1,0,-1,40441,35386,17,17,9010,25.46204714,14.46905556,512002,0,512002,40441
v2,ea89b79a9dfd35df20fed759e6d15c60fe01e77c,direct,octree_leafcount,flyby,3,807,807,0.4318079948,0.1710080057,0.6037759781,0.611245,1,0,-1,40297,35260,17,17,8917,25.28927964,14.52076007,512002,0,512002,40297
v2,ea89b79a9dfd35df20fed759e6d15c60fe01e77c,direct,octree_leafcount,flyby,3,808,808,0.4292159975,0.1727679968,0.6029120088,0.609875,1,0,-1,40553,35484,17,17,8873,25.00563634,14.4290948,512002,0,512002,40553
v2,ea89b79a9dfd35df20fed759e6d15c60fe01e77c,direct,octree_leafcount,flyby,3,809,809,0.4507839978,0.1713919938,0.6231359839,0.628871,1,0,-1,40545,35477,17,17,9033,25.46156665,14.43194182,512002,0,512002,40545
v2,ea89b79a9dfd35df20fed759e6d15c60fe01e77c,direct,octree_leafcount,flyby,3,810,810,0.4294399917,0.1701440066,0.6005120277,0.607967,1,0,-1,40409,35358,17,17,9034,25.55008767,14.4805136,512002,0,512002,40409
v2,ea89b79a9dfd35df20fed759e6d15c60fe01e77c,direct,octree_leafcount,flyby,3,811,811,0.4576320052,0.1720000058,0.6305919886,0.638451,1,0,-1,40873,35764,17,17,9117,25.49211498,14.31612795,512002,0,512002,40873
v2,ea89b79a9dfd35df20fed759e6d15c60fe01e77c,direct,octree_leafcount,flyby,3,812,812,0.4640319943,0.1732160002,0.638176024,0.645299,1,0,-1,40681,35596,17,17,9149,25.7023261,14.3836948,512002,0,512002,40681
v2,ea89b79a9dfd35df20fed759e6d15c60fe01e77c,direct,octree_leafcount,flyby,3,813,813,0.4302079976,0.171103999,0.6022719741,0.609061,1,0,-1,40537,35470,17,17,9041,25.48914576,14.43478996,512002,0,512002,40537
v2,ea89b79a9dfd35df20fed759e6d15c60fe01e77c,direct,octree_leafcount,flyby,3,814,814,0.4657599926,0.1698880047,0.6365759969,0.643706,1,0,-1,40705,35617,17,17,9074,25.47659825,14.37521408,512002,0,512002,40705
v2,ea89b79a9dfd35df20fed759e6d15c60fe01e77c,direct,octree_leafcount,flyby,3,815,815,0.4274559915,0.1729920059,0.6014400125,0.608613,1,0,-1,40705,35617,17,17,9020,25.32498526,14.37521408,512002,0,512002,40705
v2,ea89b79a9dfd35df20fed759e6d15c60fe01e77c,direct,octree_leafcount,flyby,3,816,816,0.4351359904,0.1709440053,0.607039988,0.614377,1,0,-1,40329,35288,17,17,8831,25.02550442,14.50923827,512002,0,512002,40329
v2,ea89b79a9dfd35df20fed759e6d15c60fe01e77c,direct,octree_leafcount,flyby,3,817,817,0.4553599954,0.1697919965,0.6260799766,0.633431,1,0,-1,40641,35561,17,17,9050,25.44922809,14.39785158,512002,0,512002,40641
v2,ea89b79a9dfd35df20fed759e6d15c60fe01e77c,direct,octree_leafcount,flyby,3,818,818,0.4026879966,0.1718080044,0.5754560232,0.582725,1,0,-1,40561,35491,17,17,8886,25.03733341,14.42624891,512002,0,512002,40561
v2,ea89b79a9dfd35df20fed759e6d15c60fe01e77c,direct,octree_leafcount,flyby,3,819,819,0.4324479997,0.1719039977,0.6053119898,0.612181,1,0,-1,40457,35400,17,17,8857,25.01977401,14.46333333,512002,0,512002,40457
v2,ea89b79a9dfd35df20fed759e6d15c60fe01e77c,direct,octree_leafcount,flyby,3,820,820,0.4582720101,0.1718720049,0.6311039925,0.63852,1,0,-1,40289,35253,17,17,9004,25.5410887,14.52364338,512002,0,512002,40289
v2,ea89b79a9dfd35df20fed759e6d15c60fe01e77c,direct,octree_leafcount,flyby,3,821,821,0.3992640078,0.1737920046,0.5739840269,0.582075,1,0,-1,40457,35400,17,17,8932,25.23163842,14.46333333,512002,0,512002,40457
v2,ea89b79a9dfd35df20fed759e6d15c60fe01e77c,direct,octree_leafcount,flyby,3,822,822,0.4266240001,0.1706880033,0.5983039737,0.60583,1,0,-1,40649,35568,17,17,8993,25.28396311,14.39501799,512002,0,512002,40649
v2,ea89b79a9dfd35df20fed759e6d15c60fe01e77c,direct,octree_leafcount,flyby,3,823,823,0.4600960016,0.1753599942,0.636416018,0.643337,1,0,-1,40473,35414,17,17,9059,25.58027899,14.45761563,512002,0,512002,40473
v2,ea89b79a9dfd35df20fed759e6d15c60fe01e77c,direct,octree_leafcount,flyby,3,824,824,0.39398399,0.1721280068,0.567103982,0.573925,1,0,-1,40273,35239,17,17,8877,25.19083969,14.52941343,512002,0,512002,40273
v2,ea89b79a9dfd35df20fed759e6d15c60fe01e77c,direct,octree_leafcount,flyby,3,825,825,0.4315519929,0.170975998,0.603488028,0.610784,1,0,-1,40641,35561,17,17,9084,25.54483845,14.39785158,512002,0,512002,40641
v2,ea89b79a9dfd35df20fed759e6d15c60fe01e77c,direct,octree_leafcount,flyby,3,826,826,0.4551039934,0.1749439985,0.6309440136,0.638536,1,0,-1,40609,35533,17,17,9098,25.60436777,14.40919708,512002,0,512002,40609
v2,ea89b79a9dfd35df20fed759e6d15c60fe01e77c,direct,octree_leafcount,flyby,3,827,827,0.3997760117,0.1731200069,0.5738239884,0.5806,1,0,-1,40265,35232,17,17,8913,25.29802452,14.53230018,512002,0,512002,40265
v2,ea89b79a9dfd35df20fed759e6d15c60fe01e77c,direct,octree_leafcount,flyby,3,828,828,0.4262079895,0.168960005,0.5961279869,0.602932,1,0,-1,40641,35561,17,17,9102,25.5954557,14.39785158,512002,0,512002,40641
v2,ea89b79a9dfd35df20fed759e6d15c60fe01e77c,direct,octree_leafcount,flyby,3,829,829,0.4571839869,0.1688320041,0.6269119978,0.634304,1,0,-1,40705,35617,17,17,8993,25.24917876,14.37521408,512002,0,512002,40705
v2,ea89b79a9dfd35df20fed759e6d15c60fe01e77c,direct,octree_leafcount,flyby,3,830,830,0.3870399892,0.1699520051,0.5579199791,0.564674,1,0,-1,40289,35253,17,17,8842,25.08155334,14.52364338,512002,0,512002,40289
v2,ea89b79a9dfd35df20fed759e6d15c60fe01e77c,direct,octree_leafcount,flyby,3,831,831,0.4292159975,0.1751040071,0.6052479744,0.612331,1,0,-1,40545,35477,17,17,9155,25.80545142,14.43194182,512002,0,512002,40545
v2,ea89b79a9dfd35df20fed759e6d15c60fe01e77c,direct,octree_leafcount,flyby,3,832,832,0.4515840113,0.1700479984,0.6225919724,0.62959,1,0,-1,40601,35526,17,17,8974,25.26037268,14.41203626,512002,0,512002,40601
v2,ea89b79a9dfd35df20fed759e6d15c60fe01e77c,direct,octree_leafcount,flyby,3,833,833,0.3943679929,0.1770240068,0.5722879767,0.580071,1,0,-1,40641,35561,17,17,8969,25.22145047,14.39785158,512002,0,512002,40641
v2,ea89b79a9dfd35df20fed759e6d15c60fe01e77c,direct,octree_leafcount,flyby,3,834,834,0.4258880019,0.1719360054,0.5987520218,0.606359,1,0,-1,40529,35463,17,17,9026,25.45187942,14.43763923,512002,0,512002,40529
v2,ea89b79a9dfd35df20fed759e6d15c60fe01e77c,direct,octree_leafcount,flyby,3,835,835,0.4571200013,0.1720000058,0.6300799847,0.637095,1,0,-1,40569,35498,17,17,9068,25.54510113,14.42340414,512002,0,512002,40569
v2,ea89b79a9dfd35df20fed759e6d15c60fe01e77c,direct,octree_leafcount,flyby,3,836,836,0.419840008,0.1708800048,0.5916479826,0.599007,1,0,-1,40801,35701,17,17,9022,25.27100081,14.341391,512002,0,512002,40801
v2,ea89b79a9dfd35df20fed759e6d15c60fe01e77c,direct,octree_leafcount,flyby,3,837,837,0.3986560106,0.1731200069,0.5727040172,0.579887,1,0,-1,40505,35442,17,17,9007,25.41335139,14.44619378,512002,0,512002,40505
v2,ea89b79a9dfd35df20fed759e6d15c60fe01e77c,direct,octree_leafcount,flyby,3,838,838,0.4567039907,0.174112007,0.6317759752,0.638757,1,0,-1,40505,35442,17,17,8947,25.24406072,14.44619378,512002,0,512002,40505
v2,ea89b79a9dfd35df20fed759e6d15c60fe01e77c,direct,octree_leafcount,flyby,3,839,839,0.4254400134,0.168960005,0.5953599811,0.60273,1,0,-1,40865,35757,17,17,9134,25.5446486,14.31893056,512002,0,512002,40865
v2,ea89b79a9dfd35df20fed759e6d15c60fe01e77c,direct,octree_leafcount,flyby,3,840,840,0.3902080059,0.1709440053,0.562048018,0.569809,1,0,-1,40729,35638,17,17,9123,25.59907963,14.36674336,512002,0,512002,40729
v2,ea89b79a9dfd35df20fed759e6d15c60fe01e77c,direct,octree_leafcount,flyby,3,841,841,0.4628799856,0.1732800007,0.6371200085,0.644268,1,0,-1,40665,35582,17,17,9018,25.3442752,14.38935417,512002,0,512002,40665
v2,ea89b79a9dfd35df20fed759e6d15c60fe01e77c,direct,octree_leafcount,flyby,3,842,842,0.4400959909,0.1679680049,0.6089919806,0.61605,1,0,-1,40689,35603,17,17,9060,25.44729377,14.38086678,512002,0,512002,40689
v2,ea89b79a9dfd35df20fed759e6d15c60fe01e77c,direct,octree_leafcount,flyby,3,843,843,0.3957439959,0.1720959991,0.5687999725,0.57576,1,0,-1,40649,35568,17,17,9005,25.3177013,14.39501799,512002,0,512002,40649
v2,ea89b79a9dfd35df20fed759e6d15c60fe01e77c,direct,octree_leafcount,flyby,3,844,844,0.4627200067,0.171103999,0.6347839832,0.642064,1,0,-1,40393,35344,17,17,8873,25.10468538,14.48624943,512002,0,512002,40393
v2,ea89b79a9dfd35df20fed759e6d15c60fe01e77c,direct,octree_leafcount,flyby,3,845,845,0.4232319891,0.1721920073,0.5963519812,0.603455,1,0,-1,40609,35533,17,17,9053,25.47772493,14.40919708,512002,0,512002,40609
v2,ea89b79a9dfd35df20fed759e6d15c60fe01e77c,direct,octree_leafcount,flyby,3,846,846,0.3994559944,0.1769279987,0.5773440003,0.584438,1,0,-1,40417,35365,17,17,8880,25.10957161,14.47764739,512002,0,512002,40417
v2,ea89b79a9dfd35df20fed759e6d15c60fe01e77c,direct,octree_leafcount,flyby,3,847,847,0.4537279904,0.1731519997,0.6277760267,0.634874,1,0,-1,40769,35673,17,17,9007,25.2487876,14.35264766,512002,0,512002,40769
v2,ea89b79a9dfd35df20fed759e6d15c60fe01e77c,direct,octree_leafcount,flyby,3,848,848,0.4240320027,0.1720640063,0.5970559716,0.604054,1,0,-1,40497,35435,17,17,9033,25.49174545,14.44904755,512002,0,512002,40497
v2,ea89b79a9dfd35df20fed759e6d15c60fe01e77c,direct,octree_leafcount,flyby,3,849,849,0.3903360069,0.1707520038,0.562048018,0.569192,1,0,-1,40297,35260,17,17,8802,24.96313103,14.52076007,512002,0,512002,40297
v2,ea89b79a9dfd35df20fed759e6d15c60fe01e77c,direct,octree_leafcount,flyby,3,850,850,0.4538879991,0.1710399985,0.6258559823,0.63296,1,0,-1,40529,35463,17,17,8902,25.10221921,14.43763923,512002,0,512002,40529
v2,ea89b79a9dfd35df20fed759e6d15c60fe01e77c,direct,octree_leafcount,flyby,3,851,851,0.4199999869,0.1720319986,0.59296,0.599812,1,0,-1,40609,35533,17,17,8982,25.27791067,14.40919708,512002,0,512002,40609
v2,ea89b79a9dfd35df20fed759e6d15c60fe01e77c,direct,octree_leafcount,flyby,3,852,852,0.3940480053,0.1719360054,0.5669440031,0.573608,1,0,-1,40329,35288,17,17,8851,25.08218091,14.50923827,512002,0,512002,40329
v2,ea89b79a9dfd35df20fed759e6d15c60fe01e77c,direct,octree_leafcount,flyby,3,853,853,0.4600000083,0.176128,0.6370880008,0.644259,1,0,-1,40601,35526,17,17,8984,25.28852108,14.41203626,512002,0,512002,40601
v2,ea89b79a9dfd35df20fed759e6d15c60fe01e77c,direct,octree_leafcount,flyby,3,854,854,0.4285759926,0.1711679995,0.6006720066,0.60815,1,0,-1,40953,35834,17,17,9095,25.38092315,14.28816208,512002,0,512002,40953
v2,ea89b79a9dfd35df20fed759e6d15c60fe01e77c,direct,octree_leafcount,flyby,3,855,855,0.3900159895,0.1710080057,0.5619840026,0.569398,1,0,-1,40497,35435,17,17,8995,25.38450684,14.44904755,512002,0,512002,40497
v2,ea89b79a9dfd35df20fed759e6d15c60fe01e77c,direct,octree_leafcount,flyby,3,856,856,0.462559998,0.1710720062,0.6345919967,0.642038,1,0,-1,40705,35617,17,17,9073,25.47379061,14.37521408,512002,0,512002,40705
v2,ea89b79a9dfd35df20fed759e6d15c60fe01e77c,direct,octree_leafcount,flyby,3,857,857,0.4248639941,0.1738239974,0.5996479988,0.606529,1,0,-1,40905,35792,17,17,9108,25.44702727,14.30492848,512002,0,512002,40905
v2,ea89b79a9dfd35df20fed759e6d15c60fe01e77c,direct,octree_leafcount,flyby,3,858,858,0.4302720129,0.173247993,0.6044800282,0.612129,1,0,-1,40753,35659,17,17,8885,24.91657085,14.35828262,512002,0,512002,40753
v2,ea89b79a9dfd35df20fed759e6d15c60fe01e77c,direct,octree_leafcount,flyby,3,859,859,0.452767998,0.1691199988,0.6228160262,0.628124,1,0,-1,40777,35680,17,17,9094,25.48766816,14.34983184,512002,0,512002,40777
v2,ea89b79a9dfd35df20fed759e6d15c60fe01e77c,direct,octree_leafcount,flyby,3,860,860,0.4157440066,0.1697600037,0.5864319801,0.591772,1,0,-1,40745,35652,17,17,9089,25.49366094,14.36110176,512002,0,512002,40745
v2,ea89b79a9dfd35df20fed759e6d15c60fe01e77c,direct,octree_leafcount,flyby,3,861,861,0.4296959937,0.1707839966,0.6014400125,0.608325,1,0,-1,40961,35841,17,17,9087,25.35364527,14.2853715,512002,0,512002,40961
v2,ea89b79a9dfd35df20fed759e6d15c60fe01e77c,direct,octree_leafcount,flyby,3,862,862,0.4550080001,0.1729280055,0.6288639903,0.636358,1,0,-1,40537,35470,17,17,9109,25.68085706,14.43478996,512002,0,512002,40537
v2,ea89b79a9dfd35df20fed759e6d15c60fe01e77c,direct,octree_leafcount,flyby,3,863,863,0.431392014,0.1750400066,0.6073920131,0.614595,1,0,-1,40537,35470,17,17,9074,25.58218213,14.43478996,512002,0,512002,40537
v2,ea89b79a9dfd35df20fed759e6d15c60fe01e77c,direct,octree_leafcount,flyby,3,864,864,0.467328012,0.170975998,0.6392639875,0.646683,1,0,-1,40977,35855,17,17,9088,25.34653465,14.27979361,512002,0,512002,40977
v2,ea89b79a9dfd35df20fed759e6d15c60fe01e77c,direct,octree_leafcount,flyby,3,865,865,0.4220800102,0.1706559956,0.5936959982,0.600754,1,0,-1,40745,35652,17,17,9051,25.38707506,14.36110176,512002,0,512002,40745
v2,ea89b79a9dfd35df20fed759e6d15c60fe01e77c,direct,octree_leafcount,flyby,3,866,866,0.4255360067,0.1751040071,0.6015999913,0.608542,1,0,-1,40361,35316,17,17,8948,25.33695775,14.49773474,512002,0,512002,40361
v2,ea89b79a9dfd35df20fed759e6d15c60fe01e77c,direct,octree_leafcount,flyby,3,867,867,0.4597119987,0.1719360054,0.6325759888,0.64006,1,0,-1,40665,35582,17,17,9026,25.36675847,14.38935417,512002,0,512002,40665
v2,ea89b79a9dfd35df20fed759e6d15c60fe01e77c,direct,octree_leafcount,flyby,3,868,868,0.4277440012,0.1710080057,0.5997120142,0.607052,1,0,-1,40641,35561,17,17,8973,25.23269874,14.39785158,512002,0,512002,40641
v2,ea89b79a9dfd35df20fed759e6d15c60fe01e77c,direct,octree_leafcount,flyby,3,869,869,0.425247997,0.1719039977,0.5984960198,0.605764,1,0,-1,40481,35421,17,17,8862,25.01905649,14.45475848,512002,0,512002,40481
v2,ea89b79a9dfd35df20fed759e6d15c60fe01e77c,direct,octree_leafcount,flyby,3,870,870,0.4619840086,0.1711360067,0.6340159774,0.64119,1,0,-1,40641,35561,17,17,8962,25.20176598,14.39785158,512002,0,512002,40641
v2,ea89b79a9dfd35df20fed759e6d15c60fe01e77c,direct,octree_leafcount,flyby,3,871,871,0.3964799941,0.1708800048,0.5682880282,0.575452,1,0,-1,40545,35477,17,17,8919,25.1402317,14.43194182,512002,0,512002,40545
v2,ea89b79a9dfd35df20fed759e6d15c60fe01e77c,direct,octree_leafcount,flyby,3,872,872,0.4312640131,0.1712000072,0.603392005,0.610552,1,0,-1,40521,35456,17,17,8895,25.08743231,14.44048962,512002,0,512002,40521
v2,ea89b79a9dfd35df20fed759e6d15c60fe01e77c,direct,octree_leafcount,flyby,3,873,873,0.4514879882,0.1688960046,0.6213439703,0.627023,1,0,-1,40545,35477,17,17,8993,25.34881754,14.43194182,512002,0,512002,40545
v2,ea89b79a9dfd35df20fed759e6d15c60fe01e77c,direct,octree_leafcount,flyby,3,874,874,0.3833279908,0.1670400053,0.5513280034,0.556791,1,0,-1,40409,35358,17,17,8785,24.84586232,14.4805136,512002,0,512002,40409
v2,ea89b79a9dfd35df20fed759e6d15c60fe01e77c,direct,octree_leafcount,flyby,3,875,875,0.4160639942,0.1707839966,0.5877760053,0.59339,1,0,-1,40569,35498,17,17,8796,24.77886078,14.42340414,512002,0,512002,40569
v2,ea89b79a9dfd35df20fed759e6d15c60fe01e77c,direct,octree_leafcount,flyby,3,876,876,0.4518719912,0.1719679981,0.6248000264,0.62999,1,0,-1,40633,35554,17,17,8891,25.00703156,14.40068628,512002,0,512002,40633
v2,ea89b79a9dfd35df20fed759e6d15c60fe01e77c,direct,octree_leafcount,flyby,3,877,877,0.3816320002,0.1720959991,0.5546879768,0.560411,1,0,-1,40593,35519,17,17,8859,24.94158056,14.41487654,512002,0,512002,40593
v2,ea89b79a9dfd35df20fed759e6d15c60fe01e77c,direct,octree_leafcount,flyby,3,878,878,0.4287360013,0.1720959991,0.6017600298,0.608911,1,0,-1,40793,35694,17,17,8907,24.95377374,14.34420351,512002,0,512002,40793
v2,ea89b79a9dfd35df20fed759e6d15c60fe01e77c,direct,octree_leafcount,flyby,3,879,879,0.4574719965,0.170975998,0.6293759942,0.636755,1,0,-1,40769,35673,17,17,8991,25.20393575,14.35264766,512002,0,512002,40769
v2,ea89b79a9dfd35df20fed759e6d15c60fe01e77c,direct,octree_leafcount,flyby,3,880,880,0.3922879994,0.1712000072,0.5644159913,0.571847,1,0,-1,40297,35260,17,17,8815,25,14.52076007,512002,0,512002,40297
v2,ea89b79a9dfd35df20fed759e6d15c60fe01e77c,direct,octree_leafcount,flyby,3,881,881,0.421344012,0.1708800048,0.5931519866,0.600018,1,0,-1,40609,35533,17,17,8941,25.16252498,14.40919708,512002,0,512002,40609
v2,ea89b79a9dfd35df20fed759e6d15c60fe01e77c,direct,octree_leafcount,flyby,3,882,882,0.4594559968,0.1751040071,0.6354879737,0.643042,1,0,-1,40641,35561,17,17,8938,25.13427631,14.39785158,512002,0,512002,40641
v2,ea89b79a9dfd35df20fed759e6d15c60fe01e77c,direct,octree_leafcount,flyby,3,883,883,0.398496002,0.1726720035,0.5720959902,0.578944,1,0,-1,40161,35141,17,17,8732,24.8484676,14.56993256,512002,0,512002,40161
v2,ea89b79a9dfd35df20fed759e6d15c60fe01e77c,direct,octree_leafcount,flyby,3,884,884,0.4363839924,0.1721599996,0.6095039845,0.61803,1,0,-1,40505,35442,17,17,8923,25.17634445,14.44619378,512002,0,512002,40505
v2,ea89b79a9dfd35df20fed759e6d15c60fe01e77c,direct,octree_leafcount,flyby,3,885,885,0.4696959853,0.1750400066,0.6456639767,0.65339,1,0,-1,40793,35694,17,17,8927,25.00980557,14.34420351,512002,0,512002,40793
v2,ea89b79a9dfd35df20fed759e6d15c60fe01e77c,direct,octree_leafcount,flyby,3,886,886,0.3983359933,0.1730560064,0.5723199844,0.580027,1,0,-1,40281,35246,17,17,8720,24.74039607,14.52652783,512002,0,512002,40281
v2,ea89b79a9dfd35df20fed759e6d15c60fe01e77c,direct,octree_leafcount,flyby,3,887,887,0.4300799966,0.1703359932,0.6013759971,0.608027,1,0,-1,40361,35316,17,17,9020,25.54083135,14.49773474,512002,0,512002,40361
v2,ea89b79a9dfd35df20fed759e6d15c60fe01e77c,direct,octree_leafcount,flyby,3,888,888,0.4553599954,0.1700479984,0.6263679862,0.633634,1,0,-1,40449,35393,17,17,8863,25.04167491,14.46619388,512002,0,512002,40449
v2,ea89b79a9dfd35df20fed759e6d15c60fe01e77c,direct,octree_leafcount,flyby,3,889,889,0.3904959857,0.1711679995,0.5625920296,0.570189,1,0,-1,40281,35246,17,17,8684,24.63825682,14.52652783,512002,0,512002,40281
v2,ea89b79a9dfd35df20fed759e6d15c60fe01e77c,direct,octree_leafcount,flyby,3,890,890,0.4279359877,0.1702399999,0.5991359949,0.606466,1,0,-1,40265,35232,17,17,9000,25.54495913,14.53230018,512002,0,512002,40265
v2,ea89b79a9dfd35df20fed759e6d15c60fe01e77c,direct,octree_leafcount,flyby,3,891,891,0.4627520144,0.1701440066,0.6338559985,0.640407,1,0,-1,40833,35729,17,17,9007,25.2092138,14.33015198,512002,0,512002,40833
v2,ea89b79a9dfd35df20fed759e6d15c60fe01e77c,direct,octree_leafcount,flyby,3,892,892,0.4002560079,0.1718399972,0.5730239749,0.580141,1,0,-1,40833,35729,17,17,8975,25.1196507,14.33015198,512002,0,512002,40833
v2,ea89b79a9dfd35df20fed759e6d15c60fe01e77c,direct,octree_leafcount,flyby,3,893,893,0.4342080057,0.1708800048,0.6060479879,0.61307,1,0,-1,40561,35491,17,17,9064,25.53886901,14.42624891,512002,0,512002,40561
v2,ea89b79a9dfd35df20fed759e6d15c60fe01e77c,direct,octree_leafcount,flyby,3,894,894,0.4610239863,0.1720000058,0.6339520216,0.640712,1,0,-1,40593,35519,17,17,8993,25.31884344,14.41487654,512002,0,512002,40593
v2,ea89b79a9dfd35df20fed759e6d15c60fe01e77c,direct,octree_leafcount,flyby,3,895,895,0.4287360013,0.1726720035,0.6023679972,0.610184,1,0,-1,40649,35568,17,17,8919,25.07591093,14.39501799,512002,0,512002,40649
v2,ea89b79a9dfd35df20fed759e6d15c60fe01e77c,direct,octree_leafcount,flyby,3,896,896,0.3911679983,0.1720959991,0.5641919971,0.571559,1,0,-1,40297,35260,17,17,8871,25.15882019,14.52076007,512002,0,512002,40297
v2,ea89b79a9dfd35df20fed759e6d15c60fe01e77c,direct,octree_leafcount,flyby,3,897,897,0.4535360038,0.1743039936,0.6288319826,0.635763,1,0,-1,40369,35323,17,17,8849,25.05166605,14.4948617,512002,0,512002,40369
v2,ea89b79a9dfd35df20fed759e6d15c60fe01e77c,direct,octree_leafcount,flyby,3,898,898,0.4220159948,0.1742399931,0.5971840024,0.603027,1,0,-1,40393,35344,17,17,8864,25.07922137,14.48624943,512002,0,512002,40393
v2,ea89b79a9dfd35df20fed759e6d15c60fe01e77c,direct,octree_leafcount,flyby,3,899,899,0.395103991,0.1701759994,0.5662400126,0.572872,1,0,-1,40369,35323,17,17,8913,25.23285112,14.4948617,512002,0,512002,40369
v2,ea89b79a9dfd35df20fed759e6d15c60fe01e77c,direct,octree_leafcount,flyby,3,900,900,0.459679991,0.1690559983,0.6296960115,0.636508,1,0,-1,40121,35106,17,17,8854,25.22075998,14.5844585,512002,0,512002,40121
v2,ea89b79a9dfd35df20fed759e6d15c60fe01e77c,direct,octree_leafcount,flyby,3,901,901,0.4187200069,0.1719360054,0.5915520191,0.597376,1,0,-1,40385,35337,17,17,8956,25.34453972,14.48911905,512002,0,512002,40385
v2,ea89b79a9dfd35df20fed759e6d15c60fe01e77c,direct,octree_leafcount,flyby,3,902,902,0.4177600145,0.1710399985,0.5897279978,0.59549,1,0,-1,40641,35561,17,17,8944,25.15114873,14.39785158,512002,0,512002,40641
v2,ea89b79a9dfd35df20fed759e6d15c60fe01e77c,direct,octree_leafcount,flyby,3,903,903,0.4490880072,0.1690240055,0.6190400124,0.62474,1,0,-1,40409,35358,17,17,8764,24.78646982,14.4805136,512002,0,512002,40409
v2,ea89b79a9dfd35df20fed759e6d15c60fe01e77c,direct,octree_leafcount,flyby,3,904,904,0.4320960045,0.1719679981,0.6050239801,0.612197,1,0,-1,40585,35512,17,17,8940,25.17458887,14.41771795,512002,0,512002,40585
v2,ea89b79a9dfd35df20fed759e6d15c60fe01e77c,direct,octree_leafcount,flyby,3,905,905,0.3934080005,0.169855997,0.5642240047,0.570873,1,0,-1,40649,35568,17,17,8827,24.81725146,14.39501799,512002,0,512002,40649
v2,ea89b79a9dfd35df20fed759e6d15c60fe01e77c,direct,octree_leafcount,flyby,3,906,906,0.4564799964,0.1701759994,0.6275839806,0.63406,1,0,-1,40601,35526,17,17,8769,24.68333052,14.41203626,512002,0,512002,40601
v2,ea89b79a9dfd35df20fed759e6d15c60fe01e77c,direct,octree_leafcount,flyby,3,907,907,0.4133439958,0.1702080071,0.5845119953,0.590131,1,0,-1,40737,35645,17,17,9036,25.34997896,14.36392201,512002,0,512002,40737
v2,ea89b79a9dfd35df20fed759e6d15c60fe01e77c,direct,octree_leafcount,flyby,3,908,908,0.3951680064,0.1710720062,0.5671679974,0.574129,1,0,-1,40457,35400,17,17,8860,25.02824859,14.46333333,512002,0,512002,40457
v2,ea89b79a9dfd35df20fed759e6d15c60fe01e77c,direct,octree_leafcount,flyby,3,909,909,0.4582079947,0.1703680009,0.6294720173,0.636628,1,0,-1,40313,35274,17,17,8807,24.96739808,14.51499688,512002,0,512002,40313
v2,ea89b79a9dfd35df20fed759e6d15c60fe01e77c,direct,octree_leafcount,flyby,3,910,910,0.4288960099,0.1699520051,0.5997760296,0.606531,1,0,-1,40481,35421,17,17,8982,25.35783857,14.45475848,512002,0,512002,40481
v2,ea89b79a9dfd35df20fed759e6d15c60fe01e77c,direct,octree_leafcount,flyby,3,911,911,0.3979519904,0.1698880047,0.5687680244,0.57558,1,0,-1,40305,35267,17,17,8830,25.03757053,14.5178779,512002,0,512002,40305
v2,ea89b79a9dfd35df20fed759e6d15c60fe01e77c,direct,octree_leafcount,flyby,3,912,912,0.4626559913,0.1701440066,0.6336960196,0.640681,1,0,-1,40521,35456,17,17,8890,25.07333032,14.44048962,512002,0,512002,40521
v2,ea89b79a9dfd35df20fed759e6d15c60fe01e77c,direct,octree_leafcount,flyby,3,913,913,0.430016011,0.1720000058,0.6029440165,0.610124,1,0,-1,40465,35407,17,17,8968,25.32832491,14.46047392,512002,0,512002,40465
v2,ea89b79a9dfd35df20fed759e6d15c60fe01e77c,direct,octree_leafcount,flyby,3,914,914,0.4009599984,0.1750400066,0.5769600272,0.584425,1,0,-1,40369,35323,17,17,8860,25.08280724,14.4948617,512002,0,512002,40369
v2,ea89b79a9dfd35df20fed759e6d15c60fe01e77c,direct,octree_leafcount,flyby,3,915,915,0.4672319889,0.1681600064,0.6363520026,0.644082,1,0,-1,40617,35540,17,17,9018,25.37422622,14.40635903,512002,0,512002,40617
v2,ea89b79a9dfd35df20fed759e6d15c60fe01e77c,direct,octree_leafcount,flyby,3,916,916,0.4259839952,0.1712000072,0.5981119871,0.605413,1,0,-1,40481,35421,17,17,8966,25.31266763,14.45475848,512002,0,512002,40481
v2,ea89b79a9dfd35df20fed759e6d15c60fe01e77c,direct,octree_leafcount,flyby,3,917,917,0.3943359852,0.1701759994,0.5654720068,0.572608,1,0,-1,40225,35197,17,17,8783,24.95383129,14.54675114,512002,0,512002,40225
v2,ea89b79a9dfd35df20fed759e6d15c60fe01e77c,direct,octree_leafcount,flyby,3,918,918,0.4592640102,0.1791359931,0.6392959952,0.647221,1,0,-1,40553,35484,17,17,8933,25.17472664,14.4290948,512002,0,512002,40553
v2,ea89b79a9dfd35df20fed759e6d15c60fe01e77c,direct,octree_leafcount,flyby,3,919,919,0.4323199987,0.1722240001,0.6055039763,0.61296,1,0,-1,40529,35463,17,17,8923,25.16143586,14.43763923,512002,0,512002,40529
v2,ea89b79a9dfd35df20fed759e6d15c60fe01e77c,direct,octree_leafcount,flyby,3,920,920,0.3971520066,0.1737920046,0.5718719959,0.578889,1,0,-1,40177,35155,17,17,8780,24.97511023,14.56413028,512002,0,512002,40177
v2,ea89b79a9dfd35df20fed759e6d15c60fe01e77c,direct,octree_leafcount,flyby,3,921,921,0.4602240026,0.1701440066,0.6313279867,0.638134,1,0,-1,40401,35351,17,17,8849,25.03182371,14.48338095,512002,0,512002,40401
v2,ea89b79a9dfd35df20fed759e6d15c60fe01e77c,direct,octree_leafcount,flyby,3,922,922,0.4265919924,0.1702080071,0.5977600217,0.60459,1,0,-1,40897,35785,17,17,9058,25.31228168,14.3077267,512002,0,512002,40897
v2,ea89b79a9dfd35df20fed759e6d15c60fe01e77c,direct,octree_leafcount,flyby,3,923,923,0.428384006,0.1731200069,0.6024320126,0.609517,1,0,-1,40337,35295,17,17,8799,24.92987675,14.50636067,512002,0,512002,40337
v2,ea89b79a9dfd35df20fed759e6d15c60fe01e77c,direct,octree_leafcount,flyby,3,924,924,0.4656639993,0.1729920059,0.6396160126,0.646499,1,0,-1,40313,35274,17,17,8964,25.41248512,14.51499688,512002,0,512002,40313
v2,ea89b79a9dfd35df20fed759e6d15c60fe01e77c,direct,octree_leafcount,flyby,3,925,925,0.4311360121,0.1701440066,0.6021760106,0.608714,1,0,-1,40553,35484,17,17,8960,25.25081727,14.4290948,512002,0,512002,40553
v2,ea89b79a9dfd35df20fed759e6d15c60fe01e77c,direct,octree_leafcount,flyby,3,926,926,0.4303359985,0.169855997,0.6011520028,0.607744,1,0,-1,40337,35295,17,17,8811,24.9638759,14.50636067,512002,0,512002,40337
v2,ea89b79a9dfd35df20fed759e6d15c60fe01e77c,direct,octree_leafcount,flyby,3,927,927,0.4571200013,0.1712960005,0.6293439865,0.635851,1,0,-1,40561,35491,17,17,8948,25.21202558,14.42624891,512002,0,512002,40561
v2,ea89b79a9dfd35df20fed759e6d15c60fe01e77c,direct,octree_leafcount,flyby,3,928,928,0.4271680117,0.1722240001,0.6003519893,0.607514,1,0,-1,40521,35456,17,17,8830,24.9041065,14.44048962,512002,0,512002,40521
v2,ea89b79a9dfd35df20fed759e6d15c60fe01e77c,direct,octree_leafcount,flyby,3,929,929,0.4287039936,0.1742080003,0.6038399935,0.610872,1,0,-1,40177,35155,17,17,8646,24.59394112,14.56413028,512002,0,512002,40177
v2,ea89b79a9dfd35df20fed759e6d15c60fe01e77c,direct,octree_leafcount,flyby,3,930,930,0.4603840113,0.1708800048,0.6322240233,0.638913,1,0,-1,40185,35162,17,17,8821,25.08674137,14.56123087,512002,0,512002,40185
v2,ea89b79a9dfd35df20fed759e6d15c60fe01e77c,direct,octree_leafcount,flyby,3,931,931,0.4273279905,0.1696639955,0.5978879929,0.6043,1,0,-1,40065,35057,17,17,8670,24.73115212,14.60484354,512002,0,512002,40065
v2,ea89b79a9dfd35df20fed759e6d15c60fe01e77c,direct,octree_leafcount,flyby,3,932,932,0.4203200042,0.1720319986,0.5932480097,0.600251,1,0,-1,40177,35155,17,17,8584,24.41757929,14.56413028,512002,0,512002,40177
v2,ea89b79a9dfd35df20fed759e6d15c60fe01e77c,direct,octree_leafcount,flyby,3,933,933,0.4635519981,0.1748480052,0.6393600106,0.646606,1,0,-1,40137,35120,17,17,8767,24.96298405,14.57864465,512002,0,512002,40137
v2,ea89b79a9dfd35df20fed759e6d15c60fe01e77c,direct,octree_leafcount,flyby,3,934,934,0.4239040017,0.1719679981,0.5968000293,0.604098,1,0,-1,39961,34966,17,17,8731,24.96997083,14.64285306,512002,0,512002,39961
v2,ea89b79a9dfd35df20fed759e6d15c60fe01e77c,direct,octree_leafcount,flyby,3,935,935,0.4281600118,0.1669760048,0.5960639715,0.603064,1,0,-1,40177,35155,17,17,8705,24.76176931,14.56413028,512002,0,512002,40177
v2,ea89b79a9dfd35df20fed759e6d15c60fe01e77c,direct,octree_leafcount,flyby,3,936,936,0.4616320133,0.1679040045,0.6304960251,0.638284,1,0,-1,40233,35204,17,17,8808,25.0198841,14.54385865,512002,0,512002,40233
v2,ea89b79a9dfd35df20fed759e6d15c60fe01e77c,direct,octree_leafcount,flyby,3,937,937,0.4327360094,0.1706880033,0.6043199897,0.611825,1,0,-1,40089,35078,17,17,8743,24.92445407,14.59610012,512002,0,512002,40089
v2,ea89b79a9dfd35df20fed759e6d15c60fe01e77c,direct,octree_leafcount,flyby,3,938,938,0.4592959881,0.171103999,0.6313279867,0.63843,1,0,-1,40449,35393,17,17,8830,24.94843613,14.46619388,512002,0,512002,40449
v2,ea89b79a9dfd35df20fed759e6d15c60fe01e77c,direct,octree_leafcount,flyby,3,939,939,0.4298560023,0.1721599996,0.6029120088,0.609906,1,0,-1,40441,35386,17,17,8913,25.18792743,14.46905556,512002,0,512002,40441
v2,ea89b79a9dfd35df20fed759e6d15c60fe01e77c,direct,octree_leafcount,flyby,3,940,940,0.4308800101,0.1698240042,0.6016640067,0.608915,1,0,-1,40185,35162,17,17,8822,25.08958535,14.56123087,512002,0,512002,40185
v2,ea89b79a9dfd35df20fed759e6d15c60fe01e77c,direct,octree_leafcount,flyby,3,941,941,0.4702720046,0.1709440053,0.6421440244,0.64948,1,0,-1,40561,35491,17,17,8881,25.02324533,14.42624891,512002,0,512002,40561
v2,ea89b79a9dfd35df20fed759e6d15c60fe01e77c,direct,octree_leafcount,flyby,3,942,942,0.4350720048,0.1716479957,0.6076160073,0.614897,1,0,-1,40553,35484,17,17,8926,25.15499944,14.4290948,512002,0,512002,40553
v2,ea89b79a9dfd35df20fed759e6d15c60fe01e77c,direct,octree_leafcount,flyby,3,943,943,0.4297919869,0.1709440053,0.6016960144,0.608654,1,0,-1,40353,35309,17,17,8838,25.0304455,14.50060891,512002,0,512002,40353
v2,ea89b79a9dfd35df20fed759e6d15c60fe01e77c,direct,octree_leafcount,flyby,3,944,944,0.4642559886,0.1740480065,0.6392319798,0.646382,1,0,-1,40353,35309,17,17,8871,25.12390609,14.50060891,512002,0,512002,40353
v2,ea89b79a9dfd35df20fed759e6d15c60fe01e77c,direct,octree_leafcount,flyby,3,945,945,0.4263040125,0.174879998,0.6021440029,0.609593,1,0,-1,40305,35267,17,17,8861,25.1254714,14.5178779,512002,0,512002,40305
v2,ea89b79a9dfd35df20fed759e6d15c60fe01e77c,direct,octree_leafcount,flyby,3,946,946,0.4335039854,0.1717440039,0.6062080264,0.613629,1,0,-1,40105,35092,17,17,8703,24.80052434,14.59027699,512002,0,512002,40105
v2,ea89b79a9dfd35df20fed759e6d15c60fe01e77c,direct,octree_leafcount,flyby,3,947,947,0.4632000029,0.169855997,0.6339840293,0.640749,1,0,-1,40097,35085,17,17,8751,24.94228303,14.59318797,512002,0,512002,40097
v2,ea89b79a9dfd35df20fed759e6d15c60fe01e77c,direct,octree_leafcount,flyby,3,948,948,0.3965759873,0.1711360067,0.5686399937,0.576029,1,0,-1,40145,35127,17,17,8702,24.77296666,14.57573946,512002,0,512002,40145
v2,ea89b79a9dfd35df20fed759e6d15c60fe01e77c,direct,octree_leafcount,flyby,3,949,949,0.4297600091,0.1710080057,0.6016960144,0.609001,1,0,-1,39937,34945,17,17,8607,24.63013307,14.6516526,512002,0,512002,39937
v2,ea89b79a9dfd35df20fed759e6d15c60fe01e77c,direct,octree_leafcount,flyby,3,950,950,0.4680640101,0.1728959978,0.6419199705,0.649003,1,0,-1,40089,35078,17,17,8752,24.95011118,14.59610012,512002,0,512002,40089
v2,ea89b79a9dfd35df20fed759e6d15c60fe01e77c,direct,octree_leafcount,flyby,3,951,951,0.3965120018,0.1707520038,0.5681920052,0.575142,1,0,-1,40169,35148,17,17,8679,24.69272789,14.56703084,512002,0,512002,40169
v2,ea89b79a9dfd35df20fed759e6d15c60fe01e77c,direct,octree_leafcount,flyby,3,952,952,0.4317120016,0.1710720062,0.6037120223,0.611059,1,0,-1,40017,35015,17,17,8535,24.37526774,14.62236184,512002,0,512002,40017
v2,ea89b79a9dfd35df20fed759e6d15c60fe01e77c,direct,octree_leafcount,flyby,3,953,953,0.4657280147,0.1707520038,0.6374080181,0.644934,1,0,-1,40073,35064,17,17,8793,25.07700205,14.6019279,512002,0,512002,40073
v2,ea89b79a9dfd35df20fed759e6d15c60fe01e77c,direct,octree_leafcount,flyby,3,954,954,0.3929280043,0.1699839979,0.5638080239,0.571536,1,0,-1,40169,35148,17,17,8730,24.83782861,14.56703084,512002,0,512002,40169
v2,ea89b79a9dfd35df20fed759e6d15c60fe01e77c,direct,octree_leafcount,flyby,3,955,955,0.4342719913,0.169088006,0.604287982,0.611558,1,0,-1,40017,35015,17,17,8661,24.73511352,14.62236184,512002,0,512002,40017
v2,ea89b79a9dfd35df20fed759e6d15c60fe01e77c,direct,octree_leafcount,flyby,3,956,956,0.4523519874,0.1669439971,0.6202880144,0.626274,1,0,-1,40057,35050,17,17,8781,25.05278174,14.60776034,512002,0,512002,40057
v2,ea89b79a9dfd35df20fed759e6d15c60fe01e77c,direct,octree_leafcount,flyby,3,957,957,0.3838399947,0.1744000018,0.5591359735,0.56423,1,0,-1,39969,34973,17,17,8597,24.58182026,14.63992223,512002,0,512002,39969
v2,ea89b79a9dfd35df20fed759e6d15c60fe01e77c,direct,octree_leafcount,flyby,3,958,958,0.4285759926,0.1699520051,0.5994560122,0.606784,1,0,-1,40273,35239,17,17,8707,24.70841965,14.52941343,512002,0,512002,40273
v2,ea89b79a9dfd35df20fed759e6d15c60fe01e77c,direct,octree_leafcount,flyby,3,959,959,0.4602240026,0.1720319986,0.6331840158,0.640026,1,0,-1,40265,35232,17,17,8795,24.96310173,14.53230018,512002,0,512002,40265
v2,ea89b79a9dfd35df20fed759e6d15c60fe01e77c,direct,octree_leafcount,flyby,3,960,960,0.3979200125,0.1738239974,0.5727360249,0.580013,1,0,-1,39793,34819,17,17,8567,24.60438266,14.70467274,512002,0,512002,39793
v2,ea89b79a9dfd35df20fed759e6d15c60fe01e77c,direct,octree_leafcount,flyby,3,961,961,0.4271680117,0.171103999,0.5992000103,0.606701,1,0,-1,40369,35323,17,17,8864,25.0941313,14.4948617,512002,0,512002,40369
v2,ea89b79a9dfd35df20fed759e6d15c60fe01e77c,direct,octree_leafcount,flyby,3,962,962,0.4618879855,0.1728959978,0.6357439756,0.642779,1,0,-1,40489,35428,17,17,8921,25.18064807,14.45190245,512002,0,512002,40489
v2,ea89b79a9dfd35df20fed759e6d15c60fe01e77c,direct,octree_leafcount,flyby,3,963,963,0.388063997,0.1679680049,0.5569599867,0.562742,1,0,-1,40113,35099,17,17,8791,25.04629762,14.58736716,512002,0,512002,40113
v2,ea89b79a9dfd35df20fed759e6d15c60fe01e77c,direct,octree_leafcount,flyby,3,964,964,0.43116799,0.1710080057,0.6031039953,0.610538,1,0,-1,40313,35274,17,17,8851,25.09213585,14.51499688,512002,0,512002,40313
v2,ea89b79a9dfd35df20fed759e6d15c60fe01e77c,direct,octree_leafcount,flyby,3,965,965,0.4674879909,0.1729920059,0.6414080262,0.648714,1,0,-1,40273,35239,17,17,8860,25.14259769,14.52941343,512002,0,512002,40273
v2,ea89b79a9dfd35df20fed759e6d15c60fe01e77c,direct,octree_leafcount,flyby,3,966,966,0.3894079924,0.1753280014,0.5656639934,0.572874,1,0,-1,39913,34924,17,17,8731,25,14.66046272,512002,0,512002,39913
v2,ea89b79a9dfd35df20fed759e6d15c60fe01e77c,direct,octree_leafcount,flyby,3,967,967,0.4245119989,0.171360001,0.5968319774,0.602652,1,0,-1,40065,35057,17,17,8811,25.13335425,14.60484354,512002,0,512002,40065
v2,ea89b79a9dfd35df20fed759e6d15c60fe01e77c,direct,octree_leafcount,flyby,3,968,968,0.4591679871,0.1681279987,0.6282560229,0.634955,1,0,-1,40321,35281,17,17,8953,25.37626485,14.512117,512002,0,512002,40321
v2,ea89b79a9dfd35df20fed759e6d15c60fe01e77c,direct,octree_leafcount,flyby,3,969,969,0.3995839953,0.1702719927,0.5707839727,0.578031,1,0,-1,39913,34924,17,17,8780,25.14030466,14.66046272,512002,0,512002,39913
v2,ea89b79a9dfd35df20fed759e6d15c60fe01e77c,direct,octree_leafcount,flyby,3,970,970,0.4280320108,0.175999999,0.6049919724,0.612896,1,0,-1,40225,35197,17,17,8938,25.39420973,14.54675114,512002,0,512002,40225
v2,ea89b79a9dfd35df20fed759e6d15c60fe01e77c,direct,octree_leafcount,flyby,3,971,971,0.4657599926,0.1720959991,0.6387519836,0.646411,1,0,-1,40569,35498,17,17,8928,25.15071272,14.42340414,512002,0,512002,40569
v2,ea89b79a9dfd35df20fed759e6d15c60fe01e77c,direct,octree_leafcount,flyby,3,972,972,0.3909440041,0.1732800007,0.5651839972,0.573195,1,0,-1,40209,35183,17,17,8765,24.91259984,14.55253958,512002,0,512002,40209
v2,ea89b79a9dfd35df20fed759e6d15c60fe01e77c,direct,octree_leafcount,flyby,3,973,973,0.42988801,0.1771519929,0.6079360247,0.615818,1,0,-1,40209,35183,17,17,8857,25.17408976,14.55253958,512002,0,512002,40209
v2,ea89b79a9dfd35df20fed759e6d15c60fe01e77c,direct,octree_leafcount,flyby,3,974,974,0.4620800018,0.1737599969,0.6367999911,0.644543,1,0,-1,40313,35274,17,17,8844,25.07229121,14.51499688,512002,0,512002,40313
v2,ea89b79a9dfd35df20fed759e6d15c60fe01e77c,direct,octree_leafcount,flyby,3,975,975,0.3932479918,0.1679040045,0.5621119738,0.56945,1,0,-1,40057,35050,17,17,8643,24.65905849,14.60776034,512002,0,512002,40057
v2,ea89b79a9dfd35df20fed759e6d15c60fe01e77c,direct,octree_leafcount,flyby,3,976,976,0.4282880127,0.1750400066,0.6046079993,0.612399,1,0,-1,40105,35092,17,17,8776,25.00854896,14.59027699,512002,0,512002,40105
v2,ea89b79a9dfd35df20fed759e6d15c60fe01e77c,direct,octree_leafcount,flyby,3,977,977,0.4625279903,0.1767040044,0.6401600242,0.648819,1,0,-1,40529,35463,17,17,8766,24.71872092,14.43763923,512002,0,512002,40529
v2,ea89b79a9dfd35df20fed759e6d15c60fe01e77c,direct,octree_leafcount,flyby,3,978,978,0.4000320137,0.1771519929,0.5781440139,0.58643,1,0,-1,39841,34861,17,17,8568,24.57760822,14.68695677,512002,0,512002,39841
v2,ea89b79a9dfd35df20fed759e6d15c60fe01e77c,direct,octree_leafcount,flyby,3,979,979,0.4316479862,0.1710399985,0.6036159992,0.612221,1,0,-1,39593,34644,17,17,8705,25.12700612,14.77895162,512002,0,512002,39593
v2,ea89b79a9dfd35df20fed759e6d15c60fe01e77c,direct,octree_leafcount,flyby,3,980,980,0.4622400105,0.1739519984,0.6371520162,0.64582,1,0,-1,39961,34966,17,17,8695,24.86701367,14.64285306,512002,0,512002,39961
v2,ea89b79a9dfd35df20fed759e6d15c60fe01e77c,direct,octree_leafcount,flyby,3,981,981,0.3974719942,0.1731519997,0.5715519786,0.579561,1,0,-1,39921,34931,17,17,8525,24.40525608,14.65752483,512002,0,512002,39921
v2,ea89b79a9dfd35df20fed759e6d15c60fe01e77c,direct,octree_leafcount,flyby,3,982,982,0.4259519875,0.1722240001,0.5991359949,0.606909,1,0,-1,39929,34938,17,17,8714,24.94132463,14.65458813,512002,0,512002,39929
v2,ea89b79a9dfd35df20fed759e6d15c60fe01e77c,direct,octree_leafcount,flyby,3,983,983,0.4647679925,0.1746560037,0.6403840184,0.648694,1,0,-1,39985,34987,17,17,8579,24.5205362,14.63406408,512002,0,512002,39985
v2,ea89b79a9dfd35df20fed759e6d15c60fe01e77c,direct,octree_leafcount,flyby,3,984,984,0.3973119855,0.175999999,0.5745919943,0.582429,1,0,-1,40225,35197,17,17,8608,24.45662983,14.54675114,512002,0,512002,40225
v2,ea89b79a9dfd35df20fed759e6d15c60fe01e77c,direct,octree_leafcount,flyby,3,985,985,0.4320960045,0.1771519929,0.6102079749,0.618716,1,0,-1,39985,34987,17,17,8781,25.0978935,14.63406408,512002,0,512002,39985
v2,ea89b79a9dfd35df20fed759e6d15c60fe01e77c,direct,octree_leafcount,flyby,3,986,986,0.4651519954,0.1757120043,0.6421440244,0.649962,1,0,-1,40361,35316,17,17,8658,24.5158002,14.49773474,512002,0,512002,40361
v2,ea89b79a9dfd35df20fed759e6d15c60fe01e77c,direct,octree_leafcount,flyby,3,987,987,0.4002560079,0.1708160043,0.5720319748,0.580674,1,0,-1,40329,35288,17,17,8577,24.30571299,14.50923827,512002,0,512002,40329
v2,ea89b79a9dfd35df20fed759e6d15c60fe01e77c,direct,octree_leafcount,flyby,3,988,988,0.4321280122,0.1730879992,0.606144011,0.614519,1,0,-1,40273,35239,17,17,8801,24.97516956,14.52941343,512002,0,512002,40273
v2,ea89b79a9dfd35df20fed759e6d15c60fe01e77c,direct,octree_leafcount,flyby,3,989,989,0.4688639939,0.1778240055,0.6475840211,0.655939,1,0,-1,40153,35134,17,17,8720,24.81926339,14.57283543,512002,0,512002,40153
v2,ea89b79a9dfd35df20fed759e6d15c60fe01e77c,direct,octree_leafcount,flyby,3,990,990,0.3984000087,0.1719360054,0.5712959766,0.579347,1,0,-1,40249,35218,17,17,8605,24.43352831,14.53807712,512002,0,512002,40249
v2,ea89b79a9dfd35df20fed759e6d15c60fe01e77c,direct,octree_leafcount,flyby,3,991,991,0.4259839952,0.1691839993,0.5960959792,0.603532,1,0,-1,40065,35057,17,17,8808,25.12479676,14.60484354,512002,0,512002,40065
v2,ea89b79a9dfd35df20fed759e6d15c60fe01e77c,direct,octree_leafcount,flyby,3,992,992,0.4617919922,0.1678719968,0.6305599809,0.637495,1,0,-1,40193,35169,17,17,8668,24.64670591,14.55833262,512002,0,512002,40193
v2,ea89b79a9dfd35df20fed759e6d15c60fe01e77c,direct,octree_leafcount,flyby,3,993,993,0.4289279878,0.1728000045,0.6026880145,0.611006,1,0,-1,40329,35288,17,17,8700,24.65427341,14.50923827,512002,0,512002,40329
v2,ea89b79a9dfd35df20fed759e6d15c60fe01e77c,direct,octree_leafcount,flyby,3,994,994,0.4296320081,0.1751359999,0.6057599783,0.613678,1,0,-1,39921,34931,17,17,8785,25.1495806,14.65752483,512002,0,512002,39921
v2,ea89b79a9dfd35df20fed759e6d15c60fe01e77c,direct,octree_leafcount,flyby,3,995,995,0.4858880043,0.1719360054,0.6587839723,0.666878,1,0,-1,39993,34994,17,17,8703,24.86997771,14.63113677,512002,0,512002,39993
v2,ea89b79a9dfd35df20fed759e6d15c60fe01e77c,direct,octree_leafcount,flyby,3,996,996,0.4276160002,0.1730239987,0.6015679836,0.610102,1,0,-1,40265,35232,17,17,8693,24.67359219,14.53230018,512002,0,512002,40265
v2,ea89b79a9dfd35df20fed759e6d15c60fe01e77c,direct,octree_leafcount,flyby,3,997,997,0.3952639997,0.1719679981,0.5681920052,0.575606,1,0,-1,39849,34868,17,17,8654,24.81931857,14.68400826,512002,0,512002,39849
v2,ea89b79a9dfd35df20fed759e6d15c60fe01e77c,direct,octree_leafcount,flyby,3,998,998,0.4600319862,0.171103999,0.6320959926,0.639888,1,0,-1,40017,35015,17,17,8614,24.60088533,14.62236184,512002,0,512002,40017
v2,ea89b79a9dfd35df20fed759e6d15c60fe01e77c,direct,octree_leafcount,flyby,3,999,999,0.4267840087,0.1721599996,0.6011520028,0.608077,1,0,-1,40337,35295,17,17,8625,24.43688908,14.50636067,512002,0,512002,40337
v2,ea89b79a9dfd35df20fed759e6d15c60fe01e77c,direct,octree_leafcount,flyby,3,1000,1000,0.3918400109,0.1689279974,0.5616959929,0.569298,1,0,-1,40081,35071,17,17,8594,24.50457643,14.59901343,512002,0,512002,40081
v2,ea89b79a9dfd35df20fed759e6d15c60fe01e77c,direct,octree_leafcount,flyby,3,1001,1001,0.4611200094,0.1721280068,0.6341760159,0.641746,1,0,-1,39833,34854,17,17,8468,24.29563321,14.68990647,512002,0,512002,39833
v2,ea89b79a9dfd35df20fed759e6d15c60fe01e77c,direct,octree_leafcount,flyby,3,1002,1002,0.4257920086,0.1729280055,0.5996479988,0.606957,1,0,-1,40025,35022,17,17,8612,24.59025755,14.61943921,512002,0,512002,40025
v2,ea89b79a9dfd35df20fed759e6d15c60fe01e77c,direct,octree_leafcount,flyby,3,1003,1003,0.3908799887,0.1728000045,0.5646079779,0.572406,1,0,-1,40065,35057,17,17,8676,24.74826711,14.60484354,512002,0,512002,40065
v2,ea89b79a9dfd35df20fed759e6d15c60fe01e77c,direct,octree_leafcount,flyby,3,1004,1004,0.4629119933,0.1742399931,0.6380479932,0.646517,1,0,-1,39969,34973,17,17,8604,24.6018357,14.63992223,512002,0,512002,39969
v2,ea89b79a9dfd35df20fed759e6d15c60fe01e77c,direct,octree_leafcount,flyby,3,1005,1005,0.426880002,0.1690240055,0.5968319774,0.603788,1,0,-1,40337,35295,17,17,8734,24.74571469,14.50636067,512002,0,512002,40337
v2,ea89b79a9dfd35df20fed759e6d15c60fe01e77c,direct,octree_leafcount,flyby,3,1006,1006,0.4007680118,0.1697600037,0.5714880228,0.578828,1,0,-1,40121,35106,17,17,8701,24.78493705,14.5844585,512002,0,512002,40121
v2,ea89b79a9dfd35df20fed759e6d15c60fe01e77c,direct,octree_leafcount,flyby,3,1007,1007,0.458175987,0.1712960005,0.6304320097,0.63722,1,0,-1,40097,35085,17,17,8627,24.58885564,14.59318797,512002,0,512002,40097
v2,ea89b79a9dfd35df20fed759e6d15c60fe01e77c,direct,octree_leafcount,flyby,3,1008,1008,0.4250240028,0.173247993,0.5992640257,0.606569,1,0,-1,40489,35428,17,17,8743,24.67822062,14.45190245,512002,0,512002,40489
v2,ea89b79a9dfd35df20fed759e6d15c60fe01e77c,direct,octree_leafcount,flyby,3,1009,1009,0.3993920088,0.1680639982,0.568351984,0.57543,1,0,-1,40177,35155,17,17,8728,24.82719386,14.56413028,512002,0,512002,40177
v2,ea89b79a9dfd35df20fed759e6d15c60fe01e77c,direct,octree_leafcount,flyby,3,1010,1010,0.4612799883,0.1720640063,0.6343359947,0.641087,1,0,-1,39977,34980,17,17,8596,24.57404231,14.63699257,512002,0,512002,39977
v2,ea89b79a9dfd35df20fed759e6d15c60fe01e77c,direct,octree_leafcount,flyby,3,1011,1011,0.4281919897,0.1721280068,0.6012160182,0.607992,1,0,-1,40385,35337,17,17,8749,24.75875145,14.48911905,512002,0,512002,40385
v2,ea89b79a9dfd35df20fed759e6d15c60fe01e77c,direct,octree_leafcount,flyby,3,1012,1012,0.3960320055,0.1739200056,0.5709120035,0.578138,1,0,-1,40545,35477,17,17,8741,24.63849818,14.43194182,512002,0,512002,40545
v2,ea89b79a9dfd35df20fed759e6d15c60fe01e77c,direct,octree_leafcount,flyby,3,1013,1013,0.4620159864,0.171232,0.6342080235,0.64088,1,0,-1,39985,34987,17,17,8599,24.57770029,14.63406408,512002,0,512002,39985
v2,ea89b79a9dfd35df20fed759e6d15c60fe01e77c,direct,octree_leafcount,flyby,3,1014,1014,0.4267840087,0.1721599996,0.5998719931,0.606868,1,0,-1,40201,35176,17,17,8821,25.07675688,14.55543552,512002,0,512002,40201
v2,ea89b79a9dfd35df20fed759e6d15c60fe01e77c,direct,octree_leafcount,flyby,3,1015,1015,0.3956800103,0.1708160043,0.567456007,0.574373,1,0,-1,40049,35043,17,17,8767,25.01783523,14.61067831,512002,0,512002,40049
v2,ea89b79a9dfd35df20fed759e6d15c60fe01e77c,direct,octree_leafcount,flyby,3,1016,1016,0.4587520063,0.1699839979,0.6296960115,0.636816,1,0,-1,40121,35106,17,17,8654,24.6510568,14.5844585,512002,0,512002,40121
v2,ea89b79a9dfd35df20fed759e6d15c60fe01e77c,direct,octree_leafcount,flyby,3,1017,1017,0.432415992,0.1701759994,0.6035199761,0.610975,1,0,-1,39889,34903,17,17,8716,24.97206544,14.66928344,512002,0,512002,39889
v2,ea89b79a9dfd35df20fed759e6d15c60fe01e77c,direct,octree_leafcount,flyby,3,1018,1018,0.3912639916,0.1749439985,0.5671359897,0.574254,1,0,-1,39985,34987,17,17,8660,24.75205076,14.63406408,512002,0,512002,39985
v2,ea89b79a9dfd35df20fed759e6d15c60fe01e77c,direct,octree_leafcount,flyby,3,1019,1019,0.4603840113,0.1689279974,0.6302719712,0.636819,1,0,-1,40001,35001,17,17,8630,24.65643839,14.62821062,512002,0,512002,40001
v2,ea89b79a9dfd35df20fed759e6d15c60fe01e77c,direct,octree_leafcount,flyby,3,1020,1020,0.4255999923,0.1758719981,0.6024000049,0.609111,1,0,-1,40225,35197,17,17,8736,24.82029718,14.54675114,512002,0,512002,40225
v2,ea89b79a9dfd35df20fed759e6d15c60fe01e77c,direct,octree_leafcount,flyby,3,1021,1021,0.3968960047,0.1718720049,0.5697280169,0.576741,1,0,-1,40257,35225,17,17,8652,24.56210078,14.53518808,512002,0,512002,40257
v2,ea89b79a9dfd35df20fed759e6d15c60fe01e77c,direct,octree_leafcount,flyby,3,1022,1022,0.4518080056,0.1701440066,0.622879982,0.630012,1,0,-1,40065,35057,17,17,8474,24.17206264,14.60484354,512002,0,512002,40065
v2,ea89b79a9dfd35df20fed759e6d15c60fe01e77c,direct,octree_leafcount,flyby,3,1023,1023,0.4298560023,0.170975998,0.6017600298,0.608388,1,0,-1,40177,35155,17,17,8741,24.86417295,14.56413028,512002,0,512002,40177
v2,ea89b79a9dfd35df20fed759e6d15c60fe01e77c,direct,octree_leafcount,flyby,3,1024,1024,0.3945280015,0.1697600037,0.5652480125,0.577766,1,0,-1,40201,35176,17,17,8541,24.28075961,14.55543552,512002,0,512002,40201
v2,ea89b79a9dfd35df20fed759e6d15c60fe01e77c,direct,octree_leafcount,flyby,3,1025,1025,0.4504320025,0.1693120003,0.6207039952,0.625942,1,0,-1,40153,35134,17,17,8515,24.235783,14.57283543,512002,0,512002,40153
v2,ea89b79a9dfd35df20fed759e6d15c60fe01e77c,direct,octree_leafcount,flyby,3,1026,1026,0.4214079976,0.1702080071,0.5925760269,0.597654,1,0,-1,40169,35148,17,17,8750,24.89473085,14.56703084,512002,0,512002,40169
v2,ea89b79a9dfd35df20fed759e6d15c60fe01e77c,direct,octree_leafcount,flyby,3,1027,1027,0.3863039911,0.1687999964,0.5560960174,0.561737,1,0,-1,40257,35225,17,17,8594,24.397445,14.53518808,512002,0,512002,40257
v2,ea89b79a9dfd35df20fed759e6d15c60fe01e77c,direct,octree_leafcount,flyby,3,1028,1028,0.4491519928,0.1701440066,0.6202560067,0.625544,1,0,-1,40265,35232,17,17,8584,24.36421435,14.53230018,512002,0,512002,40265
v2,ea89b79a9dfd35df20fed759e6d15c60fe01e77c,direct,octree_leafcount,flyby,3,1029,1029,0.4143359959,0.1684159935,0.5836799741,0.588748,1,0,-1,40329,35288,17,17,8802,24.94332351,14.50923827,512002,0,512002,40329
v2,ea89b79a9dfd35df20fed759e6d15c60fe01e77c,direct,octree_leafcount,flyby,3,1030,1030,0.3839679956,0.1680639982,0.5529919863,0.558224,1,0,-1,40241,35211,17,17,8699,24.70534776,14.54096731,512002,0,512002,40241
v2,ea89b79a9dfd35df20fed759e6d15c60fe01e77c,direct,octree_leafcount,flyby,3,1031,1031,0.4515199959,0.1688960046,0.621375978,0.626951,1,0,-1,40273,35239,17,17,8615,24.44734527,14.52941343,512002,0,512002,40273
v2,ea89b79a9dfd35df20fed759e6d15c60fe01e77c,direct,octree_leafcount,flyby,3,1032,1032,0.4114559889,0.172480002,0.584896028,0.589998,1,0,-1,40113,35099,17,17,8823,25.1374683,14.58736716,512002,0,512002,40113
v2,ea89b79a9dfd35df20fed759e6d15c60fe01e77c,direct,octree_leafcount,flyby,3,1033,1033,0.3914240003,0.1699199975,0.5623040199,0.567955,1,0,-1,39961,34966,17,17,8588,24.56100212,14.64285306,512002,0,512002,39961
v2,ea89b79a9dfd35df20fed759e6d15c60fe01e77c,direct,octree_leafcount,flyby,3,1034,1034,0.4481599927,0.1704639941,0.619584024,0.625351,1,0,-1,40073,35064,17,17,8606,24.54369154,14.6019279,512002,0,512002,40073
v2,ea89b79a9dfd35df20fed759e6d15c60fe01e77c,direct,octree_leafcount,flyby,3,1035,1035,0.4276480079,0.1721280068,0.6006720066,0.607873,1,0,-1,40153,35134,17,17,8790,25.0185006,14.57283543,512002,0,512002,40153
v2,ea89b79a9dfd35df20fed759e6d15c60fe01e77c,direct,octree_leafcount,flyby,3,1036,1036,0.3959999979,0.172736004,0.5696960092,0.576926,1,0,-1,40081,35071,17,17,8614,24.5616036,14.59901343,512002,0,512002,40081
v2,ea89b79a9dfd35df20fed759e6d15c60fe01e77c,direct,octree_leafcount,flyby,3,1037,1037,0.4538240135,0.1702399999,0.624992013,0.632067,1,0,-1,40273,35239,17,17,8630,24.48991175,14.52941343,512002,0,512002,40273
v2,ea89b79a9dfd35df20fed759e6d15c60fe01e77c,direct,octree_leafcount,flyby,3,1038,1038,0.4260160029,0.1699839979,0.5969600081,0.603517,1,0,-1,40041,35036,17,17,8747,24.96574951,14.61359744,512002,0,512002,40041
v2,ea89b79a9dfd35df20fed759e6d15c60fe01e77c,direct,octree_leafcount,flyby,3,1039,1039,0.3937920034,0.1698880047,0.5646079779,0.571159,1,0,-1,39937,34945,17,17,8593,24.59007011,14.6516526,512002,0,512002,39937
v2,ea89b79a9dfd35df20fed759e6d15c60fe01e77c,direct,octree_leafcount,flyby,3,1040,1040,0.4597760141,0.1742399931,0.6349440217,0.641902,1,0,-1,40057,35050,17,17,8600,24.5363766,14.60776034,512002,0,512002,40057
v2,ea89b79a9dfd35df20fed759e6d15c60fe01e77c,direct,octree_leafcount,flyby,3,1041,1041,0.4225600064,0.1758719981,0.5993919969,0.606655,1,0,-1,40129,35113,17,17,8695,24.76290832,14.58155099,512002,0,512002,40129
v2,ea89b79a9dfd35df20fed759e6d15c60fe01e77c,direct,octree_leafcount,flyby,3,1042,1042,0.3959040046,0.1707839966,0.5676479936,0.574548,1,0,-1,40113,35099,17,17,8585,24.45938631,14.58736716,512002,0,512002,40113
v2,ea89b79a9dfd35df20fed759e6d15c60fe01e77c,direct,octree_leafcount,flyby,3,1043,1043,0.466975987,0.1760639995,0.6439679861,0.650839,1,0,-1,40529,35463,17,17,8760,24.70180188,14.43763923,512002,0,512002,40529
v2,ea89b79a9dfd35df20fed759e6d15c60fe01e77c,direct,octree_leafcount,flyby,3,1044,1044,0.4276160002,0.1702080071,0.5987520218,0.605394,1,0,-1,40449,35393,17,17,8880,25.089707,14.46619388,512002,0,512002,40449
v2,ea89b79a9dfd35df20fed759e6d15c60fe01e77c,direct,octree_leafcount,flyby,3,1045,1045,0.389696002,0.1758079976,0.5664319992,0.574122,1,0,-1,40217,35190,17,17,8766,24.91048593,14.54964479,512002,0,512002,40217
v2,ea89b79a9dfd35df20fed759e6d15c60fe01e77c,direct,octree_leafcount,flyby,3,1046,1046,0.4611519873,0.1780479997,0.6401600242,0.647962,1,0,-1,40625,35547,17,17,8806,24.77283596,14.4035221,512002,0,512002,40625
v2,ea89b79a9dfd35df20fed759e6d15c60fe01e77c,direct,octree_leafcount,flyby,3,1047,1047,0.4265600145,0.1690559983,0.5965440273,0.604046,1,0,-1,40457,35400,17,17,8928,25.22033898,14.46333333,512002,0,512002,40457
v2,ea89b79a9dfd35df20fed759e6d15c60fe01e77c,direct,octree_leafcount,flyby,3,1048,1048,0.3946239948,0.1769600064,0.5724800229,0.580111,1,0,-1,40305,35267,17,17,8736,24.77103241,14.5178779,512002,0,512002,40305
v2,ea89b79a9dfd35df20fed759e6d15c60fe01e77c,direct,octree_leafcount,flyby,3,1049,1049,0.4547840059,0.1702080071,0.62588799,0.632937,1,0,-1,40489,35428,17,17,8807,24.85886869,14.45190245,512002,0,512002,40489
v2,ea89b79a9dfd35df20fed759e6d15c60fe01e77c,direct,octree_leafcount,flyby,3,1050,1050,0.4205119908,0.172864005,0.5943040252,0.60131,1,0,-1,40225,35197,17,17,8859,25.16975879,14.54675114,512002,0,512002,40225
v2,ea89b79a9dfd35df20fed759e6d15c60fe01e77c,direct,octree_leafcount,flyby,3,1051,1051,0.4332799911,0.1699199975,0.6041600108,0.611281,1,0,-1,40201,35176,17,17,8638,24.55651581,14.55543552,512002,0,512002,40201
v2,ea89b79a9dfd35df20fed759e6d15c60fe01e77c,direct,octree_leafcount,flyby,3,1052,1052,0.454016,0.1752000004,0.6301760077,0.637398,1,0,-1,40497,35435,17,17,8710,24.5802173,14.44904755,512002,0,512002,40497
v2,ea89b79a9dfd35df20fed759e6d15c60fe01e77c,direct,octree_leafcount,flyby,3,1053,1053,0.425247997,0.1731519997,0.5993279815,0.606159,1,0,-1,40193,35169,17,17,8784,24.97654184,14.55833262,512002,0,512002,40193
v2,ea89b79a9dfd35df20fed759e6d15c60fe01e77c,direct,octree_leafcount,flyby,3,1054,1054,0.4002240002,0.1712639928,0.5723839998,0.579501,1,0,-1,40097,35085,17,17,8701,24.79977198,14.59318797,512002,0,512002,40097
v2,ea89b79a9dfd35df20fed759e6d15c60fe01e77c,direct,octree_leafcount,flyby,3,1055,1055,0.4615040123,0.1701119989,0.6325759888,0.639395,1,0,-1,40073,35064,17,17,8676,24.74332649,14.6019279,512002,0,512002,40073
v2,ea89b79a9dfd35df20fed759e6d15c60fe01e77c,direct,octree_leafcount,flyby,3,1056,1056,0.4242239892,0.1707520038,0.5959360003,0.603582,1,0,-1,39913,34924,17,17,8761,25.08590081,14.66046272,512002,0,512002,39913
v2,ea89b79a9dfd35df20fed759e6d15c60fe01e77c,direct,octree_leafcount,flyby,3,1057,1057,0.3904320002,0.1740159988,0.565343976,0.573335,1,0,-1,39961,34966,17,17,8554,24.4637648,14.64285306,512002,0,512002,39961
v2,ea89b79a9dfd35df20fed759e6d15c60fe01e77c,direct,octree_leafcount,flyby,3,1058,1058,0.4518719912,0.1759359986,0.6287680268,0.636143,1,0,-1,40377,35330,17,17,8721,24.68440419,14.49198981,512002,0,512002,40377
v2,ea89b79a9dfd35df20fed759e6d15c60fe01e77c,direct,octree_leafcount,flyby,3,1059,1059,0.4317759871,0.1708160043,0.6035519838,0.611006,1,0,-1,40217,35190,17,17,8872,25.21170787,14.54964479,512002,0,512002,40217
v2,ea89b79a9dfd35df20fed759e6d15c60fe01e77c,direct,octree_leafcount,flyby,3,1060,1060,0.3931199908,0.1739519984,0.5680000186,0.575396,1,0,-1,39921,34931,17,17,8621,24.68008359,14.65752483,512002,0,512002,39921
v2,ea89b79a9dfd35df20fed759e6d15c60fe01e77c,direct,octree_leafcount,flyby,3,1061,1061,0.4544959962,0.1737280041,0.6291840076,0.636715,1,0,-1,40169,35148,17,17,8627,24.54478206,14.56703084,512002,0,512002,40169
v2,ea89b79a9dfd35df20fed759e6d15c60fe01e77c,direct,octree_leafcount,flyby,3,1062,1062,0.428384006,0.1677760035,0.5970879793,0.604815,1,0,-1,40225,35197,17,17,8796,24.99076626,14.54675114,512002,0,512002,40225
v2,ea89b79a9dfd35df20fed759e6d15c60fe01e77c,direct,octree_leafcount,flyby,3,1063,1063,0.3988159895,0.1680320054,0.5677760243,0.574808,1,0,-1,40225,35197,17,17,8672,24.63846351,14.54675114,512002,0,512002,40225
v2,ea89b79a9dfd35df20fed759e6d15c60fe01e77c,direct,octree_leafcount,flyby,3,1064,1064,0.4565120041,0.1707199961,0.6281920075,0.63541,1,0,-1,40537,35470,17,17,8765,24.7110234,14.43478996,512002,0,512002,40537
v2,ea89b79a9dfd35df20fed759e6d15c60fe01e77c,direct,octree_leafcount,flyby,3,1065,1065,0.4200319946,0.1750079989,0.595968008,0.602563,1,0,-1,40361,35316,17,17,8806,24.93487371,14.49773474,512002,0,512002,40361
v2,ea89b79a9dfd35df20fed759e6d15c60fe01e77c,direct,octree_leafcount,flyby,3,1066,1066,0.3926720023,0.1722240001,0.5658239722,0.572737,1,0,-1,40073,35064,17,17,8620,24.58361853,14.6019279,512002,0,512002,40073
v2,ea89b79a9dfd35df20fed759e6d15c60fe01e77c,direct,octree_leafcount,flyby,3,1067,1067,0.4555839896,0.1727679968,0.6293119788,0.63639,1,0,-1,40257,35225,17,17,8739,24.80908446,14.53518808,512002,0,512002,40257
v2,ea89b79a9dfd35df20fed759e6d15c60fe01e77c,direct,octree_leafcount,flyby,3,1068,1068,0.4317440093,0.1739519984,0.6066240072,0.613075,1,0,-1,40337,35295,17,17,8807,24.95254285,14.50636067,512002,0,512002,40337
v2,ea89b79a9dfd35df20fed759e6d15c60fe01e77c,direct,octree_leafcount,flyby,3,1069,1069,0.3979200125,0.1751040071,0.5739520192,0.580974,1,0,-1,40081,35071,17,17,8587,24.48461692,14.59901343,512002,0,512002,40081
v2,ea89b79a9dfd35df20fed759e6d15c60fe01e77c,direct,octree_leafcount,flyby,3,1070,1070,0.4617919922,0.169727996,0.6324480176,0.64037,1,0,-1,40321,35281,17,17,8621,24.43524843,14.512117,512002,0,512002,40321
v2,ea89b79a9dfd35df20fed759e6d15c60fe01e77c,direct,octree_leafcount,flyby,3,1071,1071,0.4260160029,0.1697600037,0.5967040062,0.604263,1,0,-1,39945,34952,17,17,8722,24.95422293,14.64871824,512002,0,512002,39945
v2,ea89b79a9dfd35df20fed759e6d15c60fe01e77c,direct,octree_leafcount,flyby,3,1072,1072,0.3900479972,0.1727679968,0.5637120008,0.571329,1,0,-1,39921,34931,17,17,8480,24.27643068,14.65752483,512002,0,512002,39921
v2,ea89b79a9dfd35df20fed759e6d15c60fe01e77c,direct,octree_leafcount,flyby,3,1073,1073,0.4681279957,0.1747200042,0.6437759995,0.651551,1,0,-1,40441,35386,17,17,8610,24.33165659,14.46905556,512002,0,512002,40441
v2,ea89b79a9dfd35df20fed759e6d15c60fe01e77c,direct,octree_leafcount,flyby,3,1074,1074,0.4209280014,0.1707199961,0.5925760269,0.600018,1,0,-1,40369,35323,17,17,8684,24.58454831,14.4948617,512002,0,512002,40369
v2,ea89b79a9dfd35df20fed759e6d15c60fe01e77c,direct,octree_leafcount,flyby,3,1075,1075,0.3899199963,0.1731519997,0.5640320182,0.572054,1,0,-1,39993,34994,17,17,8472,24.20986455,14.63113677,512002,0,512002,39993
v2,ea89b79a9dfd35df20fed759e6d15c60fe01e77c,direct,octree_leafcount,flyby,3,1076,1076,0.4681920111,0.1751040071,0.6442239881,0.652153,1,0,-1,40297,35260,17,17,8642,24.50935905,14.52076007,512002,0,512002,40297
v2,ea89b79a9dfd35df20fed759e6d15c60fe01e77c,direct,octree_leafcount,flyby,3,1077,1077,0.4299519956,0.174879998,0.6057599783,0.613104,1,0,-1,40105,35092,17,17,8606,24.52410806,14.59027699,512002,0,512002,40105
v2,ea89b79a9dfd35df20fed759e6d15c60fe01e77c,direct,octree_leafcount,flyby,3,1078,1078,0.3896639943,0.171103999,0.5617280006,0.569453,1,0,-1,39697,34735,17,17,8430,24.26946884,14.74023319,512002,0,512002,39697
v2,ea89b79a9dfd35df20fed759e6d15c60fe01e77c,direct,octree_leafcount,flyby,3,1079,1079,0.4546880126,0.1719679981,0.6276159883,0.635083,1,0,-1,40097,35085,17,17,8581,24.45774548,14.59318797,512002,0,512002,40097
v2,ea89b79a9dfd35df20fed759e6d15c60fe01e77c,direct,octree_leafcount,flyby,3,1080,1080,0.4368000031,0.168960005,0.6066880226,0.614427,1,0,-1,40049,35043,17,17,8610,24.56981423,14.61067831,512002,0,512002,40049
v2,ea89b79a9dfd35df20fed759e6d15c60fe01e77c,direct,octree_leafcount,flyby,3,1081,1081,0.3977279961,0.169088006,0.5677440166,0.575002,1,0,-1,39825,34847,17,17,8505,24.40669211,14.69285735,512002,0,512002,39825
v2,ea89b79a9dfd35df20fed759e6d15c60fe01e77c,direct,octree_leafcount,flyby,3,1082,1082,0.4662399888,0.1720000058,0.6391360164,0.646411,1,0,-1,40137,35120,17,17,8617,24.53587699,14.57864465,512002,0,512002,40137
v2,ea89b79a9dfd35df20fed759e6d15c60fe01e77c,direct,octree_leafcount,flyby,3,1083,1083,0.4204480052,0.167840004,0.5892480016,0.595182,1,0,-1,40169,35148,17,17,8759,24.92033686,14.56703084,512002,0,512002,40169
v2,ea89b79a9dfd35df20fed759e6d15c60fe01e77c,direct,octree_leafcount,flyby,3,1084,1084,0.3891839981,0.169471994,0.5596479774,0.567425,1,0,-1,39713,34749,17,17,8509,24.4870356,14.73429451,512002,0,512002,39713
v2,ea89b79a9dfd35df20fed759e6d15c60fe01e77c,direct,octree_leafcount,flyby,3,1085,1085,0.4623039961,0.1729280055,0.6361280084,0.643517,1,0,-1,39889,34903,17,17,8465,24.25292955,14.66928344,512002,0,512002,39889
v2,ea89b79a9dfd35df20fed759e6d15c60fe01e77c,direct,octree_leafcount,flyby,3,1086,1086,0.42988801,0.1718720049,0.6026880145,0.61135,1,0,-1,39881,34896,17,17,8509,24.38388354,14.67222604,512002,0,512002,39881
v2,ea89b79a9dfd35df20fed759e6d15c60fe01e77c,direct,octree_leafcount,flyby,3,1087,1087,0.3964799941,0.1688639969,0.566304028,0.573237,1,0,-1,39785,34812,17,17,8359,24.011835,14.70762955,512002,0,512002,39785
v2,ea89b79a9dfd35df20fed759e6d15c60fe01e77c,direct,octree_leafcount,flyby,3,1088,1088,0.4629760087,0.1721280068,0.6370559931,0.643186,1,0,-1,40201,35176,17,17,8500,24.16420287,14.55543552,512002,0,512002,40201
v2,ea89b79a9dfd35df20fed759e6d15c60fe01e77c,direct,octree_leafcount,flyby,3,1089,1089,0.4233280122,0.1698880047,0.5941759944,0.601665,1,0,-1,40129,35113,17,17,8545,24.33571612,14.58155099,512002,0,512002,40129
v2,ea89b79a9dfd35df20fed759e6d15c60fe01e77c,direct,octree_leafcount,flyby,3,1090,1090,0.3962239921,0.1708800048,0.5680639744,0.575167,1,0,-1,39793,34819,17,17,8471,24.32867113,14.70467274,512002,0,512002,39793
v2,ea89b79a9dfd35df20fed759e6d15c60fe01e77c,direct,octree_leafcount,flyby,3,1091,1091,0.4631679952,0.1718720049,0.6359360218,0.643243,1,0,-1,40009,35008,17,17,8540,24.39442413,14.62528565,512002,0,512002,40009
v2,ea89b79a9dfd35df20fed759e6d15c60fe01e77c,direct,octree_leafcount,flyby,3,1092,1092,0.4278079867,0.1759680063,0.6047359705,0.611808,1,0,-1,39785,34812,17,17,8509,24.4427209,14.70762955,512002,0,512002,39785
v2,ea89b79a9dfd35df20fed759e6d15c60fe01e77c,direct,octree_leafcount,flyby,3,1093,1093,0.3962239921,0.1710080057,0.5681599975,0.575223,1,0,-1,39705,34742,17,17,8436,24.28184906,14.73726325,512002,0,512002,39705
v2,ea89b79a9dfd35df20fed759e6d15c60fe01e77c,direct,octree_leafcount,flyby,3,1094,1094,0.4632000029,0.1728000045,0.6369600296,0.64456,1,0,-1,40233,35204,17,17,8497,24.13646177,14.54385865,512002,0,512002,40233
v2,ea89b79a9dfd35df20fed759e6d15c60fe01e77c,direct,octree_leafcount,flyby,3,1095,1095,0.4259839952,0.1711360067,0.5980479717,0.605424,1,0,-1,39801,34826,17,17,8526,24.48170907,14.70171711,512002,0,512002,39801
v2,ea89b79a9dfd35df20fed759e6d15c60fe01e77c,direct,octree_leafcount,flyby,3,1096,1096,0.399872005,0.1720640063,0.572863996,0.580002,1,0,-1,39753,34784,17,17,8341,23.97941582,14.71946872,512002,0,512002,39753
v2,ea89b79a9dfd35df20fed759e6d15c60fe01e77c,direct,octree_leafcount,flyby,3,1097,1097,0.4597440064,0.1738239974,0.6345279813,0.642603,1,0,-1,40169,35148,17,17,8529,24.26596108,14.56703084,512002,0,512002,40169
v2,ea89b79a9dfd35df20fed759e6d15c60fe01e77c,direct,octree_leafcount,flyby,3,1098,1098,0.4270719886,0.169599995,0.5975679755,0.605923,1,0,-1,40185,35162,17,17,8660,24.6288607,14.56123087,512002,0,512002,40185
v2,ea89b79a9dfd35df20fed759e6d15c60fe01e77c,direct,octree_leafcount,flyby,3,1099,1099,0.3935039937,0.1690559983,0.5634880066,0.571106,1,0,-1,39745,34777,17,17,8537,24.54783334,14.72243149,512002,0,512002,39745
v2,ea89b79a9dfd35df20fed759e6d15c60fe01e77c,direct,octree_leafcount,flyby,3,1100,1100,0.4616000056,0.1779839993,0.6405119896,0.648643,1,0,-1,40361,35316,17,17,8678,24.57243176,14.49773474,512002,0,512002,40361
v2,ea89b79a9dfd35df20fed759e6d15c60fe01e77c,direct,octree_leafcount,flyby,3,1101,1101,0.4316799939,0.1701759994,0.6027519703,0.609491,1,0,-1,40249,35218,17,17,8790,24.95882787,14.53807712,512002,0,512002,40249
v2,ea89b79a9dfd35df20fed759e6d15c60fe01e77c,direct,octree_leafcount,flyby,3,1102,1102,0.3915840089,0.1733119935,0.5658559799,0.572987,1,0,-1,40089,35078,17,17,8601,24.51964194,14.59610012,512002,0,512002,40089
v2,ea89b79a9dfd35df20fed759e6d15c60fe01e77c,direct,octree_leafcount,flyby,3,1103,1103,0.4679679871,0.1687999964,0.6376960278,0.644894,1,0,-1,40289,35253,17,17,8734,24.77519644,14.52364338,512002,0,512002,40289
v2,ea89b79a9dfd35df20fed759e6d15c60fe01e77c,direct,octree_leafcount,flyby,3,1104,1104,0.4244480133,0.1738879979,0.5992640257,0.60645,1,0,-1,40425,35372,17,17,8838,24.98586453,14.47478231,512002,0,512002,40425
v2,ea89b79a9dfd35df20fed759e6d15c60fe01e77c,direct,octree_leafcount,flyby,3,1105,1105,0.3955520093,0.1691199988,0.5655679703,0.57295,1,0,-1,40337,35295,17,17,8691,24.6238844,14.50636067,512002,0,512002,40337
v2,ea89b79a9dfd35df20fed759e6d15c60fe01e77c,direct,octree_leafcount,flyby,3,1106,1106,0.4671039879,0.1701759994,0.6382719874,0.645266,1,0,-1,40745,35652,17,17,8803,24.69146191,14.36110176,512002,0,512002,40745
v2,ea89b79a9dfd35df20fed759e6d15c60fe01e77c,direct,octree_leafcount,flyby,3,1107,1107,0.4247359931,0.170975998,0.5966719985,0.603752,1,0,-1,40689,35603,17,17,8846,24.84622082,14.38086678,512002,0,512002,40689
v2,ea89b79a9dfd35df20fed759e6d15c60fe01e77c,direct,octree_leafcount,flyby,3,1108,1108,0.3930239975,0.1731200069,0.5670719743,0.575021,1,0,-1,40593,35519,17,17,8746,24.62344098,14.41487654,512002,0,512002,40593
v2,ea89b79a9dfd35df20fed759e6d15c60fe01e77c,direct,octree_leafcount,flyby,3,1109,1109,0.4631679952,0.1719039977,0.6360319853,0.642858,1,0,-1,40593,35519,17,17,8735,24.59247163,14.41487654,512002,0,512002,40593
v2,ea89b79a9dfd35df20fed759e6d15c60fe01e77c,direct,octree_leafcount,flyby,3,1110,1110,0.4223360121,0.1740159988,0.5972800255,0.604496,1,0,-1,40649,35568,17,17,8924,25.08996851,14.39501799,512002,0,512002,40649
v2,ea89b79a9dfd35df20fed759e6d15c60fe01e77c,direct,octree_leafcount,flyby,3,1111,1111,0.4019199908,0.1690240055,0.5718719959,0.579216,1,0,-1,40457,35400,17,17,8794,24.84180791,14.46333333,512002,0,512002,40457
v2,ea89b79a9dfd35df20fed759e6d15c60fe01e77c,direct,octree_leafcount,flyby,3,1112,1112,0.45728001,0.1687040031,0.6269440055,0.634259,1,0,-1,41009,35883,17,17,8945,24.928239,14.26865089,512002,0,512002,41009
v2,ea89b79a9dfd35df20fed759e6d15c60fe01e77c,direct,octree_leafcount,flyby,3,1113,1113,0.4219520092,0.170975998,0.5938559771,0.601236,1,0,-1,40705,35617,17,17,8971,25.18741051,14.37521408,512002,0,512002,40705
v2,ea89b79a9dfd35df20fed759e6d15c60fe01e77c,direct,octree_leafcount,flyby,3,1114,1114,0.3929919899,0.1721920073,0.5661439896,0.573675,1,0,-1,40673,35589,17,17,8841,24.84194554,14.38652393,512002,0,512002,40673
v2,ea89b79a9dfd35df20fed759e6d15c60fe01e77c,direct,octree_leafcount,flyby,3,1115,1115,0.4634560049,0.1699520051,0.6343680024,0.64145,1,0,-1,40681,35596,17,17,8846,24.85110687,14.3836948,512002,0,512002,40681
v2,ea89b79a9dfd35df20fed759e6d15c60fe01e77c,direct,octree_leafcount,flyby,3,1116,1116,0.4285440147,0.1720319986,0.6015679836,0.608708,1,0,-1,40417,35365,17,17,8921,25.22550544,14.47764739,512002,0,512002,40417
v2,ea89b79a9dfd35df20fed759e6d15c60fe01e77c,direct,octree_leafcount,flyby,3,1117,1117,0.4308800101,0.1710080057,0.6028159857,0.610139,1,0,-1,40169,35148,17,17,8747,24.88619552,14.56703084,512002,0,512002,40169
v2,ea89b79a9dfd35df20fed759e6d15c60fe01e77c,direct,octree_leafcount,flyby,3,1118,1118,0.4651840031,0.1703359932,0.636416018,0.644118,1,0,-1,40401,35351,17,17,8700,24.61033634,14.48338095,512002,0,512002,40401
v2,ea89b79a9dfd35df20fed759e6d15c60fe01e77c,direct,octree_leafcount,flyby,3,1119,1119,0.4348160028,0.1729280055,0.6086720228,0.616126,1,0,-1,40233,35204,17,17,8860,25.16759459,14.54385865,512002,0,512002,40233
v2,ea89b79a9dfd35df20fed759e6d15c60fe01e77c,direct,octree_leafcount,flyby,3,1120,1120,0.3991360068,0.174112007,0.5742400289,0.581155,1,0,-1,40121,35106,17,17,8654,24.6510568,14.5844585,512002,0,512002,40121
v2,ea89b79a9dfd35df20fed759e6d15c60fe01e77c,direct,octree_leafcount,flyby,3,1121,1121,0.4570879936,0.1701119989,0.6281279922,0.635052,1,0,-1,40353,35309,17,17,8764,24.8208672,14.50060891,512002,0,512002,40353
v2,ea89b79a9dfd35df20fed759e6d15c60fe01e77c,direct,octree_leafcount,flyby,3,1122,1122,0.4296959937,0.1701119989,0.6007680297,0.607971,1,0,-1,40241,35211,17,17,8897,25.26767203,14.54096731,512002,0,512002,40241
v2,ea89b79a9dfd35df20fed759e6d15c60fe01e77c,direct,octree_leafcount,flyby,3,1123,1123,0.3959040046,0.1727679968,0.5696319938,0.577142,1,0,-1,40177,35155,17,17,8745,24.87555113,14.56413028,512002,0,512002,40177
v2,ea89b79a9dfd35df20fed759e6d15c60fe01e77c,direct,octree_leafcount,flyby,3,1124,1124,0.4569599926,0.1710399985,0.6289600134,0.636793,1,0,-1,40329,35288,17,17,8743,24.77612786,14.50923827,512002,0,512002,40329
v2,ea89b79a9dfd35df20fed759e6d15c60fe01e77c,direct,octree_leafcount,flyby,3,1125,1125,0.4274879992,0.1730879992,0.6015040278,0.609485,1,0,-1,40441,35386,17,17,8890,25.12292997,14.46905556,512002,0,512002,40441
v2,ea89b79a9dfd35df20fed759e6d15c60fe01e77c,direct,octree_leafcount,flyby,3,1126,1126,0.3979839981,0.1736640036,0.5725759864,0.581551,1,0,-1,40353,35309,17,17,8687,24.60279249,14.50060891,512002,0,512002,40353
v2,ea89b79a9dfd35df20fed759e6d15c60fe01e77c,direct,octree_leafcount,flyby,3,1127,1127,0.4535999894,0.1745280027,0.6290559769,0.634912,1,0,-1,40649,35568,17,17,8788,24.70760234,14.39501799,512002,0,512002,40649
v2,ea89b79a9dfd35df20fed759e6d15c60fe01e77c,direct,octree_leafcount,flyby,3,1128,1128,0.4242559969,0.1731519997,0.5983679891,0.605914,1,0,-1,40409,35358,17,17,8866,25.07494768,14.4805136,512002,0,512002,40409
v2,ea89b79a9dfd35df20fed759e6d15c60fe01e77c,direct,octree_leafcount,flyby,3,1129,1129,0.3953920007,0.1720319986,0.568351984,0.575416,1,0,-1,40305,35267,17,17,8669,24.58105311,14.5178779,512002,0,512002,40305
v2,ea89b79a9dfd35df20fed759e6d15c60fe01e77c,direct,octree_leafcount,flyby,3,1130,1130,0.4634560049,0.1710399985,0.6354240179,0.642337,1,0,-1,40225,35197,17,17,8666,24.6214166,14.54675114,512002,0,512002,40225
v2,ea89b79a9dfd35df20fed759e6d15c60fe01e77c,direct,octree_leafcount,flyby,3,1131,1131,0.4262720048,0.1751359999,0.6023359895,0.610047,1,0,-1,40153,35134,17,17,8836,25.1494279,14.57283543,512002,0,512002,40153
v2,ea89b79a9dfd35df20fed759e6d15c60fe01e77c,direct,octree_leafcount,flyby,3,1132,1132,0.4009599984,0.1750079989,0.5768960118,0.584055,1,0,-1,40233,35204,17,17,8752,24.86081127,14.54385865,512002,0,512002,40233
v2,ea89b79a9dfd35df20fed759e6d15c60fe01e77c,direct,octree_leafcount,flyby,3,1133,1133,0.4623039961,0.1731519997,0.6363840103,0.643102,1,0,-1,40273,35239,17,17,8754,24.8417946,14.52941343,512002,0,512002,40273
v2,ea89b79a9dfd35df20fed759e6d15c60fe01e77c,direct,octree_leafcount,flyby,3,1134,1134,0.416703999,0.1741759926,0.5918080211,0.597421,1,0,-1,40209,35183,17,17,8932,25.38726089,14.55253958,512002,0,512002,40209
v2,ea89b79a9dfd35df20fed759e6d15c60fe01e77c,direct,octree_leafcount,flyby,3,1135,1135,0.388063997,0.1718080044,0.5608000159,0.567573,1,0,-1,40241,35211,17,17,8765,24.89278919,14.54096731,512002,0,512002,40241
v2,ea89b79a9dfd35df20fed759e6d15c60fe01e77c,direct,octree_leafcount,flyby,3,1136,1136,0.4629760087,0.1732160002,0.6370880008,0.644567,1,0,-1,40241,35211,17,17,8740,24.82178865,14.54096731,512002,0,512002,40241
v2,ea89b79a9dfd35df20fed759e6d15c60fe01e77c,direct,octree_leafcount,flyby,3,1137,1137,0.4321599901,0.1710720062,0.6041920185,0.611391,1,0,-1,40257,35225,17,17,8940,25.37970192,14.53518808,512002,0,512002,40257
v2,ea89b79a9dfd35df20fed759e6d15c60fe01e77c,direct,octree_leafcount,flyby,3,1138,1138,0.3974719942,0.1710080057,0.5694400072,0.576923,1,0,-1,40305,35267,17,17,8823,25.01772195,14.5178779,512002,0,512002,40305
v2,ea89b79a9dfd35df20fed759e6d15c60fe01e77c,direct,octree_leafcount,flyby,3,1139,1139,0.4634239972,0.1752640009,0.6396160126,0.646558,1,0,-1,40025,35022,17,17,8638,24.6644966,14.61943921,512002,0,512002,40025
v2,ea89b79a9dfd35df20fed759e6d15c60fe01e77c,direct,octree_leafcount,flyby,3,1140,1140,0.4229120016,0.1707520038,0.5946239829,0.60184,1,0,-1,40217,35190,17,17,8781,24.95311168,14.54964479,512002,0,512002,40217
v2,ea89b79a9dfd35df20fed759e6d15c60fe01e77c,direct,octree_leafcount,flyby,3,1141,1141,0.3999679983,0.1709440053,0.5718399882,0.578956,1,0,-1,40409,35358,17,17,8717,24.65354375,14.4805136,512002,0,512002,40409
v2,ea89b79a9dfd35df20fed759e6d15c60fe01e77c,direct,octree_leafcount,flyby,3,1142,1142,0.4581120014,0.1751040071,0.6341440082,0.642213,1,0,-1,40233,35204,17,17,8692,24.69037609,14.54385865,512002,0,512002,40233
v2,ea89b79a9dfd35df20fed759e6d15c60fe01e77c,direct,octree_leafcount,flyby,3,1143,1143,0.4187839925,0.1691199988,0.5888640285,0.594583,1,0,-1,40321,35281,17,17,8774,24.86890961,14.512117,512002,0,512002,40321
v2,ea89b79a9dfd35df20fed759e6d15c60fe01e77c,direct,octree_leafcount,flyby,3,1144,1144,0.3879680037,0.1689279974,0.5578560233,0.563512,1,0,-1,40377,35330,17,17,8768,24.81743561,14.49198981,512002,0,512002,40377
v2,ea89b79a9dfd35df20fed759e6d15c60fe01e77c,direct,octree_leafcount,flyby,3,1145,1145,0.4545600116,0.1722559929,0.6277760267,0.63495,1,0,-1,40433,35379,17,17,8693,24.57107324,14.47191837,512002,0,512002,40433
v2,ea89b79a9dfd35df20fed759e6d15c60fe01e77c,direct,octree_leafcount,flyby,3,1146,1146,0.4343999922,0.1715839952,0.6069759727,0.614296,1,0,-1,40425,35372,17,17,8870,25.07633156,14.47478231,512002,0,512002,40425
v2,ea89b79a9dfd35df20fed759e6d15c60fe01e77c,direct,octree_leafcount,flyby,3,1147,1147,0.4009599984,0.1709119976,0.5727999806,0.579923,1,0,-1,40241,35211,17,17,8744,24.83314873,14.54096731,512002,0,512002,40241
v2,ea89b79a9dfd35df20fed759e6d15c60fe01e77c,direct,octree_leafcount,flyby,3,1148,1148,0.4593279958,0.1720319986,0.6323199868,0.638925,1,0,-1,40161,35141,17,17,8667,24.66349848,14.56993256,512002,0,512002,40161
v2,ea89b79a9dfd35df20fed759e6d15c60fe01e77c,direct,octree_leafcount,flyby,3,1149,1149,0.4314880073,0.1720319986,0.6044480205,0.611529,1,0,-1,40217,35190,17,17,8752,24.8707019,14.54964479,512002,0,512002,40217
v2,ea89b79a9dfd35df20fed759e6d15c60fe01e77c,direct,octree_leafcount,flyby,3,1150,1150,0.395359993,0.1749760062,0.5712320209,0.579476,1,0,-1,40353,35309,17,17,8627,24.43286414,14.50060891,512002,0,512002,40353
v2,ea89b79a9dfd35df20fed759e6d15c60fe01e77c,direct,octree_leafcount,flyby,3,1151,1151,0.4549759924,0.1753920019,0.6313279867,0.638775,1,0,-1,40345,35302,17,17,8557,24.23941986,14.50348422,512002,0,512002,40345
v2,ea89b79a9dfd35df20fed759e6d15c60fe01e77c,direct,octree_leafcount,flyby,3,1152,1152,0.4314239919,0.1731519997,0.6055039763,0.613136,1,0,-1,40313,35274,17,17,8673,24.58751488,14.51499688,512002,0,512002,40313
v2,ea89b79a9dfd35df20fed759e6d15c60fe01e77c,direct,octree_leafcount,flyby,3,1153,1153,0.3908480108,0.1728319973,0.5646079779,0.57186,1,0,-1,40417,35365,17,17,8622,24.38003676,14.47764739,512002,0,512002,40417
v2,ea89b79a9dfd35df20fed759e6d15c60fe01e77c,direct,octree_leafcount,flyby,3,1154,1154,0.4539839923,0.1700160056,0.6249600053,0.631817,1,0,-1,40169,35148,17,17,8570,24.38261067,14.56703084,512002,0,512002,40169
v2,ea89b79a9dfd35df20fed759e6d15c60fe01e77c,direct,octree_leafcount,flyby,3,1155,1155,0.4301759899,0.1699520051,0.6010879874,0.607797,1,0,-1,40505,35442,17,17,8723,24.61204221,14.44619378,512002,0,512002,40505
v2,ea89b79a9dfd35df20fed759e6d15c60fe01e77c,direct,octree_leafcount,flyby,3,1156,1156,0.3901439905,0.170975998,0.5620160103,0.569579,1,0,-1,40433,35379,17,17,8711,24.62195087,14.47191837,512002,0,512002,40433
v2,ea89b79a9dfd35df20fed759e6d15c60fe01e77c,direct,octree_leafcount,flyby,3,1157,1157,0.4700160027,0.1718720049,0.6428160071,0.650019,1,0,-1,40441,35386,17,17,8623,24.36839428,14.46905556,512002,0,512002,40441
v2,ea89b79a9dfd35df20fed759e6d15c60fe01e77c,direct,octree_leafcount,flyby,3,1158,1158,0.4329279959,0.1772480011,0.6111040115,0.618507,1,0,-1,40497,35435,17,17,8715,24.59432764,14.44904755,512002,0,512002,40497
v2,ea89b79a9dfd35df20fed759e6d15c60fe01e77c,direct,octree_leafcount,flyby,3,1159,1159,0.3906559944,0.1731519997,0.5647680163,0.572067,1,0,-1,40465,35407,17,17,8748,24.70697885,14.46047392,512002,0,512002,40465
v2,ea89b79a9dfd35df20fed759e6d15c60fe01e77c,direct,octree_leafcount,flyby,3,1160,1160,0.4551680088,0.1753920019,0.6314560175,0.637772,1,0,-1,40225,35197,17,17,8653,24.58448163,14.54675114,512002,0,512002,40225
v2,ea89b79a9dfd35df20fed759e6d15c60fe01e77c,direct,octree_leafcount,flyby,3,1161,1161,0.4305280149,0.1722559929,0.6037120223,0.610752,1,0,-1,40577,35505,17,17,8746,24.63315026,14.42056048,512002,0,512002,40577
v2,ea89b79a9dfd35df20fed759e6d15c60fe01e77c,direct,octree_leafcount,flyby,3,1162,1162,0.3905600011,0.1739519984,0.5654720068,0.573573,1,0,-1,40417,35365,17,17,8731,24.6882511,14.47764739,512002,0,512002,40417
v2,ea89b79a9dfd35df20fed759e6d15c60fe01e77c,direct,octree_leafcount,flyby,3,1163,1163,0.4543040097,0.1711360067,0.6263359785,0.633514,1,0,-1,40193,35169,17,17,8645,24.5813074,14.55833262,512002,0,512002,40193
v2,ea89b79a9dfd35df20fed759e6d15c60fe01e77c,direct,octree_leafcount,flyby,3,1164,1164,0.4217599928,0.1709440053,0.5936639905,0.599982,1,0,-1,40705,35617,17,17,8742,24.54445911,14.37521408,512002,0,512002,40705
v2,ea89b79a9dfd35df20fed759e6d15c60fe01e77c,direct,octree_leafcount,flyby,3,1165,1165,0.3923520148,0.170975998,0.5642560124,0.57163,1,0,-1,40633,35554,17,17,8801,24.75389548,14.40068628,512002,0,512002,40633
v2,ea89b79a9dfd35df20fed759e6d15c60fe01e77c,direct,octree_leafcount,flyby,3,1166,1166,0.4546880126,0.1720640063,0.6276800036,0.634836,1,0,-1,40177,35155,17,17,8607,24.48300384,14.56413028,512002,0,512002,40177
v2,ea89b79a9dfd35df20fed759e6d15c60fe01e77c,direct,octree_leafcount,flyby,3,1167,1167,0.433791995,0.1682559997,0.6030079722,0.61049,1,0,-1,40705,35617,17,17,8761,24.59780442,14.37521408,512002,0,512002,40705
v2,ea89b79a9dfd35df20fed759e6d15c60fe01e77c,direct,octree_leafcount,flyby,3,1168,1168,0.389696002,0.1769279987,0.5675839782,0.574526,1,0,-1,40465,35407,17,17,8783,24.80582936,14.46047392,512002,0,512002,40465
v2,ea89b79a9dfd35df20fed759e6d15c60fe01e77c,direct,octree_leafcount,flyby,3,1169,1169,0.4672960043,0.1698240042,0.6380479932,0.645458,1,0,-1,40417,35365,17,17,8705,24.61473208,14.47764739,512002,0,512002,40417
v2,ea89b79a9dfd35df20fed759e6d15c60fe01e77c,direct,octree_leafcount,flyby,3,1170,1170,0.4352959991,0.1729280055,0.6091200113,0.616599,1,0,-1,40529,35463,17,17,8689,24.50159321,14.43763923,512002,0,512002,40529
v2,ea89b79a9dfd35df20fed759e6d15c60fe01e77c,direct,octree_leafcount,flyby,3,1171,1171,0.3853439987,0.1702080071,0.5565119982,0.562079,1,0,-1,40393,35344,17,17,8850,25.03961068,14.48624943,512002,0,512002,40393
v2,ea89b79a9dfd35df20fed759e6d15c60fe01e77c,direct,octree_leafcount,flyby,3,1172,1172,0.4580160081,0.1700800061,0.6290559769,0.636338,1,0,-1,40609,35533,17,17,8831,24.85295359,14.40919708,512002,0,512002,40609
v2,ea89b79a9dfd35df20fed759e6d15c60fe01e77c,direct,octree_leafcount,flyby,3,1173,1173,0.4179520011,0.1691199988,0.5879999995,0.593769,1,0,-1,40665,35582,17,17,8775,24.66134562,14.38935417,512002,0,512002,40665
v2,ea89b79a9dfd35df20fed759e6d15c60fe01e77c,direct,octree_leafcount,flyby,3,1174,1174,0.4323520064,0.1711360067,0.6044160128,0.612183,1,0,-1,40361,35316,17,17,8864,25.09910522,14.49773474,512002,0,512002,40361
v2,ea89b79a9dfd35df20fed759e6d15c60fe01e77c,direct,octree_leafcount,flyby,3,1175,1175,0.4673919976,0.1707199961,0.6390079856,0.64628,1,0,-1,40385,35337,17,17,8688,24.58612785,14.48911905,512002,0,512002,40385
v2,ea89b79a9dfd35df20fed759e6d15c60fe01e77c,direct,octree_leafcount,flyby,3,1176,1176,0.3972800076,0.1711360067,0.5693759918,0.576586,1,0,-1,40609,35533,17,17,8666,24.38859652,14.40919708,512002,0,512002,40609
v2,ea89b79a9dfd35df20fed759e6d15c60fe01e77c,direct,octree_leafcount,flyby,3,1177,1177,0.4218559861,0.1688639969,0.5916159749,0.5987,1,0,-1,40481,35421,17,17,8842,24.96259281,14.45475848,512002,0,512002,40481
v2,ea89b79a9dfd35df20fed759e6d15c60fe01e77c,direct,octree_leafcount,flyby,3,1178,1178,0.4519039989,0.1740799993,0.6269119978,0.63404,1,0,-1,40169,35148,17,17,8742,24.87196996,14.56703084,512002,0,512002,40169
v2,ea89b79a9dfd35df20fed759e6d15c60fe01e77c,direct,octree_leafcount,flyby,3,1179,1179,0.3867200017,0.1700160056,0.5576959848,0.564186,1,0,-1,40385,35337,17,17,8703,24.62857628,14.48911905,512002,0,512002,40385
v2,ea89b79a9dfd35df20fed759e6d15c60fe01e77c,direct,octree_leafcount,flyby,3,1180,1180,0.4287999868,0.171103999,0.6008639932,0.608622,1,0,-1,40361,35316,17,17,8763,24.81311587,14.49773474,512002,0,512002,40361
v2,ea89b79a9dfd35df20fed759e6d15c60fe01e77c,direct,octree_leafcount,flyby,3,1181,1181,0.4598720074,0.1822080016,0.6430720091,0.650333,1,0,-1,40289,35253,17,17,8738,24.78654299,14.52364338,512002,0,512002,40289
v2,ea89b79a9dfd35df20fed759e6d15c60fe01e77c,direct,octree_leafcount,flyby,3,1182,1182,0.4008960128,0.1731200069,0.574976027,0.582171,1,0,-1,40009,35008,17,17,8565,24.46583638,14.62528565,512002,0,512002,40009
v2,ea89b79a9dfd35df20fed759e6d15c60fe01e77c,direct,octree_leafcount,flyby,3,1183,1183,0.4245440066,0.1709119976,0.5964159966,0.603488,1,0,-1,40081,35071,17,17,8737,24.91232072,14.59901343,512002,0,512002,40081
v2,ea89b79a9dfd35df20fed759e6d15c60fe01e77c,direct,octree_leafcount,flyby,3,1184,1184,0.45728001,0.1689279974,0.6271679997,0.634772,1,0,-1,40329,35288,17,17,8713,24.69111313,14.50923827,512002,0,512002,40329
v2,ea89b79a9dfd35df20fed759e6d15c60fe01e77c,direct,octree_leafcount,flyby,3,1185,1185,0.3912959993,0.1752319932,0.5674239993,0.575135,1,0,-1,40281,35246,17,17,8603,24.40844351,14.52652783,512002,0,512002,40281
v2,ea89b79a9dfd35df20fed759e6d15c60fe01e77c,direct,octree_leafcount,flyby,3,1186,1186,0.4327679873,0.171103999,0.6047679782,0.611969,1,0,-1,40201,35176,17,17,8689,24.70150102,14.55543552,512002,0,512002,40201
v2,ea89b79a9dfd35df20fed759e6d15c60fe01e77c,direct,octree_leafcount,flyby,3,1187,1187,0.4563199878,0.169855997,0.6271039844,0.634023,1,0,-1,40201,35176,17,17,8585,24.40584489,14.55543552,512002,0,512002,40201
v2,ea89b79a9dfd35df20fed759e6d15c60fe01e77c,direct,octree_leafcount,flyby,3,1188,1188,0.3861440122,0.173247993,0.5603200197,0.565963,1,0,-1,40105,35092,17,17,8534,24.31893309,14.59027699,512002,0,512002,40105
v2,ea89b79a9dfd35df20fed759e6d15c60fe01e77c,direct,octree_leafcount,flyby,3,1189,1189,0.4269759953,0.1751040071,0.6030079722,0.609766,1,0,-1,40225,35197,17,17,8835,25.10157116,14.54675114,512002,0,512002,40225
v2,ea89b79a9dfd35df20fed759e6d15c60fe01e77c,direct,octree_leafcount,flyby,3,1190,1190,0.4595839977,0.1698880047,0.6315839887,0.63797,1,0,-1,40257,35225,17,17,8750,24.84031228,14.53518808,512002,0,512002,40257
v2,ea89b79a9dfd35df20fed759e6d15c60fe01e77c,direct,octree_leafcount,flyby,3,1191,1191,0.4050880075,0.1759359986,0.5819519758,0.590104,1,0,-1,40345,35302,17,17,8659,24.52835533,14.50348422,512002,0,512002,40345
v2,ea89b79a9dfd35df20fed759e6d15c60fe01e77c,direct,octree_leafcount,flyby,3,1192,1192,0.4219520092,0.1731519997,0.5960639715,0.60401,1,0,-1,40217,35190,17,17,8825,25.0781472,14.54964479,512002,0,512002,40217
v2,ea89b79a9dfd35df20fed759e6d15c60fe01e77c,direct,octree_leafcount,flyby,3,1193,1193,0.4617919922,0.1758719981,0.6386240125,0.646037,1,0,-1,40513,35449,17,17,8736,24.64385455,14.44334114,512002,0,512002,40513
v2,ea89b79a9dfd35df20fed759e6d15c60fe01e77c,direct,octree_leafcount,flyby,3,1194,1194,0.3976640105,0.174879998,0.573472023,0.582341,1,0,-1,40137,35120,17,17,8584,24.44191344,14.57864465,512002,0,512002,40137
v2,ea89b79a9dfd35df20fed759e6d15c60fe01e77c,direct,octree_leafcount,flyby,3,1195,1195,0.4300479889,0.1709440053,0.601888001,0.60987,1,0,-1,40225,35197,17,17,8825,25.07315964,14.54675114,512002,0,512002,40225
v2,ea89b79a9dfd35df20fed759e6d15c60fe01e77c,direct,octree_leafcount,flyby,3,1196,1196,0.464192003,0.1761599928,0.6412799954,0.648883,1,0,-1,40817,35715,17,17,8941,25.03429931,14.33576928,512002,0,512002,40817
v2,ea89b79a9dfd35df20fed759e6d15c60fe01e77c,direct,octree_leafcount,flyby,3,1197,1197,0.4013119936,0.1717759967,0.574015975,0.581341,1,0,-1,40273,35239,17,17,8729,24.77085048,14.52941343,512002,0,512002,40273
v2,ea89b79a9dfd35df20fed759e6d15c60fe01e77c,direct,octree_leafcount,flyby,3,1198,1198,0.4306559861,0.171103999,0.6026880145,0.610078,1,0,-1,40449,35393,17,17,8875,25.07557992,14.46619388,512002,0,512002,40449
v2,ea89b79a9dfd35df20fed759e6d15c60fe01e77c,direct,octree_leafcount,flyby,3,1199,1199,0.4636160135,0.1688320041,0.6333760023,0.640908,1,0,-1,40585,35512,17,17,8841,24.89580987,14.41771795,512002,0,512002,40585
v2,ea89b79a9dfd35df20fed759e6d15c60fe01e77c,direct,octree_leafcount,flyby,3,1200,1200,0.3928639889,0.1700800061,0.5638719797,0.57107,1,0,-1,40041,35036,17,17,8692,24.80876812,14.61359744,512002,0,512002,40041
