version,commit,path,config,dataset,run,snapshot,frame_id,tree_update_ms,view_ms,total_ms,wall_ms,attempts,maintenance_ms,iterations,num_nodes,num_leaves,max_depth,max_depth_octree_equiv,num_empty_leaves,empty_leaf_pct,avg_particles_per_leaf,particles_active,particles_escaped,particle_slots,lib_num_nodes
v2,ea89b79a9dfd35df20fed759e6d15c60fe01e77c,direct,octree_leafcount,flyby,6,0,0,nan,nan,nan,nan,0,0,-1,43825,38347,17,17,22089,57.60294156,13.3518137,512002,0,512002,43825
v2,ea89b79a9dfd35df20fed759e6d15c60fe01e77c,direct,octree_leafcount,flyby,6,1,1,0.3418880105,0.1812160015,0.5240640044,0.530587,1,0,-1,43673,38214,17,17,22026,57.63856178,13.39828335,512002,0,512002,43673
v2,ea89b79a9dfd35df20fed759e6d15c60fe01e77c,direct,octree_leafcount,flyby,6,2,2,0.3552959859,0.1831360012,0.5393599868,0.547106,1,0,-1,43849,38368,17,17,22103,57.60790242,13.34450584,512002,0,512002,43849
v2,ea89b79a9dfd35df20fed759e6d15c60fe01e77c,direct,octree_leafcount,flyby,6,3,3,0.3268480003,0.1789440066,0.5067520142,0.514215,1,0,-1,43905,38417,17,17,22135,57.61772132,13.32748523,512002,0,512002,43905
v2,ea89b79a9dfd35df20fed759e6d15c60fe01e77c,direct,octree_leafcount,flyby,6,4,4,0.3608320057,0.1790719926,0.5408639908,0.548332,1,0,-1,43985,38487,17,17,22173,57.61166108,13.30324525,512002,0,512002,43985
v2,ea89b79a9dfd35df20fed759e6d15c60fe01e77c,direct,octree_leafcount,flyby,6,5,5,0.3571519852,0.1841599941,0.5422719717,0.549383,1,0,-1,43753,38284,17,17,22001,57.4678717,13.37378539,512002,0,512002,43753
v2,ea89b79a9dfd35df20fed759e6d15c60fe01e77c,direct,octree_leafcount,flyby,6,6,6,0.3629440069,0.1862079948,0.5500800014,0.558071,1,0,-1,43673,38214,17,17,21925,57.37426074,13.39828335,512002,0,512002,43673
v2,ea89b79a9dfd35df20fed759e6d15c60fe01e77c,direct,octree_leafcount,flyby,6,7,7,0.3608959913,0.1862079948,0.5480639935,0.555421,1,0,-1,43977,38480,17,17,22023,57.23232848,13.30566528,512002,0,512002,43977
v2,ea89b79a9dfd35df20fed759e6d15c60fe01e77c,direct,octree_leafcount,flyby,6,8,8,0.3884800076,0.1783680022,0.5678079724,0.575125,1,0,-1,43689,38228,17,17,21793,57.00795229,13.39337658,512002,0,512002,43689
v2,ea89b79a9dfd35df20fed759e6d15c60fe01e77c,direct,octree_leafcount,flyby,6,9,9,0.3624959886,0.1783040017,0.541696012,0.549122,1,0,-1,43745,38277,17,17,21805,56.96632442,13.37623116,512002,0,512002,43745
v2,ea89b79a9dfd35df20fed759e6d15c60fe01e77c,direct,octree_leafcount,flyby,6,10,10,0.3824000061,0.1757760048,0.5591040254,0.566486,1,0,-1,43745,38277,17,17,21704,56.7024584,13.37623116,512002,0,512002,43745
v2,ea89b79a9dfd35df20fed759e6d15c60fe01e77c,direct,octree_leafcount,flyby,6,11,11,0.3798080087,0.1813759953,0.5621759892,0.569876,1,0,-1,43601,38151,17,17,21649,56.74556368,13.42040838,512002,0,512002,43601
v2,ea89b79a9dfd35df20fed759e6d15c60fe01e77c,direct,octree_leafcount,flyby,6,12,12,0.3798719943,0.179903999,0.5607039928,0.567794,1,0,-1,43665,38207,17,17,21628,56.60742796,13.40073808,512002,0,512002,43665
v2,ea89b79a9dfd35df20fed759e6d15c60fe01e77c,direct,octree_leafcount,flyby,6,13,13,0.4507200122,0.1771840006,0.6288639903,0.636159,1,0,-1,43625,38172,17,17,21456,56.20873939,13.41302525,512002,0,512002,43625
v2,ea89b79a9dfd35df20fed759e6d15c60fe01e77c,direct,octree_leafcount,flyby,6,14,14,0.4082559943,0.1780800074,0.5872960091,0.594115,1,0,-1,44009,38508,17,17,21489,55.80398878,13.29599044,512002,0,512002,44009
v2,ea89b79a9dfd35df20fed759e6d15c60fe01e77c,direct,octree_leafcount,flyby,6,15,15,0.4503360093,0.178143993,0.6294080019,0.636575,1,0,-1,44313,38774,17,17,21464,55.35668231,13.2047764,512002,0,512002,44313
v2,ea89b79a9dfd35df20fed759e6d15c60fe01e77c,direct,octree_leafcount,flyby,6,16,16,0.418592006,0.1756799966,0.5952320099,0.602846,1,0,-1,44489,38928,17,17,21452,55.10686395,13.15253802,512002,0,512002,44489
v2,ea89b79a9dfd35df20fed759e6d15c60fe01e77c,direct,octree_leafcount,flyby,6,17,17,0.4205439985,0.1779839993,0.5994880199,0.606863,1,0,-1,44289,38753,17,17,21044,54.30289268,13.21193198,512002,0,512002,44289
v2,ea89b79a9dfd35df20fed759e6d15c60fe01e77c,direct,octree_leafcount,flyby,6,18,18,0.4407680035,0.1781120002,0.6198080182,0.626906,1,0,-1,44321,38781,17,17,20893,53.8743199,13.20239292,512002,0,512002,44321
v2,ea89b79a9dfd35df20fed759e6d15c60fe01e77c,direct,octree_leafcount,flyby,6,19,19,0.4189119935,0.174112007,0.5939520001,0.601338,1,0,-1,44017,38515,17,17,20591,53.46228742,13.29357393,512002,0,512002,44017
v2,ea89b79a9dfd35df20fed759e6d15c60fe01e77c,direct,octree_leafcount,flyby,6,20,20,0.4482240081,0.1748159975,0.6239680052,0.631083,1,0,-1,44129,38613,17,17,20509,53.11423614,13.25983477,512002,0,512002,44129
v2,ea89b79a9dfd35df20fed759e6d15c60fe01e77c,direct,octree_leafcount,flyby,6,21,21,0.447360009,0.1791359931,0.6274240017,0.634231,1,0,-1,43985,38487,17,17,20271,52.66973264,13.30324525,512002,0,512002,43985
v2,ea89b79a9dfd35df20fed759e6d15c60fe01e77c,direct,octree_leafcount,flyby,6,22,22,0.4151360095,0.1771519929,0.5932480097,0.601149,1,0,-1,43849,38368,17,17,20034,52.21538782,13.34450584,512002,0,512002,43849
v2,ea89b79a9dfd35df20fed759e6d15c60fe01e77c,direct,octree_leafcount,flyby,6,23,23,0.3837440014,0.179775998,0.564447999,0.572153,1,0,-1,43969,38473,17,17,19812,51.49585424,13.30808619,512002,0,512002,43969
v2,ea89b79a9dfd35df20fed759e6d15c60fe01e77c,direct,octree_leafcount,flyby,6,24,24,0.3820160031,0.1782079935,0.5611519814,0.568811,1,0,-1,43633,38179,17,17,19508,51.09615234,13.41056602,512002,0,512002,43633
v2,ea89b79a9dfd35df20fed759e6d15c60fe01e77c,direct,octree_leafcount,flyby,6,25,25,0.4127680063,0.1781760007,0.5919039845,0.598395,1,0,-1,44049,38543,17,17,19656,50.99758711,13.28391666,512002,0,512002,44049
v2,ea89b79a9dfd35df20fed759e6d15c60fe01e77c,direct,octree_leafcount,flyby,6,26,26,0.4510720074,0.1773120016,0.6293759942,0.6365,1,0,-1,44289,38753,17,17,19633,50.66188424,13.21193198,512002,0,512002,44289
v2,ea89b79a9dfd35df20fed759e6d15c60fe01e77c,direct,octree_leafcount,flyby,6,27,27,0.4415040016,0.1784960032,0.6209599972,0.626894,1,0,-1,45185,39537,17,17,19857,50.22384096,12.94994562,512002,0,512002,45185
v2,ea89b79a9dfd35df20fed759e6d15c60fe01e77c,direct,octree_leafcount,flyby,6,28,28,0.4565120041,0.1719360054,0.6293759942,0.636074,1,0,-1,45209,39558,17,17,19402,49.04696901,12.94307093,512002,0,512002,45209
v2,ea89b79a9dfd35df20fed759e6d15c60fe01e77c,direct,octree_leafcount,flyby,6,29,29,0.443967998,0.1772799939,0.6221759915,0.627941,1,0,-1,44529,38963,18,18,18895,48.49472577,13.14072325,512002,0,512002,44529
v2,ea89b79a9dfd35df20fed759e6d15c60fe01e77c,direct,octree_leafcount,flyby,6,30,30,0.4731839895,0.1771519929,0.6512640119,0.658623,1,0,-1,44449,38893,17,17,18531,47.64610598,13.16437405,512002,0,512002,44449
v2,ea89b79a9dfd35df20fed759e6d15c60fe01e77c,direct,octree_leafcount,flyby,6,31,31,0.4491840005,0.1782400012,0.6283519864,0.635447,1,0,-1,44785,39187,17,17,18543,47.31926404,13.06560849,512002,0,512002,44785
v2,ea89b79a9dfd35df20fed759e6d15c60fe01e77c,direct,octree_leafcount,flyby,6,32,32,0.4519360065,0.1790719926,0.6319680214,0.639345,1,0,-1,44657,39075,17,17,18503,47.35252719,13.10305822,512002,0,512002,44657
v2,ea89b79a9dfd35df20fed759e6d15c60fe01e77c,direct,octree_leafcount,flyby,6,33,33,0.4550719857,0.1812160015,0.6372159719,0.644257,1,0,-1,44129,38613,17,17,18153,47.01266413,13.25983477,512002,0,512002,44129
v2,ea89b79a9dfd35df20fed759e6d15c60fe01e77c,direct,octree_leafcount,flyby,6,34,34,0.4180159867,0.1782400012,0.5971840024,0.604396,1,0,-1,44249,38718,17,17,18062,46.65013689,13.2238752,512002,0,512002,44249
v2,ea89b79a9dfd35df20fed759e6d15c60fe01e77c,direct,octree_leafcount,flyby,6,35,35,0.4508799911,0.1767359972,0.6285759807,0.635561,1,0,-1,45081,39446,17,17,18227,46.20747351,12.97982051,512002,0,512002,45081
v2,ea89b79a9dfd35df20fed759e6d15c60fe01e77c,direct,octree_leafcount,flyby,6,36,36,0.4539200068,0.174879998,0.6297600269,0.637151,1,0,-1,45409,39733,17,17,18345,46.17068935,12.88606448,512002,0,512002,45409
v2,ea89b79a9dfd35df20fed759e6d15c60fe01e77c,direct,octree_leafcount,flyby,6,37,37,0.4502080083,0.1770559996,0.6281920075,0.63511,1,0,-1,45553,39859,17,17,18263,45.81901202,12.84532979,512002,0,512002,45553
v2,ea89b79a9dfd35df20fed759e6d15c60fe01e77c,direct,octree_leafcount,flyby,6,38,38,0.4511039853,0.1792320013,0.6312639713,0.638658,1,0,-1,44945,39327,17,17,17674,44.94113459,13.0190963,512002,0,512002,44945
v2,ea89b79a9dfd35df20fed759e6d15c60fe01e77c,direct,octree_leafcount,flyby,6,39,39,0.486048013,0.1772480011,0.6641920209,0.671258,1,0,-1,45137,39495,17,17,17939,45.42093936,12.96371693,512002,0,512002,45137
v2,ea89b79a9dfd35df20fed759e6d15c60fe01e77c,direct,octree_leafcount,flyby,6,40,40,0.4215359986,0.1791040003,0.601631999,0.609013,1,0,-1,45761,40041,17,17,18036,45.04383007,12.78694338,512002,0,512002,45761
v2,ea89b79a9dfd35df20fed759e6d15c60fe01e77c,direct,octree_leafcount,flyby,6,41,41,0.4463999867,0.1740799993,0.6214399934,0.628748,1,0,-1,45601,39901,17,17,17592,44.08912057,12.83180873,512002,0,512002,45601
v2,ea89b79a9dfd35df20fed759e6d15c60fe01e77c,direct,octree_leafcount,flyby,6,42,42,0.4523200095,0.1771200001,0.630400002,0.639038,1,0,-1,45409,39733,17,17,17202,43.29398737,12.88606448,512002,0,512002,45409
v2,ea89b79a9dfd35df20fed759e6d15c60fe01e77c,direct,octree_leafcount,flyby,6,43,43,0.5098559856,0.1774079949,0.6881920099,0.695605,1,0,-1,45297,39635,17,17,17028,42.96202851,12.91792608,512002,0,512002,45297
v2,ea89b79a9dfd35df20fed759e6d15c60fe01e77c,direct,octree_leafcount,flyby,6,44,44,0.416703999,0.1783359945,0.595968008,0.602707,1,0,-1,45337,39670,17,17,16868,42.52079657,12.90652886,512002,0,512002,45337
v2,ea89b79a9dfd35df20fed759e6d15c60fe01e77c,direct,octree_leafcount,flyby,6,45,45,0.4494400024,0.1763519943,0.6267200112,0.633639,1,0,-1,45353,39684,17,17,16655,41.96905554,12.90197561,512002,0,512002,45353
v2,ea89b79a9dfd35df20fed759e6d15c60fe01e77c,direct,octree_leafcount,flyby,6,46,46,0.4550080001,0.1814399958,0.6374080181,0.644716,1,0,-1,45465,39782,17,17,16678,41.92348298,12.87019255,512002,0,512002,45465
v2,ea89b79a9dfd35df20fed759e6d15c60fe01e77c,direct,octree_leafcount,flyby,6,47,47,0.4809600115,0.1802559942,0.662176013,0.669815,1,0,-1,45233,39579,17,17,16448,41.55739155,12.93620354,512002,0,512002,45233
v2,ea89b79a9dfd35df20fed759e6d15c60fe01e77c,direct,octree_leafcount,flyby,6,48,48,0.4800640047,0.1762239933,0.6571840048,0.66374,1,0,-1,45377,39705,17,17,16280,41.00239265,12.89515174,512002,0,512002,45377
v2,ea89b79a9dfd35df20fed759e6d15c60fe01e77c,direct,octree_leafcount,flyby,6,49,49,0.4487999976,0.1802880019,0.6300160289,0.636864,1,0,-1,44801,39201,17,17,15965,40.72600189,13.06094232,512002,0,512002,44801
v2,ea89b79a9dfd35df20fed759e6d15c60fe01e77c,direct,octree_leafcount,flyby,6,50,50,0.4199039936,0.1793279946,0.6001600027,0.607502,1,0,-1,44609,39033,17,17,15886,40.69889581,13.11715728,512002,0,512002,44609
v2,ea89b79a9dfd35df20fed759e6d15c60fe01e77c,direct,octree_leafcount,flyby,6,51,51,0.4493120015,0.1802240014,0.6304640174,0.63791,1,0,-1,44577,39005,17,17,15882,40.71785669,13.12657352,512002,0,512002,44577
v2,ea89b79a9dfd35df20fed759e6d15c60fe01e77c,direct,octree_leafcount,flyby,6,52,52,0.4587520063,0.1811199933,0.6407999992,0.648245,1,0,-1,44913,39299,17,17,16024,40.77457442,13.02837222,512002,0,512002,44913
v2,ea89b79a9dfd35df20fed759e6d15c60fe01e77c,direct,octree_leafcount,flyby,6,53,53,0.4493120015,0.1772480011,0.6275200248,0.633791,1,0,-1,44825,39222,17,17,15884,40.49767987,13.05394931,512002,0,512002,44825
v2,ea89b79a9dfd35df20fed759e6d15c60fe01e77c,direct,octree_leafcount,flyby,6,54,54,0.4505920112,0.1749439985,0.6264640093,0.633436,1,0,-1,45001,39376,17,17,15802,40.13104429,13.00289516,512002,0,512002,45001
v2,ea89b79a9dfd35df20fed759e6d15c60fe01e77c,direct,octree_leafcount,flyby,6,55,55,0.4504959881,0.1792960018,0.6307200193,0.637939,1,0,-1,45065,39432,17,17,15886,40.28707649,12.98442889,512002,0,512002,45065
v2,ea89b79a9dfd35df20fed759e6d15c60fe01e77c,direct,octree_leafcount,flyby,6,56,56,0.4514879882,0.1760639995,0.6284800172,0.636152,1,0,-1,45209,39558,17,17,15666,39.60260883,12.94307093,512002,0,512002,45209
v2,ea89b79a9dfd35df20fed759e6d15c60fe01e77c,direct,octree_leafcount,flyby,6,57,57,0.4537599981,0.1720640063,0.6267840266,0.634059,1,0,-1,45017,39390,17,17,15458,39.24346281,12.99827367,512002,0,512002,45017
v2,ea89b79a9dfd35df20fed759e6d15c60fe01e77c,direct,octree_leafcount,flyby,6,58,58,0.4561280012,0.1749760062,0.6320319772,0.639717,1,0,-1,44849,39243,17,17,15279,38.93433224,13.04696379,512002,0,512002,44849
v2,ea89b79a9dfd35df20fed759e6d15c60fe01e77c,direct,octree_leafcount,flyby,6,59,59,0.4597760141,0.1772159934,0.6378880143,0.645408,1,0,-1,45073,39439,17,17,15427,39.11610335,12.98212429,512002,0,512002,45073
v2,ea89b79a9dfd35df20fed759e6d15c60fe01e77c,direct,octree_leafcount,flyby,6,60,60,0.5275200009,0.1739200056,0.7024000287,0.709672,1,0,-1,44793,39194,17,17,15335,39.12588662,13.06327499,512002,0,512002,44793
v2,ea89b79a9dfd35df20fed759e6d15c60fe01e77c,direct,octree_leafcount,flyby,6,61,61,0.4491519928,0.1782400012,0.628287971,0.635146,1,0,-1,44801,39201,17,17,15413,39.31787454,13.06094232,512002,0,512002,44801
v2,ea89b79a9dfd35df20fed759e6d15c60fe01e77c,direct,octree_leafcount,flyby,6,62,62,0.4539520144,0.1746560037,0.6295679808,0.636706,1,0,-1,44977,39355,17,17,15318,38.92262737,13.00983357,512002,0,512002,44977
v2,ea89b79a9dfd35df20fed759e6d15c60fe01e77c,direct,octree_leafcount,flyby,6,63,63,0.4504320025,0.1780479997,0.6294080019,0.636364,1,0,-1,44649,39068,17,17,15190,38.88092557,13.10540596,512002,0,512002,44649
v2,ea89b79a9dfd35df20fed759e6d15c60fe01e77c,direct,octree_leafcount,flyby,6,64,64,0.4577600062,0.1780160069,0.6367359757,0.64397,1,0,-1,44777,39180,17,17,15101,38.54262379,13.06794283,512002,0,512002,44777
v2,ea89b79a9dfd35df20fed759e6d15c60fe01e77c,direct,octree_leafcount,flyby,6,65,65,0.457152009,0.178271994,0.6363520026,0.644187,1,0,-1,44625,39047,17,17,14906,38.17450764,13.11245422,512002,0,512002,44625
v2,ea89b79a9dfd35df20fed759e6d15c60fe01e77c,direct,octree_leafcount,flyby,6,66,66,0.4518719912,0.1779839993,0.6308159828,0.638118,1,0,-1,44441,38886,17,17,14799,38.05739855,13.16674382,512002,0,512002,44441
v2,ea89b79a9dfd35df20fed759e6d15c60fe01e77c,direct,octree_leafcount,flyby,6,67,67,0.4208959937,0.177760005,0.5995839834,0.607498,1,0,-1,44545,38977,17,17,14792,37.95058624,13.13600328,512002,0,512002,44545
v2,ea89b79a9dfd35df20fed759e6d15c60fe01e77c,direct,octree_leafcount,flyby,6,68,68,0.4802240133,0.1750079989,0.656159997,0.663478,1,0,-1,45041,39411,17,17,14975,37.99700591,12.99134759,512002,0,512002,45041
v2,ea89b79a9dfd35df20fed759e6d15c60fe01e77c,direct,octree_leafcount,flyby,6,69,69,0.4511039853,0.1788800061,0.6308799982,0.638027,1,0,-1,44329,38788,17,17,14562,37.54253893,13.20001031,512002,0,512002,44329
v2,ea89b79a9dfd35df20fed759e6d15c60fe01e77c,direct,octree_leafcount,flyby,6,70,70,0.4175040126,0.179008007,0.5974400043,0.604921,1,0,-1,44777,39180,17,17,14583,37.22052067,13.06794283,512002,0,512002,44777
v2,ea89b79a9dfd35df20fed759e6d15c60fe01e77c,direct,octree_leafcount,flyby,6,71,71,0.4429439902,0.1773439944,0.6212159991,0.626579,1,0,-1,45025,39397,17,17,14811,37.59423306,12.99596416,512002,0,512002,45025
v2,ea89b79a9dfd35df20fed759e6d15c60fe01e77c,direct,octree_leafcount,flyby,6,72,72,0.4141120017,0.176256001,0.5912960172,0.598315,1,0,-1,44889,39278,17,17,14734,37.51209328,13.03533785,512002,0,512002,44889
v2,ea89b79a9dfd35df20fed759e6d15c60fe01e77c,direct,octree_leafcount,flyby,6,73,73,0.449984014,0.1721280068,0.6230720282,0.629803,1,0,-1,44601,39026,17,17,14744,37.77994158,13.11951007,512002,0,512002,44601
v2,ea89b79a9dfd35df20fed759e6d15c60fe01e77c,direct,octree_leafcount,flyby,6,74,74,0.4597119987,0.1812160015,0.6418560147,0.649179,1,0,-1,44697,39110,17,17,14648,37.45333674,13.09133214,512002,0,512002,44697
v2,ea89b79a9dfd35df20fed759e6d15c60fe01e77c,direct,octree_leafcount,flyby,6,75,75,0.4533120096,0.1791999936,0.6334400177,0.641056,1,0,-1,44921,39306,17,17,14675,37.33526688,13.026052,512002,0,512002,44921
v2,ea89b79a9dfd35df20fed759e6d15c60fe01e77c,direct,octree_leafcount,flyby,6,76,76,0.4219200015,0.1757439971,0.598623991,0.606226,1,0,-1,44905,39292,17,17,14706,37.42746615,13.03069327,512002,0,512002,44905
v2,ea89b79a9dfd35df20fed759e6d15c60fe01e77c,direct,octree_leafcount,flyby,6,77,77,0.4532479942,0.1774079949,0.6315839887,0.638484,1,0,-1,44729,39138,17,17,14444,36.90530942,13.08196638,512002,0,512002,44729
v2,ea89b79a9dfd35df20fed759e6d15c60fe01e77c,direct,octree_leafcount,flyby,6,78,78,0.4213120043,0.176256001,0.5984640121,0.605604,1,0,-1,44825,39222,17,17,14637,37.31834175,13.05394931,512002,0,512002,44825
v2,ea89b79a9dfd35df20fed759e6d15c60fe01e77c,direct,octree_leafcount,flyby,6,79,79,0.4526720047,0.174879998,0.6284800172,0.635008,1,0,-1,44673,39089,17,17,14326,36.64969685,13.09836527,512002,0,512002,44673
v2,ea89b79a9dfd35df20fed759e6d15c60fe01e77c,direct,octree_leafcount,flyby,6,80,80,0.4175679982,0.1772799939,0.5958080292,0.602575,1,0,-1,44537,38970,17,17,14200,36.43828586,13.13836284,512002,0,512002,44537
v2,ea89b79a9dfd35df20fed759e6d15c60fe01e77c,direct,octree_leafcount,flyby,6,81,81,0.421216011,0.1768639982,0.5990080237,0.605983,1,0,-1,44697,39110,17,17,14262,36.46637689,13.09133214,512002,0,512002,44697
v2,ea89b79a9dfd35df20fed759e6d15c60fe01e77c,direct,octree_leafcount,flyby,6,82,82,0.492832005,0.1790719926,0.6728320122,0.680354,1,0,-1,44465,38907,17,17,14246,36.61551906,13.15963708,512002,0,512002,44465
v2,ea89b79a9dfd35df20fed759e6d15c60fe01e77c,direct,octree_leafcount,flyby,6,83,83,0.4177280068,0.1740480065,0.5927360058,0.599786,1,0,-1,44465,38907,17,17,14370,36.93422777,13.15963708,512002,0,512002,44465
v2,ea89b79a9dfd35df20fed759e6d15c60fe01e77c,direct,octree_leafcount,flyby,6,84,84,0.4433600008,0.1754239947,0.6197440028,0.625517,1,0,-1,44025,38522,17,17,14009,36.36623228,13.2911583,512002,0,512002,44025
v2,ea89b79a9dfd35df20fed759e6d15c60fe01e77c,direct,octree_leafcount,flyby,6,85,85,0.4204800129,0.1749760062,0.5964159966,0.603419,1,0,-1,44569,38998,17,17,14284,36.62751936,13.12892969,512002,0,512002,44569
v2,ea89b79a9dfd35df20fed759e6d15c60fe01e77c,direct,octree_leafcount,flyby,6,86,86,0.4896320105,0.1752640009,0.666432023,0.674372,1,0,-1,44401,38851,17,17,14068,36.21013616,13.17860544,512002,0,512002,44401
v2,ea89b79a9dfd35df20fed759e6d15c60fe01e77c,direct,octree_leafcount,flyby,6,87,87,0.4197440147,0.1749439985,0.5956479907,0.602783,1,0,-1,44201,38676,17,17,13950,36.06887993,13.2382356,512002,0,512002,44201
v2,ea89b79a9dfd35df20fed759e6d15c60fe01e77c,direct,octree_leafcount,flyby,6,88,88,0.4220800102,0.1800639927,0.6030399799,0.610116,1,0,-1,43793,38319,17,17,13673,35.68203763,13.36156998,512002,0,512002,43793
v2,ea89b79a9dfd35df20fed759e6d15c60fe01e77c,direct,octree_leafcount,flyby,6,89,89,0.4533439875,0.1740480065,0.6283519864,0.635335,1,0,-1,43993,38494,17,17,13730,35.6678963,13.3008261,512002,0,512002,43993
v2,ea89b79a9dfd35df20fed759e6d15c60fe01e77c,direct,octree_leafcount,flyby,6,90,90,0.4565120041,0.1751040071,0.6325759888,0.6395,1,0,-1,43937,38445,17,17,13765,35.80439589,13.31777864,512002,0,512002,43937
v2,ea89b79a9dfd35df20fed759e6d15c60fe01e77c,direct,octree_leafcount,flyby,6,91,91,0.4505600035,0.1741439998,0.625631988,0.632425,1,0,-1,44345,38802,17,17,13869,35.74300294,13.19524767,512002,0,512002,44345
v2,ea89b79a9dfd35df20fed759e6d15c60fe01e77c,direct,octree_leafcount,flyby,6,92,92,0.4226880074,0.1781760007,0.6018239856,0.609326,1,0,-1,43537,38095,17,17,13512,35.46922168,13.4401365,512002,0,512002,43537
v2,ea89b79a9dfd35df20fed759e6d15c60fe01e77c,direct,octree_leafcount,flyby,6,93,93,0.4536640048,0.170975998,0.6255999804,0.632965,1,0,-1,43849,38368,17,17,13493,35.16732694,13.34450584,512002,0,512002,43849
v2,ea89b79a9dfd35df20fed759e6d15c60fe01e77c,direct,octree_leafcount,flyby,6,94,94,0.4212479889,0.1716479957,0.593824029,0.601386,1,0,-1,43313,37899,17,17,13319,35.14340748,13.50964405,512002,0,512002,43313
v2,ea89b79a9dfd35df20fed759e6d15c60fe01e77c,direct,octree_leafcount,flyby,6,95,95,0.4200640023,0.1711360067,0.5921279788,0.59926,1,0,-1,43625,38172,17,17,13299,34.83967306,13.41302525,512002,0,512002,43625
v2,ea89b79a9dfd35df20fed759e6d15c60fe01e77c,direct,octree_leafcount,flyby,6,96,96,0.4532800019,0.1750719994,0.6292799711,0.63631,1,0,-1,43329,37913,17,17,13283,35.03547596,13.5046554,512002,0,512002,43329
v2,ea89b79a9dfd35df20fed759e6d15c60fe01e77c,direct,octree_leafcount,flyby,6,97,97,0.4180159867,0.1771519929,0.5960959792,0.603137,1,0,-1,43289,37878,17,17,13180,34.79592376,13.51713396,512002,0,512002,43289
v2,ea89b79a9dfd35df20fed759e6d15c60fe01e77c,direct,octree_leafcount,flyby,6,98,98,0.4507519901,0.1711360067,0.6228160262,0.62992,1,0,-1,43073,37689,17,17,13322,35.34718353,13.58491868,512002,0,512002,43073
v2,ea89b79a9dfd35df20fed759e6d15c60fe01e77c,direct,octree_leafcount,flyby,6,99,99,0.4165439904,0.1762239933,0.5936959982,0.600186,1,0,-1,43121,37731,17,17,13271,35.17266969,13.56979672,512002,0,512002,43121
v2,ea89b79a9dfd35df20fed759e6d15c60fe01e77c,direct,octree_leafcount,flyby,6,100,100,0.4178560078,0.1803839952,0.5991680026,0.606048,1,0,-1,43753,38284,17,17,13428,35.07470484,13.37378539,512002,0,512002,43753
v2,ea89b79a9dfd35df20fed759e6d15c60fe01e77c,direct,octree_leafcount,flyby,6,101,101,0.4262720048,0.1771840006,0.6043519974,0.611641,1,0,-1,43369,37948,17,17,13255,34.92937704,13.49219985,512002,0,512002,43369
v2,ea89b79a9dfd35df20fed759e6d15c60fe01e77c,direct,octree_leafcount,flyby,6,102,102,0.4513599873,0.1730879992,0.6264640093,0.633721,1,0,-1,43377,37955,17,17,12960,34.14569885,13.4897115,512002,0,512002,43377
v2,ea89b79a9dfd35df20fed759e6d15c60fe01e77c,direct,octree_leafcount,flyby,6,103,103,0.4476799965,0.1752319932,0.6238399744,0.629346,1,0,-1,43161,37766,17,17,13113,34.72170736,13.55722078,512002,0,512002,43161
v2,ea89b79a9dfd35df20fed759e6d15c60fe01e77c,direct,octree_leafcount,flyby,6,104,104,0.4174079895,0.1752959937,0.5935999751,0.601131,1,0,-1,43497,38060,17,17,13361,35.10509721,13.45249606,512002,0,512002,43497
v2,ea89b79a9dfd35df20fed759e6d15c60fe01e77c,direct,octree_leafcount,flyby,6,105,105,0.4456320107,0.1740159988,0.6206079721,0.626263,1,0,-1,43441,38011,17,17,13006,34.21641104,13.46983768,512002,0,512002,43441
v2,ea89b79a9dfd35df20fed759e6d15c60fe01e77c,direct,octree_leafcount,flyby,6,106,106,0.4217599928,0.1718720049,0.5945919752,0.602748,1,0,-1,43041,37661,17,17,12956,34.40163564,13.59501872,512002,0,512002,43041
v2,ea89b79a9dfd35df20fed759e6d15c60fe01e77c,direct,octree_leafcount,flyby,6,107,107,0.4558399916,0.1731840074,0.6299840212,0.637506,1,0,-1,43609,38158,17,17,13247,34.71618009,13.41794643,512002,0,512002,43609
v2,ea89b79a9dfd35df20fed759e6d15c60fe01e77c,direct,octree_leafcount,flyby,6,108,108,0.418464005,0.173247993,0.5926719904,0.599604,1,0,-1,43289,37878,17,17,13156,34.73256244,13.51713396,512002,0,512002,43289
v2,ea89b79a9dfd35df20fed759e6d15c60fe01e77c,direct,octree_leafcount,flyby,6,109,109,0.4201279879,0.1711360067,0.5922240019,0.599497,1,0,-1,43017,37640,17,17,12890,34.24548353,13.60260361,512002,0,512002,43017
v2,ea89b79a9dfd35df20fed759e6d15c60fe01e77c,direct,octree_leafcount,flyby,6,110,110,0.4501439929,0.1731519997,0.6242560148,0.63112,1,0,-1,43161,37766,17,17,13007,34.44103162,13.55722078,512002,0,512002,43161
v2,ea89b79a9dfd35df20fed759e6d15c60fe01e77c,direct,octree_leafcount,flyby,6,111,111,0.412447989,0.1730879992,0.5864959955,0.593338,1,0,-1,43185,37787,17,17,13031,34.48540503,13.5496864,512002,0,512002,43185
v2,ea89b79a9dfd35df20fed759e6d15c60fe01e77c,direct,octree_leafcount,flyby,6,112,112,0.4470080137,0.1731519997,0.621088028,0.627843,1,0,-1,43201,37801,17,17,12828,33.93561017,13.54466813,512002,0,512002,43201
v2,ea89b79a9dfd35df20fed759e6d15c60fe01e77c,direct,octree_leafcount,flyby,6,113,113,0.4520640075,0.178271994,0.6312639713,0.638637,1,0,-1,43313,37899,17,17,13016,34.34391409,13.50964405,512002,0,512002,43313
v2,ea89b79a9dfd35df20fed759e6d15c60fe01e77c,direct,octree_leafcount,flyby,6,114,114,0.4580799937,0.1772480011,0.6362559795,0.643533,1,0,-1,43249,37843,17,17,12938,34.18862141,13.5296356,512002,0,512002,43249
v2,ea89b79a9dfd35df20fed759e6d15c60fe01e77c,direct,octree_leafcount,flyby,6,115,115,0.3892480135,0.1730239987,0.5632320046,0.570234,1,0,-1,43105,37717,17,17,12806,33.95285945,13.57483363,512002,0,512002,43105
v2,ea89b79a9dfd35df20fed759e6d15c60fe01e77c,direct,octree_leafcount,flyby,6,116,116,0.4208000004,0.1800639927,0.6017600298,0.609058,1,0,-1,43153,37759,17,17,12761,33.79591621,13.5597341,512002,0,512002,43153
v2,ea89b79a9dfd35df20fed759e6d15c60fe01e77c,direct,octree_leafcount,flyby,6,117,117,0.4515199959,0.1729599983,0.6254400015,0.632624,1,0,-1,43273,37864,17,17,12946,34.19078808,13.52213184,512002,0,512002,43273
v2,ea89b79a9dfd35df20fed759e6d15c60fe01e77c,direct,octree_leafcount,flyby,6,118,118,0.4105600119,0.1762879938,0.587808013,0.59431,1,0,-1,43497,38060,17,17,12911,33.92275355,13.45249606,512002,0,512002,43497
v2,ea89b79a9dfd35df20fed759e6d15c60fe01e77c,direct,octree_leafcount,flyby,6,119,119,0.4538559914,0.1720000058,0.6267840266,0.633548,1,0,-1,43585,38137,17,17,13008,34.10860844,13.42533498,512002,0,512002,43585
v2,ea89b79a9dfd35df20fed759e6d15c60fe01e77c,direct,octree_leafcount,flyby,6,120,120,0.4191359878,0.1721280068,0.5921919942,0.598495,1,0,-1,43545,38102,17,17,13056,34.2659178,13.43766731,512002,0,512002,43545
v2,ea89b79a9dfd35df20fed759e6d15c60fe01e77c,direct,octree_leafcount,flyby,6,121,121,0.4132480025,0.1732800007,0.5874559879,0.594098,1,0,-1,43385,37962,17,17,12938,34.08144987,13.48722407,512002,0,512002,43385
v2,ea89b79a9dfd35df20fed759e6d15c60fe01e77c,direct,octree_leafcount,flyby,6,122,122,0.4438720047,0.1721920073,0.6169919968,0.622684,1,0,-1,42897,37535,17,17,12600,33.56866924,13.64065539,512002,0,512002,42897
v2,ea89b79a9dfd35df20fed759e6d15c60fe01e77c,direct,octree_leafcount,flyby,6,123,123,0.4162879884,0.1699520051,0.587199986,0.593498,1,0,-1,43329,37913,17,17,12958,34.1782502,13.5046554,512002,0,512002,43329
v2,ea89b79a9dfd35df20fed759e6d15c60fe01e77c,direct,octree_leafcount,flyby,6,124,124,0.4453119934,0.1740480065,0.6202880144,0.626481,1,0,-1,43465,38032,17,17,12904,33.92932268,13.46240008,512002,0,512002,43465
v2,ea89b79a9dfd35df20fed759e6d15c60fe01e77c,direct,octree_leafcount,flyby,6,125,125,0.4211840034,0.1719360054,0.5940799713,0.601335,1,0,-1,43449,38018,17,17,12830,33.74717239,13.46735757,512002,0,512002,43449
v2,ea89b79a9dfd35df20fed759e6d15c60fe01e77c,direct,octree_leafcount,flyby,6,126,126,0.4549120069,0.1699199975,0.6257280111,0.633539,1,0,-1,43401,37976,17,17,12780,33.65283337,13.48225195,512002,0,512002,43401
v2,ea89b79a9dfd35df20fed759e6d15c60fe01e77c,direct,octree_leafcount,flyby,6,127,127,0.4475840032,0.1720959991,0.6206079721,0.62769,1,0,-1,43353,37934,17,17,12613,33.24985501,13.49717931,512002,0,512002,43353
v2,ea89b79a9dfd35df20fed759e6d15c60fe01e77c,direct,octree_leafcount,flyby,6,128,128,0.416832,0.173984006,0.5917440057,0.599052,1,0,-1,43305,37892,17,17,12622,33.31046131,13.51213977,512002,0,512002,43305
v2,ea89b79a9dfd35df20fed759e6d15c60fe01e77c,direct,octree_leafcount,flyby,6,129,129,0.4479359984,0.173247993,0.6220800281,0.628729,1,0,-1,43121,37731,17,17,12694,33.64342318,13.56979672,512002,0,512002,43121
v2,ea89b79a9dfd35df20fed759e6d15c60fe01e77c,direct,octree_leafcount,flyby,6,130,130,0.4524480104,0.1688639969,0.6222400069,0.629597,1,0,-1,43265,37857,17,17,12705,33.560504,13.52463217,512002,0,512002,43265
v2,ea89b79a9dfd35df20fed759e6d15c60fe01e77c,direct,octree_leafcount,flyby,6,131,131,0.4550400078,0.1753920019,0.6313279867,0.638584,1,0,-1,43401,37976,17,17,12613,33.21308195,13.48225195,512002,0,512002,43401
v2,ea89b79a9dfd35df20fed759e6d15c60fe01e77c,direct,octree_leafcount,flyby,6,132,132,0.412672013,0.1771840006,0.590816021,0.596329,1,0,-1,43033,37654,17,17,12449,33.06156052,13.59754608,512002,0,512002,43033
v2,ea89b79a9dfd35df20fed759e6d15c60fe01e77c,direct,octree_leafcount,flyby,6,133,133,0.3835200071,0.1721920073,0.556640029,0.563345,1,0,-1,42961,37591,17,17,12278,32.66207337,13.62033465,512002,0,512002,42961
v2,ea89b79a9dfd35df20fed759e6d15c60fe01e77c,direct,octree_leafcount,flyby,6,134,134,0.4496639967,0.1742720008,0.6248639822,0.631714,1,0,-1,43057,37675,17,17,12404,32.92368945,13.58996682,512002,0,512002,43057
v2,ea89b79a9dfd35df20fed759e6d15c60fe01e77c,direct,octree_leafcount,flyby,6,135,135,0.421216011,0.1701440066,0.5922880173,0.600004,1,0,-1,43273,37864,17,17,12398,32.74350306,13.52213184,512002,0,512002,43273
v2,ea89b79a9dfd35df20fed759e6d15c60fe01e77c,direct,octree_leafcount,flyby,6,136,136,0.455776006,0.1709440053,0.6276479959,0.635659,1,0,-1,43713,38249,17,17,12664,33.10936234,13.38602316,512002,0,512002,43713
v2,ea89b79a9dfd35df20fed759e6d15c60fe01e77c,direct,octree_leafcount,flyby,6,137,137,0.4545919895,0.1729599983,0.6284480095,0.635299,1,0,-1,43185,37787,17,17,12581,33.29451928,13.5496864,512002,0,512002,43185
v2,ea89b79a9dfd35df20fed759e6d15c60fe01e77c,direct,octree_leafcount,flyby,6,138,138,0.4227519929,0.1729920059,0.5967040062,0.604477,1,0,-1,43073,37689,17,17,12345,32.75491523,13.58491868,512002,0,512002,43073
v2,ea89b79a9dfd35df20fed759e6d15c60fe01e77c,direct,octree_leafcount,flyby,6,139,139,0.4517439902,0.1751359999,0.6278079748,0.634133,1,0,-1,43617,38165,17,17,12654,33.15603301,13.41548539,512002,0,512002,43617
v2,ea89b79a9dfd35df20fed759e6d15c60fe01e77c,direct,octree_leafcount,flyby,6,140,140,0.4228160083,0.1740159988,0.5977920294,0.605314,1,0,-1,43497,38060,17,17,12721,33.42354178,13.45249606,512002,0,512002,43497
v2,ea89b79a9dfd35df20fed759e6d15c60fe01e77c,direct,octree_leafcount,flyby,6,141,141,0.4541760087,0.1729920059,0.6281279922,0.635148,1,0,-1,43553,38109,17,17,12543,32.913485,13.43519903,512002,0,512002,43553
v2,ea89b79a9dfd35df20fed759e6d15c60fe01e77c,direct,octree_leafcount,flyby,6,142,142,0.4184319973,0.1730879992,0.5924479961,0.599534,1,0,-1,43521,38081,17,17,12500,32.82476826,13.4450776,512002,0,512002,43521
v2,ea89b79a9dfd35df20fed759e6d15c60fe01e77c,direct,octree_leafcount,flyby,6,143,143,0.4534719884,0.1733440012,0.627744019,0.634946,1,0,-1,43481,38046,17,17,12512,32.88650581,13.45744625,512002,0,512002,43481
v2,ea89b79a9dfd35df20fed759e6d15c60fe01e77c,direct,octree_leafcount,flyby,6,144,144,0.4215039909,0.1687040031,0.591103971,0.598047,1,0,-1,42921,37556,17,17,12251,32.62061987,13.63302801,512002,0,512002,42921
v2,ea89b79a9dfd35df20fed759e6d15c60fe01e77c,direct,octree_leafcount,flyby,6,145,145,0.4230400026,0.1725440025,0.5965120196,0.604109,1,0,-1,43169,37773,17,17,12443,32.94151907,13.55470839,512002,0,512002,43169
v2,ea89b79a9dfd35df20fed759e6d15c60fe01e77c,direct,octree_leafcount,flyby,6,146,146,0.4426560104,0.1754560024,0.6190080047,0.624565,1,0,-1,43153,37759,17,17,12284,32.53264122,13.5597341,512002,0,512002,43153
v2,ea89b79a9dfd35df20fed759e6d15c60fe01e77c,direct,octree_leafcount,flyby,6,147,147,0.4137600064,0.178271994,0.5929920077,0.599875,1,0,-1,43521,38081,17,17,12474,32.75649274,13.4450776,512002,0,512002,43521
v2,ea89b79a9dfd35df20fed759e6d15c60fe01e77c,direct,octree_leafcount,flyby,6,148,148,0.4514240026,0.1741759926,0.6265599728,0.633886,1,0,-1,43521,38081,17,17,12566,32.99808303,13.4450776,512002,0,512002,43521
v2,ea89b79a9dfd35df20fed759e6d15c60fe01e77c,direct,octree_leafcount,flyby,6,149,149,0.4152959883,0.1721280068,0.5883200169,0.595085,1,0,-1,43225,37822,17,17,12458,32.9385014,13.53714769,512002,0,512002,43225
v2,ea89b79a9dfd35df20fed759e6d15c60fe01e77c,direct,octree_leafcount,flyby,6,150,150,0.4189119935,0.1721280068,0.5919359922,0.599207,1,0,-1,43393,37969,17,17,12389,32.62925018,13.48473755,512002,0,512002,43393
v2,ea89b79a9dfd35df20fed759e6d15c60fe01e77c,direct,octree_leafcount,flyby,6,151,151,0.449887991,0.1743360013,0.6263679862,0.632826,1,0,-1,43537,38095,17,17,12407,32.56857855,13.4401365,512002,0,512002,43537
v2,ea89b79a9dfd35df20fed759e6d15c60fe01e77c,direct,octree_leafcount,flyby,6,152,152,0.4174399972,0.1731519997,0.5915200114,0.598498,1,0,-1,43497,38060,17,17,12509,32.86652654,13.45249606,512002,0,512002,43497
v2,ea89b79a9dfd35df20fed759e6d15c60fe01e77c,direct,octree_leafcount,flyby,6,153,153,0.4554879963,0.1737599969,0.6302080154,0.637412,1,0,-1,43665,38207,17,17,12555,32.86047059,13.40073808,512002,0,512002,43665
v2,ea89b79a9dfd35df20fed759e6d15c60fe01e77c,direct,octree_leafcount,flyby,6,154,154,0.4193280041,0.1771200001,0.5974079967,0.60455,1,0,-1,43257,37850,17,17,12228,32.30647292,13.52713342,512002,0,512002,43257
v2,ea89b79a9dfd35df20fed759e6d15c60fe01e77c,direct,octree_leafcount,flyby,6,155,155,0.4218240082,0.1719039977,0.5946879983,0.602446,1,0,-1,43513,38074,17,17,12377,32.50774807,13.44754951,512002,0,512002,43513
v2,ea89b79a9dfd35df20fed759e6d15c60fe01e77c,direct,octree_leafcount,flyby,6,156,156,0.4519039989,0.1751679927,0.628000021,0.63492,1,0,-1,43417,37990,17,17,12313,32.41116083,13.4772835,512002,0,512002,43417
v2,ea89b79a9dfd35df20fed759e6d15c60fe01e77c,direct,octree_leafcount,flyby,6,157,157,0.4186879992,0.1754879951,0.5951359868,0.601033,1,0,-1,43193,37794,17,17,12313,32.57924538,13.5471768,512002,0,512002,43193
v2,ea89b79a9dfd35df20fed759e6d15c60fe01e77c,direct,octree_leafcount,flyby,6,158,158,0.4529919922,0.1772480011,0.6311360002,0.638266,1,0,-1,43313,37899,17,17,12254,32.33330695,13.50964405,512002,0,512002,43313
v2,ea89b79a9dfd35df20fed759e6d15c60fe01e77c,direct,octree_leafcount,flyby,6,159,159,0.4172160029,0.1721599996,0.5903360248,0.595893,1,0,-1,42817,37465,17,17,11960,31.92312825,13.66614173,512002,0,512002,42817
v2,ea89b79a9dfd35df20fed759e6d15c60fe01e77c,direct,octree_leafcount,flyby,6,160,160,0.4192639887,0.1772480011,0.5974400043,0.60453,1,0,-1,43097,37710,17,17,12020,31.87483426,13.57735349,512002,0,512002,43097
v2,ea89b79a9dfd35df20fed759e6d15c60fe01e77c,direct,octree_leafcount,flyby,6,161,161,0.4516159892,0.176256001,0.6288319826,0.636038,1,0,-1,43233,37829,17,17,12227,32.32176373,13.53464273,512002,0,512002,43233
v2,ea89b79a9dfd35df20fed759e6d15c60fe01e77c,direct,octree_leafcount,flyby,6,162,162,0.4521920085,0.1799360067,0.6330239773,0.64045,1,0,-1,43145,37752,17,17,12101,32.05393092,13.56224836,512002,0,512002,43145
v2,ea89b79a9dfd35df20fed759e6d15c60fe01e77c,direct,octree_leafcount,flyby,6,163,163,0.4522559941,0.1751679927,0.6283839941,0.635182,1,0,-1,43545,38102,17,17,12278,32.22403023,13.43766731,512002,0,512002,43545
v2,ea89b79a9dfd35df20fed759e6d15c60fe01e77c,direct,octree_leafcount,flyby,6,164,164,0.4535999894,0.1728959978,0.6274240017,0.634531,1,0,-1,43241,37836,17,17,12047,31.84004652,13.5321387,512002,0,512002,43241
v2,ea89b79a9dfd35df20fed759e6d15c60fe01e77c,direct,octree_leafcount,flyby,6,165,165,0.4219520092,0.1751679927,0.5980799794,0.60502,1,0,-1,43137,37745,17,17,12060,31.95125182,13.56476354,512002,0,512002,43137
v2,ea89b79a9dfd35df20fed759e6d15c60fe01e77c,direct,octree_leafcount,flyby,6,166,166,0.4555520117,0.1710080057,0.6274560094,0.63448,1,0,-1,43105,37717,17,17,11947,31.67537185,13.57483363,512002,0,512002,43105
v2,ea89b79a9dfd35df20fed759e6d15c60fe01e77c,direct,octree_leafcount,flyby,6,167,167,0.42236799,0.1749760062,0.5983039737,0.605583,1,0,-1,43105,37717,17,17,11850,31.41819339,13.57483363,512002,0,512002,43105
v2,ea89b79a9dfd35df20fed759e6d15c60fe01e77c,direct,octree_leafcount,flyby,6,168,168,0.452767998,0.1729920059,0.6266880035,0.63398,1,0,-1,42745,37402,17,17,11841,31.65873483,13.68916101,512002,0,512002,42745
v2,ea89b79a9dfd35df20fed759e6d15c60fe01e77c,direct,octree_leafcount,flyby,6,169,169,0.4198080003,0.1730560064,0.593824029,0.600716,1,0,-1,43025,37647,17,17,11893,31.59083061,13.60007438,512002,0,512002,43025
v2,ea89b79a9dfd35df20fed759e6d15c60fe01e77c,direct,octree_leafcount,flyby,6,170,170,0.4266240001,0.1791680008,0.6067199707,0.613897,1,0,-1,43001,37626,17,17,11936,31.72274491,13.60766491,512002,0,512002,43001
v2,ea89b79a9dfd35df20fed759e6d15c60fe01e77c,direct,octree_leafcount,flyby,6,171,171,0.4516800046,0.1783359945,0.6309440136,0.637798,1,0,-1,43417,37990,17,17,11983,31.54251119,13.4772835,512002,0,512002,43417
v2,ea89b79a9dfd35df20fed759e6d15c60fe01e77c,direct,octree_leafcount,flyby,6,172,172,0.4187200069,0.1729920059,0.5926399827,0.599325,1,0,-1,43025,37647,17,17,11688,31.04629851,13.60007438,512002,0,512002,43025
v2,ea89b79a9dfd35df20fed759e6d15c60fe01e77c,direct,octree_leafcount,flyby,6,173,173,0.454400003,0.1760639995,0.6313920021,0.638813,1,0,-1,42873,37514,17,17,11815,31.49490857,13.6482913,512002,0,512002,42873
v2,ea89b79a9dfd35df20fed759e6d15c60fe01e77c,direct,octree_leafcount,flyby,6,174,174,0.4205439985,0.1809920073,0.6024640203,0.610519,1,0,-1,42761,37416,17,17,11711,31.29944409,13.68403891,512002,0,512002,42761
v2,ea89b79a9dfd35df20fed759e6d15c60fe01e77c,direct,octree_leafcount,flyby,6,175,175,0.4260160029,0.172864005,0.5998399854,0.607443,1,0,-1,42977,37605,17,17,11892,31.62345433,13.61526393,512002,0,512002,42977
v2,ea89b79a9dfd35df20fed759e6d15c60fe01e77c,direct,octree_leafcount,flyby,6,176,176,0.4563519955,0.1731200069,0.6304320097,0.637341,1,0,-1,42793,37444,17,17,11647,31.10511697,13.67380622,512002,0,512002,42793
v2,ea89b79a9dfd35df20fed759e6d15c60fe01e77c,direct,octree_leafcount,flyby,6,177,177,0.4247680008,0.1737280041,0.5994240046,0.606916,1,0,-1,42945,37577,17,17,11799,31.39952631,13.62540916,512002,0,512002,42945
v2,ea89b79a9dfd35df20fed759e6d15c60fe01e77c,direct,octree_leafcount,flyby,6,178,178,0.4556159973,0.1770880073,0.633664012,0.640494,1,0,-1,43017,37640,17,17,11796,31.33900106,13.60260361,512002,0,512002,43017
v2,ea89b79a9dfd35df20fed759e6d15c60fe01e77c,direct,octree_leafcount,flyby,6,179,179,0.4172160029,0.1720640063,0.590207994,0.596795,1,0,-1,42641,37311,17,17,11718,31.40628769,13.72254831,512002,0,512002,42641
v2,ea89b79a9dfd35df20fed759e6d15c60fe01e77c,direct,octree_leafcount,flyby,6,180,180,0.4159039855,0.1749120057,0.5917440057,0.59844,1,0,-1,42985,37612,17,17,11962,31.80367968,13.61272998,512002,0,512002,42985
v2,ea89b79a9dfd35df20fed759e6d15c60fe01e77c,direct,octree_leafcount,flyby,6,181,181,0.4536319971,0.1751040071,0.6296640038,0.636774,1,0,-1,42905,37542,17,17,11761,31.32757978,13.63811198,512002,0,512002,42905
v2,ea89b79a9dfd35df20fed759e6d15c60fe01e77c,direct,octree_leafcount,flyby,6,182,182,0.4187200069,0.1729920059,0.5926719904,0.599783,1,0,-1,42849,37493,17,17,11754,31.34985197,13.65593577,512002,0,512002,42849
v2,ea89b79a9dfd35df20fed759e6d15c60fe01e77c,direct,octree_leafcount,flyby,6,183,183,0.4161599874,0.1702719927,0.5873919725,0.594247,1,0,-1,43049,37668,17,17,11571,30.71838165,13.5924923,512002,0,512002,43049
v2,ea89b79a9dfd35df20fed759e6d15c60fe01e77c,direct,octree_leafcount,flyby,6,184,184,0.4537920058,0.1707839966,0.6255360246,0.632871,1,0,-1,43129,37738,17,17,11650,30.87074037,13.56727967,512002,0,512002,43129
v2,ea89b79a9dfd35df20fed759e6d15c60fe01e77c,direct,octree_leafcount,flyby,6,185,185,0.4233599901,0.1751040071,0.5993919969,0.606876,1,0,-1,42769,37423,17,17,11754,31.4084921,13.6814793,512002,0,512002,42769
v2,ea89b79a9dfd35df20fed759e6d15c60fe01e77c,direct,octree_leafcount,flyby,6,186,186,0.4572159946,0.1730560064,0.6312000155,0.638448,1,0,-1,42585,37262,17,17,11593,31.11212495,13.74059363,512002,0,512002,42585
v2,ea89b79a9dfd35df20fed759e6d15c60fe01e77c,direct,octree_leafcount,flyby,6,187,187,0.4228479862,0.1710080057,0.5948160291,0.602115,1,0,-1,42841,37486,17,17,11811,31.5077629,13.65848583,512002,0,512002,42841
v2,ea89b79a9dfd35df20fed759e6d15c60fe01e77c,direct,octree_leafcount,flyby,6,188,188,0.4268159866,0.1737280041,0.6014400125,0.609183,1,0,-1,42289,37003,17,17,11411,30.83804016,13.83676999,512002,0,512002,42289
v2,ea89b79a9dfd35df20fed759e6d15c60fe01e77c,direct,octree_leafcount,flyby,6,189,189,0.4522559941,0.1759680063,0.6291840076,0.636419,1,0,-1,42473,37164,17,17,11522,31.0031213,13.77682704,512002,0,512002,42473
v2,ea89b79a9dfd35df20fed759e6d15c60fe01e77c,direct,octree_leafcount,flyby,6,190,190,0.4174399972,0.1710399985,0.5894079804,0.596556,1,0,-1,42297,37010,17,17,11405,30.81599568,13.83415293,512002,0,512002,42297
v2,ea89b79a9dfd35df20fed759e6d15c60fe01e77c,direct,octree_leafcount,flyby,6,191,191,0.4662719965,0.1742720008,0.641471982,0.648063,1,0,-1,42225,36947,17,17,11323,30.64660189,13.85774217,512002,0,512002,42225
v2,ea89b79a9dfd35df20fed759e6d15c60fe01e77c,direct,octree_leafcount,flyby,6,192,192,0.4186240137,0.1738560051,0.5934079885,0.600264,1,0,-1,42233,36954,17,17,11399,30.84645776,13.85511717,512002,0,512002,42233
v2,ea89b79a9dfd35df20fed759e6d15c60fe01e77c,direct,octree_leafcount,flyby,6,193,193,0.3889279962,0.1740159988,0.5639039874,0.570519,1,0,-1,42273,36989,17,17,11356,30.70101922,13.84200708,512002,0,512002,42273
v2,ea89b79a9dfd35df20fed759e6d15c60fe01e77c,direct,octree_leafcount,flyby,6,194,194,0.4493759871,0.1720640063,0.6223999858,0.62935,1,0,-1,42401,37101,17,17,11567,31.17705722,13.80022102,512002,0,512002,42401
v2,ea89b79a9dfd35df20fed759e6d15c60fe01e77c,direct,octree_leafcount,flyby,6,195,195,0.4525440037,0.1740159988,0.6274880171,0.634277,1,0,-1,42329,37038,17,17,11498,31.04379286,13.82369458,512002,0,512002,42329
v2,ea89b79a9dfd35df20fed759e6d15c60fe01e77c,direct,octree_leafcount,flyby,6,196,196,0.4506559968,0.1700160056,0.6216319799,0.628451,1,0,-1,42761,37416,17,17,11752,31.40902288,13.68403891,512002,0,512002,42761
v2,ea89b79a9dfd35df20fed759e6d15c60fe01e77c,direct,octree_leafcount,flyby,6,197,197,0.3856639862,0.1709119976,0.5574719906,0.564579,1,0,-1,42289,37003,17,17,11372,30.7326433,13.83676999,512002,0,512002,42289
v2,ea89b79a9dfd35df20fed759e6d15c60fe01e77c,direct,octree_leafcount,flyby,6,198,198,0.4214400053,0.1705919951,0.5929920077,0.600377,1,0,-1,42561,37241,17,17,11525,30.94707446,13.74834188,512002,0,512002,42561
v2,ea89b79a9dfd35df20fed759e6d15c60fe01e77c,direct,octree_leafcount,flyby,6,199,199,0.4565440118,0.1742399931,0.6317440271,0.6392,1,0,-1,42577,37255,17,17,11385,30.55965642,13.74317541,512002,0,512002,42577
v2,ea89b79a9dfd35df20fed759e6d15c60fe01e77c,direct,octree_leafcount,flyby,6,200,200,0.4178240001,0.1740799993,0.592863977,0.600105,1,0,-1,42641,37311,17,17,11427,30.62635684,13.72254831,512002,0,512002,42641
v2,ea89b79a9dfd35df20fed759e6d15c60fe01e77c,direct,octree_leafcount,flyby,6,201,201,0.4488320053,0.1699839979,0.6197760105,0.626827,1,0,-1,42481,37171,17,17,11405,30.68252132,13.7742326,512002,0,512002,42481
v2,ea89b79a9dfd35df20fed759e6d15c60fe01e77c,direct,octree_leafcount,flyby,6,202,202,0.4146560133,0.1699839979,0.5856000185,0.592452,1,0,-1,42305,37017,17,17,11259,30.41575492,13.83153686,512002,0,512002,42305
v2,ea89b79a9dfd35df20fed759e6d15c60fe01e77c,direct,octree_leafcount,flyby,6,203,203,0.4150080085,0.1699520051,0.5858880281,0.592698,1,0,-1,42393,37094,17,17,11467,30.91335526,13.80282525,512002,0,512002,42393
v2,ea89b79a9dfd35df20fed759e6d15c60fe01e77c,direct,octree_leafcount,flyby,6,204,204,0.4481280148,0.1700800061,0.6191679835,0.625978,1,0,-1,42297,37010,17,17,11400,30.80248581,13.83415293,512002,0,512002,42297
v2,ea89b79a9dfd35df20fed759e6d15c60fe01e77c,direct,octree_leafcount,flyby,6,205,205,0.4244799912,0.1729599983,0.5983999968,0.605882,1,0,-1,42825,37472,17,17,11629,31.0338386,13.66358881,512002,0,512002,42825
v2,ea89b79a9dfd35df20fed759e6d15c60fe01e77c,direct,octree_leafcount,flyby,6,206,206,0.3911040127,0.1853760034,0.5774080157,0.584915,1,0,-1,42609,37283,17,17,11431,30.66008637,13.73285412,512002,0,512002,42609
v2,ea89b79a9dfd35df20fed759e6d15c60fe01e77c,direct,octree_leafcount,flyby,6,207,207,0.452639997,0.1761920005,0.629791975,0.63662,1,0,-1,42881,37521,17,17,11488,30.61752085,13.64574505,512002,0,512002,42881
v2,ea89b79a9dfd35df20fed759e6d15c60fe01e77c,direct,octree_leafcount,flyby,6,208,208,0.4320000112,0.1800639927,0.6130239964,0.621448,1,0,-1,42489,37178,17,17,11347,30.52073807,13.77163914,512002,0,512002,42489
v2,ea89b79a9dfd35df20fed759e6d15c60fe01e77c,direct,octree_leafcount,flyby,6,209,209,0.4610880017,0.1759040058,0.637920022,0.646227,1,0,-1,42281,36996,17,17,11314,30.58168451,13.83938804,512002,0,512002,42281
v2,ea89b79a9dfd35df20fed759e6d15c60fe01e77c,direct,octree_leafcount,flyby,6,210,210,0.4194239974,0.170975998,0.5913280249,0.598542,1,0,-1,42169,36898,17,17,11217,30.40002168,13.87614505,512002,0,512002,42169
v2,ea89b79a9dfd35df20fed759e6d15c60fe01e77c,direct,octree_leafcount,flyby,6,211,211,0.4247359931,0.1761920005,0.6065599918,0.613951,1,0,-1,42241,36961,17,17,11176,30.23727713,13.85249317,512002,0,512002,42241
v2,ea89b79a9dfd35df20fed759e6d15c60fe01e77c,direct,octree_leafcount,flyby,6,212,212,0.4607680142,0.1752319932,0.6369280219,0.645013,1,0,-1,42449,37143,17,17,11392,30.67065127,13.78461621,512002,0,512002,42449
v2,ea89b79a9dfd35df20fed759e6d15c60fe01e77c,direct,octree_leafcount,flyby,6,213,213,0.4241920114,0.1760320067,0.6011520028,0.608629,1,0,-1,42185,36912,17,17,11341,30.72442566,13.8708821,512002,0,512002,42185
v2,ea89b79a9dfd35df20fed759e6d15c60fe01e77c,direct,octree_leafcount,flyby,6,214,214,0.4638400078,0.1759359986,0.6406720281,0.64932,1,0,-1,42193,36919,17,17,11377,30.81611095,13.86825212,512002,0,512002,42193
v2,ea89b79a9dfd35df20fed759e6d15c60fe01e77c,direct,octree_leafcount,flyby,6,215,215,0.4306879938,0.1759680063,0.6075839996,0.61565,1,0,-1,42249,36968,17,17,11279,30.51017096,13.84987016,512002,0,512002,42249
v2,ea89b79a9dfd35df20fed759e6d15c60fe01e77c,direct,octree_leafcount,flyby,6,216,216,0.4333440065,0.1757760048,0.6100159883,0.618255,1,0,-1,42377,37080,17,17,11505,31.02750809,13.80803668,512002,0,512002,42377
v2,ea89b79a9dfd35df20fed759e6d15c60fe01e77c,direct,octree_leafcount,flyby,6,217,217,0.4650880098,0.174879998,0.6409279704,0.649097,1,0,-1,42457,37150,17,17,11317,30.46298789,13.78201884,512002,0,512002,42457
v2,ea89b79a9dfd35df20fed759e6d15c60fe01e77c,direct,octree_leafcount,flyby,6,218,218,0.4315199852,0.1788800061,0.6113280058,0.619797,1,0,-1,42393,37094,17,17,11293,30.4442767,13.80282525,512002,0,512002,42393
v2,ea89b79a9dfd35df20fed759e6d15c60fe01e77c,direct,octree_leafcount,flyby,6,219,219,0.4638400078,0.1759680063,0.6407359838,0.648797,1,0,-1,42657,37325,17,17,11349,30.40589417,13.71740121,512002,0,512002,42657
v2,ea89b79a9dfd35df20fed759e6d15c60fe01e77c,direct,octree_leafcount,flyby,6,220,220,0.458303988,0.174879998,0.6341440082,0.641864,1,0,-1,42513,37199,17,17,11352,30.51694938,13.76386462,512002,0,512002,42513
v2,ea89b79a9dfd35df20fed759e6d15c60fe01e77c,direct,octree_leafcount,flyby,6,221,221,0.4172799885,0.1690240055,0.5872319937,0.593381,1,0,-1,42513,37199,17,17,11514,30.95244496,13.76386462,512002,0,512002,42513
v2,ea89b79a9dfd35df20fed759e6d15c60fe01e77c,direct,octree_leafcount,flyby,6,222,222,0.4548479915,0.172864005,0.6286720037,0.636602,1,0,-1,42425,37122,17,17,11356,30.59102419,13.7924142,512002,0,512002,42425
v2,ea89b79a9dfd35df20fed759e6d15c60fe01e77c,direct,octree_leafcount,flyby,6,223,223,0.4230079949,0.1729920059,0.5969600081,0.604484,1,0,-1,42337,37045,17,17,11349,30.63571332,13.82108247,512002,0,512002,42337
v2,ea89b79a9dfd35df20fed759e6d15c60fe01e77c,direct,octree_leafcount,flyby,6,224,224,0.4250240028,0.1716479957,0.5975999832,0.605269,1,0,-1,41953,36709,17,17,11153,30.3821951,13.94758779,512002,0,512002,41953
v2,ea89b79a9dfd35df20fed759e6d15c60fe01e77c,direct,octree_leafcount,flyby,6,225,225,0.4545600116,0.1752640009,0.6307200193,0.637647,1,0,-1,41985,36737,17,17,11224,30.55230422,13.93695729,512002,0,512002,41985
v2,ea89b79a9dfd35df20fed759e6d15c60fe01e77c,direct,octree_leafcount,flyby,6,226,226,0.4216639996,0.171103999,0.5936959982,0.600542,1,0,-1,41273,36114,17,17,10788,29.87207177,14.17738273,512002,0,512002,41273
v2,ea89b79a9dfd35df20fed759e6d15c60fe01e77c,direct,octree_leafcount,flyby,6,227,227,0.4519039989,0.1730239987,0.6258559823,0.632567,1,0,-1,41489,36303,17,17,10930,30.1077046,14.10357271,512002,0,512002,41489
v2,ea89b79a9dfd35df20fed759e6d15c60fe01e77c,direct,octree_leafcount,flyby,6,228,228,0.3860160112,0.1708800048,0.5578560233,0.56481,1,0,-1,42033,36779,17,17,11007,29.92740423,13.9210419,512002,0,512002,42033
v2,ea89b79a9dfd35df20fed759e6d15c60fe01e77c,direct,octree_leafcount,flyby,6,229,229,0.4231039882,0.1710080057,0.5950719714,0.602511,1,0,-1,42009,36758,17,17,11028,30.0016323,13.92899505,512002,0,512002,42009
v2,ea89b79a9dfd35df20fed759e6d15c60fe01e77c,direct,octree_leafcount,flyby,6,230,230,0.4532159865,0.1710399985,0.6251839995,0.631916,1,0,-1,42097,36835,17,17,10999,29.86018732,13.89987783,512002,0,512002,42097
v2,ea89b79a9dfd35df20fed759e6d15c60fe01e77c,direct,octree_leafcount,flyby,6,231,231,0.4266240001,0.1696639955,0.5972160101,0.604669,1,0,-1,41961,36716,17,17,11040,30.06863493,13.94492864,512002,0,512002,41961
v2,ea89b79a9dfd35df20fed759e6d15c60fe01e77c,direct,octree_leafcount,flyby,6,232,232,0.4236159921,0.1729920059,0.5975360274,0.604667,1,0,-1,42289,37003,17,17,11043,29.8435262,13.83676999,512002,0,512002,42289
v2,ea89b79a9dfd35df20fed759e6d15c60fe01e77c,direct,octree_leafcount,flyby,6,233,233,0.4590080082,0.1710080057,0.6309760213,0.63845,1,0,-1,42425,37122,17,17,11143,30.01724045,13.7924142,512002,0,512002,42425
v2,ea89b79a9dfd35df20fed759e6d15c60fe01e77c,direct,octree_leafcount,flyby,6,234,234,0.4209600091,0.1749120057,0.5968000293,0.604688,1,0,-1,42217,36940,17,17,10990,29.75094748,13.86036816,512002,0,512002,42217
v2,ea89b79a9dfd35df20fed759e6d15c60fe01e77c,direct,octree_leafcount,flyby,6,235,235,0.4239040017,0.1739519984,0.5987840295,0.606778,1,0,-1,42017,36765,17,17,10910,29.6749626,13.92634299,512002,0,512002,42017
v2,ea89b79a9dfd35df20fed759e6d15c60fe01e77c,direct,octree_leafcount,flyby,6,236,236,0.4263679981,0.174112007,0.6014080048,0.609451,1,0,-1,41985,36737,17,17,10930,29.75202112,13.93695729,512002,0,512002,41985
v2,ea89b79a9dfd35df20fed759e6d15c60fe01e77c,direct,octree_leafcount,flyby,6,237,237,0.4575999975,0.1739200056,0.6324800253,0.64009,1,0,-1,41865,36632,17,17,10810,29.50971828,13.97690544,512002,0,512002,41865
v2,ea89b79a9dfd35df20fed759e6d15c60fe01e77c,direct,octree_leafcount,flyby,6,238,238,0.4550080001,0.172864005,0.6287680268,0.63601,1,0,-1,41497,36310,17,17,10918,30.06885156,14.10085376,512002,0,512002,41497
v2,ea89b79a9dfd35df20fed759e6d15c60fe01e77c,direct,octree_leafcount,flyby,6,239,239,0.4182400107,0.1690240055,0.5881919861,0.595228,1,0,-1,41665,36457,17,17,10918,29.94760951,14.04399704,512002,0,512002,41665
v2,ea89b79a9dfd35df20fed759e6d15c60fe01e77c,direct,octree_leafcount,flyby,6,240,240,0.4556800127,0.1741439998,0.630752027,0.637515,1,0,-1,42145,36877,17,17,11152,30.24107167,13.88404697,512002,0,512002,42145
v2,ea89b79a9dfd35df20fed759e6d15c60fe01e77c,direct,octree_leafcount,flyby,6,241,241,0.3886080086,0.1723520011,0.5618879795,0.5689,1,0,-1,41769,36548,17,17,10846,29.67604246,14.00902922,512002,0,512002,41769
v2,ea89b79a9dfd35df20fed759e6d15c60fe01e77c,direct,octree_leafcount,flyby,6,242,242,0.4201279879,0.1730560064,0.5941439867,0.60135,1,0,-1,41897,36660,17,17,10921,29.78996181,13.96623022,512002,0,512002,41897
v2,ea89b79a9dfd35df20fed759e6d15c60fe01e77c,direct,octree_leafcount,flyby,6,243,243,0.458047986,0.1731519997,0.6320959926,0.639028,1,0,-1,41769,36548,17,17,10896,29.81284886,14.00902922,512002,0,512002,41769
v2,ea89b79a9dfd35df20fed759e6d15c60fe01e77c,direct,octree_leafcount,flyby,6,244,244,0.4185599983,0.1721280068,0.5916799903,0.598778,1,0,-1,41873,36639,17,17,11002,30.02811212,13.9742351,512002,0,512002,41873
v2,ea89b79a9dfd35df20fed759e6d15c60fe01e77c,direct,octree_leafcount,flyby,6,245,245,0.4218879938,0.1730879992,0.5959039927,0.602882,1,0,-1,41521,36331,17,17,10828,29.80374886,14.0927032,512002,0,512002,41521
v2,ea89b79a9dfd35df20fed759e6d15c60fe01e77c,direct,octree_leafcount,flyby,6,246,246,0.4592320025,0.1730560064,0.6332160234,0.640298,1,0,-1,41921,36681,17,17,10954,29.86287179,13.95823451,512002,0,512002,41921
v2,ea89b79a9dfd35df20fed759e6d15c60fe01e77c,direct,octree_leafcount,flyby,6,247,247,0.4179520011,0.1722240001,0.5910720229,0.596899,1,0,-1,41593,36394,17,17,10750,29.53783591,14.06830796,512002,0,512002,41593
v2,ea89b79a9dfd35df20fed759e6d15c60fe01e77c,direct,octree_leafcount,flyby,6,248,248,0.4532479942,0.1751359999,0.6292799711,0.636196,1,0,-1,41897,36660,17,17,11024,30.07092199,13.96623022,512002,0,512002,41897
v2,ea89b79a9dfd35df20fed759e6d15c60fe01e77c,direct,octree_leafcount,flyby,6,249,249,0.4202559888,0.1747840047,0.5960000157,0.603012,1,0,-1,41977,36730,17,17,10995,29.93465832,13.9396134,512002,0,512002,41977
v2,ea89b79a9dfd35df20fed759e6d15c60fe01e77c,direct,octree_leafcount,flyby,6,250,250,0.4178560078,0.1753280014,0.594111979,0.601147,1,0,-1,42081,36821,17,17,11047,30.00190109,13.90516281,512002,0,512002,42081
v2,ea89b79a9dfd35df20fed759e6d15c60fe01e77c,direct,octree_leafcount,flyby,6,251,251,0.4544959962,0.1709440053,0.6263999939,0.633399,1,0,-1,42105,36842,17,17,10972,29.78122795,13.89723685,512002,0,512002,42105
v2,ea89b79a9dfd35df20fed759e6d15c60fe01e77c,direct,octree_leafcount,flyby,6,252,252,0.4201279879,0.1752319932,0.5963199735,0.603985,1,0,-1,42201,36926,17,17,11089,30.03033093,13.86562314,512002,0,512002,42201
v2,ea89b79a9dfd35df20fed759e6d15c60fe01e77c,direct,octree_leafcount,flyby,6,253,253,0.4225279987,0.1711360067,0.5945919752,0.60185,1,0,-1,42321,37031,17,17,11026,29.77505333,13.82630769,512002,0,512002,42321
v2,ea89b79a9dfd35df20fed759e6d15c60fe01e77c,direct,octree_leafcount,flyby,6,254,254,0.454400003,0.1688639969,0.6242240071,0.631735,1,0,-1,42305,37017,17,17,11088,29.95380501,13.83153686,512002,0,512002,42305
v2,ea89b79a9dfd35df20fed759e6d15c60fe01e77c,direct,octree_leafcount,flyby,6,255,255,0.4193919897,0.1721599996,0.5925120115,0.599452,1,0,-1,42089,36828,17,17,10961,29.76268057,13.90251982,512002,0,512002,42089
v2,ea89b79a9dfd35df20fed759e6d15c60fe01e77c,direct,octree_leafcount,flyby,6,256,256,0.4519680142,0.1730560064,0.6259840131,0.633556,1,0,-1,42513,37199,17,17,11146,29.96317105,13.76386462,512002,0,512002,42513
v2,ea89b79a9dfd35df20fed759e6d15c60fe01e77c,direct,octree_leafcount,flyby,6,257,257,0.420863986,0.1773120016,0.5991359949,0.606355,1,0,-1,42457,37150,17,17,11109,29.90309556,13.78201884,512002,0,512002,42457
v2,ea89b79a9dfd35df20fed759e6d15c60fe01e77c,direct,octree_leafcount,flyby,6,258,258,0.3877759874,0.1771519929,0.5658559799,0.572846,1,0,-1,42337,37045,17,17,11093,29.9446619,13.82108247,512002,0,512002,42337
v2,ea89b79a9dfd35df20fed759e6d15c60fe01e77c,direct,octree_leafcount,flyby,6,259,259,0.4554879963,0.1706880033,0.6271039844,0.633987,1,0,-1,42193,36919,17,17,11172,30.2608413,13.86825212,512002,0,512002,42193
v2,ea89b79a9dfd35df20fed759e6d15c60fe01e77c,direct,octree_leafcount,flyby,6,260,260,0.4189119935,0.1753599942,0.5951679945,0.601897,1,0,-1,42353,37059,17,17,11141,30.06287272,13.81586119,512002,0,512002,42353
v2,ea89b79a9dfd35df20fed759e6d15c60fe01e77c,direct,octree_leafcount,flyby,6,261,261,0.4545600116,0.175999999,0.6315199733,0.639197,1,0,-1,42241,36961,17,17,11118,30.08035497,13.85249317,512002,0,512002,42241
v2,ea89b79a9dfd35df20fed759e6d15c60fe01e77c,direct,octree_leafcount,flyby,6,262,262,0.4199039936,0.1740480065,0.5949119925,0.601609,1,0,-1,42345,37052,17,17,11002,29.69340386,13.81847134,512002,0,512002,42345
v2,ea89b79a9dfd35df20fed759e6d15c60fe01e77c,direct,octree_leafcount,flyby,6,263,263,0.42236799,0.1750079989,0.5983359814,0.605462,1,0,-1,42001,36751,17,17,10983,29.88490109,13.93164812,512002,0,512002,42001
v2,ea89b79a9dfd35df20fed759e6d15c60fe01e77c,direct,octree_leafcount,flyby,6,264,264,0.4550400078,0.1730560064,0.6290240288,0.636254,1,0,-1,42065,36807,17,17,10862,29.5106909,13.91045182,512002,0,512002,42065
v2,ea89b79a9dfd35df20fed759e6d15c60fe01e77c,direct,octree_leafcount,flyby,6,265,265,0.4230720103,0.1750079989,0.5990080237,0.606649,1,0,-1,41785,36562,17,17,10861,29.70570538,14.00366501,512002,0,512002,41785
v2,ea89b79a9dfd35df20fed759e6d15c60fe01e77c,direct,octree_leafcount,flyby,6,266,266,0.4264320135,0.1730560064,0.600383997,0.607953,1,0,-1,41921,36681,17,17,10761,29.33671383,13.95823451,512002,0,512002,41921
v2,ea89b79a9dfd35df20fed759e6d15c60fe01e77c,direct,octree_leafcount,flyby,6,267,267,0.4606719911,0.173984006,0.6355519891,0.643922,1,0,-1,41977,36730,17,17,10959,29.83664579,13.9396134,512002,0,512002,41977
v2,ea89b79a9dfd35df20fed759e6d15c60fe01e77c,direct,octree_leafcount,flyby,6,268,268,0.4278079867,0.1738879979,0.6026239991,0.610863,1,0,-1,41921,36681,17,17,10939,29.82197868,13.95823451,512002,0,512002,41921
v2,ea89b79a9dfd35df20fed759e6d15c60fe01e77c,direct,octree_leafcount,flyby,6,269,269,0.4596160054,0.1732160002,0.6337599754,0.64109,1,0,-1,42081,36821,17,17,10846,29.45601695,13.90516281,512002,0,512002,42081
v2,ea89b79a9dfd35df20fed759e6d15c60fe01e77c,direct,octree_leafcount,flyby,6,270,270,0.4275200069,0.1750079989,0.6034560204,0.611352,1,0,-1,41857,36625,17,17,10802,29.49351536,13.97957679,512002,0,512002,41857
v2,ea89b79a9dfd35df20fed759e6d15c60fe01e77c,direct,octree_leafcount,flyby,6,271,271,0.4240640104,0.1729920059,0.5980160236,0.604912,1,0,-1,42001,36751,17,17,10960,29.82231776,13.93164812,512002,0,512002,42001
v2,ea89b79a9dfd35df20fed759e6d15c60fe01e77c,direct,octree_leafcount,flyby,6,272,272,0.4531520009,0.1687680036,0.622879982,0.629969,1,0,-1,41833,36604,17,17,10668,29.14435581,13.98759698,512002,0,512002,41833
v2,ea89b79a9dfd35df20fed759e6d15c60fe01e77c,direct,octree_leafcount,flyby,6,273,273,0.4253120124,0.1749760062,0.6012480259,0.608491,1,0,-1,42049,36793,17,17,11056,30.04919414,13.91574484,512002,0,512002,42049
v2,ea89b79a9dfd35df20fed759e6d15c60fe01e77c,direct,octree_leafcount,flyby,6,274,274,0.3911679983,0.1736640036,0.5658239722,0.57368,1,0,-1,41929,36688,17,17,10863,29.6091365,13.9555713,512002,0,512002,41929
v2,ea89b79a9dfd35df20fed759e6d15c60fe01e77c,direct,octree_leafcount,flyby,6,275,275,0.4587199986,0.1737920046,0.63340801,0.641079,1,0,-1,42129,36863,17,17,10919,29.62048667,13.88931991,512002,0,512002,42129
v2,ea89b79a9dfd35df20fed759e6d15c60fe01e77c,direct,octree_leafcount,flyby,6,276,276,0.433791995,0.1759680063,0.6106879711,0.618966,1,0,-1,41897,36660,17,17,10710,29.21440262,13.96623022,512002,0,512002,41897
v2,ea89b79a9dfd35df20fed759e6d15c60fe01e77c,direct,octree_leafcount,flyby,6,277,277,0.458303988,0.1720959991,0.6313599944,0.638634,1,0,-1,41953,36709,17,17,10849,29.55406031,13.94758779,512002,0,512002,41953
v2,ea89b79a9dfd35df20fed759e6d15c60fe01e77c,direct,octree_leafcount,flyby,6,278,278,0.4228479862,0.1732160002,0.5969600081,0.604231,1,0,-1,41793,36569,17,17,10736,29.35819957,14.00098444,512002,0,512002,41793
v2,ea89b79a9dfd35df20fed759e6d15c60fe01e77c,direct,octree_leafcount,flyby,6,279,279,0.4223360121,0.1722240001,0.5955200195,0.60271,1,0,-1,41833,36604,17,17,10814,29.54321932,13.98759698,512002,0,512002,41833
v2,ea89b79a9dfd35df20fed759e6d15c60fe01e77c,direct,octree_leafcount,flyby,6,280,280,0.4556800127,0.1689279974,0.6255679727,0.632629,1,0,-1,41873,36639,17,17,10723,29.26662846,13.9742351,512002,0,512002,41873
v2,ea89b79a9dfd35df20fed759e6d15c60fe01e77c,direct,octree_leafcount,flyby,6,281,281,0.4221760035,0.1731840074,0.5963199735,0.60385,1,0,-1,42225,36947,17,17,10931,29.58562265,13.85774217,512002,0,512002,42225
v2,ea89b79a9dfd35df20fed759e6d15c60fe01e77c,direct,octree_leafcount,flyby,6,282,282,0.3880319893,0.1740799993,0.5630400181,0.570372,1,0,-1,41649,36443,17,17,10734,29.45421617,14.0493922,512002,0,512002,41649
v2,ea89b79a9dfd35df20fed759e6d15c60fe01e77c,direct,octree_leafcount,flyby,6,283,283,0.4550080001,0.1729280055,0.628895998,0.636127,1,0,-1,41561,36366,17,17,10715,29.46433482,14.07913986,512002,0,512002,41561
v2,ea89b79a9dfd35df20fed759e6d15c60fe01e77c,direct,octree_leafcount,flyby,6,284,284,0.4234240055,0.1752000004,0.5995519757,0.606817,1,0,-1,41625,36422,17,17,10665,29.28175279,14.05749272,512002,0,512002,41625
v2,ea89b79a9dfd35df20fed759e6d15c60fe01e77c,direct,octree_leafcount,flyby,6,285,285,0.4551999867,0.1784320027,0.6345279813,0.64161,1,0,-1,41641,36436,17,17,10814,29.67943792,14.05209134,512002,0,512002,41641
v2,ea89b79a9dfd35df20fed759e6d15c60fe01e77c,direct,octree_leafcount,flyby,6,286,286,0.4217920005,0.1750400066,0.5977600217,0.60508,1,0,-1,41657,36450,17,17,10652,29.22359396,14.0466941,512002,0,512002,41657
v2,ea89b79a9dfd35df20fed759e6d15c60fe01e77c,direct,octree_leafcount,flyby,6,287,287,0.4222719967,0.1701759994,0.5933759809,0.600877,1,0,-1,41865,36632,17,17,10909,29.77997379,13.97690544,512002,0,512002,41865
v2,ea89b79a9dfd35df20fed759e6d15c60fe01e77c,direct,octree_leafcount,flyby,6,288,288,0.4570559859,0.1749760062,0.6329920292,0.640721,1,0,-1,42129,36863,17,17,10875,29.50112579,13.88931991,512002,0,512002,42129
v2,ea89b79a9dfd35df20fed759e6d15c60fe01e77c,direct,octree_leafcount,flyby,6,289,289,0.4284479916,0.170975998,0.6003519893,0.608011,1,0,-1,42105,36842,17,17,10822,29.37408393,13.89723685,512002,0,512002,42105
v2,ea89b79a9dfd35df20fed759e6d15c60fe01e77c,direct,octree_leafcount,flyby,6,290,290,0.3922240138,0.1720640063,0.5652480125,0.573173,1,0,-1,41785,36562,17,17,10642,29.10672283,14.00366501,512002,0,512002,41785
v2,ea89b79a9dfd35df20fed759e6d15c60fe01e77c,direct,octree_leafcount,flyby,6,291,291,0.4624960124,0.1739519984,0.6374080181,0.645186,1,0,-1,41905,36667,17,17,10791,29.42973246,13.96356397,512002,0,512002,41905
v2,ea89b79a9dfd35df20fed759e6d15c60fe01e77c,direct,octree_leafcount,flyby,6,292,292,0.4227840006,0.1759680063,0.5996800065,0.606855,1,0,-1,41569,36373,17,17,10684,29.37343634,14.07643032,512002,0,512002,41569
v2,ea89b79a9dfd35df20fed759e6d15c60fe01e77c,direct,octree_leafcount,flyby,6,293,293,0.4594559968,0.1759359986,0.6362879872,0.643903,1,0,-1,41697,36485,17,17,10647,29.18185556,14.03321913,512002,0,512002,41697
v2,ea89b79a9dfd35df20fed759e6d15c60fe01e77c,direct,octree_leafcount,flyby,6,294,294,0.42236799,0.1721280068,0.5954239964,0.602661,1,0,-1,42017,36765,17,17,10673,29.03032776,13.92634299,512002,0,512002,42017
v2,ea89b79a9dfd35df20fed759e6d15c60fe01e77c,direct,octree_leafcount,flyby,6,295,295,0.4195199907,0.1711679995,0.5916479826,0.598464,1,0,-1,41857,36625,17,17,10827,29.56177474,13.97957679,512002,0,512002,41857
v2,ea89b79a9dfd35df20fed759e6d15c60fe01e77c,direct,octree_leafcount,flyby,6,296,296,0.4527040124,0.1688960046,0.6225280166,0.629625,1,0,-1,41873,36639,17,17,10742,29.31848577,13.9742351,512002,0,512002,41873
v2,ea89b79a9dfd35df20fed759e6d15c60fe01e77c,direct,octree_leafcount,flyby,6,297,297,0.4196160138,0.1729920059,0.5935360193,0.600662,1,0,-1,41857,36625,17,17,10789,29.45802048,13.97957679,512002,0,512002,41857
v2,ea89b79a9dfd35df20fed759e6d15c60fe01e77c,direct,octree_leafcount,flyby,6,298,298,0.391200006,0.1731200069,0.5652160048,0.572356,1,0,-1,41833,36604,17,17,10588,28.92580046,13.98759698,512002,0,512002,41833
v2,ea89b79a9dfd35df20fed759e6d15c60fe01e77c,direct,octree_leafcount,flyby,6,299,299,0.4563840032,0.1768960059,0.6341760159,0.641527,1,0,-1,42049,36793,17,17,10758,29.23925747,13.91574484,512002,0,512002,42049
v2,ea89b79a9dfd35df20fed759e6d15c60fe01e77c,direct,octree_leafcount,flyby,6,300,300,0.4214079976,0.1750079989,0.5973439813,0.604661,1,0,-1,42033,36779,17,17,10795,29.35098834,13.9210419,512002,0,512002,42033
v2,ea89b79a9dfd35df20fed759e6d15c60fe01e77c,direct,octree_leafcount,flyby,6,301,301,0.4553599954,0.1770559996,0.6333760023,0.640626,1,0,-1,42009,36758,17,17,10700,29.10930954,13.92899505,512002,0,512002,42009
v2,ea89b79a9dfd35df20fed759e6d15c60fe01e77c,direct,octree_leafcount,flyby,6,302,302,0.4215680063,0.1739200056,0.5964480042,0.603921,1,0,-1,41961,36716,17,17,10699,29.13988452,13.94492864,512002,0,512002,41961
v2,ea89b79a9dfd35df20fed759e6d15c60fe01e77c,direct,octree_leafcount,flyby,6,303,303,0.4526720047,0.1720319986,0.625631988,0.63274,1,0,-1,42193,36919,17,17,10796,29.24239551,13.86825212,512002,0,512002,42193
v2,ea89b79a9dfd35df20fed759e6d15c60fe01e77c,direct,octree_leafcount,flyby,6,304,304,0.4558719993,0.1730879992,0.6299200058,0.637514,1,0,-1,42153,36884,17,17,10816,29.32436829,13.88141199,512002,0,512002,42153
v2,ea89b79a9dfd35df20fed759e6d15c60fe01e77c,direct,octree_leafcount,flyby,6,305,305,0.4192320108,0.1739519984,0.594111979,0.601297,1,0,-1,42153,36884,17,17,10850,29.41654918,13.88141199,512002,0,512002,42153
v2,ea89b79a9dfd35df20fed759e6d15c60fe01e77c,direct,octree_leafcount,flyby,6,306,306,0.3852480054,0.1708800048,0.5570240021,0.564598,1,0,-1,42345,37052,17,17,10890,29.39112599,13.81847134,512002,0,512002,42345
v2,ea89b79a9dfd35df20fed759e6d15c60fe01e77c,direct,octree_leafcount,flyby,6,307,307,0.4544959962,0.1751359999,0.6305919886,0.638231,1,0,-1,42577,37255,17,17,11010,29.55308012,13.74317541,512002,0,512002,42577
v2,ea89b79a9dfd35df20fed759e6d15c60fe01e77c,direct,octree_leafcount,flyby,6,308,308,0.4222080112,0.173247993,0.5964159966,0.60275,1,0,-1,42473,37164,17,17,10952,29.46937897,13.77682704,512002,0,512002,42473
v2,ea89b79a9dfd35df20fed759e6d15c60fe01e77c,direct,octree_leafcount,flyby,6,309,309,0.4206399918,0.1750719994,0.5966079831,0.603603,1,0,-1,42337,37045,17,17,10944,29.54244837,13.82108247,512002,0,512002,42337
v2,ea89b79a9dfd35df20fed759e6d15c60fe01e77c,direct,octree_leafcount,flyby,6,310,310,0.4507200122,0.1698240042,0.6215040088,0.628356,1,0,-1,42409,37108,17,17,10956,29.52463081,13.79761776,512002,0,512002,42409
v2,ea89b79a9dfd35df20fed759e6d15c60fe01e77c,direct,octree_leafcount,flyby,6,311,311,0.4188480079,0.1719679981,0.5917440057,0.598494,1,0,-1,42409,37108,17,17,11023,29.70518487,13.79761776,512002,0,512002,42409
v2,ea89b79a9dfd35df20fed759e6d15c60fe01e77c,direct,octree_leafcount,flyby,6,312,312,0.4574719965,0.1730560064,0.6314880252,0.63922,1,0,-1,42281,36996,17,17,10871,29.38425776,13.83938804,512002,0,512002,42281
v2,ea89b79a9dfd35df20fed759e6d15c60fe01e77c,direct,octree_leafcount,flyby,6,313,313,0.3904640079,0.1768639982,0.5682880282,0.575394,1,0,-1,42057,36800,17,17,10595,28.79076087,13.91309783,512002,0,512002,42057
v2,ea89b79a9dfd35df20fed759e6d15c60fe01e77c,direct,octree_leafcount,flyby,6,314,314,0.4204800129,0.1720000058,0.5934079885,0.60031,1,0,-1,42105,36842,17,17,10747,29.17051192,13.89723685,512002,0,512002,42105
v2,ea89b79a9dfd35df20fed759e6d15c60fe01e77c,direct,octree_leafcount,flyby,6,315,315,0.4546239972,0.171103999,0.6266880035,0.633442,1,0,-1,42129,36863,17,17,10683,28.98027833,13.88931991,512002,0,512002,42129
v2,ea89b79a9dfd35df20fed759e6d15c60fe01e77c,direct,octree_leafcount,flyby,6,316,316,0.4192959964,0.1762879938,0.5965120196,0.603448,1,0,-1,42137,36870,17,17,10831,29.3761866,13.88668294,512002,0,512002,42137
v2,ea89b79a9dfd35df20fed759e6d15c60fe01e77c,direct,octree_leafcount,flyby,6,317,317,0.4231359959,0.1751040071,0.5992000103,0.606137,1,0,-1,41593,36394,17,17,10538,28.95532231,14.06830796,512002,0,512002,41593
v2,ea89b79a9dfd35df20fed759e6d15c60fe01e77c,direct,octree_leafcount,flyby,6,318,318,0.4555839896,0.1735360026,0.630047977,0.63715,1,0,-1,41689,36478,17,17,10570,28.97636932,14.03591206,512002,0,512002,41689
v2,ea89b79a9dfd35df20fed759e6d15c60fe01e77c,direct,octree_leafcount,flyby,6,319,319,0.422495991,0.1730239987,0.5964480042,0.603076,1,0,-1,41601,36401,17,17,10552,28.98821461,14.06560259,512002,0,512002,41601
v2,ea89b79a9dfd35df20fed759e6d15c60fe01e77c,direct,octree_leafcount,flyby,6,320,320,0.4552640021,0.1731840074,0.6293439865,0.636439,1,0,-1,41921,36681,17,17,10762,29.33944004,13.95823451,512002,0,512002,41921
v2,ea89b79a9dfd35df20fed759e6d15c60fe01e77c,direct,octree_leafcount,flyby,6,321,321,0.3868800104,0.1730560064,0.5608639717,0.567159,1,0,-1,41569,36373,17,17,10473,28.79333572,14.07643032,512002,0,512002,41569
v2,ea89b79a9dfd35df20fed759e6d15c60fe01e77c,direct,octree_leafcount,flyby,6,322,322,0.4228799939,0.171103999,0.5949119925,0.600374,1,0,-1,41561,36366,17,17,10492,28.85112468,14.07913986,512002,0,512002,41561
v2,ea89b79a9dfd35df20fed759e6d15c60fe01e77c,direct,octree_leafcount,flyby,6,323,323,0.4536640048,0.1743039936,0.628895998,0.635827,1,0,-1,41721,36506,17,17,10517,28.80896291,14.02514655,512002,0,512002,41721
v2,ea89b79a9dfd35df20fed759e6d15c60fe01e77c,direct,octree_leafcount,flyby,6,324,324,0.4648320079,0.1708800048,0.6366400123,0.644979,1,0,-1,41881,36646,17,17,10722,29.25830923,13.97156579,512002,0,512002,41881
v2,ea89b79a9dfd35df20fed759e6d15c60fe01e77c,direct,octree_leafcount,flyby,6,325,325,0.389824003,0.1729599983,0.5637440085,0.571133,1,0,-1,41633,36429,17,17,10557,28.97965906,14.05479151,512002,0,512002,41633
v2,ea89b79a9dfd35df20fed759e6d15c60fe01e77c,direct,octree_leafcount,flyby,6,326,326,0.4530239999,0.1749760062,0.6289280057,0.636194,1,0,-1,41785,36562,17,17,10671,29.18604015,14.00366501,512002,0,512002,41785
v2,ea89b79a9dfd35df20fed759e6d15c60fe01e77c,direct,octree_leafcount,flyby,6,327,327,0.4199999869,0.1720000058,0.59296,0.600021,1,0,-1,41961,36716,17,17,10660,29.0336638,13.94492864,512002,0,512002,41961
v2,ea89b79a9dfd35df20fed759e6d15c60fe01e77c,direct,octree_leafcount,flyby,6,328,328,0.4565120041,0.1721599996,0.6296319962,0.636548,1,0,-1,42201,36926,17,17,10698,28.97145643,13.86562314,512002,0,512002,42201
v2,ea89b79a9dfd35df20fed759e6d15c60fe01e77c,direct,octree_leafcount,flyby,6,329,329,0.4290559888,0.1713279933,0.6013439894,0.607608,1,0,-1,41889,36653,17,17,10634,29.01263198,13.9688975,512002,0,512002,41889
v2,ea89b79a9dfd35df20fed759e6d15c60fe01e77c,direct,octree_leafcount,flyby,6,330,330,0.4266560078,0.1741759926,0.6017280221,0.608822,1,0,-1,42073,36814,17,17,10654,28.94007714,13.90780681,512002,0,512002,42073
v2,ea89b79a9dfd35df20fed759e6d15c60fe01e77c,direct,octree_leafcount,flyby,6,331,331,0.454016,0.1747840047,0.6297600269,0.637343,1,0,-1,42113,36849,17,17,10747,29.16497056,13.89459687,512002,0,512002,42113
v2,ea89b79a9dfd35df20fed759e6d15c60fe01e77c,direct,octree_leafcount,flyby,6,332,332,0.4653120041,0.1720319986,0.6383039951,0.645064,1,0,-1,42129,36863,17,17,10639,28.86091745,13.88931991,512002,0,512002,42129
v2,ea89b79a9dfd35df20fed759e6d15c60fe01e77c,direct,octree_leafcount,flyby,6,333,333,0.3906559944,0.1728959978,0.5644800067,0.571637,1,0,-1,42225,36947,17,17,10749,29.09302514,13.85774217,512002,0,512002,42225
v2,ea89b79a9dfd35df20fed759e6d15c60fe01e77c,direct,octree_leafcount,flyby,6,334,334,0.4558719993,0.1721599996,0.6289920211,0.636106,1,0,-1,41993,36744,17,17,10602,28.8536904,13.9343022,512002,0,512002,41993
v2,ea89b79a9dfd35df20fed759e6d15c60fe01e77c,direct,octree_leafcount,flyby,6,335,335,0.4164159894,0.1721280068,0.5894719958,0.596079,1,0,-1,42273,36989,17,17,10776,29.13298548,13.84200708,512002,0,512002,42273
v2,ea89b79a9dfd35df20fed759e6d15c60fe01e77c,direct,octree_leafcount,flyby,6,336,336,0.4257920086,0.1739519984,0.6006720066,0.607874,1,0,-1,41969,36723,17,17,10559,28.75309751,13.94227051,512002,0,512002,41969
v2,ea89b79a9dfd35df20fed759e6d15c60fe01e77c,direct,octree_leafcount,flyby,6,337,337,0.4513599873,0.1720000058,0.6243199706,0.631893,1,0,-1,42041,36786,17,17,10637,28.91589192,13.91839287,512002,0,512002,42041
v2,ea89b79a9dfd35df20fed759e6d15c60fe01e77c,direct,octree_leafcount,flyby,6,338,338,0.4280000031,0.169088006,0.5980479717,0.604961,1,0,-1,41897,36660,17,17,10536,28.73977087,13.96623022,512002,0,512002,41897
v2,ea89b79a9dfd35df20fed759e6d15c60fe01e77c,direct,octree_leafcount,flyby,6,339,339,0.4591040015,0.1744000018,0.6344320178,0.641176,1,0,-1,41721,36506,17,17,10560,28.92675177,14.02514655,512002,0,512002,41721
v2,ea89b79a9dfd35df20fed759e6d15c60fe01e77c,direct,octree_leafcount,flyby,6,340,340,0.395359993,0.1758719981,0.5721920133,0.580192,1,0,-1,41321,36156,17,17,10287,28.45170926,14.16091382,512002,0,512002,41321
v2,ea89b79a9dfd35df20fed759e6d15c60fe01e77c,direct,octree_leafcount,flyby,6,341,341,0.4237760007,0.1728319973,0.5975679755,0.605112,1,0,-1,41641,36436,17,17,10505,28.83137556,14.05209134,512002,0,512002,41641
v2,ea89b79a9dfd35df20fed759e6d15c60fe01e77c,direct,octree_leafcount,flyby,6,342,342,0.468223989,0.1739519984,0.6431360245,0.650278,1,0,-1,41609,36408,17,17,10443,28.68325643,14.06289826,512002,0,512002,41609
v2,ea89b79a9dfd35df20fed759e6d15c60fe01e77c,direct,octree_leafcount,flyby,6,343,343,0.4188480079,0.1720319986,0.5918080211,0.598296,1,0,-1,41785,36562,17,17,10586,28.95355834,14.00366501,512002,0,512002,41785
v2,ea89b79a9dfd35df20fed759e6d15c60fe01e77c,direct,octree_leafcount,flyby,6,344,344,0.3953920007,0.1740159988,0.5703359842,0.577021,1,0,-1,41633,36429,17,17,10494,28.80671992,14.05479151,512002,0,512002,41633
v2,ea89b79a9dfd35df20fed759e6d15c60fe01e77c,direct,octree_leafcount,flyby,6,345,345,0.4521600008,0.1751679927,0.628287971,0.63537,1,0,-1,41801,36576,17,17,10682,29.20494313,13.9983049,512002,0,512002,41801
v2,ea89b79a9dfd35df20fed759e6d15c60fe01e77c,direct,octree_leafcount,flyby,6,346,346,0.4282239974,0.1699520051,0.5991039872,0.605736,1,0,-1,41905,36667,17,17,10520,28.69064827,13.96356397,512002,0,512002,41905
v2,ea89b79a9dfd35df20fed759e6d15c60fe01e77c,direct,octree_leafcount,flyby,6,347,347,0.4607039988,0.1720000058,0.633664012,0.640471,1,0,-1,42025,36772,17,17,10511,28.58424889,13.92369194,512002,0,512002,42025
v2,ea89b79a9dfd35df20fed759e6d15c60fe01e77c,direct,octree_leafcount,flyby,6,348,348,0.4284479916,0.176128,0.6055039763,0.612243,1,0,-1,41857,36625,17,17,10396,28.38498294,13.97957679,512002,0,512002,41857
v2,ea89b79a9dfd35df20fed759e6d15c60fe01e77c,direct,octree_leafcount,flyby,6,349,349,0.4239679873,0.1758719981,0.6007680297,0.607869,1,0,-1,41713,36499,17,17,10372,28.41721691,14.02783638,512002,0,512002,41713
v2,ea89b79a9dfd35df20fed759e6d15c60fe01e77c,direct,octree_leafcount,flyby,6,350,350,0.4636799991,0.1730560064,0.6376640201,0.64588,1,0,-1,41609,36408,17,17,10358,28.44979125,14.06289826,512002,0,512002,41609
v2,ea89b79a9dfd35df20fed759e6d15c60fe01e77c,direct,octree_leafcount,flyby,6,351,351,0.3903039992,0.1729280055,0.5641919971,0.57183,1,0,-1,41601,36401,17,17,10345,28.41954891,14.06560259,512002,0,512002,41601
v2,ea89b79a9dfd35df20fed759e6d15c60fe01e77c,direct,octree_leafcount,flyby,6,352,352,0.4317440093,0.1700160056,0.6026880145,0.609491,1,0,-1,41769,36548,17,17,10547,28.85794024,14.00902922,512002,0,512002,41769
v2,ea89b79a9dfd35df20fed759e6d15c60fe01e77c,direct,octree_leafcount,flyby,6,353,353,0.4541119933,0.1739519984,0.6289920211,0.636167,1,0,-1,41449,36268,17,17,10365,28.57891254,14.11718319,512002,0,512002,41449
v2,ea89b79a9dfd35df20fed759e6d15c60fe01e77c,direct,octree_leafcount,flyby,6,354,354,0.4337280095,0.1719679981,0.6066240072,0.613723,1,0,-1,41857,36625,17,17,10610,28.96928328,13.97957679,512002,0,512002,41857
v2,ea89b79a9dfd35df20fed759e6d15c60fe01e77c,direct,octree_leafcount,flyby,6,355,355,0.3835839927,0.1711679995,0.5556799769,0.561436,1,0,-1,41513,36324,17,17,10502,28.9120141,14.09541901,512002,0,512002,41513
v2,ea89b79a9dfd35df20fed759e6d15c60fe01e77c,direct,octree_leafcount,flyby,6,356,356,0.464192003,0.1701440066,0.6352639794,0.642269,1,0,-1,41897,36660,17,17,10584,28.87070376,13.96623022,512002,0,512002,41897
v2,ea89b79a9dfd35df20fed759e6d15c60fe01e77c,direct,octree_leafcount,flyby,6,357,357,0.4224320054,0.171232,0.5945919752,0.601531,1,0,-1,41625,36422,17,17,10551,28.96875515,14.05749272,512002,0,512002,41625
v2,ea89b79a9dfd35df20fed759e6d15c60fe01e77c,direct,octree_leafcount,flyby,6,358,358,0.4662080109,0.1747840047,0.6419199705,0.649559,1,0,-1,41833,36604,17,17,10587,28.92306852,13.98759698,512002,0,512002,41833
v2,ea89b79a9dfd35df20fed759e6d15c60fe01e77c,direct,octree_leafcount,flyby,6,359,359,0.424127996,0.1730879992,0.5981439948,0.605886,1,0,-1,41745,36527,17,17,10473,28.6719413,14.01708325,512002,0,512002,41745
v2,ea89b79a9dfd35df20fed759e6d15c60fe01e77c,direct,octree_leafcount,flyby,6,360,360,0.4235840142,0.1761599928,0.6007040143,0.608013,1,0,-1,41841,36611,17,17,10636,29.051378,13.98492256,512002,0,512002,41841
v2,ea89b79a9dfd35df20fed759e6d15c60fe01e77c,direct,octree_leafcount,flyby,6,361,361,0.4575679898,0.1732800007,0.6317440271,0.639049,1,0,-1,42009,36758,17,17,10535,28.66042766,13.92899505,512002,0,512002,42009
v2,ea89b79a9dfd35df20fed759e6d15c60fe01e77c,direct,octree_leafcount,flyby,6,362,362,0.421344012,0.1732800007,0.5955200195,0.603354,1,0,-1,41745,36527,17,17,10427,28.54600706,14.01708325,512002,0,512002,41745
v2,ea89b79a9dfd35df20fed759e6d15c60fe01e77c,direct,octree_leafcount,flyby,6,363,363,0.3999359906,0.1758079976,0.5767040253,0.583739,1,0,-1,41713,36499,17,17,10347,28.34872188,14.02783638,512002,0,512002,41713
v2,ea89b79a9dfd35df20fed759e6d15c60fe01e77c,direct,octree_leafcount,flyby,6,364,364,0.4574719965,0.1709119976,0.6293119788,0.636513,1,0,-1,41769,36548,17,17,10389,28.42563205,14.00902922,512002,0,512002,41769
v2,ea89b79a9dfd35df20fed759e6d15c60fe01e77c,direct,octree_leafcount,flyby,6,365,365,0.4259200096,0.1688639969,0.5957120061,0.602796,1,0,-1,41953,36709,17,17,10475,28.53523659,13.94758779,512002,0,512002,41953
v2,ea89b79a9dfd35df20fed759e6d15c60fe01e77c,direct,octree_leafcount,flyby,6,366,366,0.4216639996,0.1711360067,0.5937280059,0.600761,1,0,-1,41617,36415,17,17,10327,28.35919264,14.06019497,512002,0,512002,41617
v2,ea89b79a9dfd35df20fed759e6d15c60fe01e77c,direct,octree_leafcount,flyby,6,367,367,0.4557439983,0.1719360054,0.6286399961,0.636145,1,0,-1,41321,36156,17,17,10299,28.48489877,14.16091382,512002,0,512002,41321
v2,ea89b79a9dfd35df20fed759e6d15c60fe01e77c,direct,octree_leafcount,flyby,6,368,368,0.4231680036,0.174879998,0.5990399718,0.606525,1,0,-1,41121,35981,17,17,10181,28.29548929,14.22978794,512002,0,512002,41121
v2,ea89b79a9dfd35df20fed759e6d15c60fe01e77c,direct,octree_leafcount,flyby,6,369,369,0.4548479915,0.1731200069,0.6289280057,0.636195,1,0,-1,41577,36380,17,17,10299,28.30951072,14.07372183,512002,0,512002,41577
v2,ea89b79a9dfd35df20fed759e6d15c60fe01e77c,direct,octree_leafcount,flyby,6,370,370,0.389824003,0.1769600064,0.5677760243,0.575512,1,0,-1,41369,36198,17,17,10226,28.25017957,14.14448312,512002,0,512002,41369
v2,ea89b79a9dfd35df20fed759e6d15c60fe01e77c,direct,octree_leafcount,flyby,6,371,371,0.4264959991,0.1727679968,0.6002240181,0.607756,1,0,-1,41337,36170,17,17,10263,28.37434338,14.15543268,512002,0,512002,41337
v2,ea89b79a9dfd35df20fed759e6d15c60fe01e77c,direct,octree_leafcount,flyby,6,372,372,0.4635199904,0.1721920073,0.6366080046,0.64392,1,0,-1,41593,36394,17,17,10315,28.34258394,14.06830796,512002,0,512002,41593
v2,ea89b79a9dfd35df20fed759e6d15c60fe01e77c,direct,octree_leafcount,flyby,6,373,373,0.4236479998,0.176128,0.6006720066,0.608044,1,0,-1,41513,36324,17,17,10297,28.34764894,14.09541901,512002,0,512002,41513
v2,ea89b79a9dfd35df20fed759e6d15c60fe01e77c,direct,octree_leafcount,flyby,6,374,374,0.3907839954,0.1720640063,0.5637760162,0.570951,1,0,-1,41681,36471,17,17,10193,27.94823284,14.03860602,512002,0,512002,41681
v2,ea89b79a9dfd35df20fed759e6d15c60fe01e77c,direct,octree_leafcount,flyby,6,375,375,0.4508799911,0.1722240001,0.6240000129,0.631149,1,0,-1,41481,36296,17,17,10226,28.17390346,14.1062927,512002,0,512002,41481
v2,ea89b79a9dfd35df20fed759e6d15c60fe01e77c,direct,octree_leafcount,flyby,6,376,376,0.4201920033,0.1731519997,0.5942720175,0.601257,1,0,-1,41777,36555,17,17,10399,28.4475448,14.0063466,512002,0,512002,41777
v2,ea89b79a9dfd35df20fed759e6d15c60fe01e77c,direct,octree_leafcount,flyby,6,377,377,0.4201920033,0.1699839979,0.5911359787,0.598625,1,0,-1,41297,36135,17,17,10155,28.10294728,14.16914349,512002,0,512002,41297
v2,ea89b79a9dfd35df20fed759e6d15c60fe01e77c,direct,octree_leafcount,flyby,6,378,378,0.4569280148,0.1707520038,0.6286399961,0.635973,1,0,-1,41185,36037,17,17,10196,28.29314316,14.20767544,512002,0,512002,41185
v2,ea89b79a9dfd35df20fed759e6d15c60fe01e77c,direct,octree_leafcount,flyby,6,379,379,0.4229440093,0.1708800048,0.5947840214,0.602379,1,0,-1,41409,36233,17,17,10223,28.21461099,14.13081997,512002,0,512002,41409
v2,ea89b79a9dfd35df20fed759e6d15c60fe01e77c,direct,octree_leafcount,flyby,6,380,380,0.4561600089,0.1792639941,0.6363520026,0.643683,1,0,-1,41417,36240,17,17,10182,28.09602649,14.12809051,512002,0,512002,41417
v2,ea89b79a9dfd35df20fed759e6d15c60fe01e77c,direct,octree_leafcount,flyby,6,381,381,0.3871999979,0.1710399985,0.5591679811,0.56613,1,0,-1,41105,35967,17,17,10015,27.844969,14.23532683,512002,0,512002,41105
v2,ea89b79a9dfd35df20fed759e6d15c60fe01e77c,direct,octree_leafcount,flyby,6,382,382,0.4173760116,0.1729599983,0.5912960172,0.598158,1,0,-1,41017,35890,17,17,10167,28.32822513,14.26586793,512002,0,512002,41017
v2,ea89b79a9dfd35df20fed759e6d15c60fe01e77c,direct,octree_leafcount,flyby,6,383,383,0.454272002,0.1682240069,0.623488009,0.630091,1,0,-1,41129,35988,17,17,10016,27.83149939,14.22702012,512002,0,512002,41129
v2,ea89b79a9dfd35df20fed759e6d15c60fe01e77c,direct,octree_leafcount,flyby,6,384,384,0.4205119908,0.1719679981,0.5933759809,0.600683,1,0,-1,41241,36086,17,17,10037,27.81411074,14.18838331,512002,0,512002,41241
v2,ea89b79a9dfd35df20fed759e6d15c60fe01e77c,direct,octree_leafcount,flyby,6,385,385,0.3944959939,0.1720640063,0.5674880147,0.574365,1,0,-1,41273,36114,17,17,10009,27.71501357,14.17738273,512002,0,512002,41273
v2,ea89b79a9dfd35df20fed759e6d15c60fe01e77c,direct,octree_leafcount,flyby,6,386,386,0.4679360092,0.1720959991,0.6409599781,0.648203,1,0,-1,41657,36450,17,17,10104,27.72016461,14.0466941,512002,0,512002,41657
v2,ea89b79a9dfd35df20fed759e6d15c60fe01e77c,direct,octree_leafcount,flyby,6,387,387,0.4247359931,0.169088006,0.5947840214,0.6026,1,0,-1,41681,36471,17,17,10337,28.34306709,14.03860602,512002,0,512002,41681
v2,ea89b79a9dfd35df20fed759e6d15c60fe01e77c,direct,octree_leafcount,flyby,6,388,388,0.4241600037,0.1729920059,0.5980799794,0.605387,1,0,-1,41305,36142,17,17,10037,27.77101433,14.1663992,512002,0,512002,41305
v2,ea89b79a9dfd35df20fed759e6d15c60fe01e77c,direct,octree_leafcount,flyby,6,389,389,0.4554559886,0.1738879979,0.6302719712,0.637399,1,0,-1,41201,36051,17,17,10145,28.14068958,14.20215805,512002,0,512002,41201
v2,ea89b79a9dfd35df20fed759e6d15c60fe01e77c,direct,octree_leafcount,flyby,6,390,390,0.422623992,0.1697600037,0.5933120251,0.600777,1,0,-1,40977,35855,17,17,10097,28.16064705,14.27979361,512002,0,512002,40977
v2,ea89b79a9dfd35df20fed759e6d15c60fe01e77c,direct,octree_leafcount,flyby,6,391,391,0.4536640048,0.1740159988,0.6286399961,0.63526,1,0,-1,41233,36079,17,17,10219,28.32395576,14.19113612,512002,0,512002,41233
v2,ea89b79a9dfd35df20fed759e6d15c60fe01e77c,direct,octree_leafcount,flyby,6,392,392,0.3845759928,0.1720319986,0.5575680137,0.564528,1,0,-1,41217,36065,17,17,10031,27.81366976,14.19664495,512002,0,512002,41217
v2,ea89b79a9dfd35df20fed759e6d15c60fe01e77c,direct,octree_leafcount,flyby,6,393,393,0.4299840033,0.1718399972,0.6027519703,0.609672,1,0,-1,41257,36100,17,17,10134,28.07202216,14.18288089,512002,0,512002,41257
v2,ea89b79a9dfd35df20fed759e6d15c60fe01e77c,direct,octree_leafcount,flyby,6,394,394,0.4622080028,0.1752640009,0.6383680105,0.645283,1,0,-1,41137,35995,17,17,10099,28.05667454,14.22425337,512002,0,512002,41137
v2,ea89b79a9dfd35df20fed759e6d15c60fe01e77c,direct,octree_leafcount,flyby,6,395,395,0.4299840033,0.1679999977,0.5989440084,0.605832,1,0,-1,41401,36226,17,17,10135,27.97714349,14.13355049,512002,0,512002,41401
v2,ea89b79a9dfd35df20fed759e6d15c60fe01e77c,direct,octree_leafcount,flyby,6,396,396,0.3901439905,0.1680639982,0.5591359735,0.566728,1,0,-1,41161,36016,17,17,10083,27.99589072,14.21595957,512002,0,512002,41161
v2,ea89b79a9dfd35df20fed759e6d15c60fe01e77c,direct,octree_leafcount,flyby,6,397,397,0.4562880099,0.1762239933,0.634559989,0.640832,1,0,-1,41529,36338,17,17,10041,27.63223072,14.08998844,512002,0,512002,41529
v2,ea89b79a9dfd35df20fed759e6d15c60fe01e77c,direct,octree_leafcount,flyby,6,398,398,0.4276799858,0.1738879979,0.6024960279,0.610559,1,0,-1,41417,36240,17,17,10137,27.9718543,14.12809051,512002,0,512002,41417
v2,ea89b79a9dfd35df20fed759e6d15c60fe01e77c,direct,octree_leafcount,flyby,6,399,399,0.4257600009,0.1771200001,0.6038079858,0.611585,1,0,-1,41025,35897,17,17,9872,27.50090537,14.26308605,512002,0,512002,41025
v2,ea89b79a9dfd35df20fed759e6d15c60fe01e77c,direct,octree_leafcount,flyby,6,400,400,0.458047986,0.1707839966,0.6298239827,0.637382,1,0,-1,41233,36079,17,17,10179,28.21308795,14.19113612,512002,0,512002,41233
v2,ea89b79a9dfd35df20fed759e6d15c60fe01e77c,direct,octree_leafcount,flyby,6,401,401,0.4207679927,0.1729920059,0.5946559906,0.602527,1,0,-1,41217,36065,17,17,10110,28.0327187,14.19664495,512002,0,512002,41217
v2,ea89b79a9dfd35df20fed759e6d15c60fe01e77c,direct,octree_leafcount,flyby,6,402,402,0.4544639885,0.1730560064,0.6284800172,0.636384,1,0,-1,41521,36331,17,17,10283,28.30365253,14.0927032,512002,0,512002,41521
v2,ea89b79a9dfd35df20fed759e6d15c60fe01e77c,direct,octree_leafcount,flyby,6,403,403,0.3941439986,0.1749760062,0.5700799823,0.57711,1,0,-1,41257,36100,17,17,10014,27.73961219,14.18288089,512002,0,512002,41257
v2,ea89b79a9dfd35df20fed759e6d15c60fe01e77c,direct,octree_leafcount,flyby,6,404,404,0.4258559942,0.1780479997,0.6048319936,0.612552,1,0,-1,41137,35995,17,17,9993,27.76218919,14.22425337,512002,0,512002,41137
v2,ea89b79a9dfd35df20fed759e6d15c60fe01e77c,direct,octree_leafcount,flyby,6,405,405,0.4590399861,0.168960005,0.628895998,0.636841,1,0,-1,41313,36149,17,17,10000,27.66328253,14.16365598,512002,0,512002,41313
v2,ea89b79a9dfd35df20fed759e6d15c60fe01e77c,direct,octree_leafcount,flyby,6,406,406,0.427008003,0.1731200069,0.6010879874,0.608449,1,0,-1,41537,36345,17,17,9975,27.44531572,14.08727473,512002,0,512002,41537
v2,ea89b79a9dfd35df20fed759e6d15c60fe01e77c,direct,octree_leafcount,flyby,6,407,407,0.3967039883,0.1738879979,0.5714880228,0.579074,1,0,-1,41161,36016,17,17,10025,27.83485118,14.21595957,512002,0,512002,41161
v2,ea89b79a9dfd35df20fed759e6d15c60fe01e77c,direct,octree_leafcount,flyby,6,408,408,0.4603840113,0.1759359986,0.6372799873,0.645198,1,0,-1,41089,35953,17,17,9865,27.43860039,14.24087002,512002,0,512002,41089
v2,ea89b79a9dfd35df20fed759e6d15c60fe01e77c,direct,octree_leafcount,flyby,6,409,409,0.4275520146,0.171103999,0.5995839834,0.607315,1,0,-1,41137,35995,17,17,9950,27.64272816,14.22425337,512002,0,512002,41137
v2,ea89b79a9dfd35df20fed759e6d15c60fe01e77c,direct,octree_leafcount,flyby,6,410,410,0.3926079869,0.1739200056,0.567456007,0.575622,1,0,-1,40753,35659,17,17,9721,27.26100003,14.35828262,512002,0,512002,40753
v2,ea89b79a9dfd35df20fed759e6d15c60fe01e77c,direct,octree_leafcount,flyby,6,411,411,0.4569280148,0.1752640009,0.6331200004,0.641419,1,0,-1,40921,35806,17,17,10008,27.9506228,14.29933531,512002,0,512002,40921
v2,ea89b79a9dfd35df20fed759e6d15c60fe01e77c,direct,octree_leafcount,flyby,6,412,412,0.4239040017,0.1730879992,0.5979200006,0.605818,1,0,-1,41001,35876,17,17,9939,27.70375739,14.27143494,512002,0,512002,41001
v2,ea89b79a9dfd35df20fed759e6d15c60fe01e77c,direct,octree_leafcount,flyby,6,413,413,0.4576640129,0.172736004,0.6313599944,0.638736,1,0,-1,41113,35974,17,17,9902,27.52543504,14.23255685,512002,0,512002,41113
v2,ea89b79a9dfd35df20fed759e6d15c60fe01e77c,direct,octree_leafcount,flyby,6,414,414,0.423999995,0.1708160043,0.5957760215,0.603185,1,0,-1,40865,35757,17,17,9846,27.5358671,14.31893056,512002,0,512002,40865
v2,ea89b79a9dfd35df20fed759e6d15c60fe01e77c,direct,octree_leafcount,flyby,6,415,415,0.4243839979,0.1738879979,0.5991680026,0.606638,1,0,-1,41009,35883,17,17,9930,27.67327147,14.26865089,512002,0,512002,41009
v2,ea89b79a9dfd35df20fed759e6d15c60fe01e77c,direct,octree_leafcount,flyby,6,416,416,0.4663999975,0.173247993,0.6406080127,0.648179,1,0,-1,41121,35981,17,17,10024,27.85914788,14.22978794,512002,0,512002,41121
v2,ea89b79a9dfd35df20fed759e6d15c60fe01e77c,direct,octree_leafcount,flyby,6,417,417,0.389952004,0.1678079963,0.5586879849,0.565808,1,0,-1,41265,36107,17,17,9930,27.50159249,14.18013128,512002,0,512002,41265
v2,ea89b79a9dfd35df20fed759e6d15c60fe01e77c,direct,octree_leafcount,flyby,6,418,418,0.4349119961,0.1748480052,0.6107199788,0.617758,1,0,-1,41105,35967,17,17,10036,27.90335585,14.23532683,512002,0,512002,41105
v2,ea89b79a9dfd35df20fed759e6d15c60fe01e77c,direct,octree_leafcount,flyby,6,419,419,0.4672319889,0.174112007,0.6422719955,0.649849,1,0,-1,40985,35862,17,17,9975,27.81495734,14.2770063,512002,0,512002,40985
v2,ea89b79a9dfd35df20fed759e6d15c60fe01e77c,direct,octree_leafcount,flyby,6,420,420,0.4245440066,0.1730879992,0.5985919833,0.606359,1,0,-1,40985,35862,17,17,10079,28.10495789,14.2770063,512002,0,512002,40985
v2,ea89b79a9dfd35df20fed759e6d15c60fe01e77c,direct,octree_leafcount,flyby,6,421,421,0.3893760145,0.1730560064,0.5633599758,0.571197,1,0,-1,41041,35911,17,17,9966,27.7519423,14.25752555,512002,0,512002,41041
v2,ea89b79a9dfd35df20fed759e6d15c60fe01e77c,direct,octree_leafcount,flyby,6,422,422,0.4593600035,0.1731519997,0.6334400177,0.640745,1,0,-1,41209,36058,17,17,9965,27.63603084,14.19940097,512002,0,512002,41209
v2,ea89b79a9dfd35df20fed759e6d15c60fe01e77c,direct,octree_leafcount,flyby,6,423,423,0.4310719967,0.1742080003,0.6062399745,0.613286,1,0,-1,40993,35869,17,17,9919,27.65340545,14.27422008,512002,0,512002,40993
v2,ea89b79a9dfd35df20fed759e6d15c60fe01e77c,direct,octree_leafcount,flyby,6,424,424,0.4178240001,0.1751359999,0.5938879848,0.600916,1,0,-1,40921,35806,17,17,9862,27.54286991,14.29933531,512002,0,512002,40921
v2,ea89b79a9dfd35df20fed759e6d15c60fe01e77c,direct,octree_leafcount,flyby,6,425,425,0.4592959881,0.1729599983,0.6331520081,0.640623,1,0,-1,41105,35967,17,17,10044,27.92559847,14.23532683,512002,0,512002,41105
v2,ea89b79a9dfd35df20fed759e6d15c60fe01e77c,direct,octree_leafcount,flyby,6,426,426,0.4219200015,0.1730239987,0.5959360003,0.602842,1,0,-1,40849,35743,17,17,9927,27.77327029,14.32453907,512002,0,512002,40849
v2,ea89b79a9dfd35df20fed759e6d15c60fe01e77c,direct,octree_leafcount,flyby,6,427,427,0.4537920058,0.1723199934,0.6270719767,0.63388,1,0,-1,41289,36128,17,17,10126,28.02812223,14.17188884,512002,0,512002,41289
v2,ea89b79a9dfd35df20fed759e6d15c60fe01e77c,direct,octree_leafcount,flyby,6,428,428,0.3937920034,0.1721599996,0.5669440031,0.573431,1,0,-1,41161,36016,17,17,10053,27.9125944,14.21595957,512002,0,512002,41161
v2,ea89b79a9dfd35df20fed759e6d15c60fe01e77c,direct,octree_leafcount,flyby,6,429,429,0.4239040017,0.1701119989,0.5949440002,0.601318,1,0,-1,40985,35862,17,17,10044,28.00736155,14.2770063,512002,0,512002,40985
v2,ea89b79a9dfd35df20fed759e6d15c60fe01e77c,direct,octree_leafcount,flyby,6,430,430,0.4566720128,0.1731840074,0.6307839751,0.637282,1,0,-1,41065,35932,17,17,9931,27.63831682,14.24919292,512002,0,512002,41065
v2,ea89b79a9dfd35df20fed759e6d15c60fe01e77c,direct,octree_leafcount,flyby,6,431,431,0.4305920005,0.181152001,0.6126719713,0.619829,1,0,-1,41401,36226,17,17,10031,27.69005687,14.13355049,512002,0,512002,41401
v2,ea89b79a9dfd35df20fed759e6d15c60fe01e77c,direct,octree_leafcount,flyby,6,432,432,0.3838720024,0.1702080071,0.5550079942,0.560818,1,0,-1,41281,36121,17,17,10022,27.74563273,14.17463525,512002,0,512002,41281
v2,ea89b79a9dfd35df20fed759e6d15c60fe01e77c,direct,octree_leafcount,flyby,6,433,433,0.4577279985,0.1730560064,0.6317440271,0.638838,1,0,-1,41177,36030,17,17,9894,27.46044963,14.21043575,512002,0,512002,41177
v2,ea89b79a9dfd35df20fed759e6d15c60fe01e77c,direct,octree_leafcount,flyby,6,434,434,0.4233599901,0.1722240001,0.5965120196,0.603662,1,0,-1,41057,35925,17,17,10085,28.072373,14.25196938,512002,0,512002,41057
v2,ea89b79a9dfd35df20fed759e6d15c60fe01e77c,direct,octree_leafcount,flyby,6,435,435,0.4271999896,0.1680960059,0.59622401,0.603196,1,0,-1,40945,35827,17,17,9832,27.44298992,14.29095375,512002,0,512002,40945
v2,ea89b79a9dfd35df20fed759e6d15c60fe01e77c,direct,octree_leafcount,flyby,6,436,436,0.4526720047,0.1722880006,0.62588799,0.63177,1,0,-1,41001,35876,17,17,10003,27.88214963,14.27143494,512002,0,512002,41001
v2,ea89b79a9dfd35df20fed759e6d15c60fe01e77c,direct,octree_leafcount,flyby,6,437,437,0.42988801,0.1749760062,0.6058239937,0.612787,1,0,-1,40761,35666,17,17,9795,27.46313015,14.35546459,512002,0,512002,40761
v2,ea89b79a9dfd35df20fed759e6d15c60fe01e77c,direct,octree_leafcount,flyby,6,438,438,0.4625279903,0.1710080057,0.6344959736,0.641417,1,0,-1,40985,35862,17,17,9882,27.55562991,14.2770063,512002,0,512002,40985
v2,ea89b79a9dfd35df20fed759e6d15c60fe01e77c,direct,octree_leafcount,flyby,6,439,439,0.4314239919,0.1679999977,0.6003519893,0.60756,1,0,-1,41233,36079,17,17,9875,27.37049253,14.19113612,512002,0,512002,41233
v2,ea89b79a9dfd35df20fed759e6d15c60fe01e77c,direct,octree_leafcount,flyby,6,440,440,0.4220159948,0.1730879992,0.5960000157,0.602917,1,0,-1,41233,36079,17,17,9922,27.50076222,14.19113612,512002,0,512002,41233
v2,ea89b79a9dfd35df20fed759e6d15c60fe01e77c,direct,octree_leafcount,flyby,6,441,441,0.4587520063,0.1729280055,0.6326400042,0.640159,1,0,-1,40993,35869,17,17,9933,27.69243637,14.27422008,512002,0,512002,40993
v2,ea89b79a9dfd35df20fed759e6d15c60fe01e77c,direct,octree_leafcount,flyby,6,442,442,0.3923839927,0.1730879992,0.5663999915,0.574003,1,0,-1,40961,35841,17,17,9770,27.25928406,14.2853715,512002,0,512002,40961
v2,ea89b79a9dfd35df20fed759e6d15c60fe01e77c,direct,octree_leafcount,flyby,6,443,443,0.4228160083,0.1750079989,0.5987520218,0.605802,1,0,-1,40681,35596,17,17,9837,27.63512754,14.3836948,512002,0,512002,40681
v2,ea89b79a9dfd35df20fed759e6d15c60fe01e77c,direct,octree_leafcount,flyby,6,444,444,0.461183995,0.1687999964,0.6309120059,0.638693,1,0,-1,41121,35981,17,17,9785,27.19490842,14.22978794,512002,0,512002,41121
v2,ea89b79a9dfd35df20fed759e6d15c60fe01e77c,direct,octree_leafcount,flyby,6,445,445,0.421119988,0.1742720008,0.5963519812,0.603271,1,0,-1,41017,35890,17,17,9791,27.28057955,14.26586793,512002,0,512002,41017
v2,ea89b79a9dfd35df20fed759e6d15c60fe01e77c,direct,octree_leafcount,flyby,6,446,446,0.3918719888,0.173247993,0.5660799742,0.573087,1,0,-1,40729,35638,17,17,9569,26.85055278,14.36674336,512002,0,512002,40729
v2,ea89b79a9dfd35df20fed759e6d15c60fe01e77c,direct,octree_leafcount,flyby,6,447,447,0.4626240134,0.1710080057,0.634559989,0.64139,1,0,-1,41065,35932,17,17,9673,26.92029389,14.24919292,512002,0,512002,41065
v2,ea89b79a9dfd35df20fed759e6d15c60fe01e77c,direct,octree_leafcount,flyby,6,448,448,0.4263679981,0.169855997,0.5971840024,0.604647,1,0,-1,40833,35729,17,17,9723,27.21318817,14.33015198,512002,0,512002,40833
v2,ea89b79a9dfd35df20fed759e6d15c60fe01e77c,direct,octree_leafcount,flyby,6,449,449,0.4251520038,0.1699839979,0.5961279869,0.603591,1,0,-1,40945,35827,17,17,9621,26.85404862,14.29095375,512002,0,512002,40945
v2,ea89b79a9dfd35df20fed759e6d15c60fe01e77c,direct,octree_leafcount,flyby,6,450,450,0.4615359902,0.1729599983,0.6354240179,0.642739,1,0,-1,41113,35974,17,17,9878,27.45872019,14.23255685,512002,0,512002,41113
v2,ea89b79a9dfd35df20fed759e6d15c60fe01e77c,direct,octree_leafcount,flyby,6,451,451,0.4271039963,0.1782079935,0.6062399745,0.614206,1,0,-1,40825,35722,17,17,9760,27.32209843,14.33296008,512002,0,512002,40825
v2,ea89b79a9dfd35df20fed759e6d15c60fe01e77c,direct,octree_leafcount,flyby,6,452,452,0.4570559859,0.1716479957,0.6296319962,0.63691,1,0,-1,41065,35932,17,17,9802,27.27930535,14.24919292,512002,0,512002,41065
v2,ea89b79a9dfd35df20fed759e6d15c60fe01e77c,direct,octree_leafcount,flyby,6,453,453,0.4242239892,0.1729280055,0.5981439948,0.60508,1,0,-1,40825,35722,17,17,9614,26.91338671,14.33296008,512002,0,512002,40825
v2,ea89b79a9dfd35df20fed759e6d15c60fe01e77c,direct,octree_leafcount,flyby,6,454,454,0.4251199961,0.173984006,0.6000319719,0.607185,1,0,-1,41417,36240,17,17,9874,27.24613687,14.12809051,512002,0,512002,41417
v2,ea89b79a9dfd35df20fed759e6d15c60fe01e77c,direct,octree_leafcount,flyby,6,455,455,0.4578239918,0.1721280068,0.6309120059,0.637502,1,0,-1,41497,36310,17,17,9892,27.2431837,14.10085376,512002,0,512002,41497
v2,ea89b79a9dfd35df20fed759e6d15c60fe01e77c,direct,octree_leafcount,flyby,6,456,456,0.3894400001,0.1710080057,0.561439991,0.567985,1,0,-1,40857,35750,17,17,9698,27.12727273,14.32173427,512002,0,512002,40857
v2,ea89b79a9dfd35df20fed759e6d15c60fe01e77c,direct,octree_leafcount,flyby,6,457,457,0.4171519876,0.169088006,0.5871679783,0.592624,1,0,-1,40977,35855,17,17,9833,27.42434807,14.27979361,512002,0,512002,40977
v2,ea89b79a9dfd35df20fed759e6d15c60fe01e77c,direct,octree_leafcount,flyby,6,458,458,0.4670400023,0.175999999,0.6439999938,0.652638,1,0,-1,40873,35764,17,17,9619,26.8957611,14.31612795,512002,0,512002,40873
v2,ea89b79a9dfd35df20fed759e6d15c60fe01e77c,direct,octree_leafcount,flyby,6,459,459,0.4317120016,0.1760320067,0.6086720228,0.616988,1,0,-1,41145,36002,17,17,9800,27.22070996,14.2214877,512002,0,512002,41145
v2,ea89b79a9dfd35df20fed759e6d15c60fe01e77c,direct,octree_leafcount,flyby,6,460,460,0.3903360069,0.176256001,0.5675519705,0.573651,1,0,-1,41001,35876,17,17,9716,27.08217193,14.27143494,512002,0,512002,41001
v2,ea89b79a9dfd35df20fed759e6d15c60fe01e77c,direct,octree_leafcount,flyby,6,461,461,0.4536960125,0.1728959978,0.6275200248,0.635076,1,0,-1,41185,36037,17,17,9753,27.06385104,14.20767544,512002,0,512002,41185
v2,ea89b79a9dfd35df20fed759e6d15c60fe01e77c,direct,octree_leafcount,flyby,6,462,462,0.4246399999,0.1717759967,0.5973439813,0.60506,1,0,-1,41169,36023,17,17,9810,27.23260139,14.21319712,512002,0,512002,41169
v2,ea89b79a9dfd35df20fed759e6d15c60fe01e77c,direct,octree_leafcount,flyby,6,463,463,0.4242239892,0.1752959937,0.60048002,0.607553,1,0,-1,40881,35771,17,17,9464,26.45718599,14.31332644,512002,0,512002,40881
v2,ea89b79a9dfd35df20fed759e6d15c60fe01e77c,direct,octree_leafcount,flyby,6,464,464,0.4614720047,0.1748480052,0.6372799873,0.645284,1,0,-1,40753,35659,17,17,9650,27.06189181,14.35828262,512002,0,512002,40753
v2,ea89b79a9dfd35df20fed759e6d15c60fe01e77c,direct,octree_leafcount,flyby,6,465,465,0.4251520038,0.1729599983,0.5990399718,0.606727,1,0,-1,40905,35792,17,17,9623,26.88589629,14.30492848,512002,0,512002,40905
v2,ea89b79a9dfd35df20fed759e6d15c60fe01e77c,direct,octree_leafcount,flyby,6,466,466,0.4563840032,0.1751359999,0.6324480176,0.639618,1,0,-1,40961,35841,17,17,9795,27.32903658,14.2853715,512002,0,512002,40961
v2,ea89b79a9dfd35df20fed759e6d15c60fe01e77c,direct,octree_leafcount,flyby,6,467,467,0.3877440095,0.1730879992,0.5628799796,0.568667,1,0,-1,40657,35575,17,17,9596,26.97399859,14.39218552,512002,0,512002,40657
v2,ea89b79a9dfd35df20fed759e6d15c60fe01e77c,direct,octree_leafcount,flyby,6,468,468,0.4221439958,0.1689919978,0.5920959711,0.598958,1,0,-1,40769,35673,17,17,9705,27.2054495,14.35264766,512002,0,512002,40769
v2,ea89b79a9dfd35df20fed759e6d15c60fe01e77c,direct,octree_leafcount,flyby,6,469,469,0.4553599954,0.1743679941,0.6306239963,0.637796,1,0,-1,40969,35848,17,17,9662,26.95268913,14.28258201,512002,0,512002,40969
v2,ea89b79a9dfd35df20fed759e6d15c60fe01e77c,direct,octree_leafcount,flyby,6,470,470,0.4246399999,0.1752640009,0.6008639932,0.607924,1,0,-1,40777,35680,17,17,9503,26.63396861,14.34983184,512002,0,512002,40777
v2,ea89b79a9dfd35df20fed759e6d15c60fe01e77c,direct,octree_leafcount,flyby,6,471,471,0.4298239946,0.1762879938,0.6070719957,0.613945,1,0,-1,40801,35701,17,17,9672,27.0916781,14.341391,512002,0,512002,40801
v2,ea89b79a9dfd35df20fed759e6d15c60fe01e77c,direct,octree_leafcount,flyby,6,472,472,0.4534080029,0.1740159988,0.6283519864,0.635156,1,0,-1,40929,35813,17,17,9702,27.09072125,14.29654036,512002,0,512002,40929
v2,ea89b79a9dfd35df20fed759e6d15c60fe01e77c,direct,octree_leafcount,flyby,6,473,473,0.424127996,0.1729920059,0.5980479717,0.604887,1,0,-1,41305,36142,17,17,9867,27.30064745,14.1663992,512002,0,512002,41305
v2,ea89b79a9dfd35df20fed759e6d15c60fe01e77c,direct,octree_leafcount,flyby,6,474,474,0.3994559944,0.1730560064,0.573472023,0.581095,1,0,-1,40825,35722,17,17,9586,26.83500364,14.33296008,512002,0,512002,40825
v2,ea89b79a9dfd35df20fed759e6d15c60fe01e77c,direct,octree_leafcount,flyby,6,475,475,0.4584960043,0.1748159975,0.6342719793,0.641889,1,0,-1,41297,36135,17,17,9741,26.95724367,14.16914349,512002,0,512002,41297
v2,ea89b79a9dfd35df20fed759e6d15c60fe01e77c,direct,octree_leafcount,flyby,6,476,476,0.4280000031,0.1689279974,0.5979200006,0.605122,1,0,-1,41233,36079,17,17,9818,27.21250589,14.19113612,512002,0,512002,41233
v2,ea89b79a9dfd35df20fed759e6d15c60fe01e77c,direct,octree_leafcount,flyby,6,477,477,0.4243839979,0.1728319973,0.5981760025,0.605537,1,0,-1,40921,35806,17,17,9615,26.85304139,14.29933531,512002,0,512002,40921
v2,ea89b79a9dfd35df20fed759e6d15c60fe01e77c,direct,octree_leafcount,flyby,6,478,478,0.454144001,0.1730879992,0.6281599998,0.63489,1,0,-1,40865,35757,17,17,9816,27.45196745,14.31893056,512002,0,512002,40865
v2,ea89b79a9dfd35df20fed759e6d15c60fe01e77c,direct,octree_leafcount,flyby,6,479,479,0.4257920086,0.1742720008,0.6009600163,0.60818,1,0,-1,40721,35631,17,17,9794,27.48730038,14.36956583,512002,0,512002,40721
v2,ea89b79a9dfd35df20fed759e6d15c60fe01e77c,direct,octree_leafcount,flyby,6,480,480,0.4557119906,0.1750400066,0.6317440271,0.638956,1,0,-1,40985,35862,17,17,9864,27.50543751,14.2770063,512002,0,512002,40985
v2,ea89b79a9dfd35df20fed759e6d15c60fe01e77c,direct,octree_leafcount,flyby,6,481,481,0.4289599955,0.1715520024,0.6015040278,0.608562,1,0,-1,41017,35890,17,17,9756,27.18305935,14.26586793,512002,0,512002,41017
v2,ea89b79a9dfd35df20fed759e6d15c60fe01e77c,direct,octree_leafcount,flyby,6,482,482,0.4257279932,0.1708800048,0.5975360274,0.604983,1,0,-1,41177,36030,17,17,9684,26.877602,14.21043575,512002,0,512002,41177
v2,ea89b79a9dfd35df20fed759e6d15c60fe01e77c,direct,octree_leafcount,flyby,6,483,483,0.4620479941,0.1732800007,0.6362559795,0.643672,1,0,-1,41073,35939,17,17,9843,27.38807424,14.24641754,512002,0,512002,41073
v2,ea89b79a9dfd35df20fed759e6d15c60fe01e77c,direct,octree_leafcount,flyby,6,484,484,0.3919039965,0.1752640009,0.5681279898,0.574542,1,0,-1,40881,35771,17,17,9680,27.06102709,14.31332644,512002,0,512002,40881
v2,ea89b79a9dfd35df20fed759e6d15c60fe01e77c,direct,octree_leafcount,flyby,6,485,485,0.4333119988,0.1730239987,0.6072639823,0.614788,1,0,-1,40849,35743,17,17,9790,27.38997846,14.32453907,512002,0,512002,40849
v2,ea89b79a9dfd35df20fed759e6d15c60fe01e77c,direct,octree_leafcount,flyby,6,486,486,0.4537599981,0.1752319932,0.6299200058,0.636833,1,0,-1,40601,35526,17,17,9595,27.00838822,14.41203626,512002,0,512002,40601
v2,ea89b79a9dfd35df20fed759e6d15c60fe01e77c,direct,octree_leafcount,flyby,6,487,487,0.4178240001,0.1702399999,0.589056015,0.595602,1,0,-1,40785,35687,17,17,9787,27.42455236,14.34701712,512002,0,512002,40785
v2,ea89b79a9dfd35df20fed759e6d15c60fe01e77c,direct,octree_leafcount,flyby,6,488,488,0.3919999897,0.1730879992,0.5660480261,0.572421,1,0,-1,40873,35764,17,17,9778,27.34034224,14.31612795,512002,0,512002,40873
v2,ea89b79a9dfd35df20fed759e6d15c60fe01e77c,direct,octree_leafcount,flyby,6,489,489,0.4614720047,0.1711360067,0.6335679889,0.640504,1,0,-1,40849,35743,17,17,9667,27.04585513,14.32453907,512002,0,512002,40849
v2,ea89b79a9dfd35df20fed759e6d15c60fe01e77c,direct,octree_leafcount,flyby,6,490,490,0.431392014,0.173984006,0.6063359976,0.61331,1,0,-1,41009,35883,17,17,9836,27.41130898,14.26865089,512002,0,512002,41009
v2,ea89b79a9dfd35df20fed759e6d15c60fe01e77c,direct,octree_leafcount,flyby,6,491,491,0.3949120045,0.1700160056,0.5658879876,0.572856,1,0,-1,40321,35281,17,17,9586,27.17043168,14.512117,512002,0,512002,40321
v2,ea89b79a9dfd35df20fed759e6d15c60fe01e77c,direct,octree_leafcount,flyby,6,492,492,0.4630720019,0.1722240001,0.6362559795,0.643366,1,0,-1,40873,35764,17,17,9883,27.63393356,14.31612795,512002,0,512002,40873
v2,ea89b79a9dfd35df20fed759e6d15c60fe01e77c,direct,octree_leafcount,flyby,6,493,493,0.4239360094,0.174112007,0.598976016,0.606277,1,0,-1,41009,35883,17,17,9814,27.34999861,14.26865089,512002,0,512002,41009
v2,ea89b79a9dfd35df20fed759e6d15c60fe01e77c,direct,octree_leafcount,flyby,6,494,494,0.468479991,0.1729280055,0.6423360109,0.649961,1,0,-1,40977,35855,17,17,9622,26.83586669,14.27979361,512002,0,512002,40977
v2,ea89b79a9dfd35df20fed759e6d15c60fe01e77c,direct,octree_leafcount,flyby,6,495,495,0.4343999922,0.1752000004,0.6105279922,0.617269,1,0,-1,41065,35932,17,17,9694,26.97873762,14.24919292,512002,0,512002,41065
v2,ea89b79a9dfd35df20fed759e6d15c60fe01e77c,direct,octree_leafcount,flyby,6,496,496,0.4217279851,0.1770240068,0.5997120142,0.606591,1,0,-1,40529,35463,17,17,9508,26.81104249,14.43763923,512002,0,512002,40529
v2,ea89b79a9dfd35df20fed759e6d15c60fe01e77c,direct,octree_leafcount,flyby,6,497,497,0.4609600008,0.1699520051,0.6318719983,0.638937,1,0,-1,40865,35757,17,17,9776,27.34010124,14.31893056,512002,0,512002,40865
v2,ea89b79a9dfd35df20fed759e6d15c60fe01e77c,direct,octree_leafcount,flyby,6,498,498,0.4231359959,0.1728319973,0.5969280005,0.604416,1,0,-1,40841,35736,17,17,9719,27.19666443,14.32734497,512002,0,512002,40841
v2,ea89b79a9dfd35df20fed759e6d15c60fe01e77c,direct,octree_leafcount,flyby,6,499,499,0.4208320081,0.1733119935,0.5950400233,0.602507,1,0,-1,40897,35785,17,17,9857,27.54506078,14.3077267,512002,0,512002,40897
v2,ea89b79a9dfd35df20fed759e6d15c60fe01e77c,direct,octree_leafcount,flyby,6,500,500,0.458656013,0.1719360054,0.631551981,0.6386,1,0,-1,40753,35659,17,17,9670,27.11797863,14.35828262,512002,0,512002,40753
v2,ea89b79a9dfd35df20fed759e6d15c60fe01e77c,direct,octree_leafcount,flyby,6,501,501,0.3941760063,0.1741439998,0.5692480206,0.575896,1,0,-1,40937,35820,17,17,9650,26.94025684,14.29374651,512002,0,512002,40937
v2,ea89b79a9dfd35df20fed759e6d15c60fe01e77c,direct,octree_leafcount,flyby,6,502,502,0.4316160083,0.1731200069,0.6056960225,0.612381,1,0,-1,40569,35498,17,17,9748,27.46070201,14.42340414,512002,0,512002,40569
v2,ea89b79a9dfd35df20fed759e6d15c60fe01e77c,direct,octree_leafcount,flyby,6,503,503,0.4657599926,0.1736640036,0.6404160261,0.648754,1,0,-1,40673,35589,17,17,9700,27.25561269,14.38652393,512002,0,512002,40673
v2,ea89b79a9dfd35df20fed759e6d15c60fe01e77c,direct,octree_leafcount,flyby,6,504,504,0.4251520038,0.1772159934,0.6033279896,0.61021,1,0,-1,40905,35792,17,17,9887,27.62349128,14.30492848,512002,0,512002,40905
v2,ea89b79a9dfd35df20fed759e6d15c60fe01e77c,direct,octree_leafcount,flyby,6,505,505,0.3953279853,0.1743679941,0.5706239939,0.577245,1,0,-1,40641,35561,17,17,9744,27.40080425,14.39785158,512002,0,512002,40641
v2,ea89b79a9dfd35df20fed759e6d15c60fe01e77c,direct,octree_leafcount,flyby,6,506,506,0.4632959962,0.1699520051,0.6341760159,0.641644,1,0,-1,40785,35687,17,17,9701,27.18356825,14.34701712,512002,0,512002,40785
v2,ea89b79a9dfd35df20fed759e6d15c60fe01e77c,direct,octree_leafcount,flyby,6,507,507,0.426752001,0.1722559929,0.5999360085,0.606581,1,0,-1,41201,36051,17,17,9886,27.42226291,14.20215805,512002,0,512002,41201
v2,ea89b79a9dfd35df20fed759e6d15c60fe01e77c,direct,octree_leafcount,flyby,6,508,508,0.4375999868,0.1749760062,0.6135039926,0.621089,1,0,-1,40649,35568,17,17,9617,27.03834908,14.39501799,512002,0,512002,40649
v2,ea89b79a9dfd35df20fed759e6d15c60fe01e77c,direct,octree_leafcount,flyby,6,509,509,0.4659200013,0.1752000004,0.6420480013,0.649423,1,0,-1,40761,35666,17,17,9712,27.23041552,14.35546459,512002,0,512002,40761
v2,ea89b79a9dfd35df20fed759e6d15c60fe01e77c,direct,octree_leafcount,flyby,6,510,510,0.4330559969,0.1774400026,0.6114240289,0.618718,1,0,-1,40721,35631,17,17,9732,27.3132946,14.36956583,512002,0,512002,40721
v2,ea89b79a9dfd35df20fed759e6d15c60fe01e77c,direct,octree_leafcount,flyby,6,511,511,0.4232000113,0.1751040071,0.5992000103,0.606473,1,0,-1,40961,35841,17,17,9828,27.4211099,14.2853715,512002,0,512002,40961
v2,ea89b79a9dfd35df20fed759e6d15c60fe01e77c,direct,octree_leafcount,flyby,6,512,512,0.4264000058,0.176128,0.603488028,0.610793,1,0,-1,41161,36016,17,17,9820,27.26565971,14.21595957,512002,0,512002,41161
v2,ea89b79a9dfd35df20fed759e6d15c60fe01e77c,direct,octree_leafcount,flyby,6,513,513,0.4290879965,0.1719360054,0.601984024,0.609787,1,0,-1,40857,35750,17,17,9842,27.53006993,14.32173427,512002,0,512002,40857
v2,ea89b79a9dfd35df20fed759e6d15c60fe01e77c,direct,octree_leafcount,flyby,6,514,514,0.4628799856,0.1779520065,0.6417919993,0.649404,1,0,-1,41025,35897,17,17,9843,27.42011867,14.26308605,512002,0,512002,41025
v2,ea89b79a9dfd35df20fed759e6d15c60fe01e77c,direct,octree_leafcount,flyby,6,515,515,0.3930560052,0.1718399972,0.5658559799,0.573332,1,0,-1,40681,35596,17,17,9639,27.07888527,14.3836948,512002,0,512002,40681
v2,ea89b79a9dfd35df20fed759e6d15c60fe01e77c,direct,octree_leafcount,flyby,6,516,516,0.4253439903,0.1710399985,0.5973119736,0.604709,1,0,-1,41009,35883,17,17,9913,27.62589527,14.26865089,512002,0,512002,41009
v2,ea89b79a9dfd35df20fed759e6d15c60fe01e77c,direct,octree_leafcount,flyby,6,517,517,0.4648639858,0.1721280068,0.6379520297,0.645151,1,0,-1,41081,35946,17,17,9849,27.39943248,14.24364324,512002,0,512002,41081
v2,ea89b79a9dfd35df20fed759e6d15c60fe01e77c,direct,octree_leafcount,flyby,6,518,518,0.4213120043,0.172864005,0.5951359868,0.602459,1,0,-1,41297,36135,17,17,9852,27.26442507,14.16914349,512002,0,512002,41297
v2,ea89b79a9dfd35df20fed759e6d15c60fe01e77c,direct,octree_leafcount,flyby,6,519,519,0.3919039965,0.1688320041,0.5616959929,0.568834,1,0,-1,41041,35911,17,17,9873,27.49296873,14.25752555,512002,0,512002,41041
v2,ea89b79a9dfd35df20fed759e6d15c60fe01e77c,direct,octree_leafcount,flyby,6,520,520,0.4656319916,0.174879998,0.6414399743,0.648869,1,0,-1,41089,35953,17,17,9737,27.08258004,14.24087002,512002,0,512002,41089
v2,ea89b79a9dfd35df20fed759e6d15c60fe01e77c,direct,octree_leafcount,flyby,6,521,521,0.4239040017,0.1729920059,0.5978239775,0.604992,1,0,-1,41417,36240,17,17,9982,27.54415011,14.12809051,512002,0,512002,41417
v2,ea89b79a9dfd35df20fed759e6d15c60fe01e77c,direct,octree_leafcount,flyby,6,522,522,0.3892799914,0.1720959991,0.5623360276,0.569734,1,0,-1,40849,35743,17,17,9660,27.02627088,14.32453907,512002,0,512002,40849
v2,ea89b79a9dfd35df20fed759e6d15c60fe01e77c,direct,octree_leafcount,flyby,6,523,523,0.458784014,0.1709119976,0.6306239963,0.638252,1,0,-1,41065,35932,17,17,9842,27.39062674,14.24919292,512002,0,512002,41065
v2,ea89b79a9dfd35df20fed759e6d15c60fe01e77c,direct,octree_leafcount,flyby,6,524,524,0.4241600037,0.1709119976,0.5960000157,0.603632,1,0,-1,41033,35904,17,17,9789,27.26437166,14.26030526,512002,0,512002,41033
v2,ea89b79a9dfd35df20fed759e6d15c60fe01e77c,direct,octree_leafcount,flyby,6,525,525,0.435424,0.1728000045,0.609152019,0.616674,1,0,-1,40929,35813,17,17,9661,26.97623768,14.29654036,512002,0,512002,40929
v2,ea89b79a9dfd35df20fed759e6d15c60fe01e77c,direct,octree_leafcount,flyby,6,526,526,0.4560000002,0.1690559983,0.6259840131,0.633247,1,0,-1,41049,35918,17,17,9832,27.37346177,14.25474692,512002,0,512002,41049
v2,ea89b79a9dfd35df20fed759e6d15c60fe01e77c,direct,octree_leafcount,flyby,6,527,527,0.4311040044,0.170975998,0.6030079722,0.610442,1,0,-1,40761,35666,17,17,9690,27.16873213,14.35546459,512002,0,512002,40761
v2,ea89b79a9dfd35df20fed759e6d15c60fe01e77c,direct,octree_leafcount,flyby,6,528,528,0.4574719965,0.1751040071,0.6334720254,0.641122,1,0,-1,40905,35792,17,17,9695,27.08705856,14.30492848,512002,0,512002,40905
v2,ea89b79a9dfd35df20fed759e6d15c60fe01e77c,direct,octree_leafcount,flyby,6,529,529,0.4261760116,0.1771840006,0.6043199897,0.611798,1,0,-1,41009,35883,17,17,9647,26.88459716,14.26865089,512002,0,512002,41009
v2,ea89b79a9dfd35df20fed759e6d15c60fe01e77c,direct,octree_leafcount,flyby,6,530,530,0.4265919924,0.1689919978,0.5965120196,0.603693,1,0,-1,41345,36177,17,17,9744,26.93423999,14.1526937,512002,0,512002,41345
v2,ea89b79a9dfd35df20fed759e6d15c60fe01e77c,direct,octree_leafcount,flyby,6,531,531,0.4549120069,0.1711360067,0.6269760132,0.63433,1,0,-1,41409,36233,17,17,9781,26.99472856,14.13081997,512002,0,512002,41409
v2,ea89b79a9dfd35df20fed759e6d15c60fe01e77c,direct,octree_leafcount,flyby,6,532,532,0.3914240003,0.1720000058,0.5643839836,0.571543,1,0,-1,41033,35904,17,17,9557,26.6182041,14.26030526,512002,0,512002,41033
v2,ea89b79a9dfd35df20fed759e6d15c60fe01e77c,direct,octree_leafcount,flyby,6,533,533,0.4251199961,0.1728959978,0.5989120007,0.606445,1,0,-1,41097,35960,17,17,9739,27.08286986,14.23809789,512002,0,512002,41097
v2,ea89b79a9dfd35df20fed759e6d15c60fe01e77c,direct,octree_leafcount,flyby,6,534,534,0.4527359903,0.1701759994,0.6239039898,0.630644,1,0,-1,41049,35918,17,17,9594,26.71084136,14.25474692,512002,0,512002,41049
v2,ea89b79a9dfd35df20fed759e6d15c60fe01e77c,direct,octree_leafcount,flyby,6,535,535,0.4212799966,0.1732800007,0.5954880118,0.601978,1,0,-1,41481,36296,17,17,9817,27.04705753,14.1062927,512002,0,512002,41481
v2,ea89b79a9dfd35df20fed759e6d15c60fe01e77c,direct,octree_leafcount,flyby,6,536,536,0.3884159923,0.1719360054,0.5612800121,0.568729,1,0,-1,41145,36002,17,17,9794,27.20404422,14.2214877,512002,0,512002,41145
v2,ea89b79a9dfd35df20fed759e6d15c60fe01e77c,direct,octree_leafcount,flyby,6,537,537,0.4520319998,0.1710720062,0.6240320206,0.631182,1,0,-1,40889,35778,17,17,9564,26.73151098,14.31052602,512002,0,512002,40889
v2,ea89b79a9dfd35df20fed759e6d15c60fe01e77c,direct,octree_leafcount,flyby,6,538,538,0.425503999,0.1730879992,0.5995839834,0.606936,1,0,-1,41241,36086,17,17,9978,27.65061243,14.18838331,512002,0,512002,41241
v2,ea89b79a9dfd35df20fed759e6d15c60fe01e77c,direct,octree_leafcount,flyby,6,539,539,0.3978880048,0.1727679968,0.571615994,0.579144,1,0,-1,40953,35834,17,17,9752,27.21437741,14.28816208,512002,0,512002,40953
v2,ea89b79a9dfd35df20fed759e6d15c60fe01e77c,direct,octree_leafcount,flyby,6,540,540,0.4623680115,0.1738879979,0.6371840239,0.645478,1,0,-1,41209,36058,17,17,9812,27.21171446,14.19940097,512002,0,512002,41209
v2,ea89b79a9dfd35df20fed759e6d15c60fe01e77c,direct,octree_leafcount,flyby,6,541,541,0.426752001,0.1719360054,0.5996159911,0.607336,1,0,-1,41217,36065,17,17,9822,27.23416054,14.19664495,512002,0,512002,41217
v2,ea89b79a9dfd35df20fed759e6d15c60fe01e77c,direct,octree_leafcount,flyby,6,542,542,0.4258559942,0.1731519997,0.5999360085,0.606087,1,0,-1,41185,36037,17,17,9609,26.66426173,14.20767544,512002,0,512002,41185
v2,ea89b79a9dfd35df20fed759e6d15c60fe01e77c,direct,octree_leafcount,flyby,6,543,543,0.4518719912,0.169216007,0.6220160127,0.627959,1,0,-1,41081,35946,17,17,9766,27.16853057,14.24364324,512002,0,512002,41081
v2,ea89b79a9dfd35df20fed759e6d15c60fe01e77c,direct,octree_leafcount,flyby,6,544,544,0.4153920114,0.1701759994,0.5865600109,0.592281,1,0,-1,40953,35834,17,17,9567,26.69810794,14.28816208,512002,0,512002,40953
v2,ea89b79a9dfd35df20fed759e6d15c60fe01e77c,direct,octree_leafcount,flyby,6,545,545,0.4621439874,0.1687040031,0.6317759752,0.639233,1,0,-1,41033,35904,17,17,9603,26.74632353,14.26030526,512002,0,512002,41033
v2,ea89b79a9dfd35df20fed759e6d15c60fe01e77c,direct,octree_leafcount,flyby,6,546,546,0.4258239865,0.1719039977,0.5986559987,0.606124,1,0,-1,40969,35848,17,17,9519,26.55378264,14.28258201,512002,0,512002,40969
v2,ea89b79a9dfd35df20fed759e6d15c60fe01e77c,direct,octree_leafcount,flyby,6,547,547,0.4223360121,0.1701440066,0.5934079885,0.600899,1,0,-1,40977,35855,17,17,9556,26.65179194,14.27979361,512002,0,512002,40977
v2,ea89b79a9dfd35df20fed759e6d15c60fe01e77c,direct,octree_leafcount,flyby,6,548,548,0.4518400133,0.1712960005,0.6240959764,0.629707,1,0,-1,40657,35575,17,17,9572,26.90653549,14.39218552,512002,0,512002,40657
v2,ea89b79a9dfd35df20fed759e6d15c60fe01e77c,direct,octree_leafcount,flyby,6,549,549,0.4258559942,0.1729280055,0.5997120142,0.606899,1,0,-1,40585,35512,17,17,9497,26.74307276,14.41771795,512002,0,512002,40585
v2,ea89b79a9dfd35df20fed759e6d15c60fe01e77c,direct,octree_leafcount,flyby,6,550,550,0.4234560132,0.1760639995,0.6004480124,0.607485,1,0,-1,40633,35554,17,17,9618,27.05180852,14.40068628,512002,0,512002,40633
v2,ea89b79a9dfd35df20fed759e6d15c60fe01e77c,direct,octree_leafcount,flyby,6,551,551,0.4653120041,0.1719679981,0.6382399797,0.644892,1,0,-1,40833,35729,17,17,9534,26.68420611,14.33015198,512002,0,512002,40833
v2,ea89b79a9dfd35df20fed759e6d15c60fe01e77c,direct,octree_leafcount,flyby,6,552,552,0.3902719915,0.1709440053,0.5621439815,0.5691,1,0,-1,40777,35680,17,17,9467,26.53307175,14.34983184,512002,0,512002,40777
v2,ea89b79a9dfd35df20fed759e6d15c60fe01e77c,direct,octree_leafcount,flyby,6,553,553,0.4228479862,0.1720000058,0.5958399773,0.603038,1,0,-1,40657,35575,17,17,9520,26.76036543,14.39218552,512002,0,512002,40657
v2,ea89b79a9dfd35df20fed759e6d15c60fe01e77c,direct,octree_leafcount,flyby,6,554,554,0.4577600062,0.1730560064,0.6317759752,0.639487,1,0,-1,40593,35519,17,17,9403,26.47315521,14.41487654,512002,0,512002,40593
v2,ea89b79a9dfd35df20fed759e6d15c60fe01e77c,direct,octree_leafcount,flyby,6,555,555,0.4258239865,0.1749120057,0.6016960144,0.609169,1,0,-1,40833,35729,17,17,9634,26.96409079,14.33015198,512002,0,512002,40833
v2,ea89b79a9dfd35df20fed759e6d15c60fe01e77c,direct,octree_leafcount,flyby,6,556,556,0.3938879967,0.1709440053,0.5657600164,0.57303,1,0,-1,40657,35575,17,17,9472,26.62543921,14.39218552,512002,0,512002,40657
v2,ea89b79a9dfd35df20fed759e6d15c60fe01e77c,direct,octree_leafcount,flyby,6,557,557,0.4577920139,0.1689279974,0.6276800036,0.634825,1,0,-1,40929,35813,17,17,9474,26.45408092,14.29654036,512002,0,512002,40929
v2,ea89b79a9dfd35df20fed759e6d15c60fe01e77c,direct,octree_leafcount,flyby,6,558,558,0.4259200096,0.1709119976,0.5977920294,0.605374,1,0,-1,41041,35911,17,17,9614,26.77174125,14.25752555,512002,0,512002,41041
v2,ea89b79a9dfd35df20fed759e6d15c60fe01e77c,direct,octree_leafcount,flyby,6,559,559,0.3946239948,0.1700479984,0.5656319857,0.573003,1,0,-1,40689,35603,17,17,9516,26.72808471,14.38086678,512002,0,512002,40689
v2,ea89b79a9dfd35df20fed759e6d15c60fe01e77c,direct,octree_leafcount,flyby,6,560,560,0.4550400078,0.1717440039,0.627744019,0.6355,1,0,-1,40961,35841,17,17,9704,27.07513741,14.2853715,512002,0,512002,40961
v2,ea89b79a9dfd35df20fed759e6d15c60fe01e77c,direct,octree_leafcount,flyby,6,561,561,0.4241920114,0.1690240055,0.594111979,0.601662,1,0,-1,40833,35729,17,17,9591,26.84374038,14.33015198,512002,0,512002,40833
v2,ea89b79a9dfd35df20fed759e6d15c60fe01e77c,direct,octree_leafcount,flyby,6,562,562,0.4612160027,0.1716800034,0.6338559985,0.641768,1,0,-1,41313,36149,17,17,9680,26.77805748,14.16365598,512002,0,512002,41313
v2,ea89b79a9dfd35df20fed759e6d15c60fe01e77c,direct,octree_leafcount,flyby,6,563,563,0.421600014,0.1710080057,0.5935360193,0.600746,1,0,-1,40993,35869,17,17,9637,26.86721124,14.27422008,512002,0,512002,40993
v2,ea89b79a9dfd35df20fed759e6d15c60fe01e77c,direct,octree_leafcount,flyby,6,564,564,0.4260160029,0.1749439985,0.6019520164,0.609415,1,0,-1,40793,35694,17,17,9556,26.7720065,14.34420351,512002,0,512002,40793
v2,ea89b79a9dfd35df20fed759e6d15c60fe01e77c,direct,octree_leafcount,flyby,6,565,565,0.4543359876,0.1739519984,0.6292160153,0.636483,1,0,-1,41049,35918,17,17,9594,26.71084136,14.25474692,512002,0,512002,41049
v2,ea89b79a9dfd35df20fed759e6d15c60fe01e77c,direct,octree_leafcount,flyby,6,566,566,0.423871994,0.1722559929,0.5970879793,0.604067,1,0,-1,40593,35519,17,17,9421,26.52383232,14.41487654,512002,0,512002,40593
v2,ea89b79a9dfd35df20fed759e6d15c60fe01e77c,direct,octree_leafcount,flyby,6,567,567,0.4228160083,0.1711360067,0.5949440002,0.601804,1,0,-1,40889,35778,17,17,9515,26.59455531,14.31052602,512002,0,512002,40889
v2,ea89b79a9dfd35df20fed759e6d15c60fe01e77c,direct,octree_leafcount,flyby,6,568,568,0.4612799883,0.1752000004,0.6374719739,0.644055,1,0,-1,40825,35722,17,17,9539,26.70343206,14.33296008,512002,0,512002,40825
v2,ea89b79a9dfd35df20fed759e6d15c60fe01e77c,direct,octree_leafcount,flyby,6,569,569,0.39270401,0.1750400066,0.5686720014,0.575944,1,0,-1,40633,35554,17,17,9401,26.44146931,14.40068628,512002,0,512002,40633
v2,ea89b79a9dfd35df20fed759e6d15c60fe01e77c,direct,octree_leafcount,flyby,6,570,570,0.4233599901,0.1730560064,0.5974079967,0.604396,1,0,-1,40889,35778,17,17,9612,26.86567164,14.31052602,512002,0,512002,40889
v2,ea89b79a9dfd35df20fed759e6d15c60fe01e77c,direct,octree_leafcount,flyby,6,571,571,0.462816,0.1710399985,0.6348159909,0.641565,1,0,-1,41105,35967,17,17,9613,26.72727778,14.23532683,512002,0,512002,41105
v2,ea89b79a9dfd35df20fed759e6d15c60fe01e77c,direct,octree_leafcount,flyby,6,572,572,0.4269120097,0.1679680049,0.595871985,0.60265,1,0,-1,41121,35981,17,17,9502,26.4083822,14.22978794,512002,0,512002,41121
v2,ea89b79a9dfd35df20fed759e6d15c60fe01e77c,direct,octree_leafcount,flyby,6,573,573,0.3896000087,0.1700479984,0.5606080294,0.56683,1,0,-1,41025,35897,17,17,9455,26.33924841,14.26308605,512002,0,512002,41025
v2,ea89b79a9dfd35df20fed759e6d15c60fe01e77c,direct,octree_leafcount,flyby,6,574,574,0.4601919949,0.1741759926,0.6353279948,0.642985,1,0,-1,41041,35911,17,17,9391,26.15076161,14.25752555,512002,0,512002,41041
v2,ea89b79a9dfd35df20fed759e6d15c60fe01e77c,direct,octree_leafcount,flyby,6,575,575,0.4284479916,0.1722559929,0.6016960144,0.608526,1,0,-1,41257,36100,17,17,9682,26.8199446,14.18288089,512002,0,512002,41257
v2,ea89b79a9dfd35df20fed759e6d15c60fe01e77c,direct,octree_leafcount,flyby,6,576,576,0.3947519958,0.1723839939,0.5680959821,0.574793,1,0,-1,41025,35897,17,17,9494,26.44789258,14.26308605,512002,0,512002,41025
v2,ea89b79a9dfd35df20fed759e6d15c60fe01e77c,direct,octree_leafcount,flyby,6,577,577,0.4546239972,0.1801600009,0.6356800199,0.642867,1,0,-1,41233,36079,17,17,9500,26.33110674,14.19113612,512002,0,512002,41233
v2,ea89b79a9dfd35df20fed759e6d15c60fe01e77c,direct,octree_leafcount,flyby,6,578,578,0.4233919978,0.1762239933,0.6005439758,0.60788,1,0,-1,41129,35988,17,17,9552,26.54218073,14.22702012,512002,0,512002,41129
v2,ea89b79a9dfd35df20fed759e6d15c60fe01e77c,direct,octree_leafcount,flyby,6,579,579,0.3889279962,0.1737599969,0.5636799932,0.571005,1,0,-1,40617,35540,17,17,9393,26.42937535,14.40635903,512002,0,512002,40617
v2,ea89b79a9dfd35df20fed759e6d15c60fe01e77c,direct,octree_leafcount,flyby,6,580,580,0.4609279931,0.1709119976,0.6327679753,0.639597,1,0,-1,40777,35680,17,17,9573,26.83015695,14.34983184,512002,0,512002,40777
v2,ea89b79a9dfd35df20fed759e6d15c60fe01e77c,direct,octree_leafcount,flyby,6,581,581,0.4267199934,0.1741439998,0.6018239856,0.60933,1,0,-1,40761,35666,17,17,9524,26.70330287,14.35546459,512002,0,512002,40761
v2,ea89b79a9dfd35df20fed759e6d15c60fe01e77c,direct,octree_leafcount,flyby,6,582,582,0.4273279905,0.1718720049,0.6001600027,0.60752,1,0,-1,41153,36009,17,17,9563,26.55724958,14.2187231,512002,0,512002,41153
v2,ea89b79a9dfd35df20fed759e6d15c60fe01e77c,direct,octree_leafcount,flyby,6,583,583,0.4181759953,0.1740799993,0.593216002,0.599681,1,0,-1,40905,35792,17,17,9553,26.69032186,14.30492848,512002,0,512002,40905
v2,ea89b79a9dfd35df20fed759e6d15c60fe01e77c,direct,octree_leafcount,flyby,6,584,584,0.4200640023,0.1721920073,0.5931839943,0.598714,1,0,-1,40825,35722,17,17,9545,26.72022843,14.33296008,512002,0,512002,40825
v2,ea89b79a9dfd35df20fed759e6d15c60fe01e77c,direct,octree_leafcount,flyby,6,585,585,0.4560639858,0.1691839993,0.6261759996,0.632404,1,0,-1,41001,35876,17,17,9672,26.95952726,14.27143494,512002,0,512002,41001
v2,ea89b79a9dfd35df20fed759e6d15c60fe01e77c,direct,octree_leafcount,flyby,6,586,586,0.3952960074,0.1721280068,0.5683199763,0.575561,1,0,-1,40745,35652,17,17,9518,26.6969595,14.36110176,512002,0,512002,40745
v2,ea89b79a9dfd35df20fed759e6d15c60fe01e77c,direct,octree_leafcount,flyby,6,587,587,0.430144012,0.1721280068,0.6032000184,0.610401,1,0,-1,41073,35939,17,17,9620,26.7675784,14.24641754,512002,0,512002,41073
v2,ea89b79a9dfd35df20fed759e6d15c60fe01e77c,direct,octree_leafcount,flyby,6,588,588,0.459679991,0.1703680009,0.6309760213,0.637778,1,0,-1,41201,36051,17,17,9633,26.72047932,14.20215805,512002,0,512002,41201
v2,ea89b79a9dfd35df20fed759e6d15c60fe01e77c,direct,octree_leafcount,flyby,6,589,589,0.3855359852,0.1720000058,0.558431983,0.564228,1,0,-1,41105,35967,17,17,9521,26.47148775,14.23532683,512002,0,512002,41105
v2,ea89b79a9dfd35df20fed759e6d15c60fe01e77c,direct,octree_leafcount,flyby,6,590,590,0.4296959937,0.1740799993,0.6047679782,0.612101,1,0,-1,40809,35708,17,17,9648,27.01915537,14.33857959,512002,0,512002,40809
v2,ea89b79a9dfd35df20fed759e6d15c60fe01e77c,direct,octree_leafcount,flyby,6,591,591,0.4613760114,0.1679999977,0.6302719712,0.637418,1,0,-1,41001,35876,17,17,9552,26.62504181,14.27143494,512002,0,512002,41001
v2,ea89b79a9dfd35df20fed759e6d15c60fe01e77c,direct,octree_leafcount,flyby,6,592,592,0.4288960099,0.1721599996,0.6020159721,0.608735,1,0,-1,41145,36002,17,17,9666,26.84850842,14.2214877,512002,0,512002,41145
v2,ea89b79a9dfd35df20fed759e6d15c60fe01e77c,direct,octree_leafcount,flyby,6,593,593,0.3903680146,0.1729280055,0.5642240047,0.571492,1,0,-1,41041,35911,17,17,9634,26.82743449,14.25752555,512002,0,512002,41041
v2,ea89b79a9dfd35df20fed759e6d15c60fe01e77c,direct,octree_leafcount,flyby,6,594,594,0.458431989,0.1727679968,0.6321280003,0.638599,1,0,-1,40953,35834,17,17,9575,26.72043311,14.28816208,512002,0,512002,40953
v2,ea89b79a9dfd35df20fed759e6d15c60fe01e77c,direct,octree_leafcount,flyby,6,595,595,0.4225920141,0.1682240069,0.5917760134,0.598292,1,0,-1,40857,35750,17,17,9619,26.90629371,14.32173427,512002,0,512002,40857
v2,ea89b79a9dfd35df20fed759e6d15c60fe01e77c,direct,octree_leafcount,flyby,6,596,596,0.3882879913,0.1700160056,0.5592640042,0.566272,1,0,-1,40913,35799,17,17,9438,26.36386491,14.30213134,512002,0,512002,40913
v2,ea89b79a9dfd35df20fed759e6d15c60fe01e77c,direct,octree_leafcount,flyby,6,597,597,0.4562880099,0.1700800061,0.6272959709,0.634034,1,0,-1,41137,35995,17,17,9608,26.69259619,14.22425337,512002,0,512002,41137
v2,ea89b79a9dfd35df20fed759e6d15c60fe01e77c,direct,octree_leafcount,flyby,6,598,598,0.422239989,0.174879998,0.5980799794,0.604969,1,0,-1,40817,35715,17,17,9495,26.58546829,14.33576928,512002,0,512002,40817
v2,ea89b79a9dfd35df20fed759e6d15c60fe01e77c,direct,octree_leafcount,flyby,6,599,599,0.4303680062,0.1688320041,0.6001600027,0.607074,1,0,-1,40753,35659,17,17,9323,26.14487226,14.35828262,512002,0,512002,40753
v2,ea89b79a9dfd35df20fed759e6d15c60fe01e77c,direct,octree_leafcount,flyby,6,600,600,0.455648005,0.1737599969,0.6303359866,0.637599,1,0,-1,40713,35624,17,17,9488,26.63373007,14.3723894,512002,0,512002,40713
v2,ea89b79a9dfd35df20fed759e6d15c60fe01e77c,direct,octree_leafcount,flyby,6,601,601,0.4263679981,0.1708800048,0.5982400179,0.604902,1,0,-1,40697,35610,17,17,9398,26.39146307,14.37803988,512002,0,512002,40697
v2,ea89b79a9dfd35df20fed759e6d15c60fe01e77c,direct,octree_leafcount,flyby,6,602,602,0.4646399915,0.1708479971,0.6363840103,0.643095,1,0,-1,40849,35743,17,17,9420,26.35481073,14.32453907,512002,0,512002,40849
v2,ea89b79a9dfd35df20fed759e6d15c60fe01e77c,direct,octree_leafcount,flyby,6,603,603,0.4235199988,0.1708800048,0.5953599811,0.602274,1,0,-1,41089,35953,17,17,9619,26.75437377,14.24087002,512002,0,512002,41089
v2,ea89b79a9dfd35df20fed759e6d15c60fe01e77c,direct,octree_leafcount,flyby,6,604,604,0.4292159975,0.171103999,0.6013119817,0.608725,1,0,-1,41057,35925,17,17,9518,26.4940849,14.25196938,512002,0,512002,41057
v2,ea89b79a9dfd35df20fed759e6d15c60fe01e77c,direct,octree_leafcount,flyby,6,605,605,0.4633600116,0.176128,0.6404160261,0.647498,1,0,-1,41257,36100,17,17,9680,26.81440443,14.18288089,512002,0,512002,41257
v2,ea89b79a9dfd35df20fed759e6d15c60fe01e77c,direct,octree_leafcount,flyby,6,606,606,0.420991987,0.1710080057,0.5929279923,0.600041,1,0,-1,41337,36170,17,17,9558,26.42521427,14.15543268,512002,0,512002,41337
v2,ea89b79a9dfd35df20fed759e6d15c60fe01e77c,direct,octree_leafcount,flyby,6,607,607,0.4326399863,0.1700160056,0.6036159992,0.61096,1,0,-1,41393,36219,17,17,9578,26.44468373,14.13628206,512002,0,512002,41393
v2,ea89b79a9dfd35df20fed759e6d15c60fe01e77c,direct,octree_leafcount,flyby,6,608,608,0.4564799964,0.1701440066,0.6275839806,0.633461,1,0,-1,41329,36163,17,17,9629,26.62666261,14.15817272,512002,0,512002,41329
v2,ea89b79a9dfd35df20fed759e6d15c60fe01e77c,direct,octree_leafcount,flyby,6,609,609,0.3907200098,0.1690240055,0.5607039928,0.567645,1,0,-1,40921,35806,17,17,9388,26.21906943,14.29933531,512002,0,512002,40921
v2,ea89b79a9dfd35df20fed759e6d15c60fe01e77c,direct,octree_leafcount,flyby,6,610,610,0.427008003,0.1706880033,0.5986559987,0.605919,1,0,-1,41201,36051,17,17,9672,26.8286594,14.20215805,512002,0,512002,41201
v2,ea89b79a9dfd35df20fed759e6d15c60fe01e77c,direct,octree_leafcount,flyby,6,611,611,0.4593600035,0.1686400026,0.6289280057,0.63593,1,0,-1,41265,36107,17,17,9636,26.68734594,14.18013128,512002,0,512002,41265
v2,ea89b79a9dfd35df20fed759e6d15c60fe01e77c,direct,octree_leafcount,flyby,6,612,612,0.3920319974,0.1705600023,0.5635840297,0.570928,1,0,-1,41225,36072,17,17,9476,26.26968286,14.19389,512002,0,512002,41225
v2,ea89b79a9dfd35df20fed759e6d15c60fe01e77c,direct,octree_leafcount,flyby,6,613,613,0.4295360148,0.1719679981,0.6024320126,0.609383,1,0,-1,41169,36023,17,17,9616,26.69405657,14.21319712,512002,0,512002,41169
v2,ea89b79a9dfd35df20fed759e6d15c60fe01e77c,direct,octree_leafcount,flyby,6,614,614,0.4601599872,0.1723839939,0.6334720254,0.640551,1,0,-1,40985,35862,17,17,9534,26.58524343,14.2770063,512002,0,512002,40985
v2,ea89b79a9dfd35df20fed759e6d15c60fe01e77c,direct,octree_leafcount,flyby,6,615,615,0.4144960046,0.1723199934,0.5877760053,0.593237,1,0,-1,41137,35995,17,17,9672,26.87039867,14.22425337,512002,0,512002,41137
v2,ea89b79a9dfd35df20fed759e6d15c60fe01e77c,direct,octree_leafcount,flyby,6,616,616,0.3974080086,0.1699520051,0.5682880282,0.575107,1,0,-1,41249,36093,17,17,9633,26.68938575,14.18563156,512002,0,512002,41249
v2,ea89b79a9dfd35df20fed759e6d15c60fe01e77c,direct,octree_leafcount,flyby,6,617,617,0.4632959962,0.1740159988,0.6382719874,0.645043,1,0,-1,41361,36191,17,17,9604,26.53698433,14.14721892,512002,0,512002,41361
v2,ea89b79a9dfd35df20fed759e6d15c60fe01e77c,direct,octree_leafcount,flyby,6,618,618,0.425247997,0.1720000058,0.5982080102,0.605584,1,0,-1,41225,36072,17,17,9642,26.72987359,14.19389,512002,0,512002,41225
v2,ea89b79a9dfd35df20fed759e6d15c60fe01e77c,direct,octree_leafcount,flyby,6,619,619,0.4244480133,0.1701440066,0.5955520272,0.602514,1,0,-1,40969,35848,17,17,9566,26.68489177,14.28258201,512002,0,512002,40969
v2,ea89b79a9dfd35df20fed759e6d15c60fe01e77c,direct,octree_leafcount,flyby,6,620,620,0.4601599872,0.1730239987,0.6341440082,0.641204,1,0,-1,41001,35876,17,17,9591,26.73374958,14.27143494,512002,0,512002,41001
v2,ea89b79a9dfd35df20fed759e6d15c60fe01e77c,direct,octree_leafcount,flyby,6,621,621,0.4213759899,0.1721920073,0.5945280194,0.60122,1,0,-1,41137,35995,17,17,9556,26.54813168,14.22425337,512002,0,512002,41137
v2,ea89b79a9dfd35df20fed759e6d15c60fe01e77c,direct,octree_leafcount,flyby,6,622,622,0.3966720104,0.1720959991,0.5697280169,0.576777,1,0,-1,40985,35862,17,17,9458,26.37331995,14.2770063,512002,0,512002,40985
v2,ea89b79a9dfd35df20fed759e6d15c60fe01e77c,direct,octree_leafcount,flyby,6,623,623,0.4623999894,0.1720000058,0.6353600025,0.642024,1,0,-1,41153,36009,17,17,9636,26.75997667,14.2187231,512002,0,512002,41153
v2,ea89b79a9dfd35df20fed759e6d15c60fe01e77c,direct,octree_leafcount,flyby,6,624,624,0.4268479943,0.1698880047,0.5976960063,0.604386,1,0,-1,40689,35603,17,17,9403,26.41069573,14.38086678,512002,0,512002,40689
v2,ea89b79a9dfd35df20fed759e6d15c60fe01e77c,direct,octree_leafcount,flyby,6,625,625,0.454144001,0.1731519997,0.6282560229,0.63531,1,0,-1,41009,35883,17,17,9428,26.2742803,14.26865089,512002,0,512002,41009
v2,ea89b79a9dfd35df20fed759e6d15c60fe01e77c,direct,octree_leafcount,flyby,6,626,626,0.4264639914,0.1720640063,0.5994880199,0.606115,1,0,-1,41057,35925,17,17,9476,26.37717467,14.25196938,512002,0,512002,41057
v2,ea89b79a9dfd35df20fed759e6d15c60fe01e77c,direct,octree_leafcount,flyby,6,627,627,0.42009601,0.171103999,0.5920959711,0.598122,1,0,-1,40737,35645,17,17,9331,26.17758451,14.36392201,512002,0,512002,40737
v2,ea89b79a9dfd35df20fed759e6d15c60fe01e77c,direct,octree_leafcount,flyby,6,628,628,0.4582079947,0.168960005,0.6280959845,0.634676,1,0,-1,40873,35764,17,17,9514,26.60216978,14.31612795,512002,0,512002,40873
v2,ea89b79a9dfd35df20fed759e6d15c60fe01e77c,direct,octree_leafcount,flyby,6,629,629,0.3971520066,0.1711360067,0.569216013,0.575859,1,0,-1,40841,35736,17,17,9394,26.28721737,14.32734497,512002,0,512002,40841
v2,ea89b79a9dfd35df20fed759e6d15c60fe01e77c,direct,octree_leafcount,flyby,6,630,630,0.4231039882,0.1760639995,0.6000959873,0.607534,1,0,-1,41129,35988,17,17,9482,26.34767145,14.22702012,512002,0,512002,41129
v2,ea89b79a9dfd35df20fed759e6d15c60fe01e77c,direct,octree_leafcount,flyby,6,631,631,0.458047986,0.172736004,0.6317120194,0.63915,1,0,-1,41177,36030,17,17,9589,26.61393283,14.21043575,512002,0,512002,41177
v2,ea89b79a9dfd35df20fed759e6d15c60fe01e77c,direct,octree_leafcount,flyby,6,632,632,0.3971840143,0.1732160002,0.571359992,0.57825,1,0,-1,41001,35876,17,17,9297,25.91426023,14.27143494,512002,0,512002,41001
v2,ea89b79a9dfd35df20fed759e6d15c60fe01e77c,direct,octree_leafcount,flyby,6,633,633,0.4243839979,0.1710720062,0.5964159966,0.603757,1,0,-1,40897,35785,17,17,9576,26.75981557,14.3077267,512002,0,512002,40897
v2,ea89b79a9dfd35df20fed759e6d15c60fe01e77c,direct,octree_leafcount,flyby,6,634,634,0.4533759952,0.1678719968,0.6222079992,0.630007,1,0,-1,41009,35883,17,17,9404,26.20739626,14.26865089,512002,0,512002,41009
v2,ea89b79a9dfd35df20fed759e6d15c60fe01e77c,direct,octree_leafcount,flyby,6,635,635,0.3900800049,0.1711679995,0.5621759892,0.569368,1,0,-1,41345,36177,17,17,9480,26.20449457,14.1526937,512002,0,512002,41345
v2,ea89b79a9dfd35df20fed759e6d15c60fe01e77c,direct,octree_leafcount,flyby,6,636,636,0.4323840141,0.1731840074,0.6064959764,0.613669,1,0,-1,40721,35631,17,17,9437,26.48536387,14.36956583,512002,0,512002,40721
v2,ea89b79a9dfd35df20fed759e6d15c60fe01e77c,direct,octree_leafcount,flyby,6,637,637,0.4632000029,0.1790719926,0.6431999803,0.650239,1,0,-1,40801,35701,17,17,9367,26.2373603,14.341391,512002,0,512002,40801
v2,ea89b79a9dfd35df20fed759e6d15c60fe01e77c,direct,octree_leafcount,flyby,6,638,638,0.4247039855,0.1731200069,0.5987520218,0.606058,1,0,-1,40913,35799,17,17,9439,26.36665829,14.30213134,512002,0,512002,40913
v2,ea89b79a9dfd35df20fed759e6d15c60fe01e77c,direct,octree_leafcount,flyby,6,639,639,0.3896000087,0.1733119935,0.563839972,0.570751,1,0,-1,40721,35631,17,17,9299,26.09806068,14.36956583,512002,0,512002,40721
v2,ea89b79a9dfd35df20fed759e6d15c60fe01e77c,direct,octree_leafcount,flyby,6,640,640,0.4522559941,0.1700160056,0.623232007,0.628826,1,0,-1,40633,35554,17,17,9255,26.03082635,14.40068628,512002,0,512002,40633
v2,ea89b79a9dfd35df20fed759e6d15c60fe01e77c,direct,octree_leafcount,flyby,6,641,641,0.4255360067,0.1721280068,0.5985919833,0.614535,1,0,-1,40801,35701,17,17,9485,26.56788325,14.341391,512002,0,512002,40801
v2,ea89b79a9dfd35df20fed759e6d15c60fe01e77c,direct,octree_leafcount,flyby,6,642,642,0.3985599875,0.1721920073,0.5716800094,0.578809,1,0,-1,40617,35540,17,17,9277,26.10298255,14.40635903,512002,0,512002,40617
v2,ea89b79a9dfd35df20fed759e6d15c60fe01e77c,direct,octree_leafcount,flyby,6,643,643,0.4624319971,0.1728959978,0.6362559795,0.643001,1,0,-1,40993,35869,17,17,9490,26.4573866,14.27422008,512002,0,512002,40993
v2,ea89b79a9dfd35df20fed759e6d15c60fe01e77c,direct,octree_leafcount,flyby,6,644,644,0.4284799993,0.1710720062,0.6005120277,0.607085,1,0,-1,40897,35785,17,17,9546,26.67598156,14.3077267,512002,0,512002,40897
v2,ea89b79a9dfd35df20fed759e6d15c60fe01e77c,direct,octree_leafcount,flyby,6,645,645,0.427008003,0.174112007,0.6020479798,0.608564,1,0,-1,40729,35638,17,17,9337,26.19956226,14.36674336,512002,0,512002,40729
v2,ea89b79a9dfd35df20fed759e6d15c60fe01e77c,direct,octree_leafcount,flyby,6,646,646,0.4629760087,0.1752959937,0.6392319798,0.646196,1,0,-1,41105,35967,17,17,9661,26.86073345,14.23532683,512002,0,512002,41105
v2,ea89b79a9dfd35df20fed759e6d15c60fe01e77c,direct,octree_leafcount,flyby,6,647,647,0.4299519956,0.1710080057,0.6019200087,0.608912,1,0,-1,40881,35771,17,17,9458,26.44041262,14.31332644,512002,0,512002,40881
v2,ea89b79a9dfd35df20fed759e6d15c60fe01e77c,direct,octree_leafcount,flyby,6,648,648,0.4167999923,0.1711679995,0.5888959765,0.594508,1,0,-1,41129,35988,17,17,9460,26.28653996,14.22702012,512002,0,512002,41129
v2,ea89b79a9dfd35df20fed759e6d15c60fe01e77c,direct,octree_leafcount,flyby,6,649,649,0.4242880046,0.1741439998,0.5993919969,0.606481,1,0,-1,41217,36065,17,17,9535,26.43837516,14.19664495,512002,0,512002,41217
v2,ea89b79a9dfd35df20fed759e6d15c60fe01e77c,direct,octree_leafcount,flyby,6,650,650,0.4219839871,0.1721920073,0.5951039791,0.602328,1,0,-1,40913,35799,17,17,9562,26.7102433,14.30213134,512002,0,512002,40913
v2,ea89b79a9dfd35df20fed759e6d15c60fe01e77c,direct,octree_leafcount,flyby,6,651,651,0.458784014,0.1729920059,0.6327040195,0.640854,1,0,-1,41145,36002,17,17,9595,26.65129715,14.2214877,512002,0,512002,41145
v2,ea89b79a9dfd35df20fed759e6d15c60fe01e77c,direct,octree_leafcount,flyby,6,652,652,0.4275200069,0.1759680063,0.6043840051,0.612092,1,0,-1,41233,36079,17,17,9525,26.40039912,14.19113612,512002,0,512002,41233
v2,ea89b79a9dfd35df20fed759e6d15c60fe01e77c,direct,octree_leafcount,flyby,6,653,653,0.4220159948,0.1728319973,0.5957760215,0.602649,1,0,-1,41361,36191,17,17,9539,26.35738167,14.14721892,512002,0,512002,41361
v2,ea89b79a9dfd35df20fed759e6d15c60fe01e77c,direct,octree_leafcount,flyby,6,654,654,0.459935993,0.1732800007,0.6341440082,0.641392,1,0,-1,41033,35904,17,17,9560,26.62655971,14.26030526,512002,0,512002,41033
v2,ea89b79a9dfd35df20fed759e6d15c60fe01e77c,direct,octree_leafcount,flyby,6,655,655,0.394208014,0.1739200056,0.5690559745,0.57629,1,0,-1,40849,35743,17,17,9439,26.40796799,14.32453907,512002,0,512002,40849
v2,ea89b79a9dfd35df20fed759e6d15c60fe01e77c,direct,octree_leafcount,flyby,6,656,656,0.4365760088,0.1706559956,0.6081280112,0.61553,1,0,-1,41153,36009,17,17,9579,26.60168291,14.2187231,512002,0,512002,41153
v2,ea89b79a9dfd35df20fed759e6d15c60fe01e77c,direct,octree_leafcount,flyby,6,657,657,0.4545280039,0.1681600064,0.6235839725,0.630583,1,0,-1,41353,36184,17,17,9429,26.05847889,14.14995578,512002,0,512002,41353
v2,ea89b79a9dfd35df20fed759e6d15c60fe01e77c,direct,octree_leafcount,flyby,6,658,658,0.3882560134,0.1701119989,0.5593600273,0.566099,1,0,-1,40937,35820,17,17,9251,25.82635399,14.29374651,512002,0,512002,40937
v2,ea89b79a9dfd35df20fed759e6d15c60fe01e77c,direct,octree_leafcount,flyby,6,659,659,0.4264320135,0.1699199975,0.5972800255,0.604014,1,0,-1,40953,35834,17,17,9435,26.3297427,14.28816208,512002,0,512002,40953
v2,ea89b79a9dfd35df20fed759e6d15c60fe01e77c,direct,octree_leafcount,flyby,6,660,660,0.4628799856,0.1710080057,0.6348800063,0.64199,1,0,-1,40825,35722,17,17,9344,26.15754997,14.33296008,512002,0,512002,40825
v2,ea89b79a9dfd35df20fed759e6d15c60fe01e77c,direct,octree_leafcount,flyby,6,661,661,0.4328640103,0.1751359999,0.6089599729,0.616518,1,0,-1,40977,35855,17,17,9401,26.21949519,14.27979361,512002,0,512002,40977
v2,ea89b79a9dfd35df20fed759e6d15c60fe01e77c,direct,octree_leafcount,flyby,6,662,662,0.3908480108,0.1729920059,0.5647360086,0.571811,1,0,-1,40609,35533,17,17,9406,26.47116765,14.40919708,512002,0,512002,40609
v2,ea89b79a9dfd35df20fed759e6d15c60fe01e77c,direct,octree_leafcount,flyby,6,663,663,0.4606400132,0.1681279987,0.6297280192,0.636835,1,0,-1,40921,35806,17,17,9316,26.01798581,14.29933531,512002,0,512002,40921
v2,ea89b79a9dfd35df20fed759e6d15c60fe01e77c,direct,octree_leafcount,flyby,6,664,664,0.4210560024,0.1720959991,0.594111979,0.600819,1,0,-1,40761,35666,17,17,9364,26.25469635,14.35546459,512002,0,512002,40761
v2,ea89b79a9dfd35df20fed759e6d15c60fe01e77c,direct,octree_leafcount,flyby,6,665,665,0.3920640051,0.1705279946,0.563552022,0.571104,1,0,-1,40777,35680,17,17,9240,25.89686099,14.34983184,512002,0,512002,40777
v2,ea89b79a9dfd35df20fed759e6d15c60fe01e77c,direct,octree_leafcount,flyby,6,666,666,0.4564479887,0.1772799939,0.6346880198,0.642199,1,0,-1,41033,35904,17,17,9258,25.78542781,14.26030526,512002,0,512002,41033
v2,ea89b79a9dfd35df20fed759e6d15c60fe01e77c,direct,octree_leafcount,flyby,6,667,667,0.422495991,0.1732800007,0.5967040062,0.604061,1,0,-1,40745,35652,17,17,9339,26.19488388,14.36110176,512002,0,512002,40745
v2,ea89b79a9dfd35df20fed759e6d15c60fe01e77c,direct,octree_leafcount,flyby,6,668,668,0.3879680037,0.1701119989,0.5590080023,0.56616,1,0,-1,40849,35743,17,17,9384,26.25409171,14.32453907,512002,0,512002,40849
v2,ea89b79a9dfd35df20fed759e6d15c60fe01e77c,direct,octree_leafcount,flyby,6,669,669,0.4624960124,0.1700479984,0.6335039735,0.640649,1,0,-1,41265,36107,17,17,9497,26.30237904,14.18013128,512002,0,512002,41265
v2,ea89b79a9dfd35df20fed759e6d15c60fe01e77c,direct,octree_leafcount,flyby,6,670,670,0.4226559997,0.172736004,0.5963519812,0.60409,1,0,-1,41281,36121,17,17,9483,26.25342598,14.17463525,512002,0,512002,41281
v2,ea89b79a9dfd35df20fed759e6d15c60fe01e77c,direct,octree_leafcount,flyby,6,671,671,0.4207360148,0.1719360054,0.5936319828,0.600627,1,0,-1,41033,35904,17,17,9335,25.99988859,14.26030526,512002,0,512002,41033
v2,ea89b79a9dfd35df20fed759e6d15c60fe01e77c,direct,octree_leafcount,flyby,6,672,672,0.4543679953,0.1690240055,0.6243199706,0.631863,1,0,-1,40929,35813,17,17,9384,26.20277553,14.29654036,512002,0,512002,40929
v2,ea89b79a9dfd35df20fed759e6d15c60fe01e77c,direct,octree_leafcount,flyby,6,673,673,0.4285759926,0.1722880006,0.6017919779,0.609056,1,0,-1,41009,35883,17,17,9442,26.31329599,14.26865089,512002,0,512002,41009
v2,ea89b79a9dfd35df20fed759e6d15c60fe01e77c,direct,octree_leafcount,flyby,6,674,674,0.4654079974,0.1741759926,0.6405119896,0.647269,1,0,-1,41201,36051,17,17,9452,26.2184128,14.20215805,512002,0,512002,41201
v2,ea89b79a9dfd35df20fed759e6d15c60fe01e77c,direct,octree_leafcount,flyby,6,675,675,0.4280320108,0.1752640009,0.6042559743,0.610938,1,0,-1,41097,35960,17,17,9424,26.20689655,14.23809789,512002,0,512002,41097
v2,ea89b79a9dfd35df20fed759e6d15c60fe01e77c,direct,octree_leafcount,flyby,6,676,676,0.4203200042,0.1722559929,0.5935360193,0.60006,1,0,-1,40761,35666,17,17,9345,26.20142433,14.35546459,512002,0,512002,40761
v2,ea89b79a9dfd35df20fed759e6d15c60fe01e77c,direct,octree_leafcount,flyby,6,677,677,0.4598399997,0.1722559929,0.6330239773,0.639278,1,0,-1,40873,35764,17,17,9493,26.54345152,14.31612795,512002,0,512002,40873
v2,ea89b79a9dfd35df20fed759e6d15c60fe01e77c,direct,octree_leafcount,flyby,6,678,678,0.4276480079,0.1751359999,0.6036800146,0.61076,1,0,-1,40793,35694,17,17,9334,26.15005323,14.34420351,512002,0,512002,40793
v2,ea89b79a9dfd35df20fed759e6d15c60fe01e77c,direct,octree_leafcount,flyby,6,679,679,0.4290240109,0.1729280055,0.6028800011,0.610169,1,0,-1,40841,35736,17,17,9404,26.31520036,14.32734497,512002,0,512002,40841
v2,ea89b79a9dfd35df20fed759e6d15c60fe01e77c,direct,octree_leafcount,flyby,6,680,680,0.4645760059,0.1749120057,0.6404479742,0.647644,1,0,-1,40833,35729,17,17,9543,26.70939573,14.33015198,512002,0,512002,40833
v2,ea89b79a9dfd35df20fed759e6d15c60fe01e77c,direct,octree_leafcount,flyby,6,681,681,0.3931519985,0.1710080057,0.5651199818,0.572584,1,0,-1,40953,35834,17,17,9381,26.17904783,14.28816208,512002,0,512002,40953
v2,ea89b79a9dfd35df20fed759e6d15c60fe01e77c,direct,octree_leafcount,flyby,6,682,682,0.4314239919,0.1689279974,0.6013119817,0.608487,1,0,-1,41065,35932,17,17,9569,26.63085829,14.24919292,512002,0,512002,41065
v2,ea89b79a9dfd35df20fed759e6d15c60fe01e77c,direct,octree_leafcount,flyby,6,683,683,0.4578239918,0.1751359999,0.6338880062,0.641435,1,0,-1,41289,36128,17,17,9507,26.31476971,14.17188884,512002,0,512002,41289
v2,ea89b79a9dfd35df20fed759e6d15c60fe01e77c,direct,octree_leafcount,flyby,6,684,684,0.3987199962,0.1690240055,0.5687040091,0.576409,1,0,-1,40793,35694,17,17,9322,26.11643413,14.34420351,512002,0,512002,40793
v2,ea89b79a9dfd35df20fed759e6d15c60fe01e77c,direct,octree_leafcount,flyby,6,685,685,0.4262399971,0.1750400066,0.6022080183,0.609706,1,0,-1,41033,35904,17,17,9503,26.46780303,14.26030526,512002,0,512002,41033
v2,ea89b79a9dfd35df20fed759e6d15c60fe01e77c,direct,octree_leafcount,flyby,6,686,686,0.4560320079,0.1710080057,0.6279680133,0.635404,1,0,-1,41265,36107,17,17,9403,26.04204171,14.18013128,512002,0,512002,41265
v2,ea89b79a9dfd35df20fed759e6d15c60fe01e77c,direct,octree_leafcount,flyby,6,687,687,0.388448,0.1721920073,0.5615680218,0.568608,1,0,-1,41313,36149,17,17,9361,25.89559877,14.16365598,512002,0,512002,41313
v2,ea89b79a9dfd35df20fed759e6d15c60fe01e77c,direct,octree_leafcount,flyby,6,688,688,0.4328959882,0.1747200042,0.6085759997,0.615643,1,0,-1,40921,35806,17,17,9375,26.18276267,14.29933531,512002,0,512002,40921
v2,ea89b79a9dfd35df20fed759e6d15c60fe01e77c,direct,octree_leafcount,flyby,6,689,689,0.4610880017,0.1720959991,0.6341440082,0.641211,1,0,-1,40761,35666,17,17,9326,26.1481523,14.35546459,512002,0,512002,40761
v2,ea89b79a9dfd35df20fed759e6d15c60fe01e77c,direct,octree_leafcount,flyby,6,690,690,0.430016011,0.1721280068,0.6031039953,0.610444,1,0,-1,41177,36030,17,17,9478,26.30585623,14.21043575,512002,0,512002,41177
v2,ea89b79a9dfd35df20fed759e6d15c60fe01e77c,direct,octree_leafcount,flyby,6,691,691,0.396991998,0.1730560064,0.5710080266,0.578007,1,0,-1,41081,35946,17,17,9394,26.13364491,14.24364324,512002,0,512002,41081
v2,ea89b79a9dfd35df20fed759e6d15c60fe01e77c,direct,octree_leafcount,flyby,6,692,692,0.4606400132,0.1744319946,0.636063993,0.643134,1,0,-1,41217,36065,17,17,9286,25.74795508,14.19664495,512002,0,512002,41217
v2,ea89b79a9dfd35df20fed759e6d15c60fe01e77c,direct,octree_leafcount,flyby,6,693,693,0.4293119907,0.1722880006,0.6025599837,0.60951,1,0,-1,41137,35995,17,17,9489,26.36199472,14.22425337,512002,0,512002,41137
v2,ea89b79a9dfd35df20fed759e6d15c60fe01e77c,direct,octree_leafcount,flyby,6,694,694,0.3967039883,0.1710080057,0.5686720014,0.576027,1,0,-1,41001,35876,17,17,9297,25.91426023,14.27143494,512002,0,512002,41001
v2,ea89b79a9dfd35df20fed759e6d15c60fe01e77c,direct,octree_leafcount,flyby,6,695,695,0.455776006,0.1712000072,0.6292160153,0.635228,1,0,-1,41281,36121,17,17,9410,26.05132748,14.17463525,512002,0,512002,41281
v2,ea89b79a9dfd35df20fed759e6d15c60fe01e77c,direct,octree_leafcount,flyby,6,696,696,0.4278079867,0.1741439998,0.6028479934,0.610309,1,0,-1,40897,35785,17,17,9299,25.98574822,14.3077267,512002,0,512002,40897
v2,ea89b79a9dfd35df20fed759e6d15c60fe01e77c,direct,octree_leafcount,flyby,6,697,697,0.4272960126,0.1708800048,0.5991039872,0.607192,1,0,-1,40745,35652,17,17,9109,25.54975878,14.36110176,512002,0,512002,40745
v2,ea89b79a9dfd35df20fed759e6d15c60fe01e77c,direct,octree_leafcount,flyby,6,698,698,0.458784014,0.1750079989,0.6347519755,0.642802,1,0,-1,41001,35876,17,17,9342,26.03969227,14.27143494,512002,0,512002,41001
v2,ea89b79a9dfd35df20fed759e6d15c60fe01e77c,direct,octree_leafcount,flyby,6,699,699,0.4232319891,0.1700160056,0.5942080021,0.600126,1,0,-1,41185,36037,17,17,9384,26.03990343,14.20767544,512002,0,512002,41185
v2,ea89b79a9dfd35df20fed759e6d15c60fe01e77c,direct,octree_leafcount,flyby,6,700,700,0.4233919978,0.1729599983,0.5973439813,0.605331,1,0,-1,40617,35540,17,17,9133,25.69780529,14.40635903,512002,0,512002,40617
v2,ea89b79a9dfd35df20fed759e6d15c60fe01e77c,direct,octree_leafcount,flyby,6,701,701,0.4577920139,0.1690240055,0.6277760267,0.635074,1,0,-1,40705,35617,17,17,9389,26.36100738,14.37521408,512002,0,512002,40705
v2,ea89b79a9dfd35df20fed759e6d15c60fe01e77c,direct,octree_leafcount,flyby,6,702,702,0.4297919869,0.1731519997,0.6039040089,0.611063,1,0,-1,41001,35876,17,17,9325,25.99230683,14.27143494,512002,0,512002,41001
v2,ea89b79a9dfd35df20fed759e6d15c60fe01e77c,direct,octree_leafcount,flyby,6,703,703,0.4584639966,0.1717119962,0.6311360002,0.638675,1,0,-1,41089,35953,17,17,9264,25.76697355,14.24087002,512002,0,512002,41089
v2,ea89b79a9dfd35df20fed759e6d15c60fe01e77c,direct,octree_leafcount,flyby,6,704,704,0.4311999977,0.1687040031,0.6008639932,0.60829,1,0,-1,41113,35974,17,17,9320,25.90759993,14.23255685,512002,0,512002,41113
v2,ea89b79a9dfd35df20fed759e6d15c60fe01e77c,direct,octree_leafcount,flyby,6,705,705,0.4288960099,0.1739200056,0.6037759781,0.611128,1,0,-1,40721,35631,17,17,9233,25.91282872,14.36956583,512002,0,512002,40721
v2,ea89b79a9dfd35df20fed759e6d15c60fe01e77c,direct,octree_leafcount,flyby,6,706,706,0.4617600143,0.1729599983,0.6357120275,0.643001,1,0,-1,40929,35813,17,17,9354,26.11900706,14.29654036,512002,0,512002,40929
v2,ea89b79a9dfd35df20fed759e6d15c60fe01e77c,direct,octree_leafcount,flyby,6,707,707,0.3947199881,0.175999999,0.5716480017,0.579176,1,0,-1,41089,35953,17,17,9209,25.61399605,14.24087002,512002,0,512002,41089
v2,ea89b79a9dfd35df20fed759e6d15c60fe01e77c,direct,octree_leafcount,flyby,6,708,708,0.4291200042,0.1759040058,0.6059520245,0.613921,1,0,-1,40593,35519,17,17,9088,25.58630592,14.41487654,512002,0,512002,40593
v2,ea89b79a9dfd35df20fed759e6d15c60fe01e77c,direct,octree_leafcount,flyby,6,709,709,0.4591360092,0.173247993,0.6333119869,0.640974,1,0,-1,40785,35687,17,17,9283,26.01227338,14.34701712,512002,0,512002,40785
v2,ea89b79a9dfd35df20fed759e6d15c60fe01e77c,direct,octree_leafcount,flyby,6,710,710,0.3903039992,0.172864005,0.5641599894,0.571625,1,0,-1,40609,35533,17,17,9149,25.74789632,14.40919708,512002,0,512002,40609
v2,ea89b79a9dfd35df20fed759e6d15c60fe01e77c,direct,octree_leafcount,flyby,6,711,711,0.4287680089,0.1731519997,0.6028800011,0.610329,1,0,-1,40769,35673,17,17,9254,25.94118801,14.35264766,512002,0,512002,40769
v2,ea89b79a9dfd35df20fed759e6d15c60fe01e77c,direct,octree_leafcount,flyby,6,712,712,0.4569599926,0.1752959937,0.6332160234,0.640561,1,0,-1,40881,35771,17,17,9183,25.67163345,14.31332644,512002,0,512002,40881
v2,ea89b79a9dfd35df20fed759e6d15c60fe01e77c,direct,octree_leafcount,flyby,6,713,713,0.4249599874,0.1752959937,0.6012480259,0.608266,1,0,-1,40345,35302,17,17,8955,25.36683474,14.50348422,512002,0,512002,40345
v2,ea89b79a9dfd35df20fed759e6d15c60fe01e77c,direct,octree_leafcount,flyby,6,714,714,0.4311360121,0.1731840074,0.6052479744,0.61229,1,0,-1,40393,35344,17,17,9154,25.89972838,14.48624943,512002,0,512002,40393
v2,ea89b79a9dfd35df20fed759e6d15c60fe01e77c,direct,octree_leafcount,flyby,6,715,715,0.4616320133,0.1700800061,0.6327040195,0.639637,1,0,-1,40513,35449,17,17,9070,25.5860532,14.44334114,512002,0,512002,40513
v2,ea89b79a9dfd35df20fed759e6d15c60fe01e77c,direct,octree_leafcount,flyby,6,716,716,0.3941760063,0.1701759994,0.5652800202,0.572183,1,0,-1,40857,35750,17,17,9057,25.33426573,14.32173427,512002,0,512002,40857
v2,ea89b79a9dfd35df20fed759e6d15c60fe01e77c,direct,octree_leafcount,flyby,6,717,717,0.4251520038,0.1762879938,0.6023679972,0.608979,1,0,-1,40665,35582,17,17,9210,25.88387387,14.38935417,512002,0,512002,40665
v2,ea89b79a9dfd35df20fed759e6d15c60fe01e77c,direct,octree_leafcount,flyby,6,718,718,0.4523519874,0.1679680049,0.6212800145,0.628388,1,0,-1,40841,35736,17,17,9168,25.65480188,14.32734497,512002,0,512002,40841
v2,ea89b79a9dfd35df20fed759e6d15c60fe01e77c,direct,octree_leafcount,flyby,6,719,719,0.4561280012,0.173984006,0.6310719848,0.638287,1,0,-1,40905,35792,17,17,9175,25.63421994,14.30492848,512002,0,512002,40905
v2,ea89b79a9dfd35df20fed759e6d15c60fe01e77c,direct,octree_leafcount,flyby,6,720,720,0.4293439984,0.1709440053,0.6012160182,0.608258,1,0,-1,40601,35526,17,17,9157,25.77548837,14.41203626,512002,0,512002,40601
v2,ea89b79a9dfd35df20fed759e6d15c60fe01e77c,direct,octree_leafcount,flyby,6,721,721,0.4591360092,0.1721280068,0.6359040141,0.643038,1,0,-1,40745,35652,17,17,9032,25.33378212,14.36110176,512002,0,512002,40745
v2,ea89b79a9dfd35df20fed759e6d15c60fe01e77c,direct,octree_leafcount,flyby,6,722,722,0.4298239946,0.1752000004,0.6059520245,0.61282,1,0,-1,40945,35827,17,17,9293,25.93853797,14.29095375,512002,0,512002,40945
v2,ea89b79a9dfd35df20fed759e6d15c60fe01e77c,direct,octree_leafcount,flyby,6,723,723,0.3806400001,0.1721920073,0.5537919998,0.559334,1,0,-1,40881,35771,17,17,9093,25.42003299,14.31332644,512002,0,512002,40881
v2,ea89b79a9dfd35df20fed759e6d15c60fe01e77c,direct,octree_leafcount,flyby,6,724,724,0.4601599872,0.1720319986,0.6331840158,0.640252,1,0,-1,40785,35687,17,17,9071,25.41821952,14.34701712,512002,0,512002,40785
v2,ea89b79a9dfd35df20fed759e6d15c60fe01e77c,direct,octree_leafcount,flyby,6,725,725,0.4336000085,0.1718080044,0.606400013,0.613679,1,0,-1,40873,35764,17,17,9196,25.71300749,14.31612795,512002,0,512002,40873
v2,ea89b79a9dfd35df20fed759e6d15c60fe01e77c,direct,octree_leafcount,flyby,6,726,726,0.3927359879,0.1744319946,0.5680959821,0.575283,1,0,-1,40625,35547,17,17,9063,25.49582243,14.4035221,512002,0,512002,40625
v2,ea89b79a9dfd35df20fed759e6d15c60fe01e77c,direct,octree_leafcount,flyby,6,727,727,0.4616000056,0.1720000058,0.6345279813,0.641516,1,0,-1,41017,35890,17,17,9206,25.65059905,14.26586793,512002,0,512002,41017
v2,ea89b79a9dfd35df20fed759e6d15c60fe01e77c,direct,octree_leafcount,flyby,6,728,728,0.4326399863,0.1725759953,0.6061760187,0.613602,1,0,-1,40961,35841,17,17,9235,25.76658017,14.2853715,512002,0,512002,40961
v2,ea89b79a9dfd35df20fed759e6d15c60fe01e77c,direct,octree_leafcount,flyby,6,729,729,0.3976640105,0.1744000018,0.5729600191,0.579873,1,0,-1,40601,35526,17,17,9057,25.49400439,14.41203626,512002,0,512002,40601
v2,ea89b79a9dfd35df20fed759e6d15c60fe01e77c,direct,octree_leafcount,flyby,6,730,730,0.466975987,0.1717440039,0.6396480203,0.646539,1,0,-1,40785,35687,17,17,9261,25.95062628,14.34701712,512002,0,512002,40785
v2,ea89b79a9dfd35df20fed759e6d15c60fe01e77c,direct,octree_leafcount,flyby,6,731,731,0.4249599874,0.1749439985,0.6008319855,0.608202,1,0,-1,40737,35645,17,17,9147,25.66138308,14.36392201,512002,0,512002,40737
v2,ea89b79a9dfd35df20fed759e6d15c60fe01e77c,direct,octree_leafcount,flyby,6,732,732,0.4315840006,0.1688639969,0.6014080048,0.60893,1,0,-1,40825,35722,17,17,9111,25.50529086,14.33296008,512002,0,512002,40825
v2,ea89b79a9dfd35df20fed759e6d15c60fe01e77c,direct,octree_leafcount,flyby,6,733,733,0.454016,0.1679999977,0.6229760051,0.629859,1,0,-1,40849,35743,17,17,9262,25.91276614,14.32453907,512002,0,512002,40849
v2,ea89b79a9dfd35df20fed759e6d15c60fe01e77c,direct,octree_leafcount,flyby,6,734,734,0.4231039882,0.1794240028,0.603488028,0.610691,1,0,-1,40809,35708,17,17,9248,25.89895822,14.33857959,512002,0,512002,40809
v2,ea89b79a9dfd35df20fed759e6d15c60fe01e77c,direct,octree_leafcount,flyby,6,735,735,0.4622719884,0.1720319986,0.6352639794,0.642754,1,0,-1,40993,35869,17,17,9271,25.84683153,14.27422008,512002,0,512002,40993
v2,ea89b79a9dfd35df20fed759e6d15c60fe01e77c,direct,octree_leafcount,flyby,6,736,736,0.4298560023,0.1750400066,0.6058239937,0.613243,1,0,-1,40665,35582,17,17,9155,25.72930133,14.38935417,512002,0,512002,40665
v2,ea89b79a9dfd35df20fed759e6d15c60fe01e77c,direct,octree_leafcount,flyby,6,737,737,0.4302720129,0.1700479984,0.601279974,0.608686,1,0,-1,40625,35547,17,17,9167,25.78839283,14.4035221,512002,0,512002,40625
v2,ea89b79a9dfd35df20fed759e6d15c60fe01e77c,direct,octree_leafcount,flyby,6,738,738,0.4615040123,0.1731519997,0.6356480122,0.642474,1,0,-1,41097,35960,17,17,9303,25.87041157,14.23809789,512002,0,512002,41097
v2,ea89b79a9dfd35df20fed759e6d15c60fe01e77c,direct,octree_leafcount,flyby,6,739,739,0.3970879912,0.1709440053,0.5689920187,0.575831,1,0,-1,40881,35771,17,17,9090,25.41164631,14.31332644,512002,0,512002,40881
v2,ea89b79a9dfd35df20fed759e6d15c60fe01e77c,direct,octree_leafcount,flyby,6,740,740,0.4253439903,0.1728959978,0.599232018,0.606608,1,0,-1,40857,35750,17,17,9140,25.56643357,14.32173427,512002,0,512002,40857
v2,ea89b79a9dfd35df20fed759e6d15c60fe01e77c,direct,octree_leafcount,flyby,6,741,741,0.465568006,0.1680960059,0.6346240044,0.641637,1,0,-1,40937,35820,17,17,9306,25.9798995,14.29374651,512002,0,512002,40937
v2,ea89b79a9dfd35df20fed759e6d15c60fe01e77c,direct,octree_leafcount,flyby,6,742,742,0.4045439959,0.1709440053,0.5763840079,0.583135,1,0,-1,40817,35715,17,17,9105,25.49349013,14.33576928,512002,0,512002,40817
v2,ea89b79a9dfd35df20fed759e6d15c60fe01e77c,direct,octree_leafcount,flyby,6,743,743,0.4261760116,0.1729599983,0.6000959873,0.60724,1,0,-1,41145,36002,17,17,9311,25.86245209,14.2214877,512002,0,512002,41145
v2,ea89b79a9dfd35df20fed759e6d15c60fe01e77c,direct,octree_leafcount,flyby,6,744,744,0.45728001,0.1722559929,0.6304960251,0.638154,1,0,-1,41033,35904,17,17,9300,25.90240642,14.26030526,512002,0,512002,41033
v2,ea89b79a9dfd35df20fed759e6d15c60fe01e77c,direct,octree_leafcount,flyby,6,745,745,0.3982079923,0.1730879992,0.572224021,0.579325,1,0,-1,40769,35673,17,17,9168,25.70010933,14.35264766,512002,0,512002,40769
v2,ea89b79a9dfd35df20fed759e6d15c60fe01e77c,direct,octree_leafcount,flyby,6,746,746,0.4261440039,0.1727039963,0.5998079777,0.607493,1,0,-1,40833,35729,17,17,9345,26.15522405,14.33015198,512002,0,512002,40833
v2,ea89b79a9dfd35df20fed759e6d15c60fe01e77c,direct,octree_leafcount,flyby,6,747,747,0.4582079947,0.1729599983,0.6320959926,0.638671,1,0,-1,40857,35750,17,17,9227,25.80979021,14.32173427,512002,0,512002,40857
v2,ea89b79a9dfd35df20fed759e6d15c60fe01e77c,direct,octree_leafcount,flyby,6,748,748,0.388191998,0.1700160056,0.5591999888,0.56587,1,0,-1,40857,35750,17,17,9080,25.3986014,14.32173427,512002,0,512002,40857
v2,ea89b79a9dfd35df20fed759e6d15c60fe01e77c,direct,octree_leafcount,flyby,6,749,749,0.4262079895,0.1710720062,0.5982400179,0.605315,1,0,-1,40833,35729,17,17,9304,26.04047133,14.33015198,512002,0,512002,40833
v2,ea89b79a9dfd35df20fed759e6d15c60fe01e77c,direct,octree_leafcount,flyby,6,750,750,0.4563199878,0.1712000072,0.6284480095,0.636182,1,0,-1,40665,35582,17,17,9192,25.83328649,14.38935417,512002,0,512002,40665
v2,ea89b79a9dfd35df20fed759e6d15c60fe01e77c,direct,octree_leafcount,flyby,6,751,751,0.4258880019,0.1749760062,0.6017919779,0.609207,1,0,-1,41041,35911,17,17,9251,25.76090891,14.25752555,512002,0,512002,41041
v2,ea89b79a9dfd35df20fed759e6d15c60fe01e77c,direct,octree_leafcount,flyby,6,752,752,0.396735996,0.1707199961,0.5684159994,0.575815,1,0,-1,40889,35778,17,17,9174,25.64145564,14.31052602,512002,0,512002,40889
v2,ea89b79a9dfd35df20fed759e6d15c60fe01e77c,direct,octree_leafcount,flyby,6,753,753,0.4600639939,0.1709440053,0.6320000291,0.638872,1,0,-1,40649,35568,17,17,9176,25.79847054,14.39501799,512002,0,512002,40649
v2,ea89b79a9dfd35df20fed759e6d15c60fe01e77c,direct,octree_leafcount,flyby,6,754,754,0.4273599982,0.1693439931,0.5976319909,0.604405,1,0,-1,40673,35589,17,17,9350,26.27216275,14.38652393,512002,0,512002,40673
v2,ea89b79a9dfd35df20fed759e6d15c60fe01e77c,direct,octree_leafcount,flyby,6,755,755,0.3960640132,0.1742399931,0.5712320209,0.578356,1,0,-1,40937,35820,17,17,9259,25.84868788,14.29374651,512002,0,512002,40937
v2,ea89b79a9dfd35df20fed759e6d15c60fe01e77c,direct,octree_leafcount,flyby,6,756,756,0.4575040042,0.1722240001,0.6306880116,0.637754,1,0,-1,41153,36009,17,17,9228,25.6269266,14.2187231,512002,0,512002,41153
v2,ea89b79a9dfd35df20fed759e6d15c60fe01e77c,direct,octree_leafcount,flyby,6,757,757,0.4281600118,0.1752000004,0.604287982,0.611759,1,0,-1,40793,35694,17,17,9342,26.17246596,14.34420351,512002,0,512002,40793
v2,ea89b79a9dfd35df20fed759e6d15c60fe01e77c,direct,octree_leafcount,flyby,6,758,758,0.4023360014,0.1768960059,0.5802239776,0.587219,1,0,-1,40481,35421,17,17,9145,25.81801756,14.45475848,512002,0,512002,40481
v2,ea89b79a9dfd35df20fed759e6d15c60fe01e77c,direct,octree_leafcount,flyby,6,759,759,0.4650239944,0.1708800048,0.6368960142,0.643959,1,0,-1,40673,35589,17,17,9200,25.8506842,14.38652393,512002,0,512002,40673
v2,ea89b79a9dfd35df20fed759e6d15c60fe01e77c,direct,octree_leafcount,flyby,6,760,760,0.4230720103,0.1733119935,0.5973119736,0.605039,1,0,-1,40585,35512,17,17,9214,25.94615904,14.41771795,512002,0,512002,40585
v2,ea89b79a9dfd35df20fed759e6d15c60fe01e77c,direct,octree_leafcount,flyby,6,761,761,0.3895359933,0.1718399972,0.5623360276,0.569398,1,0,-1,40361,35316,17,17,8984,25.43889455,14.49773474,512002,0,512002,40361
v2,ea89b79a9dfd35df20fed759e6d15c60fe01e77c,direct,octree_leafcount,flyby,6,762,762,0.4550719857,0.172864005,0.6288639903,0.636909,1,0,-1,40809,35708,17,17,9182,25.71412569,14.33857959,512002,0,512002,40809
v2,ea89b79a9dfd35df20fed759e6d15c60fe01e77c,direct,octree_leafcount,flyby,6,763,763,0.4339520037,0.1752959937,0.6101760268,0.617904,1,0,-1,40785,35687,17,17,9170,25.69563146,14.34701712,512002,0,512002,40785
v2,ea89b79a9dfd35df20fed759e6d15c60fe01e77c,direct,octree_leafcount,flyby,6,764,764,0.425247997,0.1771200001,0.6033279896,0.611443,1,0,-1,40441,35386,17,17,8894,25.13423388,14.46905556,512002,0,512002,40441
v2,ea89b79a9dfd35df20fed759e6d15c60fe01e77c,direct,octree_leafcount,flyby,6,765,765,0.4551360011,0.1732160002,0.6293119788,0.637302,1,0,-1,40601,35526,17,17,9174,25.82334065,14.41203626,512002,0,512002,40601
v2,ea89b79a9dfd35df20fed759e6d15c60fe01e77c,direct,octree_leafcount,flyby,6,766,766,0.4278399944,0.1749760062,0.6037439704,0.611221,1,0,-1,40745,35652,17,17,9120,25.58061259,14.36110176,512002,0,512002,40745
v2,ea89b79a9dfd35df20fed759e6d15c60fe01e77c,direct,octree_leafcount,flyby,6,767,767,0.4330239892,0.1737920046,0.6077759862,0.615217,1,0,-1,40513,35449,17,17,8990,25.36037688,14.44334114,512002,0,512002,40513
v2,ea89b79a9dfd35df20fed759e6d15c60fe01e77c,direct,octree_leafcount,flyby,6,768,768,0.4589760005,0.1741439998,0.6340799928,0.64162,1,0,-1,40641,35561,17,17,9170,25.78667642,14.39785158,512002,0,512002,40641
v2,ea89b79a9dfd35df20fed759e6d15c60fe01e77c,direct,octree_leafcount,flyby,6,769,769,0.4319039881,0.1741439998,0.6070079803,0.615703,1,0,-1,40505,35442,17,17,9067,25.58264206,14.44619378,512002,0,512002,40505
v2,ea89b79a9dfd35df20fed759e6d15c60fe01e77c,direct,octree_leafcount,flyby,6,770,770,0.4675520062,0.1708800048,0.6393920183,0.646837,1,0,-1,40785,35687,17,17,8993,25.19965253,14.34701712,512002,0,512002,40785
v2,ea89b79a9dfd35df20fed759e6d15c60fe01e77c,direct,octree_leafcount,flyby,6,771,771,0.4290879965,0.169855997,0.5999040008,0.606515,1,0,-1,40737,35645,17,17,9041,25.36400617,14.36392201,512002,0,512002,40737
v2,ea89b79a9dfd35df20fed759e6d15c60fe01e77c,direct,octree_leafcount,flyby,6,772,772,0.4203520119,0.1750719994,0.5963519812,0.604002,1,0,-1,40473,35414,17,17,8948,25.26684362,14.45761563,512002,0,512002,40473
v2,ea89b79a9dfd35df20fed759e6d15c60fe01e77c,direct,octree_leafcount,flyby,6,773,773,0.4619520009,0.1762879938,0.6391360164,0.646219,1,0,-1,40425,35372,17,17,8856,25.03675223,14.47478231,512002,0,512002,40425
v2,ea89b79a9dfd35df20fed759e6d15c60fe01e77c,direct,octree_leafcount,flyby,6,774,774,0.430911988,0.1773760021,0.6092159748,0.616848,1,0,-1,40833,35729,17,17,9002,25.19521957,14.33015198,512002,0,512002,40833
v2,ea89b79a9dfd35df20fed759e6d15c60fe01e77c,direct,octree_leafcount,flyby,6,775,775,0.4313600063,0.1758400053,0.6081280112,0.615863,1,0,-1,40713,35624,17,17,8940,25.09544128,14.3723894,512002,0,512002,40713
v2,ea89b79a9dfd35df20fed759e6d15c60fe01e77c,direct,octree_leafcount,flyby,6,776,776,0.4575679898,0.172864005,0.6313599944,0.639249,1,0,-1,40641,35561,17,17,9142,25.70793847,14.39785158,512002,0,512002,40641
v2,ea89b79a9dfd35df20fed759e6d15c60fe01e77c,direct,octree_leafcount,flyby,6,777,777,0.4012160003,0.1710080057,0.5731520057,0.580963,1,0,-1,40617,35540,17,17,8980,25.26730445,14.40635903,512002,0,512002,40617
v2,ea89b79a9dfd35df20fed759e6d15c60fe01e77c,direct,octree_leafcount,flyby,6,778,778,0.428384006,0.173247993,0.6026239991,0.609532,1,0,-1,40913,35799,17,17,9084,25.37501048,14.30213134,512002,0,512002,40913
v2,ea89b79a9dfd35df20fed759e6d15c60fe01e77c,direct,octree_leafcount,flyby,6,779,779,0.4534719884,0.1721920073,0.6265919805,0.633177,1,0,-1,40761,35666,17,17,9105,25.52851455,14.35546459,512002,0,512002,40761
v2,ea89b79a9dfd35df20fed759e6d15c60fe01e77c,direct,octree_leafcount,flyby,6,780,780,0.3995200098,0.1731519997,0.5735999942,0.580708,1,0,-1,40633,35554,17,17,8980,25.25735501,14.40068628,512002,0,512002,40633
v2,ea89b79a9dfd35df20fed759e6d15c60fe01e77c,direct,octree_leafcount,flyby,6,781,781,0.4291520119,0.171360001,0.6014400125,0.608128,1,0,-1,40833,35729,17,17,9132,25.55906966,14.33015198,512002,0,512002,40833
v2,ea89b79a9dfd35df20fed759e6d15c60fe01e77c,direct,octree_leafcount,flyby,6,782,782,0.4634560049,0.1749439985,0.6392959952,0.646382,1,0,-1,41033,35904,17,17,9189,25.59324866,14.26030526,512002,0,512002,41033
v2,ea89b79a9dfd35df20fed759e6d15c60fe01e77c,direct,octree_leafcount,flyby,6,783,783,0.3983039856,0.1729920059,0.5722560287,0.579107,1,0,-1,40737,35645,17,17,9079,25.47061299,14.36392201,512002,0,512002,40737
v2,ea89b79a9dfd35df20fed759e6d15c60fe01e77c,direct,octree_leafcount,flyby,6,784,784,0.4291839898,0.170975998,0.6011199951,0.608173,1,0,-1,40561,35491,17,17,9173,25.84598912,14.42624891,512002,0,512002,40561
v2,ea89b79a9dfd35df20fed759e6d15c60fe01e77c,direct,octree_leafcount,flyby,6,785,785,0.4648320079,0.1718399972,0.637567997,0.645209,1,0,-1,40633,35554,17,17,9113,25.63143388,14.40068628,512002,0,512002,40633
v2,ea89b79a9dfd35df20fed759e6d15c60fe01e77c,direct,octree_leafcount,flyby,6,786,786,0.3992640078,0.1732160002,0.5734400153,0.580807,1,0,-1,40681,35596,17,17,9010,25.31183279,14.3836948,512002,0,512002,40681
v2,ea89b79a9dfd35df20fed759e6d15c60fe01e77c,direct,octree_leafcount,flyby,6,787,787,0.4334079921,0.1752319932,0.6095679998,0.616613,1,0,-1,40721,35631,17,17,9197,25.8117931,14.36956583,512002,0,512002,40721
v2,ea89b79a9dfd35df20fed759e6d15c60fe01e77c,direct,octree_leafcount,flyby,6,788,788,0.4558719993,0.1708800048,0.6277120113,0.635398,1,0,-1,41009,35883,17,17,9145,25.485606,14.26865089,512002,0,512002,41009
v2,ea89b79a9dfd35df20fed759e6d15c60fe01e77c,direct,octree_leafcount,flyby,6,789,789,0.4239679873,0.1706880033,0.595615983,0.6028,1,0,-1,40825,35722,17,17,9071,25.39331504,14.33296008,512002,0,512002,40825
v2,ea89b79a9dfd35df20fed759e6d15c60fe01e77c,direct,octree_leafcount,flyby,6,790,790,0.4179520011,0.174112007,0.5930560231,0.598649,1,0,-1,40545,35477,17,17,9181,25.87873834,14.43194182,512002,0,512002,40545
v2,ea89b79a9dfd35df20fed759e6d15c60fe01e77c,direct,octree_leafcount,flyby,6,791,791,0.4579840004,0.1713279933,0.6303039789,0.636374,1,0,-1,40449,35393,17,17,9154,25.86387139,14.46619388,512002,0,512002,40449
v2,ea89b79a9dfd35df20fed759e6d15c60fe01e77c,direct,octree_leafcount,flyby,6,792,792,0.4284479916,0.1701759994,0.5996159911,0.606732,1,0,-1,40753,35659,17,17,9131,25.60643877,14.35828262,512002,0,512002,40753
v2,ea89b79a9dfd35df20fed759e6d15c60fe01e77c,direct,octree_leafcount,flyby,6,793,793,0.3931199908,0.1742720008,0.568351984,0.574722,1,0,-1,40825,35722,17,17,9179,25.69564974,14.33296008,512002,0,512002,40825
v2,ea89b79a9dfd35df20fed759e6d15c60fe01e77c,direct,octree_leafcount,flyby,6,794,794,0.4619520009,0.1774400026,0.6402879953,0.647104,1,0,-1,40649,35568,17,17,9077,25.52013045,14.39501799,512002,0,512002,40649
v2,ea89b79a9dfd35df20fed759e6d15c60fe01e77c,direct,octree_leafcount,flyby,6,795,795,0.4286080003,0.1700160056,0.5995839834,0.60672,1,0,-1,40761,35666,17,17,9266,25.97992486,14.35546459,512002,0,512002,40761
v2,ea89b79a9dfd35df20fed759e6d15c60fe01e77c,direct,octree_leafcount,flyby,6,796,796,0.39270401,0.1700479984,0.5637120008,0.570334,1,0,-1,40865,35757,17,17,9044,25.29294963,14.31893056,512002,0,512002,40865
v2,ea89b79a9dfd35df20fed759e6d15c60fe01e77c,direct,octree_leafcount,flyby,6,797,797,0.4517439902,0.1710080057,0.6237120032,0.630529,1,0,-1,40833,35729,17,17,9057,25.34915615,14.33015198,512002,0,512002,40833
v2,ea89b79a9dfd35df20fed759e6d15c60fe01e77c,direct,octree_leafcount,flyby,6,798,798,0.4193600118,0.1723520011,0.5926399827,0.599945,1,0,-1,41049,35918,17,17,9219,25.66679659,14.25474692,512002,0,512002,41049
v2,ea89b79a9dfd35df20fed759e6d15c60fe01e77c,direct,octree_leafcount,flyby,6,799,799,0.3955839872,0.1700800061,0.5665919781,0.57339,1,0,-1,40729,35638,17,17,8984,25.20904652,14.36674336,512002,0,512002,40729
v2,ea89b79a9dfd35df20fed759e6d15c60fe01e77c,direct,octree_leafcount,flyby,6,800,800,0.4678719938,0.1729599983,0.6417919993,0.649163,1,0,-1,41025,35897,17,17,9099,25.34752208,14.26308605,512002,0,512002,41025
v2,ea89b79a9dfd35df20fed759e6d15c60fe01e77c,direct,octree_leafcount,flyby,6,801,801,0.4278399944,0.1742720008,0.6030719876,0.610124,1,0,-1,40705,35617,17,17,9110,25.57767358,14.37521408,512002,0,512002,40705
v2,ea89b79a9dfd35df20fed759e6d15c60fe01e77c,direct,octree_leafcount,flyby,6,802,802,0.3985919952,0.1706880033,0.5702080131,0.577307,1,0,-1,40305,35267,17,17,8868,25.14531999,14.5178779,512002,0,512002,40305
v2,ea89b79a9dfd35df20fed759e6d15c60fe01e77c,direct,octree_leafcount,flyby,6,803,803,0.461311996,0.1680320054,0.6302400231,0.637031,1,0,-1,40585,35512,17,17,9012,25.37733724,14.41771795,512002,0,512002,40585
v2,ea89b79a9dfd35df20fed759e6d15c60fe01e77c,direct,octree_leafcount,flyby,6,804,804,0.4307520092,0.1710399985,0.6027200222,0.609485,1,0,-1,40793,35694,17,17,9022,25.27595674,14.34420351,512002,0,512002,40793
v2,ea89b79a9dfd35df20fed759e6d15c60fe01e77c,direct,octree_leafcount,flyby,6,805,805,0.4296000004,0.1731200069,0.6036159992,0.610483,1,0,-1,40305,35267,17,17,8794,24.9354921,14.5178779,512002,0,512002,40305
v2,ea89b79a9dfd35df20fed759e6d15c60fe01e77c,direct,octree_leafcount,flyby,6,806,806,0.4601599872,0.171103999,0.6321920156,0.639346,1,0,-1,40441,35386,17,17,9010,25.46204714,14.46905556,512002,0,512002,40441
v2,ea89b79a9dfd35df20fed759e6d15c60fe01e77c,direct,octree_leafcount,flyby,6,807,807,0.428384006,0.1719039977,0.601279974,0.607871,1,0,-1,40297,35260,17,17,8917,25.28927964,14.52076007,512002,0,512002,40297
v2,ea89b79a9dfd35df20fed759e6d15c60fe01e77c,direct,octree_leafcount,flyby,6,808,808,0.4307520092,0.1659840047,0.597728014,0.604543,1,0,-1,40553,35484,17,17,8873,25.00563634,14.4290948,512002,0,512002,40553
v2,ea89b79a9dfd35df20fed759e6d15c60fe01e77c,direct,octree_leafcount,flyby,6,809,809,0.4634880126,0.1691199988,0.6335359812,0.640796,1,0,-1,40545,35477,17,17,9033,25.46156665,14.43194182,512002,0,512002,40545
v2,ea89b79a9dfd35df20fed759e6d15c60fe01e77c,direct,octree_leafcount,flyby,6,810,810,0.4310080111,0.174879998,0.6068480015,0.614184,1,0,-1,40409,35358,17,17,9034,25.55008767,14.4805136,512002,0,512002,40409
v2,ea89b79a9dfd35df20fed759e6d15c60fe01e77c,direct,octree_leafcount,flyby,6,811,811,0.4569599926,0.172736004,0.630656004,0.637775,1,0,-1,40873,35764,17,17,9117,25.49211498,14.31612795,512002,0,512002,40873
v2,ea89b79a9dfd35df20fed759e6d15c60fe01e77c,direct,octree_leafcount,flyby,6,812,812,0.4632000029,0.1710720062,0.6352319717,0.642744,1,0,-1,40681,35596,17,17,9149,25.7023261,14.3836948,512002,0,512002,40681
v2,ea89b79a9dfd35df20fed759e6d15c60fe01e77c,direct,octree_leafcount,flyby,6,813,813,0.4269439876,0.1752640009,0.6031680107,0.610218,1,0,-1,40537,35470,17,17,9041,25.48914576,14.43478996,512002,0,512002,40537
v2,ea89b79a9dfd35df20fed759e6d15c60fe01e77c,direct,octree_leafcount,flyby,6,814,814,0.4624319971,0.1707839966,0.6341760159,0.641769,1,0,-1,40705,35617,17,17,9074,25.47659825,14.37521408,512002,0,512002,40705
v2,ea89b79a9dfd35df20fed759e6d15c60fe01e77c,direct,octree_leafcount,flyby,6,815,815,0.4228479862,0.1751359999,0.5989120007,0.606276,1,0,-1,40705,35617,17,17,9020,25.32498526,14.37521408,512002,0,512002,40705
v2,ea89b79a9dfd35df20fed759e6d15c60fe01e77c,direct,octree_leafcount,flyby,6,816,816,0.4346880019,0.1710720062,0.6067199707,0.613569,1,0,-1,40329,35288,17,17,8831,25.02550442,14.50923827,512002,0,512002,40329
v2,ea89b79a9dfd35df20fed759e6d15c60fe01e77c,direct,octree_leafcount,flyby,6,817,817,0.4601919949,0.1700160056,0.6311680079,0.637656,1,0,-1,40641,35561,17,17,9050,25.44922809,14.39785158,512002,0,512002,40641
v2,ea89b79a9dfd35df20fed759e6d15c60fe01e77c,direct,octree_leafcount,flyby,6,818,818,0.3963199854,0.1741759926,0.5714240074,0.578165,1,0,-1,40561,35491,17,17,8886,25.03733341,14.42624891,512002,0,512002,40561
v2,ea89b79a9dfd35df20fed759e6d15c60fe01e77c,direct,octree_leafcount,flyby,6,819,819,0.4289279878,0.1710399985,0.6009600163,0.607511,1,0,-1,40457,35400,17,17,8857,25.01977401,14.46333333,512002,0,512002,40457
v2,ea89b79a9dfd35df20fed759e6d15c60fe01e77c,direct,octree_leafcount,flyby,6,820,820,0.4618239999,0.1700479984,0.6328319907,0.639764,1,0,-1,40289,35253,17,17,9004,25.5410887,14.52364338,512002,0,512002,40289
v2,ea89b79a9dfd35df20fed759e6d15c60fe01e77c,direct,octree_leafcount,flyby,6,821,821,0.3843840063,0.1741439998,0.5594559908,0.565309,1,0,-1,40457,35400,17,17,8932,25.23163842,14.46333333,512002,0,512002,40457
v2,ea89b79a9dfd35df20fed759e6d15c60fe01e77c,direct,octree_leafcount,flyby,6,822,822,0.4294399917,0.1699839979,0.6004160047,0.607021,1,0,-1,40649,35568,17,17,8993,25.28396311,14.39501799,512002,0,512002,40649
v2,ea89b79a9dfd35df20fed759e6d15c60fe01e77c,direct,octree_leafcount,flyby,6,823,823,0.4681279957,0.1770240068,0.6461120248,0.653613,1,0,-1,40473,35414,17,17,9059,25.58027899,14.45761563,512002,0,512002,40473
v2,ea89b79a9dfd35df20fed759e6d15c60fe01e77c,direct,octree_leafcount,flyby,6,824,824,0.3957760036,0.1750079989,0.5717440248,0.579027,1,0,-1,40273,35239,17,17,8877,25.19083969,14.52941343,512002,0,512002,40273
v2,ea89b79a9dfd35df20fed759e6d15c60fe01e77c,direct,octree_leafcount,flyby,6,825,825,0.4268479943,0.1700160056,0.5977920294,0.604294,1,0,-1,40641,35561,17,17,9084,25.54483845,14.39785158,512002,0,512002,40641
v2,ea89b79a9dfd35df20fed759e6d15c60fe01e77c,direct,octree_leafcount,flyby,6,826,826,0.461311996,0.1721280068,0.6344000101,0.641599,1,0,-1,40609,35533,17,17,9098,25.60436777,14.40919708,512002,0,512002,40609
v2,ea89b79a9dfd35df20fed759e6d15c60fe01e77c,direct,octree_leafcount,flyby,6,827,827,0.3977600038,0.1698880047,0.5686399937,0.575842,1,0,-1,40265,35232,17,17,8913,25.29802452,14.53230018,512002,0,512002,40265
v2,ea89b79a9dfd35df20fed759e6d15c60fe01e77c,direct,octree_leafcount,flyby,6,828,828,0.4220480025,0.1728959978,0.595871985,0.603103,1,0,-1,40641,35561,17,17,9102,25.5954557,14.39785158,512002,0,512002,40641
v2,ea89b79a9dfd35df20fed759e6d15c60fe01e77c,direct,octree_leafcount,flyby,6,829,829,0.458431989,0.1700160056,0.6294080019,0.637298,1,0,-1,40705,35617,17,17,8993,25.24917876,14.37521408,512002,0,512002,40705
v2,ea89b79a9dfd35df20fed759e6d15c60fe01e77c,direct,octree_leafcount,flyby,6,830,830,0.3911040127,0.1719039977,0.5639680028,0.571664,1,0,-1,40289,35253,17,17,8842,25.08155334,14.52364338,512002,0,512002,40289
v2,ea89b79a9dfd35df20fed759e6d15c60fe01e77c,direct,octree_leafcount,flyby,6,831,831,0.4303359985,0.1726399958,0.6039040089,0.611079,1,0,-1,40545,35477,17,17,9155,25.80545142,14.43194182,512002,0,512002,40545
v2,ea89b79a9dfd35df20fed759e6d15c60fe01e77c,direct,octree_leafcount,flyby,6,832,832,0.4597760141,0.1722880006,0.6329920292,0.63921,1,0,-1,40601,35526,17,17,8974,25.26037268,14.41203626,512002,0,512002,40601
v2,ea89b79a9dfd35df20fed759e6d15c60fe01e77c,direct,octree_leafcount,flyby,6,833,833,0.3939520121,0.1761920005,0.5711039901,0.578215,1,0,-1,40641,35561,17,17,8969,25.22145047,14.39785158,512002,0,512002,40641
v2,ea89b79a9dfd35df20fed759e6d15c60fe01e77c,direct,octree_leafcount,flyby,6,834,834,0.4295360148,0.1739519984,0.6044480205,0.611245,1,0,-1,40529,35463,17,17,9026,25.45187942,14.43763923,512002,0,512002,40529
v2,ea89b79a9dfd35df20fed759e6d15c60fe01e77c,direct,octree_leafcount,flyby,6,835,835,0.4546560049,0.170975998,0.6265919805,0.633468,1,0,-1,40569,35498,17,17,9068,25.54510113,14.42340414,512002,0,512002,40569
v2,ea89b79a9dfd35df20fed759e6d15c60fe01e77c,direct,octree_leafcount,flyby,6,836,836,0.4243200123,0.1730560064,0.5983359814,0.605523,1,0,-1,40801,35701,17,17,9022,25.27100081,14.341391,512002,0,512002,40801
v2,ea89b79a9dfd35df20fed759e6d15c60fe01e77c,direct,octree_leafcount,flyby,6,837,837,0.3937920034,0.1730560064,0.5677760243,0.57523,1,0,-1,40505,35442,17,17,9007,25.41335139,14.44619378,512002,0,512002,40505
v2,ea89b79a9dfd35df20fed759e6d15c60fe01e77c,direct,octree_leafcount,flyby,6,838,838,0.4558080137,0.1719679981,0.6287680268,0.636696,1,0,-1,40505,35442,17,17,8947,25.24406072,14.44619378,512002,0,512002,40505
v2,ea89b79a9dfd35df20fed759e6d15c60fe01e77c,direct,octree_leafcount,flyby,6,839,839,0.4260799885,0.1741439998,0.6011520028,0.607388,1,0,-1,40865,35757,17,17,9134,25.5446486,14.31893056,512002,0,512002,40865
v2,ea89b79a9dfd35df20fed759e6d15c60fe01e77c,direct,octree_leafcount,flyby,6,840,840,0.3964160085,0.174112007,0.5714880228,0.578295,1,0,-1,40729,35638,17,17,9123,25.59907963,14.36674336,512002,0,512002,40729
v2,ea89b79a9dfd35df20fed759e6d15c60fe01e77c,direct,octree_leafcount,flyby,6,841,841,0.4631040096,0.1721920073,0.6362559795,0.643814,1,0,-1,40665,35582,17,17,9018,25.3442752,14.38935417,512002,0,512002,40665
v2,ea89b79a9dfd35df20fed759e6d15c60fe01e77c,direct,octree_leafcount,flyby,6,842,842,0.4255999923,0.1721920073,0.5987840295,0.605313,1,0,-1,40689,35603,17,17,9060,25.44729377,14.38086678,512002,0,512002,40689
v2,ea89b79a9dfd35df20fed759e6d15c60fe01e77c,direct,octree_leafcount,flyby,6,843,843,0.3890239894,0.1730239987,0.562943995,0.570038,1,0,-1,40649,35568,17,17,9005,25.3177013,14.39501799,512002,0,512002,40649
v2,ea89b79a9dfd35df20fed759e6d15c60fe01e77c,direct,octree_leafcount,flyby,6,844,844,0.4599680007,0.1723520011,0.6332799792,0.640044,1,0,-1,40393,35344,17,17,8873,25.10468538,14.48624943,512002,0,512002,40393
v2,ea89b79a9dfd35df20fed759e6d15c60fe01e77c,direct,octree_leafcount,flyby,6,845,845,0.4240640104,0.1689279974,0.5939840078,0.601271,1,0,-1,40609,35533,17,17,9053,25.47772493,14.40919708,512002,0,512002,40609
v2,ea89b79a9dfd35df20fed759e6d15c60fe01e77c,direct,octree_leafcount,flyby,6,846,846,0.3907519877,0.1738239974,0.5655040145,0.571929,1,0,-1,40417,35365,17,17,8880,25.10957161,14.47764739,512002,0,512002,40417
v2,ea89b79a9dfd35df20fed759e6d15c60fe01e77c,direct,octree_leafcount,flyby,6,847,847,0.4566400051,0.1738239974,0.6313599944,0.638046,1,0,-1,40769,35673,17,17,9007,25.2487876,14.35264766,512002,0,512002,40769
v2,ea89b79a9dfd35df20fed759e6d15c60fe01e77c,direct,octree_leafcount,flyby,6,848,848,0.4251520038,0.1742399931,0.6003199816,0.606737,1,0,-1,40497,35435,17,17,9033,25.49174545,14.44904755,512002,0,512002,40497
v2,ea89b79a9dfd35df20fed759e6d15c60fe01e77c,direct,octree_leafcount,flyby,6,849,849,0.3894079924,0.1720000058,0.5623360276,0.569689,1,0,-1,40297,35260,17,17,8802,24.96313103,14.52076007,512002,0,512002,40297
v2,ea89b79a9dfd35df20fed759e6d15c60fe01e77c,direct,octree_leafcount,flyby,6,850,850,0.4626559913,0.1721599996,0.6357120275,0.643334,1,0,-1,40529,35463,17,17,8902,25.10221921,14.43763923,512002,0,512002,40529
v2,ea89b79a9dfd35df20fed759e6d15c60fe01e77c,direct,octree_leafcount,flyby,6,851,851,0.4305280149,0.1741439998,0.6055999994,0.612845,1,0,-1,40609,35533,17,17,8982,25.27791067,14.40919708,512002,0,512002,40609
v2,ea89b79a9dfd35df20fed759e6d15c60fe01e77c,direct,octree_leafcount,flyby,6,852,852,0.3948799968,0.1717759967,0.5676159859,0.5743,1,0,-1,40329,35288,17,17,8851,25.08218091,14.50923827,512002,0,512002,40329
v2,ea89b79a9dfd35df20fed759e6d15c60fe01e77c,direct,octree_leafcount,flyby,6,853,853,0.4629760087,0.1699839979,0.6339200139,0.640789,1,0,-1,40601,35526,17,17,8984,25.28852108,14.41203626,512002,0,512002,40601
v2,ea89b79a9dfd35df20fed759e6d15c60fe01e77c,direct,octree_leafcount,flyby,6,854,854,0.431392014,0.1700479984,0.6023679972,0.609471,1,0,-1,40953,35834,17,17,9095,25.38092315,14.28816208,512002,0,512002,40953
v2,ea89b79a9dfd35df20fed759e6d15c60fe01e77c,direct,octree_leafcount,flyby,6,855,855,0.3916159868,0.1708479971,0.5634559989,0.570556,1,0,-1,40497,35435,17,17,8995,25.38450684,14.44904755,512002,0,512002,40497
v2,ea89b79a9dfd35df20fed759e6d15c60fe01e77c,direct,octree_leafcount,flyby,6,856,856,0.4583359957,0.170975998,0.6302719712,0.637791,1,0,-1,40705,35617,17,17,9073,25.47379061,14.37521408,512002,0,512002,40705
v2,ea89b79a9dfd35df20fed759e6d15c60fe01e77c,direct,octree_leafcount,flyby,6,857,857,0.4321280122,0.174879998,0.6079999804,0.615322,1,0,-1,40905,35792,17,17,9108,25.44702727,14.30492848,512002,0,512002,40905
v2,ea89b79a9dfd35df20fed759e6d15c60fe01e77c,direct,octree_leafcount,flyby,6,858,858,0.4200640023,0.1751679927,0.5961599946,0.602006,1,0,-1,40753,35659,17,17,8885,24.91657085,14.35828262,512002,0,512002,40753
v2,ea89b79a9dfd35df20fed759e6d15c60fe01e77c,direct,octree_leafcount,flyby,6,859,859,0.4643520117,0.1730560064,0.6383039951,0.645388,1,0,-1,40777,35680,17,17,9094,25.48766816,14.34983184,512002,0,512002,40777
v2,ea89b79a9dfd35df20fed759e6d15c60fe01e77c,direct,octree_leafcount,flyby,6,860,860,0.433791995,0.1730239987,0.6077759862,0.614805,1,0,-1,40745,35652,17,17,9089,25.49366094,14.36110176,512002,0,512002,40745
v2,ea89b79a9dfd35df20fed759e6d15c60fe01e77c,direct,octree_leafcount,flyby,6,861,861,0.4334720075,0.1727679968,0.6071680188,0.614131,1,0,-1,40961,35841,17,17,9087,25.35364527,14.2853715,512002,0,512002,40961
v2,ea89b79a9dfd35df20fed759e6d15c60fe01e77c,direct,octree_leafcount,flyby,6,862,862,0.4571839869,0.1731200069,0.6312639713,0.638583,1,0,-1,40537,35470,17,17,9109,25.68085706,14.43478996,512002,0,512002,40537
v2,ea89b79a9dfd35df20fed759e6d15c60fe01e77c,direct,octree_leafcount,flyby,6,863,863,0.4281919897,0.1702080071,0.5993599892,0.606226,1,0,-1,40537,35470,17,17,9074,25.58218213,14.43478996,512002,0,512002,40537
v2,ea89b79a9dfd35df20fed759e6d15c60fe01e77c,direct,octree_leafcount,flyby,6,864,864,0.458175987,0.1700800061,0.6291840076,0.635839,1,0,-1,40977,35855,17,17,9088,25.34653465,14.27979361,512002,0,512002,40977
v2,ea89b79a9dfd35df20fed759e6d15c60fe01e77c,direct,octree_leafcount,flyby,6,865,865,0.4206719995,0.1691520065,0.5907840133,0.596372,1,0,-1,40745,35652,17,17,9051,25.38707506,14.36110176,512002,0,512002,40745
v2,ea89b79a9dfd35df20fed759e6d15c60fe01e77c,direct,octree_leafcount,flyby,6,866,866,0.4297600091,0.1719679981,0.6027200222,0.610025,1,0,-1,40361,35316,17,17,8948,25.33695775,14.49773474,512002,0,512002,40361
v2,ea89b79a9dfd35df20fed759e6d15c60fe01e77c,direct,octree_leafcount,flyby,6,867,867,0.4606719911,0.1696960032,0.631295979,0.637802,1,0,-1,40665,35582,17,17,9026,25.36675847,14.38935417,512002,0,512002,40665
v2,ea89b79a9dfd35df20fed759e6d15c60fe01e77c,direct,octree_leafcount,flyby,6,868,868,0.4245440066,0.1701119989,0.595615983,0.602685,1,0,-1,40641,35561,17,17,8973,25.23269874,14.39785158,512002,0,512002,40641
v2,ea89b79a9dfd35df20fed759e6d15c60fe01e77c,direct,octree_leafcount,flyby,6,869,869,0.4791040123,0.1910080016,0.6710720062,0.677385,1,0,-1,40481,35421,17,17,8862,25.01905649,14.45475848,512002,0,512002,40481
v2,ea89b79a9dfd35df20fed759e6d15c60fe01e77c,direct,octree_leafcount,flyby,6,870,870,0.4599680007,0.1708800048,0.6318079829,0.639126,1,0,-1,40641,35561,17,17,8962,25.20176598,14.39785158,512002,0,512002,40641
v2,ea89b79a9dfd35df20fed759e6d15c60fe01e77c,direct,octree_leafcount,flyby,6,871,871,0.3849920034,0.1742080003,0.5601599813,0.566966,1,0,-1,40545,35477,17,17,8919,25.1402317,14.43194182,512002,0,512002,40545
v2,ea89b79a9dfd35df20fed759e6d15c60fe01e77c,direct,octree_leafcount,flyby,6,872,872,0.4261119962,0.171232,0.5982720256,0.605682,1,0,-1,40521,35456,17,17,8895,25.08743231,14.44048962,512002,0,512002,40521
v2,ea89b79a9dfd35df20fed759e6d15c60fe01e77c,direct,octree_leafcount,flyby,6,873,873,0.4603199959,0.1702080071,0.6314880252,0.638433,1,0,-1,40545,35477,17,17,8993,25.34881754,14.43194182,512002,0,512002,40545
v2,ea89b79a9dfd35df20fed759e6d15c60fe01e77c,direct,octree_leafcount,flyby,6,874,874,0.3928959966,0.1702080071,0.5640640259,0.571013,1,0,-1,40409,35358,17,17,8785,24.84586232,14.4805136,512002,0,512002,40409
v2,ea89b79a9dfd35df20fed759e6d15c60fe01e77c,direct,octree_leafcount,flyby,6,875,875,0.4255360067,0.173984006,0.60048002,0.60721,1,0,-1,40569,35498,17,17,8796,24.77886078,14.42340414,512002,0,512002,40569
v2,ea89b79a9dfd35df20fed759e6d15c60fe01e77c,direct,octree_leafcount,flyby,6,876,876,0.4605759978,0.1719039977,0.6334720254,0.640778,1,0,-1,40633,35554,17,17,8891,25.00703156,14.40068628,512002,0,512002,40633
v2,ea89b79a9dfd35df20fed759e6d15c60fe01e77c,direct,octree_leafcount,flyby,6,877,877,0.398111999,0.1690559983,0.5680959821,0.575229,1,0,-1,40593,35519,17,17,8859,24.94158056,14.41487654,512002,0,512002,40593
v2,ea89b79a9dfd35df20fed759e6d15c60fe01e77c,direct,octree_leafcount,flyby,6,878,878,0.4243839979,0.1732800007,0.5985599756,0.606128,1,0,-1,40793,35694,17,17,8907,24.95377374,14.34420351,512002,0,512002,40793
v2,ea89b79a9dfd35df20fed759e6d15c60fe01e77c,direct,octree_leafcount,flyby,6,879,879,0.4568000138,0.1710399985,0.6287680268,0.636218,1,0,-1,40769,35673,17,17,8991,25.20393575,14.35264766,512002,0,512002,40769
v2,ea89b79a9dfd35df20fed759e6d15c60fe01e77c,direct,octree_leafcount,flyby,6,880,880,0.3889920115,0.1732160002,0.5631679893,0.570317,1,0,-1,40297,35260,17,17,8815,25,14.52076007,512002,0,512002,40297
v2,ea89b79a9dfd35df20fed759e6d15c60fe01e77c,direct,octree_leafcount,flyby,6,881,881,0.4267840087,0.1729920059,0.600736022,0.608003,1,0,-1,40609,35533,17,17,8941,25.16252498,14.40919708,512002,0,512002,40609
v2,ea89b79a9dfd35df20fed759e6d15c60fe01e77c,direct,octree_leafcount,flyby,6,882,882,0.4669120014,0.1760639995,0.6439679861,0.651141,1,0,-1,40641,35561,17,17,8938,25.13427631,14.39785158,512002,0,512002,40641
v2,ea89b79a9dfd35df20fed759e6d15c60fe01e77c,direct,octree_leafcount,flyby,6,883,883,0.3926720023,0.167712003,0.5613440275,0.568989,1,0,-1,40161,35141,17,17,8732,24.8484676,14.56993256,512002,0,512002,40161
v2,ea89b79a9dfd35df20fed759e6d15c60fe01e77c,direct,octree_leafcount,flyby,6,884,884,0.4246720076,0.1729920059,0.5986559987,0.606258,1,0,-1,40505,35442,17,17,8923,25.17634445,14.44619378,512002,0,512002,40505
v2,ea89b79a9dfd35df20fed759e6d15c60fe01e77c,direct,octree_leafcount,flyby,6,885,885,0.4605120122,0.1719360054,0.6333439946,0.641365,1,0,-1,40793,35694,17,17,8927,25.00980557,14.34420351,512002,0,512002,40793
v2,ea89b79a9dfd35df20fed759e6d15c60fe01e77c,direct,octree_leafcount,flyby,6,886,886,0.3959360123,0.174112007,0.5709760189,0.578861,1,0,-1,40281,35246,17,17,8720,24.74039607,14.52652783,512002,0,512002,40281
v2,ea89b79a9dfd35df20fed759e6d15c60fe01e77c,direct,octree_leafcount,flyby,6,887,887,0.427136004,0.1689919978,0.5970240235,0.604593,1,0,-1,40361,35316,17,17,9020,25.54083135,14.49773474,512002,0,512002,40361
v2,ea89b79a9dfd35df20fed759e6d15c60fe01e77c,direct,octree_leafcount,flyby,6,888,888,0.4615359902,0.1696960032,0.6321920156,0.64035,1,0,-1,40449,35393,17,17,8863,25.04167491,14.46619388,512002,0,512002,40449
v2,ea89b79a9dfd35df20fed759e6d15c60fe01e77c,direct,octree_leafcount,flyby,6,889,889,0.3915840089,0.1731519997,0.5657280087,0.573376,1,0,-1,40281,35246,17,17,8684,24.63825682,14.52652783,512002,0,512002,40281
v2,ea89b79a9dfd35df20fed759e6d15c60fe01e77c,direct,octree_leafcount,flyby,6,890,890,0.4251520038,0.1731519997,0.5992640257,0.606965,1,0,-1,40265,35232,17,17,9000,25.54495913,14.53230018,512002,0,512002,40265
v2,ea89b79a9dfd35df20fed759e6d15c60fe01e77c,direct,octree_leafcount,flyby,6,891,891,0.4568960071,0.1720319986,0.6298239827,0.636662,1,0,-1,40833,35729,17,17,9007,25.2092138,14.33015198,512002,0,512002,40833
v2,ea89b79a9dfd35df20fed759e6d15c60fe01e77c,direct,octree_leafcount,flyby,6,892,892,0.3919680119,0.1730560064,0.5659840107,0.573368,1,0,-1,40833,35729,17,17,8975,25.1196507,14.33015198,512002,0,512002,40833
v2,ea89b79a9dfd35df20fed759e6d15c60fe01e77c,direct,octree_leafcount,flyby,6,893,893,0.4350720048,0.1740480065,0.610047996,0.617365,1,0,-1,40561,35491,17,17,9064,25.53886901,14.42624891,512002,0,512002,40561
v2,ea89b79a9dfd35df20fed759e6d15c60fe01e77c,direct,octree_leafcount,flyby,6,894,894,0.4641279876,0.174112007,0.6391999722,0.646313,1,0,-1,40593,35519,17,17,8993,25.31884344,14.41487654,512002,0,512002,40593
v2,ea89b79a9dfd35df20fed759e6d15c60fe01e77c,direct,octree_leafcount,flyby,6,895,895,0.4225279987,0.1731200069,0.5966079831,0.603744,1,0,-1,40649,35568,17,17,8919,25.07591093,14.39501799,512002,0,512002,40649
v2,ea89b79a9dfd35df20fed759e6d15c60fe01e77c,direct,octree_leafcount,flyby,6,896,896,0.3981760144,0.1734399945,0.5725439787,0.579479,1,0,-1,40297,35260,17,17,8871,25.15882019,14.52076007,512002,0,512002,40297
v2,ea89b79a9dfd35df20fed759e6d15c60fe01e77c,direct,octree_leafcount,flyby,6,897,897,0.4661119878,0.1720640063,0.6391360164,0.646338,1,0,-1,40369,35323,17,17,8849,25.05166605,14.4948617,512002,0,512002,40369
v2,ea89b79a9dfd35df20fed759e6d15c60fe01e77c,direct,octree_leafcount,flyby,6,898,898,0.4272319973,0.172864005,0.6023039818,0.608483,1,0,-1,40393,35344,17,17,8864,25.07922137,14.48624943,512002,0,512002,40393
v2,ea89b79a9dfd35df20fed759e6d15c60fe01e77c,direct,octree_leafcount,flyby,6,899,899,0.4023680091,0.1731200069,0.5764480233,0.583597,1,0,-1,40369,35323,17,17,8913,25.23285112,14.4948617,512002,0,512002,40369
v2,ea89b79a9dfd35df20fed759e6d15c60fe01e77c,direct,octree_leafcount,flyby,6,900,900,0.4521600008,0.1699839979,0.6230720282,0.628422,1,0,-1,40121,35106,17,17,8854,25.22075998,14.5844585,512002,0,512002,40121
v2,ea89b79a9dfd35df20fed759e6d15c60fe01e77c,direct,octree_leafcount,flyby,6,901,901,0.4266560078,0.174112007,0.6016960144,0.608467,1,0,-1,40385,35337,17,17,8956,25.34453972,14.48911905,512002,0,512002,40385
v2,ea89b79a9dfd35df20fed759e6d15c60fe01e77c,direct,octree_leafcount,flyby,6,902,902,0.4304639995,0.1718720049,0.6032959819,0.61032,1,0,-1,40641,35561,17,17,8944,25.15114873,14.39785158,512002,0,512002,40641
v2,ea89b79a9dfd35df20fed759e6d15c60fe01e77c,direct,octree_leafcount,flyby,6,903,903,0.4658559859,0.1710720062,0.6378560066,0.64512,1,0,-1,40409,35358,17,17,8764,24.78646982,14.4805136,512002,0,512002,40409
v2,ea89b79a9dfd35df20fed759e6d15c60fe01e77c,direct,octree_leafcount,flyby,6,904,904,0.4220159948,0.1721599996,0.5950719714,0.602105,1,0,-1,40585,35512,17,17,8940,25.17458887,14.41771795,512002,0,512002,40585
v2,ea89b79a9dfd35df20fed759e6d15c60fe01e77c,direct,octree_leafcount,flyby,6,905,905,0.3846719861,0.1691520065,0.5547519922,0.560321,1,0,-1,40649,35568,17,17,8827,24.81725146,14.39501799,512002,0,512002,40649
v2,ea89b79a9dfd35df20fed759e6d15c60fe01e77c,direct,octree_leafcount,flyby,6,906,906,0.4651199877,0.1782400012,0.6443200111,0.651328,1,0,-1,40601,35526,17,17,8769,24.68333052,14.41203626,512002,0,512002,40601
v2,ea89b79a9dfd35df20fed759e6d15c60fe01e77c,direct,octree_leafcount,flyby,6,907,907,0.4240320027,0.1750719994,0.6000319719,0.607405,1,0,-1,40737,35645,17,17,9036,25.34997896,14.36392201,512002,0,512002,40737
v2,ea89b79a9dfd35df20fed759e6d15c60fe01e77c,direct,octree_leafcount,flyby,6,908,908,0.3972800076,0.1709440053,0.5691840053,0.575933,1,0,-1,40457,35400,17,17,8860,25.02824859,14.46333333,512002,0,512002,40457
v2,ea89b79a9dfd35df20fed759e6d15c60fe01e77c,direct,octree_leafcount,flyby,6,909,909,0.4669440091,0.1710399985,0.6389439702,0.646279,1,0,-1,40313,35274,17,17,8807,24.96739808,14.51499688,512002,0,512002,40313
v2,ea89b79a9dfd35df20fed759e6d15c60fe01e77c,direct,octree_leafcount,flyby,6,910,910,0.4247039855,0.1728319973,0.5984960198,0.605654,1,0,-1,40481,35421,17,17,8982,25.35783857,14.45475848,512002,0,512002,40481
v2,ea89b79a9dfd35df20fed759e6d15c60fe01e77c,direct,octree_leafcount,flyby,6,911,911,0.3975999951,0.1747840047,0.5733759999,0.581249,1,0,-1,40305,35267,17,17,8830,25.03757053,14.5178779,512002,0,512002,40305
v2,ea89b79a9dfd35df20fed759e6d15c60fe01e77c,direct,octree_leafcount,flyby,6,912,912,0.4600960016,0.1728959978,0.6339520216,0.641551,1,0,-1,40521,35456,17,17,8890,25.07333032,14.44048962,512002,0,512002,40521
v2,ea89b79a9dfd35df20fed759e6d15c60fe01e77c,direct,octree_leafcount,flyby,6,913,913,0.4253120124,0.1690240055,0.5952960253,0.602725,1,0,-1,40465,35407,17,17,8968,25.32832491,14.46047392,512002,0,512002,40465
v2,ea89b79a9dfd35df20fed759e6d15c60fe01e77c,direct,octree_leafcount,flyby,6,914,914,0.40150401,0.1717440039,0.5742080212,0.581264,1,0,-1,40369,35323,17,17,8860,25.08280724,14.4948617,512002,0,512002,40369
v2,ea89b79a9dfd35df20fed759e6d15c60fe01e77c,direct,octree_leafcount,flyby,6,915,915,0.4630399942,0.1710720062,0.6350719929,0.642143,1,0,-1,40617,35540,17,17,9018,25.37422622,14.40635903,512002,0,512002,40617
v2,ea89b79a9dfd35df20fed759e6d15c60fe01e77c,direct,octree_leafcount,flyby,6,916,916,0.432543993,0.1760960072,0.6096000075,0.61821,1,0,-1,40481,35421,17,17,8966,25.31266763,14.45475848,512002,0,512002,40481
v2,ea89b79a9dfd35df20fed759e6d15c60fe01e77c,direct,octree_leafcount,flyby,6,917,917,0.3929280043,0.1749439985,0.5688639879,0.576047,1,0,-1,40225,35197,17,17,8783,24.95383129,14.54675114,512002,0,512002,40225
v2,ea89b79a9dfd35df20fed759e6d15c60fe01e77c,direct,octree_leafcount,flyby,6,918,918,0.4634880126,0.1728959978,0.6373440027,0.644303,1,0,-1,40553,35484,17,17,8933,25.17472664,14.4290948,512002,0,512002,40553
v2,ea89b79a9dfd35df20fed759e6d15c60fe01e77c,direct,octree_leafcount,flyby,6,919,919,0.4302079976,0.1711679995,0.6023039818,0.609467,1,0,-1,40529,35463,17,17,8923,25.16143586,14.43763923,512002,0,512002,40529
v2,ea89b79a9dfd35df20fed759e6d15c60fe01e77c,direct,octree_leafcount,flyby,6,920,920,0.3992640078,0.1739519984,0.5741119981,0.581285,1,0,-1,40177,35155,17,17,8780,24.97511023,14.56413028,512002,0,512002,40177
v2,ea89b79a9dfd35df20fed759e6d15c60fe01e77c,direct,octree_leafcount,flyby,6,921,921,0.4620159864,0.1677439958,0.6307200193,0.637868,1,0,-1,40401,35351,17,17,8849,25.03182371,14.48338095,512002,0,512002,40401
v2,ea89b79a9dfd35df20fed759e6d15c60fe01e77c,direct,octree_leafcount,flyby,6,922,922,0.4327040017,0.1729599983,0.6066240072,0.614092,1,0,-1,40897,35785,17,17,9058,25.31228168,14.3077267,512002,0,512002,40897
v2,ea89b79a9dfd35df20fed759e6d15c60fe01e77c,direct,octree_leafcount,flyby,6,923,923,0.4293760061,0.1752640009,0.6055999994,0.612901,1,0,-1,40337,35295,17,17,8799,24.92987675,14.50636067,512002,0,512002,40337
v2,ea89b79a9dfd35df20fed759e6d15c60fe01e77c,direct,octree_leafcount,flyby,6,924,924,0.4565120041,0.1700479984,0.6274880171,0.633672,1,0,-1,40313,35274,17,17,8964,25.41248512,14.51499688,512002,0,512002,40313
v2,ea89b79a9dfd35df20fed759e6d15c60fe01e77c,direct,octree_leafcount,flyby,6,925,925,0.4251199961,0.1730560064,0.5991039872,0.606726,1,0,-1,40553,35484,17,17,8960,25.25081727,14.4290948,512002,0,512002,40553
v2,ea89b79a9dfd35df20fed759e6d15c60fe01e77c,direct,octree_leafcount,flyby,6,926,926,0.4355199933,0.1689279974,0.6054080129,0.612896,1,0,-1,40337,35295,17,17,8811,24.9638759,14.50636067,512002,0,512002,40337
v2,ea89b79a9dfd35df20fed759e6d15c60fe01e77c,direct,octree_leafcount,flyby,6,927,927,0.4551360011,0.1730560064,0.629152,0.636164,1,0,-1,40561,35491,17,17,8948,25.21202558,14.42624891,512002,0,512002,40561
v2,ea89b79a9dfd35df20fed759e6d15c60fe01e77c,direct,octree_leafcount,flyby,6,928,928,0.4350079894,0.1731519997,0.6091200113,0.616835,1,0,-1,40521,35456,17,17,8830,24.9041065,14.44048962,512002,0,512002,40521
v2,ea89b79a9dfd35df20fed759e6d15c60fe01e77c,direct,octree_leafcount,flyby,6,929,929,0.4319039881,0.1751040071,0.6079360247,0.615482,1,0,-1,40177,35155,17,17,8646,24.59394112,14.56413028,512002,0,512002,40177
v2,ea89b79a9dfd35df20fed759e6d15c60fe01e77c,direct,octree_leafcount,flyby,6,930,930,0.4607680142,0.1710080057,0.6327360272,0.640245,1,0,-1,40185,35162,17,17,8821,25.08674137,14.56123087,512002,0,512002,40185
v2,ea89b79a9dfd35df20fed759e6d15c60fe01e77c,direct,octree_leafcount,flyby,6,931,931,0.4277119935,0.1791999936,0.6078400016,0.615023,1,0,-1,40065,35057,17,17,8670,24.73115212,14.60484354,512002,0,512002,40065
v2,ea89b79a9dfd35df20fed759e6d15c60fe01e77c,direct,octree_leafcount,flyby,6,932,932,0.4332799911,0.1751040071,0.6093119979,0.616885,1,0,-1,40177,35155,17,17,8584,24.41757929,14.56413028,512002,0,512002,40177
v2,ea89b79a9dfd35df20fed759e6d15c60fe01e77c,direct,octree_leafcount,flyby,6,933,933,0.4692159891,0.168960005,0.6402239799,0.646502,1,0,-1,40137,35120,17,17,8767,24.96298405,14.57864465,512002,0,512002,40137
v2,ea89b79a9dfd35df20fed759e6d15c60fe01e77c,direct,octree_leafcount,flyby,6,934,934,0.4250879884,0.1741759926,0.6001920104,0.607702,1,0,-1,39961,34966,17,17,8731,24.96997083,14.64285306,512002,0,512002,39961
v2,ea89b79a9dfd35df20fed759e6d15c60fe01e77c,direct,octree_leafcount,flyby,6,935,935,0.4318720102,0.1741759926,0.6069759727,0.613996,1,0,-1,40177,35155,17,17,8705,24.76176931,14.56413028,512002,0,512002,40177
v2,ea89b79a9dfd35df20fed759e6d15c60fe01e77c,direct,octree_leafcount,flyby,6,936,936,0.4607360065,0.1699199975,0.6316480041,0.638556,1,0,-1,40233,35204,17,17,8808,25.0198841,14.54385865,512002,0,512002,40233
v2,ea89b79a9dfd35df20fed759e6d15c60fe01e77c,direct,octree_leafcount,flyby,6,937,937,0.4290559888,0.1787520051,0.6087359786,0.617322,1,0,-1,40089,35078,17,17,8743,24.92445407,14.59610012,512002,0,512002,40089
v2,ea89b79a9dfd35df20fed759e6d15c60fe01e77c,direct,octree_leafcount,flyby,6,938,938,0.4616959989,0.1759359986,0.6385920048,0.646376,1,0,-1,40449,35393,17,17,8830,24.94843613,14.46619388,512002,0,512002,40449
v2,ea89b79a9dfd35df20fed759e6d15c60fe01e77c,direct,octree_leafcount,flyby,6,939,939,0.4302400053,0.1712960005,0.6024640203,0.609569,1,0,-1,40441,35386,17,17,8913,25.18792743,14.46905556,512002,0,512002,40441
v2,ea89b79a9dfd35df20fed759e6d15c60fe01e77c,direct,octree_leafcount,flyby,6,940,940,0.422623992,0.1720319986,0.595615983,0.60309,1,0,-1,40185,35162,17,17,8822,25.08958535,14.56123087,512002,0,512002,40185
v2,ea89b79a9dfd35df20fed759e6d15c60fe01e77c,direct,octree_leafcount,flyby,6,941,941,0.455776006,0.1729920059,0.6297280192,0.636997,1,0,-1,40561,35491,17,17,8881,25.02324533,14.42624891,512002,0,512002,40561
v2,ea89b79a9dfd35df20fed759e6d15c60fe01e77c,direct,octree_leafcount,flyby,6,942,942,0.4280959964,0.1710080057,0.6000639796,0.607436,1,0,-1,40553,35484,17,17,8926,25.15499944,14.4290948,512002,0,512002,40553
v2,ea89b79a9dfd35df20fed759e6d15c60fe01e77c,direct,octree_leafcount,flyby,6,943,943,0.4252159894,0.1729599983,0.5991680026,0.60681,1,0,-1,40353,35309,17,17,8838,25.0304455,14.50060891,512002,0,512002,40353
v2,ea89b79a9dfd35df20fed759e6d15c60fe01e77c,direct,octree_leafcount,flyby,6,944,944,0.4577600062,0.1731519997,0.631904006,0.639309,1,0,-1,40353,35309,17,17,8871,25.12390609,14.50060891,512002,0,512002,40353
v2,ea89b79a9dfd35df20fed759e6d15c60fe01e77c,direct,octree_leafcount,flyby,6,945,945,0.421119988,0.171103999,0.5931839943,0.600223,1,0,-1,40305,35267,17,17,8861,25.1254714,14.5178779,512002,0,512002,40305
v2,ea89b79a9dfd35df20fed759e6d15c60fe01e77c,direct,octree_leafcount,flyby,6,946,946,0.4303680062,0.1760960072,0.6074240208,0.614348,1,0,-1,40105,35092,17,17,8703,24.80052434,14.59027699,512002,0,512002,40105
v2,ea89b79a9dfd35df20fed759e6d15c60fe01e77c,direct,octree_leafcount,flyby,6,947,947,0.4577279985,0.1751359999,0.6337919831,0.640482,1,0,-1,40097,35085,17,17,8751,24.94228303,14.59318797,512002,0,512002,40097
v2,ea89b79a9dfd35df20fed759e6d15c60fe01e77c,direct,octree_leafcount,flyby,6,948,948,0.3955200016,0.1701759994,0.5678399801,0.574452,1,0,-1,40145,35127,17,17,8702,24.77296666,14.57573946,512002,0,512002,40145
v2,ea89b79a9dfd35df20fed759e6d15c60fe01e77c,direct,octree_leafcount,flyby,6,949,949,0.422495991,0.1752000004,0.5986559987,0.605968,1,0,-1,39937,34945,17,17,8607,24.63013307,14.6516526,512002,0,512002,39937
v2,ea89b79a9dfd35df20fed759e6d15c60fe01e77c,direct,octree_leafcount,flyby,6,950,950,0.464064002,0.1768639982,0.6418880224,0.649321,1,0,-1,40089,35078,17,17,8752,24.95011118,14.59610012,512002,0,512002,40089
v2,ea89b79a9dfd35df20fed759e6d15c60fe01e77c,direct,octree_leafcount,flyby,6,951,951,0.3937920034,0.1728959978,0.5676479936,0.575256,1,0,-1,40169,35148,17,17,8679,24.69272789,14.56703084,512002,0,512002,40169
v2,ea89b79a9dfd35df20fed759e6d15c60fe01e77c,direct,octree_leafcount,flyby,6,952,952,0.4382719994,0.1720319986,0.6112639904,0.618785,1,0,-1,40017,35015,17,17,8535,24.37526774,14.62236184,512002,0,512002,40017
v2,ea89b79a9dfd35df20fed759e6d15c60fe01e77c,direct,octree_leafcount,flyby,6,953,953,0.4597760141,0.1730239987,0.6337599754,0.641438,1,0,-1,40073,35064,17,17,8793,25.07700205,14.6019279,512002,0,512002,40073
v2,ea89b79a9dfd35df20fed759e6d15c60fe01e77c,direct,octree_leafcount,flyby,6,954,954,0.3968319893,0.1761920005,0.5739520192,0.581459,1,0,-1,40169,35148,17,17,8730,24.83782861,14.56703084,512002,0,512002,40169
v2,ea89b79a9dfd35df20fed759e6d15c60fe01e77c,direct,octree_leafcount,flyby,6,955,955,0.4227840006,0.1711360067,0.5948799849,0.602073,1,0,-1,40017,35015,17,17,8661,24.73511352,14.62236184,512002,0,512002,40017
v2,ea89b79a9dfd35df20fed759e6d15c60fe01e77c,direct,octree_leafcount,flyby,6,956,956,0.4658879936,0.1688960046,0.6357759833,0.642608,1,0,-1,40057,35050,17,17,8781,25.05278174,14.60776034,512002,0,512002,40057
v2,ea89b79a9dfd35df20fed759e6d15c60fe01e77c,direct,octree_leafcount,flyby,6,957,957,0.3964160085,0.173984006,0.571359992,0.579221,1,0,-1,39969,34973,17,17,8597,24.58182026,14.63992223,512002,0,512002,39969
v2,ea89b79a9dfd35df20fed759e6d15c60fe01e77c,direct,octree_leafcount,flyby,6,958,958,0.4287360013,0.174112007,0.6037759781,0.611403,1,0,-1,40273,35239,17,17,8707,24.70841965,14.52941343,512002,0,512002,40273
v2,ea89b79a9dfd35df20fed759e6d15c60fe01e77c,direct,octree_leafcount,flyby,6,959,959,0.4612480104,0.1728000045,0.6349760294,0.643007,1,0,-1,40265,35232,17,17,8795,24.96310173,14.53230018,512002,0,512002,40265
v2,ea89b79a9dfd35df20fed759e6d15c60fe01e77c,direct,octree_leafcount,flyby,6,960,960,0.3975679874,0.1738239974,0.5723519921,0.579968,1,0,-1,39793,34819,17,17,8567,24.60438266,14.70467274,512002,0,512002,39793
v2,ea89b79a9dfd35df20fed759e6d15c60fe01e77c,direct,octree_leafcount,flyby,6,961,961,0.4266240001,0.1731519997,0.6007040143,0.608797,1,0,-1,40369,35323,17,17,8864,25.0941313,14.4948617,512002,0,512002,40369
v2,ea89b79a9dfd35df20fed759e6d15c60fe01e77c,direct,octree_leafcount,flyby,6,962,962,0.4572480023,0.1750079989,0.6332479715,0.640517,1,0,-1,40489,35428,17,17,8921,25.18064807,14.45190245,512002,0,512002,40489
v2,ea89b79a9dfd35df20fed759e6d15c60fe01e77c,direct,octree_leafcount,flyby,6,963,963,0.3907519877,0.1720319986,0.5637760162,0.571055,1,0,-1,40113,35099,17,17,8791,25.04629762,14.58736716,512002,0,512002,40113
v2,ea89b79a9dfd35df20fed759e6d15c60fe01e77c,direct,octree_leafcount,flyby,6,964,964,0.4338240027,0.171103999,0.6058880091,0.613315,1,0,-1,40313,35274,17,17,8851,25.09213585,14.51499688,512002,0,512002,40313
v2,ea89b79a9dfd35df20fed759e6d15c60fe01e77c,direct,octree_leafcount,flyby,6,965,965,0.4635519981,0.1729599983,0.6374719739,0.644565,1,0,-1,40273,35239,17,17,8860,25.14259769,14.52941343,512002,0,512002,40273
v2,ea89b79a9dfd35df20fed759e6d15c60fe01e77c,direct,octree_leafcount,flyby,6,966,966,0.3980160058,0.1731519997,0.5721279979,0.579491,1,0,-1,39913,34924,17,17,8731,25,14.66046272,512002,0,512002,39913
v2,ea89b79a9dfd35df20fed759e6d15c60fe01e77c,direct,octree_leafcount,flyby,6,967,967,0.4287360013,0.1741439998,0.6038079858,0.6113,1,0,-1,40065,35057,17,17,8811,25.13335425,14.60484354,512002,0,512002,40065
v2,ea89b79a9dfd35df20fed759e6d15c60fe01e77c,direct,octree_leafcount,flyby,6,968,968,0.4620159864,0.1707839966,0.6337280273,0.640696,1,0,-1,40321,35281,17,17,8953,25.37626485,14.512117,512002,0,512002,40321
v2,ea89b79a9dfd35df20fed759e6d15c60fe01e77c,direct,octree_leafcount,flyby,6,969,969,0.3926399946,0.1751040071,0.5687040091,0.575899,1,0,-1,39913,34924,17,17,8780,25.14030466,14.66046272,512002,0,512002,39913
v2,ea89b79a9dfd35df20fed759e6d15c60fe01e77c,direct,octree_leafcount,flyby,6,970,970,0.4331839979,0.1760639995,0.6102399826,0.617782,1,0,-1,40225,35197,17,17,8938,25.39420973,14.54675114,512002,0,512002,40225
v2,ea89b79a9dfd35df20fed759e6d15c60fe01e77c,direct,octree_leafcount,flyby,6,971,971,0.455520004,0.1730239987,0.629504025,0.636617,1,0,-1,40569,35498,17,17,8928,25.15071272,14.42340414,512002,0,512002,40569
v2,ea89b79a9dfd35df20fed759e6d15c60fe01e77c,direct,octree_leafcount,flyby,6,972,972,0.3971199989,0.1732160002,0.5713279843,0.578294,1,0,-1,40209,35183,17,17,8765,24.91259984,14.55253958,512002,0,512002,40209
v2,ea89b79a9dfd35df20fed759e6d15c60fe01e77c,direct,octree_leafcount,flyby,6,973,973,0.4258239865,0.1730879992,0.5998719931,0.607778,1,0,-1,40209,35183,17,17,8857,25.17408976,14.55253958,512002,0,512002,40209
v2,ea89b79a9dfd35df20fed759e6d15c60fe01e77c,direct,octree_leafcount,flyby,6,974,974,0.4613440037,0.1688639969,0.6311039925,0.638629,1,0,-1,40313,35274,17,17,8844,25.07229121,14.51499688,512002,0,512002,40313
v2,ea89b79a9dfd35df20fed759e6d15c60fe01e77c,direct,octree_leafcount,flyby,6,975,975,0.3983359933,0.1730879992,0.5723519921,0.579364,1,0,-1,40057,35050,17,17,8643,24.65905849,14.60776034,512002,0,512002,40057
v2,ea89b79a9dfd35df20fed759e6d15c60fe01e77c,direct,octree_leafcount,flyby,6,976,976,0.4337280095,0.1751359999,0.6097919941,0.61768,1,0,-1,40105,35092,17,17,8776,25.00854896,14.59027699,512002,0,512002,40105
v2,ea89b79a9dfd35df20fed759e6d15c60fe01e77c,direct,octree_leafcount,flyby,6,977,977,0.4660800099,0.1708479971,0.6378880143,0.645352,1,0,-1,40529,35463,17,17,8766,24.71872092,14.43763923,512002,0,512002,40529
v2,ea89b79a9dfd35df20fed759e6d15c60fe01e77c,direct,octree_leafcount,flyby,6,978,978,0.3993600011,0.1731200069,0.573472023,0.580745,1,0,-1,39841,34861,17,17,8568,24.57760822,14.68695677,512002,0,512002,39841
v2,ea89b79a9dfd35df20fed759e6d15c60fe01e77c,direct,octree_leafcount,flyby,6,979,979,0.4250879884,0.1710080057,0.5970240235,0.604272,1,0,-1,39593,34644,17,17,8705,25.12700612,14.77895162,512002,0,512002,39593
v2,ea89b79a9dfd35df20fed759e6d15c60fe01e77c,direct,octree_leafcount,flyby,6,980,980,0.4560959935,0.1750079989,0.6320639849,0.639371,1,0,-1,39961,34966,17,17,8695,24.86701367,14.64285306,512002,0,512002,39961
v2,ea89b79a9dfd35df20fed759e6d15c60fe01e77c,direct,octree_leafcount,flyby,6,981,981,0.4017600119,0.1710080057,0.5736960173,0.580972,1,0,-1,39921,34931,17,17,8525,24.40525608,14.65752483,512002,0,512002,39921
v2,ea89b79a9dfd35df20fed759e6d15c60fe01e77c,direct,octree_leafcount,flyby,6,982,982,0.4266879857,0.1731200069,0.6007999778,0.609035,1,0,-1,39929,34938,17,17,8714,24.94132463,14.65458813,512002,0,512002,39929
v2,ea89b79a9dfd35df20fed759e6d15c60fe01e77c,direct,octree_leafcount,flyby,6,983,983,0.4603520036,0.1729599983,0.634303987,0.641348,1,0,-1,39985,34987,17,17,8579,24.5205362,14.63406408,512002,0,512002,39985
v2,ea89b79a9dfd35df20fed759e6d15c60fe01e77c,direct,octree_leafcount,flyby,6,984,984,0.3975360096,0.1728959978,0.5713919997,0.578724,1,0,-1,40225,35197,17,17,8608,24.45662983,14.54675114,512002,0,512002,40225
v2,ea89b79a9dfd35df20fed759e6d15c60fe01e77c,direct,octree_leafcount,flyby,6,985,985,0.423999995,0.1709119976,0.595871985,0.602706,1,0,-1,39985,34987,17,17,8781,25.0978935,14.63406408,512002,0,512002,39985
v2,ea89b79a9dfd35df20fed759e6d15c60fe01e77c,direct,octree_leafcount,flyby,6,986,986,0.4549120069,0.170975998,0.6268159747,0.634903,1,0,-1,40361,35316,17,17,8658,24.5158002,14.49773474,512002,0,512002,40361
v2,ea89b79a9dfd35df20fed759e6d15c60fe01e77c,direct,octree_leafcount,flyby,6,987,987,0.3989759982,0.1710720062,0.5710080266,0.578371,1,0,-1,40329,35288,17,17,8577,24.30571299,14.50923827,512002,0,512002,40329
v2,ea89b79a9dfd35df20fed759e6d15c60fe01e77c,direct,octree_leafcount,flyby,6,988,988,0.4290559888,0.1710399985,0.6009920239,0.609469,1,0,-1,40273,35239,17,17,8801,24.97516956,14.52941343,512002,0,512002,40273
v2,ea89b79a9dfd35df20fed759e6d15c60fe01e77c,direct,octree_leafcount,flyby,6,989,989,0.4636160135,0.174751997,0.6393280029,0.64698,1,0,-1,40153,35134,17,17,8720,24.81926339,14.57283543,512002,0,512002,40153
v2,ea89b79a9dfd35df20fed759e6d15c60fe01e77c,direct,octree_leafcount,flyby,6,990,990,0.3950720131,0.1750719994,0.5711039901,0.578453,1,0,-1,40249,35218,17,17,8605,24.43352831,14.53807712,512002,0,512002,40249
v2,ea89b79a9dfd35df20fed759e6d15c60fe01e77c,direct,octree_leafcount,flyby,6,991,991,0.429663986,0.1699839979,0.6006079912,0.608599,1,0,-1,40065,35057,17,17,8808,25.12479676,14.60484354,512002,0,512002,40065
v2,ea89b79a9dfd35df20fed759e6d15c60fe01e77c,direct,octree_leafcount,flyby,6,992,992,0.4618239999,0.1749760062,0.6377919912,0.645521,1,0,-1,40193,35169,17,17,8668,24.64670591,14.55833262,512002,0,512002,40193
v2,ea89b79a9dfd35df20fed759e6d15c60fe01e77c,direct,octree_leafcount,flyby,6,993,993,0.4303680062,0.1731200069,0.6044160128,0.6126,1,0,-1,40329,35288,17,17,8700,24.65427341,14.50923827,512002,0,512002,40329
v2,ea89b79a9dfd35df20fed759e6d15c60fe01e77c,direct,octree_leafcount,flyby,6,994,994,0.4272319973,0.1750400066,0.6032320261,0.610675,1,0,-1,39921,34931,17,17,8785,25.1495806,14.65752483,512002,0,512002,39921
v2,ea89b79a9dfd35df20fed759e6d15c60fe01e77c,direct,octree_leafcount,flyby,6,995,995,0.4607360065,0.176128,0.6378239989,0.645695,1,0,-1,39993,34994,17,17,8703,24.86997771,14.63113677,512002,0,512002,39993
v2,ea89b79a9dfd35df20fed759e6d15c60fe01e77c,direct,octree_leafcount,flyby,6,996,996,0.4246720076,0.1731200069,0.5987520218,0.605794,1,0,-1,40265,35232,17,17,8693,24.67359219,14.53230018,512002,0,512002,40265
v2,ea89b79a9dfd35df20fed759e6d15c60fe01e77c,direct,octree_leafcount,flyby,6,997,997,0.3937599957,0.1738879979,0.568607986,0.575886,1,0,-1,39849,34868,17,17,8654,24.81931857,14.68400826,512002,0,512002,39849
v2,ea89b79a9dfd35df20fed759e6d15c60fe01e77c,direct,octree_leafcount,flyby,6,998,998,0.4592640102,0.1732160002,0.63340801,0.641457,1,0,-1,40017,35015,17,17,8614,24.60088533,14.62236184,512002,0,512002,40017
v2,ea89b79a9dfd35df20fed759e6d15c60fe01e77c,direct,octree_leafcount,flyby,6,999,999,0.431039989,0.1729920059,0.6050239801,0.612446,1,0,-1,40337,35295,17,17,8625,24.43688908,14.50636067,512002,0,512002,40337
v2,ea89b79a9dfd35df20fed759e6d15c60fe01e77c,direct,octree_leafcount,flyby,6,1000,1000,0.4020160139,0.1687999964,0.5718079805,0.579349,1,0,-1,40081,35071,17,17,8594,24.50457643,14.59901343,512002,0,512002,40081
v2,ea89b79a9dfd35df20fed759e6d15c60fe01e77c,direct,octree_leafcount,flyby,6,1001,1001,0.4605120122,0.1731200069,0.6346240044,0.642159,1,0,-1,39833,34854,17,17,8468,24.29563321,14.68990647,512002,0,512002,39833
v2,ea89b79a9dfd35df20fed759e6d15c60fe01e77c,direct,octree_leafcount,flyby,6,1002,1002,0.4342080057,0.174112007,0.6092479825,0.617171,1,0,-1,40025,35022,17,17,8612,24.59025755,14.61943921,512002,0,512002,40025
v2,ea89b79a9dfd35df20fed759e6d15c60fe01e77c,direct,octree_leafcount,flyby,6,1003,1003,0.392576009,0.1727039963,0.566208005,0.573372,1,0,-1,40065,35057,17,17,8676,24.74826711,14.60484354,512002,0,512002,40065
v2,ea89b79a9dfd35df20fed759e6d15c60fe01e77c,direct,octree_leafcount,flyby,6,1004,1004,0.4666880071,0.1730560064,0.6407359838,0.648325,1,0,-1,39969,34973,17,17,8604,24.6018357,14.63992223,512002,0,512002,39969
v2,ea89b79a9dfd35df20fed759e6d15c60fe01e77c,direct,octree_leafcount,flyby,6,1005,1005,0.4309439957,0.1731840074,0.6050879955,0.612225,1,0,-1,40337,35295,17,17,8734,24.74571469,14.50636067,512002,0,512002,40337
v2,ea89b79a9dfd35df20fed759e6d15c60fe01e77c,direct,octree_leafcount,flyby,6,1006,1006,0.3968960047,0.169855997,0.5676800013,0.575081,1,0,-1,40121,35106,17,17,8701,24.78493705,14.5844585,512002,0,512002,40121
v2,ea89b79a9dfd35df20fed759e6d15c60fe01e77c,direct,octree_leafcount,flyby,6,1007,1007,0.4625279903,0.173984006,0.6374400258,0.644414,1,0,-1,40097,35085,17,17,8627,24.58885564,14.59318797,512002,0,512002,40097
v2,ea89b79a9dfd35df20fed759e6d15c60fe01e77c,direct,octree_leafcount,flyby,6,1008,1008,0.4256959856,0.1749760062,0.6015999913,0.609221,1,0,-1,40489,35428,17,17,8743,24.67822062,14.45190245,512002,0,512002,40489
v2,ea89b79a9dfd35df20fed759e6d15c60fe01e77c,direct,octree_leafcount,flyby,6,1009,1009,0.3991360068,0.1730879992,0.5732160211,0.580471,1,0,-1,40177,35155,17,17,8728,24.82719386,14.56413028,512002,0,512002,40177
v2,ea89b79a9dfd35df20fed759e6d15c60fe01e77c,direct,octree_leafcount,flyby,6,1010,1010,0.4565440118,0.1720640063,0.6295359731,0.637311,1,0,-1,39977,34980,17,17,8596,24.57404231,14.63699257,512002,0,512002,39977
v2,ea89b79a9dfd35df20fed759e6d15c60fe01e77c,direct,octree_leafcount,flyby,6,1011,1011,0.4319039881,0.171232,0.6041280031,0.610899,1,0,-1,40385,35337,17,17,8749,24.75875145,14.48911905,512002,0,512002,40385
v2,ea89b79a9dfd35df20fed759e6d15c60fe01e77c,direct,octree_leafcount,flyby,6,1012,1012,0.3987199962,0.1687680036,0.5684800148,0.575568,1,0,-1,40545,35477,17,17,8741,24.63849818,14.43194182,512002,0,512002,40545
v2,ea89b79a9dfd35df20fed759e6d15c60fe01e77c,direct,octree_leafcount,flyby,6,1013,1013,0.4608959854,0.1720319986,0.6339200139,0.641372,1,0,-1,39985,34987,17,17,8599,24.57770029,14.63406408,512002,0,512002,39985
v2,ea89b79a9dfd35df20fed759e6d15c60fe01e77c,direct,octree_leafcount,flyby,6,1014,1014,0.4236800075,0.1740159988,0.5986559987,0.605626,1,0,-1,40201,35176,17,17,8821,25.07675688,14.55543552,512002,0,512002,40201
v2,ea89b79a9dfd35df20fed759e6d15c60fe01e77c,direct,octree_leafcount,flyby,6,1015,1015,0.3882560134,0.1699839979,0.5592319965,0.564637,1,0,-1,40049,35043,17,17,8767,25.01783523,14.61067831,512002,0,512002,40049
v2,ea89b79a9dfd35df20fed759e6d15c60fe01e77c,direct,octree_leafcount,flyby,6,1016,1016,0.4508480132,0.1701440066,0.621984005,0.627203,1,0,-1,40121,35106,17,17,8654,24.6510568,14.5844585,512002,0,512002,40121
v2,ea89b79a9dfd35df20fed759e6d15c60fe01e77c,direct,octree_leafcount,flyby,6,1017,1017,0.4312320054,0.1710720062,0.6032959819,0.611005,1,0,-1,39889,34903,17,17,8716,24.97206544,14.66928344,512002,0,512002,39889
v2,ea89b79a9dfd35df20fed759e6d15c60fe01e77c,direct,octree_leafcount,flyby,6,1018,1018,0.3978239894,0.1769919991,0.5757759809,0.582927,1,0,-1,39985,34987,17,17,8660,24.75205076,14.63406408,512002,0,512002,39985
v2,ea89b79a9dfd35df20fed759e6d15c60fe01e77c,direct,octree_leafcount,flyby,6,1019,1019,0.4563519955,0.1710080057,0.628287971,0.63574,1,0,-1,40001,35001,17,17,8630,24.65643839,14.62821062,512002,0,512002,40001
v2,ea89b79a9dfd35df20fed759e6d15c60fe01e77c,direct,octree_leafcount,flyby,6,1020,1020,0.4334399998,0.1801919937,0.6146240234,0.622463,1,0,-1,40225,35197,17,17,8736,24.82029718,14.54675114,512002,0,512002,40225
v2,ea89b79a9dfd35df20fed759e6d15c60fe01e77c,direct,octree_leafcount,flyby,6,1021,1021,0.391072005,0.1771200001,0.5691199899,0.575998,1,0,-1,40257,35225,17,17,8652,24.56210078,14.53518808,512002,0,512002,40257
v2,ea89b79a9dfd35df20fed759e6d15c60fe01e77c,direct,octree_leafcount,flyby,6,1022,1022,0.4667200148,0.1760639995,0.6437119842,0.650948,1,0,-1,40065,35057,17,17,8474,24.17206264,14.60484354,512002,0,512002,40065
v2,ea89b79a9dfd35df20fed759e6d15c60fe01e77c,direct,octree_leafcount,flyby,6,1023,1023,0.4255999923,0.1721599996,0.5986880064,0.605659,1,0,-1,40177,35155,17,17,8741,24.86417295,14.56413028,512002,0,512002,40177
v2,ea89b79a9dfd35df20fed759e6d15c60fe01e77c,direct,octree_leafcount,flyby,6,1024,1024,0.3962239921,0.1700800061,0.5672640204,0.573722,1,0,-1,40201,35176,17,17,8541,24.28075961,14.55543552,512002,0,512002,40201
v2,ea89b79a9dfd35df20fed759e6d15c60fe01e77c,direct,octree_leafcount,flyby,6,1025,1025,0.4489279985,0.1731200069,0.6229760051,0.628804,1,0,-1,40153,35134,17,17,8515,24.235783,14.57283543,512002,0,512002,40153
v2,ea89b79a9dfd35df20fed759e6d15c60fe01e77c,direct,octree_leafcount,flyby,6,1026,1026,0.4217920005,0.1752640009,0.5980479717,0.604127,1,0,-1,40169,35148,17,17,8750,24.89473085,14.56703084,512002,0,512002,40169
v2,ea89b79a9dfd35df20fed759e6d15c60fe01e77c,direct,octree_leafcount,flyby,6,1027,1027,0.3880319893,0.1699520051,0.5589119792,0.564553,1,0,-1,40257,35225,17,17,8594,24.397445,14.53518808,512002,0,512002,40257
v2,ea89b79a9dfd35df20fed759e6d15c60fe01e77c,direct,octree_leafcount,flyby,6,1028,1028,0.451263994,0.1691839993,0.6214079857,0.626567,1,0,-1,40265,35232,17,17,8584,24.36421435,14.53230018,512002,0,512002,40265
v2,ea89b79a9dfd35df20fed759e6d15c60fe01e77c,direct,octree_leafcount,flyby,6,1029,1029,0.4107199907,0.171360001,0.5829759836,0.587861,1,0,-1,40329,35288,17,17,8802,24.94332351,14.50923827,512002,0,512002,40329
v2,ea89b79a9dfd35df20fed759e6d15c60fe01e77c,direct,octree_leafcount,flyby,6,1030,1030,0.3821440041,0.1680320054,0.5511680245,0.556286,1,0,-1,40241,35211,17,17,8699,24.70534776,14.54096731,512002,0,512002,40241
v2,ea89b79a9dfd35df20fed759e6d15c60fe01e77c,direct,octree_leafcount,flyby,6,1031,1031,0.4530879855,0.1703040004,0.6243199706,0.629588,1,0,-1,40273,35239,17,17,8615,24.44734527,14.52941343,512002,0,512002,40273
v2,ea89b79a9dfd35df20fed759e6d15c60fe01e77c,direct,octree_leafcount,flyby,6,1032,1032,0.4216960073,0.1703359932,0.5930240154,0.598128,1,0,-1,40113,35099,17,17,8823,25.1374683,14.58736716,512002,0,512002,40113
v2,ea89b79a9dfd35df20fed759e6d15c60fe01e77c,direct,octree_leafcount,flyby,6,1033,1033,0.3846080005,0.1671359986,0.5527039766,0.557774,1,0,-1,39961,34966,17,17,8588,24.56100212,14.64285306,512002,0,512002,39961
v2,ea89b79a9dfd35df20fed759e6d15c60fe01e77c,direct,octree_leafcount,flyby,6,1034,1034,0.451135993,0.166207999,0.6183040142,0.623302,1,0,-1,40073,35064,17,17,8606,24.54369154,14.6019279,512002,0,512002,40073
v2,ea89b79a9dfd35df20fed759e6d15c60fe01e77c,direct,octree_leafcount,flyby,6,1035,1035,0.4224320054,0.1711360067,0.5944960117,0.600779,1,0,-1,40153,35134,17,17,8790,25.0185006,14.57283543,512002,0,512002,40153
v2,ea89b79a9dfd35df20fed759e6d15c60fe01e77c,direct,octree_leafcount,flyby,6,1036,1036,0.3815039992,0.1752959937,0.5577920079,0.563049,1,0,-1,40081,35071,17,17,8614,24.5616036,14.59901343,512002,0,512002,40081
v2,ea89b79a9dfd35df20fed759e6d15c60fe01e77c,direct,octree_leafcount,flyby,6,1037,1037,0.4487040043,0.1722880006,0.6219199896,0.627367,1,0,-1,40273,35239,17,17,8630,24.48991175,14.52941343,512002,0,512002,40273
v2,ea89b79a9dfd35df20fed759e6d15c60fe01e77c,direct,octree_leafcount,flyby,6,1038,1038,0.4290879965,0.1702399999,0.6002879739,0.606969,1,0,-1,40041,35036,17,17,8747,24.96574951,14.61359744,512002,0,512002,40041
v2,ea89b79a9dfd35df20fed759e6d15c60fe01e77c,direct,octree_leafcount,flyby,6,1039,1039,0.3937599957,0.1698240042,0.5645440221,0.571048,1,0,-1,39937,34945,17,17,8593,24.59007011,14.6516526,512002,0,512002,39937
v2,ea89b79a9dfd35df20fed759e6d15c60fe01e77c,direct,octree_leafcount,flyby,6,1040,1040,0.4591360092,0.1721599996,0.6322559714,0.639166,1,0,-1,40057,35050,17,17,8600,24.5363766,14.60776034,512002,0,512002,40057
v2,ea89b79a9dfd35df20fed759e6d15c60fe01e77c,direct,octree_leafcount,flyby,6,1041,1041,0.4407359958,0.168960005,0.6106879711,0.617475,1,0,-1,40129,35113,17,17,8695,24.76290832,14.58155099,512002,0,512002,40129
v2,ea89b79a9dfd35df20fed759e6d15c60fe01e77c,direct,octree_leafcount,flyby,6,1042,1042,0.3869119883,0.1711679995,0.5590720177,0.565055,1,0,-1,40113,35099,17,17,8585,24.45938631,14.58736716,512002,0,512002,40113
v2,ea89b79a9dfd35df20fed759e6d15c60fe01e77c,direct,octree_leafcount,flyby,6,1043,1043,0.4474239945,0.1754560024,0.6238719821,0.629803,1,0,-1,40529,35463,17,17,8760,24.70180188,14.43763923,512002,0,512002,40529
v2,ea89b79a9dfd35df20fed759e6d15c60fe01e77c,direct,octree_leafcount,flyby,6,1044,1044,0.4277440012,0.1731200069,0.6018239856,0.608663,1,0,-1,40449,35393,17,17,8880,25.089707,14.46619388,512002,0,512002,40449
v2,ea89b79a9dfd35df20fed759e6d15c60fe01e77c,direct,octree_leafcount,flyby,6,1045,1045,0.3876479864,0.1725759953,0.5611519814,0.56767,1,0,-1,40217,35190,17,17,8766,24.91048593,14.54964479,512002,0,512002,40217
v2,ea89b79a9dfd35df20fed759e6d15c60fe01e77c,direct,octree_leafcount,flyby,6,1046,1046,0.4530560076,0.1731840074,0.6272320151,0.634232,1,0,-1,40625,35547,17,17,8806,24.77283596,14.4035221,512002,0,512002,40625
v2,ea89b79a9dfd35df20fed759e6d15c60fe01e77c,direct,octree_leafcount,flyby,6,1047,1047,0.4260799885,0.1701440066,0.5971519947,0.604106,1,0,-1,40457,35400,17,17,8928,25.22033898,14.46333333,512002,0,512002,40457
v2,ea89b79a9dfd35df20fed759e6d15c60fe01e77c,direct,octree_leafcount,flyby,6,1048,1048,0.3858239949,0.1720640063,0.5588799715,0.564083,1,0,-1,40305,35267,17,17,8736,24.77103241,14.5178779,512002,0,512002,40305
v2,ea89b79a9dfd35df20fed759e6d15c60fe01e77c,direct,octree_leafcount,flyby,6,1049,1049,0.4551039934,0.1701759994,0.6261759996,0.633675,1,0,-1,40489,35428,17,17,8807,24.85886869,14.45190245,512002,0,512002,40489
v2,ea89b79a9dfd35df20fed759e6d15c60fe01e77c,direct,octree_leafcount,flyby,6,1050,1050,0.431392014,0.1731840074,0.6054720283,0.612763,1,0,-1,40225,35197,17,17,8859,25.16975879,14.54675114,512002,0,512002,40225
v2,ea89b79a9dfd35df20fed759e6d15c60fe01e77c,direct,octree_leafcount,flyby,6,1051,1051,0.4255360067,0.1708800048,0.5974079967,0.604476,1,0,-1,40201,35176,17,17,8638,24.55651581,14.55543552,512002,0,512002,40201
v2,ea89b79a9dfd35df20fed759e6d15c60fe01e77c,direct,octree_leafcount,flyby,6,1052,1052,0.4634880126,0.1668480039,0.631295979,0.63892,1,0,-1,40497,35435,17,17,8710,24.5802173,14.44904755,512002,0,512002,40497
v2,ea89b79a9dfd35df20fed759e6d15c60fe01e77c,direct,octree_leafcount,flyby,6,1053,1053,0.4282880127,0.1720319986,0.601279974,0.608186,1,0,-1,40193,35169,17,17,8784,24.97654184,14.55833262,512002,0,512002,40193
v2,ea89b79a9dfd35df20fed759e6d15c60fe01e77c,direct,octree_leafcount,flyby,6,1054,1054,0.3915199935,0.1783040017,0.5708159804,0.577606,1,0,-1,40097,35085,17,17,8701,24.79977198,14.59318797,512002,0,512002,40097
v2,ea89b79a9dfd35df20fed759e6d15c60fe01e77c,direct,octree_leafcount,flyby,6,1055,1055,0.4587199986,0.1712639928,0.6309440136,0.637325,1,0,-1,40073,35064,17,17,8676,24.74332649,14.6019279,512002,0,512002,40073
v2,ea89b79a9dfd35df20fed759e6d15c60fe01e77c,direct,octree_leafcount,flyby,6,1056,1056,0.4294080138,0.1721599996,0.602527976,0.609578,1,0,-1,39913,34924,17,17,8761,25.08590081,14.66046272,512002,0,512002,39913
v2,ea89b79a9dfd35df20fed759e6d15c60fe01e77c,direct,octree_leafcount,flyby,6,1057,1057,0.3875199854,0.173247993,0.5617280006,0.568388,1,0,-1,39961,34966,17,17,8554,24.4637648,14.64285306,512002,0,512002,39961
v2,ea89b79a9dfd35df20fed759e6d15c60fe01e77c,direct,octree_leafcount,flyby,6,1058,1058,0.4473280013,0.1701440066,0.6184639931,0.623669,1,0,-1,40377,35330,17,17,8721,24.68440419,14.49198981,512002,0,512002,40377
v2,ea89b79a9dfd35df20fed759e6d15c60fe01e77c,direct,octree_leafcount,flyby,6,1059,1059,0.4264959991,0.1728959978,0.6003519893,0.607733,1,0,-1,40217,35190,17,17,8872,25.21170787,14.54964479,512002,0,512002,40217
v2,ea89b79a9dfd35df20fed759e6d15c60fe01e77c,direct,octree_leafcount,flyby,6,1060,1060,0.3969280124,0.1720640063,0.5699200034,0.57657,1,0,-1,39921,34931,17,17,8621,24.68008359,14.65752483,512002,0,512002,39921
v2,ea89b79a9dfd35df20fed759e6d15c60fe01e77c,direct,octree_leafcount,flyby,6,1061,1061,0.4612799883,0.174112007,0.6363199949,0.643534,1,0,-1,40169,35148,17,17,8627,24.54478206,14.56703084,512002,0,512002,40169
v2,ea89b79a9dfd35df20fed759e6d15c60fe01e77c,direct,octree_leafcount,flyby,6,1062,1062,0.4221119881,0.1740799993,0.597119987,0.604557,1,0,-1,40225,35197,17,17,8796,24.99076626,14.54675114,512002,0,512002,40225
v2,ea89b79a9dfd35df20fed759e6d15c60fe01e77c,direct,octree_leafcount,flyby,6,1063,1063,0.3938879967,0.169216007,0.5640320182,0.571541,1,0,-1,40225,35197,17,17,8672,24.63846351,14.54675114,512002,0,512002,40225
v2,ea89b79a9dfd35df20fed759e6d15c60fe01e77c,direct,octree_leafcount,flyby,6,1064,1064,0.4588479996,0.173984006,0.6337919831,0.641065,1,0,-1,40537,35470,17,17,8765,24.7110234,14.43478996,512002,0,512002,40537
v2,ea89b79a9dfd35df20fed759e6d15c60fe01e77c,direct,octree_leafcount,flyby,6,1065,1065,0.416832,0.1731519997,0.5909119844,0.596323,1,0,-1,40361,35316,17,17,8806,24.93487371,14.49773474,512002,0,512002,40361
v2,ea89b79a9dfd35df20fed759e6d15c60fe01e77c,direct,octree_leafcount,flyby,6,1066,1066,0.3909440041,0.1753920019,0.5672960281,0.574323,1,0,-1,40073,35064,17,17,8620,24.58361853,14.6019279,512002,0,512002,40073
v2,ea89b79a9dfd35df20fed759e6d15c60fe01e77c,direct,octree_leafcount,flyby,6,1067,1067,0.4584000111,0.1730560064,0.6324160099,0.639787,1,0,-1,40257,35225,17,17,8739,24.80908446,14.53518808,512002,0,512002,40257
v2,ea89b79a9dfd35df20fed759e6d15c60fe01e77c,direct,octree_leafcount,flyby,6,1068,1068,0.4316160083,0.1688639969,0.6014400125,0.608991,1,0,-1,40337,35295,17,17,8807,24.95254285,14.50636067,512002,0,512002,40337
v2,ea89b79a9dfd35df20fed759e6d15c60fe01e77c,direct,octree_leafcount,flyby,6,1069,1069,0.3888959885,0.1762879938,0.5661439896,0.57351,1,0,-1,40081,35071,17,17,8587,24.48461692,14.59901343,512002,0,512002,40081
v2,ea89b79a9dfd35df20fed759e6d15c60fe01e77c,direct,octree_leafcount,flyby,6,1070,1070,0.4553279877,0.1697919965,0.6260799766,0.633075,1,0,-1,40321,35281,17,17,8621,24.43524843,14.512117,512002,0,512002,40321
v2,ea89b79a9dfd35df20fed759e6d15c60fe01e77c,direct,octree_leafcount,flyby,6,1071,1071,0.4245440066,0.1709440053,0.5964800119,0.603316,1,0,-1,39945,34952,17,17,8722,24.95422293,14.64871824,512002,0,512002,39945
v2,ea89b79a9dfd35df20fed759e6d15c60fe01e77c,direct,octree_leafcount,flyby,6,1072,1072,0.3902400136,0.1730239987,0.5642240047,0.572006,1,0,-1,39921,34931,17,17,8480,24.27643068,14.65752483,512002,0,512002,39921
v2,ea89b79a9dfd35df20fed759e6d15c60fe01e77c,direct,octree_leafcount,flyby,6,1073,1073,0.4587199986,0.172864005,0.6325439811,0.640521,1,0,-1,40441,35386,17,17,8610,24.33165659,14.46905556,512002,0,512002,40441
v2,ea89b79a9dfd35df20fed759e6d15c60fe01e77c,direct,octree_leafcount,flyby,6,1074,1074,0.4212479889,0.171103999,0.5933120251,0.600304,1,0,-1,40369,35323,17,17,8684,24.58454831,14.4948617,512002,0,512002,40369
v2,ea89b79a9dfd35df20fed759e6d15c60fe01e77c,direct,octree_leafcount,flyby,6,1075,1075,0.3905600011,0.1753280014,0.5668159723,0.582577,1,0,-1,39993,34994,17,17,8472,24.20986455,14.63113677,512002,0,512002,39993
v2,ea89b79a9dfd35df20fed759e6d15c60fe01e77c,direct,octree_leafcount,flyby,6,1076,1076,0.4568000138,0.1697600037,0.6275519729,0.633838,1,0,-1,40297,35260,17,17,8642,24.50935905,14.52076007,512002,0,512002,40297
v2,ea89b79a9dfd35df20fed759e6d15c60fe01e77c,direct,octree_leafcount,flyby,6,1077,1077,0.4278399944,0.1769919991,0.605791986,0.612583,1,0,-1,40105,35092,17,17,8606,24.52410806,14.59027699,512002,0,512002,40105
v2,ea89b79a9dfd35df20fed759e6d15c60fe01e77c,direct,octree_leafcount,flyby,6,1078,1078,0.3930560052,0.1728959978,0.5669119954,0.574564,1,0,-1,39697,34735,17,17,8430,24.26946884,14.74023319,512002,0,512002,39697
v2,ea89b79a9dfd35df20fed759e6d15c60fe01e77c,direct,octree_leafcount,flyby,6,1079,1079,0.455904007,0.1730239987,0.6298559904,0.637585,1,0,-1,40097,35085,17,17,8581,24.45774548,14.59318797,512002,0,512002,40097
v2,ea89b79a9dfd35df20fed759e6d15c60fe01e77c,direct,octree_leafcount,flyby,6,1080,1080,0.4244799912,0.1729920059,0.5983999968,0.605646,1,0,-1,40049,35043,17,17,8610,24.56981423,14.61067831,512002,0,512002,40049
v2,ea89b79a9dfd35df20fed759e6d15c60fe01e77c,direct,octree_leafcount,flyby,6,1081,1081,0.3952960074,0.1698880047,0.5661119819,0.574722,1,0,-1,39825,34847,17,17,8505,24.40669211,14.69285735,512002,0,512002,39825
v2,ea89b79a9dfd35df20fed759e6d15c60fe01e77c,direct,octree_leafcount,flyby,6,1082,1082,0.4671680033,0.1697919965,0.6379520297,0.645027,1,0,-1,40137,35120,17,17,8617,24.53587699,14.57864465,512002,0,512002,40137
v2,ea89b79a9dfd35df20fed759e6d15c60fe01e77c,direct,octree_leafcount,flyby,6,1083,1083,0.425632,0.1706880033,0.5972480178,0.60435,1,0,-1,40169,35148,17,17,8759,24.92033686,14.56703084,512002,0,512002,40169
v2,ea89b79a9dfd35df20fed759e6d15c60fe01e77c,direct,octree_leafcount,flyby,6,1084,1084,0.3901759982,0.1753280014,0.5664640069,0.573352,1,0,-1,39713,34749,17,17,8509,24.4870356,14.73429451,512002,0,512002,39713
v2,ea89b79a9dfd35df20fed759e6d15c60fe01e77c,direct,octree_leafcount,flyby,6,1085,1085,0.4599039853,0.1708800048,0.6317440271,0.639417,1,0,-1,39889,34903,17,17,8465,24.25292955,14.66928344,512002,0,512002,39889
v2,ea89b79a9dfd35df20fed759e6d15c60fe01e77c,direct,octree_leafcount,flyby,6,1086,1086,0.4295360148,0.1749439985,0.6054400206,0.612775,1,0,-1,39881,34896,17,17,8509,24.38388354,14.67222604,512002,0,512002,39881
v2,ea89b79a9dfd35df20fed759e6d15c60fe01e77c,direct,octree_leafcount,flyby,6,1087,1087,0.3954559863,0.1731519997,0.5695679784,0.576229,1,0,-1,39785,34812,17,17,8359,24.011835,14.70762955,512002,0,512002,39785
v2,ea89b79a9dfd35df20fed759e6d15c60fe01e77c,direct,octree_leafcount,flyby,6,1088,1088,0.4530560076,0.1721280068,0.6261119843,0.631867,1,0,-1,40201,35176,17,17,8500,24.16420287,14.55543552,512002,0,512002,40201
v2,ea89b79a9dfd35df20fed759e6d15c60fe01e77c,direct,octree_leafcount,flyby,6,1089,1089,0.430144012,0.1750400066,0.6061120033,0.613318,1,0,-1,40129,35113,17,17,8545,24.33571612,14.58155099,512002,0,512002,40129
v2,ea89b79a9dfd35df20fed759e6d15c60fe01e77c,direct,octree_leafcount,flyby,6,1090,1090,0.3901759982,0.173247993,0.5643839836,0.571691,1,0,-1,39793,34819,17,17,8471,24.32867113,14.70467274,512002,0,512002,39793
v2,ea89b79a9dfd35df20fed759e6d15c60fe01e77c,direct,octree_leafcount,flyby,6,1091,1091,0.4627839923,0.1700160056,0.6337599754,0.640735,1,0,-1,40009,35008,17,17,8540,24.39442413,14.62528565,512002,0,512002,40009
v2,ea89b79a9dfd35df20fed759e6d15c60fe01e77c,direct,octree_leafcount,flyby,6,1092,1092,0.4275839925,0.1739200056,0.6024320126,0.610723,1,0,-1,39785,34812,17,17,8509,24.4427209,14.70762955,512002,0,512002,39785
v2,ea89b79a9dfd35df20fed759e6d15c60fe01e77c,direct,octree_leafcount,flyby,6,1093,1093,0.3983359933,0.1731200069,0.5723839998,0.580949,1,0,-1,39705,34742,17,17,8436,24.28184906,14.73726325,512002,0,512002,39705
v2,ea89b79a9dfd35df20fed759e6d15c60fe01e77c,direct,octree_leafcount,flyby,6,1094,1094,0.4608319998,0.1708160043,0.6326400042,0.639897,1,0,-1,40233,35204,17,17,8497,24.13646177,14.54385865,512002,0,512002,40233
v2,ea89b79a9dfd35df20fed759e6d15c60fe01e77c,direct,octree_leafcount,flyby,6,1095,1095,0.4278720021,0.1741759926,0.6029760242,0.611084,1,0,-1,39801,34826,17,17,8526,24.48170907,14.70171711,512002,0,512002,39801
v2,ea89b79a9dfd35df20fed759e6d15c60fe01e77c,direct,octree_leafcount,flyby,6,1096,1096,0.3939520121,0.1700479984,0.5649279952,0.572772,1,0,-1,39753,34784,17,17,8341,23.97941582,14.71946872,512002,0,512002,39753
v2,ea89b79a9dfd35df20fed759e6d15c60fe01e77c,direct,octree_leafcount,flyby,6,1097,1097,0.4584000111,0.1729599983,0.6322879791,0.640177,1,0,-1,40169,35148,17,17,8529,24.26596108,14.56703084,512002,0,512002,40169
v2,ea89b79a9dfd35df20fed759e6d15c60fe01e77c,direct,octree_leafcount,flyby,6,1098,1098,0.4251840115,0.1688960046,0.5950400233,0.60292,1,0,-1,40185,35162,17,17,8660,24.6288607,14.56123087,512002,0,512002,40185
v2,ea89b79a9dfd35df20fed759e6d15c60fe01e77c,direct,octree_leafcount,flyby,6,1099,1099,0.3963519931,0.1720640063,0.5693119764,0.576319,1,0,-1,39745,34777,17,17,8537,24.54783334,14.72243149,512002,0,512002,39745
v2,ea89b79a9dfd35df20fed759e6d15c60fe01e77c,direct,octree_leafcount,flyby,6,1100,1100,0.4667200148,0.1752319932,0.6429119706,0.650431,1,0,-1,40361,35316,17,17,8678,24.57243176,14.49773474,512002,0,512002,40361
v2,ea89b79a9dfd35df20fed759e6d15c60fe01e77c,direct,octree_leafcount,flyby,6,1101,1101,0.4352000058,0.1747200042,0.6108480096,0.617971,1,0,-1,40249,35218,17,17,8790,24.95882787,14.53807712,512002,0,512002,40249
v2,ea89b79a9dfd35df20fed759e6d15c60fe01e77c,direct,octree_leafcount,flyby,6,1102,1102,0.3993920088,0.1719039977,0.5722879767,0.579507,1,0,-1,40089,35078,17,17,8601,24.51964194,14.59610012,512002,0,512002,40089
v2,ea89b79a9dfd35df20fed759e6d15c60fe01e77c,direct,octree_leafcount,flyby,6,1103,1103,0.4653120041,0.1728959978,0.6391680241,0.646587,1,0,-1,40289,35253,17,17,8734,24.77519644,14.52364338,512002,0,512002,40289
v2,ea89b79a9dfd35df20fed759e6d15c60fe01e77c,direct,octree_leafcount,flyby,6,1104,1104,0.4260799885,0.1728319973,0.5999040008,0.607222,1,0,-1,40425,35372,17,17,8838,24.98586453,14.47478231,512002,0,512002,40425
v2,ea89b79a9dfd35df20fed759e6d15c60fe01e77c,direct,octree_leafcount,flyby,6,1105,1105,0.3875199854,0.1729920059,0.561439991,0.56867,1,0,-1,40337,35295,17,17,8691,24.6238844,14.50636067,512002,0,512002,40337
v2,ea89b79a9dfd35df20fed759e6d15c60fe01e77c,direct,octree_leafcount,flyby,6,1106,1106,0.4647679925,0.1750719994,0.6408320069,0.647872,1,0,-1,40745,35652,17,17,8803,24.69146191,14.36110176,512002,0,512002,40745
v2,ea89b79a9dfd35df20fed759e6d15c60fe01e77c,direct,octree_leafcount,flyby,6,1107,1107,0.4229759872,0.1729599983,0.5968639851,0.603581,1,0,-1,40689,35603,17,17,8846,24.84622082,14.38086678,512002,0,512002,40689
v2,ea89b79a9dfd35df20fed759e6d15c60fe01e77c,direct,octree_leafcount,flyby,6,1108,1108,0.3925119936,0.1731200069,0.5665599704,0.574024,1,0,-1,40593,35519,17,17,8746,24.62344098,14.41487654,512002,0,512002,40593
v2,ea89b79a9dfd35df20fed759e6d15c60fe01e77c,direct,octree_leafcount,flyby,6,1109,1109,0.4536640048,0.1700160056,0.6246399879,0.63051,1,0,-1,40593,35519,17,17,8735,24.59247163,14.41487654,512002,0,512002,40593
v2,ea89b79a9dfd35df20fed759e6d15c60fe01e77c,direct,octree_leafcount,flyby,6,1110,1110,0.4214079976,0.1750079989,0.5973439813,0.604398,1,0,-1,40649,35568,17,17,8924,25.08996851,14.39501799,512002,0,512002,40649
v2,ea89b79a9dfd35df20fed759e6d15c60fe01e77c,direct,octree_leafcount,flyby,6,1111,1111,0.3923839927,0.1718399972,0.5651519895,0.572173,1,0,-1,40457,35400,17,17,8794,24.84180791,14.46333333,512002,0,512002,40457
v2,ea89b79a9dfd35df20fed759e6d15c60fe01e77c,direct,octree_leafcount,flyby,6,1112,1112,0.4527040124,0.1700800061,0.6237440109,0.629961,1,0,-1,41009,35883,17,17,8945,24.928239,14.26865089,512002,0,512002,41009
v2,ea89b79a9dfd35df20fed759e6d15c60fe01e77c,direct,octree_leafcount,flyby,6,1113,1113,0.4187520146,0.1770559996,0.5967680216,0.603774,1,0,-1,40705,35617,17,17,8971,25.18741051,14.37521408,512002,0,512002,40705
v2,ea89b79a9dfd35df20fed759e6d15c60fe01e77c,direct,octree_leafcount,flyby,6,1114,1114,0.3909760118,0.1730239987,0.5649920106,0.572181,1,0,-1,40673,35589,17,17,8841,24.84194554,14.38652393,512002,0,512002,40673
v2,ea89b79a9dfd35df20fed759e6d15c60fe01e77c,direct,octree_leafcount,flyby,6,1115,1115,0.4596160054,0.1708800048,0.6314880252,0.638806,1,0,-1,40681,35596,17,17,8846,24.85110687,14.3836948,512002,0,512002,40681
v2,ea89b79a9dfd35df20fed759e6d15c60fe01e77c,direct,octree_leafcount,flyby,6,1116,1116,0.4261440039,0.1717440039,0.5988159776,0.606833,1,0,-1,40417,35365,17,17,8921,25.22550544,14.47764739,512002,0,512002,40417
v2,ea89b79a9dfd35df20fed759e6d15c60fe01e77c,direct,octree_leafcount,flyby,6,1117,1117,0.4258880019,0.1737920046,0.6006079912,0.607878,1,0,-1,40169,35148,17,17,8747,24.88619552,14.56703084,512002,0,512002,40169
v2,ea89b79a9dfd35df20fed759e6d15c60fe01e77c,direct,octree_leafcount,flyby,6,1118,1118,0.4633600116,0.1702080071,0.6345279813,0.641921,1,0,-1,40401,35351,17,17,8700,24.61033634,14.48338095,512002,0,512002,40401
v2,ea89b79a9dfd35df20fed759e6d15c60fe01e77c,direct,octree_leafcount,flyby,6,1119,1119,0.4346559942,0.1735360026,0.609152019,0.616656,1,0,-1,40233,35204,17,17,8860,25.16759459,14.54385865,512002,0,512002,40233
v2,ea89b79a9dfd35df20fed759e6d15c60fe01e77c,direct,octree_leafcount,flyby,6,1120,1120,0.3918080032,0.1749439985,0.5677440166,0.575124,1,0,-1,40121,35106,17,17,8654,24.6510568,14.5844585,512002,0,512002,40121
v2,ea89b79a9dfd35df20fed759e6d15c60fe01e77c,direct,octree_leafcount,flyby,6,1121,1121,0.4562239945,0.1741759926,0.6313279867,0.638481,1,0,-1,40353,35309,17,17,8764,24.8208672,14.50060891,512002,0,512002,40353
v2,ea89b79a9dfd35df20fed759e6d15c60fe01e77c,direct,octree_leafcount,flyby,6,1122,1122,0.4261440039,0.1759040058,0.6029760242,0.610944,1,0,-1,40241,35211,17,17,8897,25.26767203,14.54096731,512002,0,512002,40241
v2,ea89b79a9dfd35df20fed759e6d15c60fe01e77c,direct,octree_leafcount,flyby,6,1123,1123,0.3945280015,0.173247993,0.5687360168,0.575833,1,0,-1,40177,35155,17,17,8745,24.87555113,14.56413028,512002,0,512002,40177
v2,ea89b79a9dfd35df20fed759e6d15c60fe01e77c,direct,octree_leafcount,flyby,6,1124,1124,0.4546560049,0.1720640063,0.6280639768,0.634674,1,0,-1,40329,35288,17,17,8743,24.77612786,14.50923827,512002,0,512002,40329
v2,ea89b79a9dfd35df20fed759e6d15c60fe01e77c,direct,octree_leafcount,flyby,6,1125,1125,0.4302079976,0.1711360067,0.6023039818,0.60942,1,0,-1,40441,35386,17,17,8890,25.12292997,14.46905556,512002,0,512002,40441
v2,ea89b79a9dfd35df20fed759e6d15c60fe01e77c,direct,octree_leafcount,flyby,6,1126,1126,0.3919999897,0.1741759926,0.567103982,0.574413,1,0,-1,40353,35309,17,17,8687,24.60279249,14.50060891,512002,0,512002,40353
v2,ea89b79a9dfd35df20fed759e6d15c60fe01e77c,direct,octree_leafcount,flyby,6,1127,1127,0.4645439982,0.1691520065,0.6346240044,0.641806,1,0,-1,40649,35568,17,17,8788,24.70760234,14.39501799,512002,0,512002,40649
v2,ea89b79a9dfd35df20fed759e6d15c60fe01e77c,direct,octree_leafcount,flyby,6,1128,1128,0.422239989,0.1732160002,0.5963839889,0.603617,1,0,-1,40409,35358,17,17,8866,25.07494768,14.4805136,512002,0,512002,40409
v2,ea89b79a9dfd35df20fed759e6d15c60fe01e77c,direct,octree_leafcount,flyby,6,1129,1129,0.393727988,0.1758719981,0.5705599785,0.577777,1,0,-1,40305,35267,17,17,8669,24.58105311,14.5178779,512002,0,512002,40305
v2,ea89b79a9dfd35df20fed759e6d15c60fe01e77c,direct,octree_leafcount,flyby,6,1130,1130,0.4597119987,0.1791040003,0.6397759914,0.646862,1,0,-1,40225,35197,17,17,8666,24.6214166,14.54675114,512002,0,512002,40225
v2,ea89b79a9dfd35df20fed759e6d15c60fe01e77c,direct,octree_leafcount,flyby,6,1131,1131,0.4336960018,0.171103999,0.6057599783,0.613185,1,0,-1,40153,35134,17,17,8836,25.1494279,14.57283543,512002,0,512002,40153
v2,ea89b79a9dfd35df20fed759e6d15c60fe01e77c,direct,octree_leafcount,flyby,6,1132,1132,0.3879039884,0.1700800061,0.5589119792,0.564405,1,0,-1,40233,35204,17,17,8752,24.86081127,14.54385865,512002,0,512002,40233
v2,ea89b79a9dfd35df20fed759e6d15c60fe01e77c,direct,octree_leafcount,flyby,6,1133,1133,0.4597760141,0.1722240001,0.6329600215,0.639607,1,0,-1,40273,35239,17,17,8754,24.8417946,14.52941343,512002,0,512002,40273
v2,ea89b79a9dfd35df20fed759e6d15c60fe01e77c,direct,octree_leafcount,flyby,6,1134,1134,0.4279359877,0.1720640063,0.6009280086,0.607727,1,0,-1,40209,35183,17,17,8932,25.38726089,14.55253958,512002,0,512002,40209
v2,ea89b79a9dfd35df20fed759e6d15c60fe01e77c,direct,octree_leafcount,flyby,6,1135,1135,0.398368001,0.1750400066,0.5744000077,0.581239,1,0,-1,40241,35211,17,17,8765,24.89278919,14.54096731,512002,0,512002,40241
v2,ea89b79a9dfd35df20fed759e6d15c60fe01e77c,direct,octree_leafcount,flyby,6,1136,1136,0.4610880017,0.1720959991,0.6341440082,0.641528,1,0,-1,40241,35211,17,17,8740,24.82178865,14.54096731,512002,0,512002,40241
v2,ea89b79a9dfd35df20fed759e6d15c60fe01e77c,direct,octree_leafcount,flyby,6,1137,1137,0.4309760034,0.1680960059,0.5999680161,0.607613,1,0,-1,40257,35225,17,17,8940,25.37970192,14.53518808,512002,0,512002,40257
v2,ea89b79a9dfd35df20fed759e6d15c60fe01e77c,direct,octree_leafcount,flyby,6,1138,1138,0.3967680037,0.1678719968,0.565599978,0.572724,1,0,-1,40305,35267,17,17,8823,25.01772195,14.5178779,512002,0,512002,40305
v2,ea89b79a9dfd35df20fed759e6d15c60fe01e77c,direct,octree_leafcount,flyby,6,1139,1139,0.4624640048,0.1700479984,0.6334720254,0.640681,1,0,-1,40025,35022,17,17,8638,24.6644966,14.61943921,512002,0,512002,40025
v2,ea89b79a9dfd35df20fed759e6d15c60fe01e77c,direct,octree_leafcount,flyby,6,1140,1140,0.4244480133,0.1721599996,0.5975999832,0.604918,1,0,-1,40217,35190,17,17,8781,24.95311168,14.54964479,512002,0,512002,40217
v2,ea89b79a9dfd35df20fed759e6d15c60fe01e77c,direct,octree_leafcount,flyby,6,1141,1141,0.3970879912,0.1721280068,0.5701760054,0.577121,1,0,-1,40409,35358,17,17,8717,24.65354375,14.4805136,512002,0,512002,40409
v2,ea89b79a9dfd35df20fed759e6d15c60fe01e77c,direct,octree_leafcount,flyby,6,1142,1142,0.4598720074,0.171103999,0.6319360137,0.63898,1,0,-1,40233,35204,17,17,8692,24.69037609,14.54385865,512002,0,512002,40233
v2,ea89b79a9dfd35df20fed759e6d15c60fe01e77c,direct,octree_leafcount,flyby,6,1143,1143,0.4297280014,0.1699520051,0.6006399989,0.60775,1,0,-1,40321,35281,17,17,8774,24.86890961,14.512117,512002,0,512002,40321
v2,ea89b79a9dfd35df20fed759e6d15c60fe01e77c,direct,octree_leafcount,flyby,6,1144,1144,0.4003520012,0.1721280068,0.5734080076,0.580849,1,0,-1,40377,35330,17,17,8768,24.81743561,14.49198981,512002,0,512002,40377
v2,ea89b79a9dfd35df20fed759e6d15c60fe01e77c,direct,octree_leafcount,flyby,6,1145,1145,0.4654720128,0.1710080057,0.6374080181,0.644542,1,0,-1,40433,35379,17,17,8693,24.57107324,14.47191837,512002,0,512002,40433
v2,ea89b79a9dfd35df20fed759e6d15c60fe01e77c,direct,octree_leafcount,flyby,6,1146,1146,0.4289599955,0.1738560051,0.6037759781,0.61109,1,0,-1,40425,35372,17,17,8870,25.07633156,14.47478231,512002,0,512002,40425
v2,ea89b79a9dfd35df20fed759e6d15c60fe01e77c,direct,octree_leafcount,flyby,6,1147,1147,0.4015359879,0.1708160043,0.5732799768,0.580806,1,0,-1,40241,35211,17,17,8744,24.83314873,14.54096731,512002,0,512002,40241
v2,ea89b79a9dfd35df20fed759e6d15c60fe01e77c,direct,octree_leafcount,flyby,6,1148,1148,0.4637440145,0.1711360067,0.6358399987,0.64322,1,0,-1,40161,35141,17,17,8667,24.66349848,14.56993256,512002,0,512002,40161
v2,ea89b79a9dfd35df20fed759e6d15c60fe01e77c,direct,octree_leafcount,flyby,6,1149,1149,0.4296320081,0.1720640063,0.6026239991,0.610727,1,0,-1,40217,35190,17,17,8752,24.8707019,14.54964479,512002,0,512002,40217
v2,ea89b79a9dfd35df20fed759e6d15c60fe01e77c,direct,octree_leafcount,flyby,6,1150,1150,0.3935360014,0.1716160029,0.5660799742,0.573813,1,0,-1,40353,35309,17,17,8627,24.43286414,14.50060891,512002,0,512002,40353
v2,ea89b79a9dfd35df20fed759e6d15c60fe01e77c,direct,octree_leafcount,flyby,6,1151,1151,0.4587199986,0.1666879952,0.6263679862,0.634006,1,0,-1,40345,35302,17,17,8557,24.23941986,14.50348422,512002,0,512002,40345
v2,ea89b79a9dfd35df20fed759e6d15c60fe01e77c,direct,octree_leafcount,flyby,6,1152,1152,0.4249919951,0.1731840074,0.5991680026,0.606947,1,0,-1,40313,35274,17,17,8673,24.58751488,14.51499688,512002,0,512002,40313
v2,ea89b79a9dfd35df20fed759e6d15c60fe01e77c,direct,octree_leafcount,flyby,6,1153,1153,0.3950720131,0.1720000058,0.5680000186,0.575308,1,0,-1,40417,35365,17,17,8622,24.38003676,14.47764739,512002,0,512002,40417
v2,ea89b79a9dfd35df20fed759e6d15c60fe01e77c,direct,octree_leafcount,flyby,6,1154,1154,0.4621759951,0.1730879992,0.6362239718,0.643481,1,0,-1,40169,35148,17,17,8570,24.38261067,14.56703084,512002,0,512002,40169
v2,ea89b79a9dfd35df20fed759e6d15c60fe01e77c,direct,octree_leafcount,flyby,6,1155,1155,0.4293119907,0.1731519997,0.6034240127,0.610314,1,0,-1,40505,35442,17,17,8723,24.61204221,14.44619378,512002,0,512002,40505
v2,ea89b79a9dfd35df20fed759e6d15c60fe01e77c,direct,octree_leafcount,flyby,6,1156,1156,0.3883840144,0.171103999,0.5603839755,0.56599,1,0,-1,40433,35379,17,17,8711,24.62195087,14.47191837,512002,0,512002,40433
v2,ea89b79a9dfd35df20fed759e6d15c60fe01e77c,direct,octree_leafcount,flyby,6,1157,1157,0.4645119905,0.1709440053,0.6363840103,0.643376,1,0,-1,40441,35386,17,17,8623,24.36839428,14.46905556,512002,0,512002,40441
v2,ea89b79a9dfd35df20fed759e6d15c60fe01e77c,direct,octree_leafcount,flyby,6,1158,1158,0.4289279878,0.1730239987,0.6028800011,0.610288,1,0,-1,40497,35435,17,17,8715,24.59432764,14.44904755,512002,0,512002,40497
v2,ea89b79a9dfd35df20fed759e6d15c60fe01e77c,direct,octree_leafcount,flyby,6,1159,1159,0.3917120099,0.1729280055,0.5656319857,0.573167,1,0,-1,40465,35407,17,17,8748,24.70697885,14.46047392,512002,0,512002,40465
v2,ea89b79a9dfd35df20fed759e6d15c60fe01e77c,direct,octree_leafcount,flyby,6,1160,1160,0.4550719857,0.1750719994,0.6310719848,0.638328,1,0,-1,40225,35197,17,17,8653,24.58448163,14.54675114,512002,0,512002,40225
v2,ea89b79a9dfd35df20fed759e6d15c60fe01e77c,direct,octree_leafcount,flyby,6,1161,1161,0.4217599928,0.1749760062,0.597728014,0.60527,1,0,-1,40577,35505,17,17,8746,24.63315026,14.42056048,512002,0,512002,40577
v2,ea89b79a9dfd35df20fed759e6d15c60fe01e77c,direct,octree_leafcount,flyby,6,1162,1162,0.3945919871,0.1739519984,0.5695040226,0.577198,1,0,-1,40417,35365,17,17,8731,24.6882511,14.47764739,512002,0,512002,40417
v2,ea89b79a9dfd35df20fed759e6d15c60fe01e77c,direct,octree_leafcount,flyby,6,1163,1163,0.4631359875,0.1710399985,0.6351360083,0.642564,1,0,-1,40193,35169,17,17,8645,24.5813074,14.55833262,512002,0,512002,40193
v2,ea89b79a9dfd35df20fed759e6d15c60fe01e77c,direct,octree_leafcount,flyby,6,1164,1164,0.4197759926,0.1722880006,0.5942400098,0.598824,1,0,-1,40705,35617,17,17,8742,24.54445911,14.37521408,512002,0,512002,40705
v2,ea89b79a9dfd35df20fed759e6d15c60fe01e77c,direct,octree_leafcount,flyby,6,1165,1165,0.3887360096,0.1711360067,0.5608000159,0.56767,1,0,-1,40633,35554,17,17,8801,24.75389548,14.40068628,512002,0,512002,40633
v2,ea89b79a9dfd35df20fed759e6d15c60fe01e77c,direct,octree_leafcount,flyby,6,1166,1166,0.4493759871,0.1712960005,0.6215999722,0.626981,1,0,-1,40177,35155,17,17,8607,24.48300384,14.56413028,512002,0,512002,40177
v2,ea89b79a9dfd35df20fed759e6d15c60fe01e77c,direct,octree_leafcount,flyby,6,1167,1167,0.4285759926,0.1691839993,0.5987520218,0.605389,1,0,-1,40705,35617,17,17,8761,24.59780442,14.37521408,512002,0,512002,40705
v2,ea89b79a9dfd35df20fed759e6d15c60fe01e77c,direct,octree_leafcount,flyby,6,1168,1168,0.3953920007,0.1738560051,0.5702400208,0.577988,1,0,-1,40465,35407,17,17,8783,24.80582936,14.46047392,512002,0,512002,40465
v2,ea89b79a9dfd35df20fed759e6d15c60fe01e77c,direct,octree_leafcount,flyby,6,1169,1169,0.464192003,0.1721599996,0.637311995,0.644689,1,0,-1,40417,35365,17,17,8705,24.61473208,14.47764739,512002,0,512002,40417
v2,ea89b79a9dfd35df20fed759e6d15c60fe01e77c,direct,octree_leafcount,flyby,6,1170,1170,0.4239360094,0.1733440012,0.5982400179,0.605379,1,0,-1,40529,35463,17,17,8689,24.50159321,14.43763923,512002,0,512002,40529
v2,ea89b79a9dfd35df20fed759e6d15c60fe01e77c,direct,octree_leafcount,flyby,6,1171,1171,0.4032639861,0.1752640009,0.5794879794,0.586644,1,0,-1,40393,35344,17,17,8850,25.03961068,14.48624943,512002,0,512002,40393
v2,ea89b79a9dfd35df20fed759e6d15c60fe01e77c,direct,octree_leafcount,flyby,6,1172,1172,0.461311996,0.1720959991,0.6343680024,0.641314,1,0,-1,40609,35533,17,17,8831,24.85295359,14.40919708,512002,0,512002,40609
v2,ea89b79a9dfd35df20fed759e6d15c60fe01e77c,direct,octree_leafcount,flyby,6,1173,1173,0.4251199961,0.1729920059,0.5990719795,0.605661,1,0,-1,40665,35582,17,17,8775,24.66134562,14.38935417,512002,0,512002,40665
v2,ea89b79a9dfd35df20fed759e6d15c60fe01e77c,direct,octree_leafcount,flyby,6,1174,1174,0.4233280122,0.1722880006,0.5965440273,0.603214,1,0,-1,40361,35316,17,17,8864,25.09910522,14.49773474,512002,0,512002,40361
v2,ea89b79a9dfd35df20fed759e6d15c60fe01e77c,direct,octree_leafcount,flyby,6,1175,1175,0.458784014,0.1702399999,0.6299840212,0.636683,1,0,-1,40385,35337,17,17,8688,24.58612785,14.48911905,512002,0,512002,40385
v2,ea89b79a9dfd35df20fed759e6d15c60fe01e77c,direct,octree_leafcount,flyby,6,1176,1176,0.3949440122,0.1723199934,0.5682240129,0.575393,1,0,-1,40609,35533,17,17,8666,24.38859652,14.40919708,512002,0,512002,40609
v2,ea89b79a9dfd35df20fed759e6d15c60fe01e77c,direct,octree_leafcount,flyby,6,1177,1177,0.4279359877,0.1701119989,0.5989440084,0.60614,1,0,-1,40481,35421,17,17,8842,24.96259281,14.45475848,512002,0,512002,40481
v2,ea89b79a9dfd35df20fed759e6d15c60fe01e77c,direct,octree_leafcount,flyby,6,1178,1178,0.464192003,0.1719679981,0.6370880008,0.644549,1,0,-1,40169,35148,17,17,8742,24.87196996,14.56703084,512002,0,512002,40169
v2,ea89b79a9dfd35df20fed759e6d15c60fe01e77c,direct,octree_leafcount,flyby,6,1179,1179,0.3974719942,0.174112007,0.5725439787,0.580007,1,0,-1,40385,35337,17,17,8703,24.62857628,14.48911905,512002,0,512002,40385
v2,ea89b79a9dfd35df20fed759e6d15c60fe01e77c,direct,octree_leafcount,flyby,6,1180,1180,0.427008003,0.1742720008,0.6022719741,0.609113,1,0,-1,40361,35316,17,17,8763,24.81311587,14.49773474,512002,0,512002,40361
v2,ea89b79a9dfd35df20fed759e6d15c60fe01e77c,direct,octree_leafcount,flyby,6,1181,1181,0.4633280039,0.1700160056,0.634303987,0.64135,1,0,-1,40289,35253,17,17,8738,24.78654299,14.52364338,512002,0,512002,40289
v2,ea89b79a9dfd35df20fed759e6d15c60fe01e77c,direct,octree_leafcount,flyby,6,1182,1182,0.398368001,0.1721280068,0.5714240074,0.579011,1,0,-1,40009,35008,17,17,8565,24.46583638,14.62528565,512002,0,512002,40009
v2,ea89b79a9dfd35df20fed759e6d15c60fe01e77c,direct,octree_leafcount,flyby,6,1183,1183,0.4297600091,0.1708160043,0.6015359759,0.609848,1,0,-1,40081,35071,17,17,8737,24.91232072,14.59901343,512002,0,512002,40081
v2,ea89b79a9dfd35df20fed759e6d15c60fe01e77c,direct,octree_leafcount,flyby,6,1184,1184,0.458784014,0.1729280055,0.6327040195,0.640555,1,0,-1,40329,35288,17,17,8713,24.69111313,14.50923827,512002,0,512002,40329
v2,ea89b79a9dfd35df20fed759e6d15c60fe01e77c,direct,octree_leafcount,flyby,6,1185,1185,0.3969599903,0.1771840006,0.5751039982,0.582401,1,0,-1,40281,35246,17,17,8603,24.40844351,14.52652783,512002,0,512002,40281
v2,ea89b79a9dfd35df20fed759e6d15c60fe01e77c,direct,octree_leafcount,flyby,6,1186,1186,0.4305920005,0.1738239974,0.6053119898,0.613064,1,0,-1,40201,35176,17,17,8689,24.70150102,14.55543552,512002,0,512002,40201
v2,ea89b79a9dfd35df20fed759e6d15c60fe01e77c,direct,octree_leafcount,flyby,6,1187,1187,0.4581120014,0.1738879979,0.6329280138,0.639892,1,0,-1,40201,35176,17,17,8585,24.40584489,14.55543552,512002,0,512002,40201
v2,ea89b79a9dfd35df20fed759e6d15c60fe01e77c,direct,octree_leafcount,flyby,6,1188,1188,0.3912320137,0.1723199934,0.5645120144,0.570446,1,0,-1,40105,35092,17,17,8534,24.31893309,14.59027699,512002,0,512002,40105
v2,ea89b79a9dfd35df20fed759e6d15c60fe01e77c,direct,octree_leafcount,flyby,6,1189,1189,0.4325760007,0.1710080057,0.6045439839,0.611289,1,0,-1,40225,35197,17,17,8835,25.10157116,14.54675114,512002,0,512002,40225
v2,ea89b79a9dfd35df20fed759e6d15c60fe01e77c,direct,octree_leafcount,flyby,6,1190,1190,0.4530879855,0.1751679927,0.6292160153,0.636204,1,0,-1,40257,35225,17,17,8750,24.84031228,14.53518808,512002,0,512002,40257
v2,ea89b79a9dfd35df20fed759e6d15c60fe01e77c,direct,octree_leafcount,flyby,6,1191,1191,0.3956159949,0.1722240001,0.5687999725,0.575587,1,0,-1,40345,35302,17,17,8659,24.52835533,14.50348422,512002,0,512002,40345
v2,ea89b79a9dfd35df20fed759e6d15c60fe01e77c,direct,octree_leafcount,flyby,6,1192,1192,0.4186240137,0.1721599996,0.591711998,0.597505,1,0,-1,40217,35190,17,17,8825,25.0781472,14.54964479,512002,0,512002,40217
v2,ea89b79a9dfd35df20fed759e6d15c60fe01e77c,direct,octree_leafcount,flyby,6,1193,1193,0.4469439983,0.1743039936,0.6222079992,0.627605,1,0,-1,40513,35449,17,17,8736,24.64385455,14.44334114,512002,0,512002,40513
v2,ea89b79a9dfd35df20fed759e6d15c60fe01e77c,direct,octree_leafcount,flyby,6,1194,1194,0.4018560052,0.1749120057,0.5777279735,0.586275,1,0,-1,40137,35120,17,17,8584,24.44191344,14.57864465,512002,0,512002,40137
v2,ea89b79a9dfd35df20fed759e6d15c60fe01e77c,direct,octree_leafcount,flyby,6,1195,1195,0.4373759925,0.1777919978,0.6161280274,0.62447,1,0,-1,40225,35197,17,17,8825,25.07315964,14.54675114,512002,0,512002,40225
v2,ea89b79a9dfd35df20fed759e6d15c60fe01e77c,direct,octree_leafcount,flyby,6,1196,1196,0.458175987,0.1698880047,0.6290559769,0.635554,1,0,-1,40817,35715,17,17,8941,25.03429931,14.33576928,512002,0,512002,40817
v2,ea89b79a9dfd35df20fed759e6d15c60fe01e77c,direct,octree_leafcount,flyby,6,1197,1197,0.3971520066,0.1739200056,0.5720319748,0.58023,1,0,-1,40273,35239,17,17,8729,24.77085048,14.52941343,512002,0,512002,40273
v2,ea89b79a9dfd35df20fed759e6d15c60fe01e77c,direct,octree_leafcount,flyby,6,1198,1198,0.4318720102,0.1768960059,0.6097279787,0.618683,1,0,-1,40449,35393,17,17,8875,25.07557992,14.46619388,512002,0,512002,40449
v2,ea89b79a9dfd35df20fed759e6d15c60fe01e77c,direct,octree_leafcount,flyby,6,1199,1199,0.4612480104,0.1686400026,0.6308799982,0.638557,1,0,-1,40585,35512,17,17,8841,24.89580987,14.41771795,512002,0,512002,40585
v2,ea89b79a9dfd35df20fed759e6d15c60fe01e77c,direct,octree_leafcount,flyby,6,1200,1200,0.4030719995,0.1718720049,0.5759040117,0.583232,1,0,-1,40041,35036,17,17,8692,24.80876812,14.61359744,512002,0,512002,40041
