version,commit,path,config,dataset,run,snapshot,frame_id,tree_update_ms,view_ms,total_ms,wall_ms,attempts,maintenance_ms,iterations,num_nodes,num_leaves,max_depth,max_depth_octree_equiv,num_empty_leaves,empty_leaf_pct,avg_particles_per_leaf,particles_active,particles_escaped,particle_slots,lib_num_nodes
v2,ea89b79a9dfd35df20fed759e6d15c60fe01e77c,direct,octree_leafcount,flyby,5,0,0,nan,nan,nan,nan,0,0,-1,43825,38347,17,17,22089,57.60294156,13.3518137,512002,0,512002,43825
v2,ea89b79a9dfd35df20fed759e6d15c60fe01e77c,direct,octree_leafcount,flyby,5,1,1,0.3432640135,0.1889919937,0.5332159996,0.540085,1,0,-1,43673,38214,17,17,22026,57.63856178,13.39828335,512002,0,512002,43673
v2,ea89b79a9dfd35df20fed759e6d15c60fe01e77c,direct,octree_leafcount,flyby,5,2,2,0.3523199856,0.1815360039,0.534784019,0.541448,1,0,-1,43849,38368,17,17,22103,57.60790242,13.34450584,512002,0,512002,43849
v2,ea89b79a9dfd35df20fed759e6d15c60fe01e77c,direct,octree_leafcount,flyby,5,3,3,0.3220480084,0.1759680063,0.4989440143,0.505852,1,0,-1,43905,38417,17,17,22135,57.61772132,13.32748523,512002,0,512002,43905
v2,ea89b79a9dfd35df20fed759e6d15c60fe01e77c,direct,octree_leafcount,flyby,5,4,4,0.3531840146,0.1801279932,0.5342720151,0.541532,1,0,-1,43985,38487,17,17,22173,57.61166108,13.30324525,512002,0,512002,43985
v2,ea89b79a9dfd35df20fed759e6d15c60fe01e77c,direct,octree_leafcount,flyby,5,5,5,0.3554239869,0.1863680035,0.5427200198,0.549945,1,0,-1,43753,38284,17,17,22001,57.4678717,13.37378539,512002,0,512002,43753
v2,ea89b79a9dfd35df20fed759e6d15c60fe01e77c,direct,octree_leafcount,flyby,5,6,6,0.3568640053,0.1863359958,0.5441280007,0.551615,1,0,-1,43673,38214,17,17,21925,57.37426074,13.39828335,512002,0,512002,43673
v2,ea89b79a9dfd35df20fed759e6d15c60fe01e77c,direct,octree_leafcount,flyby,5,7,7,0.355648011,0.1842239946,0.5408319831,0.547824,1,0,-1,43977,38480,17,17,22023,57.23232848,13.30566528,512002,0,512002,43977
v2,ea89b79a9dfd35df20fed759e6d15c60fe01e77c,direct,octree_leafcount,flyby,5,8,8,0.3799679875,0.1775359958,0.5584639907,0.563781,1,0,-1,43689,38228,17,17,21793,57.00795229,13.39337658,512002,0,512002,43689
v2,ea89b79a9dfd35df20fed759e6d15c60fe01e77c,direct,octree_leafcount,flyby,5,9,9,0.3542400002,0.1811199933,0.5362560153,0.54222,1,0,-1,43745,38277,17,17,21805,56.96632442,13.37623116,512002,0,512002,43745
v2,ea89b79a9dfd35df20fed759e6d15c60fe01e77c,direct,octree_leafcount,flyby,5,10,10,0.3916479945,0.1760639995,0.5689920187,0.575729,1,0,-1,43745,38277,17,17,21704,56.7024584,13.37623116,512002,0,512002,43745
v2,ea89b79a9dfd35df20fed759e6d15c60fe01e77c,direct,octree_leafcount,flyby,5,11,11,0.3886719942,0.1793279946,0.5688959956,0.575855,1,0,-1,43601,38151,17,17,21649,56.74556368,13.42040838,512002,0,512002,43601
v2,ea89b79a9dfd35df20fed759e6d15c60fe01e77c,direct,octree_leafcount,flyby,5,12,12,0.3815680146,0.1758719981,0.5583999753,0.565736,1,0,-1,43665,38207,17,17,21628,56.60742796,13.40073808,512002,0,512002,43665
v2,ea89b79a9dfd35df20fed759e6d15c60fe01e77c,direct,octree_leafcount,flyby,5,13,13,0.4500479996,0.1792960018,0.6303039789,0.637723,1,0,-1,43625,38172,17,17,21456,56.20873939,13.41302525,512002,0,512002,43625
v2,ea89b79a9dfd35df20fed759e6d15c60fe01e77c,direct,octree_leafcount,flyby,5,14,14,0.4140160084,0.1875199974,0.6024640203,0.609992,1,0,-1,44009,38508,17,17,21489,55.80398878,13.29599044,512002,0,512002,44009
v2,ea89b79a9dfd35df20fed759e6d15c60fe01e77c,direct,octree_leafcount,flyby,5,15,15,0.4525440037,0.1770880073,0.6305599809,0.63882,1,0,-1,44313,38774,17,17,21464,55.35668231,13.2047764,512002,0,512002,44313
v2,ea89b79a9dfd35df20fed759e6d15c60fe01e77c,direct,octree_leafcount,flyby,5,16,16,0.4197440147,0.1760320067,0.5967360139,0.604549,1,0,-1,44489,38928,17,17,21452,55.10686395,13.15253802,512002,0,512002,44489
v2,ea89b79a9dfd35df20fed759e6d15c60fe01e77c,direct,octree_leafcount,flyby,5,17,17,0.4124799967,0.1771200001,0.590560019,0.59771,1,0,-1,44289,38753,17,17,21044,54.30289268,13.21193198,512002,0,512002,44289
v2,ea89b79a9dfd35df20fed759e6d15c60fe01e77c,direct,octree_leafcount,flyby,5,18,18,0.4367359877,0.1775359958,0.6151999831,0.621028,1,0,-1,44321,38781,17,17,20893,53.8743199,13.20239292,512002,0,512002,44321
v2,ea89b79a9dfd35df20fed759e6d15c60fe01e77c,direct,octree_leafcount,flyby,5,19,19,0.408416003,0.1743360013,0.583648026,0.590454,1,0,-1,44017,38515,17,17,20591,53.46228742,13.29357393,512002,0,512002,44017
v2,ea89b79a9dfd35df20fed759e6d15c60fe01e77c,direct,octree_leafcount,flyby,5,20,20,0.4475519955,0.1738239974,0.6223040223,0.629804,1,0,-1,44129,38613,17,17,20509,53.11423614,13.25983477,512002,0,512002,44129
v2,ea89b79a9dfd35df20fed759e6d15c60fe01e77c,direct,octree_leafcount,flyby,5,21,21,0.452639997,0.178271994,0.6318399906,0.639218,1,0,-1,43985,38487,17,17,20271,52.66973264,13.30324525,512002,0,512002,43985
v2,ea89b79a9dfd35df20fed759e6d15c60fe01e77c,direct,octree_leafcount,flyby,5,22,22,0.4135040045,0.1772480011,0.5916799903,0.599565,1,0,-1,43849,38368,17,17,20034,52.21538782,13.34450584,512002,0,512002,43849
v2,ea89b79a9dfd35df20fed759e6d15c60fe01e77c,direct,octree_leafcount,flyby,5,23,23,0.3857600093,0.1796800047,0.5663679838,0.574229,1,0,-1,43969,38473,17,17,19812,51.49585424,13.30808619,512002,0,512002,43969
v2,ea89b79a9dfd35df20fed759e6d15c60fe01e77c,direct,octree_leafcount,flyby,5,24,24,0.3790400028,0.1803839952,0.5603520274,0.56757,1,0,-1,43633,38179,17,17,19508,51.09615234,13.41056602,512002,0,512002,43633
v2,ea89b79a9dfd35df20fed759e6d15c60fe01e77c,direct,octree_leafcount,flyby,5,25,25,0.4199999869,0.1782400012,0.5991680026,0.605704,1,0,-1,44049,38543,17,17,19656,50.99758711,13.28391666,512002,0,512002,44049
v2,ea89b79a9dfd35df20fed759e6d15c60fe01e77c,direct,octree_leafcount,flyby,5,26,26,0.4538240135,0.1770559996,0.6318399906,0.638759,1,0,-1,44289,38753,17,17,19633,50.66188424,13.21193198,512002,0,512002,44289
v2,ea89b79a9dfd35df20fed759e6d15c60fe01e77c,direct,octree_leafcount,flyby,5,27,27,0.448608011,0.1811199933,0.6306880116,0.637859,1,0,-1,45185,39537,17,17,19857,50.22384096,12.94994562,512002,0,512002,45185
v2,ea89b79a9dfd35df20fed759e6d15c60fe01e77c,direct,octree_leafcount,flyby,5,28,28,0.4573439956,0.1800960004,0.6384000182,0.64512,1,0,-1,45209,39558,17,17,19402,49.04696901,12.94307093,512002,0,512002,45209
v2,ea89b79a9dfd35df20fed759e6d15c60fe01e77c,direct,octree_leafcount,flyby,5,29,29,0.4498240054,0.1731840074,0.6239359975,0.632012,1,0,-1,44529,38963,18,18,18895,48.49472577,13.14072325,512002,0,512002,44529
v2,ea89b79a9dfd35df20fed759e6d15c60fe01e77c,direct,octree_leafcount,flyby,5,30,30,0.4748159945,0.1771840006,0.6529600024,0.660331,1,0,-1,44449,38893,17,17,18531,47.64610598,13.16437405,512002,0,512002,44449
v2,ea89b79a9dfd35df20fed759e6d15c60fe01e77c,direct,octree_leafcount,flyby,5,31,31,0.4548479915,0.1728319973,0.6286079884,0.636053,1,0,-1,44785,39187,17,17,18543,47.31926404,13.06560849,512002,0,512002,44785
v2,ea89b79a9dfd35df20fed759e6d15c60fe01e77c,direct,octree_leafcount,flyby,5,32,32,0.4488320053,0.1808319986,0.6305919886,0.638399,1,0,-1,44657,39075,17,17,18503,47.35252719,13.10305822,512002,0,512002,44657
v2,ea89b79a9dfd35df20fed759e6d15c60fe01e77c,direct,octree_leafcount,flyby,5,33,33,0.4510399997,0.1751359999,0.6271359921,0.635146,1,0,-1,44129,38613,17,17,18153,47.01266413,13.25983477,512002,0,512002,44129
v2,ea89b79a9dfd35df20fed759e6d15c60fe01e77c,direct,octree_leafcount,flyby,5,34,34,0.415327996,0.1750079989,0.5912960172,0.598681,1,0,-1,44249,38718,17,17,18062,46.65013689,13.2238752,512002,0,512002,44249
v2,ea89b79a9dfd35df20fed759e6d15c60fe01e77c,direct,octree_leafcount,flyby,5,35,35,0.4561280012,0.1787520051,0.6358399987,0.643551,1,0,-1,45081,39446,17,17,18227,46.20747351,12.97982051,512002,0,512002,45081
v2,ea89b79a9dfd35df20fed759e6d15c60fe01e77c,direct,octree_leafcount,flyby,5,36,36,0.445728004,0.1778559983,0.6245440245,0.632327,1,0,-1,45409,39733,17,17,18345,46.17068935,12.88606448,512002,0,512002,45409
v2,ea89b79a9dfd35df20fed759e6d15c60fe01e77c,direct,octree_leafcount,flyby,5,37,37,0.4410240054,0.1803199947,0.6222720146,0.628228,1,0,-1,45553,39859,17,17,18263,45.81901202,12.84532979,512002,0,512002,45553
v2,ea89b79a9dfd35df20fed759e6d15c60fe01e77c,direct,octree_leafcount,flyby,5,38,38,0.4471360147,0.1772480011,0.6253439784,0.634092,1,0,-1,44945,39327,17,17,17674,44.94113459,13.0190963,512002,0,512002,44945
v2,ea89b79a9dfd35df20fed759e6d15c60fe01e77c,direct,octree_leafcount,flyby,5,39,39,0.4852479994,0.1771840006,0.6633920074,0.671471,1,0,-1,45137,39495,17,17,17939,45.42093936,12.96371693,512002,0,512002,45137
v2,ea89b79a9dfd35df20fed759e6d15c60fe01e77c,direct,octree_leafcount,flyby,5,40,40,0.4261760116,0.178143993,0.6052479744,0.613644,1,0,-1,45761,40041,17,17,18036,45.04383007,12.78694338,512002,0,512002,45761
v2,ea89b79a9dfd35df20fed759e6d15c60fe01e77c,direct,octree_leafcount,flyby,5,41,41,0.4565759897,0.1811839938,0.6386560202,0.646451,1,0,-1,45601,39901,17,17,17592,44.08912057,12.83180873,512002,0,512002,45601
v2,ea89b79a9dfd35df20fed759e6d15c60fe01e77c,direct,octree_leafcount,flyby,5,42,42,0.4533120096,0.1771840006,0.6314560175,0.638555,1,0,-1,45409,39733,17,17,17202,43.29398737,12.88606448,512002,0,512002,45409
v2,ea89b79a9dfd35df20fed759e6d15c60fe01e77c,direct,octree_leafcount,flyby,5,43,43,0.5115519762,0.1793279946,0.6918079853,0.69882,1,0,-1,45297,39635,17,17,17028,42.96202851,12.91792608,512002,0,512002,45297
v2,ea89b79a9dfd35df20fed759e6d15c60fe01e77c,direct,octree_leafcount,flyby,5,44,44,0.419968009,0.1791999936,0.600127995,0.607275,1,0,-1,45337,39670,17,17,16868,42.52079657,12.90652886,512002,0,512002,45337
v2,ea89b79a9dfd35df20fed759e6d15c60fe01e77c,direct,octree_leafcount,flyby,5,45,45,0.4502719939,0.1792320013,0.6304640174,0.637635,1,0,-1,45353,39684,17,17,16655,41.96905554,12.90197561,512002,0,512002,45353
v2,ea89b79a9dfd35df20fed759e6d15c60fe01e77c,direct,octree_leafcount,flyby,5,46,46,0.4508480132,0.1750079989,0.6268159747,0.633844,1,0,-1,45465,39782,17,17,16678,41.92348298,12.87019255,512002,0,512002,45465
v2,ea89b79a9dfd35df20fed759e6d15c60fe01e77c,direct,octree_leafcount,flyby,5,47,47,0.485439986,0.1773120016,0.6637120247,0.670906,1,0,-1,45233,39579,17,17,16448,41.55739155,12.93620354,512002,0,512002,45233
v2,ea89b79a9dfd35df20fed759e6d15c60fe01e77c,direct,octree_leafcount,flyby,5,48,48,0.4768320024,0.1755200028,0.6533120275,0.659532,1,0,-1,45377,39705,17,17,16280,41.00239265,12.89515174,512002,0,512002,45377
v2,ea89b79a9dfd35df20fed759e6d15c60fe01e77c,direct,octree_leafcount,flyby,5,49,49,0.4480000138,0.1762239933,0.6251519918,0.632073,1,0,-1,44801,39201,17,17,15965,40.72600189,13.06094232,512002,0,512002,44801
v2,ea89b79a9dfd35df20fed759e6d15c60fe01e77c,direct,octree_leafcount,flyby,5,50,50,0.418464005,0.174112007,0.5934720039,0.600536,1,0,-1,44609,39033,17,17,15886,40.69889581,13.11715728,512002,0,512002,44609
v2,ea89b79a9dfd35df20fed759e6d15c60fe01e77c,direct,octree_leafcount,flyby,5,51,51,0.452767998,0.1772799939,0.631008029,0.638609,1,0,-1,44577,39005,17,17,15882,40.71785669,13.12657352,512002,0,512002,44577
v2,ea89b79a9dfd35df20fed759e6d15c60fe01e77c,direct,octree_leafcount,flyby,5,52,52,0.4510720074,0.1832319945,0.6352639794,0.642156,1,0,-1,44913,39299,17,17,16024,40.77457442,13.02837222,512002,0,512002,44913
v2,ea89b79a9dfd35df20fed759e6d15c60fe01e77c,direct,octree_leafcount,flyby,5,53,53,0.4437760115,0.1773760021,0.6220800281,0.627975,1,0,-1,44825,39222,17,17,15884,40.49767987,13.05394931,512002,0,512002,44825
v2,ea89b79a9dfd35df20fed759e6d15c60fe01e77c,direct,octree_leafcount,flyby,5,54,54,0.4528320134,0.1727039963,0.6264640093,0.633917,1,0,-1,45001,39376,17,17,15802,40.13104429,13.00289516,512002,0,512002,45001
v2,ea89b79a9dfd35df20fed759e6d15c60fe01e77c,direct,octree_leafcount,flyby,5,55,55,0.449887991,0.1763519943,0.6271679997,0.634449,1,0,-1,45065,39432,17,17,15886,40.28707649,12.98442889,512002,0,512002,45065
v2,ea89b79a9dfd35df20fed759e6d15c60fe01e77c,direct,octree_leafcount,flyby,5,56,56,0.4543040097,0.1751040071,0.6303679943,0.63838,1,0,-1,45209,39558,17,17,15666,39.60260883,12.94307093,512002,0,512002,45209
v2,ea89b79a9dfd35df20fed759e6d15c60fe01e77c,direct,octree_leafcount,flyby,5,57,57,0.4532479942,0.1780479997,0.6322559714,0.639563,1,0,-1,45017,39390,17,17,15458,39.24346281,12.99827367,512002,0,512002,45017
v2,ea89b79a9dfd35df20fed759e6d15c60fe01e77c,direct,octree_leafcount,flyby,5,58,58,0.4490559995,0.1772480011,0.6272320151,0.634482,1,0,-1,44849,39243,17,17,15279,38.93433224,13.04696379,512002,0,512002,44849
v2,ea89b79a9dfd35df20fed759e6d15c60fe01e77c,direct,octree_leafcount,flyby,5,59,59,0.4515840113,0.1793279946,0.6318719983,0.638837,1,0,-1,45073,39439,17,17,15427,39.11610335,12.98212429,512002,0,512002,45073
v2,ea89b79a9dfd35df20fed759e6d15c60fe01e77c,direct,octree_leafcount,flyby,5,60,60,0.5192639828,0.178271994,0.6984959841,0.706443,1,0,-1,44793,39194,17,17,15335,39.12588662,13.06327499,512002,0,512002,44793
v2,ea89b79a9dfd35df20fed759e6d15c60fe01e77c,direct,octree_leafcount,flyby,5,61,61,0.4535360038,0.1792960018,0.6337919831,0.641047,1,0,-1,44801,39201,17,17,15413,39.31787454,13.06094232,512002,0,512002,44801
v2,ea89b79a9dfd35df20fed759e6d15c60fe01e77c,direct,octree_leafcount,flyby,5,62,62,0.457152009,0.1807039976,0.638815999,0.646288,1,0,-1,44977,39355,17,17,15318,38.92262737,13.00983357,512002,0,512002,44977
v2,ea89b79a9dfd35df20fed759e6d15c60fe01e77c,direct,octree_leafcount,flyby,5,63,63,0.4520959854,0.1812479943,0.6342719793,0.641562,1,0,-1,44649,39068,17,17,15190,38.88092557,13.10540596,512002,0,512002,44649
v2,ea89b79a9dfd35df20fed759e6d15c60fe01e77c,direct,octree_leafcount,flyby,5,64,64,0.4500479996,0.1730879992,0.6240959764,0.631349,1,0,-1,44777,39180,17,17,15101,38.54262379,13.06794283,512002,0,512002,44777
v2,ea89b79a9dfd35df20fed759e6d15c60fe01e77c,direct,octree_leafcount,flyby,5,65,65,0.4493120015,0.1745280027,0.6247680187,0.6302,1,0,-1,44625,39047,17,17,14906,38.17450764,13.11245422,512002,0,512002,44625
v2,ea89b79a9dfd35df20fed759e6d15c60fe01e77c,direct,octree_leafcount,flyby,5,66,66,0.4535360038,0.1780800074,0.6325759888,0.639903,1,0,-1,44441,38886,17,17,14799,38.05739855,13.16674382,512002,0,512002,44441
v2,ea89b79a9dfd35df20fed759e6d15c60fe01e77c,direct,octree_leafcount,flyby,5,67,67,0.4175679982,0.1708800048,0.5894079804,0.596207,1,0,-1,44545,38977,17,17,14792,37.95058624,13.13600328,512002,0,512002,44545
v2,ea89b79a9dfd35df20fed759e6d15c60fe01e77c,direct,octree_leafcount,flyby,5,68,68,0.4661119878,0.1753920019,0.6424319744,0.649484,1,0,-1,45041,39411,17,17,14975,37.99700591,12.99134759,512002,0,512002,45041
v2,ea89b79a9dfd35df20fed759e6d15c60fe01e77c,direct,octree_leafcount,flyby,5,69,69,0.4535360038,0.174751997,0.629248023,0.636568,1,0,-1,44329,38788,17,17,14562,37.54253893,13.20001031,512002,0,512002,44329
v2,ea89b79a9dfd35df20fed759e6d15c60fe01e77c,direct,octree_leafcount,flyby,5,70,70,0.4207679927,0.178143993,0.5998399854,0.60751,1,0,-1,44777,39180,17,17,14583,37.22052067,13.06794283,512002,0,512002,44777
v2,ea89b79a9dfd35df20fed759e6d15c60fe01e77c,direct,octree_leafcount,flyby,5,71,71,0.4503679872,0.1804160029,0.6317120194,0.638666,1,0,-1,45025,39397,17,17,14811,37.59423306,12.99596416,512002,0,512002,45025
v2,ea89b79a9dfd35df20fed759e6d15c60fe01e77c,direct,octree_leafcount,flyby,5,72,72,0.4164479971,0.1782400012,0.5956479907,0.602297,1,0,-1,44889,39278,17,17,14734,37.51209328,13.03533785,512002,0,512002,44889
v2,ea89b79a9dfd35df20fed759e6d15c60fe01e77c,direct,octree_leafcount,flyby,5,73,73,0.4432959855,0.1721280068,0.6163840294,0.622503,1,0,-1,44601,39026,17,17,14744,37.77994158,13.11951007,512002,0,512002,44601
v2,ea89b79a9dfd35df20fed759e6d15c60fe01e77c,direct,octree_leafcount,flyby,5,74,74,0.4532800019,0.1751679927,0.6294080019,0.63685,1,0,-1,44697,39110,17,17,14648,37.45333674,13.09133214,512002,0,512002,44697
v2,ea89b79a9dfd35df20fed759e6d15c60fe01e77c,direct,octree_leafcount,flyby,5,75,75,0.4566079974,0.1758719981,0.63340801,0.640709,1,0,-1,44921,39306,17,17,14675,37.33526688,13.026052,512002,0,512002,44921
v2,ea89b79a9dfd35df20fed759e6d15c60fe01e77c,direct,octree_leafcount,flyby,5,76,76,0.4308800101,0.1737280041,0.6055679917,0.613953,1,0,-1,44905,39292,17,17,14706,37.42746615,13.03069327,512002,0,512002,44905
v2,ea89b79a9dfd35df20fed759e6d15c60fe01e77c,direct,octree_leafcount,flyby,5,77,77,0.4607680142,0.1822720021,0.6439999938,0.65236,1,0,-1,44729,39138,17,17,14444,36.90530942,13.08196638,512002,0,512002,44729
v2,ea89b79a9dfd35df20fed759e6d15c60fe01e77c,direct,octree_leafcount,flyby,5,78,78,0.4160960019,0.1759680063,0.5929920077,0.600757,1,0,-1,44825,39222,17,17,14637,37.31834175,13.05394931,512002,0,512002,44825
v2,ea89b79a9dfd35df20fed759e6d15c60fe01e77c,direct,octree_leafcount,flyby,5,79,79,0.4551039934,0.1767359972,0.6327679753,0.641277,1,0,-1,44673,39089,17,17,14326,36.64969685,13.09836527,512002,0,512002,44673
v2,ea89b79a9dfd35df20fed759e6d15c60fe01e77c,direct,octree_leafcount,flyby,5,80,80,0.4297280014,0.1764159948,0.6070719957,0.615669,1,0,-1,44537,38970,17,17,14200,36.43828586,13.13836284,512002,0,512002,44537
v2,ea89b79a9dfd35df20fed759e6d15c60fe01e77c,direct,octree_leafcount,flyby,5,81,81,0.4273920059,0.179903999,0.6082239747,0.616252,1,0,-1,44697,39110,17,17,14262,36.46637689,13.09133214,512002,0,512002,44697
v2,ea89b79a9dfd35df20fed759e6d15c60fe01e77c,direct,octree_leafcount,flyby,5,82,82,0.4907520115,0.1767680049,0.6684479713,0.677127,1,0,-1,44465,38907,17,17,14246,36.61551906,13.15963708,512002,0,512002,44465
v2,ea89b79a9dfd35df20fed759e6d15c60fe01e77c,direct,octree_leafcount,flyby,5,83,83,0.4231039882,0.1758400053,0.5998719931,0.608021,1,0,-1,44465,38907,17,17,14370,36.93422777,13.15963708,512002,0,512002,44465
v2,ea89b79a9dfd35df20fed759e6d15c60fe01e77c,direct,octree_leafcount,flyby,5,84,84,0.4517120123,0.1773120016,0.6299840212,0.63667,1,0,-1,44025,38522,17,17,14009,36.36623228,13.2911583,512002,0,512002,44025
v2,ea89b79a9dfd35df20fed759e6d15c60fe01e77c,direct,octree_leafcount,flyby,5,85,85,0.4232319891,0.1761920005,0.6003519893,0.607939,1,0,-1,44569,38998,17,17,14284,36.62751936,13.12892969,512002,0,512002,44569
v2,ea89b79a9dfd35df20fed759e6d15c60fe01e77c,direct,octree_leafcount,flyby,5,86,86,0.4761919975,0.1711360067,0.6482560039,0.654715,1,0,-1,44401,38851,17,17,14068,36.21013616,13.17860544,512002,0,512002,44401
v2,ea89b79a9dfd35df20fed759e6d15c60fe01e77c,direct,octree_leafcount,flyby,5,87,87,0.4218879938,0.1750079989,0.5978239775,0.604882,1,0,-1,44201,38676,17,17,13950,36.06887993,13.2382356,512002,0,512002,44201
v2,ea89b79a9dfd35df20fed759e6d15c60fe01e77c,direct,octree_leafcount,flyby,5,88,88,0.418336004,0.1732800007,0.5925440192,0.599274,1,0,-1,43793,38319,17,17,13673,35.68203763,13.36156998,512002,0,512002,43793
v2,ea89b79a9dfd35df20fed759e6d15c60fe01e77c,direct,octree_leafcount,flyby,5,89,89,0.4485439956,0.178271994,0.627744019,0.634566,1,0,-1,43993,38494,17,17,13730,35.6678963,13.3008261,512002,0,512002,43993
v2,ea89b79a9dfd35df20fed759e6d15c60fe01e77c,direct,octree_leafcount,flyby,5,90,90,0.4541119933,0.1773760021,0.6324480176,0.639441,1,0,-1,43937,38445,17,17,13765,35.80439589,13.31777864,512002,0,512002,43937
v2,ea89b79a9dfd35df20fed759e6d15c60fe01e77c,direct,octree_leafcount,flyby,5,91,91,0.4514240026,0.1741759926,0.6265280247,0.633834,1,0,-1,44345,38802,17,17,13869,35.74300294,13.19524767,512002,0,512002,44345
v2,ea89b79a9dfd35df20fed759e6d15c60fe01e77c,direct,octree_leafcount,flyby,5,92,92,0.4151679873,0.1732160002,0.5893440247,0.59659,1,0,-1,43537,38095,17,17,13512,35.46922168,13.4401365,512002,0,512002,43537
v2,ea89b79a9dfd35df20fed759e6d15c60fe01e77c,direct,octree_leafcount,flyby,5,93,93,0.4517120123,0.1754239947,0.6280959845,0.634959,1,0,-1,43849,38368,17,17,13493,35.16732694,13.34450584,512002,0,512002,43849
v2,ea89b79a9dfd35df20fed759e6d15c60fe01e77c,direct,octree_leafcount,flyby,5,94,94,0.4268479943,0.1760639995,0.6038399935,0.612155,1,0,-1,43313,37899,17,17,13319,35.14340748,13.50964405,512002,0,512002,43313
v2,ea89b79a9dfd35df20fed759e6d15c60fe01e77c,direct,octree_leafcount,flyby,5,95,95,0.4183039963,0.1754560024,0.594720006,0.601491,1,0,-1,43625,38172,17,17,13299,34.83967306,13.41302525,512002,0,512002,43625
v2,ea89b79a9dfd35df20fed759e6d15c60fe01e77c,direct,octree_leafcount,flyby,5,96,96,0.4502719939,0.1771840006,0.6283519864,0.635932,1,0,-1,43329,37913,17,17,13283,35.03547596,13.5046554,512002,0,512002,43329
v2,ea89b79a9dfd35df20fed759e6d15c60fe01e77c,direct,octree_leafcount,flyby,5,97,97,0.4209280014,0.1709440053,0.5928320289,0.600262,1,0,-1,43289,37878,17,17,13180,34.79592376,13.51713396,512002,0,512002,43289
v2,ea89b79a9dfd35df20fed759e6d15c60fe01e77c,direct,octree_leafcount,flyby,5,98,98,0.4501439929,0.170975998,0.6220480204,0.628697,1,0,-1,43073,37689,17,17,13322,35.34718353,13.58491868,512002,0,512002,43073
v2,ea89b79a9dfd35df20fed759e6d15c60fe01e77c,direct,octree_leafcount,flyby,5,99,99,0.4217920005,0.1740799993,0.5968319774,0.604095,1,0,-1,43121,37731,17,17,13271,35.17266969,13.56979672,512002,0,512002,43121
v2,ea89b79a9dfd35df20fed759e6d15c60fe01e77c,direct,octree_leafcount,flyby,5,100,100,0.4191040099,0.1751679927,0.5952000022,0.602759,1,0,-1,43753,38284,17,17,13428,35.07470484,13.37378539,512002,0,512002,43753
v2,ea89b79a9dfd35df20fed759e6d15c60fe01e77c,direct,octree_leafcount,flyby,5,101,101,0.4179520011,0.1764159948,0.5952640176,0.601922,1,0,-1,43369,37948,17,17,13255,34.92937704,13.49219985,512002,0,512002,43369
v2,ea89b79a9dfd35df20fed759e6d15c60fe01e77c,direct,octree_leafcount,flyby,5,102,102,0.4485119879,0.1730879992,0.6230400205,0.629855,1,0,-1,43377,37955,17,17,12960,34.14569885,13.4897115,512002,0,512002,43377
v2,ea89b79a9dfd35df20fed759e6d15c60fe01e77c,direct,octree_leafcount,flyby,5,103,103,0.4477759898,0.1733440012,0.6220800281,0.62766,1,0,-1,43161,37766,17,17,13113,34.72170736,13.55722078,512002,0,512002,43161
v2,ea89b79a9dfd35df20fed759e6d15c60fe01e77c,direct,octree_leafcount,flyby,5,104,104,0.4150080085,0.1753280014,0.5912960172,0.59816,1,0,-1,43497,38060,17,17,13361,35.10509721,13.45249606,512002,0,512002,43497
v2,ea89b79a9dfd35df20fed759e6d15c60fe01e77c,direct,octree_leafcount,flyby,5,105,105,0.4532800019,0.1712000072,0.6253759861,0.630923,1,0,-1,43441,38011,17,17,13006,34.21641104,13.46983768,512002,0,512002,43441
v2,ea89b79a9dfd35df20fed759e6d15c60fe01e77c,direct,octree_leafcount,flyby,5,106,106,0.4240320027,0.1750719994,0.6000639796,0.608046,1,0,-1,43041,37661,17,17,12956,34.40163564,13.59501872,512002,0,512002,43041
v2,ea89b79a9dfd35df20fed759e6d15c60fe01e77c,direct,octree_leafcount,flyby,5,107,107,0.4542079866,0.1771200001,0.6322559714,0.639463,1,0,-1,43609,38158,17,17,13247,34.71618009,13.41794643,512002,0,512002,43609
v2,ea89b79a9dfd35df20fed759e6d15c60fe01e77c,direct,octree_leafcount,flyby,5,108,108,0.4171200097,0.1722240001,0.5902720094,0.597705,1,0,-1,43289,37878,17,17,13156,34.73256244,13.51713396,512002,0,512002,43289
v2,ea89b79a9dfd35df20fed759e6d15c60fe01e77c,direct,octree_leafcount,flyby,5,109,109,0.4198080003,0.1782079935,0.5989440084,0.606588,1,0,-1,43017,37640,17,17,12890,34.24548353,13.60260361,512002,0,512002,43017
v2,ea89b79a9dfd35df20fed759e6d15c60fe01e77c,direct,octree_leafcount,flyby,5,110,110,0.4487040043,0.175999999,0.6256639957,0.632069,1,0,-1,43161,37766,17,17,13007,34.44103162,13.55722078,512002,0,512002,43161
v2,ea89b79a9dfd35df20fed759e6d15c60fe01e77c,direct,octree_leafcount,flyby,5,111,111,0.4187200069,0.174112007,0.5937920213,0.601129,1,0,-1,43185,37787,17,17,13031,34.48540503,13.5496864,512002,0,512002,43185
v2,ea89b79a9dfd35df20fed759e6d15c60fe01e77c,direct,octree_leafcount,flyby,5,112,112,0.4495359957,0.1722559929,0.6227200031,0.629682,1,0,-1,43201,37801,17,17,12828,33.93561017,13.54466813,512002,0,512002,43201
v2,ea89b79a9dfd35df20fed759e6d15c60fe01e77c,direct,octree_leafcount,flyby,5,113,113,0.4501760006,0.1728959978,0.6240000129,0.631268,1,0,-1,43313,37899,17,17,13016,34.34391409,13.50964405,512002,0,512002,43313
v2,ea89b79a9dfd35df20fed759e6d15c60fe01e77c,direct,octree_leafcount,flyby,5,114,114,0.4568000138,0.1740480065,0.6317759752,0.639582,1,0,-1,43249,37843,17,17,12938,34.18862141,13.5296356,512002,0,512002,43249
v2,ea89b79a9dfd35df20fed759e6d15c60fe01e77c,direct,octree_leafcount,flyby,5,115,115,0.3872640133,0.1719679981,0.5601599813,0.567541,1,0,-1,43105,37717,17,17,12806,33.95285945,13.57483363,512002,0,512002,43105
v2,ea89b79a9dfd35df20fed759e6d15c60fe01e77c,direct,octree_leafcount,flyby,5,116,116,0.42009601,0.174112007,0.5951679945,0.602492,1,0,-1,43153,37759,17,17,12761,33.79591621,13.5597341,512002,0,512002,43153
v2,ea89b79a9dfd35df20fed759e6d15c60fe01e77c,direct,octree_leafcount,flyby,5,117,117,0.4503040016,0.1722240001,0.6234560013,0.629972,1,0,-1,43273,37864,17,17,12946,34.19078808,13.52213184,512002,0,512002,43273
v2,ea89b79a9dfd35df20fed759e6d15c60fe01e77c,direct,octree_leafcount,flyby,5,118,118,0.4194239974,0.1783680022,0.5987200141,0.606062,1,0,-1,43497,38060,17,17,12911,33.92275355,13.45249606,512002,0,512002,43497
v2,ea89b79a9dfd35df20fed759e6d15c60fe01e77c,direct,octree_leafcount,flyby,5,119,119,0.4539200068,0.1751040071,0.6299840212,0.637489,1,0,-1,43585,38137,17,17,13008,34.10860844,13.42533498,512002,0,512002,43585
v2,ea89b79a9dfd35df20fed759e6d15c60fe01e77c,direct,octree_leafcount,flyby,5,120,120,0.4171839952,0.1751359999,0.5932800174,0.599997,1,0,-1,43545,38102,17,17,13056,34.2659178,13.43766731,512002,0,512002,43545
v2,ea89b79a9dfd35df20fed759e6d15c60fe01e77c,direct,octree_leafcount,flyby,5,121,121,0.4228479862,0.1730239987,0.5968000293,0.604479,1,0,-1,43385,37962,17,17,12938,34.08144987,13.48722407,512002,0,512002,43385
v2,ea89b79a9dfd35df20fed759e6d15c60fe01e77c,direct,octree_leafcount,flyby,5,122,122,0.4564799964,0.1743039936,0.6317440271,0.639635,1,0,-1,42897,37535,17,17,12600,33.56866924,13.64065539,512002,0,512002,42897
v2,ea89b79a9dfd35df20fed759e6d15c60fe01e77c,direct,octree_leafcount,flyby,5,123,123,0.418464005,0.171232,0.5906559825,0.597796,1,0,-1,43329,37913,17,17,12958,34.1782502,13.5046554,512002,0,512002,43329
v2,ea89b79a9dfd35df20fed759e6d15c60fe01e77c,direct,octree_leafcount,flyby,5,124,124,0.4536640048,0.1750400066,0.6296319962,0.637602,1,0,-1,43465,38032,17,17,12904,33.92932268,13.46240008,512002,0,512002,43465
v2,ea89b79a9dfd35df20fed759e6d15c60fe01e77c,direct,octree_leafcount,flyby,5,125,125,0.4176959991,0.1731200069,0.5917440057,0.59893,1,0,-1,43449,38018,17,17,12830,33.74717239,13.46735757,512002,0,512002,43449
v2,ea89b79a9dfd35df20fed759e6d15c60fe01e77c,direct,octree_leafcount,flyby,5,126,126,0.4509760141,0.1731519997,0.6250879765,0.632385,1,0,-1,43401,37976,17,17,12780,33.65283337,13.48225195,512002,0,512002,43401
v2,ea89b79a9dfd35df20fed759e6d15c60fe01e77c,direct,octree_leafcount,flyby,5,127,127,0.4535999894,0.1743360013,0.6288639903,0.635483,1,0,-1,43353,37934,17,17,12613,33.24985501,13.49717931,512002,0,512002,43353
v2,ea89b79a9dfd35df20fed759e6d15c60fe01e77c,direct,octree_leafcount,flyby,5,128,128,0.4180479944,0.1748480052,0.593824029,0.600714,1,0,-1,43305,37892,17,17,12622,33.31046131,13.51213977,512002,0,512002,43305
v2,ea89b79a9dfd35df20fed759e6d15c60fe01e77c,direct,octree_leafcount,flyby,5,129,129,0.4509440064,0.1733119935,0.6251839995,0.632633,1,0,-1,43121,37731,17,17,12694,33.64342318,13.56979672,512002,0,512002,43121
v2,ea89b79a9dfd35df20fed759e6d15c60fe01e77c,direct,octree_leafcount,flyby,5,130,130,0.4534080029,0.1708800048,0.6252160072,0.63275,1,0,-1,43265,37857,17,17,12705,33.560504,13.52463217,512002,0,512002,43265
v2,ea89b79a9dfd35df20fed759e6d15c60fe01e77c,direct,octree_leafcount,flyby,5,131,131,0.4492160082,0.1741759926,0.6242880225,0.630804,1,0,-1,43401,37976,17,17,12613,33.21308195,13.48225195,512002,0,512002,43401
v2,ea89b79a9dfd35df20fed759e6d15c60fe01e77c,direct,octree_leafcount,flyby,5,132,132,0.4190399945,0.1742720008,0.5942720175,0.601029,1,0,-1,43033,37654,17,17,12449,33.06156052,13.59754608,512002,0,512002,43033
v2,ea89b79a9dfd35df20fed759e6d15c60fe01e77c,direct,octree_leafcount,flyby,5,133,133,0.3868480027,0.1721599996,0.559935987,0.566776,1,0,-1,42961,37591,17,17,12278,32.66207337,13.62033465,512002,0,512002,42961
v2,ea89b79a9dfd35df20fed759e6d15c60fe01e77c,direct,octree_leafcount,flyby,5,134,134,0.4605120122,0.1739200056,0.6353600025,0.643975,1,0,-1,43057,37675,17,17,12404,32.92368945,13.58996682,512002,0,512002,43057
v2,ea89b79a9dfd35df20fed759e6d15c60fe01e77c,direct,octree_leafcount,flyby,5,135,135,0.4274559915,0.1781760007,0.6065919995,0.615136,1,0,-1,43273,37864,17,17,12398,32.74350306,13.52213184,512002,0,512002,43273
v2,ea89b79a9dfd35df20fed759e6d15c60fe01e77c,direct,octree_leafcount,flyby,5,136,136,0.4749760032,0.1779520065,0.6538879871,0.66134,1,0,-1,43713,38249,17,17,12664,33.10936234,13.38602316,512002,0,512002,43713
v2,ea89b79a9dfd35df20fed759e6d15c60fe01e77c,direct,octree_leafcount,flyby,5,137,137,0.4577279985,0.1721280068,0.6308159828,0.638865,1,0,-1,43185,37787,17,17,12581,33.29451928,13.5496864,512002,0,512002,43185
v2,ea89b79a9dfd35df20fed759e6d15c60fe01e77c,direct,octree_leafcount,flyby,5,138,138,0.4261440039,0.1731200069,0.6001920104,0.607941,1,0,-1,43073,37689,17,17,12345,32.75491523,13.58491868,512002,0,512002,43073
v2,ea89b79a9dfd35df20fed759e6d15c60fe01e77c,direct,octree_leafcount,flyby,5,139,139,0.4552640021,0.1731200069,0.6293119788,0.63651,1,0,-1,43617,38165,17,17,12654,33.15603301,13.41548539,512002,0,512002,43617
v2,ea89b79a9dfd35df20fed759e6d15c60fe01e77c,direct,octree_leafcount,flyby,5,140,140,0.4248960018,0.1759040058,0.6017600298,0.608843,1,0,-1,43497,38060,17,17,12721,33.42354178,13.45249606,512002,0,512002,43497
v2,ea89b79a9dfd35df20fed759e6d15c60fe01e77c,direct,octree_leafcount,flyby,5,141,141,0.4551680088,0.1752319932,0.6313279867,0.638798,1,0,-1,43553,38109,17,17,12543,32.913485,13.43519903,512002,0,512002,43553
v2,ea89b79a9dfd35df20fed759e6d15c60fe01e77c,direct,octree_leafcount,flyby,5,142,142,0.4200319946,0.1712000072,0.5921279788,0.599579,1,0,-1,43521,38081,17,17,12500,32.82476826,13.4450776,512002,0,512002,43521
v2,ea89b79a9dfd35df20fed759e6d15c60fe01e77c,direct,octree_leafcount,flyby,5,143,143,0.4574719965,0.1728959978,0.6312639713,0.639063,1,0,-1,43481,38046,17,17,12512,32.88650581,13.45744625,512002,0,512002,43481
v2,ea89b79a9dfd35df20fed759e6d15c60fe01e77c,direct,octree_leafcount,flyby,5,144,144,0.4179199934,0.168960005,0.5878400207,0.595105,1,0,-1,42921,37556,17,17,12251,32.62061987,13.63302801,512002,0,512002,42921
v2,ea89b79a9dfd35df20fed759e6d15c60fe01e77c,direct,octree_leafcount,flyby,5,145,145,0.418592006,0.1721280068,0.5916799903,0.598531,1,0,-1,43169,37773,17,17,12443,32.94151907,13.55470839,512002,0,512002,43169
v2,ea89b79a9dfd35df20fed759e6d15c60fe01e77c,direct,octree_leafcount,flyby,5,146,146,0.4516800046,0.1752319932,0.6278719902,0.63468,1,0,-1,43153,37759,17,17,12284,32.53264122,13.5597341,512002,0,512002,43153
v2,ea89b79a9dfd35df20fed759e6d15c60fe01e77c,direct,octree_leafcount,flyby,5,147,147,0.4169920087,0.1764159948,0.5943359733,0.601064,1,0,-1,43521,38081,17,17,12474,32.75649274,13.4450776,512002,0,512002,43521
v2,ea89b79a9dfd35df20fed759e6d15c60fe01e77c,direct,octree_leafcount,flyby,5,148,148,0.4503679872,0.1720319986,0.6233279705,0.629983,1,0,-1,43521,38081,17,17,12566,32.99808303,13.4450776,512002,0,512002,43521
v2,ea89b79a9dfd35df20fed759e6d15c60fe01e77c,direct,octree_leafcount,flyby,5,149,149,0.4148800075,0.1741439998,0.5899839997,0.596395,1,0,-1,43225,37822,17,17,12458,32.9385014,13.53714769,512002,0,512002,43225
v2,ea89b79a9dfd35df20fed759e6d15c60fe01e77c,direct,octree_leafcount,flyby,5,150,150,0.4131839871,0.1743360013,0.588447988,0.594008,1,0,-1,43393,37969,17,17,12389,32.62925018,13.48473755,512002,0,512002,43393
v2,ea89b79a9dfd35df20fed759e6d15c60fe01e77c,direct,octree_leafcount,flyby,5,151,151,0.4464319944,0.1719039977,0.6192960143,0.625792,1,0,-1,43537,38095,17,17,12407,32.56857855,13.4401365,512002,0,512002,43537
v2,ea89b79a9dfd35df20fed759e6d15c60fe01e77c,direct,octree_leafcount,flyby,5,152,152,0.4276799858,0.1742399931,0.6028800011,0.610446,1,0,-1,43497,38060,17,17,12509,32.86652654,13.45249606,512002,0,512002,43497
v2,ea89b79a9dfd35df20fed759e6d15c60fe01e77c,direct,octree_leafcount,flyby,5,153,153,0.4481920004,0.174112007,0.623232007,0.628681,1,0,-1,43665,38207,17,17,12555,32.86047059,13.40073808,512002,0,512002,43665
v2,ea89b79a9dfd35df20fed759e6d15c60fe01e77c,direct,octree_leafcount,flyby,5,154,154,0.422495991,0.1731200069,0.5965440273,0.604581,1,0,-1,43257,37850,17,17,12228,32.30647292,13.52713342,512002,0,512002,43257
v2,ea89b79a9dfd35df20fed759e6d15c60fe01e77c,direct,octree_leafcount,flyby,5,155,155,0.4233599901,0.1751359999,0.5994240046,0.606793,1,0,-1,43513,38074,17,17,12377,32.50774807,13.44754951,512002,0,512002,43513
v2,ea89b79a9dfd35df20fed759e6d15c60fe01e77c,direct,octree_leafcount,flyby,5,156,156,0.4509440064,0.1722240001,0.6240959764,0.631651,1,0,-1,43417,37990,17,17,12313,32.41116083,13.4772835,512002,0,512002,43417
v2,ea89b79a9dfd35df20fed759e6d15c60fe01e77c,direct,octree_leafcount,flyby,5,157,157,0.4282880127,0.1773439944,0.6065599918,0.613842,1,0,-1,43193,37794,17,17,12313,32.57924538,13.5471768,512002,0,512002,43193
v2,ea89b79a9dfd35df20fed759e6d15c60fe01e77c,direct,octree_leafcount,flyby,5,158,158,0.4553920031,0.1747840047,0.6311360002,0.638218,1,0,-1,43313,37899,17,17,12254,32.33330695,13.50964405,512002,0,512002,43313
v2,ea89b79a9dfd35df20fed759e6d15c60fe01e77c,direct,octree_leafcount,flyby,5,159,159,0.4195519984,0.1751679927,0.5956799984,0.602504,1,0,-1,42817,37465,17,17,11960,31.92312825,13.66614173,512002,0,512002,42817
v2,ea89b79a9dfd35df20fed759e6d15c60fe01e77c,direct,octree_leafcount,flyby,5,160,160,0.4192639887,0.1729920059,0.5931519866,0.601028,1,0,-1,43097,37710,17,17,12020,31.87483426,13.57735349,512002,0,512002,43097
v2,ea89b79a9dfd35df20fed759e6d15c60fe01e77c,direct,octree_leafcount,flyby,5,161,161,0.4514879882,0.1722559929,0.6247040033,0.631681,1,0,-1,43233,37829,17,17,12227,32.32176373,13.53464273,512002,0,512002,43233
v2,ea89b79a9dfd35df20fed759e6d15c60fe01e77c,direct,octree_leafcount,flyby,5,162,162,0.4538559914,0.1751679927,0.6299200058,0.637073,1,0,-1,43145,37752,17,17,12101,32.05393092,13.56224836,512002,0,512002,43145
v2,ea89b79a9dfd35df20fed759e6d15c60fe01e77c,direct,octree_leafcount,flyby,5,163,163,0.4584639966,0.1714240015,0.6308159828,0.636908,1,0,-1,43545,38102,17,17,12278,32.22403023,13.43766731,512002,0,512002,43545
v2,ea89b79a9dfd35df20fed759e6d15c60fe01e77c,direct,octree_leafcount,flyby,5,164,164,0.4607039988,0.1800000072,0.6416000128,0.649388,1,0,-1,43241,37836,17,17,12047,31.84004652,13.5321387,512002,0,512002,43241
v2,ea89b79a9dfd35df20fed759e6d15c60fe01e77c,direct,octree_leafcount,flyby,5,165,165,0.4154880047,0.1742399931,0.5906879902,0.597829,1,0,-1,43137,37745,17,17,12060,31.95125182,13.56476354,512002,0,512002,43137
v2,ea89b79a9dfd35df20fed759e6d15c60fe01e77c,direct,octree_leafcount,flyby,5,166,166,0.4493120015,0.1753280014,0.6255679727,0.632742,1,0,-1,43105,37717,17,17,11947,31.67537185,13.57483363,512002,0,512002,43105
v2,ea89b79a9dfd35df20fed759e6d15c60fe01e77c,direct,octree_leafcount,flyby,5,167,167,0.4158079922,0.1751679927,0.5919359922,0.598846,1,0,-1,43105,37717,17,17,11850,31.41819339,13.57483363,512002,0,512002,43105
v2,ea89b79a9dfd35df20fed759e6d15c60fe01e77c,direct,octree_leafcount,flyby,5,168,168,0.4506880045,0.1783359945,0.6299840212,0.636588,1,0,-1,42745,37402,17,17,11841,31.65873483,13.68916101,512002,0,512002,42745
v2,ea89b79a9dfd35df20fed759e6d15c60fe01e77c,direct,octree_leafcount,flyby,5,169,169,0.4179840088,0.1731200069,0.5920320153,0.598956,1,0,-1,43025,37647,17,17,11893,31.59083061,13.60007438,512002,0,512002,43025
v2,ea89b79a9dfd35df20fed759e6d15c60fe01e77c,direct,octree_leafcount,flyby,5,170,170,0.422239989,0.1750719994,0.5982400179,0.605643,1,0,-1,43001,37626,17,17,11936,31.72274491,13.60766491,512002,0,512002,43001
v2,ea89b79a9dfd35df20fed759e6d15c60fe01e77c,direct,octree_leafcount,flyby,5,171,171,0.4521279931,0.175999999,0.6290879846,0.635858,1,0,-1,43417,37990,17,17,11983,31.54251119,13.4772835,512002,0,512002,43417
v2,ea89b79a9dfd35df20fed759e6d15c60fe01e77c,direct,octree_leafcount,flyby,5,172,172,0.4173119962,0.1730560064,0.5912960172,0.598851,1,0,-1,43025,37647,17,17,11688,31.04629851,13.60007438,512002,0,512002,43025
v2,ea89b79a9dfd35df20fed759e6d15c60fe01e77c,direct,octree_leafcount,flyby,5,173,173,0.4562560022,0.1750079989,0.6322240233,0.640147,1,0,-1,42873,37514,17,17,11815,31.49490857,13.6482913,512002,0,512002,42873
v2,ea89b79a9dfd35df20fed759e6d15c60fe01e77c,direct,octree_leafcount,flyby,5,174,174,0.4241920114,0.1801279932,0.6052479744,0.612644,1,0,-1,42761,37416,17,17,11711,31.29944409,13.68403891,512002,0,512002,42761
v2,ea89b79a9dfd35df20fed759e6d15c60fe01e77c,direct,octree_leafcount,flyby,5,175,175,0.4232319891,0.1756159961,0.5997440219,0.608541,1,0,-1,42977,37605,17,17,11892,31.62345433,13.61526393,512002,0,512002,42977
v2,ea89b79a9dfd35df20fed759e6d15c60fe01e77c,direct,octree_leafcount,flyby,5,176,176,0.465568006,0.1736319959,0.6401600242,0.648751,1,0,-1,42793,37444,17,17,11647,31.10511697,13.67380622,512002,0,512002,42793
v2,ea89b79a9dfd35df20fed759e6d15c60fe01e77c,direct,octree_leafcount,flyby,5,177,177,0.4182400107,0.1799360067,0.5990719795,0.605781,1,0,-1,42945,37577,17,17,11799,31.39952631,13.62540916,512002,0,512002,42945
v2,ea89b79a9dfd35df20fed759e6d15c60fe01e77c,direct,octree_leafcount,flyby,5,178,178,0.4608319998,0.1748159975,0.6365759969,0.645476,1,0,-1,43017,37640,17,17,11796,31.33900106,13.60260361,512002,0,512002,43017
v2,ea89b79a9dfd35df20fed759e6d15c60fe01e77c,direct,octree_leafcount,flyby,5,179,179,0.434047997,0.1808959991,0.615967989,0.624435,1,0,-1,42641,37311,17,17,11718,31.40628769,13.72254831,512002,0,512002,42641
v2,ea89b79a9dfd35df20fed759e6d15c60fe01e77c,direct,octree_leafcount,flyby,5,180,180,0.4274559915,0.1769919991,0.6054080129,0.613658,1,0,-1,42985,37612,17,17,11962,31.80367968,13.61272998,512002,0,512002,42985
v2,ea89b79a9dfd35df20fed759e6d15c60fe01e77c,direct,octree_leafcount,flyby,5,181,181,0.4599039853,0.1731200069,0.6339520216,0.641505,1,0,-1,42905,37542,17,17,11761,31.32757978,13.63811198,512002,0,512002,42905
v2,ea89b79a9dfd35df20fed759e6d15c60fe01e77c,direct,octree_leafcount,flyby,5,182,182,0.4253120124,0.1790399998,0.6052799821,0.612843,1,0,-1,42849,37493,17,17,11754,31.34985197,13.65593577,512002,0,512002,42849
v2,ea89b79a9dfd35df20fed759e6d15c60fe01e77c,direct,octree_leafcount,flyby,5,183,183,0.4244799912,0.1770240068,0.6024640203,0.609893,1,0,-1,43049,37668,17,17,11571,30.71838165,13.5924923,512002,0,512002,43049
v2,ea89b79a9dfd35df20fed759e6d15c60fe01e77c,direct,octree_leafcount,flyby,5,184,184,0.454144001,0.1751359999,0.6301760077,0.63746,1,0,-1,43129,37738,17,17,11650,30.87074037,13.56727967,512002,0,512002,43129
v2,ea89b79a9dfd35df20fed759e6d15c60fe01e77c,direct,octree_leafcount,flyby,5,185,185,0.4190720022,0.1740480065,0.5940799713,0.601219,1,0,-1,42769,37423,17,17,11754,31.4084921,13.6814793,512002,0,512002,42769
v2,ea89b79a9dfd35df20fed759e6d15c60fe01e77c,direct,octree_leafcount,flyby,5,186,186,0.4519360065,0.1712960005,0.6241599917,0.6315,1,0,-1,42585,37262,17,17,11593,31.11212495,13.74059363,512002,0,512002,42585
v2,ea89b79a9dfd35df20fed759e6d15c60fe01e77c,direct,octree_leafcount,flyby,5,187,187,0.4220800102,0.1728319973,0.595871985,0.603024,1,0,-1,42841,37486,17,17,11811,31.5077629,13.65848583,512002,0,512002,42841
v2,ea89b79a9dfd35df20fed759e6d15c60fe01e77c,direct,octree_leafcount,flyby,5,188,188,0.4236159921,0.1752959937,0.5998719931,0.607659,1,0,-1,42289,37003,17,17,11411,30.83804016,13.83676999,512002,0,512002,42289
v2,ea89b79a9dfd35df20fed759e6d15c60fe01e77c,direct,octree_leafcount,flyby,5,189,189,0.4539200068,0.1726399958,0.6274880171,0.63445,1,0,-1,42473,37164,17,17,11522,31.0031213,13.77682704,512002,0,512002,42473
v2,ea89b79a9dfd35df20fed759e6d15c60fe01e77c,direct,octree_leafcount,flyby,5,190,190,0.4202559888,0.1700160056,0.5911999941,0.59845,1,0,-1,42297,37010,17,17,11405,30.81599568,13.83415293,512002,0,512002,42297
v2,ea89b79a9dfd35df20fed759e6d15c60fe01e77c,direct,octree_leafcount,flyby,5,191,191,0.4492479861,0.1743039936,0.6245120168,0.63186,1,0,-1,42225,36947,17,17,11323,30.64660189,13.85774217,512002,0,512002,42225
v2,ea89b79a9dfd35df20fed759e6d15c60fe01e77c,direct,octree_leafcount,flyby,5,192,192,0.4243839979,0.1749120057,0.6002560258,0.607545,1,0,-1,42233,36954,17,17,11399,30.84645776,13.85511717,512002,0,512002,42233
v2,ea89b79a9dfd35df20fed759e6d15c60fe01e77c,direct,octree_leafcount,flyby,5,193,193,0.3867839873,0.1688320041,0.5565119982,0.563777,1,0,-1,42273,36989,17,17,11356,30.70101922,13.84200708,512002,0,512002,42273
v2,ea89b79a9dfd35df20fed759e6d15c60fe01e77c,direct,octree_leafcount,flyby,5,194,194,0.4526720047,0.1732800007,0.6268799901,0.633552,1,0,-1,42401,37101,17,17,11567,31.17705722,13.80022102,512002,0,512002,42401
v2,ea89b79a9dfd35df20fed759e6d15c60fe01e77c,direct,octree_leafcount,flyby,5,195,195,0.4526720047,0.1758719981,0.6294720173,0.6362,1,0,-1,42329,37038,17,17,11498,31.04379286,13.82369458,512002,0,512002,42329
v2,ea89b79a9dfd35df20fed759e6d15c60fe01e77c,direct,octree_leafcount,flyby,5,196,196,0.4543679953,0.1732800007,0.6285759807,0.63621,1,0,-1,42761,37416,17,17,11752,31.40902288,13.68403891,512002,0,512002,42761
v2,ea89b79a9dfd35df20fed759e6d15c60fe01e77c,direct,octree_leafcount,flyby,5,197,197,0.3894400001,0.1759040058,0.566304028,0.572995,1,0,-1,42289,37003,17,17,11372,30.7326433,13.83676999,512002,0,512002,42289
v2,ea89b79a9dfd35df20fed759e6d15c60fe01e77c,direct,octree_leafcount,flyby,5,198,198,0.4207360148,0.1730560064,0.594720006,0.601888,1,0,-1,42561,37241,17,17,11525,30.94707446,13.74834188,512002,0,512002,42561
v2,ea89b79a9dfd35df20fed759e6d15c60fe01e77c,direct,octree_leafcount,flyby,5,199,199,0.4479359984,0.1733119935,0.6221439838,0.627651,1,0,-1,42577,37255,17,17,11385,30.55965642,13.74317541,512002,0,512002,42577
v2,ea89b79a9dfd35df20fed759e6d15c60fe01e77c,direct,octree_leafcount,flyby,5,200,200,0.4163840115,0.1721920073,0.5895040035,0.596641,1,0,-1,42641,37311,17,17,11427,30.62635684,13.72254831,512002,0,512002,42641
v2,ea89b79a9dfd35df20fed759e6d15c60fe01e77c,direct,octree_leafcount,flyby,5,201,201,0.4470080137,0.1752319932,0.6231999993,0.630531,1,0,-1,42481,37171,17,17,11405,30.68252132,13.7742326,512002,0,512002,42481
v2,ea89b79a9dfd35df20fed759e6d15c60fe01e77c,direct,octree_leafcount,flyby,5,202,202,0.4185279906,0.1749439985,0.5943999887,0.601908,1,0,-1,42305,37017,17,17,11259,30.41575492,13.83153686,512002,0,512002,42305
v2,ea89b79a9dfd35df20fed759e6d15c60fe01e77c,direct,octree_leafcount,flyby,5,203,203,0.4302720129,0.1742720008,0.6055039763,0.612286,1,0,-1,42393,37094,17,17,11467,30.91335526,13.80282525,512002,0,512002,42393
v2,ea89b79a9dfd35df20fed759e6d15c60fe01e77c,direct,octree_leafcount,flyby,5,204,204,0.4497280121,0.170975998,0.6216639876,0.628843,1,0,-1,42297,37010,17,17,11400,30.80248581,13.83415293,512002,0,512002,42297
v2,ea89b79a9dfd35df20fed759e6d15c60fe01e77c,direct,octree_leafcount,flyby,5,205,205,0.4193919897,0.1744319946,0.5947840214,0.600754,1,0,-1,42825,37472,17,17,11629,31.0338386,13.66358881,512002,0,512002,42825
v2,ea89b79a9dfd35df20fed759e6d15c60fe01e77c,direct,octree_leafcount,flyby,5,206,206,0.3875840008,0.1771519929,0.5656639934,0.573349,1,0,-1,42609,37283,17,17,11431,30.66008637,13.73285412,512002,0,512002,42609
v2,ea89b79a9dfd35df20fed759e6d15c60fe01e77c,direct,octree_leafcount,flyby,5,207,207,0.4510720074,0.1722559929,0.6242880225,0.630265,1,0,-1,42881,37521,17,17,11488,30.61752085,13.64574505,512002,0,512002,42881
v2,ea89b79a9dfd35df20fed759e6d15c60fe01e77c,direct,octree_leafcount,flyby,5,208,208,0.4162560105,0.1743360013,0.5915200114,0.597329,1,0,-1,42489,37178,17,17,11347,30.52073807,13.77163914,512002,0,512002,42489
v2,ea89b79a9dfd35df20fed759e6d15c60fe01e77c,direct,octree_leafcount,flyby,5,209,209,0.4489920139,0.1700800061,0.6199679971,0.626145,1,0,-1,42281,36996,17,17,11314,30.58168451,13.83938804,512002,0,512002,42281
v2,ea89b79a9dfd35df20fed759e6d15c60fe01e77c,direct,octree_leafcount,flyby,5,210,210,0.4206719995,0.169088006,0.5906879902,0.598374,1,0,-1,42169,36898,17,17,11217,30.40002168,13.87614505,512002,0,512002,42169
v2,ea89b79a9dfd35df20fed759e6d15c60fe01e77c,direct,octree_leafcount,flyby,5,211,211,0.4242239892,0.1730879992,0.6019200087,0.609541,1,0,-1,42241,36961,17,17,11176,30.23727713,13.85249317,512002,0,512002,42241
v2,ea89b79a9dfd35df20fed759e6d15c60fe01e77c,direct,octree_leafcount,flyby,5,212,212,0.4531520009,0.1712639928,0.6253439784,0.632742,1,0,-1,42449,37143,17,17,11392,30.67065127,13.78461621,512002,0,512002,42449
v2,ea89b79a9dfd35df20fed759e6d15c60fe01e77c,direct,octree_leafcount,flyby,5,213,213,0.4192000031,0.1752000004,0.5953599811,0.602458,1,0,-1,42185,36912,17,17,11341,30.72442566,13.8708821,512002,0,512002,42185
v2,ea89b79a9dfd35df20fed759e6d15c60fe01e77c,direct,octree_leafcount,flyby,5,214,214,0.4550719857,0.1688639969,0.6248639822,0.632044,1,0,-1,42193,36919,17,17,11377,30.81611095,13.86825212,512002,0,512002,42193
v2,ea89b79a9dfd35df20fed759e6d15c60fe01e77c,direct,octree_leafcount,flyby,5,215,215,0.4208959937,0.1730879992,0.5949440002,0.601941,1,0,-1,42249,36968,17,17,11279,30.51017096,13.84987016,512002,0,512002,42249
v2,ea89b79a9dfd35df20fed759e6d15c60fe01e77c,direct,octree_leafcount,flyby,5,216,216,0.4263679981,0.1718720049,0.5992000103,0.606038,1,0,-1,42377,37080,17,17,11505,31.02750809,13.80803668,512002,0,512002,42377
v2,ea89b79a9dfd35df20fed759e6d15c60fe01e77c,direct,octree_leafcount,flyby,5,217,217,0.4529600143,0.1716160029,0.6255040169,0.632698,1,0,-1,42457,37150,17,17,11317,30.46298789,13.78201884,512002,0,512002,42457
v2,ea89b79a9dfd35df20fed759e6d15c60fe01e77c,direct,octree_leafcount,flyby,5,218,218,0.4247039855,0.1729920059,0.5986559987,0.606481,1,0,-1,42393,37094,17,17,11293,30.4442767,13.80282525,512002,0,512002,42393
v2,ea89b79a9dfd35df20fed759e6d15c60fe01e77c,direct,octree_leafcount,flyby,5,219,219,0.4503040016,0.1740480065,0.6253119707,0.631826,1,0,-1,42657,37325,17,17,11349,30.40589417,13.71740121,512002,0,512002,42657
v2,ea89b79a9dfd35df20fed759e6d15c60fe01e77c,direct,octree_leafcount,flyby,5,220,220,0.4573439956,0.1730879992,0.6313920021,0.638547,1,0,-1,42513,37199,17,17,11352,30.51694938,13.76386462,512002,0,512002,42513
v2,ea89b79a9dfd35df20fed759e6d15c60fe01e77c,direct,octree_leafcount,flyby,5,221,221,0.4264959991,0.1772159934,0.604640007,0.612762,1,0,-1,42513,37199,17,17,11514,30.95244496,13.76386462,512002,0,512002,42513
v2,ea89b79a9dfd35df20fed759e6d15c60fe01e77c,direct,octree_leafcount,flyby,5,222,222,0.45728001,0.1730239987,0.6312000155,0.638733,1,0,-1,42425,37122,17,17,11356,30.59102419,13.7924142,512002,0,512002,42425
v2,ea89b79a9dfd35df20fed759e6d15c60fe01e77c,direct,octree_leafcount,flyby,5,223,223,0.4218240082,0.1751679927,0.5979520082,0.605183,1,0,-1,42337,37045,17,17,11349,30.63571332,13.82108247,512002,0,512002,42337
v2,ea89b79a9dfd35df20fed759e6d15c60fe01e77c,direct,octree_leafcount,flyby,5,224,224,0.4258880019,0.1751679927,0.6020159721,0.610531,1,0,-1,41953,36709,17,17,11153,30.3821951,13.94758779,512002,0,512002,41953
v2,ea89b79a9dfd35df20fed759e6d15c60fe01e77c,direct,octree_leafcount,flyby,5,225,225,0.4661119878,0.1740159988,0.6410239935,0.649696,1,0,-1,41985,36737,17,17,11224,30.55230422,13.93695729,512002,0,512002,41985
v2,ea89b79a9dfd35df20fed759e6d15c60fe01e77c,direct,octree_leafcount,flyby,5,226,226,0.4176320136,0.1734080017,0.5919679999,0.598152,1,0,-1,41273,36114,17,17,10788,29.87207177,14.17738273,512002,0,512002,41273
v2,ea89b79a9dfd35df20fed759e6d15c60fe01e77c,direct,octree_leafcount,flyby,5,227,227,0.4586879909,0.1731519997,0.6327679753,0.63975,1,0,-1,41489,36303,17,17,10930,30.1077046,14.10357271,512002,0,512002,41489
v2,ea89b79a9dfd35df20fed759e6d15c60fe01e77c,direct,octree_leafcount,flyby,5,228,228,0.3842560053,0.1774719954,0.562687993,0.569205,1,0,-1,42033,36779,17,17,11007,29.92740423,13.9210419,512002,0,512002,42033
v2,ea89b79a9dfd35df20fed759e6d15c60fe01e77c,direct,octree_leafcount,flyby,5,229,229,0.4216319919,0.1774079949,0.5999360085,0.607384,1,0,-1,42009,36758,17,17,11028,30.0016323,13.92899505,512002,0,512002,42009
v2,ea89b79a9dfd35df20fed759e6d15c60fe01e77c,direct,octree_leafcount,flyby,5,230,230,0.4554559886,0.1730239987,0.6294080019,0.637024,1,0,-1,42097,36835,17,17,10999,29.86018732,13.89987783,512002,0,512002,42097
v2,ea89b79a9dfd35df20fed759e6d15c60fe01e77c,direct,octree_leafcount,flyby,5,231,231,0.4180479944,0.1701759994,0.5891519785,0.595715,1,0,-1,41961,36716,17,17,11040,30.06863493,13.94492864,512002,0,512002,41961
v2,ea89b79a9dfd35df20fed759e6d15c60fe01e77c,direct,octree_leafcount,flyby,5,232,232,0.4234560132,0.170975998,0.5953599811,0.602576,1,0,-1,42289,37003,17,17,11043,29.8435262,13.83676999,512002,0,512002,42289
v2,ea89b79a9dfd35df20fed759e6d15c60fe01e77c,direct,octree_leafcount,flyby,5,233,233,0.4561919868,0.1709119976,0.6280320287,0.635685,1,0,-1,42425,37122,17,17,11143,30.01724045,13.7924142,512002,0,512002,42425
v2,ea89b79a9dfd35df20fed759e6d15c60fe01e77c,direct,octree_leafcount,flyby,5,234,234,0.4274879992,0.174112007,0.6025599837,0.610376,1,0,-1,42217,36940,17,17,10990,29.75094748,13.86036816,512002,0,512002,42217
v2,ea89b79a9dfd35df20fed759e6d15c60fe01e77c,direct,octree_leafcount,flyby,5,235,235,0.4253439903,0.1757120043,0.601984024,0.610233,1,0,-1,42017,36765,17,17,10910,29.6749626,13.92634299,512002,0,512002,42017
v2,ea89b79a9dfd35df20fed759e6d15c60fe01e77c,direct,octree_leafcount,flyby,5,236,236,0.4229759872,0.1740159988,0.5979520082,0.605407,1,0,-1,41985,36737,17,17,10930,29.75202112,13.93695729,512002,0,512002,41985
v2,ea89b79a9dfd35df20fed759e6d15c60fe01e77c,direct,octree_leafcount,flyby,5,237,237,0.4537279904,0.1769279987,0.6316159964,0.63852,1,0,-1,41865,36632,17,17,10810,29.50971828,13.97690544,512002,0,512002,41865
v2,ea89b79a9dfd35df20fed759e6d15c60fe01e77c,direct,octree_leafcount,flyby,5,238,238,0.4581440091,0.1753280014,0.6344000101,0.640286,1,0,-1,41497,36310,17,17,10918,30.06885156,14.10085376,512002,0,512002,41497
v2,ea89b79a9dfd35df20fed759e6d15c60fe01e77c,direct,octree_leafcount,flyby,5,239,239,0.4225600064,0.1722559929,0.5957120061,0.602761,1,0,-1,41665,36457,17,17,10918,29.94760951,14.04399704,512002,0,512002,41665
v2,ea89b79a9dfd35df20fed759e6d15c60fe01e77c,direct,octree_leafcount,flyby,5,240,240,0.4554559886,0.1748480052,0.6312639713,0.639023,1,0,-1,42145,36877,17,17,11152,30.24107167,13.88404697,512002,0,512002,42145
v2,ea89b79a9dfd35df20fed759e6d15c60fe01e77c,direct,octree_leafcount,flyby,5,241,241,0.3835839927,0.1723199934,0.5568320155,0.562638,1,0,-1,41769,36548,17,17,10846,29.67604246,14.00902922,512002,0,512002,41769
v2,ea89b79a9dfd35df20fed759e6d15c60fe01e77c,direct,octree_leafcount,flyby,5,242,242,0.4201599956,0.1719360054,0.5930560231,0.600639,1,0,-1,41897,36660,17,17,10921,29.78996181,13.96623022,512002,0,512002,41897
v2,ea89b79a9dfd35df20fed759e6d15c60fe01e77c,direct,octree_leafcount,flyby,5,243,243,0.4582079947,0.1730239987,0.6321920156,0.639893,1,0,-1,41769,36548,17,17,10896,29.81284886,14.00902922,512002,0,512002,41769
v2,ea89b79a9dfd35df20fed759e6d15c60fe01e77c,direct,octree_leafcount,flyby,5,244,244,0.4269759953,0.1679999977,0.5959039927,0.602921,1,0,-1,41873,36639,17,17,11002,30.02811212,13.9742351,512002,0,512002,41873
v2,ea89b79a9dfd35df20fed759e6d15c60fe01e77c,direct,octree_leafcount,flyby,5,245,245,0.4299519956,0.1717119962,0.6025919914,0.6094,1,0,-1,41521,36331,17,17,10828,29.80374886,14.0927032,512002,0,512002,41521
v2,ea89b79a9dfd35df20fed759e6d15c60fe01e77c,direct,octree_leafcount,flyby,5,246,246,0.4580799937,0.1730879992,0.6320959926,0.639516,1,0,-1,41921,36681,17,17,10954,29.86287179,13.95823451,512002,0,512002,41921
v2,ea89b79a9dfd35df20fed759e6d15c60fe01e77c,direct,octree_leafcount,flyby,5,247,247,0.4245119989,0.1738560051,0.5993279815,0.607064,1,0,-1,41593,36394,17,17,10750,29.53783591,14.06830796,512002,0,512002,41593
v2,ea89b79a9dfd35df20fed759e6d15c60fe01e77c,direct,octree_leafcount,flyby,5,248,248,0.4543359876,0.1730560064,0.6283519864,0.635481,1,0,-1,41897,36660,17,17,11024,30.07092199,13.96623022,512002,0,512002,41897
v2,ea89b79a9dfd35df20fed759e6d15c60fe01e77c,direct,octree_leafcount,flyby,5,249,249,0.4205119908,0.1739519984,0.5953919888,0.603285,1,0,-1,41977,36730,17,17,10995,29.93465832,13.9396134,512002,0,512002,41977
v2,ea89b79a9dfd35df20fed759e6d15c60fe01e77c,direct,octree_leafcount,flyby,5,250,250,0.4248639941,0.1757760048,0.6015359759,0.610578,1,0,-1,42081,36821,17,17,11047,30.00190109,13.90516281,512002,0,512002,42081
v2,ea89b79a9dfd35df20fed759e6d15c60fe01e77c,direct,octree_leafcount,flyby,5,251,251,0.458303988,0.1690559983,0.6282560229,0.63605,1,0,-1,42105,36842,17,17,10972,29.78122795,13.89723685,512002,0,512002,42105
v2,ea89b79a9dfd35df20fed759e6d15c60fe01e77c,direct,octree_leafcount,flyby,5,252,252,0.4244480133,0.1791999936,0.6045759916,0.612532,1,0,-1,42201,36926,17,17,11089,30.03033093,13.86562314,512002,0,512002,42201
v2,ea89b79a9dfd35df20fed759e6d15c60fe01e77c,direct,octree_leafcount,flyby,5,253,253,0.4217599928,0.1781760007,0.6008639932,0.608619,1,0,-1,42321,37031,17,17,11026,29.77505333,13.82630769,512002,0,512002,42321
v2,ea89b79a9dfd35df20fed759e6d15c60fe01e77c,direct,octree_leafcount,flyby,5,254,254,0.4568000138,0.1708479971,0.6285759807,0.63598,1,0,-1,42305,37017,17,17,11088,29.95380501,13.83153686,512002,0,512002,42305
v2,ea89b79a9dfd35df20fed759e6d15c60fe01e77c,direct,octree_leafcount,flyby,5,255,255,0.4195519984,0.1731519997,0.5936319828,0.600997,1,0,-1,42089,36828,17,17,10961,29.76268057,13.90251982,512002,0,512002,42089
v2,ea89b79a9dfd35df20fed759e6d15c60fe01e77c,direct,octree_leafcount,flyby,5,256,256,0.4564479887,0.1719679981,0.6293439865,0.636668,1,0,-1,42513,37199,17,17,11146,29.96317105,13.76386462,512002,0,512002,42513
v2,ea89b79a9dfd35df20fed759e6d15c60fe01e77c,direct,octree_leafcount,flyby,5,257,257,0.4224640131,0.1772480011,0.6006399989,0.607894,1,0,-1,42457,37150,17,17,11109,29.90309556,13.78201884,512002,0,512002,42457
v2,ea89b79a9dfd35df20fed759e6d15c60fe01e77c,direct,octree_leafcount,flyby,5,258,258,0.3879039884,0.1767359972,0.5655679703,0.573225,1,0,-1,42337,37045,17,17,11093,29.9446619,13.82108247,512002,0,512002,42337
v2,ea89b79a9dfd35df20fed759e6d15c60fe01e77c,direct,octree_leafcount,flyby,5,259,259,0.455776006,0.1752319932,0.6319680214,0.639244,1,0,-1,42193,36919,17,17,11172,30.2608413,13.86825212,512002,0,512002,42193
v2,ea89b79a9dfd35df20fed759e6d15c60fe01e77c,direct,octree_leafcount,flyby,5,260,260,0.4165439904,0.169216007,0.5866879821,0.592992,1,0,-1,42353,37059,17,17,11141,30.06287272,13.81586119,512002,0,512002,42353
v2,ea89b79a9dfd35df20fed759e6d15c60fe01e77c,direct,octree_leafcount,flyby,5,261,261,0.4512960017,0.171103999,0.6233279705,0.630542,1,0,-1,42241,36961,17,17,11118,30.08035497,13.85249317,512002,0,512002,42241
v2,ea89b79a9dfd35df20fed759e6d15c60fe01e77c,direct,octree_leafcount,flyby,5,262,262,0.4307520092,0.1749120057,0.6066240072,0.61404,1,0,-1,42345,37052,17,17,11002,29.69340386,13.81847134,512002,0,512002,42345
v2,ea89b79a9dfd35df20fed759e6d15c60fe01e77c,direct,octree_leafcount,flyby,5,263,263,0.4218879938,0.1729599983,0.5958080292,0.603043,1,0,-1,42001,36751,17,17,10983,29.88490109,13.93164812,512002,0,512002,42001
v2,ea89b79a9dfd35df20fed759e6d15c60fe01e77c,direct,octree_leafcount,flyby,5,264,264,0.4545280039,0.1751359999,0.6305919886,0.637833,1,0,-1,42065,36807,17,17,10862,29.5106909,13.91045182,512002,0,512002,42065
v2,ea89b79a9dfd35df20fed759e6d15c60fe01e77c,direct,octree_leafcount,flyby,5,265,265,0.4241920114,0.1752319932,0.6003519893,0.60747,1,0,-1,41785,36562,17,17,10861,29.70570538,14.00366501,512002,0,512002,41785
v2,ea89b79a9dfd35df20fed759e6d15c60fe01e77c,direct,octree_leafcount,flyby,5,266,266,0.4243200123,0.1764799953,0.6017600298,0.608306,1,0,-1,41921,36681,17,17,10761,29.33671383,13.95823451,512002,0,512002,41921
v2,ea89b79a9dfd35df20fed759e6d15c60fe01e77c,direct,octree_leafcount,flyby,5,267,267,0.4567039907,0.1731200069,0.630752027,0.638154,1,0,-1,41977,36730,17,17,10959,29.83664579,13.9396134,512002,0,512002,41977
v2,ea89b79a9dfd35df20fed759e6d15c60fe01e77c,direct,octree_leafcount,flyby,5,268,268,0.4270719886,0.1740159988,0.6020159721,0.609884,1,0,-1,41921,36681,17,17,10939,29.82197868,13.95823451,512002,0,512002,41921
v2,ea89b79a9dfd35df20fed759e6d15c60fe01e77c,direct,octree_leafcount,flyby,5,269,269,0.4647679925,0.1709440053,0.63667202,0.645326,1,0,-1,42081,36821,17,17,10846,29.45601695,13.90516281,512002,0,512002,42081
v2,ea89b79a9dfd35df20fed759e6d15c60fe01e77c,direct,octree_leafcount,flyby,5,270,270,0.4247359931,0.1717759967,0.5974079967,0.605351,1,0,-1,41857,36625,17,17,10802,29.49351536,13.97957679,512002,0,512002,41857
v2,ea89b79a9dfd35df20fed759e6d15c60fe01e77c,direct,octree_leafcount,flyby,5,271,271,0.4237119853,0.1770240068,0.6016960144,0.609391,1,0,-1,42001,36751,17,17,10960,29.82231776,13.93164812,512002,0,512002,42001
v2,ea89b79a9dfd35df20fed759e6d15c60fe01e77c,direct,octree_leafcount,flyby,5,272,272,0.4538240135,0.168960005,0.6236799955,0.63115,1,0,-1,41833,36604,17,17,10668,29.14435581,13.98759698,512002,0,512002,41833
v2,ea89b79a9dfd35df20fed759e6d15c60fe01e77c,direct,octree_leafcount,flyby,5,273,273,0.4148479998,0.1773120016,0.5930879712,0.598863,1,0,-1,42049,36793,17,17,11056,30.04919414,13.91574484,512002,0,512002,42049
v2,ea89b79a9dfd35df20fed759e6d15c60fe01e77c,direct,octree_leafcount,flyby,5,274,274,0.3919999897,0.1729280055,0.5658559799,0.574039,1,0,-1,41929,36688,17,17,10863,29.6091365,13.9555713,512002,0,512002,41929
v2,ea89b79a9dfd35df20fed759e6d15c60fe01e77c,direct,octree_leafcount,flyby,5,275,275,0.4540480077,0.1741439998,0.6291199923,0.636657,1,0,-1,42129,36863,17,17,10919,29.62048667,13.88931991,512002,0,512002,42129
v2,ea89b79a9dfd35df20fed759e6d15c60fe01e77c,direct,octree_leafcount,flyby,5,276,276,0.4191359878,0.1752319932,0.5952960253,0.601975,1,0,-1,41897,36660,17,17,10710,29.21440262,13.96623022,512002,0,512002,41897
v2,ea89b79a9dfd35df20fed759e6d15c60fe01e77c,direct,octree_leafcount,flyby,5,277,277,0.4533120096,0.1730560064,0.6273279786,0.634604,1,0,-1,41953,36709,17,17,10849,29.55406031,13.94758779,512002,0,512002,41953
v2,ea89b79a9dfd35df20fed759e6d15c60fe01e77c,direct,octree_leafcount,flyby,5,278,278,0.4220159948,0.1722559929,0.5952000022,0.602423,1,0,-1,41793,36569,17,17,10736,29.35819957,14.00098444,512002,0,512002,41793
v2,ea89b79a9dfd35df20fed759e6d15c60fe01e77c,direct,octree_leafcount,flyby,5,279,279,0.4208959937,0.1764159948,0.5982400179,0.605557,1,0,-1,41833,36604,17,17,10814,29.54321932,13.98759698,512002,0,512002,41833
v2,ea89b79a9dfd35df20fed759e6d15c60fe01e77c,direct,octree_leafcount,flyby,5,280,280,0.4549759924,0.1750079989,0.6309440136,0.638069,1,0,-1,41873,36639,17,17,10723,29.26662846,13.9742351,512002,0,512002,41873
v2,ea89b79a9dfd35df20fed759e6d15c60fe01e77c,direct,octree_leafcount,flyby,5,281,281,0.4258880019,0.1729280055,0.5997120142,0.607545,1,0,-1,42225,36947,17,17,10931,29.58562265,13.85774217,512002,0,512002,42225
v2,ea89b79a9dfd35df20fed759e6d15c60fe01e77c,direct,octree_leafcount,flyby,5,282,282,0.3902719915,0.1722559929,0.5634559989,0.570789,1,0,-1,41649,36443,17,17,10734,29.45421617,14.0493922,512002,0,512002,41649
v2,ea89b79a9dfd35df20fed759e6d15c60fe01e77c,direct,octree_leafcount,flyby,5,283,283,0.4501119852,0.1722880006,0.6232960224,0.629157,1,0,-1,41561,36366,17,17,10715,29.46433482,14.07913986,512002,0,512002,41561
v2,ea89b79a9dfd35df20fed759e6d15c60fe01e77c,direct,octree_leafcount,flyby,5,284,284,0.4196479917,0.1741439998,0.5947520137,0.601675,1,0,-1,41625,36422,17,17,10665,29.28175279,14.05749272,512002,0,512002,41625
v2,ea89b79a9dfd35df20fed759e6d15c60fe01e77c,direct,octree_leafcount,flyby,5,285,285,0.4492479861,0.1742720008,0.6244480014,0.630338,1,0,-1,41641,36436,17,17,10814,29.67943792,14.05209134,512002,0,512002,41641
v2,ea89b79a9dfd35df20fed759e6d15c60fe01e77c,direct,octree_leafcount,flyby,5,286,286,0.4193280041,0.1728959978,0.5931839943,0.600503,1,0,-1,41657,36450,17,17,10652,29.22359396,14.0466941,512002,0,512002,41657
v2,ea89b79a9dfd35df20fed759e6d15c60fe01e77c,direct,octree_leafcount,flyby,5,287,287,0.4213120043,0.1722559929,0.5944960117,0.601513,1,0,-1,41865,36632,17,17,10909,29.77997379,13.97690544,512002,0,512002,41865
v2,ea89b79a9dfd35df20fed759e6d15c60fe01e77c,direct,octree_leafcount,flyby,5,288,288,0.4525760114,0.1690240055,0.6225600243,0.630013,1,0,-1,42129,36863,17,17,10875,29.50112579,13.88931991,512002,0,512002,42129
v2,ea89b79a9dfd35df20fed759e6d15c60fe01e77c,direct,octree_leafcount,flyby,5,289,289,0.4218240082,0.1751040071,0.5978559852,0.604982,1,0,-1,42105,36842,17,17,10822,29.37408393,13.89723685,512002,0,512002,42105
v2,ea89b79a9dfd35df20fed759e6d15c60fe01e77c,direct,octree_leafcount,flyby,5,290,290,0.3854080141,0.1701759994,0.5565440059,0.563516,1,0,-1,41785,36562,17,17,10642,29.10672283,14.00366501,512002,0,512002,41785
v2,ea89b79a9dfd35df20fed759e6d15c60fe01e77c,direct,octree_leafcount,flyby,5,291,291,0.4544959962,0.172864005,0.6283199787,0.635537,1,0,-1,41905,36667,17,17,10791,29.42973246,13.96356397,512002,0,512002,41905
v2,ea89b79a9dfd35df20fed759e6d15c60fe01e77c,direct,octree_leafcount,flyby,5,292,292,0.4228799939,0.1750079989,0.5988159776,0.606397,1,0,-1,41569,36373,17,17,10684,29.37343634,14.07643032,512002,0,512002,41569
v2,ea89b79a9dfd35df20fed759e6d15c60fe01e77c,direct,octree_leafcount,flyby,5,293,293,0.4548479915,0.1691520065,0.6249600053,0.631871,1,0,-1,41697,36485,17,17,10647,29.18185556,14.03321913,512002,0,512002,41697
v2,ea89b79a9dfd35df20fed759e6d15c60fe01e77c,direct,octree_leafcount,flyby,5,294,294,0.4186879992,0.1731519997,0.5927680135,0.599841,1,0,-1,42017,36765,17,17,10673,29.03032776,13.92634299,512002,0,512002,42017
v2,ea89b79a9dfd35df20fed759e6d15c60fe01e77c,direct,octree_leafcount,flyby,5,295,295,0.4231359959,0.1734399945,0.597472012,0.604176,1,0,-1,41857,36625,17,17,10827,29.56177474,13.97957679,512002,0,512002,41857
v2,ea89b79a9dfd35df20fed759e6d15c60fe01e77c,direct,octree_leafcount,flyby,5,296,296,0.4623360038,0.1700800061,0.6333760023,0.639954,1,0,-1,41873,36639,17,17,10742,29.31848577,13.9742351,512002,0,512002,41873
v2,ea89b79a9dfd35df20fed759e6d15c60fe01e77c,direct,octree_leafcount,flyby,5,297,297,0.4236479998,0.1740159988,0.598623991,0.605243,1,0,-1,41857,36625,17,17,10789,29.45802048,13.97957679,512002,0,512002,41857
v2,ea89b79a9dfd35df20fed759e6d15c60fe01e77c,direct,octree_leafcount,flyby,5,298,298,0.383807987,0.1701440066,0.554880023,0.56217,1,0,-1,41833,36604,17,17,10588,28.92580046,13.98759698,512002,0,512002,41833
v2,ea89b79a9dfd35df20fed759e6d15c60fe01e77c,direct,octree_leafcount,flyby,5,299,299,0.4560639858,0.1727039963,0.6296640038,0.636965,1,0,-1,42049,36793,17,17,10758,29.23925747,13.91574484,512002,0,512002,42049
v2,ea89b79a9dfd35df20fed759e6d15c60fe01e77c,direct,octree_leafcount,flyby,5,300,300,0.4245760143,0.1779199988,0.6034240127,0.61115,1,0,-1,42033,36779,17,17,10795,29.35098834,13.9210419,512002,0,512002,42033
v2,ea89b79a9dfd35df20fed759e6d15c60fe01e77c,direct,octree_leafcount,flyby,5,301,301,0.4606400132,0.1718399972,0.63340801,0.640601,1,0,-1,42009,36758,17,17,10700,29.10930954,13.92899505,512002,0,512002,42009
v2,ea89b79a9dfd35df20fed759e6d15c60fe01e77c,direct,octree_leafcount,flyby,5,302,302,0.4168640077,0.1721280068,0.589951992,0.59644,1,0,-1,41961,36716,17,17,10699,29.13988452,13.94492864,512002,0,512002,41961
v2,ea89b79a9dfd35df20fed759e6d15c60fe01e77c,direct,octree_leafcount,flyby,5,303,303,0.455904007,0.1737280041,0.6305919886,0.638188,1,0,-1,42193,36919,17,17,10796,29.24239551,13.86825212,512002,0,512002,42193
v2,ea89b79a9dfd35df20fed759e6d15c60fe01e77c,direct,octree_leafcount,flyby,5,304,304,0.4535360038,0.1732800007,0.6277760267,0.634542,1,0,-1,42153,36884,17,17,10816,29.32436829,13.88141199,512002,0,512002,42153
v2,ea89b79a9dfd35df20fed759e6d15c60fe01e77c,direct,octree_leafcount,flyby,5,305,305,0.4221119881,0.171232,0.5942400098,0.601751,1,0,-1,42153,36884,17,17,10850,29.41654918,13.88141199,512002,0,512002,42153
v2,ea89b79a9dfd35df20fed759e6d15c60fe01e77c,direct,octree_leafcount,flyby,5,306,306,0.3902080059,0.1701440066,0.5612800121,0.568543,1,0,-1,42345,37052,17,17,10890,29.39112599,13.81847134,512002,0,512002,42345
v2,ea89b79a9dfd35df20fed759e6d15c60fe01e77c,direct,octree_leafcount,flyby,5,307,307,0.4525440037,0.1691839993,0.6226559877,0.630075,1,0,-1,42577,37255,17,17,11010,29.55308012,13.74317541,512002,0,512002,42577
v2,ea89b79a9dfd35df20fed759e6d15c60fe01e77c,direct,octree_leafcount,flyby,5,308,308,0.4342080057,0.1734080017,0.608543992,0.616044,1,0,-1,42473,37164,17,17,10952,29.46937897,13.77682704,512002,0,512002,42473
v2,ea89b79a9dfd35df20fed759e6d15c60fe01e77c,direct,octree_leafcount,flyby,5,309,309,0.422239989,0.1750400066,0.5982400179,0.606007,1,0,-1,42337,37045,17,17,10944,29.54244837,13.82108247,512002,0,512002,42337
v2,ea89b79a9dfd35df20fed759e6d15c60fe01e77c,direct,octree_leafcount,flyby,5,310,310,0.4525760114,0.1700160056,0.6235520244,0.631266,1,0,-1,42409,37108,17,17,10956,29.52463081,13.79761776,512002,0,512002,42409
v2,ea89b79a9dfd35df20fed759e6d15c60fe01e77c,direct,octree_leafcount,flyby,5,311,311,0.4222080112,0.1738560051,0.5970240235,0.604577,1,0,-1,42409,37108,17,17,11023,29.70518487,13.79761776,512002,0,512002,42409
v2,ea89b79a9dfd35df20fed759e6d15c60fe01e77c,direct,octree_leafcount,flyby,5,312,312,0.4567680061,0.1732800007,0.631008029,0.638658,1,0,-1,42281,36996,17,17,10871,29.38425776,13.83938804,512002,0,512002,42281
v2,ea89b79a9dfd35df20fed759e6d15c60fe01e77c,direct,octree_leafcount,flyby,5,313,313,0.3906239867,0.1731200069,0.5647040009,0.572509,1,0,-1,42057,36800,17,17,10595,28.79076087,13.91309783,512002,0,512002,42057
v2,ea89b79a9dfd35df20fed759e6d15c60fe01e77c,direct,octree_leafcount,flyby,5,314,314,0.4219200015,0.1738879979,0.5967360139,0.604016,1,0,-1,42105,36842,17,17,10747,29.17051192,13.89723685,512002,0,512002,42105
v2,ea89b79a9dfd35df20fed759e6d15c60fe01e77c,direct,octree_leafcount,flyby,5,315,315,0.4533439875,0.1744319946,0.6287040114,0.635471,1,0,-1,42129,36863,17,17,10683,28.98027833,13.88931991,512002,0,512002,42129
v2,ea89b79a9dfd35df20fed759e6d15c60fe01e77c,direct,octree_leafcount,flyby,5,316,316,0.4209280014,0.173247993,0.5951039791,0.602617,1,0,-1,42137,36870,17,17,10831,29.3761866,13.88668294,512002,0,512002,42137
v2,ea89b79a9dfd35df20fed759e6d15c60fe01e77c,direct,octree_leafcount,flyby,5,317,317,0.4232319891,0.1752959937,0.5994880199,0.607098,1,0,-1,41593,36394,17,17,10538,28.95532231,14.06830796,512002,0,512002,41593
v2,ea89b79a9dfd35df20fed759e6d15c60fe01e77c,direct,octree_leafcount,flyby,5,318,318,0.4541119933,0.1768960059,0.6319360137,0.639516,1,0,-1,41689,36478,17,17,10570,28.97636932,14.03591206,512002,0,512002,41689
v2,ea89b79a9dfd35df20fed759e6d15c60fe01e77c,direct,octree_leafcount,flyby,5,319,319,0.4248319864,0.1751359999,0.6009280086,0.608084,1,0,-1,41601,36401,17,17,10552,28.98821461,14.06560259,512002,0,512002,41601
v2,ea89b79a9dfd35df20fed759e6d15c60fe01e77c,direct,octree_leafcount,flyby,5,320,320,0.4558719993,0.171103999,0.6278719902,0.635041,1,0,-1,41921,36681,17,17,10762,29.33944004,13.95823451,512002,0,512002,41921
v2,ea89b79a9dfd35df20fed759e6d15c60fe01e77c,direct,octree_leafcount,flyby,5,321,321,0.396607995,0.1720319986,0.5695999861,0.577077,1,0,-1,41569,36373,17,17,10473,28.79333572,14.07643032,512002,0,512002,41569
v2,ea89b79a9dfd35df20fed759e6d15c60fe01e77c,direct,octree_leafcount,flyby,5,322,322,0.4358400106,0.1710399985,0.6078079939,0.616052,1,0,-1,41561,36366,17,17,10492,28.85112468,14.07913986,512002,0,512002,41561
v2,ea89b79a9dfd35df20fed759e6d15c60fe01e77c,direct,octree_leafcount,flyby,5,323,323,0.4627520144,0.169855997,0.6335359812,0.641717,1,0,-1,41721,36506,17,17,10517,28.80896291,14.02514655,512002,0,512002,41721
v2,ea89b79a9dfd35df20fed759e6d15c60fe01e77c,direct,octree_leafcount,flyby,5,324,324,0.4616959989,0.1757439971,0.6384000182,0.645941,1,0,-1,41881,36646,17,17,10722,29.25830923,13.97156579,512002,0,512002,41881
v2,ea89b79a9dfd35df20fed759e6d15c60fe01e77c,direct,octree_leafcount,flyby,5,325,325,0.3913919926,0.1739519984,0.5662400126,0.573838,1,0,-1,41633,36429,17,17,10557,28.97965906,14.05479151,512002,0,512002,41633
v2,ea89b79a9dfd35df20fed759e6d15c60fe01e77c,direct,octree_leafcount,flyby,5,326,326,0.4594239891,0.1720000058,0.6323519945,0.639137,1,0,-1,41785,36562,17,17,10671,29.18604015,14.00366501,512002,0,512002,41785
v2,ea89b79a9dfd35df20fed759e6d15c60fe01e77c,direct,octree_leafcount,flyby,5,327,327,0.4230720103,0.1701119989,0.5941439867,0.599959,1,0,-1,41961,36716,17,17,10660,29.0336638,13.94492864,512002,0,512002,41961
v2,ea89b79a9dfd35df20fed759e6d15c60fe01e77c,direct,octree_leafcount,flyby,5,328,328,0.452895999,0.1720959991,0.6259199977,0.632723,1,0,-1,42201,36926,17,17,10698,28.97145643,13.86562314,512002,0,512002,42201
v2,ea89b79a9dfd35df20fed759e6d15c60fe01e77c,direct,octree_leafcount,flyby,5,329,329,0.4188160002,0.1703680009,0.5901439786,0.596098,1,0,-1,41889,36653,17,17,10634,29.01263198,13.9688975,512002,0,512002,41889
v2,ea89b79a9dfd35df20fed759e6d15c60fe01e77c,direct,octree_leafcount,flyby,5,330,330,0.4277440012,0.1742720008,0.6029760242,0.610588,1,0,-1,42073,36814,17,17,10654,28.94007714,13.90780681,512002,0,512002,42073
v2,ea89b79a9dfd35df20fed759e6d15c60fe01e77c,direct,octree_leafcount,flyby,5,331,331,0.4525760114,0.1728959978,0.6264320016,0.63358,1,0,-1,42113,36849,17,17,10747,29.16497056,13.89459687,512002,0,512002,42113
v2,ea89b79a9dfd35df20fed759e6d15c60fe01e77c,direct,octree_leafcount,flyby,5,332,332,0.4565120041,0.1720000058,0.6294080019,0.636395,1,0,-1,42129,36863,17,17,10639,28.86091745,13.88931991,512002,0,512002,42129
v2,ea89b79a9dfd35df20fed759e6d15c60fe01e77c,direct,octree_leafcount,flyby,5,333,333,0.3853760064,0.169855997,0.5561919808,0.561979,1,0,-1,42225,36947,17,17,10749,29.09302514,13.85774217,512002,0,512002,42225
v2,ea89b79a9dfd35df20fed759e6d15c60fe01e77c,direct,octree_leafcount,flyby,5,334,334,0.459679991,0.1743679941,0.6350079775,0.642441,1,0,-1,41993,36744,17,17,10602,28.8536904,13.9343022,512002,0,512002,41993
v2,ea89b79a9dfd35df20fed759e6d15c60fe01e77c,direct,octree_leafcount,flyby,5,335,335,0.4162879884,0.1702080071,0.5874559879,0.594339,1,0,-1,42273,36989,17,17,10776,29.13298548,13.84200708,512002,0,512002,42273
v2,ea89b79a9dfd35df20fed759e6d15c60fe01e77c,direct,octree_leafcount,flyby,5,336,336,0.4193280041,0.1771519929,0.5974079967,0.604769,1,0,-1,41969,36723,17,17,10559,28.75309751,13.94227051,512002,0,512002,41969
v2,ea89b79a9dfd35df20fed759e6d15c60fe01e77c,direct,octree_leafcount,flyby,5,337,337,0.4563199878,0.1700479984,0.6273279786,0.634131,1,0,-1,42041,36786,17,17,10637,28.91589192,13.91839287,512002,0,512002,42041
v2,ea89b79a9dfd35df20fed759e6d15c60fe01e77c,direct,octree_leafcount,flyby,5,338,338,0.4251199961,0.1752959937,0.6013439894,0.60807,1,0,-1,41897,36660,17,17,10536,28.73977087,13.96623022,512002,0,512002,41897
v2,ea89b79a9dfd35df20fed759e6d15c60fe01e77c,direct,octree_leafcount,flyby,5,339,339,0.4573439956,0.1719679981,0.6302719712,0.638436,1,0,-1,41721,36506,17,17,10560,28.92675177,14.02514655,512002,0,512002,41721
v2,ea89b79a9dfd35df20fed759e6d15c60fe01e77c,direct,octree_leafcount,flyby,5,340,340,0.3931519985,0.1780160069,0.5720639825,0.579659,1,0,-1,41321,36156,17,17,10287,28.45170926,14.16091382,512002,0,512002,41321
v2,ea89b79a9dfd35df20fed759e6d15c60fe01e77c,direct,octree_leafcount,flyby,5,341,341,0.4215039909,0.1721280068,0.5945280194,0.602419,1,0,-1,41641,36436,17,17,10505,28.83137556,14.05209134,512002,0,512002,41641
v2,ea89b79a9dfd35df20fed759e6d15c60fe01e77c,direct,octree_leafcount,flyby,5,342,342,0.4525440037,0.1729280055,0.6263999939,0.633864,1,0,-1,41609,36408,17,17,10443,28.68325643,14.06289826,512002,0,512002,41609
v2,ea89b79a9dfd35df20fed759e6d15c60fe01e77c,direct,octree_leafcount,flyby,5,343,343,0.4271039963,0.1700160056,0.5980799794,0.60484,1,0,-1,41785,36562,17,17,10586,28.95355834,14.00366501,512002,0,512002,41785
v2,ea89b79a9dfd35df20fed759e6d15c60fe01e77c,direct,octree_leafcount,flyby,5,344,344,0.3892160058,0.1716160029,0.561792016,0.568759,1,0,-1,41633,36429,17,17,10494,28.80671992,14.05479151,512002,0,512002,41633
v2,ea89b79a9dfd35df20fed759e6d15c60fe01e77c,direct,octree_leafcount,flyby,5,345,345,0.4512319863,0.1734399945,0.6255999804,0.63181,1,0,-1,41801,36576,17,17,10682,29.20494313,13.9983049,512002,0,512002,41801
v2,ea89b79a9dfd35df20fed759e6d15c60fe01e77c,direct,octree_leafcount,flyby,5,346,346,0.42988801,0.1702080071,0.601023972,0.608299,1,0,-1,41905,36667,17,17,10520,28.69064827,13.96356397,512002,0,512002,41905
v2,ea89b79a9dfd35df20fed759e6d15c60fe01e77c,direct,octree_leafcount,flyby,5,347,347,0.4606080055,0.1720959991,0.6336320043,0.640473,1,0,-1,42025,36772,17,17,10511,28.58424889,13.92369194,512002,0,512002,42025
v2,ea89b79a9dfd35df20fed759e6d15c60fe01e77c,direct,octree_leafcount,flyby,5,348,348,0.4176320136,0.1723839939,0.5909439921,0.596355,1,0,-1,41857,36625,17,17,10396,28.38498294,13.97957679,512002,0,512002,41857
v2,ea89b79a9dfd35df20fed759e6d15c60fe01e77c,direct,octree_leafcount,flyby,5,349,349,0.4263359904,0.172736004,0.6000000238,0.607113,1,0,-1,41713,36499,17,17,10372,28.41721691,14.02783638,512002,0,512002,41713
v2,ea89b79a9dfd35df20fed759e6d15c60fe01e77c,direct,octree_leafcount,flyby,5,350,350,0.4558719993,0.1731840074,0.6299840212,0.637067,1,0,-1,41609,36408,17,17,10358,28.44979125,14.06289826,512002,0,512002,41609
v2,ea89b79a9dfd35df20fed759e6d15c60fe01e77c,direct,octree_leafcount,flyby,5,351,351,0.3940480053,0.1721280068,0.5671359897,0.573627,1,0,-1,41601,36401,17,17,10345,28.41954891,14.06560259,512002,0,512002,41601
v2,ea89b79a9dfd35df20fed759e6d15c60fe01e77c,direct,octree_leafcount,flyby,5,352,352,0.418464005,0.1751040071,0.5944960117,0.601598,1,0,-1,41769,36548,17,17,10547,28.85794024,14.00902922,512002,0,512002,41769
v2,ea89b79a9dfd35df20fed759e6d15c60fe01e77c,direct,octree_leafcount,flyby,5,353,353,0.4624319971,0.1751040071,0.638463974,0.64565,1,0,-1,41449,36268,17,17,10365,28.57891254,14.11718319,512002,0,512002,41449
v2,ea89b79a9dfd35df20fed759e6d15c60fe01e77c,direct,octree_leafcount,flyby,5,354,354,0.4348480105,0.1752000004,0.6109759808,0.618517,1,0,-1,41857,36625,17,17,10610,28.96928328,13.97957679,512002,0,512002,41857
v2,ea89b79a9dfd35df20fed759e6d15c60fe01e77c,direct,octree_leafcount,flyby,5,355,355,0.382528007,0.1753599942,0.5588160157,0.564444,1,0,-1,41513,36324,17,17,10502,28.9120141,14.09541901,512002,0,512002,41513
v2,ea89b79a9dfd35df20fed759e6d15c60fe01e77c,direct,octree_leafcount,flyby,5,356,356,0.4521279931,0.1722559929,0.6253119707,0.632118,1,0,-1,41897,36660,17,17,10584,28.87070376,13.96623022,512002,0,512002,41897
v2,ea89b79a9dfd35df20fed759e6d15c60fe01e77c,direct,octree_leafcount,flyby,5,357,357,0.4205119908,0.1751359999,0.5965759754,0.603805,1,0,-1,41625,36422,17,17,10551,28.96875515,14.05749272,512002,0,512002,41625
v2,ea89b79a9dfd35df20fed759e6d15c60fe01e77c,direct,octree_leafcount,flyby,5,358,358,0.4574399889,0.175999999,0.6343680024,0.642064,1,0,-1,41833,36604,17,17,10587,28.92306852,13.98759698,512002,0,512002,41833
v2,ea89b79a9dfd35df20fed759e6d15c60fe01e77c,direct,octree_leafcount,flyby,5,359,359,0.4247680008,0.1730560064,0.5987840295,0.606275,1,0,-1,41745,36527,17,17,10473,28.6719413,14.01708325,512002,0,512002,41745
v2,ea89b79a9dfd35df20fed759e6d15c60fe01e77c,direct,octree_leafcount,flyby,5,360,360,0.4279040098,0.176128,0.6049919724,0.613064,1,0,-1,41841,36611,17,17,10636,29.051378,13.98492256,512002,0,512002,41841
v2,ea89b79a9dfd35df20fed759e6d15c60fe01e77c,direct,octree_leafcount,flyby,5,361,361,0.4577279985,0.1701759994,0.6288639903,0.63634,1,0,-1,42009,36758,17,17,10535,28.66042766,13.92899505,512002,0,512002,42009
v2,ea89b79a9dfd35df20fed759e6d15c60fe01e77c,direct,octree_leafcount,flyby,5,362,362,0.4296959937,0.1753280014,0.6059839725,0.613252,1,0,-1,41745,36527,17,17,10427,28.54600706,14.01708325,512002,0,512002,41745
v2,ea89b79a9dfd35df20fed759e6d15c60fe01e77c,direct,octree_leafcount,flyby,5,363,363,0.3964160085,0.172864005,0.5701760054,0.57763,1,0,-1,41713,36499,17,17,10347,28.34872188,14.02783638,512002,0,512002,41713
v2,ea89b79a9dfd35df20fed759e6d15c60fe01e77c,direct,octree_leafcount,flyby,5,364,364,0.4632320106,0.1720640063,0.6361920238,0.642985,1,0,-1,41769,36548,17,17,10389,28.42563205,14.00902922,512002,0,512002,41769
v2,ea89b79a9dfd35df20fed759e6d15c60fe01e77c,direct,octree_leafcount,flyby,5,365,365,0.4189119935,0.1731519997,0.5930240154,0.599429,1,0,-1,41953,36709,17,17,10475,28.53523659,13.94758779,512002,0,512002,41953
v2,ea89b79a9dfd35df20fed759e6d15c60fe01e77c,direct,octree_leafcount,flyby,5,366,366,0.4165759981,0.1723199934,0.5898240209,0.596122,1,0,-1,41617,36415,17,17,10327,28.35919264,14.06019497,512002,0,512002,41617
v2,ea89b79a9dfd35df20fed759e6d15c60fe01e77c,direct,octree_leafcount,flyby,5,367,367,0.4590399861,0.1720000058,0.6320000291,0.638942,1,0,-1,41321,36156,17,17,10299,28.48489877,14.16091382,512002,0,512002,41321
v2,ea89b79a9dfd35df20fed759e6d15c60fe01e77c,direct,octree_leafcount,flyby,5,368,368,0.4319039881,0.1710720062,0.6039040089,0.611489,1,0,-1,41121,35981,17,17,10181,28.29548929,14.22978794,512002,0,512002,41121
v2,ea89b79a9dfd35df20fed759e6d15c60fe01e77c,direct,octree_leafcount,flyby,5,369,369,0.5236160159,0.1863359958,0.7109439969,0.719577,1,0,-1,41577,36380,17,17,10299,28.30951072,14.07372183,512002,0,512002,41577
v2,ea89b79a9dfd35df20fed759e6d15c60fe01e77c,direct,octree_leafcount,flyby,5,370,370,0.3875519931,0.1710399985,0.5594879985,0.566999,1,0,-1,41369,36198,17,17,10226,28.25017957,14.14448312,512002,0,512002,41369
v2,ea89b79a9dfd35df20fed759e6d15c60fe01e77c,direct,octree_leafcount,flyby,5,371,371,0.418592006,0.1717440039,0.5912960172,0.598017,1,0,-1,41337,36170,17,17,10263,28.37434338,14.15543268,512002,0,512002,41337
v2,ea89b79a9dfd35df20fed759e6d15c60fe01e77c,direct,octree_leafcount,flyby,5,372,372,0.4566720128,0.173247993,0.6308479905,0.638495,1,0,-1,41593,36394,17,17,10315,28.34258394,14.06830796,512002,0,512002,41593
v2,ea89b79a9dfd35df20fed759e6d15c60fe01e77c,direct,octree_leafcount,flyby,5,373,373,0.4267199934,0.1710080057,0.5986880064,0.606564,1,0,-1,41513,36324,17,17,10297,28.34764894,14.09541901,512002,0,512002,41513
v2,ea89b79a9dfd35df20fed759e6d15c60fe01e77c,direct,octree_leafcount,flyby,5,374,374,0.3871999979,0.171103999,0.5592640042,0.565031,1,0,-1,41681,36471,17,17,10193,27.94823284,14.03860602,512002,0,512002,41681
v2,ea89b79a9dfd35df20fed759e6d15c60fe01e77c,direct,octree_leafcount,flyby,5,375,375,0.4509760141,0.1724160016,0.6243519783,0.630123,1,0,-1,41481,36296,17,17,10226,28.17390346,14.1062927,512002,0,512002,41481
v2,ea89b79a9dfd35df20fed759e6d15c60fe01e77c,direct,octree_leafcount,flyby,5,376,376,0.4295679927,0.176128,0.6066240072,0.613769,1,0,-1,41777,36555,17,17,10399,28.4475448,14.0063466,512002,0,512002,41777
v2,ea89b79a9dfd35df20fed759e6d15c60fe01e77c,direct,octree_leafcount,flyby,5,377,377,0.4230400026,0.1752640009,0.599232018,0.607121,1,0,-1,41297,36135,17,17,10155,28.10294728,14.16914349,512002,0,512002,41297
v2,ea89b79a9dfd35df20fed759e6d15c60fe01e77c,direct,octree_leafcount,flyby,5,378,378,0.4582400024,0.1721599996,0.6313279867,0.639092,1,0,-1,41185,36037,17,17,10196,28.29314316,14.20767544,512002,0,512002,41185
v2,ea89b79a9dfd35df20fed759e6d15c60fe01e77c,direct,octree_leafcount,flyby,5,379,379,0.4232639968,0.1718720049,0.5960639715,0.603526,1,0,-1,41409,36233,17,17,10223,28.21461099,14.13081997,512002,0,512002,41409
v2,ea89b79a9dfd35df20fed759e6d15c60fe01e77c,direct,octree_leafcount,flyby,5,380,380,0.454144001,0.1723199934,0.627391994,0.634716,1,0,-1,41417,36240,17,17,10182,28.09602649,14.12809051,512002,0,512002,41417
v2,ea89b79a9dfd35df20fed759e6d15c60fe01e77c,direct,octree_leafcount,flyby,5,381,381,0.3874559999,0.1725759953,0.5609920025,0.568136,1,0,-1,41105,35967,17,17,10015,27.844969,14.23532683,512002,0,512002,41105
v2,ea89b79a9dfd35df20fed759e6d15c60fe01e77c,direct,octree_leafcount,flyby,5,382,382,0.4288319945,0.1699520051,0.5997760296,0.607509,1,0,-1,41017,35890,17,17,10167,28.32822513,14.26586793,512002,0,512002,41017
v2,ea89b79a9dfd35df20fed759e6d15c60fe01e77c,direct,octree_leafcount,flyby,5,383,383,0.4662080109,0.1722880006,0.6393920183,0.646251,1,0,-1,41129,35988,17,17,10016,27.83149939,14.22702012,512002,0,512002,41129
v2,ea89b79a9dfd35df20fed759e6d15c60fe01e77c,direct,octree_leafcount,flyby,5,384,384,0.4267840087,0.1722240001,0.5999680161,0.606908,1,0,-1,41241,36086,17,17,10037,27.81411074,14.18838331,512002,0,512002,41241
v2,ea89b79a9dfd35df20fed759e6d15c60fe01e77c,direct,octree_leafcount,flyby,5,385,385,0.3894079924,0.175999999,0.5663999915,0.573158,1,0,-1,41273,36114,17,17,10009,27.71501357,14.17738273,512002,0,512002,41273
v2,ea89b79a9dfd35df20fed759e6d15c60fe01e77c,direct,octree_leafcount,flyby,5,386,386,0.4678080082,0.1740799993,0.6428160071,0.649932,1,0,-1,41657,36450,17,17,10104,27.72016461,14.0466941,512002,0,512002,41657
v2,ea89b79a9dfd35df20fed759e6d15c60fe01e77c,direct,octree_leafcount,flyby,5,387,387,0.4282880127,0.1681279987,0.597375989,0.604445,1,0,-1,41681,36471,17,17,10337,28.34306709,14.03860602,512002,0,512002,41681
v2,ea89b79a9dfd35df20fed759e6d15c60fe01e77c,direct,octree_leafcount,flyby,5,388,388,0.4267199934,0.1754239947,0.6030719876,0.610195,1,0,-1,41305,36142,17,17,10037,27.77101433,14.1663992,512002,0,512002,41305
v2,ea89b79a9dfd35df20fed759e6d15c60fe01e77c,direct,octree_leafcount,flyby,5,389,389,0.4512000084,0.1803199947,0.6324160099,0.639297,1,0,-1,41201,36051,17,17,10145,28.14068958,14.20215805,512002,0,512002,41201
v2,ea89b79a9dfd35df20fed759e6d15c60fe01e77c,direct,octree_leafcount,flyby,5,390,390,0.4304639995,0.1720640063,0.603488028,0.610647,1,0,-1,40977,35855,17,17,10097,28.16064705,14.27979361,512002,0,512002,40977
v2,ea89b79a9dfd35df20fed759e6d15c60fe01e77c,direct,octree_leafcount,flyby,5,391,391,0.4518719912,0.1722559929,0.6250879765,0.632159,1,0,-1,41233,36079,17,17,10219,28.32395576,14.19113612,512002,0,512002,41233
v2,ea89b79a9dfd35df20fed759e6d15c60fe01e77c,direct,octree_leafcount,flyby,5,392,392,0.3934400082,0.1742080003,0.5685439706,0.575257,1,0,-1,41217,36065,17,17,10031,27.81366976,14.19664495,512002,0,512002,41217
v2,ea89b79a9dfd35df20fed759e6d15c60fe01e77c,direct,octree_leafcount,flyby,5,393,393,0.4253120124,0.1719039977,0.5981439948,0.604613,1,0,-1,41257,36100,17,17,10134,28.07202216,14.18288089,512002,0,512002,41257
v2,ea89b79a9dfd35df20fed759e6d15c60fe01e77c,direct,octree_leafcount,flyby,5,394,394,0.4592959881,0.173247993,0.6334720254,0.640646,1,0,-1,41137,35995,17,17,10099,28.05667454,14.22425337,512002,0,512002,41137
v2,ea89b79a9dfd35df20fed759e6d15c60fe01e77c,direct,octree_leafcount,flyby,5,395,395,0.4251199961,0.1763519943,0.6024320126,0.610116,1,0,-1,41401,36226,17,17,10135,27.97714349,14.13355049,512002,0,512002,41401
v2,ea89b79a9dfd35df20fed759e6d15c60fe01e77c,direct,octree_leafcount,flyby,5,396,396,0.3918080032,0.1737599969,0.5665280223,0.574278,1,0,-1,41161,36016,17,17,10083,27.99589072,14.21595957,512002,0,512002,41161
v2,ea89b79a9dfd35df20fed759e6d15c60fe01e77c,direct,octree_leafcount,flyby,5,397,397,0.4534719884,0.1690240055,0.6234560013,0.630453,1,0,-1,41529,36338,17,17,10041,27.63223072,14.08998844,512002,0,512002,41529
v2,ea89b79a9dfd35df20fed759e6d15c60fe01e77c,direct,octree_leafcount,flyby,5,398,398,0.4165759981,0.1723520011,0.5898879766,0.595286,1,0,-1,41417,36240,17,17,10137,27.9718543,14.12809051,512002,0,512002,41417
v2,ea89b79a9dfd35df20fed759e6d15c60fe01e77c,direct,octree_leafcount,flyby,5,399,399,0.4265280068,0.1731840074,0.6006399989,0.60841,1,0,-1,41025,35897,17,17,9872,27.50090537,14.26308605,512002,0,512002,41025
v2,ea89b79a9dfd35df20fed759e6d15c60fe01e77c,direct,octree_leafcount,flyby,5,400,400,0.4581120014,0.1768960059,0.6359360218,0.64377,1,0,-1,41233,36079,17,17,10179,28.21308795,14.19113612,512002,0,512002,41233
v2,ea89b79a9dfd35df20fed759e6d15c60fe01e77c,direct,octree_leafcount,flyby,5,401,401,0.4215039909,0.1729280055,0.5953919888,0.603086,1,0,-1,41217,36065,17,17,10110,28.0327187,14.19664495,512002,0,512002,41217
v2,ea89b79a9dfd35df20fed759e6d15c60fe01e77c,direct,octree_leafcount,flyby,5,402,402,0.4563199878,0.1732160002,0.6304960251,0.638153,1,0,-1,41521,36331,17,17,10283,28.30365253,14.0927032,512002,0,512002,41521
v2,ea89b79a9dfd35df20fed759e6d15c60fe01e77c,direct,octree_leafcount,flyby,5,403,403,0.3891839981,0.1750079989,0.5651519895,0.572493,1,0,-1,41257,36100,17,17,10014,27.73961219,14.18288089,512002,0,512002,41257
v2,ea89b79a9dfd35df20fed759e6d15c60fe01e77c,direct,octree_leafcount,flyby,5,404,404,0.4281919897,0.1750079989,0.6041920185,0.612142,1,0,-1,41137,35995,17,17,9993,27.76218919,14.22425337,512002,0,512002,41137
v2,ea89b79a9dfd35df20fed759e6d15c60fe01e77c,direct,octree_leafcount,flyby,5,405,405,0.4576320052,0.1752319932,0.6337919831,0.641173,1,0,-1,41313,36149,17,17,10000,27.66328253,14.16365598,512002,0,512002,41313
v2,ea89b79a9dfd35df20fed759e6d15c60fe01e77c,direct,octree_leafcount,flyby,5,406,406,0.4244799912,0.1730560064,0.5984640121,0.605865,1,0,-1,41537,36345,17,17,9975,27.44531572,14.08727473,512002,0,512002,41537
v2,ea89b79a9dfd35df20fed759e6d15c60fe01e77c,direct,octree_leafcount,flyby,5,407,407,0.3935360014,0.1757760048,0.5702400208,0.578224,1,0,-1,41161,36016,17,17,10025,27.83485118,14.21595957,512002,0,512002,41161
v2,ea89b79a9dfd35df20fed759e6d15c60fe01e77c,direct,octree_leafcount,flyby,5,408,408,0.4551360011,0.1732800007,0.6293759942,0.634861,1,0,-1,41089,35953,17,17,9865,27.43860039,14.24087002,512002,0,512002,41089
v2,ea89b79a9dfd35df20fed759e6d15c60fe01e77c,direct,octree_leafcount,flyby,5,409,409,0.4255999923,0.1771200001,0.6036800146,0.61139,1,0,-1,41137,35995,17,17,9950,27.64272816,14.22425337,512002,0,512002,41137
v2,ea89b79a9dfd35df20fed759e6d15c60fe01e77c,direct,octree_leafcount,flyby,5,410,410,0.392832011,0.1690559983,0.5628479719,0.56939,1,0,-1,40753,35659,17,17,9721,27.26100003,14.35828262,512002,0,512002,40753
v2,ea89b79a9dfd35df20fed759e6d15c60fe01e77c,direct,octree_leafcount,flyby,5,411,411,0.4516159892,0.1721920073,0.624736011,0.632313,1,0,-1,40921,35806,17,17,10008,27.9506228,14.29933531,512002,0,512002,40921
v2,ea89b79a9dfd35df20fed759e6d15c60fe01e77c,direct,octree_leafcount,flyby,5,412,412,0.4237119853,0.1720959991,0.5967680216,0.603632,1,0,-1,41001,35876,17,17,9939,27.70375739,14.27143494,512002,0,512002,41001
v2,ea89b79a9dfd35df20fed759e6d15c60fe01e77c,direct,octree_leafcount,flyby,5,413,413,0.4603199959,0.1738239974,0.6350719929,0.642712,1,0,-1,41113,35974,17,17,9902,27.52543504,14.23255685,512002,0,512002,41113
v2,ea89b79a9dfd35df20fed759e6d15c60fe01e77c,direct,octree_leafcount,flyby,5,414,414,0.4243200123,0.1710399985,0.5962880254,0.603269,1,0,-1,40865,35757,17,17,9846,27.5358671,14.31893056,512002,0,512002,40865
v2,ea89b79a9dfd35df20fed759e6d15c60fe01e77c,direct,octree_leafcount,flyby,5,415,415,0.421472013,0.1769919991,0.5993919969,0.606906,1,0,-1,41009,35883,17,17,9930,27.67327147,14.26865089,512002,0,512002,41009
v2,ea89b79a9dfd35df20fed759e6d15c60fe01e77c,direct,octree_leafcount,flyby,5,416,416,0.4583359957,0.1737280041,0.6329920292,0.640915,1,0,-1,41121,35981,17,17,10024,27.85914788,14.22978794,512002,0,512002,41121
v2,ea89b79a9dfd35df20fed759e6d15c60fe01e77c,direct,octree_leafcount,flyby,5,417,417,0.3989439905,0.1718720049,0.5717759728,0.579385,1,0,-1,41265,36107,17,17,9930,27.50159249,14.18013128,512002,0,512002,41265
v2,ea89b79a9dfd35df20fed759e6d15c60fe01e77c,direct,octree_leafcount,flyby,5,418,418,0.4345600009,0.1690559983,0.6045759916,0.611986,1,0,-1,41105,35967,17,17,10036,27.90335585,14.23532683,512002,0,512002,41105
v2,ea89b79a9dfd35df20fed759e6d15c60fe01e77c,direct,octree_leafcount,flyby,5,419,419,0.4609920084,0.1720319986,0.6339840293,0.64132,1,0,-1,40985,35862,17,17,9975,27.81495734,14.2770063,512002,0,512002,40985
v2,ea89b79a9dfd35df20fed759e6d15c60fe01e77c,direct,octree_leafcount,flyby,5,420,420,0.4309760034,0.1722880006,0.6042240262,0.611508,1,0,-1,40985,35862,17,17,10079,28.10495789,14.2770063,512002,0,512002,40985
v2,ea89b79a9dfd35df20fed759e6d15c60fe01e77c,direct,octree_leafcount,flyby,5,421,421,0.3919999897,0.1729920059,0.565952003,0.573788,1,0,-1,41041,35911,17,17,9966,27.7519423,14.25752555,512002,0,512002,41041
v2,ea89b79a9dfd35df20fed759e6d15c60fe01e77c,direct,octree_leafcount,flyby,5,422,422,0.4552319944,0.1720640063,0.6282560229,0.635629,1,0,-1,41209,36058,17,17,9965,27.63603084,14.19940097,512002,0,512002,41209
v2,ea89b79a9dfd35df20fed759e6d15c60fe01e77c,direct,octree_leafcount,flyby,5,423,423,0.423743993,0.1711679995,0.5958399773,0.602973,1,0,-1,40993,35869,17,17,9919,27.65340545,14.27422008,512002,0,512002,40993
v2,ea89b79a9dfd35df20fed759e6d15c60fe01e77c,direct,octree_leafcount,flyby,5,424,424,0.432287991,0.1731840074,0.606400013,0.613916,1,0,-1,40921,35806,17,17,9862,27.54286991,14.29933531,512002,0,512002,40921
v2,ea89b79a9dfd35df20fed759e6d15c60fe01e77c,direct,octree_leafcount,flyby,5,425,425,0.4604479969,0.1730560064,0.6344320178,0.641887,1,0,-1,41105,35967,17,17,10044,27.92559847,14.23532683,512002,0,512002,41105
v2,ea89b79a9dfd35df20fed759e6d15c60fe01e77c,direct,octree_leafcount,flyby,5,426,426,0.4235520065,0.1709119976,0.5954239964,0.602628,1,0,-1,40849,35743,17,17,9927,27.77327029,14.32453907,512002,0,512002,40849
v2,ea89b79a9dfd35df20fed759e6d15c60fe01e77c,direct,octree_leafcount,flyby,5,427,427,0.4615040123,0.1742720008,0.6367040277,0.643306,1,0,-1,41289,36128,17,17,10126,28.02812223,14.17188884,512002,0,512002,41289
v2,ea89b79a9dfd35df20fed759e6d15c60fe01e77c,direct,octree_leafcount,flyby,5,428,428,0.3941760063,0.175999999,0.5711359978,0.578222,1,0,-1,41161,36016,17,17,10053,27.9125944,14.21595957,512002,0,512002,41161
v2,ea89b79a9dfd35df20fed759e6d15c60fe01e77c,direct,octree_leafcount,flyby,5,429,429,0.4291520119,0.1687359959,0.5988479853,0.606945,1,0,-1,40985,35862,17,17,10044,28.00736155,14.2770063,512002,0,512002,40985
v2,ea89b79a9dfd35df20fed759e6d15c60fe01e77c,direct,octree_leafcount,flyby,5,430,430,0.4654079974,0.1754239947,0.6417919993,0.649581,1,0,-1,41065,35932,17,17,9931,27.63831682,14.24919292,512002,0,512002,41065
v2,ea89b79a9dfd35df20fed759e6d15c60fe01e77c,direct,octree_leafcount,flyby,5,431,431,0.4234240055,0.1773120016,0.6016640067,0.60976,1,0,-1,41401,36226,17,17,10031,27.69005687,14.13355049,512002,0,512002,41401
v2,ea89b79a9dfd35df20fed759e6d15c60fe01e77c,direct,octree_leafcount,flyby,5,432,432,0.3945919871,0.1736640036,0.5705599785,0.578024,1,0,-1,41281,36121,17,17,10022,27.74563273,14.17463525,512002,0,512002,41281
v2,ea89b79a9dfd35df20fed759e6d15c60fe01e77c,direct,octree_leafcount,flyby,5,433,433,0.4625920057,0.1680960059,0.6316159964,0.638836,1,0,-1,41177,36030,17,17,9894,27.46044963,14.21043575,512002,0,512002,41177
v2,ea89b79a9dfd35df20fed759e6d15c60fe01e77c,direct,octree_leafcount,flyby,5,434,434,0.4248000085,0.1751679927,0.6009280086,0.608774,1,0,-1,41057,35925,17,17,10085,28.072373,14.25196938,512002,0,512002,41057
v2,ea89b79a9dfd35df20fed759e6d15c60fe01e77c,direct,octree_leafcount,flyby,5,435,435,0.4268479943,0.1699199975,0.5977600217,0.605925,1,0,-1,40945,35827,17,17,9832,27.44298992,14.29095375,512002,0,512002,40945
v2,ea89b79a9dfd35df20fed759e6d15c60fe01e77c,direct,octree_leafcount,flyby,5,436,436,0.4667519927,0.168960005,0.6366400123,0.643771,1,0,-1,41001,35876,17,17,10003,27.88214963,14.27143494,512002,0,512002,41001
v2,ea89b79a9dfd35df20fed759e6d15c60fe01e77c,direct,octree_leafcount,flyby,5,437,437,0.4257279932,0.1736959964,0.6003519893,0.607967,1,0,-1,40761,35666,17,17,9795,27.46313015,14.35546459,512002,0,512002,40761
v2,ea89b79a9dfd35df20fed759e6d15c60fe01e77c,direct,octree_leafcount,flyby,5,438,438,0.4696319997,0.1728959978,0.6434879899,0.651406,1,0,-1,40985,35862,17,17,9882,27.55562991,14.2770063,512002,0,512002,40985
v2,ea89b79a9dfd35df20fed759e6d15c60fe01e77c,direct,octree_leafcount,flyby,5,439,439,0.428256005,0.1700479984,0.5992640257,0.606495,1,0,-1,41233,36079,17,17,9875,27.37049253,14.19113612,512002,0,512002,41233
v2,ea89b79a9dfd35df20fed759e6d15c60fe01e77c,direct,octree_leafcount,flyby,5,440,440,0.4288960099,0.1691199988,0.5989440084,0.606848,1,0,-1,41233,36079,17,17,9922,27.50076222,14.19113612,512002,0,512002,41233
v2,ea89b79a9dfd35df20fed759e6d15c60fe01e77c,direct,octree_leafcount,flyby,5,441,441,0.454144001,0.1730560064,0.6280959845,0.635891,1,0,-1,40993,35869,17,17,9933,27.69243637,14.27422008,512002,0,512002,40993
v2,ea89b79a9dfd35df20fed759e6d15c60fe01e77c,direct,octree_leafcount,flyby,5,442,442,0.3885760009,0.1712000072,0.5607680082,0.568183,1,0,-1,40961,35841,17,17,9770,27.25928406,14.2853715,512002,0,512002,40961
v2,ea89b79a9dfd35df20fed759e6d15c60fe01e77c,direct,octree_leafcount,flyby,5,443,443,0.4243200123,0.1681600064,0.5934720039,0.600266,1,0,-1,40681,35596,17,17,9837,27.63512754,14.3836948,512002,0,512002,40681
v2,ea89b79a9dfd35df20fed759e6d15c60fe01e77c,direct,octree_leafcount,flyby,5,444,444,0.4656319916,0.167840004,0.6344000101,0.641186,1,0,-1,41121,35981,17,17,9785,27.19490842,14.22978794,512002,0,512002,41121
v2,ea89b79a9dfd35df20fed759e6d15c60fe01e77c,direct,octree_leafcount,flyby,5,445,445,0.4227519929,0.1729920059,0.5967360139,0.604071,1,0,-1,41017,35890,17,17,9791,27.28057955,14.26586793,512002,0,512002,41017
v2,ea89b79a9dfd35df20fed759e6d15c60fe01e77c,direct,octree_leafcount,flyby,5,446,446,0.3832960129,0.1729599983,0.5571839809,0.563597,1,0,-1,40729,35638,17,17,9569,26.85055278,14.36674336,512002,0,512002,40729
v2,ea89b79a9dfd35df20fed759e6d15c60fe01e77c,direct,octree_leafcount,flyby,5,447,447,0.4550400078,0.1703359932,0.6263039708,0.631733,1,0,-1,41065,35932,17,17,9673,26.92029389,14.24919292,512002,0,512002,41065
v2,ea89b79a9dfd35df20fed759e6d15c60fe01e77c,direct,octree_leafcount,flyby,5,448,448,0.4283519983,0.1687040031,0.5979840159,0.605488,1,0,-1,40833,35729,17,17,9723,27.21318817,14.33015198,512002,0,512002,40833
v2,ea89b79a9dfd35df20fed759e6d15c60fe01e77c,direct,octree_leafcount,flyby,5,449,449,0.4216639996,0.1708479971,0.5934720039,0.600242,1,0,-1,40945,35827,17,17,9621,26.85404862,14.29095375,512002,0,512002,40945
v2,ea89b79a9dfd35df20fed759e6d15c60fe01e77c,direct,octree_leafcount,flyby,5,450,450,0.464448005,0.1701759994,0.6368319988,0.642937,1,0,-1,41113,35974,17,17,9878,27.45872019,14.23255685,512002,0,512002,41113
v2,ea89b79a9dfd35df20fed759e6d15c60fe01e77c,direct,octree_leafcount,flyby,5,451,451,0.4205439985,0.1743039936,0.5958080292,0.602826,1,0,-1,40825,35722,17,17,9760,27.32209843,14.33296008,512002,0,512002,40825
v2,ea89b79a9dfd35df20fed759e6d15c60fe01e77c,direct,octree_leafcount,flyby,5,452,452,0.4660159945,0.1701119989,0.6370559931,0.644756,1,0,-1,41065,35932,17,17,9802,27.27930535,14.24919292,512002,0,512002,41065
v2,ea89b79a9dfd35df20fed759e6d15c60fe01e77c,direct,octree_leafcount,flyby,5,453,453,0.4285440147,0.1720959991,0.6015999913,0.608655,1,0,-1,40825,35722,17,17,9614,26.91338671,14.33296008,512002,0,512002,40825
v2,ea89b79a9dfd35df20fed759e6d15c60fe01e77c,direct,octree_leafcount,flyby,5,454,454,0.4204480052,0.1759040058,0.5973119736,0.604747,1,0,-1,41417,36240,17,17,9874,27.24613687,14.12809051,512002,0,512002,41417
v2,ea89b79a9dfd35df20fed759e6d15c60fe01e77c,direct,octree_leafcount,flyby,5,455,455,0.4586879909,0.1723199934,0.631904006,0.638845,1,0,-1,41497,36310,17,17,9892,27.2431837,14.10085376,512002,0,512002,41497
v2,ea89b79a9dfd35df20fed759e6d15c60fe01e77c,direct,octree_leafcount,flyby,5,456,456,0.3915520012,0.1721280068,0.5646079779,0.57184,1,0,-1,40857,35750,17,17,9698,27.12727273,14.32173427,512002,0,512002,40857
v2,ea89b79a9dfd35df20fed759e6d15c60fe01e77c,direct,octree_leafcount,flyby,5,457,457,0.4239360094,0.1719039977,0.5967680216,0.60399,1,0,-1,40977,35855,17,17,9833,27.42434807,14.27979361,512002,0,512002,40977
v2,ea89b79a9dfd35df20fed759e6d15c60fe01e77c,direct,octree_leafcount,flyby,5,458,458,0.4573439956,0.1722240001,0.6305279732,0.63781,1,0,-1,40873,35764,17,17,9619,26.8957611,14.31612795,512002,0,512002,40873
v2,ea89b79a9dfd35df20fed759e6d15c60fe01e77c,direct,octree_leafcount,flyby,5,459,459,0.4190720022,0.1722240001,0.5922560096,0.599604,1,0,-1,41145,36002,17,17,9800,27.22070996,14.2214877,512002,0,512002,41145
v2,ea89b79a9dfd35df20fed759e6d15c60fe01e77c,direct,octree_leafcount,flyby,5,460,460,0.3942719996,0.1750079989,0.5702080131,0.577664,1,0,-1,41001,35876,17,17,9716,27.08217193,14.27143494,512002,0,512002,41001
v2,ea89b79a9dfd35df20fed759e6d15c60fe01e77c,direct,octree_leafcount,flyby,5,461,461,0.458528012,0.174879998,0.6343359947,0.641499,1,0,-1,41185,36037,17,17,9753,27.06385104,14.20767544,512002,0,512002,41185
v2,ea89b79a9dfd35df20fed759e6d15c60fe01e77c,direct,octree_leafcount,flyby,5,462,462,0.4285759926,0.1729280055,0.6024320126,0.609242,1,0,-1,41169,36023,17,17,9810,27.23260139,14.21319712,512002,0,512002,41169
v2,ea89b79a9dfd35df20fed759e6d15c60fe01e77c,direct,octree_leafcount,flyby,5,463,463,0.4317440093,0.1702719927,0.6029120088,0.610002,1,0,-1,40881,35771,17,17,9464,26.45718599,14.31332644,512002,0,512002,40881
v2,ea89b79a9dfd35df20fed759e6d15c60fe01e77c,direct,octree_leafcount,flyby,5,464,464,0.4552319944,0.1731200069,0.6292799711,0.636999,1,0,-1,40753,35659,17,17,9650,27.06189181,14.35828262,512002,0,512002,40753
v2,ea89b79a9dfd35df20fed759e6d15c60fe01e77c,direct,octree_leafcount,flyby,5,465,465,0.4248319864,0.1730560064,0.5988159776,0.606609,1,0,-1,40905,35792,17,17,9623,26.88589629,14.30492848,512002,0,512002,40905
v2,ea89b79a9dfd35df20fed759e6d15c60fe01e77c,direct,octree_leafcount,flyby,5,466,466,0.4561280012,0.1709440053,0.6280320287,0.63523,1,0,-1,40961,35841,17,17,9795,27.32903658,14.2853715,512002,0,512002,40961
v2,ea89b79a9dfd35df20fed759e6d15c60fe01e77c,direct,octree_leafcount,flyby,5,467,467,0.3927679956,0.173984006,0.567712009,0.575247,1,0,-1,40657,35575,17,17,9596,26.97399859,14.39218552,512002,0,512002,40657
v2,ea89b79a9dfd35df20fed759e6d15c60fe01e77c,direct,octree_leafcount,flyby,5,468,468,0.4306240082,0.1760320067,0.6076160073,0.614414,1,0,-1,40769,35673,17,17,9705,27.2054495,14.35264766,512002,0,512002,40769
v2,ea89b79a9dfd35df20fed759e6d15c60fe01e77c,direct,octree_leafcount,flyby,5,469,469,0.4559360147,0.1723520011,0.6291840076,0.636363,1,0,-1,40969,35848,17,17,9662,26.95268913,14.28258201,512002,0,512002,40969
v2,ea89b79a9dfd35df20fed759e6d15c60fe01e77c,direct,octree_leafcount,flyby,5,470,470,0.4318400025,0.1720640063,0.6048319936,0.611825,1,0,-1,40777,35680,17,17,9503,26.63396861,14.34983184,512002,0,512002,40777
v2,ea89b79a9dfd35df20fed759e6d15c60fe01e77c,direct,octree_leafcount,flyby,5,471,471,0.4296959937,0.1752319932,0.6058880091,0.612649,1,0,-1,40801,35701,17,17,9672,27.0916781,14.341391,512002,0,512002,40801
v2,ea89b79a9dfd35df20fed759e6d15c60fe01e77c,direct,octree_leafcount,flyby,5,472,472,0.4558719993,0.1741759926,0.6309760213,0.638078,1,0,-1,40929,35813,17,17,9702,27.09072125,14.29654036,512002,0,512002,40929
v2,ea89b79a9dfd35df20fed759e6d15c60fe01e77c,direct,octree_leafcount,flyby,5,473,473,0.4248639941,0.1729599983,0.5987520218,0.606063,1,0,-1,41305,36142,17,17,9867,27.30064745,14.1663992,512002,0,512002,41305
v2,ea89b79a9dfd35df20fed759e6d15c60fe01e77c,direct,octree_leafcount,flyby,5,474,474,0.3916159868,0.1722880006,0.5648319721,0.572649,1,0,-1,40825,35722,17,17,9586,26.83500364,14.33296008,512002,0,512002,40825
v2,ea89b79a9dfd35df20fed759e6d15c60fe01e77c,direct,octree_leafcount,flyby,5,475,475,0.4608319998,0.1719679981,0.6337280273,0.640286,1,0,-1,41297,36135,17,17,9741,26.95724367,14.16914349,512002,0,512002,41297
v2,ea89b79a9dfd35df20fed759e6d15c60fe01e77c,direct,octree_leafcount,flyby,5,476,476,0.4313279986,0.1739519984,0.6062080264,0.613619,1,0,-1,41233,36079,17,17,9818,27.21250589,14.19113612,512002,0,512002,41233
v2,ea89b79a9dfd35df20fed759e6d15c60fe01e77c,direct,octree_leafcount,flyby,5,477,477,0.4178240001,0.1731519997,0.5919039845,0.597596,1,0,-1,40921,35806,17,17,9615,26.85304139,14.29933531,512002,0,512002,40921
v2,ea89b79a9dfd35df20fed759e6d15c60fe01e77c,direct,octree_leafcount,flyby,5,478,478,0.457408011,0.1743039936,0.6326400042,0.638997,1,0,-1,40865,35757,17,17,9816,27.45196745,14.31893056,512002,0,512002,40865
v2,ea89b79a9dfd35df20fed759e6d15c60fe01e77c,direct,octree_leafcount,flyby,5,479,479,0.421472013,0.1701440066,0.5925120115,0.599593,1,0,-1,40721,35631,17,17,9794,27.48730038,14.36956583,512002,0,512002,40721
v2,ea89b79a9dfd35df20fed759e6d15c60fe01e77c,direct,octree_leafcount,flyby,5,480,480,0.4573760033,0.1700479984,0.6283519864,0.635629,1,0,-1,40985,35862,17,17,9864,27.50543751,14.2770063,512002,0,512002,40985
v2,ea89b79a9dfd35df20fed759e6d15c60fe01e77c,direct,octree_leafcount,flyby,5,481,481,0.4290559888,0.1770559996,0.6071040034,0.614026,1,0,-1,41017,35890,17,17,9756,27.18305935,14.26586793,512002,0,512002,41017
v2,ea89b79a9dfd35df20fed759e6d15c60fe01e77c,direct,octree_leafcount,flyby,5,482,482,0.4311999977,0.1740480065,0.6062399745,0.613056,1,0,-1,41177,36030,17,17,9684,26.877602,14.21043575,512002,0,512002,41177
v2,ea89b79a9dfd35df20fed759e6d15c60fe01e77c,direct,octree_leafcount,flyby,5,483,483,0.4542079866,0.1721920073,0.6273599863,0.634367,1,0,-1,41073,35939,17,17,9843,27.38807424,14.24641754,512002,0,512002,41073
v2,ea89b79a9dfd35df20fed759e6d15c60fe01e77c,direct,octree_leafcount,flyby,5,484,484,0.3930239975,0.1747840047,0.5687680244,0.576662,1,0,-1,40881,35771,17,17,9680,27.06102709,14.31332644,512002,0,512002,40881
v2,ea89b79a9dfd35df20fed759e6d15c60fe01e77c,direct,octree_leafcount,flyby,5,485,485,0.423999995,0.1721280068,0.5970559716,0.604645,1,0,-1,40849,35743,17,17,9790,27.38997846,14.32453907,512002,0,512002,40849
v2,ea89b79a9dfd35df20fed759e6d15c60fe01e77c,direct,octree_leafcount,flyby,5,486,486,0.4630720019,0.1722240001,0.6362239718,0.643626,1,0,-1,40601,35526,17,17,9595,27.00838822,14.41203626,512002,0,512002,40601
v2,ea89b79a9dfd35df20fed759e6d15c60fe01e77c,direct,octree_leafcount,flyby,5,487,487,0.430783987,0.1691839993,0.6008960009,0.608109,1,0,-1,40785,35687,17,17,9787,27.42455236,14.34701712,512002,0,512002,40785
v2,ea89b79a9dfd35df20fed759e6d15c60fe01e77c,direct,octree_leafcount,flyby,5,488,488,0.3954559863,0.1698240042,0.566208005,0.57334,1,0,-1,40873,35764,17,17,9778,27.34034224,14.31612795,512002,0,512002,40873
v2,ea89b79a9dfd35df20fed759e6d15c60fe01e77c,direct,octree_leafcount,flyby,5,489,489,0.4630079865,0.1712639928,0.6352319717,0.64248,1,0,-1,40849,35743,17,17,9667,27.04585513,14.32453907,512002,0,512002,40849
v2,ea89b79a9dfd35df20fed759e6d15c60fe01e77c,direct,octree_leafcount,flyby,5,490,490,0.4258880019,0.1703680009,0.5971840024,0.603703,1,0,-1,41009,35883,17,17,9836,27.41130898,14.26865089,512002,0,512002,41009
v2,ea89b79a9dfd35df20fed759e6d15c60fe01e77c,direct,octree_leafcount,flyby,5,491,491,0.3932799995,0.1710080057,0.5652160048,0.573154,1,0,-1,40321,35281,17,17,9586,27.17043168,14.512117,512002,0,512002,40321
v2,ea89b79a9dfd35df20fed759e6d15c60fe01e77c,direct,octree_leafcount,flyby,5,492,492,0.4647679925,0.1747200042,0.6403840184,0.647404,1,0,-1,40873,35764,17,17,9883,27.63393356,14.31612795,512002,0,512002,40873
v2,ea89b79a9dfd35df20fed759e6d15c60fe01e77c,direct,octree_leafcount,flyby,5,493,493,0.4196799994,0.1693760008,0.5900160074,0.596489,1,0,-1,41009,35883,17,17,9814,27.34999861,14.26865089,512002,0,512002,41009
v2,ea89b79a9dfd35df20fed759e6d15c60fe01e77c,direct,octree_leafcount,flyby,5,494,494,0.4633919895,0.1718720049,0.6361600161,0.643733,1,0,-1,40977,35855,17,17,9622,26.83586669,14.27979361,512002,0,512002,40977
v2,ea89b79a9dfd35df20fed759e6d15c60fe01e77c,direct,octree_leafcount,flyby,5,495,495,0.4196160138,0.1711679995,0.5917440057,0.598124,1,0,-1,41065,35932,17,17,9694,26.97873762,14.24919292,512002,0,512002,41065
v2,ea89b79a9dfd35df20fed759e6d15c60fe01e77c,direct,octree_leafcount,flyby,5,496,496,0.4236479998,0.1700479984,0.5946559906,0.601921,1,0,-1,40529,35463,17,17,9508,26.81104249,14.43763923,512002,0,512002,40529
v2,ea89b79a9dfd35df20fed759e6d15c60fe01e77c,direct,octree_leafcount,flyby,5,497,497,0.4563519955,0.1742399931,0.631551981,0.639399,1,0,-1,40865,35757,17,17,9776,27.34010124,14.31893056,512002,0,512002,40865
v2,ea89b79a9dfd35df20fed759e6d15c60fe01e77c,direct,octree_leafcount,flyby,5,498,498,0.4323840141,0.1730879992,0.6064320207,0.613703,1,0,-1,40841,35736,17,17,9719,27.19666443,14.32734497,512002,0,512002,40841
v2,ea89b79a9dfd35df20fed759e6d15c60fe01e77c,direct,octree_leafcount,flyby,5,499,499,0.4352320135,0.1731840074,0.6093760133,0.616066,1,0,-1,40897,35785,17,17,9857,27.54506078,14.3077267,512002,0,512002,40897
v2,ea89b79a9dfd35df20fed759e6d15c60fe01e77c,direct,octree_leafcount,flyby,5,500,500,0.4563519955,0.173984006,0.631295979,0.638412,1,0,-1,40753,35659,17,17,9670,27.11797863,14.35828262,512002,0,512002,40753
v2,ea89b79a9dfd35df20fed759e6d15c60fe01e77c,direct,octree_leafcount,flyby,5,501,501,0.3979519904,0.1749760062,0.5738880038,0.580844,1,0,-1,40937,35820,17,17,9650,26.94025684,14.29374651,512002,0,512002,40937
v2,ea89b79a9dfd35df20fed759e6d15c60fe01e77c,direct,octree_leafcount,flyby,5,502,502,0.4281919897,0.1733119935,0.6024640203,0.60964,1,0,-1,40569,35498,17,17,9748,27.46070201,14.42340414,512002,0,512002,40569
v2,ea89b79a9dfd35df20fed759e6d15c60fe01e77c,direct,octree_leafcount,flyby,5,503,503,0.4600000083,0.1741439998,0.6350719929,0.642062,1,0,-1,40673,35589,17,17,9700,27.25561269,14.38652393,512002,0,512002,40673
v2,ea89b79a9dfd35df20fed759e6d15c60fe01e77c,direct,octree_leafcount,flyby,5,504,504,0.4241920114,0.1730239987,0.5981439948,0.606244,1,0,-1,40905,35792,17,17,9887,27.62349128,14.30492848,512002,0,512002,40905
v2,ea89b79a9dfd35df20fed759e6d15c60fe01e77c,direct,octree_leafcount,flyby,5,505,505,0.392576009,0.1696960032,0.5632320046,0.571642,1,0,-1,40641,35561,17,17,9744,27.40080425,14.39785158,512002,0,512002,40641
v2,ea89b79a9dfd35df20fed759e6d15c60fe01e77c,direct,octree_leafcount,flyby,5,506,506,0.4569920003,0.1746879965,0.6326720119,0.640929,1,0,-1,40785,35687,17,17,9701,27.18356825,14.34701712,512002,0,512002,40785
v2,ea89b79a9dfd35df20fed759e6d15c60fe01e77c,direct,octree_leafcount,flyby,5,507,507,0.4304960072,0.1721599996,0.6035839915,0.611008,1,0,-1,41201,36051,17,17,9886,27.42226291,14.20215805,512002,0,512002,41201
v2,ea89b79a9dfd35df20fed759e6d15c60fe01e77c,direct,octree_leafcount,flyby,5,508,508,0.4324479997,0.174879998,0.6083199978,0.615635,1,0,-1,40649,35568,17,17,9617,27.03834908,14.39501799,512002,0,512002,40649
v2,ea89b79a9dfd35df20fed759e6d15c60fe01e77c,direct,octree_leafcount,flyby,5,509,509,0.4608959854,0.176256001,0.6381120086,0.645438,1,0,-1,40761,35666,17,17,9712,27.23041552,14.35546459,512002,0,512002,40761
v2,ea89b79a9dfd35df20fed759e6d15c60fe01e77c,direct,octree_leafcount,flyby,5,510,510,0.4276799858,0.1751040071,0.6037759781,0.610742,1,0,-1,40721,35631,17,17,9732,27.3132946,14.36956583,512002,0,512002,40721
v2,ea89b79a9dfd35df20fed759e6d15c60fe01e77c,direct,octree_leafcount,flyby,5,511,511,0.4266879857,0.1722880006,0.5999040008,0.606523,1,0,-1,40961,35841,17,17,9828,27.4211099,14.2853715,512002,0,512002,40961
v2,ea89b79a9dfd35df20fed759e6d15c60fe01e77c,direct,octree_leafcount,flyby,5,512,512,0.4250879884,0.1739519984,0.5999680161,0.60767,1,0,-1,41161,36016,17,17,9820,27.26565971,14.21595957,512002,0,512002,41161
v2,ea89b79a9dfd35df20fed759e6d15c60fe01e77c,direct,octree_leafcount,flyby,5,513,513,0.4214079976,0.1723520011,0.594720006,0.601016,1,0,-1,40857,35750,17,17,9842,27.53006993,14.32173427,512002,0,512002,40857
v2,ea89b79a9dfd35df20fed759e6d15c60fe01e77c,direct,octree_leafcount,flyby,5,514,514,0.4635199904,0.1782400012,0.6427519917,0.649566,1,0,-1,41025,35897,17,17,9843,27.42011867,14.26308605,512002,0,512002,41025
v2,ea89b79a9dfd35df20fed759e6d15c60fe01e77c,direct,octree_leafcount,flyby,5,515,515,0.389824003,0.1721920073,0.5629760027,0.570063,1,0,-1,40681,35596,17,17,9639,27.07888527,14.3836948,512002,0,512002,40681
v2,ea89b79a9dfd35df20fed759e6d15c60fe01e77c,direct,octree_leafcount,flyby,5,516,516,0.4209600091,0.1700160056,0.5919039845,0.599418,1,0,-1,41009,35883,17,17,9913,27.62589527,14.26865089,512002,0,512002,41009
v2,ea89b79a9dfd35df20fed759e6d15c60fe01e77c,direct,octree_leafcount,flyby,5,517,517,0.4688639939,0.1730239987,0.6428160071,0.650372,1,0,-1,41081,35946,17,17,9849,27.39943248,14.24364324,512002,0,512002,41081
v2,ea89b79a9dfd35df20fed759e6d15c60fe01e77c,direct,octree_leafcount,flyby,5,518,518,0.4250560105,0.1679680049,0.5939520001,0.600949,1,0,-1,41297,36135,17,17,9852,27.26442507,14.16914349,512002,0,512002,41297
v2,ea89b79a9dfd35df20fed759e6d15c60fe01e77c,direct,octree_leafcount,flyby,5,519,519,0.3918080032,0.171232,0.5639680028,0.570657,1,0,-1,41041,35911,17,17,9873,27.49296873,14.25752555,512002,0,512002,41041
v2,ea89b79a9dfd35df20fed759e6d15c60fe01e77c,direct,octree_leafcount,flyby,5,520,520,0.4560959935,0.1750400066,0.6320959926,0.639239,1,0,-1,41089,35953,17,17,9737,27.08258004,14.24087002,512002,0,512002,41089
v2,ea89b79a9dfd35df20fed759e6d15c60fe01e77c,direct,octree_leafcount,flyby,5,521,521,0.4304000139,0.1720319986,0.603392005,0.610294,1,0,-1,41417,36240,17,17,9982,27.54415011,14.12809051,512002,0,512002,41417
v2,ea89b79a9dfd35df20fed759e6d15c60fe01e77c,direct,octree_leafcount,flyby,5,522,522,0.4037120044,0.1756799966,0.5803200006,0.587422,1,0,-1,40849,35743,17,17,9660,27.02627088,14.32453907,512002,0,512002,40849
v2,ea89b79a9dfd35df20fed759e6d15c60fe01e77c,direct,octree_leafcount,flyby,5,523,523,0.4586240053,0.1729920059,0.6325119734,0.640325,1,0,-1,41065,35932,17,17,9842,27.39062674,14.24919292,512002,0,512002,41065
v2,ea89b79a9dfd35df20fed759e6d15c60fe01e77c,direct,octree_leafcount,flyby,5,524,524,0.426880002,0.1904319972,0.6182720065,0.625882,1,0,-1,41033,35904,17,17,9789,27.26437166,14.26030526,512002,0,512002,41033
v2,ea89b79a9dfd35df20fed759e6d15c60fe01e77c,direct,octree_leafcount,flyby,5,525,525,0.4317120016,0.1708160043,0.6034240127,0.610542,1,0,-1,40929,35813,17,17,9661,26.97623768,14.29654036,512002,0,512002,40929
v2,ea89b79a9dfd35df20fed759e6d15c60fe01e77c,direct,octree_leafcount,flyby,5,526,526,0.459935993,0.1730879992,0.6339200139,0.641954,1,0,-1,41049,35918,17,17,9832,27.37346177,14.25474692,512002,0,512002,41049
v2,ea89b79a9dfd35df20fed759e6d15c60fe01e77c,direct,octree_leafcount,flyby,5,527,527,0.4239679873,0.1749760062,0.5999040008,0.607194,1,0,-1,40761,35666,17,17,9690,27.16873213,14.35546459,512002,0,512002,40761
v2,ea89b79a9dfd35df20fed759e6d15c60fe01e77c,direct,octree_leafcount,flyby,5,528,528,0.454016,0.169855997,0.6248319745,0.632658,1,0,-1,40905,35792,17,17,9695,27.08705856,14.30492848,512002,0,512002,40905
v2,ea89b79a9dfd35df20fed759e6d15c60fe01e77c,direct,octree_leafcount,flyby,5,529,529,0.4258880019,0.1792320013,0.6060479879,0.613364,1,0,-1,41009,35883,17,17,9647,26.88459716,14.26865089,512002,0,512002,41009
v2,ea89b79a9dfd35df20fed759e6d15c60fe01e77c,direct,octree_leafcount,flyby,5,530,530,0.4263040125,0.1765439957,0.6038079858,0.611676,1,0,-1,41345,36177,17,17,9744,26.93423999,14.1526937,512002,0,512002,41345
v2,ea89b79a9dfd35df20fed759e6d15c60fe01e77c,direct,octree_leafcount,flyby,5,531,531,0.4567680061,0.1710720062,0.6287680268,0.636497,1,0,-1,41409,36233,17,17,9781,26.99472856,14.13081997,512002,0,512002,41409
v2,ea89b79a9dfd35df20fed759e6d15c60fe01e77c,direct,octree_leafcount,flyby,5,532,532,0.3911359906,0.1749760062,0.5670400262,0.574284,1,0,-1,41033,35904,17,17,9557,26.6182041,14.26030526,512002,0,512002,41033
v2,ea89b79a9dfd35df20fed759e6d15c60fe01e77c,direct,octree_leafcount,flyby,5,533,533,0.4222080112,0.1731519997,0.5963199735,0.603284,1,0,-1,41097,35960,17,17,9739,27.08286986,14.23809789,512002,0,512002,41097
v2,ea89b79a9dfd35df20fed759e6d15c60fe01e77c,direct,octree_leafcount,flyby,5,534,534,0.4514879882,0.171103999,0.6235520244,0.630307,1,0,-1,41049,35918,17,17,9594,26.71084136,14.25474692,512002,0,512002,41049
v2,ea89b79a9dfd35df20fed759e6d15c60fe01e77c,direct,octree_leafcount,flyby,5,535,535,0.4333440065,0.1772480011,0.6115199924,0.618538,1,0,-1,41481,36296,17,17,9817,27.04705753,14.1062927,512002,0,512002,41481
v2,ea89b79a9dfd35df20fed759e6d15c60fe01e77c,direct,octree_leafcount,flyby,5,536,536,0.39270401,0.1710080057,0.5646399856,0.572036,1,0,-1,41145,36002,17,17,9794,27.20404422,14.2214877,512002,0,512002,41145
v2,ea89b79a9dfd35df20fed759e6d15c60fe01e77c,direct,octree_leafcount,flyby,5,537,537,0.4637120068,0.1680639982,0.6327040195,0.640084,1,0,-1,40889,35778,17,17,9564,26.73151098,14.31052602,512002,0,512002,40889
v2,ea89b79a9dfd35df20fed759e6d15c60fe01e77c,direct,octree_leafcount,flyby,5,538,538,0.4249919951,0.1718399972,0.5977600217,0.605324,1,0,-1,41241,36086,17,17,9978,27.65061243,14.18838331,512002,0,512002,41241
v2,ea89b79a9dfd35df20fed759e6d15c60fe01e77c,direct,octree_leafcount,flyby,5,539,539,0.4002240002,0.1752319932,0.5763520002,0.583428,1,0,-1,40953,35834,17,17,9752,27.21437741,14.28816208,512002,0,512002,40953
v2,ea89b79a9dfd35df20fed759e6d15c60fe01e77c,direct,octree_leafcount,flyby,5,540,540,0.4570559859,0.172864005,0.6308159828,0.638201,1,0,-1,41209,36058,17,17,9812,27.21171446,14.19940097,512002,0,512002,41209
v2,ea89b79a9dfd35df20fed759e6d15c60fe01e77c,direct,octree_leafcount,flyby,5,541,541,0.4250560105,0.1732160002,0.599232018,0.607203,1,0,-1,41217,36065,17,17,9822,27.23416054,14.19664495,512002,0,512002,41217
v2,ea89b79a9dfd35df20fed759e6d15c60fe01e77c,direct,octree_leafcount,flyby,5,542,542,0.4303680062,0.1731200069,0.6044480205,0.61179,1,0,-1,41185,36037,17,17,9609,26.66426173,14.20767544,512002,0,512002,41185
v2,ea89b79a9dfd35df20fed759e6d15c60fe01e77c,direct,octree_leafcount,flyby,5,543,543,0.4532800019,0.1752319932,0.6294400096,0.636854,1,0,-1,41081,35946,17,17,9766,27.16853057,14.24364324,512002,0,512002,41081
v2,ea89b79a9dfd35df20fed759e6d15c60fe01e77c,direct,octree_leafcount,flyby,5,544,544,0.4325760007,0.1717119962,0.6051840186,0.61264,1,0,-1,40953,35834,17,17,9567,26.69810794,14.28816208,512002,0,512002,40953
v2,ea89b79a9dfd35df20fed759e6d15c60fe01e77c,direct,octree_leafcount,flyby,5,545,545,0.4602560103,0.1717759967,0.6329920292,0.640202,1,0,-1,41033,35904,17,17,9603,26.74632353,14.26030526,512002,0,512002,41033
v2,ea89b79a9dfd35df20fed759e6d15c60fe01e77c,direct,octree_leafcount,flyby,5,546,546,0.4358080029,0.1739519984,0.6107199788,0.617902,1,0,-1,40969,35848,17,17,9519,26.55378264,14.28258201,512002,0,512002,40969
v2,ea89b79a9dfd35df20fed759e6d15c60fe01e77c,direct,octree_leafcount,flyby,5,547,547,0.4203839898,0.1701440066,0.591455996,0.598758,1,0,-1,40977,35855,17,17,9556,26.65179194,14.27979361,512002,0,512002,40977
v2,ea89b79a9dfd35df20fed759e6d15c60fe01e77c,direct,octree_leafcount,flyby,5,548,548,0.4565120041,0.1749439985,0.6324480176,0.639693,1,0,-1,40657,35575,17,17,9572,26.90653549,14.39218552,512002,0,512002,40657
v2,ea89b79a9dfd35df20fed759e6d15c60fe01e77c,direct,octree_leafcount,flyby,5,549,549,0.4334720075,0.1729920059,0.6074560285,0.614769,1,0,-1,40585,35512,17,17,9497,26.74307276,14.41771795,512002,0,512002,40585
v2,ea89b79a9dfd35df20fed759e6d15c60fe01e77c,direct,octree_leafcount,flyby,5,550,550,0.4315840006,0.171103999,0.6036159992,0.610372,1,0,-1,40633,35554,17,17,9618,27.05180852,14.40068628,512002,0,512002,40633
v2,ea89b79a9dfd35df20fed759e6d15c60fe01e77c,direct,octree_leafcount,flyby,5,551,551,0.4649919868,0.1770240068,0.642975986,0.649894,1,0,-1,40833,35729,17,17,9534,26.68420611,14.33015198,512002,0,512002,40833
v2,ea89b79a9dfd35df20fed759e6d15c60fe01e77c,direct,octree_leafcount,flyby,5,552,552,0.3952960074,0.1680960059,0.5643519759,0.570914,1,0,-1,40777,35680,17,17,9467,26.53307175,14.34983184,512002,0,512002,40777
v2,ea89b79a9dfd35df20fed759e6d15c60fe01e77c,direct,octree_leafcount,flyby,5,553,553,0.4246399999,0.172736004,0.5983359814,0.605745,1,0,-1,40657,35575,17,17,9520,26.76036543,14.39218552,512002,0,512002,40657
v2,ea89b79a9dfd35df20fed759e6d15c60fe01e77c,direct,octree_leafcount,flyby,5,554,554,0.4653440118,0.1752959937,0.6415359974,0.649099,1,0,-1,40593,35519,17,17,9403,26.47315521,14.41487654,512002,0,512002,40593
v2,ea89b79a9dfd35df20fed759e6d15c60fe01e77c,direct,octree_leafcount,flyby,5,555,555,0.424127996,0.1752319932,0.6002879739,0.607644,1,0,-1,40833,35729,17,17,9634,26.96409079,14.33015198,512002,0,512002,40833
v2,ea89b79a9dfd35df20fed759e6d15c60fe01e77c,direct,octree_leafcount,flyby,5,556,556,0.399744004,0.167712003,0.5684480071,0.576079,1,0,-1,40657,35575,17,17,9472,26.62543921,14.39218552,512002,0,512002,40657
v2,ea89b79a9dfd35df20fed759e6d15c60fe01e77c,direct,octree_leafcount,flyby,5,557,557,0.4559679925,0.1699199975,0.6268479824,0.634153,1,0,-1,40929,35813,17,17,9474,26.45408092,14.29654036,512002,0,512002,40929
v2,ea89b79a9dfd35df20fed759e6d15c60fe01e77c,direct,octree_leafcount,flyby,5,558,558,0.4262399971,0.1708800048,0.5980799794,0.606446,1,0,-1,41041,35911,17,17,9614,26.77174125,14.25752555,512002,0,512002,41041
v2,ea89b79a9dfd35df20fed759e6d15c60fe01e77c,direct,octree_leafcount,flyby,5,559,559,0.3935360014,0.1729920059,0.567456007,0.575189,1,0,-1,40689,35603,17,17,9516,26.72808471,14.38086678,512002,0,512002,40689
v2,ea89b79a9dfd35df20fed759e6d15c60fe01e77c,direct,octree_leafcount,flyby,5,560,560,0.4572159946,0.1730239987,0.6311680079,0.63933,1,0,-1,40961,35841,17,17,9704,27.07513741,14.2853715,512002,0,512002,40961
v2,ea89b79a9dfd35df20fed759e6d15c60fe01e77c,direct,octree_leafcount,flyby,5,561,561,0.4269120097,0.1762879938,0.6040959954,0.61162,1,0,-1,40833,35729,17,17,9591,26.84374038,14.33015198,512002,0,512002,40833
v2,ea89b79a9dfd35df20fed759e6d15c60fe01e77c,direct,octree_leafcount,flyby,5,562,562,0.4556159973,0.1740159988,0.6305599809,0.63808,1,0,-1,41313,36149,17,17,9680,26.77805748,14.16365598,512002,0,512002,41313
v2,ea89b79a9dfd35df20fed759e6d15c60fe01e77c,direct,octree_leafcount,flyby,5,563,563,0.4255999923,0.174751997,0.6012480259,0.608508,1,0,-1,40993,35869,17,17,9637,26.86721124,14.27422008,512002,0,512002,40993
v2,ea89b79a9dfd35df20fed759e6d15c60fe01e77c,direct,octree_leafcount,flyby,5,564,564,0.4224640131,0.1729599983,0.5963519812,0.60368,1,0,-1,40793,35694,17,17,9556,26.7720065,14.34420351,512002,0,512002,40793
v2,ea89b79a9dfd35df20fed759e6d15c60fe01e77c,direct,octree_leafcount,flyby,5,565,565,0.4558719993,0.1687359959,0.6255040169,0.632812,1,0,-1,41049,35918,17,17,9594,26.71084136,14.25474692,512002,0,512002,41049
v2,ea89b79a9dfd35df20fed759e6d15c60fe01e77c,direct,octree_leafcount,flyby,5,566,566,0.4235199988,0.1730239987,0.5975360274,0.60502,1,0,-1,40593,35519,17,17,9421,26.52383232,14.41487654,512002,0,512002,40593
v2,ea89b79a9dfd35df20fed759e6d15c60fe01e77c,direct,octree_leafcount,flyby,5,567,567,0.4303359985,0.174112007,0.6053760052,0.612641,1,0,-1,40889,35778,17,17,9515,26.59455531,14.31052602,512002,0,512002,40889
v2,ea89b79a9dfd35df20fed759e6d15c60fe01e77c,direct,octree_leafcount,flyby,5,568,568,0.4531840086,0.1690240055,0.6231679916,0.630467,1,0,-1,40825,35722,17,17,9539,26.70343206,14.33296008,512002,0,512002,40825
v2,ea89b79a9dfd35df20fed759e6d15c60fe01e77c,direct,octree_leafcount,flyby,5,569,569,0.3856639862,0.1702399999,0.5568320155,0.564025,1,0,-1,40633,35554,17,17,9401,26.44146931,14.40068628,512002,0,512002,40633
v2,ea89b79a9dfd35df20fed759e6d15c60fe01e77c,direct,octree_leafcount,flyby,5,570,570,0.4292480052,0.1701119989,0.6002879739,0.606742,1,0,-1,40889,35778,17,17,9612,26.86567164,14.31052602,512002,0,512002,40889
v2,ea89b79a9dfd35df20fed759e6d15c60fe01e77c,direct,octree_leafcount,flyby,5,571,571,0.4576320052,0.1720000058,0.6305919886,0.637305,1,0,-1,41105,35967,17,17,9613,26.72727778,14.23532683,512002,0,512002,41105
v2,ea89b79a9dfd35df20fed759e6d15c60fe01e77c,direct,octree_leafcount,flyby,5,572,572,0.4329600036,0.1700479984,0.6039680243,0.611049,1,0,-1,41121,35981,17,17,9502,26.4083822,14.22978794,512002,0,512002,41121
v2,ea89b79a9dfd35df20fed759e6d15c60fe01e77c,direct,octree_leafcount,flyby,5,573,573,0.3981760144,0.1750719994,0.5741760135,0.581625,1,0,-1,41025,35897,17,17,9455,26.33924841,14.26308605,512002,0,512002,41025
v2,ea89b79a9dfd35df20fed759e6d15c60fe01e77c,direct,octree_leafcount,flyby,5,574,574,0.4604800045,0.1740480065,0.6354879737,0.642621,1,0,-1,41041,35911,17,17,9391,26.15076161,14.25752555,512002,0,512002,41041
v2,ea89b79a9dfd35df20fed759e6d15c60fe01e77c,direct,octree_leafcount,flyby,5,575,575,0.4289599955,0.1751359999,0.6050239801,0.612015,1,0,-1,41257,36100,17,17,9682,26.8199446,14.18288089,512002,0,512002,41257
v2,ea89b79a9dfd35df20fed759e6d15c60fe01e77c,direct,octree_leafcount,flyby,5,576,576,0.3852159977,0.1723839939,0.5585600138,0.565222,1,0,-1,41025,35897,17,17,9494,26.44789258,14.26308605,512002,0,512002,41025
v2,ea89b79a9dfd35df20fed759e6d15c60fe01e77c,direct,octree_leafcount,flyby,5,577,577,0.461311996,0.1748159975,0.6370559931,0.645606,1,0,-1,41233,36079,17,17,9500,26.33110674,14.19113612,512002,0,512002,41233
v2,ea89b79a9dfd35df20fed759e6d15c60fe01e77c,direct,octree_leafcount,flyby,5,578,578,0.4281280041,0.1757439971,0.6048319936,0.612789,1,0,-1,41129,35988,17,17,9552,26.54218073,14.22702012,512002,0,512002,41129
v2,ea89b79a9dfd35df20fed759e6d15c60fe01e77c,direct,octree_leafcount,flyby,5,579,579,0.3944639862,0.1698240042,0.5652480125,0.573177,1,0,-1,40617,35540,17,17,9393,26.42937535,14.40635903,512002,0,512002,40617
v2,ea89b79a9dfd35df20fed759e6d15c60fe01e77c,direct,octree_leafcount,flyby,5,580,580,0.4588800073,0.173247993,0.633055985,0.640013,1,0,-1,40777,35680,17,17,9573,26.83015695,14.34983184,512002,0,512002,40777
v2,ea89b79a9dfd35df20fed759e6d15c60fe01e77c,direct,octree_leafcount,flyby,5,581,581,0.4323840141,0.1701440066,0.6034560204,0.610889,1,0,-1,40761,35666,17,17,9524,26.70330287,14.35546459,512002,0,512002,40761
v2,ea89b79a9dfd35df20fed759e6d15c60fe01e77c,direct,octree_leafcount,flyby,5,582,582,0.4336639941,0.1679040045,0.602527976,0.609714,1,0,-1,41153,36009,17,17,9563,26.55724958,14.2187231,512002,0,512002,41153
v2,ea89b79a9dfd35df20fed759e6d15c60fe01e77c,direct,octree_leafcount,flyby,5,583,583,0.4222719967,0.1729920059,0.59622401,0.603139,1,0,-1,40905,35792,17,17,9553,26.69032186,14.30492848,512002,0,512002,40905
v2,ea89b79a9dfd35df20fed759e6d15c60fe01e77c,direct,octree_leafcount,flyby,5,584,584,0.4265280068,0.1690559983,0.5965759754,0.603702,1,0,-1,40825,35722,17,17,9545,26.72022843,14.33296008,512002,0,512002,40825
v2,ea89b79a9dfd35df20fed759e6d15c60fe01e77c,direct,octree_leafcount,flyby,5,585,585,0.4590719938,0.1742399931,0.6342399716,0.641271,1,0,-1,41001,35876,17,17,9672,26.95952726,14.27143494,512002,0,512002,41001
v2,ea89b79a9dfd35df20fed759e6d15c60fe01e77c,direct,octree_leafcount,flyby,5,586,586,0.3923839927,0.1685439944,0.5618879795,0.569176,1,0,-1,40745,35652,17,17,9518,26.6969595,14.36110176,512002,0,512002,40745
v2,ea89b79a9dfd35df20fed759e6d15c60fe01e77c,direct,octree_leafcount,flyby,5,587,587,0.4264320135,0.1728000045,0.6001600027,0.607777,1,0,-1,41073,35939,17,17,9620,26.7675784,14.24641754,512002,0,512002,41073
v2,ea89b79a9dfd35df20fed759e6d15c60fe01e77c,direct,octree_leafcount,flyby,5,588,588,0.4636799991,0.1722240001,0.6368319988,0.644473,1,0,-1,41201,36051,17,17,9633,26.72047932,14.20215805,512002,0,512002,41201
v2,ea89b79a9dfd35df20fed759e6d15c60fe01e77c,direct,octree_leafcount,flyby,5,589,589,0.3950720131,0.1720959991,0.5681279898,0.575094,1,0,-1,41105,35967,17,17,9521,26.47148775,14.23532683,512002,0,512002,41105
v2,ea89b79a9dfd35df20fed759e6d15c60fe01e77c,direct,octree_leafcount,flyby,5,590,590,0.4296000004,0.1751040071,0.6056640148,0.612478,1,0,-1,40809,35708,17,17,9648,27.01915537,14.33857959,512002,0,512002,40809
v2,ea89b79a9dfd35df20fed759e6d15c60fe01e77c,direct,octree_leafcount,flyby,5,591,591,0.4618239999,0.1744319946,0.6371840239,0.644247,1,0,-1,41001,35876,17,17,9552,26.62504181,14.27143494,512002,0,512002,41001
v2,ea89b79a9dfd35df20fed759e6d15c60fe01e77c,direct,octree_leafcount,flyby,5,592,592,0.4224640131,0.1701440066,0.5935360193,0.600901,1,0,-1,41145,36002,17,17,9666,26.84850842,14.2214877,512002,0,512002,41145
v2,ea89b79a9dfd35df20fed759e6d15c60fe01e77c,direct,octree_leafcount,flyby,5,593,593,0.3967680037,0.1751040071,0.5728319883,0.580001,1,0,-1,41041,35911,17,17,9634,26.82743449,14.25752555,512002,0,512002,41041
v2,ea89b79a9dfd35df20fed759e6d15c60fe01e77c,direct,octree_leafcount,flyby,5,594,594,0.4476479888,0.1710399985,0.6196479797,0.625241,1,0,-1,40953,35834,17,17,9575,26.72043311,14.28816208,512002,0,512002,40953
v2,ea89b79a9dfd35df20fed759e6d15c60fe01e77c,direct,octree_leafcount,flyby,5,595,595,0.4269120097,0.1720640063,0.5999040008,0.606366,1,0,-1,40857,35750,17,17,9619,26.90629371,14.32173427,512002,0,512002,40857
v2,ea89b79a9dfd35df20fed759e6d15c60fe01e77c,direct,octree_leafcount,flyby,5,596,596,0.3963519931,0.1701119989,0.5673919916,0.57475,1,0,-1,40913,35799,17,17,9438,26.36386491,14.30213134,512002,0,512002,40913
v2,ea89b79a9dfd35df20fed759e6d15c60fe01e77c,direct,octree_leafcount,flyby,5,597,597,0.4539520144,0.1744319946,0.6293439865,0.635173,1,0,-1,41137,35995,17,17,9608,26.69259619,14.22425337,512002,0,512002,41137
v2,ea89b79a9dfd35df20fed759e6d15c60fe01e77c,direct,octree_leafcount,flyby,5,598,598,0.4235199988,0.1730239987,0.5975040197,0.604972,1,0,-1,40817,35715,17,17,9495,26.58546829,14.33576928,512002,0,512002,40817
v2,ea89b79a9dfd35df20fed759e6d15c60fe01e77c,direct,octree_leafcount,flyby,5,599,599,0.4294719994,0.1690240055,0.5994240046,0.606514,1,0,-1,40753,35659,17,17,9323,26.14487226,14.35828262,512002,0,512002,40753
v2,ea89b79a9dfd35df20fed759e6d15c60fe01e77c,direct,octree_leafcount,flyby,5,600,600,0.4605439901,0.1733119935,0.6348159909,0.641871,1,0,-1,40713,35624,17,17,9488,26.63373007,14.3723894,512002,0,512002,40713
v2,ea89b79a9dfd35df20fed759e6d15c60fe01e77c,direct,octree_leafcount,flyby,5,601,601,0.4235199988,0.172864005,0.5973439813,0.604664,1,0,-1,40697,35610,17,17,9398,26.39146307,14.37803988,512002,0,512002,40697
v2,ea89b79a9dfd35df20fed759e6d15c60fe01e77c,direct,octree_leafcount,flyby,5,602,602,0.4602879882,0.1731200069,0.6343680024,0.641572,1,0,-1,40849,35743,17,17,9420,26.35481073,14.32453907,512002,0,512002,40849
v2,ea89b79a9dfd35df20fed759e6d15c60fe01e77c,direct,octree_leafcount,flyby,5,603,603,0.4280000031,0.1760639995,0.6049919724,0.612014,1,0,-1,41089,35953,17,17,9619,26.75437377,14.24087002,512002,0,512002,41089
v2,ea89b79a9dfd35df20fed759e6d15c60fe01e77c,direct,octree_leafcount,flyby,5,604,604,0.4283519983,0.1733440012,0.6026239991,0.609642,1,0,-1,41057,35925,17,17,9518,26.4940849,14.25196938,512002,0,512002,41057
v2,ea89b79a9dfd35df20fed759e6d15c60fe01e77c,direct,octree_leafcount,flyby,5,605,605,0.4575040042,0.1740799993,0.6325119734,0.640433,1,0,-1,41257,36100,17,17,9680,26.81440443,14.18288089,512002,0,512002,41257
v2,ea89b79a9dfd35df20fed759e6d15c60fe01e77c,direct,octree_leafcount,flyby,5,606,606,0.4241600037,0.1720319986,0.5971519947,0.604986,1,0,-1,41337,36170,17,17,9558,26.42521427,14.15543268,512002,0,512002,41337
v2,ea89b79a9dfd35df20fed759e6d15c60fe01e77c,direct,octree_leafcount,flyby,5,607,607,0.4266240001,0.1729599983,0.6005439758,0.608099,1,0,-1,41393,36219,17,17,9578,26.44468373,14.13628206,512002,0,512002,41393
v2,ea89b79a9dfd35df20fed759e6d15c60fe01e77c,direct,octree_leafcount,flyby,5,608,608,0.4641599953,0.1711360067,0.6362239718,0.643266,1,0,-1,41329,36163,17,17,9629,26.62666261,14.15817272,512002,0,512002,41329
v2,ea89b79a9dfd35df20fed759e6d15c60fe01e77c,direct,octree_leafcount,flyby,5,609,609,0.3945280015,0.1708479971,0.566304028,0.574085,1,0,-1,40921,35806,17,17,9388,26.21906943,14.29933531,512002,0,512002,40921
v2,ea89b79a9dfd35df20fed759e6d15c60fe01e77c,direct,octree_leafcount,flyby,5,610,610,0.4263040125,0.1685760021,0.5958399773,0.603203,1,0,-1,41201,36051,17,17,9672,26.8286594,14.20215805,512002,0,512002,41201
v2,ea89b79a9dfd35df20fed759e6d15c60fe01e77c,direct,octree_leafcount,flyby,5,611,611,0.4626559913,0.1702399999,0.6337919831,0.640463,1,0,-1,41265,36107,17,17,9636,26.68734594,14.18013128,512002,0,512002,41265
v2,ea89b79a9dfd35df20fed759e6d15c60fe01e77c,direct,octree_leafcount,flyby,5,612,612,0.3873600066,0.1752319932,0.5635200143,0.570897,1,0,-1,41225,36072,17,17,9476,26.26968286,14.19389,512002,0,512002,41225
v2,ea89b79a9dfd35df20fed759e6d15c60fe01e77c,direct,octree_leafcount,flyby,5,613,613,0.428256005,0.1762239933,0.6054080129,0.612288,1,0,-1,41169,36023,17,17,9616,26.69405657,14.21319712,512002,0,512002,41169
v2,ea89b79a9dfd35df20fed759e6d15c60fe01e77c,direct,octree_leafcount,flyby,5,614,614,0.4684160054,0.1731200069,0.6424959898,0.650512,1,0,-1,40985,35862,17,17,9534,26.58524343,14.2770063,512002,0,512002,40985
v2,ea89b79a9dfd35df20fed759e6d15c60fe01e77c,direct,octree_leafcount,flyby,5,615,615,0.4253120124,0.1730879992,0.5992959738,0.606832,1,0,-1,41137,35995,17,17,9672,26.87039867,14.22425337,512002,0,512002,41137
v2,ea89b79a9dfd35df20fed759e6d15c60fe01e77c,direct,octree_leafcount,flyby,5,616,616,0.4022400081,0.1735360026,0.5767040253,0.584234,1,0,-1,41249,36093,17,17,9633,26.68938575,14.18563156,512002,0,512002,41249
v2,ea89b79a9dfd35df20fed759e6d15c60fe01e77c,direct,octree_leafcount,flyby,5,617,617,0.4648000002,0.1732800007,0.6390399933,0.646063,1,0,-1,41361,36191,17,17,9604,26.53698433,14.14721892,512002,0,512002,41361
v2,ea89b79a9dfd35df20fed759e6d15c60fe01e77c,direct,octree_leafcount,flyby,5,618,618,0.4307520092,0.1729599983,0.6046720147,0.611622,1,0,-1,41225,36072,17,17,9642,26.72987359,14.19389,512002,0,512002,41225
v2,ea89b79a9dfd35df20fed759e6d15c60fe01e77c,direct,octree_leafcount,flyby,5,619,619,0.4222719967,0.1744000018,0.5976319909,0.603387,1,0,-1,40969,35848,17,17,9566,26.68489177,14.28258201,512002,0,512002,40969
v2,ea89b79a9dfd35df20fed759e6d15c60fe01e77c,direct,octree_leafcount,flyby,5,620,620,0.4564799964,0.1709119976,0.6283519864,0.636118,1,0,-1,41001,35876,17,17,9591,26.73374958,14.27143494,512002,0,512002,41001
v2,ea89b79a9dfd35df20fed759e6d15c60fe01e77c,direct,octree_leafcount,flyby,5,621,621,0.4279679954,0.1729920059,0.601888001,0.609918,1,0,-1,41137,35995,17,17,9556,26.54813168,14.22425337,512002,0,512002,41137
v2,ea89b79a9dfd35df20fed759e6d15c60fe01e77c,direct,octree_leafcount,flyby,5,622,622,0.3970879912,0.1710399985,0.5690879822,0.576001,1,0,-1,40985,35862,17,17,9458,26.37331995,14.2770063,512002,0,512002,40985
v2,ea89b79a9dfd35df20fed759e6d15c60fe01e77c,direct,octree_leafcount,flyby,5,623,623,0.4521279931,0.1749760062,0.6280320287,0.634719,1,0,-1,41153,36009,17,17,9636,26.75997667,14.2187231,512002,0,512002,41153
v2,ea89b79a9dfd35df20fed759e6d15c60fe01e77c,direct,octree_leafcount,flyby,5,624,624,0.4314880073,0.1698880047,0.6023359895,0.609606,1,0,-1,40689,35603,17,17,9403,26.41069573,14.38086678,512002,0,512002,40689
v2,ea89b79a9dfd35df20fed759e6d15c60fe01e77c,direct,octree_leafcount,flyby,5,625,625,0.4639360011,0.1710399985,0.6359360218,0.643193,1,0,-1,41009,35883,17,17,9428,26.2742803,14.26865089,512002,0,512002,41009
v2,ea89b79a9dfd35df20fed759e6d15c60fe01e77c,direct,octree_leafcount,flyby,5,626,626,0.4249599874,0.1730560064,0.5989440084,0.606124,1,0,-1,41057,35925,17,17,9476,26.37717467,14.25196938,512002,0,512002,41057
v2,ea89b79a9dfd35df20fed759e6d15c60fe01e77c,direct,octree_leafcount,flyby,5,627,627,0.4280000031,0.1703359932,0.5992959738,0.606464,1,0,-1,40737,35645,17,17,9331,26.17758451,14.36392201,512002,0,512002,40737
v2,ea89b79a9dfd35df20fed759e6d15c60fe01e77c,direct,octree_leafcount,flyby,5,628,628,0.4579519928,0.1700479984,0.6289920211,0.63711,1,0,-1,40873,35764,17,17,9514,26.60216978,14.31612795,512002,0,512002,40873
v2,ea89b79a9dfd35df20fed759e6d15c60fe01e77c,direct,octree_leafcount,flyby,5,629,629,0.4007039964,0.1762879938,0.5779200196,0.585392,1,0,-1,40841,35736,17,17,9394,26.28721737,14.32734497,512002,0,512002,40841
v2,ea89b79a9dfd35df20fed759e6d15c60fe01e77c,direct,octree_leafcount,flyby,5,630,630,0.4258880019,0.1752640009,0.6021119952,0.609445,1,0,-1,41129,35988,17,17,9482,26.34767145,14.22702012,512002,0,512002,41129
v2,ea89b79a9dfd35df20fed759e6d15c60fe01e77c,direct,octree_leafcount,flyby,5,631,631,0.4628480077,0.1751359999,0.6389439702,0.646097,1,0,-1,41177,36030,17,17,9589,26.61393283,14.21043575,512002,0,512002,41177
v2,ea89b79a9dfd35df20fed759e6d15c60fe01e77c,direct,octree_leafcount,flyby,5,632,632,0.3891519904,0.1732160002,0.5633280277,0.570371,1,0,-1,41001,35876,17,17,9297,25.91426023,14.27143494,512002,0,512002,41001
v2,ea89b79a9dfd35df20fed759e6d15c60fe01e77c,direct,octree_leafcount,flyby,5,633,633,0.4304319918,0.1691520065,0.6005120277,0.607676,1,0,-1,40897,35785,17,17,9576,26.75981557,14.3077267,512002,0,512002,40897
v2,ea89b79a9dfd35df20fed759e6d15c60fe01e77c,direct,octree_leafcount,flyby,5,634,634,0.4539839923,0.1731840074,0.6281920075,0.635394,1,0,-1,41009,35883,17,17,9404,26.20739626,14.26865089,512002,0,512002,41009
v2,ea89b79a9dfd35df20fed759e6d15c60fe01e77c,direct,octree_leafcount,flyby,5,635,635,0.3846719861,0.1721599996,0.5577600002,0.563593,1,0,-1,41345,36177,17,17,9480,26.20449457,14.1526937,512002,0,512002,41345
v2,ea89b79a9dfd35df20fed759e6d15c60fe01e77c,direct,octree_leafcount,flyby,5,636,636,0.4196160138,0.1750719994,0.595615983,0.602156,1,0,-1,40721,35631,17,17,9437,26.48536387,14.36956583,512002,0,512002,40721
v2,ea89b79a9dfd35df20fed759e6d15c60fe01e77c,direct,octree_leafcount,flyby,5,637,637,0.4546560049,0.1721280068,0.6277120113,0.634245,1,0,-1,40801,35701,17,17,9367,26.2373603,14.341391,512002,0,512002,40801
v2,ea89b79a9dfd35df20fed759e6d15c60fe01e77c,direct,octree_leafcount,flyby,5,638,638,0.4281919897,0.1740799993,0.6032639742,0.610019,1,0,-1,40913,35799,17,17,9439,26.36665829,14.30213134,512002,0,512002,40913
v2,ea89b79a9dfd35df20fed759e6d15c60fe01e77c,direct,octree_leafcount,flyby,5,639,639,0.3915199935,0.1700479984,0.5624960065,0.569812,1,0,-1,40721,35631,17,17,9299,26.09806068,14.36956583,512002,0,512002,40721
v2,ea89b79a9dfd35df20fed759e6d15c60fe01e77c,direct,octree_leafcount,flyby,5,640,640,0.4553279877,0.1750079989,0.631295979,0.639048,1,0,-1,40633,35554,17,17,9255,26.03082635,14.40068628,512002,0,512002,40633
v2,ea89b79a9dfd35df20fed759e6d15c60fe01e77c,direct,octree_leafcount,flyby,5,641,641,0.4242880046,0.1730560064,0.5983039737,0.605704,1,0,-1,40801,35701,17,17,9485,26.56788325,14.341391,512002,0,512002,40801
v2,ea89b79a9dfd35df20fed759e6d15c60fe01e77c,direct,octree_leafcount,flyby,5,642,642,0.3938240111,0.174112007,0.5688959956,0.576624,1,0,-1,40617,35540,17,17,9277,26.10298255,14.40635903,512002,0,512002,40617
v2,ea89b79a9dfd35df20fed759e6d15c60fe01e77c,direct,octree_leafcount,flyby,5,643,643,0.4680640101,0.1747840047,0.6437439919,0.651104,1,0,-1,40993,35869,17,17,9490,26.4573866,14.27422008,512002,0,512002,40993
v2,ea89b79a9dfd35df20fed759e6d15c60fe01e77c,direct,octree_leafcount,flyby,5,644,644,0.4269759953,0.1757760048,0.6037120223,0.611396,1,0,-1,40897,35785,17,17,9546,26.67598156,14.3077267,512002,0,512002,40897
v2,ea89b79a9dfd35df20fed759e6d15c60fe01e77c,direct,octree_leafcount,flyby,5,645,645,0.4287039936,0.1737920046,0.6034240127,0.610848,1,0,-1,40729,35638,17,17,9337,26.19956226,14.36674336,512002,0,512002,40729
v2,ea89b79a9dfd35df20fed759e6d15c60fe01e77c,direct,octree_leafcount,flyby,5,646,646,0.4622400105,0.1720959991,0.6352959871,0.642654,1,0,-1,41105,35967,17,17,9661,26.86073345,14.23532683,512002,0,512002,41105
v2,ea89b79a9dfd35df20fed759e6d15c60fe01e77c,direct,octree_leafcount,flyby,5,647,647,0.4292800128,0.1689919978,0.5992640257,0.607466,1,0,-1,40881,35771,17,17,9458,26.44041262,14.31332644,512002,0,512002,40881
v2,ea89b79a9dfd35df20fed759e6d15c60fe01e77c,direct,octree_leafcount,flyby,5,648,648,0.4276480079,0.1738879979,0.6024960279,0.610223,1,0,-1,41129,35988,17,17,9460,26.28653996,14.22702012,512002,0,512002,41129
v2,ea89b79a9dfd35df20fed759e6d15c60fe01e77c,direct,octree_leafcount,flyby,5,649,649,0.4259519875,0.1750719994,0.6019520164,0.609427,1,0,-1,41217,36065,17,17,9535,26.43837516,14.19664495,512002,0,512002,41217
v2,ea89b79a9dfd35df20fed759e6d15c60fe01e77c,direct,octree_leafcount,flyby,5,650,650,0.4234879911,0.172864005,0.5972800255,0.604687,1,0,-1,40913,35799,17,17,9562,26.7102433,14.30213134,512002,0,512002,40913
v2,ea89b79a9dfd35df20fed759e6d15c60fe01e77c,direct,octree_leafcount,flyby,5,651,651,0.4563199878,0.1730560064,0.6303359866,0.640151,1,0,-1,41145,36002,17,17,9595,26.65129715,14.2214877,512002,0,512002,41145
v2,ea89b79a9dfd35df20fed759e6d15c60fe01e77c,direct,octree_leafcount,flyby,5,652,652,0.4281919897,0.1720959991,0.6012160182,0.608501,1,0,-1,41233,36079,17,17,9525,26.40039912,14.19113612,512002,0,512002,41233
v2,ea89b79a9dfd35df20fed759e6d15c60fe01e77c,direct,octree_leafcount,flyby,5,653,653,0.4245760143,0.172736004,0.5982400179,0.605993,1,0,-1,41361,36191,17,17,9539,26.35738167,14.14721892,512002,0,512002,41361
v2,ea89b79a9dfd35df20fed759e6d15c60fe01e77c,direct,octree_leafcount,flyby,5,654,654,0.4603840113,0.1737920046,0.6351360083,0.642203,1,0,-1,41033,35904,17,17,9560,26.62655971,14.26030526,512002,0,512002,41033
v2,ea89b79a9dfd35df20fed759e6d15c60fe01e77c,direct,octree_leafcount,flyby,5,655,655,0.395231992,0.1706559956,0.5668159723,0.574593,1,0,-1,40849,35743,17,17,9439,26.40796799,14.32453907,512002,0,512002,40849
v2,ea89b79a9dfd35df20fed759e6d15c60fe01e77c,direct,octree_leafcount,flyby,5,656,656,0.4326399863,0.1710080057,0.604640007,0.611593,1,0,-1,41153,36009,17,17,9579,26.60168291,14.2187231,512002,0,512002,41153
v2,ea89b79a9dfd35df20fed759e6d15c60fe01e77c,direct,octree_leafcount,flyby,5,657,657,0.4578880072,0.1708479971,0.6296319962,0.637061,1,0,-1,41353,36184,17,17,9429,26.05847889,14.14995578,512002,0,512002,41353
v2,ea89b79a9dfd35df20fed759e6d15c60fe01e77c,direct,octree_leafcount,flyby,5,658,658,0.3930880129,0.1711360067,0.5651519895,0.57274,1,0,-1,40937,35820,17,17,9251,25.82635399,14.29374651,512002,0,512002,40937
v2,ea89b79a9dfd35df20fed759e6d15c60fe01e77c,direct,octree_leafcount,flyby,5,659,659,0.4263679981,0.1730879992,0.6004160047,0.60796,1,0,-1,40953,35834,17,17,9435,26.3297427,14.28816208,512002,0,512002,40953
v2,ea89b79a9dfd35df20fed759e6d15c60fe01e77c,direct,octree_leafcount,flyby,5,660,660,0.4659839869,0.1730560064,0.6399999857,0.647365,1,0,-1,40825,35722,17,17,9344,26.15754997,14.33296008,512002,0,512002,40825
v2,ea89b79a9dfd35df20fed759e6d15c60fe01e77c,direct,octree_leafcount,flyby,5,661,661,0.4323840141,0.1751679927,0.6084799767,0.615408,1,0,-1,40977,35855,17,17,9401,26.21949519,14.27979361,512002,0,512002,40977
v2,ea89b79a9dfd35df20fed759e6d15c60fe01e77c,direct,octree_leafcount,flyby,5,662,662,0.3973760009,0.1696960032,0.5680320263,0.576118,1,0,-1,40609,35533,17,17,9406,26.47116765,14.40919708,512002,0,512002,40609
v2,ea89b79a9dfd35df20fed759e6d15c60fe01e77c,direct,octree_leafcount,flyby,5,663,663,0.4592959881,0.1696960032,0.6299520135,0.637497,1,0,-1,40921,35806,17,17,9316,26.01798581,14.29933531,512002,0,512002,40921
v2,ea89b79a9dfd35df20fed759e6d15c60fe01e77c,direct,octree_leafcount,flyby,5,664,664,0.423743993,0.1750079989,0.5997440219,0.606967,1,0,-1,40761,35666,17,17,9364,26.25469635,14.35546459,512002,0,512002,40761
v2,ea89b79a9dfd35df20fed759e6d15c60fe01e77c,direct,octree_leafcount,flyby,5,665,665,0.3980799913,0.1721280068,0.5711680055,0.578191,1,0,-1,40777,35680,17,17,9240,25.89686099,14.34983184,512002,0,512002,40777
v2,ea89b79a9dfd35df20fed759e6d15c60fe01e77c,direct,octree_leafcount,flyby,5,666,666,0.46835199,0.1722240001,0.6415039897,0.648738,1,0,-1,41033,35904,17,17,9258,25.78542781,14.26030526,512002,0,512002,41033
v2,ea89b79a9dfd35df20fed759e6d15c60fe01e77c,direct,octree_leafcount,flyby,5,667,667,0.4243519902,0.1752640009,0.6005759835,0.608197,1,0,-1,40745,35652,17,17,9339,26.19488388,14.36110176,512002,0,512002,40745
v2,ea89b79a9dfd35df20fed759e6d15c60fe01e77c,direct,octree_leafcount,flyby,5,668,668,0.3869119883,0.1729280055,0.5607680082,0.56802,1,0,-1,40849,35743,17,17,9384,26.25409171,14.32453907,512002,0,512002,40849
v2,ea89b79a9dfd35df20fed759e6d15c60fe01e77c,direct,octree_leafcount,flyby,5,669,669,0.458431989,0.1722880006,0.6316159964,0.638491,1,0,-1,41265,36107,17,17,9497,26.30237904,14.18013128,512002,0,512002,41265
v2,ea89b79a9dfd35df20fed759e6d15c60fe01e77c,direct,octree_leafcount,flyby,5,670,670,0.4238080084,0.1731519997,0.5979200006,0.605137,1,0,-1,41281,36121,17,17,9483,26.25342598,14.17463525,512002,0,512002,41281
v2,ea89b79a9dfd35df20fed759e6d15c60fe01e77c,direct,octree_leafcount,flyby,5,671,671,0.4261760116,0.1750079989,0.6021119952,0.609918,1,0,-1,41033,35904,17,17,9335,25.99988859,14.26030526,512002,0,512002,41033
v2,ea89b79a9dfd35df20fed759e6d15c60fe01e77c,direct,octree_leafcount,flyby,5,672,672,0.4661119878,0.1694400012,0.6364799738,0.643959,1,0,-1,40929,35813,17,17,9384,26.20277553,14.29654036,512002,0,512002,40929
v2,ea89b79a9dfd35df20fed759e6d15c60fe01e77c,direct,octree_leafcount,flyby,5,673,673,0.4249599874,0.1750079989,0.6009280086,0.609068,1,0,-1,41009,35883,17,17,9442,26.31329599,14.26865089,512002,0,512002,41009
v2,ea89b79a9dfd35df20fed759e6d15c60fe01e77c,direct,octree_leafcount,flyby,5,674,674,0.4593920112,0.1731200069,0.6334400177,0.641112,1,0,-1,41201,36051,17,17,9452,26.2184128,14.20215805,512002,0,512002,41201
v2,ea89b79a9dfd35df20fed759e6d15c60fe01e77c,direct,octree_leafcount,flyby,5,675,675,0.4374719858,0.1750719994,0.6134719849,0.621016,1,0,-1,41097,35960,17,17,9424,26.20689655,14.23809789,512002,0,512002,41097
v2,ea89b79a9dfd35df20fed759e6d15c60fe01e77c,direct,octree_leafcount,flyby,5,676,676,0.4253120124,0.1750400066,0.6013119817,0.609301,1,0,-1,40761,35666,17,17,9345,26.20142433,14.35546459,512002,0,512002,40761
v2,ea89b79a9dfd35df20fed759e6d15c60fe01e77c,direct,octree_leafcount,flyby,5,677,677,0.4666559994,0.1731200069,0.6407679915,0.648265,1,0,-1,40873,35764,17,17,9493,26.54345152,14.31612795,512002,0,512002,40873
v2,ea89b79a9dfd35df20fed759e6d15c60fe01e77c,direct,octree_leafcount,flyby,5,678,678,0.4286719859,0.1719679981,0.6015359759,0.609117,1,0,-1,40793,35694,17,17,9334,26.15005323,14.34420351,512002,0,512002,40793
v2,ea89b79a9dfd35df20fed759e6d15c60fe01e77c,direct,octree_leafcount,flyby,5,679,679,0.4358719885,0.1729920059,0.6097919941,0.617166,1,0,-1,40841,35736,17,17,9404,26.31520036,14.32734497,512002,0,512002,40841
v2,ea89b79a9dfd35df20fed759e6d15c60fe01e77c,direct,octree_leafcount,flyby,5,680,680,0.4630399942,0.1761920005,0.6401919723,0.647485,1,0,-1,40833,35729,17,17,9543,26.70939573,14.33015198,512002,0,512002,40833
v2,ea89b79a9dfd35df20fed759e6d15c60fe01e77c,direct,octree_leafcount,flyby,5,681,681,0.3865279853,0.1721920073,0.5596479774,0.566522,1,0,-1,40953,35834,17,17,9381,26.17904783,14.28816208,512002,0,512002,40953
v2,ea89b79a9dfd35df20fed759e6d15c60fe01e77c,direct,octree_leafcount,flyby,5,682,682,0.4249599874,0.1720319986,0.5979520082,0.604998,1,0,-1,41065,35932,17,17,9569,26.63085829,14.24919292,512002,0,512002,41065
v2,ea89b79a9dfd35df20fed759e6d15c60fe01e77c,direct,octree_leafcount,flyby,5,683,683,0.4546560049,0.1785600036,0.6341440082,0.640988,1,0,-1,41289,36128,17,17,9507,26.31476971,14.17188884,512002,0,512002,41289
v2,ea89b79a9dfd35df20fed759e6d15c60fe01e77c,direct,octree_leafcount,flyby,5,684,684,0.3965759873,0.1680960059,0.5656639934,0.57233,1,0,-1,40793,35694,17,17,9322,26.11643413,14.34420351,512002,0,512002,40793
v2,ea89b79a9dfd35df20fed759e6d15c60fe01e77c,direct,octree_leafcount,flyby,5,685,685,0.4246720076,0.1730239987,0.598623991,0.605585,1,0,-1,41033,35904,17,17,9503,26.46780303,14.26030526,512002,0,512002,41033
v2,ea89b79a9dfd35df20fed759e6d15c60fe01e77c,direct,octree_leafcount,flyby,5,686,686,0.4622400105,0.1729920059,0.6361920238,0.644755,1,0,-1,41265,36107,17,17,9403,26.04204171,14.18013128,512002,0,512002,41265
v2,ea89b79a9dfd35df20fed759e6d15c60fe01e77c,direct,octree_leafcount,flyby,5,687,687,0.3949440122,0.1729599983,0.5688319802,0.576502,1,0,-1,41313,36149,17,17,9361,25.89559877,14.16365598,512002,0,512002,41313
v2,ea89b79a9dfd35df20fed759e6d15c60fe01e77c,direct,octree_leafcount,flyby,5,688,688,0.4359680116,0.1727679968,0.609695971,0.61726,1,0,-1,40921,35806,17,17,9375,26.18276267,14.29933531,512002,0,512002,40921
v2,ea89b79a9dfd35df20fed759e6d15c60fe01e77c,direct,octree_leafcount,flyby,5,689,689,0.4605439901,0.1692799926,0.630752027,0.637714,1,0,-1,40761,35666,17,17,9326,26.1481523,14.35546459,512002,0,512002,40761
v2,ea89b79a9dfd35df20fed759e6d15c60fe01e77c,direct,octree_leafcount,flyby,5,690,690,0.4235840142,0.1731200069,0.5976319909,0.604981,1,0,-1,41177,36030,17,17,9478,26.30585623,14.21043575,512002,0,512002,41177
v2,ea89b79a9dfd35df20fed759e6d15c60fe01e77c,direct,octree_leafcount,flyby,5,691,691,0.3968000114,0.1752000004,0.5729280114,0.579679,1,0,-1,41081,35946,17,17,9394,26.13364491,14.24364324,512002,0,512002,41081
v2,ea89b79a9dfd35df20fed759e6d15c60fe01e77c,direct,octree_leafcount,flyby,5,692,692,0.4567680061,0.1712960005,0.6289920211,0.636268,1,0,-1,41217,36065,17,17,9286,25.74795508,14.19664495,512002,0,512002,41217
v2,ea89b79a9dfd35df20fed759e6d15c60fe01e77c,direct,octree_leafcount,flyby,5,693,693,0.430911988,0.169088006,0.6009600163,0.608639,1,0,-1,41137,35995,17,17,9489,26.36199472,14.22425337,512002,0,512002,41137
v2,ea89b79a9dfd35df20fed759e6d15c60fe01e77c,direct,octree_leafcount,flyby,5,694,694,0.4005759954,0.1717440039,0.5732480288,0.581153,1,0,-1,41001,35876,17,17,9297,25.91426023,14.27143494,512002,0,512002,41001
v2,ea89b79a9dfd35df20fed759e6d15c60fe01e77c,direct,octree_leafcount,flyby,5,695,695,0.462816,0.1692479998,0.6329920292,0.640414,1,0,-1,41281,36121,17,17,9410,26.05132748,14.17463525,512002,0,512002,41281
v2,ea89b79a9dfd35df20fed759e6d15c60fe01e77c,direct,octree_leafcount,flyby,5,696,696,0.4276160002,0.1731200069,0.6016960144,0.60857,1,0,-1,40897,35785,17,17,9299,25.98574822,14.3077267,512002,0,512002,40897
v2,ea89b79a9dfd35df20fed759e6d15c60fe01e77c,direct,octree_leafcount,flyby,5,697,697,0.4211840034,0.1720640063,0.5941759944,0.60152,1,0,-1,40745,35652,17,17,9109,25.54975878,14.36110176,512002,0,512002,40745
v2,ea89b79a9dfd35df20fed759e6d15c60fe01e77c,direct,octree_leafcount,flyby,5,698,698,0.4576640129,0.174112007,0.6327360272,0.640414,1,0,-1,41001,35876,17,17,9342,26.03969227,14.27143494,512002,0,512002,41001
v2,ea89b79a9dfd35df20fed759e6d15c60fe01e77c,direct,octree_leafcount,flyby,5,699,699,0.4205439985,0.1731840074,0.5946559906,0.601829,1,0,-1,41185,36037,17,17,9384,26.03990343,14.20767544,512002,0,512002,41185
v2,ea89b79a9dfd35df20fed759e6d15c60fe01e77c,direct,octree_leafcount,flyby,5,700,700,0.4302720129,0.1748480052,0.6060479879,0.613748,1,0,-1,40617,35540,17,17,9133,25.69780529,14.40635903,512002,0,512002,40617
v2,ea89b79a9dfd35df20fed759e6d15c60fe01e77c,direct,octree_leafcount,flyby,5,701,701,0.4593600035,0.1691199988,0.6294400096,0.635896,1,0,-1,40705,35617,17,17,9389,26.36100738,14.37521408,512002,0,512002,40705
v2,ea89b79a9dfd35df20fed759e6d15c60fe01e77c,direct,octree_leafcount,flyby,5,702,702,0.4235840142,0.1719360054,0.5964800119,0.60315,1,0,-1,41001,35876,17,17,9325,25.99230683,14.27143494,512002,0,512002,41001
v2,ea89b79a9dfd35df20fed759e6d15c60fe01e77c,direct,octree_leafcount,flyby,5,703,703,0.462559998,0.1729280055,0.6364480257,0.643486,1,0,-1,41089,35953,17,17,9264,25.76697355,14.24087002,512002,0,512002,41089
v2,ea89b79a9dfd35df20fed759e6d15c60fe01e77c,direct,octree_leafcount,flyby,5,704,704,0.4317120016,0.1749439985,0.6076160073,0.614755,1,0,-1,41113,35974,17,17,9320,25.90759993,14.23255685,512002,0,512002,41113
v2,ea89b79a9dfd35df20fed759e6d15c60fe01e77c,direct,octree_leafcount,flyby,5,705,705,0.4283199906,0.1748480052,0.6041600108,0.611651,1,0,-1,40721,35631,17,17,9233,25.91282872,14.36956583,512002,0,512002,40721
v2,ea89b79a9dfd35df20fed759e6d15c60fe01e77c,direct,octree_leafcount,flyby,5,706,706,0.4582720101,0.1710080057,0.6302400231,0.637776,1,0,-1,40929,35813,17,17,9354,26.11900706,14.29654036,512002,0,512002,40929
v2,ea89b79a9dfd35df20fed759e6d15c60fe01e77c,direct,octree_leafcount,flyby,5,707,707,0.3943359852,0.1729920059,0.5682560205,0.57603,1,0,-1,41089,35953,17,17,9209,25.61399605,14.24087002,512002,0,512002,41089
v2,ea89b79a9dfd35df20fed759e6d15c60fe01e77c,direct,octree_leafcount,flyby,5,708,708,0.4275520146,0.1769279987,0.6054720283,0.614054,1,0,-1,40593,35519,17,17,9088,25.58630592,14.41487654,512002,0,512002,40593
v2,ea89b79a9dfd35df20fed759e6d15c60fe01e77c,direct,octree_leafcount,flyby,5,709,709,0.4566720128,0.1744640023,0.6320639849,0.639372,1,0,-1,40785,35687,17,17,9283,26.01227338,14.34701712,512002,0,512002,40785
v2,ea89b79a9dfd35df20fed759e6d15c60fe01e77c,direct,octree_leafcount,flyby,5,710,710,0.3989759982,0.1719039977,0.5718719959,0.579842,1,0,-1,40609,35533,17,17,9149,25.74789632,14.40919708,512002,0,512002,40609
v2,ea89b79a9dfd35df20fed759e6d15c60fe01e77c,direct,octree_leafcount,flyby,5,711,711,0.4336960018,0.1740159988,0.6086400151,0.616302,1,0,-1,40769,35673,17,17,9254,25.94118801,14.35264766,512002,0,512002,40769
v2,ea89b79a9dfd35df20fed759e6d15c60fe01e77c,direct,octree_leafcount,flyby,5,712,712,0.4569920003,0.1731840074,0.6311360002,0.638452,1,0,-1,40881,35771,17,17,9183,25.67163345,14.31332644,512002,0,512002,40881
v2,ea89b79a9dfd35df20fed759e6d15c60fe01e77c,direct,octree_leafcount,flyby,5,713,713,0.4244160056,0.1760960072,0.6014400125,0.608646,1,0,-1,40345,35302,17,17,8955,25.36683474,14.50348422,512002,0,512002,40345
v2,ea89b79a9dfd35df20fed759e6d15c60fe01e77c,direct,octree_leafcount,flyby,5,714,714,0.4244480133,0.1732800007,0.5986880064,0.606354,1,0,-1,40393,35344,17,17,9154,25.89972838,14.48624943,512002,0,512002,40393
v2,ea89b79a9dfd35df20fed759e6d15c60fe01e77c,direct,octree_leafcount,flyby,5,715,715,0.4593600035,0.1730879992,0.63340801,0.640525,1,0,-1,40513,35449,17,17,9070,25.5860532,14.44334114,512002,0,512002,40513
v2,ea89b79a9dfd35df20fed759e6d15c60fe01e77c,direct,octree_leafcount,flyby,5,716,716,0.3890559971,0.1722240001,0.5622400045,0.569103,1,0,-1,40857,35750,17,17,9057,25.33426573,14.32173427,512002,0,512002,40857
v2,ea89b79a9dfd35df20fed759e6d15c60fe01e77c,direct,octree_leafcount,flyby,5,717,717,0.4335359931,0.1700479984,0.6045119762,0.611503,1,0,-1,40665,35582,17,17,9210,25.88387387,14.38935417,512002,0,512002,40665
v2,ea89b79a9dfd35df20fed759e6d15c60fe01e77c,direct,octree_leafcount,flyby,5,718,718,0.4562239945,0.1687680036,0.6259520054,0.633557,1,0,-1,40841,35736,17,17,9168,25.65480188,14.32734497,512002,0,512002,40841
v2,ea89b79a9dfd35df20fed759e6d15c60fe01e77c,direct,octree_leafcount,flyby,5,719,719,0.4593920112,0.1731200069,0.6334400177,0.641171,1,0,-1,40905,35792,17,17,9175,25.63421994,14.30492848,512002,0,512002,40905
v2,ea89b79a9dfd35df20fed759e6d15c60fe01e77c,direct,octree_leafcount,flyby,5,720,720,0.4592320025,0.176128,0.6362879872,0.644188,1,0,-1,40601,35526,17,17,9157,25.77548837,14.41203626,512002,0,512002,40601
v2,ea89b79a9dfd35df20fed759e6d15c60fe01e77c,direct,octree_leafcount,flyby,5,721,721,0.4563519955,0.1730239987,0.6342080235,0.640993,1,0,-1,40745,35652,17,17,9032,25.33378212,14.36110176,512002,0,512002,40745
v2,ea89b79a9dfd35df20fed759e6d15c60fe01e77c,direct,octree_leafcount,flyby,5,722,722,0.4274240136,0.1719039977,0.6002560258,0.607093,1,0,-1,40945,35827,17,17,9293,25.93853797,14.29095375,512002,0,512002,40945
v2,ea89b79a9dfd35df20fed759e6d15c60fe01e77c,direct,octree_leafcount,flyby,5,723,723,0.3948799968,0.1703359932,0.5661759973,0.573632,1,0,-1,40881,35771,17,17,9093,25.42003299,14.31332644,512002,0,512002,40881
v2,ea89b79a9dfd35df20fed759e6d15c60fe01e77c,direct,octree_leafcount,flyby,5,724,724,0.458303988,0.1749120057,0.6341440082,0.640737,1,0,-1,40785,35687,17,17,9071,25.41821952,14.34701712,512002,0,512002,40785
v2,ea89b79a9dfd35df20fed759e6d15c60fe01e77c,direct,octree_leafcount,flyby,5,725,725,0.4282239974,0.1728959978,0.6020479798,0.609176,1,0,-1,40873,35764,17,17,9196,25.71300749,14.31612795,512002,0,512002,40873
v2,ea89b79a9dfd35df20fed759e6d15c60fe01e77c,direct,octree_leafcount,flyby,5,726,726,0.3933759928,0.1731519997,0.5674880147,0.574565,1,0,-1,40625,35547,17,17,9063,25.49582243,14.4035221,512002,0,512002,40625
v2,ea89b79a9dfd35df20fed759e6d15c60fe01e77c,direct,octree_leafcount,flyby,5,727,727,0.4588800073,0.167840004,0.6276800036,0.634541,1,0,-1,41017,35890,17,17,9206,25.65059905,14.26586793,512002,0,512002,41017
v2,ea89b79a9dfd35df20fed759e6d15c60fe01e77c,direct,octree_leafcount,flyby,5,728,728,0.4334079921,0.1739200056,0.6082239747,0.614863,1,0,-1,40961,35841,17,17,9235,25.76658017,14.2853715,512002,0,512002,40961
v2,ea89b79a9dfd35df20fed759e6d15c60fe01e77c,direct,octree_leafcount,flyby,5,729,729,0.3843840063,0.1730560064,0.5583680272,0.563766,1,0,-1,40601,35526,17,17,9057,25.49400439,14.41203626,512002,0,512002,40601
v2,ea89b79a9dfd35df20fed759e6d15c60fe01e77c,direct,octree_leafcount,flyby,5,730,730,0.4478400052,0.1730560064,0.6218879819,0.627344,1,0,-1,40785,35687,17,17,9261,25.95062628,14.34701712,512002,0,512002,40785
v2,ea89b79a9dfd35df20fed759e6d15c60fe01e77c,direct,octree_leafcount,flyby,5,731,731,0.426752001,0.1731200069,0.6007680297,0.607701,1,0,-1,40737,35645,17,17,9147,25.66138308,14.36392201,512002,0,512002,40737
v2,ea89b79a9dfd35df20fed759e6d15c60fe01e77c,direct,octree_leafcount,flyby,5,732,732,0.4249280095,0.1687040031,0.5945919752,0.601376,1,0,-1,40825,35722,17,17,9111,25.50529086,14.33296008,512002,0,512002,40825
v2,ea89b79a9dfd35df20fed759e6d15c60fe01e77c,direct,octree_leafcount,flyby,5,733,733,0.4520319998,0.169216007,0.6222079992,0.629562,1,0,-1,40849,35743,17,17,9262,25.91276614,14.32453907,512002,0,512002,40849
v2,ea89b79a9dfd35df20fed759e6d15c60fe01e77c,direct,octree_leafcount,flyby,5,734,734,0.423743993,0.1731840074,0.5978879929,0.605588,1,0,-1,40809,35708,17,17,9248,25.89895822,14.33857959,512002,0,512002,40809
v2,ea89b79a9dfd35df20fed759e6d15c60fe01e77c,direct,octree_leafcount,flyby,5,735,735,0.4668799937,0.174879998,0.6427519917,0.650511,1,0,-1,40993,35869,17,17,9271,25.84683153,14.27422008,512002,0,512002,40993
v2,ea89b79a9dfd35df20fed759e6d15c60fe01e77c,direct,octree_leafcount,flyby,5,736,736,0.4256959856,0.1759040058,0.6025919914,0.60999,1,0,-1,40665,35582,17,17,9155,25.72930133,14.38935417,512002,0,512002,40665
v2,ea89b79a9dfd35df20fed759e6d15c60fe01e77c,direct,octree_leafcount,flyby,5,737,737,0.4212799966,0.1721280068,0.5943359733,0.601221,1,0,-1,40625,35547,17,17,9167,25.78839283,14.4035221,512002,0,512002,40625
v2,ea89b79a9dfd35df20fed759e6d15c60fe01e77c,direct,octree_leafcount,flyby,5,738,738,0.4538559914,0.1713279933,0.6261439919,0.632057,1,0,-1,41097,35960,17,17,9303,25.87041157,14.23809789,512002,0,512002,41097
v2,ea89b79a9dfd35df20fed759e6d15c60fe01e77c,direct,octree_leafcount,flyby,5,739,739,0.3841919899,0.1702719927,0.5553600192,0.561528,1,0,-1,40881,35771,17,17,9090,25.41164631,14.31332644,512002,0,512002,40881
v2,ea89b79a9dfd35df20fed759e6d15c60fe01e77c,direct,octree_leafcount,flyby,5,740,740,0.4221439958,0.1730560064,0.5961920023,0.60332,1,0,-1,40857,35750,17,17,9140,25.56643357,14.32173427,512002,0,512002,40857
v2,ea89b79a9dfd35df20fed759e6d15c60fe01e77c,direct,octree_leafcount,flyby,5,741,741,0.4638719857,0.1750079989,0.6398720145,0.646726,1,0,-1,40937,35820,17,17,9306,25.9798995,14.29374651,512002,0,512002,40937
v2,ea89b79a9dfd35df20fed759e6d15c60fe01e77c,direct,octree_leafcount,flyby,5,742,742,0.4021120071,0.1688320041,0.5718719959,0.57872,1,0,-1,40817,35715,17,17,9105,25.49349013,14.33576928,512002,0,512002,40817
v2,ea89b79a9dfd35df20fed759e6d15c60fe01e77c,direct,octree_leafcount,flyby,5,743,743,0.4264000058,0.1727039963,0.6000639796,0.607876,1,0,-1,41145,36002,17,17,9311,25.86245209,14.2214877,512002,0,512002,41145
v2,ea89b79a9dfd35df20fed759e6d15c60fe01e77c,direct,octree_leafcount,flyby,5,744,744,0.459679991,0.1751040071,0.6357120275,0.643232,1,0,-1,41033,35904,17,17,9300,25.90240642,14.26030526,512002,0,512002,41033
v2,ea89b79a9dfd35df20fed759e6d15c60fe01e77c,direct,octree_leafcount,flyby,5,745,745,0.3987840116,0.1729599983,0.5727040172,0.579987,1,0,-1,40769,35673,17,17,9168,25.70010933,14.35264766,512002,0,512002,40769
v2,ea89b79a9dfd35df20fed759e6d15c60fe01e77c,direct,octree_leafcount,flyby,5,746,746,0.4294399917,0.1691199988,0.5994880199,0.606793,1,0,-1,40833,35729,17,17,9345,26.15522405,14.33015198,512002,0,512002,40833
v2,ea89b79a9dfd35df20fed759e6d15c60fe01e77c,direct,octree_leafcount,flyby,5,747,747,0.4559360147,0.1752319932,0.6320959926,0.639701,1,0,-1,40857,35750,17,17,9227,25.80979021,14.32173427,512002,0,512002,40857
v2,ea89b79a9dfd35df20fed759e6d15c60fe01e77c,direct,octree_leafcount,flyby,5,748,748,0.3997119963,0.1740480065,0.5746880174,0.58226,1,0,-1,40857,35750,17,17,9080,25.3986014,14.32173427,512002,0,512002,40857
v2,ea89b79a9dfd35df20fed759e6d15c60fe01e77c,direct,octree_leafcount,flyby,5,749,749,0.4218559861,0.1741759926,0.5969920158,0.603765,1,0,-1,40833,35729,17,17,9304,26.04047133,14.33015198,512002,0,512002,40833
v2,ea89b79a9dfd35df20fed759e6d15c60fe01e77c,direct,octree_leafcount,flyby,5,750,750,0.4710080028,0.1740159988,0.6459519863,0.653932,1,0,-1,40665,35582,17,17,9192,25.83328649,14.38935417,512002,0,512002,40665
v2,ea89b79a9dfd35df20fed759e6d15c60fe01e77c,direct,octree_leafcount,flyby,5,751,751,0.4223040044,0.1722559929,0.5955200195,0.601395,1,0,-1,41041,35911,17,17,9251,25.76090891,14.25752555,512002,0,512002,41041
v2,ea89b79a9dfd35df20fed759e6d15c60fe01e77c,direct,octree_leafcount,flyby,5,752,752,0.3926399946,0.1719039977,0.5655040145,0.572962,1,0,-1,40889,35778,17,17,9174,25.64145564,14.31052602,512002,0,512002,40889
v2,ea89b79a9dfd35df20fed759e6d15c60fe01e77c,direct,octree_leafcount,flyby,5,753,753,0.461183995,0.1701119989,0.6322240233,0.639855,1,0,-1,40649,35568,17,17,9176,25.79847054,14.39501799,512002,0,512002,40649
v2,ea89b79a9dfd35df20fed759e6d15c60fe01e77c,direct,octree_leafcount,flyby,5,754,754,0.4269439876,0.1711360067,0.5990080237,0.606096,1,0,-1,40673,35589,17,17,9350,26.27216275,14.38652393,512002,0,512002,40673
v2,ea89b79a9dfd35df20fed759e6d15c60fe01e77c,direct,octree_leafcount,flyby,5,755,755,0.3847680092,0.1718720049,0.5575680137,0.564347,1,0,-1,40937,35820,17,17,9259,25.84868788,14.29374651,512002,0,512002,40937
v2,ea89b79a9dfd35df20fed759e6d15c60fe01e77c,direct,octree_leafcount,flyby,5,756,756,0.4501760006,0.1673920006,0.6184960008,0.624626,1,0,-1,41153,36009,17,17,9228,25.6269266,14.2187231,512002,0,512002,41153
v2,ea89b79a9dfd35df20fed759e6d15c60fe01e77c,direct,octree_leafcount,flyby,5,757,757,0.4268159866,0.1723520011,0.6000959873,0.606989,1,0,-1,40793,35694,17,17,9342,26.17246596,14.34420351,512002,0,512002,40793
v2,ea89b79a9dfd35df20fed759e6d15c60fe01e77c,direct,octree_leafcount,flyby,5,758,758,0.3935360014,0.173247993,0.5677760243,0.574677,1,0,-1,40481,35421,17,17,9145,25.81801756,14.45475848,512002,0,512002,40481
v2,ea89b79a9dfd35df20fed759e6d15c60fe01e77c,direct,octree_leafcount,flyby,5,759,759,0.461055994,0.1752959937,0.6372799873,0.644511,1,0,-1,40673,35589,17,17,9200,25.8506842,14.38652393,512002,0,512002,40673
v2,ea89b79a9dfd35df20fed759e6d15c60fe01e77c,direct,octree_leafcount,flyby,5,760,760,0.4243839979,0.1730239987,0.5983359814,0.60552,1,0,-1,40585,35512,17,17,9214,25.94615904,14.41771795,512002,0,512002,40585
v2,ea89b79a9dfd35df20fed759e6d15c60fe01e77c,direct,octree_leafcount,flyby,5,761,761,0.384288013,0.171232,0.5564479828,0.562247,1,0,-1,40361,35316,17,17,8984,25.43889455,14.49773474,512002,0,512002,40361
v2,ea89b79a9dfd35df20fed759e6d15c60fe01e77c,direct,octree_leafcount,flyby,5,762,762,0.4563840032,0.1733119935,0.6306239963,0.637476,1,0,-1,40809,35708,17,17,9182,25.71412569,14.33857959,512002,0,512002,40809
v2,ea89b79a9dfd35df20fed759e6d15c60fe01e77c,direct,octree_leafcount,flyby,5,763,763,0.4196479917,0.1722240001,0.592863977,0.600275,1,0,-1,40785,35687,17,17,9170,25.69563146,14.34701712,512002,0,512002,40785
v2,ea89b79a9dfd35df20fed759e6d15c60fe01e77c,direct,octree_leafcount,flyby,5,764,764,0.4311360121,0.1750079989,0.6070719957,0.614526,1,0,-1,40441,35386,17,17,8894,25.13423388,14.46905556,512002,0,512002,40441
v2,ea89b79a9dfd35df20fed759e6d15c60fe01e77c,direct,octree_leafcount,flyby,5,765,765,0.459807992,0.1700800061,0.6308159828,0.637573,1,0,-1,40601,35526,17,17,9174,25.82334065,14.41203626,512002,0,512002,40601
v2,ea89b79a9dfd35df20fed759e6d15c60fe01e77c,direct,octree_leafcount,flyby,5,766,766,0.4232000113,0.1700800061,0.5942400098,0.600653,1,0,-1,40745,35652,17,17,9120,25.58061259,14.36110176,512002,0,512002,40745
v2,ea89b79a9dfd35df20fed759e6d15c60fe01e77c,direct,octree_leafcount,flyby,5,767,767,0.428256005,0.1699839979,0.5992000103,0.606458,1,0,-1,40513,35449,17,17,8990,25.36037688,14.44334114,512002,0,512002,40513
v2,ea89b79a9dfd35df20fed759e6d15c60fe01e77c,direct,octree_leafcount,flyby,5,768,768,0.4639999866,0.1733119935,0.6382399797,0.64581,1,0,-1,40641,35561,17,17,9170,25.78667642,14.39785158,512002,0,512002,40641
v2,ea89b79a9dfd35df20fed759e6d15c60fe01e77c,direct,octree_leafcount,flyby,5,769,769,0.4346239865,0.1737599969,0.6093440056,0.617013,1,0,-1,40505,35442,17,17,9067,25.58264206,14.44619378,512002,0,512002,40505
v2,ea89b79a9dfd35df20fed759e6d15c60fe01e77c,direct,octree_leafcount,flyby,5,770,770,0.4702399969,0.1749439985,0.6461759806,0.654049,1,0,-1,40785,35687,17,17,8993,25.19965253,14.34701712,512002,0,512002,40785
v2,ea89b79a9dfd35df20fed759e6d15c60fe01e77c,direct,octree_leafcount,flyby,5,771,771,0.4279040098,0.1771519929,0.6060159802,0.613416,1,0,-1,40737,35645,17,17,9041,25.36400617,14.36392201,512002,0,512002,40737
v2,ea89b79a9dfd35df20fed759e6d15c60fe01e77c,direct,octree_leafcount,flyby,5,772,772,0.4234879911,0.1750400066,0.5994880199,0.607297,1,0,-1,40473,35414,17,17,8948,25.26684362,14.45761563,512002,0,512002,40473
v2,ea89b79a9dfd35df20fed759e6d15c60fe01e77c,direct,octree_leafcount,flyby,5,773,773,0.4674879909,0.1749760062,0.6434239745,0.651527,1,0,-1,40425,35372,17,17,8856,25.03675223,14.47478231,512002,0,512002,40425
v2,ea89b79a9dfd35df20fed759e6d15c60fe01e77c,direct,octree_leafcount,flyby,5,774,774,0.432671994,0.1730879992,0.6066880226,0.613958,1,0,-1,40833,35729,17,17,9002,25.19521957,14.33015198,512002,0,512002,40833
v2,ea89b79a9dfd35df20fed759e6d15c60fe01e77c,direct,octree_leafcount,flyby,5,775,775,0.4293119907,0.1743679941,0.604640007,0.61201,1,0,-1,40713,35624,17,17,8940,25.09544128,14.3723894,512002,0,512002,40713
v2,ea89b79a9dfd35df20fed759e6d15c60fe01e77c,direct,octree_leafcount,flyby,5,776,776,0.4564799964,0.1751679927,0.6326400042,0.639753,1,0,-1,40641,35561,17,17,9142,25.70793847,14.39785158,512002,0,512002,40641
v2,ea89b79a9dfd35df20fed759e6d15c60fe01e77c,direct,octree_leafcount,flyby,5,777,777,0.3915199935,0.1722559929,0.5647680163,0.571448,1,0,-1,40617,35540,17,17,8980,25.26730445,14.40635903,512002,0,512002,40617
v2,ea89b79a9dfd35df20fed759e6d15c60fe01e77c,direct,octree_leafcount,flyby,5,778,778,0.4285759926,0.1749760062,0.6045119762,0.611924,1,0,-1,40913,35799,17,17,9084,25.37501048,14.30213134,512002,0,512002,40913
v2,ea89b79a9dfd35df20fed759e6d15c60fe01e77c,direct,octree_leafcount,flyby,5,779,779,0.4538879991,0.1770559996,0.631904006,0.639138,1,0,-1,40761,35666,17,17,9105,25.52851455,14.35546459,512002,0,512002,40761
v2,ea89b79a9dfd35df20fed759e6d15c60fe01e77c,direct,octree_leafcount,flyby,5,780,780,0.4045760036,0.1722240001,0.5777279735,0.584575,1,0,-1,40633,35554,17,17,8980,25.25735501,14.40068628,512002,0,512002,40633
v2,ea89b79a9dfd35df20fed759e6d15c60fe01e77c,direct,octree_leafcount,flyby,5,781,781,0.4264000058,0.1699839979,0.5973439813,0.603801,1,0,-1,40833,35729,17,17,9132,25.55906966,14.33015198,512002,0,512002,40833
v2,ea89b79a9dfd35df20fed759e6d15c60fe01e77c,direct,octree_leafcount,flyby,5,782,782,0.4559360147,0.1761920005,0.6330879927,0.640134,1,0,-1,41033,35904,17,17,9189,25.59324866,14.26030526,512002,0,512002,41033
v2,ea89b79a9dfd35df20fed759e6d15c60fe01e77c,direct,octree_leafcount,flyby,5,783,783,0.4028159976,0.1691199988,0.572863996,0.580373,1,0,-1,40737,35645,17,17,9079,25.47061299,14.36392201,512002,0,512002,40737
v2,ea89b79a9dfd35df20fed759e6d15c60fe01e77c,direct,octree_leafcount,flyby,5,784,784,0.4293439984,0.1742080003,0.6045439839,0.612013,1,0,-1,40561,35491,17,17,9173,25.84598912,14.42624891,512002,0,512002,40561
v2,ea89b79a9dfd35df20fed759e6d15c60fe01e77c,direct,octree_leafcount,flyby,5,785,785,0.4615359902,0.1720959991,0.6345919967,0.641904,1,0,-1,40633,35554,17,17,9113,25.63143388,14.40068628,512002,0,512002,40633
v2,ea89b79a9dfd35df20fed759e6d15c60fe01e77c,direct,octree_leafcount,flyby,5,786,786,0.3942719996,0.1710720062,0.5662400126,0.573169,1,0,-1,40681,35596,17,17,9010,25.31183279,14.3836948,512002,0,512002,40681
v2,ea89b79a9dfd35df20fed759e6d15c60fe01e77c,direct,octree_leafcount,flyby,5,787,787,0.4343039989,0.1729599983,0.6082239747,0.615412,1,0,-1,40721,35631,17,17,9197,25.8117931,14.36956583,512002,0,512002,40721
v2,ea89b79a9dfd35df20fed759e6d15c60fe01e77c,direct,octree_leafcount,flyby,5,788,788,0.4677119851,0.175999999,0.6446080208,0.652224,1,0,-1,41009,35883,17,17,9145,25.485606,14.26865089,512002,0,512002,41009
v2,ea89b79a9dfd35df20fed759e6d15c60fe01e77c,direct,octree_leafcount,flyby,5,789,789,0.4269759953,0.1715199947,0.5994880199,0.607073,1,0,-1,40825,35722,17,17,9071,25.39331504,14.33296008,512002,0,512002,40825
v2,ea89b79a9dfd35df20fed759e6d15c60fe01e77c,direct,octree_leafcount,flyby,5,790,790,0.4315199852,0.1711360067,0.6036159992,0.610656,1,0,-1,40545,35477,17,17,9181,25.87873834,14.43194182,512002,0,512002,40545
v2,ea89b79a9dfd35df20fed759e6d15c60fe01e77c,direct,octree_leafcount,flyby,5,791,791,0.467200011,0.1689919978,0.6371840239,0.644641,1,0,-1,40449,35393,17,17,9154,25.86387139,14.46619388,512002,0,512002,40449
v2,ea89b79a9dfd35df20fed759e6d15c60fe01e77c,direct,octree_leafcount,flyby,5,792,792,0.4266560078,0.1752319932,0.6028159857,0.61043,1,0,-1,40753,35659,17,17,9131,25.60643877,14.35828262,512002,0,512002,40753
v2,ea89b79a9dfd35df20fed759e6d15c60fe01e77c,direct,octree_leafcount,flyby,5,793,793,0.3953279853,0.1720959991,0.5683839917,0.575803,1,0,-1,40825,35722,17,17,9179,25.69564974,14.33296008,512002,0,512002,40825
v2,ea89b79a9dfd35df20fed759e6d15c60fe01e77c,direct,octree_leafcount,flyby,5,794,794,0.4589439929,0.1761599928,0.6360960007,0.642949,1,0,-1,40649,35568,17,17,9077,25.52013045,14.39501799,512002,0,512002,40649
v2,ea89b79a9dfd35df20fed759e6d15c60fe01e77c,direct,octree_leafcount,flyby,5,795,795,0.4249919951,0.1700479984,0.5960320234,0.602772,1,0,-1,40761,35666,17,17,9266,25.97992486,14.35546459,512002,0,512002,40761
v2,ea89b79a9dfd35df20fed759e6d15c60fe01e77c,direct,octree_leafcount,flyby,5,796,796,0.3880000114,0.1722559929,0.5612159967,0.568443,1,0,-1,40865,35757,17,17,9044,25.29294963,14.31893056,512002,0,512002,40865
v2,ea89b79a9dfd35df20fed759e6d15c60fe01e77c,direct,octree_leafcount,flyby,5,797,797,0.4606080055,0.1753280014,0.6368319988,0.643739,1,0,-1,40833,35729,17,17,9057,25.34915615,14.33015198,512002,0,512002,40833
v2,ea89b79a9dfd35df20fed759e6d15c60fe01e77c,direct,octree_leafcount,flyby,5,798,798,0.4311360121,0.1710720062,0.603136003,0.609964,1,0,-1,41049,35918,17,17,9219,25.66679659,14.25474692,512002,0,512002,41049
v2,ea89b79a9dfd35df20fed759e6d15c60fe01e77c,direct,octree_leafcount,flyby,5,799,799,0.3948160112,0.1772480011,0.5730559826,0.57987,1,0,-1,40729,35638,17,17,8984,25.20904652,14.36674336,512002,0,512002,40729
v2,ea89b79a9dfd35df20fed759e6d15c60fe01e77c,direct,octree_leafcount,flyby,5,800,800,0.4594880044,0.1722559929,0.6327040195,0.639819,1,0,-1,41025,35897,17,17,9099,25.34752208,14.26308605,512002,0,512002,41025
v2,ea89b79a9dfd35df20fed759e6d15c60fe01e77c,direct,octree_leafcount,flyby,5,801,801,0.4331839979,0.1708800048,0.6049919724,0.612513,1,0,-1,40705,35617,17,17,9110,25.57767358,14.37521408,512002,0,512002,40705
v2,ea89b79a9dfd35df20fed759e6d15c60fe01e77c,direct,octree_leafcount,flyby,5,802,802,0.3993600011,0.172864005,0.5731520057,0.58073,1,0,-1,40305,35267,17,17,8868,25.14531999,14.5178779,512002,0,512002,40305
v2,ea89b79a9dfd35df20fed759e6d15c60fe01e77c,direct,octree_leafcount,flyby,5,803,803,0.4607360065,0.1742080003,0.6358720064,0.643124,1,0,-1,40585,35512,17,17,9012,25.37733724,14.41771795,512002,0,512002,40585
v2,ea89b79a9dfd35df20fed759e6d15c60fe01e77c,direct,octree_leafcount,flyby,5,804,804,0.4292480052,0.1739519984,0.6040959954,0.611446,1,0,-1,40793,35694,17,17,9022,25.27595674,14.34420351,512002,0,512002,40793
v2,ea89b79a9dfd35df20fed759e6d15c60fe01e77c,direct,octree_leafcount,flyby,5,805,805,0.4311999977,0.1681279987,0.6002879739,0.60742,1,0,-1,40305,35267,17,17,8794,24.9354921,14.5178779,512002,0,512002,40305
v2,ea89b79a9dfd35df20fed759e6d15c60fe01e77c,direct,octree_leafcount,flyby,5,806,806,0.4633280039,0.1749120057,0.6391999722,0.646796,1,0,-1,40441,35386,17,17,9010,25.46204714,14.46905556,512002,0,512002,40441
v2,ea89b79a9dfd35df20fed759e6d15c60fe01e77c,direct,octree_leafcount,flyby,5,807,807,0.4347200096,0.1741439998,0.6098240018,0.617403,1,0,-1,40297,35260,17,17,8917,25.28927964,14.52076007,512002,0,512002,40297
v2,ea89b79a9dfd35df20fed759e6d15c60fe01e77c,direct,octree_leafcount,flyby,5,808,808,0.4388799965,0.1718399972,0.6116799712,0.619748,1,0,-1,40553,35484,17,17,8873,25.00563634,14.4290948,512002,0,512002,40553
v2,ea89b79a9dfd35df20fed759e6d15c60fe01e77c,direct,octree_leafcount,flyby,5,809,809,0.458047986,0.1740480065,0.6330879927,0.641094,1,0,-1,40545,35477,17,17,9033,25.46156665,14.43194182,512002,0,512002,40545
v2,ea89b79a9dfd35df20fed759e6d15c60fe01e77c,direct,octree_leafcount,flyby,5,810,810,0.4343999922,0.175999999,0.6113920212,0.619658,1,0,-1,40409,35358,17,17,9034,25.55008767,14.4805136,512002,0,512002,40409
v2,ea89b79a9dfd35df20fed759e6d15c60fe01e77c,direct,octree_leafcount,flyby,5,811,811,0.4643520117,0.1759680063,0.6412799954,0.648827,1,0,-1,40873,35764,17,17,9117,25.49211498,14.31612795,512002,0,512002,40873
v2,ea89b79a9dfd35df20fed759e6d15c60fe01e77c,direct,octree_leafcount,flyby,5,812,812,0.4607680142,0.1729920059,0.6346880198,0.642405,1,0,-1,40681,35596,17,17,9149,25.7023261,14.3836948,512002,0,512002,40681
v2,ea89b79a9dfd35df20fed759e6d15c60fe01e77c,direct,octree_leafcount,flyby,5,813,813,0.4260480106,0.1720000058,0.598976016,0.606277,1,0,-1,40537,35470,17,17,9041,25.48914576,14.43478996,512002,0,512002,40537
v2,ea89b79a9dfd35df20fed759e6d15c60fe01e77c,direct,octree_leafcount,flyby,5,814,814,0.4609279931,0.1749439985,0.6368319988,0.644626,1,0,-1,40705,35617,17,17,9074,25.47659825,14.37521408,512002,0,512002,40705
v2,ea89b79a9dfd35df20fed759e6d15c60fe01e77c,direct,octree_leafcount,flyby,5,815,815,0.4325119853,0.1738879979,0.6073600054,0.615508,1,0,-1,40705,35617,17,17,9020,25.32498526,14.37521408,512002,0,512002,40705
v2,ea89b79a9dfd35df20fed759e6d15c60fe01e77c,direct,octree_leafcount,flyby,5,816,816,0.4219520092,0.1708479971,0.5937920213,0.601174,1,0,-1,40329,35288,17,17,8831,25.02550442,14.50923827,512002,0,512002,40329
v2,ea89b79a9dfd35df20fed759e6d15c60fe01e77c,direct,octree_leafcount,flyby,5,817,817,0.4575679898,0.1676480025,0.6262080073,0.633106,1,0,-1,40641,35561,17,17,9050,25.44922809,14.39785158,512002,0,512002,40641
v2,ea89b79a9dfd35df20fed759e6d15c60fe01e77c,direct,octree_leafcount,flyby,5,818,818,0.3988479972,0.1747840047,0.5745919943,0.581587,1,0,-1,40561,35491,17,17,8886,25.03733341,14.42624891,512002,0,512002,40561
v2,ea89b79a9dfd35df20fed759e6d15c60fe01e77c,direct,octree_leafcount,flyby,5,819,819,0.4266879857,0.1716160029,0.5992959738,0.6072,1,0,-1,40457,35400,17,17,8857,25.01977401,14.46333333,512002,0,512002,40457
v2,ea89b79a9dfd35df20fed759e6d15c60fe01e77c,direct,octree_leafcount,flyby,5,820,820,0.4564160109,0.1711360067,0.6285120249,0.636143,1,0,-1,40289,35253,17,17,9004,25.5410887,14.52364338,512002,0,512002,40289
v2,ea89b79a9dfd35df20fed759e6d15c60fe01e77c,direct,octree_leafcount,flyby,5,821,821,0.3991999924,0.1730239987,0.5731520057,0.58073,1,0,-1,40457,35400,17,17,8932,25.23163842,14.46333333,512002,0,512002,40457
v2,ea89b79a9dfd35df20fed759e6d15c60fe01e77c,direct,octree_leafcount,flyby,5,822,822,0.4261760116,0.1767680049,0.6039040089,0.61198,1,0,-1,40649,35568,17,17,8993,25.28396311,14.39501799,512002,0,512002,40649
v2,ea89b79a9dfd35df20fed759e6d15c60fe01e77c,direct,octree_leafcount,flyby,5,823,823,0.4577279985,0.1690240055,0.6277120113,0.634766,1,0,-1,40473,35414,17,17,9059,25.58027899,14.45761563,512002,0,512002,40473
v2,ea89b79a9dfd35df20fed759e6d15c60fe01e77c,direct,octree_leafcount,flyby,5,824,824,0.3993600011,0.1722240001,0.5725439787,0.579784,1,0,-1,40273,35239,17,17,8877,25.19083969,14.52941343,512002,0,512002,40273
v2,ea89b79a9dfd35df20fed759e6d15c60fe01e77c,direct,octree_leafcount,flyby,5,825,825,0.4349440038,0.1731519997,0.6090880036,0.616653,1,0,-1,40641,35561,17,17,9084,25.54483845,14.39785158,512002,0,512002,40641
v2,ea89b79a9dfd35df20fed759e6d15c60fe01e77c,direct,octree_leafcount,flyby,5,826,826,0.4616320133,0.1731200069,0.6357120275,0.643058,1,0,-1,40609,35533,17,17,9098,25.60436777,14.40919708,512002,0,512002,40609
v2,ea89b79a9dfd35df20fed759e6d15c60fe01e77c,direct,octree_leafcount,flyby,5,827,827,0.388063997,0.1718720049,0.5609279871,0.566868,1,0,-1,40265,35232,17,17,8913,25.29802452,14.53230018,512002,0,512002,40265
v2,ea89b79a9dfd35df20fed759e6d15c60fe01e77c,direct,octree_leafcount,flyby,5,828,828,0.4297600091,0.1741439998,0.6048319936,0.611904,1,0,-1,40641,35561,17,17,9102,25.5954557,14.39785158,512002,0,512002,40641
v2,ea89b79a9dfd35df20fed759e6d15c60fe01e77c,direct,octree_leafcount,flyby,5,829,829,0.4548479915,0.1751679927,0.6309760213,0.63816,1,0,-1,40705,35617,17,17,8993,25.24917876,14.37521408,512002,0,512002,40705
v2,ea89b79a9dfd35df20fed759e6d15c60fe01e77c,direct,octree_leafcount,flyby,5,830,830,0.4039359987,0.1716800034,0.5765759945,0.583753,1,0,-1,40289,35253,17,17,8842,25.08155334,14.52364338,512002,0,512002,40289
v2,ea89b79a9dfd35df20fed759e6d15c60fe01e77c,direct,octree_leafcount,flyby,5,831,831,0.425247997,0.1751679927,0.6013759971,0.608985,1,0,-1,40545,35477,17,17,9155,25.80545142,14.43194182,512002,0,512002,40545
v2,ea89b79a9dfd35df20fed759e6d15c60fe01e77c,direct,octree_leafcount,flyby,5,832,832,0.4552960098,0.1751359999,0.6313920021,0.639143,1,0,-1,40601,35526,17,17,8974,25.26037268,14.41203626,512002,0,512002,40601
v2,ea89b79a9dfd35df20fed759e6d15c60fe01e77c,direct,octree_leafcount,flyby,5,833,833,0.396607995,0.1761920005,0.573759973,0.581051,1,0,-1,40641,35561,17,17,8969,25.22145047,14.39785158,512002,0,512002,40641
v2,ea89b79a9dfd35df20fed759e6d15c60fe01e77c,direct,octree_leafcount,flyby,5,834,834,0.4289279878,0.1750400066,0.6049280167,0.611592,1,0,-1,40529,35463,17,17,9026,25.45187942,14.43763923,512002,0,512002,40529
v2,ea89b79a9dfd35df20fed759e6d15c60fe01e77c,direct,octree_leafcount,flyby,5,835,835,0.4670079947,0.1718080044,0.6398079991,0.647042,1,0,-1,40569,35498,17,17,9068,25.54510113,14.42340414,512002,0,512002,40569
v2,ea89b79a9dfd35df20fed759e6d15c60fe01e77c,direct,octree_leafcount,flyby,5,836,836,0.4277119935,0.1734080017,0.6020159721,0.609132,1,0,-1,40801,35701,17,17,9022,25.27100081,14.341391,512002,0,512002,40801
v2,ea89b79a9dfd35df20fed759e6d15c60fe01e77c,direct,octree_leafcount,flyby,5,837,837,0.3960640132,0.1770559996,0.5740479827,0.581065,1,0,-1,40505,35442,17,17,9007,25.41335139,14.44619378,512002,0,512002,40505
v2,ea89b79a9dfd35df20fed759e6d15c60fe01e77c,direct,octree_leafcount,flyby,5,838,838,0.4586879909,0.1708160043,0.6304640174,0.637773,1,0,-1,40505,35442,17,17,8947,25.24406072,14.44619378,512002,0,512002,40505
v2,ea89b79a9dfd35df20fed759e6d15c60fe01e77c,direct,octree_leafcount,flyby,5,839,839,0.4212799966,0.176128,0.5983359814,0.605795,1,0,-1,40865,35757,17,17,9134,25.5446486,14.31893056,512002,0,512002,40865
v2,ea89b79a9dfd35df20fed759e6d15c60fe01e77c,direct,octree_leafcount,flyby,5,840,840,0.3931840062,0.1747840047,0.5688959956,0.576361,1,0,-1,40729,35638,17,17,9123,25.59907963,14.36674336,512002,0,512002,40729
v2,ea89b79a9dfd35df20fed759e6d15c60fe01e77c,direct,octree_leafcount,flyby,5,841,841,0.4594880044,0.1707520038,0.6312000155,0.638711,1,0,-1,40665,35582,17,17,9018,25.3442752,14.38935417,512002,0,512002,40665
v2,ea89b79a9dfd35df20fed759e6d15c60fe01e77c,direct,octree_leafcount,flyby,5,842,842,0.428384006,0.1744319946,0.6037439704,0.611221,1,0,-1,40689,35603,17,17,9060,25.44729377,14.38086678,512002,0,512002,40689
v2,ea89b79a9dfd35df20fed759e6d15c60fe01e77c,direct,octree_leafcount,flyby,5,843,843,0.3878400028,0.171103999,0.5598719716,0.567061,1,0,-1,40649,35568,17,17,9005,25.3177013,14.39501799,512002,0,512002,40649
v2,ea89b79a9dfd35df20fed759e6d15c60fe01e77c,direct,octree_leafcount,flyby,5,844,844,0.459679991,0.1743039936,0.6348800063,0.643026,1,0,-1,40393,35344,17,17,8873,25.10468538,14.48624943,512002,0,512002,40393
v2,ea89b79a9dfd35df20fed759e6d15c60fe01e77c,direct,octree_leafcount,flyby,5,845,845,0.425247997,0.1753280014,0.6015040278,0.608707,1,0,-1,40609,35533,17,17,9053,25.47772493,14.40919708,512002,0,512002,40609
v2,ea89b79a9dfd35df20fed759e6d15c60fe01e77c,direct,octree_leafcount,flyby,5,846,846,0.3932799995,0.1752319932,0.5694400072,0.577578,1,0,-1,40417,35365,17,17,8880,25.10957161,14.47764739,512002,0,512002,40417
v2,ea89b79a9dfd35df20fed759e6d15c60fe01e77c,direct,octree_leafcount,flyby,5,847,847,0.4592320025,0.1760639995,0.6362239718,0.644475,1,0,-1,40769,35673,17,17,9007,25.2487876,14.35264766,512002,0,512002,40769
v2,ea89b79a9dfd35df20fed759e6d15c60fe01e77c,direct,octree_leafcount,flyby,5,848,848,0.4344959855,0.1730560064,0.608543992,0.616188,1,0,-1,40497,35435,17,17,9033,25.49174545,14.44904755,512002,0,512002,40497
v2,ea89b79a9dfd35df20fed759e6d15c60fe01e77c,direct,octree_leafcount,flyby,5,849,849,0.3920640051,0.1749120057,0.5679039955,0.575522,1,0,-1,40297,35260,17,17,8802,24.96313103,14.52076007,512002,0,512002,40297
v2,ea89b79a9dfd35df20fed759e6d15c60fe01e77c,direct,octree_leafcount,flyby,5,850,850,0.4570879936,0.1752319932,0.6332799792,0.640615,1,0,-1,40529,35463,17,17,8902,25.10221921,14.43763923,512002,0,512002,40529
v2,ea89b79a9dfd35df20fed759e6d15c60fe01e77c,direct,octree_leafcount,flyby,5,851,851,0.4235199988,0.1709440053,0.5953919888,0.602863,1,0,-1,40609,35533,17,17,8982,25.27791067,14.40919708,512002,0,512002,40609
v2,ea89b79a9dfd35df20fed759e6d15c60fe01e77c,direct,octree_leafcount,flyby,5,852,852,0.4047999978,0.1706880033,0.5764799714,0.58392,1,0,-1,40329,35288,17,17,8851,25.08218091,14.50923827,512002,0,512002,40329
v2,ea89b79a9dfd35df20fed759e6d15c60fe01e77c,direct,octree_leafcount,flyby,5,853,853,0.4609600008,0.1697919965,0.6316800117,0.639155,1,0,-1,40601,35526,17,17,8984,25.28852108,14.41203626,512002,0,512002,40601
v2,ea89b79a9dfd35df20fed759e6d15c60fe01e77c,direct,octree_leafcount,flyby,5,854,854,0.4308800101,0.1738879979,0.6057279706,0.614329,1,0,-1,40953,35834,17,17,9095,25.38092315,14.28816208,512002,0,512002,40953
v2,ea89b79a9dfd35df20fed759e6d15c60fe01e77c,direct,octree_leafcount,flyby,5,855,855,0.3978559971,0.1739519984,0.5727679729,0.580457,1,0,-1,40497,35435,17,17,8995,25.38450684,14.44904755,512002,0,512002,40497
v2,ea89b79a9dfd35df20fed759e6d15c60fe01e77c,direct,octree_leafcount,flyby,5,856,856,0.4628799856,0.175999999,0.6398079991,0.648191,1,0,-1,40705,35617,17,17,9073,25.47379061,14.37521408,512002,0,512002,40705
v2,ea89b79a9dfd35df20fed759e6d15c60fe01e77c,direct,octree_leafcount,flyby,5,857,857,0.4269120097,0.1689919978,0.5968639851,0.603898,1,0,-1,40905,35792,17,17,9108,25.44702727,14.30492848,512002,0,512002,40905
v2,ea89b79a9dfd35df20fed759e6d15c60fe01e77c,direct,octree_leafcount,flyby,5,858,858,0.4288319945,0.171232,0.601023972,0.607995,1,0,-1,40753,35659,17,17,8885,24.91657085,14.35828262,512002,0,512002,40753
v2,ea89b79a9dfd35df20fed759e6d15c60fe01e77c,direct,octree_leafcount,flyby,5,859,859,0.4538879991,0.1700160056,0.6248319745,0.632008,1,0,-1,40777,35680,17,17,9094,25.48766816,14.34983184,512002,0,512002,40777
v2,ea89b79a9dfd35df20fed759e6d15c60fe01e77c,direct,octree_leafcount,flyby,5,860,860,0.4271680117,0.1681279987,0.59622401,0.603187,1,0,-1,40745,35652,17,17,9089,25.49366094,14.36110176,512002,0,512002,40745
v2,ea89b79a9dfd35df20fed759e6d15c60fe01e77c,direct,octree_leafcount,flyby,5,861,861,0.4288319945,0.1698880047,0.5996800065,0.60706,1,0,-1,40961,35841,17,17,9087,25.35364527,14.2853715,512002,0,512002,40961
v2,ea89b79a9dfd35df20fed759e6d15c60fe01e77c,direct,octree_leafcount,flyby,5,862,862,0.458047986,0.1699199975,0.6289600134,0.636198,1,0,-1,40537,35470,17,17,9109,25.68085706,14.43478996,512002,0,512002,40537
v2,ea89b79a9dfd35df20fed759e6d15c60fe01e77c,direct,octree_leafcount,flyby,5,863,863,0.4287039936,0.1750719994,0.6047040224,0.611679,1,0,-1,40537,35470,17,17,9074,25.58218213,14.43478996,512002,0,512002,40537
v2,ea89b79a9dfd35df20fed759e6d15c60fe01e77c,direct,octree_leafcount,flyby,5,864,864,0.4629119933,0.1711360067,0.6350079775,0.642475,1,0,-1,40977,35855,17,17,9088,25.34653465,14.27979361,512002,0,512002,40977
v2,ea89b79a9dfd35df20fed759e6d15c60fe01e77c,direct,octree_leafcount,flyby,5,865,865,0.4209600091,0.1721920073,0.5940480232,0.601407,1,0,-1,40745,35652,17,17,9051,25.38707506,14.36110176,512002,0,512002,40745
v2,ea89b79a9dfd35df20fed759e6d15c60fe01e77c,direct,octree_leafcount,flyby,5,866,866,0.4295679927,0.1698880047,0.6004160047,0.607618,1,0,-1,40361,35316,17,17,8948,25.33695775,14.49773474,512002,0,512002,40361
v2,ea89b79a9dfd35df20fed759e6d15c60fe01e77c,direct,octree_leafcount,flyby,5,867,867,0.4629119933,0.1710720062,0.6349440217,0.641821,1,0,-1,40665,35582,17,17,9026,25.36675847,14.38935417,512002,0,512002,40665
v2,ea89b79a9dfd35df20fed759e6d15c60fe01e77c,direct,octree_leafcount,flyby,5,868,868,0.4277119935,0.1722559929,0.6008960009,0.607661,1,0,-1,40641,35561,17,17,8973,25.23269874,14.39785158,512002,0,512002,40641
v2,ea89b79a9dfd35df20fed759e6d15c60fe01e77c,direct,octree_leafcount,flyby,5,869,869,0.4266560078,0.1723839939,0.6000000238,0.606585,1,0,-1,40481,35421,17,17,8862,25.01905649,14.45475848,512002,0,512002,40481
v2,ea89b79a9dfd35df20fed759e6d15c60fe01e77c,direct,octree_leafcount,flyby,5,870,870,0.458175987,0.1701119989,0.629248023,0.636088,1,0,-1,40641,35561,17,17,8962,25.20176598,14.39785158,512002,0,512002,40641
v2,ea89b79a9dfd35df20fed759e6d15c60fe01e77c,direct,octree_leafcount,flyby,5,871,871,0.4001600146,0.171103999,0.572224021,0.579708,1,0,-1,40545,35477,17,17,8919,25.1402317,14.43194182,512002,0,512002,40545
v2,ea89b79a9dfd35df20fed759e6d15c60fe01e77c,direct,octree_leafcount,flyby,5,872,872,0.4310719967,0.171103999,0.6031039953,0.610206,1,0,-1,40521,35456,17,17,8895,25.08743231,14.44048962,512002,0,512002,40521
v2,ea89b79a9dfd35df20fed759e6d15c60fe01e77c,direct,octree_leafcount,flyby,5,873,873,0.4610239863,0.169855997,0.6318719983,0.638908,1,0,-1,40545,35477,17,17,8993,25.34881754,14.43194182,512002,0,512002,40545
v2,ea89b79a9dfd35df20fed759e6d15c60fe01e77c,direct,octree_leafcount,flyby,5,874,874,0.3935039937,0.1742080003,0.5686720014,0.575526,1,0,-1,40409,35358,17,17,8785,24.84586232,14.4805136,512002,0,512002,40409
v2,ea89b79a9dfd35df20fed759e6d15c60fe01e77c,direct,octree_leafcount,flyby,5,875,875,0.4234560132,0.1701119989,0.5944960117,0.601182,1,0,-1,40569,35498,17,17,8796,24.77886078,14.42340414,512002,0,512002,40569
v2,ea89b79a9dfd35df20fed759e6d15c60fe01e77c,direct,octree_leafcount,flyby,5,876,876,0.4583359957,0.1719360054,0.6312320232,0.637752,1,0,-1,40633,35554,17,17,8891,25.00703156,14.40068628,512002,0,512002,40633
v2,ea89b79a9dfd35df20fed759e6d15c60fe01e77c,direct,octree_leafcount,flyby,5,877,877,0.3950400054,0.1710080057,0.5670080185,0.574101,1,0,-1,40593,35519,17,17,8859,24.94158056,14.41487654,512002,0,512002,40593
v2,ea89b79a9dfd35df20fed759e6d15c60fe01e77c,direct,octree_leafcount,flyby,5,878,878,0.429663986,0.1724160016,0.6030399799,0.609762,1,0,-1,40793,35694,17,17,8907,24.95377374,14.34420351,512002,0,512002,40793
v2,ea89b79a9dfd35df20fed759e6d15c60fe01e77c,direct,octree_leafcount,flyby,5,879,879,0.4618879855,0.175999999,0.638815999,0.645714,1,0,-1,40769,35673,17,17,8991,25.20393575,14.35264766,512002,0,512002,40769
v2,ea89b79a9dfd35df20fed759e6d15c60fe01e77c,direct,octree_leafcount,flyby,5,880,880,0.3977600038,0.1730239987,0.5717440248,0.578979,1,0,-1,40297,35260,17,17,8815,25,14.52076007,512002,0,512002,40297
v2,ea89b79a9dfd35df20fed759e6d15c60fe01e77c,direct,octree_leafcount,flyby,5,881,881,0.4239360094,0.1760320067,0.6009600163,0.608673,1,0,-1,40609,35533,17,17,8941,25.16252498,14.40919708,512002,0,512002,40609
v2,ea89b79a9dfd35df20fed759e6d15c60fe01e77c,direct,octree_leafcount,flyby,5,882,882,0.4592640102,0.1708160043,0.6310719848,0.63884,1,0,-1,40641,35561,17,17,8938,25.13427631,14.39785158,512002,0,512002,40641
v2,ea89b79a9dfd35df20fed759e6d15c60fe01e77c,direct,octree_leafcount,flyby,5,883,883,0.4014079869,0.1771840006,0.5795840025,0.587441,1,0,-1,40161,35141,17,17,8732,24.8484676,14.56993256,512002,0,512002,40161
v2,ea89b79a9dfd35df20fed759e6d15c60fe01e77c,direct,octree_leafcount,flyby,5,884,884,0.4262720048,0.175999999,0.6032320261,0.61091,1,0,-1,40505,35442,17,17,8923,25.17634445,14.44619378,512002,0,512002,40505
v2,ea89b79a9dfd35df20fed759e6d15c60fe01e77c,direct,octree_leafcount,flyby,5,885,885,0.4585919976,0.1735039949,0.633055985,0.640769,1,0,-1,40793,35694,17,17,8927,25.00980557,14.34420351,512002,0,512002,40793
v2,ea89b79a9dfd35df20fed759e6d15c60fe01e77c,direct,octree_leafcount,flyby,5,886,886,0.3978559971,0.1740799993,0.572863996,0.581128,1,0,-1,40281,35246,17,17,8720,24.74039607,14.52652783,512002,0,512002,40281
v2,ea89b79a9dfd35df20fed759e6d15c60fe01e77c,direct,octree_leafcount,flyby,5,887,887,0.4315519929,0.1690559983,0.6015359759,0.608876,1,0,-1,40361,35316,17,17,9020,25.54083135,14.49773474,512002,0,512002,40361
v2,ea89b79a9dfd35df20fed759e6d15c60fe01e77c,direct,octree_leafcount,flyby,5,888,888,0.4661439955,0.1688320041,0.6359040141,0.643504,1,0,-1,40449,35393,17,17,8863,25.04167491,14.46619388,512002,0,512002,40449
v2,ea89b79a9dfd35df20fed759e6d15c60fe01e77c,direct,octree_leafcount,flyby,5,889,889,0.3908160031,0.1711360067,0.5629119873,0.570753,1,0,-1,40281,35246,17,17,8684,24.63825682,14.52652783,512002,0,512002,40281
v2,ea89b79a9dfd35df20fed759e6d15c60fe01e77c,direct,octree_leafcount,flyby,5,890,890,0.4342080057,0.1752319932,0.6104320288,0.617889,1,0,-1,40265,35232,17,17,9000,25.54495913,14.53230018,512002,0,512002,40265
v2,ea89b79a9dfd35df20fed759e6d15c60fe01e77c,direct,octree_leafcount,flyby,5,891,891,0.4671680033,0.1736640036,0.6417599916,0.649395,1,0,-1,40833,35729,17,17,9007,25.2092138,14.33015198,512002,0,512002,40833
v2,ea89b79a9dfd35df20fed759e6d15c60fe01e77c,direct,octree_leafcount,flyby,5,892,892,0.3886399865,0.1723199934,0.5619199872,0.568972,1,0,-1,40833,35729,17,17,8975,25.1196507,14.33015198,512002,0,512002,40833
v2,ea89b79a9dfd35df20fed759e6d15c60fe01e77c,direct,octree_leafcount,flyby,5,893,893,0.4311360121,0.1742720008,0.6063680053,0.613346,1,0,-1,40561,35491,17,17,9064,25.53886901,14.42624891,512002,0,512002,40561
v2,ea89b79a9dfd35df20fed759e6d15c60fe01e77c,direct,octree_leafcount,flyby,5,894,894,0.4609600008,0.1758719981,0.6378239989,0.645584,1,0,-1,40593,35519,17,17,8993,25.31884344,14.41487654,512002,0,512002,40593
v2,ea89b79a9dfd35df20fed759e6d15c60fe01e77c,direct,octree_leafcount,flyby,5,895,895,0.4275200069,0.1709119976,0.5993599892,0.606725,1,0,-1,40649,35568,17,17,8919,25.07591093,14.39501799,512002,0,512002,40649
v2,ea89b79a9dfd35df20fed759e6d15c60fe01e77c,direct,octree_leafcount,flyby,5,896,896,0.3920640051,0.1739519984,0.5670080185,0.573806,1,0,-1,40297,35260,17,17,8871,25.15882019,14.52076007,512002,0,512002,40297
v2,ea89b79a9dfd35df20fed759e6d15c60fe01e77c,direct,octree_leafcount,flyby,5,897,897,0.4569280148,0.171103999,0.6289600134,0.635458,1,0,-1,40369,35323,17,17,8849,25.05166605,14.4948617,512002,0,512002,40369
v2,ea89b79a9dfd35df20fed759e6d15c60fe01e77c,direct,octree_leafcount,flyby,5,898,898,0.4286080003,0.1740480065,0.6036159992,0.610814,1,0,-1,40393,35344,17,17,8864,25.07922137,14.48624943,512002,0,512002,40393
v2,ea89b79a9dfd35df20fed759e6d15c60fe01e77c,direct,octree_leafcount,flyby,5,899,899,0.402880013,0.1710399985,0.5748479962,0.582331,1,0,-1,40369,35323,17,17,8913,25.23285112,14.4948617,512002,0,512002,40369
v2,ea89b79a9dfd35df20fed759e6d15c60fe01e77c,direct,octree_leafcount,flyby,5,900,900,0.4602560103,0.1751359999,0.6363199949,0.643343,1,0,-1,40121,35106,17,17,8854,25.22075998,14.5844585,512002,0,512002,40121
v2,ea89b79a9dfd35df20fed759e6d15c60fe01e77c,direct,octree_leafcount,flyby,5,901,901,0.4304639995,0.1730239987,0.6044160128,0.612006,1,0,-1,40385,35337,17,17,8956,25.34453972,14.48911905,512002,0,512002,40385
v2,ea89b79a9dfd35df20fed759e6d15c60fe01e77c,direct,octree_leafcount,flyby,5,902,902,0.4345600009,0.1739519984,0.6094400287,0.617121,1,0,-1,40641,35561,17,17,8944,25.15114873,14.39785158,512002,0,512002,40641
v2,ea89b79a9dfd35df20fed759e6d15c60fe01e77c,direct,octree_leafcount,flyby,5,903,903,0.4565759897,0.1750079989,0.6325439811,0.639312,1,0,-1,40409,35358,17,17,8764,24.78646982,14.4805136,512002,0,512002,40409
v2,ea89b79a9dfd35df20fed759e6d15c60fe01e77c,direct,octree_leafcount,flyby,5,904,904,0.428256005,0.1752319932,0.6044160128,0.611734,1,0,-1,40585,35512,17,17,8940,25.17458887,14.41771795,512002,0,512002,40585
v2,ea89b79a9dfd35df20fed759e6d15c60fe01e77c,direct,octree_leafcount,flyby,5,905,905,0.4048959911,0.172864005,0.5787199736,0.585955,1,0,-1,40649,35568,17,17,8827,24.81725146,14.39501799,512002,0,512002,40649
v2,ea89b79a9dfd35df20fed759e6d15c60fe01e77c,direct,octree_leafcount,flyby,5,906,906,0.4619199932,0.1722559929,0.6351360083,0.642683,1,0,-1,40601,35526,17,17,8769,24.68333052,14.41203626,512002,0,512002,40601
v2,ea89b79a9dfd35df20fed759e6d15c60fe01e77c,direct,octree_leafcount,flyby,5,907,907,0.4276480079,0.178143993,0.6067519784,0.614474,1,0,-1,40737,35645,17,17,9036,25.34997896,14.36392201,512002,0,512002,40737
v2,ea89b79a9dfd35df20fed759e6d15c60fe01e77c,direct,octree_leafcount,flyby,5,908,908,0.4002560079,0.1750719994,0.5762879848,0.583563,1,0,-1,40457,35400,17,17,8860,25.02824859,14.46333333,512002,0,512002,40457
v2,ea89b79a9dfd35df20fed759e6d15c60fe01e77c,direct,octree_leafcount,flyby,5,909,909,0.4630399942,0.169855997,0.6338239908,0.640517,1,0,-1,40313,35274,17,17,8807,24.96739808,14.51499688,512002,0,512002,40313
v2,ea89b79a9dfd35df20fed759e6d15c60fe01e77c,direct,octree_leafcount,flyby,5,910,910,0.4300799966,0.1743360013,0.6054080129,0.612903,1,0,-1,40481,35421,17,17,8982,25.35783857,14.45475848,512002,0,512002,40481
v2,ea89b79a9dfd35df20fed759e6d15c60fe01e77c,direct,octree_leafcount,flyby,5,911,911,0.3938240111,0.1750079989,0.5698239803,0.577661,1,0,-1,40305,35267,17,17,8830,25.03757053,14.5178779,512002,0,512002,40305
v2,ea89b79a9dfd35df20fed759e6d15c60fe01e77c,direct,octree_leafcount,flyby,5,912,912,0.4544639885,0.1728000045,0.6282240152,0.635985,1,0,-1,40521,35456,17,17,8890,25.07333032,14.44048962,512002,0,512002,40521
v2,ea89b79a9dfd35df20fed759e6d15c60fe01e77c,direct,octree_leafcount,flyby,5,913,913,0.43116799,0.171103999,0.6032000184,0.610839,1,0,-1,40465,35407,17,17,8968,25.32832491,14.46047392,512002,0,512002,40465
v2,ea89b79a9dfd35df20fed759e6d15c60fe01e77c,direct,octree_leafcount,flyby,5,914,914,0.3959999979,0.1710399985,0.5679680109,0.574822,1,0,-1,40369,35323,17,17,8860,25.08280724,14.4948617,512002,0,512002,40369
v2,ea89b79a9dfd35df20fed759e6d15c60fe01e77c,direct,octree_leafcount,flyby,5,915,915,0.4586879909,0.1711679995,0.6308479905,0.637966,1,0,-1,40617,35540,17,17,9018,25.37422622,14.40635903,512002,0,512002,40617
v2,ea89b79a9dfd35df20fed759e6d15c60fe01e77c,direct,octree_leafcount,flyby,5,916,916,0.4149439931,0.1704320014,0.5863360167,0.592041,1,0,-1,40481,35421,17,17,8966,25.31266763,14.45475848,512002,0,512002,40481
v2,ea89b79a9dfd35df20fed759e6d15c60fe01e77c,direct,octree_leafcount,flyby,5,917,917,0.3950720131,0.1722559929,0.5682880282,0.575113,1,0,-1,40225,35197,17,17,8783,24.95383129,14.54675114,512002,0,512002,40225
v2,ea89b79a9dfd35df20fed759e6d15c60fe01e77c,direct,octree_leafcount,flyby,5,918,918,0.4596480131,0.1701759994,0.6308159828,0.63762,1,0,-1,40553,35484,17,17,8933,25.17472664,14.4290948,512002,0,512002,40553
v2,ea89b79a9dfd35df20fed759e6d15c60fe01e77c,direct,octree_leafcount,flyby,5,919,919,0.4225600064,0.1703040004,0.5938559771,0.600338,1,0,-1,40529,35463,17,17,8923,25.16143586,14.43763923,512002,0,512002,40529
v2,ea89b79a9dfd35df20fed759e6d15c60fe01e77c,direct,octree_leafcount,flyby,5,920,920,0.3980799913,0.1691520065,0.5681920052,0.575375,1,0,-1,40177,35155,17,17,8780,24.97511023,14.56413028,512002,0,512002,40177
v2,ea89b79a9dfd35df20fed759e6d15c60fe01e77c,direct,octree_leafcount,flyby,5,921,921,0.4620800018,0.1722240001,0.6352319717,0.642533,1,0,-1,40401,35351,17,17,8849,25.03182371,14.48338095,512002,0,512002,40401
v2,ea89b79a9dfd35df20fed759e6d15c60fe01e77c,direct,octree_leafcount,flyby,5,922,922,0.4297600091,0.1720000058,0.6026880145,0.609775,1,0,-1,40897,35785,17,17,9058,25.31228168,14.3077267,512002,0,512002,40897
v2,ea89b79a9dfd35df20fed759e6d15c60fe01e77c,direct,octree_leafcount,flyby,5,923,923,0.4314239919,0.1730560064,0.6054080129,0.612529,1,0,-1,40337,35295,17,17,8799,24.92987675,14.50636067,512002,0,512002,40337
v2,ea89b79a9dfd35df20fed759e6d15c60fe01e77c,direct,octree_leafcount,flyby,5,924,924,0.468223989,0.1720640063,0.6412479877,0.648614,1,0,-1,40313,35274,17,17,8964,25.41248512,14.51499688,512002,0,512002,40313
v2,ea89b79a9dfd35df20fed759e6d15c60fe01e77c,direct,octree_leafcount,flyby,5,925,925,0.4343999922,0.1730879992,0.6084160209,0.615651,1,0,-1,40553,35484,17,17,8960,25.25081727,14.4290948,512002,0,512002,40553
v2,ea89b79a9dfd35df20fed759e6d15c60fe01e77c,direct,octree_leafcount,flyby,5,926,926,0.4179840088,0.1743679941,0.5932800174,0.599454,1,0,-1,40337,35295,17,17,8811,24.9638759,14.50636067,512002,0,512002,40337
v2,ea89b79a9dfd35df20fed759e6d15c60fe01e77c,direct,octree_leafcount,flyby,5,927,927,0.4618879855,0.1683200002,0.6311360002,0.638143,1,0,-1,40561,35491,17,17,8948,25.21202558,14.42624891,512002,0,512002,40561
v2,ea89b79a9dfd35df20fed759e6d15c60fe01e77c,direct,octree_leafcount,flyby,5,928,928,0.4303039908,0.1711360067,0.6024000049,0.609578,1,0,-1,40521,35456,17,17,8830,24.9041065,14.44048962,512002,0,512002,40521
v2,ea89b79a9dfd35df20fed759e6d15c60fe01e77c,direct,octree_leafcount,flyby,5,929,929,0.4323520064,0.1681919992,0.6015040278,0.609125,1,0,-1,40177,35155,17,17,8646,24.59394112,14.56413028,512002,0,512002,40177
v2,ea89b79a9dfd35df20fed759e6d15c60fe01e77c,direct,octree_leafcount,flyby,5,930,930,0.4663360119,0.1721599996,0.6394559741,0.646658,1,0,-1,40185,35162,17,17,8821,25.08674137,14.56123087,512002,0,512002,40185
v2,ea89b79a9dfd35df20fed759e6d15c60fe01e77c,direct,octree_leafcount,flyby,5,931,931,0.4273599982,0.1732160002,0.6015040278,0.608791,1,0,-1,40065,35057,17,17,8670,24.73115212,14.60484354,512002,0,512002,40065
v2,ea89b79a9dfd35df20fed759e6d15c60fe01e77c,direct,octree_leafcount,flyby,5,932,932,0.4278399944,0.1748159975,0.6035519838,0.610894,1,0,-1,40177,35155,17,17,8584,24.41757929,14.56413028,512002,0,512002,40177
v2,ea89b79a9dfd35df20fed759e6d15c60fe01e77c,direct,octree_leafcount,flyby,5,933,933,0.4662399888,0.1731519997,0.640320003,0.647858,1,0,-1,40137,35120,17,17,8767,24.96298405,14.57864465,512002,0,512002,40137
v2,ea89b79a9dfd35df20fed759e6d15c60fe01e77c,direct,octree_leafcount,flyby,5,934,934,0.4318079948,0.1731519997,0.6059200168,0.613094,1,0,-1,39961,34966,17,17,8731,24.96997083,14.64285306,512002,0,512002,39961
v2,ea89b79a9dfd35df20fed759e6d15c60fe01e77c,direct,octree_leafcount,flyby,5,935,935,0.4296959937,0.1730560064,0.6037439704,0.610742,1,0,-1,40177,35155,17,17,8705,24.76176931,14.56413028,512002,0,512002,40177
v2,ea89b79a9dfd35df20fed759e6d15c60fe01e77c,direct,octree_leafcount,flyby,5,936,936,0.464064002,0.1708800048,0.6359360218,0.642474,1,0,-1,40233,35204,17,17,8808,25.0198841,14.54385865,512002,0,512002,40233
v2,ea89b79a9dfd35df20fed759e6d15c60fe01e77c,direct,octree_leafcount,flyby,5,937,937,0.4160960019,0.1721280068,0.5891199708,0.594459,1,0,-1,40089,35078,17,17,8743,24.92445407,14.59610012,512002,0,512002,40089
v2,ea89b79a9dfd35df20fed759e6d15c60fe01e77c,direct,octree_leafcount,flyby,5,938,938,0.4622400105,0.1740799993,0.6372799873,0.644289,1,0,-1,40449,35393,17,17,8830,24.94843613,14.46619388,512002,0,512002,40449
v2,ea89b79a9dfd35df20fed759e6d15c60fe01e77c,direct,octree_leafcount,flyby,5,939,939,0.4398080111,0.1706559956,0.6114240289,0.618578,1,0,-1,40441,35386,17,17,8913,25.18792743,14.46905556,512002,0,512002,40441
v2,ea89b79a9dfd35df20fed759e6d15c60fe01e77c,direct,octree_leafcount,flyby,5,940,940,0.4270400107,0.1711679995,0.5991359949,0.606342,1,0,-1,40185,35162,17,17,8822,25.08958535,14.56123087,512002,0,512002,40185
v2,ea89b79a9dfd35df20fed759e6d15c60fe01e77c,direct,octree_leafcount,flyby,5,941,941,0.4608959854,0.170975998,0.6328319907,0.639932,1,0,-1,40561,35491,17,17,8881,25.02324533,14.42624891,512002,0,512002,40561
v2,ea89b79a9dfd35df20fed759e6d15c60fe01e77c,direct,octree_leafcount,flyby,5,942,942,0.4302079976,0.1708800048,0.6020479798,0.608981,1,0,-1,40553,35484,17,17,8926,25.15499944,14.4290948,512002,0,512002,40553
v2,ea89b79a9dfd35df20fed759e6d15c60fe01e77c,direct,octree_leafcount,flyby,5,943,943,0.4334720075,0.1729280055,0.6073920131,0.614738,1,0,-1,40353,35309,17,17,8838,25.0304455,14.50060891,512002,0,512002,40353
v2,ea89b79a9dfd35df20fed759e6d15c60fe01e77c,direct,octree_leafcount,flyby,5,944,944,0.4503040016,0.1679999977,0.6192960143,0.624872,1,0,-1,40353,35309,17,17,8871,25.12390609,14.50060891,512002,0,512002,40353
v2,ea89b79a9dfd35df20fed759e6d15c60fe01e77c,direct,octree_leafcount,flyby,5,945,945,0.4254719913,0.1709440053,0.5973439813,0.604949,1,0,-1,40305,35267,17,17,8861,25.1254714,14.5178779,512002,0,512002,40305
v2,ea89b79a9dfd35df20fed759e6d15c60fe01e77c,direct,octree_leafcount,flyby,5,946,946,0.4196160138,0.1753920019,0.5960000157,0.60161,1,0,-1,40105,35092,17,17,8703,24.80052434,14.59027699,512002,0,512002,40105
v2,ea89b79a9dfd35df20fed759e6d15c60fe01e77c,direct,octree_leafcount,flyby,5,947,947,0.4485439956,0.1681919992,0.6176959872,0.623123,1,0,-1,40097,35085,17,17,8751,24.94228303,14.59318797,512002,0,512002,40097
v2,ea89b79a9dfd35df20fed759e6d15c60fe01e77c,direct,octree_leafcount,flyby,5,948,948,0.3969280124,0.1728959978,0.5708159804,0.577892,1,0,-1,40145,35127,17,17,8702,24.77296666,14.57573946,512002,0,512002,40145
v2,ea89b79a9dfd35df20fed759e6d15c60fe01e77c,direct,octree_leafcount,flyby,5,949,949,0.4269439876,0.1701119989,0.5979840159,0.604949,1,0,-1,39937,34945,17,17,8607,24.63013307,14.6516526,512002,0,512002,39937
v2,ea89b79a9dfd35df20fed759e6d15c60fe01e77c,direct,octree_leafcount,flyby,5,950,950,0.4605759978,0.1721599996,0.6336960196,0.640282,1,0,-1,40089,35078,17,17,8752,24.95011118,14.59610012,512002,0,512002,40089
v2,ea89b79a9dfd35df20fed759e6d15c60fe01e77c,direct,octree_leafcount,flyby,5,951,951,0.3969599903,0.173984006,0.5719360113,0.579076,1,0,-1,40169,35148,17,17,8679,24.69272789,14.56703084,512002,0,512002,40169
v2,ea89b79a9dfd35df20fed759e6d15c60fe01e77c,direct,octree_leafcount,flyby,5,952,952,0.4308800101,0.1783680022,0.6102079749,0.617322,1,0,-1,40017,35015,17,17,8535,24.37526774,14.62236184,512002,0,512002,40017
v2,ea89b79a9dfd35df20fed759e6d15c60fe01e77c,direct,octree_leafcount,flyby,5,953,953,0.4521279931,0.1771519929,0.6302400231,0.637373,1,0,-1,40073,35064,17,17,8793,25.07700205,14.6019279,512002,0,512002,40073
v2,ea89b79a9dfd35df20fed759e6d15c60fe01e77c,direct,octree_leafcount,flyby,5,954,954,0.3926399946,0.1764159948,0.5699840188,0.576952,1,0,-1,40169,35148,17,17,8730,24.83782861,14.56703084,512002,0,512002,40169
v2,ea89b79a9dfd35df20fed759e6d15c60fe01e77c,direct,octree_leafcount,flyby,5,955,955,0.4310080111,0.1691839993,0.6011199951,0.608388,1,0,-1,40017,35015,17,17,8661,24.73511352,14.62236184,512002,0,512002,40017
v2,ea89b79a9dfd35df20fed759e6d15c60fe01e77c,direct,octree_leafcount,flyby,5,956,956,0.4624640048,0.1700160056,0.6334400177,0.640571,1,0,-1,40057,35050,17,17,8781,25.05278174,14.60776034,512002,0,512002,40057
v2,ea89b79a9dfd35df20fed759e6d15c60fe01e77c,direct,octree_leafcount,flyby,5,957,957,0.3936960101,0.1702719927,0.5649279952,0.571475,1,0,-1,39969,34973,17,17,8597,24.58182026,14.63992223,512002,0,512002,39969
v2,ea89b79a9dfd35df20fed759e6d15c60fe01e77c,direct,octree_leafcount,flyby,5,958,958,0.4283519983,0.1703040004,0.5995839834,0.606227,1,0,-1,40273,35239,17,17,8707,24.70841965,14.52941343,512002,0,512002,40273
v2,ea89b79a9dfd35df20fed759e6d15c60fe01e77c,direct,octree_leafcount,flyby,5,959,959,0.4635199904,0.1731200069,0.6376000047,0.644717,1,0,-1,40265,35232,17,17,8795,24.96310173,14.53230018,512002,0,512002,40265
v2,ea89b79a9dfd35df20fed759e6d15c60fe01e77c,direct,octree_leafcount,flyby,5,960,960,0.4044480026,0.1730879992,0.5784959793,0.586171,1,0,-1,39793,34819,17,17,8567,24.60438266,14.70467274,512002,0,512002,39793
v2,ea89b79a9dfd35df20fed759e6d15c60fe01e77c,direct,octree_leafcount,flyby,5,961,961,0.4269759953,0.1730239987,0.6009280086,0.608548,1,0,-1,40369,35323,17,17,8864,25.0941313,14.4948617,512002,0,512002,40369
v2,ea89b79a9dfd35df20fed759e6d15c60fe01e77c,direct,octree_leafcount,flyby,5,962,962,0.4645439982,0.1710399985,0.6365439892,0.643947,1,0,-1,40489,35428,17,17,8921,25.18064807,14.45190245,512002,0,512002,40489
v2,ea89b79a9dfd35df20fed759e6d15c60fe01e77c,direct,octree_leafcount,flyby,5,963,963,0.3963840008,0.1701759994,0.5674880147,0.574249,1,0,-1,40113,35099,17,17,8791,25.04629762,14.58736716,512002,0,512002,40113
v2,ea89b79a9dfd35df20fed759e6d15c60fe01e77c,direct,octree_leafcount,flyby,5,964,964,0.4276799858,0.1702080071,0.5988479853,0.605692,1,0,-1,40313,35274,17,17,8851,25.09213585,14.51499688,512002,0,512002,40313
v2,ea89b79a9dfd35df20fed759e6d15c60fe01e77c,direct,octree_leafcount,flyby,5,965,965,0.4601919949,0.1728959978,0.6340479851,0.640621,1,0,-1,40273,35239,17,17,8860,25.14259769,14.52941343,512002,0,512002,40273
v2,ea89b79a9dfd35df20fed759e6d15c60fe01e77c,direct,octree_leafcount,flyby,5,966,966,0.391072005,0.1720319986,0.564095974,0.571078,1,0,-1,39913,34924,17,17,8731,25,14.66046272,512002,0,512002,39913
v2,ea89b79a9dfd35df20fed759e6d15c60fe01e77c,direct,octree_leafcount,flyby,5,967,967,0.4299519956,0.1743039936,0.6052160263,0.612375,1,0,-1,40065,35057,17,17,8811,25.13335425,14.60484354,512002,0,512002,40065
v2,ea89b79a9dfd35df20fed759e6d15c60fe01e77c,direct,octree_leafcount,flyby,5,968,968,0.4609279931,0.1701440066,0.6320000291,0.639123,1,0,-1,40321,35281,17,17,8953,25.37626485,14.512117,512002,0,512002,40321
v2,ea89b79a9dfd35df20fed759e6d15c60fe01e77c,direct,octree_leafcount,flyby,5,969,969,0.3967680037,0.1740480065,0.5718079805,0.57865,1,0,-1,39913,34924,17,17,8780,25.14030466,14.66046272,512002,0,512002,39913
v2,ea89b79a9dfd35df20fed759e6d15c60fe01e77c,direct,octree_leafcount,flyby,5,970,970,0.4280639887,0.1719039977,0.6009280086,0.608186,1,0,-1,40225,35197,17,17,8938,25.39420973,14.54675114,512002,0,512002,40225
v2,ea89b79a9dfd35df20fed759e6d15c60fe01e77c,direct,octree_leafcount,flyby,5,971,971,0.458431989,0.1739519984,0.6333760023,0.639937,1,0,-1,40569,35498,17,17,8928,25.15071272,14.42340414,512002,0,512002,40569
v2,ea89b79a9dfd35df20fed759e6d15c60fe01e77c,direct,octree_leafcount,flyby,5,972,972,0.3932799995,0.1720000058,0.5662720203,0.573209,1,0,-1,40209,35183,17,17,8765,24.91259984,14.55253958,512002,0,512002,40209
v2,ea89b79a9dfd35df20fed759e6d15c60fe01e77c,direct,octree_leafcount,flyby,5,973,973,0.4297919869,0.1678719968,0.598623991,0.6056,1,0,-1,40209,35183,17,17,8857,25.17408976,14.55253958,512002,0,512002,40209
v2,ea89b79a9dfd35df20fed759e6d15c60fe01e77c,direct,octree_leafcount,flyby,5,974,974,0.4647679925,0.1679680049,0.633664012,0.64096,1,0,-1,40313,35274,17,17,8844,25.07229121,14.51499688,512002,0,512002,40313
v2,ea89b79a9dfd35df20fed759e6d15c60fe01e77c,direct,octree_leafcount,flyby,5,975,975,0.3975679874,0.1720640063,0.5705599785,0.577458,1,0,-1,40057,35050,17,17,8643,24.65905849,14.60776034,512002,0,512002,40057
v2,ea89b79a9dfd35df20fed759e6d15c60fe01e77c,direct,octree_leafcount,flyby,5,976,976,0.424127996,0.1701759994,0.5952640176,0.601866,1,0,-1,40105,35092,17,17,8776,25.00854896,14.59027699,512002,0,512002,40105
v2,ea89b79a9dfd35df20fed759e6d15c60fe01e77c,direct,octree_leafcount,flyby,5,977,977,0.4621120095,0.171232,0.6342719793,0.641431,1,0,-1,40529,35463,17,17,8766,24.71872092,14.43763923,512002,0,512002,40529
v2,ea89b79a9dfd35df20fed759e6d15c60fe01e77c,direct,octree_leafcount,flyby,5,978,978,0.3970240057,0.1701759994,0.5681599975,0.575079,1,0,-1,39841,34861,17,17,8568,24.57760822,14.68695677,512002,0,512002,39841
v2,ea89b79a9dfd35df20fed759e6d15c60fe01e77c,direct,octree_leafcount,flyby,5,979,979,0.4352320135,0.1731519997,0.6093440056,0.617191,1,0,-1,39593,34644,17,17,8705,25.12700612,14.77895162,512002,0,512002,39593
v2,ea89b79a9dfd35df20fed759e6d15c60fe01e77c,direct,octree_leafcount,flyby,5,980,980,0.4528320134,0.1697600037,0.6235520244,0.629362,1,0,-1,39961,34966,17,17,8695,24.86701367,14.64285306,512002,0,512002,39961
v2,ea89b79a9dfd35df20fed759e6d15c60fe01e77c,direct,octree_leafcount,flyby,5,981,981,0.3970240057,0.1731840074,0.5711359978,0.578138,1,0,-1,39921,34931,17,17,8525,24.40525608,14.65752483,512002,0,512002,39921
v2,ea89b79a9dfd35df20fed759e6d15c60fe01e77c,direct,octree_leafcount,flyby,5,982,982,0.4281600118,0.171232,0.6003199816,0.607271,1,0,-1,39929,34938,17,17,8714,24.94132463,14.65458813,512002,0,512002,39929
v2,ea89b79a9dfd35df20fed759e6d15c60fe01e77c,direct,octree_leafcount,flyby,5,983,983,0.4652160108,0.1709440053,0.6371520162,0.644888,1,0,-1,39985,34987,17,17,8579,24.5205362,14.63406408,512002,0,512002,39985
v2,ea89b79a9dfd35df20fed759e6d15c60fe01e77c,direct,octree_leafcount,flyby,5,984,984,0.4000639915,0.1731840074,0.5741440058,0.581267,1,0,-1,40225,35197,17,17,8608,24.45662983,14.54675114,512002,0,512002,40225
v2,ea89b79a9dfd35df20fed759e6d15c60fe01e77c,direct,octree_leafcount,flyby,5,985,985,0.4359360039,0.1730239987,0.609951973,0.617895,1,0,-1,39985,34987,17,17,8781,25.0978935,14.63406408,512002,0,512002,39985
v2,ea89b79a9dfd35df20fed759e6d15c60fe01e77c,direct,octree_leafcount,flyby,5,986,986,0.4634880126,0.1697600037,0.6342080235,0.641517,1,0,-1,40361,35316,17,17,8658,24.5158002,14.49773474,512002,0,512002,40361
v2,ea89b79a9dfd35df20fed759e6d15c60fe01e77c,direct,octree_leafcount,flyby,5,987,987,0.3897280097,0.1691199988,0.5597760081,0.56735,1,0,-1,40329,35288,17,17,8577,24.30571299,14.50923827,512002,0,512002,40329
v2,ea89b79a9dfd35df20fed759e6d15c60fe01e77c,direct,octree_leafcount,flyby,5,988,988,0.4352959991,0.1728000045,0.6090239882,0.616428,1,0,-1,40273,35239,17,17,8801,24.97516956,14.52941343,512002,0,512002,40273
v2,ea89b79a9dfd35df20fed759e6d15c60fe01e77c,direct,octree_leafcount,flyby,5,989,989,0.4652160108,0.1737599969,0.6399040222,0.646972,1,0,-1,40153,35134,17,17,8720,24.81926339,14.57283543,512002,0,512002,40153
v2,ea89b79a9dfd35df20fed759e6d15c60fe01e77c,direct,octree_leafcount,flyby,5,990,990,0.3972800076,0.1732160002,0.5714560151,0.578202,1,0,-1,40249,35218,17,17,8605,24.43352831,14.53807712,512002,0,512002,40249
v2,ea89b79a9dfd35df20fed759e6d15c60fe01e77c,direct,octree_leafcount,flyby,5,991,991,0.4282239974,0.1743360013,0.6035199761,0.610295,1,0,-1,40065,35057,17,17,8808,25.12479676,14.60484354,512002,0,512002,40065
v2,ea89b79a9dfd35df20fed759e6d15c60fe01e77c,direct,octree_leafcount,flyby,5,992,992,0.4618879855,0.1679999977,0.6308479905,0.63804,1,0,-1,40193,35169,17,17,8668,24.64670591,14.55833262,512002,0,512002,40193
v2,ea89b79a9dfd35df20fed759e6d15c60fe01e77c,direct,octree_leafcount,flyby,5,993,993,0.4296000004,0.1698880047,0.6004480124,0.60762,1,0,-1,40329,35288,17,17,8700,24.65427341,14.50923827,512002,0,512002,40329
v2,ea89b79a9dfd35df20fed759e6d15c60fe01e77c,direct,octree_leafcount,flyby,5,994,994,0.4239360094,0.1747840047,0.5996800065,0.60718,1,0,-1,39921,34931,17,17,8785,25.1495806,14.65752483,512002,0,512002,39921
v2,ea89b79a9dfd35df20fed759e6d15c60fe01e77c,direct,octree_leafcount,flyby,5,995,995,0.4694400132,0.1752640009,0.6456639767,0.652914,1,0,-1,39993,34994,17,17,8703,24.86997771,14.63113677,512002,0,512002,39993
v2,ea89b79a9dfd35df20fed759e6d15c60fe01e77c,direct,octree_leafcount,flyby,5,996,996,0.4332799911,0.1790399998,0.613312006,0.621355,1,0,-1,40265,35232,17,17,8693,24.67359219,14.53230018,512002,0,512002,40265
v2,ea89b79a9dfd35df20fed759e6d15c60fe01e77c,direct,octree_leafcount,flyby,5,997,997,0.39270401,0.1760320067,0.5697280169,0.578052,1,0,-1,39849,34868,17,17,8654,24.81931857,14.68400826,512002,0,512002,39849
v2,ea89b79a9dfd35df20fed759e6d15c60fe01e77c,direct,octree_leafcount,flyby,5,998,998,0.4591679871,0.1731840074,0.6333119869,0.64087,1,0,-1,40017,35015,17,17,8614,24.60088533,14.62236184,512002,0,512002,40017
v2,ea89b79a9dfd35df20fed759e6d15c60fe01e77c,direct,octree_leafcount,flyby,5,999,999,0.4272960126,0.1698240042,0.5981119871,0.605135,1,0,-1,40337,35295,17,17,8625,24.43688908,14.50636067,512002,0,512002,40337
v2,ea89b79a9dfd35df20fed759e6d15c60fe01e77c,direct,octree_leafcount,flyby,5,1000,1000,0.4015679955,0.1769600064,0.5795199871,0.586885,1,0,-1,40081,35071,17,17,8594,24.50457643,14.59901343,512002,0,512002,40081
v2,ea89b79a9dfd35df20fed759e6d15c60fe01e77c,direct,octree_leafcount,flyby,5,1001,1001,0.4619199932,0.1680639982,0.6309760213,0.638022,1,0,-1,39833,34854,17,17,8468,24.29563321,14.68990647,512002,0,512002,39833
v2,ea89b79a9dfd35df20fed759e6d15c60fe01e77c,direct,octree_leafcount,flyby,5,1002,1002,0.423999995,0.1710399985,0.5960000157,0.601978,1,0,-1,40025,35022,17,17,8612,24.59025755,14.61943921,512002,0,512002,40025
v2,ea89b79a9dfd35df20fed759e6d15c60fe01e77c,direct,octree_leafcount,flyby,5,1003,1003,0.3938240111,0.1698880047,0.5646399856,0.571396,1,0,-1,40065,35057,17,17,8676,24.74826711,14.60484354,512002,0,512002,40065
v2,ea89b79a9dfd35df20fed759e6d15c60fe01e77c,direct,octree_leafcount,flyby,5,1004,1004,0.4563840032,0.1720319986,0.6294080019,0.636521,1,0,-1,39969,34973,17,17,8604,24.6018357,14.63992223,512002,0,512002,39969
v2,ea89b79a9dfd35df20fed759e6d15c60fe01e77c,direct,octree_leafcount,flyby,5,1005,1005,0.4279040098,0.1689919978,0.5978239775,0.605254,1,0,-1,40337,35295,17,17,8734,24.74571469,14.50636067,512002,0,512002,40337
v2,ea89b79a9dfd35df20fed759e6d15c60fe01e77c,direct,octree_leafcount,flyby,5,1006,1006,0.3919039965,0.1759359986,0.5688319802,0.576878,1,0,-1,40121,35106,17,17,8701,24.78493705,14.5844585,512002,0,512002,40121
v2,ea89b79a9dfd35df20fed759e6d15c60fe01e77c,direct,octree_leafcount,flyby,5,1007,1007,0.4567680061,0.1752959937,0.6330239773,0.640146,1,0,-1,40097,35085,17,17,8627,24.58885564,14.59318797,512002,0,512002,40097
v2,ea89b79a9dfd35df20fed759e6d15c60fe01e77c,direct,octree_leafcount,flyby,5,1008,1008,0.4297600091,0.1721599996,0.6028800011,0.610046,1,0,-1,40489,35428,17,17,8743,24.67822062,14.45190245,512002,0,512002,40489
v2,ea89b79a9dfd35df20fed759e6d15c60fe01e77c,direct,octree_leafcount,flyby,5,1009,1009,0.3968960047,0.174112007,0.5719360113,0.57933,1,0,-1,40177,35155,17,17,8728,24.82719386,14.56413028,512002,0,512002,40177
v2,ea89b79a9dfd35df20fed759e6d15c60fe01e77c,direct,octree_leafcount,flyby,5,1010,1010,0.4637120068,0.1739200056,0.6385920048,0.645756,1,0,-1,39977,34980,17,17,8596,24.57404231,14.63699257,512002,0,512002,39977
v2,ea89b79a9dfd35df20fed759e6d15c60fe01e77c,direct,octree_leafcount,flyby,5,1011,1011,0.4236479998,0.1700800061,0.5946559906,0.60122,1,0,-1,40385,35337,17,17,8749,24.75875145,14.48911905,512002,0,512002,40385
v2,ea89b79a9dfd35df20fed759e6d15c60fe01e77c,direct,octree_leafcount,flyby,5,1012,1012,0.4013440013,0.1727679968,0.5750399828,0.582874,1,0,-1,40545,35477,17,17,8741,24.63849818,14.43194182,512002,0,512002,40545
v2,ea89b79a9dfd35df20fed759e6d15c60fe01e77c,direct,octree_leafcount,flyby,5,1013,1013,0.4503999949,0.1690240055,0.6203839779,0.627535,1,0,-1,39985,34987,17,17,8599,24.57770029,14.63406408,512002,0,512002,39985
v2,ea89b79a9dfd35df20fed759e6d15c60fe01e77c,direct,octree_leafcount,flyby,5,1014,1014,0.4320639968,0.1751040071,0.6081280112,0.615264,1,0,-1,40201,35176,17,17,8821,25.07675688,14.55543552,512002,0,512002,40201
v2,ea89b79a9dfd35df20fed759e6d15c60fe01e77c,direct,octree_leafcount,flyby,5,1015,1015,0.3991999924,0.1751040071,0.5752639771,0.582895,1,0,-1,40049,35043,17,17,8767,25.01783523,14.61067831,512002,0,512002,40049
v2,ea89b79a9dfd35df20fed759e6d15c60fe01e77c,direct,octree_leafcount,flyby,5,1016,1016,0.4546880126,0.1722240001,0.6279039979,0.634044,1,0,-1,40121,35106,17,17,8654,24.6510568,14.5844585,512002,0,512002,40121
v2,ea89b79a9dfd35df20fed759e6d15c60fe01e77c,direct,octree_leafcount,flyby,5,1017,1017,0.4239040017,0.1752959937,0.600127995,0.607549,1,0,-1,39889,34903,17,17,8716,24.97206544,14.66928344,512002,0,512002,39889
v2,ea89b79a9dfd35df20fed759e6d15c60fe01e77c,direct,octree_leafcount,flyby,5,1018,1018,0.398368001,0.170975998,0.5703039765,0.577638,1,0,-1,39985,34987,17,17,8660,24.75205076,14.63406408,512002,0,512002,39985
v2,ea89b79a9dfd35df20fed759e6d15c60fe01e77c,direct,octree_leafcount,flyby,5,1019,1019,0.4602879882,0.1691520065,0.630400002,0.637576,1,0,-1,40001,35001,17,17,8630,24.65643839,14.62821062,512002,0,512002,40001
v2,ea89b79a9dfd35df20fed759e6d15c60fe01e77c,direct,octree_leafcount,flyby,5,1020,1020,0.4245440066,0.1752640009,0.6007680297,0.608032,1,0,-1,40225,35197,17,17,8736,24.82029718,14.54675114,512002,0,512002,40225
v2,ea89b79a9dfd35df20fed759e6d15c60fe01e77c,direct,octree_leafcount,flyby,5,1021,1021,0.3911040127,0.1720959991,0.5641279817,0.571444,1,0,-1,40257,35225,17,17,8652,24.56210078,14.53518808,512002,0,512002,40257
v2,ea89b79a9dfd35df20fed759e6d15c60fe01e77c,direct,octree_leafcount,flyby,5,1022,1022,0.4610880017,0.1732800007,0.6353279948,0.642731,1,0,-1,40065,35057,17,17,8474,24.17206264,14.60484354,512002,0,512002,40065
v2,ea89b79a9dfd35df20fed759e6d15c60fe01e77c,direct,octree_leafcount,flyby,5,1023,1023,0.430911988,0.1751679927,0.6070079803,0.614166,1,0,-1,40177,35155,17,17,8741,24.86417295,14.56413028,512002,0,512002,40177
v2,ea89b79a9dfd35df20fed759e6d15c60fe01e77c,direct,octree_leafcount,flyby,5,1024,1024,0.3905279934,0.1718080044,0.56329602,0.569949,1,0,-1,40201,35176,17,17,8541,24.28075961,14.55543552,512002,0,512002,40201
v2,ea89b79a9dfd35df20fed759e6d15c60fe01e77c,direct,octree_leafcount,flyby,5,1025,1025,0.4465920031,0.1714880019,0.6190080047,0.624534,1,0,-1,40153,35134,17,17,8515,24.235783,14.57283543,512002,0,512002,40153
v2,ea89b79a9dfd35df20fed759e6d15c60fe01e77c,direct,octree_leafcount,flyby,5,1026,1026,0.4158079922,0.1723839939,0.5891199708,0.594913,1,0,-1,40169,35148,17,17,8750,24.89473085,14.56703084,512002,0,512002,40169
v2,ea89b79a9dfd35df20fed759e6d15c60fe01e77c,direct,octree_leafcount,flyby,5,1027,1027,0.3864960074,0.1720959991,0.5595840216,0.565084,1,0,-1,40257,35225,17,17,8594,24.397445,14.53518808,512002,0,512002,40257
v2,ea89b79a9dfd35df20fed759e6d15c60fe01e77c,direct,octree_leafcount,flyby,5,1028,1028,0.4472959936,0.1670079976,0.6152639985,0.620488,1,0,-1,40265,35232,17,17,8584,24.36421435,14.53230018,512002,0,512002,40265
v2,ea89b79a9dfd35df20fed759e6d15c60fe01e77c,direct,octree_leafcount,flyby,5,1029,1029,0.416960001,0.1668480039,0.5847679973,0.589762,1,0,-1,40329,35288,17,17,8802,24.94332351,14.50923827,512002,0,512002,40329
v2,ea89b79a9dfd35df20fed759e6d15c60fe01e77c,direct,octree_leafcount,flyby,5,1030,1030,0.3830719888,0.1668799967,0.5509439707,0.555888,1,0,-1,40241,35211,17,17,8699,24.70534776,14.54096731,512002,0,512002,40241
v2,ea89b79a9dfd35df20fed759e6d15c60fe01e77c,direct,octree_leafcount,flyby,5,1031,1031,0.4484159946,0.174112007,0.6234560013,0.628946,1,0,-1,40273,35239,17,17,8615,24.44734527,14.52941343,512002,0,512002,40273
v2,ea89b79a9dfd35df20fed759e6d15c60fe01e77c,direct,octree_leafcount,flyby,5,1032,1032,0.4176320136,0.1703680009,0.5889599919,0.594619,1,0,-1,40113,35099,17,17,8823,25.1374683,14.58736716,512002,0,512002,40113
v2,ea89b79a9dfd35df20fed759e6d15c60fe01e77c,direct,octree_leafcount,flyby,5,1033,1033,0.3852159977,0.1743679941,0.560544014,0.566459,1,0,-1,39961,34966,17,17,8588,24.56100212,14.64285306,512002,0,512002,39961
v2,ea89b79a9dfd35df20fed759e6d15c60fe01e77c,direct,octree_leafcount,flyby,5,1034,1034,0.4434559941,0.1703999937,0.6148480177,0.620566,1,0,-1,40073,35064,17,17,8606,24.54369154,14.6019279,512002,0,512002,40073
v2,ea89b79a9dfd35df20fed759e6d15c60fe01e77c,direct,octree_leafcount,flyby,5,1035,1035,0.4222080112,0.1733119935,0.5964800119,0.603089,1,0,-1,40153,35134,17,17,8790,25.0185006,14.57283543,512002,0,512002,40153
v2,ea89b79a9dfd35df20fed759e6d15c60fe01e77c,direct,octree_leafcount,flyby,5,1036,1036,0.39398399,0.1698240042,0.564800024,0.571237,1,0,-1,40081,35071,17,17,8614,24.5616036,14.59901343,512002,0,512002,40081
v2,ea89b79a9dfd35df20fed759e6d15c60fe01e77c,direct,octree_leafcount,flyby,5,1037,1037,0.4492799938,0.1754879951,0.6256960034,0.631824,1,0,-1,40273,35239,17,17,8630,24.48991175,14.52941343,512002,0,512002,40273
v2,ea89b79a9dfd35df20fed759e6d15c60fe01e77c,direct,octree_leafcount,flyby,5,1038,1038,0.4342719913,0.1731519997,0.6084160209,0.616412,1,0,-1,40041,35036,17,17,8747,24.96574951,14.61359744,512002,0,512002,40041
v2,ea89b79a9dfd35df20fed759e6d15c60fe01e77c,direct,octree_leafcount,flyby,5,1039,1039,0.3940159976,0.173984006,0.5689280033,0.576563,1,0,-1,39937,34945,17,17,8593,24.59007011,14.6516526,512002,0,512002,39937
v2,ea89b79a9dfd35df20fed759e6d15c60fe01e77c,direct,octree_leafcount,flyby,5,1040,1040,0.4632639885,0.1751040071,0.6392959952,0.647985,1,0,-1,40057,35050,17,17,8600,24.5363766,14.60776034,512002,0,512002,40057
v2,ea89b79a9dfd35df20fed759e6d15c60fe01e77c,direct,octree_leafcount,flyby,5,1041,1041,0.4287999868,0.1730879992,0.6028479934,0.61041,1,0,-1,40129,35113,17,17,8695,24.76290832,14.58155099,512002,0,512002,40129
v2,ea89b79a9dfd35df20fed759e6d15c60fe01e77c,direct,octree_leafcount,flyby,5,1042,1042,0.3988159895,0.1687680036,0.5685120225,0.576641,1,0,-1,40113,35099,17,17,8585,24.45938631,14.58736716,512002,0,512002,40113
v2,ea89b79a9dfd35df20fed759e6d15c60fe01e77c,direct,octree_leafcount,flyby,5,1043,1043,0.4587199986,0.1772480011,0.6369280219,0.64389,1,0,-1,40529,35463,17,17,8760,24.70180188,14.43763923,512002,0,512002,40529
v2,ea89b79a9dfd35df20fed759e6d15c60fe01e77c,direct,octree_leafcount,flyby,5,1044,1044,0.4321599901,0.176128,0.6092799902,0.616796,1,0,-1,40449,35393,17,17,8880,25.089707,14.46619388,512002,0,512002,40449
v2,ea89b79a9dfd35df20fed759e6d15c60fe01e77c,direct,octree_leafcount,flyby,5,1045,1045,0.3966400027,0.1721599996,0.5697280169,0.576711,1,0,-1,40217,35190,17,17,8766,24.91048593,14.54964479,512002,0,512002,40217
v2,ea89b79a9dfd35df20fed759e6d15c60fe01e77c,direct,octree_leafcount,flyby,5,1046,1046,0.4660159945,0.1721599996,0.6391680241,0.646708,1,0,-1,40625,35547,17,17,8806,24.77283596,14.4035221,512002,0,512002,40625
v2,ea89b79a9dfd35df20fed759e6d15c60fe01e77c,direct,octree_leafcount,flyby,5,1047,1047,0.4282239974,0.1753920019,0.6045759916,0.61179,1,0,-1,40457,35400,17,17,8928,25.22033898,14.46333333,512002,0,512002,40457
v2,ea89b79a9dfd35df20fed759e6d15c60fe01e77c,direct,octree_leafcount,flyby,5,1048,1048,0.3894079924,0.176256001,0.5665919781,0.573732,1,0,-1,40305,35267,17,17,8736,24.77103241,14.5178779,512002,0,512002,40305
v2,ea89b79a9dfd35df20fed759e6d15c60fe01e77c,direct,octree_leafcount,flyby,5,1049,1049,0.4516479969,0.1722559929,0.6248319745,0.630837,1,0,-1,40489,35428,17,17,8807,24.85886869,14.45190245,512002,0,512002,40489
v2,ea89b79a9dfd35df20fed759e6d15c60fe01e77c,direct,octree_leafcount,flyby,5,1050,1050,0.4167680144,0.1683200002,0.586048007,0.591544,1,0,-1,40225,35197,17,17,8859,25.16975879,14.54675114,512002,0,512002,40225
v2,ea89b79a9dfd35df20fed759e6d15c60fe01e77c,direct,octree_leafcount,flyby,5,1051,1051,0.4255999923,0.1733440012,0.5999040008,0.606685,1,0,-1,40201,35176,17,17,8638,24.55651581,14.55543552,512002,0,512002,40201
v2,ea89b79a9dfd35df20fed759e6d15c60fe01e77c,direct,octree_leafcount,flyby,5,1052,1052,0.4492479861,0.1713279933,0.6215040088,0.627363,1,0,-1,40497,35435,17,17,8710,24.5802173,14.44904755,512002,0,512002,40497
v2,ea89b79a9dfd35df20fed759e6d15c60fe01e77c,direct,octree_leafcount,flyby,5,1053,1053,0.431039989,0.1708479971,0.6028479934,0.609601,1,0,-1,40193,35169,17,17,8784,24.97654184,14.55833262,512002,0,512002,40193
v2,ea89b79a9dfd35df20fed759e6d15c60fe01e77c,direct,octree_leafcount,flyby,5,1054,1054,0.3994559944,0.1732160002,0.5736320019,0.580885,1,0,-1,40097,35085,17,17,8701,24.79977198,14.59318797,512002,0,512002,40097
v2,ea89b79a9dfd35df20fed759e6d15c60fe01e77c,direct,octree_leafcount,flyby,5,1055,1055,0.4615359902,0.1700479984,0.6325119734,0.639489,1,0,-1,40073,35064,17,17,8676,24.74332649,14.6019279,512002,0,512002,40073
v2,ea89b79a9dfd35df20fed759e6d15c60fe01e77c,direct,octree_leafcount,flyby,5,1056,1056,0.425375998,0.1678719968,0.5942080021,0.601413,1,0,-1,39913,34924,17,17,8761,25.08590081,14.66046272,512002,0,512002,39913
v2,ea89b79a9dfd35df20fed759e6d15c60fe01e77c,direct,octree_leafcount,flyby,5,1057,1057,0.3913919926,0.1701440066,0.5625280142,0.569432,1,0,-1,39961,34966,17,17,8554,24.4637648,14.64285306,512002,0,512002,39961
v2,ea89b79a9dfd35df20fed759e6d15c60fe01e77c,direct,octree_leafcount,flyby,5,1058,1058,0.448608011,0.1711360067,0.6207360029,0.626502,1,0,-1,40377,35330,17,17,8721,24.68440419,14.49198981,512002,0,512002,40377
v2,ea89b79a9dfd35df20fed759e6d15c60fe01e77c,direct,octree_leafcount,flyby,5,1059,1059,0.434175998,0.1729920059,0.6080960035,0.615307,1,0,-1,40217,35190,17,17,8872,25.21170787,14.54964479,512002,0,512002,40217
v2,ea89b79a9dfd35df20fed759e6d15c60fe01e77c,direct,octree_leafcount,flyby,5,1060,1060,0.3913919926,0.1730879992,0.5654079914,0.572868,1,0,-1,39921,34931,17,17,8621,24.68008359,14.65752483,512002,0,512002,39921
v2,ea89b79a9dfd35df20fed759e6d15c60fe01e77c,direct,octree_leafcount,flyby,5,1061,1061,0.4632000029,0.1723199934,0.6364480257,0.643186,1,0,-1,40169,35148,17,17,8627,24.54478206,14.56703084,512002,0,512002,40169
v2,ea89b79a9dfd35df20fed759e6d15c60fe01e77c,direct,octree_leafcount,flyby,5,1062,1062,0.4243519902,0.1696639955,0.5949440002,0.60235,1,0,-1,40225,35197,17,17,8796,24.99076626,14.54675114,512002,0,512002,40225
v2,ea89b79a9dfd35df20fed759e6d15c60fe01e77c,direct,octree_leafcount,flyby,5,1063,1063,0.40150401,0.1721280068,0.5745599866,0.581695,1,0,-1,40225,35197,17,17,8672,24.63846351,14.54675114,512002,0,512002,40225
v2,ea89b79a9dfd35df20fed759e6d15c60fe01e77c,direct,octree_leafcount,flyby,5,1064,1064,0.4548799992,0.170975998,0.6268159747,0.633708,1,0,-1,40537,35470,17,17,8765,24.7110234,14.43478996,512002,0,512002,40537
v2,ea89b79a9dfd35df20fed759e6d15c60fe01e77c,direct,octree_leafcount,flyby,5,1065,1065,0.4297919869,0.1728959978,0.6036159992,0.610618,1,0,-1,40361,35316,17,17,8806,24.93487371,14.49773474,512002,0,512002,40361
v2,ea89b79a9dfd35df20fed759e6d15c60fe01e77c,direct,octree_leafcount,flyby,5,1066,1066,0.392479986,0.1740480065,0.5674880147,0.575367,1,0,-1,40073,35064,17,17,8620,24.58361853,14.6019279,512002,0,512002,40073
v2,ea89b79a9dfd35df20fed759e6d15c60fe01e77c,direct,octree_leafcount,flyby,5,1067,1067,0.461055994,0.1728319973,0.6348159909,0.642361,1,0,-1,40257,35225,17,17,8739,24.80908446,14.53518808,512002,0,512002,40257
v2,ea89b79a9dfd35df20fed759e6d15c60fe01e77c,direct,octree_leafcount,flyby,5,1068,1068,0.4195840061,0.1678079963,0.5883520246,0.595509,1,0,-1,40337,35295,17,17,8807,24.95254285,14.50636067,512002,0,512002,40337
v2,ea89b79a9dfd35df20fed759e6d15c60fe01e77c,direct,octree_leafcount,flyby,5,1069,1069,0.3939520121,0.1708160043,0.5657280087,0.573041,1,0,-1,40081,35071,17,17,8587,24.48461692,14.59901343,512002,0,512002,40081
v2,ea89b79a9dfd35df20fed759e6d15c60fe01e77c,direct,octree_leafcount,flyby,5,1070,1070,0.4561919868,0.1719039977,0.6289920211,0.636654,1,0,-1,40321,35281,17,17,8621,24.43524843,14.512117,512002,0,512002,40321
v2,ea89b79a9dfd35df20fed759e6d15c60fe01e77c,direct,octree_leafcount,flyby,5,1071,1071,0.4262079895,0.1721599996,0.5993599892,0.605952,1,0,-1,39945,34952,17,17,8722,24.95422293,14.64871824,512002,0,512002,39945
v2,ea89b79a9dfd35df20fed759e6d15c60fe01e77c,direct,octree_leafcount,flyby,5,1072,1072,0.3957119882,0.1729280055,0.5695999861,0.576671,1,0,-1,39921,34931,17,17,8480,24.27643068,14.65752483,512002,0,512002,39921
v2,ea89b79a9dfd35df20fed759e6d15c60fe01e77c,direct,octree_leafcount,flyby,5,1073,1073,0.4620800018,0.1701759994,0.6331840158,0.64015,1,0,-1,40441,35386,17,17,8610,24.33165659,14.46905556,512002,0,512002,40441
v2,ea89b79a9dfd35df20fed759e6d15c60fe01e77c,direct,octree_leafcount,flyby,5,1074,1074,0.4300799966,0.1709440053,0.601984024,0.609002,1,0,-1,40369,35323,17,17,8684,24.58454831,14.4948617,512002,0,512002,40369
v2,ea89b79a9dfd35df20fed759e6d15c60fe01e77c,direct,octree_leafcount,flyby,5,1075,1075,0.3922879994,0.1752000004,0.5684800148,0.575816,1,0,-1,39993,34994,17,17,8472,24.20986455,14.63113677,512002,0,512002,39993
v2,ea89b79a9dfd35df20fed759e6d15c60fe01e77c,direct,octree_leafcount,flyby,5,1076,1076,0.4648320079,0.1697919965,0.6355519891,0.643878,1,0,-1,40297,35260,17,17,8642,24.50935905,14.52076007,512002,0,512002,40297
v2,ea89b79a9dfd35df20fed759e6d15c60fe01e77c,direct,octree_leafcount,flyby,5,1077,1077,0.4249280095,0.172608003,0.5984960198,0.605543,1,0,-1,40105,35092,17,17,8606,24.52410806,14.59027699,512002,0,512002,40105
v2,ea89b79a9dfd35df20fed759e6d15c60fe01e77c,direct,octree_leafcount,flyby,5,1078,1078,0.3960640132,0.174112007,0.5711359978,0.579701,1,0,-1,39697,34735,17,17,8430,24.26946884,14.74023319,512002,0,512002,39697
v2,ea89b79a9dfd35df20fed759e6d15c60fe01e77c,direct,octree_leafcount,flyby,5,1079,1079,0.4586879909,0.1736640036,0.6332799792,0.64095,1,0,-1,40097,35085,17,17,8581,24.45774548,14.59318797,512002,0,512002,40097
v2,ea89b79a9dfd35df20fed759e6d15c60fe01e77c,direct,octree_leafcount,flyby,5,1080,1080,0.4288960099,0.1777919978,0.6075839996,0.615414,1,0,-1,40049,35043,17,17,8610,24.56981423,14.61067831,512002,0,512002,40049
v2,ea89b79a9dfd35df20fed759e6d15c60fe01e77c,direct,octree_leafcount,flyby,5,1081,1081,0.394208014,0.1718080044,0.5670080185,0.574558,1,0,-1,39825,34847,17,17,8505,24.40669211,14.69285735,512002,0,512002,39825
v2,ea89b79a9dfd35df20fed759e6d15c60fe01e77c,direct,octree_leafcount,flyby,5,1082,1082,0.4544320107,0.1731200069,0.6285120249,0.635831,1,0,-1,40137,35120,17,17,8617,24.53587699,14.57864465,512002,0,512002,40137
v2,ea89b79a9dfd35df20fed759e6d15c60fe01e77c,direct,octree_leafcount,flyby,5,1083,1083,0.4306240082,0.1720959991,0.6036480069,0.610299,1,0,-1,40169,35148,17,17,8759,24.92033686,14.56703084,512002,0,512002,40169
v2,ea89b79a9dfd35df20fed759e6d15c60fe01e77c,direct,octree_leafcount,flyby,5,1084,1084,0.3864639997,0.1722240001,0.5596160293,0.566845,1,0,-1,39713,34749,17,17,8509,24.4870356,14.73429451,512002,0,512002,39713
v2,ea89b79a9dfd35df20fed759e6d15c60fe01e77c,direct,octree_leafcount,flyby,5,1085,1085,0.4631040096,0.1730560064,0.6371200085,0.644898,1,0,-1,39889,34903,17,17,8465,24.25292955,14.66928344,512002,0,512002,39889
v2,ea89b79a9dfd35df20fed759e6d15c60fe01e77c,direct,octree_leafcount,flyby,5,1086,1086,0.4296320081,0.174751997,0.6053439975,0.612695,1,0,-1,39881,34896,17,17,8509,24.38388354,14.67222604,512002,0,512002,39881
v2,ea89b79a9dfd35df20fed759e6d15c60fe01e77c,direct,octree_leafcount,flyby,5,1087,1087,0.3920319974,0.1748480052,0.5678079724,0.575453,1,0,-1,39785,34812,17,17,8359,24.011835,14.70762955,512002,0,512002,39785
v2,ea89b79a9dfd35df20fed759e6d15c60fe01e77c,direct,octree_leafcount,flyby,5,1088,1088,0.4696640074,0.1727679968,0.6434239745,0.652626,1,0,-1,40201,35176,17,17,8500,24.16420287,14.55543552,512002,0,512002,40201
v2,ea89b79a9dfd35df20fed759e6d15c60fe01e77c,direct,octree_leafcount,flyby,5,1089,1089,0.4404479861,0.1766719967,0.6180480123,0.627155,1,0,-1,40129,35113,17,17,8545,24.33571612,14.58155099,512002,0,512002,40129
v2,ea89b79a9dfd35df20fed759e6d15c60fe01e77c,direct,octree_leafcount,flyby,5,1090,1090,0.3925119936,0.1739200056,0.5674239993,0.574207,1,0,-1,39793,34819,17,17,8471,24.32867113,14.70467274,512002,0,512002,39793
v2,ea89b79a9dfd35df20fed759e6d15c60fe01e77c,direct,octree_leafcount,flyby,5,1091,1091,0.4699519873,0.172736004,0.6436160207,0.652529,1,0,-1,40009,35008,17,17,8540,24.39442413,14.62528565,512002,0,512002,40009
v2,ea89b79a9dfd35df20fed759e6d15c60fe01e77c,direct,octree_leafcount,flyby,5,1092,1092,0.4342719913,0.1708800048,0.6061120033,0.613335,1,0,-1,39785,34812,17,17,8509,24.4427209,14.70762955,512002,0,512002,39785
v2,ea89b79a9dfd35df20fed759e6d15c60fe01e77c,direct,octree_leafcount,flyby,5,1093,1093,0.3907519877,0.1700800061,0.5618240237,0.569735,1,0,-1,39705,34742,17,17,8436,24.28184906,14.73726325,512002,0,512002,39705
v2,ea89b79a9dfd35df20fed759e6d15c60fe01e77c,direct,octree_leafcount,flyby,5,1094,1094,0.4609279931,0.1715839952,0.6335039735,0.641786,1,0,-1,40233,35204,17,17,8497,24.13646177,14.54385865,512002,0,512002,40233
v2,ea89b79a9dfd35df20fed759e6d15c60fe01e77c,direct,octree_leafcount,flyby,5,1095,1095,0.4259519875,0.173984006,0.6008639932,0.608845,1,0,-1,39801,34826,17,17,8526,24.48170907,14.70171711,512002,0,512002,39801
v2,ea89b79a9dfd35df20fed759e6d15c60fe01e77c,direct,octree_leafcount,flyby,5,1096,1096,0.3979519904,0.1759680063,0.5748479962,0.582945,1,0,-1,39753,34784,17,17,8341,23.97941582,14.71946872,512002,0,512002,39753
v2,ea89b79a9dfd35df20fed759e6d15c60fe01e77c,direct,octree_leafcount,flyby,5,1097,1097,0.4608319998,0.1716800034,0.6334720254,0.64152,1,0,-1,40169,35148,17,17,8529,24.26596108,14.56703084,512002,0,512002,40169
v2,ea89b79a9dfd35df20fed759e6d15c60fe01e77c,direct,octree_leafcount,flyby,5,1098,1098,0.4248319864,0.1710080057,0.5968000293,0.604454,1,0,-1,40185,35162,17,17,8660,24.6288607,14.56123087,512002,0,512002,40185
v2,ea89b79a9dfd35df20fed759e6d15c60fe01e77c,direct,octree_leafcount,flyby,5,1099,1099,0.3960959911,0.1752640009,0.5723519921,0.579341,1,0,-1,39745,34777,17,17,8537,24.54783334,14.72243149,512002,0,512002,39745
v2,ea89b79a9dfd35df20fed759e6d15c60fe01e77c,direct,octree_leafcount,flyby,5,1100,1100,0.4614720047,0.1685120016,0.6309440136,0.640063,1,0,-1,40361,35316,17,17,8678,24.57243176,14.49773474,512002,0,512002,40361
v2,ea89b79a9dfd35df20fed759e6d15c60fe01e77c,direct,octree_leafcount,flyby,5,1101,1101,0.4272640049,0.1746879965,0.6029120088,0.610161,1,0,-1,40249,35218,17,17,8790,24.95882787,14.53807712,512002,0,512002,40249
v2,ea89b79a9dfd35df20fed759e6d15c60fe01e77c,direct,octree_leafcount,flyby,5,1102,1102,0.3922559917,0.1731840074,0.5663999915,0.574326,1,0,-1,40089,35078,17,17,8601,24.51964194,14.59610012,512002,0,512002,40089
v2,ea89b79a9dfd35df20fed759e6d15c60fe01e77c,direct,octree_leafcount,flyby,5,1103,1103,0.467200011,0.1713279933,0.6394879818,0.647923,1,0,-1,40289,35253,17,17,8734,24.77519644,14.52364338,512002,0,512002,40289
v2,ea89b79a9dfd35df20fed759e6d15c60fe01e77c,direct,octree_leafcount,flyby,5,1104,1104,0.4264639914,0.1755840033,0.6030079722,0.610793,1,0,-1,40425,35372,17,17,8838,24.98586453,14.47478231,512002,0,512002,40425
v2,ea89b79a9dfd35df20fed759e6d15c60fe01e77c,direct,octree_leafcount,flyby,5,1105,1105,0.4022080004,0.1689919978,0.5721600056,0.580091,1,0,-1,40337,35295,17,17,8691,24.6238844,14.50636067,512002,0,512002,40337
v2,ea89b79a9dfd35df20fed759e6d15c60fe01e77c,direct,octree_leafcount,flyby,5,1106,1106,0.4634880126,0.1722240001,0.6367040277,0.644282,1,0,-1,40745,35652,17,17,8803,24.69146191,14.36110176,512002,0,512002,40745
v2,ea89b79a9dfd35df20fed759e6d15c60fe01e77c,direct,octree_leafcount,flyby,5,1107,1107,0.4264639914,0.1687040031,0.5961279869,0.60438,1,0,-1,40689,35603,17,17,8846,24.84622082,14.38086678,512002,0,512002,40689
v2,ea89b79a9dfd35df20fed759e6d15c60fe01e77c,direct,octree_leafcount,flyby,5,1108,1108,0.3950400054,0.174112007,0.57011199,0.578097,1,0,-1,40593,35519,17,17,8746,24.62344098,14.41487654,512002,0,512002,40593
v2,ea89b79a9dfd35df20fed759e6d15c60fe01e77c,direct,octree_leafcount,flyby,5,1109,1109,0.4693439901,0.1736959964,0.6439999938,0.651579,1,0,-1,40593,35519,17,17,8735,24.59247163,14.41487654,512002,0,512002,40593
v2,ea89b79a9dfd35df20fed759e6d15c60fe01e77c,direct,octree_leafcount,flyby,5,1110,1110,0.4301120043,0.174879998,0.6059200168,0.613482,1,0,-1,40649,35568,17,17,8924,25.08996851,14.39501799,512002,0,512002,40649
v2,ea89b79a9dfd35df20fed759e6d15c60fe01e77c,direct,octree_leafcount,flyby,5,1111,1111,0.3990719914,0.1742720008,0.5743039846,0.581706,1,0,-1,40457,35400,17,17,8794,24.84180791,14.46333333,512002,0,512002,40457
v2,ea89b79a9dfd35df20fed759e6d15c60fe01e77c,direct,octree_leafcount,flyby,5,1112,1112,0.4610880017,0.1740799993,0.6361280084,0.643058,1,0,-1,41009,35883,17,17,8945,24.928239,14.26865089,512002,0,512002,41009
v2,ea89b79a9dfd35df20fed759e6d15c60fe01e77c,direct,octree_leafcount,flyby,5,1113,1113,0.4348160028,0.1729280055,0.6087039709,0.616446,1,0,-1,40705,35617,17,17,8971,25.18741051,14.37521408,512002,0,512002,40705
v2,ea89b79a9dfd35df20fed759e6d15c60fe01e77c,direct,octree_leafcount,flyby,5,1114,1114,0.3895039856,0.1712639928,0.5616959929,0.568941,1,0,-1,40673,35589,17,17,8841,24.84194554,14.38652393,512002,0,512002,40673
v2,ea89b79a9dfd35df20fed759e6d15c60fe01e77c,direct,octree_leafcount,flyby,5,1115,1115,0.4608640075,0.1720640063,0.6338880062,0.640942,1,0,-1,40681,35596,17,17,8846,24.85110687,14.3836948,512002,0,512002,40681
v2,ea89b79a9dfd35df20fed759e6d15c60fe01e77c,direct,octree_leafcount,flyby,5,1116,1116,0.4261440039,0.1690240055,0.5960959792,0.604602,1,0,-1,40417,35365,17,17,8921,25.22550544,14.47764739,512002,0,512002,40417
v2,ea89b79a9dfd35df20fed759e6d15c60fe01e77c,direct,octree_leafcount,flyby,5,1117,1117,0.4348160028,0.1739519984,0.609695971,0.617407,1,0,-1,40169,35148,17,17,8747,24.88619552,14.56703084,512002,0,512002,40169
v2,ea89b79a9dfd35df20fed759e6d15c60fe01e77c,direct,octree_leafcount,flyby,5,1118,1118,0.4619840086,0.1732800007,0.6362239718,0.643629,1,0,-1,40401,35351,17,17,8700,24.61033634,14.48338095,512002,0,512002,40401
v2,ea89b79a9dfd35df20fed759e6d15c60fe01e77c,direct,octree_leafcount,flyby,5,1119,1119,0.4301120043,0.1724160016,0.603488028,0.610629,1,0,-1,40233,35204,17,17,8860,25.16759459,14.54385865,512002,0,512002,40233
v2,ea89b79a9dfd35df20fed759e6d15c60fe01e77c,direct,octree_leafcount,flyby,5,1120,1120,0.3923839927,0.1710080057,0.5643519759,0.571684,1,0,-1,40121,35106,17,17,8654,24.6510568,14.5844585,512002,0,512002,40121
v2,ea89b79a9dfd35df20fed759e6d15c60fe01e77c,direct,octree_leafcount,flyby,5,1121,1121,0.4565120041,0.174879998,0.6323519945,0.639773,1,0,-1,40353,35309,17,17,8764,24.8208672,14.50060891,512002,0,512002,40353
v2,ea89b79a9dfd35df20fed759e6d15c60fe01e77c,direct,octree_leafcount,flyby,5,1122,1122,0.4210560024,0.1691199988,0.591103971,0.598941,1,0,-1,40241,35211,17,17,8897,25.26767203,14.54096731,512002,0,512002,40241
v2,ea89b79a9dfd35df20fed759e6d15c60fe01e77c,direct,octree_leafcount,flyby,5,1123,1123,0.3919680119,0.1749439985,0.5678719878,0.574968,1,0,-1,40177,35155,17,17,8745,24.87555113,14.56413028,512002,0,512002,40177
v2,ea89b79a9dfd35df20fed759e6d15c60fe01e77c,direct,octree_leafcount,flyby,5,1124,1124,0.4570879936,0.1750400066,0.6331200004,0.640678,1,0,-1,40329,35288,17,17,8743,24.77612786,14.50923827,512002,0,512002,40329
v2,ea89b79a9dfd35df20fed759e6d15c60fe01e77c,direct,octree_leafcount,flyby,5,1125,1125,0.429663986,0.1729920059,0.6036159992,0.610713,1,0,-1,40441,35386,17,17,8890,25.12292997,14.46905556,512002,0,512002,40441
v2,ea89b79a9dfd35df20fed759e6d15c60fe01e77c,direct,octree_leafcount,flyby,5,1126,1126,0.3922559917,0.1720640063,0.5663999915,0.573441,1,0,-1,40353,35309,17,17,8687,24.60279249,14.50060891,512002,0,512002,40353
v2,ea89b79a9dfd35df20fed759e6d15c60fe01e77c,direct,octree_leafcount,flyby,5,1127,1127,0.451007992,0.1743679941,0.6263039708,0.633585,1,0,-1,40649,35568,17,17,8788,24.70760234,14.39501799,512002,0,512002,40649
v2,ea89b79a9dfd35df20fed759e6d15c60fe01e77c,direct,octree_leafcount,flyby,5,1128,1128,0.4355199933,0.1722559929,0.6087039709,0.616461,1,0,-1,40409,35358,17,17,8866,25.07494768,14.4805136,512002,0,512002,40409
v2,ea89b79a9dfd35df20fed759e6d15c60fe01e77c,direct,octree_leafcount,flyby,5,1129,1129,0.3907200098,0.1751040071,0.5667840242,0.574182,1,0,-1,40305,35267,17,17,8669,24.58105311,14.5178779,512002,0,512002,40305
v2,ea89b79a9dfd35df20fed759e6d15c60fe01e77c,direct,octree_leafcount,flyby,5,1130,1130,0.4643839896,0.1731840074,0.6385599971,0.64574,1,0,-1,40225,35197,17,17,8666,24.6214166,14.54675114,512002,0,512002,40225
v2,ea89b79a9dfd35df20fed759e6d15c60fe01e77c,direct,octree_leafcount,flyby,5,1131,1131,0.431039989,0.1741439998,0.606144011,0.613091,1,0,-1,40153,35134,17,17,8836,25.1494279,14.57283543,512002,0,512002,40153
v2,ea89b79a9dfd35df20fed759e6d15c60fe01e77c,direct,octree_leafcount,flyby,5,1132,1132,0.3953279853,0.1740799993,0.5703999996,0.577361,1,0,-1,40233,35204,17,17,8752,24.86081127,14.54385865,512002,0,512002,40233
v2,ea89b79a9dfd35df20fed759e6d15c60fe01e77c,direct,octree_leafcount,flyby,5,1133,1133,0.4603840113,0.173984006,0.6353600025,0.641885,1,0,-1,40273,35239,17,17,8754,24.8417946,14.52941343,512002,0,512002,40273
v2,ea89b79a9dfd35df20fed759e6d15c60fe01e77c,direct,octree_leafcount,flyby,5,1134,1134,0.4230400026,0.1721599996,0.5961599946,0.603088,1,0,-1,40209,35183,17,17,8932,25.38726089,14.55253958,512002,0,512002,40209
v2,ea89b79a9dfd35df20fed759e6d15c60fe01e77c,direct,octree_leafcount,flyby,5,1135,1135,0.3905920088,0.176256001,0.5677440166,0.574591,1,0,-1,40241,35211,17,17,8765,24.89278919,14.54096731,512002,0,512002,40241
v2,ea89b79a9dfd35df20fed759e6d15c60fe01e77c,direct,octree_leafcount,flyby,5,1136,1136,0.4629760087,0.1730239987,0.6369600296,0.643907,1,0,-1,40241,35211,17,17,8740,24.82178865,14.54096731,512002,0,512002,40241
v2,ea89b79a9dfd35df20fed759e6d15c60fe01e77c,direct,octree_leafcount,flyby,5,1137,1137,0.4189440012,0.1691839993,0.589056015,0.596249,1,0,-1,40257,35225,17,17,8940,25.37970192,14.53518808,512002,0,512002,40257
v2,ea89b79a9dfd35df20fed759e6d15c60fe01e77c,direct,octree_leafcount,flyby,5,1138,1138,0.386559993,0.1691199988,0.556640029,0.562334,1,0,-1,40305,35267,17,17,8823,25.01772195,14.5178779,512002,0,512002,40305
v2,ea89b79a9dfd35df20fed759e6d15c60fe01e77c,direct,octree_leafcount,flyby,5,1139,1139,0.4616320133,0.1712000072,0.6337599754,0.640699,1,0,-1,40025,35022,17,17,8638,24.6644966,14.61943921,512002,0,512002,40025
v2,ea89b79a9dfd35df20fed759e6d15c60fe01e77c,direct,octree_leafcount,flyby,5,1140,1140,0.4260160029,0.1728000045,0.5997760296,0.60748,1,0,-1,40217,35190,17,17,8781,24.95311168,14.54964479,512002,0,512002,40217
v2,ea89b79a9dfd35df20fed759e6d15c60fe01e77c,direct,octree_leafcount,flyby,5,1141,1141,0.3933120072,0.1719679981,0.5662720203,0.572632,1,0,-1,40409,35358,17,17,8717,24.65354375,14.4805136,512002,0,512002,40409
v2,ea89b79a9dfd35df20fed759e6d15c60fe01e77c,direct,octree_leafcount,flyby,5,1142,1142,0.4548160136,0.1753599942,0.6311039925,0.638215,1,0,-1,40233,35204,17,17,8692,24.69037609,14.54385865,512002,0,512002,40233
v2,ea89b79a9dfd35df20fed759e6d15c60fe01e77c,direct,octree_leafcount,flyby,5,1143,1143,0.4265919924,0.1701119989,0.5976319909,0.605533,1,0,-1,40321,35281,17,17,8774,24.86890961,14.512117,512002,0,512002,40321
v2,ea89b79a9dfd35df20fed759e6d15c60fe01e77c,direct,octree_leafcount,flyby,5,1144,1144,0.3907200098,0.169088006,0.5607039928,0.567066,1,0,-1,40377,35330,17,17,8768,24.81743561,14.49198981,512002,0,512002,40377
v2,ea89b79a9dfd35df20fed759e6d15c60fe01e77c,direct,octree_leafcount,flyby,5,1145,1145,0.4640960097,0.1751359999,0.6401600242,0.647268,1,0,-1,40433,35379,17,17,8693,24.57107324,14.47191837,512002,0,512002,40433
v2,ea89b79a9dfd35df20fed759e6d15c60fe01e77c,direct,octree_leafcount,flyby,5,1146,1146,0.4281280041,0.1722880006,0.6013439894,0.608208,1,0,-1,40425,35372,17,17,8870,25.07633156,14.47478231,512002,0,512002,40425
v2,ea89b79a9dfd35df20fed759e6d15c60fe01e77c,direct,octree_leafcount,flyby,5,1147,1147,0.395359993,0.1718720049,0.5681599975,0.575349,1,0,-1,40241,35211,17,17,8744,24.83314873,14.54096731,512002,0,512002,40241
v2,ea89b79a9dfd35df20fed759e6d15c60fe01e77c,direct,octree_leafcount,flyby,5,1148,1148,0.4588159919,0.1722240001,0.6320319772,0.638847,1,0,-1,40161,35141,17,17,8667,24.66349848,14.56993256,512002,0,512002,40161
v2,ea89b79a9dfd35df20fed759e6d15c60fe01e77c,direct,octree_leafcount,flyby,5,1149,1149,0.4293760061,0.1760639995,0.6063680053,0.613654,1,0,-1,40217,35190,17,17,8752,24.8707019,14.54964479,512002,0,512002,40217
v2,ea89b79a9dfd35df20fed759e6d15c60fe01e77c,direct,octree_leafcount,flyby,5,1150,1150,0.3978239894,0.1687359959,0.5674880147,0.574508,1,0,-1,40353,35309,17,17,8627,24.43286414,14.50060891,512002,0,512002,40353
v2,ea89b79a9dfd35df20fed759e6d15c60fe01e77c,direct,octree_leafcount,flyby,5,1151,1151,0.4636160135,0.1730879992,0.6376640201,0.64474,1,0,-1,40345,35302,17,17,8557,24.23941986,14.50348422,512002,0,512002,40345
v2,ea89b79a9dfd35df20fed759e6d15c60fe01e77c,direct,octree_leafcount,flyby,5,1152,1152,0.4315199852,0.1731840074,0.6056640148,0.613127,1,0,-1,40313,35274,17,17,8673,24.58751488,14.51499688,512002,0,512002,40313
v2,ea89b79a9dfd35df20fed759e6d15c60fe01e77c,direct,octree_leafcount,flyby,5,1153,1153,0.3894079924,0.1720319986,0.5623999834,0.569699,1,0,-1,40417,35365,17,17,8622,24.38003676,14.47764739,512002,0,512002,40417
v2,ea89b79a9dfd35df20fed759e6d15c60fe01e77c,direct,octree_leafcount,flyby,5,1154,1154,0.4520319998,0.1714240015,0.6244159937,0.630112,1,0,-1,40169,35148,17,17,8570,24.38261067,14.56703084,512002,0,512002,40169
v2,ea89b79a9dfd35df20fed759e6d15c60fe01e77c,direct,octree_leafcount,flyby,5,1155,1155,0.432671994,0.1727679968,0.606400013,0.613338,1,0,-1,40505,35442,17,17,8723,24.61204221,14.44619378,512002,0,512002,40505
v2,ea89b79a9dfd35df20fed759e6d15c60fe01e77c,direct,octree_leafcount,flyby,5,1156,1156,0.3849920034,0.1720959991,0.5580480099,0.56345,1,0,-1,40433,35379,17,17,8711,24.62195087,14.47191837,512002,0,512002,40433
v2,ea89b79a9dfd35df20fed759e6d15c60fe01e77c,direct,octree_leafcount,flyby,5,1157,1157,0.4615679979,0.1740159988,0.6365439892,0.643296,1,0,-1,40441,35386,17,17,8623,24.36839428,14.46905556,512002,0,512002,40441
v2,ea89b79a9dfd35df20fed759e6d15c60fe01e77c,direct,octree_leafcount,flyby,5,1158,1158,0.4303039908,0.1720959991,0.603392005,0.610841,1,0,-1,40497,35435,17,17,8715,24.59432764,14.44904755,512002,0,512002,40497
v2,ea89b79a9dfd35df20fed759e6d15c60fe01e77c,direct,octree_leafcount,flyby,5,1159,1159,0.3950400054,0.1802240014,0.5762240291,0.58368,1,0,-1,40465,35407,17,17,8748,24.70697885,14.46047392,512002,0,512002,40465
v2,ea89b79a9dfd35df20fed759e6d15c60fe01e77c,direct,octree_leafcount,flyby,5,1160,1160,0.459807992,0.173247993,0.6340159774,0.640227,1,0,-1,40225,35197,17,17,8653,24.58448163,14.54675114,512002,0,512002,40225
v2,ea89b79a9dfd35df20fed759e6d15c60fe01e77c,direct,octree_leafcount,flyby,5,1161,1161,0.4208000004,0.1740799993,0.5957760215,0.601808,1,0,-1,40577,35505,17,17,8746,24.63315026,14.42056048,512002,0,512002,40577
v2,ea89b79a9dfd35df20fed759e6d15c60fe01e77c,direct,octree_leafcount,flyby,5,1162,1162,0.3816320002,0.1720000058,0.5545600057,0.560407,1,0,-1,40417,35365,17,17,8731,24.6882511,14.47764739,512002,0,512002,40417
v2,ea89b79a9dfd35df20fed759e6d15c60fe01e77c,direct,octree_leafcount,flyby,5,1163,1163,0.4602879882,0.1691839993,0.6304320097,0.636814,1,0,-1,40193,35169,17,17,8645,24.5813074,14.55833262,512002,0,512002,40193
v2,ea89b79a9dfd35df20fed759e6d15c60fe01e77c,direct,octree_leafcount,flyby,5,1164,1164,0.4291200042,0.1701759994,0.6002240181,0.607032,1,0,-1,40705,35617,17,17,8742,24.54445911,14.37521408,512002,0,512002,40705
v2,ea89b79a9dfd35df20fed759e6d15c60fe01e77c,direct,octree_leafcount,flyby,5,1165,1165,0.3945600092,0.1736959964,0.5692480206,0.576469,1,0,-1,40633,35554,17,17,8801,24.75389548,14.40068628,512002,0,512002,40633
v2,ea89b79a9dfd35df20fed759e6d15c60fe01e77c,direct,octree_leafcount,flyby,5,1166,1166,0.4498560131,0.1753599942,0.6261439919,0.631488,1,0,-1,40177,35155,17,17,8607,24.48300384,14.56413028,512002,0,512002,40177
v2,ea89b79a9dfd35df20fed759e6d15c60fe01e77c,direct,octree_leafcount,flyby,5,1167,1167,0.4244160056,0.1744000018,0.5997760296,0.60656,1,0,-1,40705,35617,17,17,8761,24.59780442,14.37521408,512002,0,512002,40705
v2,ea89b79a9dfd35df20fed759e6d15c60fe01e77c,direct,octree_leafcount,flyby,5,1168,1168,0.3893119991,0.1679999977,0.5583040118,0.565684,1,0,-1,40465,35407,17,17,8783,24.80582936,14.46047392,512002,0,512002,40465
v2,ea89b79a9dfd35df20fed759e6d15c60fe01e77c,direct,octree_leafcount,flyby,5,1169,1169,0.45955199,0.1691520065,0.6296319962,0.636598,1,0,-1,40417,35365,17,17,8705,24.61473208,14.47764739,512002,0,512002,40417
v2,ea89b79a9dfd35df20fed759e6d15c60fe01e77c,direct,octree_leafcount,flyby,5,1170,1170,0.4248319864,0.1703359932,0.5961279869,0.603248,1,0,-1,40529,35463,17,17,8689,24.50159321,14.43763923,512002,0,512002,40529
v2,ea89b79a9dfd35df20fed759e6d15c60fe01e77c,direct,octree_leafcount,flyby,5,1171,1171,0.3945280015,0.1722880006,0.5677440166,0.574845,1,0,-1,40393,35344,17,17,8850,25.03961068,14.48624943,512002,0,512002,40393
v2,ea89b79a9dfd35df20fed759e6d15c60fe01e77c,direct,octree_leafcount,flyby,5,1172,1172,0.4579519928,0.1739200056,0.6328319907,0.640487,1,0,-1,40609,35533,17,17,8831,24.85295359,14.40919708,512002,0,512002,40609
v2,ea89b79a9dfd35df20fed759e6d15c60fe01e77c,direct,octree_leafcount,flyby,5,1173,1173,0.4302079976,0.1768320054,0.6079999804,0.615572,1,0,-1,40665,35582,17,17,8775,24.66134562,14.38935417,512002,0,512002,40665
v2,ea89b79a9dfd35df20fed759e6d15c60fe01e77c,direct,octree_leafcount,flyby,5,1174,1174,0.4374080002,0.1742080003,0.6125760078,0.62006,1,0,-1,40361,35316,17,17,8864,25.09910522,14.49773474,512002,0,512002,40361
v2,ea89b79a9dfd35df20fed759e6d15c60fe01e77c,direct,octree_leafcount,flyby,5,1175,1175,0.4609920084,0.1731200069,0.6350719929,0.641871,1,0,-1,40385,35337,17,17,8688,24.58612785,14.48911905,512002,0,512002,40385
v2,ea89b79a9dfd35df20fed759e6d15c60fe01e77c,direct,octree_leafcount,flyby,5,1176,1176,0.3920319974,0.1721599996,0.5651519895,0.571708,1,0,-1,40609,35533,17,17,8666,24.38859652,14.40919708,512002,0,512002,40609
v2,ea89b79a9dfd35df20fed759e6d15c60fe01e77c,direct,octree_leafcount,flyby,5,1177,1177,0.4319039881,0.1750079989,0.6078720093,0.614915,1,0,-1,40481,35421,17,17,8842,24.96259281,14.45475848,512002,0,512002,40481
v2,ea89b79a9dfd35df20fed759e6d15c60fe01e77c,direct,octree_leafcount,flyby,5,1178,1178,0.4687359929,0.1751040071,0.6448000073,0.652824,1,0,-1,40169,35148,17,17,8742,24.87196996,14.56703084,512002,0,512002,40169
v2,ea89b79a9dfd35df20fed759e6d15c60fe01e77c,direct,octree_leafcount,flyby,5,1179,1179,0.4034560025,0.1743039936,0.5787199736,0.585812,1,0,-1,40385,35337,17,17,8703,24.62857628,14.48911905,512002,0,512002,40385
v2,ea89b79a9dfd35df20fed759e6d15c60fe01e77c,direct,octree_leafcount,flyby,5,1180,1180,0.4297600091,0.1742080003,0.6049280167,0.612258,1,0,-1,40361,35316,17,17,8763,24.81311587,14.49773474,512002,0,512002,40361
v2,ea89b79a9dfd35df20fed759e6d15c60fe01e77c,direct,octree_leafcount,flyby,5,1181,1181,0.4630720019,0.1769919991,0.6410239935,0.648288,1,0,-1,40289,35253,17,17,8738,24.78654299,14.52364338,512002,0,512002,40289
v2,ea89b79a9dfd35df20fed759e6d15c60fe01e77c,direct,octree_leafcount,flyby,5,1182,1182,0.3905920088,0.1793279946,0.5708799958,0.578973,1,0,-1,40009,35008,17,17,8565,24.46583638,14.62528565,512002,0,512002,40009
v2,ea89b79a9dfd35df20fed759e6d15c60fe01e77c,direct,octree_leafcount,flyby,5,1183,1183,0.4341439903,0.1722240001,0.60729599,0.614949,1,0,-1,40081,35071,17,17,8737,24.91232072,14.59901343,512002,0,512002,40081
v2,ea89b79a9dfd35df20fed759e6d15c60fe01e77c,direct,octree_leafcount,flyby,5,1184,1184,0.4632639885,0.1720959991,0.6363199949,0.643522,1,0,-1,40329,35288,17,17,8713,24.69111313,14.50923827,512002,0,512002,40329
v2,ea89b79a9dfd35df20fed759e6d15c60fe01e77c,direct,octree_leafcount,flyby,5,1185,1185,0.3975679874,0.1712639928,0.5697919726,0.577087,1,0,-1,40281,35246,17,17,8603,24.40844351,14.52652783,512002,0,512002,40281
v2,ea89b79a9dfd35df20fed759e6d15c60fe01e77c,direct,octree_leafcount,flyby,5,1186,1186,0.4264000058,0.1722880006,0.5996479988,0.606363,1,0,-1,40201,35176,17,17,8689,24.70150102,14.55543552,512002,0,512002,40201
v2,ea89b79a9dfd35df20fed759e6d15c60fe01e77c,direct,octree_leafcount,flyby,5,1187,1187,0.4580160081,0.1710080057,0.6299520135,0.637762,1,0,-1,40201,35176,17,17,8585,24.40584489,14.55543552,512002,0,512002,40201
v2,ea89b79a9dfd35df20fed759e6d15c60fe01e77c,direct,octree_leafcount,flyby,5,1188,1188,0.39824,0.1723520011,0.5715519786,0.578999,1,0,-1,40105,35092,17,17,8534,24.31893309,14.59027699,512002,0,512002,40105
v2,ea89b79a9dfd35df20fed759e6d15c60fe01e77c,direct,octree_leafcount,flyby,5,1189,1189,0.4291520119,0.1741759926,0.604287982,0.611079,1,0,-1,40225,35197,17,17,8835,25.10157116,14.54675114,512002,0,512002,40225
v2,ea89b79a9dfd35df20fed759e6d15c60fe01e77c,direct,octree_leafcount,flyby,5,1190,1190,0.4621759951,0.1790719926,0.6421759725,0.65017,1,0,-1,40257,35225,17,17,8750,24.84031228,14.53518808,512002,0,512002,40257
v2,ea89b79a9dfd35df20fed759e6d15c60fe01e77c,direct,octree_leafcount,flyby,5,1191,1191,0.3998399973,0.170975998,0.5717120171,0.578833,1,0,-1,40345,35302,17,17,8659,24.52835533,14.50348422,512002,0,512002,40345
v2,ea89b79a9dfd35df20fed759e6d15c60fe01e77c,direct,octree_leafcount,flyby,5,1192,1192,0.4273279905,0.1724160016,0.6007040143,0.606586,1,0,-1,40217,35190,17,17,8825,25.0781472,14.54964479,512002,0,512002,40217
v2,ea89b79a9dfd35df20fed759e6d15c60fe01e77c,direct,octree_leafcount,flyby,5,1193,1193,0.4621759951,0.1738879979,0.6370559931,0.644631,1,0,-1,40513,35449,17,17,8736,24.64385455,14.44334114,512002,0,512002,40513
v2,ea89b79a9dfd35df20fed759e6d15c60fe01e77c,direct,octree_leafcount,flyby,5,1194,1194,0.3964160085,0.1770559996,0.5744320154,0.582804,1,0,-1,40137,35120,17,17,8584,24.44191344,14.57864465,512002,0,512002,40137
v2,ea89b79a9dfd35df20fed759e6d15c60fe01e77c,direct,octree_leafcount,flyby,5,1195,1195,0.4291200042,0.1721920073,0.6023039818,0.610206,1,0,-1,40225,35197,17,17,8825,25.07315964,14.54675114,512002,0,512002,40225
v2,ea89b79a9dfd35df20fed759e6d15c60fe01e77c,direct,octree_leafcount,flyby,5,1196,1196,0.4621759951,0.172736004,0.6359040141,0.644205,1,0,-1,40817,35715,17,17,8941,25.03429931,14.33576928,512002,0,512002,40817
v2,ea89b79a9dfd35df20fed759e6d15c60fe01e77c,direct,octree_leafcount,flyby,5,1197,1197,0.4026879966,0.1769600064,0.5806080103,0.588925,1,0,-1,40273,35239,17,17,8729,24.77085048,14.52941343,512002,0,512002,40273
v2,ea89b79a9dfd35df20fed759e6d15c60fe01e77c,direct,octree_leafcount,flyby,5,1198,1198,0.4289920032,0.1738239974,0.6037759781,0.612009,1,0,-1,40449,35393,17,17,8875,25.07557992,14.46619388,512002,0,512002,40449
v2,ea89b79a9dfd35df20fed759e6d15c60fe01e77c,direct,octree_leafcount,flyby,5,1199,1199,0.4567359984,0.1730560064,0.630752027,0.636535,1,0,-1,40585,35512,17,17,8841,24.89580987,14.41771795,512002,0,512002,40585
v2,ea89b79a9dfd35df20fed759e6d15c60fe01e77c,direct,octree_leafcount,flyby,5,1200,1200,0.3999040127,0.176128,0.577023983,0.585907,1,0,-1,40041,35036,17,17,8692,24.80876812,14.61359744,512002,0,512002,40041
