version,commit,path,config,dataset,run,snapshot,frame_id,tree_update_ms,view_ms,total_ms,wall_ms,attempts,maintenance_ms,iterations,num_nodes,num_leaves,max_depth,max_depth_octree_equiv,num_empty_leaves,empty_leaf_pct,avg_particles_per_leaf,particles_active,particles_escaped,particle_slots,lib_num_nodes
v1,e7bd16a8ad2be3cb1a245ce7fe4d8ea167164025,direct,octree_nfcount,flyby,7,0,0,nan,nan,nan,nan,0,0,-1,29073,25439,16,16,14723,57.87570266,20.12665592,512002,0,512002,29073
v1,e7bd16a8ad2be3cb1a245ce7fe4d8ea167164025,direct,octree_nfcount,flyby,7,1,1,0.6100159883,0.3669439852,0.9780799747,0.984993,1,0,-1,29049,25418,16,16,14715,57.89204501,20.14328429,512002,0,512002,29049
v1,e7bd16a8ad2be3cb1a245ce7fe4d8ea167164025,direct,octree_nfcount,flyby,7,2,2,0.6454399824,0.8805760145,1.527616024,1.534787,1,0,-1,29081,25446,16,16,14722,57.85585161,20.12111923,512002,0,512002,29081
v1,e7bd16a8ad2be3cb1a245ce7fe4d8ea167164025,direct,octree_nfcount,flyby,7,3,3,0.6069440246,0.3481920063,0.9563519955,0.963094,1,0,-1,29033,25404,16,16,14705,57.8845851,20.15438514,512002,0,512002,29033
v1,e7bd16a8ad2be3cb1a245ce7fe4d8ea167164025,direct,octree_nfcount,flyby,7,4,4,0.634559989,0.4794879854,1.11580801,1.12257,1,0,-1,29049,25418,16,16,14711,57.87630813,20.14328429,512002,0,512002,29049
v1,e7bd16a8ad2be3cb1a245ce7fe4d8ea167164025,direct,octree_nfcount,flyby,7,5,5,0.6092799902,0.3515200019,0.9620159864,0.969796,1,0,-1,29025,25397,16,16,14704,57.89660196,20.15994015,512002,0,512002,29025
v1,e7bd16a8ad2be3cb1a245ce7fe4d8ea167164025,direct,octree_nfcount,flyby,7,6,6,0.6348159909,0.4841920137,1.120607972,1.128571,1,0,-1,29049,25418,16,16,14685,57.77401841,20.14328429,512002,0,512002,29049
v1,e7bd16a8ad2be3cb1a245ce7fe4d8ea167164025,direct,octree_nfcount,flyby,7,7,7,0.6063680053,0.3552320004,0.962816,0.97158,1,0,-1,29025,25397,16,16,14601,57.49104225,20.15994015,512002,0,512002,29025
v1,e7bd16a8ad2be3cb1a245ce7fe4d8ea167164025,direct,octree_nfcount,flyby,7,8,8,0.6194880009,0.3552959859,0.976000011,0.984412,1,0,-1,28849,25243,16,16,14438,57.19605435,20.28292992,512002,0,512002,28849
v1,e7bd16a8ad2be3cb1a245ce7fe4d8ea167164025,direct,octree_nfcount,flyby,7,9,9,0.6375359893,0.4896639884,1.12886405,1.136388,1,0,-1,29009,25383,16,16,14527,57.23121774,20.17105937,512002,0,512002,29009
v1,e7bd16a8ad2be3cb1a245ce7fe4d8ea167164025,direct,octree_nfcount,flyby,7,10,10,0.8063679934,0.3518399894,1.159456015,1.167528,1,0,-1,28937,25320,16,16,14456,57.09320695,20.22124803,512002,0,512002,28937
v1,e7bd16a8ad2be3cb1a245ce7fe4d8ea167164025,direct,octree_nfcount,flyby,7,11,11,0.8288000226,0.3521920145,1.182240009,1.190143,1,0,-1,28913,25299,16,16,14433,57.04968576,20.23803312,512002,0,512002,28913
v1,e7bd16a8ad2be3cb1a245ce7fe4d8ea167164025,direct,octree_nfcount,flyby,7,12,12,1.048128009,0.4824639857,1.532832026,1.540683,1,0,-1,28985,25362,16,16,14421,56.86065768,20.18776122,512002,0,512002,28985
v1,e7bd16a8ad2be3cb1a245ce7fe4d8ea167164025,direct,octree_nfcount,flyby,7,13,13,1.274783969,0.4865919948,1.763648033,1.772097,1,0,-1,29089,25453,16,16,14412,56.62200919,20.11558559,512002,0,512002,29089
v1,e7bd16a8ad2be3cb1a245ce7fe4d8ea167164025,direct,octree_nfcount,flyby,7,14,14,1.280799985,0.4821439981,1.765184045,1.773364,1,0,-1,29129,25488,16,16,14357,56.3284683,20.08796296,512002,0,512002,29129
v1,e7bd16a8ad2be3cb1a245ce7fe4d8ea167164025,direct,octree_nfcount,flyby,7,15,15,1.078431964,0.4831359982,1.563967943,1.571562,1,0,-1,29321,25656,16,16,14376,56.03367633,19.95642345,512002,0,512002,29321
v1,e7bd16a8ad2be3cb1a245ce7fe4d8ea167164025,direct,octree_nfcount,flyby,7,16,16,1.306527972,0.4834240079,1.79222405,1.799467,1,0,-1,29601,25901,16,16,14499,55.97853365,19.76765376,512002,0,512002,29601
v1,e7bd16a8ad2be3cb1a245ce7fe4d8ea167164025,direct,octree_nfcount,flyby,7,17,17,1.662207961,0.3430399895,2.006464005,2.014243,1,0,-1,29577,25880,16,16,14303,55.26661515,19.78369397,512002,0,512002,29577
v1,e7bd16a8ad2be3cb1a245ce7fe4d8ea167164025,direct,octree_nfcount,flyby,7,18,18,1.374016047,0.4824000001,1.858016014,1.865485,1,0,-1,29849,26118,16,16,14303,54.7629987,19.60341527,512002,0,512002,29849
v1,e7bd16a8ad2be3cb1a245ce7fe4d8ea167164025,direct,octree_nfcount,flyby,7,19,19,1.362975955,0.4773440063,1.842623949,1.849661,1,0,-1,30129,26363,16,16,14308,54.27303418,19.42123431,512002,0,512002,30129
v1,e7bd16a8ad2be3cb1a245ce7fe4d8ea167164025,direct,octree_nfcount,flyby,7,20,20,1.124480009,0.4814400077,1.608127952,1.616155,1,0,-1,30585,26762,16,16,14470,54.0692026,19.13167925,512002,0,512002,30585
v1,e7bd16a8ad2be3cb1a245ce7fe4d8ea167164025,direct,octree_nfcount,flyby,7,21,21,1.392032027,0.4722560048,1.866495967,1.873904,1,0,-1,30849,26993,16,16,14391,53.3138221,18.96795465,512002,0,512002,30849
v1,e7bd16a8ad2be3cb1a245ce7fe4d8ea167164025,direct,octree_nfcount,flyby,7,22,22,1.376160026,0.481151998,1.859552026,1.867641,1,0,-1,31241,27336,16,16,14391,52.64486392,18.72995318,512002,0,512002,31241
v1,e7bd16a8ad2be3cb1a245ce7fe4d8ea167164025,direct,octree_nfcount,flyby,7,23,23,1.365535975,0.3504639864,1.717216015,1.724841,1,0,-1,31241,27336,16,16,14193,51.92054434,18.72995318,512002,0,512002,31241
v1,e7bd16a8ad2be3cb1a245ce7fe4d8ea167164025,direct,octree_nfcount,flyby,7,24,24,1.103551984,0.4774399996,1.582559943,1.59009,1,0,-1,31257,27350,16,16,14072,51.45155393,18.72036563,512002,0,512002,31257
v1,e7bd16a8ad2be3cb1a245ce7fe4d8ea167164025,direct,octree_nfcount,flyby,7,25,25,1.123008013,0.4832319915,1.608448029,1.616344,1,0,-1,31505,27567,16,16,14187,51.46370661,18.57300395,512002,0,512002,31505
v1,e7bd16a8ad2be3cb1a245ce7fe4d8ea167164025,direct,octree_nfcount,flyby,7,26,26,1.397151947,0.3514240086,1.74979198,1.757531,1,0,-1,31393,27469,16,16,14198,51.68735666,18.63926608,512002,0,512002,31393
v1,e7bd16a8ad2be3cb1a245ce7fe4d8ea167164025,direct,octree_nfcount,flyby,7,27,27,1.181887984,0.3472639918,1.53036797,1.537541,1,0,-1,31273,27364,16,16,14002,51.16941968,18.7107879,512002,0,512002,31273
v1,e7bd16a8ad2be3cb1a245ce7fe4d8ea167164025,direct,octree_nfcount,flyby,7,28,28,1.622207999,0.4773119986,2.101567984,2.10884,1,0,-1,31473,27539,16,16,13863,50.3395185,18.59188787,512002,0,512002,31473
v1,e7bd16a8ad2be3cb1a245ce7fe4d8ea167164025,direct,octree_nfcount,flyby,7,29,29,1.555807948,0.4864319861,2.043807983,2.050823,1,0,-1,31969,27973,17,17,13894,49.66932399,18.30343546,512002,0,512002,31969
v1,e7bd16a8ad2be3cb1a245ce7fe4d8ea167164025,direct,octree_nfcount,flyby,7,30,30,1.621440053,0.4874880016,2.11055994,2.117102,1,0,-1,32329,28288,17,17,13987,49.44499434,18.09961821,512002,0,512002,32329
v1,e7bd16a8ad2be3cb1a245ce7fe4d8ea167164025,direct,octree_nfcount,flyby,7,31,31,1.676607966,0.359551996,2.037375927,2.04532,1,0,-1,32073,28064,17,17,13691,48.78492018,18.24408495,512002,0,512002,32073
v1,e7bd16a8ad2be3cb1a245ce7fe4d8ea167164025,direct,octree_nfcount,flyby,7,32,32,1.552800059,0.3533760011,1.907423973,1.914746,1,0,-1,31585,27637,16,16,13533,48.96696458,18.52596157,512002,0,512002,31585
v1,e7bd16a8ad2be3cb1a245ce7fe4d8ea167164025,direct,octree_nfcount,flyby,7,33,33,1.885408044,0.3524799943,2.239167929,2.246972,1,0,-1,31377,27455,16,16,13379,48.73065015,18.64877072,512002,0,512002,31377
v1,e7bd16a8ad2be3cb1a245ce7fe4d8ea167164025,direct,octree_nfcount,flyby,7,34,34,1.667935967,0.4799360037,2.149087906,2.15644,1,0,-1,31801,27826,16,16,13509,48.54812046,18.40012938,512002,0,512002,31801
v1,e7bd16a8ad2be3cb1a245ce7fe4d8ea167164025,direct,octree_nfcount,flyby,7,35,35,1.594367981,0.3502399921,1.945855975,1.95278,1,0,-1,31713,27749,16,16,13285,47.87559912,18.45118743,512002,0,512002,31713
v1,e7bd16a8ad2be3cb1a245ce7fe4d8ea167164025,direct,octree_nfcount,flyby,7,36,36,1.669056058,0.4805119932,2.151328087,2.157244,1,0,-1,31929,27938,16,16,13469,48.21032286,18.32636552,512002,0,512002,31929
v1,e7bd16a8ad2be3cb1a245ce7fe4d8ea167164025,direct,octree_nfcount,flyby,7,37,37,1.743615985,0.4792959988,2.225120068,2.232368,1,0,-1,32065,28057,16,16,13442,47.90961257,18.2486367,512002,0,512002,32065
v1,e7bd16a8ad2be3cb1a245ce7fe4d8ea167164025,direct,octree_nfcount,flyby,7,38,38,1.684736013,0.3533439934,2.039295912,2.046752,1,0,-1,32025,28022,16,16,13083,46.68831632,18.27142959,512002,0,512002,32025
v1,e7bd16a8ad2be3cb1a245ce7fe4d8ea167164025,direct,octree_nfcount,flyby,7,39,39,1.920799971,0.4787839949,2.40079999,2.407507,1,0,-1,32185,28162,16,16,13146,46.6799233,18.18059797,512002,0,512002,32185
v1,e7bd16a8ad2be3cb1a245ce7fe4d8ea167164025,direct,octree_nfcount,flyby,7,40,40,1.732864022,0.3493439853,2.083456039,2.090153,1,0,-1,32153,28134,16,16,13288,47.23110827,18.19869197,512002,0,512002,32153
v1,e7bd16a8ad2be3cb1a245ce7fe4d8ea167164025,direct,octree_nfcount,flyby,7,41,41,1.736575961,0.4819520116,2.220160007,2.227508,1,0,-1,32233,28204,16,16,13169,46.69195859,18.15352432,512002,0,512002,32233
v1,e7bd16a8ad2be3cb1a245ce7fe4d8ea167164025,direct,octree_nfcount,flyby,7,42,42,1.918367982,0.4835520089,2.404191971,2.411727,1,0,-1,32465,28407,16,16,13139,46.2526842,18.02379695,512002,0,512002,32465
v1,e7bd16a8ad2be3cb1a245ce7fe4d8ea167164025,direct,octree_nfcount,flyby,7,43,43,1.844383955,0.4825280011,2.328511953,2.336137,1,0,-1,32873,28764,16,16,13219,45.95675149,17.80009734,512002,0,512002,32873
v1,e7bd16a8ad2be3cb1a245ce7fe4d8ea167164025,direct,octree_nfcount,flyby,7,44,44,1.716608047,0.3554559946,2.073312044,2.080733,1,0,-1,32801,28701,16,16,13048,45.4618306,17.83916937,512002,0,512002,32801
v1,e7bd16a8ad2be3cb1a245ce7fe4d8ea167164025,direct,octree_nfcount,flyby,7,45,45,1.691040039,0.3534080088,2.045631886,2.053811,1,0,-1,32801,28701,16,16,12931,45.0541793,17.83916937,512002,0,512002,32801
v1,e7bd16a8ad2be3cb1a245ce7fe4d8ea167164025,direct,octree_nfcount,flyby,7,46,46,1.696159959,0.3544639945,2.051903963,2.05945,1,0,-1,32729,28638,16,16,12899,45.04155318,17.8784133,512002,0,512002,32729
v1,e7bd16a8ad2be3cb1a245ce7fe4d8ea167164025,direct,octree_nfcount,flyby,7,47,47,1.785951972,0.3555519879,2.142719984,2.151206,1,0,-1,32609,28533,16,16,12792,44.83229944,17.94420496,512002,0,512002,32609
v1,e7bd16a8ad2be3cb1a245ce7fe4d8ea167164025,direct,octree_nfcount,flyby,7,48,48,1.626847982,0.3563199937,1.984416008,1.992702,1,0,-1,32577,28505,16,16,12619,44.26942642,17.96183126,512002,0,512002,32577
v1,e7bd16a8ad2be3cb1a245ce7fe4d8ea167164025,direct,octree_nfcount,flyby,7,49,49,1.734943986,0.4855999947,2.222752094,2.230543,1,0,-1,32665,28582,16,16,12576,43.9997201,17.91344203,512002,0,512002,32665
v1,e7bd16a8ad2be3cb1a245ce7fe4d8ea167164025,direct,octree_nfcount,flyby,7,50,50,1.647968054,0.4876480103,2.137887955,2.145722,1,0,-1,32905,28792,16,16,12655,43.95318144,17.78278689,512002,0,512002,32905
v1,e7bd16a8ad2be3cb1a245ce7fe4d8ea167164025,direct,octree_nfcount,flyby,7,51,51,1.613728046,0.4835839868,2.099616051,2.107425,1,0,-1,33121,28981,16,16,12825,44.25313136,17.66681619,512002,0,512002,33121
v1,e7bd16a8ad2be3cb1a245ce7fe4d8ea167164025,direct,octree_nfcount,flyby,7,52,52,1.612416029,0.4886719882,2.10332799,2.110778,1,0,-1,33177,29030,16,16,12744,43.8994144,17.63699621,512002,0,512002,33177
v1,e7bd16a8ad2be3cb1a245ce7fe4d8ea167164025,direct,octree_nfcount,flyby,7,53,53,1.632320046,0.4866240025,2.121151924,2.128671,1,0,-1,33417,29240,16,16,12773,43.68331053,17.51032832,512002,0,512002,33417
v1,e7bd16a8ad2be3cb1a245ce7fe4d8ea167164025,direct,octree_nfcount,flyby,7,54,54,1.617504001,0.355648011,1.974367976,1.981828,1,0,-1,33177,29030,16,16,12560,43.26558732,17.63699621,512002,0,512002,33177
v1,e7bd16a8ad2be3cb1a245ce7fe4d8ea167164025,direct,octree_nfcount,flyby,7,55,55,1.572224021,0.491584003,2.066047907,2.074503,1,0,-1,33417,29240,16,16,12615,43.14295486,17.51032832,512002,0,512002,33417
v1,e7bd16a8ad2be3cb1a245ce7fe4d8ea167164025,direct,octree_nfcount,flyby,7,56,56,1.615936041,0.3574079871,1.97459197,1.982417,1,0,-1,33233,29079,16,16,12445,42.79720761,17.60727673,512002,0,512002,33233
v1,e7bd16a8ad2be3cb1a245ce7fe4d8ea167164025,direct,octree_nfcount,flyby,7,57,57,1.566624045,0.4907200038,2.059679985,2.068075,1,0,-1,33369,29198,16,16,12434,42.58510857,17.53551613,512002,0,512002,33369
v1,e7bd16a8ad2be3cb1a245ce7fe4d8ea167164025,direct,octree_nfcount,flyby,7,58,58,1.51731205,0.35552001,1.874079943,1.881939,1,0,-1,32833,28729,16,16,12045,41.92627658,17.82178287,512002,0,512002,32833
v1,e7bd16a8ad2be3cb1a245ce7fe4d8ea167164025,direct,octree_nfcount,flyby,7,59,59,1.642560005,0.4878399968,2.131616116,2.139324,1,0,-1,33073,28939,16,16,12151,41.98832026,17.69245655,512002,0,512002,33073
v1,e7bd16a8ad2be3cb1a245ce7fe4d8ea167164025,direct,octree_nfcount,flyby,7,60,60,1.845600009,0.3566080034,2.203423977,2.211096,1,0,-1,32985,28862,16,16,12125,42.0102557,17.73965768,512002,0,512002,32985
v1,e7bd16a8ad2be3cb1a245ce7fe4d8ea167164025,direct,octree_nfcount,flyby,7,61,61,1.579327941,0.4846079946,2.065536022,2.073027,1,0,-1,33017,28890,16,16,12190,42.19453098,17.72246452,512002,0,512002,33017
v1,e7bd16a8ad2be3cb1a245ce7fe4d8ea167164025,direct,octree_nfcount,flyby,7,62,62,1.578016043,0.4845759869,2.064192057,2.070542,1,0,-1,33273,29114,16,16,12267,42.13436835,17.58610978,512002,0,512002,33273
v1,e7bd16a8ad2be3cb1a245ce7fe4d8ea167164025,direct,octree_nfcount,flyby,7,63,63,1.601824045,0.489695996,2.093631983,2.101852,1,0,-1,33473,29289,16,16,12279,41.92358906,17.48103384,512002,0,512002,33473
v1,e7bd16a8ad2be3cb1a245ce7fe4d8ea167164025,direct,octree_nfcount,flyby,7,64,64,1.786335945,0.3555519879,2.143104076,2.150438,1,0,-1,33105,28967,16,16,11971,41.32633687,17.67535471,512002,0,512002,33105
v1,e7bd16a8ad2be3cb1a245ce7fe4d8ea167164025,direct,octree_nfcount,flyby,7,65,65,1.613088012,0.3576320112,1.971935987,1.979645,1,0,-1,33025,28897,16,16,11782,40.77239852,17.71817144,512002,0,512002,33025
v1,e7bd16a8ad2be3cb1a245ce7fe4d8ea167164025,direct,octree_nfcount,flyby,7,66,66,1.611392021,0.3595199883,1.972128034,1.979761,1,0,-1,33017,28890,16,16,11797,40.83419868,17.72246452,512002,0,512002,33017
v1,e7bd16a8ad2be3cb1a245ce7fe4d8ea167164025,direct,octree_nfcount,flyby,7,67,67,1.613983989,0.4876799881,2.103264093,2.110621,1,0,-1,33217,29065,16,16,11762,40.46791674,17.61575778,512002,0,512002,33217
v1,e7bd16a8ad2be3cb1a245ce7fe4d8ea167164025,direct,octree_nfcount,flyby,7,68,68,1.595808029,0.4884159863,2.08643198,2.094277,1,0,-1,33281,29121,16,16,11742,40.32141753,17.58188249,512002,0,512002,33281
v1,e7bd16a8ad2be3cb1a245ce7fe4d8ea167164025,direct,octree_nfcount,flyby,7,69,69,1.606207967,0.3574079871,1.964831948,1.973041,1,0,-1,33249,29093,16,16,11815,40.61114357,17.59880384,512002,0,512002,33249
v1,e7bd16a8ad2be3cb1a245ce7fe4d8ea167164025,direct,octree_nfcount,flyby,7,70,70,1.507743955,0.355392009,1.864384055,1.871865,1,0,-1,32753,28659,16,16,11422,39.8548449,17.86531282,512002,0,512002,32753
v1,e7bd16a8ad2be3cb1a245ce7fe4d8ea167164025,direct,octree_nfcount,flyby,7,71,71,1.567391992,0.4844479859,2.05350399,2.060701,1,0,-1,33257,29100,16,16,11627,39.95532646,17.59457045,512002,0,512002,33257
v1,e7bd16a8ad2be3cb1a245ce7fe4d8ea167164025,direct,octree_nfcount,flyby,7,72,72,1.556511998,0.3564479947,1.914208055,1.922043,1,0,-1,33209,29058,16,16,11655,40.1094363,17.62000138,512002,0,512002,33209
v1,e7bd16a8ad2be3cb1a245ce7fe4d8ea167164025,direct,octree_nfcount,flyby,7,73,73,1.576992035,0.485439986,2.064160109,2.071648,1,0,-1,33313,29149,16,16,11865,40.70465539,17.56499365,512002,0,512002,33313
v1,e7bd16a8ad2be3cb1a245ce7fe4d8ea167164025,direct,octree_nfcount,flyby,7,74,74,1.582080007,0.356415987,1.939712048,1.947368,1,0,-1,33089,28953,16,16,11701,40.41377405,17.6839015,512002,0,512002,33089
v1,e7bd16a8ad2be3cb1a245ce7fe4d8ea167164025,direct,octree_nfcount,flyby,7,75,75,1.623200059,0.4895359874,2.114943981,2.122963,1,0,-1,33289,29128,16,16,11684,40.11260643,17.57765724,512002,0,512002,33289
v1,e7bd16a8ad2be3cb1a245ce7fe4d8ea167164025,direct,octree_nfcount,flyby,7,76,76,1.601696014,0.488319993,2.092256069,2.100237,1,0,-1,33385,29212,16,16,11721,40.12392168,17.52711215,512002,0,512002,33385
v1,e7bd16a8ad2be3cb1a245ce7fe4d8ea167164025,direct,octree_nfcount,flyby,7,77,77,1.688575983,0.3545599878,2.044384003,2.052009,1,0,-1,32905,28792,16,16,11478,39.86524034,17.78278689,512002,0,512002,32905
v1,e7bd16a8ad2be3cb1a245ce7fe4d8ea167164025,direct,octree_nfcount,flyby,7,78,78,1.594367981,0.4872959852,2.08387208,2.09132,1,0,-1,33049,28918,16,16,11597,40.10305,17.70530465,512002,0,512002,33049
v1,e7bd16a8ad2be3cb1a245ce7fe4d8ea167164025,direct,octree_nfcount,flyby,7,79,79,1.591135979,0.3574399948,1.949856043,1.957421,1,0,-1,33017,28890,16,16,11460,39.66770509,17.72246452,512002,0,512002,33017
v1,e7bd16a8ad2be3cb1a245ce7fe4d8ea167164025,direct,octree_nfcount,flyby,7,80,80,1.219583988,0.3583680093,1.579200029,1.586532,1,0,-1,32713,28624,16,16,11108,38.80659586,17.88715763,512002,0,512002,32713
v1,e7bd16a8ad2be3cb1a245ce7fe4d8ea167164025,direct,octree_nfcount,flyby,7,81,81,1.575103998,0.4876480103,2.064352036,2.072073,1,0,-1,33057,28925,16,16,11318,39.12878133,17.70101988,512002,0,512002,33057
v1,e7bd16a8ad2be3cb1a245ce7fe4d8ea167164025,direct,octree_nfcount,flyby,7,82,82,1.792000055,0.3512639999,2.144576073,2.151632,1,0,-1,32833,28729,16,16,11317,39.39225173,17.82178287,512002,0,512002,32833
v1,e7bd16a8ad2be3cb1a245ce7fe4d8ea167164025,direct,octree_nfcount,flyby,7,83,83,1.577023983,0.4836480021,2.062272072,2.068931,1,0,-1,32985,28862,16,16,11430,39.60224517,17.73965768,512002,0,512002,32985
v1,e7bd16a8ad2be3cb1a245ce7fe4d8ea167164025,direct,octree_nfcount,flyby,7,84,84,1.767807961,0.6170560122,2.387104034,2.394188,1,0,-1,33121,28981,16,16,11303,39.00141472,17.66681619,512002,0,512002,33121
v1,e7bd16a8ad2be3cb1a245ce7fe4d8ea167164025,direct,octree_nfcount,flyby,7,85,85,1.612416029,0.3545280099,1.968191981,1.975216,1,0,-1,32913,28799,16,16,11252,39.07080107,17.77846453,512002,0,512002,32913
v1,e7bd16a8ad2be3cb1a245ce7fe4d8ea167164025,direct,octree_nfcount,flyby,7,86,86,1.599583983,0.4855040014,2.087296009,2.094473,1,0,-1,33177,29030,16,16,11267,38.81157423,17.63699621,512002,0,512002,33177
v1,e7bd16a8ad2be3cb1a245ce7fe4d8ea167164025,direct,octree_nfcount,flyby,7,87,87,1.558112025,0.3565759957,1.915904045,1.923266,1,0,-1,33017,28890,16,16,11121,38.49428868,17.72246452,512002,0,512002,33017
v1,e7bd16a8ad2be3cb1a245ce7fe4d8ea167164025,direct,octree_nfcount,flyby,7,88,88,1.227040052,0.4874559939,1.716160059,1.723453,1,0,-1,33233,29079,16,16,11099,38.1684377,17.60727673,512002,0,512002,33233
v1,e7bd16a8ad2be3cb1a245ce7fe4d8ea167164025,direct,octree_nfcount,flyby,7,89,89,1.508671999,0.356543988,1.866431952,1.873775,1,0,-1,33145,29002,16,16,10943,37.73188056,17.65402386,512002,0,512002,33145
v1,e7bd16a8ad2be3cb1a245ce7fe4d8ea167164025,direct,octree_nfcount,flyby,7,90,90,1.223680019,0.4876480103,1.712895989,1.719908,1,0,-1,33513,29324,16,16,11159,38.05415359,17.46016914,512002,0,512002,33513
v1,e7bd16a8ad2be3cb1a245ce7fe4d8ea167164025,direct,octree_nfcount,flyby,7,91,91,1.489856005,0.359551996,1.850720048,1.857719,1,0,-1,33257,29100,16,16,10986,37.75257732,17.59457045,512002,0,512002,33257
v1,e7bd16a8ad2be3cb1a245ce7fe4d8ea167164025,direct,octree_nfcount,flyby,7,92,92,1.555232048,0.4856320024,2.043103933,2.050283,1,0,-1,33489,29303,16,16,10994,37.51834283,17.47268198,512002,0,512002,33489
v1,e7bd16a8ad2be3cb1a245ce7fe4d8ea167164025,direct,octree_nfcount,flyby,7,93,93,1.552608013,0.356415987,1.910272002,1.916286,1,0,-1,33169,29023,16,16,10790,37.17741102,17.64125004,512002,0,512002,33169
v1,e7bd16a8ad2be3cb1a245ce7fe4d8ea167164025,direct,octree_nfcount,flyby,7,94,94,1.535488009,0.485439986,2.023168087,2.028623,1,0,-1,33401,29226,16,16,10783,36.89523027,17.51871621,512002,0,512002,33401
v1,e7bd16a8ad2be3cb1a245ce7fe4d8ea167164025,direct,octree_nfcount,flyby,7,95,95,1.492928028,0.4876480103,1.982815981,1.990351,1,0,-1,33553,29359,16,16,10904,37.14022957,17.4393542,512002,0,512002,33553
v1,e7bd16a8ad2be3cb1a245ce7fe4d8ea167164025,direct,octree_nfcount,flyby,7,96,96,1.511423945,0.4936319888,2.007296085,2.015516,1,0,-1,33697,29485,16,16,10844,36.77802272,17.36482957,512002,0,512002,33697
v1,e7bd16a8ad2be3cb1a245ce7fe4d8ea167164025,direct,octree_nfcount,flyby,7,97,97,1.256127954,0.362560004,1.619904041,1.628052,1,0,-1,33561,29366,16,16,10908,37.14499762,17.43519717,512002,0,512002,33561
v1,e7bd16a8ad2be3cb1a245ce7fe4d8ea167164025,direct,octree_nfcount,flyby,7,98,98,1.513695955,0.4896000028,2.005503893,2.012969,1,0,-1,33585,29387,16,16,10999,37.42811447,17.42273795,512002,0,512002,33585
v1,e7bd16a8ad2be3cb1a245ce7fe4d8ea167164025,direct,octree_nfcount,flyby,7,99,99,1.547104001,0.4896000028,2.03830409,2.045584,1,0,-1,33745,29527,16,16,10992,37.22694483,17.34012937,512002,0,512002,33745
v1,e7bd16a8ad2be3cb1a245ce7fe4d8ea167164025,direct,octree_nfcount,flyby,7,100,100,1.546144009,0.3615680039,1.908928037,1.916119,1,0,-1,33713,29499,16,16,10893,36.92667548,17.35658836,512002,0,512002,33713
v1,e7bd16a8ad2be3cb1a245ce7fe4d8ea167164025,direct,octree_nfcount,flyby,7,101,101,1.534111977,0.3584960103,1.893823981,1.900147,1,0,-1,33649,29443,16,16,10772,36.58594573,17.38960024,512002,0,512002,33649
v1,e7bd16a8ad2be3cb1a245ce7fe4d8ea167164025,direct,octree_nfcount,flyby,7,102,102,1.238047957,0.3595199883,1.598816037,1.606005,1,0,-1,33489,29303,16,16,10591,36.14305702,17.47268198,512002,0,512002,33489
v1,e7bd16a8ad2be3cb1a245ce7fe4d8ea167164025,direct,octree_nfcount,flyby,7,103,103,1.219903946,0.4837439954,1.705855966,1.711162,1,0,-1,33753,29534,16,16,10733,36.34116611,17.3360195,512002,0,512002,33753
v1,e7bd16a8ad2be3cb1a245ce7fe4d8ea167164025,direct,octree_nfcount,flyby,7,104,104,1.243839979,0.4886719882,1.734112024,1.739738,1,0,-1,34177,29905,16,16,11106,37.13760241,17.12094967,512002,0,512002,34177
v1,e7bd16a8ad2be3cb1a245ce7fe4d8ea167164025,direct,octree_nfcount,flyby,7,105,105,1.486143947,0.3544960022,1.841856003,1.847405,1,0,-1,34001,29751,16,16,10741,36.10298813,17.20957279,512002,0,512002,34001
v1,e7bd16a8ad2be3cb1a245ce7fe4d8ea167164025,direct,octree_nfcount,flyby,7,106,106,1.266944051,0.3654080033,1.633599997,1.64103,1,0,-1,33873,29639,16,16,10755,36.28664935,17.27460441,512002,0,512002,33873
v1,e7bd16a8ad2be3cb1a245ce7fe4d8ea167164025,direct,octree_nfcount,flyby,7,107,107,1.51007998,0.4873600006,1.99900806,2.006047,1,0,-1,33937,29695,16,16,10889,36.66947298,17.24202728,512002,0,512002,33937
v1,e7bd16a8ad2be3cb1a245ce7fe4d8ea167164025,direct,octree_nfcount,flyby,7,108,108,1.232192039,0.3597440124,1.593152046,1.600095,1,0,-1,33785,29562,16,16,10730,36.29659698,17.31959949,512002,0,512002,33785
v1,e7bd16a8ad2be3cb1a245ce7fe4d8ea167164025,direct,octree_nfcount,flyby,7,109,109,1.232928038,0.4916160107,1.726240039,1.733417,1,0,-1,33833,29604,16,16,10547,35.62694231,17.2950277,512002,0,512002,33833
v1,e7bd16a8ad2be3cb1a245ce7fe4d8ea167164025,direct,octree_nfcount,flyby,7,110,110,1.508576035,0.4917759895,2.002655983,2.009523,1,0,-1,33913,29674,16,16,10754,36.24047988,17.25422929,512002,0,512002,33913
v1,e7bd16a8ad2be3cb1a245ce7fe4d8ea167164025,direct,octree_nfcount,flyby,7,111,111,1.526944041,0.3645760119,1.892768025,1.900644,1,0,-1,33833,29604,16,16,10656,35.99513579,17.2950277,512002,0,512002,33833
v1,e7bd16a8ad2be3cb1a245ce7fe4d8ea167164025,direct,octree_nfcount,flyby,7,112,112,1.527616024,0.3647679985,1.893632054,1.901746,1,0,-1,33705,29492,16,16,10491,35.57235861,17.36070799,512002,0,512002,33705
v1,e7bd16a8ad2be3cb1a245ce7fe4d8ea167164025,direct,octree_nfcount,flyby,7,113,113,1.542400002,0.4893440008,2.03334403,2.040618,1,0,-1,33753,29534,16,16,10577,35.81296133,17.3360195,512002,0,512002,33753
v1,e7bd16a8ad2be3cb1a245ce7fe4d8ea167164025,direct,octree_nfcount,flyby,7,114,114,1.530848026,0.4896000028,2.022815943,2.030167,1,0,-1,33993,29744,16,16,10637,35.76183432,17.21362292,512002,0,512002,33993
v1,e7bd16a8ad2be3cb1a245ce7fe4d8ea167164025,direct,octree_nfcount,flyby,7,115,115,1.223263979,0.3607040048,1.585216045,1.592609,1,0,-1,33745,29527,16,16,10446,35.37778982,17.34012937,512002,0,512002,33745
v1,e7bd16a8ad2be3cb1a245ce7fe4d8ea167164025,direct,octree_nfcount,flyby,7,116,116,1.509696007,0.4931519926,2.004064083,2.012138,1,0,-1,33849,29618,16,16,10536,35.57296239,17.28685259,512002,0,512002,33849
v1,e7bd16a8ad2be3cb1a245ce7fe4d8ea167164025,direct,octree_nfcount,flyby,7,117,117,1.579391956,0.4896320105,2.070624113,2.07818,1,0,-1,34065,29807,16,16,10710,35.93115711,17.17724025,512002,0,512002,34065
v1,e7bd16a8ad2be3cb1a245ce7fe4d8ea167164025,direct,octree_nfcount,flyby,7,118,118,1.598431945,0.3628160059,1.962463975,1.96976,1,0,-1,33873,29639,16,16,10620,35.83116839,17.27460441,512002,0,512002,33873
v1,e7bd16a8ad2be3cb1a245ce7fe4d8ea167164025,direct,octree_nfcount,flyby,7,119,119,1.53747201,0.3635840118,1.902304053,1.909554,1,0,-1,33817,29590,16,16,10560,35.68773234,17.30321054,512002,0,512002,33817
v1,e7bd16a8ad2be3cb1a245ce7fe4d8ea167164025,direct,octree_nfcount,flyby,7,120,120,1.550752044,0.4881600142,2.040159941,2.047169,1,0,-1,33905,29667,16,16,10591,35.69959888,17.25830047,512002,0,512002,33905
v1,e7bd16a8ad2be3cb1a245ce7fe4d8ea167164025,direct,octree_nfcount,flyby,7,121,121,1.48297596,0.4915199876,1.976096034,1.983791,1,0,-1,33977,29730,16,16,10591,35.62394887,17.22172889,512002,0,512002,33977
v1,e7bd16a8ad2be3cb1a245ce7fe4d8ea167164025,direct,octree_nfcount,flyby,7,122,122,1.502496004,0.3586879969,1.862432003,1.869566,1,0,-1,33833,29604,16,16,10423,35.20807999,17.2950277,512002,0,512002,33833
v1,e7bd16a8ad2be3cb1a245ce7fe4d8ea167164025,direct,octree_nfcount,flyby,7,123,123,1.54144001,0.4874559939,2.031136036,2.038078,1,0,-1,34081,29821,16,16,10633,35.65608129,17.16917608,512002,0,512002,34081
v1,e7bd16a8ad2be3cb1a245ce7fe4d8ea167164025,direct,octree_nfcount,flyby,7,124,124,1.607967973,0.3606399894,1.969823956,1.976842,1,0,-1,34025,29772,16,16,10572,35.50987505,17.19743383,512002,0,512002,34025
v1,e7bd16a8ad2be3cb1a245ce7fe4d8ea167164025,direct,octree_nfcount,flyby,7,125,125,1.584768057,0.3587520123,1.944736004,1.952231,1,0,-1,33969,29723,16,16,10562,35.53477105,17.22578475,512002,0,512002,33969
v1,e7bd16a8ad2be3cb1a245ce7fe4d8ea167164025,direct,octree_nfcount,flyby,7,126,126,1.557695985,0.4895359874,2.049567938,2.056901,1,0,-1,34161,29891,16,16,10564,35.34174166,17.12896859,512002,0,512002,34161
v1,e7bd16a8ad2be3cb1a245ce7fe4d8ea167164025,direct,octree_nfcount,flyby,7,127,127,1.230368018,0.3601920009,1.591807961,1.599518,1,0,-1,33801,29576,16,16,10352,35.00135245,17.31140114,512002,0,512002,33801
v1,e7bd16a8ad2be3cb1a245ce7fe4d8ea167164025,direct,octree_nfcount,flyby,7,128,128,1.554944038,0.3593600094,1.91555202,1.922613,1,0,-1,33761,29541,16,16,10309,34.89726143,17.33191158,512002,0,512002,33761
v1,e7bd16a8ad2be3cb1a245ce7fe4d8ea167164025,direct,octree_nfcount,flyby,7,129,129,1.567199945,0.4915199876,2.060928106,2.068781,1,0,-1,33921,29681,16,16,10359,34.90111519,17.25016004,512002,0,512002,33921
v1,e7bd16a8ad2be3cb1a245ce7fe4d8ea167164025,direct,octree_nfcount,flyby,7,130,130,1.580703974,0.3624959886,1.944416046,1.951841,1,0,-1,33609,29408,16,16,10176,34.60282916,17.41029652,512002,0,512002,33609
v1,e7bd16a8ad2be3cb1a245ce7fe4d8ea167164025,direct,octree_nfcount,flyby,7,131,131,1.618463993,0.4934079945,2.114432096,2.122666,1,0,-1,33649,29443,16,16,10189,34.60584859,17.38960024,512002,0,512002,33649
v1,e7bd16a8ad2be3cb1a245ce7fe4d8ea167164025,direct,octree_nfcount,flyby,7,132,132,1.570176005,0.4925119877,2.064287901,2.072499,1,0,-1,33889,29653,16,16,10220,34.46531548,17.26644859,512002,0,512002,33889
v1,e7bd16a8ad2be3cb1a245ce7fe4d8ea167164025,direct,octree_nfcount,flyby,7,133,133,1.232511997,0.3646399975,1.598399997,1.606491,1,0,-1,33673,29464,16,16,9888,33.55959815,17.37720608,512002,0,512002,33673
v1,e7bd16a8ad2be3cb1a245ce7fe4d8ea167164025,direct,octree_nfcount,flyby,7,134,134,1.597568035,0.495615989,2.094784021,2.102972,1,0,-1,33737,29520,16,16,10111,34.25135501,17.34424119,512002,0,512002,33737
v1,e7bd16a8ad2be3cb1a245ce7fe4d8ea167164025,direct,octree_nfcount,flyby,7,135,135,1.542623997,0.4977599978,2.042623997,2.05084,1,0,-1,33753,29534,16,16,10115,34.24866256,17.3360195,512002,0,512002,33753
v1,e7bd16a8ad2be3cb1a245ce7fe4d8ea167164025,direct,octree_nfcount,flyby,7,136,136,1.599840045,0.4919359982,2.093087912,2.101228,1,0,-1,33849,29618,16,16,10101,34.10426092,17.28685259,512002,0,512002,33849
v1,e7bd16a8ad2be3cb1a245ce7fe4d8ea167164025,direct,octree_nfcount,flyby,7,137,137,1.550431967,0.3655360043,1.917279959,1.925189,1,0,-1,33769,29548,16,16,10083,34.124137,17.3278056,512002,0,512002,33769
v1,e7bd16a8ad2be3cb1a245ce7fe4d8ea167164025,direct,octree_nfcount,flyby,7,138,138,1.482848048,0.4926080108,1.981472015,1.989367,1,0,-1,33889,29653,16,16,9954,33.56827302,17.26644859,512002,0,512002,33889
v1,e7bd16a8ad2be3cb1a245ce7fe4d8ea167164025,direct,octree_nfcount,flyby,7,139,139,1.531775951,0.4939840138,2.02895999,2.037077,1,0,-1,33897,29660,16,16,10133,34.16385705,17.26237357,512002,0,512002,33897
v1,e7bd16a8ad2be3cb1a245ce7fe4d8ea167164025,direct,octree_nfcount,flyby,7,140,140,1.585888028,0.3677439988,1.954848051,1.963184,1,0,-1,33777,29555,16,16,10149,34.33936728,17.32370157,512002,0,512002,33777
v1,e7bd16a8ad2be3cb1a245ce7fe4d8ea167164025,direct,octree_nfcount,flyby,7,141,141,1.597823977,0.4906559885,2.09068799,2.098608,1,0,-1,34001,29751,16,16,10004,33.62576048,17.20957279,512002,0,512002,34001
v1,e7bd16a8ad2be3cb1a245ce7fe4d8ea167164025,direct,octree_nfcount,flyby,7,142,142,1.630208015,0.3633599877,1.994815946,2.003067,1,0,-1,33969,29723,16,16,10122,34.05443596,17.22578475,512002,0,512002,33969
v1,e7bd16a8ad2be3cb1a245ce7fe4d8ea167164025,direct,octree_nfcount,flyby,7,143,143,1.581472039,0.4897280037,2.073407888,2.080296,1,0,-1,34009,29758,16,16,10077,33.86316285,17.20552456,512002,0,512002,34009
v1,e7bd16a8ad2be3cb1a245ce7fe4d8ea167164025,direct,octree_nfcount,flyby,7,144,144,1.218271971,0.3615359962,1.581055999,1.588447,1,0,-1,33593,29394,16,16,9857,33.53405457,17.41858883,512002,0,512002,33593
v1,e7bd16a8ad2be3cb1a245ce7fe4d8ea167164025,direct,octree_nfcount,flyby,7,145,145,1.547711968,0.3597120047,1.908640027,1.916474,1,0,-1,33497,29310,16,16,9793,33.41180484,17.46850904,512002,0,512002,33497
v1,e7bd16a8ad2be3cb1a245ce7fe4d8ea167164025,direct,octree_nfcount,flyby,7,146,146,1.586752057,0.3615680039,1.949535966,1.957339,1,0,-1,33313,29149,16,16,9613,32.97883289,17.56499365,512002,0,512002,33313
v1,e7bd16a8ad2be3cb1a245ce7fe4d8ea167164025,direct,octree_nfcount,flyby,7,147,147,1.577183962,0.3574079871,1.935807943,1.944082,1,0,-1,33233,29079,16,16,9677,33.27831081,17.60727673,512002,0,512002,33233
v1,e7bd16a8ad2be3cb1a245ce7fe4d8ea167164025,direct,octree_nfcount,flyby,7,148,148,1.589535952,0.4876799881,2.078847885,2.086478,1,0,-1,33401,29226,16,16,9799,33.52836515,17.51871621,512002,0,512002,33401
v1,e7bd16a8ad2be3cb1a245ce7fe4d8ea167164025,direct,octree_nfcount,flyby,7,149,149,1.215808034,0.3593919873,1.576447964,1.584423,1,0,-1,33177,29030,16,16,9626,33.15880124,17.63699621,512002,0,512002,33177
v1,e7bd16a8ad2be3cb1a245ce7fe4d8ea167164025,direct,octree_nfcount,flyby,7,150,150,1.576383948,0.4938240051,2.072416067,2.079314,1,0,-1,33481,29296,16,16,9867,33.68036592,17.47685691,512002,0,512002,33481
v1,e7bd16a8ad2be3cb1a245ce7fe4d8ea167164025,direct,octree_nfcount,flyby,7,151,151,1.568160057,0.4867199957,2.056607962,2.063306,1,0,-1,33761,29541,16,16,9868,33.40442097,17.33191158,512002,0,512002,33761
v1,e7bd16a8ad2be3cb1a245ce7fe4d8ea167164025,direct,octree_nfcount,flyby,7,152,152,1.591007948,0.3597120047,1.952927947,1.959205,1,0,-1,33665,29457,16,16,9890,33.57436263,17.38133551,512002,0,512002,33665
v1,e7bd16a8ad2be3cb1a245ce7fe4d8ea167164025,direct,octree_nfcount,flyby,7,153,153,1.602079988,0.3605439961,1.963871956,1.971229,1,0,-1,33601,29401,16,16,9824,33.41382946,17.41444169,512002,0,512002,33601
v1,e7bd16a8ad2be3cb1a245ce7fe4d8ea167164025,direct,octree_nfcount,flyby,7,154,154,1.218207955,0.3606719971,1.580127954,1.587671,1,0,-1,33545,29352,16,16,9776,33.30607795,17.44351322,512002,0,512002,33545
v1,e7bd16a8ad2be3cb1a245ce7fe4d8ea167164025,direct,octree_nfcount,flyby,7,155,155,1.531936049,0.3595199883,1.892768025,1.899946,1,0,-1,33425,29247,16,16,9746,33.32307587,17.50613738,512002,0,512002,33425
v1,e7bd16a8ad2be3cb1a245ce7fe4d8ea167164025,direct,octree_nfcount,flyby,7,156,156,1.543936014,0.3540799916,1.899263978,1.906349,1,0,-1,33401,29226,16,16,9684,33.1348799,17.51871621,512002,0,512002,33401
v1,e7bd16a8ad2be3cb1a245ce7fe4d8ea167164025,direct,octree_nfcount,flyby,7,157,157,1.524191976,0.4903999865,2.016223907,2.023407,1,0,-1,33425,29247,16,16,9708,33.19314802,17.50613738,512002,0,512002,33425
v1,e7bd16a8ad2be3cb1a245ce7fe4d8ea167164025,direct,octree_nfcount,flyby,7,158,158,1.514976025,0.4872959852,2.004512072,2.011334,1,0,-1,33841,29611,16,16,9784,33.04177502,17.29093918,512002,0,512002,33841
v1,e7bd16a8ad2be3cb1a245ce7fe4d8ea167164025,direct,octree_nfcount,flyby,7,159,159,1.214432001,0.3585279882,1.574175954,1.581218,1,0,-1,33617,29415,16,16,9593,32.61261261,17.40615332,512002,0,512002,33617
v1,e7bd16a8ad2be3cb1a245ce7fe4d8ea167164025,direct,octree_nfcount,flyby,7,160,160,1.45004797,0.3583360016,1.809599996,1.816346,1,0,-1,33361,29191,16,16,9517,32.60251447,17.53972115,512002,0,512002,33361
v1,e7bd16a8ad2be3cb1a245ce7fe4d8ea167164025,direct,octree_nfcount,flyby,7,161,161,1.561920047,0.4875200093,2.051647902,2.058548,1,0,-1,33521,29331,16,16,9574,32.64123283,17.45600218,512002,0,512002,33521
v1,e7bd16a8ad2be3cb1a245ce7fe4d8ea167164025,direct,octree_nfcount,flyby,7,162,162,1.756863952,0.3552959859,2.113408089,2.120229,1,0,-1,33497,29310,16,16,9517,32.47014671,17.46850904,512002,0,512002,33497
v1,e7bd16a8ad2be3cb1a245ce7fe4d8ea167164025,direct,octree_nfcount,flyby,7,163,163,1.550752044,0.4873920083,2.039776087,2.046442,1,0,-1,33985,29737,16,16,9688,32.57894206,17.21767495,512002,0,512002,33985
v1,e7bd16a8ad2be3cb1a245ce7fe4d8ea167164025,direct,octree_nfcount,flyby,7,164,164,1.212159991,0.3616639972,1.575103998,1.582793,1,0,-1,33489,29303,16,16,9481,32.35504897,17.47268198,512002,0,512002,33489
v1,e7bd16a8ad2be3cb1a245ce7fe4d8ea167164025,direct,octree_nfcount,flyby,7,165,165,1.48211205,0.359679997,1.843008041,1.850391,1,0,-1,33369,29198,16,16,9544,32.68717035,17.53551613,512002,0,512002,33369
v1,e7bd16a8ad2be3cb1a245ce7fe4d8ea167164025,direct,octree_nfcount,flyby,7,166,166,1.535647988,0.4897600114,2.027647972,2.034459,1,0,-1,33649,29443,16,16,9576,32.52385966,17.38960024,512002,0,512002,33649
v1,e7bd16a8ad2be3cb1a245ce7fe4d8ea167164025,direct,octree_nfcount,flyby,7,167,167,1.540096045,0.4923200011,2.034015894,2.042055,1,0,-1,33745,29527,16,16,9536,32.2958648,17.34012937,512002,0,512002,33745
v1,e7bd16a8ad2be3cb1a245ce7fe4d8ea167164025,direct,octree_nfcount,flyby,7,168,168,1.587167978,0.3627839983,1.951167941,1.959312,1,0,-1,33609,29408,16,16,9508,32.33133841,17.41029652,512002,0,512002,33609
v1,e7bd16a8ad2be3cb1a245ce7fe4d8ea167164025,direct,octree_nfcount,flyby,7,169,169,1.22665596,0.4875519872,1.715839982,1.72332,1,0,-1,33745,29527,16,16,9467,32.06218038,17.34012937,512002,0,512002,33745
v1,e7bd16a8ad2be3cb1a245ce7fe4d8ea167164025,direct,octree_nfcount,flyby,7,170,170,1.523488045,0.3583039939,1.883008003,1.890346,1,0,-1,33681,29471,16,16,9585,32.52349768,17.37307862,512002,0,512002,33681
v1,e7bd16a8ad2be3cb1a245ce7fe4d8ea167164025,direct,octree_nfcount,flyby,7,171,171,1.562495947,0.4903999865,2.054527998,2.061419,1,0,-1,33769,29548,16,16,9540,32.28644917,17.3278056,512002,0,512002,33769
v1,e7bd16a8ad2be3cb1a245ce7fe4d8ea167164025,direct,octree_nfcount,flyby,7,172,172,1.540192008,0.4917759895,2.034176111,2.041437,1,0,-1,33809,29583,16,16,9426,31.86289423,17.30730487,512002,0,512002,33809
v1,e7bd16a8ad2be3cb1a245ce7fe4d8ea167164025,direct,octree_nfcount,flyby,7,173,173,1.542655945,0.3627839983,1.906656027,1.914472,1,0,-1,33745,29527,16,16,9442,31.97751211,17.34012937,512002,0,512002,33745
v1,e7bd16a8ad2be3cb1a245ce7fe4d8ea167164025,direct,octree_nfcount,flyby,7,174,174,1.219328046,0.3617280126,1.582272053,1.590102,1,0,-1,33537,29345,16,16,9356,31.8827739,17.44767422,512002,0,512002,33537
v1,e7bd16a8ad2be3cb1a245ce7fe4d8ea167164025,direct,octree_nfcount,flyby,7,175,175,1.238880038,0.3605119884,1.600607991,1.607977,1,0,-1,33465,29282,16,16,9404,32.11529267,17.48521276,512002,0,512002,33465
v1,e7bd16a8ad2be3cb1a245ce7fe4d8ea167164025,direct,octree_nfcount,flyby,7,176,176,1.523936033,0.3593280017,1.88448,1.891825,1,0,-1,33393,29219,16,16,9278,31.7533112,17.52291317,512002,0,512002,33393
v1,e7bd16a8ad2be3cb1a245ce7fe4d8ea167164025,direct,octree_nfcount,flyby,7,177,177,1.55308795,0.4875519872,2.042272091,2.049416,1,0,-1,33417,29240,16,16,9391,32.11696306,17.51032832,512002,0,512002,33417
v1,e7bd16a8ad2be3cb1a245ce7fe4d8ea167164025,direct,octree_nfcount,flyby,7,178,178,1.540608048,0.4862399995,2.029119968,2.036167,1,0,-1,33425,29247,16,16,9330,31.90070776,17.50613738,512002,0,512002,33425
v1,e7bd16a8ad2be3cb1a245ce7fe4d8ea167164025,direct,octree_nfcount,flyby,7,179,179,1.206015944,0.3576000035,1.564831972,1.572509,1,0,-1,33329,29163,16,16,9177,31.46795597,17.5565614,512002,0,512002,33329
v1,e7bd16a8ad2be3cb1a245ce7fe4d8ea167164025,direct,octree_nfcount,flyby,7,180,180,1.252895951,0.4924159944,1.746912003,1.754826,1,0,-1,33553,29359,16,16,9334,31.79263599,17.4393542,512002,0,512002,33553
v1,e7bd16a8ad2be3cb1a245ce7fe4d8ea167164025,direct,octree_nfcount,flyby,7,181,181,1.550559998,0.3626239896,1.914432049,1.922134,1,0,-1,33537,29345,16,16,9265,31.57266996,17.44767422,512002,0,512002,33537
v1,e7bd16a8ad2be3cb1a245ce7fe4d8ea167164025,direct,octree_nfcount,flyby,7,182,182,1.523551941,0.4926719964,2.017823935,2.02491,1,0,-1,33729,29513,16,16,9393,31.82665266,17.34835496,512002,0,512002,33729
v1,e7bd16a8ad2be3cb1a245ce7fe4d8ea167164025,direct,octree_nfcount,flyby,7,183,183,1.449599981,0.3675520122,1.818400025,1.826719,1,0,-1,33457,29275,16,16,9144,31.23484202,17.48939368,512002,0,512002,33457
v1,e7bd16a8ad2be3cb1a245ce7fe4d8ea167164025,direct,octree_nfcount,flyby,7,184,184,1.240767956,0.4938560128,1.736832023,1.744721,1,0,-1,33537,29345,16,16,9328,31.7873573,17.44767422,512002,0,512002,33537
v1,e7bd16a8ad2be3cb1a245ce7fe4d8ea167164025,direct,octree_nfcount,flyby,7,185,185,1.508448005,0.3647679985,1.874464035,1.882933,1,0,-1,33505,29317,16,16,9439,32.1963366,17.4643381,512002,0,512002,33505
v1,e7bd16a8ad2be3cb1a245ce7fe4d8ea167164025,direct,octree_nfcount,flyby,7,186,186,1.505696058,0.3627200127,1.869663954,1.877566,1,0,-1,33401,29226,16,16,9245,31.63279272,17.51871621,512002,0,512002,33401
v1,e7bd16a8ad2be3cb1a245ce7fe4d8ea167164025,direct,octree_nfcount,flyby,7,187,187,1.549471974,0.4915519953,2.043263912,2.050639,1,0,-1,33553,29359,16,16,9383,31.95953541,17.4393542,512002,0,512002,33553
v1,e7bd16a8ad2be3cb1a245ce7fe4d8ea167164025,direct,octree_nfcount,flyby,7,188,188,1.197216034,0.3545280099,1.552960038,1.558389,1,0,-1,33521,29331,16,16,9211,31.40363438,17.45600218,512002,0,512002,33521
v1,e7bd16a8ad2be3cb1a245ce7fe4d8ea167164025,direct,octree_nfcount,flyby,7,189,189,1.494879961,0.3646720052,1.860800028,1.868981,1,0,-1,33369,29198,16,16,9273,31.75902459,17.53551613,512002,0,512002,33369
v1,e7bd16a8ad2be3cb1a245ce7fe4d8ea167164025,direct,octree_nfcount,flyby,7,190,190,1.529983997,0.4670079947,1.998592019,2.004977,1,0,-1,33449,29268,16,16,9212,31.47464808,17.4935766,512002,0,512002,33449
v1,e7bd16a8ad2be3cb1a245ce7fe4d8ea167164025,direct,octree_nfcount,flyby,7,191,191,1.502496004,0.3584960103,1.862239957,1.869581,1,0,-1,33281,29121,16,16,9093,31.22488926,17.58188249,512002,0,512002,33281
v1,e7bd16a8ad2be3cb1a245ce7fe4d8ea167164025,direct,octree_nfcount,flyby,7,192,192,1.554432034,0.4905920029,2.046623945,2.054145,1,0,-1,33441,29261,16,16,9180,31.37281706,17.49776153,512002,0,512002,33441
v1,e7bd16a8ad2be3cb1a245ce7fe4d8ea167164025,direct,octree_nfcount,flyby,7,193,193,1.217983961,0.3614400029,1.580736041,1.5887,1,0,-1,33369,29198,16,16,9133,31.27953969,17.53551613,512002,0,512002,33369
v1,e7bd16a8ad2be3cb1a245ce7fe4d8ea167164025,direct,octree_nfcount,flyby,7,194,194,1.52243197,0.3584640026,1.882143974,1.889175,1,0,-1,33297,29135,16,16,9121,31.30598936,17.57343401,512002,0,512002,33297
v1,e7bd16a8ad2be3cb1a245ce7fe4d8ea167164025,direct,octree_nfcount,flyby,7,195,195,1.503712058,0.3596160114,1.864575982,1.872315,1,0,-1,33233,29079,16,16,9088,31.25279411,17.60727673,512002,0,512002,33233
v1,e7bd16a8ad2be3cb1a245ce7fe4d8ea167164025,direct,octree_nfcount,flyby,7,196,196,1.253152013,0.4865280092,1.741312027,1.748581,1,0,-1,33537,29345,16,16,9330,31.79417277,17.44767422,512002,0,512002,33537
v1,e7bd16a8ad2be3cb1a245ce7fe4d8ea167164025,direct,octree_nfcount,flyby,7,197,197,1.208639979,0.3586879969,1.56854403,1.575315,1,0,-1,33481,29296,16,16,9301,31.74836155,17.47685691,512002,0,512002,33481
v1,e7bd16a8ad2be3cb1a245ce7fe4d8ea167164025,direct,octree_nfcount,flyby,7,198,198,1.510944009,0.4894079864,2.001951933,2.009656,1,0,-1,33489,29303,16,16,9319,31.80220455,17.47268198,512002,0,512002,33489
v1,e7bd16a8ad2be3cb1a245ce7fe4d8ea167164025,direct,octree_nfcount,flyby,7,199,199,1.549280047,0.3627519906,1.91328001,1.920844,1,0,-1,33465,29282,16,16,9271,31.66108872,17.48521276,512002,0,512002,33465
v1,e7bd16a8ad2be3cb1a245ce7fe4d8ea167164025,direct,octree_nfcount,flyby,7,200,200,1.511487961,0.4904960096,2.003648043,2.010954,1,0,-1,33593,29394,16,16,9316,31.6935429,17.41858883,512002,0,512002,33593
v1,e7bd16a8ad2be3cb1a245ce7fe4d8ea167164025,direct,octree_nfcount,flyby,7,201,201,1.44748795,0.4906879961,1.940415978,1.947986,1,0,-1,33633,29429,16,16,9288,31.56070543,17.39787285,512002,0,512002,33633
v1,e7bd16a8ad2be3cb1a245ce7fe4d8ea167164025,direct,octree_nfcount,flyby,7,202,202,1.217023969,0.4925760031,1.710816026,1.71965,1,0,-1,33873,29639,16,16,9267,31.26623705,17.27460441,512002,0,512002,33873
v1,e7bd16a8ad2be3cb1a245ce7fe4d8ea167164025,direct,octree_nfcount,flyby,7,203,203,1.541919947,0.3635840118,1.906720042,1.915104,1,0,-1,33617,29415,16,16,9315,31.66751657,17.40615332,512002,0,512002,33617
v1,e7bd16a8ad2be3cb1a245ce7fe4d8ea167164025,direct,octree_nfcount,flyby,7,204,204,1.541152,0.4963200092,2.039680004,2.047845,1,0,-1,33641,29436,16,16,9223,31.33238212,17.39373556,512002,0,512002,33641
v1,e7bd16a8ad2be3cb1a245ce7fe4d8ea167164025,direct,octree_nfcount,flyby,7,205,205,1.571807981,0.4925760031,2.066623926,2.074906,1,0,-1,33841,29611,16,16,9431,31.84965047,17.29093918,512002,0,512002,33841
v1,e7bd16a8ad2be3cb1a245ce7fe4d8ea167164025,direct,octree_nfcount,flyby,7,206,206,1.208384037,0.3575040102,1.567103982,1.57365,1,0,-1,33681,29471,16,16,9305,31.57341115,17.37307862,512002,0,512002,33681
v1,e7bd16a8ad2be3cb1a245ce7fe4d8ea167164025,direct,octree_nfcount,flyby,7,207,207,1.543903947,0.4936960042,2.039808035,2.047511,1,0,-1,33833,29604,16,16,9480,32.02269964,17.2950277,512002,0,512002,33833
v1,e7bd16a8ad2be3cb1a245ce7fe4d8ea167164025,direct,octree_nfcount,flyby,7,208,208,1.572576046,0.362560004,1.936383963,1.943358,1,0,-1,33817,29590,16,16,9404,31.7810071,17.30321054,512002,0,512002,33817
v1,e7bd16a8ad2be3cb1a245ce7fe4d8ea167164025,direct,octree_nfcount,flyby,7,209,209,1.535712004,0.360799998,1.897727966,1.905528,1,0,-1,33713,29499,16,16,9304,31.54005221,17.35658836,512002,0,512002,33713
v1,e7bd16a8ad2be3cb1a245ce7fe4d8ea167164025,direct,octree_nfcount,flyby,7,210,210,1.571903944,0.5092480183,2.082751989,2.090414,1,0,-1,33761,29541,16,16,9288,31.44104803,17.33191158,512002,0,512002,33761
v1,e7bd16a8ad2be3cb1a245ce7fe4d8ea167164025,direct,octree_nfcount,flyby,7,211,211,1.217151999,0.3648320138,1.583199978,1.590648,1,0,-1,33553,29359,16,16,9173,31.24425219,17.4393542,512002,0,512002,33553
v1,e7bd16a8ad2be3cb1a245ce7fe4d8ea167164025,direct,octree_nfcount,flyby,7,212,212,1.521759987,0.4907839894,2.014816046,2.022717,1,0,-1,33601,29401,16,16,9230,31.39349002,17.41444169,512002,0,512002,33601
v1,e7bd16a8ad2be3cb1a245ce7fe4d8ea167164025,direct,octree_nfcount,flyby,7,213,213,1.547744036,0.3656319976,1.914592028,1.922447,1,0,-1,33481,29296,16,16,9234,31.51966139,17.47685691,512002,0,512002,33481
v1,e7bd16a8ad2be3cb1a245ce7fe4d8ea167164025,direct,octree_nfcount,flyby,7,214,214,1.550304055,0.4897600114,2.042335987,2.04964,1,0,-1,33705,29492,16,16,9321,31.60518107,17.36070799,512002,0,512002,33705
v1,e7bd16a8ad2be3cb1a245ce7fe4d8ea167164025,direct,octree_nfcount,flyby,7,215,215,1.224223971,0.3606080115,1.586048007,1.592958,1,0,-1,33617,29415,16,16,9205,31.29355771,17.40615332,512002,0,512002,33617
v1,e7bd16a8ad2be3cb1a245ce7fe4d8ea167164025,direct,octree_nfcount,flyby,7,216,216,1.556831956,0.4917759895,2.050816059,2.058105,1,0,-1,33881,29646,16,16,9402,31.71422789,17.27052553,512002,0,512002,33881
v1,e7bd16a8ad2be3cb1a245ce7fe4d8ea167164025,direct,octree_nfcount,flyby,7,217,217,1.544576049,0.3648320138,1.910624027,1.918002,1,0,-1,33745,29527,16,16,9249,31.32387307,17.34012937,512002,0,512002,33745
v1,e7bd16a8ad2be3cb1a245ce7fe4d8ea167164025,direct,octree_nfcount,flyby,7,218,218,1.589247942,0.4875200093,2.078975916,2.086184,1,0,-1,33801,29576,16,16,9333,31.55599134,17.31140114,512002,0,512002,33801
v1,e7bd16a8ad2be3cb1a245ce7fe4d8ea167164025,direct,octree_nfcount,flyby,7,219,219,1.561280012,0.492832005,2.0563519,2.064253,1,0,-1,33817,29590,16,16,9308,31.45657317,17.30321054,512002,0,512002,33817
v1,e7bd16a8ad2be3cb1a245ce7fe4d8ea167164025,direct,octree_nfcount,flyby,7,220,220,1.225728035,0.3626239896,1.589599967,1.596765,1,0,-1,33561,29366,16,16,9197,31.31853164,17.43519717,512002,0,512002,33561
v1,e7bd16a8ad2be3cb1a245ce7fe4d8ea167164025,direct,octree_nfcount,flyby,7,221,221,1.576320052,0.4934400022,2.071360111,2.079285,1,0,-1,33849,29618,16,16,9387,31.69356472,17.28685259,512002,0,512002,33849
v1,e7bd16a8ad2be3cb1a245ce7fe4d8ea167164025,direct,octree_nfcount,flyby,7,222,222,1.576607943,0.491584003,2.0704,2.078111,1,0,-1,33905,29667,16,16,9322,31.42211885,17.25830047,512002,0,512002,33905
v1,e7bd16a8ad2be3cb1a245ce7fe4d8ea167164025,direct,octree_nfcount,flyby,7,223,223,1.562432051,0.3611519933,1.924800038,1.933143,1,0,-1,33873,29639,16,16,9312,31.41806404,17.27460441,512002,0,512002,33873
v1,e7bd16a8ad2be3cb1a245ce7fe4d8ea167164025,direct,octree_nfcount,flyby,7,224,224,1.209087968,0.358047992,1.568384051,1.574441,1,0,-1,33657,29450,16,16,9102,30.90662139,17.38546689,512002,0,512002,33657
v1,e7bd16a8ad2be3cb1a245ce7fe4d8ea167164025,direct,octree_nfcount,flyby,7,225,225,1.511039972,0.4896639884,2.002367973,2.009376,1,0,-1,34041,29786,16,16,9389,31.52152018,17.1893507,512002,0,512002,34041
v1,e7bd16a8ad2be3cb1a245ce7fe4d8ea167164025,direct,octree_nfcount,flyby,7,226,226,1.502591968,0.3592000008,1.863008022,1.869915,1,0,-1,33681,29471,16,16,9064,30.7556581,17.37307862,512002,0,512002,33681
v1,e7bd16a8ad2be3cb1a245ce7fe4d8ea167164025,direct,octree_nfcount,flyby,7,227,227,1.526304007,0.4927360117,2.021311998,2.028263,1,0,-1,33745,29527,16,16,9200,31.15792326,17.34012937,512002,0,512002,33745
v1,e7bd16a8ad2be3cb1a245ce7fe4d8ea167164025,direct,octree_nfcount,flyby,7,228,228,1.219295979,0.4921280146,1.712671995,1.720183,1,0,-1,33889,29653,16,16,9059,30.55002866,17.26644859,512002,0,512002,33889
v1,e7bd16a8ad2be3cb1a245ce7fe4d8ea167164025,direct,octree_nfcount,flyby,7,229,229,1.517727971,0.3637439907,1.882688046,1.890326,1,0,-1,33801,29576,16,16,9115,30.81890722,17.31140114,512002,0,512002,33801
v1,e7bd16a8ad2be3cb1a245ce7fe4d8ea167164025,direct,octree_nfcount,flyby,7,230,230,1.522079945,0.4897280037,2.014015913,2.021536,1,0,-1,33945,29702,16,16,9118,30.69826948,17.23796377,512002,0,512002,33945
v1,e7bd16a8ad2be3cb1a245ce7fe4d8ea167164025,direct,octree_nfcount,flyby,7,231,231,1.566112041,0.4864319861,2.054143906,2.059839,1,0,-1,34049,29793,16,16,9222,30.9535797,17.18531199,512002,0,512002,34049
v1,e7bd16a8ad2be3cb1a245ce7fe4d8ea167164025,direct,octree_nfcount,flyby,7,232,232,1.234784007,0.3563199937,1.592352033,1.5991,1,0,-1,34001,29751,16,16,9144,30.73510134,17.20957279,512002,0,512002,34001
v1,e7bd16a8ad2be3cb1a245ce7fe4d8ea167164025,direct,octree_nfcount,flyby,7,233,233,1.480607986,0.3546560109,1.83651197,1.842178,1,0,-1,33945,29702,16,16,9191,30.94404417,17.23796377,512002,0,512002,33945
v1,e7bd16a8ad2be3cb1a245ce7fe4d8ea167164025,direct,octree_nfcount,flyby,7,234,234,1.515295982,0.4848000109,2.001312017,2.007036,1,0,-1,34265,29982,16,16,9202,30.69174838,17.07697952,512002,0,512002,34265
v1,e7bd16a8ad2be3cb1a245ce7fe4d8ea167164025,direct,octree_nfcount,flyby,7,235,235,1.571871996,0.3587520123,1.93187201,1.938958,1,0,-1,34161,29891,16,16,9175,30.69485798,17.12896859,512002,0,512002,34161
v1,e7bd16a8ad2be3cb1a245ce7fe4d8ea167164025,direct,octree_nfcount,flyby,7,236,236,1.558112025,0.3652800024,1.924640059,1.932523,1,0,-1,34145,29877,16,16,9250,30.96027044,17.13699501,512002,0,512002,34145
v1,e7bd16a8ad2be3cb1a245ce7fe4d8ea167164025,direct,octree_nfcount,flyby,7,237,237,1.233664036,0.3646720052,1.599583983,1.607244,1,0,-1,34017,29765,16,16,9029,30.33428523,17.20147825,512002,0,512002,34017
v1,e7bd16a8ad2be3cb1a245ce7fe4d8ea167164025,direct,octree_nfcount,flyby,7,238,238,1.553663969,0.4915519953,2.046880007,2.053831,1,0,-1,34161,29891,16,16,9228,30.87216888,17.12896859,512002,0,512002,34161
v1,e7bd16a8ad2be3cb1a245ce7fe4d8ea167164025,direct,octree_nfcount,flyby,7,239,239,1.565407991,0.3586559892,1.925279975,1.931537,1,0,-1,34161,29891,16,16,9090,30.41049145,17.12896859,512002,0,512002,34161
v1,e7bd16a8ad2be3cb1a245ce7fe4d8ea167164025,direct,octree_nfcount,flyby,7,240,240,1.592352033,0.3574720025,1.95104003,1.956867,1,0,-1,34153,29884,16,16,9185,30.73551064,17.13298086,512002,0,512002,34153
v1,e7bd16a8ad2be3cb1a245ce7fe4d8ea167164025,direct,octree_nfcount,flyby,7,241,241,1.223104,0.4856959879,1.710399985,1.717109,1,0,-1,34249,29968,16,16,9148,30.52589429,17.08495729,512002,0,512002,34249
v1,e7bd16a8ad2be3cb1a245ce7fe4d8ea167164025,direct,octree_nfcount,flyby,7,242,242,1.508191943,0.3586879969,1.868064046,1.875686,1,0,-1,34137,29870,16,16,9176,30.71978574,17.14101105,512002,0,512002,34137
v1,e7bd16a8ad2be3cb1a245ce7fe4d8ea167164025,direct,octree_nfcount,flyby,7,243,243,1.621888041,0.4877440035,2.111392021,2.118618,1,0,-1,34193,29919,16,16,9142,30.55583409,17.11293827,512002,0,512002,34193
v1,e7bd16a8ad2be3cb1a245ce7fe4d8ea167164025,direct,octree_nfcount,flyby,7,244,244,1.587967992,0.4877760112,2.077343941,2.084641,1,0,-1,34417,30115,16,16,9288,30.8417732,17.00156068,512002,0,512002,34417
v1,e7bd16a8ad2be3cb1a245ce7fe4d8ea167164025,direct,octree_nfcount,flyby,7,245,245,1.229279995,0.3646720052,1.595167994,1.603138,1,0,-1,34297,30010,16,16,9068,30.21659447,17.06104632,512002,0,512002,34297
v1,e7bd16a8ad2be3cb1a245ce7fe4d8ea167164025,direct,octree_nfcount,flyby,7,246,246,1.504320025,0.4877119958,1.993664026,1.999183,1,0,-1,34337,30045,16,16,9146,30.44100516,17.04117158,512002,0,512002,34337
v1,e7bd16a8ad2be3cb1a245ce7fe4d8ea167164025,direct,octree_nfcount,flyby,7,247,247,1.55507195,0.3563199937,1.912608027,1.919057,1,0,-1,34057,29800,16,16,8981,30.13758389,17.18127517,512002,0,512002,34057
v1,e7bd16a8ad2be3cb1a245ce7fe4d8ea167164025,direct,octree_nfcount,flyby,7,248,248,1.561023951,0.4887360036,2.051392078,2.058413,1,0,-1,34241,29961,16,16,9202,30.71326057,17.08894897,512002,0,512002,34241
v1,e7bd16a8ad2be3cb1a245ce7fe4d8ea167164025,direct,octree_nfcount,flyby,7,249,249,1.228127956,0.4907200038,1.721055984,1.728647,1,0,-1,34377,30080,16,16,9254,30.76462766,17.02134309,512002,0,512002,34377
v1,e7bd16a8ad2be3cb1a245ce7fe4d8ea167164025,direct,octree_nfcount,flyby,7,250,250,1.245823979,0.4926080108,1.740031958,1.747325,1,0,-1,34441,30136,16,16,9301,30.86341917,16.9897133,512002,0,512002,34441
v1,e7bd16a8ad2be3cb1a245ce7fe4d8ea167164025,direct,octree_nfcount,flyby,7,251,251,1.529888034,0.3646720052,1.895776033,1.903553,1,0,-1,34193,29919,16,16,9082,30.35529262,17.11293827,512002,0,512002,34193
v1,e7bd16a8ad2be3cb1a245ce7fe4d8ea167164025,direct,octree_nfcount,flyby,7,252,252,1.592576027,0.3595840037,1.953408003,1.960871,1,0,-1,34081,29821,16,16,9099,30.51205526,17.16917608,512002,0,512002,34081
v1,e7bd16a8ad2be3cb1a245ce7fe4d8ea167164025,direct,octree_nfcount,flyby,7,253,253,1.251199961,0.4955520034,1.748383999,1.756234,1,0,-1,34385,30087,16,16,9075,30.16252867,17.01738292,512002,0,512002,34385
v1,e7bd16a8ad2be3cb1a245ce7fe4d8ea167164025,direct,octree_nfcount,flyby,7,254,254,1.497792006,0.3614079952,1.860416055,1.868037,1,0,-1,34385,30087,16,16,9173,30.48825074,17.01738292,512002,0,512002,34385
v1,e7bd16a8ad2be3cb1a245ce7fe4d8ea167164025,direct,octree_nfcount,flyby,7,255,255,1.547359943,0.4948480129,2.043807983,2.051493,1,0,-1,34393,30094,16,16,9045,30.05582508,17.0134246,512002,0,512002,34393
v1,e7bd16a8ad2be3cb1a245ce7fe4d8ea167164025,direct,octree_nfcount,flyby,7,256,256,1.56556797,0.4937919974,2.061568022,2.069306,1,0,-1,34505,30192,16,16,9108,30.16693164,16.95820085,512002,0,512002,34505
v1,e7bd16a8ad2be3cb1a245ce7fe4d8ea167164025,direct,octree_nfcount,flyby,7,257,257,1.604799986,0.3624640107,1.968512058,1.976109,1,0,-1,34281,29996,16,16,9069,30.2340312,17.0690092,512002,0,512002,34281
v1,e7bd16a8ad2be3cb1a245ce7fe4d8ea167164025,direct,octree_nfcount,flyby,7,258,258,1.230880022,0.3606399894,1.592767954,1.599938,1,0,-1,34225,29947,16,16,9066,30.27348315,17.09693792,512002,0,512002,34225
v1,e7bd16a8ad2be3cb1a245ce7fe4d8ea167164025,direct,octree_nfcount,flyby,7,259,259,1.545343995,0.492704004,2.039648056,2.046964,1,0,-1,34433,30129,16,16,9189,30.49885492,16.99366059,512002,0,512002,34433
v1,e7bd16a8ad2be3cb1a245ce7fe4d8ea167164025,direct,octree_nfcount,flyby,7,260,260,1.27235198,0.3607040048,1.634304047,1.64194,1,0,-1,34193,29919,16,16,9051,30.25167953,17.11293827,512002,0,512002,34193
v1,e7bd16a8ad2be3cb1a245ce7fe4d8ea167164025,direct,octree_nfcount,flyby,7,261,261,1.555583954,0.4887360036,2.046528101,2.053371,1,0,-1,34545,30227,16,16,9124,30.184934,16.93856486,512002,0,512002,34545
v1,e7bd16a8ad2be3cb1a245ce7fe4d8ea167164025,direct,octree_nfcount,flyby,7,262,262,1.22579205,0.3622719944,1.589280009,1.596854,1,0,-1,34305,30017,16,16,9107,30.3394743,17.05706766,512002,0,512002,34305
v1,e7bd16a8ad2be3cb1a245ce7fe4d8ea167164025,direct,octree_nfcount,flyby,7,263,263,1.548671961,0.3611199856,1.911039948,1.918769,1,0,-1,34137,29870,16,16,9007,30.15400067,17.14101105,512002,0,512002,34137
v1,e7bd16a8ad2be3cb1a245ce7fe4d8ea167164025,direct,octree_nfcount,flyby,7,264,264,1.565727949,0.4894399941,2.057375908,2.06474,1,0,-1,34249,29968,16,16,9046,30.18553123,17.08495729,512002,0,512002,34249
v1,e7bd16a8ad2be3cb1a245ce7fe4d8ea167164025,direct,octree_nfcount,flyby,7,265,265,1.549216032,0.3571839929,1.90860796,1.913826,1,0,-1,34041,29786,16,16,8960,30.08124622,17.1893507,512002,0,512002,34041
v1,e7bd16a8ad2be3cb1a245ce7fe4d8ea167164025,direct,octree_nfcount,flyby,7,266,266,1.232992053,0.3636159897,1.597856045,1.605543,1,0,-1,33897,29660,16,16,8768,29.56169926,17.26237357,512002,0,512002,33897
v1,e7bd16a8ad2be3cb1a245ce7fe4d8ea167164025,direct,octree_nfcount,flyby,7,267,267,1.514495969,0.4948480129,2.01094389,2.018278,1,0,-1,33961,29716,16,16,8923,30.02759456,17.22984251,512002,0,512002,33961
v1,e7bd16a8ad2be3cb1a245ce7fe4d8ea167164025,direct,octree_nfcount,flyby,7,268,268,1.541183949,0.3624640107,1.904863954,1.91139,1,0,-1,33753,29534,16,16,8812,29.83679827,17.3360195,512002,0,512002,33753
v1,e7bd16a8ad2be3cb1a245ce7fe4d8ea167164025,direct,octree_nfcount,flyby,7,269,269,1.554911971,0.4856320024,2.04214406,2.049305,1,0,-1,34129,29863,16,16,8938,29.93001373,17.14502897,512002,0,512002,34129
v1,e7bd16a8ad2be3cb1a245ce7fe4d8ea167164025,direct,octree_nfcount,flyby,7,270,270,1.203423977,0.3583999872,1.563071966,1.569575,1,0,-1,33881,29646,16,16,8900,30.02091345,17.27052553,512002,0,512002,33881
v1,e7bd16a8ad2be3cb1a245ce7fe4d8ea167164025,direct,octree_nfcount,flyby,7,271,271,1.523872018,0.4928640127,2.018368006,2.025798,1,0,-1,34137,29870,16,16,9024,30.21091396,17.14101105,512002,0,512002,34137
v1,e7bd16a8ad2be3cb1a245ce7fe4d8ea167164025,direct,octree_nfcount,flyby,7,272,272,1.554015994,0.3596160114,1.914880037,1.921986,1,0,-1,34041,29786,16,16,8796,29.53065198,17.1893507,512002,0,512002,34041
v1,e7bd16a8ad2be3cb1a245ce7fe4d8ea167164025,direct,octree_nfcount,flyby,7,273,273,1.542623997,0.488319993,2.032191992,2.038975,1,0,-1,34313,30024,16,16,9019,30.03930189,17.05309086,512002,0,512002,34313
v1,e7bd16a8ad2be3cb1a245ce7fe4d8ea167164025,direct,octree_nfcount,flyby,7,274,274,1.22467196,0.3616000116,1.587551951,1.593504,1,0,-1,34209,29933,16,16,8826,29.48585174,17.10493435,512002,0,512002,34209
v1,e7bd16a8ad2be3cb1a245ce7fe4d8ea167164025,direct,octree_nfcount,flyby,7,275,275,1.56556797,0.3607040048,1.927487969,1.934597,1,0,-1,33881,29646,16,16,8721,29.41712204,17.27052553,512002,0,512002,33881
v1,e7bd16a8ad2be3cb1a245ce7fe4d8ea167164025,direct,octree_nfcount,flyby,7,276,276,1.545248032,0.3587839901,1.905248046,1.911282,1,0,-1,33737,29520,16,16,8613,29.17682927,17.34424119,512002,0,512002,33737
v1,e7bd16a8ad2be3cb1a245ce7fe4d8ea167164025,direct,octree_nfcount,flyby,7,277,277,1.560672045,0.4906879961,2.052992105,2.060084,1,0,-1,33873,29639,16,16,8762,29.56240089,17.27460441,512002,0,512002,33873
v1,e7bd16a8ad2be3cb1a245ce7fe4d8ea167164025,direct,octree_nfcount,flyby,7,278,278,1.209344029,0.4886400104,1.69926405,1.705006,1,0,-1,34017,29765,16,16,8710,29.26255669,17.20147825,512002,0,512002,34017
v1,e7bd16a8ad2be3cb1a245ce7fe4d8ea167164025,direct,octree_nfcount,flyby,7,279,279,1.552448034,0.3646079898,1.918272018,1.926066,1,0,-1,33817,29590,16,16,8751,29.57418047,17.30321054,512002,0,512002,33817
v1,e7bd16a8ad2be3cb1a245ce7fe4d8ea167164025,direct,octree_nfcount,flyby,7,280,280,1.542176008,0.4896320105,2.033440113,2.040461,1,0,-1,33825,29597,16,16,8615,29.10767983,17.29911815,512002,0,512002,33825
v1,e7bd16a8ad2be3cb1a245ce7fe4d8ea167164025,direct,octree_nfcount,flyby,7,281,281,1.54342401,0.3624640107,1.907104015,1.914151,1,0,-1,33721,29506,16,16,8687,29.44146953,17.35247068,512002,0,512002,33721
v1,e7bd16a8ad2be3cb1a245ce7fe4d8ea167164025,direct,octree_nfcount,flyby,7,282,282,1.211199999,0.3607679904,1.573215961,1.580598,1,0,-1,33585,29387,16,16,8584,29.21019498,17.42273795,512002,0,512002,33585
v1,e7bd16a8ad2be3cb1a245ce7fe4d8ea167164025,direct,octree_nfcount,flyby,7,283,283,1.513759971,0.3616000116,1.876575947,1.884279,1,0,-1,33545,29352,16,16,8669,29.53461434,17.44351322,512002,0,512002,33545
v1,e7bd16a8ad2be3cb1a245ce7fe4d8ea167164025,direct,octree_nfcount,flyby,7,284,284,1.539136052,0.3597759902,1.900128007,1.90695,1,0,-1,33521,29331,16,16,8583,29.26255498,17.45600218,512002,0,512002,33521
v1,e7bd16a8ad2be3cb1a245ce7fe4d8ea167164025,direct,octree_nfcount,flyby,7,285,285,1.552063942,0.4701760113,2.023967981,2.030661,1,0,-1,33657,29450,16,16,8599,29.19864177,17.38546689,512002,0,512002,33657
v1,e7bd16a8ad2be3cb1a245ce7fe4d8ea167164025,direct,octree_nfcount,flyby,7,286,286,1.202880025,0.3646720052,1.568799973,1.576326,1,0,-1,33633,29429,16,16,8545,29.03598491,17.39787285,512002,0,512002,33633
v1,e7bd16a8ad2be3cb1a245ce7fe4d8ea167164025,direct,octree_nfcount,flyby,7,287,287,1.521759987,0.3615359962,1.884544015,1.892061,1,0,-1,33457,29275,16,16,8618,29.43808711,17.48939368,512002,0,512002,33457
v1,e7bd16a8ad2be3cb1a245ce7fe4d8ea167164025,direct,octree_nfcount,flyby,7,288,288,1.560960054,0.4905599952,2.053152084,2.060438,1,0,-1,33577,29380,16,16,8494,28.91082369,17.42688904,512002,0,512002,33577
v1,e7bd16a8ad2be3cb1a245ce7fe4d8ea167164025,direct,octree_nfcount,flyby,7,289,289,1.519935966,0.4924800098,2.015136003,2.021365,1,0,-1,33705,29492,16,16,8598,29.15366879,17.36070799,512002,0,512002,33705
v1,e7bd16a8ad2be3cb1a245ce7fe4d8ea167164025,direct,octree_nfcount,flyby,7,290,290,1.234272003,0.3647679985,1.600255966,1.607418,1,0,-1,33617,29415,16,16,8435,28.67584566,17.40615332,512002,0,512002,33617
v1,e7bd16a8ad2be3cb1a245ce7fe4d8ea167164025,direct,octree_nfcount,flyby,7,291,291,1.514464021,0.4936639965,2.010368109,2.017679,1,0,-1,33825,29597,16,16,8637,29.18201169,17.29911815,512002,0,512002,33825
v1,e7bd16a8ad2be3cb1a245ce7fe4d8ea167164025,direct,octree_nfcount,flyby,7,292,292,1.262591958,0.359295994,1.623103976,1.629002,1,0,-1,33617,29415,16,16,8519,28.96141424,17.40615332,512002,0,512002,33617
v1,e7bd16a8ad2be3cb1a245ce7fe4d8ea167164025,direct,octree_nfcount,flyby,7,293,293,1.50156796,0.4915519953,1.994719982,2.001859,1,0,-1,33873,29639,16,16,8592,28.98883228,17.27460441,512002,0,512002,33873
v1,e7bd16a8ad2be3cb1a245ce7fe4d8ea167164025,direct,octree_nfcount,flyby,7,294,294,1.221248031,0.3648320138,1.587296009,1.594995,1,0,-1,33593,29394,16,16,8516,28.97189903,17.41858883,512002,0,512002,33593
v1,e7bd16a8ad2be3cb1a245ce7fe4d8ea167164025,direct,octree_nfcount,flyby,7,295,295,1.247455955,0.4946880043,1.744351983,1.751551,1,0,-1,33697,29485,16,16,8566,29.05206037,17.36482957,512002,0,512002,33697
v1,e7bd16a8ad2be3cb1a245ce7fe4d8ea167164025,direct,octree_nfcount,flyby,7,296,296,1.535552025,0.3658240139,1.902624011,1.910413,1,0,-1,33649,29443,16,16,8572,29.11388106,17.38960024,512002,0,512002,33649
v1,e7bd16a8ad2be3cb1a245ce7fe4d8ea167164025,direct,octree_nfcount,flyby,7,297,297,1.537855983,0.4917440116,2.031807899,2.039679,1,0,-1,33945,29702,16,16,8703,29.30105717,17.23796377,512002,0,512002,33945
v1,e7bd16a8ad2be3cb1a245ce7fe4d8ea167164025,direct,octree_nfcount,flyby,7,298,298,1.21756804,0.3634879887,1.582368016,1.589406,1,0,-1,33577,29380,16,16,8444,28.74063989,17.42688904,512002,0,512002,33577
v1,e7bd16a8ad2be3cb1a245ce7fe4d8ea167164025,direct,octree_nfcount,flyby,7,299,299,1.496096015,0.4953280091,1.993056059,2.001435,1,0,-1,33641,29436,16,16,8579,29.14458486,17.39373556,512002,0,512002,33641
v1,e7bd16a8ad2be3cb1a245ce7fe4d8ea167164025,direct,octree_nfcount,flyby,7,300,300,1.556031942,0.4958719909,2.054176092,2.061778,1,0,-1,33705,29492,16,16,8650,29.32998779,17.36070799,512002,0,512002,33705
v1,e7bd16a8ad2be3cb1a245ce7fe4d8ea167164025,direct,octree_nfcount,flyby,7,301,301,1.520992041,0.4937599897,2.016511917,2.023942,1,0,-1,33793,29569,16,16,8706,29.44299773,17.31549934,512002,0,512002,33793
v1,e7bd16a8ad2be3cb1a245ce7fe4d8ea167164025,direct,octree_nfcount,flyby,7,302,302,1.217087984,0.3601279855,1.578464031,1.584523,1,0,-1,33441,29261,16,16,8519,29.11383753,17.49776153,512002,0,512002,33441
v1,e7bd16a8ad2be3cb1a245ce7fe4d8ea167164025,direct,octree_nfcount,flyby,7,303,303,1.542400002,0.4864000082,2.031008005,2.036424,1,0,-1,33545,29352,16,16,8540,29.09512129,17.44351322,512002,0,512002,33545
v1,e7bd16a8ad2be3cb1a245ce7fe4d8ea167164025,direct,octree_nfcount,flyby,7,304,304,1.527423978,0.4941439927,2.022783995,2.029924,1,0,-1,33729,29513,16,16,8663,29.3531664,17.34835496,512002,0,512002,33729
v1,e7bd16a8ad2be3cb1a245ce7fe4d8ea167164025,direct,octree_nfcount,flyby,7,305,305,1.530464053,0.4945600033,2.027231932,2.034545,1,0,-1,34017,29765,16,16,8710,29.26255669,17.20147825,512002,0,512002,34017
v1,e7bd16a8ad2be3cb1a245ce7fe4d8ea167164025,direct,octree_nfcount,flyby,7,306,306,1.20848,0.3628160059,1.572512031,1.57977,1,0,-1,33625,29422,16,16,8506,28.9103392,17.4020121,512002,0,512002,33625
v1,e7bd16a8ad2be3cb1a245ce7fe4d8ea167164025,direct,octree_nfcount,flyby,7,307,307,1.549280047,0.4940479994,2.044543982,2.05227,1,0,-1,33785,29562,16,16,8704,29.44320411,17.31959949,512002,0,512002,33785
v1,e7bd16a8ad2be3cb1a245ce7fe4d8ea167164025,direct,octree_nfcount,flyby,7,308,308,1.563168049,0.4916799963,2.057087898,2.064289,1,0,-1,33793,29569,16,16,8707,29.44637965,17.31549934,512002,0,512002,33793
v1,e7bd16a8ad2be3cb1a245ce7fe4d8ea167164025,direct,octree_nfcount,flyby,7,309,309,1.243935943,0.4867520034,1.732864022,1.7396,1,0,-1,34009,29758,16,16,8685,29.18542913,17.20552456,512002,0,512002,34009
v1,e7bd16a8ad2be3cb1a245ce7fe4d8ea167164025,direct,octree_nfcount,flyby,7,310,310,1.257248044,0.4907200038,1.749567986,1.756583,1,0,-1,34041,29786,16,16,8768,29.43664809,17.1893507,512002,0,512002,34041
v1,e7bd16a8ad2be3cb1a245ce7fe4d8ea167164025,direct,octree_nfcount,flyby,7,311,311,1.534335971,0.3614400029,1.897024035,1.904194,1,0,-1,33953,29709,16,16,8730,29.38503484,17.23390218,512002,0,512002,33953
v1,e7bd16a8ad2be3cb1a245ce7fe4d8ea167164025,direct,octree_nfcount,flyby,7,312,312,1.551839948,0.3592639863,1.912351966,1.919759,1,0,-1,33857,29625,16,16,8650,29.19831224,17.28276793,512002,0,512002,33857
v1,e7bd16a8ad2be3cb1a245ce7fe4d8ea167164025,direct,octree_nfcount,flyby,7,313,313,1.229087949,0.3665280044,1.596896052,1.604889,1,0,-1,33793,29569,16,16,8521,28.81734249,17.31549934,512002,0,512002,33793
v1,e7bd16a8ad2be3cb1a245ce7fe4d8ea167164025,direct,octree_nfcount,flyby,7,314,314,1.528512001,0.4895679951,2.019711971,2.027082,1,0,-1,33937,29695,16,16,8576,28.88028288,17.24202728,512002,0,512002,33937
v1,e7bd16a8ad2be3cb1a245ce7fe4d8ea167164025,direct,octree_nfcount,flyby,7,315,315,1.553951979,0.3634240031,1.918591976,1.925908,1,0,-1,33785,29562,16,16,8448,28.57722752,17.31959949,512002,0,512002,33785
v1,e7bd16a8ad2be3cb1a245ce7fe4d8ea167164025,direct,octree_nfcount,flyby,7,316,316,1.551872015,0.36659199,1.919711947,1.927458,1,0,-1,33625,29422,16,16,8515,28.94092856,17.4020121,512002,0,512002,33625
v1,e7bd16a8ad2be3cb1a245ce7fe4d8ea167164025,direct,octree_nfcount,flyby,7,317,317,1.221567988,0.491456002,1.714624047,1.722587,1,0,-1,33865,29632,16,16,8536,28.80669546,17.27868521,512002,0,512002,33865
v1,e7bd16a8ad2be3cb1a245ce7fe4d8ea167164025,direct,octree_nfcount,flyby,7,318,318,1.501055956,0.3616000116,1.863903999,1.871418,1,0,-1,33801,29576,16,16,8504,28.75304301,17.31140114,512002,0,512002,33801
v1,e7bd16a8ad2be3cb1a245ce7fe4d8ea167164025,direct,octree_nfcount,flyby,7,319,319,1.580960035,0.363808006,1.946015954,1.953502,1,0,-1,33769,29548,16,16,8460,28.63137945,17.3278056,512002,0,512002,33769
v1,e7bd16a8ad2be3cb1a245ce7fe4d8ea167164025,direct,octree_nfcount,flyby,7,320,320,1.575456023,0.491456002,2.069024086,2.07749,1,0,-1,33929,29688,16,16,8596,28.95445971,17.2460927,512002,0,512002,33929
v1,e7bd16a8ad2be3cb1a245ce7fe4d8ea167164025,direct,octree_nfcount,flyby,7,321,321,1.216768026,0.4917759895,1.71062398,1.717934,1,0,-1,33953,29709,16,16,8421,28.34494598,17.23390218,512002,0,512002,33953
v1,e7bd16a8ad2be3cb1a245ce7fe4d8ea167164025,direct,octree_nfcount,flyby,7,322,322,1.538112044,0.4887999892,2.028640032,2.034821,1,0,-1,34017,29765,16,16,8536,28.67797749,17.20147825,512002,0,512002,34017
v1,e7bd16a8ad2be3cb1a245ce7fe4d8ea167164025,direct,octree_nfcount,flyby,7,323,323,1.549695969,0.3586240113,1.909567952,1.916006,1,0,-1,33945,29702,16,16,8546,28.77247323,17.23796377,512002,0,512002,33945
v1,e7bd16a8ad2be3cb1a245ce7fe4d8ea167164025,direct,octree_nfcount,flyby,7,324,324,1.539039969,0.4877440035,2.029023886,2.036424,1,0,-1,34001,29751,16,16,8547,28.7284461,17.20957279,512002,0,512002,34001
v1,e7bd16a8ad2be3cb1a245ce7fe4d8ea167164025,direct,octree_nfcount,flyby,7,325,325,1.21926403,0.3627839983,1.583263993,1.591049,1,0,-1,33961,29716,16,16,8410,28.30125185,17.22984251,512002,0,512002,33961
v1,e7bd16a8ad2be3cb1a245ce7fe4d8ea167164025,direct,octree_nfcount,flyby,7,326,326,1.527263999,0.4926399887,2.021503925,2.028922,1,0,-1,34185,29912,16,16,8569,28.64736561,17.11694303,512002,0,512002,34185
v1,e7bd16a8ad2be3cb1a245ce7fe4d8ea167164025,direct,octree_nfcount,flyby,7,327,327,1.606528044,0.3616000116,1.96934402,1.976637,1,0,-1,34121,29856,16,16,8600,28.80493033,17.14904877,512002,0,512002,34121
v1,e7bd16a8ad2be3cb1a245ce7fe4d8ea167164025,direct,octree_nfcount,flyby,7,328,328,1.566208005,0.4867199957,2.054527998,2.061605,1,0,-1,34353,30059,16,16,8681,28.87986959,17.03323464,512002,0,512002,34353
v1,e7bd16a8ad2be3cb1a245ce7fe4d8ea167164025,direct,octree_nfcount,flyby,7,329,329,1.226719975,0.3574720025,1.585407972,1.591868,1,0,-1,34097,29835,16,16,8555,28.67437573,17.16111949,512002,0,512002,34097
v1,e7bd16a8ad2be3cb1a245ce7fe4d8ea167164025,direct,octree_nfcount,flyby,7,330,330,1.529183984,0.3626559973,1.893056035,1.900458,1,0,-1,34025,29772,16,16,8523,28.62756953,17.19743383,512002,0,512002,34025
v1,e7bd16a8ad2be3cb1a245ce7fe4d8ea167164025,direct,octree_nfcount,flyby,7,331,331,1.588256001,0.3595199883,1.949023962,1.956936,1,0,-1,33993,29744,16,16,8472,28.48305541,17.21362292,512002,0,512002,33993
v1,e7bd16a8ad2be3cb1a245ce7fe4d8ea167164025,direct,octree_nfcount,flyby,7,332,332,1.564671993,0.3585279882,1.924448013,1.932014,1,0,-1,33817,29590,16,16,8432,28.49611355,17.30321054,512002,0,512002,33817
v1,e7bd16a8ad2be3cb1a245ce7fe4d8ea167164025,direct,octree_nfcount,flyby,7,333,333,1.198719978,0.3582400084,1.558207989,1.565066,1,0,-1,33593,29394,16,16,8467,28.80519834,17.41858883,512002,0,512002,33593
v1,e7bd16a8ad2be3cb1a245ce7fe4d8ea167164025,direct,octree_nfcount,flyby,7,334,334,1.532287955,0.3593280017,1.892832041,1.899633,1,0,-1,33553,29359,16,16,8368,28.50233319,17.4393542,512002,0,512002,33553
v1,e7bd16a8ad2be3cb1a245ce7fe4d8ea167164025,direct,octree_nfcount,flyby,7,335,335,1.560127974,0.4910399914,2.0523839,2.058256,1,0,-1,33681,29471,16,16,8357,28.35668963,17.37307862,512002,0,512002,33681
v1,e7bd16a8ad2be3cb1a245ce7fe4d8ea167164025,direct,octree_nfcount,flyby,7,336,336,1.224032044,0.4876480103,1.713888049,1.721124,1,0,-1,33753,29534,16,16,8233,27.87634591,17.3360195,512002,0,512002,33753
v1,e7bd16a8ad2be3cb1a245ce7fe4d8ea167164025,direct,octree_nfcount,flyby,7,337,337,1.513856053,0.3607679904,1.875872016,1.882962,1,0,-1,33721,29506,16,16,8383,28.41117061,17.35247068,512002,0,512002,33721
v1,e7bd16a8ad2be3cb1a245ce7fe4d8ea167164025,direct,octree_nfcount,flyby,7,338,338,1.543903947,0.4946880043,2.040832043,2.048015,1,0,-1,33793,29569,16,16,8277,27.99215395,17.31549934,512002,0,512002,33793
v1,e7bd16a8ad2be3cb1a245ce7fe4d8ea167164025,direct,octree_nfcount,flyby,7,339,339,1.551679969,0.4976960123,2.051584005,2.059624,1,0,-1,33889,29653,16,16,8357,28.18264594,17.26644859,512002,0,512002,33889
v1,e7bd16a8ad2be3cb1a245ce7fe4d8ea167164025,direct,octree_nfcount,flyby,7,340,340,1.219040036,0.3616960049,1.581951976,1.589473,1,0,-1,33849,29618,16,16,8270,27.92220947,17.28685259,512002,0,512002,33849
v1,e7bd16a8ad2be3cb1a245ce7fe4d8ea167164025,direct,octree_nfcount,flyby,7,341,341,1.541216016,0.3646399975,1.907071948,1.914111,1,0,-1,33801,29576,16,16,8328,28.15796592,17.31140114,512002,0,512002,33801
v1,e7bd16a8ad2be3cb1a245ce7fe4d8ea167164025,direct,octree_nfcount,flyby,7,342,342,1.557983994,0.3628160059,1.922047973,1.929432,1,0,-1,33721,29506,16,16,8292,28.10275876,17.35247068,512002,0,512002,33721
v1,e7bd16a8ad2be3cb1a245ce7fe4d8ea167164025,direct,octree_nfcount,flyby,7,343,343,1.567680001,0.4905920029,2.059904099,2.067437,1,0,-1,33905,29667,16,16,8370,28.21316614,17.25830047,512002,0,512002,33905
v1,e7bd16a8ad2be3cb1a245ce7fe4d8ea167164025,direct,octree_nfcount,flyby,7,344,344,1.202304006,0.3627200127,1.566239953,1.573579,1,0,-1,33673,29464,16,16,8245,27.98330166,17.37720608,512002,0,512002,33673
v1,e7bd16a8ad2be3cb1a245ce7fe4d8ea167164025,direct,octree_nfcount,flyby,7,345,345,1.523776054,0.4904960096,2.016767979,2.024199,1,0,-1,33969,29723,16,16,8508,28.62429768,17.22578475,512002,0,512002,33969
v1,e7bd16a8ad2be3cb1a245ce7fe4d8ea167164025,direct,octree_nfcount,flyby,7,346,346,1.542752028,0.3625920117,1.906592011,1.913719,1,0,-1,33881,29646,16,16,8408,28.36133036,17.27052553,512002,0,512002,33881
v1,e7bd16a8ad2be3cb1a245ce7fe4d8ea167164025,direct,octree_nfcount,flyby,7,347,347,1.591871977,0.362688005,1.955808043,1.962856,1,0,-1,33825,29597,16,16,8318,28.10419975,17.29911815,512002,0,512002,33825
v1,e7bd16a8ad2be3cb1a245ce7fe4d8ea167164025,direct,octree_nfcount,flyby,7,348,348,1.21459198,0.3616000116,1.577407956,1.584302,1,0,-1,33681,29471,16,16,8292,28.13613383,17.37307862,512002,0,512002,33681
v1,e7bd16a8ad2be3cb1a245ce7fe4d8ea167164025,direct,octree_nfcount,flyby,7,349,349,1.561247945,0.4932160079,2.055680037,2.062956,1,0,-1,33969,29723,16,16,8439,28.39215422,17.22578475,512002,0,512002,33969
v1,e7bd16a8ad2be3cb1a245ce7fe4d8ea167164025,direct,octree_nfcount,flyby,7,350,350,1.54755199,0.4894720018,2.039263964,2.046116,1,0,-1,33977,29730,16,16,8388,28.21392533,17.22172889,512002,0,512002,33977
v1,e7bd16a8ad2be3cb1a245ce7fe4d8ea167164025,direct,octree_nfcount,flyby,7,351,351,1.213919997,0.3555519879,1.570688009,1.576061,1,0,-1,33937,29695,16,16,8324,28.03165516,17.24202728,512002,0,512002,33937
v1,e7bd16a8ad2be3cb1a245ce7fe4d8ea167164025,direct,octree_nfcount,flyby,7,352,352,1.511391997,0.3606399894,1.873247981,1.879952,1,0,-1,33729,29513,16,16,8325,28.20790838,17.34835496,512002,0,512002,33729
v1,e7bd16a8ad2be3cb1a245ce7fe4d8ea167164025,direct,octree_nfcount,flyby,7,353,353,1.541152,0.4925439954,2.035455942,2.042858,1,0,-1,33873,29639,16,16,8387,28.29717602,17.27460441,512002,0,512002,33873
v1,e7bd16a8ad2be3cb1a245ce7fe4d8ea167164025,direct,octree_nfcount,flyby,7,354,354,1.577183962,0.4927360117,2.07152009,2.078526,1,0,-1,33993,29744,16,16,8553,28.75537924,17.21362292,512002,0,512002,33993
v1,e7bd16a8ad2be3cb1a245ce7fe4d8ea167164025,direct,octree_nfcount,flyby,7,355,355,1.230496049,0.4907520115,1.723487973,1.731346,1,0,-1,34009,29758,16,16,8452,28.4024464,17.20552456,512002,0,512002,34009
v1,e7bd16a8ad2be3cb1a245ce7fe4d8ea167164025,direct,octree_nfcount,flyby,7,356,356,1.53619206,0.3606399894,1.898112059,1.903812,1,0,-1,34009,29758,16,16,8429,28.32515626,17.20552456,512002,0,512002,34009
v1,e7bd16a8ad2be3cb1a245ce7fe4d8ea167164025,direct,octree_nfcount,flyby,7,357,357,1.575871944,0.4895679951,2.067647934,2.074653,1,0,-1,34017,29765,16,16,8351,28.05644213,17.20147825,512002,0,512002,34017
v1,e7bd16a8ad2be3cb1a245ce7fe4d8ea167164025,direct,octree_nfcount,flyby,7,358,358,1.533856034,0.4917120039,2.027872086,2.034991,1,0,-1,34185,29912,16,16,8461,28.2863065,17.11694303,512002,0,512002,34185
v1,e7bd16a8ad2be3cb1a245ce7fe4d8ea167164025,direct,octree_nfcount,flyby,7,359,359,1.223935962,0.4874559939,1.712991953,1.720046,1,0,-1,34289,30003,16,16,8389,27.96053728,17.06502683,512002,0,512002,34289
v1,e7bd16a8ad2be3cb1a245ce7fe4d8ea167164025,direct,octree_nfcount,flyby,7,360,360,1.529183984,0.3636800051,1.894176006,1.901727,1,0,-1,34241,29961,16,16,8507,28.39357832,17.08894897,512002,0,512002,34241
v1,e7bd16a8ad2be3cb1a245ce7fe4d8ea167164025,direct,octree_nfcount,flyby,7,361,361,1.526335955,0.362560004,1.890112042,1.897893,1,0,-1,34097,29835,16,16,8438,28.28221887,17.16111949,512002,0,512002,34097
v1,e7bd16a8ad2be3cb1a245ce7fe4d8ea167164025,direct,octree_nfcount,flyby,7,362,362,1.510463953,0.3624640107,1.874240041,1.881615,1,0,-1,34017,29765,16,16,8300,27.88509995,17.20147825,512002,0,512002,34017
v1,e7bd16a8ad2be3cb1a245ce7fe4d8ea167164025,direct,octree_nfcount,flyby,7,363,363,1.20876801,0.3625920117,1.572607994,1.579938,1,0,-1,33801,29576,16,16,8257,27.91790641,17.31140114,512002,0,512002,33801
v1,e7bd16a8ad2be3cb1a245ce7fe4d8ea167164025,direct,octree_nfcount,flyby,7,364,364,1.252575994,0.4924159944,1.746207952,1.752165,1,0,-1,33905,29667,16,16,8291,27.946877,17.25830047,512002,0,512002,33905
v1,e7bd16a8ad2be3cb1a245ce7fe4d8ea167164025,direct,octree_nfcount,flyby,7,365,365,1.534944057,0.4863039851,2.023488045,2.02982,1,0,-1,33929,29688,16,16,8293,27.93384532,17.2460927,512002,0,512002,33929
v1,e7bd16a8ad2be3cb1a245ce7fe4d8ea167164025,direct,octree_nfcount,flyby,7,366,366,1.202015996,0.359551996,1.562880039,1.568801,1,0,-1,33649,29443,16,16,8063,27.38511701,17.38960024,512002,0,512002,33649
v1,e7bd16a8ad2be3cb1a245ce7fe4d8ea167164025,direct,octree_nfcount,flyby,7,367,367,1.50425601,0.4872319996,1.993088007,1.998912,1,0,-1,33841,29611,16,16,8275,27.94569586,17.29093918,512002,0,512002,33841
v1,e7bd16a8ad2be3cb1a245ce7fe4d8ea167164025,direct,octree_nfcount,flyby,7,368,368,1.522624016,0.3616319895,1.885472059,1.89226,1,0,-1,33633,29429,16,16,8211,27.90104998,17.39787285,512002,0,512002,33633
v1,e7bd16a8ad2be3cb1a245ce7fe4d8ea167164025,direct,octree_nfcount,flyby,7,369,369,1.549823999,0.4924800098,2.043904066,2.05116,1,0,-1,33809,29583,16,16,8213,27.76256634,17.30730487,512002,0,512002,33809
v1,e7bd16a8ad2be3cb1a245ce7fe4d8ea167164025,direct,octree_nfcount,flyby,7,370,370,1.210687995,0.3686400056,1.580736041,1.58921,1,0,-1,33625,29422,16,16,8023,27.26871049,17.4020121,512002,0,512002,33625
v1,e7bd16a8ad2be3cb1a245ce7fe4d8ea167164025,direct,octree_nfcount,flyby,7,371,371,1.50822401,0.4926080108,2.003040075,2.010267,1,0,-1,33881,29646,16,16,8182,27.59900155,17.27052553,512002,0,512002,33881
v1,e7bd16a8ad2be3cb1a245ce7fe4d8ea167164025,direct,octree_nfcount,flyby,7,372,372,1.53987205,0.3625279963,1.903615952,1.909807,1,0,-1,33857,29625,16,16,8145,27.49367089,17.28276793,512002,0,512002,33857
v1,e7bd16a8ad2be3cb1a245ce7fe4d8ea167164025,direct,octree_nfcount,flyby,7,373,373,1.529183984,0.4885439873,2.020096064,2.027443,1,0,-1,34081,29821,16,16,8280,27.76566849,17.16917608,512002,0,512002,34081
v1,e7bd16a8ad2be3cb1a245ce7fe4d8ea167164025,direct,octree_nfcount,flyby,7,374,374,1.211168051,0.3637439907,1.576159954,1.583369,1,0,-1,33809,29583,16,16,8124,27.46171788,17.30730487,512002,0,512002,33809
v1,e7bd16a8ad2be3cb1a245ce7fe4d8ea167164025,direct,octree_nfcount,flyby,7,375,375,1.540511966,0.4904640019,2.032576084,2.040084,1,0,-1,33961,29716,16,16,8188,27.55417957,17.22984251,512002,0,512002,33961
v1,e7bd16a8ad2be3cb1a245ce7fe4d8ea167164025,direct,octree_nfcount,flyby,7,376,376,1.542847991,0.4904640019,2.035583973,2.042698,1,0,-1,34081,29821,16,16,8342,27.97357567,17.16917608,512002,0,512002,34081
v1,e7bd16a8ad2be3cb1a245ce7fe4d8ea167164025,direct,octree_nfcount,flyby,7,377,377,1.22153604,0.4904960096,1.713631988,1.720882,1,0,-1,34089,29828,16,16,8305,27.84296634,17.16514684,512002,0,512002,34089
v1,e7bd16a8ad2be3cb1a245ce7fe4d8ea167164025,direct,octree_nfcount,flyby,7,378,378,1.521567941,0.3605119884,1.883296013,1.890855,1,0,-1,34073,29814,16,16,8379,28.10424633,17.17320722,512002,0,512002,34073
v1,e7bd16a8ad2be3cb1a245ce7fe4d8ea167164025,direct,octree_nfcount,flyby,7,379,379,1.541152,0.3615680039,1.903936028,1.911507,1,0,-1,33937,29695,16,16,8275,27.86664422,17.24202728,512002,0,512002,33937
v1,e7bd16a8ad2be3cb1a245ce7fe4d8ea167164025,direct,octree_nfcount,flyby,7,380,380,1.578271985,0.4927679896,2.073280096,2.080782,1,0,-1,33977,29730,16,16,8300,27.91792802,17.22172889,512002,0,512002,33977
v1,e7bd16a8ad2be3cb1a245ce7fe4d8ea167164025,direct,octree_nfcount,flyby,7,381,381,1.234784007,0.3637439907,1.59977603,1.607209,1,0,-1,33897,29660,16,16,8129,27.40728254,17.26237357,512002,0,512002,33897
v1,e7bd16a8ad2be3cb1a245ce7fe4d8ea167164025,direct,octree_nfcount,flyby,7,382,382,1.513728023,0.4913919866,2.006752014,2.01356,1,0,-1,34025,29772,16,16,8243,27.68708854,17.19743383,512002,0,512002,34025
v1,e7bd16a8ad2be3cb1a245ce7fe4d8ea167164025,direct,octree_nfcount,flyby,7,383,383,1.542495966,0.4936639965,2.038367987,2.045852,1,0,-1,34089,29828,16,16,8235,27.60828752,17.16514684,512002,0,512002,34089
v1,e7bd16a8ad2be3cb1a245ce7fe4d8ea167164025,direct,octree_nfcount,flyby,7,384,384,1.556864023,0.4878720045,2.045952082,2.051747,1,0,-1,34273,29989,16,16,8358,27.87021908,17.07299343,512002,0,512002,34273
v1,e7bd16a8ad2be3cb1a245ce7fe4d8ea167164025,direct,octree_nfcount,flyby,7,385,385,1.229887962,0.3637759984,1.594879985,1.602218,1,0,-1,33793,29569,16,16,8123,27.47133823,17.31549934,512002,0,512002,33793
v1,e7bd16a8ad2be3cb1a245ce7fe4d8ea167164025,direct,octree_nfcount,flyby,7,386,386,1.529216051,0.4917120039,2.0231359,2.030459,1,0,-1,33921,29681,16,16,8205,27.64394731,17.25016004,512002,0,512002,33921
v1,e7bd16a8ad2be3cb1a245ce7fe4d8ea167164025,direct,octree_nfcount,flyby,7,387,387,1.556992054,0.4875519872,2.046751976,2.052944,1,0,-1,33929,29688,16,16,8335,28.07531663,17.2460927,512002,0,512002,33929
v1,e7bd16a8ad2be3cb1a245ce7fe4d8ea167164025,direct,octree_nfcount,flyby,7,388,388,1.237792015,0.3617599905,1.60076797,1.611411,1,0,-1,33785,29562,16,16,8184,27.68418916,17.31959949,512002,0,512002,33785
v1,e7bd16a8ad2be3cb1a245ce7fe4d8ea167164025,direct,octree_nfcount,flyby,7,389,389,1.514080048,0.4897919893,2.006144047,2.01222,1,0,-1,33897,29660,16,16,8356,28.17262306,17.26237357,512002,0,512002,33897
v1,e7bd16a8ad2be3cb1a245ce7fe4d8ea167164025,direct,octree_nfcount,flyby,7,390,390,1.532032013,0.3607040048,1.893952012,1.901067,1,0,-1,33841,29611,16,16,8343,28.17534025,17.29093918,512002,0,512002,33841
v1,e7bd16a8ad2be3cb1a245ce7fe4d8ea167164025,direct,octree_nfcount,flyby,7,391,391,1.530143976,0.4887360036,2.021087885,2.026864,1,0,-1,33985,29737,16,16,8423,28.32498235,17.21767495,512002,0,512002,33985
v1,e7bd16a8ad2be3cb1a245ce7fe4d8ea167164025,direct,octree_nfcount,flyby,7,392,392,1.24099195,0.359679997,1.601887941,1.609305,1,0,-1,33945,29702,16,16,8191,27.57726752,17.23796377,512002,0,512002,33945
v1,e7bd16a8ad2be3cb1a245ce7fe4d8ea167164025,direct,octree_nfcount,flyby,7,393,393,1.551488042,0.3593919873,1.912511945,1.91861,1,0,-1,33945,29702,16,16,8256,27.79610801,17.23796377,512002,0,512002,33945
v1,e7bd16a8ad2be3cb1a245ce7fe4d8ea167164025,direct,octree_nfcount,flyby,7,394,394,1.584319949,0.4892159998,2.075167894,2.082318,1,0,-1,33961,29716,16,16,8240,27.72916947,17.22984251,512002,0,512002,33961
v1,e7bd16a8ad2be3cb1a245ce7fe4d8ea167164025,direct,octree_nfcount,flyby,7,395,395,1.547935963,0.4895679951,2.039711952,2.047592,1,0,-1,34081,29821,16,16,8230,27.59800141,17.16917608,512002,0,512002,34081
v1,e7bd16a8ad2be3cb1a245ce7fe4d8ea167164025,direct,octree_nfcount,flyby,7,396,396,1.218144059,0.3634560108,1.582816005,1.590166,1,0,-1,33809,29583,16,16,8164,27.59693067,17.30730487,512002,0,512002,33809
v1,e7bd16a8ad2be3cb1a245ce7fe4d8ea167164025,direct,octree_nfcount,flyby,7,397,397,1.531455994,0.4948160052,2.027872086,2.03561,1,0,-1,33833,29604,16,16,8043,27.16862586,17.2950277,512002,0,512002,33833
v1,e7bd16a8ad2be3cb1a245ce7fe4d8ea167164025,direct,octree_nfcount,flyby,7,398,398,1.560672045,0.365568012,1.927456021,1.935782,1,0,-1,33785,29562,16,16,8177,27.66051011,17.31959949,512002,0,512002,33785
v1,e7bd16a8ad2be3cb1a245ce7fe4d8ea167164025,direct,octree_nfcount,flyby,7,399,399,1.221951962,0.3564479947,1.579648018,1.585685,1,0,-1,33705,29492,16,16,8043,27.27180252,17.36070799,512002,0,512002,33705
v1,e7bd16a8ad2be3cb1a245ce7fe4d8ea167164025,direct,octree_nfcount,flyby,7,400,400,1.514719963,0.4896000028,2.005951881,2.013086,1,0,-1,33777,29555,16,16,8284,28.02909829,17.32370157,512002,0,512002,33777
v1,e7bd16a8ad2be3cb1a245ce7fe4d8ea167164025,direct,octree_nfcount,flyby,7,401,401,1.558976054,0.3624959886,1.922719955,1.930229,1,0,-1,33641,29436,16,16,8135,27.63622775,17.39373556,512002,0,512002,33641
v1,e7bd16a8ad2be3cb1a245ce7fe4d8ea167164025,direct,octree_nfcount,flyby,7,402,402,1.555711985,0.491456002,2.048768044,2.055755,1,0,-1,33913,29674,16,16,8271,27.87288535,17.25422929,512002,0,512002,33913
v1,e7bd16a8ad2be3cb1a245ce7fe4d8ea167164025,direct,octree_nfcount,flyby,7,403,403,1.215680003,0.3666880131,1.583583951,1.591515,1,0,-1,33729,29513,16,16,8137,27.57090096,17.34835496,512002,0,512002,33729
v1,e7bd16a8ad2be3cb1a245ce7fe4d8ea167164025,direct,octree_nfcount,flyby,7,404,404,1.551264048,0.4968959987,2.050271988,2.057967,1,0,-1,33777,29555,16,16,8135,27.52495348,17.32370157,512002,0,512002,33777
v1,e7bd16a8ad2be3cb1a245ce7fe4d8ea167164025,direct,octree_nfcount,flyby,7,405,405,1.608767986,0.3688960075,1.978880048,1.987178,1,0,-1,33585,29387,16,16,8032,27.33181339,17.42273795,512002,0,512002,33585
v1,e7bd16a8ad2be3cb1a245ce7fe4d8ea167164025,direct,octree_nfcount,flyby,7,406,406,1.524479985,0.4948160052,2.021600008,2.028981,1,0,-1,33817,29590,16,16,8088,27.33355863,17.30321054,512002,0,512002,33817
v1,e7bd16a8ad2be3cb1a245ce7fe4d8ea167164025,direct,octree_nfcount,flyby,7,407,407,1.232256055,0.3651840091,1.598752022,1.607348,1,0,-1,33761,29541,16,16,8101,27.42290376,17.33191158,512002,0,512002,33761
v1,e7bd16a8ad2be3cb1a245ce7fe4d8ea167164025,direct,octree_nfcount,flyby,7,408,408,1.508352041,0.3648000062,1.874367952,1.881744,1,0,-1,33681,29471,16,16,8011,27.18265413,17.37307862,512002,0,512002,33681
v1,e7bd16a8ad2be3cb1a245ce7fe4d8ea167164025,direct,octree_nfcount,flyby,7,409,409,1.561696053,0.4915519953,2.055455923,2.063863,1,0,-1,33961,29716,16,16,8211,27.63157895,17.22984251,512002,0,512002,33961
v1,e7bd16a8ad2be3cb1a245ce7fe4d8ea167164025,direct,octree_nfcount,flyby,7,410,410,1.222527981,0.3657920063,1.589535952,1.597446,1,0,-1,33945,29702,16,16,8031,27.03858326,17.23796377,512002,0,512002,33945
v1,e7bd16a8ad2be3cb1a245ce7fe4d8ea167164025,direct,octree_nfcount,flyby,7,411,411,1.550976038,0.4923200011,2.044895887,2.052703,1,0,-1,34025,29772,16,16,8237,27.66693538,17.19743383,512002,0,512002,34025
v1,e7bd16a8ad2be3cb1a245ce7fe4d8ea167164025,direct,octree_nfcount,flyby,7,412,412,1.585791945,0.4905920029,2.077984095,2.08546,1,0,-1,34065,29807,16,16,8129,27.27211729,17.17724025,512002,0,512002,34065
v1,e7bd16a8ad2be3cb1a245ce7fe4d8ea167164025,direct,octree_nfcount,flyby,7,413,413,1.573503971,0.3637439907,1.938464046,1.945948,1,0,-1,33969,29723,16,16,8091,27.22134374,17.22578475,512002,0,512002,33969
v1,e7bd16a8ad2be3cb1a245ce7fe4d8ea167164025,direct,octree_nfcount,flyby,7,414,414,1.215744019,0.3632319868,1.580224037,1.587657,1,0,-1,33569,29373,16,16,8015,27.28696422,17.43104211,512002,0,512002,33569
v1,e7bd16a8ad2be3cb1a245ce7fe4d8ea167164025,direct,octree_nfcount,flyby,7,415,415,1.52639997,0.490079999,2.018719912,2.025398,1,0,-1,33705,29492,16,16,8030,27.22772277,17.36070799,512002,0,512002,33705
v1,e7bd16a8ad2be3cb1a245ce7fe4d8ea167164025,direct,octree_nfcount,flyby,7,416,416,1.615136027,0.4926719964,2.109440088,2.116861,1,0,-1,33825,29597,16,16,8118,27.42845559,17.29911815,512002,0,512002,33825
v1,e7bd16a8ad2be3cb1a245ce7fe4d8ea167164025,direct,octree_nfcount,flyby,7,417,417,1.212703943,0.3657279909,1.579648018,1.587395,1,0,-1,33657,29450,16,16,7991,27.13412564,17.38546689,512002,0,512002,33657
v1,e7bd16a8ad2be3cb1a245ce7fe4d8ea167164025,direct,octree_nfcount,flyby,7,418,418,1.541087985,0.4902079999,2.03251195,2.040339,1,0,-1,33977,29730,16,16,8223,27.65893037,17.22172889,512002,0,512002,33977
v1,e7bd16a8ad2be3cb1a245ce7fe4d8ea167164025,direct,octree_nfcount,flyby,7,419,419,1.556767941,0.3647359908,1.922752023,1.930503,1,0,-1,33953,29709,16,16,8124,27.34524891,17.23390218,512002,0,512002,33953
v1,e7bd16a8ad2be3cb1a245ce7fe4d8ea167164025,direct,octree_nfcount,flyby,7,420,420,1.557279944,0.4885120094,2.048032045,2.055452,1,0,-1,33977,29730,16,16,8244,27.72956609,17.22172889,512002,0,512002,33977
v1,e7bd16a8ad2be3cb1a245ce7fe4d8ea167164025,direct,octree_nfcount,flyby,7,421,421,1.216896057,0.3635520041,1.581696033,1.589109,1,0,-1,33913,29674,16,16,8119,27.36065242,17.25422929,512002,0,512002,33913
v1,e7bd16a8ad2be3cb1a245ce7fe4d8ea167164025,direct,octree_nfcount,flyby,7,422,422,1.547135949,0.4907200038,2.039455891,2.046632,1,0,-1,34041,29786,16,16,8149,27.35849057,17.1893507,512002,0,512002,34041
v1,e7bd16a8ad2be3cb1a245ce7fe4d8ea167164025,direct,octree_nfcount,flyby,7,423,423,1.557600021,0.4874239862,2.047264099,2.054486,1,0,-1,34105,29842,16,16,8208,27.50485892,17.15709403,512002,0,512002,34105
v1,e7bd16a8ad2be3cb1a245ce7fe4d8ea167164025,direct,octree_nfcount,flyby,7,424,424,1.245280027,0.4897919893,1.737280011,1.744342,1,0,-1,34121,29856,16,16,8217,27.52210611,17.14904877,512002,0,512002,34121
v1,e7bd16a8ad2be3cb1a245ce7fe4d8ea167164025,direct,octree_nfcount,flyby,7,425,425,1.5,0.3637759984,1.865023971,1.872371,1,0,-1,33977,29730,16,16,8217,27.63874874,17.22172889,512002,0,512002,33977
v1,e7bd16a8ad2be3cb1a245ce7fe4d8ea167164025,direct,octree_nfcount,flyby,7,426,426,1.516384006,0.4904640019,2.008447886,2.015525,1,0,-1,34105,29842,16,16,8187,27.43448831,17.15709403,512002,0,512002,34105
v1,e7bd16a8ad2be3cb1a245ce7fe4d8ea167164025,direct,octree_nfcount,flyby,7,427,427,1.552127957,0.4926719964,2.047071934,2.054509,1,0,-1,34401,30101,16,16,8348,27.7332979,17.00946812,512002,0,512002,34401
v1,e7bd16a8ad2be3cb1a245ce7fe4d8ea167164025,direct,octree_nfcount,flyby,7,428,428,1.233119965,0.3655999899,1.599936008,1.607877,1,0,-1,34009,29758,16,16,8081,27.15572283,17.20552456,512002,0,512002,34009
v1,e7bd16a8ad2be3cb1a245ce7fe4d8ea167164025,direct,octree_nfcount,flyby,7,429,429,1.512895942,0.4906559885,2.004800081,2.011983,1,0,-1,34321,30031,16,16,8297,27.62811761,17.04911591,512002,0,512002,34321
v1,e7bd16a8ad2be3cb1a245ce7fe4d8ea167164025,direct,octree_nfcount,flyby,7,430,430,1.547647953,0.3623999953,1.911263943,1.91809,1,0,-1,34193,29919,16,16,8228,27.50091915,17.11293827,512002,0,512002,34193
v1,e7bd16a8ad2be3cb1a245ce7fe4d8ea167164025,direct,octree_nfcount,flyby,7,431,431,1.535967946,0.4917759895,2.02895999,2.035916,1,0,-1,34265,29982,16,16,8214,27.39643786,17.07697952,512002,0,512002,34265
v1,e7bd16a8ad2be3cb1a245ce7fe4d8ea167164025,direct,octree_nfcount,flyby,7,432,432,1.254080057,0.3638719916,1.619168043,1.626981,1,0,-1,34249,29968,16,16,8202,27.36919381,17.08495729,512002,0,512002,34249
v1,e7bd16a8ad2be3cb1a245ce7fe4d8ea167164025,direct,octree_nfcount,flyby,7,433,433,1.57052803,0.3614720106,1.933215976,1.940719,1,0,-1,34065,29807,16,16,8141,27.31237629,17.17724025,512002,0,512002,34065
v1,e7bd16a8ad2be3cb1a245ce7fe4d8ea167164025,direct,octree_nfcount,flyby,7,434,434,1.527840018,0.486687988,2.016160011,2.02295,1,0,-1,34081,29821,16,16,8224,27.57788136,17.16917608,512002,0,512002,34081
v1,e7bd16a8ad2be3cb1a245ce7fe4d8ea167164025,direct,octree_nfcount,flyby,7,435,435,1.208191991,0.3616319895,1.571071982,1.578029,1,0,-1,33897,29660,16,16,8053,27.15104518,17.26237357,512002,0,512002,33897
v1,e7bd16a8ad2be3cb1a245ce7fe4d8ea167164025,direct,octree_nfcount,flyby,7,436,436,1.242431998,0.4897919893,1.734400034,1.741877,1,0,-1,34073,29814,16,16,8201,27.50721138,17.17320722,512002,0,512002,34073
v1,e7bd16a8ad2be3cb1a245ce7fe4d8ea167164025,direct,octree_nfcount,flyby,7,437,437,1.569440007,0.4938879907,2.064991951,2.072526,1,0,-1,34105,29842,16,16,8104,27.15635681,17.15709403,512002,0,512002,34105
v1,e7bd16a8ad2be3cb1a245ce7fe4d8ea167164025,direct,octree_nfcount,flyby,7,438,438,1.569247961,0.4927679896,2.063616037,2.071028,1,0,-1,34217,29940,16,16,8193,27.36472946,17.1009352,512002,0,512002,34217
v1,e7bd16a8ad2be3cb1a245ce7fe4d8ea167164025,direct,octree_nfcount,flyby,7,439,439,1.238720059,0.3635520041,1.603551984,1.611168,1,0,-1,34129,29863,16,16,8057,26.97987476,17.14502897,512002,0,512002,34129
v1,e7bd16a8ad2be3cb1a245ce7fe4d8ea167164025,direct,octree_nfcount,flyby,7,440,440,1.523360014,0.4917120039,2.017663956,2.024271,1,0,-1,34153,29884,16,16,7992,26.74340784,17.13298086,512002,0,512002,34153
v1,e7bd16a8ad2be3cb1a245ce7fe4d8ea167164025,direct,octree_nfcount,flyby,7,441,441,1.581696033,0.4934720099,2.077536106,2.084954,1,0,-1,34193,29919,16,16,8117,27.12991744,17.11293827,512002,0,512002,34193
v1,e7bd16a8ad2be3cb1a245ce7fe4d8ea167164025,direct,octree_nfcount,flyby,7,442,442,1.237983942,0.4896320105,1.729248047,1.736592,1,0,-1,34281,29996,16,16,8021,26.74023203,17.0690092,512002,0,512002,34281
v1,e7bd16a8ad2be3cb1a245ce7fe4d8ea167164025,direct,octree_nfcount,flyby,7,443,443,1.535647988,0.3597440124,1.896607995,1.903391,1,0,-1,34113,29849,16,16,8072,27.042782,17.15307045,512002,0,512002,34113
v1,e7bd16a8ad2be3cb1a245ce7fe4d8ea167164025,direct,octree_nfcount,flyby,7,444,444,1.532608032,0.3595199883,1.893344045,1.900313,1,0,-1,34089,29828,16,16,7981,26.75673863,17.16514684,512002,0,512002,34089
v1,e7bd16a8ad2be3cb1a245ce7fe4d8ea167164025,direct,octree_nfcount,flyby,7,445,445,1.613567948,0.3616960049,1.976480007,1.984465,1,0,-1,33969,29723,16,16,7958,26.77387881,17.22578475,512002,0,512002,33969
v1,e7bd16a8ad2be3cb1a245ce7fe4d8ea167164025,direct,octree_nfcount,flyby,7,446,446,1.243391991,0.3623360097,1.606976032,1.614506,1,0,-1,33921,29681,16,16,7763,26.15477915,17.25016004,512002,0,512002,33921
v1,e7bd16a8ad2be3cb1a245ce7fe4d8ea167164025,direct,octree_nfcount,flyby,7,447,447,1.553760052,0.4887039959,2.044672012,2.051611,1,0,-1,33985,29737,16,16,7879,26.49561153,17.21767495,512002,0,512002,33985
v1,e7bd16a8ad2be3cb1a245ce7fe4d8ea167164025,direct,octree_nfcount,flyby,7,448,448,1.546784043,0.4897600114,2.038752079,2.045444,1,0,-1,34001,29751,16,16,7888,26.51339451,17.20957279,512002,0,512002,34001
v1,e7bd16a8ad2be3cb1a245ce7fe4d8ea167164025,direct,octree_nfcount,flyby,7,449,449,1.214336038,0.4894079864,1.705343962,1.712727,1,0,-1,34169,29898,16,16,7876,26.34289919,17.12495819,512002,0,512002,34169
v1,e7bd16a8ad2be3cb1a245ce7fe4d8ea167164025,direct,octree_nfcount,flyby,7,450,450,1.545439959,0.4937919974,2.040832043,2.048133,1,0,-1,34241,29961,16,16,8006,26.72140449,17.08894897,512002,0,512002,34241
v1,e7bd16a8ad2be3cb1a245ce7fe4d8ea167164025,direct,octree_nfcount,flyby,7,451,451,1.598464012,0.3645119965,1.964192033,1.971487,1,0,-1,34193,29919,16,16,7972,26.64527558,17.11293827,512002,0,512002,34193
v1,e7bd16a8ad2be3cb1a245ce7fe4d8ea167164025,direct,octree_nfcount,flyby,7,452,452,1.599328041,0.4918400049,2.092799902,2.09998,1,0,-1,34305,30017,16,16,8051,26.82146783,17.05706766,512002,0,512002,34305
v1,e7bd16a8ad2be3cb1a245ce7fe4d8ea167164025,direct,octree_nfcount,flyby,7,453,453,1.231680036,0.362688005,1.595615983,1.603117,1,0,-1,34177,29905,16,16,8033,26.86172881,17.12094967,512002,0,512002,34177
v1,e7bd16a8ad2be3cb1a245ce7fe4d8ea167164025,direct,octree_nfcount,flyby,7,454,454,1.567456007,0.3593280017,1.928032041,1.933992,1,0,-1,34177,29905,16,16,8059,26.94867079,17.12094967,512002,0,512002,34177
v1,e7bd16a8ad2be3cb1a245ce7fe4d8ea167164025,direct,octree_nfcount,flyby,7,455,455,1.562208056,0.3616319895,1.925055981,1.931424,1,0,-1,34161,29891,16,16,8105,27.11518517,17.12896859,512002,0,512002,34161
v1,e7bd16a8ad2be3cb1a245ce7fe4d8ea167164025,direct,octree_nfcount,flyby,7,456,456,1.238208055,0.4916799963,1.732128024,1.739813,1,0,-1,34177,29905,16,16,7996,26.73800368,17.12094967,512002,0,512002,34177
v1,e7bd16a8ad2be3cb1a245ce7fe4d8ea167164025,direct,octree_nfcount,flyby,7,457,457,1.507552028,0.4873920083,1.996512055,2.003533,1,0,-1,34305,30017,16,16,8130,27.08465203,17.05706766,512002,0,512002,34305
v1,e7bd16a8ad2be3cb1a245ce7fe4d8ea167164025,direct,octree_nfcount,flyby,7,458,458,1.549792051,0.3607679904,1.911808014,1.91756,1,0,-1,34009,29758,16,16,7866,26.43322804,17.20552456,512002,0,512002,34009
v1,e7bd16a8ad2be3cb1a245ce7fe4d8ea167164025,direct,octree_nfcount,flyby,7,459,459,1.534208059,0.4938560128,2.029695988,2.036975,1,0,-1,34377,30080,16,16,8089,26.89162234,17.02134309,512002,0,512002,34377
v1,e7bd16a8ad2be3cb1a245ce7fe4d8ea167164025,direct,octree_nfcount,flyby,7,460,460,1.241152048,0.3636159897,1.605983973,1.613565,1,0,-1,34273,29989,16,16,8028,26.7698156,17.07299343,512002,0,512002,34273
v1,e7bd16a8ad2be3cb1a245ce7fe4d8ea167164025,direct,octree_nfcount,flyby,7,461,461,1.560287952,0.4938240051,2.056512117,2.063952,1,0,-1,34337,30045,16,16,8050,26.79314362,17.04117158,512002,0,512002,34337
v1,e7bd16a8ad2be3cb1a245ce7fe4d8ea167164025,direct,octree_nfcount,flyby,7,462,462,1.278399944,0.359423995,1.639039993,1.646183,1,0,-1,34273,29989,16,16,8022,26.74980826,17.07299343,512002,0,512002,34273
v1,e7bd16a8ad2be3cb1a245ce7fe4d8ea167164025,direct,octree_nfcount,flyby,7,463,463,1.238592029,0.4997760057,1.743327975,1.755438,1,0,-1,34305,30017,16,16,7873,26.22847053,17.05706766,512002,0,512002,34305
v1,e7bd16a8ad2be3cb1a245ce7fe4d8ea167164025,direct,octree_nfcount,flyby,7,464,464,1.547392011,0.4986560047,2.048288107,2.054774,1,0,-1,34457,30150,16,16,8128,26.95854063,16.98182421,512002,0,512002,34457
v1,e7bd16a8ad2be3cb1a245ce7fe4d8ea167164025,direct,octree_nfcount,flyby,7,465,465,1.557855964,0.3645119965,1.923583984,1.930942,1,0,-1,34073,29814,16,16,7893,26.47413967,17.17320722,512002,0,512002,34073
v1,e7bd16a8ad2be3cb1a245ce7fe4d8ea167164025,direct,octree_nfcount,flyby,7,466,466,1.563135982,0.488191992,2.052927971,2.059225,1,0,-1,34473,30164,16,16,8078,26.78026787,16.97394245,512002,0,512002,34473
v1,e7bd16a8ad2be3cb1a245ce7fe4d8ea167164025,direct,octree_nfcount,flyby,7,467,467,1.245023966,0.3638400137,1.610111952,1.617997,1,0,-1,34169,29898,16,16,7948,26.58371797,17.12495819,512002,0,512002,34169
v1,e7bd16a8ad2be3cb1a245ce7fe4d8ea167164025,direct,octree_nfcount,flyby,7,468,468,1.54527998,0.3627200127,1.909216046,1.916534,1,0,-1,34137,29870,16,16,7981,26.71911617,17.14101105,512002,0,512002,34137
v1,e7bd16a8ad2be3cb1a245ce7fe4d8ea167164025,direct,octree_nfcount,flyby,7,469,469,1.550143957,0.4897919893,2.042176008,2.049381,1,0,-1,34201,29926,16,16,7970,26.63235982,17.10893537,512002,0,512002,34201
v1,e7bd16a8ad2be3cb1a245ce7fe4d8ea167164025,direct,octree_nfcount,flyby,7,470,470,1.223039985,0.3585599959,1.582816005,1.588523,1,0,-1,34041,29786,16,16,7795,26.17001276,17.1893507,512002,0,512002,34041
v1,e7bd16a8ad2be3cb1a245ce7fe4d8ea167164025,direct,octree_nfcount,flyby,7,471,471,1.502112031,0.3628480136,1.866207957,1.873599,1,0,-1,34009,29758,16,16,7851,26.38282143,17.20552456,512002,0,512002,34009
v1,e7bd16a8ad2be3cb1a245ce7fe4d8ea167164025,direct,octree_nfcount,flyby,7,472,472,1.552320004,0.3647679985,1.918303967,1.925889,1,0,-1,33953,29709,16,16,7838,26.38257767,17.23390218,512002,0,512002,33953
v1,e7bd16a8ad2be3cb1a245ce7fe4d8ea167164025,direct,octree_nfcount,flyby,7,473,473,1.589759946,0.4918400049,2.083807945,2.091058,1,0,-1,34145,29877,16,16,7961,26.64591492,17.13699501,512002,0,512002,34145
v1,e7bd16a8ad2be3cb1a245ce7fe4d8ea167164025,direct,octree_nfcount,flyby,7,474,474,1.233119965,0.4948799908,1.730208039,1.73744,1,0,-1,34153,29884,16,16,7869,26.33181636,17.13298086,512002,0,512002,34153
v1,e7bd16a8ad2be3cb1a245ce7fe4d8ea167164025,direct,octree_nfcount,flyby,7,475,475,1.588511944,0.3638719916,1.953631997,1.961452,1,0,-1,34153,29884,16,16,7945,26.58613305,17.13298086,512002,0,512002,34153
v1,e7bd16a8ad2be3cb1a245ce7fe4d8ea167164025,direct,octree_nfcount,flyby,7,476,476,1.574208021,0.3638719916,1.939296007,1.947024,1,0,-1,33961,29716,16,16,7966,26.80710728,17.22984251,512002,0,512002,33961
v1,e7bd16a8ad2be3cb1a245ce7fe4d8ea167164025,direct,octree_nfcount,flyby,7,477,477,1.246912003,0.4904960096,1.73900795,1.746514,1,0,-1,34041,29786,16,16,7832,26.29423219,17.1893507,512002,0,512002,34041
v1,e7bd16a8ad2be3cb1a245ce7fe4d8ea167164025,direct,octree_nfcount,flyby,7,478,478,1.539072037,0.4864960015,2.027807951,2.03378,1,0,-1,34233,29954,16,16,8041,26.84449489,17.09294251,512002,0,512002,34233
v1,e7bd16a8ad2be3cb1a245ce7fe4d8ea167164025,direct,octree_nfcount,flyby,7,479,479,1.617408037,0.4903360009,2.109407902,2.115926,1,0,-1,34369,30073,16,16,8060,26.80144981,17.02530509,512002,0,512002,34369
v1,e7bd16a8ad2be3cb1a245ce7fe4d8ea167164025,direct,octree_nfcount,flyby,7,480,480,1.542047977,0.3635840118,1.906847954,1.91412,1,0,-1,34265,29982,16,16,8061,26.88613168,17.07697952,512002,0,512002,34265
v1,e7bd16a8ad2be3cb1a245ce7fe4d8ea167164025,direct,octree_nfcount,flyby,7,481,481,1.218592048,0.3669439852,1.586784005,1.593846,1,0,-1,33721,29506,16,16,7769,26.33023792,17.35247068,512002,0,512002,33721
v1,e7bd16a8ad2be3cb1a245ce7fe4d8ea167164025,direct,octree_nfcount,flyby,7,482,482,1.536064029,0.4947519898,2.032448053,2.039608,1,0,-1,33777,29555,16,16,7769,26.28658433,17.32370157,512002,0,512002,33777
v1,e7bd16a8ad2be3cb1a245ce7fe4d8ea167164025,direct,octree_nfcount,flyby,7,483,483,1.564224005,0.4968000054,2.063231945,2.071042,1,0,-1,34113,29849,16,16,7944,26.61395692,17.15307045,512002,0,512002,34113
v1,e7bd16a8ad2be3cb1a245ce7fe4d8ea167164025,direct,octree_nfcount,flyby,7,484,484,1.221920013,0.3645440042,1.587679982,1.595725,1,0,-1,34081,29821,16,16,7830,26.25666477,17.16917608,512002,0,512002,34081
v1,e7bd16a8ad2be3cb1a245ce7fe4d8ea167164025,direct,octree_nfcount,flyby,7,485,485,1.25673604,0.3625279963,1.620576024,1.627916,1,0,-1,34001,29751,16,16,7877,26.47642096,17.20957279,512002,0,512002,34001
v1,e7bd16a8ad2be3cb1a245ce7fe4d8ea167164025,direct,octree_nfcount,flyby,7,486,486,1.535776019,0.4867840111,2.024800062,2.029907,1,0,-1,34193,29919,16,16,7825,26.153949,17.11293827,512002,0,512002,34193
v1,e7bd16a8ad2be3cb1a245ce7fe4d8ea167164025,direct,octree_nfcount,flyby,7,487,487,1.531039953,0.3618240058,1.894080043,1.901346,1,0,-1,34121,29856,16,16,8000,26.79528403,17.14904877,512002,0,512002,34121
v1,e7bd16a8ad2be3cb1a245ce7fe4d8ea167164025,direct,octree_nfcount,flyby,7,488,488,1.219616055,0.3610880077,1.581920028,1.589574,1,0,-1,33961,29716,16,16,7949,26.74989904,17.22984251,512002,0,512002,33961
v1,e7bd16a8ad2be3cb1a245ce7fe4d8ea167164025,direct,octree_nfcount,flyby,7,489,489,1.524544001,0.3658240139,1.891615987,1.899533,1,0,-1,33953,29709,16,16,7836,26.3758457,17.23390218,512002,0,512002,33953
v1,e7bd16a8ad2be3cb1a245ce7fe4d8ea167164025,direct,octree_nfcount,flyby,7,490,490,1.59679997,0.4934079945,2.09196806,2.099028,1,0,-1,34225,29947,16,16,8066,26.93425051,17.09693792,512002,0,512002,34225
v1,e7bd16a8ad2be3cb1a245ce7fe4d8ea167164025,direct,octree_nfcount,flyby,7,491,491,1.24751997,0.4925760031,1.741727948,1.748837,1,0,-1,34241,29961,16,16,7855,26.21741597,17.08894897,512002,0,512002,34241
v1,e7bd16a8ad2be3cb1a245ce7fe4d8ea167164025,direct,octree_nfcount,flyby,7,492,492,1.248864055,0.3639039993,1.613983989,1.621621,1,0,-1,34193,29919,16,16,7983,26.68204151,17.11293827,512002,0,512002,34193
v1,e7bd16a8ad2be3cb1a245ce7fe4d8ea167164025,direct,octree_nfcount,flyby,7,493,493,1.589215994,0.3647359908,1.955168009,1.962537,1,0,-1,33937,29695,16,16,7909,26.63411349,17.24202728,512002,0,512002,33937
v1,e7bd16a8ad2be3cb1a245ce7fe4d8ea167164025,direct,octree_nfcount,flyby,7,494,494,1.555328012,0.4948480129,2.052351952,2.059694,1,0,-1,34057,29800,16,16,7831,26.27852349,17.18127517,512002,0,512002,34057
v1,e7bd16a8ad2be3cb1a245ce7fe4d8ea167164025,direct,octree_nfcount,flyby,7,495,495,1.224032044,0.4941439927,1.719391942,1.726862,1,0,-1,34121,29856,16,16,7914,26.50723473,17.14904877,512002,0,512002,34121
v1,e7bd16a8ad2be3cb1a245ce7fe4d8ea167164025,direct,octree_nfcount,flyby,7,496,496,1.557791948,0.4886719882,2.048703909,2.055324,1,0,-1,34153,29884,16,16,7849,26.26489091,17.13298086,512002,0,512002,34153
v1,e7bd16a8ad2be3cb1a245ce7fe4d8ea167164025,direct,octree_nfcount,flyby,7,497,497,1.559808016,0.4887999892,2.049823999,2.057361,1,0,-1,34273,29989,16,16,7951,26.51305479,17.07299343,512002,0,512002,34273
v1,e7bd16a8ad2be3cb1a245ce7fe4d8ea167164025,direct,octree_nfcount,flyby,7,498,498,1.219679952,0.365440011,1.586336017,1.59411,1,0,-1,34137,29870,16,16,7831,26.21694007,17.14101105,512002,0,512002,34137
v1,e7bd16a8ad2be3cb1a245ce7fe4d8ea167164025,direct,octree_nfcount,flyby,7,499,499,1.534208059,0.4904319942,2.02624011,2.033688,1,0,-1,34193,29919,16,16,7996,26.72549216,17.11293827,512002,0,512002,34193
v1,e7bd16a8ad2be3cb1a245ce7fe4d8ea167164025,direct,octree_nfcount,flyby,7,500,500,1.523712039,0.3623999953,1.887328029,1.894844,1,0,-1,33977,29730,16,16,7826,26.32357888,17.22172889,512002,0,512002,33977
v1,e7bd16a8ad2be3cb1a245ce7fe4d8ea167164025,direct,octree_nfcount,flyby,7,501,501,1.251871943,0.4915199876,1.74495995,1.752582,1,0,-1,34057,29800,16,16,7899,26.50671141,17.18127517,512002,0,512002,34057
v1,e7bd16a8ad2be3cb1a245ce7fe4d8ea167164025,direct,octree_nfcount,flyby,7,502,502,1.539551973,0.4917440116,2.03334403,2.040822,1,0,-1,34081,29821,16,16,7955,26.67583247,17.16917608,512002,0,512002,34081
v1,e7bd16a8ad2be3cb1a245ce7fe4d8ea167164025,direct,octree_nfcount,flyby,7,503,503,1.545343995,0.4927999973,2.039839983,2.046466,1,0,-1,34297,30010,16,16,7965,26.54115295,17.06104632,512002,0,512002,34297
v1,e7bd16a8ad2be3cb1a245ce7fe4d8ea167164025,direct,octree_nfcount,flyby,7,504,504,1.565951943,0.4946559966,2.062815905,2.070179,1,0,-1,34561,30241,16,16,8093,26.76168116,16.93072319,512002,0,512002,34561
v1,e7bd16a8ad2be3cb1a245ce7fe4d8ea167164025,direct,octree_nfcount,flyby,7,505,505,1.242015958,0.367967993,1.611328006,1.618787,1,0,-1,34265,29982,16,16,7971,26.58595157,17.07697952,512002,0,512002,34265
v1,e7bd16a8ad2be3cb1a245ce7fe4d8ea167164025,direct,octree_nfcount,flyby,7,506,506,1.569151998,0.4926399887,2.064224005,2.071724,1,0,-1,34353,30059,16,16,8018,26.67420739,17.03323464,512002,0,512002,34353
v1,e7bd16a8ad2be3cb1a245ce7fe4d8ea167164025,direct,octree_nfcount,flyby,7,507,507,1.593600035,0.3645440042,1.959455967,1.967265,1,0,-1,34321,30031,16,16,8074,26.8855516,17.04911591,512002,0,512002,34321
v1,e7bd16a8ad2be3cb1a245ce7fe4d8ea167164025,direct,octree_nfcount,flyby,7,508,508,1.240640044,0.4920960069,1.733983994,1.741607,1,0,-1,34329,30038,16,16,7914,26.34662761,17.04514282,512002,0,512002,34329
v1,e7bd16a8ad2be3cb1a245ce7fe4d8ea167164025,direct,octree_nfcount,flyby,7,509,509,1.518656015,0.488447994,2.008768082,2.016265,1,0,-1,34449,30143,16,16,8033,26.64963673,16.98576784,512002,0,512002,34449
v1,e7bd16a8ad2be3cb1a245ce7fe4d8ea167164025,direct,octree_nfcount,flyby,7,510,510,1.563616037,0.3644799888,1.929311991,1.936888,1,0,-1,34241,29961,16,16,7983,26.64463803,17.08894897,512002,0,512002,34241
v1,e7bd16a8ad2be3cb1a245ce7fe4d8ea167164025,direct,octree_nfcount,flyby,7,511,511,1.57280004,0.4916479886,2.066688061,2.074013,1,0,-1,34377,30080,16,16,8094,26.90824468,17.02134309,512002,0,512002,34377
v1,e7bd16a8ad2be3cb1a245ce7fe4d8ea167164025,direct,octree_nfcount,flyby,7,512,512,1.228896022,0.3613759875,1.591488004,1.599057,1,0,-1,34145,29877,16,16,8027,26.86682063,17.13699501,512002,0,512002,34145
v1,e7bd16a8ad2be3cb1a245ce7fe4d8ea167164025,direct,octree_nfcount,flyby,7,513,513,1.568415999,0.4926399887,2.062655926,2.070047,1,0,-1,34193,29919,16,16,8024,26.81907818,17.11293827,512002,0,512002,34193
v1,e7bd16a8ad2be3cb1a245ce7fe4d8ea167164025,direct,octree_nfcount,flyby,7,514,514,1.592352033,0.3636800051,1.95728004,1.964433,1,0,-1,34177,29905,16,16,8008,26.77813075,17.12094967,512002,0,512002,34177
v1,e7bd16a8ad2be3cb1a245ce7fe4d8ea167164025,direct,octree_nfcount,flyby,7,515,515,1.218368053,0.3618240058,1.581408024,1.58906,1,0,-1,33993,29744,16,16,7824,26.30446477,17.21362292,512002,0,512002,33993
v1,e7bd16a8ad2be3cb1a245ce7fe4d8ea167164025,direct,octree_nfcount,flyby,7,516,516,1.514304042,0.4897919893,2.006335974,2.013225,1,0,-1,34241,29961,16,16,7983,26.64463803,17.08894897,512002,0,512002,34241
v1,e7bd16a8ad2be3cb1a245ce7fe4d8ea167164025,direct,octree_nfcount,flyby,7,517,517,1.562816024,0.3607679904,1.924800038,1.931777,1,0,-1,34073,29814,16,16,7867,26.38693231,17.17320722,512002,0,512002,34073
v1,e7bd16a8ad2be3cb1a245ce7fe4d8ea167164025,direct,octree_nfcount,flyby,7,518,518,1.524448037,0.4919039905,2.017951965,2.025061,1,0,-1,34313,30024,16,16,7955,26.49547029,17.05309086,512002,0,512002,34313
v1,e7bd16a8ad2be3cb1a245ce7fe4d8ea167164025,direct,octree_nfcount,flyby,7,519,519,1.237792015,0.3597120047,1.598752022,1.6057,1,0,-1,34249,29968,16,16,7995,26.67845702,17.08495729,512002,0,512002,34249
v1,e7bd16a8ad2be3cb1a245ce7fe4d8ea167164025,direct,octree_nfcount,flyby,7,520,520,1.556095958,0.3628160059,1.920127988,1.927758,1,0,-1,34177,29905,16,16,7880,26.35010868,17.12094967,512002,0,512002,34177
v1,e7bd16a8ad2be3cb1a245ce7fe4d8ea167164025,direct,octree_nfcount,flyby,7,521,521,1.53251195,0.4876160026,2.021728039,2.027265,1,0,-1,34337,30045,16,16,7971,26.53020469,17.04117158,512002,0,512002,34337
v1,e7bd16a8ad2be3cb1a245ce7fe4d8ea167164025,direct,octree_nfcount,flyby,7,522,522,1.223487973,0.3634879887,1.588191986,1.595643,1,0,-1,34097,29835,16,16,7795,26.12703201,17.16111949,512002,0,512002,34097
v1,e7bd16a8ad2be3cb1a245ce7fe4d8ea167164025,direct,octree_nfcount,flyby,7,523,523,1.543391943,0.4976960123,2.043296099,2.050674,1,0,-1,34257,29975,16,16,7909,26.3853211,17.08096747,512002,0,512002,34257
v1,e7bd16a8ad2be3cb1a245ce7fe4d8ea167164025,direct,octree_nfcount,flyby,7,524,524,1.554272056,0.3614400029,1.916928053,1.92447,1,0,-1,34065,29807,16,16,7741,25.97040964,17.17724025,512002,0,512002,34065
v1,e7bd16a8ad2be3cb1a245ce7fe4d8ea167164025,direct,octree_nfcount,flyby,7,525,525,1.240671992,0.488575995,1.730880022,1.738153,1,0,-1,34185,29912,16,16,7735,25.85918695,17.11694303,512002,0,512002,34185
v1,e7bd16a8ad2be3cb1a245ce7fe4d8ea167164025,direct,octree_nfcount,flyby,7,526,526,1.256639957,0.366463989,1.62432003,1.632318,1,0,-1,34161,29891,16,16,7912,26.46950587,17.12896859,512002,0,512002,34161
v1,e7bd16a8ad2be3cb1a245ce7fe4d8ea167164025,direct,octree_nfcount,flyby,7,527,527,1.557855964,0.362560004,1.921632051,1.929183,1,0,-1,34065,29807,16,16,7751,26.0039588,17.17724025,512002,0,512002,34065
v1,e7bd16a8ad2be3cb1a245ce7fe4d8ea167164025,direct,octree_nfcount,flyby,7,528,528,1.554080009,0.4896000028,2.045919895,2.052576,1,0,-1,34201,29926,16,16,7844,26.21132126,17.10893537,512002,0,512002,34201
v1,e7bd16a8ad2be3cb1a245ce7fe4d8ea167164025,direct,octree_nfcount,flyby,7,529,529,1.216320038,0.4904319942,1.708960056,1.716121,1,0,-1,34241,29961,16,16,7869,26.26414339,17.08894897,512002,0,512002,34241
v1,e7bd16a8ad2be3cb1a245ce7fe4d8ea167164025,direct,octree_nfcount,flyby,7,530,530,1.579839945,0.4946559966,2.076128006,2.08326,1,0,-1,34297,30010,16,16,7856,26.17794069,17.06104632,512002,0,512002,34297
v1,e7bd16a8ad2be3cb1a245ce7fe4d8ea167164025,direct,octree_nfcount,flyby,7,531,531,1.610463977,0.4913600087,2.10403204,2.110742,1,0,-1,34393,30094,16,16,7952,26.42387187,17.0134246,512002,0,512002,34393
v1,e7bd16a8ad2be3cb1a245ce7fe4d8ea167164025,direct,octree_nfcount,flyby,7,532,532,1.212991953,0.3628799915,1.577087998,1.583056,1,0,-1,34281,29996,16,16,7838,26.13015069,17.0690092,512002,0,512002,34281
v1,e7bd16a8ad2be3cb1a245ce7fe4d8ea167164025,direct,octree_nfcount,flyby,7,533,533,1.553439975,0.3635199964,1.918208003,1.925596,1,0,-1,34273,29989,16,16,7948,26.50305112,17.07299343,512002,0,512002,34273
v1,e7bd16a8ad2be3cb1a245ce7fe4d8ea167164025,direct,octree_nfcount,flyby,7,534,534,1.573887944,0.495487988,2.070976019,2.07779,1,0,-1,34321,30031,16,16,7807,25.99647031,17.04911591,512002,0,512002,34321
v1,e7bd16a8ad2be3cb1a245ce7fe4d8ea167164025,direct,octree_nfcount,flyby,7,535,535,1.547808051,0.4895040095,2.038912058,2.046172,1,0,-1,34337,30045,16,16,7915,26.34381761,17.04117158,512002,0,512002,34337
v1,e7bd16a8ad2be3cb1a245ce7fe4d8ea167164025,direct,octree_nfcount,flyby,7,536,536,1.25702405,0.4915519953,1.750848055,1.757971,1,0,-1,34385,30087,16,16,7947,26.41340114,17.01738292,512002,0,512002,34385
v1,e7bd16a8ad2be3cb1a245ce7fe4d8ea167164025,direct,octree_nfcount,flyby,7,537,537,1.545215964,0.4936000109,2.041343927,2.047262,1,0,-1,34473,30164,16,16,7893,26.16695398,16.97394245,512002,0,512002,34473
v1,e7bd16a8ad2be3cb1a245ce7fe4d8ea167164025,direct,octree_nfcount,flyby,7,538,538,1.59196806,0.4926719964,2.08671999,2.094226,1,0,-1,34529,30213,16,16,7963,26.35620428,16.9464138,512002,0,512002,34529
v1,e7bd16a8ad2be3cb1a245ce7fe4d8ea167164025,direct,octree_nfcount,flyby,7,539,539,1.251263976,0.495840013,1.748703957,1.756233,1,0,-1,34649,30318,16,16,7890,26.02414407,16.88772346,512002,0,512002,34649
v1,e7bd16a8ad2be3cb1a245ce7fe4d8ea167164025,direct,octree_nfcount,flyby,7,540,540,1.551327944,0.3655999899,1.918176055,1.925898,1,0,-1,34521,30206,16,16,7976,26.40534993,16.95034099,512002,0,512002,34521
v1,e7bd16a8ad2be3cb1a245ce7fe4d8ea167164025,direct,octree_nfcount,flyby,7,541,541,1.594176054,0.3587520123,1.954144001,1.96024,1,0,-1,34441,30136,16,16,7975,26.46336607,16.9897133,512002,0,512002,34441
v1,e7bd16a8ad2be3cb1a245ce7fe4d8ea167164025,direct,octree_nfcount,flyby,7,542,542,1.249824047,0.3604800105,1.611552,1.616913,1,0,-1,34433,30129,16,16,7821,25.95837897,16.99366059,512002,0,512002,34433
v1,e7bd16a8ad2be3cb1a245ce7fe4d8ea167164025,direct,octree_nfcount,flyby,7,543,543,1.530207992,0.4949119985,2.027359962,2.034385,1,0,-1,34513,30199,16,16,7921,26.22934534,16.95427001,512002,0,512002,34513
v1,e7bd16a8ad2be3cb1a245ce7fe4d8ea167164025,direct,octree_nfcount,flyby,7,544,544,1.518079996,0.3649280071,1.884287953,1.890484,1,0,-1,34297,30010,16,16,7731,25.76141286,17.06104632,512002,0,512002,34297
v1,e7bd16a8ad2be3cb1a245ce7fe4d8ea167164025,direct,octree_nfcount,flyby,7,545,545,1.573887944,0.3607360125,1.935840011,1.942021,1,0,-1,34193,29919,16,16,7824,26.15060664,17.11293827,512002,0,512002,34193
v1,e7bd16a8ad2be3cb1a245ce7fe4d8ea167164025,direct,octree_nfcount,flyby,7,546,546,1.229248047,0.3628480136,1.59337604,1.599643,1,0,-1,34033,29779,16,16,7649,25.68588603,17.19339132,512002,0,512002,34033
v1,e7bd16a8ad2be3cb1a245ce7fe4d8ea167164025,direct,octree_nfcount,flyby,7,547,547,1.567808032,0.3628480136,1.93187201,1.939172,1,0,-1,33929,29688,16,16,7618,25.66019941,17.2460927,512002,0,512002,33929
v1,e7bd16a8ad2be3cb1a245ce7fe4d8ea167164025,direct,octree_nfcount,flyby,7,548,548,1.587072015,0.494336009,2.083647966,2.091101,1,0,-1,34185,29912,16,16,7695,25.72546135,17.11694303,512002,0,512002,34185
v1,e7bd16a8ad2be3cb1a245ce7fe4d8ea167164025,direct,octree_nfcount,flyby,7,549,549,1.224320054,0.3616000116,1.587167978,1.593461,1,0,-1,33937,29695,16,16,7555,25.4419936,17.24202728,512002,0,512002,33937
v1,e7bd16a8ad2be3cb1a245ce7fe4d8ea167164025,direct,octree_nfcount,flyby,7,550,550,1.56201601,0.4925439954,2.056159973,2.062836,1,0,-1,34041,29786,16,16,7699,25.84771369,17.1893507,512002,0,512002,34041
v1,e7bd16a8ad2be3cb1a245ce7fe4d8ea167164025,direct,octree_nfcount,flyby,7,551,551,1.582784057,0.3582719862,1.942304015,1.948311,1,0,-1,33841,29611,16,16,7600,25.66613758,17.29093918,512002,0,512002,33841
v1,e7bd16a8ad2be3cb1a245ce7fe4d8ea167164025,direct,octree_nfcount,flyby,7,552,552,1.248000026,0.4918400049,1.742048025,1.749505,1,0,-1,34049,29793,16,16,7618,25.56976471,17.18531199,512002,0,512002,34049
v1,e7bd16a8ad2be3cb1a245ce7fe4d8ea167164025,direct,octree_nfcount,flyby,7,553,553,1.242367983,0.3719039857,1.615488052,1.624048,1,0,-1,33873,29639,16,16,7599,25.63851682,17.27460441,512002,0,512002,33873
v1,e7bd16a8ad2be3cb1a245ce7fe4d8ea167164025,direct,octree_nfcount,flyby,7,554,554,1.552448034,0.3657920063,1.919487953,1.926884,1,0,-1,33761,29541,16,16,7503,25.39859856,17.33191158,512002,0,512002,33761
v1,e7bd16a8ad2be3cb1a245ce7fe4d8ea167164025,direct,octree_nfcount,flyby,7,555,555,1.563840032,0.4916799963,2.057120085,2.064798,1,0,-1,34025,29772,16,16,7671,25.76582023,17.19743383,512002,0,512002,34025
v1,e7bd16a8ad2be3cb1a245ce7fe4d8ea167164025,direct,octree_nfcount,flyby,7,556,556,1.208096027,0.3689599931,1.578304052,1.585811,1,0,-1,33801,29576,16,16,7531,25.46321342,17.31140114,512002,0,512002,33801
v1,e7bd16a8ad2be3cb1a245ce7fe4d8ea167164025,direct,octree_nfcount,flyby,7,557,557,1.565951943,0.4949440062,2.063231945,2.071045,1,0,-1,33865,29632,16,16,7578,25.5737041,17.27868521,512002,0,512002,33865
v1,e7bd16a8ad2be3cb1a245ce7fe4d8ea167164025,direct,octree_nfcount,flyby,7,558,558,1.557631969,0.488575995,2.047807932,2.054528,1,0,-1,34057,29800,16,16,7667,25.72818792,17.18127517,512002,0,512002,34057
v1,e7bd16a8ad2be3cb1a245ce7fe4d8ea167164025,direct,octree_nfcount,flyby,7,559,559,1.215327978,0.3645440042,1.581087947,1.588645,1,0,-1,33929,29688,16,16,7533,25.37388844,17.2460927,512002,0,512002,33929
v1,e7bd16a8ad2be3cb1a245ce7fe4d8ea167164025,direct,octree_nfcount,flyby,7,560,560,1.270112038,0.4958080053,1.768192053,1.77602,1,0,-1,34113,29849,16,16,7688,25.75630674,17.15307045,512002,0,512002,34113
v1,e7bd16a8ad2be3cb1a245ce7fe4d8ea167164025,direct,octree_nfcount,flyby,7,561,561,1.28867197,0.3636479974,1.653535962,1.661143,1,0,-1,33921,29681,16,16,7590,25.57191469,17.25016004,512002,0,512002,33921
v1,e7bd16a8ad2be3cb1a245ce7fe4d8ea167164025,direct,octree_nfcount,flyby,7,562,562,1.543679953,0.366719991,1.91171205,1.918966,1,0,-1,33913,29674,16,16,7569,25.507178,17.25422929,512002,0,512002,33913
v1,e7bd16a8ad2be3cb1a245ce7fe4d8ea167164025,direct,octree_nfcount,flyby,7,563,563,1.238016009,0.4958719909,1.735488057,1.742792,1,0,-1,34161,29891,16,16,7715,25.81044462,17.12896859,512002,0,512002,34161
v1,e7bd16a8ad2be3cb1a245ce7fe4d8ea167164025,direct,octree_nfcount,flyby,7,564,564,1.52483201,0.3648000062,1.890912056,1.898035,1,0,-1,34001,29751,16,16,7617,25.60250076,17.20957279,512002,0,512002,34001
v1,e7bd16a8ad2be3cb1a245ce7fe4d8ea167164025,direct,octree_nfcount,flyby,7,565,565,1.575327992,0.4939199984,2.071039915,2.078545,1,0,-1,34321,30031,16,16,7700,25.64017182,17.04911591,512002,0,512002,34321
v1,e7bd16a8ad2be3cb1a245ce7fe4d8ea167164025,direct,octree_nfcount,flyby,7,566,566,1.237823963,0.365568012,1.604608059,1.611959,1,0,-1,33977,29730,16,16,7606,25.5835856,17.22172889,512002,0,512002,33977
v1,e7bd16a8ad2be3cb1a245ce7fe4d8ea167164025,direct,octree_nfcount,flyby,7,567,567,1.518751979,0.4932479858,2.013247967,2.020405,1,0,-1,34121,29856,16,16,7689,25.75361736,17.14904877,512002,0,512002,34121
v1,e7bd16a8ad2be3cb1a245ce7fe4d8ea167164025,direct,octree_nfcount,flyby,7,568,568,1.528159976,0.3646399975,1.894016027,1.901429,1,0,-1,33889,29653,16,16,7635,25.74781641,17.26644859,512002,0,512002,33889
v1,e7bd16a8ad2be3cb1a245ce7fe4d8ea167164025,direct,octree_nfcount,flyby,7,569,569,1.224352002,0.3627200127,1.58828795,1.595675,1,0,-1,33833,29604,16,16,7530,25.43575193,17.2950277,512002,0,512002,33833
v1,e7bd16a8ad2be3cb1a245ce7fe4d8ea167164025,direct,octree_nfcount,flyby,7,570,570,1.518784046,0.4904640019,2.012223959,2.018201,1,0,-1,33841,29611,16,16,7581,25.60197224,17.29093918,512002,0,512002,33841
v1,e7bd16a8ad2be3cb1a245ce7fe4d8ea167164025,direct,octree_nfcount,flyby,7,571,571,1.532703996,0.4883840084,2.023296118,2.030317,1,0,-1,33921,29681,16,16,7602,25.6123446,17.25016004,512002,0,512002,33921
v1,e7bd16a8ad2be3cb1a245ce7fe4d8ea167164025,direct,octree_nfcount,flyby,7,572,572,1.549568057,0.4905279875,2.04172802,2.048582,1,0,-1,34185,29912,16,16,7646,25.5616475,17.11694303,512002,0,512002,34185
v1,e7bd16a8ad2be3cb1a245ce7fe4d8ea167164025,direct,octree_nfcount,flyby,7,573,573,1.208896041,0.3567039967,1.566944003,1.572543,1,0,-1,34001,29751,16,16,7608,25.57224967,17.20957279,512002,0,512002,34001
v1,e7bd16a8ad2be3cb1a245ce7fe4d8ea167164025,direct,octree_nfcount,flyby,7,574,574,1.532799959,0.4906240106,2.025568008,2.032336,1,0,-1,34065,29807,16,16,7565,25.37994431,17.17724025,512002,0,512002,34065
v1,e7bd16a8ad2be3cb1a245ce7fe4d8ea167164025,direct,octree_nfcount,flyby,7,575,575,1.623167992,0.4994879961,2.124736071,2.133541,1,0,-1,34521,30206,16,16,7753,25.66708601,16.95034099,512002,0,512002,34521
v1,e7bd16a8ad2be3cb1a245ce7fe4d8ea167164025,direct,octree_nfcount,flyby,7,576,576,1.216223955,0.362432003,1.579872012,1.585617,1,0,-1,34217,29940,16,16,7639,25.51436206,17.1009352,512002,0,512002,34217
v1,e7bd16a8ad2be3cb1a245ce7fe4d8ea167164025,direct,octree_nfcount,flyby,7,577,577,1.559520006,0.3583999872,1.919136047,1.925804,1,0,-1,34113,29849,16,16,7583,25.40453617,17.15307045,512002,0,512002,34113
v1,e7bd16a8ad2be3cb1a245ce7fe4d8ea167164025,direct,octree_nfcount,flyby,7,578,578,1.548383951,0.4866560102,2.037247896,2.043576,1,0,-1,34201,29926,16,16,7636,25.51627347,17.10893537,512002,0,512002,34201
v1,e7bd16a8ad2be3cb1a245ce7fe4d8ea167164025,direct,octree_nfcount,flyby,7,579,579,1.22239995,0.3585279882,1.582144022,1.589985,1,0,-1,34081,29821,16,16,7562,25.35796922,17.16917608,512002,0,512002,34081
v1,e7bd16a8ad2be3cb1a245ce7fe4d8ea167164025,direct,octree_nfcount,flyby,7,580,580,1.504063964,0.4885120094,1.99417603,2.001739,1,0,-1,34097,29835,16,16,7692,25.7817999,17.16111949,512002,0,512002,34097
v1,e7bd16a8ad2be3cb1a245ce7fe4d8ea167164025,direct,octree_nfcount,flyby,7,581,581,1.59168005,0.4880959988,2.080991983,2.086862,1,0,-1,34121,29856,16,16,7638,25.58279743,17.14904877,512002,0,512002,34121
v1,e7bd16a8ad2be3cb1a245ce7fe4d8ea167164025,direct,octree_nfcount,flyby,7,582,582,1.529983997,0.4915519953,2.023200035,2.030241,1,0,-1,34273,29989,16,16,7743,25.81946714,17.07299343,512002,0,512002,34273
v1,e7bd16a8ad2be3cb1a245ce7fe4d8ea167164025,direct,octree_nfcount,flyby,7,583,583,1.249984026,0.3614400029,1.612640023,1.619726,1,0,-1,34185,29912,16,16,7741,25.87924579,17.11694303,512002,0,512002,34185
v1,e7bd16a8ad2be3cb1a245ce7fe4d8ea167164025,direct,octree_nfcount,flyby,7,584,584,1.603968024,0.3647679985,1.969984055,1.97763,1,0,-1,34121,29856,16,16,7705,25.80720793,17.14904877,512002,0,512002,34121
v1,e7bd16a8ad2be3cb1a245ce7fe4d8ea167164025,direct,octree_nfcount,flyby,7,585,585,1.630944014,0.4927679896,2.125344038,2.132759,1,0,-1,34441,30136,16,16,7775,25.79970799,16.9897133,512002,0,512002,34441
v1,e7bd16a8ad2be3cb1a245ce7fe4d8ea167164025,direct,octree_nfcount,flyby,7,586,586,1.239295959,0.3644799888,1.604992032,1.612891,1,0,-1,34097,29835,16,16,7637,25.59745266,17.16111949,512002,0,512002,34097
v1,e7bd16a8ad2be3cb1a245ce7fe4d8ea167164025,direct,octree_nfcount,flyby,7,587,587,1.588992,0.4937919974,2.085024118,2.092279,1,0,-1,34161,29891,16,16,7695,25.74353484,17.12896859,512002,0,512002,34161
v1,e7bd16a8ad2be3cb1a245ce7fe4d8ea167164025,direct,octree_nfcount,flyby,7,588,588,1.567808032,0.4956479967,2.065088034,2.07288,1,0,-1,34297,30010,16,16,7749,25.82139287,17.06104632,512002,0,512002,34297
v1,e7bd16a8ad2be3cb1a245ce7fe4d8ea167164025,direct,octree_nfcount,flyby,7,589,589,1.228224039,0.3617280126,1.591199994,1.59853,1,0,-1,34265,29982,16,16,7617,25.40524315,17.07697952,512002,0,512002,34265
v1,e7bd16a8ad2be3cb1a245ce7fe4d8ea167164025,direct,octree_nfcount,flyby,7,590,590,1.514368057,0.4923200011,2.007904053,2.015101,1,0,-1,34449,30143,16,16,7799,25.87333709,16.98576784,512002,0,512002,34449
v1,e7bd16a8ad2be3cb1a245ce7fe4d8ea167164025,direct,octree_nfcount,flyby,7,591,591,1.556511998,0.3626239896,1.920351982,1.927931,1,0,-1,34137,29870,16,16,7641,25.58085035,17.14101105,512002,0,512002,34137
v1,e7bd16a8ad2be3cb1a245ce7fe4d8ea167164025,direct,octree_nfcount,flyby,7,592,592,1.588384032,0.4918079972,2.082400084,2.090046,1,0,-1,34233,29954,16,16,7784,25.98651265,17.09294251,512002,0,512002,34233
v1,e7bd16a8ad2be3cb1a245ce7fe4d8ea167164025,direct,octree_nfcount,flyby,7,593,593,1.228096008,0.3603839874,1.58969605,1.596803,1,0,-1,33865,29632,16,16,7660,25.85043197,17.27868521,512002,0,512002,33865
v1,e7bd16a8ad2be3cb1a245ce7fe4d8ea167164025,direct,octree_nfcount,flyby,7,594,594,1.536383986,0.3603839874,1.898112059,1.90552,1,0,-1,33857,29625,16,16,7638,25.78227848,17.28276793,512002,0,512002,33857
v1,e7bd16a8ad2be3cb1a245ce7fe4d8ea167164025,direct,octree_nfcount,flyby,7,595,595,1.53945601,0.4978240132,2.039551973,2.046678,1,0,-1,33977,29730,16,16,7645,25.71476623,17.22172889,512002,0,512002,33977
v1,e7bd16a8ad2be3cb1a245ce7fe4d8ea167164025,direct,octree_nfcount,flyby,7,596,596,1.223039985,0.4948799908,1.719488025,1.727014,1,0,-1,33985,29737,16,16,7513,25.2648216,17.21767495,512002,0,512002,33985
v1,e7bd16a8ad2be3cb1a245ce7fe4d8ea167164025,direct,octree_nfcount,flyby,7,597,597,1.541504025,0.3604480028,1.90320003,1.909483,1,0,-1,33969,29723,16,16,7639,25.70063587,17.22578475,512002,0,512002,33969
v1,e7bd16a8ad2be3cb1a245ce7fe4d8ea167164025,direct,octree_nfcount,flyby,7,598,598,1.570688009,0.3627839983,1.934720039,1.942399,1,0,-1,33937,29695,16,16,7620,25.66088567,17.24202728,512002,0,512002,33937
v1,e7bd16a8ad2be3cb1a245ce7fe4d8ea167164025,direct,octree_nfcount,flyby,7,599,599,1.24553597,0.486687988,1.733824015,1.740894,1,0,-1,34073,29814,16,16,7474,25.06875964,17.17320722,512002,0,512002,34073
v1,e7bd16a8ad2be3cb1a245ce7fe4d8ea167164025,direct,octree_nfcount,flyby,7,600,600,1.560256004,0.4927679896,2.054624081,2.061505,1,0,-1,34361,30066,16,16,7652,25.45067518,17.02926894,512002,0,512002,34361
v1,e7bd16a8ad2be3cb1a245ce7fe4d8ea167164025,direct,octree_nfcount,flyby,7,601,601,1.573760033,0.3627839983,1.937855959,1.945767,1,0,-1,34249,29968,16,16,7623,25.43713294,17.08495729,512002,0,512002,34249
v1,e7bd16a8ad2be3cb1a245ce7fe4d8ea167164025,direct,octree_nfcount,flyby,7,602,602,1.55507195,0.3624959886,1.91881597,1.925705,1,0,-1,34065,29807,16,16,7569,25.39336397,17.17724025,512002,0,512002,34065
v1,e7bd16a8ad2be3cb1a245ce7fe4d8ea167164025,direct,octree_nfcount,flyby,7,603,603,1.241503954,0.4967040122,1.74041605,1.74826,1,0,-1,34353,30059,16,16,7758,25.80924182,17.03323464,512002,0,512002,34353
v1,e7bd16a8ad2be3cb1a245ce7fe4d8ea167164025,direct,octree_nfcount,flyby,7,604,604,1.557952046,0.3637759984,1.922976017,1.930499,1,0,-1,34089,29828,16,16,7577,25.40230656,17.16514684,512002,0,512002,34089
v1,e7bd16a8ad2be3cb1a245ce7fe4d8ea167164025,direct,octree_nfcount,flyby,7,605,605,1.553536057,0.4920000136,2.046751976,2.054536,1,0,-1,34249,29968,16,16,7625,25.44380673,17.08495729,512002,0,512002,34249
v1,e7bd16a8ad2be3cb1a245ce7fe4d8ea167164025,direct,octree_nfcount,flyby,7,606,606,1.228384018,0.3634240031,1.593024015,1.60088,1,0,-1,34073,29814,16,16,7577,25.41423492,17.17320722,512002,0,512002,34073
v1,e7bd16a8ad2be3cb1a245ce7fe4d8ea167164025,direct,octree_nfcount,flyby,7,607,607,1.530079961,0.491584003,2.023936033,2.029896,1,0,-1,34241,29961,16,16,7680,25.63332332,17.08894897,512002,0,512002,34241
v1,e7bd16a8ad2be3cb1a245ce7fe4d8ea167164025,direct,octree_nfcount,flyby,7,608,608,1.602367997,0.4884800017,2.092479944,2.098283,1,0,-1,34329,30038,16,16,7784,25.91384247,17.04514282,512002,0,512002,34329
v1,e7bd16a8ad2be3cb1a245ce7fe4d8ea167164025,direct,octree_nfcount,flyby,7,609,609,1.240831971,0.3623679876,1.604480028,1.611846,1,0,-1,34273,29989,16,16,7556,25.19590517,17.07299343,512002,0,512002,34273
v1,e7bd16a8ad2be3cb1a245ce7fe4d8ea167164025,direct,octree_nfcount,flyby,7,610,610,1.546784043,0.3594880104,1.907520056,1.914487,1,0,-1,34249,29968,16,16,7697,25.684063,17.08495729,512002,0,512002,34249
v1,e7bd16a8ad2be3cb1a245ce7fe4d8ea167164025,direct,octree_nfcount,flyby,7,611,611,1.587679982,0.4911679924,2.080480099,2.087919,1,0,-1,34265,29982,16,16,7681,25.61870456,17.07697952,512002,0,512002,34265
v1,e7bd16a8ad2be3cb1a245ce7fe4d8ea167164025,direct,octree_nfcount,flyby,7,612,612,1.257344007,0.4886719882,1.748383999,1.755672,1,0,-1,34489,30178,16,16,7745,25.66439128,16.966068,512002,0,512002,34489
v1,e7bd16a8ad2be3cb1a245ce7fe4d8ea167164025,direct,octree_nfcount,flyby,7,613,613,1.253695965,0.3623999953,1.617311954,1.624962,1,0,-1,34385,30087,16,16,7774,25.83840197,17.01738292,512002,0,512002,34385
v1,e7bd16a8ad2be3cb1a245ce7fe4d8ea167164025,direct,octree_nfcount,flyby,7,614,614,1.563743949,0.3595199883,1.924512029,1.930936,1,0,-1,34273,29989,16,16,7666,25.56270633,17.07299343,512002,0,512002,34273
v1,e7bd16a8ad2be3cb1a245ce7fe4d8ea167164025,direct,octree_nfcount,flyby,7,615,615,1.638335943,0.4881280065,2.127712011,2.135534,1,0,-1,34361,30066,16,16,7780,25.87640524,17.02926894,512002,0,512002,34361
v1,e7bd16a8ad2be3cb1a245ce7fe4d8ea167164025,direct,octree_nfcount,flyby,7,616,616,1.241152048,0.3595840037,1.601984024,1.609147,1,0,-1,34145,29877,16,16,7658,25.63175687,17.13699501,512002,0,512002,34145
v1,e7bd16a8ad2be3cb1a245ce7fe4d8ea167164025,direct,octree_nfcount,flyby,7,617,617,1.543648005,0.3545280099,1.89952004,1.905191,1,0,-1,34089,29828,16,16,7650,25.64704305,17.16514684,512002,0,512002,34089
v1,e7bd16a8ad2be3cb1a245ce7fe4d8ea167164025,direct,octree_nfcount,flyby,7,618,618,1.542368054,0.4921599925,2.035743952,2.04306,1,0,-1,34105,29842,16,16,7809,26.16781717,17.15709403,512002,0,512002,34105
v1,e7bd16a8ad2be3cb1a245ce7fe4d8ea167164025,direct,octree_nfcount,flyby,7,619,619,1.22736001,0.3596479893,1.588256001,1.595103,1,0,-1,33849,29618,16,16,7603,25.67020055,17.28685259,512002,0,512002,33849
v1,e7bd16a8ad2be3cb1a245ce7fe4d8ea167164025,direct,octree_nfcount,flyby,7,620,620,1.513983965,0.488575995,2.004159927,2.011198,1,0,-1,33977,29730,16,16,7670,25.79885637,17.22172889,512002,0,512002,33977
v1,e7bd16a8ad2be3cb1a245ce7fe4d8ea167164025,direct,octree_nfcount,flyby,7,621,621,1.55350399,0.492832005,2.04854393,2.055937,1,0,-1,34129,29863,16,16,7715,25.83464488,17.14502897,512002,0,512002,34129
v1,e7bd16a8ad2be3cb1a245ce7fe4d8ea167164025,direct,octree_nfcount,flyby,7,622,622,1.236672044,0.3616960049,1.599583983,1.607011,1,0,-1,33921,29681,16,16,7615,25.65614366,17.25016004,512002,0,512002,33921
v1,e7bd16a8ad2be3cb1a245ce7fe4d8ea167164025,direct,octree_nfcount,flyby,7,623,623,1.526911974,0.4896320105,2.018176079,2.025226,1,0,-1,34217,29940,16,16,7662,25.59118236,17.1009352,512002,0,512002,34217
v1,e7bd16a8ad2be3cb1a245ce7fe4d8ea167164025,direct,octree_nfcount,flyby,7,624,624,1.5704,0.3616639972,1.933279991,1.940151,1,0,-1,33833,29604,16,16,7517,25.39183894,17.2950277,512002,0,512002,33833
v1,e7bd16a8ad2be3cb1a245ce7fe4d8ea167164025,direct,octree_nfcount,flyby,7,625,625,1.509696007,0.4947200119,2.006047964,2.01317,1,0,-1,34057,29800,16,16,7555,25.35234899,17.18127517,512002,0,512002,34057
v1,e7bd16a8ad2be3cb1a245ce7fe4d8ea167164025,direct,octree_nfcount,flyby,7,626,626,1.237311959,0.3625920117,1.601151943,1.608739,1,0,-1,33929,29688,16,16,7502,25.26946915,17.2460927,512002,0,512002,33929
v1,e7bd16a8ad2be3cb1a245ce7fe4d8ea167164025,direct,octree_nfcount,flyby,7,627,627,1.528864026,0.4894399941,2.019903898,2.027563,1,0,-1,34049,29793,16,16,7479,25.10321216,17.18531199,512002,0,512002,34049
v1,e7bd16a8ad2be3cb1a245ce7fe4d8ea167164025,direct,octree_nfcount,flyby,7,628,628,1.527199984,0.494592011,2.02412796,2.0312,1,0,-1,34257,29975,16,16,7594,25.33444537,17.08096747,512002,0,512002,34257
v1,e7bd16a8ad2be3cb1a245ce7fe4d8ea167164025,direct,octree_nfcount,flyby,7,629,629,1.246623993,0.3652800024,1.61311996,1.621042,1,0,-1,33993,29744,16,16,7509,25.24542765,17.21362292,512002,0,512002,33993
v1,e7bd16a8ad2be3cb1a245ce7fe4d8ea167164025,direct,octree_nfcount,flyby,7,630,630,1.251680017,0.4917759895,1.746623993,1.753371,1,0,-1,34113,29849,16,16,7597,25.45143891,17.15307045,512002,0,512002,34113
v1,e7bd16a8ad2be3cb1a245ce7fe4d8ea167164025,direct,octree_nfcount,flyby,7,631,631,1.610303998,0.4922879934,2.104192019,2.11139,1,0,-1,34241,29961,16,16,7633,25.47645272,17.08894897,512002,0,512002,34241
v1,e7bd16a8ad2be3cb1a245ce7fe4d8ea167164025,direct,octree_nfcount,flyby,7,632,632,1.234976053,0.3634879887,1.599712014,1.607352,1,0,-1,34153,29884,16,16,7475,25.01338509,17.13298086,512002,0,512002,34153
v1,e7bd16a8ad2be3cb1a245ce7fe4d8ea167164025,direct,octree_nfcount,flyby,7,633,633,1.262048006,0.4948160052,1.758496046,1.765795,1,0,-1,34209,29933,16,16,7646,25.5437143,17.10493435,512002,0,512002,34209
v1,e7bd16a8ad2be3cb1a245ce7fe4d8ea167164025,direct,octree_nfcount,flyby,7,634,634,1.533599973,0.4947519898,2.029952049,2.03729,1,0,-1,34289,30003,16,16,7604,25.34413225,17.06502683,512002,0,512002,34289
v1,e7bd16a8ad2be3cb1a245ce7fe4d8ea167164025,direct,octree_nfcount,flyby,7,635,635,1.240543962,0.3563199937,1.598080039,1.604569,1,0,-1,34281,29996,16,16,7614,25.38338445,17.0690092,512002,0,512002,34281
v1,e7bd16a8ad2be3cb1a245ce7fe4d8ea167164025,direct,octree_nfcount,flyby,7,636,636,1.256543994,0.3644799888,1.622272015,1.629365,1,0,-1,34113,29849,16,16,7626,25.54859459,17.15307045,512002,0,512002,34113
v1,e7bd16a8ad2be3cb1a245ce7fe4d8ea167164025,direct,octree_nfcount,flyby,7,637,637,1.544415951,0.3605119884,1.906175971,1.912744,1,0,-1,34057,29800,16,16,7535,25.2852349,17.18127517,512002,0,512002,34057
v1,e7bd16a8ad2be3cb1a245ce7fe4d8ea167164025,direct,octree_nfcount,flyby,7,638,638,1.57478404,0.4906240106,2.067008018,2.074095,1,0,-1,34345,30052,16,16,7670,25.52242779,17.03720218,512002,0,512002,34345
v1,e7bd16a8ad2be3cb1a245ce7fe4d8ea167164025,direct,octree_nfcount,flyby,7,639,639,1.22921598,0.3644160032,1.594879985,1.602319,1,0,-1,34161,29891,16,16,7594,25.40564049,17.12896859,512002,0,512002,34161
v1,e7bd16a8ad2be3cb1a245ce7fe4d8ea167164025,direct,octree_nfcount,flyby,7,640,640,1.560735941,0.4907839894,2.05308795,2.058861,1,0,-1,34185,29912,16,16,7527,25.16381385,17.11694303,512002,0,512002,34185
v1,e7bd16a8ad2be3cb1a245ce7fe4d8ea167164025,direct,octree_nfcount,flyby,7,641,641,1.559360027,0.4894720018,2.050048113,2.056023,1,0,-1,34433,30129,16,16,7720,25.62315377,16.99366059,512002,0,512002,34433
v1,e7bd16a8ad2be3cb1a245ce7fe4d8ea167164025,direct,octree_nfcount,flyby,7,642,642,1.222015977,0.3584319949,1.581663966,1.588679,1,0,-1,34209,29933,16,16,7538,25.1829085,17.10493435,512002,0,512002,34209
v1,e7bd16a8ad2be3cb1a245ce7fe4d8ea167164025,direct,octree_nfcount,flyby,7,643,643,1.540320039,0.4916160107,2.033567905,2.040287,1,0,-1,34289,30003,16,16,7586,25.28413825,17.06502683,512002,0,512002,34289
v1,e7bd16a8ad2be3cb1a245ce7fe4d8ea167164025,direct,octree_nfcount,flyby,7,644,644,1.54400003,0.4917759895,2.037983894,2.046272,1,0,-1,34345,30052,16,16,7725,25.7054439,17.03720218,512002,0,512002,34345
v1,e7bd16a8ad2be3cb1a245ce7fe4d8ea167164025,direct,octree_nfcount,flyby,7,645,645,1.247871995,0.4903999865,1.739871979,1.747112,1,0,-1,34417,30115,16,16,7546,25.05728043,17.00156068,512002,0,512002,34417
v1,e7bd16a8ad2be3cb1a245ce7fe4d8ea167164025,direct,octree_nfcount,flyby,7,646,646,1.532415986,0.3623360097,1.89596796,1.903684,1,0,-1,34257,29975,16,16,7645,25.50458716,17.08096747,512002,0,512002,34257
v1,e7bd16a8ad2be3cb1a245ce7fe4d8ea167164025,direct,octree_nfcount,flyby,7,647,647,1.567615986,0.3654080033,1.934272051,1.941643,1,0,-1,34257,29975,16,16,7550,25.18765638,17.08096747,512002,0,512002,34257
v1,e7bd16a8ad2be3cb1a245ce7fe4d8ea167164025,direct,octree_nfcount,flyby,7,648,648,1.552608013,0.3614079952,1.918688059,1.925576,1,0,-1,34217,29940,16,16,7576,25.30394122,17.1009352,512002,0,512002,34217
v1,e7bd16a8ad2be3cb1a245ce7fe4d8ea167164025,direct,octree_nfcount,flyby,7,649,649,1.227679968,0.4939520061,1.723839998,1.730997,1,0,-1,34225,29947,16,16,7637,25.5017197,17.09693792,512002,0,512002,34225
v1,e7bd16a8ad2be3cb1a245ce7fe4d8ea167164025,direct,octree_nfcount,flyby,7,650,650,1.574239969,0.4915199876,2.068000078,2.075252,1,0,-1,34257,29975,16,16,7557,25.21100917,17.08096747,512002,0,512002,34257
v1,e7bd16a8ad2be3cb1a245ce7fe4d8ea167164025,direct,octree_nfcount,flyby,7,651,651,1.605695963,0.4917120039,2.099616051,2.107354,1,0,-1,34409,30108,16,16,7651,25.41185067,17.00551348,512002,0,512002,34409
v1,e7bd16a8ad2be3cb1a245ce7fe4d8ea167164025,direct,octree_nfcount,flyby,7,652,652,1.231520057,0.3596160114,1.592416048,1.599731,1,0,-1,34329,30038,16,16,7588,25.26133564,17.04514282,512002,0,512002,34329
v1,e7bd16a8ad2be3cb1a245ce7fe4d8ea167164025,direct,octree_nfcount,flyby,7,653,653,1.549504042,0.3626559973,1.913408041,1.920631,1,0,-1,34305,30017,16,16,7575,25.23569977,17.05706766,512002,0,512002,34305
v1,e7bd16a8ad2be3cb1a245ce7fe4d8ea167164025,direct,octree_nfcount,flyby,7,654,654,1.631039977,0.4897919893,2.122431993,2.129212,1,0,-1,34401,30101,16,16,7638,25.37457227,17.00946812,512002,0,512002,34401
v1,e7bd16a8ad2be3cb1a245ce7fe4d8ea167164025,direct,octree_nfcount,flyby,7,655,655,1.230432034,0.3658240139,1.59750402,1.604773,1,0,-1,34289,30003,16,16,7469,24.89417725,17.06502683,512002,0,512002,34289
v1,e7bd16a8ad2be3cb1a245ce7fe4d8ea167164025,direct,octree_nfcount,flyby,7,656,656,1.560384035,0.4894079864,2.052128077,2.058633,1,0,-1,34361,30066,16,16,7648,25.43737112,17.02926894,512002,0,512002,34361
v1,e7bd16a8ad2be3cb1a245ce7fe4d8ea167164025,direct,octree_nfcount,flyby,7,657,657,1.564928055,0.4916160107,2.058144093,2.06528,1,0,-1,34465,30157,16,16,7631,25.30424114,16.97788242,512002,0,512002,34465
v1,e7bd16a8ad2be3cb1a245ce7fe4d8ea167164025,direct,octree_nfcount,flyby,7,658,658,1.227488041,0.3606080115,1.58940804,1.596669,1,0,-1,34337,30045,16,16,7565,25.17889832,17.04117158,512002,0,512002,34337
v1,e7bd16a8ad2be3cb1a245ce7fe4d8ea167164025,direct,octree_nfcount,flyby,7,659,659,1.591840029,0.3605439961,1.953600049,1.960804,1,0,-1,34145,29877,16,16,7510,25.13639254,17.13699501,512002,0,512002,34145
v1,e7bd16a8ad2be3cb1a245ce7fe4d8ea167164025,direct,octree_nfcount,flyby,7,660,660,1.569887996,0.3616960049,1.932832003,1.939893,1,0,-1,34001,29751,16,16,7425,24.9571443,17.20957279,512002,0,512002,34001
v1,e7bd16a8ad2be3cb1a245ce7fe4d8ea167164025,direct,octree_nfcount,flyby,7,661,661,1.539648056,0.4965760112,2.038431883,2.045768,1,0,-1,34209,29933,16,16,7549,25.21965723,17.10493435,512002,0,512002,34209
v1,e7bd16a8ad2be3cb1a245ce7fe4d8ea167164025,direct,octree_nfcount,flyby,7,662,662,1.244351983,0.3597440124,1.605344057,1.61123,1,0,-1,34057,29800,16,16,7579,25.43288591,17.18127517,512002,0,512002,34057
v1,e7bd16a8ad2be3cb1a245ce7fe4d8ea167164025,direct,octree_nfcount,flyby,7,663,663,1.558655977,0.4938879907,2.054143906,2.061382,1,0,-1,34225,29947,16,16,7477,24.96744248,17.09693792,512002,0,512002,34225
v1,e7bd16a8ad2be3cb1a245ce7fe4d8ea167164025,direct,octree_nfcount,flyby,7,664,664,1.574944019,0.491584003,2.068128109,2.075319,1,0,-1,34409,30108,16,16,7581,25.17935432,17.00551348,512002,0,512002,34409
v1,e7bd16a8ad2be3cb1a245ce7fe4d8ea167164025,direct,octree_nfcount,flyby,7,665,665,1.236863971,0.3597120047,1.597919941,1.604541,1,0,-1,34113,29849,16,16,7441,24.92880834,17.15307045,512002,0,512002,34113
v1,e7bd16a8ad2be3cb1a245ce7fe4d8ea167164025,direct,octree_nfcount,flyby,7,666,666,1.533056021,0.4916799963,2.026911974,2.037844,1,0,-1,34289,30003,16,16,7450,24.83085025,17.06502683,512002,0,512002,34289
v1,e7bd16a8ad2be3cb1a245ce7fe4d8ea167164025,direct,octree_nfcount,flyby,7,667,667,1.575680017,0.360799998,1.937728047,1.944774,1,0,-1,34225,29947,16,16,7605,25.39486426,17.09693792,512002,0,512002,34225
v1,e7bd16a8ad2be3cb1a245ce7fe4d8ea167164025,direct,octree_nfcount,flyby,7,668,668,1.257408023,0.4917440116,1.751423955,1.758802,1,0,-1,34273,29989,16,16,7480,24.94247891,17.07299343,512002,0,512002,34273
v1,e7bd16a8ad2be3cb1a245ce7fe4d8ea167164025,direct,octree_nfcount,flyby,7,669,669,1.522112012,0.3666560054,1.89001596,1.896543,1,0,-1,34153,29884,16,16,7581,25.36808995,17.13298086,512002,0,512002,34153
v1,e7bd16a8ad2be3cb1a245ce7fe4d8ea167164025,direct,octree_nfcount,flyby,7,670,670,1.609120011,0.4956479967,2.106368065,2.11385,1,0,-1,34569,30248,16,16,7690,25.42316847,16.92680508,512002,0,512002,34569
v1,e7bd16a8ad2be3cb1a245ce7fe4d8ea167164025,direct,octree_nfcount,flyby,7,671,671,1.254816055,0.3602879941,1.616320014,1.623985,1,0,-1,34217,29940,16,16,7506,25.07014028,17.1009352,512002,0,512002,34217
v1,e7bd16a8ad2be3cb1a245ce7fe4d8ea167164025,direct,octree_nfcount,flyby,7,672,672,1.50268805,0.3593600094,1.863296032,1.870015,1,0,-1,34209,29933,16,16,7594,25.36999298,17.10493435,512002,0,512002,34209
v1,e7bd16a8ad2be3cb1a245ce7fe4d8ea167164025,direct,octree_nfcount,flyby,7,673,673,1.638015985,0.4947519898,2.134399891,2.141854,1,0,-1,34281,29996,16,16,7608,25.36338178,17.0690092,512002,0,512002,34281
v1,e7bd16a8ad2be3cb1a245ce7fe4d8ea167164025,direct,octree_nfcount,flyby,7,674,674,1.576607943,0.4946239889,2.073472023,2.080555,1,0,-1,34521,30206,16,16,7671,25.39561676,16.95034099,512002,0,512002,34521
v1,e7bd16a8ad2be3cb1a245ce7fe4d8ea167164025,direct,octree_nfcount,flyby,7,675,675,1.257055998,0.3616319895,1.620000005,1.627385,1,0,-1,34369,30073,16,16,7708,25.63096465,17.02530509,512002,0,512002,34369
v1,e7bd16a8ad2be3cb1a245ce7fe4d8ea167164025,direct,octree_nfcount,flyby,7,676,676,1.561632037,0.3657920063,1.928640008,1.93608,1,0,-1,34233,29954,16,16,7564,25.25205315,17.09294251,512002,0,512002,34233
v1,e7bd16a8ad2be3cb1a245ce7fe4d8ea167164025,direct,octree_nfcount,flyby,7,677,677,1.538879991,0.3658240139,1.905984044,1.913781,1,0,-1,34177,29905,16,16,7624,25.49406454,17.12094967,512002,0,512002,34177
v1,e7bd16a8ad2be3cb1a245ce7fe4d8ea167164025,direct,octree_nfcount,flyby,7,678,678,1.243167996,0.3627200127,1.607136011,1.614636,1,0,-1,34105,29842,16,16,7501,25.13571476,17.15709403,512002,0,512002,34105
v1,e7bd16a8ad2be3cb1a245ce7fe4d8ea167164025,direct,octree_nfcount,flyby,7,679,679,1.60374403,0.4945600033,2.100383997,2.107765,1,0,-1,34225,29947,16,16,7578,25.30470498,17.09693792,512002,0,512002,34225
v1,e7bd16a8ad2be3cb1a245ce7fe4d8ea167164025,direct,octree_nfcount,flyby,7,680,680,1.592447996,0.4927999973,2.087455988,2.09489,1,0,-1,34513,30199,16,16,7785,25.7789993,16.95427001,512002,0,512002,34513
v1,e7bd16a8ad2be3cb1a245ce7fe4d8ea167164025,direct,octree_nfcount,flyby,7,681,681,1.211935997,0.3646399975,1.577792048,1.585356,1,0,-1,34241,29961,16,16,7527,25.12265946,17.08894897,512002,0,512002,34241
v1,e7bd16a8ad2be3cb1a245ce7fe4d8ea167164025,direct,octree_nfcount,flyby,7,682,682,1.600224018,0.4937919974,2.096256018,2.104151,1,0,-1,34281,29996,16,16,7671,25.57340979,17.0690092,512002,0,512002,34281
v1,e7bd16a8ad2be3cb1a245ce7fe4d8ea167164025,direct,octree_nfcount,flyby,7,683,683,1.589023948,0.491456002,2.082079887,2.089599,1,0,-1,34369,30073,16,16,7691,25.57443554,17.02530509,512002,0,512002,34369
v1,e7bd16a8ad2be3cb1a245ce7fe4d8ea167164025,direct,octree_nfcount,flyby,7,684,684,1.223359942,0.3635840118,1.588224053,1.595404,1,0,-1,34281,29996,16,16,7589,25.30004001,17.0690092,512002,0,512002,34281
v1,e7bd16a8ad2be3cb1a245ce7fe4d8ea167164025,direct,octree_nfcount,flyby,7,685,685,1.568287969,0.4926080108,2.06342411,2.070892,1,0,-1,34313,30024,16,16,7646,25.46629363,17.05309086,512002,0,512002,34313
v1,e7bd16a8ad2be3cb1a245ce7fe4d8ea167164025,direct,octree_nfcount,flyby,7,686,686,1.574815989,0.3603839874,1.93641603,1.943312,1,0,-1,34249,29968,16,16,7556,25.21356113,17.08495729,512002,0,512002,34249
v1,e7bd16a8ad2be3cb1a245ce7fe4d8ea167164025,direct,octree_nfcount,flyby,7,687,687,1.260511994,0.4865280092,1.748767972,1.755546,1,0,-1,34633,30304,16,16,7673,25.32008976,16.89552534,512002,0,512002,34633
v1,e7bd16a8ad2be3cb1a245ce7fe4d8ea167164025,direct,octree_nfcount,flyby,7,688,688,1.495648026,0.3647040129,1.861567974,1.868797,1,0,-1,34193,29919,16,16,7653,25.57906347,17.11293827,512002,0,512002,34193
v1,e7bd16a8ad2be3cb1a245ce7fe4d8ea167164025,direct,octree_nfcount,flyby,7,689,689,1.550528049,0.3647040129,1.916479945,1.924231,1,0,-1,34177,29905,16,16,7546,25.23323859,17.12094967,512002,0,512002,34177
v1,e7bd16a8ad2be3cb1a245ce7fe4d8ea167164025,direct,octree_nfcount,flyby,7,690,690,1.575232029,0.4935680032,2.0704,2.078305,1,0,-1,34441,30136,16,16,7669,25.44796921,16.9897133,512002,0,512002,34441
v1,e7bd16a8ad2be3cb1a245ce7fe4d8ea167164025,direct,octree_nfcount,flyby,7,691,691,1.241312027,0.3688960075,1.611423969,1.619344,1,0,-1,34249,29968,16,16,7558,25.22023492,17.08495729,512002,0,512002,34249
v1,e7bd16a8ad2be3cb1a245ce7fe4d8ea167164025,direct,octree_nfcount,flyby,7,692,692,1.563231945,0.3636800051,1.928159952,1.93542,1,0,-1,34185,29912,16,16,7401,24.74257823,17.11694303,512002,0,512002,34185
v1,e7bd16a8ad2be3cb1a245ce7fe4d8ea167164025,direct,octree_nfcount,flyby,7,693,693,1.546463966,0.4915519953,2.040287971,2.047244,1,0,-1,34289,30003,16,16,7433,24.77418925,17.06502683,512002,0,512002,34289
v1,e7bd16a8ad2be3cb1a245ce7fe4d8ea167164025,direct,octree_nfcount,flyby,7,694,694,1.236639977,0.3669439852,1.604799986,1.612356,1,0,-1,34177,29905,16,16,7321,24.48085604,17.12094967,512002,0,512002,34177
v1,e7bd16a8ad2be3cb1a245ce7fe4d8ea167164025,direct,octree_nfcount,flyby,7,695,695,1.257856011,0.3667840064,1.62588799,1.63367,1,0,-1,34065,29807,16,16,7365,24.70896098,17.17724025,512002,0,512002,34065
v1,e7bd16a8ad2be3cb1a245ce7fe4d8ea167164025,direct,octree_nfcount,flyby,7,696,696,1.558912039,0.3635840118,1.923712015,1.931136,1,0,-1,33953,29709,16,16,7320,24.63899828,17.23390218,512002,0,512002,33953
v1,e7bd16a8ad2be3cb1a245ce7fe4d8ea167164025,direct,octree_nfcount,flyby,7,697,697,1.218111992,0.4916160107,1.711967945,1.719703,1,0,-1,34049,29793,16,16,7153,24.0089954,17.18531199,512002,0,512002,34049
v1,e7bd16a8ad2be3cb1a245ce7fe4d8ea167164025,direct,octree_nfcount,flyby,7,698,698,1.529952049,0.495840013,2.027391911,2.035224,1,0,-1,34121,29856,16,16,7341,24.58802251,17.14904877,512002,0,512002,34121
v1,e7bd16a8ad2be3cb1a245ce7fe4d8ea167164025,direct,octree_nfcount,flyby,7,699,699,1.547839999,0.4927999973,2.042880058,2.050441,1,0,-1,34129,29863,16,16,7332,24.55212135,17.14502897,512002,0,512002,34129
v1,e7bd16a8ad2be3cb1a245ce7fe4d8ea167164025,direct,octree_nfcount,flyby,7,700,700,1.219967961,0.3645760119,1.585791945,1.593322,1,0,-1,33809,29583,16,16,7163,24.21323057,17.30730487,512002,0,512002,33809
v1,e7bd16a8ad2be3cb1a245ce7fe4d8ea167164025,direct,octree_nfcount,flyby,7,701,701,1.539423943,0.4917120039,2.032896042,2.03999,1,0,-1,34025,29772,16,16,7309,24.54991267,17.19743383,512002,0,512002,34025
v1,e7bd16a8ad2be3cb1a245ce7fe4d8ea167164025,direct,octree_nfcount,flyby,7,702,702,1.514240026,0.3608320057,1.876320004,1.881992,1,0,-1,33873,29639,16,16,7208,24.31930902,17.27460441,512002,0,512002,33873
v1,e7bd16a8ad2be3cb1a245ce7fe4d8ea167164025,direct,octree_nfcount,flyby,7,703,703,1.536800027,0.4927679896,2.03222394,2.038467,1,0,-1,33945,29702,16,16,7228,24.33506161,17.23796377,512002,0,512002,33945
v1,e7bd16a8ad2be3cb1a245ce7fe4d8ea167164025,direct,octree_nfcount,flyby,7,704,704,1.240800023,0.3658879995,1.607903957,1.615649,1,0,-1,33817,29590,16,16,7249,24.49814126,17.30321054,512002,0,512002,33817
v1,e7bd16a8ad2be3cb1a245ce7fe4d8ea167164025,direct,octree_nfcount,flyby,7,705,705,1.605216026,0.49673599,2.103552103,2.111845,1,0,-1,34009,29758,16,16,7201,24.19853485,17.20552456,512002,0,512002,34009
v1,e7bd16a8ad2be3cb1a245ce7fe4d8ea167164025,direct,octree_nfcount,flyby,7,706,706,1.554816008,0.4934079945,2.050751925,2.058233,1,0,-1,34089,29828,16,16,7317,24.53064235,17.16514684,512002,0,512002,34089
v1,e7bd16a8ad2be3cb1a245ce7fe4d8ea167164025,direct,octree_nfcount,flyby,7,707,707,1.228063941,0.3654719889,1.594751954,1.602579,1,0,-1,33929,29688,16,16,7285,24.53853409,17.2460927,512002,0,512002,33929
v1,e7bd16a8ad2be3cb1a245ce7fe4d8ea167164025,direct,octree_nfcount,flyby,7,708,708,1.539008021,0.4924800098,2.032704115,2.041052,1,0,-1,33937,29695,16,16,7260,24.44856036,17.24202728,512002,0,512002,33937
v1,e7bd16a8ad2be3cb1a245ce7fe4d8ea167164025,direct,octree_nfcount,flyby,7,709,709,1.563904047,0.4936960042,2.059871912,2.067316,1,0,-1,34017,29765,16,16,7353,24.70351083,17.20147825,512002,0,512002,34017
v1,e7bd16a8ad2be3cb1a245ce7fe4d8ea167164025,direct,octree_nfcount,flyby,7,710,710,1.216256022,0.3658559918,1.583328009,1.590881,1,0,-1,33865,29632,16,16,7174,24.21031317,17.27868521,512002,0,512002,33865
v1,e7bd16a8ad2be3cb1a245ce7fe4d8ea167164025,direct,octree_nfcount,flyby,7,711,711,1.517215967,0.4928640127,2.011679888,2.018975,1,0,-1,34065,29807,16,16,7404,24.83980273,17.17724025,512002,0,512002,34065
v1,e7bd16a8ad2be3cb1a245ce7fe4d8ea167164025,direct,octree_nfcount,flyby,7,712,712,1.525503993,0.365696013,1.892416,1.899657,1,0,-1,34001,29751,16,16,7314,24.5840476,17.20957279,512002,0,512002,34001
v1,e7bd16a8ad2be3cb1a245ce7fe4d8ea167164025,direct,octree_nfcount,flyby,7,713,713,1.213855982,0.3614079952,1.576511979,1.582332,1,0,-1,33945,29702,16,16,7254,24.4225978,17.23796377,512002,0,512002,33945
v1,e7bd16a8ad2be3cb1a245ce7fe4d8ea167164025,direct,octree_nfcount,flyby,7,714,714,1.500767946,0.4876799881,1.990048051,1.995578,1,0,-1,33977,29730,16,16,7388,24.85031954,17.22172889,512002,0,512002,33977
v1,e7bd16a8ad2be3cb1a245ce7fe4d8ea167164025,direct,octree_nfcount,flyby,7,715,715,1.551776052,0.4876480103,2.041631937,2.048605,1,0,-1,34073,29814,16,16,7388,24.78030455,17.17320722,512002,0,512002,34073
v1,e7bd16a8ad2be3cb1a245ce7fe4d8ea167164025,direct,octree_nfcount,flyby,7,716,716,1.226464033,0.4891200066,1.716799974,1.723817,1,0,-1,34129,29863,16,16,7377,24.7028095,17.14502897,512002,0,512002,34129
v1,e7bd16a8ad2be3cb1a245ce7fe4d8ea167164025,direct,octree_nfcount,flyby,7,717,717,1.521183968,0.363808006,1.886208057,1.893865,1,0,-1,34081,29821,16,16,7499,25.1467087,17.16917608,512002,0,512002,34081
v1,e7bd16a8ad2be3cb1a245ce7fe4d8ea167164025,direct,octree_nfcount,flyby,7,718,718,1.569856048,0.4934079945,2.06486392,2.072274,1,0,-1,34169,29898,16,16,7336,24.53675831,17.12495819,512002,0,512002,34169
v1,e7bd16a8ad2be3cb1a245ce7fe4d8ea167164025,direct,octree_nfcount,flyby,7,719,719,1.550495982,0.4923520088,2.044064045,2.051494,1,0,-1,34201,29926,16,16,7350,24.56058277,17.10893537,512002,0,512002,34201
v1,e7bd16a8ad2be3cb1a245ce7fe4d8ea167164025,direct,octree_nfcount,flyby,7,720,720,1.22736001,0.4902719855,1.719871998,1.727218,1,0,-1,34233,29954,16,16,7432,24.81137745,17.09294251,512002,0,512002,34233
v1,e7bd16a8ad2be3cb1a245ce7fe4d8ea167164025,direct,octree_nfcount,flyby,7,721,721,1.613183975,0.3666880131,1.981152058,1.988542,1,0,-1,34121,29856,16,16,7301,24.45404609,17.14904877,512002,0,512002,34121
v1,e7bd16a8ad2be3cb1a245ce7fe4d8ea167164025,direct,octree_nfcount,flyby,7,722,722,1.57081604,0.4911040068,2.064160109,2.069954,1,0,-1,34225,29947,16,16,7390,24.67692924,17.09693792,512002,0,512002,34225
v1,e7bd16a8ad2be3cb1a245ce7fe4d8ea167164025,direct,octree_nfcount,flyby,7,723,723,1.236287951,0.4902079999,1.727712035,1.734652,1,0,-1,34337,30045,16,16,7372,24.53652854,17.04117158,512002,0,512002,34337
v1,e7bd16a8ad2be3cb1a245ce7fe4d8ea167164025,direct,octree_nfcount,flyby,7,724,724,1.552800059,0.3646079898,1.918624043,1.92562,1,0,-1,34041,29786,16,16,7287,24.46451353,17.1893507,512002,0,512002,34041
v1,e7bd16a8ad2be3cb1a245ce7fe4d8ea167164025,direct,octree_nfcount,flyby,7,725,725,1.556992054,0.4915199876,2.050112009,2.057165,1,0,-1,34073,29814,16,16,7334,24.59918159,17.17320722,512002,0,512002,34073
v1,e7bd16a8ad2be3cb1a245ce7fe4d8ea167164025,direct,octree_nfcount,flyby,7,726,726,1.226047993,0.3656640053,1.592991948,1.599849,1,0,-1,33913,29674,16,16,7195,24.24681539,17.25422929,512002,0,512002,33913
v1,e7bd16a8ad2be3cb1a245ce7fe4d8ea167164025,direct,octree_nfcount,flyby,7,727,727,1.57052803,0.4937280118,2.066463947,2.073819,1,0,-1,34225,29947,16,16,7354,24.55671687,17.09693792,512002,0,512002,34225
v1,e7bd16a8ad2be3cb1a245ce7fe4d8ea167164025,direct,octree_nfcount,flyby,7,728,728,1.617887974,0.3614720106,1.980576038,1.987544,1,0,-1,34209,29933,16,16,7443,24.86553302,17.10493435,512002,0,512002,34209
v1,e7bd16a8ad2be3cb1a245ce7fe4d8ea167164025,direct,octree_nfcount,flyby,7,729,729,1.222944021,0.3586240113,1.582784057,1.5894,1,0,-1,34193,29919,16,16,7337,24.52287844,17.11293827,512002,0,512002,34193
v1,e7bd16a8ad2be3cb1a245ce7fe4d8ea167164025,direct,octree_nfcount,flyby,7,730,730,1.510815978,0.4896000028,2.002079964,2.007653,1,0,-1,34225,29947,16,16,7453,24.8873009,17.09693792,512002,0,512002,34225
v1,e7bd16a8ad2be3cb1a245ce7fe4d8ea167164025,direct,octree_nfcount,flyby,7,731,731,1.566015959,0.3565759957,1.923807979,1.929305,1,0,-1,34137,29870,16,16,7369,24.6702377,17.14101105,512002,0,512002,34137
v1,e7bd16a8ad2be3cb1a245ce7fe4d8ea167164025,direct,octree_nfcount,flyby,7,732,732,1.238240004,0.3614400029,1.601024032,1.607696,1,0,-1,34089,29828,16,16,7229,24.23561754,17.16514684,512002,0,512002,34089
v1,e7bd16a8ad2be3cb1a245ce7fe4d8ea167164025,direct,octree_nfcount,flyby,7,733,733,1.502591968,0.4896639884,1.994495988,2.001281,1,0,-1,34321,30031,16,16,7490,24.94089441,17.04911591,512002,0,512002,34321
v1,e7bd16a8ad2be3cb1a245ce7fe4d8ea167164025,direct,octree_nfcount,flyby,7,734,734,1.567968011,0.4936960042,2.063872099,2.071347,1,0,-1,34409,30108,16,16,7409,24.60807759,17.00551348,512002,0,512002,34409
v1,e7bd16a8ad2be3cb1a245ce7fe4d8ea167164025,direct,octree_nfcount,flyby,7,735,735,1.566079974,0.4935359955,2.061856031,2.069098,1,0,-1,34601,30276,16,16,7554,24.95045581,16.91115075,512002,0,512002,34601
v1,e7bd16a8ad2be3cb1a245ce7fe4d8ea167164025,direct,octree_nfcount,flyby,7,736,736,1.241536021,0.3627839983,1.605568051,1.612831,1,0,-1,34433,30129,16,16,7451,24.73032626,16.99366059,512002,0,512002,34433
v1,e7bd16a8ad2be3cb1a245ce7fe4d8ea167164025,direct,octree_nfcount,flyby,7,737,737,1.604704022,0.3616960049,1.967615962,1.975847,1,0,-1,34369,30073,16,16,7405,24.62341635,17.02530509,512002,0,512002,34369
v1,e7bd16a8ad2be3cb1a245ce7fe4d8ea167164025,direct,octree_nfcount,flyby,7,738,738,1.580096006,0.4965119958,2.078239918,2.085589,1,0,-1,34641,30311,16,16,7496,24.73029593,16.8916235,512002,0,512002,34641
v1,e7bd16a8ad2be3cb1a245ce7fe4d8ea167164025,direct,octree_nfcount,flyby,7,739,739,1.242751956,0.3648000062,1.608767986,1.616119,1,0,-1,34153,29884,16,16,7340,24.56163833,17.13298086,512002,0,512002,34153
v1,e7bd16a8ad2be3cb1a245ce7fe4d8ea167164025,direct,octree_nfcount,flyby,7,740,740,1.535071969,0.3638400137,1.900128007,1.907468,1,0,-1,34105,29842,16,16,7317,24.51913411,17.15709403,512002,0,512002,34105
v1,e7bd16a8ad2be3cb1a245ce7fe4d8ea167164025,direct,octree_nfcount,flyby,7,741,741,1.614784002,0.4907520115,2.107167959,2.114327,1,0,-1,34369,30073,16,16,7433,24.71652313,17.02530509,512002,0,512002,34369
v1,e7bd16a8ad2be3cb1a245ce7fe4d8ea167164025,direct,octree_nfcount,flyby,7,742,742,1.214496017,0.3616319895,1.577407956,1.584084,1,0,-1,34249,29968,16,16,7299,24.35597971,17.08495729,512002,0,512002,34249
v1,e7bd16a8ad2be3cb1a245ce7fe4d8ea167164025,direct,octree_nfcount,flyby,7,743,743,1.567615986,0.3638719916,1.932703972,1.93977,1,0,-1,34089,29828,16,16,7343,24.61780877,17.16514684,512002,0,512002,34089
v1,e7bd16a8ad2be3cb1a245ce7fe4d8ea167164025,direct,octree_nfcount,flyby,7,744,744,1.569247961,0.4947200119,2.065536022,2.073186,1,0,-1,34265,29982,16,16,7402,24.68814622,17.07697952,512002,0,512002,34265
v1,e7bd16a8ad2be3cb1a245ce7fe4d8ea167164025,direct,octree_nfcount,flyby,7,745,745,1.243136048,0.3625920117,1.607040048,1.614105,1,0,-1,34241,29961,16,16,7307,24.38837155,17.08894897,512002,0,512002,34241
v1,e7bd16a8ad2be3cb1a245ce7fe4d8ea167164025,direct,octree_nfcount,flyby,7,746,746,1.536831975,0.3626239896,1.900704026,1.907862,1,0,-1,34241,29961,16,16,7418,24.75885318,17.08894897,512002,0,512002,34241
v1,e7bd16a8ad2be3cb1a245ce7fe4d8ea167164025,direct,octree_nfcount,flyby,7,747,747,1.567487955,0.3595199883,1.928223968,1.935822,1,0,-1,34225,29947,16,16,7368,24.60346612,17.09693792,512002,0,512002,34225
v1,e7bd16a8ad2be3cb1a245ce7fe4d8ea167164025,direct,octree_nfcount,flyby,7,748,748,1.230527997,0.3658240139,1.597568035,1.604101,1,0,-1,34073,29814,16,16,7295,24.46837056,17.17320722,512002,0,512002,34073
v1,e7bd16a8ad2be3cb1a245ce7fe4d8ea167164025,direct,octree_nfcount,flyby,7,749,749,1.503615975,0.4937919974,1.999168038,2.006688,1,0,-1,34225,29947,16,16,7374,24.62350152,17.09693792,512002,0,512002,34225
v1,e7bd16a8ad2be3cb1a245ce7fe4d8ea167164025,direct,octree_nfcount,flyby,7,750,750,1.545887947,0.3607040048,1.907807946,1.91456,1,0,-1,34097,29835,16,16,7274,24.38076085,17.16111949,512002,0,512002,34097
v1,e7bd16a8ad2be3cb1a245ce7fe4d8ea167164025,direct,octree_nfcount,flyby,7,751,751,1.565088034,0.4866560102,2.053951979,2.060607,1,0,-1,34201,29926,16,16,7388,24.68756265,17.10893537,512002,0,512002,34201
v1,e7bd16a8ad2be3cb1a245ce7fe4d8ea167164025,direct,octree_nfcount,flyby,7,752,752,1.229056001,0.3595840037,1.589856029,1.595994,1,0,-1,34153,29884,16,16,7339,24.55829206,17.13298086,512002,0,512002,34153
v1,e7bd16a8ad2be3cb1a245ce7fe4d8ea167164025,direct,octree_nfcount,flyby,7,753,753,1.576480031,0.4924480021,2.071135998,2.078241,1,0,-1,34217,29940,16,16,7309,24.41215765,17.1009352,512002,0,512002,34217
v1,e7bd16a8ad2be3cb1a245ce7fe4d8ea167164025,direct,octree_nfcount,flyby,7,754,754,1.564800024,0.4960319996,2.062079906,2.069472,1,0,-1,34345,30052,16,16,7546,25.10980966,17.03720218,512002,0,512002,34345
v1,e7bd16a8ad2be3cb1a245ce7fe4d8ea167164025,direct,octree_nfcount,flyby,7,755,755,1.222848058,0.3597120047,1.583807945,1.590096,1,0,-1,34225,29947,16,16,7354,24.55671687,17.09693792,512002,0,512002,34225
v1,e7bd16a8ad2be3cb1a245ce7fe4d8ea167164025,direct,octree_nfcount,flyby,7,756,756,1.523776054,0.3657920063,1.890815973,1.896504,1,0,-1,34089,29828,16,16,7327,24.5641679,17.16514684,512002,0,512002,34089
v1,e7bd16a8ad2be3cb1a245ce7fe4d8ea167164025,direct,octree_nfcount,flyby,7,757,757,1.599359989,0.4937599897,2.095423937,2.102262,1,0,-1,34441,30136,16,16,7496,24.87390496,16.9897133,512002,0,512002,34441
v1,e7bd16a8ad2be3cb1a245ce7fe4d8ea167164025,direct,octree_nfcount,flyby,7,758,758,1.226336002,0.3632960021,1.590944052,1.597875,1,0,-1,34161,29891,16,16,7367,24.64621458,17.12896859,512002,0,512002,34161
v1,e7bd16a8ad2be3cb1a245ce7fe4d8ea167164025,direct,octree_nfcount,flyby,7,759,759,1.554944038,0.4903039932,2.046848059,2.053484,1,0,-1,34177,29905,16,16,7403,24.75505768,17.12094967,512002,0,512002,34177
v1,e7bd16a8ad2be3cb1a245ce7fe4d8ea167164025,direct,octree_nfcount,flyby,7,760,760,1.535455942,0.4941439927,2.030816078,2.038357,1,0,-1,34361,30066,16,16,7514,24.99168496,17.02926894,512002,0,512002,34361
v1,e7bd16a8ad2be3cb1a245ce7fe4d8ea167164025,direct,octree_nfcount,flyby,7,761,761,1.226719975,0.3636800051,1.591616035,1.59876,1,0,-1,34225,29947,16,16,7296,24.36304137,17.09693792,512002,0,512002,34225
v1,e7bd16a8ad2be3cb1a245ce7fe4d8ea167164025,direct,octree_nfcount,flyby,7,762,762,1.571967959,0.4932799935,2.066879988,2.074069,1,0,-1,34345,30052,16,16,7424,24.70384667,17.03720218,512002,0,512002,34345
v1,e7bd16a8ad2be3cb1a245ce7fe4d8ea167164025,direct,octree_nfcount,flyby,7,763,763,1.556671977,0.4880320132,2.045919895,2.053363,1,0,-1,34369,30073,16,16,7420,24.67329498,17.02530509,512002,0,512002,34369
v1,e7bd16a8ad2be3cb1a245ce7fe4d8ea167164025,direct,octree_nfcount,flyby,7,764,764,1.245504022,0.3624959886,1.609312057,1.616701,1,0,-1,34305,30017,16,16,7284,24.26624913,17.05706766,512002,0,512002,34305
v1,e7bd16a8ad2be3cb1a245ce7fe4d8ea167164025,direct,octree_nfcount,flyby,7,765,765,1.548768044,0.3637439907,1.91385603,1.919283,1,0,-1,34249,29968,16,16,7474,24.93993593,17.08495729,512002,0,512002,34249
v1,e7bd16a8ad2be3cb1a245ce7fe4d8ea167164025,direct,octree_nfcount,flyby,7,766,766,1.558367968,0.4920319915,2.051647902,2.05892,1,0,-1,34289,30003,16,16,7342,24.47088624,17.06502683,512002,0,512002,34289
v1,e7bd16a8ad2be3cb1a245ce7fe4d8ea167164025,direct,octree_nfcount,flyby,7,767,767,1.23942399,0.3636800051,1.604447961,1.612121,1,0,-1,34225,29947,16,16,7240,24.17604435,17.09693792,512002,0,512002,34225
v1,e7bd16a8ad2be3cb1a245ce7fe4d8ea167164025,direct,octree_nfcount,flyby,7,768,768,1.532992005,0.4927679896,2.02796793,2.035466,1,0,-1,34265,29982,16,16,7356,24.53472083,17.07697952,512002,0,512002,34265
v1,e7bd16a8ad2be3cb1a245ce7fe4d8ea167164025,direct,octree_nfcount,flyby,7,769,769,1.541087985,0.3607360125,1.903072,1.910159,1,0,-1,34073,29814,16,16,7219,24.21345677,17.17320722,512002,0,512002,34073
v1,e7bd16a8ad2be3cb1a245ce7fe4d8ea167164025,direct,octree_nfcount,flyby,7,770,770,1.548768044,0.3659200072,1.915935993,1.923128,1,0,-1,34001,29751,16,16,7217,24.25800813,17.20957279,512002,0,512002,34001
v1,e7bd16a8ad2be3cb1a245ce7fe4d8ea167164025,direct,octree_nfcount,flyby,7,771,771,1.224928021,0.3654719889,1.591647983,1.599312,1,0,-1,33801,29576,16,16,7212,24.38463619,17.31140114,512002,0,512002,33801
v1,e7bd16a8ad2be3cb1a245ce7fe4d8ea167164025,direct,octree_nfcount,flyby,7,772,772,1.545120001,0.365568012,1.911903977,1.919181,1,0,-1,33793,29569,16,16,7070,23.9101762,17.31549934,512002,0,512002,33793
v1,e7bd16a8ad2be3cb1a245ce7fe4d8ea167164025,direct,octree_nfcount,flyby,7,773,773,1.553120017,0.4934720099,2.048799992,2.056265,1,0,-1,33881,29646,16,16,7134,24.06395467,17.27052553,512002,0,512002,33881
v1,e7bd16a8ad2be3cb1a245ce7fe4d8ea167164025,direct,octree_nfcount,flyby,7,774,774,1.224640012,0.3618240058,1.587679982,1.594077,1,0,-1,33849,29618,16,16,7133,24.08332771,17.28685259,512002,0,512002,33849
v1,e7bd16a8ad2be3cb1a245ce7fe4d8ea167164025,direct,octree_nfcount,flyby,7,775,775,1.541632056,0.4932799935,2.036511898,2.043905,1,0,-1,33865,29632,16,16,7046,23.77834773,17.27868521,512002,0,512002,33865
v1,e7bd16a8ad2be3cb1a245ce7fe4d8ea167164025,direct,octree_nfcount,flyby,7,776,776,1.59296,0.4953919947,2.0895679,2.096743,1,0,-1,34137,29870,16,16,7216,24.15801808,17.14101105,512002,0,512002,34137
v1,e7bd16a8ad2be3cb1a245ce7fe4d8ea167164025,direct,octree_nfcount,flyby,7,777,777,1.226752043,0.3667840064,1.594784021,1.602086,1,0,-1,33985,29737,16,16,7146,24.03066886,17.21767495,512002,0,512002,33985
v1,e7bd16a8ad2be3cb1a245ce7fe4d8ea167164025,direct,octree_nfcount,flyby,7,778,778,1.54825604,0.4915199876,2.041503906,2.048922,1,0,-1,34337,30045,16,16,7272,24.20369446,17.04117158,512002,0,512002,34337
v1,e7bd16a8ad2be3cb1a245ce7fe4d8ea167164025,direct,octree_nfcount,flyby,7,779,779,1.593472004,0.4946559966,2.090368032,2.098025,1,0,-1,34417,30115,16,16,7267,24.13083181,17.00156068,512002,0,512002,34417
v1,e7bd16a8ad2be3cb1a245ce7fe4d8ea167164025,direct,octree_nfcount,flyby,7,780,780,1.233952045,0.3618240058,1.596992016,1.604378,1,0,-1,34105,29842,16,16,7119,23.8556397,17.15709403,512002,0,512002,34105
v1,e7bd16a8ad2be3cb1a245ce7fe4d8ea167164025,direct,octree_nfcount,flyby,7,781,781,1.527871966,0.4917440116,2.021215916,2.028605,1,0,-1,34129,29863,16,16,7232,24.21725882,17.14502897,512002,0,512002,34129
v1,e7bd16a8ad2be3cb1a245ce7fe4d8ea167164025,direct,octree_nfcount,flyby,7,782,782,1.561951995,0.495840013,2.059999943,2.067426,1,0,-1,34201,29926,16,16,7319,24.45699392,17.10893537,512002,0,512002,34201
v1,e7bd16a8ad2be3cb1a245ce7fe4d8ea167164025,direct,octree_nfcount,flyby,7,783,783,1.236479998,0.3634879887,1.601184011,1.60922,1,0,-1,34089,29828,16,16,7178,24.06463725,17.16514684,512002,0,512002,34089
v1,e7bd16a8ad2be3cb1a245ce7fe4d8ea167164025,direct,octree_nfcount,flyby,7,784,784,1.52908802,0.4922240078,2.022527933,2.027875,1,0,-1,34153,29884,16,16,7285,24.37759336,17.13298086,512002,0,512002,34153
v1,e7bd16a8ad2be3cb1a245ce7fe4d8ea167164025,direct,octree_nfcount,flyby,7,785,785,1.594848037,0.4943999946,2.090847969,2.097784,1,0,-1,34217,29940,16,16,7215,24.09819639,17.1009352,512002,0,512002,34217
v1,e7bd16a8ad2be3cb1a245ce7fe4d8ea167164025,direct,octree_nfcount,flyby,7,786,786,1.226528049,0.3647040129,1.592447996,1.599685,1,0,-1,34193,29919,16,16,7232,24.17193088,17.11293827,512002,0,512002,34193
v1,e7bd16a8ad2be3cb1a245ce7fe4d8ea167164025,direct,octree_nfcount,flyby,7,787,787,1.530912042,0.4917759895,2.024928093,2.032485,1,0,-1,34201,29926,16,16,7260,24.25984094,17.10893537,512002,0,512002,34201
v1,e7bd16a8ad2be3cb1a245ce7fe4d8ea167164025,direct,octree_nfcount,flyby,7,788,788,1.638463974,0.3658559918,2.005536079,2.013156,1,0,-1,34033,29779,16,16,7231,24.2822123,17.19339132,512002,0,512002,34033
v1,e7bd16a8ad2be3cb1a245ce7fe4d8ea167164025,direct,octree_nfcount,flyby,7,789,789,1.520704031,0.4948160052,2.01772809,2.02561,1,0,-1,34185,29912,16,16,7225,24.15418561,17.11694303,512002,0,512002,34185
v1,e7bd16a8ad2be3cb1a245ce7fe4d8ea167164025,direct,octree_nfcount,flyby,7,790,790,1.250720024,0.4957759976,1.748191953,1.755808,1,0,-1,34273,29989,16,16,7356,24.52899396,17.07299343,512002,0,512002,34273
v1,e7bd16a8ad2be3cb1a245ce7fe4d8ea167164025,direct,octree_nfcount,flyby,7,791,791,1.587872028,0.3621119857,1.951231956,1.958438,1,0,-1,34193,29919,16,16,7219,24.12848023,17.11293827,512002,0,512002,34193
v1,e7bd16a8ad2be3cb1a245ce7fe4d8ea167164025,direct,octree_nfcount,flyby,7,792,792,1.568896055,0.4905599952,2.061088085,2.06842,1,0,-1,34233,29954,16,16,7289,24.33397877,17.09294251,512002,0,512002,34233
v1,e7bd16a8ad2be3cb1a245ce7fe4d8ea167164025,direct,octree_nfcount,flyby,7,793,793,1.245056033,0.3662720025,1.612607956,1.620079,1,0,-1,34081,29821,16,16,7234,24.25807317,17.16917608,512002,0,512002,34081
v1,e7bd16a8ad2be3cb1a245ce7fe4d8ea167164025,direct,octree_nfcount,flyby,7,794,794,1.558112025,0.3666239977,1.925984025,1.933965,1,0,-1,34081,29821,16,16,7153,23.9864525,17.16917608,512002,0,512002,34081
v1,e7bd16a8ad2be3cb1a245ce7fe4d8ea167164025,direct,octree_nfcount,flyby,7,795,795,1.567775965,0.4936639965,2.063040018,2.070462,1,0,-1,34209,29933,16,16,7242,24.19403334,17.10493435,512002,0,512002,34209
v1,e7bd16a8ad2be3cb1a245ce7fe4d8ea167164025,direct,octree_nfcount,flyby,7,796,796,1.222272038,0.4896320105,1.713503957,1.720384,1,0,-1,34217,29940,16,16,7177,23.97127589,17.1009352,512002,0,512002,34217
v1,e7bd16a8ad2be3cb1a245ce7fe4d8ea167164025,direct,octree_nfcount,flyby,7,797,797,1.556352019,0.4957759976,2.053920031,2.061178,1,0,-1,34337,30045,16,16,7198,23.95739724,17.04117158,512002,0,512002,34337
v1,e7bd16a8ad2be3cb1a245ce7fe4d8ea167164025,direct,octree_nfcount,flyby,7,798,798,1.556576014,0.4946239889,2.05279994,2.059757,1,0,-1,34433,30129,16,16,7339,24.35859139,16.99366059,512002,0,512002,34433
v1,e7bd16a8ad2be3cb1a245ce7fe4d8ea167164025,direct,octree_nfcount,flyby,7,799,799,1.216832042,0.3638400137,1.58188796,1.589004,1,0,-1,34121,29856,16,16,7130,23.88129689,17.14904877,512002,0,512002,34121
v1,e7bd16a8ad2be3cb1a245ce7fe4d8ea167164025,direct,octree_nfcount,flyby,7,800,800,1.581632018,0.4948799908,2.078815937,2.085615,1,0,-1,34345,30052,16,16,7271,24.19472914,17.03720218,512002,0,512002,34345
v1,e7bd16a8ad2be3cb1a245ce7fe4d8ea167164025,direct,octree_nfcount,flyby,7,801,801,1.578176022,0.3636800051,1.943071961,1.950779,1,0,-1,34321,30031,16,16,7328,24.40145183,17.04911591,512002,0,512002,34321
v1,e7bd16a8ad2be3cb1a245ce7fe4d8ea167164025,direct,octree_nfcount,flyby,7,802,802,1.218335986,0.3656319976,1.585216045,1.592417,1,0,-1,33977,29730,16,16,7065,23.76387487,17.22172889,512002,0,512002,33977
v1,e7bd16a8ad2be3cb1a245ce7fe4d8ea167164025,direct,octree_nfcount,flyby,7,803,803,1.529919982,0.4935680032,2.025791883,2.033144,1,0,-1,34049,29793,16,16,7163,24.04256033,17.18531199,512002,0,512002,34049
v1,e7bd16a8ad2be3cb1a245ce7fe4d8ea167164025,direct,octree_nfcount,flyby,7,804,804,1.588096023,0.4978879988,2.087584019,2.094962,1,0,-1,34065,29807,16,16,7194,24.13527024,17.17724025,512002,0,512002,34065
v1,e7bd16a8ad2be3cb1a245ce7fe4d8ea167164025,direct,octree_nfcount,flyby,7,805,805,1.243808031,0.4926399887,1.738783956,1.74613,1,0,-1,34081,29821,16,16,7107,23.83219879,17.16917608,512002,0,512002,34081
v1,e7bd16a8ad2be3cb1a245ce7fe4d8ea167164025,direct,octree_nfcount,flyby,7,806,806,1.527263999,0.4945279956,2.02342391,2.030746,1,0,-1,34193,29919,16,16,7227,24.15521909,17.11293827,512002,0,512002,34193
v1,e7bd16a8ad2be3cb1a245ce7fe4d8ea167164025,direct,octree_nfcount,flyby,7,807,807,1.563904047,0.3687680066,1.933920026,1.941536,1,0,-1,33889,29653,16,16,7122,24.01780596,17.26644859,512002,0,512002,33889
v1,e7bd16a8ad2be3cb1a245ce7fe4d8ea167164025,direct,octree_nfcount,flyby,7,808,808,1.212095976,0.489695996,1.703423977,1.708953,1,0,-1,34073,29814,16,16,7093,23.79083652,17.17320722,512002,0,512002,34073
v1,e7bd16a8ad2be3cb1a245ce7fe4d8ea167164025,direct,octree_nfcount,flyby,7,809,809,1.512863994,0.4911040068,2.005183935,2.010923,1,0,-1,34153,29884,16,16,7214,24.14000803,17.13298086,512002,0,512002,34153
v1,e7bd16a8ad2be3cb1a245ce7fe4d8ea167164025,direct,octree_nfcount,flyby,7,810,810,1.597983956,0.3664959967,1.965695977,1.973287,1,0,-1,34017,29765,16,16,7190,24.15588779,17.20147825,512002,0,512002,34017
v1,e7bd16a8ad2be3cb1a245ce7fe4d8ea167164025,direct,octree_nfcount,flyby,7,811,811,1.587360024,0.4933120012,2.082304001,2.089732,1,0,-1,34113,29849,16,16,7269,24.35257463,17.15307045,512002,0,512002,34113
v1,e7bd16a8ad2be3cb1a245ce7fe4d8ea167164025,direct,octree_nfcount,flyby,7,812,812,1.250079989,0.4968000054,1.749055982,1.756249,1,0,-1,34337,30045,16,16,7362,24.50324513,17.04117158,512002,0,512002,34337
v1,e7bd16a8ad2be3cb1a245ce7fe4d8ea167164025,direct,octree_nfcount,flyby,7,813,813,1.593727946,0.3674879968,1.962432027,1.970714,1,0,-1,34169,29898,16,16,7189,24.04508663,17.12495819,512002,0,512002,34169
v1,e7bd16a8ad2be3cb1a245ce7fe4d8ea167164025,direct,octree_nfcount,flyby,7,814,814,1.588224053,0.4958719909,2.08614397,2.093629,1,0,-1,34329,30038,16,16,7313,24.34582862,17.04514282,512002,0,512002,34329
v1,e7bd16a8ad2be3cb1a245ce7fe4d8ea167164025,direct,octree_nfcount,flyby,7,815,815,1.248607993,0.3668160141,1.616672039,1.624615,1,0,-1,34201,29926,16,16,7237,24.1829847,17.10893537,512002,0,512002,34201
v1,e7bd16a8ad2be3cb1a245ce7fe4d8ea167164025,direct,octree_nfcount,flyby,7,816,816,1.546272039,0.495840013,2.043711901,2.05188,1,0,-1,34265,29982,16,16,7149,23.84430658,17.07697952,512002,0,512002,34265
v1,e7bd16a8ad2be3cb1a245ce7fe4d8ea167164025,direct,octree_nfcount,flyby,7,817,817,1.555135965,0.4966399968,2.054016113,2.062124,1,0,-1,34529,30213,16,16,7332,24.26769933,16.9464138,512002,0,512002,34529
v1,e7bd16a8ad2be3cb1a245ce7fe4d8ea167164025,direct,octree_nfcount,flyby,7,818,818,1.232704043,0.3676800132,1.601600051,1.609227,1,0,-1,34249,29968,16,16,7176,23.94554191,17.08495729,512002,0,512002,34249
v1,e7bd16a8ad2be3cb1a245ce7fe4d8ea167164025,direct,octree_nfcount,flyby,7,819,819,1.639071941,0.3625920117,2.002880096,2.00915,1,0,-1,34145,29877,16,16,7119,23.82769354,17.13699501,512002,0,512002,34145
v1,e7bd16a8ad2be3cb1a245ce7fe4d8ea167164025,direct,octree_nfcount,flyby,7,820,820,1.600064039,0.5005440116,2.102816105,2.10966,1,0,-1,34273,29989,16,16,7241,24.14552002,17.07299343,512002,0,512002,34273
v1,e7bd16a8ad2be3cb1a245ce7fe4d8ea167164025,direct,octree_nfcount,flyby,7,821,821,1.218655944,0.3624959886,1.582399964,1.588427,1,0,-1,34201,29926,16,16,7202,24.06602954,17.10893537,512002,0,512002,34201
v1,e7bd16a8ad2be3cb1a245ce7fe4d8ea167164025,direct,octree_nfcount,flyby,7,822,822,1.552736044,0.4926080108,2.047519922,2.054929,1,0,-1,34209,29933,16,16,7160,23.9200882,17.10493435,512002,0,512002,34209
v1,e7bd16a8ad2be3cb1a245ce7fe4d8ea167164025,direct,octree_nfcount,flyby,7,823,823,1.585855961,0.4924480021,2.080575943,2.087748,1,0,-1,34273,29989,16,16,7235,24.12551269,17.07299343,512002,0,512002,34273
v1,e7bd16a8ad2be3cb1a245ce7fe4d8ea167164025,direct,octree_nfcount,flyby,7,824,824,1.245344043,0.3644160032,1.611008048,1.618653,1,0,-1,34217,29940,16,16,7110,23.74749499,17.1009352,512002,0,512002,34217
v1,e7bd16a8ad2be3cb1a245ce7fe4d8ea167164025,direct,octree_nfcount,flyby,7,825,825,1.535264015,0.363808006,1.900320053,1.907693,1,0,-1,34033,29779,16,16,7206,24.19826052,17.19339132,512002,0,512002,34033
v1,e7bd16a8ad2be3cb1a245ce7fe4d8ea167164025,direct,octree_nfcount,flyby,7,826,826,1.56003201,0.4927360117,2.054368019,2.06142,1,0,-1,34113,29849,16,16,7242,24.26211933,17.15307045,512002,0,512002,34113
v1,e7bd16a8ad2be3cb1a245ce7fe4d8ea167164025,direct,octree_nfcount,flyby,7,827,827,1.233024001,0.4946559966,1.729887962,1.736824,1,0,-1,34153,29884,16,16,7148,23.91915406,17.13298086,512002,0,512002,34153
v1,e7bd16a8ad2be3cb1a245ce7fe4d8ea167164025,direct,octree_nfcount,flyby,7,828,828,1.561344028,0.3674879968,1.930047989,1.937479,1,0,-1,34145,29877,16,16,7292,24.40673428,17.13699501,512002,0,512002,34145
v1,e7bd16a8ad2be3cb1a245ce7fe4d8ea167164025,direct,octree_nfcount,flyby,7,829,829,1.556031942,0.3656319976,1.923007965,1.930723,1,0,-1,34113,29849,16,16,7183,24.06445777,17.15307045,512002,0,512002,34113
v1,e7bd16a8ad2be3cb1a245ce7fe4d8ea167164025,direct,octree_nfcount,flyby,7,830,830,1.247967958,0.3677760065,1.616960049,1.624911,1,0,-1,33985,29737,16,16,7085,23.82553721,17.21767495,512002,0,512002,33985
v1,e7bd16a8ad2be3cb1a245ce7fe4d8ea167164025,direct,octree_nfcount,flyby,7,831,831,1.52867198,0.4926399887,2.022912025,2.029881,1,0,-1,34377,30080,16,16,7291,24.23869681,17.02134309,512002,0,512002,34377
v1,e7bd16a8ad2be3cb1a245ce7fe4d8ea167164025,direct,octree_nfcount,flyby,7,832,832,1.27420795,0.3616639972,1.637120008,1.643808,1,0,-1,34177,29905,16,16,7134,23.85554255,17.12094967,512002,0,512002,34177
v1,e7bd16a8ad2be3cb1a245ce7fe4d8ea167164025,direct,octree_nfcount,flyby,7,833,833,1.243456006,0.3627200127,1.607391953,1.615411,1,0,-1,34105,29842,16,16,7177,24.04999665,17.15709403,512002,0,512002,34105
v1,e7bd16a8ad2be3cb1a245ce7fe4d8ea167164025,direct,octree_nfcount,flyby,7,834,834,1.263584018,0.495615989,1.761407971,1.76881,1,0,-1,34137,29870,16,16,7263,24.31536659,17.14101105,512002,0,512002,34137
v1,e7bd16a8ad2be3cb1a245ce7fe4d8ea167164025,direct,octree_nfcount,flyby,7,835,835,1.612704039,0.362304002,1.976256013,1.983443,1,0,-1,34065,29807,16,16,7218,24.21578824,17.17724025,512002,0,512002,34065
v1,e7bd16a8ad2be3cb1a245ce7fe4d8ea167164025,direct,octree_nfcount,flyby,7,836,836,1.579519987,0.4887999892,2.07052803,2.077424,1,0,-1,34137,29870,16,16,7233,24.21493137,17.14101105,512002,0,512002,34137
v1,e7bd16a8ad2be3cb1a245ce7fe4d8ea167164025,direct,octree_nfcount,flyby,7,837,837,1.251456022,0.365440011,1.618144035,1.62567,1,0,-1,34129,29863,16,16,7294,24.42487359,17.14502897,512002,0,512002,34129
v1,e7bd16a8ad2be3cb1a245ce7fe4d8ea167164025,direct,octree_nfcount,flyby,7,838,838,1.614336014,0.4975360036,2.114079952,2.122068,1,0,-1,34225,29947,16,16,7138,23.83544262,17.09693792,512002,0,512002,34225
v1,e7bd16a8ad2be3cb1a245ce7fe4d8ea167164025,direct,octree_nfcount,flyby,7,839,839,1.552703977,0.4956800044,2.050719976,2.058639,1,0,-1,34345,30052,16,16,7264,24.17143618,17.03720218,512002,0,512002,34345
v1,e7bd16a8ad2be3cb1a245ce7fe4d8ea167164025,direct,octree_nfcount,flyby,7,840,840,1.244160056,0.362688005,1.608064055,1.615012,1,0,-1,34201,29926,16,16,7179,23.98917329,17.10893537,512002,0,512002,34201
v1,e7bd16a8ad2be3cb1a245ce7fe4d8ea167164025,direct,octree_nfcount,flyby,7,841,841,1.573791981,0.3644799888,1.939488053,1.947541,1,0,-1,34065,29807,16,16,7071,23.72261549,17.17724025,512002,0,512002,34065
v1,e7bd16a8ad2be3cb1a245ce7fe4d8ea167164025,direct,octree_nfcount,flyby,7,842,842,1.554304004,0.4905279875,2.04640007,2.053437,1,0,-1,34265,29982,16,16,7202,24.02107931,17.07697952,512002,0,512002,34265
v1,e7bd16a8ad2be3cb1a245ce7fe4d8ea167164025,direct,octree_nfcount,flyby,7,843,843,1.226719975,0.3597440124,1.587712049,1.594703,1,0,-1,33993,29744,16,16,7097,23.86027434,17.21362292,512002,0,512002,33993
v1,e7bd16a8ad2be3cb1a245ce7fe4d8ea167164025,direct,octree_nfcount,flyby,7,844,844,1.519616008,0.4908159971,2.01206398,2.018427,1,0,-1,34113,29849,16,16,7108,23.81319307,17.15307045,512002,0,512002,34113
v1,e7bd16a8ad2be3cb1a245ce7fe4d8ea167164025,direct,octree_nfcount,flyby,7,845,845,1.557728052,0.4836159945,2.042943954,2.049781,1,0,-1,34129,29863,16,16,7182,24.04982755,17.14502897,512002,0,512002,34129
v1,e7bd16a8ad2be3cb1a245ce7fe4d8ea167164025,direct,octree_nfcount,flyby,7,846,846,1.218816042,0.3657920063,1.585824013,1.593064,1,0,-1,33817,29590,16,16,7087,23.95065901,17.30321054,512002,0,512002,33817
v1,e7bd16a8ad2be3cb1a245ce7fe4d8ea167164025,direct,octree_nfcount,flyby,7,847,847,1.543071985,0.4936639965,2.039007902,2.046473,1,0,-1,33905,29667,16,16,7086,23.88512489,17.25830047,512002,0,512002,33905
v1,e7bd16a8ad2be3cb1a245ce7fe4d8ea167164025,direct,octree_nfcount,flyby,7,848,848,1.518687963,0.4888319969,2.009248018,2.014938,1,0,-1,34089,29828,16,16,7186,24.09145769,17.16514684,512002,0,512002,34089
v1,e7bd16a8ad2be3cb1a245ce7fe4d8ea167164025,direct,octree_nfcount,flyby,7,849,849,1.246016026,0.362560004,1.609791994,1.616757,1,0,-1,34041,29786,16,16,7055,23.68562412,17.1893507,512002,0,512002,34041
v1,e7bd16a8ad2be3cb1a245ce7fe4d8ea167164025,direct,octree_nfcount,flyby,7,850,850,1.522783995,0.3607040048,1.884703994,1.891617,1,0,-1,34001,29751,16,16,7113,23.90844005,17.20957279,512002,0,512002,34001
v1,e7bd16a8ad2be3cb1a245ce7fe4d8ea167164025,direct,octree_nfcount,flyby,7,851,851,1.54499197,0.486687988,2.033760071,2.040636,1,0,-1,34049,29793,16,16,7170,24.06605578,17.18531199,512002,0,512002,34049
v1,e7bd16a8ad2be3cb1a245ce7fe4d8ea167164025,direct,octree_nfcount,flyby,7,852,852,1.218240023,0.3635199964,1.58316803,1.58992,1,0,-1,33833,29604,16,16,7042,23.78732604,17.2950277,512002,0,512002,33833
v1,e7bd16a8ad2be3cb1a245ce7fe4d8ea167164025,direct,octree_nfcount,flyby,7,853,853,1.528095961,0.4925760031,2.022880077,2.03025,1,0,-1,34105,29842,16,16,7256,24.31472421,17.15709403,512002,0,512002,34105
v1,e7bd16a8ad2be3cb1a245ce7fe4d8ea167164025,direct,octree_nfcount,flyby,7,854,854,1.609312057,0.4945279956,2.106080055,2.113063,1,0,-1,34321,30031,16,16,7337,24.43142087,17.04911591,512002,0,512002,34321
v1,e7bd16a8ad2be3cb1a245ce7fe4d8ea167164025,direct,octree_nfcount,flyby,7,855,855,1.243711948,0.4918079972,1.737728,1.744228,1,0,-1,34353,30059,16,16,7221,24.02275525,17.03323464,512002,0,512002,34353
v1,e7bd16a8ad2be3cb1a245ce7fe4d8ea167164025,direct,octree_nfcount,flyby,7,856,856,1.542847991,0.3658879995,1.909983993,1.917954,1,0,-1,34313,30024,16,16,7287,24.27058353,17.05309086,512002,0,512002,34313
v1,e7bd16a8ad2be3cb1a245ce7fe4d8ea167164025,direct,octree_nfcount,flyby,7,857,857,1.572352052,0.3666880131,1.940256,1.948107,1,0,-1,34153,29884,16,16,7240,24.22701111,17.13298086,512002,0,512002,34153
v1,e7bd16a8ad2be3cb1a245ce7fe4d8ea167164025,direct,octree_nfcount,flyby,7,858,858,1.24070406,0.4957120121,1.738623977,1.746191,1,0,-1,34209,29933,16,16,7219,24.11719507,17.10493435,512002,0,512002,34209
v1,e7bd16a8ad2be3cb1a245ce7fe4d8ea167164025,direct,octree_nfcount,flyby,7,859,859,1.532480001,0.3655360043,1.89923203,1.906801,1,0,-1,34097,29835,16,16,7280,24.40087146,17.16111949,512002,0,512002,34097
v1,e7bd16a8ad2be3cb1a245ce7fe4d8ea167164025,direct,octree_nfcount,flyby,7,860,860,1.610048056,0.4938240051,2.105792046,2.113164,1,0,-1,34121,29856,16,16,7225,24.19949089,17.14904877,512002,0,512002,34121
v1,e7bd16a8ad2be3cb1a245ce7fe4d8ea167164025,direct,octree_nfcount,flyby,7,861,861,1.258911967,0.4917440116,1.752864003,1.760911,1,0,-1,34313,30024,16,16,7257,24.17066347,17.05309086,512002,0,512002,34313
v1,e7bd16a8ad2be3cb1a245ce7fe4d8ea167164025,direct,octree_nfcount,flyby,7,862,862,1.509088039,0.3657279909,1.876127958,1.883613,1,0,-1,34177,29905,16,16,7250,24.24343755,17.12094967,512002,0,512002,34177
v1,e7bd16a8ad2be3cb1a245ce7fe4d8ea167164025,direct,octree_nfcount,flyby,7,863,863,1.600576043,0.4948799908,2.097055912,2.104822,1,0,-1,34201,29926,16,16,7168,23.95241596,17.10893537,512002,0,512002,34201
v1,e7bd16a8ad2be3cb1a245ce7fe4d8ea167164025,direct,octree_nfcount,flyby,7,864,864,1.570207953,0.3626239896,1.934048057,1.941116,1,0,-1,34121,29856,16,16,7178,24.0420686,17.14904877,512002,0,512002,34121
v1,e7bd16a8ad2be3cb1a245ce7fe4d8ea167164025,direct,octree_nfcount,flyby,7,865,865,1.251871943,0.3656640053,1.618752003,1.62649,1,0,-1,34033,29779,16,16,7191,24.14788945,17.19339132,512002,0,512002,34033
v1,e7bd16a8ad2be3cb1a245ce7fe4d8ea167164025,direct,octree_nfcount,flyby,7,866,866,1.528319955,0.366719991,1.89625597,1.903804,1,0,-1,33985,29737,16,16,7059,23.73810405,17.21767495,512002,0,512002,33985
v1,e7bd16a8ad2be3cb1a245ce7fe4d8ea167164025,direct,octree_nfcount,flyby,7,867,867,1.540384054,0.3614400029,1.903072,1.909352,1,0,-1,33985,29737,16,16,7094,23.85580254,17.21767495,512002,0,512002,33985
v1,e7bd16a8ad2be3cb1a245ce7fe4d8ea167164025,direct,octree_nfcount,flyby,7,868,868,1.231583953,0.3658240139,1.598623991,1.605807,1,0,-1,33881,29646,16,16,7075,23.86493962,17.27052553,512002,0,512002,33881
v1,e7bd16a8ad2be3cb1a245ce7fe4d8ea167164025,direct,octree_nfcount,flyby,7,869,869,1.540032029,0.3664959967,1.907775998,1.916199,1,0,-1,33681,29471,16,16,6972,23.65715449,17.37307862,512002,0,512002,33681
v1,e7bd16a8ad2be3cb1a245ce7fe4d8ea167164025,direct,octree_nfcount,flyby,7,870,870,1.567615986,0.4947200119,2.064543962,2.071923,1,0,-1,34105,29842,16,16,7128,23.88579854,17.15709403,512002,0,512002,34105
v1,e7bd16a8ad2be3cb1a245ce7fe4d8ea167164025,direct,octree_nfcount,flyby,7,871,871,1.242560029,0.363808006,1.607615948,1.614876,1,0,-1,34001,29751,16,16,7111,23.90171759,17.20957279,512002,0,512002,34001
v1,e7bd16a8ad2be3cb1a245ce7fe4d8ea167164025,direct,octree_nfcount,flyby,7,872,872,1.543231964,0.4940479994,2.038496017,2.045854,1,0,-1,34009,29758,16,16,7112,23.89945561,17.20552456,512002,0,512002,34009
v1,e7bd16a8ad2be3cb1a245ce7fe4d8ea167164025,direct,octree_nfcount,flyby,7,873,873,1.560992002,0.4908159971,2.054048061,2.060192,1,0,-1,34289,30003,16,16,7200,23.99760024,17.06502683,512002,0,512002,34289
v1,e7bd16a8ad2be3cb1a245ce7fe4d8ea167164025,direct,octree_nfcount,flyby,7,874,874,1.235200047,0.3648320138,1.601248026,1.608454,1,0,-1,34281,29996,16,16,7164,23.88318442,17.0690092,512002,0,512002,34281
v1,e7bd16a8ad2be3cb1a245ce7fe4d8ea167164025,direct,octree_nfcount,flyby,7,875,875,1.571776032,0.3667519987,1.939743996,1.947599,1,0,-1,34089,29828,16,16,7083,23.74614456,17.16514684,512002,0,512002,34089
v1,e7bd16a8ad2be3cb1a245ce7fe4d8ea167164025,direct,octree_nfcount,flyby,7,876,876,1.586591959,0.4932479858,2.081056118,2.08797,1,0,-1,34209,29933,16,16,7169,23.95015535,17.10493435,512002,0,512002,34209
v1,e7bd16a8ad2be3cb1a245ce7fe4d8ea167164025,direct,octree_nfcount,flyby,7,877,877,1.214815974,0.4905920029,1.707008004,1.71304,1,0,-1,34265,29982,16,16,7086,23.63418051,17.07697952,512002,0,512002,34265
v1,e7bd16a8ad2be3cb1a245ce7fe4d8ea167164025,direct,octree_nfcount,flyby,7,878,878,1.542943954,0.3606399894,1.904832006,1.910764,1,0,-1,34153,29884,16,16,7094,23.73845536,17.13298086,512002,0,512002,34153
v1,e7bd16a8ad2be3cb1a245ce7fe4d8ea167164025,direct,octree_nfcount,flyby,7,879,879,1.539711952,0.4942080081,2.036128044,2.043232,1,0,-1,34177,29905,16,16,7100,23.74184919,17.12094967,512002,0,512002,34177
v1,e7bd16a8ad2be3cb1a245ce7fe4d8ea167164025,direct,octree_nfcount,flyby,7,880,880,1.220767975,0.3607040048,1.582687974,1.590039,1,0,-1,34137,29870,16,16,6986,23.38801473,17.14101105,512002,0,512002,34137
v1,e7bd16a8ad2be3cb1a245ce7fe4d8ea167164025,direct,octree_nfcount,flyby,7,881,881,1.58019197,0.3607679904,1.942208052,1.948594,1,0,-1,34057,29800,16,16,7081,23.76174497,17.18127517,512002,0,512002,34057
v1,e7bd16a8ad2be3cb1a245ce7fe4d8ea167164025,direct,octree_nfcount,flyby,7,882,882,1.578400016,0.4922240078,2.071871996,2.078978,1,0,-1,34081,29821,16,16,7067,23.69806512,17.16917608,512002,0,512002,34081
v1,e7bd16a8ad2be3cb1a245ce7fe4d8ea167164025,direct,octree_nfcount,flyby,7,883,883,1.231711984,0.3687039912,1.601663947,1.608818,1,0,-1,33945,29702,16,16,6973,23.47653357,17.23796377,512002,0,512002,33945
v1,e7bd16a8ad2be3cb1a245ce7fe4d8ea167164025,direct,octree_nfcount,flyby,7,884,884,1.569247961,0.3644799888,1.934975982,1.942354,1,0,-1,33913,29674,16,16,7139,24.058098,17.25422929,512002,0,512002,33913
v1,e7bd16a8ad2be3cb1a245ce7fe4d8ea167164025,direct,octree_nfcount,flyby,7,885,885,1.618656039,0.4897919893,2.110080004,2.117193,1,0,-1,34161,29891,16,16,7166,23.97377137,17.12896859,512002,0,512002,34161
v1,e7bd16a8ad2be3cb1a245ce7fe4d8ea167164025,direct,octree_nfcount,flyby,7,886,886,1.237535954,0.3659200072,1.604671955,1.612419,1,0,-1,34025,29772,16,16,7034,23.62622598,17.19743383,512002,0,512002,34025
v1,e7bd16a8ad2be3cb1a245ce7fe4d8ea167164025,direct,octree_nfcount,flyby,7,887,887,1.527999997,0.4924800098,2.022720098,2.030564,1,0,-1,34137,29870,16,16,7214,24.1513224,17.14101105,512002,0,512002,34137
v1,e7bd16a8ad2be3cb1a245ce7fe4d8ea167164025,direct,octree_nfcount,flyby,7,888,888,1.55776,0.4917440116,2.051743984,2.057876,1,0,-1,34273,29989,16,16,7173,23.91877022,17.07299343,512002,0,512002,34273
v1,e7bd16a8ad2be3cb1a245ce7fe4d8ea167164025,direct,octree_nfcount,flyby,7,889,889,1.225600004,0.3616639972,1.588479996,1.595405,1,0,-1,34225,29947,16,16,7083,23.65178482,17.09693792,512002,0,512002,34225
v1,e7bd16a8ad2be3cb1a245ce7fe4d8ea167164025,direct,octree_nfcount,flyby,7,890,890,1.546079993,0.4923839867,2.040064096,2.047831,1,0,-1,34249,29968,16,16,7233,24.13574479,17.08495729,512002,0,512002,34249
v1,e7bd16a8ad2be3cb1a245ce7fe4d8ea167164025,direct,octree_nfcount,flyby,7,891,891,1.600640059,0.362432003,1.964287996,1.971491,1,0,-1,34225,29947,16,16,7201,24.04581427,17.09693792,512002,0,512002,34225
v1,e7bd16a8ad2be3cb1a245ce7fe4d8ea167164025,direct,octree_nfcount,flyby,7,892,892,1.267776012,0.4917759895,1.761312008,1.76815,1,0,-1,34465,30157,16,16,7231,23.97784926,16.97788242,512002,0,512002,34465
v1,e7bd16a8ad2be3cb1a245ce7fe4d8ea167164025,direct,octree_nfcount,flyby,7,893,893,1.525344014,0.4978240132,2.024800062,2.031605,1,0,-1,34601,30276,16,16,7342,24.25023121,16.91115075,512002,0,512002,34601
v1,e7bd16a8ad2be3cb1a245ce7fe4d8ea167164025,direct,octree_nfcount,flyby,7,894,894,1.282816052,0.3604159951,1.644448042,1.651124,1,0,-1,34449,30143,16,16,7266,24.10509903,16.98576784,512002,0,512002,34449
v1,e7bd16a8ad2be3cb1a245ce7fe4d8ea167164025,direct,octree_nfcount,flyby,7,895,895,1.579391956,0.4936960042,2.074687958,2.081972,1,0,-1,34545,30227,16,16,7269,24.04803652,16.93856486,512002,0,512002,34545
v1,e7bd16a8ad2be3cb1a245ce7fe4d8ea167164025,direct,octree_nfcount,flyby,7,896,896,1.234912038,0.3626559973,1.59878397,1.604775,1,0,-1,34321,30031,16,16,7213,24.0185142,17.04911591,512002,0,512002,34321
v1,e7bd16a8ad2be3cb1a245ce7fe4d8ea167164025,direct,octree_nfcount,flyby,7,897,897,1.548128009,0.3658879995,1.915231943,1.922459,1,0,-1,34193,29919,16,16,7146,23.88448812,17.11293827,512002,0,512002,34193
v1,e7bd16a8ad2be3cb1a245ce7fe4d8ea167164025,direct,octree_nfcount,flyby,7,898,898,1.611680031,0.3643200099,1.977216005,1.984105,1,0,-1,34153,29884,16,16,7199,24.08981395,17.13298086,512002,0,512002,34153
v1,e7bd16a8ad2be3cb1a245ce7fe4d8ea167164025,direct,octree_nfcount,flyby,7,899,899,1.239168048,0.4977279902,1.738463998,1.745686,1,0,-1,34201,29926,16,16,7208,24.08607899,17.10893537,512002,0,512002,34201
v1,e7bd16a8ad2be3cb1a245ce7fe4d8ea167164025,direct,octree_nfcount,flyby,7,900,900,1.593088031,0.4963519871,2.091840029,2.099639,1,0,-1,34233,29954,16,16,7144,23.84990318,17.09294251,512002,0,512002,34233
v1,e7bd16a8ad2be3cb1a245ce7fe4d8ea167164025,direct,octree_nfcount,flyby,7,901,901,1.631232023,0.4945279956,2.127360106,2.134581,1,0,-1,34513,30199,16,16,7312,24.21272228,16.95427001,512002,0,512002,34513
v1,e7bd16a8ad2be3cb1a245ce7fe4d8ea167164025,direct,octree_nfcount,flyby,7,902,902,1.246623993,0.3593280017,1.607200027,1.6128,1,0,-1,34321,30031,16,16,7284,24.25493657,17.04911591,512002,0,512002,34321
v1,e7bd16a8ad2be3cb1a245ce7fe4d8ea167164025,direct,octree_nfcount,flyby,7,903,903,1.529600024,0.3616639972,1.892511964,1.899002,1,0,-1,34289,30003,16,16,7148,23.82428424,17.06502683,512002,0,512002,34289
v1,e7bd16a8ad2be3cb1a245ce7fe4d8ea167164025,direct,octree_nfcount,flyby,7,904,904,1.577087998,0.4928640127,2.071552038,2.078738,1,0,-1,34569,30248,16,16,7323,24.20986512,16.92680508,512002,0,512002,34569
v1,e7bd16a8ad2be3cb1a245ce7fe4d8ea167164025,direct,octree_nfcount,flyby,7,905,905,1.220000029,0.3595840037,1.580832005,1.587663,1,0,-1,34105,29842,16,16,7183,24.07010254,17.15709403,512002,0,512002,34105
v1,e7bd16a8ad2be3cb1a245ce7fe4d8ea167164025,direct,octree_nfcount,flyby,7,906,906,1.54144001,0.4955840111,2.038847923,2.046034,1,0,-1,34193,29919,16,16,7232,24.17193088,17.11293827,512002,0,512002,34193
v1,e7bd16a8ad2be3cb1a245ce7fe4d8ea167164025,direct,octree_nfcount,flyby,7,907,907,1.580064058,0.4936000109,2.075295925,2.082344,1,0,-1,34457,30150,16,16,7334,24.32504146,16.98182421,512002,0,512002,34457
v1,e7bd16a8ad2be3cb1a245ce7fe4d8ea167164025,direct,octree_nfcount,flyby,7,908,908,1.231711984,0.3625920117,1.595551968,1.602754,1,0,-1,34145,29877,16,16,7184,24.0452522,17.13699501,512002,0,512002,34145
v1,e7bd16a8ad2be3cb1a245ce7fe4d8ea167164025,direct,octree_nfcount,flyby,7,909,909,1.542240024,0.3678080142,1.91129601,1.918897,1,0,-1,34121,29856,16,16,7106,23.80091104,17.14904877,512002,0,512002,34121
v1,e7bd16a8ad2be3cb1a245ce7fe4d8ea167164025,direct,octree_nfcount,flyby,7,910,910,1.587072015,0.4937919974,2.082560062,2.090111,1,0,-1,34385,30087,16,16,7218,23.99042776,17.01738292,512002,0,512002,34385
v1,e7bd16a8ad2be3cb1a245ce7fe4d8ea167164025,direct,octree_nfcount,flyby,7,911,911,1.240607977,0.3666560054,1.608479977,1.616137,1,0,-1,34305,30017,16,16,7111,23.68990905,17.05706766,512002,0,512002,34305
v1,e7bd16a8ad2be3cb1a245ce7fe4d8ea167164025,direct,octree_nfcount,flyby,7,912,912,1.541247964,0.491584003,2.034528017,2.041826,1,0,-1,34345,30052,16,16,7175,23.87528284,17.03720218,512002,0,512002,34345
v1,e7bd16a8ad2be3cb1a245ce7fe4d8ea167164025,direct,octree_nfcount,flyby,7,913,913,1.595872045,0.4916799963,2.089760065,2.097335,1,0,-1,34417,30115,16,16,7201,23.91167192,17.00156068,512002,0,512002,34417
v1,e7bd16a8ad2be3cb1a245ce7fe4d8ea167164025,direct,octree_nfcount,flyby,7,914,914,1.241248012,0.3666880131,1.609184027,1.615558,1,0,-1,33961,29716,16,16,6974,23.46883834,17.22984251,512002,0,512002,33961
v1,e7bd16a8ad2be3cb1a245ce7fe4d8ea167164025,direct,octree_nfcount,flyby,7,915,915,1.263775945,0.4918720126,1.757920027,1.763507,1,0,-1,34249,29968,16,16,7124,23.77202349,17.08495729,512002,0,512002,34249
v1,e7bd16a8ad2be3cb1a245ce7fe4d8ea167164025,direct,octree_nfcount,flyby,7,916,916,1.561535954,0.4907839894,2.054111958,2.060883,1,0,-1,34345,30052,16,16,7197,23.94848929,17.03720218,512002,0,512002,34345
v1,e7bd16a8ad2be3cb1a245ce7fe4d8ea167164025,direct,octree_nfcount,flyby,7,917,917,1.226559997,0.3616000116,1.589504004,1.596713,1,0,-1,34233,29954,16,16,7057,23.55945784,17.09294251,512002,0,512002,34233
v1,e7bd16a8ad2be3cb1a245ce7fe4d8ea167164025,direct,octree_nfcount,flyby,7,918,918,1.552575946,0.3646720052,1.918496013,1.925916,1,0,-1,34137,29870,16,16,7153,23.94710412,17.14101105,512002,0,512002,34137
v1,e7bd16a8ad2be3cb1a245ce7fe4d8ea167164025,direct,octree_nfcount,flyby,7,919,919,1.549183965,0.4926719964,2.043423891,2.049364,1,0,-1,34201,29926,16,16,7168,23.95241596,17.10893537,512002,0,512002,34201
v1,e7bd16a8ad2be3cb1a245ce7fe4d8ea167164025,direct,octree_nfcount,flyby,7,920,920,1.22495997,0.3616639972,1.587839961,1.594472,1,0,-1,33961,29716,16,16,6925,23.303944,17.22984251,512002,0,512002,33961
v1,e7bd16a8ad2be3cb1a245ce7fe4d8ea167164025,direct,octree_nfcount,flyby,7,921,921,1.570207953,0.4925760031,2.065184116,2.072225,1,0,-1,34057,29800,16,16,7061,23.69463087,17.18127517,512002,0,512002,34057
v1,e7bd16a8ad2be3cb1a245ce7fe4d8ea167164025,direct,octree_nfcount,flyby,7,922,922,1.57507205,0.491584003,2.068255901,2.073734,1,0,-1,34177,29905,16,16,7175,23.99264337,17.12094967,512002,0,512002,34177
v1,e7bd16a8ad2be3cb1a245ce7fe4d8ea167164025,direct,octree_nfcount,flyby,7,923,923,1.229408026,0.3648000062,1.595424056,1.602569,1,0,-1,33985,29737,16,16,6974,23.45226486,17.21767495,512002,0,512002,33985
v1,e7bd16a8ad2be3cb1a245ce7fe4d8ea167164025,direct,octree_nfcount,flyby,7,924,924,1.55606401,0.4933440089,2.050688028,2.057748,1,0,-1,34073,29814,16,16,7073,23.72375394,17.17320722,512002,0,512002,34073
v1,e7bd16a8ad2be3cb1a245ce7fe4d8ea167164025,direct,octree_nfcount,flyby,7,925,925,1.540159941,0.3616639972,1.903040051,1.910872,1,0,-1,33969,29723,16,16,7116,23.94105575,17.22578475,512002,0,512002,33969
v1,e7bd16a8ad2be3cb1a245ce7fe4d8ea167164025,direct,octree_nfcount,flyby,7,926,926,1.28342402,0.3904640079,1.67612803,1.682335,1,0,-1,33833,29604,16,16,6966,23.53060397,17.2950277,512002,0,512002,33833
v1,e7bd16a8ad2be3cb1a245ce7fe4d8ea167164025,direct,octree_nfcount,flyby,7,927,927,1.52540803,0.4937919974,2.021471977,2.028981,1,0,-1,33913,29674,16,16,7048,23.75143223,17.25422929,512002,0,512002,33913
v1,e7bd16a8ad2be3cb1a245ce7fe4d8ea167164025,direct,octree_nfcount,flyby,7,928,928,1.587903976,0.3624959886,1.951616049,1.957819,1,0,-1,33913,29674,16,16,7026,23.67729325,17.25422929,512002,0,512002,33913
v1,e7bd16a8ad2be3cb1a245ce7fe4d8ea167164025,direct,octree_nfcount,flyby,7,929,929,1.216671944,0.3606399894,1.578559995,1.584064,1,0,-1,33769,29548,16,16,6899,23.34844998,17.3278056,512002,0,512002,33769
v1,e7bd16a8ad2be3cb1a245ce7fe4d8ea167164025,direct,octree_nfcount,flyby,7,930,930,1.499935985,0.4917440116,1.993280053,2.000476,1,0,-1,33937,29695,16,16,6996,23.55952181,17.24202728,512002,0,512002,33937
v1,e7bd16a8ad2be3cb1a245ce7fe4d8ea167164025,direct,octree_nfcount,flyby,7,931,931,1.564800024,0.3669439852,1.933024049,1.940339,1,0,-1,33809,29583,16,16,6911,23.36138999,17.30730487,512002,0,512002,33809
v1,e7bd16a8ad2be3cb1a245ce7fe4d8ea167164025,direct,octree_nfcount,flyby,7,932,932,1.232480049,0.3637120128,1.597408056,1.604677,1,0,-1,33793,29569,16,16,6857,23.18982718,17.31549934,512002,0,512002,33793
v1,e7bd16a8ad2be3cb1a245ce7fe4d8ea167164025,direct,octree_nfcount,flyby,7,933,933,1.534271955,0.4937599897,2.030303955,2.03774,1,0,-1,33913,29674,16,16,6931,23.35714767,17.25422929,512002,0,512002,33913
v1,e7bd16a8ad2be3cb1a245ce7fe4d8ea167164025,direct,octree_nfcount,flyby,7,934,934,1.540384054,0.3655039966,1.907104015,1.914451,1,0,-1,33777,29555,16,16,6902,23.35307055,17.32370157,512002,0,512002,33777
v1,e7bd16a8ad2be3cb1a245ce7fe4d8ea167164025,direct,octree_nfcount,flyby,7,935,935,1.542143941,0.3671360016,1.910495996,1.918246,1,0,-1,33713,29499,16,16,6892,23.36350385,17.35658836,512002,0,512002,33713
v1,e7bd16a8ad2be3cb1a245ce7fe4d8ea167164025,direct,octree_nfcount,flyby,7,936,936,1.254271984,0.496863991,1.753311992,1.760884,1,0,-1,33937,29695,16,16,7041,23.71106247,17.24202728,512002,0,512002,33937
v1,e7bd16a8ad2be3cb1a245ce7fe4d8ea167164025,direct,octree_nfcount,flyby,7,937,937,1.551903963,0.369727999,1.922847986,1.930611,1,0,-1,33729,29513,16,16,6811,23.07796564,17.34835496,512002,0,512002,33729
v1,e7bd16a8ad2be3cb1a245ce7fe4d8ea167164025,direct,octree_nfcount,flyby,7,938,938,1.562144041,0.4939199984,2.058399916,2.065827,1,0,-1,33913,29674,16,16,6942,23.39421716,17.25422929,512002,0,512002,33913
v1,e7bd16a8ad2be3cb1a245ce7fe4d8ea167164025,direct,octree_nfcount,flyby,7,939,939,1.231392026,0.3697600067,1.602399945,1.61002,1,0,-1,33657,29450,16,16,6922,23.50424448,17.38546689,512002,0,512002,33657
v1,e7bd16a8ad2be3cb1a245ce7fe4d8ea167164025,direct,octree_nfcount,flyby,7,940,940,1.548320055,0.5008320212,2.051359892,2.05958,1,0,-1,33681,29471,16,16,6860,23.27711988,17.37307862,512002,0,512002,33681
v1,e7bd16a8ad2be3cb1a245ce7fe4d8ea167164025,direct,octree_nfcount,flyby,7,941,941,1.515359998,0.3709119856,1.887519956,1.895838,1,0,-1,33609,29408,16,16,6922,23.53781284,17.41029652,512002,0,512002,33609
v1,e7bd16a8ad2be3cb1a245ce7fe4d8ea167164025,direct,octree_nfcount,flyby,7,942,942,1.231328011,0.4977920055,1.730751991,1.738431,1,0,-1,33625,29422,16,16,6945,23.60478553,17.4020121,512002,0,512002,33625
v1,e7bd16a8ad2be3cb1a245ce7fe4d8ea167164025,direct,octree_nfcount,flyby,7,943,943,1.566431999,0.367839992,1.935487986,1.943396,1,0,-1,33569,29373,16,16,6844,23.30030981,17.43104211,512002,0,512002,33569
v1,e7bd16a8ad2be3cb1a245ce7fe4d8ea167164025,direct,octree_nfcount,flyby,7,944,944,1.562976003,0.4956479967,2.060992002,2.068231,1,0,-1,33665,29457,16,16,6984,23.70913535,17.38133551,512002,0,512002,33665
v1,e7bd16a8ad2be3cb1a245ce7fe4d8ea167164025,direct,octree_nfcount,flyby,7,945,945,1.21260798,0.4957759976,1.709632039,1.716041,1,0,-1,33825,29597,16,16,6989,23.61387979,17.29911815,512002,0,512002,33825
v1,e7bd16a8ad2be3cb1a245ce7fe4d8ea167164025,direct,octree_nfcount,flyby,7,946,946,1.571200013,0.3674240112,1.939872026,1.947533,1,0,-1,33737,29520,16,16,6871,23.27574526,17.34424119,512002,0,512002,33737
v1,e7bd16a8ad2be3cb1a245ce7fe4d8ea167164025,direct,octree_nfcount,flyby,7,947,947,1.562656045,0.4966720045,2.061568022,2.069525,1,0,-1,33825,29597,16,16,6977,23.57333514,17.29911815,512002,0,512002,33825
v1,e7bd16a8ad2be3cb1a245ce7fe4d8ea167164025,direct,octree_nfcount,flyby,7,948,948,1.23062396,0.3668479919,1.598847985,1.606081,1,0,-1,33793,29569,16,16,6943,23.48067233,17.31549934,512002,0,512002,33793
v1,e7bd16a8ad2be3cb1a245ce7fe4d8ea167164025,direct,octree_nfcount,flyby,7,949,949,1.543488026,0.4959039986,2.04102397,2.048152,1,0,-1,33857,29625,16,16,6922,23.36540084,17.28276793,512002,0,512002,33857
v1,e7bd16a8ad2be3cb1a245ce7fe4d8ea167164025,direct,octree_nfcount,flyby,7,950,950,1.592800021,0.4949119985,2.089920044,2.096932,1,0,-1,34137,29870,16,16,7035,23.55205892,17.14101105,512002,0,512002,34137
v1,e7bd16a8ad2be3cb1a245ce7fe4d8ea167164025,direct,octree_nfcount,flyby,7,951,951,1.223104,0.3636479974,1.587967992,1.595436,1,0,-1,33753,29534,16,16,6975,23.61684838,17.3360195,512002,0,512002,33753
v1,e7bd16a8ad2be3cb1a245ce7fe4d8ea167164025,direct,octree_nfcount,flyby,7,952,952,1.527647972,0.488447994,2.01772809,2.02421,1,0,-1,33817,29590,16,16,6964,23.53497803,17.30321054,512002,0,512002,33817
v1,e7bd16a8ad2be3cb1a245ce7fe4d8ea167164025,direct,octree_nfcount,flyby,7,953,953,1.552543998,0.4897280037,2.044543982,2.050851,1,0,-1,34057,29800,16,16,7048,23.65100671,17.18127517,512002,0,512002,34057
v1,e7bd16a8ad2be3cb1a245ce7fe4d8ea167164025,direct,octree_nfcount,flyby,7,954,954,1.225343943,0.3659200072,1.592512012,1.598814,1,0,-1,33905,29667,16,16,6923,23.33569286,17.25830047,512002,0,512002,33905
v1,e7bd16a8ad2be3cb1a245ce7fe4d8ea167164025,direct,octree_nfcount,flyby,7,955,955,1.558272004,0.3667519987,1.926272035,1.933335,1,0,-1,33761,29541,16,16,6913,23.40137436,17.33191158,512002,0,512002,33761
v1,e7bd16a8ad2be3cb1a245ce7fe4d8ea167164025,direct,octree_nfcount,flyby,7,956,956,1.568415999,0.4969600141,2.067615986,2.074926,1,0,-1,33913,29674,16,16,7051,23.76154209,17.25422929,512002,0,512002,33913
v1,e7bd16a8ad2be3cb1a245ce7fe4d8ea167164025,direct,octree_nfcount,flyby,7,957,957,1.222048044,0.366719991,1.589984059,1.597972,1,0,-1,33793,29569,16,16,6936,23.45699888,17.31549934,512002,0,512002,33793
v1,e7bd16a8ad2be3cb1a245ce7fe4d8ea167164025,direct,octree_nfcount,flyby,7,958,958,1.543903947,0.4926399887,2.03817606,2.045359,1,0,-1,33825,29597,16,16,6965,23.53279049,17.29911815,512002,0,512002,33825
v1,e7bd16a8ad2be3cb1a245ce7fe4d8ea167164025,direct,octree_nfcount,flyby,7,959,959,1.568639994,0.4936639965,2.064352036,2.072298,1,0,-1,33969,29723,16,16,7102,23.89395418,17.22578475,512002,0,512002,33969
v1,e7bd16a8ad2be3cb1a245ce7fe4d8ea167164025,direct,octree_nfcount,flyby,7,960,960,1.210976005,0.3686400056,1.580863953,1.588335,1,0,-1,33713,29499,16,16,6909,23.42113292,17.35658836,512002,0,512002,33713
v1,e7bd16a8ad2be3cb1a245ce7fe4d8ea167164025,direct,octree_nfcount,flyby,7,961,961,1.259711981,0.496863991,1.758687973,1.766602,1,0,-1,33833,29604,16,16,7099,23.97986759,17.2950277,512002,0,512002,33833
v1,e7bd16a8ad2be3cb1a245ce7fe4d8ea167164025,direct,octree_nfcount,flyby,7,962,962,1.593055964,0.4934720099,2.088736057,2.095844,1,0,-1,33969,29723,16,16,7152,24.06217407,17.22578475,512002,0,512002,33969
v1,e7bd16a8ad2be3cb1a245ce7fe4d8ea167164025,direct,octree_nfcount,flyby,7,963,963,1.21500802,0.3637120128,1.579936028,1.586461,1,0,-1,33961,29716,16,16,7091,23.86256562,17.22984251,512002,0,512002,33961
v1,e7bd16a8ad2be3cb1a245ce7fe4d8ea167164025,direct,octree_nfcount,flyby,7,964,964,1.512192011,0.3677119911,1.881152034,1.888228,1,0,-1,33897,29660,16,16,7134,24.05259609,17.26237357,512002,0,512002,33897
v1,e7bd16a8ad2be3cb1a245ce7fe4d8ea167164025,direct,octree_nfcount,flyby,7,965,965,1.515071988,0.4945279956,2.011296034,2.018652,1,0,-1,34009,29758,16,16,7129,23.9565831,17.20552456,512002,0,512002,34009
v1,e7bd16a8ad2be3cb1a245ce7fe4d8ea167164025,direct,octree_nfcount,flyby,7,966,966,1.216384053,0.3666560054,1.584319949,1.592053,1,0,-1,33737,29520,16,16,6926,23.46205962,17.34424119,512002,0,512002,33737
v1,e7bd16a8ad2be3cb1a245ce7fe4d8ea167164025,direct,octree_nfcount,flyby,7,967,967,1.508128047,0.491456002,2.001183987,2.008223,1,0,-1,33889,29653,16,16,7060,23.80872087,17.26644859,512002,0,512002,33889
v1,e7bd16a8ad2be3cb1a245ce7fe4d8ea167164025,direct,octree_nfcount,flyby,7,968,968,1.543936014,0.4896639884,2.035871983,2.041321,1,0,-1,33953,29709,16,16,7121,23.96916759,17.23390218,512002,0,512002,33953
v1,e7bd16a8ad2be3cb1a245ce7fe4d8ea167164025,direct,octree_nfcount,flyby,7,969,969,1.235103965,0.4929920137,1.729311943,1.736759,1,0,-1,33969,29723,16,16,6974,23.46331124,17.22578475,512002,0,512002,33969
v1,e7bd16a8ad2be3cb1a245ce7fe4d8ea167164025,direct,octree_nfcount,flyby,7,970,970,1.552832007,0.4937280118,2.048799992,2.055579,1,0,-1,34153,29884,16,16,7199,24.08981395,17.13298086,512002,0,512002,34153
v1,e7bd16a8ad2be3cb1a245ce7fe4d8ea167164025,direct,octree_nfcount,flyby,7,971,971,1.52243197,0.3617280126,1.885408044,1.891336,1,0,-1,34017,29765,16,16,7094,23.83336133,17.20147825,512002,0,512002,34017
v1,e7bd16a8ad2be3cb1a245ce7fe4d8ea167164025,direct,octree_nfcount,flyby,7,972,972,1.225888014,0.3625920117,1.58969605,1.597157,1,0,-1,33993,29744,16,16,6995,23.51734804,17.21362292,512002,0,512002,33993
v1,e7bd16a8ad2be3cb1a245ce7fe4d8ea167164025,direct,octree_nfcount,flyby,7,973,973,1.251232028,0.3678719997,1.620319963,1.628163,1,0,-1,33969,29723,16,16,7061,23.75601386,17.22578475,512002,0,512002,33969
v1,e7bd16a8ad2be3cb1a245ce7fe4d8ea167164025,direct,octree_nfcount,flyby,7,974,974,1.529119968,0.4937280118,2.025055885,2.031932,1,0,-1,34177,29905,16,16,7121,23.81207156,17.12094967,512002,0,512002,34177
v1,e7bd16a8ad2be3cb1a245ce7fe4d8ea167164025,direct,octree_nfcount,flyby,7,975,975,1.228512049,0.3636479974,1.59337604,1.600863,1,0,-1,34113,29849,16,16,6941,23.25371034,17.15307045,512002,0,512002,34113
v1,e7bd16a8ad2be3cb1a245ce7fe4d8ea167164025,direct,octree_nfcount,flyby,7,976,976,1.576223969,0.3644799888,1.941984057,1.949081,1,0,-1,34097,29835,16,16,6984,23.40874811,17.16111949,512002,0,512002,34097
v1,e7bd16a8ad2be3cb1a245ce7fe4d8ea167164025,direct,octree_nfcount,flyby,7,977,977,1.633440018,0.4936000109,2.128671885,2.135658,1,0,-1,34489,30178,16,16,7029,23.29180197,16.966068,512002,0,512002,34489
v1,e7bd16a8ad2be3cb1a245ce7fe4d8ea167164025,direct,octree_nfcount,flyby,7,978,978,1.224832058,0.3637120128,1.589759946,1.597153,1,0,-1,34057,29800,16,16,6846,22.97315436,17.18127517,512002,0,512002,34057
v1,e7bd16a8ad2be3cb1a245ce7fe4d8ea167164025,direct,octree_nfcount,flyby,7,979,979,1.516415954,0.4967040122,2.014719963,2.022294,1,0,-1,34145,29877,16,16,6979,23.35910567,17.13699501,512002,0,512002,34145
v1,e7bd16a8ad2be3cb1a245ce7fe4d8ea167164025,direct,octree_nfcount,flyby,7,980,980,1.574368,0.3644799888,1.940096021,1.947156,1,0,-1,33993,29744,16,16,6893,23.17442173,17.21362292,512002,0,512002,33993
v1,e7bd16a8ad2be3cb1a245ce7fe4d8ea167164025,direct,octree_nfcount,flyby,7,981,981,1.232768059,0.3612479866,1.595296025,1.601108,1,0,-1,33977,29730,16,16,6820,22.93979146,17.22172889,512002,0,512002,33977
v1,e7bd16a8ad2be3cb1a245ce7fe4d8ea167164025,direct,octree_nfcount,flyby,7,982,982,1.242367983,0.4896000028,1.733567953,1.739035,1,0,-1,34009,29758,16,16,6890,23.15343773,17.20552456,512002,0,512002,34009
v1,e7bd16a8ad2be3cb1a245ce7fe4d8ea167164025,direct,octree_nfcount,flyby,7,983,983,1.602239966,0.4906559885,2.095135927,2.100404,1,0,-1,34185,29912,16,16,6897,23.05763573,17.11694303,512002,0,512002,34185
v1,e7bd16a8ad2be3cb1a245ce7fe4d8ea167164025,direct,octree_nfcount,flyby,7,984,984,1.242751956,0.3627519906,1.606719971,1.613874,1,0,-1,34033,29779,16,16,6877,23.09345512,17.19339132,512002,0,512002,34033
v1,e7bd16a8ad2be3cb1a245ce7fe4d8ea167164025,direct,octree_nfcount,flyby,7,985,985,1.564031959,0.502655983,2.068288088,2.076905,1,0,-1,34177,29905,16,16,6921,23.14328708,17.12094967,512002,0,512002,34177
v1,e7bd16a8ad2be3cb1a245ce7fe4d8ea167164025,direct,octree_nfcount,flyby,7,986,986,1.545567989,0.3687359989,1.915583968,1.923615,1,0,-1,33969,29723,16,16,6866,23.09995626,17.22578475,512002,0,512002,33969
v1,e7bd16a8ad2be3cb1a245ce7fe4d8ea167164025,direct,octree_nfcount,flyby,7,987,987,1.245983958,0.3678719997,1.61510396,1.622455,1,0,-1,33921,29681,16,16,6832,23.01809238,17.25016004,512002,0,512002,33921
v1,e7bd16a8ad2be3cb1a245ce7fe4d8ea167164025,direct,octree_nfcount,flyby,7,988,988,1.552800059,0.4997760057,2.054239988,2.061677,1,0,-1,34097,29835,16,16,6953,23.3048433,17.16111949,512002,0,512002,34097
v1,e7bd16a8ad2be3cb1a245ce7fe4d8ea167164025,direct,octree_nfcount,flyby,7,989,989,1.540863991,0.4906240106,2.033695936,2.03946,1,0,-1,34121,29856,16,16,6903,23.12098071,17.14904877,512002,0,512002,34121
v1,e7bd16a8ad2be3cb1a245ce7fe4d8ea167164025,direct,octree_nfcount,flyby,7,990,990,1.24140799,0.4928640127,1.736672044,1.744219,1,0,-1,34169,29898,16,16,6926,23.16542913,17.12495819,512002,0,512002,34169
v1,e7bd16a8ad2be3cb1a245ce7fe4d8ea167164025,direct,octree_nfcount,flyby,7,991,991,1.514592052,0.4923520088,2.008543968,2.01578,1,0,-1,34177,29905,16,16,7007,23.4308644,17.12094967,512002,0,512002,34177
v1,e7bd16a8ad2be3cb1a245ce7fe4d8ea167164025,direct,octree_nfcount,flyby,7,992,992,1.562783957,0.4916479886,2.056031942,2.062724,1,0,-1,34385,30087,16,16,6944,23.07973543,17.01738292,512002,0,512002,34385
v1,e7bd16a8ad2be3cb1a245ce7fe4d8ea167164025,direct,octree_nfcount,flyby,7,993,993,1.524927974,0.3647359908,1.890879989,1.898366,1,0,-1,34265,29982,16,16,6985,23.29731172,17.07697952,512002,0,512002,34265
v1,e7bd16a8ad2be3cb1a245ce7fe4d8ea167164025,direct,octree_nfcount,flyby,7,994,994,1.254879951,0.3666239977,1.622720003,1.630737,1,0,-1,34225,29947,16,16,7064,23.5883394,17.09693792,512002,0,512002,34225
v1,e7bd16a8ad2be3cb1a245ce7fe4d8ea167164025,direct,octree_nfcount,flyby,7,995,995,1.549023986,0.5020160079,2.052767992,2.060402,1,0,-1,34257,29975,16,16,7040,23.48623853,17.08096747,512002,0,512002,34257
v1,e7bd16a8ad2be3cb1a245ce7fe4d8ea167164025,direct,octree_nfcount,flyby,7,996,996,1.554847956,0.4956800044,2.052576065,2.059774,1,0,-1,34377,30080,16,16,7067,23.49401596,17.02134309,512002,0,512002,34377
v1,e7bd16a8ad2be3cb1a245ce7fe4d8ea167164025,direct,octree_nfcount,flyby,7,997,997,1.252223969,0.365696013,1.619135976,1.627102,1,0,-1,34257,29975,16,16,7105,23.7030859,17.08096747,512002,0,512002,34257
v1,e7bd16a8ad2be3cb1a245ce7fe4d8ea167164025,direct,octree_nfcount,flyby,7,998,998,1.578016043,0.3625920117,1.941823959,1.949202,1,0,-1,34169,29898,16,16,6942,23.21894441,17.12495819,512002,0,512002,34169
v1,e7bd16a8ad2be3cb1a245ce7fe4d8ea167164025,direct,octree_nfcount,flyby,7,999,999,1.558400035,0.4912959933,2.051935911,2.05781,1,0,-1,34217,29940,16,16,7027,23.47027388,17.1009352,512002,0,512002,34217
v1,e7bd16a8ad2be3cb1a245ce7fe4d8ea167164025,direct,octree_nfcount,flyby,7,1000,1000,1.231071949,0.3659200072,1.598271966,1.605485,1,0,-1,34041,29786,16,16,6968,23.39354059,17.1893507,512002,0,512002,34041
v1,e7bd16a8ad2be3cb1a245ce7fe4d8ea167164025,direct,octree_nfcount,flyby,7,1001,1001,1.578304052,0.3678080142,1.947327971,1.955103,1,0,-1,33985,29737,16,16,6913,23.2471332,17.21767495,512002,0,512002,33985
v1,e7bd16a8ad2be3cb1a245ce7fe4d8ea167164025,direct,octree_nfcount,flyby,7,1002,1002,1.564607978,0.4925119877,2.059360027,2.066732,1,0,-1,34057,29800,16,16,6972,23.39597315,17.18127517,512002,0,512002,34057
v1,e7bd16a8ad2be3cb1a245ce7fe4d8ea167164025,direct,octree_nfcount,flyby,7,1003,1003,1.252607942,0.3678719997,1.621727943,1.630031,1,0,-1,34033,29779,16,16,7030,23.60724,17.19339132,512002,0,512002,34033
v1,e7bd16a8ad2be3cb1a245ce7fe4d8ea167164025,direct,octree_nfcount,flyby,7,1004,1004,1.538079977,0.3658879995,1.905215979,1.912718,1,0,-1,33993,29744,16,16,6894,23.17778375,17.21362292,512002,0,512002,33993
v1,e7bd16a8ad2be3cb1a245ce7fe4d8ea167164025,direct,octree_nfcount,flyby,7,1005,1005,1.549311996,0.3659200072,1.916479945,1.923327,1,0,-1,33881,29646,16,16,6928,23.36908858,17.27052553,512002,0,512002,33881
v1,e7bd16a8ad2be3cb1a245ce7fe4d8ea167164025,direct,octree_nfcount,flyby,7,1006,1006,1.221024036,0.3668799996,1.589151978,1.596921,1,0,-1,33761,29541,16,16,6894,23.33705697,17.33191158,512002,0,512002,33761
v1,e7bd16a8ad2be3cb1a245ce7fe4d8ea167164025,direct,octree_nfcount,flyby,7,1007,1007,1.560992002,0.4903360009,2.052544117,2.058288,1,0,-1,33825,29597,16,16,6847,23.13410143,17.29911815,512002,0,512002,33825
v1,e7bd16a8ad2be3cb1a245ce7fe4d8ea167164025,direct,octree_nfcount,flyby,7,1008,1008,1.533663988,0.4912,2.026079893,2.031583,1,0,-1,34017,29765,16,16,6968,23.41004536,17.20147825,512002,0,512002,34017
v1,e7bd16a8ad2be3cb1a245ce7fe4d8ea167164025,direct,octree_nfcount,flyby,7,1009,1009,1.20678401,0.3656640053,1.573696017,1.581322,1,0,-1,33873,29639,16,16,6932,23.38810351,17.27460441,512002,0,512002,33873
v1,e7bd16a8ad2be3cb1a245ce7fe4d8ea167164025,direct,octree_nfcount,flyby,7,1010,1010,1.579488039,0.4972479939,2.078943968,2.086208,1,0,-1,33889,29653,16,16,6796,22.91842309,17.26644859,512002,0,512002,33889
v1,e7bd16a8ad2be3cb1a245ce7fe4d8ea167164025,direct,octree_nfcount,flyby,7,1011,1011,1.58217597,0.4902079999,2.07395196,2.081059,1,0,-1,34065,29807,16,16,6935,23.26634683,17.17724025,512002,0,512002,34065
v1,e7bd16a8ad2be3cb1a245ce7fe4d8ea167164025,direct,octree_nfcount,flyby,7,1012,1012,1.229120016,0.3675839901,1.597919941,1.605474,1,0,-1,33865,29632,16,16,6853,23.12702484,17.27868521,512002,0,512002,33865
v1,e7bd16a8ad2be3cb1a245ce7fe4d8ea167164025,direct,octree_nfcount,flyby,7,1013,1013,1.54755199,0.370848,1.919615984,1.926879,1,0,-1,33697,29485,16,16,6776,22.98117687,17.36482957,512002,0,512002,33697
v1,e7bd16a8ad2be3cb1a245ce7fe4d8ea167164025,direct,octree_nfcount,flyby,7,1014,1014,1.561120033,0.4978559911,2.060640097,2.067752,1,0,-1,33785,29562,16,16,6985,23.62830661,17.31959949,512002,0,512002,33785
v1,e7bd16a8ad2be3cb1a245ce7fe4d8ea167164025,direct,octree_nfcount,flyby,7,1015,1015,1.219616055,0.4958080053,1.717023969,1.724147,1,0,-1,33865,29632,16,16,6996,23.60961123,17.27868521,512002,0,512002,33865
v1,e7bd16a8ad2be3cb1a245ce7fe4d8ea167164025,direct,octree_nfcount,flyby,7,1016,1016,1.516191959,0.4921599925,2.009567976,2.015327,1,0,-1,33897,29660,16,16,6877,23.18610924,17.26237357,512002,0,512002,33897
v1,e7bd16a8ad2be3cb1a245ce7fe4d8ea167164025,direct,octree_nfcount,flyby,7,1017,1017,1.578464031,0.4917440116,2.0718081,2.078344,1,0,-1,33969,29723,16,16,6967,23.43976045,17.22578475,512002,0,512002,33969
v1,e7bd16a8ad2be3cb1a245ce7fe4d8ea167164025,direct,octree_nfcount,flyby,7,1018,1018,1.202528,0.365568012,1.569344044,1.576205,1,0,-1,33689,29478,16,16,6915,23.4581722,17.36895312,512002,0,512002,33689
v1,e7bd16a8ad2be3cb1a245ce7fe4d8ea167164025,direct,octree_nfcount,flyby,7,1019,1019,1.536831975,0.4953280091,2.033407927,2.039407,1,0,-1,33745,29527,16,16,6880,23.30070783,17.34012937,512002,0,512002,33745
v1,e7bd16a8ad2be3cb1a245ce7fe4d8ea167164025,direct,octree_nfcount,flyby,7,1020,1020,1.618047953,0.4906240106,2.110912085,2.116734,1,0,-1,34105,29842,16,16,6993,23.43341599,17.15709403,512002,0,512002,34105
v1,e7bd16a8ad2be3cb1a245ce7fe4d8ea167164025,direct,octree_nfcount,flyby,7,1021,1021,1.222911954,0.3615359962,1.585695982,1.591561,1,0,-1,33857,29625,16,16,6860,23.15611814,17.28276793,512002,0,512002,33857
v1,e7bd16a8ad2be3cb1a245ce7fe4d8ea167164025,direct,octree_nfcount,flyby,7,1022,1022,1.557952046,0.3678080142,1.926975965,1.934904,1,0,-1,33857,29625,16,16,6764,22.83206751,17.28276793,512002,0,512002,33857
v1,e7bd16a8ad2be3cb1a245ce7fe4d8ea167164025,direct,octree_nfcount,flyby,7,1023,1023,1.538944006,0.4926080108,2.033312082,2.039468,1,0,-1,34153,29884,16,16,6943,23.23316825,17.13298086,512002,0,512002,34153
v1,e7bd16a8ad2be3cb1a245ce7fe4d8ea167164025,direct,octree_nfcount,flyby,7,1024,1024,1.21529603,0.3636159897,1.580160022,1.58678,1,0,-1,33849,29618,16,16,6814,23.00627996,17.28685259,512002,0,512002,33849
v1,e7bd16a8ad2be3cb1a245ce7fe4d8ea167164025,direct,octree_nfcount,flyby,7,1025,1025,1.59552002,0.4917440116,2.089472055,2.094946,1,0,-1,33985,29737,16,16,6871,23.10589501,17.21767495,512002,0,512002,33985
v1,e7bd16a8ad2be3cb1a245ce7fe4d8ea167164025,direct,octree_nfcount,flyby,7,1026,1026,1.571519971,0.4924480021,2.06556797,2.07121,1,0,-1,34361,30066,16,16,7048,23.44176146,17.02926894,512002,0,512002,34361
v1,e7bd16a8ad2be3cb1a245ce7fe4d8ea167164025,direct,octree_nfcount,flyby,7,1027,1027,1.202496052,0.3598400056,1.56358397,1.569276,1,0,-1,34065,29807,16,16,6934,23.26299191,17.17724025,512002,0,512002,34065
v1,e7bd16a8ad2be3cb1a245ce7fe4d8ea167164025,direct,octree_nfcount,flyby,7,1028,1028,1.528416038,0.3606399894,1.890272021,1.895734,1,0,-1,33969,29723,16,16,6922,23.28836255,17.22578475,512002,0,512002,33969
v1,e7bd16a8ad2be3cb1a245ce7fe4d8ea167164025,direct,octree_nfcount,flyby,7,1029,1029,1.546208024,0.4865919948,2.034015894,2.040744,1,0,-1,34129,29863,16,16,7010,23.47386398,17.14502897,512002,0,512002,34129
v1,e7bd16a8ad2be3cb1a245ce7fe4d8ea167164025,direct,octree_nfcount,flyby,7,1030,1030,1.222751975,0.3587200046,1.582687974,1.588043,1,0,-1,33897,29660,16,16,6943,23.40863115,17.26237357,512002,0,512002,33897
v1,e7bd16a8ad2be3cb1a245ce7fe4d8ea167164025,direct,octree_nfcount,flyby,7,1031,1031,1.556959987,0.4852159917,2.043776035,2.048989,1,0,-1,34033,29779,16,16,6973,23.41582995,17.19339132,512002,0,512002,34033
v1,e7bd16a8ad2be3cb1a245ce7fe4d8ea167164025,direct,octree_nfcount,flyby,7,1032,1032,1.51731205,0.4847680032,2.004159927,2.009265,1,0,-1,34185,29912,16,16,7120,23.80315592,17.11694303,512002,0,512002,34185
v1,e7bd16a8ad2be3cb1a245ce7fe4d8ea167164025,direct,octree_nfcount,flyby,7,1033,1033,1.208832026,0.3519679904,1.562144041,1.567518,1,0,-1,34049,29793,16,16,6939,23.29070587,17.18531199,512002,0,512002,34049
v1,e7bd16a8ad2be3cb1a245ce7fe4d8ea167164025,direct,octree_nfcount,flyby,7,1034,1034,1.571167946,0.3535040021,1.92592001,1.931066,1,0,-1,34001,29751,16,16,6954,23.37400424,17.20957279,512002,0,512002,34001
v1,e7bd16a8ad2be3cb1a245ce7fe4d8ea167164025,direct,octree_nfcount,flyby,7,1035,1035,1.561344028,0.4926080108,2.055552006,2.062354,1,0,-1,34257,29975,16,16,7072,23.59299416,17.08096747,512002,0,512002,34257
v1,e7bd16a8ad2be3cb1a245ce7fe4d8ea167164025,direct,octree_nfcount,flyby,7,1036,1036,1.208832026,0.3634879887,1.573536038,1.580769,1,0,-1,33977,29730,16,16,6992,23.51833165,17.22172889,512002,0,512002,33977
v1,e7bd16a8ad2be3cb1a245ce7fe4d8ea167164025,direct,octree_nfcount,flyby,7,1037,1037,1.566687942,0.494336009,2.062207937,2.069286,1,0,-1,33993,29744,16,16,6965,23.41648736,17.21362292,512002,0,512002,33993
v1,e7bd16a8ad2be3cb1a245ce7fe4d8ea167164025,direct,octree_nfcount,flyby,7,1038,1038,1.560703993,0.4926719964,2.055007935,2.061615,1,0,-1,34145,29877,16,16,7086,23.71724069,17.13699501,512002,0,512002,34145
v1,e7bd16a8ad2be3cb1a245ce7fe4d8ea167164025,direct,octree_nfcount,flyby,7,1039,1039,1.223423958,0.3648639917,1.589599967,1.597044,1,0,-1,33953,29709,16,16,6871,23.12767175,17.23390218,512002,0,512002,33953
v1,e7bd16a8ad2be3cb1a245ce7fe4d8ea167164025,direct,octree_nfcount,flyby,7,1040,1040,1.532544017,0.4934079945,2.027168036,2.033643,1,0,-1,34041,29786,16,16,6944,23.31296582,17.1893507,512002,0,512002,34041
v1,e7bd16a8ad2be3cb1a245ce7fe4d8ea167164025,direct,octree_nfcount,flyby,7,1041,1041,1.573536038,0.4906240106,2.065727949,2.072321,1,0,-1,34209,29933,16,16,7021,23.45571777,17.10493435,512002,0,512002,34209
v1,e7bd16a8ad2be3cb1a245ce7fe4d8ea167164025,direct,octree_nfcount,flyby,7,1042,1042,1.227839947,0.3644480109,1.593503952,1.601113,1,0,-1,33825,29597,16,16,6884,23.2591141,17.29911815,512002,0,512002,33825
v1,e7bd16a8ad2be3cb1a245ce7fe4d8ea167164025,direct,octree_nfcount,flyby,7,1043,1043,1.547904015,0.4948480129,2.045023918,2.052095,1,0,-1,34217,29940,16,16,7018,23.44021376,17.1009352,512002,0,512002,34217
v1,e7bd16a8ad2be3cb1a245ce7fe4d8ea167164025,direct,octree_nfcount,flyby,7,1044,1044,1.565472007,0.4947200119,2.061791897,2.068503,1,0,-1,34305,30017,16,16,7130,23.75320652,17.05706766,512002,0,512002,34305
v1,e7bd16a8ad2be3cb1a245ce7fe4d8ea167164025,direct,octree_nfcount,flyby,7,1045,1045,1.220960021,0.3616960049,1.583904028,1.5918,1,0,-1,33977,29730,16,16,6994,23.52505886,17.22172889,512002,0,512002,33977
v1,e7bd16a8ad2be3cb1a245ce7fe4d8ea167164025,direct,octree_nfcount,flyby,7,1046,1046,1.513535976,0.4926080108,2.008352041,2.014548,1,0,-1,34049,29793,16,16,6999,23.49209546,17.18531199,512002,0,512002,34049
v1,e7bd16a8ad2be3cb1a245ce7fe4d8ea167164025,direct,octree_nfcount,flyby,7,1047,1047,1.548768044,0.4955199957,2.045919895,2.054562,1,0,-1,34185,29912,16,16,7124,23.81652848,17.11694303,512002,0,512002,34185
v1,e7bd16a8ad2be3cb1a245ce7fe4d8ea167164025,direct,octree_nfcount,flyby,7,1048,1048,1.234784007,0.3637439907,1.59977603,1.607001,1,0,-1,34089,29828,16,16,6911,23.16950516,17.16514684,512002,0,512002,34089
v1,e7bd16a8ad2be3cb1a245ce7fe4d8ea167164025,direct,octree_nfcount,flyby,7,1049,1049,1.572703958,0.4979200065,2.072351933,2.07954,1,0,-1,34161,29891,16,16,7008,23.44518417,17.12896859,512002,0,512002,34161
v1,e7bd16a8ad2be3cb1a245ce7fe4d8ea167164025,direct,octree_nfcount,flyby,7,1050,1050,1.549407959,0.4904319942,2.04214406,2.049071,1,0,-1,34281,29996,16,16,7051,23.50646753,17.0690092,512002,0,512002,34281
v1,e7bd16a8ad2be3cb1a245ce7fe4d8ea167164025,direct,octree_nfcount,flyby,7,1051,1051,1.234624028,0.3684160113,1.604287982,1.612295,1,0,-1,34105,29842,16,16,6876,23.04135112,17.15709403,512002,0,512002,34105
v1,e7bd16a8ad2be3cb1a245ce7fe4d8ea167164025,direct,octree_nfcount,flyby,7,1052,1052,1.548799992,0.3648000062,1.914816022,1.92215,1,0,-1,34073,29814,16,16,6940,23.27765479,17.17320722,512002,0,512002,34073
v1,e7bd16a8ad2be3cb1a245ce7fe4d8ea167164025,direct,octree_nfcount,flyby,7,1053,1053,1.632735968,0.4938560128,2.128799915,2.135641,1,0,-1,34321,30031,16,16,7064,23.52236023,17.04911591,512002,0,512002,34321
v1,e7bd16a8ad2be3cb1a245ce7fe4d8ea167164025,direct,octree_nfcount,flyby,7,1054,1054,1.239135981,0.3666560054,1.60700798,1.614354,1,0,-1,34249,29968,16,16,6947,23.18139349,17.08495729,512002,0,512002,34249
v1,e7bd16a8ad2be3cb1a245ce7fe4d8ea167164025,direct,octree_nfcount,flyby,7,1055,1055,1.548607945,0.3646399975,1.914528012,1.921889,1,0,-1,34089,29828,16,16,7012,23.50811318,17.16514684,512002,0,512002,34089
v1,e7bd16a8ad2be3cb1a245ce7fe4d8ea167164025,direct,octree_nfcount,flyby,7,1056,1056,1.649343967,0.4946880043,2.145632029,2.153452,1,0,-1,34241,29961,16,16,7131,23.80094122,17.08894897,512002,0,512002,34241
v1,e7bd16a8ad2be3cb1a245ce7fe4d8ea167164025,direct,octree_nfcount,flyby,7,1057,1057,1.217792034,0.3647040129,1.583711982,1.591205,1,0,-1,34129,29863,16,16,6907,23.12895556,17.14502897,512002,0,512002,34129
v1,e7bd16a8ad2be3cb1a245ce7fe4d8ea167164025,direct,octree_nfcount,flyby,7,1058,1058,1.53263998,0.4940479994,2.028032064,2.035312,1,0,-1,34281,29996,16,16,7132,23.77650353,17.0690092,512002,0,512002,34281
v1,e7bd16a8ad2be3cb1a245ce7fe4d8ea167164025,direct,octree_nfcount,flyby,7,1059,1059,1.582944036,0.4952639937,2.080447912,2.087543,1,0,-1,34289,30003,16,16,7140,23.79762024,17.06502683,512002,0,512002,34289
v1,e7bd16a8ad2be3cb1a245ce7fe4d8ea167164025,direct,octree_nfcount,flyby,7,1060,1060,1.218207955,0.3709119856,1.590335965,1.598551,1,0,-1,33921,29681,16,16,6887,23.20339611,17.25016004,512002,0,512002,33921
v1,e7bd16a8ad2be3cb1a245ce7fe4d8ea167164025,direct,octree_nfcount,flyby,7,1061,1061,1.570464015,0.5009599924,2.073024035,2.080969,1,0,-1,34185,29912,16,16,6982,23.34180262,17.11694303,512002,0,512002,34185
v1,e7bd16a8ad2be3cb1a245ce7fe4d8ea167164025,direct,octree_nfcount,flyby,7,1062,1062,1.56159997,0.4948480129,2.05804801,2.063858,1,0,-1,34209,29933,16,16,7054,23.56596399,17.10493435,512002,0,512002,34209
v1,e7bd16a8ad2be3cb1a245ce7fe4d8ea167164025,direct,octree_nfcount,flyby,7,1063,1063,1.224128008,0.3636800051,1.589087963,1.596036,1,0,-1,34001,29751,16,16,6874,23.10510571,17.20957279,512002,0,512002,34001
v1,e7bd16a8ad2be3cb1a245ce7fe4d8ea167164025,direct,octree_nfcount,flyby,7,1064,1064,1.528864026,0.4949119985,2.02624011,2.033563,1,0,-1,34209,29933,16,16,6996,23.37219791,17.10493435,512002,0,512002,34209
v1,e7bd16a8ad2be3cb1a245ce7fe4d8ea167164025,direct,octree_nfcount,flyby,7,1065,1065,1.58259201,0.4918079972,2.076672077,2.081532,1,0,-1,34281,29996,16,16,7023,23.41312175,17.0690092,512002,0,512002,34281
v1,e7bd16a8ad2be3cb1a245ce7fe4d8ea167164025,direct,octree_nfcount,flyby,7,1066,1066,1.216959953,0.3624640107,1.580639958,1.586104,1,0,-1,34169,29898,16,16,6827,22.8343033,17.12495819,512002,0,512002,34169
v1,e7bd16a8ad2be3cb1a245ce7fe4d8ea167164025,direct,octree_nfcount,flyby,7,1067,1067,1.550591946,0.4947519898,2.047647953,2.055253,1,0,-1,34225,29947,16,16,6921,23.11082913,17.09693792,512002,0,512002,34225
v1,e7bd16a8ad2be3cb1a245ce7fe4d8ea167164025,direct,octree_nfcount,flyby,7,1068,1068,1.614752054,0.4966720045,2.113663912,2.120742,1,0,-1,34313,30024,16,16,7011,23.35131894,17.05309086,512002,0,512002,34313
v1,e7bd16a8ad2be3cb1a245ce7fe4d8ea167164025,direct,octree_nfcount,flyby,7,1069,1069,1.217120051,0.3596479893,1.578016043,1.584241,1,0,-1,33953,29709,16,16,6804,22.90215086,17.23390218,512002,0,512002,33953
v1,e7bd16a8ad2be3cb1a245ce7fe4d8ea167164025,direct,octree_nfcount,flyby,7,1070,1070,1.513728023,0.4947519898,2.010080099,2.01713,1,0,-1,34217,29940,16,16,6890,23.01269205,17.1009352,512002,0,512002,34217
v1,e7bd16a8ad2be3cb1a245ce7fe4d8ea167164025,direct,octree_nfcount,flyby,7,1071,1071,1.600512028,0.4968320131,2.098975897,2.106445,1,0,-1,34249,29968,16,16,6982,23.29818473,17.08495729,512002,0,512002,34249
v1,e7bd16a8ad2be3cb1a245ce7fe4d8ea167164025,direct,octree_nfcount,flyby,7,1072,1072,1.202751994,0.3626239896,1.566591978,1.573065,1,0,-1,34009,29758,16,16,6746,22.66953424,17.20552456,512002,0,512002,34009
v1,e7bd16a8ad2be3cb1a245ce7fe4d8ea167164025,direct,octree_nfcount,flyby,7,1073,1073,1.549471974,0.3645440042,1.915231943,1.922561,1,0,-1,33929,29688,16,16,6758,22.76340609,17.2460927,512002,0,512002,33929
v1,e7bd16a8ad2be3cb1a245ce7fe4d8ea167164025,direct,octree_nfcount,flyby,7,1074,1074,1.540896058,0.4942719936,2.036416054,2.043319,1,0,-1,34025,29772,16,16,6855,23.02498992,17.19743383,512002,0,512002,34025
v1,e7bd16a8ad2be3cb1a245ce7fe4d8ea167164025,direct,octree_nfcount,flyby,7,1075,1075,1.21132803,0.3648320138,1.577407956,1.584116,1,0,-1,33817,29590,16,16,6666,22.52788104,17.30321054,512002,0,512002,33817
v1,e7bd16a8ad2be3cb1a245ce7fe4d8ea167164025,direct,octree_nfcount,flyby,7,1076,1076,1.571488023,0.4927679896,2.06585598,2.072101,1,0,-1,33905,29667,16,16,6773,22.83008056,17.25830047,512002,0,512002,33905
v1,e7bd16a8ad2be3cb1a245ce7fe4d8ea167164025,direct,octree_nfcount,flyby,7,1077,1077,1.561247945,0.4905920029,2.053440094,2.060437,1,0,-1,33913,29674,16,16,6835,23.03363214,17.25422929,512002,0,512002,33913
v1,e7bd16a8ad2be3cb1a245ce7fe4d8ea167164025,direct,octree_nfcount,flyby,7,1078,1078,1.225631952,0.3616639972,1.588544011,1.595563,1,0,-1,33857,29625,16,16,6713,22.65991561,17.28276793,512002,0,512002,33857
v1,e7bd16a8ad2be3cb1a245ce7fe4d8ea167164025,direct,octree_nfcount,flyby,7,1079,1079,1.520768046,0.3674240112,1.88943994,1.896758,1,0,-1,33665,29457,16,16,6771,22.98604746,17.38133551,512002,0,512002,33665
v1,e7bd16a8ad2be3cb1a245ce7fe4d8ea167164025,direct,octree_nfcount,flyby,7,1080,1080,1.537919998,0.4957439899,2.035264015,2.042533,1,0,-1,33841,29611,16,16,6851,23.13667218,17.29093918,512002,0,512002,33841
v1,e7bd16a8ad2be3cb1a245ce7fe4d8ea167164025,direct,octree_nfcount,flyby,7,1081,1081,1.215711951,0.3657279909,1.582720041,1.590211,1,0,-1,33657,29450,16,16,6679,22.67911715,17.38546689,512002,0,512002,33657
v1,e7bd16a8ad2be3cb1a245ce7fe4d8ea167164025,direct,octree_nfcount,flyby,7,1082,1082,1.535647988,0.3688000143,1.905823946,1.913345,1,0,-1,33593,29394,16,16,6727,22.88562292,17.41858883,512002,0,512002,33593
v1,e7bd16a8ad2be3cb1a245ce7fe4d8ea167164025,direct,octree_nfcount,flyby,7,1083,1083,1.539551973,0.4955520034,2.036704063,2.045127,1,0,-1,33921,29681,16,16,6889,23.21013443,17.25016004,512002,0,512002,33921
v1,e7bd16a8ad2be3cb1a245ce7fe4d8ea167164025,direct,octree_nfcount,flyby,7,1084,1084,1.208639979,0.3696320057,1.579488039,1.587342,1,0,-1,33761,29541,16,16,6672,22.58555905,17.33191158,512002,0,512002,33761
v1,e7bd16a8ad2be3cb1a245ce7fe4d8ea167164025,direct,octree_nfcount,flyby,7,1085,1085,1.53974402,0.4955840111,2.037535906,2.04506,1,0,-1,33865,29632,16,16,6743,22.75580454,17.27868521,512002,0,512002,33865
v1,e7bd16a8ad2be3cb1a245ce7fe4d8ea167164025,direct,octree_nfcount,flyby,7,1086,1086,1.575199962,0.4967040122,2.073535919,2.08082,1,0,-1,34001,29751,16,16,6802,22.86309704,17.20957279,512002,0,512002,34001
v1,e7bd16a8ad2be3cb1a245ce7fe4d8ea167164025,direct,octree_nfcount,flyby,7,1087,1087,1.224704027,0.370976001,1.596896052,1.605031,1,0,-1,33881,29646,16,16,6669,22.49544627,17.27052553,512002,0,512002,33881
v1,e7bd16a8ad2be3cb1a245ce7fe4d8ea167164025,direct,octree_nfcount,flyby,7,1088,1088,1.539360046,0.3668799996,1.907487988,1.913643,1,0,-1,33841,29611,16,16,6703,22.63685792,17.29093918,512002,0,512002,33841
v1,e7bd16a8ad2be3cb1a245ce7fe4d8ea167164025,direct,octree_nfcount,flyby,7,1089,1089,1.568480015,0.4938560128,2.063935995,2.071522,1,0,-1,34001,29751,16,16,6754,22.70175792,17.20957279,512002,0,512002,34001
v1,e7bd16a8ad2be3cb1a245ce7fe4d8ea167164025,direct,octree_nfcount,flyby,7,1090,1090,1.230880022,0.4939199984,1.726400018,1.733509,1,0,-1,34017,29765,16,16,6687,22.46598354,17.20147825,512002,0,512002,34017
v1,e7bd16a8ad2be3cb1a245ce7fe4d8ea167164025,direct,octree_nfcount,flyby,7,1091,1091,1.536000013,0.3677760065,1.904991984,1.913121,1,0,-1,33801,29576,16,16,6703,22.6636462,17.31140114,512002,0,512002,33801
v1,e7bd16a8ad2be3cb1a245ce7fe4d8ea167164025,direct,octree_nfcount,flyby,7,1092,1092,1.601600051,0.4956479967,2.099456072,2.106919,1,0,-1,33929,29688,16,16,6717,22.62530315,17.2460927,512002,0,512002,33929
v1,e7bd16a8ad2be3cb1a245ce7fe4d8ea167164025,direct,octree_nfcount,flyby,7,1093,1093,1.219424009,0.3655039966,1.586176038,1.59294,1,0,-1,33897,29660,16,16,6620,22.31962239,17.26237357,512002,0,512002,33897
v1,e7bd16a8ad2be3cb1a245ce7fe4d8ea167164025,direct,octree_nfcount,flyby,7,1094,1094,1.535104036,0.4947839975,2.03151989,2.038462,1,0,-1,34017,29765,16,16,6735,22.62724677,17.20147825,512002,0,512002,34017
v1,e7bd16a8ad2be3cb1a245ce7fe4d8ea167164025,direct,octree_nfcount,flyby,7,1095,1095,1.555104017,0.4960640073,2.053344011,2.061323,1,0,-1,34137,29870,16,16,6850,22.9327084,17.14101105,512002,0,512002,34137
v1,e7bd16a8ad2be3cb1a245ce7fe4d8ea167164025,direct,octree_nfcount,flyby,7,1096,1096,1.217183948,0.3684799969,1.586912036,1.594642,1,0,-1,33865,29632,16,16,6668,22.50269978,17.27868521,512002,0,512002,33865
v1,e7bd16a8ad2be3cb1a245ce7fe4d8ea167164025,direct,octree_nfcount,flyby,7,1097,1097,1.536640048,0.4944320023,2.033823967,2.039603,1,0,-1,34097,29835,16,16,6889,23.09033015,17.16111949,512002,0,512002,34097
v1,e7bd16a8ad2be3cb1a245ce7fe4d8ea167164025,direct,octree_nfcount,flyby,7,1098,1098,1.579807997,0.4966399968,2.078655958,2.085798,1,0,-1,34153,29884,16,16,6924,23.16958908,17.13298086,512002,0,512002,34153
v1,e7bd16a8ad2be3cb1a245ce7fe4d8ea167164025,direct,octree_nfcount,flyby,7,1099,1099,1.235936046,0.3697920144,1.606943965,1.614665,1,0,-1,34033,29779,16,16,6770,22.73414151,17.19339132,512002,0,512002,34033
v1,e7bd16a8ad2be3cb1a245ce7fe4d8ea167164025,direct,octree_nfcount,flyby,7,1100,1100,1.597056031,0.4976960123,2.096992016,2.10391,1,0,-1,34209,29933,16,16,6856,22.90448669,17.10493435,512002,0,512002,34209
v1,e7bd16a8ad2be3cb1a245ce7fe4d8ea167164025,direct,octree_nfcount,flyby,7,1101,1101,1.591328025,0.4946559966,2.088223934,2.095724,1,0,-1,34265,29982,16,16,6885,22.96377827,17.07697952,512002,0,512002,34265
v1,e7bd16a8ad2be3cb1a245ce7fe4d8ea167164025,direct,octree_nfcount,flyby,7,1102,1102,1.217344046,0.3678080142,1.586367965,1.59248,1,0,-1,33993,29744,16,16,6724,22.60623991,17.21362292,512002,0,512002,33993
v1,e7bd16a8ad2be3cb1a245ce7fe4d8ea167164025,direct,octree_nfcount,flyby,7,1103,1103,1.529216051,0.3635520041,1.89398396,1.900979,1,0,-1,33993,29744,16,16,6914,23.24502421,17.21362292,512002,0,512002,33993
v1,e7bd16a8ad2be3cb1a245ce7fe4d8ea167164025,direct,octree_nfcount,flyby,7,1104,1104,1.509024024,0.4928959906,2.004287958,2.010966,1,0,-1,34081,29821,16,16,6981,23.40967774,17.16917608,512002,0,512002,34081
v1,e7bd16a8ad2be3cb1a245ce7fe4d8ea167164025,direct,octree_nfcount,flyby,7,1105,1105,1.21756804,0.4923839867,1.712159991,1.718958,1,0,-1,34113,29849,16,16,6859,22.97899427,17.15307045,512002,0,512002,34113
v1,e7bd16a8ad2be3cb1a245ce7fe4d8ea167164025,direct,octree_nfcount,flyby,7,1106,1106,1.523327947,0.4936000109,2.019104004,2.026595,1,0,-1,34305,30017,16,16,6935,23.10357464,17.05706766,512002,0,512002,34305
v1,e7bd16a8ad2be3cb1a245ce7fe4d8ea167164025,direct,octree_nfcount,flyby,7,1107,1107,1.57167995,0.4958080053,2.069535971,2.077084,1,0,-1,34497,30185,16,16,7048,23.3493457,16.96213351,512002,0,512002,34497
v1,e7bd16a8ad2be3cb1a245ce7fe4d8ea167164025,direct,octree_nfcount,flyby,7,1108,1108,1.234048009,0.3659200072,1.601215959,1.608278,1,0,-1,34345,30052,16,16,6936,23.07999468,17.03720218,512002,0,512002,34345
v1,e7bd16a8ad2be3cb1a245ce7fe4d8ea167164025,direct,octree_nfcount,flyby,7,1109,1109,1.557024002,0.4959360063,2.054687977,2.062312,1,0,-1,34457,30150,16,16,7050,23.38308458,16.98182421,512002,0,512002,34457
v1,e7bd16a8ad2be3cb1a245ce7fe4d8ea167164025,direct,octree_nfcount,flyby,7,1110,1110,1.55961597,0.3665280044,1.927360058,1.934522,1,0,-1,34377,30080,16,16,7053,23.4474734,17.02134309,512002,0,512002,34377
v1,e7bd16a8ad2be3cb1a245ce7fe4d8ea167164025,direct,octree_nfcount,flyby,7,1111,1111,1.224895954,0.3698239923,1.595968008,1.60361,1,0,-1,34153,29884,16,16,6849,22.91861866,17.13298086,512002,0,512002,34153
v1,e7bd16a8ad2be3cb1a245ce7fe4d8ea167164025,direct,octree_nfcount,flyby,7,1112,1112,1.583359957,0.4949119985,2.079904079,2.087119,1,0,-1,34273,29989,16,16,6946,23.161826,17.07299343,512002,0,512002,34273
v1,e7bd16a8ad2be3cb1a245ce7fe4d8ea167164025,direct,octree_nfcount,flyby,7,1113,1113,1.613664031,0.4974080026,2.112704039,2.120442,1,0,-1,34345,30052,16,16,6996,23.27964861,17.03720218,512002,0,512002,34345
v1,e7bd16a8ad2be3cb1a245ce7fe4d8ea167164025,direct,octree_nfcount,flyby,7,1114,1114,1.224992037,0.3674879968,1.593791962,1.600896,1,0,-1,34337,30045,16,16,6887,22.92228324,17.04117158,512002,0,512002,34337
v1,e7bd16a8ad2be3cb1a245ce7fe4d8ea167164025,direct,octree_nfcount,flyby,7,1115,1115,1.528831959,0.4948160052,2.025952101,2.033678,1,0,-1,34393,30094,16,16,6920,22.99461687,17.0134246,512002,0,512002,34393
v1,e7bd16a8ad2be3cb1a245ce7fe4d8ea167164025,direct,octree_nfcount,flyby,7,1116,1116,1.562047958,0.4949119985,2.058559895,2.065584,1,0,-1,34401,30101,16,16,7064,23.46765888,17.00946812,512002,0,512002,34401
v1,e7bd16a8ad2be3cb1a245ce7fe4d8ea167164025,direct,octree_nfcount,flyby,7,1117,1117,1.231135964,0.3645119965,1.596863985,1.602769,1,0,-1,34385,30087,16,16,7029,23.36224948,17.01738292,512002,0,512002,34385
v1,e7bd16a8ad2be3cb1a245ce7fe4d8ea167164025,direct,octree_nfcount,flyby,7,1118,1118,1.564671993,0.3707520068,1.936640024,1.94388,1,0,-1,34329,30038,16,16,6968,23.19728344,17.04514282,512002,0,512002,34329
v1,e7bd16a8ad2be3cb1a245ce7fe4d8ea167164025,direct,octree_nfcount,flyby,7,1119,1119,1.657407999,0.4966399968,2.155647993,2.16299,1,0,-1,34561,30241,16,16,7104,23.49128666,16.93072319,512002,0,512002,34561
v1,e7bd16a8ad2be3cb1a245ce7fe4d8ea167164025,direct,octree_nfcount,flyby,7,1120,1120,1.232607961,0.3635840118,1.597440004,1.604741,1,0,-1,34289,30003,16,16,6884,22.94437223,17.06502683,512002,0,512002,34289
v1,e7bd16a8ad2be3cb1a245ce7fe4d8ea167164025,direct,octree_nfcount,flyby,7,1121,1121,1.540832043,0.4938879907,2.036319971,2.043485,1,0,-1,34409,30108,16,16,6931,23.02045968,17.00551348,512002,0,512002,34409
v1,e7bd16a8ad2be3cb1a245ce7fe4d8ea167164025,direct,octree_nfcount,flyby,7,1122,1122,1.590368032,0.4969280064,2.088896036,2.096367,1,0,-1,34601,30276,16,16,7094,23.43110054,16.91115075,512002,0,512002,34601
v1,e7bd16a8ad2be3cb1a245ce7fe4d8ea167164025,direct,octree_nfcount,flyby,7,1123,1123,1.233791947,0.3655999899,1.600640059,1.607961,1,0,-1,34257,29975,16,16,6899,23.01584654,17.08096747,512002,0,512002,34257
v1,e7bd16a8ad2be3cb1a245ce7fe4d8ea167164025,direct,octree_nfcount,flyby,7,1124,1124,1.51900804,0.4975999892,2.018847942,2.026249,1,0,-1,34297,30010,16,16,6902,22.99900033,17.06104632,512002,0,512002,34297
v1,e7bd16a8ad2be3cb1a245ce7fe4d8ea167164025,direct,octree_nfcount,flyby,7,1125,1125,1.600800037,0.499871999,2.102272034,2.110146,1,0,-1,34553,30234,16,16,7036,23.27181319,16.93464312,512002,0,512002,34553
v1,e7bd16a8ad2be3cb1a245ce7fe4d8ea167164025,direct,octree_nfcount,flyby,7,1126,1126,1.247359991,0.3667519987,1.615327954,1.62347,1,0,-1,34289,30003,16,16,6878,22.92437423,17.06502683,512002,0,512002,34289
v1,e7bd16a8ad2be3cb1a245ce7fe4d8ea167164025,direct,octree_nfcount,flyby,7,1127,1127,1.569344044,0.362688005,1.933248043,1.940729,1,0,-1,34249,29968,16,16,6912,23.06460224,17.08495729,512002,0,512002,34249
v1,e7bd16a8ad2be3cb1a245ce7fe4d8ea167164025,direct,octree_nfcount,flyby,7,1128,1128,1.574368,0.4987840056,2.075520039,2.082797,1,0,-1,34425,30122,16,16,7035,23.35502291,16.99760972,512002,0,512002,34425
v1,e7bd16a8ad2be3cb1a245ce7fe4d8ea167164025,direct,octree_nfcount,flyby,7,1129,1129,1.249663949,0.4977279902,1.749600053,1.757455,1,0,-1,34433,30129,16,16,6962,23.10730525,16.99366059,512002,0,512002,34433
v1,e7bd16a8ad2be3cb1a245ce7fe4d8ea167164025,direct,octree_nfcount,flyby,7,1130,1130,1.572703958,0.3666560054,1.940608025,1.947969,1,0,-1,34329,30038,16,16,6968,23.19728344,17.04514282,512002,0,512002,34329
v1,e7bd16a8ad2be3cb1a245ce7fe4d8ea167164025,direct,octree_nfcount,flyby,7,1131,1131,1.579743981,0.5039680004,2.085920095,2.093419,1,0,-1,34521,30206,16,16,7080,23.43905184,16.95034099,512002,0,512002,34521
v1,e7bd16a8ad2be3cb1a245ce7fe4d8ea167164025,direct,octree_nfcount,flyby,7,1132,1132,1.255903959,0.4989120066,1.756415963,1.763992,1,0,-1,34545,30227,16,16,7026,23.2441195,16.93856486,512002,0,512002,34545
v1,e7bd16a8ad2be3cb1a245ce7fe4d8ea167164025,direct,octree_nfcount,flyby,7,1133,1133,1.577855945,0.367839992,1.946975946,1.9545,1,0,-1,34241,29961,16,16,6942,23.17012116,17.08894897,512002,0,512002,34241
v1,e7bd16a8ad2be3cb1a245ce7fe4d8ea167164025,direct,octree_nfcount,flyby,7,1134,1134,1.546815991,0.4948480129,2.043296099,2.050119,1,0,-1,34377,30080,16,16,7111,23.64029255,17.02134309,512002,0,512002,34377
v1,e7bd16a8ad2be3cb1a245ce7fe4d8ea167164025,direct,octree_nfcount,flyby,7,1135,1135,1.23318398,0.3678080142,1.602239966,1.610059,1,0,-1,34129,29863,16,16,6928,23.1992767,17.14502897,512002,0,512002,34129
v1,e7bd16a8ad2be3cb1a245ce7fe4d8ea167164025,direct,octree_nfcount,flyby,7,1136,1136,1.545439959,0.4938240051,2.041471958,2.048646,1,0,-1,34217,29940,16,16,6930,23.14629259,17.1009352,512002,0,512002,34217
v1,e7bd16a8ad2be3cb1a245ce7fe4d8ea167164025,direct,octree_nfcount,flyby,7,1137,1137,1.572000027,0.4946239889,2.068192005,2.075635,1,0,-1,34425,30122,16,16,7050,23.4048204,16.99760972,512002,0,512002,34425
v1,e7bd16a8ad2be3cb1a245ce7fe4d8ea167164025,direct,octree_nfcount,flyby,7,1138,1138,1.239807963,0.3648320138,1.605855942,1.613507,1,0,-1,34265,29982,16,16,6986,23.30064705,17.07697952,512002,0,512002,34265
v1,e7bd16a8ad2be3cb1a245ce7fe4d8ea167164025,direct,octree_nfcount,flyby,7,1139,1139,1.570304036,0.495840013,2.067744017,2.075541,1,0,-1,34289,30003,16,16,6961,23.20101323,17.06502683,512002,0,512002,34289
v1,e7bd16a8ad2be3cb1a245ce7fe4d8ea167164025,direct,octree_nfcount,flyby,7,1140,1140,1.547168016,0.4978559911,2.046623945,2.054097,1,0,-1,34361,30066,16,16,7045,23.43178341,17.02926894,512002,0,512002,34361
v1,e7bd16a8ad2be3cb1a245ce7fe4d8ea167164025,direct,octree_nfcount,flyby,7,1141,1141,1.223968029,0.3673599958,1.592576027,1.600173,1,0,-1,34073,29814,16,16,6838,22.93553364,17.17320722,512002,0,512002,34073
v1,e7bd16a8ad2be3cb1a245ce7fe4d8ea167164025,direct,octree_nfcount,flyby,7,1142,1142,1.547520041,0.4944959879,2.043616056,2.050655,1,0,-1,34185,29912,16,16,6852,22.90719444,17.11694303,512002,0,512002,34185
v1,e7bd16a8ad2be3cb1a245ce7fe4d8ea167164025,direct,octree_nfcount,flyby,7,1143,1143,1.597120047,0.4923839867,2.091775894,2.097191,1,0,-1,34449,30143,16,16,7025,23.30557675,16.98576784,512002,0,512002,34449
v1,e7bd16a8ad2be3cb1a245ce7fe4d8ea167164025,direct,octree_nfcount,flyby,7,1144,1144,1.230399966,0.3635199964,1.595136046,1.60107,1,0,-1,34089,29828,16,16,6924,23.21308837,17.16514684,512002,0,512002,34089
v1,e7bd16a8ad2be3cb1a245ce7fe4d8ea167164025,direct,octree_nfcount,flyby,7,1145,1145,1.57692802,0.4897600114,2.068288088,2.074666,1,0,-1,34257,29975,16,16,6857,22.87572977,17.08096747,512002,0,512002,34257
v1,e7bd16a8ad2be3cb1a245ce7fe4d8ea167164025,direct,octree_nfcount,flyby,7,1146,1146,1.606176019,0.4908159971,2.098592043,2.103924,1,0,-1,34537,30220,16,16,6993,23.14030443,16.94248842,512002,0,512002,34537
v1,e7bd16a8ad2be3cb1a245ce7fe4d8ea167164025,direct,octree_nfcount,flyby,7,1147,1147,1.216384053,0.3669439852,1.584543943,1.592329,1,0,-1,34089,29828,16,16,6891,23.10245407,17.16514684,512002,0,512002,34089
v1,e7bd16a8ad2be3cb1a245ce7fe4d8ea167164025,direct,octree_nfcount,flyby,7,1148,1148,1.554880023,0.4979200065,2.054464102,2.061317,1,0,-1,34313,30024,16,16,6890,22.94830802,17.05309086,512002,0,512002,34313
v1,e7bd16a8ad2be3cb1a245ce7fe4d8ea167164025,direct,octree_nfcount,flyby,7,1149,1149,1.582272053,0.4988160133,2.082688093,2.090212,1,0,-1,34409,30108,16,16,7017,23.30609805,17.00551348,512002,0,512002,34409
v1,e7bd16a8ad2be3cb1a245ce7fe4d8ea167164025,direct,octree_nfcount,flyby,7,1150,1150,1.237920046,0.3688319921,1.60800004,1.615478,1,0,-1,34281,29996,16,16,6956,23.18975863,17.0690092,512002,0,512002,34281
v1,e7bd16a8ad2be3cb1a245ce7fe4d8ea167164025,direct,octree_nfcount,flyby,7,1151,1151,1.616479993,0.3708800077,1.988608003,1.996389,1,0,-1,34049,29793,16,16,6866,23.04568187,17.18531199,512002,0,512002,34049
v1,e7bd16a8ad2be3cb1a245ce7fe4d8ea167164025,direct,octree_nfcount,flyby,7,1152,1152,1.630048037,0.5007359982,2.132863998,2.14088,1,0,-1,34441,30136,16,16,6982,23.16830369,16.9897133,512002,0,512002,34441
v1,e7bd16a8ad2be3cb1a245ce7fe4d8ea167164025,direct,octree_nfcount,flyby,7,1153,1153,1.224735975,0.366719991,1.592704058,1.599732,1,0,-1,34321,30031,16,16,6939,23.10612367,17.04911591,512002,0,512002,34321
v1,e7bd16a8ad2be3cb1a245ce7fe4d8ea167164025,direct,octree_nfcount,flyby,7,1154,1154,1.584543943,0.3675839901,1.953376055,1.960932,1,0,-1,34217,29940,16,16,6806,22.73213093,17.1009352,512002,0,512002,34217
v1,e7bd16a8ad2be3cb1a245ce7fe4d8ea167164025,direct,octree_nfcount,flyby,7,1155,1155,1.568992019,0.4989440143,2.069152117,2.076566,1,0,-1,34265,29982,16,16,6983,23.29064105,17.07697952,512002,0,512002,34265
v1,e7bd16a8ad2be3cb1a245ce7fe4d8ea167164025,direct,octree_nfcount,flyby,7,1156,1156,1.238976002,0.3709119856,1.611104012,1.618666,1,0,-1,34129,29863,16,16,6882,23.04523993,17.14502897,512002,0,512002,34129
v1,e7bd16a8ad2be3cb1a245ce7fe4d8ea167164025,direct,octree_nfcount,flyby,7,1157,1157,1.580703974,0.4946239889,2.0769279,2.083083,1,0,-1,34161,29891,16,16,6835,22.86641464,17.12896859,512002,0,512002,34161
v1,e7bd16a8ad2be3cb1a245ce7fe4d8ea167164025,direct,octree_nfcount,flyby,7,1158,1158,1.545151949,0.4958719909,2.046528101,2.053199,1,0,-1,34361,30066,16,16,6911,22.98609725,17.02926894,512002,0,512002,34361
v1,e7bd16a8ad2be3cb1a245ce7fe4d8ea167164025,direct,octree_nfcount,flyby,7,1159,1159,1.241791964,0.3699199855,1.612959981,1.620863,1,0,-1,34105,29842,16,16,6875,23.03800013,17.15709403,512002,0,512002,34105
v1,e7bd16a8ad2be3cb1a245ce7fe4d8ea167164025,direct,octree_nfcount,flyby,7,1160,1160,1.561408043,0.4979520142,2.06159997,2.068816,1,0,-1,34265,29982,16,16,6918,23.07384431,17.07697952,512002,0,512002,34265
v1,e7bd16a8ad2be3cb1a245ce7fe4d8ea167164025,direct,octree_nfcount,flyby,7,1161,1161,1.513695955,0.366719991,1.881664038,1.888469,1,0,-1,34249,29968,16,16,6916,23.07794981,17.08495729,512002,0,512002,34249
v1,e7bd16a8ad2be3cb1a245ce7fe4d8ea167164025,direct,octree_nfcount,flyby,7,1162,1162,1.247200012,0.3688000143,1.617280006,1.624562,1,0,-1,34137,29870,16,16,6894,23.08001339,17.14101105,512002,0,512002,34137
v1,e7bd16a8ad2be3cb1a245ce7fe4d8ea167164025,direct,octree_nfcount,flyby,7,1163,1163,1.530464053,0.4949119985,2.027616024,2.033274,1,0,-1,34377,30080,16,16,6912,22.9787234,17.02134309,512002,0,512002,34377
v1,e7bd16a8ad2be3cb1a245ce7fe4d8ea167164025,direct,octree_nfcount,flyby,7,1164,1164,1.614688039,0.5020160079,2.118976116,2.125646,1,0,-1,34409,30108,16,16,6960,23.11677959,17.00551348,512002,0,512002,34409
v1,e7bd16a8ad2be3cb1a245ce7fe4d8ea167164025,direct,octree_nfcount,flyby,7,1165,1165,1.236768007,0.5601919889,1.798560023,1.805638,1,0,-1,34449,30143,16,16,7040,23.35533955,16.98576784,512002,0,512002,34449
v1,e7bd16a8ad2be3cb1a245ce7fe4d8ea167164025,direct,octree_nfcount,flyby,7,1166,1166,1.589663982,0.3626239896,1.953536034,1.959422,1,0,-1,34345,30052,16,16,6850,22.79382404,17.03720218,512002,0,512002,34345
v1,e7bd16a8ad2be3cb1a245ce7fe4d8ea167164025,direct,octree_nfcount,flyby,7,1167,1167,1.581599951,0.3677119911,1.950592041,1.957931,1,0,-1,34337,30045,16,16,6945,23.11532701,17.04117158,512002,0,512002,34337
v1,e7bd16a8ad2be3cb1a245ce7fe4d8ea167164025,direct,octree_nfcount,flyby,7,1168,1168,1.234464049,0.4949760139,1.731711984,1.737645,1,0,-1,34377,30080,16,16,7052,23.44414894,17.02134309,512002,0,512002,34377
v1,e7bd16a8ad2be3cb1a245ce7fe4d8ea167164025,direct,octree_nfcount,flyby,7,1169,1169,1.565760016,0.4972159863,2.064192057,2.071371,1,0,-1,34417,30115,16,16,6982,23.18445957,17.00156068,512002,0,512002,34417
v1,e7bd16a8ad2be3cb1a245ce7fe4d8ea167164025,direct,octree_nfcount,flyby,7,1170,1170,1.52256,0.4989759922,2.023744106,2.030851,1,0,-1,34513,30199,16,16,7020,23.24580284,16.95427001,512002,0,512002,34513
v1,e7bd16a8ad2be3cb1a245ce7fe4d8ea167164025,direct,octree_nfcount,flyby,7,1171,1171,1.23289597,0.3646079898,1.598847985,1.604776,1,0,-1,34401,30101,16,16,7064,23.46765888,17.00946812,512002,0,512002,34401
v1,e7bd16a8ad2be3cb1a245ce7fe4d8ea167164025,direct,octree_nfcount,flyby,7,1172,1172,1.55123198,0.4997760057,2.052576065,2.060016,1,0,-1,34505,30192,16,16,6981,23.12201908,16.95820085,512002,0,512002,34505
v1,e7bd16a8ad2be3cb1a245ce7fe4d8ea167164025,direct,octree_nfcount,flyby,7,1173,1173,1.535328031,0.3719359934,1.908511996,1.916208,1,0,-1,34441,30136,16,16,7050,23.39394744,16.9897133,512002,0,512002,34441
v1,e7bd16a8ad2be3cb1a245ce7fe4d8ea167164025,direct,octree_nfcount,flyby,7,1174,1174,1.246816039,0.3686400056,1.616703987,1.624284,1,0,-1,34321,30031,16,16,7094,23.622257,17.04911591,512002,0,512002,34321
v1,e7bd16a8ad2be3cb1a245ce7fe4d8ea167164025,direct,octree_nfcount,flyby,7,1175,1175,1.580767989,0.3689279854,1.950943947,1.95886,1,0,-1,34233,29954,16,16,6950,23.20224344,17.09294251,512002,0,512002,34233
v1,e7bd16a8ad2be3cb1a245ce7fe4d8ea167164025,direct,octree_nfcount,flyby,7,1176,1176,1.259168029,0.4975999892,1.75900805,1.766138,1,0,-1,34313,30024,16,16,6951,23.15147882,17.05309086,512002,0,512002,34313
v1,e7bd16a8ad2be3cb1a245ce7fe4d8ea167164025,direct,octree_nfcount,flyby,7,1177,1177,1.250048041,0.5010560155,1.752704024,1.760351,1,0,-1,34377,30080,16,16,7024,23.35106383,17.02134309,512002,0,512002,34377
v1,e7bd16a8ad2be3cb1a245ce7fe4d8ea167164025,direct,octree_nfcount,flyby,7,1178,1178,1.567039967,0.3710080087,1.939327955,1.947003,1,0,-1,34313,30024,16,16,6951,23.15147882,17.05309086,512002,0,512002,34313
v1,e7bd16a8ad2be3cb1a245ce7fe4d8ea167164025,direct,octree_nfcount,flyby,7,1179,1179,1.259104013,0.5,1.760735989,1.768107,1,0,-1,34377,30080,16,16,6929,23.03523936,17.02134309,512002,0,512002,34377
v1,e7bd16a8ad2be3cb1a245ce7fe4d8ea167164025,direct,octree_nfcount,flyby,7,1180,1180,1.559072018,0.4995839894,2.06089592,2.068962,1,0,-1,34465,30157,16,16,7032,23.31796929,16.97788242,512002,0,512002,34465
v1,e7bd16a8ad2be3cb1a245ce7fe4d8ea167164025,direct,octree_nfcount,flyby,7,1181,1181,1.634976029,0.3686720133,2.004928112,2.01258,1,0,-1,34185,29912,16,16,6950,23.23482214,17.11694303,512002,0,512002,34185
v1,e7bd16a8ad2be3cb1a245ce7fe4d8ea167164025,direct,octree_nfcount,flyby,7,1182,1182,1.234336019,0.3688639998,1.604480028,1.611646,1,0,-1,34161,29891,16,16,6903,23.09390787,17.12896859,512002,0,512002,34161
v1,e7bd16a8ad2be3cb1a245ce7fe4d8ea167164025,direct,octree_nfcount,flyby,7,1183,1183,1.513792038,0.4989759922,2.015136003,2.022573,1,0,-1,34409,30108,16,16,7017,23.30609805,17.00551348,512002,0,512002,34409
v1,e7bd16a8ad2be3cb1a245ce7fe4d8ea167164025,direct,octree_nfcount,flyby,7,1184,1184,1.554144025,0.367967993,1.923328042,1.930824,1,0,-1,34113,29849,16,16,6941,23.25371034,17.15307045,512002,0,512002,34113
v1,e7bd16a8ad2be3cb1a245ce7fe4d8ea167164025,direct,octree_nfcount,flyby,7,1185,1185,1.254624009,0.4977599978,1.753983974,1.761367,1,0,-1,34441,30136,16,16,6941,23.03225378,16.9897133,512002,0,512002,34441
v1,e7bd16a8ad2be3cb1a245ce7fe4d8ea167164025,direct,octree_nfcount,flyby,7,1186,1186,1.537152052,0.367839992,1.90633595,1.913393,1,0,-1,34345,30052,16,16,7019,23.35618262,17.03720218,512002,0,512002,34345
v1,e7bd16a8ad2be3cb1a245ce7fe4d8ea167164025,direct,octree_nfcount,flyby,7,1187,1187,1.553311944,0.4967679977,2.051743984,2.058671,1,0,-1,34361,30066,16,16,6947,23.10583383,17.02926894,512002,0,512002,34361
v1,e7bd16a8ad2be3cb1a245ce7fe4d8ea167164025,direct,octree_nfcount,flyby,7,1188,1188,1.259775996,0.3688319921,1.629824042,1.637224,1,0,-1,34361,30066,16,16,6954,23.12911594,17.02926894,512002,0,512002,34361
v1,e7bd16a8ad2be3cb1a245ce7fe4d8ea167164025,direct,octree_nfcount,flyby,7,1189,1189,1.529216051,0.4985919893,2.029407978,2.036811,1,0,-1,34617,30290,16,16,7106,23.45988775,16.90333443,512002,0,512002,34617
v1,e7bd16a8ad2be3cb1a245ce7fe4d8ea167164025,direct,octree_nfcount,flyby,7,1190,1190,1.644448042,0.3699519932,2.015647888,2.023411,1,0,-1,34449,30143,16,16,7021,23.29230667,16.98576784,512002,0,512002,34449
v1,e7bd16a8ad2be3cb1a245ce7fe4d8ea167164025,direct,octree_nfcount,flyby,7,1191,1191,1.239552021,0.5016959906,1.742815971,1.750648,1,0,-1,34489,30178,16,16,6944,23.01013984,16.966068,512002,0,512002,34489
v1,e7bd16a8ad2be3cb1a245ce7fe4d8ea167164025,direct,octree_nfcount,flyby,7,1192,1192,1.580639958,0.3700160086,1.951904058,1.959994,1,0,-1,34401,30101,16,16,7048,23.4145045,17.00946812,512002,0,512002,34401
v1,e7bd16a8ad2be3cb1a245ce7fe4d8ea167164025,direct,octree_nfcount,flyby,7,1193,1193,1.556640029,0.4989120066,2.057823896,2.065374,1,0,-1,34473,30164,16,16,6980,23.14016709,16.97394245,512002,0,512002,34473
v1,e7bd16a8ad2be3cb1a245ce7fe4d8ea167164025,direct,octree_nfcount,flyby,7,1194,1194,1.25574398,0.5019519925,1.759904027,1.767398,1,0,-1,34505,30192,16,16,6971,23.08889772,16.95820085,512002,0,512002,34505
v1,e7bd16a8ad2be3cb1a245ce7fe4d8ea167164025,direct,octree_nfcount,flyby,7,1195,1195,1.575103998,0.4996800125,2.077023983,2.084972,1,0,-1,34625,30297,16,16,7124,23.51387926,16.89942899,512002,0,512002,34625
v1,e7bd16a8ad2be3cb1a245ce7fe4d8ea167164025,direct,octree_nfcount,flyby,7,1196,1196,1.619840026,0.4968959987,2.118304014,2.125479,1,0,-1,34705,30367,16,16,7076,23.3016103,16.86047354,512002,0,512002,34705
v1,e7bd16a8ad2be3cb1a245ce7fe4d8ea167164025,direct,octree_nfcount,flyby,7,1197,1197,1.251680017,0.3684479892,1.62134397,1.628864,1,0,-1,34553,30234,16,16,7009,23.18250976,16.93464312,512002,0,512002,34553
v1,e7bd16a8ad2be3cb1a245ce7fe4d8ea167164025,direct,octree_nfcount,flyby,7,1198,1198,1.575359941,0.4962880015,2.073695898,2.080817,1,0,-1,34561,30241,16,16,7081,23.41523098,16.93072319,512002,0,512002,34561
v1,e7bd16a8ad2be3cb1a245ce7fe4d8ea167164025,direct,octree_nfcount,flyby,7,1199,1199,1.566112041,0.4924480021,2.060319901,2.066762,1,0,-1,34705,30367,16,16,7082,23.32136859,16.86047354,512002,0,512002,34705
v1,e7bd16a8ad2be3cb1a245ce7fe4d8ea167164025,direct,octree_nfcount,flyby,7,1200,1200,1.244992018,0.3679040074,1.614143968,1.621344,1,0,-1,34673,30339,16,16,6982,23.01328323,16.87603415,512002,0,512002,34673
