version,commit,path,config,dataset,run,snapshot,frame_id,tree_update_ms,view_ms,total_ms,wall_ms,attempts,maintenance_ms,iterations,num_nodes,num_leaves,max_depth,max_depth_octree_equiv,num_empty_leaves,empty_leaf_pct,avg_particles_per_leaf,particles_active,particles_escaped,particle_slots,lib_num_nodes
v1,e7bd16a8ad2be3cb1a245ce7fe4d8ea167164025,direct,octree_nfcount,flyby,6,0,0,nan,nan,nan,nan,0,0,-1,29073,25439,16,16,14723,57.87570266,20.12665592,512002,0,512002,29073
v1,e7bd16a8ad2be3cb1a245ce7fe4d8ea167164025,direct,octree_nfcount,flyby,6,1,1,0.6093440056,0.3626239896,0.9730240107,0.979473,1,0,-1,29049,25418,16,16,14715,57.89204501,20.14328429,512002,0,512002,29049
v1,e7bd16a8ad2be3cb1a245ce7fe4d8ea167164025,direct,octree_nfcount,flyby,6,2,2,0.638176024,0.8655679822,1.505344033,1.512141,1,0,-1,29081,25446,16,16,14722,57.85585161,20.12111923,512002,0,512002,29081
v1,e7bd16a8ad2be3cb1a245ce7fe4d8ea167164025,direct,octree_nfcount,flyby,6,3,3,0.6128000021,0.3483200073,0.9623360038,0.969762,1,0,-1,29033,25404,16,16,14705,57.8845851,20.15438514,512002,0,512002,29033
v1,e7bd16a8ad2be3cb1a245ce7fe4d8ea167164025,direct,octree_nfcount,flyby,6,4,4,0.6433600187,0.4829759896,1.127616048,1.134708,1,0,-1,29049,25418,16,16,14711,57.87630813,20.14328429,512002,0,512002,29049
v1,e7bd16a8ad2be3cb1a245ce7fe4d8ea167164025,direct,octree_nfcount,flyby,6,5,5,0.6113280058,0.3534719944,0.9660159945,0.974349,1,0,-1,29025,25397,16,16,14704,57.89660196,20.15994015,512002,0,512002,29025
v1,e7bd16a8ad2be3cb1a245ce7fe4d8ea167164025,direct,octree_nfcount,flyby,6,6,6,0.6387839913,0.4799999893,1.120000005,1.127462,1,0,-1,29049,25418,16,16,14685,57.77401841,20.14328429,512002,0,512002,29049
v1,e7bd16a8ad2be3cb1a245ce7fe4d8ea167164025,direct,octree_nfcount,flyby,6,7,7,0.6111360192,0.3549439907,0.9672960043,0.975424,1,0,-1,29025,25397,16,16,14601,57.49104225,20.15994015,512002,0,512002,29025
v1,e7bd16a8ad2be3cb1a245ce7fe4d8ea167164025,direct,octree_nfcount,flyby,6,8,8,0.6179199815,0.352384001,0.9715520144,0.979673,1,0,-1,28849,25243,16,16,14438,57.19605435,20.28292992,512002,0,512002,28849
v1,e7bd16a8ad2be3cb1a245ce7fe4d8ea167164025,direct,octree_nfcount,flyby,6,9,9,0.6410560012,0.4853760004,1.128640056,1.136878,1,0,-1,29009,25383,16,16,14527,57.23121774,20.17105937,512002,0,512002,29009
v1,e7bd16a8ad2be3cb1a245ce7fe4d8ea167164025,direct,octree_nfcount,flyby,6,10,10,0.7912639976,0.3489600122,1.141471982,1.147791,1,0,-1,28937,25320,16,16,14456,57.09320695,20.22124803,512002,0,512002,28937
v1,e7bd16a8ad2be3cb1a245ce7fe4d8ea167164025,direct,octree_nfcount,flyby,6,11,11,0.8283839822,0.3533439934,1.183104038,1.1907,1,0,-1,28913,25299,16,16,14433,57.04968576,20.23803312,512002,0,512002,28913
v1,e7bd16a8ad2be3cb1a245ce7fe4d8ea167164025,direct,octree_nfcount,flyby,6,12,12,1.068928003,0.4843200147,1.555456042,1.563668,1,0,-1,28985,25362,16,16,14421,56.86065768,20.18776122,512002,0,512002,28985
v1,e7bd16a8ad2be3cb1a245ce7fe4d8ea167164025,direct,octree_nfcount,flyby,6,13,13,1.271487951,0.4855360091,1.759199977,1.767572,1,0,-1,29089,25453,16,16,14412,56.62200919,20.11558559,512002,0,512002,29089
v1,e7bd16a8ad2be3cb1a245ce7fe4d8ea167164025,direct,octree_nfcount,flyby,6,14,14,1.290912032,0.4859839976,1.778112054,1.786084,1,0,-1,29129,25488,16,16,14357,56.3284683,20.08796296,512002,0,512002,29129
v1,e7bd16a8ad2be3cb1a245ce7fe4d8ea167164025,direct,octree_nfcount,flyby,6,15,15,1.064064026,0.4851199985,1.551424026,1.560261,1,0,-1,29321,25656,16,16,14376,56.03367633,19.95642345,512002,0,512002,29321
v1,e7bd16a8ad2be3cb1a245ce7fe4d8ea167164025,direct,octree_nfcount,flyby,6,16,16,1.308223963,0.4872640073,1.797536016,1.805352,1,0,-1,29601,25901,16,16,14499,55.97853365,19.76765376,512002,0,512002,29601
v1,e7bd16a8ad2be3cb1a245ce7fe4d8ea167164025,direct,octree_nfcount,flyby,6,17,17,1.657119989,0.3438720107,2.002239943,2.010117,1,0,-1,29577,25880,16,16,14303,55.26661515,19.78369397,512002,0,512002,29577
v1,e7bd16a8ad2be3cb1a245ce7fe4d8ea167164025,direct,octree_nfcount,flyby,6,18,18,1.381952047,0.4834240079,1.867616057,1.875258,1,0,-1,29849,26118,16,16,14303,54.7629987,19.60341527,512002,0,512002,29849
v1,e7bd16a8ad2be3cb1a245ce7fe4d8ea167164025,direct,octree_nfcount,flyby,6,19,19,1.352992058,0.4771519899,1.831936002,1.838432,1,0,-1,30129,26363,16,16,14308,54.27303418,19.42123431,512002,0,512002,30129
v1,e7bd16a8ad2be3cb1a245ce7fe4d8ea167164025,direct,octree_nfcount,flyby,6,20,20,1.126176,0.4791359901,1.607519984,1.615191,1,0,-1,30585,26762,16,16,14470,54.0692026,19.13167925,512002,0,512002,30585
v1,e7bd16a8ad2be3cb1a245ce7fe4d8ea167164025,direct,octree_nfcount,flyby,6,21,21,1.403103948,0.478271991,1.882976055,1.890717,1,0,-1,30849,26993,16,16,14391,53.3138221,18.96795465,512002,0,512002,30849
v1,e7bd16a8ad2be3cb1a245ce7fe4d8ea167164025,direct,octree_nfcount,flyby,6,22,22,1.377823949,0.4770559967,1.857151985,1.864865,1,0,-1,31241,27336,16,16,14391,52.64486392,18.72995318,512002,0,512002,31241
v1,e7bd16a8ad2be3cb1a245ce7fe4d8ea167164025,direct,octree_nfcount,flyby,6,23,23,1.375967979,0.3492160141,1.726431966,1.734234,1,0,-1,31241,27336,16,16,14193,51.92054434,18.72995318,512002,0,512002,31241
v1,e7bd16a8ad2be3cb1a245ce7fe4d8ea167164025,direct,octree_nfcount,flyby,6,24,24,1.107584,0.4763840139,1.585600019,1.592671,1,0,-1,31257,27350,16,16,14072,51.45155393,18.72036563,512002,0,512002,31257
v1,e7bd16a8ad2be3cb1a245ce7fe4d8ea167164025,direct,octree_nfcount,flyby,6,25,25,1.13171196,0.478399992,1.612319946,1.619845,1,0,-1,31505,27567,16,16,14187,51.46370661,18.57300395,512002,0,512002,31505
v1,e7bd16a8ad2be3cb1a245ce7fe4d8ea167164025,direct,octree_nfcount,flyby,6,26,26,1.398208022,0.3482879996,1.747712016,1.755928,1,0,-1,31393,27469,16,16,14198,51.68735666,18.63926608,512002,0,512002,31393
v1,e7bd16a8ad2be3cb1a245ce7fe4d8ea167164025,direct,octree_nfcount,flyby,6,27,27,1.194815993,0.4565120041,1.653728008,1.661385,1,0,-1,31273,27364,16,16,14002,51.16941968,18.7107879,512002,0,512002,31273
v1,e7bd16a8ad2be3cb1a245ce7fe4d8ea167164025,direct,octree_nfcount,flyby,6,28,28,1.61225605,0.4730240107,2.087359905,2.094609,1,0,-1,31473,27539,16,16,13863,50.3395185,18.59188787,512002,0,512002,31473
v1,e7bd16a8ad2be3cb1a245ce7fe4d8ea167164025,direct,octree_nfcount,flyby,6,29,29,1.558015943,0.4863680005,2.04598403,2.053336,1,0,-1,31969,27973,17,17,13894,49.66932399,18.30343546,512002,0,512002,31969
v1,e7bd16a8ad2be3cb1a245ce7fe4d8ea167164025,direct,octree_nfcount,flyby,6,30,30,1.617887974,0.4883520007,2.10870409,2.116366,1,0,-1,32329,28288,17,17,13987,49.44499434,18.09961821,512002,0,512002,32329
v1,e7bd16a8ad2be3cb1a245ce7fe4d8ea167164025,direct,octree_nfcount,flyby,6,31,31,1.674175978,0.3581439853,2.033535957,2.041648,1,0,-1,32073,28064,17,17,13691,48.78492018,18.24408495,512002,0,512002,32073
v1,e7bd16a8ad2be3cb1a245ce7fe4d8ea167164025,direct,octree_nfcount,flyby,6,32,32,1.551488042,0.3492799997,1.901983976,1.90938,1,0,-1,31585,27637,16,16,13533,48.96696458,18.52596157,512002,0,512002,31585
v1,e7bd16a8ad2be3cb1a245ce7fe4d8ea167164025,direct,octree_nfcount,flyby,6,33,33,1.890112042,0.3524160087,2.243776083,2.251913,1,0,-1,31377,27455,16,16,13379,48.73065015,18.64877072,512002,0,512002,31377
v1,e7bd16a8ad2be3cb1a245ce7fe4d8ea167164025,direct,octree_nfcount,flyby,6,34,34,1.660992026,0.4783360064,2.141535997,2.148914,1,0,-1,31801,27826,16,16,13509,48.54812046,18.40012938,512002,0,512002,31801
v1,e7bd16a8ad2be3cb1a245ce7fe4d8ea167164025,direct,octree_nfcount,flyby,6,35,35,1.592704058,0.3513920009,1.945312023,1.952815,1,0,-1,31713,27749,16,16,13285,47.87559912,18.45118743,512002,0,512002,31713
v1,e7bd16a8ad2be3cb1a245ce7fe4d8ea167164025,direct,octree_nfcount,flyby,6,36,36,1.681408048,0.4794239998,2.162431955,2.169737,1,0,-1,31929,27938,16,16,13469,48.21032286,18.32636552,512002,0,512002,31929
v1,e7bd16a8ad2be3cb1a245ce7fe4d8ea167164025,direct,octree_nfcount,flyby,6,37,37,1.742272019,0.4751999974,2.219680071,2.226265,1,0,-1,32065,28057,16,16,13442,47.90961257,18.2486367,512002,0,512002,32065
v1,e7bd16a8ad2be3cb1a245ce7fe4d8ea167164025,direct,octree_nfcount,flyby,6,38,38,1.678784013,0.3544000089,2.034399986,2.042489,1,0,-1,32025,28022,16,16,13083,46.68831632,18.27142959,512002,0,512002,32025
v1,e7bd16a8ad2be3cb1a245ce7fe4d8ea167164025,direct,octree_nfcount,flyby,6,39,39,1.90435195,0.4794239998,2.385375977,2.392685,1,0,-1,32185,28162,16,16,13146,46.6799233,18.18059797,512002,0,512002,32185
v1,e7bd16a8ad2be3cb1a245ce7fe4d8ea167164025,direct,octree_nfcount,flyby,6,40,40,1.734431982,0.3473599851,2.083008051,2.088872,1,0,-1,32153,28134,16,16,13288,47.23110827,18.19869197,512002,0,512002,32153
v1,e7bd16a8ad2be3cb1a245ce7fe4d8ea167164025,direct,octree_nfcount,flyby,6,41,41,1.734079957,0.481279999,2.217535973,2.224436,1,0,-1,32233,28204,16,16,13169,46.69195859,18.15352432,512002,0,512002,32233
v1,e7bd16a8ad2be3cb1a245ce7fe4d8ea167164025,direct,octree_nfcount,flyby,6,42,42,1.933568001,0.4823360145,2.418080091,2.426018,1,0,-1,32465,28407,16,16,13139,46.2526842,18.02379695,512002,0,512002,32465
v1,e7bd16a8ad2be3cb1a245ce7fe4d8ea167164025,direct,octree_nfcount,flyby,6,43,43,1.848031998,0.4871039987,2.337343931,2.345764,1,0,-1,32873,28764,16,16,13219,45.95675149,17.80009734,512002,0,512002,32873
v1,e7bd16a8ad2be3cb1a245ce7fe4d8ea167164025,direct,octree_nfcount,flyby,6,44,44,1.71231997,0.3620800078,2.075648069,2.083908,1,0,-1,32801,28701,16,16,13048,45.4618306,17.83916937,512002,0,512002,32801
v1,e7bd16a8ad2be3cb1a245ce7fe4d8ea167164025,direct,octree_nfcount,flyby,6,45,45,1.688256025,0.3621119857,2.051615953,2.059868,1,0,-1,32801,28701,16,16,12931,45.0541793,17.83916937,512002,0,512002,32801
v1,e7bd16a8ad2be3cb1a245ce7fe4d8ea167164025,direct,octree_nfcount,flyby,6,46,46,1.683776021,0.3614720106,2.046463966,2.053549,1,0,-1,32729,28638,16,16,12899,45.04155318,17.8784133,512002,0,512002,32729
v1,e7bd16a8ad2be3cb1a245ce7fe4d8ea167164025,direct,octree_nfcount,flyby,6,47,47,1.81139195,0.3613440096,2.173952103,2.182901,1,0,-1,32609,28533,16,16,12792,44.83229944,17.94420496,512002,0,512002,32609
v1,e7bd16a8ad2be3cb1a245ce7fe4d8ea167164025,direct,octree_nfcount,flyby,6,48,48,1.628607988,0.3581120074,1.987967968,1.996916,1,0,-1,32577,28505,16,16,12619,44.26942642,17.96183126,512002,0,512002,32577
v1,e7bd16a8ad2be3cb1a245ce7fe4d8ea167164025,direct,octree_nfcount,flyby,6,49,49,1.741760015,0.4886080027,2.232575893,2.240962,1,0,-1,32665,28582,16,16,12576,43.9997201,17.91344203,512002,0,512002,32665
v1,e7bd16a8ad2be3cb1a245ce7fe4d8ea167164025,direct,octree_nfcount,flyby,6,50,50,1.643231988,0.491456002,2.136287928,2.144178,1,0,-1,32905,28792,16,16,12655,43.95318144,17.78278689,512002,0,512002,32905
v1,e7bd16a8ad2be3cb1a245ce7fe4d8ea167164025,direct,octree_nfcount,flyby,6,51,51,1.623872042,0.484416008,2.110527992,2.118188,1,0,-1,33121,28981,16,16,12825,44.25313136,17.66681619,512002,0,512002,33121
v1,e7bd16a8ad2be3cb1a245ce7fe4d8ea167164025,direct,octree_nfcount,flyby,6,52,52,1.623584032,0.4905599952,2.116352081,2.12474,1,0,-1,33177,29030,16,16,12744,43.8994144,17.63699621,512002,0,512002,33177
v1,e7bd16a8ad2be3cb1a245ce7fe4d8ea167164025,direct,octree_nfcount,flyby,6,53,53,1.638399959,0.4893440008,2.129920006,2.138173,1,0,-1,33417,29240,16,16,12773,43.68331053,17.51032832,512002,0,512002,33417
v1,e7bd16a8ad2be3cb1a245ce7fe4d8ea167164025,direct,octree_nfcount,flyby,6,54,54,1.611039996,0.3561919928,1.968479991,1.976296,1,0,-1,33177,29030,16,16,12560,43.26558732,17.63699621,512002,0,512002,33177
v1,e7bd16a8ad2be3cb1a245ce7fe4d8ea167164025,direct,octree_nfcount,flyby,6,55,55,1.576799989,0.4926719964,2.071647882,2.07933,1,0,-1,33417,29240,16,16,12615,43.14295486,17.51032832,512002,0,512002,33417
v1,e7bd16a8ad2be3cb1a245ce7fe4d8ea167164025,direct,octree_nfcount,flyby,6,56,56,1.604159951,0.3603839874,1.965791941,1.973899,1,0,-1,33233,29079,16,16,12445,42.79720761,17.60727673,512002,0,512002,33233
v1,e7bd16a8ad2be3cb1a245ce7fe4d8ea167164025,direct,octree_nfcount,flyby,6,57,57,1.561951995,0.4885439873,2.053056002,2.060861,1,0,-1,33369,29198,16,16,12434,42.58510857,17.53551613,512002,0,512002,33369
v1,e7bd16a8ad2be3cb1a245ce7fe4d8ea167164025,direct,octree_nfcount,flyby,6,58,58,1.503487945,0.3520959914,1.85679996,1.863828,1,0,-1,32833,28729,16,16,12045,41.92627658,17.82178287,512002,0,512002,32833
v1,e7bd16a8ad2be3cb1a245ce7fe4d8ea167164025,direct,octree_nfcount,flyby,6,59,59,1.636448026,0.4811199903,2.119744062,2.126242,1,0,-1,33073,28939,16,16,12151,41.98832026,17.69245655,512002,0,512002,33073
v1,e7bd16a8ad2be3cb1a245ce7fe4d8ea167164025,direct,octree_nfcount,flyby,6,60,60,1.842496037,0.3494080007,2.193151951,2.199448,1,0,-1,32985,28862,16,16,12125,42.0102557,17.73965768,512002,0,512002,32985
v1,e7bd16a8ad2be3cb1a245ce7fe4d8ea167164025,direct,octree_nfcount,flyby,6,61,61,1.58316803,0.4794560075,2.064928055,2.07206,1,0,-1,33017,28890,16,16,12190,42.19453098,17.72246452,512002,0,512002,33017
v1,e7bd16a8ad2be3cb1a245ce7fe4d8ea167164025,direct,octree_nfcount,flyby,6,62,62,1.586879969,0.4825280011,2.071039915,2.076892,1,0,-1,33273,29114,16,16,12267,42.13436835,17.58610978,512002,0,512002,33273
v1,e7bd16a8ad2be3cb1a245ce7fe4d8ea167164025,direct,octree_nfcount,flyby,6,63,63,1.595903993,0.4843840003,2.081727982,2.088538,1,0,-1,33473,29289,16,16,12279,41.92358906,17.48103384,512002,0,512002,33473
v1,e7bd16a8ad2be3cb1a245ce7fe4d8ea167164025,direct,octree_nfcount,flyby,6,64,64,1.754559994,0.3525759876,2.108351946,2.114165,1,0,-1,33105,28967,16,16,11971,41.32633687,17.67535471,512002,0,512002,33105
v1,e7bd16a8ad2be3cb1a245ce7fe4d8ea167164025,direct,octree_nfcount,flyby,6,65,65,1.605344057,0.3521279991,1.958688021,1.966585,1,0,-1,33025,28897,16,16,11782,40.77239852,17.71817144,512002,0,512002,33025
v1,e7bd16a8ad2be3cb1a245ce7fe4d8ea167164025,direct,octree_nfcount,flyby,6,66,66,1.607936025,0.3534399867,1.962592006,1.969448,1,0,-1,33017,28890,16,16,11797,40.83419868,17.72246452,512002,0,512002,33017
v1,e7bd16a8ad2be3cb1a245ce7fe4d8ea167164025,direct,octree_nfcount,flyby,6,67,67,1.604511976,0.4835200012,2.090240002,2.096356,1,0,-1,33217,29065,16,16,11762,40.46791674,17.61575778,512002,0,512002,33217
v1,e7bd16a8ad2be3cb1a245ce7fe4d8ea167164025,direct,octree_nfcount,flyby,6,68,68,1.591488004,0.4849280119,2.07862401,2.085924,1,0,-1,33281,29121,16,16,11742,40.32141753,17.58188249,512002,0,512002,33281
v1,e7bd16a8ad2be3cb1a245ce7fe4d8ea167164025,direct,octree_nfcount,flyby,6,69,69,1.602272034,0.35552001,1.959040046,1.966157,1,0,-1,33249,29093,16,16,11815,40.61114357,17.59880384,512002,0,512002,33249
v1,e7bd16a8ad2be3cb1a245ce7fe4d8ea167164025,direct,octree_nfcount,flyby,6,70,70,1.488831997,0.3513279855,1.841375947,1.847552,1,0,-1,32753,28659,16,16,11422,39.8548449,17.86531282,512002,0,512002,32753
v1,e7bd16a8ad2be3cb1a245ce7fe4d8ea167164025,direct,octree_nfcount,flyby,6,71,71,1.571392059,0.4907520115,2.063744068,2.070736,1,0,-1,33257,29100,16,16,11627,39.95532646,17.59457045,512002,0,512002,33257
v1,e7bd16a8ad2be3cb1a245ce7fe4d8ea167164025,direct,octree_nfcount,flyby,6,72,72,1.561439991,0.3543680012,1.917055964,1.924074,1,0,-1,33209,29058,16,16,11655,40.1094363,17.62000138,512002,0,512002,33209
v1,e7bd16a8ad2be3cb1a245ce7fe4d8ea167164025,direct,octree_nfcount,flyby,6,73,73,1.56044805,0.4820800126,2.043744087,2.04949,1,0,-1,33313,29149,16,16,11865,40.70465539,17.56499365,512002,0,512002,33313
v1,e7bd16a8ad2be3cb1a245ce7fe4d8ea167164025,direct,octree_nfcount,flyby,6,74,74,1.570016026,0.3502080142,1.921471953,1.927435,1,0,-1,33089,28953,16,16,11701,40.41377405,17.6839015,512002,0,512002,33089
v1,e7bd16a8ad2be3cb1a245ce7fe4d8ea167164025,direct,octree_nfcount,flyby,6,75,75,1.619199991,0.4856320024,2.106400013,2.113546,1,0,-1,33289,29128,16,16,11684,40.11260643,17.57765724,512002,0,512002,33289
v1,e7bd16a8ad2be3cb1a245ce7fe4d8ea167164025,direct,octree_nfcount,flyby,6,76,76,1.59721601,0.484288007,2.083775997,2.09034,1,0,-1,33385,29212,16,16,11721,40.12392168,17.52711215,512002,0,512002,33385
v1,e7bd16a8ad2be3cb1a245ce7fe4d8ea167164025,direct,octree_nfcount,flyby,6,77,77,1.669664025,0.3490880132,2.019968033,2.027592,1,0,-1,32905,28792,16,16,11478,39.86524034,17.78278689,512002,0,512002,32905
v1,e7bd16a8ad2be3cb1a245ce7fe4d8ea167164025,direct,octree_nfcount,flyby,6,78,78,1.589311957,0.4855040014,2.076992035,2.084209,1,0,-1,33049,28918,16,16,11597,40.10305,17.70530465,512002,0,512002,33049
v1,e7bd16a8ad2be3cb1a245ce7fe4d8ea167164025,direct,octree_nfcount,flyby,6,79,79,1.587808013,0.3525440097,1.941568017,1.948328,1,0,-1,33017,28890,16,16,11460,39.66770509,17.72246452,512002,0,512002,33017
v1,e7bd16a8ad2be3cb1a245ce7fe4d8ea167164025,direct,octree_nfcount,flyby,6,80,80,1.20521605,0.3533760011,1.559839964,1.56607,1,0,-1,32713,28624,16,16,11108,38.80659586,17.88715763,512002,0,512002,32713
v1,e7bd16a8ad2be3cb1a245ce7fe4d8ea167164025,direct,octree_nfcount,flyby,6,81,81,1.567968011,0.4805119932,2.050080061,2.056132,1,0,-1,33057,28925,16,16,11318,39.12878133,17.70101988,512002,0,512002,33057
v1,e7bd16a8ad2be3cb1a245ce7fe4d8ea167164025,direct,octree_nfcount,flyby,6,82,82,1.798336029,0.3522880077,2.15187192,2.159183,1,0,-1,32833,28729,16,16,11317,39.39225173,17.82178287,512002,0,512002,32833
v1,e7bd16a8ad2be3cb1a245ce7fe4d8ea167164025,direct,octree_nfcount,flyby,6,83,83,1.571519971,0.4835839868,2.056735992,2.063767,1,0,-1,32985,28862,16,16,11430,39.60224517,17.73965768,512002,0,512002,32985
v1,e7bd16a8ad2be3cb1a245ce7fe4d8ea167164025,direct,octree_nfcount,flyby,6,84,84,1.684576035,0.485439986,2.172192097,2.17899,1,0,-1,33121,28981,16,16,11303,39.00141472,17.66681619,512002,0,512002,33121
v1,e7bd16a8ad2be3cb1a245ce7fe4d8ea167164025,direct,octree_nfcount,flyby,6,85,85,1.59168005,0.3504320085,1.943359971,1.950534,1,0,-1,32913,28799,16,16,11252,39.07080107,17.77846453,512002,0,512002,32913
v1,e7bd16a8ad2be3cb1a245ce7fe4d8ea167164025,direct,octree_nfcount,flyby,6,86,86,1.607519984,0.4853439927,2.095103979,2.102802,1,0,-1,33177,29030,16,16,11267,38.81157423,17.63699621,512002,0,512002,33177
v1,e7bd16a8ad2be3cb1a245ce7fe4d8ea167164025,direct,octree_nfcount,flyby,6,87,87,1.553344011,0.3534719944,1.90803194,1.915281,1,0,-1,33017,28890,16,16,11121,38.49428868,17.72246452,512002,0,512002,33017
v1,e7bd16a8ad2be3cb1a245ce7fe4d8ea167164025,direct,octree_nfcount,flyby,6,88,88,1.211583972,0.4854080081,1.698591948,1.705292,1,0,-1,33233,29079,16,16,11099,38.1684377,17.60727673,512002,0,512002,33233
v1,e7bd16a8ad2be3cb1a245ce7fe4d8ea167164025,direct,octree_nfcount,flyby,6,89,89,1.504927993,0.3533119857,1.859455943,1.866905,1,0,-1,33145,29002,16,16,10943,37.73188056,17.65402386,512002,0,512002,33145
v1,e7bd16a8ad2be3cb1a245ce7fe4d8ea167164025,direct,octree_nfcount,flyby,6,90,90,1.232352018,0.487071991,1.720639944,1.72669,1,0,-1,33513,29324,16,16,11159,38.05415359,17.46016914,512002,0,512002,33513
v1,e7bd16a8ad2be3cb1a245ce7fe4d8ea167164025,direct,octree_nfcount,flyby,6,91,91,1.497408032,0.3586240113,1.857247949,1.865351,1,0,-1,33257,29100,16,16,10986,37.75257732,17.59457045,512002,0,512002,33257
v1,e7bd16a8ad2be3cb1a245ce7fe4d8ea167164025,direct,octree_nfcount,flyby,6,92,92,1.551040053,0.4897600114,2.042495966,2.050046,1,0,-1,33489,29303,16,16,10994,37.51834283,17.47268198,512002,0,512002,33489
v1,e7bd16a8ad2be3cb1a245ce7fe4d8ea167164025,direct,octree_nfcount,flyby,6,93,93,1.555552006,0.3544960022,1.91129601,1.918761,1,0,-1,33169,29023,16,16,10790,37.17741102,17.64125004,512002,0,512002,33169
v1,e7bd16a8ad2be3cb1a245ce7fe4d8ea167164025,direct,octree_nfcount,flyby,6,94,94,1.540096045,0.4874559939,2.029855967,2.03582,1,0,-1,33401,29226,16,16,10783,36.89523027,17.51871621,512002,0,512002,33401
v1,e7bd16a8ad2be3cb1a245ce7fe4d8ea167164025,direct,octree_nfcount,flyby,6,95,95,1.492671967,0.4886719882,1.983520031,1.99026,1,0,-1,33553,29359,16,16,10904,37.14022957,17.4393542,512002,0,512002,33553
v1,e7bd16a8ad2be3cb1a245ce7fe4d8ea167164025,direct,octree_nfcount,flyby,6,96,96,1.491039991,0.4869120121,1.979200006,1.98543,1,0,-1,33697,29485,16,16,10844,36.77802272,17.36482957,512002,0,512002,33697
v1,e7bd16a8ad2be3cb1a245ce7fe4d8ea167164025,direct,octree_nfcount,flyby,6,97,97,1.242272019,0.3604480028,1.604159951,1.611661,1,0,-1,33561,29366,16,16,10908,37.14499762,17.43519717,512002,0,512002,33561
v1,e7bd16a8ad2be3cb1a245ce7fe4d8ea167164025,direct,octree_nfcount,flyby,6,98,98,1.499647975,0.4880639911,1.988960028,1.996076,1,0,-1,33585,29387,16,16,10999,37.42811447,17.42273795,512002,0,512002,33585
v1,e7bd16a8ad2be3cb1a245ce7fe4d8ea167164025,direct,octree_nfcount,flyby,6,99,99,1.542912006,0.4885120094,2.033888102,2.040381,1,0,-1,33745,29527,16,16,10992,37.22694483,17.34012937,512002,0,512002,33745
v1,e7bd16a8ad2be3cb1a245ce7fe4d8ea167164025,direct,octree_nfcount,flyby,6,100,100,1.549792051,0.3605119884,1.911520004,1.919331,1,0,-1,33713,29499,16,16,10893,36.92667548,17.35658836,512002,0,512002,33713
v1,e7bd16a8ad2be3cb1a245ce7fe4d8ea167164025,direct,octree_nfcount,flyby,6,101,101,1.552000046,0.3634240031,1.916640043,1.924658,1,0,-1,33649,29443,16,16,10772,36.58594573,17.38960024,512002,0,512002,33649
v1,e7bd16a8ad2be3cb1a245ce7fe4d8ea167164025,direct,octree_nfcount,flyby,6,102,102,1.235839963,0.3656640053,1.602720022,1.611357,1,0,-1,33489,29303,16,16,10591,36.14305702,17.47268198,512002,0,512002,33489
v1,e7bd16a8ad2be3cb1a245ce7fe4d8ea167164025,direct,octree_nfcount,flyby,6,103,103,1.223839998,0.4864960015,1.712576032,1.718455,1,0,-1,33753,29534,16,16,10733,36.34116611,17.3360195,512002,0,512002,33753
v1,e7bd16a8ad2be3cb1a245ce7fe4d8ea167164025,direct,octree_nfcount,flyby,6,104,104,1.253119946,0.4903360009,1.745695949,1.752932,1,0,-1,34177,29905,16,16,11106,37.13760241,17.12094967,512002,0,512002,34177
v1,e7bd16a8ad2be3cb1a245ce7fe4d8ea167164025,direct,octree_nfcount,flyby,6,105,105,1.500671983,0.3614400029,1.86332798,1.870338,1,0,-1,34001,29751,16,16,10741,36.10298813,17.20957279,512002,0,512002,34001
v1,e7bd16a8ad2be3cb1a245ce7fe4d8ea167164025,direct,octree_nfcount,flyby,6,106,106,1.260128021,0.3584319949,1.619807959,1.626834,1,0,-1,33873,29639,16,16,10755,36.28664935,17.27460441,512002,0,512002,33873
v1,e7bd16a8ad2be3cb1a245ce7fe4d8ea167164025,direct,octree_nfcount,flyby,6,107,107,1.506047964,0.4864319861,1.994719982,2.002098,1,0,-1,33937,29695,16,16,10889,36.66947298,17.24202728,512002,0,512002,33937
v1,e7bd16a8ad2be3cb1a245ce7fe4d8ea167164025,direct,octree_nfcount,flyby,6,108,108,1.241760015,0.3596479893,1.602624059,1.609522,1,0,-1,33785,29562,16,16,10730,36.29659698,17.31959949,512002,0,512002,33785
v1,e7bd16a8ad2be3cb1a245ce7fe4d8ea167164025,direct,octree_nfcount,flyby,6,109,109,1.220224023,0.4855360091,1.707360029,1.714844,1,0,-1,33833,29604,16,16,10547,35.62694231,17.2950277,512002,0,512002,33833
v1,e7bd16a8ad2be3cb1a245ce7fe4d8ea167164025,direct,octree_nfcount,flyby,6,110,110,1.517856002,0.4906240106,2.010720015,2.018014,1,0,-1,33913,29674,16,16,10754,36.24047988,17.25422929,512002,0,512002,33913
v1,e7bd16a8ad2be3cb1a245ce7fe4d8ea167164025,direct,octree_nfcount,flyby,6,111,111,1.526847959,0.3637120128,1.891808033,1.899916,1,0,-1,33833,29604,16,16,10656,35.99513579,17.2950277,512002,0,512002,33833
v1,e7bd16a8ad2be3cb1a245ce7fe4d8ea167164025,direct,octree_nfcount,flyby,6,112,112,1.524096012,0.3616639972,1.887007952,1.894101,1,0,-1,33705,29492,16,16,10491,35.57235861,17.36070799,512002,0,512002,33705
v1,e7bd16a8ad2be3cb1a245ce7fe4d8ea167164025,direct,octree_nfcount,flyby,6,113,113,1.537215948,0.4909760058,2.029439926,2.03688,1,0,-1,33753,29534,16,16,10577,35.81296133,17.3360195,512002,0,512002,33753
v1,e7bd16a8ad2be3cb1a245ce7fe4d8ea167164025,direct,octree_nfcount,flyby,6,114,114,1.53392005,0.4906559885,2.026880026,2.033771,1,0,-1,33993,29744,16,16,10637,35.76183432,17.21362292,512002,0,512002,33993
v1,e7bd16a8ad2be3cb1a245ce7fe4d8ea167164025,direct,octree_nfcount,flyby,6,115,115,1.214815974,0.3564800024,1.572512031,1.578675,1,0,-1,33745,29527,16,16,10446,35.37778982,17.34012937,512002,0,512002,33745
v1,e7bd16a8ad2be3cb1a245ce7fe4d8ea167164025,direct,octree_nfcount,flyby,6,116,116,1.503775954,0.4855999947,1.991583943,1.997936,1,0,-1,33849,29618,16,16,10536,35.57296239,17.28685259,512002,0,512002,33849
v1,e7bd16a8ad2be3cb1a245ce7fe4d8ea167164025,direct,octree_nfcount,flyby,6,117,117,1.588448048,0.5007359982,2.090784073,2.099052,1,0,-1,34065,29807,16,16,10710,35.93115711,17.17724025,512002,0,512002,34065
v1,e7bd16a8ad2be3cb1a245ce7fe4d8ea167164025,direct,octree_nfcount,flyby,6,118,118,1.586176038,0.3668479919,1.954239964,1.962808,1,0,-1,33873,29639,16,16,10620,35.83116839,17.27460441,512002,0,512002,33873
v1,e7bd16a8ad2be3cb1a245ce7fe4d8ea167164025,direct,octree_nfcount,flyby,6,119,119,1.541375995,0.365696013,1.90831995,1.91623,1,0,-1,33817,29590,16,16,10560,35.68773234,17.30321054,512002,0,512002,33817
v1,e7bd16a8ad2be3cb1a245ce7fe4d8ea167164025,direct,octree_nfcount,flyby,6,120,120,1.561120033,0.4927360117,2.055072069,2.063129,1,0,-1,33905,29667,16,16,10591,35.69959888,17.25830047,512002,0,512002,33905
v1,e7bd16a8ad2be3cb1a245ce7fe4d8ea167164025,direct,octree_nfcount,flyby,6,121,121,1.478464007,0.4917759895,1.971456051,1.979341,1,0,-1,33977,29730,16,16,10591,35.62394887,17.22172889,512002,0,512002,33977
v1,e7bd16a8ad2be3cb1a245ce7fe4d8ea167164025,direct,octree_nfcount,flyby,6,122,122,1.502464056,0.3617599905,1.865440011,1.872966,1,0,-1,33833,29604,16,16,10423,35.20807999,17.2950277,512002,0,512002,33833
v1,e7bd16a8ad2be3cb1a245ce7fe4d8ea167164025,direct,octree_nfcount,flyby,6,123,123,1.546144009,0.4903680086,2.03888011,2.04654,1,0,-1,34081,29821,16,16,10633,35.65608129,17.16917608,512002,0,512002,34081
v1,e7bd16a8ad2be3cb1a245ce7fe4d8ea167164025,direct,octree_nfcount,flyby,6,124,124,1.602591991,0.3584640026,1.962272048,1.969874,1,0,-1,34025,29772,16,16,10572,35.50987505,17.19743383,512002,0,512002,34025
v1,e7bd16a8ad2be3cb1a245ce7fe4d8ea167164025,direct,octree_nfcount,flyby,6,125,125,1.582496047,0.3575679958,1.941280007,1.948758,1,0,-1,33969,29723,16,16,10562,35.53477105,17.22578475,512002,0,512002,33969
v1,e7bd16a8ad2be3cb1a245ce7fe4d8ea167164025,direct,octree_nfcount,flyby,6,126,126,1.555904031,0.4904319942,2.048576117,2.056229,1,0,-1,34161,29891,16,16,10564,35.34174166,17.12896859,512002,0,512002,34161
v1,e7bd16a8ad2be3cb1a245ce7fe4d8ea167164025,direct,octree_nfcount,flyby,6,127,127,1.236736059,0.3583360016,1.596287966,1.604163,1,0,-1,33801,29576,16,16,10352,35.00135245,17.31140114,512002,0,512002,33801
v1,e7bd16a8ad2be3cb1a245ce7fe4d8ea167164025,direct,octree_nfcount,flyby,6,128,128,1.554175973,0.3595199883,1.914911985,1.922864,1,0,-1,33761,29541,16,16,10309,34.89726143,17.33191158,512002,0,512002,33761
v1,e7bd16a8ad2be3cb1a245ce7fe4d8ea167164025,direct,octree_nfcount,flyby,6,129,129,1.553279996,0.4914880097,2.046976089,2.05502,1,0,-1,33921,29681,16,16,10359,34.90111519,17.25016004,512002,0,512002,33921
v1,e7bd16a8ad2be3cb1a245ce7fe4d8ea167164025,direct,octree_nfcount,flyby,6,130,130,1.573503971,0.3594880104,1.934208035,1.941427,1,0,-1,33609,29408,16,16,10176,34.60282916,17.41029652,512002,0,512002,33609
v1,e7bd16a8ad2be3cb1a245ce7fe4d8ea167164025,direct,octree_nfcount,flyby,6,131,131,1.60076797,0.491328001,2.094496012,2.102046,1,0,-1,33649,29443,16,16,10189,34.60584859,17.38960024,512002,0,512002,33649
v1,e7bd16a8ad2be3cb1a245ce7fe4d8ea167164025,direct,octree_nfcount,flyby,6,132,132,1.56969595,0.4895040095,2.060800076,2.068256,1,0,-1,33889,29653,16,16,10220,34.46531548,17.26644859,512002,0,512002,33889
v1,e7bd16a8ad2be3cb1a245ce7fe4d8ea167164025,direct,octree_nfcount,flyby,6,133,133,1.21558404,0.359679997,1.576511979,1.584145,1,0,-1,33673,29464,16,16,9888,33.55959815,17.37720608,512002,0,512002,33673
v1,e7bd16a8ad2be3cb1a245ce7fe4d8ea167164025,direct,octree_nfcount,flyby,6,134,134,1.583968043,0.4887680113,2.074368,2.081688,1,0,-1,33737,29520,16,16,10111,34.25135501,17.34424119,512002,0,512002,33737
v1,e7bd16a8ad2be3cb1a245ce7fe4d8ea167164025,direct,octree_nfcount,flyby,6,135,135,1.53449595,0.488447994,2.024640083,2.032256,1,0,-1,33753,29534,16,16,10115,34.24866256,17.3360195,512002,0,512002,33753
v1,e7bd16a8ad2be3cb1a245ce7fe4d8ea167164025,direct,octree_nfcount,flyby,6,136,136,1.58828795,0.4856320024,2.075520039,2.08251,1,0,-1,33849,29618,16,16,10101,34.10426092,17.28685259,512002,0,512002,33849
v1,e7bd16a8ad2be3cb1a245ce7fe4d8ea167164025,direct,octree_nfcount,flyby,6,137,137,1.541120052,0.3606719971,1.903040051,1.910213,1,0,-1,33769,29548,16,16,10083,34.124137,17.3278056,512002,0,512002,33769
v1,e7bd16a8ad2be3cb1a245ce7fe4d8ea167164025,direct,octree_nfcount,flyby,6,138,138,1.472991943,0.4927679896,1.972000003,1.979654,1,0,-1,33889,29653,16,16,9954,33.56827302,17.26644859,512002,0,512002,33889
v1,e7bd16a8ad2be3cb1a245ce7fe4d8ea167164025,direct,octree_nfcount,flyby,6,139,139,1.505952001,0.4833920002,1.990944028,1.998161,1,0,-1,33897,29660,16,16,10133,34.16385705,17.26237357,512002,0,512002,33897
v1,e7bd16a8ad2be3cb1a245ce7fe4d8ea167164025,direct,octree_nfcount,flyby,6,140,140,1.568992019,0.3596479893,1.92988801,1.937278,1,0,-1,33777,29555,16,16,10149,34.33936728,17.32370157,512002,0,512002,33777
v1,e7bd16a8ad2be3cb1a245ce7fe4d8ea167164025,direct,octree_nfcount,flyby,6,141,141,1.605888009,0.4917440116,2.099231958,2.106699,1,0,-1,34001,29751,16,16,10004,33.62576048,17.20957279,512002,0,512002,34001
v1,e7bd16a8ad2be3cb1a245ce7fe4d8ea167164025,direct,octree_nfcount,flyby,6,142,142,1.627071977,0.3566400111,1.984928012,1.992749,1,0,-1,33969,29723,16,16,10122,34.05443596,17.22578475,512002,0,512002,33969
v1,e7bd16a8ad2be3cb1a245ce7fe4d8ea167164025,direct,octree_nfcount,flyby,6,143,143,1.577695966,0.4887680113,2.068864107,2.076125,1,0,-1,34009,29758,16,16,10077,33.86316285,17.20552456,512002,0,512002,34009
v1,e7bd16a8ad2be3cb1a245ce7fe4d8ea167164025,direct,octree_nfcount,flyby,6,144,144,1.215968013,0.3603520095,1.577535987,1.585286,1,0,-1,33593,29394,16,16,9857,33.53405457,17.41858883,512002,0,512002,33593
v1,e7bd16a8ad2be3cb1a245ce7fe4d8ea167164025,direct,octree_nfcount,flyby,6,145,145,1.54342401,0.3590080142,1.903648019,1.911557,1,0,-1,33497,29310,16,16,9793,33.41180484,17.46850904,512002,0,512002,33497
v1,e7bd16a8ad2be3cb1a245ce7fe4d8ea167164025,direct,octree_nfcount,flyby,6,146,146,1.579839945,0.3595840037,1.940639973,1.948065,1,0,-1,33313,29149,16,16,9613,32.97883289,17.56499365,512002,0,512002,33313
v1,e7bd16a8ad2be3cb1a245ce7fe4d8ea167164025,direct,octree_nfcount,flyby,6,147,147,1.563712001,0.3585920036,1.923552036,1.931286,1,0,-1,33233,29079,16,16,9677,33.27831081,17.60727673,512002,0,512002,33233
v1,e7bd16a8ad2be3cb1a245ce7fe4d8ea167164025,direct,octree_nfcount,flyby,6,148,148,1.592095971,0.4871039987,2.080447912,2.087917,1,0,-1,33401,29226,16,16,9799,33.52836515,17.51871621,512002,0,512002,33401
v1,e7bd16a8ad2be3cb1a245ce7fe4d8ea167164025,direct,octree_nfcount,flyby,6,149,149,1.204671979,0.3576320112,1.563552022,1.571547,1,0,-1,33177,29030,16,16,9626,33.15880124,17.63699621,512002,0,512002,33177
v1,e7bd16a8ad2be3cb1a245ce7fe4d8ea167164025,direct,octree_nfcount,flyby,6,150,150,1.571392059,0.4875839949,2.060672045,2.067925,1,0,-1,33481,29296,16,16,9867,33.68036592,17.47685691,512002,0,512002,33481
v1,e7bd16a8ad2be3cb1a245ce7fe4d8ea167164025,direct,octree_nfcount,flyby,6,151,151,1.574496031,0.489695996,2.065920115,2.073375,1,0,-1,33761,29541,16,16,9868,33.40442097,17.33191158,512002,0,512002,33761
v1,e7bd16a8ad2be3cb1a245ce7fe4d8ea167164025,direct,octree_nfcount,flyby,6,152,152,1.604895949,0.3576639891,1.96380794,1.970356,1,0,-1,33665,29457,16,16,9890,33.57436263,17.38133551,512002,0,512002,33665
v1,e7bd16a8ad2be3cb1a245ce7fe4d8ea167164025,direct,octree_nfcount,flyby,6,153,153,1.604287982,0.3606080115,1.966112018,1.973779,1,0,-1,33601,29401,16,16,9824,33.41382946,17.41444169,512002,0,512002,33601
v1,e7bd16a8ad2be3cb1a245ce7fe4d8ea167164025,direct,octree_nfcount,flyby,6,154,154,1.218400002,0.3615359962,1.581151962,1.58807,1,0,-1,33545,29352,16,16,9776,33.30607795,17.44351322,512002,0,512002,33545
v1,e7bd16a8ad2be3cb1a245ce7fe4d8ea167164025,direct,octree_nfcount,flyby,6,155,155,1.522815943,0.355392009,1.879456043,1.886151,1,0,-1,33425,29247,16,16,9746,33.32307587,17.50613738,512002,0,512002,33425
v1,e7bd16a8ad2be3cb1a245ce7fe4d8ea167164025,direct,octree_nfcount,flyby,6,156,156,1.548768044,0.3594560027,1.909471989,1.916854,1,0,-1,33401,29226,16,16,9684,33.1348799,17.51871621,512002,0,512002,33401
v1,e7bd16a8ad2be3cb1a245ce7fe4d8ea167164025,direct,octree_nfcount,flyby,6,157,157,1.523327947,0.4880000055,2.012608051,2.020007,1,0,-1,33425,29247,16,16,9708,33.19314802,17.50613738,512002,0,512002,33425
v1,e7bd16a8ad2be3cb1a245ce7fe4d8ea167164025,direct,octree_nfcount,flyby,6,158,158,1.522528052,0.4885120094,2.013247967,2.020612,1,0,-1,33841,29611,16,16,9784,33.04177502,17.29093918,512002,0,512002,33841
v1,e7bd16a8ad2be3cb1a245ce7fe4d8ea167164025,direct,octree_nfcount,flyby,6,159,159,1.214912057,0.3627200127,1.578943968,1.586284,1,0,-1,33617,29415,16,16,9593,32.61261261,17.40615332,512002,0,512002,33617
v1,e7bd16a8ad2be3cb1a245ce7fe4d8ea167164025,direct,octree_nfcount,flyby,6,160,160,1.439936042,0.3574079871,1.798560023,1.805886,1,0,-1,33361,29191,16,16,9517,32.60251447,17.53972115,512002,0,512002,33361
v1,e7bd16a8ad2be3cb1a245ce7fe4d8ea167164025,direct,octree_nfcount,flyby,6,161,161,1.556640029,0.4844479859,2.043296099,2.049595,1,0,-1,33521,29331,16,16,9574,32.64123283,17.45600218,512002,0,512002,33521
v1,e7bd16a8ad2be3cb1a245ce7fe4d8ea167164025,direct,octree_nfcount,flyby,6,162,162,1.76611197,0.3614720106,2.128799915,2.136561,1,0,-1,33497,29310,16,16,9517,32.47014671,17.46850904,512002,0,512002,33497
v1,e7bd16a8ad2be3cb1a245ce7fe4d8ea167164025,direct,octree_nfcount,flyby,6,163,163,1.550559998,0.4863680005,2.038527966,2.0457,1,0,-1,33985,29737,16,16,9688,32.57894206,17.21767495,512002,0,512002,33985
v1,e7bd16a8ad2be3cb1a245ce7fe4d8ea167164025,direct,octree_nfcount,flyby,6,164,164,1.217887998,0.3605439961,1.579648018,1.586486,1,0,-1,33489,29303,16,16,9481,32.35504897,17.47268198,512002,0,512002,33489
v1,e7bd16a8ad2be3cb1a245ce7fe4d8ea167164025,direct,octree_nfcount,flyby,6,165,165,1.486624002,0.3616319895,1.849472046,1.857251,1,0,-1,33369,29198,16,16,9544,32.68717035,17.53551613,512002,0,512002,33369
v1,e7bd16a8ad2be3cb1a245ce7fe4d8ea167164025,direct,octree_nfcount,flyby,6,166,166,1.545567989,0.4886400104,2.036416054,2.043725,1,0,-1,33649,29443,16,16,9576,32.52385966,17.38960024,512002,0,512002,33649
v1,e7bd16a8ad2be3cb1a245ce7fe4d8ea167164025,direct,octree_nfcount,flyby,6,167,167,1.533216,0.4864319861,2.021823883,2.02934,1,0,-1,33745,29527,16,16,9536,32.2958648,17.34012937,512002,0,512002,33745
v1,e7bd16a8ad2be3cb1a245ce7fe4d8ea167164025,direct,octree_nfcount,flyby,6,168,168,1.587551951,0.3592639863,1.94806397,1.955487,1,0,-1,33609,29408,16,16,9508,32.33133841,17.41029652,512002,0,512002,33609
v1,e7bd16a8ad2be3cb1a245ce7fe4d8ea167164025,direct,octree_nfcount,flyby,6,169,169,1.223456025,0.4853439927,1.710399985,1.717289,1,0,-1,33745,29527,16,16,9467,32.06218038,17.34012937,512002,0,512002,33745
v1,e7bd16a8ad2be3cb1a245ce7fe4d8ea167164025,direct,octree_nfcount,flyby,6,170,170,1.537855983,0.3596479893,1.898751974,1.906434,1,0,-1,33681,29471,16,16,9585,32.52349768,17.37307862,512002,0,512002,33681
v1,e7bd16a8ad2be3cb1a245ce7fe4d8ea167164025,direct,octree_nfcount,flyby,6,171,171,1.567039967,0.4872319996,2.055871964,2.062985,1,0,-1,33769,29548,16,16,9540,32.28644917,17.3278056,512002,0,512002,33769
v1,e7bd16a8ad2be3cb1a245ce7fe4d8ea167164025,direct,octree_nfcount,flyby,6,172,172,1.539039969,0.4874239862,2.028896093,2.036326,1,0,-1,33809,29583,16,16,9426,31.86289423,17.30730487,512002,0,512002,33809
v1,e7bd16a8ad2be3cb1a245ce7fe4d8ea167164025,direct,octree_nfcount,flyby,6,173,173,1.540384054,0.3645760119,1.906175971,1.914295,1,0,-1,33745,29527,16,16,9442,31.97751211,17.34012937,512002,0,512002,33745
v1,e7bd16a8ad2be3cb1a245ce7fe4d8ea167164025,direct,octree_nfcount,flyby,6,174,174,1.209151983,0.362688005,1.573055983,1.58078,1,0,-1,33537,29345,16,16,9356,31.8827739,17.44767422,512002,0,512002,33537
v1,e7bd16a8ad2be3cb1a245ce7fe4d8ea167164025,direct,octree_nfcount,flyby,6,175,175,1.241696,0.3605119884,1.603423953,1.611119,1,0,-1,33465,29282,16,16,9404,32.11529267,17.48521276,512002,0,512002,33465
v1,e7bd16a8ad2be3cb1a245ce7fe4d8ea167164025,direct,octree_nfcount,flyby,6,176,176,1.515776038,0.3582400084,1.875264049,1.88283,1,0,-1,33393,29219,16,16,9278,31.7533112,17.52291317,512002,0,512002,33393
v1,e7bd16a8ad2be3cb1a245ce7fe4d8ea167164025,direct,octree_nfcount,flyby,6,177,177,1.553568006,0.4879679978,2.042752028,2.049808,1,0,-1,33417,29240,16,16,9391,32.11696306,17.51032832,512002,0,512002,33417
v1,e7bd16a8ad2be3cb1a245ce7fe4d8ea167164025,direct,octree_nfcount,flyby,6,178,178,1.543295979,0.484416008,2.029952049,2.036574,1,0,-1,33425,29247,16,16,9330,31.90070776,17.50613738,512002,0,512002,33425
v1,e7bd16a8ad2be3cb1a245ce7fe4d8ea167164025,direct,octree_nfcount,flyby,6,179,179,1.214176059,0.3594560027,1.574848056,1.582744,1,0,-1,33329,29163,16,16,9177,31.46795597,17.5565614,512002,0,512002,33329
v1,e7bd16a8ad2be3cb1a245ce7fe4d8ea167164025,direct,octree_nfcount,flyby,6,180,180,1.246719956,0.4906559885,1.738976002,1.746282,1,0,-1,33553,29359,16,16,9334,31.79263599,17.4393542,512002,0,512002,33553
v1,e7bd16a8ad2be3cb1a245ce7fe4d8ea167164025,direct,octree_nfcount,flyby,6,181,181,1.549152017,0.3606719971,1.911072016,1.918339,1,0,-1,33537,29345,16,16,9265,31.57266996,17.44767422,512002,0,512002,33537
v1,e7bd16a8ad2be3cb1a245ce7fe4d8ea167164025,direct,octree_nfcount,flyby,6,182,182,1.532063961,0.4927360117,2.026400089,2.034163,1,0,-1,33729,29513,16,16,9393,31.82665266,17.34835496,512002,0,512002,33729
v1,e7bd16a8ad2be3cb1a245ce7fe4d8ea167164025,direct,octree_nfcount,flyby,6,183,183,1.434816003,0.3596160114,1.795680046,1.803337,1,0,-1,33457,29275,16,16,9144,31.23484202,17.48939368,512002,0,512002,33457
v1,e7bd16a8ad2be3cb1a245ce7fe4d8ea167164025,direct,octree_nfcount,flyby,6,184,184,1.223551989,0.4895679951,1.714751959,1.722098,1,0,-1,33537,29345,16,16,9328,31.7873573,17.44767422,512002,0,512002,33537
v1,e7bd16a8ad2be3cb1a245ce7fe4d8ea167164025,direct,octree_nfcount,flyby,6,185,185,1.516448021,0.362432003,1.880095959,1.888566,1,0,-1,33505,29317,16,16,9439,32.1963366,17.4643381,512002,0,512002,33505
v1,e7bd16a8ad2be3cb1a245ce7fe4d8ea167164025,direct,octree_nfcount,flyby,6,186,186,1.497408032,0.3585920036,1.857247949,1.8647,1,0,-1,33401,29226,16,16,9245,31.63279272,17.51871621,512002,0,512002,33401
v1,e7bd16a8ad2be3cb1a245ce7fe4d8ea167164025,direct,octree_nfcount,flyby,6,187,187,1.561535954,0.4890879989,2.051840067,2.059097,1,0,-1,33553,29359,16,16,9383,31.95953541,17.4393542,512002,0,512002,33553
v1,e7bd16a8ad2be3cb1a245ce7fe4d8ea167164025,direct,octree_nfcount,flyby,6,188,188,1.21231997,0.365568012,1.579103947,1.587251,1,0,-1,33521,29331,16,16,9211,31.40363438,17.45600218,512002,0,512002,33521
v1,e7bd16a8ad2be3cb1a245ce7fe4d8ea167164025,direct,octree_nfcount,flyby,6,189,189,1.484256029,0.3646399975,1.850208044,1.858132,1,0,-1,33369,29198,16,16,9273,31.75902459,17.53551613,512002,0,512002,33369
v1,e7bd16a8ad2be3cb1a245ce7fe4d8ea167164025,direct,octree_nfcount,flyby,6,190,190,1.533696055,0.4884800017,2.023776054,2.031825,1,0,-1,33449,29268,16,16,9212,31.47464808,17.4935766,512002,0,512002,33449
v1,e7bd16a8ad2be3cb1a245ce7fe4d8ea167164025,direct,octree_nfcount,flyby,6,191,191,1.515552044,0.3605439961,1.877344012,1.885155,1,0,-1,33281,29121,16,16,9093,31.22488926,17.58188249,512002,0,512002,33281
v1,e7bd16a8ad2be3cb1a245ce7fe4d8ea167164025,direct,octree_nfcount,flyby,6,192,192,1.553887963,0.4904319942,2.045919895,2.053176,1,0,-1,33441,29261,16,16,9180,31.37281706,17.49776153,512002,0,512002,33441
v1,e7bd16a8ad2be3cb1a245ce7fe4d8ea167164025,direct,octree_nfcount,flyby,6,193,193,1.228224039,0.3666239977,1.596096039,1.60451,1,0,-1,33369,29198,16,16,9133,31.27953969,17.53551613,512002,0,512002,33369
v1,e7bd16a8ad2be3cb1a245ce7fe4d8ea167164025,direct,octree_nfcount,flyby,6,194,194,1.516288042,0.3605439961,1.87808001,1.884929,1,0,-1,33297,29135,16,16,9121,31.30598936,17.57343401,512002,0,512002,33297
v1,e7bd16a8ad2be3cb1a245ce7fe4d8ea167164025,direct,octree_nfcount,flyby,6,195,195,1.508031964,0.3607360125,1.870048046,1.877626,1,0,-1,33233,29079,16,16,9088,31.25279411,17.60727673,512002,0,512002,33233
v1,e7bd16a8ad2be3cb1a245ce7fe4d8ea167164025,direct,octree_nfcount,flyby,6,196,196,1.242912054,0.4876480103,1.732768059,1.739691,1,0,-1,33537,29345,16,16,9330,31.79417277,17.44767422,512002,0,512002,33537
v1,e7bd16a8ad2be3cb1a245ce7fe4d8ea167164025,direct,octree_nfcount,flyby,6,197,197,1.207103968,0.3617280126,1.570047975,1.577531,1,0,-1,33481,29296,16,16,9301,31.74836155,17.47685691,512002,0,512002,33481
v1,e7bd16a8ad2be3cb1a245ce7fe4d8ea167164025,direct,octree_nfcount,flyby,6,198,198,1.512992024,0.4907520115,2.005408049,2.012752,1,0,-1,33489,29303,16,16,9319,31.80220455,17.47268198,512002,0,512002,33489
v1,e7bd16a8ad2be3cb1a245ce7fe4d8ea167164025,direct,octree_nfcount,flyby,6,199,199,1.54527998,0.3606719971,1.907168031,1.915175,1,0,-1,33465,29282,16,16,9271,31.66108872,17.48521276,512002,0,512002,33465
v1,e7bd16a8ad2be3cb1a245ce7fe4d8ea167164025,direct,octree_nfcount,flyby,6,200,200,1.508864045,0.4896639884,2.000735998,2.008111,1,0,-1,33593,29394,16,16,9316,31.6935429,17.41858883,512002,0,512002,33593
v1,e7bd16a8ad2be3cb1a245ce7fe4d8ea167164025,direct,octree_nfcount,flyby,6,201,201,1.445376039,0.4882560074,1.935840011,1.94372,1,0,-1,33633,29429,16,16,9288,31.56070543,17.39787285,512002,0,512002,33633
v1,e7bd16a8ad2be3cb1a245ce7fe4d8ea167164025,direct,octree_nfcount,flyby,6,202,202,1.214367986,0.4844479859,1.701024055,1.707718,1,0,-1,33873,29639,16,16,9267,31.26623705,17.27460441,512002,0,512002,33873
v1,e7bd16a8ad2be3cb1a245ce7fe4d8ea167164025,direct,octree_nfcount,flyby,6,203,203,1.540416002,0.3616319895,1.903264046,1.910813,1,0,-1,33617,29415,16,16,9315,31.66751657,17.40615332,512002,0,512002,33617
v1,e7bd16a8ad2be3cb1a245ce7fe4d8ea167164025,direct,octree_nfcount,flyby,6,204,204,1.53036797,0.4875519872,2.02015996,2.027201,1,0,-1,33641,29436,16,16,9223,31.33238212,17.39373556,512002,0,512002,33641
v1,e7bd16a8ad2be3cb1a245ce7fe4d8ea167164025,direct,octree_nfcount,flyby,6,205,205,1.559584022,0.481279999,2.042464018,2.049173,1,0,-1,33841,29611,16,16,9431,31.84965047,17.29093918,512002,0,512002,33841
v1,e7bd16a8ad2be3cb1a245ce7fe4d8ea167164025,direct,octree_nfcount,flyby,6,206,206,1.205760002,0.3616319895,1.568608046,1.576261,1,0,-1,33681,29471,16,16,9305,31.57341115,17.37307862,512002,0,512002,33681
v1,e7bd16a8ad2be3cb1a245ce7fe4d8ea167164025,direct,octree_nfcount,flyby,6,207,207,1.528607965,0.4869120121,2.016767979,2.022966,1,0,-1,33833,29604,16,16,9480,32.02269964,17.2950277,512002,0,512002,33833
v1,e7bd16a8ad2be3cb1a245ce7fe4d8ea167164025,direct,octree_nfcount,flyby,6,208,208,1.578559995,0.3586240113,1.93840003,1.945885,1,0,-1,33817,29590,16,16,9404,31.7810071,17.30321054,512002,0,512002,33817
v1,e7bd16a8ad2be3cb1a245ce7fe4d8ea167164025,direct,octree_nfcount,flyby,6,209,209,1.542655945,0.359679997,1.903552055,1.911524,1,0,-1,33713,29499,16,16,9304,31.54005221,17.35658836,512002,0,512002,33713
v1,e7bd16a8ad2be3cb1a245ce7fe4d8ea167164025,direct,octree_nfcount,flyby,6,210,210,1.563392043,0.4886400104,2.053312063,2.060619,1,0,-1,33761,29541,16,16,9288,31.44104803,17.33191158,512002,0,512002,33761
v1,e7bd16a8ad2be3cb1a245ce7fe4d8ea167164025,direct,octree_nfcount,flyby,6,211,211,1.204895973,0.3635840118,1.569792032,1.577362,1,0,-1,33553,29359,16,16,9173,31.24425219,17.4393542,512002,0,512002,33553
v1,e7bd16a8ad2be3cb1a245ce7fe4d8ea167164025,direct,octree_nfcount,flyby,6,212,212,1.526847959,0.4906240106,2.019743919,2.027239,1,0,-1,33601,29401,16,16,9230,31.39349002,17.41444169,512002,0,512002,33601
v1,e7bd16a8ad2be3cb1a245ce7fe4d8ea167164025,direct,octree_nfcount,flyby,6,213,213,1.556735992,0.3596479893,1.917600036,1.925285,1,0,-1,33481,29296,16,16,9234,31.51966139,17.47685691,512002,0,512002,33481
v1,e7bd16a8ad2be3cb1a245ce7fe4d8ea167164025,direct,octree_nfcount,flyby,6,214,214,1.550655961,0.4937599897,2.046911955,2.054437,1,0,-1,33705,29492,16,16,9321,31.60518107,17.36070799,512002,0,512002,33705
v1,e7bd16a8ad2be3cb1a245ce7fe4d8ea167164025,direct,octree_nfcount,flyby,6,215,215,1.218368053,0.3643839955,1.583968043,1.591533,1,0,-1,33617,29415,16,16,9205,31.29355771,17.40615332,512002,0,512002,33617
v1,e7bd16a8ad2be3cb1a245ce7fe4d8ea167164025,direct,octree_nfcount,flyby,6,216,216,1.554880023,0.4905920029,2.047679901,2.055334,1,0,-1,33881,29646,16,16,9402,31.71422789,17.27052553,512002,0,512002,33881
v1,e7bd16a8ad2be3cb1a245ce7fe4d8ea167164025,direct,octree_nfcount,flyby,6,217,217,1.546303988,0.3601920009,1.90774405,1.913937,1,0,-1,33745,29527,16,16,9249,31.32387307,17.34012937,512002,0,512002,33745
v1,e7bd16a8ad2be3cb1a245ce7fe4d8ea167164025,direct,octree_nfcount,flyby,6,218,218,1.598528028,0.4895359874,2.090240002,2.09758,1,0,-1,33801,29576,16,16,9333,31.55599134,17.31140114,512002,0,512002,33801
v1,e7bd16a8ad2be3cb1a245ce7fe4d8ea167164025,direct,octree_nfcount,flyby,6,219,219,1.556416035,0.4936960042,2.051712036,2.059861,1,0,-1,33817,29590,16,16,9308,31.45657317,17.30321054,512002,0,512002,33817
v1,e7bd16a8ad2be3cb1a245ce7fe4d8ea167164025,direct,octree_nfcount,flyby,6,220,220,1.241696,0.3644480109,1.607391953,1.615377,1,0,-1,33561,29366,16,16,9197,31.31853164,17.43519717,512002,0,512002,33561
v1,e7bd16a8ad2be3cb1a245ce7fe4d8ea167164025,direct,octree_nfcount,flyby,6,221,221,1.570912004,0.4903999865,2.062911987,2.070095,1,0,-1,33849,29618,16,16,9387,31.69356472,17.28685259,512002,0,512002,33849
v1,e7bd16a8ad2be3cb1a245ce7fe4d8ea167164025,direct,octree_nfcount,flyby,6,222,222,1.569792032,0.4874880016,2.058880091,2.06603,1,0,-1,33905,29667,16,16,9322,31.42211885,17.25830047,512002,0,512002,33905
v1,e7bd16a8ad2be3cb1a245ce7fe4d8ea167164025,direct,octree_nfcount,flyby,6,223,223,1.569599986,0.3584319949,1.929280043,1.936499,1,0,-1,33873,29639,16,16,9312,31.41806404,17.27460441,512002,0,512002,33873
v1,e7bd16a8ad2be3cb1a245ce7fe4d8ea167164025,direct,octree_nfcount,flyby,6,224,224,1.218943954,0.3616319895,1.582080007,1.588803,1,0,-1,33657,29450,16,16,9102,30.90662139,17.38546689,512002,0,512002,33657
v1,e7bd16a8ad2be3cb1a245ce7fe4d8ea167164025,direct,octree_nfcount,flyby,6,225,225,1.510143995,0.4946880043,2.007040024,2.014719,1,0,-1,34041,29786,16,16,9389,31.52152018,17.1893507,512002,0,512002,34041
v1,e7bd16a8ad2be3cb1a245ce7fe4d8ea167164025,direct,octree_nfcount,flyby,6,226,226,1.515840054,0.3648000062,1.881888032,1.889419,1,0,-1,33681,29471,16,16,9064,30.7556581,17.37307862,512002,0,512002,33681
v1,e7bd16a8ad2be3cb1a245ce7fe4d8ea167164025,direct,octree_nfcount,flyby,6,227,227,1.524031997,0.4896639884,2.015295982,2.022939,1,0,-1,33745,29527,16,16,9200,31.15792326,17.34012937,512002,0,512002,33745
v1,e7bd16a8ad2be3cb1a245ce7fe4d8ea167164025,direct,octree_nfcount,flyby,6,228,228,1.21884799,0.4917759895,1.71302402,1.720324,1,0,-1,33889,29653,16,16,9059,30.55002866,17.26644859,512002,0,512002,33889
v1,e7bd16a8ad2be3cb1a245ce7fe4d8ea167164025,direct,octree_nfcount,flyby,6,229,229,1.516960025,0.3634240031,1.88163197,1.889689,1,0,-1,33801,29576,16,16,9115,30.81890722,17.31140114,512002,0,512002,33801
v1,e7bd16a8ad2be3cb1a245ce7fe4d8ea167164025,direct,octree_nfcount,flyby,6,230,230,1.529279947,0.485439986,2.016927958,2.024305,1,0,-1,33945,29702,16,16,9118,30.69826948,17.23796377,512002,0,512002,33945
v1,e7bd16a8ad2be3cb1a245ce7fe4d8ea167164025,direct,octree_nfcount,flyby,6,231,231,1.566624045,0.4917440116,2.059967995,2.067539,1,0,-1,34049,29793,16,16,9222,30.9535797,17.18531199,512002,0,512002,34049
v1,e7bd16a8ad2be3cb1a245ce7fe4d8ea167164025,direct,octree_nfcount,flyby,6,232,232,1.230015993,0.3634560108,1.594720006,1.602942,1,0,-1,34001,29751,16,16,9144,30.73510134,17.20957279,512002,0,512002,34001
v1,e7bd16a8ad2be3cb1a245ce7fe4d8ea167164025,direct,octree_nfcount,flyby,6,233,233,1.491840005,0.3605439961,1.853600025,1.861725,1,0,-1,33945,29702,16,16,9191,30.94404417,17.23796377,512002,0,512002,33945
v1,e7bd16a8ad2be3cb1a245ce7fe4d8ea167164025,direct,octree_nfcount,flyby,6,234,234,1.538848042,0.4906240106,2.031744003,2.039571,1,0,-1,34265,29982,16,16,9202,30.69174838,17.07697952,512002,0,512002,34265
v1,e7bd16a8ad2be3cb1a245ce7fe4d8ea167164025,direct,octree_nfcount,flyby,6,235,235,1.566496015,0.3654080033,1.93315196,1.941198,1,0,-1,34161,29891,16,16,9175,30.69485798,17.12896859,512002,0,512002,34161
v1,e7bd16a8ad2be3cb1a245ce7fe4d8ea167164025,direct,octree_nfcount,flyby,6,236,236,1.54527998,0.3604480028,1.907359958,1.913507,1,0,-1,34145,29877,16,16,9250,30.96027044,17.13699501,512002,0,512002,34145
v1,e7bd16a8ad2be3cb1a245ce7fe4d8ea167164025,direct,octree_nfcount,flyby,6,237,237,1.229024053,0.3615039885,1.591743946,1.599378,1,0,-1,34017,29765,16,16,9029,30.33428523,17.20147825,512002,0,512002,34017
v1,e7bd16a8ad2be3cb1a245ce7fe4d8ea167164025,direct,octree_nfcount,flyby,6,238,238,1.554368019,0.4895679951,2.046335936,2.053652,1,0,-1,34161,29891,16,16,9228,30.87216888,17.12896859,512002,0,512002,34161
v1,e7bd16a8ad2be3cb1a245ce7fe4d8ea167164025,direct,octree_nfcount,flyby,6,239,239,1.577535987,0.3542720079,1.933055997,1.940355,1,0,-1,34161,29891,16,16,9090,30.41049145,17.12896859,512002,0,512002,34161
v1,e7bd16a8ad2be3cb1a245ce7fe4d8ea167164025,direct,octree_nfcount,flyby,6,240,240,1.61056006,0.3614079952,1.973216057,1.980703,1,0,-1,34153,29884,16,16,9185,30.73551064,17.13298086,512002,0,512002,34153
v1,e7bd16a8ad2be3cb1a245ce7fe4d8ea167164025,direct,octree_nfcount,flyby,6,241,241,1.217792034,0.4896639884,1.709663987,1.717638,1,0,-1,34249,29968,16,16,9148,30.52589429,17.08495729,512002,0,512002,34249
v1,e7bd16a8ad2be3cb1a245ce7fe4d8ea167164025,direct,octree_nfcount,flyby,6,242,242,1.512992024,0.3606399894,1.874912024,1.883069,1,0,-1,34137,29870,16,16,9176,30.71978574,17.14101105,512002,0,512002,34137
v1,e7bd16a8ad2be3cb1a245ce7fe4d8ea167164025,direct,octree_nfcount,flyby,6,243,243,1.631360054,0.489695996,2.122656107,2.130454,1,0,-1,34193,29919,16,16,9142,30.55583409,17.11293827,512002,0,512002,34193
v1,e7bd16a8ad2be3cb1a245ce7fe4d8ea167164025,direct,octree_nfcount,flyby,6,244,244,1.593600035,0.4926080108,2.08784008,2.095544,1,0,-1,34417,30115,16,16,9288,30.8417732,17.00156068,512002,0,512002,34417
v1,e7bd16a8ad2be3cb1a245ce7fe4d8ea167164025,direct,octree_nfcount,flyby,6,245,245,1.206976056,0.3606399894,1.568863988,1.576118,1,0,-1,34297,30010,16,16,9068,30.21659447,17.06104632,512002,0,512002,34297
v1,e7bd16a8ad2be3cb1a245ce7fe4d8ea167164025,direct,octree_nfcount,flyby,6,246,246,1.502912045,0.4916160107,1.996672034,2.004335,1,0,-1,34337,30045,16,16,9146,30.44100516,17.04117158,512002,0,512002,34337
v1,e7bd16a8ad2be3cb1a245ce7fe4d8ea167164025,direct,octree_nfcount,flyby,6,247,247,1.553151965,0.3605439961,1.914976001,1.922744,1,0,-1,34057,29800,16,16,8981,30.13758389,17.18127517,512002,0,512002,34057
v1,e7bd16a8ad2be3cb1a245ce7fe4d8ea167164025,direct,octree_nfcount,flyby,6,248,248,1.573600054,0.4907200038,2.066495895,2.074318,1,0,-1,34241,29961,16,16,9202,30.71326057,17.08894897,512002,0,512002,34241
v1,e7bd16a8ad2be3cb1a245ce7fe4d8ea167164025,direct,octree_nfcount,flyby,6,249,249,1.232480049,0.4938240051,1.728512049,1.73608,1,0,-1,34377,30080,16,16,9254,30.76462766,17.02134309,512002,0,512002,34377
v1,e7bd16a8ad2be3cb1a245ce7fe4d8ea167164025,direct,octree_nfcount,flyby,6,250,250,1.249024034,0.4864639938,1.737087965,1.743023,1,0,-1,34441,30136,16,16,9301,30.86341917,16.9897133,512002,0,512002,34441
v1,e7bd16a8ad2be3cb1a245ce7fe4d8ea167164025,direct,octree_nfcount,flyby,6,251,251,1.525215983,0.362560004,1.889024019,1.897079,1,0,-1,34193,29919,16,16,9082,30.35529262,17.11293827,512002,0,512002,34193
v1,e7bd16a8ad2be3cb1a245ce7fe4d8ea167164025,direct,octree_nfcount,flyby,6,252,252,1.585376024,0.3605439961,1.947136045,1.954607,1,0,-1,34081,29821,16,16,9099,30.51205526,17.16917608,512002,0,512002,34081
v1,e7bd16a8ad2be3cb1a245ce7fe4d8ea167164025,direct,octree_nfcount,flyby,6,253,253,1.233024001,0.4897919893,1.724544048,1.731822,1,0,-1,34385,30087,16,16,9075,30.16252867,17.01738292,512002,0,512002,34385
v1,e7bd16a8ad2be3cb1a245ce7fe4d8ea167164025,direct,octree_nfcount,flyby,6,254,254,1.501503944,0.3606399894,1.863391995,1.869968,1,0,-1,34385,30087,16,16,9173,30.48825074,17.01738292,512002,0,512002,34385
v1,e7bd16a8ad2be3cb1a245ce7fe4d8ea167164025,direct,octree_nfcount,flyby,6,255,255,1.54102397,0.4873279929,2.029952049,2.037386,1,0,-1,34393,30094,16,16,9045,30.05582508,17.0134246,512002,0,512002,34393
v1,e7bd16a8ad2be3cb1a245ce7fe4d8ea167164025,direct,octree_nfcount,flyby,6,256,256,1.583423972,0.4903680086,2.075999975,2.083139,1,0,-1,34505,30192,16,16,9108,30.16693164,16.95820085,512002,0,512002,34505
v1,e7bd16a8ad2be3cb1a245ce7fe4d8ea167164025,direct,octree_nfcount,flyby,6,257,257,1.596575975,0.3596160114,1.957471967,1.964206,1,0,-1,34281,29996,16,16,9069,30.2340312,17.0690092,512002,0,512002,34281
v1,e7bd16a8ad2be3cb1a245ce7fe4d8ea167164025,direct,octree_nfcount,flyby,6,258,258,1.230720043,0.362688005,1.594655991,1.602357,1,0,-1,34225,29947,16,16,9066,30.27348315,17.09693792,512002,0,512002,34225
v1,e7bd16a8ad2be3cb1a245ce7fe4d8ea167164025,direct,octree_nfcount,flyby,6,259,259,1.537184,0.4906559885,2.030015945,2.036963,1,0,-1,34433,30129,16,16,9189,30.49885492,16.99366059,512002,0,512002,34433
v1,e7bd16a8ad2be3cb1a245ce7fe4d8ea167164025,direct,octree_nfcount,flyby,6,260,260,1.273823977,0.3607040048,1.635743976,1.643061,1,0,-1,34193,29919,16,16,9051,30.25167953,17.11293827,512002,0,512002,34193
v1,e7bd16a8ad2be3cb1a245ce7fe4d8ea167164025,direct,octree_nfcount,flyby,6,261,261,1.563040018,0.4926719964,2.057919979,2.06536,1,0,-1,34545,30227,16,16,9124,30.184934,16.93856486,512002,0,512002,34545
v1,e7bd16a8ad2be3cb1a245ce7fe4d8ea167164025,direct,octree_nfcount,flyby,6,262,262,1.247712016,0.3615039885,1.610463977,1.617567,1,0,-1,34305,30017,16,16,9107,30.3394743,17.05706766,512002,0,512002,34305
v1,e7bd16a8ad2be3cb1a245ce7fe4d8ea167164025,direct,octree_nfcount,flyby,6,263,263,1.545567989,0.3590719998,1.905856013,1.913424,1,0,-1,34137,29870,16,16,9007,30.15400067,17.14101105,512002,0,512002,34137
v1,e7bd16a8ad2be3cb1a245ce7fe4d8ea167164025,direct,octree_nfcount,flyby,6,264,264,1.55846405,0.4864000082,2.047071934,2.054559,1,0,-1,34249,29968,16,16,9046,30.18553123,17.08495729,512002,0,512002,34249
v1,e7bd16a8ad2be3cb1a245ce7fe4d8ea167164025,direct,octree_nfcount,flyby,6,265,265,1.551295996,0.3575359881,1.910079956,1.91791,1,0,-1,34041,29786,16,16,8960,30.08124622,17.1893507,512002,0,512002,34041
v1,e7bd16a8ad2be3cb1a245ce7fe4d8ea167164025,direct,octree_nfcount,flyby,6,266,266,1.218176007,0.3585920036,1.577983975,1.585521,1,0,-1,33897,29660,16,16,8768,29.56169926,17.26237357,512002,0,512002,33897
v1,e7bd16a8ad2be3cb1a245ce7fe4d8ea167164025,direct,octree_nfcount,flyby,6,267,267,1.520576,0.4906240106,2.012799978,2.020426,1,0,-1,33961,29716,16,16,8923,30.02759456,17.22984251,512002,0,512002,33961
v1,e7bd16a8ad2be3cb1a245ce7fe4d8ea167164025,direct,octree_nfcount,flyby,6,268,268,1.549759984,0.3616960049,1.912832022,1.920257,1,0,-1,33753,29534,16,16,8812,29.83679827,17.3360195,512002,0,512002,33753
v1,e7bd16a8ad2be3cb1a245ce7fe4d8ea167164025,direct,octree_nfcount,flyby,6,269,269,1.547999978,0.4861440063,2.035743952,2.042505,1,0,-1,34129,29863,16,16,8938,29.93001373,17.14502897,512002,0,512002,34129
v1,e7bd16a8ad2be3cb1a245ce7fe4d8ea167164025,direct,octree_nfcount,flyby,6,270,270,1.210399985,0.3636159897,1.575232029,1.582946,1,0,-1,33881,29646,16,16,8900,30.02091345,17.27052553,512002,0,512002,33881
v1,e7bd16a8ad2be3cb1a245ce7fe4d8ea167164025,direct,octree_nfcount,flyby,6,271,271,1.532287955,0.4886080027,2.022495985,2.029855,1,0,-1,34137,29870,16,16,9024,30.21091396,17.14101105,512002,0,512002,34137
v1,e7bd16a8ad2be3cb1a245ce7fe4d8ea167164025,direct,octree_nfcount,flyby,6,272,272,1.560096025,0.355392009,1.916704059,1.92245,1,0,-1,34041,29786,16,16,8796,29.53065198,17.1893507,512002,0,512002,34041
v1,e7bd16a8ad2be3cb1a245ce7fe4d8ea167164025,direct,octree_nfcount,flyby,6,273,273,1.535455942,0.4917759895,2.029472113,2.036833,1,0,-1,34313,30024,16,16,9019,30.03930189,17.05309086,512002,0,512002,34313
v1,e7bd16a8ad2be3cb1a245ce7fe4d8ea167164025,direct,octree_nfcount,flyby,6,274,274,1.224192023,0.3596479893,1.585119963,1.592682,1,0,-1,34209,29933,16,16,8826,29.48585174,17.10493435,512002,0,512002,34209
v1,e7bd16a8ad2be3cb1a245ce7fe4d8ea167164025,direct,octree_nfcount,flyby,6,275,275,1.563456059,0.3647679985,1.929504037,1.937027,1,0,-1,33881,29646,16,16,8721,29.41712204,17.27052553,512002,0,512002,33881
v1,e7bd16a8ad2be3cb1a245ce7fe4d8ea167164025,direct,octree_nfcount,flyby,6,276,276,1.552479982,0.3643839955,1.91811204,1.925592,1,0,-1,33737,29520,16,16,8613,29.17682927,17.34424119,512002,0,512002,33737
v1,e7bd16a8ad2be3cb1a245ce7fe4d8ea167164025,direct,octree_nfcount,flyby,6,277,277,1.565215945,0.4852159917,2.052063942,2.058418,1,0,-1,33873,29639,16,16,8762,29.56240089,17.27460441,512002,0,512002,33873
v1,e7bd16a8ad2be3cb1a245ce7fe4d8ea167164025,direct,octree_nfcount,flyby,6,278,278,1.224063993,0.4823679924,1.708032012,1.714803,1,0,-1,34017,29765,16,16,8710,29.26255669,17.20147825,512002,0,512002,34017
v1,e7bd16a8ad2be3cb1a245ce7fe4d8ea167164025,direct,octree_nfcount,flyby,6,279,279,1.543967962,0.3552320004,1.900447965,1.906884,1,0,-1,33817,29590,16,16,8751,29.57418047,17.30321054,512002,0,512002,33817
v1,e7bd16a8ad2be3cb1a245ce7fe4d8ea167164025,direct,octree_nfcount,flyby,6,280,280,1.541535974,0.4916160107,2.034751892,2.0421,1,0,-1,33825,29597,16,16,8615,29.10767983,17.29911815,512002,0,512002,33825
v1,e7bd16a8ad2be3cb1a245ce7fe4d8ea167164025,direct,octree_nfcount,flyby,6,281,281,1.537503958,0.3604480028,1.899168015,1.906225,1,0,-1,33721,29506,16,16,8687,29.44146953,17.35247068,512002,0,512002,33721
v1,e7bd16a8ad2be3cb1a245ce7fe4d8ea167164025,direct,octree_nfcount,flyby,6,282,282,1.213119984,0.3616960049,1.576032043,1.583205,1,0,-1,33585,29387,16,16,8584,29.21019498,17.42273795,512002,0,512002,33585
v1,e7bd16a8ad2be3cb1a245ce7fe4d8ea167164025,direct,octree_nfcount,flyby,6,283,283,1.513152003,0.3657279909,1.880095959,1.887416,1,0,-1,33545,29352,16,16,8669,29.53461434,17.44351322,512002,0,512002,33545
v1,e7bd16a8ad2be3cb1a245ce7fe4d8ea167164025,direct,octree_nfcount,flyby,6,284,284,1.547072053,0.362304002,1.91059196,1.917484,1,0,-1,33521,29331,16,16,8583,29.26255498,17.45600218,512002,0,512002,33521
v1,e7bd16a8ad2be3cb1a245ce7fe4d8ea167164025,direct,octree_nfcount,flyby,6,285,285,1.55705595,0.4896639884,2.048320055,2.055092,1,0,-1,33657,29450,16,16,8599,29.19864177,17.38546689,512002,0,512002,33657
v1,e7bd16a8ad2be3cb1a245ce7fe4d8ea167164025,direct,octree_nfcount,flyby,6,286,286,1.206719995,0.366719991,1.57465601,1.582762,1,0,-1,33633,29429,16,16,8545,29.03598491,17.39787285,512002,0,512002,33633
v1,e7bd16a8ad2be3cb1a245ce7fe4d8ea167164025,direct,octree_nfcount,flyby,6,287,287,1.532799959,0.3636159897,1.897663951,1.904426,1,0,-1,33457,29275,16,16,8618,29.43808711,17.48939368,512002,0,512002,33457
v1,e7bd16a8ad2be3cb1a245ce7fe4d8ea167164025,direct,octree_nfcount,flyby,6,288,288,1.565600038,0.4927679896,2.059967995,2.067181,1,0,-1,33577,29380,16,16,8494,28.91082369,17.42688904,512002,0,512002,33577
v1,e7bd16a8ad2be3cb1a245ce7fe4d8ea167164025,direct,octree_nfcount,flyby,6,289,289,1.514719963,0.4916160107,2.007967949,2.015278,1,0,-1,33705,29492,16,16,8598,29.15366879,17.36070799,512002,0,512002,33705
v1,e7bd16a8ad2be3cb1a245ce7fe4d8ea167164025,direct,octree_nfcount,flyby,6,290,290,1.221375942,0.3616960049,1.584319949,1.591462,1,0,-1,33617,29415,16,16,8435,28.67584566,17.40615332,512002,0,512002,33617
v1,e7bd16a8ad2be3cb1a245ce7fe4d8ea167164025,direct,octree_nfcount,flyby,6,291,291,1.512639999,0.4882560074,2.002111912,2.009049,1,0,-1,33825,29597,16,16,8637,29.18201169,17.29911815,512002,0,512002,33825
v1,e7bd16a8ad2be3cb1a245ce7fe4d8ea167164025,direct,octree_nfcount,flyby,6,292,292,1.275359988,0.3605439961,1.637120008,1.644665,1,0,-1,33617,29415,16,16,8519,28.96141424,17.40615332,512002,0,512002,33617
v1,e7bd16a8ad2be3cb1a245ce7fe4d8ea167164025,direct,octree_nfcount,flyby,6,293,293,1.507423997,0.488447994,1.998047948,2.00522,1,0,-1,33873,29639,16,16,8592,28.98883228,17.27460441,512002,0,512002,33873
v1,e7bd16a8ad2be3cb1a245ce7fe4d8ea167164025,direct,octree_nfcount,flyby,6,294,294,1.217664003,0.3606719971,1.579584002,1.587039,1,0,-1,33593,29394,16,16,8516,28.97189903,17.41858883,512002,0,512002,33593
v1,e7bd16a8ad2be3cb1a245ce7fe4d8ea167164025,direct,octree_nfcount,flyby,6,295,295,1.242048025,0.4937599897,1.738016009,1.745743,1,0,-1,33697,29485,16,16,8566,29.05206037,17.36482957,512002,0,512002,33697
v1,e7bd16a8ad2be3cb1a245ce7fe4d8ea167164025,direct,octree_nfcount,flyby,6,296,296,1.540704012,0.3634560108,1.905408025,1.913557,1,0,-1,33649,29443,16,16,8572,29.11388106,17.38960024,512002,0,512002,33649
v1,e7bd16a8ad2be3cb1a245ce7fe4d8ea167164025,direct,octree_nfcount,flyby,6,297,297,1.537696004,0.4892799854,2.029184103,2.036164,1,0,-1,33945,29702,16,16,8703,29.30105717,17.23796377,512002,0,512002,33945
v1,e7bd16a8ad2be3cb1a245ce7fe4d8ea167164025,direct,octree_nfcount,flyby,6,298,298,1.211519957,0.3603839874,1.573119998,1.579951,1,0,-1,33577,29380,16,16,8444,28.74063989,17.42688904,512002,0,512002,33577
v1,e7bd16a8ad2be3cb1a245ce7fe4d8ea167164025,direct,octree_nfcount,flyby,6,299,299,1.492511988,0.4877440035,1.981855989,1.9888,1,0,-1,33641,29436,16,16,8579,29.14458486,17.39373556,512002,0,512002,33641
v1,e7bd16a8ad2be3cb1a245ce7fe4d8ea167164025,direct,octree_nfcount,flyby,6,300,300,1.557152033,0.4927999973,2.052160025,2.059405,1,0,-1,33705,29492,16,16,8650,29.32998779,17.36070799,512002,0,512002,33705
v1,e7bd16a8ad2be3cb1a245ce7fe4d8ea167164025,direct,octree_nfcount,flyby,6,301,301,1.51731205,0.4884800017,2.00739193,2.01471,1,0,-1,33793,29569,16,16,8706,29.44299773,17.31549934,512002,0,512002,33793
v1,e7bd16a8ad2be3cb1a245ce7fe4d8ea167164025,direct,octree_nfcount,flyby,6,302,302,1.211135983,0.3635840118,1.575968027,1.583688,1,0,-1,33441,29261,16,16,8519,29.11383753,17.49776153,512002,0,512002,33441
v1,e7bd16a8ad2be3cb1a245ce7fe4d8ea167164025,direct,octree_nfcount,flyby,6,303,303,1.550112009,0.4894720018,2.041759968,2.048773,1,0,-1,33545,29352,16,16,8540,29.09512129,17.44351322,512002,0,512002,33545
v1,e7bd16a8ad2be3cb1a245ce7fe4d8ea167164025,direct,octree_nfcount,flyby,6,304,304,1.541120052,0.4926399887,2.036031961,2.042797,1,0,-1,33729,29513,16,16,8663,29.3531664,17.34835496,512002,0,512002,33729
v1,e7bd16a8ad2be3cb1a245ce7fe4d8ea167164025,direct,octree_nfcount,flyby,6,305,305,1.523936033,0.4896639884,2.015743971,2.022958,1,0,-1,34017,29765,16,16,8710,29.26255669,17.20147825,512002,0,512002,34017
v1,e7bd16a8ad2be3cb1a245ce7fe4d8ea167164025,direct,octree_nfcount,flyby,6,306,306,1.204192042,0.3617599905,1.567232013,1.57333,1,0,-1,33625,29422,16,16,8506,28.9103392,17.4020121,512002,0,512002,33625
v1,e7bd16a8ad2be3cb1a245ce7fe4d8ea167164025,direct,octree_nfcount,flyby,6,307,307,1.550336003,0.4904960096,2.04243207,2.049675,1,0,-1,33785,29562,16,16,8704,29.44320411,17.31959949,512002,0,512002,33785
v1,e7bd16a8ad2be3cb1a245ce7fe4d8ea167164025,direct,octree_nfcount,flyby,6,308,308,1.563712001,0.4876160026,2.053663969,2.060911,1,0,-1,33793,29569,16,16,8707,29.44637965,17.31549934,512002,0,512002,33793
v1,e7bd16a8ad2be3cb1a245ce7fe4d8ea167164025,direct,octree_nfcount,flyby,6,309,309,1.247903943,0.4902079999,1.739359975,1.746948,1,0,-1,34009,29758,16,16,8685,29.18542913,17.20552456,512002,0,512002,34009
v1,e7bd16a8ad2be3cb1a245ce7fe4d8ea167164025,direct,octree_nfcount,flyby,6,310,310,1.249024034,0.4886400104,1.739264011,1.74633,1,0,-1,34041,29786,16,16,8768,29.43664809,17.1893507,512002,0,512002,34041
v1,e7bd16a8ad2be3cb1a245ce7fe4d8ea167164025,direct,octree_nfcount,flyby,6,311,311,1.540320039,0.362560004,1.904127955,1.911845,1,0,-1,33953,29709,16,16,8730,29.38503484,17.23390218,512002,0,512002,33953
v1,e7bd16a8ad2be3cb1a245ce7fe4d8ea167164025,direct,octree_nfcount,flyby,6,312,312,1.544672012,0.3582719862,1.904191971,1.910599,1,0,-1,33857,29625,16,16,8650,29.19831224,17.28276793,512002,0,512002,33857
v1,e7bd16a8ad2be3cb1a245ce7fe4d8ea167164025,direct,octree_nfcount,flyby,6,313,313,1.21955204,0.3552320004,1.575999975,1.582822,1,0,-1,33793,29569,16,16,8521,28.81734249,17.31549934,512002,0,512002,33793
v1,e7bd16a8ad2be3cb1a245ce7fe4d8ea167164025,direct,octree_nfcount,flyby,6,314,314,1.527423978,0.4923839867,2.021440029,2.028842,1,0,-1,33937,29695,16,16,8576,28.88028288,17.24202728,512002,0,512002,33937
v1,e7bd16a8ad2be3cb1a245ce7fe4d8ea167164025,direct,octree_nfcount,flyby,6,315,315,1.553856015,0.362560004,1.917695999,1.925372,1,0,-1,33785,29562,16,16,8448,28.57722752,17.31959949,512002,0,512002,33785
v1,e7bd16a8ad2be3cb1a245ce7fe4d8ea167164025,direct,octree_nfcount,flyby,6,316,316,1.54995203,0.3604800105,1.911648035,1.918208,1,0,-1,33625,29422,16,16,8515,28.94092856,17.4020121,512002,0,512002,33625
v1,e7bd16a8ad2be3cb1a245ce7fe4d8ea167164025,direct,octree_nfcount,flyby,6,317,317,1.207103968,0.4916799963,1.700384021,1.70727,1,0,-1,33865,29632,16,16,8536,28.80669546,17.27868521,512002,0,512002,33865
v1,e7bd16a8ad2be3cb1a245ce7fe4d8ea167164025,direct,octree_nfcount,flyby,6,318,318,1.494143963,0.3596160114,1.855008006,1.862284,1,0,-1,33801,29576,16,16,8504,28.75304301,17.31140114,512002,0,512002,33801
v1,e7bd16a8ad2be3cb1a245ce7fe4d8ea167164025,direct,octree_nfcount,flyby,6,319,319,1.57337606,0.3597120047,1.934303999,1.941215,1,0,-1,33769,29548,16,16,8460,28.63137945,17.3278056,512002,0,512002,33769
v1,e7bd16a8ad2be3cb1a245ce7fe4d8ea167164025,direct,octree_nfcount,flyby,6,320,320,1.57478404,0.4864639938,2.06329608,2.070245,1,0,-1,33929,29688,16,16,8596,28.95445971,17.2460927,512002,0,512002,33929
v1,e7bd16a8ad2be3cb1a245ce7fe4d8ea167164025,direct,octree_nfcount,flyby,6,321,321,1.214560032,0.4855360091,1.701727986,1.708377,1,0,-1,33953,29709,16,16,8421,28.34494598,17.23390218,512002,0,512002,33953
v1,e7bd16a8ad2be3cb1a245ce7fe4d8ea167164025,direct,octree_nfcount,flyby,6,322,322,1.537312031,0.4886719882,2.027584076,2.034527,1,0,-1,34017,29765,16,16,8536,28.67797749,17.20147825,512002,0,512002,34017
v1,e7bd16a8ad2be3cb1a245ce7fe4d8ea167164025,direct,octree_nfcount,flyby,6,323,323,1.536064029,0.356543988,1.893856049,1.899747,1,0,-1,33945,29702,16,16,8546,28.77247323,17.23796377,512002,0,512002,33945
v1,e7bd16a8ad2be3cb1a245ce7fe4d8ea167164025,direct,octree_nfcount,flyby,6,324,324,1.536031961,0.4835520089,2.021823883,2.027833,1,0,-1,34001,29751,16,16,8547,28.7284461,17.20957279,512002,0,512002,34001
v1,e7bd16a8ad2be3cb1a245ce7fe4d8ea167164025,direct,octree_nfcount,flyby,6,325,325,1.221215963,0.3572160006,1.579679966,1.586724,1,0,-1,33961,29716,16,16,8410,28.30125185,17.22984251,512002,0,512002,33961
v1,e7bd16a8ad2be3cb1a245ce7fe4d8ea167164025,direct,octree_nfcount,flyby,6,326,326,1.522336006,0.4845759869,2.008543968,2.014356,1,0,-1,34185,29912,16,16,8569,28.64736561,17.11694303,512002,0,512002,34185
v1,e7bd16a8ad2be3cb1a245ce7fe4d8ea167164025,direct,octree_nfcount,flyby,6,327,327,1.604128003,0.3586240113,1.963968039,1.971052,1,0,-1,34121,29856,16,16,8600,28.80493033,17.14904877,512002,0,512002,34121
v1,e7bd16a8ad2be3cb1a245ce7fe4d8ea167164025,direct,octree_nfcount,flyby,6,328,328,1.567167997,0.4866240025,2.055360079,2.062455,1,0,-1,34353,30059,16,16,8681,28.87986959,17.03323464,512002,0,512002,34353
v1,e7bd16a8ad2be3cb1a245ce7fe4d8ea167164025,direct,octree_nfcount,flyby,6,329,329,1.228448033,0.3600639999,1.589856029,1.596718,1,0,-1,34097,29835,16,16,8555,28.67437573,17.16111949,512002,0,512002,34097
v1,e7bd16a8ad2be3cb1a245ce7fe4d8ea167164025,direct,octree_nfcount,flyby,6,330,330,1.55151999,0.3603520095,1.913087964,1.920432,1,0,-1,34025,29772,16,16,8523,28.62756953,17.19743383,512002,0,512002,34025
v1,e7bd16a8ad2be3cb1a245ce7fe4d8ea167164025,direct,octree_nfcount,flyby,6,331,331,1.566591978,0.3551680148,1.923007965,1.929574,1,0,-1,33993,29744,16,16,8472,28.48305541,17.21362292,512002,0,512002,33993
v1,e7bd16a8ad2be3cb1a245ce7fe4d8ea167164025,direct,octree_nfcount,flyby,6,332,332,1.56201601,0.3603839874,1.923648,1.93137,1,0,-1,33817,29590,16,16,8432,28.49611355,17.30321054,512002,0,512002,33817
v1,e7bd16a8ad2be3cb1a245ce7fe4d8ea167164025,direct,octree_nfcount,flyby,6,333,333,1.207136035,0.3606719971,1.569056034,1.576503,1,0,-1,33593,29394,16,16,8467,28.80519834,17.41858883,512002,0,512002,33593
v1,e7bd16a8ad2be3cb1a245ce7fe4d8ea167164025,direct,octree_nfcount,flyby,6,334,334,1.534816027,0.3592320085,1.89526403,1.902449,1,0,-1,33553,29359,16,16,8368,28.50233319,17.4393542,512002,0,512002,33553
v1,e7bd16a8ad2be3cb1a245ce7fe4d8ea167164025,direct,octree_nfcount,flyby,6,335,335,1.551455975,0.4907200038,2.044352055,2.055341,1,0,-1,33681,29471,16,16,8357,28.35668963,17.37307862,512002,0,512002,33681
v1,e7bd16a8ad2be3cb1a245ce7fe4d8ea167164025,direct,octree_nfcount,flyby,6,336,336,1.235072017,0.4885120094,1.725183964,1.73193,1,0,-1,33753,29534,16,16,8233,27.87634591,17.3360195,512002,0,512002,33753
v1,e7bd16a8ad2be3cb1a245ce7fe4d8ea167164025,direct,octree_nfcount,flyby,6,337,337,1.514976025,0.3607040048,1.876927972,1.884398,1,0,-1,33721,29506,16,16,8383,28.41117061,17.35247068,512002,0,512002,33721
v1,e7bd16a8ad2be3cb1a245ce7fe4d8ea167164025,direct,octree_nfcount,flyby,6,338,338,1.533951998,0.4921280146,2.027328014,2.034304,1,0,-1,33793,29569,16,16,8277,27.99215395,17.31549934,512002,0,512002,33793
v1,e7bd16a8ad2be3cb1a245ce7fe4d8ea167164025,direct,octree_nfcount,flyby,6,339,339,1.554592013,0.4927679896,2.04953599,2.056859,1,0,-1,33889,29653,16,16,8357,28.18264594,17.26644859,512002,0,512002,33889
v1,e7bd16a8ad2be3cb1a245ce7fe4d8ea167164025,direct,octree_nfcount,flyby,6,340,340,1.211967945,0.3624640107,1.57564795,1.58277,1,0,-1,33849,29618,16,16,8270,27.92220947,17.28685259,512002,0,512002,33849
v1,e7bd16a8ad2be3cb1a245ce7fe4d8ea167164025,direct,octree_nfcount,flyby,6,341,341,1.541375995,0.3636159897,1.906208038,1.913652,1,0,-1,33801,29576,16,16,8328,28.15796592,17.31140114,512002,0,512002,33801
v1,e7bd16a8ad2be3cb1a245ce7fe4d8ea167164025,direct,octree_nfcount,flyby,6,342,342,1.55846405,0.3646720052,1.92435205,1.931931,1,0,-1,33721,29506,16,16,8292,28.10275876,17.35247068,512002,0,512002,33721
v1,e7bd16a8ad2be3cb1a245ce7fe4d8ea167164025,direct,octree_nfcount,flyby,6,343,343,1.576895952,0.4974080026,2.075968027,2.084264,1,0,-1,33905,29667,16,16,8370,28.21316614,17.25830047,512002,0,512002,33905
v1,e7bd16a8ad2be3cb1a245ce7fe4d8ea167164025,direct,octree_nfcount,flyby,6,344,344,1.206719995,0.3644480109,1.572384,1.579711,1,0,-1,33673,29464,16,16,8245,27.98330166,17.37720608,512002,0,512002,33673
v1,e7bd16a8ad2be3cb1a245ce7fe4d8ea167164025,direct,octree_nfcount,flyby,6,345,345,1.525344014,0.4903039932,2.017855883,2.02483,1,0,-1,33969,29723,16,16,8508,28.62429768,17.22578475,512002,0,512002,33969
v1,e7bd16a8ad2be3cb1a245ce7fe4d8ea167164025,direct,octree_nfcount,flyby,6,346,346,1.534976006,0.3653439879,1.901535988,1.909573,1,0,-1,33881,29646,16,16,8408,28.36133036,17.27052553,512002,0,512002,33881
v1,e7bd16a8ad2be3cb1a245ce7fe4d8ea167164025,direct,octree_nfcount,flyby,6,347,347,1.60687995,0.3615680039,1.969663978,1.97752,1,0,-1,33825,29597,16,16,8318,28.10419975,17.29911815,512002,0,512002,33825
v1,e7bd16a8ad2be3cb1a245ce7fe4d8ea167164025,direct,octree_nfcount,flyby,6,348,348,1.214400053,0.3626239896,1.578271985,1.585432,1,0,-1,33681,29471,16,16,8292,28.13613383,17.37307862,512002,0,512002,33681
v1,e7bd16a8ad2be3cb1a245ce7fe4d8ea167164025,direct,octree_nfcount,flyby,6,349,349,1.553792,0.4937280118,2.049119949,2.056161,1,0,-1,33969,29723,16,16,8439,28.39215422,17.22578475,512002,0,512002,33969
v1,e7bd16a8ad2be3cb1a245ce7fe4d8ea167164025,direct,octree_nfcount,flyby,6,350,350,1.547327995,0.4905599952,2.040224075,2.047487,1,0,-1,33977,29730,16,16,8388,28.21392533,17.22172889,512002,0,512002,33977
v1,e7bd16a8ad2be3cb1a245ce7fe4d8ea167164025,direct,octree_nfcount,flyby,6,351,351,1.232192039,0.3616960049,1.595103979,1.602813,1,0,-1,33937,29695,16,16,8324,28.03165516,17.24202728,512002,0,512002,33937
v1,e7bd16a8ad2be3cb1a245ce7fe4d8ea167164025,direct,octree_nfcount,flyby,6,352,352,1.510048032,0.3647679985,1.876031995,1.883069,1,0,-1,33729,29513,16,16,8325,28.20790838,17.34835496,512002,0,512002,33729
v1,e7bd16a8ad2be3cb1a245ce7fe4d8ea167164025,direct,octree_nfcount,flyby,6,353,353,1.540032029,0.4927999973,2.035295963,2.042434,1,0,-1,33873,29639,16,16,8387,28.29717602,17.27460441,512002,0,512002,33873
v1,e7bd16a8ad2be3cb1a245ce7fe4d8ea167164025,direct,octree_nfcount,flyby,6,354,354,1.571648002,0.4893119931,2.062175989,2.069424,1,0,-1,33993,29744,16,16,8553,28.75537924,17.21362292,512002,0,512002,33993
v1,e7bd16a8ad2be3cb1a245ce7fe4d8ea167164025,direct,octree_nfcount,flyby,6,355,355,1.220255971,0.482656002,1.705183983,1.712066,1,0,-1,34009,29758,16,16,8452,28.4024464,17.20552456,512002,0,512002,34009
v1,e7bd16a8ad2be3cb1a245ce7fe4d8ea167164025,direct,octree_nfcount,flyby,6,356,356,1.537248015,0.3644799888,1.903007984,1.910152,1,0,-1,34009,29758,16,16,8429,28.32515626,17.20552456,512002,0,512002,34009
v1,e7bd16a8ad2be3cb1a245ce7fe4d8ea167164025,direct,octree_nfcount,flyby,6,357,357,1.588799953,0.4936319888,2.084543943,2.092258,1,0,-1,34017,29765,16,16,8351,28.05644213,17.20147825,512002,0,512002,34017
v1,e7bd16a8ad2be3cb1a245ce7fe4d8ea167164025,direct,octree_nfcount,flyby,6,358,358,1.519392014,0.4947519898,2.015743971,2.023021,1,0,-1,34185,29912,16,16,8461,28.2863065,17.11694303,512002,0,512002,34185
v1,e7bd16a8ad2be3cb1a245ce7fe4d8ea167164025,direct,octree_nfcount,flyby,6,359,359,1.230239987,0.4915199876,1.723968029,1.731148,1,0,-1,34289,30003,16,16,8389,27.96053728,17.06502683,512002,0,512002,34289
v1,e7bd16a8ad2be3cb1a245ce7fe4d8ea167164025,direct,octree_nfcount,flyby,6,360,360,1.526783943,0.3636479974,1.891680002,1.899498,1,0,-1,34241,29961,16,16,8507,28.39357832,17.08894897,512002,0,512002,34241
v1,e7bd16a8ad2be3cb1a245ce7fe4d8ea167164025,direct,octree_nfcount,flyby,6,361,361,1.535359979,0.3633919954,1.899968028,1.90793,1,0,-1,34097,29835,16,16,8438,28.28221887,17.16111949,512002,0,512002,34097
v1,e7bd16a8ad2be3cb1a245ce7fe4d8ea167164025,direct,octree_nfcount,flyby,6,362,362,1.524575949,0.3635840118,1.889376044,1.89702,1,0,-1,34017,29765,16,16,8300,27.88509995,17.20147825,512002,0,512002,34017
v1,e7bd16a8ad2be3cb1a245ce7fe4d8ea167164025,direct,octree_nfcount,flyby,6,363,363,1.218368053,0.360927999,1.580512047,1.587943,1,0,-1,33801,29576,16,16,8257,27.91790641,17.31140114,512002,0,512002,33801
v1,e7bd16a8ad2be3cb1a245ce7fe4d8ea167164025,direct,octree_nfcount,flyby,6,364,364,1.265759945,0.4917120039,1.759647965,1.766521,1,0,-1,33905,29667,16,16,8291,27.946877,17.25830047,512002,0,512002,33905
v1,e7bd16a8ad2be3cb1a245ce7fe4d8ea167164025,direct,octree_nfcount,flyby,6,365,365,1.543167949,0.4887039959,2.03404808,2.0414,1,0,-1,33929,29688,16,16,8293,27.93384532,17.2460927,512002,0,512002,33929
v1,e7bd16a8ad2be3cb1a245ce7fe4d8ea167164025,direct,octree_nfcount,flyby,6,366,366,1.202559948,0.3667519987,1.570592046,1.577992,1,0,-1,33649,29443,16,16,8063,27.38511701,17.38960024,512002,0,512002,33649
v1,e7bd16a8ad2be3cb1a245ce7fe4d8ea167164025,direct,octree_nfcount,flyby,6,367,367,1.503296018,0.4886719882,1.993600011,2.000223,1,0,-1,33841,29611,16,16,8275,27.94569586,17.29093918,512002,0,512002,33841
v1,e7bd16a8ad2be3cb1a245ce7fe4d8ea167164025,direct,octree_nfcount,flyby,6,368,368,1.516095996,0.3643839955,1.881824017,1.889044,1,0,-1,33633,29429,16,16,8211,27.90104998,17.39787285,512002,0,512002,33633
v1,e7bd16a8ad2be3cb1a245ce7fe4d8ea167164025,direct,octree_nfcount,flyby,6,369,369,1.555199981,0.4866240025,2.04399991,2.051137,1,0,-1,33809,29583,16,16,8213,27.76256634,17.30730487,512002,0,512002,33809
v1,e7bd16a8ad2be3cb1a245ce7fe4d8ea167164025,direct,octree_nfcount,flyby,6,370,370,1.20720005,0.3643519878,1.57280004,1.58064,1,0,-1,33625,29422,16,16,8023,27.26871049,17.4020121,512002,0,512002,33625
v1,e7bd16a8ad2be3cb1a245ce7fe4d8ea167164025,direct,octree_nfcount,flyby,6,371,371,1.50326395,0.4902079999,1.995872021,2.003436,1,0,-1,33881,29646,16,16,8182,27.59900155,17.27052553,512002,0,512002,33881
v1,e7bd16a8ad2be3cb1a245ce7fe4d8ea167164025,direct,octree_nfcount,flyby,6,372,372,1.538944006,0.3645440042,1.904736042,1.912869,1,0,-1,33857,29625,16,16,8145,27.49367089,17.28276793,512002,0,512002,33857
v1,e7bd16a8ad2be3cb1a245ce7fe4d8ea167164025,direct,octree_nfcount,flyby,6,373,373,1.530400038,0.4922240078,2.024800062,2.032987,1,0,-1,34081,29821,16,16,8280,27.76566849,17.16917608,512002,0,512002,34081
v1,e7bd16a8ad2be3cb1a245ce7fe4d8ea167164025,direct,octree_nfcount,flyby,6,374,374,1.215391994,0.3657599986,1.582368016,1.590362,1,0,-1,33809,29583,16,16,8124,27.46171788,17.30730487,512002,0,512002,33809
v1,e7bd16a8ad2be3cb1a245ce7fe4d8ea167164025,direct,octree_nfcount,flyby,6,375,375,1.53619206,0.4953919947,2.033216,2.040853,1,0,-1,33961,29716,16,16,8188,27.55417957,17.22984251,512002,0,512002,33961
v1,e7bd16a8ad2be3cb1a245ce7fe4d8ea167164025,direct,octree_nfcount,flyby,6,376,376,1.54697597,0.4876480103,2.036832094,2.043757,1,0,-1,34081,29821,16,16,8342,27.97357567,17.16917608,512002,0,512002,34081
v1,e7bd16a8ad2be3cb1a245ce7fe4d8ea167164025,direct,octree_nfcount,flyby,6,377,377,1.230975986,0.4885439873,1.721088052,1.728069,1,0,-1,34089,29828,16,16,8305,27.84296634,17.16514684,512002,0,512002,34089
v1,e7bd16a8ad2be3cb1a245ce7fe4d8ea167164025,direct,octree_nfcount,flyby,6,378,378,1.53392005,0.3606080115,1.895743966,1.903647,1,0,-1,34073,29814,16,16,8379,28.10424633,17.17320722,512002,0,512002,34073
v1,e7bd16a8ad2be3cb1a245ce7fe4d8ea167164025,direct,octree_nfcount,flyby,6,379,379,1.546111941,0.3654080033,1.912736058,1.92106,1,0,-1,33937,29695,16,16,8275,27.86664422,17.24202728,512002,0,512002,33937
v1,e7bd16a8ad2be3cb1a245ce7fe4d8ea167164025,direct,octree_nfcount,flyby,6,380,380,1.57891202,0.489695996,2.070944071,2.07849,1,0,-1,33977,29730,16,16,8300,27.91792802,17.22172889,512002,0,512002,33977
v1,e7bd16a8ad2be3cb1a245ce7fe4d8ea167164025,direct,octree_nfcount,flyby,6,381,381,1.213343978,0.3657599986,1.580320001,1.588396,1,0,-1,33897,29660,16,16,8129,27.40728254,17.26237357,512002,0,512002,33897
v1,e7bd16a8ad2be3cb1a245ce7fe4d8ea167164025,direct,octree_nfcount,flyby,6,382,382,1.533280015,0.4923520088,2.027712107,2.035155,1,0,-1,34025,29772,16,16,8243,27.68708854,17.19743383,512002,0,512002,34025
v1,e7bd16a8ad2be3cb1a245ce7fe4d8ea167164025,direct,octree_nfcount,flyby,6,383,383,1.548095942,0.4887039959,2.039232016,2.046625,1,0,-1,34089,29828,16,16,8235,27.60828752,17.16514684,512002,0,512002,34089
v1,e7bd16a8ad2be3cb1a245ce7fe4d8ea167164025,direct,octree_nfcount,flyby,6,384,384,1.565152049,0.4907520115,2.058367968,2.065328,1,0,-1,34273,29989,16,16,8358,27.87021908,17.07299343,512002,0,512002,34273
v1,e7bd16a8ad2be3cb1a245ce7fe4d8ea167164025,direct,octree_nfcount,flyby,6,385,385,1.218016028,0.362304002,1.581599951,1.589122,1,0,-1,33793,29569,16,16,8123,27.47133823,17.31549934,512002,0,512002,33793
v1,e7bd16a8ad2be3cb1a245ce7fe4d8ea167164025,direct,octree_nfcount,flyby,6,386,386,1.521824002,0.4921280146,2.016128063,2.023446,1,0,-1,33921,29681,16,16,8205,27.64394731,17.25016004,512002,0,512002,33921
v1,e7bd16a8ad2be3cb1a245ce7fe4d8ea167164025,direct,octree_nfcount,flyby,6,387,387,1.557983994,0.4884800017,2.048063993,2.055444,1,0,-1,33929,29688,16,16,8335,28.07531663,17.2460927,512002,0,512002,33929
v1,e7bd16a8ad2be3cb1a245ce7fe4d8ea167164025,direct,octree_nfcount,flyby,6,388,388,1.224832058,0.3647359908,1.590783954,1.598643,1,0,-1,33785,29562,16,16,8184,27.68418916,17.31959949,512002,0,512002,33785
v1,e7bd16a8ad2be3cb1a245ce7fe4d8ea167164025,direct,octree_nfcount,flyby,6,389,389,1.517696023,0.4934720099,2.013375998,2.021207,1,0,-1,33897,29660,16,16,8356,28.17262306,17.26237357,512002,0,512002,33897
v1,e7bd16a8ad2be3cb1a245ce7fe4d8ea167164025,direct,octree_nfcount,flyby,6,390,390,1.543840051,0.3625920117,1.907647967,1.914039,1,0,-1,33841,29611,16,16,8343,28.17534025,17.29093918,512002,0,512002,33841
v1,e7bd16a8ad2be3cb1a245ce7fe4d8ea167164025,direct,octree_nfcount,flyby,6,391,391,1.525311947,0.4868479967,2.013375998,2.019469,1,0,-1,33985,29737,16,16,8423,28.32498235,17.21767495,512002,0,512002,33985
v1,e7bd16a8ad2be3cb1a245ce7fe4d8ea167164025,direct,octree_nfcount,flyby,6,392,392,1.229279995,0.3606719971,1.591168046,1.598866,1,0,-1,33945,29702,16,16,8191,27.57726752,17.23796377,512002,0,512002,33945
v1,e7bd16a8ad2be3cb1a245ce7fe4d8ea167164025,direct,octree_nfcount,flyby,6,393,393,1.552960038,0.3586240113,1.91286397,1.918911,1,0,-1,33945,29702,16,16,8256,27.79610801,17.23796377,512002,0,512002,33945
v1,e7bd16a8ad2be3cb1a245ce7fe4d8ea167164025,direct,octree_nfcount,flyby,6,394,394,1.594431996,0.4875839949,2.083744049,2.091036,1,0,-1,33961,29716,16,16,8240,27.72916947,17.22984251,512002,0,512002,33961
v1,e7bd16a8ad2be3cb1a245ce7fe4d8ea167164025,direct,octree_nfcount,flyby,6,395,395,1.574975967,0.4907520115,2.068000078,2.075505,1,0,-1,34081,29821,16,16,8230,27.59800141,17.16917608,512002,0,512002,34081
v1,e7bd16a8ad2be3cb1a245ce7fe4d8ea167164025,direct,octree_nfcount,flyby,6,396,396,1.21686399,0.3636800051,1.581760049,1.589552,1,0,-1,33809,29583,16,16,8164,27.59693067,17.30730487,512002,0,512002,33809
v1,e7bd16a8ad2be3cb1a245ce7fe4d8ea167164025,direct,octree_nfcount,flyby,6,397,397,1.533311963,0.4884159863,2.023360014,2.030617,1,0,-1,33833,29604,16,16,8043,27.16862586,17.2950277,512002,0,512002,33833
v1,e7bd16a8ad2be3cb1a245ce7fe4d8ea167164025,direct,octree_nfcount,flyby,6,398,398,1.568735957,0.362560004,1.932543993,1.940076,1,0,-1,33785,29562,16,16,8177,27.66051011,17.31959949,512002,0,512002,33785
v1,e7bd16a8ad2be3cb1a245ce7fe4d8ea167164025,direct,octree_nfcount,flyby,6,399,399,1.22537601,0.3604800105,1.587072015,1.594328,1,0,-1,33705,29492,16,16,8043,27.27180252,17.36070799,512002,0,512002,33705
v1,e7bd16a8ad2be3cb1a245ce7fe4d8ea167164025,direct,octree_nfcount,flyby,6,400,400,1.523231983,0.4936319888,2.018464088,2.025181,1,0,-1,33777,29555,16,16,8284,28.02909829,17.32370157,512002,0,512002,33777
v1,e7bd16a8ad2be3cb1a245ce7fe4d8ea167164025,direct,octree_nfcount,flyby,6,401,401,1.554239988,0.3635199964,1.918975949,1.927303,1,0,-1,33641,29436,16,16,8135,27.63622775,17.39373556,512002,0,512002,33641
v1,e7bd16a8ad2be3cb1a245ce7fe4d8ea167164025,direct,octree_nfcount,flyby,6,402,402,1.551776052,0.4925760031,2.04598403,2.053089,1,0,-1,33913,29674,16,16,8271,27.87288535,17.25422929,512002,0,512002,33913
v1,e7bd16a8ad2be3cb1a245ce7fe4d8ea167164025,direct,octree_nfcount,flyby,6,403,403,1.224352002,0.3635840118,1.589215994,1.596788,1,0,-1,33729,29513,16,16,8137,27.57090096,17.34835496,512002,0,512002,33729
v1,e7bd16a8ad2be3cb1a245ce7fe4d8ea167164025,direct,octree_nfcount,flyby,6,404,404,1.547039986,0.4947839975,2.043488026,2.050959,1,0,-1,33777,29555,16,16,8135,27.52495348,17.32370157,512002,0,512002,33777
v1,e7bd16a8ad2be3cb1a245ce7fe4d8ea167164025,direct,octree_nfcount,flyby,6,405,405,1.605952024,0.3668160141,1.973984003,1.981319,1,0,-1,33585,29387,16,16,8032,27.33181339,17.42273795,512002,0,512002,33585
v1,e7bd16a8ad2be3cb1a245ce7fe4d8ea167164025,direct,octree_nfcount,flyby,6,406,406,1.513823986,0.4887039959,2.004703999,2.011043,1,0,-1,33817,29590,16,16,8088,27.33355863,17.30321054,512002,0,512002,33817
v1,e7bd16a8ad2be3cb1a245ce7fe4d8ea167164025,direct,octree_nfcount,flyby,6,407,407,1.227424026,0.362560004,1.591295958,1.597525,1,0,-1,33761,29541,16,16,8101,27.42290376,17.33191158,512002,0,512002,33761
v1,e7bd16a8ad2be3cb1a245ce7fe4d8ea167164025,direct,octree_nfcount,flyby,6,408,408,1.523167968,0.3668160141,1.891199946,1.899173,1,0,-1,33681,29471,16,16,8011,27.18265413,17.37307862,512002,0,512002,33681
v1,e7bd16a8ad2be3cb1a245ce7fe4d8ea167164025,direct,octree_nfcount,flyby,6,409,409,1.557279944,0.4874880016,2.047039986,2.054433,1,0,-1,33961,29716,16,16,8211,27.63157895,17.22984251,512002,0,512002,33961
v1,e7bd16a8ad2be3cb1a245ce7fe4d8ea167164025,direct,octree_nfcount,flyby,6,410,410,1.223584056,0.3657279909,1.590656042,1.598202,1,0,-1,33945,29702,16,16,8031,27.03858326,17.23796377,512002,0,512002,33945
v1,e7bd16a8ad2be3cb1a245ce7fe4d8ea167164025,direct,octree_nfcount,flyby,6,411,411,1.559936047,0.4937280118,2.055263996,2.062591,1,0,-1,34025,29772,16,16,8237,27.66693538,17.19743383,512002,0,512002,34025
v1,e7bd16a8ad2be3cb1a245ce7fe4d8ea167164025,direct,octree_nfcount,flyby,6,412,412,1.576159954,0.4907520115,2.068511963,2.075577,1,0,-1,34065,29807,16,16,8129,27.27211729,17.17724025,512002,0,512002,34065
v1,e7bd16a8ad2be3cb1a245ce7fe4d8ea167164025,direct,octree_nfcount,flyby,6,413,413,1.571936011,0.3647679985,1.937919974,1.945887,1,0,-1,33969,29723,16,16,8091,27.22134374,17.22578475,512002,0,512002,33969
v1,e7bd16a8ad2be3cb1a245ce7fe4d8ea167164025,direct,octree_nfcount,flyby,6,414,414,1.214720011,0.3655360043,1.581472039,1.589493,1,0,-1,33569,29373,16,16,8015,27.28696422,17.43104211,512002,0,512002,33569
v1,e7bd16a8ad2be3cb1a245ce7fe4d8ea167164025,direct,octree_nfcount,flyby,6,415,415,1.534335971,0.4901440144,2.025727987,2.033528,1,0,-1,33705,29492,16,16,8030,27.22772277,17.36070799,512002,0,512002,33705
v1,e7bd16a8ad2be3cb1a245ce7fe4d8ea167164025,direct,octree_nfcount,flyby,6,416,416,1.618911982,0.4895359874,2.110111952,2.117195,1,0,-1,33825,29597,16,16,8118,27.42845559,17.29911815,512002,0,512002,33825
v1,e7bd16a8ad2be3cb1a245ce7fe4d8ea167164025,direct,octree_nfcount,flyby,6,417,417,1.213919997,0.3615680039,1.576704025,1.583955,1,0,-1,33657,29450,16,16,7991,27.13412564,17.38546689,512002,0,512002,33657
v1,e7bd16a8ad2be3cb1a245ce7fe4d8ea167164025,direct,octree_nfcount,flyby,6,418,418,1.535392046,0.4855999947,2.022624016,2.02907,1,0,-1,33977,29730,16,16,8223,27.65893037,17.22172889,512002,0,512002,33977
v1,e7bd16a8ad2be3cb1a245ce7fe4d8ea167164025,direct,octree_nfcount,flyby,6,419,419,1.567615986,0.3621439934,1.930976033,1.93894,1,0,-1,33953,29709,16,16,8124,27.34524891,17.23390218,512002,0,512002,33953
v1,e7bd16a8ad2be3cb1a245ce7fe4d8ea167164025,direct,octree_nfcount,flyby,6,420,420,1.54697597,0.4866240025,2.035392046,2.042563,1,0,-1,33977,29730,16,16,8244,27.72956609,17.22172889,512002,0,512002,33977
v1,e7bd16a8ad2be3cb1a245ce7fe4d8ea167164025,direct,octree_nfcount,flyby,6,421,421,1.232640028,0.3655360043,1.599424005,1.607005,1,0,-1,33913,29674,16,16,8119,27.36065242,17.25422929,512002,0,512002,33913
v1,e7bd16a8ad2be3cb1a245ce7fe4d8ea167164025,direct,octree_nfcount,flyby,6,422,422,1.564736009,0.4987519979,2.065664053,2.074303,1,0,-1,34041,29786,16,16,8149,27.35849057,17.1893507,512002,0,512002,34041
v1,e7bd16a8ad2be3cb1a245ce7fe4d8ea167164025,direct,octree_nfcount,flyby,6,423,423,1.556767941,0.4978879988,2.056832075,2.065006,1,0,-1,34105,29842,16,16,8208,27.50485892,17.15709403,512002,0,512002,34105
v1,e7bd16a8ad2be3cb1a245ce7fe4d8ea167164025,direct,octree_nfcount,flyby,6,424,424,1.236544013,0.4989120066,1.737663984,1.745743,1,0,-1,34121,29856,16,16,8217,27.52210611,17.14904877,512002,0,512002,34121
v1,e7bd16a8ad2be3cb1a245ce7fe4d8ea167164025,direct,octree_nfcount,flyby,6,425,425,1.504096031,0.3706879914,1.87609601,1.884302,1,0,-1,33977,29730,16,16,8217,27.63874874,17.22172889,512002,0,512002,33977
v1,e7bd16a8ad2be3cb1a245ce7fe4d8ea167164025,direct,octree_nfcount,flyby,6,426,426,1.516863942,0.4968000054,2.015872002,2.023642,1,0,-1,34105,29842,16,16,8187,27.43448831,17.15709403,512002,0,512002,34105
v1,e7bd16a8ad2be3cb1a245ce7fe4d8ea167164025,direct,octree_nfcount,flyby,6,427,427,1.535743952,0.4924480021,2.03036809,2.037562,1,0,-1,34401,30101,16,16,8348,27.7332979,17.00946812,512002,0,512002,34401
v1,e7bd16a8ad2be3cb1a245ce7fe4d8ea167164025,direct,octree_nfcount,flyby,6,428,428,1.225216031,0.3675520122,1.594015956,1.602406,1,0,-1,34009,29758,16,16,8081,27.15572283,17.20552456,512002,0,512002,34009
v1,e7bd16a8ad2be3cb1a245ce7fe4d8ea167164025,direct,octree_nfcount,flyby,6,429,429,1.513440013,0.4913919866,2.006432056,2.013861,1,0,-1,34321,30031,16,16,8297,27.62811761,17.04911591,512002,0,512002,34321
v1,e7bd16a8ad2be3cb1a245ce7fe4d8ea167164025,direct,octree_nfcount,flyby,6,430,430,1.54995203,0.3613759875,1.91257596,1.919554,1,0,-1,34193,29919,16,16,8228,27.50091915,17.11293827,512002,0,512002,34193
v1,e7bd16a8ad2be3cb1a245ce7fe4d8ea167164025,direct,octree_nfcount,flyby,6,431,431,1.541535974,0.4998080134,2.042943954,2.050085,1,0,-1,34265,29982,16,16,8214,27.39643786,17.07697952,512002,0,512002,34265
v1,e7bd16a8ad2be3cb1a245ce7fe4d8ea167164025,direct,octree_nfcount,flyby,6,432,432,1.255519986,0.3607360125,1.617504001,1.624711,1,0,-1,34249,29968,16,16,8202,27.36919381,17.08495729,512002,0,512002,34249
v1,e7bd16a8ad2be3cb1a245ce7fe4d8ea167164025,direct,octree_nfcount,flyby,6,433,433,1.569087982,0.3576639891,1.927968025,1.935592,1,0,-1,34065,29807,16,16,8141,27.31237629,17.17724025,512002,0,512002,34065
v1,e7bd16a8ad2be3cb1a245ce7fe4d8ea167164025,direct,octree_nfcount,flyby,6,434,434,1.535135984,0.4865280092,2.02342391,2.030496,1,0,-1,34081,29821,16,16,8224,27.57788136,17.16917608,512002,0,512002,34081
v1,e7bd16a8ad2be3cb1a245ce7fe4d8ea167164025,direct,octree_nfcount,flyby,6,435,435,1.215072036,0.3627200127,1.579040051,1.586408,1,0,-1,33897,29660,16,16,8053,27.15104518,17.26237357,512002,0,512002,33897
v1,e7bd16a8ad2be3cb1a245ce7fe4d8ea167164025,direct,octree_nfcount,flyby,6,436,436,1.301983953,0.6153280139,1.919487953,1.927377,1,0,-1,34073,29814,16,16,8201,27.50721138,17.17320722,512002,0,512002,34073
v1,e7bd16a8ad2be3cb1a245ce7fe4d8ea167164025,direct,octree_nfcount,flyby,6,437,437,1.572864056,0.4909760058,2.065119982,2.072641,1,0,-1,34105,29842,16,16,8104,27.15635681,17.15709403,512002,0,512002,34105
v1,e7bd16a8ad2be3cb1a245ce7fe4d8ea167164025,direct,octree_nfcount,flyby,6,438,438,1.574432015,0.4938240051,2.070496082,2.078214,1,0,-1,34217,29940,16,16,8193,27.36472946,17.1009352,512002,0,512002,34217
v1,e7bd16a8ad2be3cb1a245ce7fe4d8ea167164025,direct,octree_nfcount,flyby,6,439,439,1.222272038,0.3655999899,1.58912003,1.597454,1,0,-1,34129,29863,16,16,8057,26.97987476,17.14502897,512002,0,512002,34129
v1,e7bd16a8ad2be3cb1a245ce7fe4d8ea167164025,direct,octree_nfcount,flyby,6,440,440,1.513888001,0.4885120094,2.004096031,2.011537,1,0,-1,34153,29884,16,16,7992,26.74340784,17.13298086,512002,0,512002,34153
v1,e7bd16a8ad2be3cb1a245ce7fe4d8ea167164025,direct,octree_nfcount,flyby,6,441,441,1.584928036,0.4880000055,2.074143887,2.082054,1,0,-1,34193,29919,16,16,8117,27.12991744,17.11293827,512002,0,512002,34193
v1,e7bd16a8ad2be3cb1a245ce7fe4d8ea167164025,direct,octree_nfcount,flyby,6,442,442,1.227807999,0.4927679896,1.722784042,1.729767,1,0,-1,34281,29996,16,16,8021,26.74023203,17.0690092,512002,0,512002,34281
v1,e7bd16a8ad2be3cb1a245ce7fe4d8ea167164025,direct,octree_nfcount,flyby,6,443,443,1.53676796,0.3637120128,1.901728034,1.909936,1,0,-1,34113,29849,16,16,8072,27.042782,17.15307045,512002,0,512002,34113
v1,e7bd16a8ad2be3cb1a245ce7fe4d8ea167164025,direct,octree_nfcount,flyby,6,444,444,1.53846395,0.3615359962,1.901247978,1.908437,1,0,-1,34089,29828,16,16,7981,26.75673863,17.16514684,512002,0,512002,34089
v1,e7bd16a8ad2be3cb1a245ce7fe4d8ea167164025,direct,octree_nfcount,flyby,6,445,445,1.606528044,0.3595840037,1.967327952,1.97462,1,0,-1,33969,29723,16,16,7958,26.77387881,17.22578475,512002,0,512002,33969
v1,e7bd16a8ad2be3cb1a245ce7fe4d8ea167164025,direct,octree_nfcount,flyby,6,446,446,1.220160007,0.3605119884,1.58188796,1.589422,1,0,-1,33921,29681,16,16,7763,26.15477915,17.25016004,512002,0,512002,33921
v1,e7bd16a8ad2be3cb1a245ce7fe4d8ea167164025,direct,octree_nfcount,flyby,6,447,447,1.562880039,0.4916799963,2.056159973,2.063342,1,0,-1,33985,29737,16,16,7879,26.49561153,17.21767495,512002,0,512002,33985
v1,e7bd16a8ad2be3cb1a245ce7fe4d8ea167164025,direct,octree_nfcount,flyby,6,448,448,1.561472058,0.4989120066,2.062752008,2.071015,1,0,-1,34001,29751,16,16,7888,26.51339451,17.20957279,512002,0,512002,34001
v1,e7bd16a8ad2be3cb1a245ce7fe4d8ea167164025,direct,octree_nfcount,flyby,6,449,449,1.226047993,0.4943040013,1.721951962,1.730222,1,0,-1,34169,29898,16,16,7876,26.34289919,17.12495819,512002,0,512002,34169
v1,e7bd16a8ad2be3cb1a245ce7fe4d8ea167164025,direct,octree_nfcount,flyby,6,450,450,1.523679972,0.4845759869,2.009887934,2.015817,1,0,-1,34241,29961,16,16,8006,26.72140449,17.08894897,512002,0,512002,34241
v1,e7bd16a8ad2be3cb1a245ce7fe4d8ea167164025,direct,octree_nfcount,flyby,6,451,451,1.581472039,0.3576959968,1.940448046,1.945978,1,0,-1,34193,29919,16,16,7972,26.64527558,17.11293827,512002,0,512002,34193
v1,e7bd16a8ad2be3cb1a245ce7fe4d8ea167164025,direct,octree_nfcount,flyby,6,452,452,1.60403204,0.4864960015,2.092767954,2.099557,1,0,-1,34305,30017,16,16,8051,26.82146783,17.05706766,512002,0,512002,34305
v1,e7bd16a8ad2be3cb1a245ce7fe4d8ea167164025,direct,octree_nfcount,flyby,6,453,453,1.242239952,0.3605439961,1.60403204,1.611034,1,0,-1,34177,29905,16,16,8033,26.86172881,17.12094967,512002,0,512002,34177
v1,e7bd16a8ad2be3cb1a245ce7fe4d8ea167164025,direct,octree_nfcount,flyby,6,454,454,1.56614399,0.3584640026,1.925855994,1.932887,1,0,-1,34177,29905,16,16,8059,26.94867079,17.12094967,512002,0,512002,34177
v1,e7bd16a8ad2be3cb1a245ce7fe4d8ea167164025,direct,octree_nfcount,flyby,6,455,455,1.574336052,0.3595199883,1.935071945,1.942233,1,0,-1,34161,29891,16,16,8105,27.11518517,17.12896859,512002,0,512002,34161
v1,e7bd16a8ad2be3cb1a245ce7fe4d8ea167164025,direct,octree_nfcount,flyby,6,456,456,1.238976002,0.4866240025,1.727776051,1.735058,1,0,-1,34177,29905,16,16,7996,26.73800368,17.12094967,512002,0,512002,34177
v1,e7bd16a8ad2be3cb1a245ce7fe4d8ea167164025,direct,octree_nfcount,flyby,6,457,457,1.508479953,0.4957120121,2.006367922,2.014258,1,0,-1,34305,30017,16,16,8130,27.08465203,17.05706766,512002,0,512002,34305
v1,e7bd16a8ad2be3cb1a245ce7fe4d8ea167164025,direct,octree_nfcount,flyby,6,458,458,1.557695985,0.3617599905,1.920672059,1.92844,1,0,-1,34009,29758,16,16,7866,26.43322804,17.20552456,512002,0,512002,34009
v1,e7bd16a8ad2be3cb1a245ce7fe4d8ea167164025,direct,octree_nfcount,flyby,6,459,459,1.527583957,0.4886400104,2.017823935,2.024726,1,0,-1,34377,30080,16,16,8089,26.89162234,17.02134309,512002,0,512002,34377
v1,e7bd16a8ad2be3cb1a245ce7fe4d8ea167164025,direct,octree_nfcount,flyby,6,460,460,1.252223969,0.3615359962,1.615007997,1.622598,1,0,-1,34273,29989,16,16,8028,26.7698156,17.07299343,512002,0,512002,34273
v1,e7bd16a8ad2be3cb1a245ce7fe4d8ea167164025,direct,octree_nfcount,flyby,6,461,461,1.575263977,0.4943679869,2.070847988,2.07892,1,0,-1,34337,30045,16,16,8050,26.79314362,17.04117158,512002,0,512002,34337
v1,e7bd16a8ad2be3cb1a245ce7fe4d8ea167164025,direct,octree_nfcount,flyby,6,462,462,1.27760005,0.3607040048,1.639583945,1.646585,1,0,-1,34273,29989,16,16,8022,26.74980826,17.07299343,512002,0,512002,34273
v1,e7bd16a8ad2be3cb1a245ce7fe4d8ea167164025,direct,octree_nfcount,flyby,6,463,463,1.240255952,0.4936639965,1.735520005,1.743177,1,0,-1,34305,30017,16,16,7873,26.22847053,17.05706766,512002,0,512002,34305
v1,e7bd16a8ad2be3cb1a245ce7fe4d8ea167164025,direct,octree_nfcount,flyby,6,464,464,1.543583989,0.491456002,2.037215948,2.044467,1,0,-1,34457,30150,16,16,8128,26.95854063,16.98182421,512002,0,512002,34457
v1,e7bd16a8ad2be3cb1a245ce7fe4d8ea167164025,direct,octree_nfcount,flyby,6,465,465,1.549983978,0.3625279963,1.913727999,1.921605,1,0,-1,34073,29814,16,16,7893,26.47413967,17.17320722,512002,0,512002,34073
v1,e7bd16a8ad2be3cb1a245ce7fe4d8ea167164025,direct,octree_nfcount,flyby,6,466,466,1.583359957,0.4952639937,2.080255985,2.087772,1,0,-1,34473,30164,16,16,8078,26.78026787,16.97394245,512002,0,512002,34473
v1,e7bd16a8ad2be3cb1a245ce7fe4d8ea167164025,direct,octree_nfcount,flyby,6,467,467,1.233919978,0.3636800051,1.598880053,1.606273,1,0,-1,34169,29898,16,16,7948,26.58371797,17.12495819,512002,0,512002,34169
v1,e7bd16a8ad2be3cb1a245ce7fe4d8ea167164025,direct,octree_nfcount,flyby,6,468,468,1.543519974,0.356415987,1.901183963,1.908536,1,0,-1,34137,29870,16,16,7981,26.71911617,17.14101105,512002,0,512002,34137
v1,e7bd16a8ad2be3cb1a245ce7fe4d8ea167164025,direct,octree_nfcount,flyby,6,469,469,1.549695969,0.4896639884,2.040960073,2.048795,1,0,-1,34201,29926,16,16,7970,26.63235982,17.10893537,512002,0,512002,34201
v1,e7bd16a8ad2be3cb1a245ce7fe4d8ea167164025,direct,octree_nfcount,flyby,6,470,470,1.218880057,0.3606399894,1.580736041,1.586663,1,0,-1,34041,29786,16,16,7795,26.17001276,17.1893507,512002,0,512002,34041
v1,e7bd16a8ad2be3cb1a245ce7fe4d8ea167164025,direct,octree_nfcount,flyby,6,471,471,1.503296018,0.3574720025,1.861984015,1.868126,1,0,-1,34009,29758,16,16,7851,26.38282143,17.20552456,512002,0,512002,34009
v1,e7bd16a8ad2be3cb1a245ce7fe4d8ea167164025,direct,octree_nfcount,flyby,6,472,472,1.547871947,0.3596160114,1.908800006,1.915926,1,0,-1,33953,29709,16,16,7838,26.38257767,17.23390218,512002,0,512002,33953
v1,e7bd16a8ad2be3cb1a245ce7fe4d8ea167164025,direct,octree_nfcount,flyby,6,473,473,1.585312009,0.491584003,2.079071999,2.08594,1,0,-1,34145,29877,16,16,7961,26.64591492,17.13699501,512002,0,512002,34145
v1,e7bd16a8ad2be3cb1a245ce7fe4d8ea167164025,direct,octree_nfcount,flyby,6,474,474,1.231807947,0.4921920002,1.725247979,1.732142,1,0,-1,34153,29884,16,16,7869,26.33181636,17.13298086,512002,0,512002,34153
v1,e7bd16a8ad2be3cb1a245ce7fe4d8ea167164025,direct,octree_nfcount,flyby,6,475,475,1.596608043,0.3586559892,1.956480026,1.963367,1,0,-1,34153,29884,16,16,7945,26.58613305,17.13298086,512002,0,512002,34153
v1,e7bd16a8ad2be3cb1a245ce7fe4d8ea167164025,direct,octree_nfcount,flyby,6,476,476,1.574239969,0.3626559973,1.938143969,1.945487,1,0,-1,33961,29716,16,16,7966,26.80710728,17.22984251,512002,0,512002,33961
v1,e7bd16a8ad2be3cb1a245ce7fe4d8ea167164025,direct,octree_nfcount,flyby,6,477,477,1.231647968,0.491456002,1.725311995,1.733054,1,0,-1,34041,29786,16,16,7832,26.29423219,17.1893507,512002,0,512002,34041
v1,e7bd16a8ad2be3cb1a245ce7fe4d8ea167164025,direct,octree_nfcount,flyby,6,478,478,1.552608013,0.4916160107,2.046432018,2.05364,1,0,-1,34233,29954,16,16,8041,26.84449489,17.09294251,512002,0,512002,34233
v1,e7bd16a8ad2be3cb1a245ce7fe4d8ea167164025,direct,octree_nfcount,flyby,6,479,479,1.618495941,0.4923839867,2.113343954,2.120763,1,0,-1,34369,30073,16,16,8060,26.80144981,17.02530509,512002,0,512002,34369
v1,e7bd16a8ad2be3cb1a245ce7fe4d8ea167164025,direct,octree_nfcount,flyby,6,480,480,1.533599973,0.3635840118,1.898432016,1.905694,1,0,-1,34265,29982,16,16,8061,26.88613168,17.07697952,512002,0,512002,34265
v1,e7bd16a8ad2be3cb1a245ce7fe4d8ea167164025,direct,octree_nfcount,flyby,6,481,481,1.217504025,0.3627839983,1.581536055,1.588779,1,0,-1,33721,29506,16,16,7769,26.33023792,17.35247068,512002,0,512002,33721
v1,e7bd16a8ad2be3cb1a245ce7fe4d8ea167164025,direct,octree_nfcount,flyby,6,482,482,1.534559965,0.4882560074,2.024447918,2.030034,1,0,-1,33777,29555,16,16,7769,26.28658433,17.32370157,512002,0,512002,33777
v1,e7bd16a8ad2be3cb1a245ce7fe4d8ea167164025,direct,octree_nfcount,flyby,6,483,483,1.545055985,0.4896000028,2.036832094,2.044328,1,0,-1,34113,29849,16,16,7944,26.61395692,17.15307045,512002,0,512002,34113
v1,e7bd16a8ad2be3cb1a245ce7fe4d8ea167164025,direct,octree_nfcount,flyby,6,484,484,1.232288003,0.359679997,1.593183994,1.600575,1,0,-1,34081,29821,16,16,7830,26.25666477,17.16917608,512002,0,512002,34081
v1,e7bd16a8ad2be3cb1a245ce7fe4d8ea167164025,direct,octree_nfcount,flyby,6,485,485,1.248255968,0.3638400137,1.613312006,1.620733,1,0,-1,34001,29751,16,16,7877,26.47642096,17.20957279,512002,0,512002,34001
v1,e7bd16a8ad2be3cb1a245ce7fe4d8ea167164025,direct,octree_nfcount,flyby,6,486,486,1.554304004,0.491456002,2.047967911,2.055889,1,0,-1,34193,29919,16,16,7825,26.153949,17.11293827,512002,0,512002,34193
v1,e7bd16a8ad2be3cb1a245ce7fe4d8ea167164025,direct,octree_nfcount,flyby,6,487,487,1.532992005,0.3635520041,1.897760034,1.905381,1,0,-1,34121,29856,16,16,8000,26.79528403,17.14904877,512002,0,512002,34121
v1,e7bd16a8ad2be3cb1a245ce7fe4d8ea167164025,direct,octree_nfcount,flyby,6,488,488,1.218047976,0.3623999953,1.581663966,1.589259,1,0,-1,33961,29716,16,16,7949,26.74989904,17.22984251,512002,0,512002,33961
v1,e7bd16a8ad2be3cb1a245ce7fe4d8ea167164025,direct,octree_nfcount,flyby,6,489,489,1.516000032,0.362560004,1.879776001,1.887172,1,0,-1,33953,29709,16,16,7836,26.3758457,17.23390218,512002,0,512002,33953
v1,e7bd16a8ad2be3cb1a245ce7fe4d8ea167164025,direct,octree_nfcount,flyby,6,490,490,1.597023964,0.4884800017,2.087264061,2.094479,1,0,-1,34225,29947,16,16,8066,26.93425051,17.09693792,512002,0,512002,34225
v1,e7bd16a8ad2be3cb1a245ce7fe4d8ea167164025,direct,octree_nfcount,flyby,6,491,491,1.246623993,0.4917440116,1.739967942,1.746923,1,0,-1,34241,29961,16,16,7855,26.21741597,17.08894897,512002,0,512002,34241
v1,e7bd16a8ad2be3cb1a245ce7fe4d8ea167164025,direct,octree_nfcount,flyby,6,492,492,1.271008015,0.362432003,1.634655952,1.64234,1,0,-1,34193,29919,16,16,7983,26.68204151,17.11293827,512002,0,512002,34193
v1,e7bd16a8ad2be3cb1a245ce7fe4d8ea167164025,direct,octree_nfcount,flyby,6,493,493,1.580960035,0.3605439961,1.942720056,1.949134,1,0,-1,33937,29695,16,16,7909,26.63411349,17.24202728,512002,0,512002,33937
v1,e7bd16a8ad2be3cb1a245ce7fe4d8ea167164025,direct,octree_nfcount,flyby,6,494,494,1.559936047,0.4917759895,2.054016113,2.061246,1,0,-1,34057,29800,16,16,7831,26.27852349,17.18127517,512002,0,512002,34057
v1,e7bd16a8ad2be3cb1a245ce7fe4d8ea167164025,direct,octree_nfcount,flyby,6,495,495,1.215487957,0.4912959933,1.707999945,1.714788,1,0,-1,34121,29856,16,16,7914,26.50723473,17.14904877,512002,0,512002,34121
v1,e7bd16a8ad2be3cb1a245ce7fe4d8ea167164025,direct,octree_nfcount,flyby,6,496,496,1.567520022,0.4936960042,2.063616037,2.070921,1,0,-1,34153,29884,16,16,7849,26.26489091,17.13298086,512002,0,512002,34153
v1,e7bd16a8ad2be3cb1a245ce7fe4d8ea167164025,direct,octree_nfcount,flyby,6,497,497,1.564383984,0.4931200147,2.058720112,2.066564,1,0,-1,34273,29989,16,16,7951,26.51305479,17.07299343,512002,0,512002,34273
v1,e7bd16a8ad2be3cb1a245ce7fe4d8ea167164025,direct,octree_nfcount,flyby,6,498,498,1.231423974,0.3632960021,1.595935941,1.6035,1,0,-1,34137,29870,16,16,7831,26.21694007,17.14101105,512002,0,512002,34137
v1,e7bd16a8ad2be3cb1a245ce7fe4d8ea167164025,direct,octree_nfcount,flyby,6,499,499,1.528319955,0.4874880016,2.018048048,2.024992,1,0,-1,34193,29919,16,16,7996,26.72549216,17.11293827,512002,0,512002,34193
v1,e7bd16a8ad2be3cb1a245ce7fe4d8ea167164025,direct,octree_nfcount,flyby,6,500,500,1.518720031,0.3614720106,1.881440043,1.888859,1,0,-1,33977,29730,16,16,7826,26.32357888,17.22172889,512002,0,512002,33977
v1,e7bd16a8ad2be3cb1a245ce7fe4d8ea167164025,direct,octree_nfcount,flyby,6,501,501,1.252256036,0.494592011,1.748415947,1.756168,1,0,-1,34057,29800,16,16,7899,26.50671141,17.18127517,512002,0,512002,34057
v1,e7bd16a8ad2be3cb1a245ce7fe4d8ea167164025,direct,octree_nfcount,flyby,6,502,502,1.540416002,0.4927999973,2.035295963,2.043031,1,0,-1,34081,29821,16,16,7955,26.67583247,17.16917608,512002,0,512002,34081
v1,e7bd16a8ad2be3cb1a245ce7fe4d8ea167164025,direct,octree_nfcount,flyby,6,503,503,1.551007986,0.4924800098,2.045536041,2.052483,1,0,-1,34297,30010,16,16,7965,26.54115295,17.06104632,512002,0,512002,34297
v1,e7bd16a8ad2be3cb1a245ce7fe4d8ea167164025,direct,octree_nfcount,flyby,6,504,504,1.550176024,0.492704004,2.045056105,2.053083,1,0,-1,34561,30241,16,16,8093,26.76168116,16.93072319,512002,0,512002,34561
v1,e7bd16a8ad2be3cb1a245ce7fe4d8ea167164025,direct,octree_nfcount,flyby,6,505,505,1.235231996,0.3615680039,1.598047972,1.604951,1,0,-1,34265,29982,16,16,7971,26.58595157,17.07697952,512002,0,512002,34265
v1,e7bd16a8ad2be3cb1a245ce7fe4d8ea167164025,direct,octree_nfcount,flyby,6,506,506,1.587103963,0.4917440116,2.080447912,2.087678,1,0,-1,34353,30059,16,16,8018,26.67420739,17.03323464,512002,0,512002,34353
v1,e7bd16a8ad2be3cb1a245ce7fe4d8ea167164025,direct,octree_nfcount,flyby,6,507,507,1.584543943,0.3594880104,1.945248008,1.952543,1,0,-1,34321,30031,16,16,8074,26.8855516,17.04911591,512002,0,512002,34321
v1,e7bd16a8ad2be3cb1a245ce7fe4d8ea167164025,direct,octree_nfcount,flyby,6,508,508,1.235743999,0.4903680086,1.728479981,1.735968,1,0,-1,34329,30038,16,16,7914,26.34662761,17.04514282,512002,0,512002,34329
v1,e7bd16a8ad2be3cb1a245ce7fe4d8ea167164025,direct,octree_nfcount,flyby,6,509,509,1.528607965,0.4935359955,2.024352074,2.031391,1,0,-1,34449,30143,16,16,8033,26.64963673,16.98576784,512002,0,512002,34449
v1,e7bd16a8ad2be3cb1a245ce7fe4d8ea167164025,direct,octree_nfcount,flyby,6,510,510,1.554047942,0.3625920117,1.917919993,1.925325,1,0,-1,34241,29961,16,16,7983,26.64463803,17.08894897,512002,0,512002,34241
v1,e7bd16a8ad2be3cb1a245ce7fe4d8ea167164025,direct,octree_nfcount,flyby,6,511,511,1.573279977,0.4936000109,2.068511963,2.076189,1,0,-1,34377,30080,16,16,8094,26.90824468,17.02134309,512002,0,512002,34377
v1,e7bd16a8ad2be3cb1a245ce7fe4d8ea167164025,direct,octree_nfcount,flyby,6,512,512,1.24495995,0.3655360043,1.611744046,1.619793,1,0,-1,34145,29877,16,16,8027,26.86682063,17.13699501,512002,0,512002,34145
v1,e7bd16a8ad2be3cb1a245ce7fe4d8ea167164025,direct,octree_nfcount,flyby,6,513,513,1.562144041,0.4895040095,2.053407907,2.060729,1,0,-1,34193,29919,16,16,8024,26.81907818,17.11293827,512002,0,512002,34193
v1,e7bd16a8ad2be3cb1a245ce7fe4d8ea167164025,direct,octree_nfcount,flyby,6,514,514,1.578655958,0.3605119884,1.94038403,1.948002,1,0,-1,34177,29905,16,16,8008,26.77813075,17.12094967,512002,0,512002,34177
v1,e7bd16a8ad2be3cb1a245ce7fe4d8ea167164025,direct,octree_nfcount,flyby,6,515,515,1.232864022,0.3657920063,1.600000024,1.607773,1,0,-1,33993,29744,16,16,7824,26.30446477,17.21362292,512002,0,512002,33993
v1,e7bd16a8ad2be3cb1a245ce7fe4d8ea167164025,direct,octree_nfcount,flyby,6,516,516,1.511584044,0.4917440116,2.005919933,2.012639,1,0,-1,34241,29961,16,16,7983,26.64463803,17.08894897,512002,0,512002,34241
v1,e7bd16a8ad2be3cb1a245ce7fe4d8ea167164025,direct,octree_nfcount,flyby,6,517,517,1.562432051,0.3614400029,1.925088048,1.932575,1,0,-1,34073,29814,16,16,7867,26.38693231,17.17320722,512002,0,512002,34073
v1,e7bd16a8ad2be3cb1a245ce7fe4d8ea167164025,direct,octree_nfcount,flyby,6,518,518,1.545503974,0.4936639965,2.040767908,2.04806,1,0,-1,34313,30024,16,16,7955,26.49547029,17.05309086,512002,0,512002,34313
v1,e7bd16a8ad2be3cb1a245ce7fe4d8ea167164025,direct,octree_nfcount,flyby,6,519,519,1.244928002,0.3627519906,1.608960032,1.6166,1,0,-1,34249,29968,16,16,7995,26.67845702,17.08495729,512002,0,512002,34249
v1,e7bd16a8ad2be3cb1a245ce7fe4d8ea167164025,direct,octree_nfcount,flyby,6,520,520,1.573215961,0.362688005,1.937152028,1.944845,1,0,-1,34177,29905,16,16,7880,26.35010868,17.12094967,512002,0,512002,34177
v1,e7bd16a8ad2be3cb1a245ce7fe4d8ea167164025,direct,octree_nfcount,flyby,6,521,521,1.553056002,0.4893440008,2.04399991,2.050875,1,0,-1,34337,30045,16,16,7971,26.53020469,17.04117158,512002,0,512002,34337
v1,e7bd16a8ad2be3cb1a245ce7fe4d8ea167164025,direct,octree_nfcount,flyby,6,522,522,1.220160007,0.3595199883,1.58089602,1.587349,1,0,-1,34097,29835,16,16,7795,26.12703201,17.16111949,512002,0,512002,34097
v1,e7bd16a8ad2be3cb1a245ce7fe4d8ea167164025,direct,octree_nfcount,flyby,6,523,523,1.542240024,0.4920960069,2.035552025,2.042684,1,0,-1,34257,29975,16,16,7909,26.3853211,17.08096747,512002,0,512002,34257
v1,e7bd16a8ad2be3cb1a245ce7fe4d8ea167164025,direct,octree_nfcount,flyby,6,524,524,1.549855947,0.3627839983,1.91385603,1.92141,1,0,-1,34065,29807,16,16,7741,25.97040964,17.17724025,512002,0,512002,34065
v1,e7bd16a8ad2be3cb1a245ce7fe4d8ea167164025,direct,octree_nfcount,flyby,6,525,525,1.234719992,0.4936000109,1.729951978,1.737225,1,0,-1,34185,29912,16,16,7735,25.85918695,17.11694303,512002,0,512002,34185
v1,e7bd16a8ad2be3cb1a245ce7fe4d8ea167164025,direct,octree_nfcount,flyby,6,526,526,1.256575942,0.3616639972,1.619488001,1.626709,1,0,-1,34161,29891,16,16,7912,26.46950587,17.12896859,512002,0,512002,34161
v1,e7bd16a8ad2be3cb1a245ce7fe4d8ea167164025,direct,octree_nfcount,flyby,6,527,527,1.551360011,0.3635840118,1.916192055,1.923962,1,0,-1,34065,29807,16,16,7751,26.0039588,17.17724025,512002,0,512002,34065
v1,e7bd16a8ad2be3cb1a245ce7fe4d8ea167164025,direct,octree_nfcount,flyby,6,528,528,1.554175973,0.4923520088,2.047872066,2.055365,1,0,-1,34201,29926,16,16,7844,26.21132126,17.10893537,512002,0,512002,34201
v1,e7bd16a8ad2be3cb1a245ce7fe4d8ea167164025,direct,octree_nfcount,flyby,6,529,529,1.233024001,0.4905920029,1.725216031,1.73231,1,0,-1,34241,29961,16,16,7869,26.26414339,17.08894897,512002,0,512002,34241
v1,e7bd16a8ad2be3cb1a245ce7fe4d8ea167164025,direct,octree_nfcount,flyby,6,530,530,1.574144006,0.4947200119,2.071072102,2.078594,1,0,-1,34297,30010,16,16,7856,26.17794069,17.06104632,512002,0,512002,34297
v1,e7bd16a8ad2be3cb1a245ce7fe4d8ea167164025,direct,octree_nfcount,flyby,6,531,531,1.596704006,0.4887999892,2.087680101,2.09474,1,0,-1,34393,30094,16,16,7952,26.42387187,17.0134246,512002,0,512002,34393
v1,e7bd16a8ad2be3cb1a245ce7fe4d8ea167164025,direct,octree_nfcount,flyby,6,532,532,1.216256022,0.3618240058,1.579327941,1.586017,1,0,-1,34281,29996,16,16,7838,26.13015069,17.0690092,512002,0,512002,34281
v1,e7bd16a8ad2be3cb1a245ce7fe4d8ea167164025,direct,octree_nfcount,flyby,6,533,533,1.539199948,0.3616319895,1.902047992,1.90947,1,0,-1,34273,29989,16,16,7948,26.50305112,17.07299343,512002,0,512002,34273
v1,e7bd16a8ad2be3cb1a245ce7fe4d8ea167164025,direct,octree_nfcount,flyby,6,534,534,1.574048042,0.4867520034,2.062400103,2.068095,1,0,-1,34321,30031,16,16,7807,25.99647031,17.04911591,512002,0,512002,34321
v1,e7bd16a8ad2be3cb1a245ce7fe4d8ea167164025,direct,octree_nfcount,flyby,6,535,535,1.559455991,0.4897600114,2.050816059,2.058226,1,0,-1,34337,30045,16,16,7915,26.34381761,17.04117158,512002,0,512002,34337
v1,e7bd16a8ad2be3cb1a245ce7fe4d8ea167164025,direct,octree_nfcount,flyby,6,536,536,1.261695981,0.4874880016,1.751360059,1.7585,1,0,-1,34385,30087,16,16,7947,26.41340114,17.01738292,512002,0,512002,34385
v1,e7bd16a8ad2be3cb1a245ce7fe4d8ea167164025,direct,octree_nfcount,flyby,6,537,537,1.548128009,0.4935680032,2.043328047,2.050737,1,0,-1,34473,30164,16,16,7893,26.16695398,16.97394245,512002,0,512002,34473
v1,e7bd16a8ad2be3cb1a245ce7fe4d8ea167164025,direct,octree_nfcount,flyby,6,538,538,1.604511976,0.4873920083,2.094079971,2.101188,1,0,-1,34529,30213,16,16,7963,26.35620428,16.9464138,512002,0,512002,34529
v1,e7bd16a8ad2be3cb1a245ce7fe4d8ea167164025,direct,octree_nfcount,flyby,6,539,539,1.25219202,0.4894399941,1.743456006,1.750382,1,0,-1,34649,30318,16,16,7890,26.02414407,16.88772346,512002,0,512002,34649
v1,e7bd16a8ad2be3cb1a245ce7fe4d8ea167164025,direct,octree_nfcount,flyby,6,540,540,1.546079993,0.3648000062,1.912096024,1.919754,1,0,-1,34521,30206,16,16,7976,26.40534993,16.95034099,512002,0,512002,34521
v1,e7bd16a8ad2be3cb1a245ce7fe4d8ea167164025,direct,octree_nfcount,flyby,6,541,541,1.601696014,0.3615359962,1.964480042,1.971459,1,0,-1,34441,30136,16,16,7975,26.46336607,16.9897133,512002,0,512002,34441
v1,e7bd16a8ad2be3cb1a245ce7fe4d8ea167164025,direct,octree_nfcount,flyby,6,542,542,1.235903978,0.3625920117,1.599712014,1.60653,1,0,-1,34433,30129,16,16,7821,25.95837897,16.99366059,512002,0,512002,34433
v1,e7bd16a8ad2be3cb1a245ce7fe4d8ea167164025,direct,octree_nfcount,flyby,6,543,543,1.54796803,0.492704004,2.042975903,2.0502,1,0,-1,34513,30199,16,16,7921,26.22934534,16.95427001,512002,0,512002,34513
v1,e7bd16a8ad2be3cb1a245ce7fe4d8ea167164025,direct,octree_nfcount,flyby,6,544,544,1.528864026,0.360799998,1.890879989,1.897362,1,0,-1,34297,30010,16,16,7731,25.76141286,17.06104632,512002,0,512002,34297
v1,e7bd16a8ad2be3cb1a245ce7fe4d8ea167164025,direct,octree_nfcount,flyby,6,545,545,1.571776032,0.3593919873,1.932415962,1.939688,1,0,-1,34193,29919,16,16,7824,26.15060664,17.11293827,512002,0,512002,34193
v1,e7bd16a8ad2be3cb1a245ce7fe4d8ea167164025,direct,octree_nfcount,flyby,6,546,546,1.224128008,0.362688005,1.588063955,1.595894,1,0,-1,34033,29779,16,16,7649,25.68588603,17.19339132,512002,0,512002,34033
v1,e7bd16a8ad2be3cb1a245ce7fe4d8ea167164025,direct,octree_nfcount,flyby,6,547,547,1.559231997,0.359679997,1.920127988,1.926432,1,0,-1,33929,29688,16,16,7618,25.66019941,17.2460927,512002,0,512002,33929
v1,e7bd16a8ad2be3cb1a245ce7fe4d8ea167164025,direct,octree_nfcount,flyby,6,548,548,1.610208035,0.4876480103,2.100032091,2.106832,1,0,-1,34185,29912,16,16,7695,25.72546135,17.11694303,512002,0,512002,34185
v1,e7bd16a8ad2be3cb1a245ce7fe4d8ea167164025,direct,octree_nfcount,flyby,6,549,549,1.22153604,0.3626239896,1.585504055,1.593202,1,0,-1,33937,29695,16,16,7555,25.4419936,17.24202728,512002,0,512002,33937
v1,e7bd16a8ad2be3cb1a245ce7fe4d8ea167164025,direct,octree_nfcount,flyby,6,550,550,1.564767957,0.4925760031,2.059616089,2.067158,1,0,-1,34041,29786,16,16,7699,25.84771369,17.1893507,512002,0,512002,34041
v1,e7bd16a8ad2be3cb1a245ce7fe4d8ea167164025,direct,octree_nfcount,flyby,6,551,551,1.582239985,0.3605119884,1.943968058,1.951546,1,0,-1,33841,29611,16,16,7600,25.66613758,17.29093918,512002,0,512002,33841
v1,e7bd16a8ad2be3cb1a245ce7fe4d8ea167164025,direct,octree_nfcount,flyby,6,552,552,1.233631968,0.4896000028,1.725407958,1.732238,1,0,-1,34049,29793,16,16,7618,25.56976471,17.18531199,512002,0,512002,34049
v1,e7bd16a8ad2be3cb1a245ce7fe4d8ea167164025,direct,octree_nfcount,flyby,6,553,553,1.234400034,0.3636800051,1.599328041,1.60697,1,0,-1,33873,29639,16,16,7599,25.63851682,17.27460441,512002,0,512002,33873
v1,e7bd16a8ad2be3cb1a245ce7fe4d8ea167164025,direct,octree_nfcount,flyby,6,554,554,1.556576014,0.3657599986,1.923583984,1.931348,1,0,-1,33761,29541,16,16,7503,25.39859856,17.33191158,512002,0,512002,33761
v1,e7bd16a8ad2be3cb1a245ce7fe4d8ea167164025,direct,octree_nfcount,flyby,6,555,555,1.552736044,0.492832005,2.047840118,2.054893,1,0,-1,34025,29772,16,16,7671,25.76582023,17.19743383,512002,0,512002,34025
v1,e7bd16a8ad2be3cb1a245ce7fe4d8ea167164025,direct,octree_nfcount,flyby,6,556,556,1.213215947,0.3636159897,1.578047991,1.585273,1,0,-1,33801,29576,16,16,7531,25.46321342,17.31140114,512002,0,512002,33801
v1,e7bd16a8ad2be3cb1a245ce7fe4d8ea167164025,direct,octree_nfcount,flyby,6,557,557,1.567999959,0.4937599897,2.064192057,2.071718,1,0,-1,33865,29632,16,16,7578,25.5737041,17.27868521,512002,0,512002,33865
v1,e7bd16a8ad2be3cb1a245ce7fe4d8ea167164025,direct,octree_nfcount,flyby,6,558,558,1.560096025,0.4937280118,2.055999994,2.063044,1,0,-1,34057,29800,16,16,7667,25.72818792,17.18127517,512002,0,512002,34057
v1,e7bd16a8ad2be3cb1a245ce7fe4d8ea167164025,direct,octree_nfcount,flyby,6,559,559,1.221663952,0.3600000143,1.58288002,1.589862,1,0,-1,33929,29688,16,16,7533,25.37388844,17.2460927,512002,0,512002,33929
v1,e7bd16a8ad2be3cb1a245ce7fe4d8ea167164025,direct,octree_nfcount,flyby,6,560,560,1.254240036,0.4917120039,1.747552037,1.754068,1,0,-1,34113,29849,16,16,7688,25.75630674,17.15307045,512002,0,512002,34113
v1,e7bd16a8ad2be3cb1a245ce7fe4d8ea167164025,direct,octree_nfcount,flyby,6,561,561,1.28015995,0.3644799888,1.645887971,1.653489,1,0,-1,33921,29681,16,16,7590,25.57191469,17.25016004,512002,0,512002,33921
v1,e7bd16a8ad2be3cb1a245ce7fe4d8ea167164025,direct,octree_nfcount,flyby,6,562,562,1.549600005,0.3646399975,1.915456057,1.92357,1,0,-1,33913,29674,16,16,7569,25.507178,17.25422929,512002,0,512002,33913
v1,e7bd16a8ad2be3cb1a245ce7fe4d8ea167164025,direct,octree_nfcount,flyby,6,563,563,1.223744035,0.4957759976,1.72140801,1.728755,1,0,-1,34161,29891,16,16,7715,25.81044462,17.12896859,512002,0,512002,34161
v1,e7bd16a8ad2be3cb1a245ce7fe4d8ea167164025,direct,octree_nfcount,flyby,6,564,564,1.518847942,0.3617599905,1.881824017,1.888068,1,0,-1,34001,29751,16,16,7617,25.60250076,17.20957279,512002,0,512002,34001
v1,e7bd16a8ad2be3cb1a245ce7fe4d8ea167164025,direct,octree_nfcount,flyby,6,565,565,1.579040051,0.4876480103,2.068959951,2.075676,1,0,-1,34321,30031,16,16,7700,25.64017182,17.04911591,512002,0,512002,34321
v1,e7bd16a8ad2be3cb1a245ce7fe4d8ea167164025,direct,octree_nfcount,flyby,6,566,566,1.214176059,0.3616000116,1.577023983,1.583476,1,0,-1,33977,29730,16,16,7606,25.5835856,17.22172889,512002,0,512002,33977
v1,e7bd16a8ad2be3cb1a245ce7fe4d8ea167164025,direct,octree_nfcount,flyby,6,567,567,1.512256026,0.4910399914,2.004512072,2.011885,1,0,-1,34121,29856,16,16,7689,25.75361736,17.14904877,512002,0,512002,34121
v1,e7bd16a8ad2be3cb1a245ce7fe4d8ea167164025,direct,octree_nfcount,flyby,6,568,568,1.518111944,0.3606399894,1.879999995,1.887029,1,0,-1,33889,29653,16,16,7635,25.74781641,17.26644859,512002,0,512002,33889
v1,e7bd16a8ad2be3cb1a245ce7fe4d8ea167164025,direct,octree_nfcount,flyby,6,569,569,1.221375942,0.3657599986,1.588384032,1.595532,1,0,-1,33833,29604,16,16,7530,25.43575193,17.2950277,512002,0,512002,33833
v1,e7bd16a8ad2be3cb1a245ce7fe4d8ea167164025,direct,octree_nfcount,flyby,6,570,570,1.52540803,0.4887360036,2.015775919,2.022985,1,0,-1,33841,29611,16,16,7581,25.60197224,17.29093918,512002,0,512002,33841
v1,e7bd16a8ad2be3cb1a245ce7fe4d8ea167164025,direct,octree_nfcount,flyby,6,571,571,1.520671964,0.4886719882,2.01177597,2.018948,1,0,-1,33921,29681,16,16,7602,25.6123446,17.25016004,512002,0,512002,33921
v1,e7bd16a8ad2be3cb1a245ce7fe4d8ea167164025,direct,octree_nfcount,flyby,6,572,572,1.55535996,0.4904319942,2.047456026,2.054323,1,0,-1,34185,29912,16,16,7646,25.5616475,17.11694303,512002,0,512002,34185
v1,e7bd16a8ad2be3cb1a245ce7fe4d8ea167164025,direct,octree_nfcount,flyby,6,573,573,1.209120035,0.3596160114,1.569983959,1.577255,1,0,-1,34001,29751,16,16,7608,25.57224967,17.20957279,512002,0,512002,34001
v1,e7bd16a8ad2be3cb1a245ce7fe4d8ea167164025,direct,octree_nfcount,flyby,6,574,574,1.527263999,0.4843200147,2.013792038,2.020783,1,0,-1,34065,29807,16,16,7565,25.37994431,17.17724025,512002,0,512002,34065
v1,e7bd16a8ad2be3cb1a245ce7fe4d8ea167164025,direct,octree_nfcount,flyby,6,575,575,1.611199975,0.4917440116,2.104991913,2.112954,1,0,-1,34521,30206,16,16,7753,25.66708601,16.95034099,512002,0,512002,34521
v1,e7bd16a8ad2be3cb1a245ce7fe4d8ea167164025,direct,octree_nfcount,flyby,6,576,576,1.233088017,0.3616000116,1.595903993,1.603574,1,0,-1,34217,29940,16,16,7639,25.51436206,17.1009352,512002,0,512002,34217
v1,e7bd16a8ad2be3cb1a245ce7fe4d8ea167164025,direct,octree_nfcount,flyby,6,577,577,1.556928039,0.3604480028,1.918591976,1.925509,1,0,-1,34113,29849,16,16,7583,25.40453617,17.15307045,512002,0,512002,34113
v1,e7bd16a8ad2be3cb1a245ce7fe4d8ea167164025,direct,octree_nfcount,flyby,6,578,578,1.563552022,0.4906559885,2.055808067,2.062826,1,0,-1,34201,29926,16,16,7636,25.51627347,17.10893537,512002,0,512002,34201
v1,e7bd16a8ad2be3cb1a245ce7fe4d8ea167164025,direct,octree_nfcount,flyby,6,579,579,1.223551989,0.3583999872,1.58415997,1.590739,1,0,-1,34081,29821,16,16,7562,25.35796922,17.16917608,512002,0,512002,34081
v1,e7bd16a8ad2be3cb1a245ce7fe4d8ea167164025,direct,octree_nfcount,flyby,6,580,580,1.504703999,0.4895679951,1.996479988,2.003889,1,0,-1,34097,29835,16,16,7692,25.7817999,17.16111949,512002,0,512002,34097
v1,e7bd16a8ad2be3cb1a245ce7fe4d8ea167164025,direct,octree_nfcount,flyby,6,581,581,1.597599983,0.4864319861,2.085632086,2.091844,1,0,-1,34121,29856,16,16,7638,25.58279743,17.14904877,512002,0,512002,34121
v1,e7bd16a8ad2be3cb1a245ce7fe4d8ea167164025,direct,octree_nfcount,flyby,6,582,582,1.521119952,0.4926080108,2.01590395,2.023384,1,0,-1,34273,29989,16,16,7743,25.81946714,17.07299343,512002,0,512002,34273
v1,e7bd16a8ad2be3cb1a245ce7fe4d8ea167164025,direct,octree_nfcount,flyby,6,583,583,1.250720024,0.3637759984,1.615743995,1.623554,1,0,-1,34185,29912,16,16,7741,25.87924579,17.11694303,512002,0,512002,34185
v1,e7bd16a8ad2be3cb1a245ce7fe4d8ea167164025,direct,octree_nfcount,flyby,6,584,584,1.590911984,0.3560959995,1.948256016,1.954969,1,0,-1,34121,29856,16,16,7705,25.80720793,17.14904877,512002,0,512002,34121
v1,e7bd16a8ad2be3cb1a245ce7fe4d8ea167164025,direct,octree_nfcount,flyby,6,585,585,1.632256031,0.492704004,2.126528025,2.134162,1,0,-1,34441,30136,16,16,7775,25.79970799,16.9897133,512002,0,512002,34441
v1,e7bd16a8ad2be3cb1a245ce7fe4d8ea167164025,direct,octree_nfcount,flyby,6,586,586,1.232383966,0.3616960049,1.595296025,1.602797,1,0,-1,34097,29835,16,16,7637,25.59745266,17.16111949,512002,0,512002,34097
v1,e7bd16a8ad2be3cb1a245ce7fe4d8ea167164025,direct,octree_nfcount,flyby,6,587,587,1.567039967,0.4896639884,2.058943987,2.066035,1,0,-1,34161,29891,16,16,7695,25.74353484,17.12896859,512002,0,512002,34161
v1,e7bd16a8ad2be3cb1a245ce7fe4d8ea167164025,direct,octree_nfcount,flyby,6,588,588,1.588768005,0.4966720045,2.087071896,2.095238,1,0,-1,34297,30010,16,16,7749,25.82139287,17.06104632,512002,0,512002,34297
v1,e7bd16a8ad2be3cb1a245ce7fe4d8ea167164025,direct,octree_nfcount,flyby,6,589,589,1.237215996,0.3596479893,1.598111987,1.604154,1,0,-1,34265,29982,16,16,7617,25.40524315,17.07697952,512002,0,512002,34265
v1,e7bd16a8ad2be3cb1a245ce7fe4d8ea167164025,direct,octree_nfcount,flyby,6,590,590,1.527487993,0.4912320077,2.019936085,2.027106,1,0,-1,34449,30143,16,16,7799,25.87333709,16.98576784,512002,0,512002,34449
v1,e7bd16a8ad2be3cb1a245ce7fe4d8ea167164025,direct,octree_nfcount,flyby,6,591,591,1.538944006,0.359423995,1.899584055,1.907321,1,0,-1,34137,29870,16,16,7641,25.58085035,17.14101105,512002,0,512002,34137
v1,e7bd16a8ad2be3cb1a245ce7fe4d8ea167164025,direct,octree_nfcount,flyby,6,592,592,1.592064023,0.4934079945,2.087232113,2.095085,1,0,-1,34233,29954,16,16,7784,25.98651265,17.09294251,512002,0,512002,34233
v1,e7bd16a8ad2be3cb1a245ce7fe4d8ea167164025,direct,octree_nfcount,flyby,6,593,593,1.223935962,0.3635840118,1.588768005,1.59663,1,0,-1,33865,29632,16,16,7660,25.85043197,17.27868521,512002,0,512002,33865
v1,e7bd16a8ad2be3cb1a245ce7fe4d8ea167164025,direct,octree_nfcount,flyby,6,594,594,1.542047977,0.3615359962,1.904800057,1.912197,1,0,-1,33857,29625,16,16,7638,25.78227848,17.28276793,512002,0,512002,33857
v1,e7bd16a8ad2be3cb1a245ce7fe4d8ea167164025,direct,octree_nfcount,flyby,6,595,595,1.535135984,0.4885439873,2.026175976,2.033415,1,0,-1,33977,29730,16,16,7645,25.71476623,17.22172889,512002,0,512002,33977
v1,e7bd16a8ad2be3cb1a245ce7fe4d8ea167164025,direct,octree_nfcount,flyby,6,596,596,1.219776034,0.4922240078,1.713215947,1.721384,1,0,-1,33985,29737,16,16,7513,25.2648216,17.21767495,512002,0,512002,33985
v1,e7bd16a8ad2be3cb1a245ce7fe4d8ea167164025,direct,octree_nfcount,flyby,6,597,597,1.555295944,0.3586240113,1.91513598,1.922735,1,0,-1,33969,29723,16,16,7639,25.70063587,17.22578475,512002,0,512002,33969
v1,e7bd16a8ad2be3cb1a245ce7fe4d8ea167164025,direct,octree_nfcount,flyby,6,598,598,1.585695982,0.3566400111,1.943552017,1.95048,1,0,-1,33937,29695,16,16,7620,25.66088567,17.24202728,512002,0,512002,33937
v1,e7bd16a8ad2be3cb1a245ce7fe4d8ea167164025,direct,octree_nfcount,flyby,6,599,599,1.235999942,0.4855360091,1.723135948,1.72993,1,0,-1,34073,29814,16,16,7474,25.06875964,17.17320722,512002,0,512002,34073
v1,e7bd16a8ad2be3cb1a245ce7fe4d8ea167164025,direct,octree_nfcount,flyby,6,600,600,1.569599986,0.4954240024,2.067456007,2.075114,1,0,-1,34361,30066,16,16,7652,25.45067518,17.02926894,512002,0,512002,34361
v1,e7bd16a8ad2be3cb1a245ce7fe4d8ea167164025,direct,octree_nfcount,flyby,6,601,601,1.589280009,0.3628480136,1.953376055,1.960895,1,0,-1,34249,29968,16,16,7623,25.43713294,17.08495729,512002,0,512002,34249
v1,e7bd16a8ad2be3cb1a245ce7fe4d8ea167164025,direct,octree_nfcount,flyby,6,602,602,1.551648021,0.3667840064,1.919648051,1.926938,1,0,-1,34065,29807,16,16,7569,25.39336397,17.17724025,512002,0,512002,34065
v1,e7bd16a8ad2be3cb1a245ce7fe4d8ea167164025,direct,octree_nfcount,flyby,6,603,603,1.255584002,0.4968320131,1.754016042,1.762022,1,0,-1,34353,30059,16,16,7758,25.80924182,17.03323464,512002,0,512002,34353
v1,e7bd16a8ad2be3cb1a245ce7fe4d8ea167164025,direct,octree_nfcount,flyby,6,604,604,1.537407994,0.3607360125,1.899392009,1.906434,1,0,-1,34089,29828,16,16,7577,25.40230656,17.16514684,512002,0,512002,34089
v1,e7bd16a8ad2be3cb1a245ce7fe4d8ea167164025,direct,octree_nfcount,flyby,6,605,605,1.563904047,0.4905279875,2.056031942,2.063176,1,0,-1,34249,29968,16,16,7625,25.44380673,17.08495729,512002,0,512002,34249
v1,e7bd16a8ad2be3cb1a245ce7fe4d8ea167164025,direct,octree_nfcount,flyby,6,606,606,1.226816058,0.3644480109,1.592512012,1.600399,1,0,-1,34073,29814,16,16,7577,25.41423492,17.17320722,512002,0,512002,34073
v1,e7bd16a8ad2be3cb1a245ce7fe4d8ea167164025,direct,octree_nfcount,flyby,6,607,607,1.531039953,0.4903999865,2.023871899,2.030949,1,0,-1,34241,29961,16,16,7680,25.63332332,17.08894897,512002,0,512002,34241
v1,e7bd16a8ad2be3cb1a245ce7fe4d8ea167164025,direct,octree_nfcount,flyby,6,608,608,1.61196804,0.4916160107,2.105823994,2.112993,1,0,-1,34329,30038,16,16,7784,25.91384247,17.04514282,512002,0,512002,34329
v1,e7bd16a8ad2be3cb1a245ce7fe4d8ea167164025,direct,octree_nfcount,flyby,6,609,609,1.239743948,0.3593280017,1.600288033,1.607881,1,0,-1,34273,29989,16,16,7556,25.19590517,17.07299343,512002,0,512002,34273
v1,e7bd16a8ad2be3cb1a245ce7fe4d8ea167164025,direct,octree_nfcount,flyby,6,610,610,1.544927955,0.3596160114,1.90576005,1.912932,1,0,-1,34249,29968,16,16,7697,25.684063,17.08495729,512002,0,512002,34249
v1,e7bd16a8ad2be3cb1a245ce7fe4d8ea167164025,direct,octree_nfcount,flyby,6,611,611,1.587936044,0.4874559939,2.077088118,2.084256,1,0,-1,34265,29982,16,16,7681,25.61870456,17.07697952,512002,0,512002,34265
v1,e7bd16a8ad2be3cb1a245ce7fe4d8ea167164025,direct,octree_nfcount,flyby,6,612,612,1.267647982,0.4926719964,1.76256001,1.770004,1,0,-1,34489,30178,16,16,7745,25.66439128,16.966068,512002,0,512002,34489
v1,e7bd16a8ad2be3cb1a245ce7fe4d8ea167164025,direct,octree_nfcount,flyby,6,613,613,1.24751997,0.3628480136,1.611616015,1.619358,1,0,-1,34385,30087,16,16,7774,25.83840197,17.01738292,512002,0,512002,34385
v1,e7bd16a8ad2be3cb1a245ce7fe4d8ea167164025,direct,octree_nfcount,flyby,6,614,614,1.561759949,0.3576000035,1.920608044,1.927385,1,0,-1,34273,29989,16,16,7666,25.56270633,17.07299343,512002,0,512002,34273
v1,e7bd16a8ad2be3cb1a245ce7fe4d8ea167164025,direct,octree_nfcount,flyby,6,615,615,1.638111949,0.4905920029,2.130336046,2.138058,1,0,-1,34361,30066,16,16,7780,25.87640524,17.02926894,512002,0,512002,34361
v1,e7bd16a8ad2be3cb1a245ce7fe4d8ea167164025,direct,octree_nfcount,flyby,6,616,616,1.233407974,0.3595199883,1.594176054,1.601336,1,0,-1,34145,29877,16,16,7658,25.63175687,17.13699501,512002,0,512002,34145
v1,e7bd16a8ad2be3cb1a245ce7fe4d8ea167164025,direct,octree_nfcount,flyby,6,617,617,1.561472058,0.3575040102,1.920256019,1.927458,1,0,-1,34089,29828,16,16,7650,25.64704305,17.16514684,512002,0,512002,34089
v1,e7bd16a8ad2be3cb1a245ce7fe4d8ea167164025,direct,octree_nfcount,flyby,6,618,618,1.542976022,0.4882239997,2.033407927,2.040252,1,0,-1,34105,29842,16,16,7809,26.16781717,17.15709403,512002,0,512002,34105
v1,e7bd16a8ad2be3cb1a245ce7fe4d8ea167164025,direct,octree_nfcount,flyby,6,619,619,1.225983977,0.3615359962,1.588768005,1.595864,1,0,-1,33849,29618,16,16,7603,25.67020055,17.28685259,512002,0,512002,33849
v1,e7bd16a8ad2be3cb1a245ce7fe4d8ea167164025,direct,octree_nfcount,flyby,6,620,620,1.522591949,0.4985919893,2.022847891,2.031202,1,0,-1,33977,29730,16,16,7670,25.79885637,17.22172889,512002,0,512002,33977
v1,e7bd16a8ad2be3cb1a245ce7fe4d8ea167164025,direct,octree_nfcount,flyby,6,621,621,1.534208059,0.4887039959,2.025151968,2.03097,1,0,-1,34129,29863,16,16,7715,25.83464488,17.14502897,512002,0,512002,34129
v1,e7bd16a8ad2be3cb1a245ce7fe4d8ea167164025,direct,octree_nfcount,flyby,6,622,622,1.229856014,0.3626559973,1.593727946,1.601202,1,0,-1,33921,29681,16,16,7615,25.65614366,17.25016004,512002,0,512002,33921
v1,e7bd16a8ad2be3cb1a245ce7fe4d8ea167164025,direct,octree_nfcount,flyby,6,623,623,1.520511985,0.4954560101,2.018271923,2.025781,1,0,-1,34217,29940,16,16,7662,25.59118236,17.1009352,512002,0,512002,34217
v1,e7bd16a8ad2be3cb1a245ce7fe4d8ea167164025,direct,octree_nfcount,flyby,6,624,624,1.576383948,0.3625920117,1.940191984,1.94748,1,0,-1,33833,29604,16,16,7517,25.39183894,17.2950277,512002,0,512002,33833
v1,e7bd16a8ad2be3cb1a245ce7fe4d8ea167164025,direct,octree_nfcount,flyby,6,625,625,1.504768014,0.4875200093,1.994495988,2.001378,1,0,-1,34057,29800,16,16,7555,25.35234899,17.18127517,512002,0,512002,34057
v1,e7bd16a8ad2be3cb1a245ce7fe4d8ea167164025,direct,octree_nfcount,flyby,6,626,626,1.251904011,0.362688005,1.615839958,1.623854,1,0,-1,33929,29688,16,16,7502,25.26946915,17.2460927,512002,0,512002,33929
v1,e7bd16a8ad2be3cb1a245ce7fe4d8ea167164025,direct,octree_nfcount,flyby,6,627,627,1.538879991,0.4902400076,2.031327963,2.038633,1,0,-1,34049,29793,16,16,7479,25.10321216,17.18531199,512002,0,512002,34049
v1,e7bd16a8ad2be3cb1a245ce7fe4d8ea167164025,direct,octree_nfcount,flyby,6,628,628,1.526335955,0.4918079972,2.020351887,2.026752,1,0,-1,34257,29975,16,16,7594,25.33444537,17.08096747,512002,0,512002,34257
v1,e7bd16a8ad2be3cb1a245ce7fe4d8ea167164025,direct,octree_nfcount,flyby,6,629,629,1.233376026,0.3655999899,1.600191951,1.607715,1,0,-1,33993,29744,16,16,7509,25.24542765,17.21362292,512002,0,512002,33993
v1,e7bd16a8ad2be3cb1a245ce7fe4d8ea167164025,direct,octree_nfcount,flyby,6,630,630,1.269183993,0.4920960069,1.762719989,1.769833,1,0,-1,34113,29849,16,16,7597,25.45143891,17.15307045,512002,0,512002,34113
v1,e7bd16a8ad2be3cb1a245ce7fe4d8ea167164025,direct,octree_nfcount,flyby,6,631,631,1.603008032,0.4867199957,2.091743946,2.09842,1,0,-1,34241,29961,16,16,7633,25.47645272,17.08894897,512002,0,512002,34241
v1,e7bd16a8ad2be3cb1a245ce7fe4d8ea167164025,direct,octree_nfcount,flyby,6,632,632,1.23318398,0.363808006,1.598207951,1.606229,1,0,-1,34153,29884,16,16,7475,25.01338509,17.13298086,512002,0,512002,34153
v1,e7bd16a8ad2be3cb1a245ce7fe4d8ea167164025,direct,octree_nfcount,flyby,6,633,633,1.271263957,0.4906879961,1.76355195,1.771321,1,0,-1,34209,29933,16,16,7646,25.5437143,17.10493435,512002,0,512002,34209
v1,e7bd16a8ad2be3cb1a245ce7fe4d8ea167164025,direct,octree_nfcount,flyby,6,634,634,1.548192024,0.4928640127,2.042720079,2.049923,1,0,-1,34289,30003,16,16,7604,25.34413225,17.06502683,512002,0,512002,34289
v1,e7bd16a8ad2be3cb1a245ce7fe4d8ea167164025,direct,octree_nfcount,flyby,6,635,635,1.247648001,0.3626239896,1.611520052,1.619275,1,0,-1,34281,29996,16,16,7614,25.38338445,17.0690092,512002,0,512002,34281
v1,e7bd16a8ad2be3cb1a245ce7fe4d8ea167164025,direct,octree_nfcount,flyby,6,636,636,1.253407955,0.3637759984,1.618399978,1.626493,1,0,-1,34113,29849,16,16,7626,25.54859459,17.15307045,512002,0,512002,34113
v1,e7bd16a8ad2be3cb1a245ce7fe4d8ea167164025,direct,octree_nfcount,flyby,6,637,637,1.553056002,0.3637120128,1.917984009,1.925494,1,0,-1,34057,29800,16,16,7535,25.2852349,17.18127517,512002,0,512002,34057
v1,e7bd16a8ad2be3cb1a245ce7fe4d8ea167164025,direct,octree_nfcount,flyby,6,638,638,1.559296012,0.4886719882,2.049599886,2.055494,1,0,-1,34345,30052,16,16,7670,25.52242779,17.03720218,512002,0,512002,34345
v1,e7bd16a8ad2be3cb1a245ce7fe4d8ea167164025,direct,octree_nfcount,flyby,6,639,639,1.240192056,0.3636800051,1.605087996,1.612719,1,0,-1,34161,29891,16,16,7594,25.40564049,17.12896859,512002,0,512002,34161
v1,e7bd16a8ad2be3cb1a245ce7fe4d8ea167164025,direct,octree_nfcount,flyby,6,640,640,1.579743981,0.4891839921,2.070656061,2.078076,1,0,-1,34185,29912,16,16,7527,25.16381385,17.11694303,512002,0,512002,34185
v1,e7bd16a8ad2be3cb1a245ce7fe4d8ea167164025,direct,octree_nfcount,flyby,6,641,641,1.583744049,0.4914880097,2.076992035,2.083907,1,0,-1,34433,30129,16,16,7720,25.62315377,16.99366059,512002,0,512002,34433
v1,e7bd16a8ad2be3cb1a245ce7fe4d8ea167164025,direct,octree_nfcount,flyby,6,642,642,1.223168015,0.3623999953,1.586784005,1.594616,1,0,-1,34209,29933,16,16,7538,25.1829085,17.10493435,512002,0,512002,34209
v1,e7bd16a8ad2be3cb1a245ce7fe4d8ea167164025,direct,octree_nfcount,flyby,6,643,643,1.524960041,0.4896320105,2.016160011,2.023293,1,0,-1,34289,30003,16,16,7586,25.28413825,17.06502683,512002,0,512002,34289
v1,e7bd16a8ad2be3cb1a245ce7fe4d8ea167164025,direct,octree_nfcount,flyby,6,644,644,1.548063993,0.4887360036,2.039007902,2.046072,1,0,-1,34345,30052,16,16,7725,25.7054439,17.03720218,512002,0,512002,34345
v1,e7bd16a8ad2be3cb1a245ce7fe4d8ea167164025,direct,octree_nfcount,flyby,6,645,645,1.240960002,0.4922879934,1.734848022,1.74229,1,0,-1,34417,30115,16,16,7546,25.05728043,17.00156068,512002,0,512002,34417
v1,e7bd16a8ad2be3cb1a245ce7fe4d8ea167164025,direct,octree_nfcount,flyby,6,646,646,1.538527966,0.3605119884,1.900256038,1.907667,1,0,-1,34257,29975,16,16,7645,25.50458716,17.08096747,512002,0,512002,34257
v1,e7bd16a8ad2be3cb1a245ce7fe4d8ea167164025,direct,octree_nfcount,flyby,6,647,647,1.583680034,0.3614720106,1.946367979,1.953912,1,0,-1,34257,29975,16,16,7550,25.18765638,17.08096747,512002,0,512002,34257
v1,e7bd16a8ad2be3cb1a245ce7fe4d8ea167164025,direct,octree_nfcount,flyby,6,648,648,1.559551954,0.3655999899,1.93017602,1.937383,1,0,-1,34217,29940,16,16,7576,25.30394122,17.1009352,512002,0,512002,34217
v1,e7bd16a8ad2be3cb1a245ce7fe4d8ea167164025,direct,octree_nfcount,flyby,6,649,649,1.239231944,0.4927999973,1.734240055,1.741288,1,0,-1,34225,29947,16,16,7637,25.5017197,17.09693792,512002,0,512002,34225
v1,e7bd16a8ad2be3cb1a245ce7fe4d8ea167164025,direct,octree_nfcount,flyby,6,650,650,1.569023967,0.4864639938,2.057183981,2.062919,1,0,-1,34257,29975,16,16,7557,25.21100917,17.08096747,512002,0,512002,34257
v1,e7bd16a8ad2be3cb1a245ce7fe4d8ea167164025,direct,octree_nfcount,flyby,6,651,651,1.572543979,0.4923839867,2.067136049,2.07343,1,0,-1,34409,30108,16,16,7651,25.41185067,17.00551348,512002,0,512002,34409
v1,e7bd16a8ad2be3cb1a245ce7fe4d8ea167164025,direct,octree_nfcount,flyby,6,652,652,1.250720024,0.3678080142,1.619743943,1.627656,1,0,-1,34329,30038,16,16,7588,25.26133564,17.04514282,512002,0,512002,34329
v1,e7bd16a8ad2be3cb1a245ce7fe4d8ea167164025,direct,octree_nfcount,flyby,6,653,653,1.54102397,0.3645760119,1.906880021,1.91448,1,0,-1,34305,30017,16,16,7575,25.23569977,17.05706766,512002,0,512002,34305
v1,e7bd16a8ad2be3cb1a245ce7fe4d8ea167164025,direct,octree_nfcount,flyby,6,654,654,1.638432026,0.4903680086,2.130399942,2.136545,1,0,-1,34401,30101,16,16,7638,25.37457227,17.00946812,512002,0,512002,34401
v1,e7bd16a8ad2be3cb1a245ce7fe4d8ea167164025,direct,octree_nfcount,flyby,6,655,655,1.216256022,0.3551039994,1.572576046,1.578639,1,0,-1,34289,30003,16,16,7469,24.89417725,17.06502683,512002,0,512002,34289
v1,e7bd16a8ad2be3cb1a245ce7fe4d8ea167164025,direct,octree_nfcount,flyby,6,656,656,1.559263945,0.4874880016,2.04895997,2.055491,1,0,-1,34361,30066,16,16,7648,25.43737112,17.02926894,512002,0,512002,34361
v1,e7bd16a8ad2be3cb1a245ce7fe4d8ea167164025,direct,octree_nfcount,flyby,6,657,657,1.570976019,0.4957120121,2.068255901,2.074767,1,0,-1,34465,30157,16,16,7631,25.30424114,16.97788242,512002,0,512002,34465
v1,e7bd16a8ad2be3cb1a245ce7fe4d8ea167164025,direct,octree_nfcount,flyby,6,658,658,1.217535973,0.359295994,1.578080058,1.585275,1,0,-1,34337,30045,16,16,7565,25.17889832,17.04117158,512002,0,512002,34337
v1,e7bd16a8ad2be3cb1a245ce7fe4d8ea167164025,direct,octree_nfcount,flyby,6,659,659,1.571712017,0.3636159897,1.936576009,1.943898,1,0,-1,34145,29877,16,16,7510,25.13639254,17.13699501,512002,0,512002,34145
v1,e7bd16a8ad2be3cb1a245ce7fe4d8ea167164025,direct,octree_nfcount,flyby,6,660,660,1.579648018,0.3605439961,1.941439986,1.948673,1,0,-1,34001,29751,16,16,7425,24.9571443,17.20957279,512002,0,512002,34001
v1,e7bd16a8ad2be3cb1a245ce7fe4d8ea167164025,direct,octree_nfcount,flyby,6,661,661,1.534432054,0.4903039932,2.026943922,2.033933,1,0,-1,34209,29933,16,16,7549,25.21965723,17.10493435,512002,0,512002,34209
v1,e7bd16a8ad2be3cb1a245ce7fe4d8ea167164025,direct,octree_nfcount,flyby,6,662,662,1.236896038,0.3616960049,1.599840045,1.607097,1,0,-1,34057,29800,16,16,7579,25.43288591,17.18127517,512002,0,512002,34057
v1,e7bd16a8ad2be3cb1a245ce7fe4d8ea167164025,direct,octree_nfcount,flyby,6,663,663,1.549983978,0.4866240025,2.038208008,2.043896,1,0,-1,34225,29947,16,16,7477,24.96744248,17.09693792,512002,0,512002,34225
v1,e7bd16a8ad2be3cb1a245ce7fe4d8ea167164025,direct,octree_nfcount,flyby,6,664,664,1.579167962,0.4923520088,2.073728085,2.08118,1,0,-1,34409,30108,16,16,7581,25.17935432,17.00551348,512002,0,512002,34409
v1,e7bd16a8ad2be3cb1a245ce7fe4d8ea167164025,direct,octree_nfcount,flyby,6,665,665,1.215167999,0.3604480028,1.576864004,1.584017,1,0,-1,34113,29849,16,16,7441,24.92880834,17.15307045,512002,0,512002,34113
v1,e7bd16a8ad2be3cb1a245ce7fe4d8ea167164025,direct,octree_nfcount,flyby,6,666,666,1.518720031,0.4914880097,2.012415886,2.019118,1,0,-1,34289,30003,16,16,7450,24.83085025,17.06502683,512002,0,512002,34289
v1,e7bd16a8ad2be3cb1a245ce7fe4d8ea167164025,direct,octree_nfcount,flyby,6,667,667,1.589792013,0.3647040129,1.955808043,1.963325,1,0,-1,34225,29947,16,16,7605,25.39486426,17.09693792,512002,0,512002,34225
v1,e7bd16a8ad2be3cb1a245ce7fe4d8ea167164025,direct,octree_nfcount,flyby,6,668,668,1.246655941,0.4906879961,1.738944054,1.746166,1,0,-1,34273,29989,16,16,7480,24.94247891,17.07299343,512002,0,512002,34273
v1,e7bd16a8ad2be3cb1a245ce7fe4d8ea167164025,direct,octree_nfcount,flyby,6,669,669,1.509184003,0.3606719971,1.871072054,1.878364,1,0,-1,34153,29884,16,16,7581,25.36808995,17.13298086,512002,0,512002,34153
v1,e7bd16a8ad2be3cb1a245ce7fe4d8ea167164025,direct,octree_nfcount,flyby,6,670,670,1.589215994,0.4894720018,2.080991983,2.086501,1,0,-1,34569,30248,16,16,7690,25.42316847,16.92680508,512002,0,512002,34569
v1,e7bd16a8ad2be3cb1a245ce7fe4d8ea167164025,direct,octree_nfcount,flyby,6,671,671,1.230847955,0.3543680012,1.586527944,1.592444,1,0,-1,34217,29940,16,16,7506,25.07014028,17.1009352,512002,0,512002,34217
v1,e7bd16a8ad2be3cb1a245ce7fe4d8ea167164025,direct,octree_nfcount,flyby,6,672,672,1.512159944,0.3645119965,1.87795198,1.885609,1,0,-1,34209,29933,16,16,7594,25.36999298,17.10493435,512002,0,512002,34209
v1,e7bd16a8ad2be3cb1a245ce7fe4d8ea167164025,direct,octree_nfcount,flyby,6,673,673,1.636224031,0.4905279875,2.128351927,2.135496,1,0,-1,34281,29996,16,16,7608,25.36338178,17.0690092,512002,0,512002,34281
v1,e7bd16a8ad2be3cb1a245ce7fe4d8ea167164025,direct,octree_nfcount,flyby,6,674,674,1.575680017,0.4925760031,2.070431948,2.078012,1,0,-1,34521,30206,16,16,7671,25.39561676,16.95034099,512002,0,512002,34521
v1,e7bd16a8ad2be3cb1a245ce7fe4d8ea167164025,direct,octree_nfcount,flyby,6,675,675,1.246464014,0.3658559918,1.613536,1.621454,1,0,-1,34369,30073,16,16,7708,25.63096465,17.02530509,512002,0,512002,34369
v1,e7bd16a8ad2be3cb1a245ce7fe4d8ea167164025,direct,octree_nfcount,flyby,6,676,676,1.565888047,0.3616639972,1.928768039,1.935849,1,0,-1,34233,29954,16,16,7564,25.25205315,17.09294251,512002,0,512002,34233
v1,e7bd16a8ad2be3cb1a245ce7fe4d8ea167164025,direct,octree_nfcount,flyby,6,677,677,1.551615953,0.3637439907,1.916607976,1.924211,1,0,-1,34177,29905,16,16,7624,25.49406454,17.12094967,512002,0,512002,34177
v1,e7bd16a8ad2be3cb1a245ce7fe4d8ea167164025,direct,octree_nfcount,flyby,6,678,678,1.232735991,0.367839992,1.601791978,1.608668,1,0,-1,34105,29842,16,16,7501,25.13571476,17.15709403,512002,0,512002,34105
v1,e7bd16a8ad2be3cb1a245ce7fe4d8ea167164025,direct,octree_nfcount,flyby,6,679,679,1.610784054,0.4948160052,2.107840061,2.115724,1,0,-1,34225,29947,16,16,7578,25.30470498,17.09693792,512002,0,512002,34225
v1,e7bd16a8ad2be3cb1a245ce7fe4d8ea167164025,direct,octree_nfcount,flyby,6,680,680,1.611296058,0.4906240106,2.103519917,2.110273,1,0,-1,34513,30199,16,16,7785,25.7789993,16.95427001,512002,0,512002,34513
v1,e7bd16a8ad2be3cb1a245ce7fe4d8ea167164025,direct,octree_nfcount,flyby,6,681,681,1.213503957,0.362560004,1.577311993,1.584467,1,0,-1,34241,29961,16,16,7527,25.12265946,17.08894897,512002,0,512002,34241
v1,e7bd16a8ad2be3cb1a245ce7fe4d8ea167164025,direct,octree_nfcount,flyby,6,682,682,1.604864001,0.4916799963,2.098752022,2.106451,1,0,-1,34281,29996,16,16,7671,25.57340979,17.0690092,512002,0,512002,34281
v1,e7bd16a8ad2be3cb1a245ce7fe4d8ea167164025,direct,octree_nfcount,flyby,6,683,683,1.575423956,0.4907520115,2.068416119,2.075473,1,0,-1,34369,30073,16,16,7691,25.57443554,17.02530509,512002,0,512002,34369
v1,e7bd16a8ad2be3cb1a245ce7fe4d8ea167164025,direct,octree_nfcount,flyby,6,684,684,1.215775967,0.3605439961,1.577535987,1.584624,1,0,-1,34281,29996,16,16,7589,25.30004001,17.0690092,512002,0,512002,34281
v1,e7bd16a8ad2be3cb1a245ce7fe4d8ea167164025,direct,octree_nfcount,flyby,6,685,685,1.55903995,0.4885439873,2.049792051,2.056701,1,0,-1,34313,30024,16,16,7646,25.46629363,17.05309086,512002,0,512002,34313
v1,e7bd16a8ad2be3cb1a245ce7fe4d8ea167164025,direct,octree_nfcount,flyby,6,686,686,1.586784005,0.3602559865,1.948256016,1.955814,1,0,-1,34249,29968,16,16,7556,25.21356113,17.08495729,512002,0,512002,34249
v1,e7bd16a8ad2be3cb1a245ce7fe4d8ea167164025,direct,octree_nfcount,flyby,6,687,687,1.262240052,0.4886080027,1.753535986,1.761092,1,0,-1,34633,30304,16,16,7673,25.32008976,16.89552534,512002,0,512002,34633
v1,e7bd16a8ad2be3cb1a245ce7fe4d8ea167164025,direct,octree_nfcount,flyby,6,688,688,1.516800046,0.3594880104,1.877536058,1.884421,1,0,-1,34193,29919,16,16,7653,25.57906347,17.11293827,512002,0,512002,34193
v1,e7bd16a8ad2be3cb1a245ce7fe4d8ea167164025,direct,octree_nfcount,flyby,6,689,689,1.535328031,0.3616960049,1.898272038,1.905686,1,0,-1,34177,29905,16,16,7546,25.23323859,17.12094967,512002,0,512002,34177
v1,e7bd16a8ad2be3cb1a245ce7fe4d8ea167164025,direct,octree_nfcount,flyby,6,690,690,1.567744017,0.4914880097,2.061408043,2.068108,1,0,-1,34441,30136,16,16,7669,25.44796921,16.9897133,512002,0,512002,34441
v1,e7bd16a8ad2be3cb1a245ce7fe4d8ea167164025,direct,octree_nfcount,flyby,6,691,691,1.230847955,0.3585279882,1.590592027,1.597261,1,0,-1,34249,29968,16,16,7558,25.22023492,17.08495729,512002,0,512002,34249
v1,e7bd16a8ad2be3cb1a245ce7fe4d8ea167164025,direct,octree_nfcount,flyby,6,692,692,1.547296047,0.3605119884,1.909024,1.916257,1,0,-1,34185,29912,16,16,7401,24.74257823,17.11694303,512002,0,512002,34185
v1,e7bd16a8ad2be3cb1a245ce7fe4d8ea167164025,direct,octree_nfcount,flyby,6,693,693,1.548447967,0.486687988,2.036736012,2.04243,1,0,-1,34289,30003,16,16,7433,24.77418925,17.06502683,512002,0,512002,34289
v1,e7bd16a8ad2be3cb1a245ce7fe4d8ea167164025,direct,octree_nfcount,flyby,6,694,694,1.223296046,0.366463989,1.590976,1.598849,1,0,-1,34177,29905,16,16,7321,24.48085604,17.12094967,512002,0,512002,34177
v1,e7bd16a8ad2be3cb1a245ce7fe4d8ea167164025,direct,octree_nfcount,flyby,6,695,695,1.257120013,0.3656640053,1.623999953,1.632,1,0,-1,34065,29807,16,16,7365,24.70896098,17.17724025,512002,0,512002,34065
v1,e7bd16a8ad2be3cb1a245ce7fe4d8ea167164025,direct,octree_nfcount,flyby,6,696,696,1.551360011,0.3625920117,1.915199995,1.922188,1,0,-1,33953,29709,16,16,7320,24.63899828,17.23390218,512002,0,512002,33953
v1,e7bd16a8ad2be3cb1a245ce7fe4d8ea167164025,direct,octree_nfcount,flyby,6,697,697,1.238368034,0.4927360117,1.732704043,1.740231,1,0,-1,34049,29793,16,16,7153,24.0089954,17.18531199,512002,0,512002,34049
v1,e7bd16a8ad2be3cb1a245ce7fe4d8ea167164025,direct,octree_nfcount,flyby,6,698,698,1.538239956,0.4877440035,2.027551889,2.035081,1,0,-1,34121,29856,16,16,7341,24.58802251,17.14904877,512002,0,512002,34121
v1,e7bd16a8ad2be3cb1a245ce7fe4d8ea167164025,direct,octree_nfcount,flyby,6,699,699,1.546687961,0.4894079864,2.038336039,2.044032,1,0,-1,34129,29863,16,16,7332,24.55212135,17.14502897,512002,0,512002,34129
v1,e7bd16a8ad2be3cb1a245ce7fe4d8ea167164025,direct,octree_nfcount,flyby,6,700,700,1.21884799,0.3617280126,1.581791997,1.589301,1,0,-1,33809,29583,16,16,7163,24.21323057,17.30730487,512002,0,512002,33809
v1,e7bd16a8ad2be3cb1a245ce7fe4d8ea167164025,direct,octree_nfcount,flyby,6,701,701,1.531712055,0.4916479886,2.02553606,2.032537,1,0,-1,34025,29772,16,16,7309,24.54991267,17.19743383,512002,0,512002,34025
v1,e7bd16a8ad2be3cb1a245ce7fe4d8ea167164025,direct,octree_nfcount,flyby,6,702,702,1.523424029,0.3614400029,1.886111975,1.892256,1,0,-1,33873,29639,16,16,7208,24.31930902,17.27460441,512002,0,512002,33873
v1,e7bd16a8ad2be3cb1a245ce7fe4d8ea167164025,direct,octree_nfcount,flyby,6,703,703,1.527968049,0.4885120094,2.018559933,2.026043,1,0,-1,33945,29702,16,16,7228,24.33506161,17.23796377,512002,0,512002,33945
v1,e7bd16a8ad2be3cb1a245ce7fe4d8ea167164025,direct,octree_nfcount,flyby,6,704,704,1.230272055,0.3714880049,1.602975965,1.61155,1,0,-1,33817,29590,16,16,7249,24.49814126,17.30321054,512002,0,512002,33817
v1,e7bd16a8ad2be3cb1a245ce7fe4d8ea167164025,direct,octree_nfcount,flyby,6,705,705,1.593503952,0.4964480102,2.091552019,2.099624,1,0,-1,34009,29758,16,16,7201,24.19853485,17.20552456,512002,0,512002,34009
v1,e7bd16a8ad2be3cb1a245ce7fe4d8ea167164025,direct,octree_nfcount,flyby,6,706,706,1.559072018,0.4917120039,2.053024054,2.060185,1,0,-1,34089,29828,16,16,7317,24.53064235,17.16514684,512002,0,512002,34089
v1,e7bd16a8ad2be3cb1a245ce7fe4d8ea167164025,direct,octree_nfcount,flyby,6,707,707,1.220896006,0.3705280125,1.592640042,1.601576,1,0,-1,33929,29688,16,16,7285,24.53853409,17.2460927,512002,0,512002,33929
v1,e7bd16a8ad2be3cb1a245ce7fe4d8ea167164025,direct,octree_nfcount,flyby,6,708,708,1.550591946,0.4975999892,2.049792051,2.057742,1,0,-1,33937,29695,16,16,7260,24.44856036,17.24202728,512002,0,512002,33937
v1,e7bd16a8ad2be3cb1a245ce7fe4d8ea167164025,direct,octree_nfcount,flyby,6,709,709,1.562880039,0.4967040122,2.061824083,2.069914,1,0,-1,34017,29765,16,16,7353,24.70351083,17.20147825,512002,0,512002,34017
v1,e7bd16a8ad2be3cb1a245ce7fe4d8ea167164025,direct,octree_nfcount,flyby,6,710,710,1.214336038,0.3708800077,1.586464047,1.59461,1,0,-1,33865,29632,16,16,7174,24.21031317,17.27868521,512002,0,512002,33865
v1,e7bd16a8ad2be3cb1a245ce7fe4d8ea167164025,direct,octree_nfcount,flyby,6,711,711,1.510815978,0.4967679977,2.009183884,2.017249,1,0,-1,34065,29807,16,16,7404,24.83980273,17.17724025,512002,0,512002,34065
v1,e7bd16a8ad2be3cb1a245ce7fe4d8ea167164025,direct,octree_nfcount,flyby,6,712,712,1.538432002,0.369599998,1.909279943,1.917318,1,0,-1,34001,29751,16,16,7314,24.5840476,17.20957279,512002,0,512002,34001
v1,e7bd16a8ad2be3cb1a245ce7fe4d8ea167164025,direct,octree_nfcount,flyby,6,713,713,1.218144059,0.3656640053,1.585055947,1.592899,1,0,-1,33945,29702,16,16,7254,24.4225978,17.23796377,512002,0,512002,33945
v1,e7bd16a8ad2be3cb1a245ce7fe4d8ea167164025,direct,octree_nfcount,flyby,6,714,714,1.512992024,0.4946239889,2.009664059,2.016899,1,0,-1,33977,29730,16,16,7388,24.85031954,17.22172889,512002,0,512002,33977
v1,e7bd16a8ad2be3cb1a245ce7fe4d8ea167164025,direct,octree_nfcount,flyby,6,715,715,1.550624013,0.4963200092,2.048160076,2.055943,1,0,-1,34073,29814,16,16,7388,24.78030455,17.17320722,512002,0,512002,34073
v1,e7bd16a8ad2be3cb1a245ce7fe4d8ea167164025,direct,octree_nfcount,flyby,6,716,716,1.234207988,0.496863991,1.732671976,1.740096,1,0,-1,34129,29863,16,16,7377,24.7028095,17.14502897,512002,0,512002,34129
v1,e7bd16a8ad2be3cb1a245ce7fe4d8ea167164025,direct,octree_nfcount,flyby,6,717,717,1.523391962,0.3637439907,1.888352036,1.896363,1,0,-1,34081,29821,16,16,7499,25.1467087,17.16917608,512002,0,512002,34081
v1,e7bd16a8ad2be3cb1a245ce7fe4d8ea167164025,direct,octree_nfcount,flyby,6,718,718,1.567327976,0.4916160107,2.06131196,2.068341,1,0,-1,34169,29898,16,16,7336,24.53675831,17.12495819,512002,0,512002,34169
v1,e7bd16a8ad2be3cb1a245ce7fe4d8ea167164025,direct,octree_nfcount,flyby,6,719,719,1.555840015,0.4917120039,2.049823999,2.05636,1,0,-1,34201,29926,16,16,7350,24.56058277,17.10893537,512002,0,512002,34201
v1,e7bd16a8ad2be3cb1a245ce7fe4d8ea167164025,direct,octree_nfcount,flyby,6,720,720,1.234079957,0.4903360009,1.726624012,1.733389,1,0,-1,34233,29954,16,16,7432,24.81137745,17.09294251,512002,0,512002,34233
v1,e7bd16a8ad2be3cb1a245ce7fe4d8ea167164025,direct,octree_nfcount,flyby,6,721,721,1.606431961,0.3800640106,1.987712026,1.99507,1,0,-1,34121,29856,16,16,7301,24.45404609,17.14904877,512002,0,512002,34121
v1,e7bd16a8ad2be3cb1a245ce7fe4d8ea167164025,direct,octree_nfcount,flyby,6,722,722,1.570495963,0.4906240106,2.06272006,2.069482,1,0,-1,34225,29947,16,16,7390,24.67692924,17.09693792,512002,0,512002,34225
v1,e7bd16a8ad2be3cb1a245ce7fe4d8ea167164025,direct,octree_nfcount,flyby,6,723,723,1.232192039,0.4887680113,1.722560048,1.72968,1,0,-1,34337,30045,16,16,7372,24.53652854,17.04117158,512002,0,512002,34337
v1,e7bd16a8ad2be3cb1a245ce7fe4d8ea167164025,direct,octree_nfcount,flyby,6,724,724,1.554432034,0.3618240058,1.917440057,1.924944,1,0,-1,34041,29786,16,16,7287,24.46451353,17.1893507,512002,0,512002,34041
v1,e7bd16a8ad2be3cb1a245ce7fe4d8ea167164025,direct,octree_nfcount,flyby,6,725,725,1.559488058,0.4904640019,2.051327944,2.05802,1,0,-1,34073,29814,16,16,7334,24.59918159,17.17320722,512002,0,512002,34073
v1,e7bd16a8ad2be3cb1a245ce7fe4d8ea167164025,direct,octree_nfcount,flyby,6,726,726,1.225888014,0.3656319976,1.592736006,1.599993,1,0,-1,33913,29674,16,16,7195,24.24681539,17.25422929,512002,0,512002,33913
v1,e7bd16a8ad2be3cb1a245ce7fe4d8ea167164025,direct,octree_nfcount,flyby,6,727,727,1.579136014,0.4916160107,2.0729599,2.079058,1,0,-1,34225,29947,16,16,7354,24.55671687,17.09693792,512002,0,512002,34225
v1,e7bd16a8ad2be3cb1a245ce7fe4d8ea167164025,direct,octree_nfcount,flyby,6,728,728,1.602815986,0.3648000062,1.968863964,1.976579,1,0,-1,34209,29933,16,16,7443,24.86553302,17.10493435,512002,0,512002,34209
v1,e7bd16a8ad2be3cb1a245ce7fe4d8ea167164025,direct,octree_nfcount,flyby,6,729,729,1.215327978,0.3603200018,1.576864004,1.582746,1,0,-1,34193,29919,16,16,7337,24.52287844,17.11293827,512002,0,512002,34193
v1,e7bd16a8ad2be3cb1a245ce7fe4d8ea167164025,direct,octree_nfcount,flyby,6,730,730,1.503232002,0.4880959988,1.992576003,1.998959,1,0,-1,34225,29947,16,16,7453,24.8873009,17.09693792,512002,0,512002,34225
v1,e7bd16a8ad2be3cb1a245ce7fe4d8ea167164025,direct,octree_nfcount,flyby,6,731,731,1.561184049,0.3597120047,1.922111988,1.92812,1,0,-1,34137,29870,16,16,7369,24.6702377,17.14101105,512002,0,512002,34137
v1,e7bd16a8ad2be3cb1a245ce7fe4d8ea167164025,direct,octree_nfcount,flyby,6,732,732,1.22140801,0.3593919873,1.582015991,1.589224,1,0,-1,34089,29828,16,16,7229,24.23561754,17.16514684,512002,0,512002,34089
v1,e7bd16a8ad2be3cb1a245ce7fe4d8ea167164025,direct,octree_nfcount,flyby,6,733,733,1.495872021,0.4870080054,1.98409605,1.990371,1,0,-1,34321,30031,16,16,7490,24.94089441,17.04911591,512002,0,512002,34321
v1,e7bd16a8ad2be3cb1a245ce7fe4d8ea167164025,direct,octree_nfcount,flyby,6,734,734,1.569280028,0.4903680086,2.061824083,2.069417,1,0,-1,34409,30108,16,16,7409,24.60807759,17.00551348,512002,0,512002,34409
v1,e7bd16a8ad2be3cb1a245ce7fe4d8ea167164025,direct,octree_nfcount,flyby,6,735,735,1.576223969,0.4936639965,2.071487904,2.078432,1,0,-1,34601,30276,16,16,7554,24.95045581,16.91115075,512002,0,512002,34601
v1,e7bd16a8ad2be3cb1a245ce7fe4d8ea167164025,direct,octree_nfcount,flyby,6,736,736,1.250272036,0.3627200127,1.61424005,1.621912,1,0,-1,34433,30129,16,16,7451,24.73032626,16.99366059,512002,0,512002,34433
v1,e7bd16a8ad2be3cb1a245ce7fe4d8ea167164025,direct,octree_nfcount,flyby,6,737,737,1.57478404,0.3615680039,1.937567949,1.943705,1,0,-1,34369,30073,16,16,7405,24.62341635,17.02530509,512002,0,512002,34369
v1,e7bd16a8ad2be3cb1a245ce7fe4d8ea167164025,direct,octree_nfcount,flyby,6,738,738,1.581920028,0.4984320104,2.081919909,2.089628,1,0,-1,34641,30311,16,16,7496,24.73029593,16.8916235,512002,0,512002,34641
v1,e7bd16a8ad2be3cb1a245ce7fe4d8ea167164025,direct,octree_nfcount,flyby,6,739,739,1.24595201,0.3666560054,1.61382401,1.621726,1,0,-1,34153,29884,16,16,7340,24.56163833,17.13298086,512002,0,512002,34153
v1,e7bd16a8ad2be3cb1a245ce7fe4d8ea167164025,direct,octree_nfcount,flyby,6,740,740,1.548511982,0.3647679985,1.914528012,1.92214,1,0,-1,34105,29842,16,16,7317,24.51913411,17.15709403,512002,0,512002,34105
v1,e7bd16a8ad2be3cb1a245ce7fe4d8ea167164025,direct,octree_nfcount,flyby,6,741,741,1.605695963,0.4957759976,2.103519917,2.111512,1,0,-1,34369,30073,16,16,7433,24.71652313,17.02530509,512002,0,512002,34369
v1,e7bd16a8ad2be3cb1a245ce7fe4d8ea167164025,direct,octree_nfcount,flyby,6,742,742,1.232704043,0.367839992,1.601824045,1.609469,1,0,-1,34249,29968,16,16,7299,24.35597971,17.08495729,512002,0,512002,34249
v1,e7bd16a8ad2be3cb1a245ce7fe4d8ea167164025,direct,octree_nfcount,flyby,6,743,743,1.576544046,0.3616960049,1.939455986,1.946969,1,0,-1,34089,29828,16,16,7343,24.61780877,17.16514684,512002,0,512002,34089
v1,e7bd16a8ad2be3cb1a245ce7fe4d8ea167164025,direct,octree_nfcount,flyby,6,744,744,1.588672042,0.5105919838,2.100512028,2.107287,1,0,-1,34265,29982,16,16,7402,24.68814622,17.07697952,512002,0,512002,34265
v1,e7bd16a8ad2be3cb1a245ce7fe4d8ea167164025,direct,octree_nfcount,flyby,6,745,745,1.240192056,0.3696640134,1.611071944,1.619549,1,0,-1,34241,29961,16,16,7307,24.38837155,17.08894897,512002,0,512002,34241
v1,e7bd16a8ad2be3cb1a245ce7fe4d8ea167164025,direct,octree_nfcount,flyby,6,746,746,1.53334403,0.3616639972,1.896288037,1.903169,1,0,-1,34241,29961,16,16,7418,24.75885318,17.08894897,512002,0,512002,34241
v1,e7bd16a8ad2be3cb1a245ce7fe4d8ea167164025,direct,octree_nfcount,flyby,6,747,747,1.552479982,0.3615680039,1.915328026,1.921717,1,0,-1,34225,29947,16,16,7368,24.60346612,17.09693792,512002,0,512002,34225
v1,e7bd16a8ad2be3cb1a245ce7fe4d8ea167164025,direct,octree_nfcount,flyby,6,748,748,1.227743983,0.3616960049,1.590656042,1.59736,1,0,-1,34073,29814,16,16,7295,24.46837056,17.17320722,512002,0,512002,34073
v1,e7bd16a8ad2be3cb1a245ce7fe4d8ea167164025,direct,octree_nfcount,flyby,6,749,749,1.503424048,0.4907839894,1.995839953,2.001456,1,0,-1,34225,29947,16,16,7374,24.62350152,17.09693792,512002,0,512002,34225
v1,e7bd16a8ad2be3cb1a245ce7fe4d8ea167164025,direct,octree_nfcount,flyby,6,750,750,1.531679988,0.3616000116,1.894495964,1.901343,1,0,-1,34097,29835,16,16,7274,24.38076085,17.16111949,512002,0,512002,34097
v1,e7bd16a8ad2be3cb1a245ce7fe4d8ea167164025,direct,octree_nfcount,flyby,6,751,751,1.560575962,0.4918079972,2.053983927,2.059885,1,0,-1,34201,29926,16,16,7388,24.68756265,17.10893537,512002,0,512002,34201
v1,e7bd16a8ad2be3cb1a245ce7fe4d8ea167164025,direct,octree_nfcount,flyby,6,752,752,1.218016028,0.3576959968,1.576959968,1.582902,1,0,-1,34153,29884,16,16,7339,24.55829206,17.13298086,512002,0,512002,34153
v1,e7bd16a8ad2be3cb1a245ce7fe4d8ea167164025,direct,octree_nfcount,flyby,6,753,753,1.571807981,0.4873920083,2.061408043,2.068657,1,0,-1,34217,29940,16,16,7309,24.41215765,17.1009352,512002,0,512002,34217
v1,e7bd16a8ad2be3cb1a245ce7fe4d8ea167164025,direct,octree_nfcount,flyby,6,754,754,1.554111958,0.4860160053,2.041343927,2.047283,1,0,-1,34345,30052,16,16,7546,25.10980966,17.03720218,512002,0,512002,34345
v1,e7bd16a8ad2be3cb1a245ce7fe4d8ea167164025,direct,octree_nfcount,flyby,6,755,755,1.230880022,0.3606719971,1.592767954,1.599721,1,0,-1,34225,29947,16,16,7354,24.55671687,17.09693792,512002,0,512002,34225
v1,e7bd16a8ad2be3cb1a245ce7fe4d8ea167164025,direct,octree_nfcount,flyby,6,756,756,1.541695952,0.3624959886,1.905408025,1.912545,1,0,-1,34089,29828,16,16,7327,24.5641679,17.16514684,512002,0,512002,34089
v1,e7bd16a8ad2be3cb1a245ce7fe4d8ea167164025,direct,octree_nfcount,flyby,6,757,757,1.618335962,0.4958719909,2.116415977,2.12389,1,0,-1,34441,30136,16,16,7496,24.87390496,16.9897133,512002,0,512002,34441
v1,e7bd16a8ad2be3cb1a245ce7fe4d8ea167164025,direct,octree_nfcount,flyby,6,758,758,1.216192007,0.362560004,1.580000043,1.586939,1,0,-1,34161,29891,16,16,7367,24.64621458,17.12896859,512002,0,512002,34161
v1,e7bd16a8ad2be3cb1a245ce7fe4d8ea167164025,direct,octree_nfcount,flyby,6,759,759,1.539999962,0.4916160107,2.033216,2.04015,1,0,-1,34177,29905,16,16,7403,24.75505768,17.12094967,512002,0,512002,34177
v1,e7bd16a8ad2be3cb1a245ce7fe4d8ea167164025,direct,octree_nfcount,flyby,6,760,760,1.534880042,0.4912959933,2.028415918,2.035143,1,0,-1,34361,30066,16,16,7514,24.99168496,17.02926894,512002,0,512002,34361
v1,e7bd16a8ad2be3cb1a245ce7fe4d8ea167164025,direct,octree_nfcount,flyby,6,761,761,1.238368034,0.3657599986,1.605344057,1.613121,1,0,-1,34225,29947,16,16,7296,24.36304137,17.09693792,512002,0,512002,34225
v1,e7bd16a8ad2be3cb1a245ce7fe4d8ea167164025,direct,octree_nfcount,flyby,6,762,762,1.559103966,0.4937599897,2.055295944,2.062374,1,0,-1,34345,30052,16,16,7424,24.70384667,17.03720218,512002,0,512002,34345
v1,e7bd16a8ad2be3cb1a245ce7fe4d8ea167164025,direct,octree_nfcount,flyby,6,763,763,1.576192021,0.4927679896,2.071167946,2.078542,1,0,-1,34369,30073,16,16,7420,24.67329498,17.02530509,512002,0,512002,34369
v1,e7bd16a8ad2be3cb1a245ce7fe4d8ea167164025,direct,octree_nfcount,flyby,6,764,764,1.249024034,0.3586240113,1.60886395,1.615377,1,0,-1,34305,30017,16,16,7284,24.26624913,17.05706766,512002,0,512002,34305
v1,e7bd16a8ad2be3cb1a245ce7fe4d8ea167164025,direct,octree_nfcount,flyby,6,765,765,1.562847972,0.3647359908,1.928799987,1.936341,1,0,-1,34249,29968,16,16,7474,24.93993593,17.08495729,512002,0,512002,34249
v1,e7bd16a8ad2be3cb1a245ce7fe4d8ea167164025,direct,octree_nfcount,flyby,6,766,766,1.555199981,0.49673599,2.053535938,2.060893,1,0,-1,34289,30003,16,16,7342,24.47088624,17.06502683,512002,0,512002,34289
v1,e7bd16a8ad2be3cb1a245ce7fe4d8ea167164025,direct,octree_nfcount,flyby,6,767,767,1.234367967,0.3618560135,1.597471952,1.603654,1,0,-1,34225,29947,16,16,7240,24.17604435,17.09693792,512002,0,512002,34225
v1,e7bd16a8ad2be3cb1a245ce7fe4d8ea167164025,direct,octree_nfcount,flyby,6,768,768,1.537312031,0.495840013,2.035455942,2.042626,1,0,-1,34265,29982,16,16,7356,24.53472083,17.07697952,512002,0,512002,34265
v1,e7bd16a8ad2be3cb1a245ce7fe4d8ea167164025,direct,octree_nfcount,flyby,6,769,769,1.557600021,0.3658559918,1.924736023,1.932872,1,0,-1,34073,29814,16,16,7219,24.21345677,17.17320722,512002,0,512002,34073
v1,e7bd16a8ad2be3cb1a245ce7fe4d8ea167164025,direct,octree_nfcount,flyby,6,770,770,1.560063958,0.3656319976,1.926944017,1.934982,1,0,-1,34001,29751,16,16,7217,24.25800813,17.20957279,512002,0,512002,34001
v1,e7bd16a8ad2be3cb1a245ce7fe4d8ea167164025,direct,octree_nfcount,flyby,6,771,771,1.222911954,0.3677119911,1.591871977,1.599644,1,0,-1,33801,29576,16,16,7212,24.38463619,17.31140114,512002,0,512002,33801
v1,e7bd16a8ad2be3cb1a245ce7fe4d8ea167164025,direct,octree_nfcount,flyby,6,772,772,1.542623997,0.3696320057,1.913504004,1.920937,1,0,-1,33793,29569,16,16,7070,23.9101762,17.31549934,512002,0,512002,33793
v1,e7bd16a8ad2be3cb1a245ce7fe4d8ea167164025,direct,octree_nfcount,flyby,6,773,773,1.553536057,0.4922879934,2.048032045,2.055257,1,0,-1,33881,29646,16,16,7134,24.06395467,17.27052553,512002,0,512002,33881
v1,e7bd16a8ad2be3cb1a245ce7fe4d8ea167164025,direct,octree_nfcount,flyby,6,774,774,1.236672044,0.3657920063,1.603711963,1.611597,1,0,-1,33849,29618,16,16,7133,24.08332771,17.28685259,512002,0,512002,33849
v1,e7bd16a8ad2be3cb1a245ce7fe4d8ea167164025,direct,octree_nfcount,flyby,6,775,775,1.54102397,0.4957120121,2.038336039,2.045942,1,0,-1,33865,29632,16,16,7046,23.77834773,17.27868521,512002,0,512002,33865
v1,e7bd16a8ad2be3cb1a245ce7fe4d8ea167164025,direct,octree_nfcount,flyby,6,776,776,1.572703958,0.4966079891,2.070976019,2.078515,1,0,-1,34137,29870,16,16,7216,24.15801808,17.14101105,512002,0,512002,34137
v1,e7bd16a8ad2be3cb1a245ce7fe4d8ea167164025,direct,octree_nfcount,flyby,6,777,777,1.224063993,0.3637439907,1.589056015,1.596881,1,0,-1,33985,29737,16,16,7146,24.03066886,17.21767495,512002,0,512002,33985
v1,e7bd16a8ad2be3cb1a245ce7fe4d8ea167164025,direct,octree_nfcount,flyby,6,778,778,1.528416038,0.4897600114,2.019776106,2.026716,1,0,-1,34337,30045,16,16,7272,24.20369446,17.04117158,512002,0,512002,34337
v1,e7bd16a8ad2be3cb1a245ce7fe4d8ea167164025,direct,octree_nfcount,flyby,6,779,779,1.584383965,0.4896320105,2.077408075,2.082262,1,0,-1,34417,30115,16,16,7267,24.13083181,17.00156068,512002,0,512002,34417
v1,e7bd16a8ad2be3cb1a245ce7fe4d8ea167164025,direct,octree_nfcount,flyby,6,780,780,1.215935946,0.3593280017,1.576511979,1.58236,1,0,-1,34105,29842,16,16,7119,23.8556397,17.15709403,512002,0,512002,34105
v1,e7bd16a8ad2be3cb1a245ce7fe4d8ea167164025,direct,octree_nfcount,flyby,6,781,781,1.533151984,0.4897600114,2.024512053,2.031248,1,0,-1,34129,29863,16,16,7232,24.21725882,17.14502897,512002,0,512002,34129
v1,e7bd16a8ad2be3cb1a245ce7fe4d8ea167164025,direct,octree_nfcount,flyby,6,782,782,1.551072001,0.4927360117,2.046015978,2.053098,1,0,-1,34201,29926,16,16,7319,24.45699392,17.10893537,512002,0,512002,34201
v1,e7bd16a8ad2be3cb1a245ce7fe4d8ea167164025,direct,octree_nfcount,flyby,6,783,783,1.23785603,0.3644480109,1.603551984,1.61129,1,0,-1,34089,29828,16,16,7178,24.06463725,17.16514684,512002,0,512002,34089
v1,e7bd16a8ad2be3cb1a245ce7fe4d8ea167164025,direct,octree_nfcount,flyby,6,784,784,1.523360014,0.4955520034,2.020544052,2.028651,1,0,-1,34153,29884,16,16,7285,24.37759336,17.13298086,512002,0,512002,34153
v1,e7bd16a8ad2be3cb1a245ce7fe4d8ea167164025,direct,octree_nfcount,flyby,6,785,785,1.604864001,0.4987199903,2.105792046,2.113914,1,0,-1,34217,29940,16,16,7215,24.09819639,17.1009352,512002,0,512002,34217
v1,e7bd16a8ad2be3cb1a245ce7fe4d8ea167164025,direct,octree_nfcount,flyby,6,786,786,1.247903943,0.3657599986,1.614912033,1.622303,1,0,-1,34193,29919,16,16,7232,24.17193088,17.11293827,512002,0,512002,34193
v1,e7bd16a8ad2be3cb1a245ce7fe4d8ea167164025,direct,octree_nfcount,flyby,6,787,787,1.509920001,0.4947839975,2.006943941,2.013992,1,0,-1,34201,29926,16,16,7260,24.25984094,17.10893537,512002,0,512002,34201
v1,e7bd16a8ad2be3cb1a245ce7fe4d8ea167164025,direct,octree_nfcount,flyby,6,788,788,1.644127965,0.3657279909,2.01107192,2.018334,1,0,-1,34033,29779,16,16,7231,24.2822123,17.19339132,512002,0,512002,34033
v1,e7bd16a8ad2be3cb1a245ce7fe4d8ea167164025,direct,octree_nfcount,flyby,6,789,789,1.502079964,0.4907839894,1.995103955,2.001568,1,0,-1,34185,29912,16,16,7225,24.15418561,17.11694303,512002,0,512002,34185
v1,e7bd16a8ad2be3cb1a245ce7fe4d8ea167164025,direct,octree_nfcount,flyby,6,790,790,1.227391958,0.4898880124,1.718495965,1.725524,1,0,-1,34273,29989,16,16,7356,24.52899396,17.07299343,512002,0,512002,34273
v1,e7bd16a8ad2be3cb1a245ce7fe4d8ea167164025,direct,octree_nfcount,flyby,6,791,791,1.577983975,0.3616960049,1.940896034,1.947947,1,0,-1,34193,29919,16,16,7219,24.12848023,17.11293827,512002,0,512002,34193
v1,e7bd16a8ad2be3cb1a245ce7fe4d8ea167164025,direct,octree_nfcount,flyby,6,792,792,1.559775949,0.4887360036,2.050112009,2.057089,1,0,-1,34233,29954,16,16,7289,24.33397877,17.09294251,512002,0,512002,34233
v1,e7bd16a8ad2be3cb1a245ce7fe4d8ea167164025,direct,octree_nfcount,flyby,6,793,793,1.245887995,0.3636479974,1.610751987,1.618749,1,0,-1,34081,29821,16,16,7234,24.25807317,17.16917608,512002,0,512002,34081
v1,e7bd16a8ad2be3cb1a245ce7fe4d8ea167164025,direct,octree_nfcount,flyby,6,794,794,1.554239988,0.3666239977,1.92208004,1.929932,1,0,-1,34081,29821,16,16,7153,23.9864525,17.16917608,512002,0,512002,34081
v1,e7bd16a8ad2be3cb1a245ce7fe4d8ea167164025,direct,octree_nfcount,flyby,6,795,795,1.580031991,0.4948480129,2.076607943,2.08282,1,0,-1,34209,29933,16,16,7242,24.19403334,17.10493435,512002,0,512002,34209
v1,e7bd16a8ad2be3cb1a245ce7fe4d8ea167164025,direct,octree_nfcount,flyby,6,796,796,1.236672044,0.4934720099,1.732352018,1.739284,1,0,-1,34217,29940,16,16,7177,23.97127589,17.1009352,512002,0,512002,34217
v1,e7bd16a8ad2be3cb1a245ce7fe4d8ea167164025,direct,octree_nfcount,flyby,6,797,797,1.561568022,0.495487988,2.058655977,2.066654,1,0,-1,34337,30045,16,16,7198,23.95739724,17.04117158,512002,0,512002,34337
v1,e7bd16a8ad2be3cb1a245ce7fe4d8ea167164025,direct,octree_nfcount,flyby,6,798,798,1.571488023,0.5058240294,2.079488039,2.087024,1,0,-1,34433,30129,16,16,7339,24.35859139,16.99366059,512002,0,512002,34433
v1,e7bd16a8ad2be3cb1a245ce7fe4d8ea167164025,direct,octree_nfcount,flyby,6,799,799,1.22239995,0.3655360043,1.589151978,1.596495,1,0,-1,34121,29856,16,16,7130,23.88129689,17.14904877,512002,0,512002,34121
v1,e7bd16a8ad2be3cb1a245ce7fe4d8ea167164025,direct,octree_nfcount,flyby,6,800,800,1.570368052,0.4970239997,2.068608046,2.075715,1,0,-1,34345,30052,16,16,7271,24.19472914,17.03720218,512002,0,512002,34345
v1,e7bd16a8ad2be3cb1a245ce7fe4d8ea167164025,direct,octree_nfcount,flyby,6,801,801,1.559551954,0.3675200045,1.928287983,1.935922,1,0,-1,34321,30031,16,16,7328,24.40145183,17.04911591,512002,0,512002,34321
v1,e7bd16a8ad2be3cb1a245ce7fe4d8ea167164025,direct,octree_nfcount,flyby,6,802,802,1.205407977,0.3647040129,1.571328044,1.578468,1,0,-1,33977,29730,16,16,7065,23.76387487,17.22172889,512002,0,512002,33977
v1,e7bd16a8ad2be3cb1a245ce7fe4d8ea167164025,direct,octree_nfcount,flyby,6,803,803,1.527807951,0.4923200011,2.021696091,2.028783,1,0,-1,34049,29793,16,16,7163,24.04256033,17.18531199,512002,0,512002,34049
v1,e7bd16a8ad2be3cb1a245ce7fe4d8ea167164025,direct,octree_nfcount,flyby,6,804,804,1.585216045,0.4887039959,2.075551987,2.081561,1,0,-1,34065,29807,16,16,7194,24.13527024,17.17724025,512002,0,512002,34065
v1,e7bd16a8ad2be3cb1a245ce7fe4d8ea167164025,direct,octree_nfcount,flyby,6,805,805,1.240352035,0.4896000028,1.732159972,1.73879,1,0,-1,34081,29821,16,16,7107,23.83219879,17.16917608,512002,0,512002,34081
v1,e7bd16a8ad2be3cb1a245ce7fe4d8ea167164025,direct,octree_nfcount,flyby,6,806,806,1.531839967,0.4927999973,2.02624011,2.033317,1,0,-1,34193,29919,16,16,7227,24.15521909,17.11293827,512002,0,512002,34193
v1,e7bd16a8ad2be3cb1a245ce7fe4d8ea167164025,direct,octree_nfcount,flyby,6,807,807,1.570144057,0.3666239977,1.938016057,1.94596,1,0,-1,33889,29653,16,16,7122,24.01780596,17.26644859,512002,0,512002,33889
v1,e7bd16a8ad2be3cb1a245ce7fe4d8ea167164025,direct,octree_nfcount,flyby,6,808,808,1.241343975,0.4925119877,1.73545599,1.743122,1,0,-1,34073,29814,16,16,7093,23.79083652,17.17320722,512002,0,512002,34073
v1,e7bd16a8ad2be3cb1a245ce7fe4d8ea167164025,direct,octree_nfcount,flyby,6,809,809,1.530176044,0.4875839949,2.019392014,2.025313,1,0,-1,34153,29884,16,16,7214,24.14000803,17.13298086,512002,0,512002,34153
v1,e7bd16a8ad2be3cb1a245ce7fe4d8ea167164025,direct,octree_nfcount,flyby,6,810,810,1.604351997,0.3634560108,1.96905601,1.976467,1,0,-1,34017,29765,16,16,7190,24.15588779,17.20147825,512002,0,512002,34017
v1,e7bd16a8ad2be3cb1a245ce7fe4d8ea167164025,direct,octree_nfcount,flyby,6,811,811,1.575296044,0.4932160079,2.07011199,2.077448,1,0,-1,34113,29849,16,16,7269,24.35257463,17.15307045,512002,0,512002,34113
v1,e7bd16a8ad2be3cb1a245ce7fe4d8ea167164025,direct,octree_nfcount,flyby,6,812,812,1.243648052,0.4918079972,1.737663984,1.744483,1,0,-1,34337,30045,16,16,7362,24.50324513,17.04117158,512002,0,512002,34337
v1,e7bd16a8ad2be3cb1a245ce7fe4d8ea167164025,direct,octree_nfcount,flyby,6,813,813,1.578591943,0.3648639917,1.944767952,1.952699,1,0,-1,34169,29898,16,16,7189,24.04508663,17.12495819,512002,0,512002,34169
v1,e7bd16a8ad2be3cb1a245ce7fe4d8ea167164025,direct,octree_nfcount,flyby,6,814,814,1.580863953,0.4905599952,2.073600054,2.080382,1,0,-1,34329,30038,16,16,7313,24.34582862,17.04514282,512002,0,512002,34329
v1,e7bd16a8ad2be3cb1a245ce7fe4d8ea167164025,direct,octree_nfcount,flyby,6,815,815,1.24780798,0.3657279909,1.614752054,1.622386,1,0,-1,34201,29926,16,16,7237,24.1829847,17.10893537,512002,0,512002,34201
v1,e7bd16a8ad2be3cb1a245ce7fe4d8ea167164025,direct,octree_nfcount,flyby,6,816,816,1.535712004,0.4937280118,2.031071901,2.038625,1,0,-1,34265,29982,16,16,7149,23.84430658,17.07697952,512002,0,512002,34265
v1,e7bd16a8ad2be3cb1a245ce7fe4d8ea167164025,direct,octree_nfcount,flyby,6,817,817,1.542495966,0.4962559938,2.039968014,2.047456,1,0,-1,34529,30213,16,16,7332,24.26769933,16.9464138,512002,0,512002,34529
v1,e7bd16a8ad2be3cb1a245ce7fe4d8ea167164025,direct,octree_nfcount,flyby,6,818,818,1.231423974,0.3606719971,1.593312025,1.600652,1,0,-1,34249,29968,16,16,7176,23.94554191,17.08495729,512002,0,512002,34249
v1,e7bd16a8ad2be3cb1a245ce7fe4d8ea167164025,direct,octree_nfcount,flyby,6,819,819,1.658143997,0.3604159951,2.019808054,2.026703,1,0,-1,34145,29877,16,16,7119,23.82769354,17.13699501,512002,0,512002,34145
v1,e7bd16a8ad2be3cb1a245ce7fe4d8ea167164025,direct,octree_nfcount,flyby,6,820,820,1.593312025,0.4916479886,2.086560011,2.093358,1,0,-1,34273,29989,16,16,7241,24.14552002,17.07299343,512002,0,512002,34273
v1,e7bd16a8ad2be3cb1a245ce7fe4d8ea167164025,direct,octree_nfcount,flyby,6,821,821,1.219712019,0.3614400029,1.582368016,1.588589,1,0,-1,34201,29926,16,16,7202,24.06602954,17.10893537,512002,0,512002,34201
v1,e7bd16a8ad2be3cb1a245ce7fe4d8ea167164025,direct,octree_nfcount,flyby,6,822,822,1.549056053,0.4895040095,2.040800095,2.047411,1,0,-1,34209,29933,16,16,7160,23.9200882,17.10493435,512002,0,512002,34209
v1,e7bd16a8ad2be3cb1a245ce7fe4d8ea167164025,direct,octree_nfcount,flyby,6,823,823,1.58870399,0.4936000109,2.084511995,2.091693,1,0,-1,34273,29989,16,16,7235,24.12551269,17.07299343,512002,0,512002,34273
v1,e7bd16a8ad2be3cb1a245ce7fe4d8ea167164025,direct,octree_nfcount,flyby,6,824,824,1.224799991,0.3606399894,1.586655974,1.593493,1,0,-1,34217,29940,16,16,7110,23.74749499,17.1009352,512002,0,512002,34217
v1,e7bd16a8ad2be3cb1a245ce7fe4d8ea167164025,direct,octree_nfcount,flyby,6,825,825,1.530688047,0.363808006,1.895712018,1.903139,1,0,-1,34033,29779,16,16,7206,24.19826052,17.19339132,512002,0,512002,34033
v1,e7bd16a8ad2be3cb1a245ce7fe4d8ea167164025,direct,octree_nfcount,flyby,6,826,826,1.563392043,0.4937919974,2.058815956,2.065187,1,0,-1,34113,29849,16,16,7242,24.26211933,17.15307045,512002,0,512002,34113
v1,e7bd16a8ad2be3cb1a245ce7fe4d8ea167164025,direct,octree_nfcount,flyby,6,827,827,1.221151948,0.4906879961,1.714143991,1.722121,1,0,-1,34153,29884,16,16,7148,23.91915406,17.13298086,512002,0,512002,34153
v1,e7bd16a8ad2be3cb1a245ce7fe4d8ea167164025,direct,octree_nfcount,flyby,6,828,828,1.556256056,0.3627200127,1.920192003,1.927334,1,0,-1,34145,29877,16,16,7292,24.40673428,17.13699501,512002,0,512002,34145
v1,e7bd16a8ad2be3cb1a245ce7fe4d8ea167164025,direct,octree_nfcount,flyby,6,829,829,1.564671993,0.3648320138,1.930752039,1.937905,1,0,-1,34113,29849,16,16,7183,24.06445777,17.15307045,512002,0,512002,34113
v1,e7bd16a8ad2be3cb1a245ce7fe4d8ea167164025,direct,octree_nfcount,flyby,6,830,830,1.247424006,0.3646079898,1.613280058,1.620133,1,0,-1,33985,29737,16,16,7085,23.82553721,17.21767495,512002,0,512002,33985
v1,e7bd16a8ad2be3cb1a245ce7fe4d8ea167164025,direct,octree_nfcount,flyby,6,831,831,1.51900804,0.4886080027,2.009952068,2.016588,1,0,-1,34377,30080,16,16,7291,24.23869681,17.02134309,512002,0,512002,34377
v1,e7bd16a8ad2be3cb1a245ce7fe4d8ea167164025,direct,octree_nfcount,flyby,6,832,832,1.273920059,0.3594880104,1.634624004,1.641445,1,0,-1,34177,29905,16,16,7134,23.85554255,17.12094967,512002,0,512002,34177
v1,e7bd16a8ad2be3cb1a245ce7fe4d8ea167164025,direct,octree_nfcount,flyby,6,833,833,1.229375958,0.3637439907,1.594367981,1.601689,1,0,-1,34105,29842,16,16,7177,24.04999665,17.15709403,512002,0,512002,34105
v1,e7bd16a8ad2be3cb1a245ce7fe4d8ea167164025,direct,octree_nfcount,flyby,6,834,834,1.249439955,0.4969280064,1.748000026,1.754764,1,0,-1,34137,29870,16,16,7263,24.31536659,17.14101105,512002,0,512002,34137
v1,e7bd16a8ad2be3cb1a245ce7fe4d8ea167164025,direct,octree_nfcount,flyby,6,835,835,1.617056012,0.3667840064,1.985087991,1.992598,1,0,-1,34065,29807,16,16,7218,24.21578824,17.17724025,512002,0,512002,34065
v1,e7bd16a8ad2be3cb1a245ce7fe4d8ea167164025,direct,octree_nfcount,flyby,6,836,836,1.574751973,0.4925439954,2.068896055,2.076189,1,0,-1,34137,29870,16,16,7233,24.21493137,17.14101105,512002,0,512002,34137
v1,e7bd16a8ad2be3cb1a245ce7fe4d8ea167164025,direct,octree_nfcount,flyby,6,837,837,1.236415982,0.3644799888,1.602112055,1.609991,1,0,-1,34129,29863,16,16,7294,24.42487359,17.14502897,512002,0,512002,34129
v1,e7bd16a8ad2be3cb1a245ce7fe4d8ea167164025,direct,octree_nfcount,flyby,6,838,838,1.598976016,0.4914239943,2.092639923,2.099789,1,0,-1,34225,29947,16,16,7138,23.83544262,17.09693792,512002,0,512002,34225
v1,e7bd16a8ad2be3cb1a245ce7fe4d8ea167164025,direct,octree_nfcount,flyby,6,839,839,1.537055969,0.4857600033,2.024447918,2.031196,1,0,-1,34345,30052,16,16,7264,24.17143618,17.03720218,512002,0,512002,34345
v1,e7bd16a8ad2be3cb1a245ce7fe4d8ea167164025,direct,octree_nfcount,flyby,6,840,840,1.248736024,0.3646399975,1.614688039,1.622288,1,0,-1,34201,29926,16,16,7179,23.98917329,17.10893537,512002,0,512002,34201
v1,e7bd16a8ad2be3cb1a245ce7fe4d8ea167164025,direct,octree_nfcount,flyby,6,841,841,1.582239985,0.3646399975,1.948127985,1.955771,1,0,-1,34065,29807,16,16,7071,23.72261549,17.17724025,512002,0,512002,34065
v1,e7bd16a8ad2be3cb1a245ce7fe4d8ea167164025,direct,octree_nfcount,flyby,6,842,842,1.546560049,0.4904640019,2.038624048,2.045696,1,0,-1,34265,29982,16,16,7202,24.02107931,17.07697952,512002,0,512002,34265
v1,e7bd16a8ad2be3cb1a245ce7fe4d8ea167164025,direct,octree_nfcount,flyby,6,843,843,1.218304038,0.3657920063,1.585312009,1.592578,1,0,-1,33993,29744,16,16,7097,23.86027434,17.21362292,512002,0,512002,33993
v1,e7bd16a8ad2be3cb1a245ce7fe4d8ea167164025,direct,octree_nfcount,flyby,6,844,844,1.523679972,0.4865280092,2.011807919,2.017763,1,0,-1,34113,29849,16,16,7108,23.81319307,17.15307045,512002,0,512002,34113
v1,e7bd16a8ad2be3cb1a245ce7fe4d8ea167164025,direct,octree_nfcount,flyby,6,845,845,1.554911971,0.4898560047,2.046367884,2.053132,1,0,-1,34129,29863,16,16,7182,24.04982755,17.14502897,512002,0,512002,34129
v1,e7bd16a8ad2be3cb1a245ce7fe4d8ea167164025,direct,octree_nfcount,flyby,6,846,846,1.224864006,0.3637439907,1.589856029,1.597087,1,0,-1,33817,29590,16,16,7087,23.95065901,17.30321054,512002,0,512002,33817
v1,e7bd16a8ad2be3cb1a245ce7fe4d8ea167164025,direct,octree_nfcount,flyby,6,847,847,1.546623945,0.4917120039,2.040544033,2.048463,1,0,-1,33905,29667,16,16,7086,23.88512489,17.25830047,512002,0,512002,33905
v1,e7bd16a8ad2be3cb1a245ce7fe4d8ea167164025,direct,octree_nfcount,flyby,6,848,848,1.530176044,0.4942719936,2.025664091,2.033271,1,0,-1,34089,29828,16,16,7186,24.09145769,17.16514684,512002,0,512002,34089
v1,e7bd16a8ad2be3cb1a245ce7fe4d8ea167164025,direct,octree_nfcount,flyby,6,849,849,1.228608012,0.3647679985,1.594624043,1.601541,1,0,-1,34041,29786,16,16,7055,23.68562412,17.1893507,512002,0,512002,34041
v1,e7bd16a8ad2be3cb1a245ce7fe4d8ea167164025,direct,octree_nfcount,flyby,6,850,850,1.520671964,0.3644160032,1.886335969,1.893505,1,0,-1,34001,29751,16,16,7113,23.90844005,17.20957279,512002,0,512002,34001
v1,e7bd16a8ad2be3cb1a245ce7fe4d8ea167164025,direct,octree_nfcount,flyby,6,851,851,1.538655996,0.4895040095,2.030240059,2.036276,1,0,-1,34049,29793,16,16,7170,24.06605578,17.18531199,512002,0,512002,34049
v1,e7bd16a8ad2be3cb1a245ce7fe4d8ea167164025,direct,octree_nfcount,flyby,6,852,852,1.213888049,0.3683840036,1.583520055,1.590043,1,0,-1,33833,29604,16,16,7042,23.78732604,17.2950277,512002,0,512002,33833
v1,e7bd16a8ad2be3cb1a245ce7fe4d8ea167164025,direct,octree_nfcount,flyby,6,853,853,1.532544017,0.4944959879,2.029279947,2.036915,1,0,-1,34105,29842,16,16,7256,24.31472421,17.15709403,512002,0,512002,34105
v1,e7bd16a8ad2be3cb1a245ce7fe4d8ea167164025,direct,octree_nfcount,flyby,6,854,854,1.616736054,0.49446401,2.113440037,2.120637,1,0,-1,34321,30031,16,16,7337,24.43142087,17.04911591,512002,0,512002,34321
v1,e7bd16a8ad2be3cb1a245ce7fe4d8ea167164025,direct,octree_nfcount,flyby,6,855,855,1.245151997,0.4916479886,1.73900795,1.746467,1,0,-1,34353,30059,16,16,7221,24.02275525,17.03323464,512002,0,512002,34353
v1,e7bd16a8ad2be3cb1a245ce7fe4d8ea167164025,direct,octree_nfcount,flyby,6,856,856,1.537248015,0.3587520123,1.897215962,1.904647,1,0,-1,34313,30024,16,16,7287,24.27058353,17.05309086,512002,0,512002,34313
v1,e7bd16a8ad2be3cb1a245ce7fe4d8ea167164025,direct,octree_nfcount,flyby,6,857,857,1.589599967,0.3668160141,1.957695961,1.965371,1,0,-1,34153,29884,16,16,7240,24.22701111,17.13298086,512002,0,512002,34153
v1,e7bd16a8ad2be3cb1a245ce7fe4d8ea167164025,direct,octree_nfcount,flyby,6,858,858,1.230080009,0.4897919893,1.722079992,1.728667,1,0,-1,34209,29933,16,16,7219,24.11719507,17.10493435,512002,0,512002,34209
v1,e7bd16a8ad2be3cb1a245ce7fe4d8ea167164025,direct,octree_nfcount,flyby,6,859,859,1.510527968,0.35552001,1.86729598,1.873169,1,0,-1,34097,29835,16,16,7280,24.40087146,17.16111949,512002,0,512002,34097
v1,e7bd16a8ad2be3cb1a245ce7fe4d8ea167164025,direct,octree_nfcount,flyby,6,860,860,1.628895998,0.4968320131,2.127327919,2.134837,1,0,-1,34121,29856,16,16,7225,24.19949089,17.14904877,512002,0,512002,34121
v1,e7bd16a8ad2be3cb1a245ce7fe4d8ea167164025,direct,octree_nfcount,flyby,6,861,861,1.252383947,0.4917759895,1.745759964,1.753087,1,0,-1,34313,30024,16,16,7257,24.17066347,17.05309086,512002,0,512002,34313
v1,e7bd16a8ad2be3cb1a245ce7fe4d8ea167164025,direct,octree_nfcount,flyby,6,862,862,1.502015948,0.3647359908,1.867967963,1.875224,1,0,-1,34177,29905,16,16,7250,24.24343755,17.12094967,512002,0,512002,34177
v1,e7bd16a8ad2be3cb1a245ce7fe4d8ea167164025,direct,octree_nfcount,flyby,6,863,863,1.597728014,0.4936639965,2.093024015,2.099969,1,0,-1,34201,29926,16,16,7168,23.95241596,17.10893537,512002,0,512002,34201
v1,e7bd16a8ad2be3cb1a245ce7fe4d8ea167164025,direct,octree_nfcount,flyby,6,864,864,1.566303968,0.362688005,1.930207968,1.937272,1,0,-1,34121,29856,16,16,7178,24.0420686,17.14904877,512002,0,512002,34121
v1,e7bd16a8ad2be3cb1a245ce7fe4d8ea167164025,direct,octree_nfcount,flyby,6,865,865,1.241727948,0.3621760011,1.605119944,1.612635,1,0,-1,34033,29779,16,16,7191,24.14788945,17.19339132,512002,0,512002,34033
v1,e7bd16a8ad2be3cb1a245ce7fe4d8ea167164025,direct,octree_nfcount,flyby,6,866,866,1.523103952,0.3645760119,1.888960004,1.896082,1,0,-1,33985,29737,16,16,7059,23.73810405,17.21767495,512002,0,512002,33985
v1,e7bd16a8ad2be3cb1a245ce7fe4d8ea167164025,direct,octree_nfcount,flyby,6,867,867,1.554975986,0.3595199883,1.915711999,1.922735,1,0,-1,33985,29737,16,16,7094,23.85580254,17.21767495,512002,0,512002,33985
v1,e7bd16a8ad2be3cb1a245ce7fe4d8ea167164025,direct,octree_nfcount,flyby,6,868,868,1.229696035,0.3615359962,1.592447996,1.598597,1,0,-1,33881,29646,16,16,7075,23.86493962,17.27052553,512002,0,512002,33881
v1,e7bd16a8ad2be3cb1a245ce7fe4d8ea167164025,direct,octree_nfcount,flyby,6,869,869,1.533504009,0.3617919981,1.89654398,1.903362,1,0,-1,33681,29471,16,16,6972,23.65715449,17.37307862,512002,0,512002,33681
v1,e7bd16a8ad2be3cb1a245ce7fe4d8ea167164025,direct,octree_nfcount,flyby,6,870,870,1.571776032,0.4989120066,2.073215961,2.08136,1,0,-1,34105,29842,16,16,7128,23.88579854,17.15709403,512002,0,512002,34105
v1,e7bd16a8ad2be3cb1a245ce7fe4d8ea167164025,direct,octree_nfcount,flyby,6,871,871,1.245887995,0.3646399975,1.611744046,1.619597,1,0,-1,34001,29751,16,16,7111,23.90171759,17.20957279,512002,0,512002,34001
v1,e7bd16a8ad2be3cb1a245ce7fe4d8ea167164025,direct,octree_nfcount,flyby,6,872,872,1.534816027,0.489695996,2.02611208,2.032713,1,0,-1,34009,29758,16,16,7112,23.89945561,17.20552456,512002,0,512002,34009
v1,e7bd16a8ad2be3cb1a245ce7fe4d8ea167164025,direct,octree_nfcount,flyby,6,873,873,1.577087998,0.4917120039,2.071199894,2.077491,1,0,-1,34289,30003,16,16,7200,23.99760024,17.06502683,512002,0,512002,34289
v1,e7bd16a8ad2be3cb1a245ce7fe4d8ea167164025,direct,octree_nfcount,flyby,6,874,874,1.219391942,0.3605119884,1.581151962,1.587115,1,0,-1,34281,29996,16,16,7164,23.88318442,17.0690092,512002,0,512002,34281
v1,e7bd16a8ad2be3cb1a245ce7fe4d8ea167164025,direct,octree_nfcount,flyby,6,875,875,1.562847972,0.3616960049,1.925760031,1.932897,1,0,-1,34089,29828,16,16,7083,23.74614456,17.16514684,512002,0,512002,34089
v1,e7bd16a8ad2be3cb1a245ce7fe4d8ea167164025,direct,octree_nfcount,flyby,6,876,876,1.579519987,0.4938560128,2.074975967,2.081638,1,0,-1,34209,29933,16,16,7169,23.95015535,17.10493435,512002,0,512002,34209
v1,e7bd16a8ad2be3cb1a245ce7fe4d8ea167164025,direct,octree_nfcount,flyby,6,877,877,1.220319986,0.4891200066,1.711199999,1.718004,1,0,-1,34265,29982,16,16,7086,23.63418051,17.07697952,512002,0,512002,34265
v1,e7bd16a8ad2be3cb1a245ce7fe4d8ea167164025,direct,octree_nfcount,flyby,6,878,878,1.543488026,0.3606080115,1.905344009,1.912112,1,0,-1,34153,29884,16,16,7094,23.73845536,17.13298086,512002,0,512002,34153
v1,e7bd16a8ad2be3cb1a245ce7fe4d8ea167164025,direct,octree_nfcount,flyby,6,879,879,1.540320039,0.488575995,2.030495882,2.037374,1,0,-1,34177,29905,16,16,7100,23.74184919,17.12094967,512002,0,512002,34177
v1,e7bd16a8ad2be3cb1a245ce7fe4d8ea167164025,direct,octree_nfcount,flyby,6,880,880,1.213664055,0.3647040129,1.579615951,1.586242,1,0,-1,34137,29870,16,16,6986,23.38801473,17.14101105,512002,0,512002,34137
v1,e7bd16a8ad2be3cb1a245ce7fe4d8ea167164025,direct,octree_nfcount,flyby,6,881,881,1.569344044,0.3617599905,1.932351947,1.938503,1,0,-1,34057,29800,16,16,7081,23.76174497,17.18127517,512002,0,512002,34057
v1,e7bd16a8ad2be3cb1a245ce7fe4d8ea167164025,direct,octree_nfcount,flyby,6,882,882,1.572160006,0.4896320105,2.063391924,2.069955,1,0,-1,34081,29821,16,16,7067,23.69806512,17.16917608,512002,0,512002,34081
v1,e7bd16a8ad2be3cb1a245ce7fe4d8ea167164025,direct,octree_nfcount,flyby,6,883,883,1.214975953,0.3616960049,1.57791996,1.584798,1,0,-1,33945,29702,16,16,6973,23.47653357,17.23796377,512002,0,512002,33945
v1,e7bd16a8ad2be3cb1a245ce7fe4d8ea167164025,direct,octree_nfcount,flyby,6,884,884,1.55648005,0.3626559973,1.920351982,1.927611,1,0,-1,33913,29674,16,16,7139,24.058098,17.25422929,512002,0,512002,33913
v1,e7bd16a8ad2be3cb1a245ce7fe4d8ea167164025,direct,octree_nfcount,flyby,6,885,885,1.609120011,0.4947519898,2.106080055,2.11304,1,0,-1,34161,29891,16,16,7166,23.97377137,17.12896859,512002,0,512002,34161
v1,e7bd16a8ad2be3cb1a245ce7fe4d8ea167164025,direct,octree_nfcount,flyby,6,886,886,1.22537601,0.3698559999,1.596480012,1.604638,1,0,-1,34025,29772,16,16,7034,23.62622598,17.19743383,512002,0,512002,34025
v1,e7bd16a8ad2be3cb1a245ce7fe4d8ea167164025,direct,octree_nfcount,flyby,6,887,887,1.549759984,0.4895359874,2.041311979,2.048855,1,0,-1,34137,29870,16,16,7214,24.1513224,17.14101105,512002,0,512002,34137
v1,e7bd16a8ad2be3cb1a245ce7fe4d8ea167164025,direct,octree_nfcount,flyby,6,888,888,1.557983994,0.49673599,2.056384087,2.063856,1,0,-1,34273,29989,16,16,7173,23.91877022,17.07299343,512002,0,512002,34273
v1,e7bd16a8ad2be3cb1a245ce7fe4d8ea167164025,direct,octree_nfcount,flyby,6,889,889,1.223968029,0.3594560027,1.584640026,1.591261,1,0,-1,34225,29947,16,16,7083,23.65178482,17.09693792,512002,0,512002,34225
v1,e7bd16a8ad2be3cb1a245ce7fe4d8ea167164025,direct,octree_nfcount,flyby,6,890,890,1.560703993,0.4914880097,2.053792,2.061306,1,0,-1,34249,29968,16,16,7233,24.13574479,17.08495729,512002,0,512002,34249
v1,e7bd16a8ad2be3cb1a245ce7fe4d8ea167164025,direct,octree_nfcount,flyby,6,891,891,1.595008016,0.3666560054,1.962880015,1.970864,1,0,-1,34225,29947,16,16,7201,24.04581427,17.09693792,512002,0,512002,34225
v1,e7bd16a8ad2be3cb1a245ce7fe4d8ea167164025,direct,octree_nfcount,flyby,6,892,892,1.256927967,0.4974400103,1.756000042,1.763585,1,0,-1,34465,30157,16,16,7231,23.97784926,16.97788242,512002,0,512002,34465
v1,e7bd16a8ad2be3cb1a245ce7fe4d8ea167164025,direct,octree_nfcount,flyby,6,893,893,1.523584008,0.4937280118,2.018944025,2.026829,1,0,-1,34601,30276,16,16,7342,24.25023121,16.91115075,512002,0,512002,34601
v1,e7bd16a8ad2be3cb1a245ce7fe4d8ea167164025,direct,octree_nfcount,flyby,6,894,894,1.280544043,0.3647679985,1.646528006,1.654073,1,0,-1,34449,30143,16,16,7266,24.10509903,16.98576784,512002,0,512002,34449
v1,e7bd16a8ad2be3cb1a245ce7fe4d8ea167164025,direct,octree_nfcount,flyby,6,895,895,1.574911952,0.496863991,2.073407888,2.081734,1,0,-1,34545,30227,16,16,7269,24.04803652,16.93856486,512002,0,512002,34545
v1,e7bd16a8ad2be3cb1a245ce7fe4d8ea167164025,direct,octree_nfcount,flyby,6,896,896,1.248191953,0.3636159897,1.613023996,1.620488,1,0,-1,34321,30031,16,16,7213,24.0185142,17.04911591,512002,0,512002,34321
v1,e7bd16a8ad2be3cb1a245ce7fe4d8ea167164025,direct,octree_nfcount,flyby,6,897,897,1.566176057,0.3605119884,1.92790401,1.935038,1,0,-1,34193,29919,16,16,7146,23.88448812,17.11293827,512002,0,512002,34193
v1,e7bd16a8ad2be3cb1a245ce7fe4d8ea167164025,direct,octree_nfcount,flyby,6,898,898,1.607936025,0.3622399867,1.971392035,1.978983,1,0,-1,34153,29884,16,16,7199,24.08981395,17.13298086,512002,0,512002,34153
v1,e7bd16a8ad2be3cb1a245ce7fe4d8ea167164025,direct,octree_nfcount,flyby,6,899,899,1.245120049,0.4936000109,1.740319967,1.747865,1,0,-1,34201,29926,16,16,7208,24.08607899,17.10893537,512002,0,512002,34201
v1,e7bd16a8ad2be3cb1a245ce7fe4d8ea167164025,direct,octree_nfcount,flyby,6,900,900,1.595391989,0.4903360009,2.087935925,2.094955,1,0,-1,34233,29954,16,16,7144,23.84990318,17.09294251,512002,0,512002,34233
v1,e7bd16a8ad2be3cb1a245ce7fe4d8ea167164025,direct,octree_nfcount,flyby,6,901,901,1.62163198,0.4924800098,2.115839958,2.122985,1,0,-1,34513,30199,16,16,7312,24.21272228,16.95427001,512002,0,512002,34513
v1,e7bd16a8ad2be3cb1a245ce7fe4d8ea167164025,direct,octree_nfcount,flyby,6,902,902,1.245408058,0.3635520041,1.610175967,1.617125,1,0,-1,34321,30031,16,16,7284,24.25493657,17.04911591,512002,0,512002,34321
v1,e7bd16a8ad2be3cb1a245ce7fe4d8ea167164025,direct,octree_nfcount,flyby,6,903,903,1.535071969,0.3615039885,1.897824049,1.903738,1,0,-1,34289,30003,16,16,7148,23.82428424,17.06502683,512002,0,512002,34289
v1,e7bd16a8ad2be3cb1a245ce7fe4d8ea167164025,direct,octree_nfcount,flyby,6,904,904,1.576544046,0.4804159999,2.058592081,2.06562,1,0,-1,34569,30248,16,16,7323,24.20986512,16.92680508,512002,0,512002,34569
v1,e7bd16a8ad2be3cb1a245ce7fe4d8ea167164025,direct,octree_nfcount,flyby,6,905,905,1.242848039,0.3668160141,1.610880017,1.61974,1,0,-1,34105,29842,16,16,7183,24.07010254,17.15709403,512002,0,512002,34105
v1,e7bd16a8ad2be3cb1a245ce7fe4d8ea167164025,direct,octree_nfcount,flyby,6,906,906,1.554847956,0.4984000027,2.054464102,2.062641,1,0,-1,34193,29919,16,16,7232,24.17193088,17.11293827,512002,0,512002,34193
v1,e7bd16a8ad2be3cb1a245ce7fe4d8ea167164025,direct,octree_nfcount,flyby,6,907,907,1.584416032,0.4958719909,2.082495928,2.090139,1,0,-1,34457,30150,16,16,7334,24.32504146,16.98182421,512002,0,512002,34457
v1,e7bd16a8ad2be3cb1a245ce7fe4d8ea167164025,direct,octree_nfcount,flyby,6,908,908,1.248064041,0.3657920063,1.615072012,1.622553,1,0,-1,34145,29877,16,16,7184,24.0452522,17.13699501,512002,0,512002,34145
v1,e7bd16a8ad2be3cb1a245ce7fe4d8ea167164025,direct,octree_nfcount,flyby,6,909,909,1.525375962,0.3646720052,1.891263962,1.89872,1,0,-1,34121,29856,16,16,7106,23.80091104,17.14904877,512002,0,512002,34121
v1,e7bd16a8ad2be3cb1a245ce7fe4d8ea167164025,direct,octree_nfcount,flyby,6,910,910,1.57763195,0.4957439899,2.074975967,2.081985,1,0,-1,34385,30087,16,16,7218,23.99042776,17.01738292,512002,0,512002,34385
v1,e7bd16a8ad2be3cb1a245ce7fe4d8ea167164025,direct,octree_nfcount,flyby,6,911,911,1.24751997,0.3687039912,1.617472053,1.625233,1,0,-1,34305,30017,16,16,7111,23.68990905,17.05706766,512002,0,512002,34305
v1,e7bd16a8ad2be3cb1a245ce7fe4d8ea167164025,direct,octree_nfcount,flyby,6,912,912,1.548928022,0.4916479886,2.042720079,2.049867,1,0,-1,34345,30052,16,16,7175,23.87528284,17.03720218,512002,0,512002,34345
v1,e7bd16a8ad2be3cb1a245ce7fe4d8ea167164025,direct,octree_nfcount,flyby,6,913,913,1.581439972,0.4926080108,2.077248096,2.083631,1,0,-1,34417,30115,16,16,7201,23.91167192,17.00156068,512002,0,512002,34417
v1,e7bd16a8ad2be3cb1a245ce7fe4d8ea167164025,direct,octree_nfcount,flyby,6,914,914,1.223520041,0.362688005,1.58742404,1.594409,1,0,-1,33961,29716,16,16,6974,23.46883834,17.22984251,512002,0,512002,33961
v1,e7bd16a8ad2be3cb1a245ce7fe4d8ea167164025,direct,octree_nfcount,flyby,6,915,915,1.268447995,0.5059199929,1.776000023,1.783007,1,0,-1,34249,29968,16,16,7124,23.77202349,17.08495729,512002,0,512002,34249
v1,e7bd16a8ad2be3cb1a245ce7fe4d8ea167164025,direct,octree_nfcount,flyby,6,916,916,1.576864004,0.4896639884,2.068128109,2.075196,1,0,-1,34345,30052,16,16,7197,23.94848929,17.03720218,512002,0,512002,34345
v1,e7bd16a8ad2be3cb1a245ce7fe4d8ea167164025,direct,octree_nfcount,flyby,6,917,917,1.232831955,0.3616319895,1.595679998,1.602919,1,0,-1,34233,29954,16,16,7057,23.55945784,17.09294251,512002,0,512002,34233
v1,e7bd16a8ad2be3cb1a245ce7fe4d8ea167164025,direct,octree_nfcount,flyby,6,918,918,1.540127993,0.359551996,1.900895953,1.907671,1,0,-1,34137,29870,16,16,7153,23.94710412,17.14101105,512002,0,512002,34137
v1,e7bd16a8ad2be3cb1a245ce7fe4d8ea167164025,direct,octree_nfcount,flyby,6,919,919,1.556095958,0.4917120039,2.049407959,2.056866,1,0,-1,34201,29926,16,16,7168,23.95241596,17.10893537,512002,0,512002,34201
v1,e7bd16a8ad2be3cb1a245ce7fe4d8ea167164025,direct,octree_nfcount,flyby,6,920,920,1.213472009,0.3645119965,1.579231977,1.587372,1,0,-1,33961,29716,16,16,6925,23.303944,17.22984251,512002,0,512002,33961
v1,e7bd16a8ad2be3cb1a245ce7fe4d8ea167164025,direct,octree_nfcount,flyby,6,921,921,1.550943971,0.4883520007,2.04172802,2.048586,1,0,-1,34057,29800,16,16,7061,23.69463087,17.18127517,512002,0,512002,34057
v1,e7bd16a8ad2be3cb1a245ce7fe4d8ea167164025,direct,octree_nfcount,flyby,6,922,922,1.551040053,0.4883520007,2.041663885,2.048163,1,0,-1,34177,29905,16,16,7175,23.99264337,17.12094967,512002,0,512002,34177
v1,e7bd16a8ad2be3cb1a245ce7fe4d8ea167164025,direct,octree_nfcount,flyby,6,923,923,1.22764802,0.3626559973,1.591519952,1.599005,1,0,-1,33985,29737,16,16,6974,23.45226486,17.21767495,512002,0,512002,33985
v1,e7bd16a8ad2be3cb1a245ce7fe4d8ea167164025,direct,octree_nfcount,flyby,6,924,924,1.542143941,0.4904640019,2.034240007,2.040899,1,0,-1,34073,29814,16,16,7073,23.72375394,17.17320722,512002,0,512002,34073
v1,e7bd16a8ad2be3cb1a245ce7fe4d8ea167164025,direct,octree_nfcount,flyby,6,925,925,1.543519974,0.3617599905,1.906527996,1.9138,1,0,-1,33969,29723,16,16,7116,23.94105575,17.22578475,512002,0,512002,33969
v1,e7bd16a8ad2be3cb1a245ce7fe4d8ea167164025,direct,octree_nfcount,flyby,6,926,926,1.228703976,0.3634560108,1.593407989,1.599803,1,0,-1,33833,29604,16,16,6966,23.53060397,17.2950277,512002,0,512002,33833
v1,e7bd16a8ad2be3cb1a245ce7fe4d8ea167164025,direct,octree_nfcount,flyby,6,927,927,1.505856037,0.4938560128,2.001856089,2.009209,1,0,-1,33913,29674,16,16,7048,23.75143223,17.25422929,512002,0,512002,33913
v1,e7bd16a8ad2be3cb1a245ce7fe4d8ea167164025,direct,octree_nfcount,flyby,6,928,928,1.594912052,0.3646079898,1.960767984,1.967991,1,0,-1,33913,29674,16,16,7026,23.67729325,17.25422929,512002,0,512002,33913
v1,e7bd16a8ad2be3cb1a245ce7fe4d8ea167164025,direct,octree_nfcount,flyby,6,929,929,1.226528049,0.3668160141,1.594560027,1.602589,1,0,-1,33769,29548,16,16,6899,23.34844998,17.3278056,512002,0,512002,33769
v1,e7bd16a8ad2be3cb1a245ce7fe4d8ea167164025,direct,octree_nfcount,flyby,6,930,930,1.505983949,0.4915199876,1.999104023,2.006147,1,0,-1,33937,29695,16,16,6996,23.55952181,17.24202728,512002,0,512002,33937
v1,e7bd16a8ad2be3cb1a245ce7fe4d8ea167164025,direct,octree_nfcount,flyby,6,931,931,1.574399948,0.3614720106,1.937088013,1.944626,1,0,-1,33809,29583,16,16,6911,23.36138999,17.30730487,512002,0,512002,33809
v1,e7bd16a8ad2be3cb1a245ce7fe4d8ea167164025,direct,octree_nfcount,flyby,6,932,932,1.225088,0.3626559973,1.588960052,1.596407,1,0,-1,33793,29569,16,16,6857,23.18982718,17.31549934,512002,0,512002,33793
v1,e7bd16a8ad2be3cb1a245ce7fe4d8ea167164025,direct,octree_nfcount,flyby,6,933,933,1.522016048,0.4937599897,2.0180161,2.02481,1,0,-1,33913,29674,16,16,6931,23.35714767,17.25422929,512002,0,512002,33913
v1,e7bd16a8ad2be3cb1a245ce7fe4d8ea167164025,direct,octree_nfcount,flyby,6,934,934,1.542688012,0.3678080142,1.91171205,1.918805,1,0,-1,33777,29555,16,16,6902,23.35307055,17.32370157,512002,0,512002,33777
v1,e7bd16a8ad2be3cb1a245ce7fe4d8ea167164025,direct,octree_nfcount,flyby,6,935,935,1.549407959,0.3694080114,1.920063972,1.927649,1,0,-1,33713,29499,16,16,6892,23.36350385,17.35658836,512002,0,512002,33713
v1,e7bd16a8ad2be3cb1a245ce7fe4d8ea167164025,direct,octree_nfcount,flyby,6,936,936,1.236575961,0.4923839867,1.731168032,1.738309,1,0,-1,33937,29695,16,16,7041,23.71106247,17.24202728,512002,0,512002,33937
v1,e7bd16a8ad2be3cb1a245ce7fe4d8ea167164025,direct,octree_nfcount,flyby,6,937,937,1.537919998,0.3634240031,1.902591944,1.908571,1,0,-1,33729,29513,16,16,6811,23.07796564,17.34835496,512002,0,512002,33729
v1,e7bd16a8ad2be3cb1a245ce7fe4d8ea167164025,direct,octree_nfcount,flyby,6,938,938,1.546751976,0.4907200038,2.039711952,2.046703,1,0,-1,33913,29674,16,16,6942,23.39421716,17.25422929,512002,0,512002,33913
v1,e7bd16a8ad2be3cb1a245ce7fe4d8ea167164025,direct,octree_nfcount,flyby,6,939,939,1.214208007,0.3635840118,1.579040051,1.585805,1,0,-1,33657,29450,16,16,6922,23.50424448,17.38546689,512002,0,512002,33657
v1,e7bd16a8ad2be3cb1a245ce7fe4d8ea167164025,direct,octree_nfcount,flyby,6,940,940,1.536000013,0.4916799963,2.029887915,2.036597,1,0,-1,33681,29471,16,16,6860,23.27711988,17.37307862,512002,0,512002,33681
v1,e7bd16a8ad2be3cb1a245ce7fe4d8ea167164025,direct,octree_nfcount,flyby,6,941,941,1.522016048,0.3675200045,1.890784025,1.898404,1,0,-1,33609,29408,16,16,6922,23.53781284,17.41029652,512002,0,512002,33609
v1,e7bd16a8ad2be3cb1a245ce7fe4d8ea167164025,direct,octree_nfcount,flyby,6,942,942,1.218047976,0.4937919974,1.713439941,1.721343,1,0,-1,33625,29422,16,16,6945,23.60478553,17.4020121,512002,0,512002,33625
v1,e7bd16a8ad2be3cb1a245ce7fe4d8ea167164025,direct,octree_nfcount,flyby,6,943,943,1.561920047,0.365696013,1.928864002,1.936075,1,0,-1,33569,29373,16,16,6844,23.30030981,17.43104211,512002,0,512002,33569
v1,e7bd16a8ad2be3cb1a245ce7fe4d8ea167164025,direct,octree_nfcount,flyby,6,944,944,1.566079974,0.4999360144,2.067647934,2.075328,1,0,-1,33665,29457,16,16,6984,23.70913535,17.38133551,512002,0,512002,33665
v1,e7bd16a8ad2be3cb1a245ce7fe4d8ea167164025,direct,octree_nfcount,flyby,6,945,945,1.222911954,0.4954240024,1.719936013,1.727357,1,0,-1,33825,29597,16,16,6989,23.61387979,17.29911815,512002,0,512002,33825
v1,e7bd16a8ad2be3cb1a245ce7fe4d8ea167164025,direct,octree_nfcount,flyby,6,946,946,1.56854403,0.3635520041,1.933312058,1.940741,1,0,-1,33737,29520,16,16,6871,23.27574526,17.34424119,512002,0,512002,33737
v1,e7bd16a8ad2be3cb1a245ce7fe4d8ea167164025,direct,octree_nfcount,flyby,6,947,947,1.556992054,0.494592011,2.053184032,2.060787,1,0,-1,33825,29597,16,16,6977,23.57333514,17.29911815,512002,0,512002,33825
v1,e7bd16a8ad2be3cb1a245ce7fe4d8ea167164025,direct,octree_nfcount,flyby,6,948,948,1.217247963,0.3707520068,1.589247942,1.597319,1,0,-1,33793,29569,16,16,6943,23.48067233,17.31549934,512002,0,512002,33793
v1,e7bd16a8ad2be3cb1a245ce7fe4d8ea167164025,direct,octree_nfcount,flyby,6,949,949,1.546911955,0.495840013,2.044384003,2.051888,1,0,-1,33857,29625,16,16,6922,23.36540084,17.28276793,512002,0,512002,33857
v1,e7bd16a8ad2be3cb1a245ce7fe4d8ea167164025,direct,octree_nfcount,flyby,6,950,950,1.589856029,0.4945600033,2.086623907,2.093429,1,0,-1,34137,29870,16,16,7035,23.55205892,17.14101105,512002,0,512002,34137
v1,e7bd16a8ad2be3cb1a245ce7fe4d8ea167164025,direct,octree_nfcount,flyby,6,951,951,1.221215963,0.3664320111,1.588863969,1.596159,1,0,-1,33753,29534,16,16,6975,23.61684838,17.3360195,512002,0,512002,33753
v1,e7bd16a8ad2be3cb1a245ce7fe4d8ea167164025,direct,octree_nfcount,flyby,6,952,952,1.530400038,0.4884800017,2.020479918,2.026329,1,0,-1,33817,29590,16,16,6964,23.53497803,17.30321054,512002,0,512002,33817
v1,e7bd16a8ad2be3cb1a245ce7fe4d8ea167164025,direct,octree_nfcount,flyby,6,953,953,1.553663969,0.4855999947,2.041536093,2.047219,1,0,-1,34057,29800,16,16,7048,23.65100671,17.18127517,512002,0,512002,34057
v1,e7bd16a8ad2be3cb1a245ce7fe4d8ea167164025,direct,octree_nfcount,flyby,6,954,954,1.204512,0.3627200127,1.568511963,1.573917,1,0,-1,33905,29667,16,16,6923,23.33569286,17.25830047,512002,0,512002,33905
v1,e7bd16a8ad2be3cb1a245ce7fe4d8ea167164025,direct,octree_nfcount,flyby,6,955,955,1.555263996,0.3654719889,1.921952009,1.928275,1,0,-1,33761,29541,16,16,6913,23.40137436,17.33191158,512002,0,512002,33761
v1,e7bd16a8ad2be3cb1a245ce7fe4d8ea167164025,direct,octree_nfcount,flyby,6,956,956,1.564960003,0.4948480129,2.062047958,2.069177,1,0,-1,33913,29674,16,16,7051,23.76154209,17.25422929,512002,0,512002,33913
v1,e7bd16a8ad2be3cb1a245ce7fe4d8ea167164025,direct,octree_nfcount,flyby,6,957,957,1.221472025,0.3626239896,1.585343957,1.592741,1,0,-1,33793,29569,16,16,6936,23.45699888,17.31549934,512002,0,512002,33793
v1,e7bd16a8ad2be3cb1a245ce7fe4d8ea167164025,direct,octree_nfcount,flyby,6,958,958,1.532032013,0.4895040095,2.023168087,2.029352,1,0,-1,33825,29597,16,16,6965,23.53279049,17.29911815,512002,0,512002,33825
v1,e7bd16a8ad2be3cb1a245ce7fe4d8ea167164025,direct,octree_nfcount,flyby,6,959,959,1.55734396,0.4925760031,2.05209589,2.059348,1,0,-1,33969,29723,16,16,7102,23.89395418,17.22578475,512002,0,512002,33969
v1,e7bd16a8ad2be3cb1a245ce7fe4d8ea167164025,direct,octree_nfcount,flyby,6,960,960,1.206624031,0.3698239923,1.577664018,1.585753,1,0,-1,33713,29499,16,16,6909,23.42113292,17.35658836,512002,0,512002,33713
v1,e7bd16a8ad2be3cb1a245ce7fe4d8ea167164025,direct,octree_nfcount,flyby,6,961,961,1.263488054,0.4945279956,1.759647965,1.76668,1,0,-1,33833,29604,16,16,7099,23.97986759,17.2950277,512002,0,512002,33833
v1,e7bd16a8ad2be3cb1a245ce7fe4d8ea167164025,direct,octree_nfcount,flyby,6,962,962,1.593919992,0.4905279875,2.086623907,2.093991,1,0,-1,33969,29723,16,16,7152,24.06217407,17.22578475,512002,0,512002,33969
v1,e7bd16a8ad2be3cb1a245ce7fe4d8ea167164025,direct,octree_nfcount,flyby,6,963,963,1.236320019,0.3658240139,1.603423953,1.611371,1,0,-1,33961,29716,16,16,7091,23.86256562,17.22984251,512002,0,512002,33961
v1,e7bd16a8ad2be3cb1a245ce7fe4d8ea167164025,direct,octree_nfcount,flyby,6,964,964,1.525215983,0.3677760065,1.894240022,1.901921,1,0,-1,33897,29660,16,16,7134,24.05259609,17.26237357,512002,0,512002,33897
v1,e7bd16a8ad2be3cb1a245ce7fe4d8ea167164025,direct,octree_nfcount,flyby,6,965,965,1.524512053,0.4967040122,2.022847891,2.030506,1,0,-1,34009,29758,16,16,7129,23.9565831,17.20552456,512002,0,512002,34009
v1,e7bd16a8ad2be3cb1a245ce7fe4d8ea167164025,direct,octree_nfcount,flyby,6,966,966,1.221951962,0.3677439988,1.590944052,1.598318,1,0,-1,33737,29520,16,16,6926,23.46205962,17.34424119,512002,0,512002,33737
v1,e7bd16a8ad2be3cb1a245ce7fe4d8ea167164025,direct,octree_nfcount,flyby,6,967,967,1.509472013,0.4905920029,2.001663923,2.007874,1,0,-1,33889,29653,16,16,7060,23.80872087,17.26644859,512002,0,512002,33889
v1,e7bd16a8ad2be3cb1a245ce7fe4d8ea167164025,direct,octree_nfcount,flyby,6,968,968,1.542592049,0.4895040095,2.034271955,2.040748,1,0,-1,33953,29709,16,16,7121,23.96916759,17.23390218,512002,0,512002,33953
v1,e7bd16a8ad2be3cb1a245ce7fe4d8ea167164025,direct,octree_nfcount,flyby,6,969,969,1.226176023,0.4936639965,1.721472025,1.7289,1,0,-1,33969,29723,16,16,6974,23.46331124,17.22578475,512002,0,512002,33969
v1,e7bd16a8ad2be3cb1a245ce7fe4d8ea167164025,direct,octree_nfcount,flyby,6,970,970,1.545503974,0.4947839975,2.042592049,2.050274,1,0,-1,34153,29884,16,16,7199,24.08981395,17.13298086,512002,0,512002,34153
v1,e7bd16a8ad2be3cb1a245ce7fe4d8ea167164025,direct,octree_nfcount,flyby,6,971,971,1.517408013,0.3627519906,1.881407976,1.88795,1,0,-1,34017,29765,16,16,7094,23.83336133,17.20147825,512002,0,512002,34017
v1,e7bd16a8ad2be3cb1a245ce7fe4d8ea167164025,direct,octree_nfcount,flyby,6,972,972,1.22736001,0.3585599959,1.58713603,1.593299,1,0,-1,33993,29744,16,16,6995,23.51734804,17.21362292,512002,0,512002,33993
v1,e7bd16a8ad2be3cb1a245ce7fe4d8ea167164025,direct,octree_nfcount,flyby,6,973,973,1.246111989,0.3637759984,1.61113596,1.61843,1,0,-1,33969,29723,16,16,7061,23.75601386,17.22578475,512002,0,512002,33969
v1,e7bd16a8ad2be3cb1a245ce7fe4d8ea167164025,direct,octree_nfcount,flyby,6,974,974,1.535168052,0.4937599897,2.030560017,2.037704,1,0,-1,34177,29905,16,16,7121,23.81207156,17.12094967,512002,0,512002,34177
v1,e7bd16a8ad2be3cb1a245ce7fe4d8ea167164025,direct,octree_nfcount,flyby,6,975,975,1.233759999,0.3646399975,1.599616051,1.606664,1,0,-1,34113,29849,16,16,6941,23.25371034,17.15307045,512002,0,512002,34113
v1,e7bd16a8ad2be3cb1a245ce7fe4d8ea167164025,direct,octree_nfcount,flyby,6,976,976,1.55193603,0.3603520095,1.913504004,1.920671,1,0,-1,34097,29835,16,16,6984,23.40874811,17.16111949,512002,0,512002,34097
v1,e7bd16a8ad2be3cb1a245ce7fe4d8ea167164025,direct,octree_nfcount,flyby,6,977,977,1.637760043,0.4965440035,2.135936022,2.143145,1,0,-1,34489,30178,16,16,7029,23.29180197,16.966068,512002,0,512002,34489
v1,e7bd16a8ad2be3cb1a245ce7fe4d8ea167164025,direct,octree_nfcount,flyby,6,978,978,1.244160056,0.3616960049,1.607071996,1.614851,1,0,-1,34057,29800,16,16,6846,22.97315436,17.18127517,512002,0,512002,34057
v1,e7bd16a8ad2be3cb1a245ce7fe4d8ea167164025,direct,octree_nfcount,flyby,6,979,979,1.51433599,0.4968320131,2.01276803,2.019935,1,0,-1,34145,29877,16,16,6979,23.35910567,17.13699501,512002,0,512002,34145
v1,e7bd16a8ad2be3cb1a245ce7fe4d8ea167164025,direct,octree_nfcount,flyby,6,980,980,1.571616054,0.3637439907,1.936576009,1.944449,1,0,-1,33993,29744,16,16,6893,23.17442173,17.21362292,512002,0,512002,33993
v1,e7bd16a8ad2be3cb1a245ce7fe4d8ea167164025,direct,octree_nfcount,flyby,6,981,981,1.219648004,0.3638400137,1.584704041,1.591687,1,0,-1,33977,29730,16,16,6820,22.93979146,17.22172889,512002,0,512002,33977
v1,e7bd16a8ad2be3cb1a245ce7fe4d8ea167164025,direct,octree_nfcount,flyby,6,982,982,1.262815952,0.4905920029,1.755007982,1.761367,1,0,-1,34009,29758,16,16,6890,23.15343773,17.20552456,512002,0,512002,34009
v1,e7bd16a8ad2be3cb1a245ce7fe4d8ea167164025,direct,octree_nfcount,flyby,6,983,983,1.618335962,0.4946559966,2.115263939,2.121745,1,0,-1,34185,29912,16,16,6897,23.05763573,17.11694303,512002,0,512002,34185
v1,e7bd16a8ad2be3cb1a245ce7fe4d8ea167164025,direct,octree_nfcount,flyby,6,984,984,1.231232047,0.3656640053,1.598111987,1.606174,1,0,-1,34033,29779,16,16,6877,23.09345512,17.19339132,512002,0,512002,34033
v1,e7bd16a8ad2be3cb1a245ce7fe4d8ea167164025,direct,octree_nfcount,flyby,6,985,985,1.557664037,0.4924159944,2.051712036,2.05883,1,0,-1,34177,29905,16,16,6921,23.14328708,17.12094967,512002,0,512002,34177
v1,e7bd16a8ad2be3cb1a245ce7fe4d8ea167164025,direct,octree_nfcount,flyby,6,986,986,1.544896007,0.3602559865,1.906368017,1.913489,1,0,-1,33969,29723,16,16,6866,23.09995626,17.22578475,512002,0,512002,33969
v1,e7bd16a8ad2be3cb1a245ce7fe4d8ea167164025,direct,octree_nfcount,flyby,6,987,987,1.239935994,0.3657920063,1.606943965,1.614033,1,0,-1,33921,29681,16,16,6832,23.01809238,17.25016004,512002,0,512002,33921
v1,e7bd16a8ad2be3cb1a245ce7fe4d8ea167164025,direct,octree_nfcount,flyby,6,988,988,1.541599989,0.4943679869,2.03817606,2.045367,1,0,-1,34097,29835,16,16,6953,23.3048433,17.16111949,512002,0,512002,34097
v1,e7bd16a8ad2be3cb1a245ce7fe4d8ea167164025,direct,octree_nfcount,flyby,6,989,989,1.549216032,0.4983040094,2.048799992,2.056244,1,0,-1,34121,29856,16,16,6903,23.12098071,17.14904877,512002,0,512002,34121
v1,e7bd16a8ad2be3cb1a245ce7fe4d8ea167164025,direct,octree_nfcount,flyby,6,990,990,1.24624002,0.4969280064,1.745344043,1.752609,1,0,-1,34169,29898,16,16,6926,23.16542913,17.12495819,512002,0,512002,34169
v1,e7bd16a8ad2be3cb1a245ce7fe4d8ea167164025,direct,octree_nfcount,flyby,6,991,991,1.510751963,0.4936319888,2.006623983,2.01319,1,0,-1,34177,29905,16,16,7007,23.4308644,17.12094967,512002,0,512002,34177
v1,e7bd16a8ad2be3cb1a245ce7fe4d8ea167164025,direct,octree_nfcount,flyby,6,992,992,1.584511995,0.4944959879,2.080607891,2.087504,1,0,-1,34385,30087,16,16,6944,23.07973543,17.01738292,512002,0,512002,34385
v1,e7bd16a8ad2be3cb1a245ce7fe4d8ea167164025,direct,octree_nfcount,flyby,6,993,993,1.534752011,0.3634240031,1.899392009,1.90651,1,0,-1,34265,29982,16,16,6985,23.29731172,17.07697952,512002,0,512002,34265
v1,e7bd16a8ad2be3cb1a245ce7fe4d8ea167164025,direct,octree_nfcount,flyby,6,994,994,1.262176037,0.3647359908,1.628128052,1.635956,1,0,-1,34225,29947,16,16,7064,23.5883394,17.09693792,512002,0,512002,34225
v1,e7bd16a8ad2be3cb1a245ce7fe4d8ea167164025,direct,octree_nfcount,flyby,6,995,995,1.556640029,0.4936960042,2.051903963,2.059261,1,0,-1,34257,29975,16,16,7040,23.48623853,17.08096747,512002,0,512002,34257
v1,e7bd16a8ad2be3cb1a245ce7fe4d8ea167164025,direct,octree_nfcount,flyby,6,996,996,1.572672009,0.4977279902,2.072607994,2.079895,1,0,-1,34377,30080,16,16,7067,23.49401596,17.02134309,512002,0,512002,34377
v1,e7bd16a8ad2be3cb1a245ce7fe4d8ea167164025,direct,octree_nfcount,flyby,6,997,997,1.258496046,0.3666560054,1.626495957,1.633987,1,0,-1,34257,29975,16,16,7105,23.7030859,17.08096747,512002,0,512002,34257
v1,e7bd16a8ad2be3cb1a245ce7fe4d8ea167164025,direct,octree_nfcount,flyby,6,998,998,1.569216013,0.3615359962,1.932000041,1.938896,1,0,-1,34169,29898,16,16,6942,23.21894441,17.12495819,512002,0,512002,34169
v1,e7bd16a8ad2be3cb1a245ce7fe4d8ea167164025,direct,octree_nfcount,flyby,6,999,999,1.558272004,0.4915519953,2.051424026,2.0593,1,0,-1,34217,29940,16,16,7027,23.47027388,17.1009352,512002,0,512002,34217
v1,e7bd16a8ad2be3cb1a245ce7fe4d8ea167164025,direct,octree_nfcount,flyby,6,1000,1000,1.234591961,0.3675839901,1.603423953,1.611057,1,0,-1,34041,29786,16,16,6968,23.39354059,17.1893507,512002,0,512002,34041
v1,e7bd16a8ad2be3cb1a245ce7fe4d8ea167164025,direct,octree_nfcount,flyby,6,1001,1001,1.572384,0.3689279854,1.942528009,1.950483,1,0,-1,33985,29737,16,16,6913,23.2471332,17.21767495,512002,0,512002,33985
v1,e7bd16a8ad2be3cb1a245ce7fe4d8ea167164025,direct,octree_nfcount,flyby,6,1002,1002,1.548928022,0.4968320131,2.047359943,2.054869,1,0,-1,34057,29800,16,16,6972,23.39597315,17.18127517,512002,0,512002,34057
v1,e7bd16a8ad2be3cb1a245ce7fe4d8ea167164025,direct,octree_nfcount,flyby,6,1003,1003,1.244608045,0.3637439907,1.609632015,1.61732,1,0,-1,34033,29779,16,16,7030,23.60724,17.19339132,512002,0,512002,34033
v1,e7bd16a8ad2be3cb1a245ce7fe4d8ea167164025,direct,octree_nfcount,flyby,6,1004,1004,1.527871966,0.3666880131,1.895776033,1.903173,1,0,-1,33993,29744,16,16,6894,23.17778375,17.21362292,512002,0,512002,33993
v1,e7bd16a8ad2be3cb1a245ce7fe4d8ea167164025,direct,octree_nfcount,flyby,6,1005,1005,1.549152017,0.3677119911,1.918079972,1.925839,1,0,-1,33881,29646,16,16,6928,23.36908858,17.27052553,512002,0,512002,33881
v1,e7bd16a8ad2be3cb1a245ce7fe4d8ea167164025,direct,octree_nfcount,flyby,6,1006,1006,1.221248031,0.3707520068,1.59324801,1.601111,1,0,-1,33761,29541,16,16,6894,23.33705697,17.33191158,512002,0,512002,33761
v1,e7bd16a8ad2be3cb1a245ce7fe4d8ea167164025,direct,octree_nfcount,flyby,6,1007,1007,1.566624045,0.4948160052,2.063776016,2.070884,1,0,-1,33825,29597,16,16,6847,23.13410143,17.29911815,512002,0,512002,33825
v1,e7bd16a8ad2be3cb1a245ce7fe4d8ea167164025,direct,octree_nfcount,flyby,6,1008,1008,1.558272004,0.4967679977,2.05663991,2.064636,1,0,-1,34017,29765,16,16,6968,23.41004536,17.20147825,512002,0,512002,34017
v1,e7bd16a8ad2be3cb1a245ce7fe4d8ea167164025,direct,octree_nfcount,flyby,6,1009,1009,1.221279979,0.3684799969,1.591007948,1.598995,1,0,-1,33873,29639,16,16,6932,23.38810351,17.27460441,512002,0,512002,33873
v1,e7bd16a8ad2be3cb1a245ce7fe4d8ea167164025,direct,octree_nfcount,flyby,6,1010,1010,1.580384016,0.4967040122,2.079296112,2.086983,1,0,-1,33889,29653,16,16,6796,22.91842309,17.26644859,512002,0,512002,33889
v1,e7bd16a8ad2be3cb1a245ce7fe4d8ea167164025,direct,octree_nfcount,flyby,6,1011,1011,1.587743998,0.4935680032,2.082911968,2.090838,1,0,-1,34065,29807,16,16,6935,23.26634683,17.17724025,512002,0,512002,34065
v1,e7bd16a8ad2be3cb1a245ce7fe4d8ea167164025,direct,octree_nfcount,flyby,6,1012,1012,1.212352037,0.3637759984,1.577440023,1.584413,1,0,-1,33865,29632,16,16,6853,23.12702484,17.27868521,512002,0,512002,33865
v1,e7bd16a8ad2be3cb1a245ce7fe4d8ea167164025,direct,octree_nfcount,flyby,6,1013,1013,1.53263998,0.363808006,1.897696018,1.904621,1,0,-1,33697,29485,16,16,6776,22.98117687,17.36482957,512002,0,512002,33697
v1,e7bd16a8ad2be3cb1a245ce7fe4d8ea167164025,direct,octree_nfcount,flyby,6,1014,1014,1.562175989,0.4989120066,2.063359976,2.070756,1,0,-1,33785,29562,16,16,6985,23.62830661,17.31959949,512002,0,512002,33785
v1,e7bd16a8ad2be3cb1a245ce7fe4d8ea167164025,direct,octree_nfcount,flyby,6,1015,1015,1.216896057,0.4926080108,1.711168051,1.717894,1,0,-1,33865,29632,16,16,6996,23.60961123,17.27868521,512002,0,512002,33865
v1,e7bd16a8ad2be3cb1a245ce7fe4d8ea167164025,direct,octree_nfcount,flyby,6,1016,1016,1.511935949,0.4932479858,2.006400108,2.013222,1,0,-1,33897,29660,16,16,6877,23.18610924,17.26237357,512002,0,512002,33897
v1,e7bd16a8ad2be3cb1a245ce7fe4d8ea167164025,direct,octree_nfcount,flyby,6,1017,1017,1.572128057,0.4876799881,2.061984062,2.068349,1,0,-1,33969,29723,16,16,6967,23.43976045,17.22578475,512002,0,512002,33969
v1,e7bd16a8ad2be3cb1a245ce7fe4d8ea167164025,direct,octree_nfcount,flyby,6,1018,1018,1.211712003,0.3667840064,1.579712033,1.587069,1,0,-1,33689,29478,16,16,6915,23.4581722,17.36895312,512002,0,512002,33689
v1,e7bd16a8ad2be3cb1a245ce7fe4d8ea167164025,direct,octree_nfcount,flyby,6,1019,1019,1.545439959,0.496863991,2.043904066,2.051478,1,0,-1,33745,29527,16,16,6880,23.30070783,17.34012937,512002,0,512002,33745
v1,e7bd16a8ad2be3cb1a245ce7fe4d8ea167164025,direct,octree_nfcount,flyby,6,1020,1020,1.620255947,0.4917120039,2.113568068,2.120965,1,0,-1,34105,29842,16,16,6993,23.43341599,17.15709403,512002,0,512002,34105
v1,e7bd16a8ad2be3cb1a245ce7fe4d8ea167164025,direct,octree_nfcount,flyby,6,1021,1021,1.218943954,0.3646720052,1.584831953,1.592016,1,0,-1,33857,29625,16,16,6860,23.15611814,17.28276793,512002,0,512002,33857
v1,e7bd16a8ad2be3cb1a245ce7fe4d8ea167164025,direct,octree_nfcount,flyby,6,1022,1022,1.557983994,0.3674240112,1.926656008,1.934291,1,0,-1,33857,29625,16,16,6764,22.83206751,17.28276793,512002,0,512002,33857
v1,e7bd16a8ad2be3cb1a245ce7fe4d8ea167164025,direct,octree_nfcount,flyby,6,1023,1023,1.545600057,0.4977599978,2.04499197,2.052418,1,0,-1,34153,29884,16,16,6943,23.23316825,17.13298086,512002,0,512002,34153
v1,e7bd16a8ad2be3cb1a245ce7fe4d8ea167164025,direct,octree_nfcount,flyby,6,1024,1024,1.22579205,0.3637759984,1.590783954,1.598244,1,0,-1,33849,29618,16,16,6814,23.00627996,17.28685259,512002,0,512002,33849
v1,e7bd16a8ad2be3cb1a245ce7fe4d8ea167164025,direct,octree_nfcount,flyby,6,1025,1025,1.604640007,0.492832005,2.10019207,2.10481,1,0,-1,33985,29737,16,16,6871,23.10589501,17.21767495,512002,0,512002,33985
v1,e7bd16a8ad2be3cb1a245ce7fe4d8ea167164025,direct,octree_nfcount,flyby,6,1026,1026,1.557567954,0.487071991,2.045887947,2.051565,1,0,-1,34361,30066,16,16,7048,23.44176146,17.02926894,512002,0,512002,34361
v1,e7bd16a8ad2be3cb1a245ce7fe4d8ea167164025,direct,octree_nfcount,flyby,6,1027,1027,1.228512049,0.3565759957,1.586336017,1.592273,1,0,-1,34065,29807,16,16,6934,23.26299191,17.17724025,512002,0,512002,34065
v1,e7bd16a8ad2be3cb1a245ce7fe4d8ea167164025,direct,octree_nfcount,flyby,6,1028,1028,1.518368006,0.3544960022,1.874079943,1.879159,1,0,-1,33969,29723,16,16,6922,23.28836255,17.22578475,512002,0,512002,33969
v1,e7bd16a8ad2be3cb1a245ce7fe4d8ea167164025,direct,octree_nfcount,flyby,6,1029,1029,1.534271955,0.4790079892,2.014496088,2.020101,1,0,-1,34129,29863,16,16,7010,23.47386398,17.14502897,512002,0,512002,34129
v1,e7bd16a8ad2be3cb1a245ce7fe4d8ea167164025,direct,octree_nfcount,flyby,6,1030,1030,1.225152016,0.3535040021,1.57990396,1.584865,1,0,-1,33897,29660,16,16,6943,23.40863115,17.26237357,512002,0,512002,33897
v1,e7bd16a8ad2be3cb1a245ce7fe4d8ea167164025,direct,octree_nfcount,flyby,6,1031,1031,1.536576033,0.4795840085,2.01772809,2.022544,1,0,-1,34033,29779,16,16,6973,23.41582995,17.19339132,512002,0,512002,34033
v1,e7bd16a8ad2be3cb1a245ce7fe4d8ea167164025,direct,octree_nfcount,flyby,6,1032,1032,1.519775987,0.4785600007,2.000031948,2.00486,1,0,-1,34185,29912,16,16,7120,23.80315592,17.11694303,512002,0,512002,34185
v1,e7bd16a8ad2be3cb1a245ce7fe4d8ea167164025,direct,octree_nfcount,flyby,6,1033,1033,1.207551956,0.3532480001,1.562047958,1.56732,1,0,-1,34049,29793,16,16,6939,23.29070587,17.18531199,512002,0,512002,34049
v1,e7bd16a8ad2be3cb1a245ce7fe4d8ea167164025,direct,octree_nfcount,flyby,6,1034,1034,1.576192021,0.35552001,1.932927966,1.937984,1,0,-1,34001,29751,16,16,6954,23.37400424,17.20957279,512002,0,512002,34001
v1,e7bd16a8ad2be3cb1a245ce7fe4d8ea167164025,direct,octree_nfcount,flyby,6,1035,1035,1.572255969,0.4879359901,2.061439991,2.068052,1,0,-1,34257,29975,16,16,7072,23.59299416,17.08096747,512002,0,512002,34257
v1,e7bd16a8ad2be3cb1a245ce7fe4d8ea167164025,direct,octree_nfcount,flyby,6,1036,1036,1.223039985,0.3688960075,1.593152046,1.601035,1,0,-1,33977,29730,16,16,6992,23.51833165,17.22172889,512002,0,512002,33977
v1,e7bd16a8ad2be3cb1a245ce7fe4d8ea167164025,direct,octree_nfcount,flyby,6,1037,1037,1.56854403,0.5023360252,2.072096109,2.080342,1,0,-1,33993,29744,16,16,6965,23.41648736,17.21362292,512002,0,512002,33993
v1,e7bd16a8ad2be3cb1a245ce7fe4d8ea167164025,direct,octree_nfcount,flyby,6,1038,1038,1.565183997,0.4948799908,2.061696053,2.068774,1,0,-1,34145,29877,16,16,7086,23.71724069,17.13699501,512002,0,512002,34145
v1,e7bd16a8ad2be3cb1a245ce7fe4d8ea167164025,direct,octree_nfcount,flyby,6,1039,1039,1.232543945,0.3658240139,1.599583983,1.607144,1,0,-1,33953,29709,16,16,6871,23.12767175,17.23390218,512002,0,512002,33953
v1,e7bd16a8ad2be3cb1a245ce7fe4d8ea167164025,direct,octree_nfcount,flyby,6,1040,1040,1.523424029,0.4935359955,2.018527985,2.025728,1,0,-1,34041,29786,16,16,6944,23.31296582,17.1893507,512002,0,512002,34041
v1,e7bd16a8ad2be3cb1a245ce7fe4d8ea167164025,direct,octree_nfcount,flyby,6,1041,1041,1.596096039,0.485920012,2.083231926,2.090804,1,0,-1,34209,29933,16,16,7021,23.45571777,17.10493435,512002,0,512002,34209
v1,e7bd16a8ad2be3cb1a245ce7fe4d8ea167164025,direct,octree_nfcount,flyby,6,1042,1042,1.231552005,0.3704319894,1.603199959,1.611135,1,0,-1,33825,29597,16,16,6884,23.2591141,17.29911815,512002,0,512002,33825
v1,e7bd16a8ad2be3cb1a245ce7fe4d8ea167164025,direct,octree_nfcount,flyby,6,1043,1043,1.541056037,0.4958080053,2.038464069,2.046164,1,0,-1,34217,29940,16,16,7018,23.44021376,17.1009352,512002,0,512002,34217
v1,e7bd16a8ad2be3cb1a245ce7fe4d8ea167164025,direct,octree_nfcount,flyby,6,1044,1044,1.565024018,0.4895359874,2.056191921,2.06215,1,0,-1,34305,30017,16,16,7130,23.75320652,17.05706766,512002,0,512002,34305
v1,e7bd16a8ad2be3cb1a245ce7fe4d8ea167164025,direct,octree_nfcount,flyby,6,1045,1045,1.225216031,0.3634240031,1.589856029,1.597186,1,0,-1,33977,29730,16,16,6994,23.52505886,17.22172889,512002,0,512002,33977
v1,e7bd16a8ad2be3cb1a245ce7fe4d8ea167164025,direct,octree_nfcount,flyby,6,1046,1046,1.516960025,0.4912320077,2.009471893,2.01536,1,0,-1,34049,29793,16,16,6999,23.49209546,17.18531199,512002,0,512002,34049
v1,e7bd16a8ad2be3cb1a245ce7fe4d8ea167164025,direct,octree_nfcount,flyby,6,1047,1047,1.539968014,0.4895679951,2.031136036,2.038465,1,0,-1,34185,29912,16,16,7124,23.81652848,17.11694303,512002,0,512002,34185
v1,e7bd16a8ad2be3cb1a245ce7fe4d8ea167164025,direct,octree_nfcount,flyby,6,1048,1048,1.237504005,0.3635520041,1.602272034,1.610176,1,0,-1,34089,29828,16,16,6911,23.16950516,17.16514684,512002,0,512002,34089
v1,e7bd16a8ad2be3cb1a245ce7fe4d8ea167164025,direct,octree_nfcount,flyby,6,1049,1049,1.563199997,0.4896320105,2.054431915,2.059884,1,0,-1,34161,29891,16,16,7008,23.44518417,17.12896859,512002,0,512002,34161
v1,e7bd16a8ad2be3cb1a245ce7fe4d8ea167164025,direct,octree_nfcount,flyby,6,1050,1050,1.549728036,0.4916160107,2.043616056,2.050355,1,0,-1,34281,29996,16,16,7051,23.50646753,17.0690092,512002,0,512002,34281
v1,e7bd16a8ad2be3cb1a245ce7fe4d8ea167164025,direct,octree_nfcount,flyby,6,1051,1051,1.225600004,0.3635840118,1.590399981,1.597422,1,0,-1,34105,29842,16,16,6876,23.04135112,17.15709403,512002,0,512002,34105
v1,e7bd16a8ad2be3cb1a245ce7fe4d8ea167164025,direct,octree_nfcount,flyby,6,1052,1052,1.536831975,0.3616639972,1.899775982,1.907029,1,0,-1,34073,29814,16,16,6940,23.27765479,17.17320722,512002,0,512002,34073
v1,e7bd16a8ad2be3cb1a245ce7fe4d8ea167164025,direct,octree_nfcount,flyby,6,1053,1053,1.627712011,0.495840013,2.125792027,2.132927,1,0,-1,34321,30031,16,16,7064,23.52236023,17.04911591,512002,0,512002,34321
v1,e7bd16a8ad2be3cb1a245ce7fe4d8ea167164025,direct,octree_nfcount,flyby,6,1054,1054,1.242815971,0.3639039993,1.607967973,1.615314,1,0,-1,34249,29968,16,16,6947,23.18139349,17.08495729,512002,0,512002,34249
v1,e7bd16a8ad2be3cb1a245ce7fe4d8ea167164025,direct,octree_nfcount,flyby,6,1055,1055,1.544031978,0.3567360044,1.901983976,1.907629,1,0,-1,34089,29828,16,16,7012,23.50811318,17.16514684,512002,0,512002,34089
v1,e7bd16a8ad2be3cb1a245ce7fe4d8ea167164025,direct,octree_nfcount,flyby,6,1056,1056,1.628288031,0.4907839894,2.121279955,2.127024,1,0,-1,34241,29961,16,16,7131,23.80094122,17.08894897,512002,0,512002,34241
v1,e7bd16a8ad2be3cb1a245ce7fe4d8ea167164025,direct,octree_nfcount,flyby,6,1057,1057,1.222336054,0.3604800105,1.584192038,1.590472,1,0,-1,34129,29863,16,16,6907,23.12895556,17.14502897,512002,0,512002,34129
v1,e7bd16a8ad2be3cb1a245ce7fe4d8ea167164025,direct,octree_nfcount,flyby,6,1058,1058,1.542816043,0.4882560074,2.032671928,2.038171,1,0,-1,34281,29996,16,16,7132,23.77650353,17.0690092,512002,0,512002,34281
v1,e7bd16a8ad2be3cb1a245ce7fe4d8ea167164025,direct,octree_nfcount,flyby,6,1059,1059,1.591871977,0.4925119877,2.085632086,2.092526,1,0,-1,34289,30003,16,16,7140,23.79762024,17.06502683,512002,0,512002,34289
v1,e7bd16a8ad2be3cb1a245ce7fe4d8ea167164025,direct,octree_nfcount,flyby,6,1060,1060,1.209280014,0.3617280126,1.572224021,1.579249,1,0,-1,33921,29681,16,16,6887,23.20339611,17.25016004,512002,0,512002,33921
v1,e7bd16a8ad2be3cb1a245ce7fe4d8ea167164025,direct,octree_nfcount,flyby,6,1061,1061,1.557471991,0.4957120121,2.055360079,2.062912,1,0,-1,34185,29912,16,16,6982,23.34180262,17.11694303,512002,0,512002,34185
v1,e7bd16a8ad2be3cb1a245ce7fe4d8ea167164025,direct,octree_nfcount,flyby,6,1062,1062,1.563104033,0.4948160052,2.059200048,2.066447,1,0,-1,34209,29933,16,16,7054,23.56596399,17.10493435,512002,0,512002,34209
v1,e7bd16a8ad2be3cb1a245ce7fe4d8ea167164025,direct,octree_nfcount,flyby,6,1063,1063,1.225216031,0.3637439907,1.590208054,1.597206,1,0,-1,34001,29751,16,16,6874,23.10510571,17.20957279,512002,0,512002,34001
v1,e7bd16a8ad2be3cb1a245ce7fe4d8ea167164025,direct,octree_nfcount,flyby,6,1064,1064,1.527711987,0.4948799908,2.024768114,2.031387,1,0,-1,34209,29933,16,16,6996,23.37219791,17.10493435,512002,0,512002,34209
v1,e7bd16a8ad2be3cb1a245ce7fe4d8ea167164025,direct,octree_nfcount,flyby,6,1065,1065,1.560096025,0.4946880043,2.056416035,2.063618,1,0,-1,34281,29996,16,16,7023,23.41312175,17.0690092,512002,0,512002,34281
v1,e7bd16a8ad2be3cb1a245ce7fe4d8ea167164025,direct,octree_nfcount,flyby,6,1066,1066,1.214720011,0.3627839983,1.578719974,1.584806,1,0,-1,34169,29898,16,16,6827,22.8343033,17.12495819,512002,0,512002,34169
v1,e7bd16a8ad2be3cb1a245ce7fe4d8ea167164025,direct,octree_nfcount,flyby,6,1067,1067,1.524608016,0.4883840084,2.014624119,2.021035,1,0,-1,34225,29947,16,16,6921,23.11082913,17.09693792,512002,0,512002,34225
v1,e7bd16a8ad2be3cb1a245ce7fe4d8ea167164025,direct,octree_nfcount,flyby,6,1068,1068,1.617056012,0.4977599978,2.117023945,2.124541,1,0,-1,34313,30024,16,16,7011,23.35131894,17.05309086,512002,0,512002,34313
v1,e7bd16a8ad2be3cb1a245ce7fe4d8ea167164025,direct,octree_nfcount,flyby,6,1069,1069,1.223072052,0.3662720025,1.590559959,1.598156,1,0,-1,33953,29709,16,16,6804,22.90215086,17.23390218,512002,0,512002,33953
v1,e7bd16a8ad2be3cb1a245ce7fe4d8ea167164025,direct,octree_nfcount,flyby,6,1070,1070,1.511008024,0.4916479886,2.00467205,2.01181,1,0,-1,34217,29940,16,16,6890,23.01269205,17.1009352,512002,0,512002,34217
v1,e7bd16a8ad2be3cb1a245ce7fe4d8ea167164025,direct,octree_nfcount,flyby,6,1071,1071,1.610687971,0.4926399887,2.104928017,2.112175,1,0,-1,34249,29968,16,16,6982,23.29818473,17.08495729,512002,0,512002,34249
v1,e7bd16a8ad2be3cb1a245ce7fe4d8ea167164025,direct,octree_nfcount,flyby,6,1072,1072,1.217792034,0.3637439907,1.582784057,1.589852,1,0,-1,34009,29758,16,16,6746,22.66953424,17.20552456,512002,0,512002,34009
v1,e7bd16a8ad2be3cb1a245ce7fe4d8ea167164025,direct,octree_nfcount,flyby,6,1073,1073,1.554527998,0.3623999953,1.918176055,1.925012,1,0,-1,33929,29688,16,16,6758,22.76340609,17.2460927,512002,0,512002,33929
v1,e7bd16a8ad2be3cb1a245ce7fe4d8ea167164025,direct,octree_nfcount,flyby,6,1074,1074,1.533120036,0.4896000028,2.024447918,2.031383,1,0,-1,34025,29772,16,16,6855,23.02498992,17.19743383,512002,0,512002,34025
v1,e7bd16a8ad2be3cb1a245ce7fe4d8ea167164025,direct,octree_nfcount,flyby,6,1075,1075,1.218080044,0.3653439879,1.584671974,1.592184,1,0,-1,33817,29590,16,16,6666,22.52788104,17.30321054,512002,0,512002,33817
v1,e7bd16a8ad2be3cb1a245ce7fe4d8ea167164025,direct,octree_nfcount,flyby,6,1076,1076,1.566815972,0.489951998,2.058943987,2.065724,1,0,-1,33905,29667,16,16,6773,22.83008056,17.25830047,512002,0,512002,33905
v1,e7bd16a8ad2be3cb1a245ce7fe4d8ea167164025,direct,octree_nfcount,flyby,6,1077,1077,1.578591943,0.4917120039,2.072639942,2.079679,1,0,-1,33913,29674,16,16,6835,23.03363214,17.25422929,512002,0,512002,33913
v1,e7bd16a8ad2be3cb1a245ce7fe4d8ea167164025,direct,octree_nfcount,flyby,6,1078,1078,1.233728051,0.3686720133,1.603647947,1.611273,1,0,-1,33857,29625,16,16,6713,22.65991561,17.28276793,512002,0,512002,33857
v1,e7bd16a8ad2be3cb1a245ce7fe4d8ea167164025,direct,octree_nfcount,flyby,6,1079,1079,1.52086401,0.3688639998,1.890944004,1.898197,1,0,-1,33665,29457,16,16,6771,22.98604746,17.38133551,512002,0,512002,33665
v1,e7bd16a8ad2be3cb1a245ce7fe4d8ea167164025,direct,octree_nfcount,flyby,6,1080,1080,1.541599989,0.4948480129,2.038655996,2.046003,1,0,-1,33841,29611,16,16,6851,23.13667218,17.29093918,512002,0,512002,33841
v1,e7bd16a8ad2be3cb1a245ce7fe4d8ea167164025,direct,octree_nfcount,flyby,6,1081,1081,1.208575964,0.3666560054,1.576480031,1.584227,1,0,-1,33657,29450,16,16,6679,22.67911715,17.38546689,512002,0,512002,33657
v1,e7bd16a8ad2be3cb1a245ce7fe4d8ea167164025,direct,octree_nfcount,flyby,6,1082,1082,1.517279983,0.366719991,1.885215998,1.892367,1,0,-1,33593,29394,16,16,6727,22.88562292,17.41858883,512002,0,512002,33593
v1,e7bd16a8ad2be3cb1a245ce7fe4d8ea167164025,direct,octree_nfcount,flyby,6,1083,1083,1.547008038,0.4936319888,2.042239904,2.049722,1,0,-1,33921,29681,16,16,6889,23.21013443,17.25016004,512002,0,512002,33921
v1,e7bd16a8ad2be3cb1a245ce7fe4d8ea167164025,direct,octree_nfcount,flyby,6,1084,1084,1.219488025,0.3676480055,1.588448048,1.596119,1,0,-1,33761,29541,16,16,6672,22.58555905,17.33191158,512002,0,512002,33761
v1,e7bd16a8ad2be3cb1a245ce7fe4d8ea167164025,direct,octree_nfcount,flyby,6,1085,1085,1.541919947,0.4945600033,2.038655996,2.045912,1,0,-1,33865,29632,16,16,6743,22.75580454,17.27868521,512002,0,512002,33865
v1,e7bd16a8ad2be3cb1a245ce7fe4d8ea167164025,direct,octree_nfcount,flyby,6,1086,1086,1.583711982,0.5008000135,2.086944103,2.098227,1,0,-1,34001,29751,16,16,6802,22.86309704,17.20957279,512002,0,512002,34001
v1,e7bd16a8ad2be3cb1a245ce7fe4d8ea167164025,direct,octree_nfcount,flyby,6,1087,1087,1.224640012,0.3686400056,1.594496012,1.603038,1,0,-1,33881,29646,16,16,6669,22.49544627,17.27052553,512002,0,512002,33881
v1,e7bd16a8ad2be3cb1a245ce7fe4d8ea167164025,direct,octree_nfcount,flyby,6,1088,1088,1.544224024,0.3688639998,1.914304018,1.921728,1,0,-1,33841,29611,16,16,6703,22.63685792,17.29093918,512002,0,512002,33841
v1,e7bd16a8ad2be3cb1a245ce7fe4d8ea167164025,direct,octree_nfcount,flyby,6,1089,1089,1.557247996,0.4897919893,2.04924798,2.056048,1,0,-1,34001,29751,16,16,6754,22.70175792,17.20957279,512002,0,512002,34001
v1,e7bd16a8ad2be3cb1a245ce7fe4d8ea167164025,direct,octree_nfcount,flyby,6,1090,1090,1.232447982,0.4887360036,1.722784042,1.729241,1,0,-1,34017,29765,16,16,6687,22.46598354,17.20147825,512002,0,512002,34017
v1,e7bd16a8ad2be3cb1a245ce7fe4d8ea167164025,direct,octree_nfcount,flyby,6,1091,1091,1.535392046,0.3606399894,1.89724803,1.903653,1,0,-1,33801,29576,16,16,6703,22.6636462,17.31140114,512002,0,512002,33801
v1,e7bd16a8ad2be3cb1a245ce7fe4d8ea167164025,direct,octree_nfcount,flyby,6,1092,1092,1.608415961,0.4957120121,2.1061759,2.113243,1,0,-1,33929,29688,16,16,6717,22.62530315,17.2460927,512002,0,512002,33929
v1,e7bd16a8ad2be3cb1a245ce7fe4d8ea167164025,direct,octree_nfcount,flyby,6,1093,1093,1.232352018,0.3644480109,1.598047972,1.605273,1,0,-1,33897,29660,16,16,6620,22.31962239,17.26237357,512002,0,512002,33897
v1,e7bd16a8ad2be3cb1a245ce7fe4d8ea167164025,direct,octree_nfcount,flyby,6,1094,1094,1.528767943,0.4905599952,2.021023989,2.027776,1,0,-1,34017,29765,16,16,6735,22.62724677,17.20147825,512002,0,512002,34017
v1,e7bd16a8ad2be3cb1a245ce7fe4d8ea167164025,direct,octree_nfcount,flyby,6,1095,1095,1.546368003,0.4925439954,2.041120052,2.048325,1,0,-1,34137,29870,16,16,6850,22.9327084,17.14101105,512002,0,512002,34137
v1,e7bd16a8ad2be3cb1a245ce7fe4d8ea167164025,direct,octree_nfcount,flyby,6,1096,1096,1.225311995,0.3657920063,1.592383981,1.599663,1,0,-1,33865,29632,16,16,6668,22.50269978,17.27868521,512002,0,512002,33865
v1,e7bd16a8ad2be3cb1a245ce7fe4d8ea167164025,direct,octree_nfcount,flyby,6,1097,1097,1.533408046,0.4918079972,2.027456045,2.033862,1,0,-1,34097,29835,16,16,6889,23.09033015,17.16111949,512002,0,512002,34097
v1,e7bd16a8ad2be3cb1a245ce7fe4d8ea167164025,direct,octree_nfcount,flyby,6,1098,1098,1.573312044,0.4943999946,2.07011199,2.077299,1,0,-1,34153,29884,16,16,6924,23.16958908,17.13298086,512002,0,512002,34153
v1,e7bd16a8ad2be3cb1a245ce7fe4d8ea167164025,direct,octree_nfcount,flyby,6,1099,1099,1.218176007,0.3674879968,1.586912036,1.594794,1,0,-1,34033,29779,16,16,6770,22.73414151,17.19339132,512002,0,512002,34033
v1,e7bd16a8ad2be3cb1a245ce7fe4d8ea167164025,direct,octree_nfcount,flyby,6,1100,1100,1.583104014,0.4938240051,2.078527927,2.08582,1,0,-1,34209,29933,16,16,6856,22.90448669,17.10493435,512002,0,512002,34209
v1,e7bd16a8ad2be3cb1a245ce7fe4d8ea167164025,direct,octree_nfcount,flyby,6,1101,1101,1.577216029,0.4957759976,2.075328112,2.08281,1,0,-1,34265,29982,16,16,6885,22.96377827,17.07697952,512002,0,512002,34265
v1,e7bd16a8ad2be3cb1a245ce7fe4d8ea167164025,direct,octree_nfcount,flyby,6,1102,1102,1.222272038,0.365568012,1.589087963,1.596412,1,0,-1,33993,29744,16,16,6724,22.60623991,17.21362292,512002,0,512002,33993
v1,e7bd16a8ad2be3cb1a245ce7fe4d8ea167164025,direct,octree_nfcount,flyby,6,1103,1103,1.532160044,0.3647040129,1.898112059,1.905623,1,0,-1,33993,29744,16,16,6914,23.24502421,17.21362292,512002,0,512002,33993
v1,e7bd16a8ad2be3cb1a245ce7fe4d8ea167164025,direct,octree_nfcount,flyby,6,1104,1104,1.513407946,0.4945279956,2.010240078,2.01738,1,0,-1,34081,29821,16,16,6981,23.40967774,17.16917608,512002,0,512002,34081
v1,e7bd16a8ad2be3cb1a245ce7fe4d8ea167164025,direct,octree_nfcount,flyby,6,1105,1105,1.233407974,0.4896000028,1.725311995,1.730884,1,0,-1,34113,29849,16,16,6859,22.97899427,17.15307045,512002,0,512002,34113
v1,e7bd16a8ad2be3cb1a245ce7fe4d8ea167164025,direct,octree_nfcount,flyby,6,1106,1106,1.537567973,0.4925760031,2.032383919,2.03951,1,0,-1,34305,30017,16,16,6935,23.10357464,17.05706766,512002,0,512002,34305
v1,e7bd16a8ad2be3cb1a245ce7fe4d8ea167164025,direct,octree_nfcount,flyby,6,1107,1107,1.566879988,0.4924480021,2.061568022,2.068334,1,0,-1,34497,30185,16,16,7048,23.3493457,16.96213351,512002,0,512002,34497
v1,e7bd16a8ad2be3cb1a245ce7fe4d8ea167164025,direct,octree_nfcount,flyby,6,1108,1108,1.243648052,0.3647359908,1.609632015,1.616739,1,0,-1,34345,30052,16,16,6936,23.07999468,17.03720218,512002,0,512002,34345
v1,e7bd16a8ad2be3cb1a245ce7fe4d8ea167164025,direct,octree_nfcount,flyby,6,1109,1109,1.545600057,0.4936639965,2.040863991,2.048486,1,0,-1,34457,30150,16,16,7050,23.38308458,16.98182421,512002,0,512002,34457
v1,e7bd16a8ad2be3cb1a245ce7fe4d8ea167164025,direct,octree_nfcount,flyby,6,1110,1110,1.56188798,0.3678080142,1.930912018,1.938116,1,0,-1,34377,30080,16,16,7053,23.4474734,17.02134309,512002,0,512002,34377
v1,e7bd16a8ad2be3cb1a245ce7fe4d8ea167164025,direct,octree_nfcount,flyby,6,1111,1111,1.213055968,0.3615359962,1.575808048,1.583178,1,0,-1,34153,29884,16,16,6849,22.91861866,17.13298086,512002,0,512002,34153
v1,e7bd16a8ad2be3cb1a245ce7fe4d8ea167164025,direct,octree_nfcount,flyby,6,1112,1112,1.578688025,0.4936960042,2.074016094,2.081079,1,0,-1,34273,29989,16,16,6946,23.161826,17.07299343,512002,0,512002,34273
v1,e7bd16a8ad2be3cb1a245ce7fe4d8ea167164025,direct,octree_nfcount,flyby,6,1113,1113,1.59296,0.4936960042,2.088831902,2.096463,1,0,-1,34345,30052,16,16,6996,23.27964861,17.03720218,512002,0,512002,34345
v1,e7bd16a8ad2be3cb1a245ce7fe4d8ea167164025,direct,octree_nfcount,flyby,6,1114,1114,1.252032042,0.3657279909,1.619007945,1.626802,1,0,-1,34337,30045,16,16,6887,22.92228324,17.04117158,512002,0,512002,34337
v1,e7bd16a8ad2be3cb1a245ce7fe4d8ea167164025,direct,octree_nfcount,flyby,6,1115,1115,1.53974402,0.4977599978,2.039936066,2.047411,1,0,-1,34393,30094,16,16,6920,22.99461687,17.0134246,512002,0,512002,34393
v1,e7bd16a8ad2be3cb1a245ce7fe4d8ea167164025,direct,octree_nfcount,flyby,6,1116,1116,1.57407999,0.4927360117,2.069247961,2.076298,1,0,-1,34401,30101,16,16,7064,23.46765888,17.00946812,512002,0,512002,34401
v1,e7bd16a8ad2be3cb1a245ce7fe4d8ea167164025,direct,octree_nfcount,flyby,6,1117,1117,1.243232012,0.3610880077,1.605535984,1.612659,1,0,-1,34385,30087,16,16,7029,23.36224948,17.01738292,512002,0,512002,34385
v1,e7bd16a8ad2be3cb1a245ce7fe4d8ea167164025,direct,octree_nfcount,flyby,6,1118,1118,1.562240005,0.3694399893,1.932896018,1.938907,1,0,-1,34329,30038,16,16,6968,23.19728344,17.04514282,512002,0,512002,34329
v1,e7bd16a8ad2be3cb1a245ce7fe4d8ea167164025,direct,octree_nfcount,flyby,6,1119,1119,1.645887971,0.4966399968,2.144768,2.152373,1,0,-1,34561,30241,16,16,7104,23.49128666,16.93072319,512002,0,512002,34561
v1,e7bd16a8ad2be3cb1a245ce7fe4d8ea167164025,direct,octree_nfcount,flyby,6,1120,1120,1.236032009,0.3654719889,1.60275197,1.610108,1,0,-1,34289,30003,16,16,6884,22.94437223,17.06502683,512002,0,512002,34289
v1,e7bd16a8ad2be3cb1a245ce7fe4d8ea167164025,direct,octree_nfcount,flyby,6,1121,1121,1.539808035,0.4926080108,2.034687996,2.041539,1,0,-1,34409,30108,16,16,6931,23.02045968,17.00551348,512002,0,512002,34409
v1,e7bd16a8ad2be3cb1a245ce7fe4d8ea167164025,direct,octree_nfcount,flyby,6,1122,1122,1.584800005,0.4917440116,2.078752041,2.085726,1,0,-1,34601,30276,16,16,7094,23.43110054,16.91115075,512002,0,512002,34601
v1,e7bd16a8ad2be3cb1a245ce7fe4d8ea167164025,direct,octree_nfcount,flyby,6,1123,1123,1.224704027,0.3605439961,1.586464047,1.592299,1,0,-1,34257,29975,16,16,6899,23.01584654,17.08096747,512002,0,512002,34257
v1,e7bd16a8ad2be3cb1a245ce7fe4d8ea167164025,direct,octree_nfcount,flyby,6,1124,1124,1.535231948,0.495840013,2.032704115,2.040483,1,0,-1,34297,30010,16,16,6902,22.99900033,17.06104632,512002,0,512002,34297
v1,e7bd16a8ad2be3cb1a245ce7fe4d8ea167164025,direct,octree_nfcount,flyby,6,1125,1125,1.594815969,0.4937919974,2.090240002,2.097699,1,0,-1,34553,30234,16,16,7036,23.27181319,16.93464312,512002,0,512002,34553
v1,e7bd16a8ad2be3cb1a245ce7fe4d8ea167164025,direct,octree_nfcount,flyby,6,1126,1126,1.248800039,0.3647679985,1.614784002,1.623014,1,0,-1,34289,30003,16,16,6878,22.92437423,17.06502683,512002,0,512002,34289
v1,e7bd16a8ad2be3cb1a245ce7fe4d8ea167164025,direct,octree_nfcount,flyby,6,1127,1127,1.568287969,0.3678080142,1.937343955,1.944867,1,0,-1,34249,29968,16,16,6912,23.06460224,17.08495729,512002,0,512002,34249
v1,e7bd16a8ad2be3cb1a245ce7fe4d8ea167164025,direct,octree_nfcount,flyby,6,1128,1128,1.586303949,0.4906240106,2.078527927,2.085149,1,0,-1,34425,30122,16,16,7035,23.35502291,16.99760972,512002,0,512002,34425
v1,e7bd16a8ad2be3cb1a245ce7fe4d8ea167164025,direct,octree_nfcount,flyby,6,1129,1129,1.245887995,0.4894399941,1.737568021,1.744146,1,0,-1,34433,30129,16,16,6962,23.10730525,16.99366059,512002,0,512002,34433
v1,e7bd16a8ad2be3cb1a245ce7fe4d8ea167164025,direct,octree_nfcount,flyby,6,1130,1130,1.557247996,0.3626559973,1.921120048,1.928353,1,0,-1,34329,30038,16,16,6968,23.19728344,17.04514282,512002,0,512002,34329
v1,e7bd16a8ad2be3cb1a245ce7fe4d8ea167164025,direct,octree_nfcount,flyby,6,1131,1131,1.586367965,0.4946559966,2.083264112,2.090364,1,0,-1,34521,30206,16,16,7080,23.43905184,16.95034099,512002,0,512002,34521
v1,e7bd16a8ad2be3cb1a245ce7fe4d8ea167164025,direct,octree_nfcount,flyby,6,1132,1132,1.237983942,0.4936639965,1.733279943,1.740595,1,0,-1,34545,30227,16,16,7026,23.2441195,16.93856486,512002,0,512002,34545
v1,e7bd16a8ad2be3cb1a245ce7fe4d8ea167164025,direct,octree_nfcount,flyby,6,1133,1133,1.572352052,0.3667840064,1.940351963,1.947822,1,0,-1,34241,29961,16,16,6942,23.17012116,17.08894897,512002,0,512002,34241
v1,e7bd16a8ad2be3cb1a245ce7fe4d8ea167164025,direct,octree_nfcount,flyby,6,1134,1134,1.547232032,0.4916479886,2.040479898,2.04726,1,0,-1,34377,30080,16,16,7111,23.64029255,17.02134309,512002,0,512002,34377
v1,e7bd16a8ad2be3cb1a245ce7fe4d8ea167164025,direct,octree_nfcount,flyby,6,1135,1135,1.229727983,0.365568012,1.596544027,1.603868,1,0,-1,34129,29863,16,16,6928,23.1992767,17.14502897,512002,0,512002,34129
v1,e7bd16a8ad2be3cb1a245ce7fe4d8ea167164025,direct,octree_nfcount,flyby,6,1136,1136,1.551072001,0.4947839975,2.047487974,2.054906,1,0,-1,34217,29940,16,16,6930,23.14629259,17.1009352,512002,0,512002,34217
v1,e7bd16a8ad2be3cb1a245ce7fe4d8ea167164025,direct,octree_nfcount,flyby,6,1137,1137,1.561792016,0.4947519898,2.058176041,2.065524,1,0,-1,34425,30122,16,16,7050,23.4048204,16.99760972,512002,0,512002,34425
v1,e7bd16a8ad2be3cb1a245ce7fe4d8ea167164025,direct,octree_nfcount,flyby,6,1138,1138,1.233664036,0.3647359908,1.599616051,1.606996,1,0,-1,34265,29982,16,16,6986,23.30064705,17.07697952,512002,0,512002,34265
v1,e7bd16a8ad2be3cb1a245ce7fe4d8ea167164025,direct,octree_nfcount,flyby,6,1139,1139,1.54470396,0.4927679896,2.039040089,2.046065,1,0,-1,34289,30003,16,16,6961,23.20101323,17.06502683,512002,0,512002,34289
v1,e7bd16a8ad2be3cb1a245ce7fe4d8ea167164025,direct,octree_nfcount,flyby,6,1140,1140,1.570592046,0.500608027,2.073503971,2.081749,1,0,-1,34361,30066,16,16,7045,23.43178341,17.02926894,512002,0,512002,34361
v1,e7bd16a8ad2be3cb1a245ce7fe4d8ea167164025,direct,octree_nfcount,flyby,6,1141,1141,1.230559945,0.3686400056,1.600415945,1.608499,1,0,-1,34073,29814,16,16,6838,22.93553364,17.17320722,512002,0,512002,34073
v1,e7bd16a8ad2be3cb1a245ce7fe4d8ea167164025,direct,octree_nfcount,flyby,6,1142,1142,1.546272039,0.4966079891,2.044512033,2.051425,1,0,-1,34185,29912,16,16,6852,22.90719444,17.11694303,512002,0,512002,34185
v1,e7bd16a8ad2be3cb1a245ce7fe4d8ea167164025,direct,octree_nfcount,flyby,6,1143,1143,1.579040051,0.4904960096,2.071935892,2.077757,1,0,-1,34449,30143,16,16,7025,23.30557675,16.98576784,512002,0,512002,34449
v1,e7bd16a8ad2be3cb1a245ce7fe4d8ea167164025,direct,octree_nfcount,flyby,6,1144,1144,1.241055965,0.3606719971,1.602975965,1.609163,1,0,-1,34089,29828,16,16,6924,23.21308837,17.16514684,512002,0,512002,34089
v1,e7bd16a8ad2be3cb1a245ce7fe4d8ea167164025,direct,octree_nfcount,flyby,6,1145,1145,1.568928003,0.4917120039,2.062335968,2.069236,1,0,-1,34257,29975,16,16,6857,22.87572977,17.08096747,512002,0,512002,34257
v1,e7bd16a8ad2be3cb1a245ce7fe4d8ea167164025,direct,octree_nfcount,flyby,6,1146,1146,1.601215959,0.4948799908,2.097728014,2.10381,1,0,-1,34537,30220,16,16,6993,23.14030443,16.94248842,512002,0,512002,34537
v1,e7bd16a8ad2be3cb1a245ce7fe4d8ea167164025,direct,octree_nfcount,flyby,6,1147,1147,1.219871998,0.3688960075,1.590016007,1.597329,1,0,-1,34089,29828,16,16,6891,23.10245407,17.16514684,512002,0,512002,34089
v1,e7bd16a8ad2be3cb1a245ce7fe4d8ea167164025,direct,octree_nfcount,flyby,6,1148,1148,1.557216048,0.4948160052,2.054111958,2.060884,1,0,-1,34313,30024,16,16,6890,22.94830802,17.05309086,512002,0,512002,34313
v1,e7bd16a8ad2be3cb1a245ce7fe4d8ea167164025,direct,octree_nfcount,flyby,6,1149,1149,1.579103947,0.4946880043,2.075392008,2.082604,1,0,-1,34409,30108,16,16,7017,23.30609805,17.00551348,512002,0,512002,34409
v1,e7bd16a8ad2be3cb1a245ce7fe4d8ea167164025,direct,octree_nfcount,flyby,6,1150,1150,1.232800007,0.3668160141,1.600927949,1.608295,1,0,-1,34281,29996,16,16,6956,23.18975863,17.0690092,512002,0,512002,34281
v1,e7bd16a8ad2be3cb1a245ce7fe4d8ea167164025,direct,octree_nfcount,flyby,6,1151,1151,1.601727962,0.3667840064,1.969759941,1.976615,1,0,-1,34049,29793,16,16,6866,23.04568187,17.18531199,512002,0,512002,34049
v1,e7bd16a8ad2be3cb1a245ce7fe4d8ea167164025,direct,octree_nfcount,flyby,6,1152,1152,1.625792027,0.4932479858,2.120287895,2.127508,1,0,-1,34441,30136,16,16,6982,23.16830369,16.9897133,512002,0,512002,34441
v1,e7bd16a8ad2be3cb1a245ce7fe4d8ea167164025,direct,octree_nfcount,flyby,6,1153,1153,1.240288019,0.3676159978,1.609120011,1.617288,1,0,-1,34321,30031,16,16,6939,23.10612367,17.04911591,512002,0,512002,34321
v1,e7bd16a8ad2be3cb1a245ce7fe4d8ea167164025,direct,octree_nfcount,flyby,6,1154,1154,1.555456042,0.3686079979,1.925312042,1.932239,1,0,-1,34217,29940,16,16,6806,22.73213093,17.1009352,512002,0,512002,34217
v1,e7bd16a8ad2be3cb1a245ce7fe4d8ea167164025,direct,octree_nfcount,flyby,6,1155,1155,1.585983992,0.4987840056,2.087039948,2.094019,1,0,-1,34265,29982,16,16,6983,23.29064105,17.07697952,512002,0,512002,34265
v1,e7bd16a8ad2be3cb1a245ce7fe4d8ea167164025,direct,octree_nfcount,flyby,6,1156,1156,1.237823963,0.3657279909,1.604832053,1.612433,1,0,-1,34129,29863,16,16,6882,23.04523993,17.14502897,512002,0,512002,34129
v1,e7bd16a8ad2be3cb1a245ce7fe4d8ea167164025,direct,octree_nfcount,flyby,6,1157,1157,1.585728049,0.495615989,2.082976103,2.090619,1,0,-1,34161,29891,16,16,6835,22.86641464,17.12896859,512002,0,512002,34161
v1,e7bd16a8ad2be3cb1a245ce7fe4d8ea167164025,direct,octree_nfcount,flyby,6,1158,1158,1.545920014,0.4946880043,2.045376062,2.052371,1,0,-1,34361,30066,16,16,6911,22.98609725,17.02926894,512002,0,512002,34361
v1,e7bd16a8ad2be3cb1a245ce7fe4d8ea167164025,direct,octree_nfcount,flyby,6,1159,1159,1.234943986,0.3617919981,1.597952008,1.605053,1,0,-1,34105,29842,16,16,6875,23.03800013,17.15709403,512002,0,512002,34105
v1,e7bd16a8ad2be3cb1a245ce7fe4d8ea167164025,direct,octree_nfcount,flyby,6,1160,1160,1.565279961,0.4968320131,2.063744068,2.071186,1,0,-1,34265,29982,16,16,6918,23.07384431,17.07697952,512002,0,512002,34265
v1,e7bd16a8ad2be3cb1a245ce7fe4d8ea167164025,direct,octree_nfcount,flyby,6,1161,1161,1.515552044,0.367839992,1.884639978,1.892441,1,0,-1,34249,29968,16,16,6916,23.07794981,17.08495729,512002,0,512002,34249
v1,e7bd16a8ad2be3cb1a245ce7fe4d8ea167164025,direct,octree_nfcount,flyby,6,1162,1162,1.230880022,0.3637759984,1.595872045,1.601609,1,0,-1,34137,29870,16,16,6894,23.08001339,17.14101105,512002,0,512002,34137
v1,e7bd16a8ad2be3cb1a245ce7fe4d8ea167164025,direct,octree_nfcount,flyby,6,1163,1163,1.546848059,0.4967679977,2.045855999,2.053485,1,0,-1,34377,30080,16,16,6912,22.9787234,17.02134309,512002,0,512002,34377
v1,e7bd16a8ad2be3cb1a245ce7fe4d8ea167164025,direct,octree_nfcount,flyby,6,1164,1164,1.62460804,0.4957759976,2.122591972,2.129575,1,0,-1,34409,30108,16,16,6960,23.11677959,17.00551348,512002,0,512002,34409
v1,e7bd16a8ad2be3cb1a245ce7fe4d8ea167164025,direct,octree_nfcount,flyby,6,1165,1165,1.238528013,0.4946559966,1.735391974,1.742351,1,0,-1,34449,30143,16,16,7040,23.35533955,16.98576784,512002,0,512002,34449
v1,e7bd16a8ad2be3cb1a245ce7fe4d8ea167164025,direct,octree_nfcount,flyby,6,1166,1166,1.585567951,0.3643519878,1.951167941,1.957822,1,0,-1,34345,30052,16,16,6850,22.79382404,17.03720218,512002,0,512002,34345
v1,e7bd16a8ad2be3cb1a245ce7fe4d8ea167164025,direct,octree_nfcount,flyby,6,1167,1167,1.558655977,0.366719991,1.926591992,1.934565,1,0,-1,34337,30045,16,16,6945,23.11532701,17.04117158,512002,0,512002,34337
v1,e7bd16a8ad2be3cb1a245ce7fe4d8ea167164025,direct,octree_nfcount,flyby,6,1168,1168,1.250367999,0.4938240051,1.746464014,1.754002,1,0,-1,34377,30080,16,16,7052,23.44414894,17.02134309,512002,0,512002,34377
v1,e7bd16a8ad2be3cb1a245ce7fe4d8ea167164025,direct,octree_nfcount,flyby,6,1169,1169,1.574720025,0.495840013,2.072160006,2.07892,1,0,-1,34417,30115,16,16,6982,23.18445957,17.00156068,512002,0,512002,34417
v1,e7bd16a8ad2be3cb1a245ce7fe4d8ea167164025,direct,octree_nfcount,flyby,6,1170,1170,1.507743955,0.495359987,2.005280018,2.012568,1,0,-1,34513,30199,16,16,7020,23.24580284,16.95427001,512002,0,512002,34513
v1,e7bd16a8ad2be3cb1a245ce7fe4d8ea167164025,direct,octree_nfcount,flyby,6,1171,1171,1.23545599,0.3647359908,1.60147202,1.608848,1,0,-1,34401,30101,16,16,7064,23.46765888,17.00946812,512002,0,512002,34401
v1,e7bd16a8ad2be3cb1a245ce7fe4d8ea167164025,direct,octree_nfcount,flyby,6,1172,1172,1.541792035,0.4936639965,2.037408113,2.043851,1,0,-1,34505,30192,16,16,6981,23.12201908,16.95820085,512002,0,512002,34505
v1,e7bd16a8ad2be3cb1a245ce7fe4d8ea167164025,direct,octree_nfcount,flyby,6,1173,1173,1.532896042,0.366719991,1.900832057,1.90873,1,0,-1,34441,30136,16,16,7050,23.39394744,16.9897133,512002,0,512002,34441
v1,e7bd16a8ad2be3cb1a245ce7fe4d8ea167164025,direct,octree_nfcount,flyby,6,1174,1174,1.235136032,0.3647679985,1.601343989,1.607327,1,0,-1,34321,30031,16,16,7094,23.622257,17.04911591,512002,0,512002,34321
v1,e7bd16a8ad2be3cb1a245ce7fe4d8ea167164025,direct,octree_nfcount,flyby,6,1175,1175,1.572128057,0.3679040074,1.941248059,1.948834,1,0,-1,34233,29954,16,16,6950,23.20224344,17.09294251,512002,0,512002,34233
v1,e7bd16a8ad2be3cb1a245ce7fe4d8ea167164025,direct,octree_nfcount,flyby,6,1176,1176,1.238944054,0.4925760031,1.733759999,1.741008,1,0,-1,34313,30024,16,16,6951,23.15147882,17.05309086,512002,0,512002,34313
v1,e7bd16a8ad2be3cb1a245ce7fe4d8ea167164025,direct,octree_nfcount,flyby,6,1177,1177,1.258751988,0.4997119904,1.760064006,1.767705,1,0,-1,34377,30080,16,16,7024,23.35106383,17.02134309,512002,0,512002,34377
v1,e7bd16a8ad2be3cb1a245ce7fe4d8ea167164025,direct,octree_nfcount,flyby,6,1178,1178,1.563904047,0.3686400056,1.933791995,1.94139,1,0,-1,34313,30024,16,16,6951,23.15147882,17.05309086,512002,0,512002,34313
v1,e7bd16a8ad2be3cb1a245ce7fe4d8ea167164025,direct,octree_nfcount,flyby,6,1179,1179,1.255776048,0.4971520007,1.754143953,1.761528,1,0,-1,34377,30080,16,16,6929,23.03523936,17.02134309,512002,0,512002,34377
v1,e7bd16a8ad2be3cb1a245ce7fe4d8ea167164025,direct,octree_nfcount,flyby,6,1180,1180,1.546527982,0.4966720045,2.044831991,2.051994,1,0,-1,34465,30157,16,16,7032,23.31796929,16.97788242,512002,0,512002,34465
v1,e7bd16a8ad2be3cb1a245ce7fe4d8ea167164025,direct,octree_nfcount,flyby,6,1181,1181,1.607903957,0.3668479919,1.975968003,1.983554,1,0,-1,34185,29912,16,16,6950,23.23482214,17.11694303,512002,0,512002,34185
v1,e7bd16a8ad2be3cb1a245ce7fe4d8ea167164025,direct,octree_nfcount,flyby,6,1182,1182,1.234431982,0.3678719997,1.603551984,1.610867,1,0,-1,34161,29891,16,16,6903,23.09390787,17.12896859,512002,0,512002,34161
v1,e7bd16a8ad2be3cb1a245ce7fe4d8ea167164025,direct,octree_nfcount,flyby,6,1183,1183,1.516831994,0.4978240132,2.016896009,2.024569,1,0,-1,34409,30108,16,16,7017,23.30609805,17.00551348,512002,0,512002,34409
v1,e7bd16a8ad2be3cb1a245ce7fe4d8ea167164025,direct,octree_nfcount,flyby,6,1184,1184,1.559360027,0.369471997,1.930047989,1.93773,1,0,-1,34113,29849,16,16,6941,23.25371034,17.15307045,512002,0,512002,34113
v1,e7bd16a8ad2be3cb1a245ce7fe4d8ea167164025,direct,octree_nfcount,flyby,6,1185,1185,1.246976018,0.4987840056,1.747967958,1.755208,1,0,-1,34441,30136,16,16,6941,23.03225378,16.9897133,512002,0,512002,34441
v1,e7bd16a8ad2be3cb1a245ce7fe4d8ea167164025,direct,octree_nfcount,flyby,6,1186,1186,1.545791984,0.3697600067,1.916767955,1.924777,1,0,-1,34345,30052,16,16,7019,23.35618262,17.03720218,512002,0,512002,34345
v1,e7bd16a8ad2be3cb1a245ce7fe4d8ea167164025,direct,octree_nfcount,flyby,6,1187,1187,1.551776052,0.4977920055,2.051968098,2.06009,1,0,-1,34361,30066,16,16,6947,23.10583383,17.02926894,512002,0,512002,34361
v1,e7bd16a8ad2be3cb1a245ce7fe4d8ea167164025,direct,octree_nfcount,flyby,6,1188,1188,1.245023966,0.3657599986,1.612032056,1.619351,1,0,-1,34361,30066,16,16,6954,23.12911594,17.02926894,512002,0,512002,34361
v1,e7bd16a8ad2be3cb1a245ce7fe4d8ea167164025,direct,octree_nfcount,flyby,6,1189,1189,1.533023953,0.4983359873,2.032576084,2.040705,1,0,-1,34617,30290,16,16,7106,23.45988775,16.90333443,512002,0,512002,34617
v1,e7bd16a8ad2be3cb1a245ce7fe4d8ea167164025,direct,octree_nfcount,flyby,6,1190,1190,1.637120008,0.3648000062,2.003168106,2.009513,1,0,-1,34449,30143,16,16,7021,23.29230667,16.98576784,512002,0,512002,34449
v1,e7bd16a8ad2be3cb1a245ce7fe4d8ea167164025,direct,octree_nfcount,flyby,6,1191,1191,1.232800007,0.4918720126,1.726240039,1.732327,1,0,-1,34489,30178,16,16,6944,23.01013984,16.966068,512002,0,512002,34489
v1,e7bd16a8ad2be3cb1a245ce7fe4d8ea167164025,direct,octree_nfcount,flyby,6,1192,1192,1.591840029,0.3645440042,1.957631946,1.965118,1,0,-1,34401,30101,16,16,7048,23.4145045,17.00946812,512002,0,512002,34401
v1,e7bd16a8ad2be3cb1a245ce7fe4d8ea167164025,direct,octree_nfcount,flyby,6,1193,1193,1.561184049,0.4999360144,2.06272006,2.069723,1,0,-1,34473,30164,16,16,6980,23.14016709,16.97394245,512002,0,512002,34473
v1,e7bd16a8ad2be3cb1a245ce7fe4d8ea167164025,direct,octree_nfcount,flyby,6,1194,1194,1.258144021,0.5009920001,1.760768056,1.768524,1,0,-1,34505,30192,16,16,6971,23.08889772,16.95820085,512002,0,512002,34505
v1,e7bd16a8ad2be3cb1a245ce7fe4d8ea167164025,direct,octree_nfcount,flyby,6,1195,1195,1.580863953,0.5008320212,2.083935976,2.091271,1,0,-1,34625,30297,16,16,7124,23.51387926,16.89942899,512002,0,512002,34625
v1,e7bd16a8ad2be3cb1a245ce7fe4d8ea167164025,direct,octree_nfcount,flyby,6,1196,1196,1.621055961,0.4988799989,2.122303963,2.129713,1,0,-1,34705,30367,16,16,7076,23.3016103,16.86047354,512002,0,512002,34705
v1,e7bd16a8ad2be3cb1a245ce7fe4d8ea167164025,direct,octree_nfcount,flyby,6,1197,1197,1.247583985,0.3737280071,1.622560024,1.630459,1,0,-1,34553,30234,16,16,7009,23.18250976,16.93464312,512002,0,512002,34553
v1,e7bd16a8ad2be3cb1a245ce7fe4d8ea167164025,direct,octree_nfcount,flyby,6,1198,1198,1.565472007,0.4977279902,2.065248013,2.072301,1,0,-1,34561,30241,16,16,7081,23.41523098,16.93072319,512002,0,512002,34561
v1,e7bd16a8ad2be3cb1a245ce7fe4d8ea167164025,direct,octree_nfcount,flyby,6,1199,1199,1.569504023,0.4985919893,2.06969595,2.077555,1,0,-1,34705,30367,16,16,7082,23.32136859,16.86047354,512002,0,512002,34705
v1,e7bd16a8ad2be3cb1a245ce7fe4d8ea167164025,direct,octree_nfcount,flyby,6,1200,1200,1.244863987,0.3698559999,1.615936041,1.623747,1,0,-1,34673,30339,16,16,6982,23.01328323,16.87603415,512002,0,512002,34673
