version,commit,path,config,dataset,run,snapshot,frame_id,tree_update_ms,view_ms,total_ms,wall_ms,attempts,maintenance_ms,iterations,num_nodes,num_leaves,max_depth,max_depth_octree_equiv,num_empty_leaves,empty_leaf_pct,avg_particles_per_leaf,particles_active,particles_escaped,particle_slots,lib_num_nodes
v3,d830fc32ff2631e4e1344dc30b3e09c3b9690bed,graph,kdtree3d_leafcount,flyby,1,0,0,nan,nan,nan,nan,0,0,-1,36453,18227,49,16.33333333,6475,35.52422231,28.09030559,512002,0,512002,36453
v3,d830fc32ff2631e4e1344dc30b3e09c3b9690bed,graph,kdtree3d_leafcount,flyby,1,1,1,0.642080009,0.1310719997,0.7792000175,0.790098,1,0,-1,36359,18180,51,17,6471,35.59405941,28.16292629,512002,0,512002,36359
v3,d830fc32ff2631e4e1344dc30b3e09c3b9690bed,graph,kdtree3d_leafcount,flyby,1,2,2,0.6386240125,0.1310719997,0.7769600153,0.788214,1,0,-1,36367,18184,49,16.33333333,6451,35.47624285,28.15673119,512002,0,512002,36367
v3,d830fc32ff2631e4e1344dc30b3e09c3b9690bed,graph,kdtree3d_leafcount,flyby,1,3,3,0.6368319988,0.1310719997,0.7760959864,0.788166,1,0,-1,36507,18254,49,16.33333333,6492,35.56480771,28.04875644,512002,0,512002,36507
v3,d830fc32ff2631e4e1344dc30b3e09c3b9690bed,graph,kdtree3d_leafcount,flyby,1,4,4,0.6382399797,0.1310719997,0.7782080173,0.793092,1,0,-1,36451,18226,49,16.33333333,6468,35.48776473,28.09184681,512002,0,512002,36451
v3,d830fc32ff2631e4e1344dc30b3e09c3b9690bed,graph,kdtree3d_leafcount,flyby,1,5,5,0.639424026,0.1310719997,0.7774400115,0.787282,1,0,-1,36257,18129,51,17,6432,35.47906669,28.24215346,512002,0,512002,36257
v3,d830fc32ff2631e4e1344dc30b3e09c3b9690bed,graph,kdtree3d_leafcount,flyby,1,6,6,0.6416640282,0.1310719997,0.7816320062,0.793548,1,0,-1,36341,18171,51,17,6440,35.44108745,28.17687524,512002,0,512002,36341
v3,d830fc32ff2631e4e1344dc30b3e09c3b9690bed,graph,kdtree3d_leafcount,flyby,1,7,7,0.6419519782,0.1310719997,0.7819520235,0.796143,1,0,-1,36347,18174,49,16.33333333,6400,35.21514251,28.17222406,512002,0,512002,36347
v3,d830fc32ff2631e4e1344dc30b3e09c3b9690bed,graph,kdtree3d_leafcount,flyby,1,8,8,0.6411520243,0.1310719997,0.7815359831,0.795528,1,0,-1,36243,18122,49,16.33333333,6319,34.86921973,28.25306258,512002,0,512002,36243
v3,d830fc32ff2631e4e1344dc30b3e09c3b9690bed,graph,kdtree3d_leafcount,flyby,1,9,9,0.6457279921,0.1310719997,0.7852159739,0.804592,1,0,-1,36187,18094,49,16.33333333,6313,34.89001879,28.29678346,512002,0,512002,36187
v3,d830fc32ff2631e4e1344dc30b3e09c3b9690bed,graph,kdtree3d_leafcount,flyby,1,10,10,0.6402879953,0.1310719997,0.778144002,0.789472,1,0,-1,36305,18153,49,16.33333333,6318,34.8041646,28.20481463,512002,0,512002,36305
v3,d830fc32ff2631e4e1344dc30b3e09c3b9690bed,graph,kdtree3d_leafcount,flyby,1,11,11,0.6431360245,0.1331200004,0.785055995,0.798167,1,0,-1,36119,18060,49,16.33333333,6292,34.83942414,28.35005537,512002,0,512002,36119
v3,d830fc32ff2631e4e1344dc30b3e09c3b9690bed,graph,kdtree3d_leafcount,flyby,1,12,12,0.6439999938,0.1310719997,0.7838079929,0.79554,1,0,-1,35509,17755,47,15.66666667,6235,35.11686849,28.83705998,512002,0,512002,35509
v3,d830fc32ff2631e4e1344dc30b3e09c3b9690bed,graph,kdtree3d_leafcount,flyby,1,13,13,0.6489279866,0.1310719997,0.7878720164,0.802397,1,0,-1,35837,17919,49,16.33333333,6100,34.04207824,28.57313466,512002,0,512002,35837
v3,d830fc32ff2631e4e1344dc30b3e09c3b9690bed,graph,kdtree3d_leafcount,flyby,1,14,14,0.6431040168,0.1310719997,0.7823039889,0.794798,1,0,-1,35183,17592,49,16.33333333,5941,33.77103229,29.10425193,512002,0,512002,35183
v3,d830fc32ff2631e4e1344dc30b3e09c3b9690bed,graph,kdtree3d_leafcount,flyby,1,15,15,0.6459199786,0.1310719997,0.7860159874,0.80707,1,0,-1,35377,17689,49,16.33333333,5934,33.54627169,28.94465487,512002,0,512002,35377
v3,d830fc32ff2631e4e1344dc30b3e09c3b9690bed,graph,kdtree3d_leafcount,flyby,1,16,16,0.6418560147,0.1310719997,0.7813119888,0.793939,1,0,-1,35425,17713,51,17,5925,33.45000847,28.90543668,512002,0,512002,35425
v3,d830fc32ff2631e4e1344dc30b3e09c3b9690bed,graph,kdtree3d_leafcount,flyby,1,17,17,0.6385920048,0.129023999,0.7757760286,0.790032,1,0,-1,32373,16187,46,15.33333333,5702,35.22579848,31.63044418,512002,0,512002,32373
v3,d830fc32ff2631e4e1344dc30b3e09c3b9690bed,graph,kdtree3d_leafcount,flyby,1,18,18,0.6436480284,0.1311040074,0.7825279832,0.800522,1,0,-1,35145,17573,49,16.33333333,5670,32.26540716,29.13571957,512002,0,512002,35145
v3,d830fc32ff2631e4e1344dc30b3e09c3b9690bed,graph,kdtree3d_leafcount,flyby,1,19,19,0.6416640282,0.1311040074,0.7808319926,0.792953,1,0,-1,35353,17677,50,16.66666667,5579,31.5607852,28.9643039,512002,0,512002,35353
v3,d830fc32ff2631e4e1344dc30b3e09c3b9690bed,graph,kdtree3d_leafcount,flyby,1,20,20,0.646592021,0.1310719997,0.7845439911,0.798153,1,0,-1,35337,17669,51,17,5534,31.32039165,28.97741808,512002,0,512002,35337
v3,d830fc32ff2631e4e1344dc30b3e09c3b9690bed,graph,kdtree3d_leafcount,flyby,1,21,21,0.6444479823,0.129023999,0.7815679908,0.793362,1,0,-1,34633,17317,47,15.66666667,5400,31.18323035,29.5664376,512002,0,512002,34633
v3,d830fc32ff2631e4e1344dc30b3e09c3b9690bed,graph,kdtree3d_leafcount,flyby,1,22,22,0.6433920264,0.1310719997,0.7852159739,0.797797,1,0,-1,35173,17587,51,17,5313,30.20981407,29.1125263,512002,0,512002,35173
v3,d830fc32ff2631e4e1344dc30b3e09c3b9690bed,graph,kdtree3d_leafcount,flyby,1,23,23,0.6457599998,0.129023999,0.7828800082,0.794585,1,0,-1,35073,17537,51,17,5150,29.36648229,29.19552945,512002,0,512002,35073
v3,d830fc32ff2631e4e1344dc30b3e09c3b9690bed,graph,kdtree3d_leafcount,flyby,1,24,24,0.6429439783,0.1311040074,0.782400012,0.795129,1,0,-1,34977,17489,49,16.33333333,5102,29.17262279,29.27565899,512002,0,512002,34977
v3,d830fc32ff2631e4e1344dc30b3e09c3b9690bed,graph,kdtree3d_leafcount,flyby,1,25,25,0.6467840075,0.129023999,0.7838400006,0.800702,1,0,-1,34823,17412,49,16.33333333,5004,28.73880083,29.4051229,512002,0,512002,34823
v3,d830fc32ff2631e4e1344dc30b3e09c3b9690bed,graph,kdtree3d_leafcount,flyby,1,26,26,0.6413440108,0.129023999,0.7772480249,0.786962,1,0,-1,34485,17243,50,16.66666667,4913,28.49272168,29.69332483,512002,0,512002,34485
v3,d830fc32ff2631e4e1344dc30b3e09c3b9690bed,graph,kdtree3d_leafcount,flyby,1,27,27,0.6472319961,0.1269759983,0.782400012,0.794185,1,0,-1,33765,16883,48,16,4865,28.81596873,30.32648226,512002,0,512002,33765
v3,d830fc32ff2631e4e1344dc30b3e09c3b9690bed,graph,kdtree3d_leafcount,flyby,1,28,28,0.6391360164,0.1269759983,0.7744320035,0.79066,1,0,-1,31483,15742,48,16,4485,28.49066192,32.52458392,512002,0,512002,31483
v3,d830fc32ff2631e4e1344dc30b3e09c3b9690bed,graph,kdtree3d_leafcount,flyby,1,29,29,0.6453760266,0.129023999,0.782656014,0.793717,1,0,-1,32651,16326,49,16.33333333,4441,27.20200907,31.36114174,512002,0,512002,32651
v3,d830fc32ff2631e4e1344dc30b3e09c3b9690bed,graph,kdtree3d_leafcount,flyby,1,30,30,0.6408960223,0.1269759983,0.7758719921,0.78889,1,0,-1,29047,14524,49,16.33333333,4019,27.67144037,35.2521344,512002,0,512002,29047
v3,d830fc32ff2631e4e1344dc30b3e09c3b9690bed,graph,kdtree3d_leafcount,flyby,1,31,31,0.6393920183,0.1269759983,0.7740799785,0.788881,1,0,-1,30731,15366,49,16.33333333,4096,26.65625407,33.32044774,512002,0,512002,30731
v3,d830fc32ff2631e4e1344dc30b3e09c3b9690bed,graph,kdtree3d_leafcount,flyby,1,32,32,0.6448959708,0.129023999,0.782400012,0.802119,1,0,-1,32083,16042,49,16.33333333,4271,26.62386236,31.9163446,512002,0,512002,32083
v3,d830fc32ff2631e4e1344dc30b3e09c3b9690bed,graph,kdtree3d_leafcount,flyby,1,33,33,0.6424000263,0.1249279976,0.7764160037,0.792478,1,0,-1,30819,15410,49,16.33333333,3979,25.82089552,33.22530824,512002,0,512002,30819
v3,d830fc32ff2631e4e1344dc30b3e09c3b9690bed,graph,kdtree3d_leafcount,flyby,1,34,34,0.6439039707,0.1249279976,0.7777600288,0.792612,1,0,-1,30113,15057,48,16,3909,25.96134688,34.00425051,512002,0,512002,30113
v3,d830fc32ff2631e4e1344dc30b3e09c3b9690bed,graph,kdtree3d_leafcount,flyby,1,35,35,0.6435520053,0.1249279976,0.7771840096,0.792231,1,0,-1,28875,14438,48,16,3612,25.01731542,35.46211387,512002,0,512002,28875
v3,d830fc32ff2631e4e1344dc30b3e09c3b9690bed,graph,kdtree3d_leafcount,flyby,1,36,36,0.643328011,0.1249279976,0.7768639922,0.79169,1,0,-1,30209,15105,49,16.33333333,3861,25.56107249,33.89619331,512002,0,512002,30209
v3,d830fc32ff2631e4e1344dc30b3e09c3b9690bed,graph,kdtree3d_leafcount,flyby,1,37,37,0.6453120112,0.1249279976,0.779039979,0.791911,1,0,-1,28807,14404,49,16.33333333,3550,24.64593169,35.54582061,512002,0,512002,28807
v3,d830fc32ff2631e4e1344dc30b3e09c3b9690bed,graph,kdtree3d_leafcount,flyby,1,38,38,0.6456320286,0.1249279976,0.7792639732,0.792889,1,0,-1,29677,14839,48,16,3652,24.61082283,34.50380753,512002,0,512002,29677
v3,d830fc32ff2631e4e1344dc30b3e09c3b9690bed,graph,kdtree3d_leafcount,flyby,1,39,39,0.6432960033,0.1228799969,0.7745919824,0.790762,1,0,-1,28131,14066,48,16,3348,23.80207593,36.39997156,512002,0,512002,28131
v3,d830fc32ff2631e4e1344dc30b3e09c3b9690bed,graph,kdtree3d_leafcount,flyby,1,40,40,0.6467840075,0.1249279976,0.7801600099,0.79394,1,0,-1,30019,15010,49,16.33333333,3681,24.5236509,34.11072618,512002,0,512002,30019
v3,d830fc32ff2631e4e1344dc30b3e09c3b9690bed,graph,kdtree3d_leafcount,flyby,1,41,41,0.638463974,0.1249279976,0.7719359994,0.790939,1,0,-1,28831,14416,49,16.33333333,3307,22.93978912,35.51623196,512002,0,512002,28831
v3,d830fc32ff2631e4e1344dc30b3e09c3b9690bed,graph,kdtree3d_leafcount,flyby,1,42,42,0.6380159855,0.1249279976,0.7705280185,0.788096,1,0,-1,29523,14762,48,16,3409,23.09307682,34.68378269,512002,0,512002,29523
v3,d830fc32ff2631e4e1344dc30b3e09c3b9690bed,graph,kdtree3d_leafcount,flyby,1,43,43,0.6406080127,0.1228799969,0.7720639706,0.791126,1,0,-1,27675,13838,49,16.33333333,2976,21.50599798,36.99971094,512002,0,512002,27675
v3,d830fc32ff2631e4e1344dc30b3e09c3b9690bed,graph,kdtree3d_leafcount,flyby,1,44,44,0.6430079937,0.1249279976,0.7761920094,0.791103,1,0,-1,29511,14756,49,16.33333333,3232,21.90295473,34.69788561,512002,0,512002,29511
v3,d830fc32ff2631e4e1344dc30b3e09c3b9690bed,graph,kdtree3d_leafcount,flyby,1,45,45,0.6426879764,0.1228799969,0.7730879784,0.788645,1,0,-1,28603,14302,48,16,2987,20.88519088,35.79932877,512002,0,512002,28603
v3,d830fc32ff2631e4e1344dc30b3e09c3b9690bed,graph,kdtree3d_leafcount,flyby,1,46,46,0.6425600052,0.1249279976,0.7756479979,0.790121,1,0,-1,30285,15143,48,16,3200,21.13187611,33.81113386,512002,0,512002,30285
v3,d830fc32ff2631e4e1344dc30b3e09c3b9690bed,graph,kdtree3d_leafcount,flyby,1,47,47,0.6394879818,0.1228799969,0.7702400088,0.788875,1,0,-1,28535,14268,48,16,2910,20.39529016,35.88463695,512002,0,512002,28535
v3,d830fc32ff2631e4e1344dc30b3e09c3b9690bed,graph,kdtree3d_leafcount,flyby,1,48,48,0.6453760266,0.1269759983,0.7803519964,0.794425,1,0,-1,30177,15089,47,15.66666667,3068,20.33269269,33.93213599,512002,0,512002,30177
v3,d830fc32ff2631e4e1344dc30b3e09c3b9690bed,graph,kdtree3d_leafcount,flyby,1,49,49,0.6391360164,0.1269759983,0.7735999823,0.788647,1,0,-1,28679,14340,47,15.66666667,2718,18.9539749,35.70446304,512002,0,512002,28679
v3,d830fc32ff2631e4e1344dc30b3e09c3b9690bed,graph,kdtree3d_leafcount,flyby,1,50,50,0.6470400095,0.1249279976,0.7806079984,0.793131,1,0,-1,29657,14829,47,15.66666667,2863,19.30676377,34.52707533,512002,0,512002,29657
v3,d830fc32ff2631e4e1344dc30b3e09c3b9690bed,graph,kdtree3d_leafcount,flyby,1,51,51,0.6406720281,0.1228799969,0.7724480033,0.791415,1,0,-1,28215,14108,46,15.33333333,2584,18.31584916,36.2916076,512002,0,512002,28215
v3,d830fc32ff2631e4e1344dc30b3e09c3b9690bed,graph,kdtree3d_leafcount,flyby,1,52,52,0.6438080072,0.1269759983,0.7789120078,0.791442,1,0,-1,29727,14864,46,15.33333333,2815,18.9383746,34.44577503,512002,0,512002,29727
v3,d830fc32ff2631e4e1344dc30b3e09c3b9690bed,graph,kdtree3d_leafcount,flyby,1,53,53,0.6460480094,0.1249279976,0.7801280022,0.793485,1,0,-1,28989,14495,46,15.33333333,2723,18.7857882,35.32266299,512002,0,512002,28989
v3,d830fc32ff2631e4e1344dc30b3e09c3b9690bed,graph,kdtree3d_leafcount,flyby,1,54,54,0.6453440189,0.1249279976,0.7797120214,0.794138,1,0,-1,30263,15132,47,15.66666667,2871,18.97303727,33.8357124,512002,0,512002,30263
v3,d830fc32ff2631e4e1344dc30b3e09c3b9690bed,graph,kdtree3d_leafcount,flyby,1,55,55,0.6438400149,0.1249279976,0.7772480249,0.792755,1,0,-1,28991,14496,47,15.66666667,2564,17.68763797,35.32022627,512002,0,512002,28991
v3,d830fc32ff2631e4e1344dc30b3e09c3b9690bed,graph,kdtree3d_leafcount,flyby,1,56,56,0.641824007,0.1249279976,0.7754560113,0.787548,1,0,-1,29905,14953,46,15.33333333,2706,18.096703,34.24075436,512002,0,512002,29905
v3,d830fc32ff2631e4e1344dc30b3e09c3b9690bed,graph,kdtree3d_leafcount,flyby,1,57,57,0.6472960114,0.1269759983,0.7829759717,0.794662,1,0,-1,30845,15423,47,15.66666667,2793,18.10931725,33.19730273,512002,0,512002,30845
v3,d830fc32ff2631e4e1344dc30b3e09c3b9690bed,graph,kdtree3d_leafcount,flyby,1,58,58,0.6466240287,0.1249279976,0.7794880271,0.790483,1,0,-1,30485,15243,47,15.66666667,2682,17.59496162,33.58931969,512002,0,512002,30485
v3,d830fc32ff2631e4e1344dc30b3e09c3b9690bed,graph,kdtree3d_leafcount,flyby,1,59,59,0.643328011,0.1269759983,0.7784640193,0.791862,1,0,-1,30339,15170,47,15.66666667,2673,17.62030323,33.75095583,512002,0,512002,30339
v3,d830fc32ff2631e4e1344dc30b3e09c3b9690bed,graph,kdtree3d_leafcount,flyby,1,60,60,0.6445440054,0.1249279976,0.7781760097,0.789091,1,0,-1,29681,14841,47,15.66666667,2631,17.72791591,34.49915774,512002,0,512002,29681
v3,d830fc32ff2631e4e1344dc30b3e09c3b9690bed,graph,kdtree3d_leafcount,flyby,1,61,61,0.6469119787,0.1249279976,0.7799680233,0.79197,1,0,-1,30753,15377,47,15.66666667,2769,18.00741367,33.29661182,512002,0,512002,30753
v3,d830fc32ff2631e4e1344dc30b3e09c3b9690bed,graph,kdtree3d_leafcount,flyby,1,62,62,0.6367679834,0.1249279976,0.7691519856,0.781881,1,0,-1,29499,14750,47,15.66666667,2583,17.51186441,34.712,512002,0,512002,29499
v3,d830fc32ff2631e4e1344dc30b3e09c3b9690bed,graph,kdtree3d_leafcount,flyby,1,63,63,0.6454079747,0.1269759983,0.7800319791,0.792395,1,0,-1,30427,15214,46,15.33333333,2696,17.72052057,33.6533456,512002,0,512002,30427
v3,d830fc32ff2631e4e1344dc30b3e09c3b9690bed,graph,kdtree3d_leafcount,flyby,1,64,64,0.6430400014,0.1249599978,0.7749440074,0.784264,1,0,-1,29259,14630,46,15.33333333,2461,16.82159945,34.99671907,512002,0,512002,29259
v3,d830fc32ff2631e4e1344dc30b3e09c3b9690bed,graph,kdtree3d_leafcount,flyby,1,65,65,0.6492800117,0.1249279976,0.7817599773,0.799819,1,0,-1,30585,15293,46,15.33333333,2604,17.02739816,33.47950043,512002,0,512002,30585
v3,d830fc32ff2631e4e1344dc30b3e09c3b9690bed,graph,kdtree3d_leafcount,flyby,1,66,66,0.6416959763,0.1249279976,0.7746559978,0.791543,1,0,-1,29323,14662,46,15.33333333,2427,16.55299413,34.92033829,512002,0,512002,29323
v3,d830fc32ff2631e4e1344dc30b3e09c3b9690bed,graph,kdtree3d_leafcount,flyby,1,67,67,0.6488639712,0.1249279976,0.782047987,0.794947,1,0,-1,30281,15141,46,15.33333333,2564,16.9341523,33.81560003,512002,0,512002,30281
v3,d830fc32ff2631e4e1344dc30b3e09c3b9690bed,graph,kdtree3d_leafcount,flyby,1,68,68,0.6470400095,0.1249279976,0.7800319791,0.792256,1,0,-1,29199,14600,46,15.33333333,2298,15.73972603,35.06863014,512002,0,512002,29199
v3,d830fc32ff2631e4e1344dc30b3e09c3b9690bed,graph,kdtree3d_leafcount,flyby,1,69,69,0.6471040249,0.1249279976,0.7807360291,0.793551,1,0,-1,29713,14857,46,15.33333333,2291,15.42034058,34.46200444,512002,0,512002,29713
v3,d830fc32ff2631e4e1344dc30b3e09c3b9690bed,graph,kdtree3d_leafcount,flyby,1,70,70,0.6456639767,0.1249279976,0.7784320116,0.790023,1,0,-1,31311,15656,47,15.66666667,2560,16.35155851,32.70324476,512002,0,512002,31311
v3,d830fc32ff2631e4e1344dc30b3e09c3b9690bed,graph,kdtree3d_leafcount,flyby,1,71,71,0.6422079802,0.1249279976,0.7744320035,0.788025,1,0,-1,30509,15255,47,15.66666667,2499,16.38151426,33.56289741,512002,0,512002,30509
v3,d830fc32ff2631e4e1344dc30b3e09c3b9690bed,graph,kdtree3d_leafcount,flyby,1,72,72,0.6442559958,0.127008006,0.7789440155,0.790193,1,0,-1,30415,15208,47,15.66666667,2457,16.15597054,33.66662283,512002,0,512002,30415
v3,d830fc32ff2631e4e1344dc30b3e09c3b9690bed,graph,kdtree3d_leafcount,flyby,1,73,73,0.6439679861,0.1249279976,0.776639998,0.78917,1,0,-1,29323,14662,46,15.33333333,2374,16.19151548,34.92033829,512002,0,512002,29323
v3,d830fc32ff2631e4e1344dc30b3e09c3b9690bed,graph,kdtree3d_leafcount,flyby,1,74,74,0.6464319825,0.1249279976,0.7793279886,0.79159,1,0,-1,30273,15137,46,15.33333333,2472,16.33084495,33.82453591,512002,0,512002,30273
v3,d830fc32ff2631e4e1344dc30b3e09c3b9690bed,graph,kdtree3d_leafcount,flyby,1,75,75,0.6474239826,0.1249279976,0.7814720273,0.794682,1,0,-1,28967,14484,46,15.33333333,2313,15.96934548,35.34948909,512002,0,512002,28967
v3,d830fc32ff2631e4e1344dc30b3e09c3b9690bed,graph,kdtree3d_leafcount,flyby,1,76,76,0.6509760022,0.1269759983,0.7860800028,0.802651,1,0,-1,30383,15192,46,15.33333333,2498,16.44286467,33.70208004,512002,0,512002,30383
v3,d830fc32ff2631e4e1344dc30b3e09c3b9690bed,graph,kdtree3d_leafcount,flyby,1,77,77,0.6499840021,0.1249279976,0.7839999795,0.796956,1,0,-1,28737,14369,46,15.33333333,2231,15.52648062,35.63240309,512002,0,512002,28737
v3,d830fc32ff2631e4e1344dc30b3e09c3b9690bed,graph,kdtree3d_leafcount,flyby,1,78,78,0.6512640119,0.1249279976,0.78540802,0.797655,1,0,-1,30223,15112,46,15.33333333,2462,16.29168872,33.88049232,512002,0,512002,30223
v3,d830fc32ff2631e4e1344dc30b3e09c3b9690bed,graph,kdtree3d_leafcount,flyby,1,79,79,0.6494079828,0.1249279976,0.7831040025,0.802427,1,0,-1,29869,14935,47,15.66666667,2251,15.07197857,34.2820221,512002,0,512002,29869
v3,d830fc32ff2631e4e1344dc30b3e09c3b9690bed,graph,kdtree3d_leafcount,flyby,1,80,80,0.6527680159,0.1269759983,0.7883520126,0.805071,1,0,-1,31231,15616,47,15.66666667,2513,16.09246926,32.78701332,512002,0,512002,31231
v3,d830fc32ff2631e4e1344dc30b3e09c3b9690bed,graph,kdtree3d_leafcount,flyby,1,81,81,0.6530879736,0.1249279976,0.7858880162,0.801144,1,0,-1,30323,15162,47,15.66666667,2339,15.42672471,33.76876402,512002,0,512002,30323
v3,d830fc32ff2631e4e1344dc30b3e09c3b9690bed,graph,kdtree3d_leafcount,flyby,1,82,82,0.6437759995,0.1249279976,0.7766720057,0.78914,1,0,-1,29099,14550,47,15.66666667,2202,15.13402062,35.18914089,512002,0,512002,29099
v3,d830fc32ff2631e4e1344dc30b3e09c3b9690bed,graph,kdtree3d_leafcount,flyby,1,83,83,0.6533759832,0.1249279976,0.7865279913,0.802337,1,0,-1,30001,15001,46,15.33333333,2351,15.67228851,34.13119125,512002,0,512002,30001
v3,d830fc32ff2631e4e1344dc30b3e09c3b9690bed,graph,kdtree3d_leafcount,flyby,1,84,84,0.6467840075,0.1249599978,0.7800959945,0.793219,1,0,-1,29041,14521,46,15.33333333,2189,15.07471937,35.2594174,512002,0,512002,29041
v3,d830fc32ff2631e4e1344dc30b3e09c3b9690bed,graph,kdtree3d_leafcount,flyby,1,85,85,0.6501119733,0.1249279976,0.7835199833,0.794848,1,0,-1,29999,15000,46,15.33333333,2330,15.53333333,34.13346667,512002,0,512002,29999
v3,d830fc32ff2631e4e1344dc30b3e09c3b9690bed,graph,kdtree3d_leafcount,flyby,1,86,86,0.6507200003,0.1228799969,0.7819839716,0.793609,1,0,-1,28977,14489,46,15.33333333,2103,14.51445924,35.33729036,512002,0,512002,28977
v3,d830fc32ff2631e4e1344dc30b3e09c3b9690bed,graph,kdtree3d_leafcount,flyby,1,87,87,0.6532160044,0.1249279976,0.7866240144,0.803595,1,0,-1,30057,15029,46,15.33333333,2278,15.15736243,34.06760263,512002,0,512002,30057
v3,d830fc32ff2631e4e1344dc30b3e09c3b9690bed,graph,kdtree3d_leafcount,flyby,1,88,88,0.6533759832,0.127008006,0.7885760069,0.802664,1,0,-1,31199,15600,47,15.66666667,2376,15.23076923,32.82064103,512002,0,512002,31199
v3,d830fc32ff2631e4e1344dc30b3e09c3b9690bed,graph,kdtree3d_leafcount,flyby,1,89,89,0.648992002,0.127008006,0.7843840122,0.803498,1,0,-1,30155,15078,47,15.66666667,2160,14.32550736,33.95689083,512002,0,512002,30155
v3,d830fc32ff2631e4e1344dc30b3e09c3b9690bed,graph,kdtree3d_leafcount,flyby,1,90,90,0.6488639712,0.1249279976,0.7827519774,0.795966,1,0,-1,30047,15024,46,15.33333333,2203,14.66320554,34.07894036,512002,0,512002,30047
v3,d830fc32ff2631e4e1344dc30b3e09c3b9690bed,graph,kdtree3d_leafcount,flyby,1,91,91,0.6516799927,0.1249279976,0.7851840258,0.804863,1,0,-1,29187,14594,47,15.66666667,2075,14.21817185,35.08304783,512002,0,512002,29187
v3,d830fc32ff2631e4e1344dc30b3e09c3b9690bed,graph,kdtree3d_leafcount,flyby,1,92,92,0.6513280272,0.1249279976,0.785055995,0.796813,1,0,-1,29831,14916,46,15.33333333,2150,14.41405202,34.32569053,512002,0,512002,29831
v3,d830fc32ff2631e4e1344dc30b3e09c3b9690bed,graph,kdtree3d_leafcount,flyby,1,93,93,0.6515520215,0.1249279976,0.7841920257,0.803007,1,0,-1,28877,14439,46,15.33333333,2044,14.15610499,35.45965787,512002,0,512002,28877
v3,d830fc32ff2631e4e1344dc30b3e09c3b9690bed,graph,kdtree3d_leafcount,flyby,1,94,94,0.6474559903,0.1249279976,0.7809600234,0.792755,1,0,-1,29823,14912,47,15.66666667,2070,13.88143777,34.33489807,512002,0,512002,29823
v3,d830fc32ff2631e4e1344dc30b3e09c3b9690bed,graph,kdtree3d_leafcount,flyby,1,95,95,0.6513280272,0.1249279976,0.7851520181,0.803513,1,0,-1,30351,15176,47,15.66666667,2125,14.00237217,33.73761202,512002,0,512002,30351
v3,d830fc32ff2631e4e1344dc30b3e09c3b9690bed,graph,kdtree3d_leafcount,flyby,1,96,96,0.6512320042,0.1249279976,0.7847040296,0.80339,1,0,-1,30457,15229,47,15.66666667,2156,14.15720008,33.62019831,512002,0,512002,30457
v3,d830fc32ff2631e4e1344dc30b3e09c3b9690bed,graph,kdtree3d_leafcount,flyby,1,97,97,0.6537920237,0.1249279976,0.7880319953,0.806441,1,0,-1,29815,14908,47,15.66666667,2098,14.07298095,34.34411054,512002,0,512002,29815
v3,d830fc32ff2631e4e1344dc30b3e09c3b9690bed,graph,kdtree3d_leafcount,flyby,1,98,98,0.6524800062,0.1249599978,0.7856000066,0.804554,1,0,-1,28833,14417,46,15.33333333,1987,13.78234029,35.51376847,512002,0,512002,28833
v3,d830fc32ff2631e4e1344dc30b3e09c3b9690bed,graph,kdtree3d_leafcount,flyby,1,99,99,0.6518080235,0.1249279976,0.7852799892,0.804394,1,0,-1,29547,14774,46,15.33333333,2101,14.22092866,34.65561121,512002,0,512002,29547
v3,d830fc32ff2631e4e1344dc30b3e09c3b9690bed,graph,kdtree3d_leafcount,flyby,1,100,100,0.6499519944,0.1208320037,0.779392004,0.79399,1,0,-1,28913,14457,46,15.33333333,2037,14.09006018,35.41550806,512002,0,512002,28913
v3,d830fc32ff2631e4e1344dc30b3e09c3b9690bed,graph,kdtree3d_leafcount,flyby,1,101,101,0.651647985,0.1249279976,0.7867839932,0.799049,1,0,-1,29935,14968,46,15.33333333,2076,13.86958846,34.20644041,512002,0,512002,29935
v3,d830fc32ff2631e4e1344dc30b3e09c3b9690bed,graph,kdtree3d_leafcount,flyby,1,102,102,0.6497600079,0.1249279976,0.784160018,0.796925,1,0,-1,30587,15294,47,15.66666667,2108,13.78318295,33.47731136,512002,0,512002,30587
v3,d830fc32ff2631e4e1344dc30b3e09c3b9690bed,graph,kdtree3d_leafcount,flyby,1,103,103,0.65200001,0.127008006,0.7846400142,0.794309,1,0,-1,30289,15145,47,15.66666667,2091,13.80653681,33.80666887,512002,0,512002,30289
v3,d830fc32ff2631e4e1344dc30b3e09c3b9690bed,graph,kdtree3d_leafcount,flyby,1,104,104,0.6506559849,0.1249279976,0.7829440236,0.797171,1,0,-1,29841,14921,46,15.33333333,2130,14.27518263,34.31418806,512002,0,512002,29841
v3,d830fc32ff2631e4e1344dc30b3e09c3b9690bed,graph,kdtree3d_leafcount,flyby,1,105,105,0.6457920074,0.1228799969,0.7753919959,0.79007,1,0,-1,28853,14427,46,15.33333333,1911,13.24599709,35.48915228,512002,0,512002,28853
v3,d830fc32ff2631e4e1344dc30b3e09c3b9690bed,graph,kdtree3d_leafcount,flyby,1,106,106,0.6518399715,0.1249279976,0.7853760123,0.79721,1,0,-1,29681,14841,46,15.33333333,2035,13.71201402,34.49915774,512002,0,512002,29681
v3,d830fc32ff2631e4e1344dc30b3e09c3b9690bed,graph,kdtree3d_leafcount,flyby,1,107,107,0.6511999965,0.1249279976,0.7839360237,0.802833,1,0,-1,28895,14448,46,15.33333333,1974,13.6627907,35.43756921,512002,0,512002,28895
v3,d830fc32ff2631e4e1344dc30b3e09c3b9690bed,graph,kdtree3d_leafcount,flyby,1,108,108,0.6477119923,0.1249279976,0.7791680098,0.788834,1,0,-1,29903,14952,47,15.66666667,2007,13.42295345,34.24304441,512002,0,512002,29903
v3,d830fc32ff2631e4e1344dc30b3e09c3b9690bed,graph,kdtree3d_leafcount,flyby,1,109,109,0.6551039815,0.127008006,0.7900800109,0.801455,1,0,-1,30915,15458,47,15.66666667,2141,13.85043343,33.1221374,512002,0,512002,30915
v3,d830fc32ff2631e4e1344dc30b3e09c3b9690bed,graph,kdtree3d_leafcount,flyby,1,110,110,0.6535680294,0.1249279976,0.786559999,0.803107,1,0,-1,29707,14854,47,15.66666667,2015,13.5653696,34.46896459,512002,0,512002,29707
v3,d830fc32ff2631e4e1344dc30b3e09c3b9690bed,graph,kdtree3d_leafcount,flyby,1,111,111,0.6495360136,0.1249279976,0.7824640274,0.802403,1,0,-1,29681,14841,46,15.33333333,2022,13.62441884,34.49915774,512002,0,512002,29681
v3,d830fc32ff2631e4e1344dc30b3e09c3b9690bed,graph,kdtree3d_leafcount,flyby,1,112,112,0.6532480121,0.1249279976,0.7867839932,0.80514,1,0,-1,28991,14496,46,15.33333333,1934,13.34161148,35.32022627,512002,0,512002,28991
v3,d830fc32ff2631e4e1344dc30b3e09c3b9690bed,graph,kdtree3d_leafcount,flyby,1,113,113,0.6512960196,0.1249279976,0.784799993,0.803473,1,0,-1,29627,14814,46,15.33333333,2075,14.00702039,34.56203591,512002,0,512002,29627
v3,d830fc32ff2631e4e1344dc30b3e09c3b9690bed,graph,kdtree3d_leafcount,flyby,1,114,114,0.6538879871,0.1249279976,0.7870399952,0.802641,1,0,-1,29099,14550,46,15.33333333,1959,13.46391753,35.18914089,512002,0,512002,29099
v3,d830fc32ff2631e4e1344dc30b3e09c3b9690bed,graph,kdtree3d_leafcount,flyby,1,115,115,0.6488320231,0.1269759983,0.7833600044,0.798235,1,0,-1,31175,15588,47,15.66666667,2190,14.04926867,32.84590711,512002,0,512002,31175
v3,d830fc32ff2631e4e1344dc30b3e09c3b9690bed,graph,kdtree3d_leafcount,flyby,1,116,116,0.6504639983,0.1249279976,0.7835839987,0.80268,1,0,-1,30223,15112,47,15.66666667,2030,13.43303335,33.88049232,512002,0,512002,30223
v3,d830fc32ff2631e4e1344dc30b3e09c3b9690bed,graph,kdtree3d_leafcount,flyby,1,117,117,0.6488000154,0.1249599978,0.7824640274,0.795388,1,0,-1,29013,14507,47,15.66666667,1917,13.21431033,35.29344454,512002,0,512002,29013
v3,d830fc32ff2631e4e1344dc30b3e09c3b9690bed,graph,kdtree3d_leafcount,flyby,1,118,118,0.6548799872,0.1249279976,0.7880960107,0.802422,1,0,-1,29591,14796,46,15.33333333,2000,13.5171668,34.60408218,512002,0,512002,29591
v3,d830fc32ff2631e4e1344dc30b3e09c3b9690bed,graph,kdtree3d_leafcount,flyby,1,119,119,0.6511039734,0.1249599978,0.7836800218,0.796006,1,0,-1,28821,14411,46,15.33333333,1963,13.6215391,35.52855458,512002,0,512002,28821
v3,d830fc32ff2631e4e1344dc30b3e09c3b9690bed,graph,kdtree3d_leafcount,flyby,1,120,120,0.6513599753,0.1249279976,0.7848960161,0.797786,1,0,-1,29823,14912,47,15.66666667,2063,13.83449571,34.33489807,512002,0,512002,29823
v3,d830fc32ff2631e4e1344dc30b3e09c3b9690bed,graph,kdtree3d_leafcount,flyby,1,121,121,0.649248004,0.1290560067,0.7867199779,0.798463,1,0,-1,30943,15472,47,15.66666667,2205,14.25155119,33.09216649,512002,0,512002,30943
v3,d830fc32ff2631e4e1344dc30b3e09c3b9690bed,graph,kdtree3d_leafcount,flyby,1,122,122,0.6515840292,0.1249279976,0.7844799757,0.802818,1,0,-1,29835,14918,47,15.66666667,1934,12.96420432,34.32108862,512002,0,512002,29835
v3,d830fc32ff2631e4e1344dc30b3e09c3b9690bed,graph,kdtree3d_leafcount,flyby,1,123,123,0.6461120248,0.1249279976,0.7799680233,0.794529,1,0,-1,29761,14881,46,15.33333333,2034,13.66843626,34.4064243,512002,0,512002,29761
v3,d830fc32ff2631e4e1344dc30b3e09c3b9690bed,graph,kdtree3d_leafcount,flyby,1,124,124,0.6536319852,0.1228799969,0.7859839797,0.806395,1,0,-1,28717,14359,46,15.33333333,1948,13.56640435,35.65721847,512002,0,512002,28717
v3,d830fc32ff2631e4e1344dc30b3e09c3b9690bed,graph,kdtree3d_leafcount,flyby,1,125,125,0.6477760077,0.1249279976,0.7804480195,0.791308,1,0,-1,29567,14784,46,15.33333333,2011,13.60254329,34.63216991,512002,0,512002,29567
v3,d830fc32ff2631e4e1344dc30b3e09c3b9690bed,graph,kdtree3d_leafcount,flyby,1,126,126,0.6561920047,0.1249279976,0.7893760204,0.802894,1,0,-1,28855,14428,46,15.33333333,1864,12.91932354,35.48669254,512002,0,512002,28855
v3,d830fc32ff2631e4e1344dc30b3e09c3b9690bed,graph,kdtree3d_leafcount,flyby,1,127,127,0.6487360001,0.127008006,0.7834879756,0.802053,1,0,-1,31273,15637,47,15.66666667,2193,14.02442924,32.74298139,512002,0,512002,31273
v3,d830fc32ff2631e4e1344dc30b3e09c3b9690bed,graph,kdtree3d_leafcount,flyby,1,128,128,0.648992002,0.1249279976,0.7818560004,0.793542,1,0,-1,30233,15117,47,15.66666667,2071,13.69980816,33.86928623,512002,0,512002,30233
v3,d830fc32ff2631e4e1344dc30b3e09c3b9690bed,graph,kdtree3d_leafcount,flyby,1,129,129,0.6538559794,0.1249279976,0.7887679935,0.802459,1,0,-1,29007,14504,46,15.33333333,1880,12.96194153,35.30074462,512002,0,512002,29007
v3,d830fc32ff2631e4e1344dc30b3e09c3b9690bed,graph,kdtree3d_leafcount,flyby,1,130,130,0.6490240097,0.1249279976,0.7814080119,0.793436,1,0,-1,29685,14843,46,15.33333333,1983,13.35983292,34.4945092,512002,0,512002,29685
v3,d830fc32ff2631e4e1344dc30b3e09c3b9690bed,graph,kdtree3d_leafcount,flyby,1,131,131,0.6492800117,0.1249599978,0.7819520235,0.793888,1,0,-1,28697,14349,46,15.33333333,1915,13.34587776,35.68206844,512002,0,512002,28697
v3,d830fc32ff2631e4e1344dc30b3e09c3b9690bed,graph,kdtree3d_leafcount,flyby,1,132,132,0.6468480229,0.1249279976,0.7791039944,0.790811,1,0,-1,29847,14924,46,15.33333333,1949,13.05950147,34.30729027,512002,0,512002,29847
v3,d830fc32ff2631e4e1344dc30b3e09c3b9690bed,graph,kdtree3d_leafcount,flyby,1,133,133,0.6538879871,0.127008006,0.7894719839,0.802536,1,0,-1,31079,15540,47,15.66666667,2123,13.66151866,32.94736165,512002,0,512002,31079
v3,d830fc32ff2631e4e1344dc30b3e09c3b9690bed,graph,kdtree3d_leafcount,flyby,1,134,134,0.6533439755,0.1208320037,0.7824640274,0.793869,1,0,-1,29297,14649,46,15.33333333,1890,12.90190457,34.95132774,512002,0,512002,29297
v3,d830fc32ff2631e4e1344dc30b3e09c3b9690bed,graph,kdtree3d_leafcount,flyby,1,135,135,0.649248004,0.1249279976,0.7819520235,0.800833,1,0,-1,29629,14815,46,15.33333333,1947,13.14208572,34.559703,512002,0,512002,29629
v3,d830fc32ff2631e4e1344dc30b3e09c3b9690bed,graph,kdtree3d_leafcount,flyby,1,136,136,0.6510720253,0.1249599978,0.7846080065,0.803147,1,0,-1,28855,14428,46,15.33333333,1908,13.22428611,35.48669254,512002,0,512002,28855
v3,d830fc32ff2631e4e1344dc30b3e09c3b9690bed,graph,kdtree3d_leafcount,flyby,1,137,137,0.6515840292,0.1249279976,0.7852479815,0.80499,1,0,-1,29553,14777,46,15.33333333,2015,13.63605603,34.64857549,512002,0,512002,29553
v3,d830fc32ff2631e4e1344dc30b3e09c3b9690bed,graph,kdtree3d_leafcount,flyby,1,138,138,0.6513280272,0.1269759983,0.7870720029,0.803899,1,0,-1,30577,15289,47,15.66666667,2083,13.62417424,33.48825953,512002,0,512002,30577
v3,d830fc32ff2631e4e1344dc30b3e09c3b9690bed,graph,kdtree3d_leafcount,flyby,1,139,139,0.6528319716,0.1249279976,0.7857919931,0.802398,1,0,-1,29751,14876,47,15.66666667,1969,13.23608497,34.41798871,512002,0,512002,29751
v3,d830fc32ff2631e4e1344dc30b3e09c3b9690bed,graph,kdtree3d_leafcount,flyby,1,140,140,0.6507840157,0.1249279976,0.7828800082,0.800711,1,0,-1,29621,14811,46,15.33333333,2043,13.7938019,34.56903653,512002,0,512002,29621
v3,d830fc32ff2631e4e1344dc30b3e09c3b9690bed,graph,kdtree3d_leafcount,flyby,1,141,141,0.6491199732,0.1228799969,0.7799360156,0.794357,1,0,-1,28747,14374,46,15.33333333,1875,13.0443857,35.62000835,512002,0,512002,28747
v3,d830fc32ff2631e4e1344dc30b3e09c3b9690bed,graph,kdtree3d_leafcount,flyby,1,142,142,0.6530560255,0.1249279976,0.7860479951,0.802419,1,0,-1,29503,14752,46,15.33333333,1995,13.52359002,34.70729393,512002,0,512002,29503
v3,d830fc32ff2631e4e1344dc30b3e09c3b9690bed,graph,kdtree3d_leafcount,flyby,1,143,143,0.6518399715,0.1249279976,0.7851200104,0.803181,1,0,-1,29433,14717,47,15.66666667,1824,12.39383026,34.78983488,512002,0,512002,29433
v3,d830fc32ff2631e4e1344dc30b3e09c3b9690bed,graph,kdtree3d_leafcount,flyby,1,144,144,0.6493120193,0.1249279976,0.7818880081,0.794272,1,0,-1,30535,15268,47,15.66666667,1927,12.62116846,33.53432015,512002,0,512002,30535
v3,d830fc32ff2631e4e1344dc30b3e09c3b9690bed,graph,kdtree3d_leafcount,flyby,1,145,145,0.6490880251,0.1249279976,0.7821760178,0.793551,1,0,-1,29705,14853,46,15.33333333,1994,13.42489733,34.47128526,512002,0,512002,29705
v3,d830fc32ff2631e4e1344dc30b3e09c3b9690bed,graph,kdtree3d_leafcount,flyby,1,146,146,0.6554239988,0.1228799969,0.7859839797,0.802468,1,0,-1,28575,14288,46,15.33333333,1801,12.6049832,35.83440649,512002,0,512002,28575
v3,d830fc32ff2631e4e1344dc30b3e09c3b9690bed,graph,kdtree3d_leafcount,flyby,1,147,147,0.6550719738,0.1249279976,0.788064003,0.801201,1,0,-1,29341,14671,46,15.33333333,1929,13.14838798,34.89891623,512002,0,512002,29341
v3,d830fc32ff2631e4e1344dc30b3e09c3b9690bed,graph,kdtree3d_leafcount,flyby,1,148,148,0.6512640119,0.1249599978,0.7839999795,0.802278,1,0,-1,28817,14409,47,15.66666667,1799,12.48525227,35.53348602,512002,0,512002,28817
v3,d830fc32ff2631e4e1344dc30b3e09c3b9690bed,graph,kdtree3d_leafcount,flyby,1,149,149,0.6509119868,0.1249279976,0.7848640084,0.803557,1,0,-1,30483,15242,47,15.66666667,1964,12.8854481,33.59152342,512002,0,512002,30483
v3,d830fc32ff2631e4e1344dc30b3e09c3b9690bed,graph,kdtree3d_leafcount,flyby,1,150,150,0.6510720253,0.1229119971,0.7818239927,0.793378,1,0,-1,29787,14894,47,15.66666667,2010,13.49536726,34.37639318,512002,0,512002,29787
v3,d830fc32ff2631e4e1344dc30b3e09c3b9690bed,graph,kdtree3d_leafcount,flyby,1,151,151,0.6528639793,0.1228799969,0.7841280103,0.801324,1,0,-1,28619,14310,46,15.33333333,1870,13.06778477,35.77931516,512002,0,512002,28619
v3,d830fc32ff2631e4e1344dc30b3e09c3b9690bed,graph,kdtree3d_leafcount,flyby,1,152,152,0.6505920291,0.1249279976,0.7829120159,0.8195,1,0,-1,29335,14668,46,15.33333333,1926,13.13062449,34.906054,512002,0,512002,29335
v3,d830fc32ff2631e4e1344dc30b3e09c3b9690bed,graph,kdtree3d_leafcount,flyby,1,153,153,0.647135973,0.1228799969,0.7778239846,0.79183,1,0,-1,28771,14386,47,15.66666667,1757,12.21326289,35.59029612,512002,0,512002,28771
v3,d830fc32ff2631e4e1344dc30b3e09c3b9690bed,graph,kdtree3d_leafcount,flyby,1,154,154,0.6486719847,0.1269759983,0.7832000256,0.799421,1,0,-1,30581,15291,47,15.66666667,1861,12.17055784,33.48387941,512002,0,512002,30581
v3,d830fc32ff2631e4e1344dc30b3e09c3b9690bed,graph,kdtree3d_leafcount,flyby,1,155,155,0.6511999965,0.1249279976,0.7848320007,0.803727,1,0,-1,29913,14957,47,15.66666667,1943,12.99057298,34.23159725,512002,0,512002,29913
v3,d830fc32ff2631e4e1344dc30b3e09c3b9690bed,graph,kdtree3d_leafcount,flyby,1,156,156,0.6514880061,0.1249279976,0.7853760123,0.803251,1,0,-1,28715,14358,46,15.33333333,1778,12.3833403,35.65970191,512002,0,512002,28715
v3,d830fc32ff2631e4e1344dc30b3e09c3b9690bed,graph,kdtree3d_leafcount,flyby,1,157,157,0.651647985,0.1249279976,0.7853119969,0.796676,1,0,-1,29409,14705,46,15.33333333,1912,13.00238014,34.81822509,512002,0,512002,29409
v3,d830fc32ff2631e4e1344dc30b3e09c3b9690bed,graph,kdtree3d_leafcount,flyby,1,158,158,0.6537280083,0.1228799969,0.7847040296,0.796313,1,0,-1,28617,14309,46,15.33333333,1721,12.02739535,35.78181564,512002,0,512002,28617
v3,d830fc32ff2631e4e1344dc30b3e09c3b9690bed,graph,kdtree3d_leafcount,flyby,1,159,159,0.6473919749,0.1249279976,0.7804800272,0.792677,1,0,-1,30793,15397,47,15.66666667,1906,12.37903488,33.25336104,512002,0,512002,30793
v3,d830fc32ff2631e4e1344dc30b3e09c3b9690bed,graph,kdtree3d_leafcount,flyby,1,160,160,0.646592021,0.1228799969,0.7773119807,0.789497,1,0,-1,29795,14898,47,15.66666667,1815,12.18284333,34.36716338,512002,0,512002,29795
v3,d830fc32ff2631e4e1344dc30b3e09c3b9690bed,graph,kdtree3d_leafcount,flyby,1,161,161,0.6509439945,0.1249279976,0.7831360102,0.795411,1,0,-1,28529,14265,47,15.66666667,1694,11.87521907,35.89218367,512002,0,512002,28529
v3,d830fc32ff2631e4e1344dc30b3e09c3b9690bed,graph,kdtree3d_leafcount,flyby,1,162,162,0.6492159963,0.1249279976,0.780896008,0.79537,1,0,-1,29233,14617,46,15.33333333,1807,12.36231785,35.02784429,512002,0,512002,29233
v3,d830fc32ff2631e4e1344dc30b3e09c3b9690bed,graph,kdtree3d_leafcount,flyby,1,163,163,0.6517120004,0.1249599978,0.7838079929,0.798909,1,0,-1,28607,14304,47,15.66666667,1645,11.50027964,35.79432327,512002,0,512002,28607
v3,d830fc32ff2631e4e1344dc30b3e09c3b9690bed,graph,kdtree3d_leafcount,flyby,1,164,164,0.6511359811,0.1249279976,0.783904016,0.802321,1,0,-1,30973,15487,47,15.66666667,1964,12.68160393,33.06011494,512002,0,512002,30973
v3,d830fc32ff2631e4e1344dc30b3e09c3b9690bed,graph,kdtree3d_leafcount,flyby,1,165,165,0.6463680267,0.1249279976,0.7781760097,0.789422,1,0,-1,29713,14857,47,15.66666667,1848,12.43858114,34.46200444,512002,0,512002,29713
v3,d830fc32ff2631e4e1344dc30b3e09c3b9690bed,graph,kdtree3d_leafcount,flyby,1,166,166,0.6536960006,0.1228799969,0.7848320007,0.804451,1,0,-1,28423,14212,46,15.33333333,1682,11.83506896,36.02603434,512002,0,512002,28423
v3,d830fc32ff2631e4e1344dc30b3e09c3b9690bed,graph,kdtree3d_leafcount,flyby,1,167,167,0.6542720199,0.1249279976,0.7872639894,0.801948,1,0,-1,29145,14573,46,15.33333333,1755,12.04281891,35.13360324,512002,0,512002,29145
v3,d830fc32ff2631e4e1344dc30b3e09c3b9690bed,graph,kdtree3d_leafcount,flyby,1,168,168,0.6555839777,0.1208320037,0.7848960161,0.804279,1,0,-1,28227,14114,46,15.33333333,1597,11.31500638,36.27617968,512002,0,512002,28227
v3,d830fc32ff2631e4e1344dc30b3e09c3b9690bed,graph,kdtree3d_leafcount,flyby,1,169,169,0.6515840292,0.1249279976,0.7848640084,0.803443,1,0,-1,30547,15274,47,15.66666667,1787,11.69962027,33.52114705,512002,0,512002,30547
v3,d830fc32ff2631e4e1344dc30b3e09c3b9690bed,graph,kdtree3d_leafcount,flyby,1,170,170,0.6510400176,0.1249279976,0.7845439911,0.796242,1,0,-1,29503,14752,47,15.66666667,1828,12.39154013,34.70729393,512002,0,512002,29503
v3,d830fc32ff2631e4e1344dc30b3e09c3b9690bed,graph,kdtree3d_leafcount,flyby,1,171,171,0.655903995,0.1228799969,0.7870720029,0.803775,1,0,-1,28387,14194,46,15.33333333,1689,11.89939411,36.07172045,512002,0,512002,28387
v3,d830fc32ff2631e4e1344dc30b3e09c3b9690bed,graph,kdtree3d_leafcount,flyby,1,172,172,0.6534399986,0.1228799969,0.7839999795,0.802146,1,0,-1,28955,14478,46,15.33333333,1701,11.74886034,35.36413869,512002,0,512002,28955
v3,d830fc32ff2631e4e1344dc30b3e09c3b9690bed,graph,kdtree3d_leafcount,flyby,1,173,173,0.65200001,0.1249599978,0.7857919931,0.805559,1,0,-1,28451,14226,47,15.66666667,1596,11.21889498,35.99058063,512002,0,512002,28451
v3,d830fc32ff2631e4e1344dc30b3e09c3b9690bed,graph,kdtree3d_leafcount,flyby,1,174,174,0.6508799791,0.1228799969,0.7820159793,0.794795,1,0,-1,30443,15222,47,15.66666667,1775,11.66075417,33.63565891,512002,0,512002,30443
v3,d830fc32ff2631e4e1344dc30b3e09c3b9690bed,graph,kdtree3d_leafcount,flyby,1,175,175,0.6509760022,0.1249279976,0.7836800218,0.795886,1,0,-1,29567,14784,46,15.33333333,1814,12.27002165,34.63216991,512002,0,512002,29567
v3,d830fc32ff2631e4e1344dc30b3e09c3b9690bed,graph,kdtree3d_leafcount,flyby,1,176,176,0.6538879871,0.1228799969,0.7853440046,0.797013,1,0,-1,28167,14084,46,15.33333333,1604,11.38881,36.35345072,512002,0,512002,28167
v3,d830fc32ff2631e4e1344dc30b3e09c3b9690bed,graph,kdtree3d_leafcount,flyby,1,177,177,0.6488320231,0.1229119971,0.7806720138,0.794095,1,0,-1,28747,14374,46,15.33333333,1713,11.91735077,35.62000835,512002,0,512002,28747
v3,d830fc32ff2631e4e1344dc30b3e09c3b9690bed,graph,kdtree3d_leafcount,flyby,1,178,178,0.6509439945,0.1249599978,0.7836800218,0.803045,1,0,-1,28633,14317,47,15.66666667,1565,10.93106098,35.76182161,512002,0,512002,28633
v3,d830fc32ff2631e4e1344dc30b3e09c3b9690bed,graph,kdtree3d_leafcount,flyby,1,179,179,0.6534720063,0.1228799969,0.7845439911,0.803309,1,0,-1,30291,15146,47,15.66666667,1842,12.16162683,33.80443682,512002,0,512002,30291
v3,d830fc32ff2631e4e1344dc30b3e09c3b9690bed,graph,kdtree3d_leafcount,flyby,1,180,180,0.6532160044,0.1249279976,0.7865920067,0.80462,1,0,-1,29309,14655,47,15.66666667,1800,12.28249744,34.93701808,512002,0,512002,29309
v3,d830fc32ff2631e4e1344dc30b3e09c3b9690bed,graph,kdtree3d_leafcount,flyby,1,181,181,0.648992002,0.1228799969,0.7798399925,0.791678,1,0,-1,28131,14066,46,15.33333333,1635,11.62377364,36.39997156,512002,0,512002,28131
v3,d830fc32ff2631e4e1344dc30b3e09c3b9690bed,graph,kdtree3d_leafcount,flyby,1,182,182,0.6535680294,0.1249279976,0.786207974,0.802515,1,0,-1,29041,14521,46,15.33333333,1761,12.12726396,35.2594174,512002,0,512002,29041
v3,d830fc32ff2631e4e1344dc30b3e09c3b9690bed,graph,kdtree3d_leafcount,flyby,1,183,183,0.6536639929,0.1249279976,0.7873600125,0.805374,1,0,-1,30145,15073,47,15.66666667,1830,12.14091422,33.96815498,512002,0,512002,30145
v3,d830fc32ff2631e4e1344dc30b3e09c3b9690bed,graph,kdtree3d_leafcount,flyby,1,184,184,0.6573439837,0.1249279976,0.7911679745,0.805497,1,0,-1,29671,14836,47,15.66666667,1781,12.00458345,34.51078458,512002,0,512002,29671
v3,d830fc32ff2631e4e1344dc30b3e09c3b9690bed,graph,kdtree3d_leafcount,flyby,1,185,185,0.6488320231,0.1249279976,0.7828159928,0.795433,1,0,-1,29263,14632,46,15.33333333,1784,12.19245489,34.99193548,512002,0,512002,29263
v3,d830fc32ff2631e4e1344dc30b3e09c3b9690bed,graph,kdtree3d_leafcount,flyby,1,186,186,0.6499519944,0.1208320037,0.7795199752,0.792421,1,0,-1,28021,14011,46,15.33333333,1655,11.8121476,36.54285918,512002,0,512002,28021
v3,d830fc32ff2631e4e1344dc30b3e09c3b9690bed,graph,kdtree3d_leafcount,flyby,1,187,187,0.6514239907,0.1249599978,0.7844160199,0.79565,1,0,-1,29149,14575,47,15.66666667,1768,12.13036021,35.12878216,512002,0,512002,29149
v3,d830fc32ff2631e4e1344dc30b3e09c3b9690bed,graph,kdtree3d_leafcount,flyby,1,188,188,0.6490880251,0.1249279976,0.7815679908,0.80079,1,0,-1,30247,15124,47,15.66666667,1871,12.37106586,33.85361016,512002,0,512002,30247
v3,d830fc32ff2631e4e1344dc30b3e09c3b9690bed,graph,kdtree3d_leafcount,flyby,1,189,189,0.653504014,0.1228799969,0.7843840122,0.802419,1,0,-1,28479,14240,46,15.33333333,1630,11.44662921,35.95519663,512002,0,512002,28479
v3,d830fc32ff2631e4e1344dc30b3e09c3b9690bed,graph,kdtree3d_leafcount,flyby,1,190,190,0.651647985,0.1228799969,0.7816320062,0.800859,1,0,-1,28617,14309,46,15.33333333,1651,11.53819275,35.78181564,512002,0,512002,28617
v3,d830fc32ff2631e4e1344dc30b3e09c3b9690bed,graph,kdtree3d_leafcount,flyby,1,191,191,0.6488320231,0.1228799969,0.7790079713,0.791968,1,0,-1,27689,13845,46,15.33333333,1553,11.21704586,36.98100397,512002,0,512002,27689
v3,d830fc32ff2631e4e1344dc30b3e09c3b9690bed,graph,kdtree3d_leafcount,flyby,1,192,192,0.6523839831,0.1249599978,0.7864959836,0.8051,1,0,-1,29071,14536,47,15.66666667,1669,11.48183819,35.22303247,512002,0,512002,29071
v3,d830fc32ff2631e4e1344dc30b3e09c3b9690bed,graph,kdtree3d_leafcount,flyby,1,193,193,0.6532800198,0.1269759983,0.7891200185,0.805033,1,0,-1,30427,15214,47,15.66666667,1892,12.43591429,33.6533456,512002,0,512002,30427
v3,d830fc32ff2631e4e1344dc30b3e09c3b9690bed,graph,kdtree3d_leafcount,flyby,1,194,194,0.6510400176,0.1228799969,0.7821120024,0.794779,1,0,-1,28325,14163,47,15.66666667,1609,11.36058745,36.15067429,512002,0,512002,28325
v3,d830fc32ff2631e4e1344dc30b3e09c3b9690bed,graph,kdtree3d_leafcount,flyby,1,195,195,0.655008018,0.1228799969,0.7854719758,0.796193,1,0,-1,28787,14394,46,15.33333333,1688,11.72710852,35.57051549,512002,0,512002,28787
v3,d830fc32ff2631e4e1344dc30b3e09c3b9690bed,graph,kdtree3d_leafcount,flyby,1,196,196,0.6495680213,0.1208320037,0.7783039808,0.79041,1,0,-1,28087,14044,46,15.33333333,1613,11.48533181,36.45699231,512002,0,512002,28087
v3,d830fc32ff2631e4e1344dc30b3e09c3b9690bed,graph,kdtree3d_leafcount,flyby,1,197,197,0.6505920291,0.1249279976,0.7834560275,0.802129,1,0,-1,30367,15184,47,15.66666667,1891,12.45389884,33.71983667,512002,0,512002,30367
v3,d830fc32ff2631e4e1344dc30b3e09c3b9690bed,graph,kdtree3d_leafcount,flyby,1,198,198,0.6514559984,0.1208320037,0.7808319926,0.793423,1,0,-1,29517,14759,47,15.66666667,1814,12.29080561,34.69083271,512002,0,512002,29517
v3,d830fc32ff2631e4e1344dc30b3e09c3b9690bed,graph,kdtree3d_leafcount,flyby,1,199,199,0.6539520025,0.1228799969,0.784799993,0.802575,1,0,-1,28055,14028,46,15.33333333,1591,11.34160251,36.49857428,512002,0,512002,28055
v3,d830fc32ff2631e4e1344dc30b3e09c3b9690bed,graph,kdtree3d_leafcount,flyby,1,200,200,0.6487360001,0.1249279976,0.7816320062,0.794092,1,0,-1,28849,14425,46,15.33333333,1748,12.11785095,35.49407279,512002,0,512002,28849
v3,d830fc32ff2631e4e1344dc30b3e09c3b9690bed,graph,kdtree3d_leafcount,flyby,1,201,201,0.6489279866,0.1228799969,0.780543983,0.793645,1,0,-1,28501,14251,46,15.33333333,1593,11.17816294,35.92744369,512002,0,512002,28501
v3,d830fc32ff2631e4e1344dc30b3e09c3b9690bed,graph,kdtree3d_leafcount,flyby,1,202,202,0.6534079909,0.1249279976,0.7868160009,0.803488,1,0,-1,30635,15318,47,15.66666667,1931,12.60608435,33.42485964,512002,0,512002,30635
v3,d830fc32ff2631e4e1344dc30b3e09c3b9690bed,graph,kdtree3d_leafcount,flyby,1,203,203,0.6514239907,0.1228799969,0.7829440236,0.794311,1,0,-1,29169,14585,46,15.33333333,1794,12.30030854,35.10469661,512002,0,512002,29169
v3,d830fc32ff2631e4e1344dc30b3e09c3b9690bed,graph,kdtree3d_leafcount,flyby,1,204,204,0.6466240287,0.1228799969,0.7775040269,0.790758,1,0,-1,27985,13993,46,15.33333333,1651,11.79875652,36.58986636,512002,0,512002,27985
v3,d830fc32ff2631e4e1344dc30b3e09c3b9690bed,graph,kdtree3d_leafcount,flyby,1,205,205,0.6494399905,0.1249279976,0.7827200294,0.794184,1,0,-1,28923,14462,46,15.33333333,1774,12.26662979,35.40326373,512002,0,512002,28923
v3,d830fc32ff2631e4e1344dc30b3e09c3b9690bed,graph,kdtree3d_leafcount,flyby,1,206,206,0.6556800008,0.1228799969,0.7869759798,0.802466,1,0,-1,30225,15113,47,15.66666667,1914,12.6645934,33.87825051,512002,0,512002,30225
v3,d830fc32ff2631e4e1344dc30b3e09c3b9690bed,graph,kdtree3d_leafcount,flyby,1,207,207,0.6493120193,0.1228799969,0.780543983,0.793179,1,0,-1,28877,14439,47,15.66666667,1678,11.62130341,35.45965787,512002,0,512002,28877
v3,d830fc32ff2631e4e1344dc30b3e09c3b9690bed,graph,kdtree3d_leafcount,flyby,1,208,208,0.646879971,0.1228799969,0.777888,0.791128,1,0,-1,29011,14506,47,15.66666667,1747,12.04329243,35.29587757,512002,0,512002,29011
v3,d830fc32ff2631e4e1344dc30b3e09c3b9690bed,graph,kdtree3d_leafcount,flyby,1,209,209,0.6506879926,0.1228799969,0.7817599773,0.794968,1,0,-1,27873,13937,46,15.33333333,1643,11.78876372,36.73688742,512002,0,512002,27873
v3,d830fc32ff2631e4e1344dc30b3e09c3b9690bed,graph,kdtree3d_leafcount,flyby,1,210,210,0.649248004,0.1249279976,0.7829120159,0.795479,1,0,-1,29201,14601,46,15.33333333,1698,11.62934046,35.06622834,512002,0,512002,29201
v3,d830fc32ff2631e4e1344dc30b3e09c3b9690bed,graph,kdtree3d_leafcount,flyby,1,211,211,0.6494399905,0.1249279976,0.783295989,0.794836,1,0,-1,30453,15227,47,15.66666667,1896,12.4515663,33.62461417,512002,0,512002,30453
v3,d830fc32ff2631e4e1344dc30b3e09c3b9690bed,graph,kdtree3d_leafcount,flyby,1,212,212,0.6485120058,0.1208320037,0.7765439749,0.788033,1,0,-1,28417,14209,46,15.33333333,1637,11.52086706,36.03364065,512002,0,512002,28417
v3,d830fc32ff2631e4e1344dc30b3e09c3b9690bed,graph,kdtree3d_leafcount,flyby,1,213,213,0.6510400176,0.1249599978,0.7844480276,0.803495,1,0,-1,28745,14373,47,15.66666667,1690,11.75815766,35.62248661,512002,0,512002,28745
v3,d830fc32ff2631e4e1344dc30b3e09c3b9690bed,graph,kdtree3d_leafcount,flyby,1,214,214,0.6472640038,0.1228479967,0.7781760097,0.795361,1,0,-1,28039,14020,46,15.33333333,1605,11.44793153,36.51940086,512002,0,512002,28039
v3,d830fc32ff2631e4e1344dc30b3e09c3b9690bed,graph,kdtree3d_leafcount,flyby,1,215,215,0.6517440081,0.1249279976,0.7826240063,0.796523,1,0,-1,30631,15316,47,15.66666667,1890,12.34003656,33.42922434,512002,0,512002,30631
v3,d830fc32ff2631e4e1344dc30b3e09c3b9690bed,graph,kdtree3d_leafcount,flyby,1,216,216,0.6520959735,0.1249279976,0.7833920121,0.795337,1,0,-1,29463,14732,46,15.33333333,1822,12.36763508,34.75441216,512002,0,512002,29463
v3,d830fc32ff2631e4e1344dc30b3e09c3b9690bed,graph,kdtree3d_leafcount,flyby,1,217,217,0.6506559849,0.1228799969,0.7818880081,0.792839,1,0,-1,28125,14063,47,15.66666667,1639,11.65469672,36.40773661,512002,0,512002,28125
v3,d830fc32ff2631e4e1344dc30b3e09c3b9690bed,graph,kdtree3d_leafcount,flyby,1,218,218,0.6536319852,0.1228799969,0.784160018,0.801339,1,0,-1,28875,14438,46,15.33333333,1724,11.94071201,35.46211387,512002,0,512002,28875
v3,d830fc32ff2631e4e1344dc30b3e09c3b9690bed,graph,kdtree3d_leafcount,flyby,1,219,219,0.6521599889,0.1249279976,0.7851840258,0.799846,1,0,-1,29351,14676,47,15.66666667,1656,11.28372854,34.88702644,512002,0,512002,29351
v3,d830fc32ff2631e4e1344dc30b3e09c3b9690bed,graph,kdtree3d_leafcount,flyby,1,220,220,0.6486080289,0.1228799969,0.7787520289,0.789351,1,0,-1,29835,14918,47,15.66666667,1855,12.43464271,34.32108862,512002,0,512002,29835
v3,d830fc32ff2631e4e1344dc30b3e09c3b9690bed,graph,kdtree3d_leafcount,flyby,1,221,221,0.6529600024,0.1249279976,0.786303997,0.80245,1,0,-1,29225,14613,47,15.66666667,1809,12.37938822,35.03743242,512002,0,512002,29225
v3,d830fc32ff2631e4e1344dc30b3e09c3b9690bed,graph,kdtree3d_leafcount,flyby,1,222,222,0.641824007,0.1208320037,0.7716799974,0.784779,1,0,-1,27923,13962,46,15.33333333,1634,11.70319438,36.67110729,512002,0,512002,27923
v3,d830fc32ff2631e4e1344dc30b3e09c3b9690bed,graph,kdtree3d_leafcount,flyby,1,223,223,0.6550719738,0.1229119971,0.7866880298,0.804017,1,0,-1,28869,14435,46,15.33333333,1744,12.08174576,35.46948389,512002,0,512002,28869
v3,d830fc32ff2631e4e1344dc30b3e09c3b9690bed,graph,kdtree3d_leafcount,flyby,1,224,224,0.6534399986,0.1249279976,0.786303997,0.801386,1,0,-1,30231,15116,47,15.66666667,1912,12.6488489,33.87152686,512002,0,512002,30231
v3,d830fc32ff2631e4e1344dc30b3e09c3b9690bed,graph,kdtree3d_leafcount,flyby,1,225,225,0.6516159773,0.1228799969,0.7828480005,0.795802,1,0,-1,28453,14227,46,15.33333333,1649,11.59063752,35.98805089,512002,0,512002,28453
v3,d830fc32ff2631e4e1344dc30b3e09c3b9690bed,graph,kdtree3d_leafcount,flyby,1,226,226,0.649887979,0.1249279976,0.7829440236,0.797543,1,0,-1,28553,14277,47,15.66666667,1646,11.52903271,35.86201583,512002,0,512002,28553
v3,d830fc32ff2631e4e1344dc30b3e09c3b9690bed,graph,kdtree3d_leafcount,flyby,1,227,227,0.6473600268,0.1228799969,0.7783039808,0.789459,1,0,-1,27705,13853,46,15.33333333,1533,11.06619505,36.95964773,512002,0,512002,27705
v3,d830fc32ff2631e4e1344dc30b3e09c3b9690bed,graph,kdtree3d_leafcount,flyby,1,228,228,0.6528639793,0.1249279976,0.7853760123,0.801405,1,0,-1,30451,15226,47,15.66666667,1853,12.16997242,33.62682254,512002,0,512002,30451
v3,d830fc32ff2631e4e1344dc30b3e09c3b9690bed,graph,kdtree3d_leafcount,flyby,1,229,229,0.6475200057,0.1228799969,0.7771199942,0.78728,1,0,-1,29221,14611,47,15.66666667,1717,11.75142016,35.04222846,512002,0,512002,29221
v3,d830fc32ff2631e4e1344dc30b3e09c3b9690bed,graph,kdtree3d_leafcount,flyby,1,230,230,0.654399991,0.1228799969,0.7839360237,0.796455,1,0,-1,28007,14004,47,15.66666667,1541,11.00399886,36.56112539,512002,0,512002,28007
v3,d830fc32ff2631e4e1344dc30b3e09c3b9690bed,graph,kdtree3d_leafcount,flyby,1,231,231,0.6530560255,0.1228799969,0.7842879891,0.79714,1,0,-1,28647,14324,46,15.33333333,1718,11.99385646,35.74434515,512002,0,512002,28647
v3,d830fc32ff2631e4e1344dc30b3e09c3b9690bed,graph,kdtree3d_leafcount,flyby,1,232,232,0.6514880061,0.1249599978,0.7846400142,0.804367,1,0,-1,29677,14839,47,15.66666667,1753,11.81346452,34.50380753,512002,0,512002,29677
v3,d830fc32ff2631e4e1344dc30b3e09c3b9690bed,graph,kdtree3d_leafcount,flyby,1,233,233,0.6495040059,0.1249279976,0.7823680043,0.794015,1,0,-1,29539,14770,47,15.66666667,1754,11.87542316,34.66499661,512002,0,512002,29539
v3,d830fc32ff2631e4e1344dc30b3e09c3b9690bed,graph,kdtree3d_leafcount,flyby,1,234,234,0.6515840292,0.1249279976,0.7846400142,0.803663,1,0,-1,29003,14502,47,15.66666667,1660,11.44669701,35.30561302,512002,0,512002,29003
v3,d830fc32ff2631e4e1344dc30b3e09c3b9690bed,graph,kdtree3d_leafcount,flyby,1,235,235,0.6527360082,0.1249599978,0.7882559896,0.802593,1,0,-1,27881,13941,46,15.33333333,1541,11.05372642,36.72634675,512002,0,512002,27881
v3,d830fc32ff2631e4e1344dc30b3e09c3b9690bed,graph,kdtree3d_leafcount,flyby,1,236,236,0.6498559713,0.1249279976,0.7817599773,0.798158,1,0,-1,29119,14560,47,15.66666667,1674,11.49725275,35.16497253,512002,0,512002,29119
v3,d830fc32ff2631e4e1344dc30b3e09c3b9690bed,graph,kdtree3d_leafcount,flyby,1,237,237,0.6513280272,0.127008006,0.7853760123,0.797833,1,0,-1,30483,15242,47,15.66666667,1837,12.05222412,33.59152342,512002,0,512002,30483
v3,d830fc32ff2631e4e1344dc30b3e09c3b9690bed,graph,kdtree3d_leafcount,flyby,1,238,238,0.649600029,0.1208320037,0.7777919769,0.789497,1,0,-1,28321,14161,47,15.66666667,1564,11.04441777,36.15577996,512002,0,512002,28321
v3,d830fc32ff2631e4e1344dc30b3e09c3b9690bed,graph,kdtree3d_leafcount,flyby,1,239,239,0.6557120085,0.1249279976,0.7894399762,0.803847,1,0,-1,28695,14348,46,15.33333333,1635,11.39531642,35.68455534,512002,0,512002,28695
v3,d830fc32ff2631e4e1344dc30b3e09c3b9690bed,graph,kdtree3d_leafcount,flyby,1,240,240,0.6515520215,0.1228799969,0.7833279967,0.79589,1,0,-1,28085,14043,47,15.66666667,1525,10.85950296,36.45958841,512002,0,512002,28085
v3,d830fc32ff2631e4e1344dc30b3e09c3b9690bed,graph,kdtree3d_leafcount,flyby,1,241,241,0.6497600079,0.1249279976,0.7832319736,0.795005,1,0,-1,30373,15187,47,15.66666667,1772,11.66787384,33.71317574,512002,0,512002,30373
v3,d830fc32ff2631e4e1344dc30b3e09c3b9690bed,graph,kdtree3d_leafcount,flyby,1,242,242,0.6549760103,0.1249279976,0.787808001,0.806977,1,0,-1,28983,14492,47,15.66666667,1620,11.17858129,35.32997516,512002,0,512002,28983
v3,d830fc32ff2631e4e1344dc30b3e09c3b9690bed,graph,kdtree3d_leafcount,flyby,1,243,243,0.6500800252,0.1228799969,0.7810239792,0.793807,1,0,-1,27941,13971,46,15.33333333,1512,10.82241787,36.64748407,512002,0,512002,27941
v3,d830fc32ff2631e4e1344dc30b3e09c3b9690bed,graph,kdtree3d_leafcount,flyby,1,244,244,0.6551039815,0.1249599978,0.7881600261,0.804778,1,0,-1,28793,14397,46,15.33333333,1688,11.72466486,35.56310342,512002,0,512002,28793
v3,d830fc32ff2631e4e1344dc30b3e09c3b9690bed,graph,kdtree3d_leafcount,flyby,1,245,245,0.653151989,0.1228799969,0.7834560275,0.801432,1,0,-1,30201,15101,47,15.66666667,1817,12.03231574,33.90517184,512002,0,512002,30201
v3,d830fc32ff2631e4e1344dc30b3e09c3b9690bed,graph,kdtree3d_leafcount,flyby,1,246,246,0.6528319716,0.1249279976,0.7851840258,0.80243,1,0,-1,28779,14390,46,15.33333333,1597,11.09798471,35.58040306,512002,0,512002,28779
v3,d830fc32ff2631e4e1344dc30b3e09c3b9690bed,graph,kdtree3d_leafcount,flyby,1,247,247,0.6516799927,0.1249279976,0.7849280238,0.798271,1,0,-1,28727,14364,46,15.33333333,1606,11.1807296,35.64480646,512002,0,512002,28727
v3,d830fc32ff2631e4e1344dc30b3e09c3b9690bed,graph,kdtree3d_leafcount,flyby,1,248,248,0.6499519944,0.1228799969,0.7814720273,0.794146,1,0,-1,27889,13945,46,15.33333333,1580,11.33022589,36.71581212,512002,0,512002,27889
v3,d830fc32ff2631e4e1344dc30b3e09c3b9690bed,graph,kdtree3d_leafcount,flyby,1,249,249,0.6512640119,0.1249279976,0.7843520045,0.803147,1,0,-1,30249,15125,47,15.66666667,1853,12.25123967,33.8513719,512002,0,512002,30249
v3,d830fc32ff2631e4e1344dc30b3e09c3b9690bed,graph,kdtree3d_leafcount,flyby,1,250,250,0.6597759724,0.1249279976,0.7928959727,0.805968,1,0,-1,29395,14698,47,15.66666667,1771,12.0492584,34.83480746,512002,0,512002,29395
v3,d830fc32ff2631e4e1344dc30b3e09c3b9690bed,graph,kdtree3d_leafcount,flyby,1,251,251,0.6552320123,0.1228799969,0.7861440182,0.801792,1,0,-1,28023,14012,47,15.66666667,1544,11.01912646,36.54025121,512002,0,512002,28023
v3,d830fc32ff2631e4e1344dc30b3e09c3b9690bed,graph,kdtree3d_leafcount,flyby,1,252,252,0.6513280272,0.1249279976,0.7841920257,0.801607,1,0,-1,28629,14315,46,15.33333333,1679,11.72895564,35.76681802,512002,0,512002,28629
v3,d830fc32ff2631e4e1344dc30b3e09c3b9690bed,graph,kdtree3d_leafcount,flyby,1,253,253,0.6509119868,0.1249599978,0.7844799757,0.802913,1,0,-1,29423,14712,47,15.66666667,1748,11.88145731,34.80165851,512002,0,512002,29423
v3,d830fc32ff2631e4e1344dc30b3e09c3b9690bed,graph,kdtree3d_leafcount,flyby,1,254,254,0.6517440081,0.1249279976,0.7853760123,0.803577,1,0,-1,29403,14702,47,15.66666667,1749,11.89634063,34.82532989,512002,0,512002,29403
v3,d830fc32ff2631e4e1344dc30b3e09c3b9690bed,graph,kdtree3d_leafcount,flyby,1,255,255,0.6576319933,0.1249599978,0.7906559706,0.805325,1,0,-1,28961,14481,47,15.66666667,1688,11.65665355,35.35681237,512002,0,512002,28961
v3,d830fc32ff2631e4e1344dc30b3e09c3b9690bed,graph,kdtree3d_leafcount,flyby,1,256,256,0.6534079909,0.1249279976,0.7862399817,0.803176,1,0,-1,27809,13905,46,15.33333333,1571,11.29809421,36.82143114,512002,0,512002,27809
v3,d830fc32ff2631e4e1344dc30b3e09c3b9690bed,graph,kdtree3d_leafcount,flyby,1,257,257,0.6539199948,0.1249279976,0.7867199779,0.798373,1,0,-1,29417,14709,47,15.66666667,1675,11.38758583,34.80875654,512002,0,512002,29417
v3,d830fc32ff2631e4e1344dc30b3e09c3b9690bed,graph,kdtree3d_leafcount,flyby,1,258,258,0.6510080099,0.1249279976,0.7839360237,0.794998,1,0,-1,30409,15205,47,15.66666667,1923,12.64715554,33.67326537,512002,0,512002,30409
v3,d830fc32ff2631e4e1344dc30b3e09c3b9690bed,graph,kdtree3d_leafcount,flyby,1,259,259,0.656159997,0.1228799969,0.787711978,0.803516,1,0,-1,28169,14085,46,15.33333333,1619,11.49449769,36.35086972,512002,0,512002,28169
v3,d830fc32ff2631e4e1344dc30b3e09c3b9690bed,graph,kdtree3d_leafcount,flyby,1,260,260,0.6503360271,0.1228799969,0.7809919715,0.793109,1,0,-1,28609,14305,46,15.33333333,1688,11.80006991,35.79182104,512002,0,512002,28609
v3,d830fc32ff2631e4e1344dc30b3e09c3b9690bed,graph,kdtree3d_leafcount,flyby,1,261,261,0.6509439945,0.1228799969,0.7823359966,0.794428,1,0,-1,28341,14171,46,15.33333333,1529,10.78964082,36.13026604,512002,0,512002,28341
v3,d830fc32ff2631e4e1344dc30b3e09c3b9690bed,graph,kdtree3d_leafcount,flyby,1,262,262,0.6513599753,0.1249279976,0.7844799757,0.802494,1,0,-1,30259,15130,47,15.66666667,1808,11.94976867,33.84018506,512002,0,512002,30259
v3,d830fc32ff2631e4e1344dc30b3e09c3b9690bed,graph,kdtree3d_leafcount,flyby,1,263,263,0.6556800008,0.1249599978,0.7869439721,0.797918,1,0,-1,28891,14446,47,15.66666667,1659,11.48414786,35.44247543,512002,0,512002,28891
v3,d830fc32ff2631e4e1344dc30b3e09c3b9690bed,graph,kdtree3d_leafcount,flyby,1,264,264,0.6511999965,0.1208320037,0.7802559733,0.791679,1,0,-1,27645,13823,46,15.33333333,1536,11.11191492,37.0398611,512002,0,512002,27645
v3,d830fc32ff2631e4e1344dc30b3e09c3b9690bed,graph,kdtree3d_leafcount,flyby,1,265,265,0.6511679888,0.1249279976,0.7849599719,0.79705,1,0,-1,28827,14414,46,15.33333333,1614,11.19744693,35.52115998,512002,0,512002,28827
v3,d830fc32ff2631e4e1344dc30b3e09c3b9690bed,graph,kdtree3d_leafcount,flyby,1,266,266,0.6520959735,0.1249279976,0.7861760259,0.80392,1,0,-1,30105,15053,47,15.66666667,1782,11.83817179,34.01328639,512002,0,512002,30105
v3,d830fc32ff2631e4e1344dc30b3e09c3b9690bed,graph,kdtree3d_leafcount,flyby,1,267,267,0.6514880061,0.1228799969,0.7830399871,0.795667,1,0,-1,28077,14039,46,15.33333333,1530,10.89821212,36.46997649,512002,0,512002,28077
v3,d830fc32ff2631e4e1344dc30b3e09c3b9690bed,graph,kdtree3d_leafcount,flyby,1,268,268,0.6517760158,0.1249599978,0.7854400277,0.798615,1,0,-1,28499,14250,46,15.33333333,1641,11.51578947,35.92996491,512002,0,512002,28499
v3,d830fc32ff2631e4e1344dc30b3e09c3b9690bed,graph,kdtree3d_leafcount,flyby,1,269,269,0.6511359811,0.1228799969,0.7818239927,0.793335,1,0,-1,27987,13994,46,15.33333333,1480,10.57596113,36.58725168,512002,0,512002,27987
v3,d830fc32ff2631e4e1344dc30b3e09c3b9690bed,graph,kdtree3d_leafcount,flyby,1,270,270,0.6479359865,0.1249279976,0.7807679772,0.799114,1,0,-1,30257,15129,47,15.66666667,1841,12.16868266,33.84242184,512002,0,512002,30257
v3,d830fc32ff2631e4e1344dc30b3e09c3b9690bed,graph,kdtree3d_leafcount,flyby,1,271,271,0.652895987,0.1249279976,0.7853440046,0.800987,1,0,-1,28733,14367,47,15.66666667,1704,11.86051368,35.6373634,512002,0,512002,28733
v3,d830fc32ff2631e4e1344dc30b3e09c3b9690bed,graph,kdtree3d_leafcount,flyby,1,272,272,0.6512960196,0.1228799969,0.781791985,0.798618,1,0,-1,27683,13842,46,15.33333333,1567,11.32061841,36.98901893,512002,0,512002,27683
v3,d830fc32ff2631e4e1344dc30b3e09c3b9690bed,graph,kdtree3d_leafcount,flyby,1,273,273,0.6473600268,0.1228799969,0.7766720057,0.787578,1,0,-1,28955,14478,46,15.33333333,1739,12.01132753,35.36413869,512002,0,512002,28955
v3,d830fc32ff2631e4e1344dc30b3e09c3b9690bed,graph,kdtree3d_leafcount,flyby,1,274,274,0.6530879736,0.1249279976,0.7857599854,0.802161,1,0,-1,30463,15232,47,15.66666667,1855,12.17830882,33.61357668,512002,0,512002,30463
v3,d830fc32ff2631e4e1344dc30b3e09c3b9690bed,graph,kdtree3d_leafcount,flyby,1,275,275,0.6537280083,0.1228799969,0.7846400142,0.802128,1,0,-1,28297,14149,46,15.33333333,1567,11.07498763,36.18644427,512002,0,512002,28297
v3,d830fc32ff2631e4e1344dc30b3e09c3b9690bed,graph,kdtree3d_leafcount,flyby,1,276,276,0.6530240178,0.1228799969,0.7834879756,0.801194,1,0,-1,28735,14368,46,15.33333333,1634,11.37249443,35.63488307,512002,0,512002,28735
v3,d830fc32ff2631e4e1344dc30b3e09c3b9690bed,graph,kdtree3d_leafcount,flyby,1,277,277,0.6513280272,0.1208320037,0.7785279751,0.7958,1,0,-1,28211,14106,46,15.33333333,1493,10.58414859,36.29675315,512002,0,512002,28211
v3,d830fc32ff2631e4e1344dc30b3e09c3b9690bed,graph,kdtree3d_leafcount,flyby,1,278,278,0.6477119923,0.1249279976,0.7786880136,0.794696,1,0,-1,30329,15165,47,15.66666667,1763,11.62545335,33.76208375,512002,0,512002,30329
v3,d830fc32ff2631e4e1344dc30b3e09c3b9690bed,graph,kdtree3d_leafcount,flyby,1,279,279,0.6529279947,0.1228799969,0.7828480005,0.799628,1,0,-1,28857,14429,46,15.33333333,1649,11.42837341,35.48423314,512002,0,512002,28857
v3,d830fc32ff2631e4e1344dc30b3e09c3b9690bed,graph,kdtree3d_leafcount,flyby,1,280,280,0.649887979,0.1228799969,0.7796159983,0.797507,1,0,-1,27781,13891,47,15.66666667,1510,10.87034771,36.8585415,512002,0,512002,27781
v3,d830fc32ff2631e4e1344dc30b3e09c3b9690bed,graph,kdtree3d_leafcount,flyby,1,281,281,0.6544640064,0.1228799969,0.785055995,0.801161,1,0,-1,28913,14457,47,15.66666667,1637,11.32323442,35.41550806,512002,0,512002,28913
v3,d830fc32ff2631e4e1344dc30b3e09c3b9690bed,graph,kdtree3d_leafcount,flyby,1,282,282,0.6498559713,0.1228799969,0.7809280157,0.793052,1,0,-1,30179,15090,47,15.66666667,1748,11.58383035,33.92988734,512002,0,512002,30179
v3,d830fc32ff2631e4e1344dc30b3e09c3b9690bed,graph,kdtree3d_leafcount,flyby,1,283,283,0.6552000046,0.1228799969,0.786303997,0.802626,1,0,-1,28063,14032,46,15.33333333,1488,10.60433295,36.4881699,512002,0,512002,28063
v3,d830fc32ff2631e4e1344dc30b3e09c3b9690bed,graph,kdtree3d_leafcount,flyby,1,284,284,0.6516159773,0.1228799969,0.7831040025,0.802444,1,0,-1,28545,14273,46,15.33333333,1582,11.08386464,35.87206614,512002,0,512002,28545
v3,d830fc32ff2631e4e1344dc30b3e09c3b9690bed,graph,kdtree3d_leafcount,flyby,1,285,285,0.6541119814,0.1228799969,0.786912024,0.801359,1,0,-1,27897,13949,47,15.66666667,1474,10.56706574,36.70528353,512002,0,512002,27897
v3,d830fc32ff2631e4e1344dc30b3e09c3b9690bed,graph,kdtree3d_leafcount,flyby,1,286,286,0.647487998,0.1249279976,0.7790719867,0.795498,1,0,-1,30239,15120,47,15.66666667,1787,11.81878307,33.86256614,512002,0,512002,30239
v3,d830fc32ff2631e4e1344dc30b3e09c3b9690bed,graph,kdtree3d_leafcount,flyby,1,287,287,0.6547200084,0.1249279976,0.7876480222,0.80484,1,0,-1,29061,14531,47,15.66666667,1682,11.57525291,35.23515243,512002,0,512002,29061
v3,d830fc32ff2631e4e1344dc30b3e09c3b9690bed,graph,kdtree3d_leafcount,flyby,1,288,288,0.6487680078,0.1228799969,0.7784640193,0.795136,1,0,-1,27807,13904,46,15.33333333,1543,11.09752589,36.8240794,512002,0,512002,27807
v3,d830fc32ff2631e4e1344dc30b3e09c3b9690bed,graph,kdtree3d_leafcount,flyby,1,289,289,0.6535999775,0.1229119971,0.78540802,0.803947,1,0,-1,28875,14438,46,15.33333333,1640,11.35891398,35.46211387,512002,0,512002,28875
v3,d830fc32ff2631e4e1344dc30b3e09c3b9690bed,graph,kdtree3d_leafcount,flyby,1,290,290,0.6540160179,0.1249279976,0.7866240144,0.796993,1,0,-1,30273,15137,47,15.66666667,1794,11.85175398,33.82453591,512002,0,512002,30273
v3,d830fc32ff2631e4e1344dc30b3e09c3b9690bed,graph,kdtree3d_leafcount,flyby,1,291,291,0.6512320042,0.1228799969,0.7825279832,0.794956,1,0,-1,28175,14088,47,15.66666667,1502,10.66155593,36.3431289,512002,0,512002,28175
v3,d830fc32ff2631e4e1344dc30b3e09c3b9690bed,graph,kdtree3d_leafcount,flyby,1,292,292,0.6543359756,0.1249599978,0.7868160009,0.800872,1,0,-1,28581,14291,46,15.33333333,1594,11.15387307,35.82688405,512002,0,512002,28581
v3,d830fc32ff2631e4e1344dc30b3e09c3b9690bed,graph,kdtree3d_leafcount,flyby,1,293,293,0.6528000236,0.1228799969,0.7839360237,0.802536,1,0,-1,28091,14046,47,15.66666667,1464,10.4228962,36.45180122,512002,0,512002,28091
v3,d830fc32ff2631e4e1344dc30b3e09c3b9690bed,graph,kdtree3d_leafcount,flyby,1,294,294,0.6548479795,0.1249279976,0.7874879837,0.800382,1,0,-1,30187,15094,47,15.66666667,1712,11.3422552,33.92089572,512002,0,512002,30187
v3,d830fc32ff2631e4e1344dc30b3e09c3b9690bed,graph,kdtree3d_leafcount,flyby,1,295,295,0.6533759832,0.1249279976,0.7856960297,0.801173,1,0,-1,29053,14527,47,15.66666667,1693,11.65416122,35.24485441,512002,0,512002,29053
v3,d830fc32ff2631e4e1344dc30b3e09c3b9690bed,graph,kdtree3d_leafcount,flyby,1,296,296,0.6528319716,0.1228799969,0.784160018,0.803458,1,0,-1,27811,13906,46,15.33333333,1582,11.37638429,36.81878326,512002,0,512002,27811
v3,d830fc32ff2631e4e1344dc30b3e09c3b9690bed,graph,kdtree3d_leafcount,flyby,1,297,297,0.6506559849,0.1249279976,0.7831360102,0.793844,1,0,-1,28775,14388,47,15.66666667,1650,11.46788991,35.5853489,512002,0,512002,28775
v3,d830fc32ff2631e4e1344dc30b3e09c3b9690bed,graph,kdtree3d_leafcount,flyby,1,298,298,0.6552000046,0.1249279976,0.7888960242,0.804061,1,0,-1,30253,15127,47,15.66666667,1801,11.90586369,33.84689628,512002,0,512002,30253
v3,d830fc32ff2631e4e1344dc30b3e09c3b9690bed,graph,kdtree3d_leafcount,flyby,1,299,299,0.6540480256,0.1228799969,0.786303997,0.79875,1,0,-1,28129,14065,47,15.66666667,1506,10.70742979,36.40255954,512002,0,512002,28129
v3,d830fc32ff2631e4e1344dc30b3e09c3b9690bed,graph,kdtree3d_leafcount,flyby,1,300,300,0.6481599808,0.1228799969,0.7799999714,0.794136,1,0,-1,28673,14337,46,15.33333333,1624,11.32733487,35.71193416,512002,0,512002,28673
v3,d830fc32ff2631e4e1344dc30b3e09c3b9690bed,graph,kdtree3d_leafcount,flyby,1,301,301,0.6495360136,0.1228799969,0.7805759907,0.792168,1,0,-1,28401,14201,47,15.66666667,1478,10.40771777,36.05393986,512002,0,512002,28401
v3,d830fc32ff2631e4e1344dc30b3e09c3b9690bed,graph,kdtree3d_leafcount,flyby,1,302,302,0.6541439891,0.1249279976,0.7878400087,0.805116,1,0,-1,30121,15061,47,15.66666667,1811,12.02443397,33.99521944,512002,0,512002,30121
v3,d830fc32ff2631e4e1344dc30b3e09c3b9690bed,graph,kdtree3d_leafcount,flyby,1,303,303,0.6545600295,0.1249279976,0.7876799703,0.80353,1,0,-1,28963,14482,47,15.66666667,1651,11.40035907,35.35437094,512002,0,512002,28963
v3,d830fc32ff2631e4e1344dc30b3e09c3b9690bed,graph,kdtree3d_leafcount,flyby,1,304,304,0.6554880142,0.1208320037,0.7847359776,0.796658,1,0,-1,27823,13912,46,15.33333333,1569,11.27803335,36.80290397,512002,0,512002,27823
v3,d830fc32ff2631e4e1344dc30b3e09c3b9690bed,graph,kdtree3d_leafcount,flyby,1,305,305,0.6533759832,0.1249279976,0.7867519855,0.804617,1,0,-1,29151,14576,47,15.66666667,1646,11.29253568,35.12637212,512002,0,512002,29151
v3,d830fc32ff2631e4e1344dc30b3e09c3b9690bed,graph,kdtree3d_leafcount,flyby,1,306,306,0.651391983,0.1249279976,0.7844799757,0.801524,1,0,-1,30283,15142,47,15.66666667,1874,12.37617224,33.81336679,512002,0,512002,30283
v3,d830fc32ff2631e4e1344dc30b3e09c3b9690bed,graph,kdtree3d_leafcount,flyby,1,307,307,0.6545919776,0.1228799969,0.7853760123,0.803774,1,0,-1,28145,14073,47,15.66666667,1572,11.17032616,36.38186598,512002,0,512002,28145
v3,d830fc32ff2631e4e1344dc30b3e09c3b9690bed,graph,kdtree3d_leafcount,flyby,1,308,308,0.6539199948,0.1228799969,0.7848320007,0.801793,1,0,-1,28547,14274,46,15.33333333,1673,11.7206109,35.86955303,512002,0,512002,28547
v3,d830fc32ff2631e4e1344dc30b3e09c3b9690bed,graph,kdtree3d_leafcount,flyby,1,309,309,0.6518080235,0.1228799969,0.7815359831,0.796189,1,0,-1,29439,14720,47,15.66666667,1704,11.57608696,34.78274457,512002,0,512002,29439
v3,d830fc32ff2631e4e1344dc30b3e09c3b9690bed,graph,kdtree3d_leafcount,flyby,1,310,310,0.6527040005,0.1249279976,0.786303997,0.80397,1,0,-1,29595,14798,47,15.66666667,1742,11.77186106,34.59940533,512002,0,512002,29595
v3,d830fc32ff2631e4e1344dc30b3e09c3b9690bed,graph,kdtree3d_leafcount,flyby,1,311,311,0.6456000209,0.1249599978,0.7792000175,0.793038,1,0,-1,28931,14466,46,15.33333333,1670,11.5443108,35.39347435,512002,0,512002,28931
v3,d830fc32ff2631e4e1344dc30b3e09c3b9690bed,graph,kdtree3d_leafcount,flyby,1,312,312,0.6542720199,0.1208320037,0.783295989,0.796498,1,0,-1,27887,13944,46,15.33333333,1562,11.20195066,36.71844521,512002,0,512002,27887
v3,d830fc32ff2631e4e1344dc30b3e09c3b9690bed,graph,kdtree3d_leafcount,flyby,1,313,313,0.6515840292,0.1249279976,0.7845119834,0.802551,1,0,-1,30133,15067,47,15.66666667,1754,11.64133537,33.98168182,512002,0,512002,30133
v3,d830fc32ff2631e4e1344dc30b3e09c3b9690bed,graph,kdtree3d_leafcount,flyby,1,314,314,0.655008018,0.1228799969,0.7854719758,0.8028,1,0,-1,29407,14704,47,15.66666667,1703,11.58188248,34.82059304,512002,0,512002,29407
v3,d830fc32ff2631e4e1344dc30b3e09c3b9690bed,graph,kdtree3d_leafcount,flyby,1,315,315,0.6546239853,0.1228799969,0.7858240008,0.805097,1,0,-1,28075,14038,46,15.33333333,1549,11.03433538,36.47257444,512002,0,512002,28075
v3,d830fc32ff2631e4e1344dc30b3e09c3b9690bed,graph,kdtree3d_leafcount,flyby,1,316,316,0.6576960087,0.1228799969,0.7884479761,0.800859,1,0,-1,28601,14301,46,15.33333333,1681,11.75442277,35.80183204,512002,0,512002,28601
v3,d830fc32ff2631e4e1344dc30b3e09c3b9690bed,graph,kdtree3d_leafcount,flyby,1,317,317,0.6541119814,0.1249279976,0.786559999,0.802129,1,0,-1,30039,15020,47,15.66666667,1752,11.6644474,34.08801598,512002,0,512002,30039
v3,d830fc32ff2631e4e1344dc30b3e09c3b9690bed,graph,kdtree3d_leafcount,flyby,1,318,318,0.6508799791,0.1229119971,0.7799040079,0.796086,1,0,-1,28439,14220,47,15.66666667,1462,10.28129395,36.00576653,512002,0,512002,28439
v3,d830fc32ff2631e4e1344dc30b3e09c3b9690bed,graph,kdtree3d_leafcount,flyby,1,319,319,0.6518080235,0.1228799969,0.7807999849,0.795417,1,0,-1,28597,14299,46,15.33333333,1503,10.51122456,35.80683964,512002,0,512002,28597
v3,d830fc32ff2631e4e1344dc30b3e09c3b9690bed,graph,kdtree3d_leafcount,flyby,1,320,320,0.6513280272,0.1228799969,0.7825279832,0.795455,1,0,-1,27819,13910,47,15.66666667,1482,10.65420561,36.80819554,512002,0,512002,27819
v3,d830fc32ff2631e4e1344dc30b3e09c3b9690bed,graph,kdtree3d_leafcount,flyby,1,321,321,0.6523519754,0.1249279976,0.7856960297,0.802086,1,0,-1,30287,15144,47,15.66666667,1737,11.46988906,33.80890122,512002,0,512002,30287
v3,d830fc32ff2631e4e1344dc30b3e09c3b9690bed,graph,kdtree3d_leafcount,flyby,1,322,322,0.648639977,0.1249599978,0.7803199887,0.792397,1,0,-1,28861,14431,47,15.66666667,1623,11.24662186,35.47931536,512002,0,512002,28861
v3,d830fc32ff2631e4e1344dc30b3e09c3b9690bed,graph,kdtree3d_leafcount,flyby,1,323,323,0.6488000154,0.1208320037,0.7770239711,0.789164,1,0,-1,27629,13815,46,15.33333333,1480,10.71299312,37.06131017,512002,0,512002,27629
v3,d830fc32ff2631e4e1344dc30b3e09c3b9690bed,graph,kdtree3d_leafcount,flyby,1,324,324,0.6542080045,0.1228799969,0.7837759852,0.797694,1,0,-1,28655,14328,47,15.66666667,1610,11.23673925,35.73436628,512002,0,512002,28655
v3,d830fc32ff2631e4e1344dc30b3e09c3b9690bed,graph,kdtree3d_leafcount,flyby,1,325,325,0.651647985,0.1249279976,0.7852159739,0.804151,1,0,-1,30163,15082,47,15.66666667,1794,11.89497414,33.9478849,512002,0,512002,30163
v3,d830fc32ff2631e4e1344dc30b3e09c3b9690bed,graph,kdtree3d_leafcount,flyby,1,326,326,0.6485120058,0.1208320037,0.7771199942,0.788067,1,0,-1,28135,14068,46,15.33333333,1499,10.65538811,36.3947967,512002,0,512002,28135
v3,d830fc32ff2631e4e1344dc30b3e09c3b9690bed,graph,kdtree3d_leafcount,flyby,1,327,327,0.6513280272,0.1228799969,0.7816640139,0.80054,1,0,-1,28561,14281,46,15.33333333,1579,11.05664869,35.85197115,512002,0,512002,28561
v3,d830fc32ff2631e4e1344dc30b3e09c3b9690bed,graph,kdtree3d_leafcount,flyby,1,328,328,0.6499199867,0.1228799969,0.7817280293,0.797425,1,0,-1,28327,14164,47,15.66666667,1496,10.56198814,36.148122,512002,0,512002,28327
v3,d830fc32ff2631e4e1344dc30b3e09c3b9690bed,graph,kdtree3d_leafcount,flyby,1,329,329,0.6530240178,0.1249279976,0.7864320278,0.802119,1,0,-1,30249,15125,47,15.66666667,1788,11.8214876,33.8513719,512002,0,512002,30249
v3,d830fc32ff2631e4e1344dc30b3e09c3b9690bed,graph,kdtree3d_leafcount,flyby,1,330,330,0.6569600105,0.1208320037,0.785664022,0.801958,1,0,-1,28833,14417,46,15.33333333,1630,11.30609697,35.51376847,512002,0,512002,28833
v3,d830fc32ff2631e4e1344dc30b3e09c3b9690bed,graph,kdtree3d_leafcount,flyby,1,331,331,0.6496639848,0.1228799969,0.7800959945,0.791903,1,0,-1,27695,13848,47,15.66666667,1540,11.12073946,36.97299249,512002,0,512002,27695
v3,d830fc32ff2631e4e1344dc30b3e09c3b9690bed,graph,kdtree3d_leafcount,flyby,1,332,332,0.6529600024,0.1249279976,0.7856320143,0.802788,1,0,-1,29335,14668,47,15.66666667,1625,11.07853831,34.906054,512002,0,512002,29335
v3,d830fc32ff2631e4e1344dc30b3e09c3b9690bed,graph,kdtree3d_leafcount,flyby,1,333,333,0.647744,0.1249279976,0.7791680098,0.795305,1,0,-1,30151,15076,47,15.66666667,1844,12.2313611,33.9613956,512002,0,512002,30151
v3,d830fc32ff2631e4e1344dc30b3e09c3b9690bed,graph,kdtree3d_leafcount,flyby,1,334,334,0.6490880251,0.1228799969,0.7798720002,0.792799,1,0,-1,27975,13988,46,15.33333333,1591,11.37403489,36.60294538,512002,0,512002,27975
v3,d830fc32ff2631e4e1344dc30b3e09c3b9690bed,graph,kdtree3d_leafcount,flyby,1,335,335,0.6496319771,0.1208320037,0.7771840096,0.787979,1,0,-1,28653,14327,46,15.33333333,1688,11.78195016,35.73686047,512002,0,512002,28653
v3,d830fc32ff2631e4e1344dc30b3e09c3b9690bed,graph,kdtree3d_leafcount,flyby,1,336,336,0.6509439945,0.1249279976,0.7838400006,0.802801,1,0,-1,29967,14984,47,15.66666667,1768,11.79925254,34.16991458,512002,0,512002,29967
v3,d830fc32ff2631e4e1344dc30b3e09c3b9690bed,graph,kdtree3d_leafcount,flyby,1,337,337,0.6480640173,0.1228799969,0.7781760097,0.790424,1,0,-1,28671,14336,47,15.66666667,1580,11.02120536,35.71442522,512002,0,512002,28671
v3,d830fc32ff2631e4e1344dc30b3e09c3b9690bed,graph,kdtree3d_leafcount,flyby,1,338,338,0.6514239907,0.1228799969,0.7828480005,0.794629,1,0,-1,28595,14298,46,15.33333333,1586,11.09246048,35.80934396,512002,0,512002,28595
v3,d830fc32ff2631e4e1344dc30b3e09c3b9690bed,graph,kdtree3d_leafcount,flyby,1,339,339,0.6494719982,0.1228799969,0.782047987,0.796017,1,0,-1,27663,13832,46,15.33333333,1455,10.51908618,37.01576056,512002,0,512002,27663
v3,d830fc32ff2631e4e1344dc30b3e09c3b9690bed,graph,kdtree3d_leafcount,flyby,1,340,340,0.6573759913,0.1249279976,0.7907519937,0.807661,1,0,-1,30023,15012,47,15.66666667,1738,11.57740474,34.10618172,512002,0,512002,30023
v3,d830fc32ff2631e4e1344dc30b3e09c3b9690bed,graph,kdtree3d_leafcount,flyby,1,341,341,0.6508799791,0.1229119971,0.7813119888,0.79428,1,0,-1,28995,14498,47,15.66666667,1679,11.58090771,35.31535384,512002,0,512002,28995
v3,d830fc32ff2631e4e1344dc30b3e09c3b9690bed,graph,kdtree3d_leafcount,flyby,1,342,342,0.6483200192,0.1208320037,0.776736021,0.790539,1,0,-1,27653,13827,46,15.33333333,1495,10.81217907,37.02914587,512002,0,512002,27653
v3,d830fc32ff2631e4e1344dc30b3e09c3b9690bed,graph,kdtree3d_leafcount,flyby,1,343,343,0.6521599889,0.1228799969,0.7824959755,0.794394,1,0,-1,28729,14365,47,15.66666667,1584,11.02680125,35.6423251,512002,0,512002,28729
v3,d830fc32ff2631e4e1344dc30b3e09c3b9690bed,graph,kdtree3d_leafcount,flyby,1,344,344,0.6527680159,0.1249279976,0.7853440046,0.800314,1,0,-1,30285,15143,47,15.66666667,1783,11.77441722,33.81113386,512002,0,512002,30285
v3,d830fc32ff2631e4e1344dc30b3e09c3b9690bed,graph,kdtree3d_leafcount,flyby,1,345,345,0.6486719847,0.1228799969,0.7802240252,0.7931,1,0,-1,28099,14050,46,15.33333333,1509,10.74021352,36.44142349,512002,0,512002,28099
v3,d830fc32ff2631e4e1344dc30b3e09c3b9690bed,graph,kdtree3d_leafcount,flyby,1,346,346,0.6528319716,0.1228799969,0.7834240198,0.802,1,0,-1,28575,14288,46,15.33333333,1589,11.1212206,35.83440649,512002,0,512002,28575
v3,d830fc32ff2631e4e1344dc30b3e09c3b9690bed,graph,kdtree3d_leafcount,flyby,1,347,347,0.6510080099,0.1228799969,0.7816320062,0.794718,1,0,-1,28391,14196,46,15.33333333,1474,10.38320654,36.06663849,512002,0,512002,28391
v3,d830fc32ff2631e4e1344dc30b3e09c3b9690bed,graph,kdtree3d_leafcount,flyby,1,348,348,0.6505600214,0.1249279976,0.7838079929,0.801351,1,0,-1,30135,15068,47,15.66666667,1755,11.64719936,33.9794266,512002,0,512002,30135
v3,d830fc32ff2631e4e1344dc30b3e09c3b9690bed,graph,kdtree3d_leafcount,flyby,1,349,349,0.647744,0.1208320037,0.7771840096,0.793064,1,0,-1,28735,14368,47,15.66666667,1610,11.20545657,35.63488307,512002,0,512002,28735
v3,d830fc32ff2631e4e1344dc30b3e09c3b9690bed,graph,kdtree3d_leafcount,flyby,1,350,350,0.6482560039,0.118784003,0.7745599747,0.787911,1,0,-1,27589,13795,46,15.33333333,1515,10.98223994,37.11504168,512002,0,512002,27589
v3,d830fc32ff2631e4e1344dc30b3e09c3b9690bed,graph,kdtree3d_leafcount,flyby,1,351,351,0.6533120275,0.1249279976,0.785664022,0.800534,1,0,-1,29883,14942,47,15.66666667,1748,11.6985678,34.26596172,512002,0,512002,29883
v3,d830fc32ff2631e4e1344dc30b3e09c3b9690bed,graph,kdtree3d_leafcount,flyby,1,352,352,0.6514239907,0.1249279976,0.7830399871,0.795803,1,0,-1,29365,14683,47,15.66666667,1734,11.8095757,34.87039433,512002,0,512002,29365
v3,d830fc32ff2631e4e1344dc30b3e09c3b9690bed,graph,kdtree3d_leafcount,flyby,1,353,353,0.6528639793,0.1228799969,0.7843199968,0.802403,1,0,-1,27787,13894,46,15.33333333,1559,11.22067079,36.85058299,512002,0,512002,27787
v3,d830fc32ff2631e4e1344dc30b3e09c3b9690bed,graph,kdtree3d_leafcount,flyby,1,354,354,0.6528000236,0.1228799969,0.7838079929,0.795128,1,0,-1,28725,14363,46,15.33333333,1685,11.73153241,35.64728817,512002,0,512002,28725
v3,d830fc32ff2631e4e1344dc30b3e09c3b9690bed,graph,kdtree3d_leafcount,flyby,1,355,355,0.6519039869,0.1249279976,0.7846400142,0.801022,1,0,-1,30217,15109,47,15.66666667,1826,12.08551195,33.88721954,512002,0,512002,30217
v3,d830fc32ff2631e4e1344dc30b3e09c3b9690bed,graph,kdtree3d_leafcount,flyby,1,356,356,0.6532160044,0.1228799969,0.7843840122,0.803742,1,0,-1,28529,14265,47,15.66666667,1568,10.99193831,35.89218367,512002,0,512002,28529
v3,d830fc32ff2631e4e1344dc30b3e09c3b9690bed,graph,kdtree3d_leafcount,flyby,1,357,357,0.6492800117,0.1228799969,0.7810559869,0.793443,1,0,-1,28717,14359,46,15.33333333,1673,11.65122919,35.65721847,512002,0,512002,28717
v3,d830fc32ff2631e4e1344dc30b3e09c3b9690bed,graph,kdtree3d_leafcount,flyby,1,358,358,0.6511999965,0.1228799969,0.7823359966,0.79524,1,0,-1,28077,14039,47,15.66666667,1512,10.76999786,36.46997649,512002,0,512002,28077
v3,d830fc32ff2631e4e1344dc30b3e09c3b9690bed,graph,kdtree3d_leafcount,flyby,1,359,359,0.6534720063,0.1249279976,0.7850239873,0.796174,1,0,-1,30277,15139,47,15.66666667,1808,11.94266464,33.82006738,512002,0,512002,30277
v3,d830fc32ff2631e4e1344dc30b3e09c3b9690bed,graph,kdtree3d_leafcount,flyby,1,360,360,0.6531839967,0.1249279976,0.7865279913,0.803395,1,0,-1,28895,14448,47,15.66666667,1651,11.42718715,35.43756921,512002,0,512002,28895
v3,d830fc32ff2631e4e1344dc30b3e09c3b9690bed,graph,kdtree3d_leafcount,flyby,1,361,361,0.6513280272,0.1228799969,0.7825599909,0.794982,1,0,-1,27593,13797,46,15.33333333,1540,11.16184678,37.10966152,512002,0,512002,27593
v3,d830fc32ff2631e4e1344dc30b3e09c3b9690bed,graph,kdtree3d_leafcount,flyby,1,362,362,0.6553919911,0.1229119971,0.7862719893,0.803803,1,0,-1,28895,14448,47,15.66666667,1565,10.83194906,35.43756921,512002,0,512002,28895
v3,d830fc32ff2631e4e1344dc30b3e09c3b9690bed,graph,kdtree3d_leafcount,flyby,1,363,363,0.6581119895,0.1249279976,0.7897920012,0.799505,1,0,-1,29933,14967,47,15.66666667,1787,11.93960045,34.20872586,512002,0,512002,29933
v3,d830fc32ff2631e4e1344dc30b3e09c3b9690bed,graph,kdtree3d_leafcount,flyby,1,364,364,0.6512960196,0.1228799969,0.7818880081,0.801324,1,0,-1,27851,13926,47,15.66666667,1460,10.48398679,36.7659055,512002,0,512002,27851
v3,d830fc32ff2631e4e1344dc30b3e09c3b9690bed,graph,kdtree3d_leafcount,flyby,1,365,365,0.653151989,0.1228799969,0.7836480141,0.800514,1,0,-1,28357,14179,46,15.33333333,1579,11.13618732,36.10988081,512002,0,512002,28357
v3,d830fc32ff2631e4e1344dc30b3e09c3b9690bed,graph,kdtree3d_leafcount,flyby,1,366,366,0.6573759913,0.1249279976,0.7894399762,0.801034,1,0,-1,29757,14879,47,15.66666667,1724,11.58680019,34.41104913,512002,0,512002,29757
v3,d830fc32ff2631e4e1344dc30b3e09c3b9690bed,graph,kdtree3d_leafcount,flyby,1,367,367,0.6509439945,0.1208320037,0.7795199752,0.790666,1,0,-1,28491,14246,47,15.66666667,1522,10.68370069,35.94005335,512002,0,512002,28491
v3,d830fc32ff2631e4e1344dc30b3e09c3b9690bed,graph,kdtree3d_leafcount,flyby,1,368,368,0.6501119733,0.1228799969,0.7799360156,0.789389,1,0,-1,28399,14200,46,15.33333333,1551,10.92253521,36.05647887,512002,0,512002,28399
v3,d830fc32ff2631e4e1344dc30b3e09c3b9690bed,graph,kdtree3d_leafcount,flyby,1,369,369,0.649248004,0.1228799969,0.7790719867,0.789505,1,0,-1,27485,13743,46,15.33333333,1402,10.20155716,37.25547551,512002,0,512002,27485
v3,d830fc32ff2631e4e1344dc30b3e09c3b9690bed,graph,kdtree3d_leafcount,flyby,1,370,370,0.6533759832,0.1269759983,0.7881280184,0.801553,1,0,-1,30231,15116,47,15.66666667,1696,11.21989944,33.87152686,512002,0,512002,30231
v3,d830fc32ff2631e4e1344dc30b3e09c3b9690bed,graph,kdtree3d_leafcount,flyby,1,371,371,0.6514880061,0.1249599978,0.7826880217,0.798728,1,0,-1,28739,14370,47,15.66666667,1580,10.99512874,35.62992345,512002,0,512002,28739
v3,d830fc32ff2631e4e1344dc30b3e09c3b9690bed,graph,kdtree3d_leafcount,flyby,1,372,372,0.647487998,0.1228799969,0.7755839825,0.784609,1,0,-1,27567,13784,46,15.33333333,1461,10.5992455,37.14466048,512002,0,512002,27567
v3,d830fc32ff2631e4e1344dc30b3e09c3b9690bed,graph,kdtree3d_leafcount,flyby,1,373,373,0.6544640064,0.1249599978,0.7871040106,0.800871,1,0,-1,28641,14321,47,15.66666667,1554,10.85119754,35.75183297,512002,0,512002,28641
v3,d830fc32ff2631e4e1344dc30b3e09c3b9690bed,graph,kdtree3d_leafcount,flyby,1,374,374,0.6538239717,0.1228799969,0.7850880027,0.802601,1,0,-1,30111,15056,47,15.66666667,1746,11.59670563,34.00650903,512002,0,512002,30111
v3,d830fc32ff2631e4e1344dc30b3e09c3b9690bed,graph,kdtree3d_leafcount,flyby,1,375,375,0.655008018,0.1228799969,0.7864959836,0.803903,1,0,-1,27817,13909,47,15.66666667,1471,10.57588612,36.8108419,512002,0,512002,27817
v3,d830fc32ff2631e4e1344dc30b3e09c3b9690bed,graph,kdtree3d_leafcount,flyby,1,376,376,0.6548799872,0.1249279976,0.7879359722,0.802549,1,0,-1,28327,14164,46,15.33333333,1586,11.19740186,36.148122,512002,0,512002,28327
v3,d830fc32ff2631e4e1344dc30b3e09c3b9690bed,graph,kdtree3d_leafcount,flyby,1,377,377,0.6527360082,0.1269759983,0.787711978,0.80609,1,0,-1,29463,14732,47,15.66666667,1660,11.26798805,34.75441216,512002,0,512002,29463
v3,d830fc32ff2631e4e1344dc30b3e09c3b9690bed,graph,kdtree3d_leafcount,flyby,1,378,378,0.6538559794,0.1228799969,0.7850880027,0.798125,1,0,-1,28525,14263,47,15.66666667,1547,10.84624553,35.89721657,512002,0,512002,28525
v3,d830fc32ff2631e4e1344dc30b3e09c3b9690bed,graph,kdtree3d_leafcount,flyby,1,379,379,0.6510080099,0.1228799969,0.7824640274,0.802473,1,0,-1,28205,14103,47,15.66666667,1472,10.43749557,36.30447423,512002,0,512002,28205
v3,d830fc32ff2631e4e1344dc30b3e09c3b9690bed,graph,kdtree3d_leafcount,flyby,1,380,380,0.6569920182,0.118784003,0.7833279967,0.801971,1,0,-1,27513,13757,46,15.33333333,1372,9.973104601,37.21756197,512002,0,512002,27513
v3,d830fc32ff2631e4e1344dc30b3e09c3b9690bed,graph,kdtree3d_leafcount,flyby,1,381,381,0.6571519971,0.1249279976,0.7903680205,0.80304,1,0,-1,29927,14964,47,15.66666667,1630,10.89280941,34.21558407,512002,0,512002,29927
v3,d830fc32ff2631e4e1344dc30b3e09c3b9690bed,graph,kdtree3d_leafcount,flyby,1,382,382,0.6510720253,0.1208320037,0.7806400061,0.792619,1,0,-1,28473,14237,46,15.33333333,1552,10.901173,35.96277306,512002,0,512002,28473
v3,d830fc32ff2631e4e1344dc30b3e09c3b9690bed,graph,kdtree3d_leafcount,flyby,1,383,383,0.6553279757,0.1228799969,0.785664022,0.801061,1,0,-1,27165,13583,46,15.33333333,1419,10.44688213,37.69432379,512002,0,512002,27165
v3,d830fc32ff2631e4e1344dc30b3e09c3b9690bed,graph,kdtree3d_leafcount,flyby,1,384,384,0.653151989,0.1208320037,0.7819839716,0.801194,1,0,-1,28481,14241,46,15.33333333,1512,10.61723194,35.95267186,512002,0,512002,28481
v3,d830fc32ff2631e4e1344dc30b3e09c3b9690bed,graph,kdtree3d_leafcount,flyby,1,385,385,0.648992002,0.1249279976,0.7808319926,0.7973,1,0,-1,29807,14904,47,15.66666667,1672,11.21846484,34.35332797,512002,0,512002,29807
v3,d830fc32ff2631e4e1344dc30b3e09c3b9690bed,graph,kdtree3d_leafcount,flyby,1,386,386,0.6510400176,0.1228799969,0.7814080119,0.792825,1,0,-1,27581,13791,46,15.33333333,1354,9.817997245,37.12580669,512002,0,512002,27581
v3,d830fc32ff2631e4e1344dc30b3e09c3b9690bed,graph,kdtree3d_leafcount,flyby,1,387,387,0.6467519999,0.1228799969,0.7776319981,0.788777,1,0,-1,28205,14103,46,15.33333333,1542,10.93384386,36.30447423,512002,0,512002,28205
v3,d830fc32ff2631e4e1344dc30b3e09c3b9690bed,graph,kdtree3d_leafcount,flyby,1,388,388,0.6534079909,0.1249279976,0.7851520181,0.795752,1,0,-1,29533,14767,47,15.66666667,1641,11.11261597,34.67203901,512002,0,512002,29533
v3,d830fc32ff2631e4e1344dc30b3e09c3b9690bed,graph,kdtree3d_leafcount,flyby,1,389,389,0.6540160179,0.1228799969,0.7847679853,0.799398,1,0,-1,28417,14209,47,15.66666667,1481,10.42297136,36.03364065,512002,0,512002,28417
v3,d830fc32ff2631e4e1344dc30b3e09c3b9690bed,graph,kdtree3d_leafcount,flyby,1,390,390,0.6580479741,0.1208320037,0.7864320278,0.798717,1,0,-1,28203,14102,46,15.33333333,1490,10.56587718,36.30704865,512002,0,512002,28203
v3,d830fc32ff2631e4e1344dc30b3e09c3b9690bed,graph,kdtree3d_leafcount,flyby,1,391,391,0.6515840292,0.118784003,0.776639998,0.788496,1,0,-1,27465,13733,46,15.33333333,1401,10.20170392,37.28260395,512002,0,512002,27465
v3,d830fc32ff2631e4e1344dc30b3e09c3b9690bed,graph,kdtree3d_leafcount,flyby,1,392,392,0.6527040005,0.1249279976,0.7854400277,0.799696,1,0,-1,29931,14966,47,15.66666667,1694,11.31898971,34.21101163,512002,0,512002,29931
v3,d830fc32ff2631e4e1344dc30b3e09c3b9690bed,graph,kdtree3d_leafcount,flyby,1,393,393,0.6548799872,0.1228799969,0.7860159874,0.801479,1,0,-1,28539,14270,47,15.66666667,1540,10.79187106,35.87960757,512002,0,512002,28539
v3,d830fc32ff2631e4e1344dc30b3e09c3b9690bed,graph,kdtree3d_leafcount,flyby,1,394,394,0.6513599753,0.1228799969,0.7821120024,0.800687,1,0,-1,27379,13690,46,15.33333333,1469,10.73046019,37.39970782,512002,0,512002,27379
v3,d830fc32ff2631e4e1344dc30b3e09c3b9690bed,graph,kdtree3d_leafcount,flyby,1,395,395,0.6505920291,0.1228799969,0.7817280293,0.793552,1,0,-1,28569,14285,47,15.66666667,1515,10.60553028,35.8419321,512002,0,512002,28569
v3,d830fc32ff2631e4e1344dc30b3e09c3b9690bed,graph,kdtree3d_leafcount,flyby,1,396,396,0.6494399905,0.1249279976,0.7825599909,0.794981,1,0,-1,29623,14812,47,15.66666667,1700,11.47718066,34.56670267,512002,0,512002,29623
v3,d830fc32ff2631e4e1344dc30b3e09c3b9690bed,graph,kdtree3d_leafcount,flyby,1,397,397,0.6485440135,0.1228799969,0.7795519829,0.791423,1,0,-1,27585,13793,47,15.66666667,1398,10.13557602,37.1204234,512002,0,512002,27585
v3,d830fc32ff2631e4e1344dc30b3e09c3b9690bed,graph,kdtree3d_leafcount,flyby,1,398,398,0.6554880142,0.1228799969,0.7863680124,0.800748,1,0,-1,28119,14060,46,15.33333333,1504,10.6970128,36.41550498,512002,0,512002,28119
v3,d830fc32ff2631e4e1344dc30b3e09c3b9690bed,graph,kdtree3d_leafcount,flyby,1,399,399,0.6530560255,0.1228799969,0.7833920121,0.79611,1,0,-1,29559,14780,47,15.66666667,1652,11.17726658,34.64154263,512002,0,512002,29559
v3,d830fc32ff2631e4e1344dc30b3e09c3b9690bed,graph,kdtree3d_leafcount,flyby,1,400,400,0.6520959735,0.1208320037,0.7820799947,0.798325,1,0,-1,28227,14114,47,15.66666667,1491,10.56397903,36.27617968,512002,0,512002,28227
v3,d830fc32ff2631e4e1344dc30b3e09c3b9690bed,graph,kdtree3d_leafcount,flyby,1,401,401,0.6535680294,0.1228799969,0.7846720219,0.802493,1,0,-1,28217,14109,46,15.33333333,1545,10.95045716,36.28903537,512002,0,512002,28217
v3,d830fc32ff2631e4e1344dc30b3e09c3b9690bed,graph,kdtree3d_leafcount,flyby,1,402,402,0.6512960196,0.1228799969,0.7830079794,0.803477,1,0,-1,27595,13798,47,15.66666667,1427,10.34207856,37.10697202,512002,0,512002,27595
v3,d830fc32ff2631e4e1344dc30b3e09c3b9690bed,graph,kdtree3d_leafcount,flyby,1,403,403,0.6530560255,0.1249279976,0.7865920067,0.804377,1,0,-1,29641,14821,47,15.66666667,1537,10.37042035,34.54571217,512002,0,512002,29641
v3,d830fc32ff2631e4e1344dc30b3e09c3b9690bed,graph,kdtree3d_leafcount,flyby,1,404,404,0.653504014,0.1228799969,0.7852159739,0.797066,1,0,-1,28421,14211,47,15.66666667,1531,10.77334459,36.02856942,512002,0,512002,28421
v3,d830fc32ff2631e4e1344dc30b3e09c3b9690bed,graph,kdtree3d_leafcount,flyby,1,405,405,0.6571519971,0.1228799969,0.7888320088,0.802299,1,0,-1,27175,13588,46,15.33333333,1419,10.44303797,37.68045334,512002,0,512002,27175
v3,d830fc32ff2631e4e1344dc30b3e09c3b9690bed,graph,kdtree3d_leafcount,flyby,1,406,406,0.6533759832,0.1249279976,0.7865279913,0.802223,1,0,-1,28961,14481,47,15.66666667,1524,10.52413507,35.35681237,512002,0,512002,28961
v3,d830fc32ff2631e4e1344dc30b3e09c3b9690bed,graph,kdtree3d_leafcount,flyby,1,407,407,0.6535680294,0.1249279976,0.7863360047,0.802786,1,0,-1,29573,14787,47,15.66666667,1742,11.78061811,34.62514371,512002,0,512002,29573
v3,d830fc32ff2631e4e1344dc30b3e09c3b9690bed,graph,kdtree3d_leafcount,flyby,1,408,408,0.6499199867,0.1228799969,0.7809919715,0.792824,1,0,-1,27277,13639,46,15.33333333,1402,10.27934599,37.53955569,512002,0,512002,27277
v3,d830fc32ff2631e4e1344dc30b3e09c3b9690bed,graph,kdtree3d_leafcount,flyby,1,409,409,0.6532800198,0.1228799969,0.7840960026,0.801294,1,0,-1,28185,14093,46,15.33333333,1535,10.89193216,36.33023487,512002,0,512002,28185
v3,d830fc32ff2631e4e1344dc30b3e09c3b9690bed,graph,kdtree3d_leafcount,flyby,1,410,410,0.6568319798,0.1249279976,0.7896959782,0.80179,1,0,-1,29597,14799,47,15.66666667,1650,11.14940199,34.59706737,512002,0,512002,29597
v3,d830fc32ff2631e4e1344dc30b3e09c3b9690bed,graph,kdtree3d_leafcount,flyby,1,411,411,0.6524800062,0.1228799969,0.7848640084,0.798104,1,0,-1,27853,13927,47,15.66666667,1423,10.21756301,36.7632656,512002,0,512002,27853
v3,d830fc32ff2631e4e1344dc30b3e09c3b9690bed,graph,kdtree3d_leafcount,flyby,1,412,412,0.6531199813,0.1208320037,0.7821440101,0.793985,1,0,-1,28033,14017,46,15.33333333,1442,10.28750803,36.52721695,512002,0,512002,28033
v3,d830fc32ff2631e4e1344dc30b3e09c3b9690bed,graph,kdtree3d_leafcount,flyby,1,413,413,0.6509439945,0.1228799969,0.7828480005,0.794716,1,0,-1,27581,13791,47,15.66666667,1326,9.614966282,37.12580669,512002,0,512002,27581
v3,d830fc32ff2631e4e1344dc30b3e09c3b9690bed,graph,kdtree3d_leafcount,flyby,1,414,414,0.6539520025,0.1228799969,0.7856320143,0.797956,1,0,-1,29479,14740,47,15.66666667,1653,11.21438263,34.73554953,512002,0,512002,29479
v3,d830fc32ff2631e4e1344dc30b3e09c3b9690bed,graph,kdtree3d_leafcount,flyby,1,415,415,0.6532800198,0.1228799969,0.7842559814,0.803056,1,0,-1,28117,14059,47,15.66666667,1447,10.29233943,36.41809517,512002,0,512002,28117
v3,d830fc32ff2631e4e1344dc30b3e09c3b9690bed,graph,kdtree3d_leafcount,flyby,1,416,416,0.6515520215,0.1228799969,0.7829759717,0.796067,1,0,-1,27135,13568,46,15.33333333,1337,9.854068396,37.73599646,512002,0,512002,27135
v3,d830fc32ff2631e4e1344dc30b3e09c3b9690bed,graph,kdtree3d_leafcount,flyby,1,417,417,0.6530879736,0.1249279976,0.7866560221,0.802396,1,0,-1,29863,14932,47,15.66666667,1641,10.98982052,34.28890972,512002,0,512002,29863
v3,d830fc32ff2631e4e1344dc30b3e09c3b9690bed,graph,kdtree3d_leafcount,flyby,1,418,418,0.6554560065,0.1249279976,0.787711978,0.799497,1,0,-1,28741,14371,47,15.66666667,1530,10.64644075,35.62744416,512002,0,512002,28741
v3,d830fc32ff2631e4e1344dc30b3e09c3b9690bed,graph,kdtree3d_leafcount,flyby,1,419,419,0.653151989,0.1228799969,0.7842239738,0.802989,1,0,-1,27425,13713,46,15.33333333,1409,10.27492161,37.33697951,512002,0,512002,27425
v3,d830fc32ff2631e4e1344dc30b3e09c3b9690bed,graph,kdtree3d_leafcount,flyby,1,420,420,0.649344027,0.1228799969,0.7806079984,0.793575,1,0,-1,28335,14168,46,15.33333333,1542,10.88368154,36.13791643,512002,0,512002,28335
v3,d830fc32ff2631e4e1344dc30b3e09c3b9690bed,graph,kdtree3d_leafcount,flyby,1,421,421,0.6519359946,0.1249599978,0.7852479815,0.803983,1,0,-1,29745,14873,47,15.66666667,1710,11.49734418,34.42493108,512002,0,512002,29745
v3,d830fc32ff2631e4e1344dc30b3e09c3b9690bed,graph,kdtree3d_leafcount,flyby,1,422,422,0.6493759751,0.1228799969,0.780896008,0.794746,1,0,-1,27683,13842,47,15.66666667,1436,10.37422338,36.98901893,512002,0,512002,27683
v3,d830fc32ff2631e4e1344dc30b3e09c3b9690bed,graph,kdtree3d_leafcount,flyby,1,423,423,0.6495040059,0.1228799969,0.7813119888,0.794153,1,0,-1,27967,13984,46,15.33333333,1500,10.72654462,36.61341533,512002,0,512002,27967
v3,d830fc32ff2631e4e1344dc30b3e09c3b9690bed,graph,kdtree3d_leafcount,flyby,1,424,424,0.6536639929,0.1228799969,0.7843840122,0.803238,1,0,-1,28831,14416,47,15.66666667,1551,10.75887902,35.51623196,512002,0,512002,28831
v3,d830fc32ff2631e4e1344dc30b3e09c3b9690bed,graph,kdtree3d_leafcount,flyby,1,425,425,0.6547520161,0.1228799969,0.7855039835,0.804603,1,0,-1,28643,14322,47,15.66666667,1565,10.9272448,35.74933668,512002,0,512002,28643
v3,d830fc32ff2631e4e1344dc30b3e09c3b9690bed,graph,kdtree3d_leafcount,flyby,1,426,426,0.6511039734,0.1208320037,0.7807040215,0.794117,1,0,-1,28043,14022,46,15.33333333,1497,10.67608045,36.51419198,512002,0,512002,28043
v3,d830fc32ff2631e4e1344dc30b3e09c3b9690bed,graph,kdtree3d_leafcount,flyby,1,427,427,0.6430079937,0.1228799969,0.7743359804,0.79077,1,0,-1,27277,13639,46,15.33333333,1381,10.12537576,37.53955569,512002,0,512002,27277
v3,d830fc32ff2631e4e1344dc30b3e09c3b9690bed,graph,kdtree3d_leafcount,flyby,1,428,428,0.6528639793,0.1249279976,0.7852479815,0.800859,1,0,-1,29889,14945,47,15.66666667,1692,11.32151221,34.25908331,512002,0,512002,29889
v3,d830fc32ff2631e4e1344dc30b3e09c3b9690bed,graph,kdtree3d_leafcount,flyby,1,429,429,0.6538879871,0.1228799969,0.7840319872,0.799144,1,0,-1,28497,14249,47,15.66666667,1558,10.93410064,35.93248649,512002,0,512002,28497
v3,d830fc32ff2631e4e1344dc30b3e09c3b9690bed,graph,kdtree3d_leafcount,flyby,1,430,430,0.6479039788,0.1228799969,0.7781760097,0.788991,1,0,-1,27253,13627,47,15.66666667,1415,10.38379687,37.57261319,512002,0,512002,27253
v3,d830fc32ff2631e4e1344dc30b3e09c3b9690bed,graph,kdtree3d_leafcount,flyby,1,431,431,0.6498559713,0.1228799969,0.781791985,0.796607,1,0,-1,28693,14347,47,15.66666667,1521,10.60151948,35.68704259,512002,0,512002,28693
v3,d830fc32ff2631e4e1344dc30b3e09c3b9690bed,graph,kdtree3d_leafcount,flyby,1,432,432,0.6578559875,0.1249279976,0.7911360264,0.803766,1,0,-1,29691,14846,47,15.66666667,1740,11.72032871,34.48753873,512002,0,512002,29691
v3,d830fc32ff2631e4e1344dc30b3e09c3b9690bed,graph,kdtree3d_leafcount,flyby,1,433,433,0.6511679888,0.1228799969,0.7807679772,0.79652,1,0,-1,27583,13792,46,15.33333333,1407,10.20156613,37.12311485,512002,0,512002,27583
v3,d830fc32ff2631e4e1344dc30b3e09c3b9690bed,graph,kdtree3d_leafcount,flyby,1,434,434,0.6493120193,0.1228799969,0.779744029,0.791433,1,0,-1,28129,14065,46,15.33333333,1536,10.9207252,36.40255954,512002,0,512002,28129
v3,d830fc32ff2631e4e1344dc30b3e09c3b9690bed,graph,kdtree3d_leafcount,flyby,1,435,435,0.6529920101,0.1228799969,0.7831040025,0.800064,1,0,-1,29751,14876,47,15.66666667,1650,11.09169131,34.41798871,512002,0,512002,29751
v3,d830fc32ff2631e4e1344dc30b3e09c3b9690bed,graph,kdtree3d_leafcount,flyby,1,436,436,0.6438080072,0.1228799969,0.7747200131,0.789845,1,0,-1,27969,13985,47,15.66666667,1442,10.31104755,36.61079728,512002,0,512002,27969
v3,d830fc32ff2631e4e1344dc30b3e09c3b9690bed,graph,kdtree3d_leafcount,flyby,1,437,437,0.6522240043,0.1228799969,0.7831680179,0.800493,1,0,-1,27909,13955,46,15.33333333,1490,10.67717664,36.68950197,512002,0,512002,27909
v3,d830fc32ff2631e4e1344dc30b3e09c3b9690bed,graph,kdtree3d_leafcount,flyby,1,438,438,0.6563519835,0.1208320037,0.7854400277,0.800851,1,0,-1,27629,13815,47,15.66666667,1350,9.771986971,37.06131017,512002,0,512002,27629
v3,d830fc32ff2631e4e1344dc30b3e09c3b9690bed,graph,kdtree3d_leafcount,flyby,1,439,439,0.6592640281,0.1249279976,0.7923520207,0.803913,1,0,-1,29777,14889,47,15.66666667,1686,11.32379609,34.3879374,512002,0,512002,29777
v3,d830fc32ff2631e4e1344dc30b3e09c3b9690bed,graph,kdtree3d_leafcount,flyby,1,440,440,0.6510720253,0.1208320037,0.7800319791,0.79096,1,0,-1,28337,14169,47,15.66666667,1473,10.39593479,36.13536594,512002,0,512002,28337
v3,d830fc32ff2631e4e1344dc30b3e09c3b9690bed,graph,kdtree3d_leafcount,flyby,1,441,441,0.6512640119,0.1208320037,0.7805119753,0.791579,1,0,-1,27073,13537,46,15.33333333,1365,10.08347492,37.82241265,512002,0,512002,27073
v3,d830fc32ff2631e4e1344dc30b3e09c3b9690bed,graph,kdtree3d_leafcount,flyby,1,442,442,0.6559680104,0.1228799969,0.7875199914,0.802984,1,0,-1,29565,14783,47,15.66666667,1566,10.593249,34.63451262,512002,0,512002,29565
v3,d830fc32ff2631e4e1344dc30b3e09c3b9690bed,graph,kdtree3d_leafcount,flyby,1,443,443,0.6526399851,0.1228799969,0.7838079929,0.799986,1,0,-1,28331,14166,47,15.66666667,1496,10.56049696,36.14301849,512002,0,512002,28331
v3,d830fc32ff2631e4e1344dc30b3e09c3b9690bed,graph,kdtree3d_leafcount,flyby,1,444,444,0.6552000046,0.118784003,0.782656014,0.795771,1,0,-1,27197,13599,46,15.33333333,1343,9.875726156,37.64997426,512002,0,512002,27197
v3,d830fc32ff2631e4e1344dc30b3e09c3b9690bed,graph,kdtree3d_leafcount,flyby,1,445,445,0.6548479795,0.1228799969,0.7862399817,0.802994,1,0,-1,28081,14041,47,15.66666667,1404,9.9992878,36.46478171,512002,0,512002,28081
v3,d830fc32ff2631e4e1344dc30b3e09c3b9690bed,graph,kdtree3d_leafcount,flyby,1,446,446,0.6524479985,0.1208320037,0.7807360291,0.793104,1,0,-1,29473,14737,47,15.66666667,1564,10.61274343,34.74262061,512002,0,512002,29473
v3,d830fc32ff2631e4e1344dc30b3e09c3b9690bed,graph,kdtree3d_leafcount,flyby,1,447,447,0.6493120193,0.1228799969,0.7801920176,0.79275,1,0,-1,27363,13682,46,15.33333333,1271,9.289577547,37.42157579,512002,0,512002,27363
v3,d830fc32ff2631e4e1344dc30b3e09c3b9690bed,graph,kdtree3d_leafcount,flyby,1,448,448,0.6562560201,0.1228799969,0.7878720164,0.801951,1,0,-1,27747,13874,46,15.33333333,1412,10.17731008,36.90370477,512002,0,512002,27747
v3,d830fc32ff2631e4e1344dc30b3e09c3b9690bed,graph,kdtree3d_leafcount,flyby,1,449,449,0.6526399851,0.1228799969,0.7840639949,0.802038,1,0,-1,29259,14630,47,15.66666667,1539,10.51948052,34.99671907,512002,0,512002,29259
v3,d830fc32ff2631e4e1344dc30b3e09c3b9690bed,graph,kdtree3d_leafcount,flyby,1,450,450,0.6494079828,0.1228799969,0.7790079713,0.797379,1,0,-1,27963,13982,47,15.66666667,1365,9.762551852,36.61865255,512002,0,512002,27963
v3,d830fc32ff2631e4e1344dc30b3e09c3b9690bed,graph,kdtree3d_leafcount,flyby,1,451,451,0.6514559984,0.1229119971,0.7819200158,0.793451,1,0,-1,28045,14023,46,15.33333333,1410,10.05490979,36.51158811,512002,0,512002,28045
v3,d830fc32ff2631e4e1344dc30b3e09c3b9690bed,graph,kdtree3d_leafcount,flyby,1,452,452,0.6578559875,0.1208320037,0.7866880298,0.804656,1,0,-1,27411,13706,47,15.66666667,1294,9.441120677,37.35604845,512002,0,512002,27411
v3,d830fc32ff2631e4e1344dc30b3e09c3b9690bed,graph,kdtree3d_leafcount,flyby,1,453,453,0.6557440162,0.1228799969,0.7873280048,0.804412,1,0,-1,29571,14786,47,15.66666667,1588,10.73988908,34.62748546,512002,0,512002,29571
v3,d830fc32ff2631e4e1344dc30b3e09c3b9690bed,graph,kdtree3d_leafcount,flyby,1,454,454,0.6535999775,0.1228799969,0.7851200104,0.805142,1,0,-1,28283,14142,47,15.66666667,1458,10.30971574,36.20435582,512002,0,512002,28283
v3,d830fc32ff2631e4e1344dc30b3e09c3b9690bed,graph,kdtree3d_leafcount,flyby,1,455,455,0.6555839777,0.1228799969,0.7871040106,0.806681,1,0,-1,27217,13609,46,15.33333333,1322,9.714159747,37.62230877,512002,0,512002,27217
v3,d830fc32ff2631e4e1344dc30b3e09c3b9690bed,graph,kdtree3d_leafcount,flyby,1,456,456,0.6549119949,0.1249279976,0.7873280048,0.799892,1,0,-1,29527,14764,47,15.66666667,1584,10.72879978,34.67908426,512002,0,512002,29527
v3,d830fc32ff2631e4e1344dc30b3e09c3b9690bed,graph,kdtree3d_leafcount,flyby,1,457,457,0.6538879871,0.1228799969,0.7834560275,0.798946,1,0,-1,28643,14322,47,15.66666667,1522,10.6270074,35.74933668,512002,0,512002,28643
v3,d830fc32ff2631e4e1344dc30b3e09c3b9690bed,graph,kdtree3d_leafcount,flyby,1,458,458,0.6539840102,0.1228799969,0.7853119969,0.797259,1,0,-1,27167,13584,46,15.33333333,1346,9.908716137,37.69154888,512002,0,512002,27167
v3,d830fc32ff2631e4e1344dc30b3e09c3b9690bed,graph,kdtree3d_leafcount,flyby,1,459,459,0.6538879871,0.1228799969,0.7852799892,0.797285,1,0,-1,28315,14158,47,15.66666667,1439,10.16386495,36.16344116,512002,0,512002,28315
v3,d830fc32ff2631e4e1344dc30b3e09c3b9690bed,graph,kdtree3d_leafcount,flyby,1,460,460,0.6495360136,0.1208320037,0.7783359885,0.789791,1,0,-1,29813,14907,47,15.66666667,1651,11.07533374,34.34641444,512002,0,512002,29813
v3,d830fc32ff2631e4e1344dc30b3e09c3b9690bed,graph,kdtree3d_leafcount,flyby,1,461,461,0.6514559984,0.1208639964,0.7799680233,0.79171,1,0,-1,27565,13783,47,15.66666667,1343,9.743887398,37.14735544,512002,0,512002,27565
v3,d830fc32ff2631e4e1344dc30b3e09c3b9690bed,graph,kdtree3d_leafcount,flyby,1,462,462,0.6593919992,0.1228799969,0.7904959917,0.802625,1,0,-1,28015,14008,46,15.33333333,1466,10.46544832,36.55068532,512002,0,512002,28015
v3,d830fc32ff2631e4e1344dc30b3e09c3b9690bed,graph,kdtree3d_leafcount,flyby,1,463,463,0.6556800008,0.1228799969,0.7869439721,0.803371,1,0,-1,29341,14671,47,15.66666667,1561,10.64003817,34.89891623,512002,0,512002,29341
v3,d830fc32ff2631e4e1344dc30b3e09c3b9690bed,graph,kdtree3d_leafcount,flyby,1,464,464,0.6534399986,0.1208320037,0.7828159928,0.802491,1,0,-1,28159,14080,47,15.66666667,1395,9.907670455,36.36377841,512002,0,512002,28159
v3,d830fc32ff2631e4e1344dc30b3e09c3b9690bed,graph,kdtree3d_leafcount,flyby,1,465,465,0.6531199813,0.1228799969,0.7827200294,0.795566,1,0,-1,27949,13975,46,15.33333333,1415,10.12522361,36.63699463,512002,0,512002,27949
v3,d830fc32ff2631e4e1344dc30b3e09c3b9690bed,graph,kdtree3d_leafcount,flyby,1,466,466,0.65526402,0.1228799969,0.7864959836,0.803174,1,0,-1,27435,13718,47,15.66666667,1280,9.33080624,37.32337075,512002,0,512002,27435
v3,d830fc32ff2631e4e1344dc30b3e09c3b9690bed,graph,kdtree3d_leafcount,flyby,1,467,467,0.6577600241,0.1249279976,0.7911360264,0.803734,1,0,-1,29733,14867,47,15.66666667,1614,10.85625883,34.43882424,512002,0,512002,29733
v3,d830fc32ff2631e4e1344dc30b3e09c3b9690bed,graph,kdtree3d_leafcount,flyby,1,468,468,0.6535680294,0.1228799969,0.7849280238,0.803635,1,0,-1,28173,14087,46,15.33333333,1449,10.28607936,36.34570881,512002,0,512002,28173
v3,d830fc32ff2631e4e1344dc30b3e09c3b9690bed,graph,kdtree3d_leafcount,flyby,1,469,469,0.6511039734,0.1229119971,0.7824640274,0.793766,1,0,-1,26857,13429,46,15.33333333,1277,9.509270981,38.1265917,512002,0,512002,26857
v3,d830fc32ff2631e4e1344dc30b3e09c3b9690bed,graph,kdtree3d_leafcount,flyby,1,470,470,0.6558399796,0.1249279976,0.7879040241,0.799857,1,0,-1,29503,14752,47,15.66666667,1551,10.51382863,34.70729393,512002,0,512002,29503
v3,d830fc32ff2631e4e1344dc30b3e09c3b9690bed,graph,kdtree3d_leafcount,flyby,1,471,471,0.655807972,0.1208320037,0.7845119834,0.801188,1,0,-1,28645,14323,47,15.66666667,1471,10.27019479,35.74684075,512002,0,512002,28645
v3,d830fc32ff2631e4e1344dc30b3e09c3b9690bed,graph,kdtree3d_leafcount,flyby,1,472,472,0.6580799818,0.1228799969,0.7895359993,0.803792,1,0,-1,27143,13572,47,15.66666667,1345,9.910109048,37.72487474,512002,0,512002,27143
v3,d830fc32ff2631e4e1344dc30b3e09c3b9690bed,graph,kdtree3d_leafcount,flyby,1,473,473,0.6577280164,0.1228799969,0.7887359858,0.80208,1,0,-1,28197,14099,47,15.66666667,1440,10.21349032,36.3147741,512002,0,512002,28197
v3,d830fc32ff2631e4e1344dc30b3e09c3b9690bed,graph,kdtree3d_leafcount,flyby,1,474,474,0.6542400122,0.1249279976,0.7876160145,0.803215,1,0,-1,29571,14786,47,15.66666667,1633,11.04423103,34.62748546,512002,0,512002,29571
v3,d830fc32ff2631e4e1344dc30b3e09c3b9690bed,graph,kdtree3d_leafcount,flyby,1,475,475,0.6511039734,0.1228799969,0.7826240063,0.795489,1,0,-1,27357,13679,47,15.66666667,1359,9.934936764,37.42978288,512002,0,512002,27357
v3,d830fc32ff2631e4e1344dc30b3e09c3b9690bed,graph,kdtree3d_leafcount,flyby,1,476,476,0.6533120275,0.1228799969,0.7845439911,0.800703,1,0,-1,28001,14001,46,15.33333333,1475,10.53496179,36.56895936,512002,0,512002,28001
v3,d830fc32ff2631e4e1344dc30b3e09c3b9690bed,graph,kdtree3d_leafcount,flyby,1,477,477,0.6532800198,0.1249279976,0.7860479951,0.801067,1,0,-1,29443,14722,47,15.66666667,1631,11.07865779,34.77801929,512002,0,512002,29443
v3,d830fc32ff2631e4e1344dc30b3e09c3b9690bed,graph,kdtree3d_leafcount,flyby,1,478,478,0.6526719928,0.1228799969,0.7836800218,0.802825,1,0,-1,27959,13980,47,15.66666667,1400,10.01430615,36.62389127,512002,0,512002,27959
v3,d830fc32ff2631e4e1344dc30b3e09c3b9690bed,graph,kdtree3d_leafcount,flyby,1,479,479,0.6551679969,0.1208320037,0.7843840122,0.803301,1,0,-1,28003,14002,46,15.33333333,1455,10.39137266,36.56634766,512002,0,512002,28003
v3,d830fc32ff2631e4e1344dc30b3e09c3b9690bed,graph,kdtree3d_leafcount,flyby,1,480,480,0.6516159773,0.1208320037,0.7814080119,0.793337,1,0,-1,27673,13837,46,15.33333333,1342,9.698634097,37.00238491,512002,0,512002,27673
v3,d830fc32ff2631e4e1344dc30b3e09c3b9690bed,graph,kdtree3d_leafcount,flyby,1,481,481,0.6556479931,0.1249279976,0.7892479897,0.805311,1,0,-1,29751,14876,47,15.66666667,1663,11.1790804,34.41798871,512002,0,512002,29751
v3,d830fc32ff2631e4e1344dc30b3e09c3b9690bed,graph,kdtree3d_leafcount,flyby,1,482,482,0.6557760239,0.1208320037,0.7849919796,0.803725,1,0,-1,28349,14175,46,15.33333333,1451,10.23633157,36.12007055,512002,0,512002,28349
v3,d830fc32ff2631e4e1344dc30b3e09c3b9690bed,graph,kdtree3d_leafcount,flyby,1,483,483,0.6534079909,0.1228799969,0.7849919796,0.803011,1,0,-1,27239,13620,46,15.33333333,1356,9.955947137,37.59192364,512002,0,512002,27239
v3,d830fc32ff2631e4e1344dc30b3e09c3b9690bed,graph,kdtree3d_leafcount,flyby,1,484,484,0.6554880142,0.1228799969,0.7868160009,0.806014,1,0,-1,29635,14818,47,15.66666667,1614,10.89215819,34.55270617,512002,0,512002,29635
v3,d830fc32ff2631e4e1344dc30b3e09c3b9690bed,graph,kdtree3d_leafcount,flyby,1,485,485,0.6575359702,0.1228799969,0.7887359858,0.802786,1,0,-1,28363,14182,47,15.66666667,1484,10.46396841,36.10224228,512002,0,512002,28363
v3,d830fc32ff2631e4e1344dc30b3e09c3b9690bed,graph,kdtree3d_leafcount,flyby,1,486,486,0.6568639874,0.1228799969,0.7875840068,0.801244,1,0,-1,27075,13538,46,15.33333333,1325,9.787265475,37.81961885,512002,0,512002,27075
v3,d830fc32ff2631e4e1344dc30b3e09c3b9690bed,graph,kdtree3d_leafcount,flyby,1,487,487,0.65200001,0.1208320037,0.7813439965,0.79353,1,0,-1,28217,14109,46,15.33333333,1435,10.17081296,36.28903537,512002,0,512002,28217
v3,d830fc32ff2631e4e1344dc30b3e09c3b9690bed,graph,kdtree3d_leafcount,flyby,1,488,488,0.6577919722,0.1249599978,0.7911360264,0.804855,1,0,-1,29579,14790,47,15.66666667,1691,11.43340095,34.61812035,512002,0,512002,29579
v3,d830fc32ff2631e4e1344dc30b3e09c3b9690bed,graph,kdtree3d_leafcount,flyby,1,489,489,0.6579200029,0.1208320037,0.7871360183,0.803688,1,0,-1,27345,13673,46,15.33333333,1348,9.858845901,37.44620785,512002,0,512002,27345
v3,d830fc32ff2631e4e1344dc30b3e09c3b9690bed,graph,kdtree3d_leafcount,flyby,1,490,490,0.6535360217,0.1228799969,0.7841280103,0.801172,1,0,-1,28081,14041,46,15.33333333,1496,10.65451179,36.46478171,512002,0,512002,28081
v3,d830fc32ff2631e4e1344dc30b3e09c3b9690bed,graph,kdtree3d_leafcount,flyby,1,491,491,0.6538879871,0.1249279976,0.7864639759,0.800305,1,0,-1,29563,14782,47,15.66666667,1621,10.96603978,34.63685564,512002,0,512002,29563
v3,d830fc32ff2631e4e1344dc30b3e09c3b9690bed,graph,kdtree3d_leafcount,flyby,1,492,492,0.6511359811,0.1208320037,0.7798399925,0.792597,1,0,-1,27907,13954,47,15.66666667,1412,10.1189623,36.69213129,512002,0,512002,27907
v3,d830fc32ff2631e4e1344dc30b3e09c3b9690bed,graph,kdtree3d_leafcount,flyby,1,493,493,0.6540160179,0.1228799969,0.7848640084,0.799552,1,0,-1,28033,14017,46,15.33333333,1476,10.53007063,36.52721695,512002,0,512002,28033
v3,d830fc32ff2631e4e1344dc30b3e09c3b9690bed,graph,kdtree3d_leafcount,flyby,1,494,494,0.6562240124,0.1228799969,0.7861440182,0.797738,1,0,-1,27883,13942,47,15.66666667,1302,9.338688854,36.72371252,512002,0,512002,27883
v3,d830fc32ff2631e4e1344dc30b3e09c3b9690bed,graph,kdtree3d_leafcount,flyby,1,495,495,0.6533120275,0.1228799969,0.7828159928,0.794265,1,0,-1,29377,14689,47,15.66666667,1633,11.1171625,34.85615086,512002,0,512002,29377
v3,d830fc32ff2631e4e1344dc30b3e09c3b9690bed,graph,kdtree3d_leafcount,flyby,1,496,496,0.6562880278,0.1228799969,0.786912024,0.798935,1,0,-1,27939,13970,47,15.66666667,1401,10.02863278,36.65010737,512002,0,512002,27939
v3,d830fc32ff2631e4e1344dc30b3e09c3b9690bed,graph,kdtree3d_leafcount,flyby,1,497,497,0.6530560255,0.1228799969,0.783295989,0.796112,1,0,-1,26973,13487,47,15.66666667,1292,9.579595166,37.96263068,512002,0,512002,26973
v3,d830fc32ff2631e4e1344dc30b3e09c3b9690bed,graph,kdtree3d_leafcount,flyby,1,498,498,0.6523839831,0.1228799969,0.783551991,0.795413,1,0,-1,29591,14796,47,15.66666667,1522,10.28656394,34.60408218,512002,0,512002,29591
v3,d830fc32ff2631e4e1344dc30b3e09c3b9690bed,graph,kdtree3d_leafcount,flyby,1,499,499,0.6505920291,0.1228799969,0.7810559869,0.799034,1,0,-1,28337,14169,47,15.66666667,1511,10.66412591,36.13536594,512002,0,512002,28337
v3,d830fc32ff2631e4e1344dc30b3e09c3b9690bed,graph,kdtree3d_leafcount,flyby,1,500,500,0.6529600024,0.1208320037,0.7814400196,0.80056,1,0,-1,26971,13486,46,15.33333333,1316,9.758267833,37.96544565,512002,0,512002,26971
v3,d830fc32ff2631e4e1344dc30b3e09c3b9690bed,graph,kdtree3d_leafcount,flyby,1,501,501,0.6554880142,0.1249599978,0.7886719704,0.801574,1,0,-1,29107,14554,47,15.66666667,1551,10.65686409,35.17946956,512002,0,512002,29107
v3,d830fc32ff2631e4e1344dc30b3e09c3b9690bed,graph,kdtree3d_leafcount,flyby,1,502,502,0.6597120166,0.1228799969,0.790816009,0.804577,1,0,-1,28777,14389,47,15.66666667,1575,10.94586142,35.58287581,512002,0,512002,28777
v3,d830fc32ff2631e4e1344dc30b3e09c3b9690bed,graph,kdtree3d_leafcount,flyby,1,503,503,0.655008018,0.1228799969,0.7853440046,0.800421,1,0,-1,27071,13536,46,15.33333333,1356,10.0177305,37.82520686,512002,0,512002,27071
v3,d830fc32ff2631e4e1344dc30b3e09c3b9690bed,graph,kdtree3d_leafcount,flyby,1,504,504,0.6568959951,0.1228799969,0.7886719704,0.804906,1,0,-1,27889,13945,47,15.66666667,1449,10.39082108,36.71581212,512002,0,512002,27889
v3,d830fc32ff2631e4e1344dc30b3e09c3b9690bed,graph,kdtree3d_leafcount,flyby,1,505,505,0.653504014,0.1228799969,0.784799993,0.802128,1,0,-1,29555,14778,47,15.66666667,1654,11.1923129,34.64623088,512002,0,512002,29555
v3,d830fc32ff2631e4e1344dc30b3e09c3b9690bed,graph,kdtree3d_leafcount,flyby,1,506,506,0.6557120085,0.1208639964,0.7844480276,0.802567,1,0,-1,27399,13700,47,15.66666667,1372,10.01459854,37.37240876,512002,0,512002,27399
v3,d830fc32ff2631e4e1344dc30b3e09c3b9690bed,graph,kdtree3d_leafcount,flyby,1,507,507,0.6557440162,0.1228799969,0.7868480086,0.802847,1,0,-1,27983,13992,46,15.33333333,1492,10.66323613,36.59248142,512002,0,512002,27983
v3,d830fc32ff2631e4e1344dc30b3e09c3b9690bed,graph,kdtree3d_leafcount,flyby,1,508,508,0.6553919911,0.1208320037,0.7837439775,0.799203,1,0,-1,29289,14645,47,15.66666667,1599,10.91840219,34.96087402,512002,0,512002,29289
v3,d830fc32ff2631e4e1344dc30b3e09c3b9690bed,graph,kdtree3d_leafcount,flyby,1,509,509,0.6553599834,0.1228799969,0.785951972,0.803093,1,0,-1,28057,14029,47,15.66666667,1379,9.829638606,36.49597263,512002,0,512002,28057
v3,d830fc32ff2631e4e1344dc30b3e09c3b9690bed,graph,kdtree3d_leafcount,flyby,1,510,510,0.6578239799,0.1228799969,0.7891520262,0.807429,1,0,-1,27811,13906,46,15.33333333,1420,10.21141953,36.81878326,512002,0,512002,27811
v3,d830fc32ff2631e4e1344dc30b3e09c3b9690bed,graph,kdtree3d_leafcount,flyby,1,511,511,0.6528000236,0.1228799969,0.7840319872,0.795403,1,0,-1,27343,13672,47,15.66666667,1295,9.4719134,37.44894675,512002,0,512002,27343
v3,d830fc32ff2631e4e1344dc30b3e09c3b9690bed,graph,kdtree3d_leafcount,flyby,1,512,512,0.6548159719,0.1228799969,0.7856960297,0.800778,1,0,-1,29601,14801,47,15.66666667,1658,11.20194581,34.59239241,512002,0,512002,29601
v3,d830fc32ff2631e4e1344dc30b3e09c3b9690bed,graph,kdtree3d_leafcount,flyby,1,513,513,0.649344027,0.1208320037,0.7771520019,0.787314,1,0,-1,28089,14045,46,15.33333333,1443,10.2741189,36.45439658,512002,0,512002,28089
v3,d830fc32ff2631e4e1344dc30b3e09c3b9690bed,graph,kdtree3d_leafcount,flyby,1,514,514,0.658559978,0.1228799969,0.7896639705,0.807923,1,0,-1,27149,13575,46,15.33333333,1330,9.797421731,37.71653775,512002,0,512002,27149
v3,d830fc32ff2631e4e1344dc30b3e09c3b9690bed,graph,kdtree3d_leafcount,flyby,1,515,515,0.6531839967,0.1249279976,0.786207974,0.802586,1,0,-1,29611,14806,47,15.66666667,1577,10.6510874,34.58071052,512002,0,512002,29611
v3,d830fc32ff2631e4e1344dc30b3e09c3b9690bed,graph,kdtree3d_leafcount,flyby,1,516,516,0.6571199894,0.1208320037,0.7858560085,0.80302,1,0,-1,28389,14195,47,15.66666667,1458,10.27122226,36.06917929,512002,0,512002,28389
v3,d830fc32ff2631e4e1344dc30b3e09c3b9690bed,graph,kdtree3d_leafcount,flyby,1,517,517,0.6497280002,0.1208320037,0.7791680098,0.791303,1,0,-1,26921,13461,46,15.33333333,1349,10.02154372,38.03595572,512002,0,512002,26921
v3,d830fc32ff2631e4e1344dc30b3e09c3b9690bed,graph,kdtree3d_leafcount,flyby,1,518,518,0.6553279757,0.1208320037,0.7839999795,0.801961,1,0,-1,28437,14219,47,15.66666667,1442,10.14136015,36.00829876,512002,0,512002,28437
v3,d830fc32ff2631e4e1344dc30b3e09c3b9690bed,graph,kdtree3d_leafcount,flyby,1,519,519,0.6560000181,0.1228799969,0.7856960297,0.797474,1,0,-1,29471,14736,47,15.66666667,1677,11.38029316,34.74497828,512002,0,512002,29471
v3,d830fc32ff2631e4e1344dc30b3e09c3b9690bed,graph,kdtree3d_leafcount,flyby,1,520,520,0.6477119923,0.1228799969,0.7791039944,0.791884,1,0,-1,27343,13672,47,15.66666667,1393,10.18870685,37.44894675,512002,0,512002,27343
v3,d830fc32ff2631e4e1344dc30b3e09c3b9690bed,graph,kdtree3d_leafcount,flyby,1,521,521,0.6532800198,0.1228799969,0.7844480276,0.801647,1,0,-1,28071,14036,46,15.33333333,1513,10.77942434,36.47777144,512002,0,512002,28071
v3,d830fc32ff2631e4e1344dc30b3e09c3b9690bed,graph,kdtree3d_leafcount,flyby,1,522,522,0.6532480121,0.1228799969,0.7839360237,0.801324,1,0,-1,29623,14812,47,15.66666667,1646,11.1126114,34.56670267,512002,0,512002,29623
v3,d830fc32ff2631e4e1344dc30b3e09c3b9690bed,graph,kdtree3d_leafcount,flyby,1,523,523,0.655008018,0.1208320037,0.7842879891,0.803075,1,0,-1,27461,13731,47,15.66666667,1377,10.02840288,37.28803437,512002,0,512002,27461
v3,d830fc32ff2631e4e1344dc30b3e09c3b9690bed,graph,kdtree3d_leafcount,flyby,1,524,524,0.6525120139,0.1228799969,0.7827200294,0.798611,1,0,-1,27839,13920,46,15.33333333,1468,10.54597701,36.78175287,512002,0,512002,27839
v3,d830fc32ff2631e4e1344dc30b3e09c3b9690bed,graph,kdtree3d_leafcount,flyby,1,525,525,0.6517120004,0.1249279976,0.7846720219,0.802595,1,0,-1,29187,14594,47,15.66666667,1595,10.92914897,35.08304783,512002,0,512002,29187
v3,d830fc32ff2631e4e1344dc30b3e09c3b9690bed,graph,kdtree3d_leafcount,flyby,1,526,526,0.6575679779,0.1228799969,0.7892479897,0.806059,1,0,-1,28183,14092,47,15.66666667,1463,10.38177689,36.33281294,512002,0,512002,28183
v3,d830fc32ff2631e4e1344dc30b3e09c3b9690bed,graph,kdtree3d_leafcount,flyby,1,527,527,0.6515200138,0.1228799969,0.782656014,0.794466,1,0,-1,27991,13996,46,15.33333333,1451,10.36724779,36.58202344,512002,0,512002,27991
v3,d830fc32ff2631e4e1344dc30b3e09c3b9690bed,graph,kdtree3d_leafcount,flyby,1,528,528,0.650752008,0.1228799969,0.7823359966,0.794112,1,0,-1,27397,13699,47,15.66666667,1325,9.67223885,37.37513687,512002,0,512002,27397
v3,d830fc32ff2631e4e1344dc30b3e09c3b9690bed,graph,kdtree3d_leafcount,flyby,1,529,529,0.6593279839,0.1249279976,0.7928640246,0.804207,1,0,-1,29623,14812,47,15.66666667,1641,11.07885498,34.56670267,512002,0,512002,29623
v3,d830fc32ff2631e4e1344dc30b3e09c3b9690bed,graph,kdtree3d_leafcount,flyby,1,530,530,0.6553279757,0.1228799969,0.7863360047,0.802595,1,0,-1,28213,14107,47,15.66666667,1473,10.44162473,36.29418019,512002,0,512002,28213
v3,d830fc32ff2631e4e1344dc30b3e09c3b9690bed,graph,kdtree3d_leafcount,flyby,1,531,531,0.6511679888,0.1228799969,0.7824640274,0.802433,1,0,-1,27197,13599,46,15.33333333,1368,10.0595632,37.64997426,512002,0,512002,27197
v3,d830fc32ff2631e4e1344dc30b3e09c3b9690bed,graph,kdtree3d_leafcount,flyby,1,532,532,0.6534720063,0.1228799969,0.7843199968,0.801744,1,0,-1,29649,14825,47,15.66666667,1613,10.88026981,34.53639123,512002,0,512002,29649
v3,d830fc32ff2631e4e1344dc30b3e09c3b9690bed,graph,kdtree3d_leafcount,flyby,1,533,533,0.6527040005,0.1228799969,0.783904016,0.80296,1,0,-1,28393,14197,47,15.66666667,1503,10.58674368,36.06409805,512002,0,512002,28393
v3,d830fc32ff2631e4e1344dc30b3e09c3b9690bed,graph,kdtree3d_leafcount,flyby,1,534,534,0.6537920237,0.1208320037,0.7819200158,0.797657,1,0,-1,27115,13558,46,15.33333333,1340,9.883463638,37.76382947,512002,0,512002,27115
v3,d830fc32ff2631e4e1344dc30b3e09c3b9690bed,graph,kdtree3d_leafcount,flyby,1,535,535,0.6557120085,0.1228799969,0.7860800028,0.801002,1,0,-1,28543,14272,47,15.66666667,1462,10.24383408,35.8745796,512002,0,512002,28543
v3,d830fc32ff2631e4e1344dc30b3e09c3b9690bed,graph,kdtree3d_leafcount,flyby,1,536,536,0.6490560174,0.1249279976,0.780543983,0.793528,1,0,-1,29583,14792,47,15.66666667,1689,11.41833423,34.6134397,512002,0,512002,29583
v3,d830fc32ff2631e4e1344dc30b3e09c3b9690bed,graph,kdtree3d_leafcount,flyby,1,537,537,0.6493120193,0.1228799969,0.7802240252,0.791332,1,0,-1,27443,13722,46,15.33333333,1374,10.01311762,37.31249089,512002,0,512002,27443
v3,d830fc32ff2631e4e1344dc30b3e09c3b9690bed,graph,kdtree3d_leafcount,flyby,1,538,538,0.6496959925,0.1228799969,0.7792320251,0.796326,1,0,-1,28117,14059,47,15.66666667,1554,11.05341774,36.41809517,512002,0,512002,28117
v3,d830fc32ff2631e4e1344dc30b3e09c3b9690bed,graph,kdtree3d_leafcount,flyby,1,539,539,0.6528319716,0.1249599978,0.7839999795,0.79289,1,0,-1,29741,14871,47,15.66666667,1657,11.1424921,34.42956089,512002,0,512002,29741
v3,d830fc32ff2631e4e1344dc30b3e09c3b9690bed,graph,kdtree3d_leafcount,flyby,1,540,540,0.6522240043,0.1228799969,0.782047987,0.799483,1,0,-1,27695,13848,47,15.66666667,1425,10.29029463,36.97299249,512002,0,512002,27695
v3,d830fc32ff2631e4e1344dc30b3e09c3b9690bed,graph,kdtree3d_leafcount,flyby,1,541,541,0.6533120275,0.1208320037,0.7824640274,0.801192,1,0,-1,27933,13967,46,15.33333333,1513,10.83267702,36.65797952,512002,0,512002,27933
v3,d830fc32ff2631e4e1344dc30b3e09c3b9690bed,graph,kdtree3d_leafcount,flyby,1,542,542,0.657311976,0.1228799969,0.7885760069,0.80236,1,0,-1,29343,14672,47,15.66666667,1622,11.05507088,34.89653762,512002,0,512002,29343
v3,d830fc32ff2631e4e1344dc30b3e09c3b9690bed,graph,kdtree3d_leafcount,flyby,1,543,543,0.6494399905,0.1228799969,0.7794880271,0.791927,1,0,-1,28157,14079,47,15.66666667,1405,9.979401946,36.36636125,512002,0,512002,28157
v3,d830fc32ff2631e4e1344dc30b3e09c3b9690bed,graph,kdtree3d_leafcount,flyby,1,544,544,0.6546239853,0.1228799969,0.7850880027,0.800657,1,0,-1,28073,14037,46,15.33333333,1430,10.18736197,36.47517276,512002,0,512002,28073
v3,d830fc32ff2631e4e1344dc30b3e09c3b9690bed,graph,kdtree3d_leafcount,flyby,1,545,545,0.6530240178,0.1228799969,0.7823680043,0.794846,1,0,-1,27435,13718,46,15.33333333,1281,9.338095932,37.32337075,512002,0,512002,27435
v3,d830fc32ff2631e4e1344dc30b3e09c3b9690bed,graph,kdtree3d_leafcount,flyby,1,546,546,0.6534399986,0.1249279976,0.7863680124,0.801621,1,0,-1,29589,14795,48,16,1626,10.99019939,34.60642109,512002,0,512002,29589
v3,d830fc32ff2631e4e1344dc30b3e09c3b9690bed,graph,kdtree3d_leafcount,flyby,1,547,547,0.648992002,0.1228799969,0.7786880136,0.790949,1,0,-1,28107,14054,46,15.33333333,1423,10.12523125,36.43105166,512002,0,512002,28107
v3,d830fc32ff2631e4e1344dc30b3e09c3b9690bed,graph,kdtree3d_leafcount,flyby,1,548,548,0.6555520296,0.1228799969,0.7859200239,0.802393,1,0,-1,27053,13527,46,15.33333333,1305,9.647371923,37.85037333,512002,0,512002,27053
v3,d830fc32ff2631e4e1344dc30b3e09c3b9690bed,graph,kdtree3d_leafcount,flyby,1,549,549,0.6512960196,0.1228799969,0.7819200158,0.792978,1,0,-1,29469,14735,47,15.66666667,1558,10.57346454,34.74733627,512002,0,512002,29469
v3,d830fc32ff2631e4e1344dc30b3e09c3b9690bed,graph,kdtree3d_leafcount,flyby,1,550,550,0.6556479931,0.1208320037,0.7842239738,0.800904,1,0,-1,28243,14122,47,15.66666667,1476,10.45177737,36.25562951,512002,0,512002,28243
v3,d830fc32ff2631e4e1344dc30b3e09c3b9690bed,graph,kdtree3d_leafcount,flyby,1,551,551,0.653504014,0.1208320037,0.7829759717,0.796426,1,0,-1,27109,13555,46,15.33333333,1356,10.00368868,37.77218738,512002,0,512002,27109
v3,d830fc32ff2631e4e1344dc30b3e09c3b9690bed,graph,kdtree3d_leafcount,flyby,1,552,552,0.6566079855,0.1228799969,0.7893760204,0.809563,1,0,-1,29083,14542,47,15.66666667,1529,10.51437216,35.20849952,512002,0,512002,29083
v3,d830fc32ff2631e4e1344dc30b3e09c3b9690bed,graph,kdtree3d_leafcount,flyby,1,553,553,0.6590080261,0.1228799969,0.7904319763,0.803338,1,0,-1,28889,14445,47,15.66666667,1530,10.59190031,35.44492904,512002,0,512002,28889
v3,d830fc32ff2631e4e1344dc30b3e09c3b9690bed,graph,kdtree3d_leafcount,flyby,1,554,554,0.6537920237,0.1208320037,0.7823359966,0.801422,1,0,-1,26965,13483,46,15.33333333,1300,9.641771119,37.97389305,512002,0,512002,26965
v3,d830fc32ff2631e4e1344dc30b3e09c3b9690bed,graph,kdtree3d_leafcount,flyby,1,555,555,0.6555839777,0.1228799969,0.7871999741,0.804158,1,0,-1,28109,14055,46,15.33333333,1437,10.22411953,36.42845962,512002,0,512002,28109
v3,d830fc32ff2631e4e1344dc30b3e09c3b9690bed,graph,kdtree3d_leafcount,flyby,1,556,556,0.6534720063,0.1228799969,0.7840960026,0.801349,1,0,-1,29535,14768,47,15.66666667,1616,10.94257855,34.66969122,512002,0,512002,29535
v3,d830fc32ff2631e4e1344dc30b3e09c3b9690bed,graph,kdtree3d_leafcount,flyby,1,557,557,0.6573439837,0.1228799969,0.7890239954,0.802684,1,0,-1,27299,13650,47,15.66666667,1340,9.816849817,37.50930403,512002,0,512002,27299
v3,d830fc32ff2631e4e1344dc30b3e09c3b9690bed,graph,kdtree3d_leafcount,flyby,1,558,558,0.6491839886,0.1208639964,0.7786560059,0.791104,1,0,-1,27849,13925,46,15.33333333,1448,10.39856373,36.76854578,512002,0,512002,27849
v3,d830fc32ff2631e4e1344dc30b3e09c3b9690bed,graph,kdtree3d_leafcount,flyby,1,559,559,0.6534399986,0.1249279976,0.7866880298,0.803661,1,0,-1,29477,14739,47,15.66666667,1591,10.79449081,34.73790624,512002,0,512002,29477
v3,d830fc32ff2631e4e1344dc30b3e09c3b9690bed,graph,kdtree3d_leafcount,flyby,1,560,560,0.6549440026,0.1228799969,0.7863360047,0.803725,1,0,-1,27677,13839,47,15.66666667,1363,9.848977527,36.99703736,512002,0,512002,27677
v3,d830fc32ff2631e4e1344dc30b3e09c3b9690bed,graph,kdtree3d_leafcount,flyby,1,561,561,0.655903995,0.1208320037,0.7852799892,0.803019,1,0,-1,27853,13927,46,15.33333333,1443,10.36116895,36.7632656,512002,0,512002,27853
v3,d830fc32ff2631e4e1344dc30b3e09c3b9690bed,graph,kdtree3d_leafcount,flyby,1,562,562,0.6560320258,0.1228799969,0.7879040241,0.804008,1,0,-1,27951,13976,47,15.66666667,1333,9.53777905,36.63437321,512002,0,512002,27951
v3,d830fc32ff2631e4e1344dc30b3e09c3b9690bed,graph,kdtree3d_leafcount,flyby,1,563,563,0.6515200138,0.1228799969,0.7826240063,0.800848,1,0,-1,29301,14651,47,15.66666667,1637,11.17329875,34.94655655,512002,0,512002,29301
v3,d830fc32ff2631e4e1344dc30b3e09c3b9690bed,graph,kdtree3d_leafcount,flyby,1,564,564,0.6552960277,0.1208320037,0.7843840122,0.802238,1,0,-1,28111,14056,47,15.66666667,1419,10.09533295,36.42586796,512002,0,512002,28111
v3,d830fc32ff2631e4e1344dc30b3e09c3b9690bed,graph,kdtree3d_leafcount,flyby,1,565,565,0.652256012,0.1208320037,0.7811840177,0.800672,1,0,-1,27257,13629,47,15.66666667,1291,9.472448455,37.56709957,512002,0,512002,27257
v3,d830fc32ff2631e4e1344dc30b3e09c3b9690bed,graph,kdtree3d_leafcount,flyby,1,566,566,0.6536639929,0.1249279976,0.7872319818,0.802601,1,0,-1,29561,14781,47,15.66666667,1576,10.66233678,34.63919897,512002,0,512002,29561
v3,d830fc32ff2631e4e1344dc30b3e09c3b9690bed,graph,kdtree3d_leafcount,flyby,1,567,567,0.6548479795,0.1228799969,0.7844160199,0.79831,1,0,-1,28157,14079,47,15.66666667,1401,9.950990837,36.36636125,512002,0,512002,28157
v3,d830fc32ff2631e4e1344dc30b3e09c3b9690bed,graph,kdtree3d_leafcount,flyby,1,568,568,0.6568639874,0.1228799969,0.787455976,0.800621,1,0,-1,27183,13592,46,15.33333333,1279,9.409947028,37.66936433,512002,0,512002,27183
v3,d830fc32ff2631e4e1344dc30b3e09c3b9690bed,graph,kdtree3d_leafcount,flyby,1,569,569,0.6547200084,0.1249279976,0.7875199914,0.800734,1,0,-1,29619,14810,47,15.66666667,1571,10.6076975,34.5713707,512002,0,512002,29619
v3,d830fc32ff2631e4e1344dc30b3e09c3b9690bed,graph,kdtree3d_leafcount,flyby,1,570,570,0.6516799927,0.1228799969,0.7812799811,0.7968,1,0,-1,28537,14269,47,15.66666667,1452,10.17590581,35.88212208,512002,0,512002,28537
v3,d830fc32ff2631e4e1344dc30b3e09c3b9690bed,graph,kdtree3d_leafcount,flyby,1,571,571,0.6544960141,0.1208320037,0.7831680179,0.800005,1,0,-1,27209,13605,46,15.33333333,1326,9.746416759,37.63337008,512002,0,512002,27209
v3,d830fc32ff2631e4e1344dc30b3e09c3b9690bed,graph,kdtree3d_leafcount,flyby,1,572,572,0.6505280137,0.1228799969,0.7813439965,0.791984,1,0,-1,28405,14203,47,15.66666667,1390,9.786664789,36.04886292,512002,0,512002,28405
v3,d830fc32ff2631e4e1344dc30b3e09c3b9690bed,graph,kdtree3d_leafcount,flyby,1,573,573,0.653504014,0.1249279976,0.7864959836,0.800705,1,0,-1,29523,14762,47,15.66666667,1602,10.85218805,34.68378269,512002,0,512002,29523
v3,d830fc32ff2631e4e1344dc30b3e09c3b9690bed,graph,kdtree3d_leafcount,flyby,1,574,574,0.6535999775,0.1228799969,0.7844160199,0.800816,1,0,-1,27299,13650,46,15.33333333,1262,9.245421245,37.50930403,512002,0,512002,27299
v3,d830fc32ff2631e4e1344dc30b3e09c3b9690bed,graph,kdtree3d_leafcount,flyby,1,575,575,0.6555520296,0.1228799969,0.7849919796,0.809139,1,0,-1,28147,14074,47,15.66666667,1430,10.16057979,36.37928094,512002,0,512002,28147
v3,d830fc32ff2631e4e1344dc30b3e09c3b9690bed,graph,kdtree3d_leafcount,flyby,1,576,576,0.652895987,0.1228799969,0.7841280103,0.800905,1,0,-1,29545,14773,47,15.66666667,1571,10.63426521,34.65795708,512002,0,512002,29545
v3,d830fc32ff2631e4e1344dc30b3e09c3b9690bed,graph,kdtree3d_leafcount,flyby,1,577,577,0.6502720118,0.1228799969,0.7813439965,0.792574,1,0,-1,27483,13742,47,15.66666667,1267,9.219909766,37.25818658,512002,0,512002,27483
v3,d830fc32ff2631e4e1344dc30b3e09c3b9690bed,graph,kdtree3d_leafcount,flyby,1,578,578,0.6571199894,0.1228799969,0.7883840203,0.803118,1,0,-1,27867,13934,46,15.33333333,1393,9.997129324,36.7447969,512002,0,512002,27867
v3,d830fc32ff2631e4e1344dc30b3e09c3b9690bed,graph,kdtree3d_leafcount,flyby,1,579,579,0.6558399796,0.1228799969,0.7877759933,0.804942,1,0,-1,29329,14665,47,15.66666667,1551,10.57620184,34.91319468,512002,0,512002,29329
v3,d830fc32ff2631e4e1344dc30b3e09c3b9690bed,graph,kdtree3d_leafcount,flyby,1,580,580,0.655807972,0.1208320037,0.7856960297,0.798025,1,0,-1,27849,13925,47,15.66666667,1340,9.622980251,36.76854578,512002,0,512002,27849
v3,d830fc32ff2631e4e1344dc30b3e09c3b9690bed,graph,kdtree3d_leafcount,flyby,1,581,581,0.6533439755,0.1228799969,0.7849599719,0.802644,1,0,-1,27879,13940,46,15.33333333,1378,9.885222382,36.72898135,512002,0,512002,27879
v3,d830fc32ff2631e4e1344dc30b3e09c3b9690bed,graph,kdtree3d_leafcount,flyby,1,582,582,0.6536960006,0.1208320037,0.7815999985,0.796534,1,0,-1,27807,13904,47,15.66666667,1266,9.105293441,36.8240794,512002,0,512002,27807
v3,d830fc32ff2631e4e1344dc30b3e09c3b9690bed,graph,kdtree3d_leafcount,flyby,1,583,583,0.6515840292,0.1249599978,0.784799993,0.802511,1,0,-1,29279,14640,47,15.66666667,1514,10.34153005,34.97281421,512002,0,512002,29279
v3,d830fc32ff2631e4e1344dc30b3e09c3b9690bed,graph,kdtree3d_leafcount,flyby,1,584,584,0.647840023,0.1208320037,0.7776319981,0.794634,1,0,-1,28191,14096,46,15.33333333,1394,9.889330306,36.32250284,512002,0,512002,28191
v3,d830fc32ff2631e4e1344dc30b3e09c3b9690bed,graph,kdtree3d_leafcount,flyby,1,585,585,0.6531839967,0.1208320037,0.7835199833,0.795878,1,0,-1,27349,13675,47,15.66666667,1276,9.330895795,37.44073126,512002,0,512002,27349
v3,d830fc32ff2631e4e1344dc30b3e09c3b9690bed,graph,kdtree3d_leafcount,flyby,1,586,586,0.6514880061,0.1249279976,0.7850239873,0.802511,1,0,-1,29747,14874,47,15.66666667,1600,10.75702568,34.42261665,512002,0,512002,29747
v3,d830fc32ff2631e4e1344dc30b3e09c3b9690bed,graph,kdtree3d_leafcount,flyby,1,587,587,0.6535680294,0.1228799969,0.7851840258,0.804741,1,0,-1,28225,14113,47,15.66666667,1428,10.11833062,36.27875009,512002,0,512002,28225
v3,d830fc32ff2631e4e1344dc30b3e09c3b9690bed,graph,kdtree3d_leafcount,flyby,1,588,588,0.647840023,0.1208320037,0.7765120268,0.789568,1,0,-1,27009,13505,46,15.33333333,1314,9.72972973,37.91203258,512002,0,512002,27009
v3,d830fc32ff2631e4e1344dc30b3e09c3b9690bed,graph,kdtree3d_leafcount,flyby,1,589,589,0.6556479931,0.1228799969,0.7871360183,0.802491,1,0,-1,29755,14878,47,15.66666667,1595,10.72052695,34.41336201,512002,0,512002,29755
v3,d830fc32ff2631e4e1344dc30b3e09c3b9690bed,graph,kdtree3d_leafcount,flyby,1,590,590,0.6527680159,0.1228799969,0.7842879891,0.804136,1,0,-1,28551,14276,47,15.66666667,1480,10.36704959,35.86452788,512002,0,512002,28551
v3,d830fc32ff2631e4e1344dc30b3e09c3b9690bed,graph,kdtree3d_leafcount,flyby,1,591,591,0.6553919911,0.1228799969,0.7860159874,0.800553,1,0,-1,27219,13610,46,15.33333333,1342,9.860396767,37.61954445,512002,0,512002,27219
v3,d830fc32ff2631e4e1344dc30b3e09c3b9690bed,graph,kdtree3d_leafcount,flyby,1,592,592,0.6533439755,0.1228799969,0.7851840258,0.804774,1,0,-1,28439,14220,47,15.66666667,1422,10,36.00576653,512002,0,512002,28439
v3,d830fc32ff2631e4e1344dc30b3e09c3b9690bed,graph,kdtree3d_leafcount,flyby,1,593,593,0.65200001,0.1228799969,0.7840319872,0.796879,1,0,-1,29605,14803,47,15.66666667,1639,11.07207998,34.58771871,512002,0,512002,29605
v3,d830fc32ff2631e4e1344dc30b3e09c3b9690bed,graph,kdtree3d_leafcount,flyby,1,594,594,0.649600029,0.1228799969,0.7820799947,0.796988,1,0,-1,27389,13695,46,15.33333333,1331,9.718875502,37.3860533,512002,0,512002,27389
v3,d830fc32ff2631e4e1344dc30b3e09c3b9690bed,graph,kdtree3d_leafcount,flyby,1,595,595,0.6558719873,0.1228799969,0.7874879837,0.804969,1,0,-1,27979,13990,46,15.33333333,1399,10,36.59771265,512002,0,512002,27979
v3,d830fc32ff2631e4e1344dc30b3e09c3b9690bed,graph,kdtree3d_leafcount,flyby,1,596,596,0.6571840048,0.1228799969,0.7881919742,0.804128,1,0,-1,29539,14770,47,15.66666667,1578,10.68381855,34.66499661,512002,0,512002,29539
v3,d830fc32ff2631e4e1344dc30b3e09c3b9690bed,graph,kdtree3d_leafcount,flyby,1,597,597,0.6549440026,0.1228799969,0.7856320143,0.802088,1,0,-1,27399,13700,47,15.66666667,1306,9.532846715,37.37240876,512002,0,512002,27399
v3,d830fc32ff2631e4e1344dc30b3e09c3b9690bed,graph,kdtree3d_leafcount,flyby,1,598,598,0.6540480256,0.1228799969,0.7847040296,0.799842,1,0,-1,27823,13912,46,15.33333333,1433,10.30046003,36.80290397,512002,0,512002,27823
v3,d830fc32ff2631e4e1344dc30b3e09c3b9690bed,graph,kdtree3d_leafcount,flyby,1,599,599,0.6573759913,0.1228799969,0.788416028,0.800668,1,0,-1,29293,14647,47,15.66666667,1535,10.47996177,34.95610023,512002,0,512002,29293
v3,d830fc32ff2631e4e1344dc30b3e09c3b9690bed,graph,kdtree3d_leafcount,flyby,1,600,600,0.6544960141,0.1208320037,0.7828480005,0.800087,1,0,-1,27639,13820,47,15.66666667,1289,9.327062229,37.04790159,512002,0,512002,27639
v3,d830fc32ff2631e4e1344dc30b3e09c3b9690bed,graph,kdtree3d_leafcount,flyby,1,601,601,0.6557760239,0.1228799969,0.7870720029,0.803756,1,0,-1,27671,13836,46,15.33333333,1366,9.872795606,37.00505927,512002,0,512002,27671
v3,d830fc32ff2631e4e1344dc30b3e09c3b9690bed,graph,kdtree3d_leafcount,flyby,1,602,602,0.6528000236,0.1228799969,0.7840319872,0.802473,1,0,-1,27843,13922,47,15.66666667,1261,9.057606666,36.7764689,512002,0,512002,27843
v3,d830fc32ff2631e4e1344dc30b3e09c3b9690bed,graph,kdtree3d_leafcount,flyby,1,603,603,0.6529600024,0.1249599978,0.7857279778,0.800638,1,0,-1,29105,14553,47,15.66666667,1589,10.91871092,35.1818869,512002,0,512002,29105
v3,d830fc32ff2631e4e1344dc30b3e09c3b9690bed,graph,kdtree3d_leafcount,flyby,1,604,604,0.6547200084,0.1228799969,0.7852479815,0.801009,1,0,-1,28001,14001,47,15.66666667,1379,9.849296479,36.56895936,512002,0,512002,28001
v3,d830fc32ff2631e4e1344dc30b3e09c3b9690bed,graph,kdtree3d_leafcount,flyby,1,605,605,0.6523200274,0.1208320037,0.7819200158,0.79517,1,0,-1,27349,13675,47,15.66666667,1233,9.016453382,37.44073126,512002,0,512002,27349
v3,d830fc32ff2631e4e1344dc30b3e09c3b9690bed,graph,kdtree3d_leafcount,flyby,1,606,606,0.6583359838,0.1249279976,0.7924159765,0.805439,1,0,-1,29681,14841,47,15.66666667,1547,10.42382589,34.49915774,512002,0,512002,29681
v3,d830fc32ff2631e4e1344dc30b3e09c3b9690bed,graph,kdtree3d_leafcount,flyby,1,607,607,0.6533439755,0.1228799969,0.7847040296,0.803203,1,0,-1,28131,14066,47,15.66666667,1379,9.80378217,36.39997156,512002,0,512002,28131
v3,d830fc32ff2631e4e1344dc30b3e09c3b9690bed,graph,kdtree3d_leafcount,flyby,1,608,608,0.6538239717,0.1208320037,0.7830399871,0.795815,1,0,-1,27081,13541,46,15.33333333,1268,9.364153312,37.81123994,512002,0,512002,27081
v3,d830fc32ff2631e4e1344dc30b3e09c3b9690bed,graph,kdtree3d_leafcount,flyby,1,609,609,0.651391983,0.1249279976,0.7845759988,0.802335,1,0,-1,29665,14833,47,15.66666667,1544,10.40922268,34.51776444,512002,0,512002,29665
v3,d830fc32ff2631e4e1344dc30b3e09c3b9690bed,graph,kdtree3d_leafcount,flyby,1,610,610,0.6546880007,0.1228799969,0.7852479815,0.800465,1,0,-1,28429,14215,47,15.66666667,1432,10.07386563,36.01843123,512002,0,512002,28429
v3,d830fc32ff2631e4e1344dc30b3e09c3b9690bed,graph,kdtree3d_leafcount,flyby,1,611,611,0.6505280137,0.1229119971,0.7809919715,0.798801,1,0,-1,26959,13480,46,15.33333333,1277,9.473293769,37.98234421,512002,0,512002,26959
v3,d830fc32ff2631e4e1344dc30b3e09c3b9690bed,graph,kdtree3d_leafcount,flyby,1,612,612,0.6561920047,0.1249279976,0.7886400223,0.799202,1,0,-1,29105,14553,47,15.66666667,1444,9.922352779,35.1818869,512002,0,512002,29105
v3,d830fc32ff2631e4e1344dc30b3e09c3b9690bed,graph,kdtree3d_leafcount,flyby,1,613,613,0.6520640254,0.1228799969,0.782047987,0.798972,1,0,-1,28855,14428,47,15.66666667,1524,10.56279457,35.48669254,512002,0,512002,28855
v3,d830fc32ff2631e4e1344dc30b3e09c3b9690bed,graph,kdtree3d_leafcount,flyby,1,614,614,0.6527680159,0.1208639964,0.781791985,0.794258,1,0,-1,27077,13539,46,15.33333333,1287,9.505871926,37.81682547,512002,0,512002,27077
v3,d830fc32ff2631e4e1344dc30b3e09c3b9690bed,graph,kdtree3d_leafcount,flyby,1,615,615,0.6541439891,0.1228799969,0.7835839987,0.796921,1,0,-1,28109,14055,46,15.33333333,1409,10.02490217,36.42845962,512002,0,512002,28109
v3,d830fc32ff2631e4e1344dc30b3e09c3b9690bed,graph,kdtree3d_leafcount,flyby,1,616,616,0.6549440026,0.1249279976,0.7877439857,0.800637,1,0,-1,29577,14789,47,15.66666667,1601,10.82561363,34.62046115,512002,0,512002,29577
v3,d830fc32ff2631e4e1344dc30b3e09c3b9690bed,graph,kdtree3d_leafcount,flyby,1,617,617,0.653504014,0.1208320037,0.7822080255,0.80131,1,0,-1,27277,13639,47,15.66666667,1317,9.656133148,37.53955569,512002,0,512002,27277
v3,d830fc32ff2631e4e1344dc30b3e09c3b9690bed,graph,kdtree3d_leafcount,flyby,1,618,618,0.6510400176,0.1208320037,0.7792959809,0.791167,1,0,-1,27937,13969,47,15.66666667,1420,10.16536617,36.65273105,512002,0,512002,27937
v3,d830fc32ff2631e4e1344dc30b3e09c3b9690bed,graph,kdtree3d_leafcount,flyby,1,619,619,0.6577600241,0.1249599978,0.7903680205,0.802971,1,0,-1,29401,14701,47,15.66666667,1565,10.64553432,34.8276988,512002,0,512002,29401
v3,d830fc32ff2631e4e1344dc30b3e09c3b9690bed,graph,kdtree3d_leafcount,flyby,1,620,620,0.6581439972,0.1228799969,0.7891520262,0.803128,1,0,-1,27483,13742,47,15.66666667,1337,9.729297046,37.25818658,512002,0,512002,27483
v3,d830fc32ff2631e4e1344dc30b3e09c3b9690bed,graph,kdtree3d_leafcount,flyby,1,621,621,0.6564159989,0.1229119971,0.7870079875,0.79917,1,0,-1,27815,13908,46,15.33333333,1404,10.0949094,36.81348864,512002,0,512002,27815
v3,d830fc32ff2631e4e1344dc30b3e09c3b9690bed,graph,kdtree3d_leafcount,flyby,1,622,622,0.657407999,0.1208320037,0.7869759798,0.801977,1,0,-1,29297,14649,47,15.66666667,1567,10.6969759,34.95132774,512002,0,512002,29297
v3,d830fc32ff2631e4e1344dc30b3e09c3b9690bed,graph,kdtree3d_leafcount,flyby,1,623,623,0.6575359702,0.1228799969,0.7886080146,0.806541,1,0,-1,28029,14015,47,15.66666667,1383,9.867998573,36.53242954,512002,0,512002,28029
v3,d830fc32ff2631e4e1344dc30b3e09c3b9690bed,graph,kdtree3d_leafcount,flyby,1,624,624,0.6576960087,0.1208320037,0.7868800163,0.80487,1,0,-1,27945,13973,46,15.33333333,1403,10.04079296,36.6422386,512002,0,512002,27945
v3,d830fc32ff2631e4e1344dc30b3e09c3b9690bed,graph,kdtree3d_leafcount,flyby,1,625,625,0.6556159854,0.1228799969,0.7866240144,0.802295,1,0,-1,27717,13859,47,15.66666667,1283,9.257522188,36.94364673,512002,0,512002,27717
v3,d830fc32ff2631e4e1344dc30b3e09c3b9690bed,graph,kdtree3d_leafcount,flyby,1,626,626,0.6535360217,0.1249279976,0.7867519855,0.803392,1,0,-1,29449,14725,47,15.66666667,1619,10.99490662,34.77093379,512002,0,512002,29449
v3,d830fc32ff2631e4e1344dc30b3e09c3b9690bed,graph,kdtree3d_leafcount,flyby,1,627,627,0.6575999856,0.1228799969,0.7883840203,0.801089,1,0,-1,27983,13992,46,15.33333333,1366,9.762721555,36.59248142,512002,0,512002,27983
v3,d830fc32ff2631e4e1344dc30b3e09c3b9690bed,graph,kdtree3d_leafcount,flyby,1,628,628,0.6533120275,0.1228799969,0.7845119834,0.80326,1,0,-1,27181,13591,46,15.33333333,1270,9.344419101,37.67213597,512002,0,512002,27181
v3,d830fc32ff2631e4e1344dc30b3e09c3b9690bed,graph,kdtree3d_leafcount,flyby,1,629,629,0.6557440162,0.1249279976,0.7900480032,0.806968,1,0,-1,29525,14763,47,15.66666667,1593,10.79048974,34.68143331,512002,0,512002,29525
v3,d830fc32ff2631e4e1344dc30b3e09c3b9690bed,graph,kdtree3d_leafcount,flyby,1,630,630,0.6602560282,0.1228799969,0.7926080227,0.807689,1,0,-1,28165,14083,46,15.33333333,1434,10.18248953,36.3560321,512002,0,512002,28165
v3,d830fc32ff2631e4e1344dc30b3e09c3b9690bed,graph,kdtree3d_leafcount,flyby,1,631,631,0.658272028,0.1228799969,0.7887679935,0.801978,1,0,-1,27035,13518,46,15.33333333,1321,9.772155644,37.87557331,512002,0,512002,27035
v3,d830fc32ff2631e4e1344dc30b3e09c3b9690bed,graph,kdtree3d_leafcount,flyby,1,632,632,0.6578879952,0.1249279976,0.7901120186,0.802407,1,0,-1,29541,14771,47,15.66666667,1574,10.65601516,34.66264979,512002,0,512002,29541
v3,d830fc32ff2631e4e1344dc30b3e09c3b9690bed,graph,kdtree3d_leafcount,flyby,1,633,633,0.6555520296,0.1249599978,0.7895039916,0.804175,1,0,-1,28379,14190,47,15.66666667,1441,10.15503876,36.08188865,512002,0,512002,28379
v3,d830fc32ff2631e4e1344dc30b3e09c3b9690bed,graph,kdtree3d_leafcount,flyby,1,634,634,0.6531199813,0.1228799969,0.7838079929,0.803149,1,0,-1,27259,13630,46,15.33333333,1323,9.706529714,37.56434336,512002,0,512002,27259
v3,d830fc32ff2631e4e1344dc30b3e09c3b9690bed,graph,kdtree3d_leafcount,flyby,1,635,635,0.6533120275,0.1249279976,0.7855359912,0.79999,1,0,-1,29145,14573,47,15.66666667,1521,10.43710972,35.13360324,512002,0,512002,29145
v3,d830fc32ff2631e4e1344dc30b3e09c3b9690bed,graph,kdtree3d_leafcount,flyby,1,636,636,0.6532800198,0.1208320037,0.7820799947,0.800397,1,0,-1,28903,14452,47,15.66666667,1548,10.71132023,35.42776086,512002,0,512002,28903
v3,d830fc32ff2631e4e1344dc30b3e09c3b9690bed,graph,kdtree3d_leafcount,flyby,1,637,637,0.6538879871,0.1208320037,0.7830399871,0.801011,1,0,-1,27063,13532,46,15.33333333,1332,9.843334319,37.83638782,512002,0,512002,27063
v3,d830fc32ff2631e4e1344dc30b3e09c3b9690bed,graph,kdtree3d_leafcount,flyby,1,638,638,0.6578879952,0.1208320037,0.787455976,0.803276,1,0,-1,28069,14035,47,15.66666667,1398,9.960812255,36.4803705,512002,0,512002,28069
v3,d830fc32ff2631e4e1344dc30b3e09c3b9690bed,graph,kdtree3d_leafcount,flyby,1,639,639,0.6542080045,0.1249279976,0.7879040241,0.80251,1,0,-1,29441,14721,47,15.66666667,1602,10.88241288,34.78038177,512002,0,512002,29441
v3,d830fc32ff2631e4e1344dc30b3e09c3b9690bed,graph,kdtree3d_leafcount,flyby,1,640,640,0.6521599889,0.1208320037,0.7810559869,0.79946,1,0,-1,27281,13641,46,15.33333333,1336,9.794003372,37.53405176,512002,0,512002,27281
v3,d830fc32ff2631e4e1344dc30b3e09c3b9690bed,graph,kdtree3d_leafcount,flyby,1,641,641,0.6510400176,0.1228799969,0.7815359831,0.800028,1,0,-1,28139,14070,46,15.33333333,1445,10.27007818,36.38962331,512002,0,512002,28139
v3,d830fc32ff2631e4e1344dc30b3e09c3b9690bed,graph,kdtree3d_leafcount,flyby,1,642,642,0.6549440026,0.1228799969,0.7857279778,0.803899,1,0,-1,29629,14815,47,15.66666667,1585,10.69861627,34.559703,512002,0,512002,29629
v3,d830fc32ff2631e4e1344dc30b3e09c3b9690bed,graph,kdtree3d_leafcount,flyby,1,643,643,0.6572160125,0.1228799969,0.7884799838,0.803032,1,0,-1,27537,13769,47,15.66666667,1343,9.753794756,37.18512601,512002,0,512002,27537
v3,d830fc32ff2631e4e1344dc30b3e09c3b9690bed,graph,kdtree3d_leafcount,flyby,1,644,644,0.6547200084,0.1228799969,0.7856000066,0.801823,1,0,-1,27861,13931,46,15.33333333,1422,10.20745101,36.75270978,512002,0,512002,27861
v3,d830fc32ff2631e4e1344dc30b3e09c3b9690bed,graph,kdtree3d_leafcount,flyby,1,645,645,0.6576960087,0.1249279976,0.7909759879,0.801528,1,0,-1,29487,14744,47,15.66666667,1613,10.94004341,34.72612588,512002,0,512002,29487
v3,d830fc32ff2631e4e1344dc30b3e09c3b9690bed,graph,kdtree3d_leafcount,flyby,1,646,646,0.6524800062,0.1228799969,0.7833920121,0.795821,1,0,-1,28245,14123,47,15.66666667,1429,10.11824683,36.25306238,512002,0,512002,28245
v3,d830fc32ff2631e4e1344dc30b3e09c3b9690bed,graph,kdtree3d_leafcount,flyby,1,647,647,0.6548159719,0.1228799969,0.7855679989,0.800944,1,0,-1,27981,13991,46,15.33333333,1459,10.42813237,36.59509685,512002,0,512002,27981
v3,d830fc32ff2631e4e1344dc30b3e09c3b9690bed,graph,kdtree3d_leafcount,flyby,1,648,648,0.6539840102,0.1228799969,0.7835839987,0.795361,1,0,-1,28095,14048,47,15.66666667,1377,9.802107062,36.44661162,512002,0,512002,28095
v3,d830fc32ff2631e4e1344dc30b3e09c3b9690bed,graph,kdtree3d_leafcount,flyby,1,649,649,0.6527360082,0.1249279976,0.7853119969,0.800022,1,0,-1,29345,14673,47,15.66666667,1674,11.40870988,34.89415934,512002,0,512002,29345
v3,d830fc32ff2631e4e1344dc30b3e09c3b9690bed,graph,kdtree3d_leafcount,flyby,1,650,650,0.6527040005,0.1208320037,0.7810879946,0.793875,1,0,-1,28161,14081,46,15.33333333,1477,10.48931184,36.36119594,512002,0,512002,28161
v3,d830fc32ff2631e4e1344dc30b3e09c3b9690bed,graph,kdtree3d_leafcount,flyby,1,651,651,0.6556159854,0.1208320037,0.783904016,0.79882,1,0,-1,27485,13743,46,15.33333333,1348,9.808629848,37.25547551,512002,0,512002,27485
v3,d830fc32ff2631e4e1344dc30b3e09c3b9690bed,graph,kdtree3d_leafcount,flyby,1,652,652,0.653504014,0.1228799969,0.7816640139,0.794717,1,0,-1,29707,14854,47,15.66666667,1598,10.75804497,34.46896459,512002,0,512002,29707
v3,d830fc32ff2631e4e1344dc30b3e09c3b9690bed,graph,kdtree3d_leafcount,flyby,1,653,653,0.6559680104,0.1249279976,0.7891520262,0.802928,1,0,-1,28267,14134,46,15.33333333,1428,10.10329701,36.22484788,512002,0,512002,28267
v3,d830fc32ff2631e4e1344dc30b3e09c3b9690bed,graph,kdtree3d_leafcount,flyby,1,654,654,0.6555520296,0.1208320037,0.7840319872,0.800499,1,0,-1,27333,13667,46,15.33333333,1339,9.797322017,37.46264725,512002,0,512002,27333
v3,d830fc32ff2631e4e1344dc30b3e09c3b9690bed,graph,kdtree3d_leafcount,flyby,1,655,655,0.6566720009,0.1249279976,0.7897920012,0.803483,1,0,-1,29781,14891,47,15.66666667,1600,10.74474515,34.38331878,512002,0,512002,29781
v3,d830fc32ff2631e4e1344dc30b3e09c3b9690bed,graph,kdtree3d_leafcount,flyby,1,656,656,0.6573759913,0.1228799969,0.7885119915,0.803527,1,0,-1,28399,14200,47,15.66666667,1499,10.55633803,36.05647887,512002,0,512002,28399
v3,d830fc32ff2631e4e1344dc30b3e09c3b9690bed,graph,kdtree3d_leafcount,flyby,1,657,657,0.653760016,0.118784003,0.7803840041,0.791551,1,0,-1,27121,13561,46,15.33333333,1346,9.925521717,37.75547526,512002,0,512002,27121
v3,d830fc32ff2631e4e1344dc30b3e09c3b9690bed,graph,kdtree3d_leafcount,flyby,1,658,658,0.6558719873,0.1249279976,0.7897279859,0.805175,1,0,-1,29455,14728,47,15.66666667,1573,10.68033677,34.76385117,512002,0,512002,29455
v3,d830fc32ff2631e4e1344dc30b3e09c3b9690bed,graph,kdtree3d_leafcount,flyby,1,659,659,0.6559360027,0.1228799969,0.7888000011,0.807173,1,0,-1,28513,14257,47,15.66666667,1495,10.48607701,35.91232377,512002,0,512002,28513
v3,d830fc32ff2631e4e1344dc30b3e09c3b9690bed,graph,kdtree3d_leafcount,flyby,1,660,660,0.6562560201,0.1228799969,0.7864000201,0.796854,1,0,-1,27111,13556,46,15.33333333,1336,9.855414577,37.769401,512002,0,512002,27111
v3,d830fc32ff2631e4e1344dc30b3e09c3b9690bed,graph,kdtree3d_leafcount,flyby,1,661,661,0.6531199813,0.1228799969,0.7843199968,0.802822,1,0,-1,28505,14253,47,15.66666667,1426,10.00491125,35.9224023,512002,0,512002,28505
v3,d830fc32ff2631e4e1344dc30b3e09c3b9690bed,graph,kdtree3d_leafcount,flyby,1,662,662,0.6533120275,0.1249279976,0.7863680124,0.802842,1,0,-1,29431,14716,47,15.66666667,1697,11.53166621,34.79219897,512002,0,512002,29431
v3,d830fc32ff2631e4e1344dc30b3e09c3b9690bed,graph,kdtree3d_leafcount,flyby,1,663,663,0.6536960006,0.1208320037,0.7836480141,0.797562,1,0,-1,27305,13653,46,15.33333333,1350,9.887936717,37.50106204,512002,0,512002,27305
v3,d830fc32ff2631e4e1344dc30b3e09c3b9690bed,graph,kdtree3d_leafcount,flyby,1,664,664,0.6530879736,0.1249599978,0.7868480086,0.804245,1,0,-1,27991,13996,46,15.33333333,1421,10.15290083,36.58202344,512002,0,512002,27991
v3,d830fc32ff2631e4e1344dc30b3e09c3b9690bed,graph,kdtree3d_leafcount,flyby,1,665,665,0.6579520106,0.1249279976,0.7951040268,0.807899,1,0,-1,29573,14787,47,15.66666667,1601,10.82707784,34.62514371,512002,0,512002,29573
v3,d830fc32ff2631e4e1344dc30b3e09c3b9690bed,graph,kdtree3d_leafcount,flyby,1,666,666,0.6551359892,0.1208320037,0.7855039835,0.806104,1,0,-1,27337,13669,47,15.66666667,1312,9.598361255,37.45716585,512002,0,512002,27337
v3,d830fc32ff2631e4e1344dc30b3e09c3b9690bed,graph,kdtree3d_leafcount,flyby,1,667,667,0.6536319852,0.1249599978,0.7862719893,0.801757,1,0,-1,27795,13898,46,15.33333333,1425,10.25327385,36.83997698,512002,0,512002,27795
v3,d830fc32ff2631e4e1344dc30b3e09c3b9690bed,graph,kdtree3d_leafcount,flyby,1,668,668,0.6519680023,0.1249279976,0.7841280103,0.800459,1,0,-1,29493,14747,47,15.66666667,1568,10.63267105,34.7190615,512002,0,512002,29493
v3,d830fc32ff2631e4e1344dc30b3e09c3b9690bed,graph,kdtree3d_leafcount,flyby,1,669,669,0.6551039815,0.1208320037,0.7835839987,0.8009,1,0,-1,27733,13867,47,15.66666667,1371,9.886781568,36.9223336,512002,0,512002,27733
v3,d830fc32ff2631e4e1344dc30b3e09c3b9690bed,graph,kdtree3d_leafcount,flyby,1,670,670,0.6575359702,0.1208320037,0.786303997,0.801792,1,0,-1,28057,14029,46,15.33333333,1477,10.5281916,36.49597263,512002,0,512002,28057
v3,d830fc32ff2631e4e1344dc30b3e09c3b9690bed,graph,kdtree3d_leafcount,flyby,1,671,671,0.657407999,0.1249279976,0.790463984,0.802294,1,0,-1,29399,14700,47,15.66666667,1587,10.79591837,34.83006803,512002,0,512002,29399
v3,d830fc32ff2631e4e1344dc30b3e09c3b9690bed,graph,kdtree3d_leafcount,flyby,1,672,672,0.6518719792,0.1228799969,0.7825919986,0.801275,1,0,-1,28051,14026,47,15.66666667,1402,9.99572223,36.5037787,512002,0,512002,28051
v3,d830fc32ff2631e4e1344dc30b3e09c3b9690bed,graph,kdtree3d_leafcount,flyby,1,673,673,0.6581760049,0.1228799969,0.7894719839,0.80206,1,0,-1,27901,13951,46,15.33333333,1428,10.23582539,36.7000215,512002,0,512002,27901
v3,d830fc32ff2631e4e1344dc30b3e09c3b9690bed,graph,kdtree3d_leafcount,flyby,1,674,674,0.6534720063,0.1208320037,0.7828800082,0.802,1,0,-1,27957,13979,47,15.66666667,1310,9.371199657,36.6265112,512002,0,512002,27957
v3,d830fc32ff2631e4e1344dc30b3e09c3b9690bed,graph,kdtree3d_leafcount,flyby,1,675,675,0.6564159989,0.1229119971,0.7868160009,0.799681,1,0,-1,29089,14545,47,15.66666667,1535,10.5534548,35.20123754,512002,0,512002,29089
v3,d830fc32ff2631e4e1344dc30b3e09c3b9690bed,graph,kdtree3d_leafcount,flyby,1,676,676,0.6575679779,0.1228799969,0.7885439992,0.802443,1,0,-1,27879,13940,46,15.33333333,1393,9.992826399,36.72898135,512002,0,512002,27879
v3,d830fc32ff2631e4e1344dc30b3e09c3b9690bed,graph,kdtree3d_leafcount,flyby,1,677,677,0.6548159719,0.1208320037,0.7836160064,0.801419,1,0,-1,27233,13617,46,15.33333333,1301,9.554233678,37.60020563,512002,0,512002,27233
v3,d830fc32ff2631e4e1344dc30b3e09c3b9690bed,graph,kdtree3d_leafcount,flyby,1,678,678,0.6540799737,0.1249279976,0.7878720164,0.804867,1,0,-1,29675,14838,47,15.66666667,1634,11.0122658,34.5061329,512002,0,512002,29675
v3,d830fc32ff2631e4e1344dc30b3e09c3b9690bed,graph,kdtree3d_leafcount,flyby,1,679,679,0.6562880278,0.1228799969,0.789215982,0.801549,1,0,-1,28079,14040,47,15.66666667,1435,10.22079772,36.46737892,512002,0,512002,28079
v3,d830fc32ff2631e4e1344dc30b3e09c3b9690bed,graph,kdtree3d_leafcount,flyby,1,680,680,0.6524800062,0.1228799969,0.7834879756,0.795425,1,0,-1,27171,13586,47,15.66666667,1366,10.05446783,37.68600029,512002,0,512002,27171
v3,d830fc32ff2631e4e1344dc30b3e09c3b9690bed,graph,kdtree3d_leafcount,flyby,1,681,681,0.6572480202,0.1249279976,0.7900800109,0.802505,1,0,-1,29653,14827,47,15.66666667,1613,10.87880219,34.53173265,512002,0,512002,29653
v3,d830fc32ff2631e4e1344dc30b3e09c3b9690bed,graph,kdtree3d_leafcount,flyby,1,682,682,0.6596800089,0.1228799969,0.7910400033,0.807684,1,0,-1,28275,14138,47,15.66666667,1519,10.74409393,36.21459895,512002,0,512002,28275
v3,d830fc32ff2631e4e1344dc30b3e09c3b9690bed,graph,kdtree3d_leafcount,flyby,1,683,683,0.6535680294,0.1228799969,0.7839360237,0.801304,1,0,-1,27163,13582,46,15.33333333,1370,10.08687969,37.6970991,512002,0,512002,27163
v3,d830fc32ff2631e4e1344dc30b3e09c3b9690bed,graph,kdtree3d_leafcount,flyby,1,684,684,0.6534720063,0.1228799969,0.7841920257,0.801259,1,0,-1,29649,14825,47,15.66666667,1634,11.02192243,34.53639123,512002,0,512002,29649
v3,d830fc32ff2631e4e1344dc30b3e09c3b9690bed,graph,kdtree3d_leafcount,flyby,1,685,685,0.6577600241,0.1228799969,0.7896959782,0.804179,1,0,-1,28531,14266,47,15.66666667,1505,10.54955839,35.88966774,512002,0,512002,28531
v3,d830fc32ff2631e4e1344dc30b3e09c3b9690bed,graph,kdtree3d_leafcount,flyby,1,686,686,0.6548799872,0.1208320037,0.7835199833,0.802351,1,0,-1,27309,13655,46,15.33333333,1344,9.842548517,37.49556939,512002,0,512002,27309
v3,d830fc32ff2631e4e1344dc30b3e09c3b9690bed,graph,kdtree3d_leafcount,flyby,1,687,687,0.6535360217,0.1249279976,0.786559999,0.803419,1,0,-1,29175,14588,47,15.66666667,1489,10.20701947,35.09747738,512002,0,512002,29175
v3,d830fc32ff2631e4e1344dc30b3e09c3b9690bed,graph,kdtree3d_leafcount,flyby,1,688,688,0.6560000181,0.1249279976,0.7875199914,0.798901,1,0,-1,29229,14615,47,15.66666667,1586,10.85186452,35.0326377,512002,0,512002,29229
v3,d830fc32ff2631e4e1344dc30b3e09c3b9690bed,graph,kdtree3d_leafcount,flyby,1,689,689,0.6552000046,0.1228799969,0.7863360047,0.80247,1,0,-1,27223,13612,46,15.33333333,1342,9.858947987,37.61401704,512002,0,512002,27223
v3,d830fc32ff2631e4e1344dc30b3e09c3b9690bed,graph,kdtree3d_leafcount,flyby,1,690,690,0.6598719954,0.1228799969,0.7906559706,0.803066,1,0,-1,28241,14121,46,15.33333333,1438,10.18341477,36.25819701,512002,0,512002,28241
v3,d830fc32ff2631e4e1344dc30b3e09c3b9690bed,graph,kdtree3d_leafcount,flyby,1,691,691,0.6574400067,0.1249279976,0.7896959782,0.801814,1,0,-1,29599,14800,47,15.66666667,1605,10.84459459,34.59472973,512002,0,512002,29599
v3,d830fc32ff2631e4e1344dc30b3e09c3b9690bed,graph,kdtree3d_leafcount,flyby,1,692,692,0.6574400067,0.1228799969,0.7888320088,0.803604,1,0,-1,27221,13611,47,15.66666667,1286,9.448240394,37.61678055,512002,0,512002,27221
v3,d830fc32ff2631e4e1344dc30b3e09c3b9690bed,graph,kdtree3d_leafcount,flyby,1,693,693,0.6542400122,0.1228799969,0.78540802,0.802088,1,0,-1,28025,14013,46,15.33333333,1407,10.04067651,36.53764362,512002,0,512002,28025
v3,d830fc32ff2631e4e1344dc30b3e09c3b9690bed,graph,kdtree3d_leafcount,flyby,1,694,694,0.6511679888,0.1249279976,0.7832000256,0.80208,1,0,-1,29641,14821,47,15.66666667,1590,10.72802105,34.54571217,512002,0,512002,29641
v3,d830fc32ff2631e4e1344dc30b3e09c3b9690bed,graph,kdtree3d_leafcount,flyby,1,695,695,0.6555200219,0.1228799969,0.7865279913,0.803192,1,0,-1,27545,13773,47,15.66666667,1337,9.707398533,37.17432658,512002,0,512002,27545
v3,d830fc32ff2631e4e1344dc30b3e09c3b9690bed,graph,kdtree3d_leafcount,flyby,1,696,696,0.6560000181,0.1208320037,0.7857599854,0.797275,1,0,-1,27949,13975,46,15.33333333,1423,10.18246869,36.63699463,512002,0,512002,27949
v3,d830fc32ff2631e4e1344dc30b3e09c3b9690bed,graph,kdtree3d_leafcount,flyby,1,697,697,0.6556800008,0.1249279976,0.7898880243,0.807513,1,0,-1,29449,14725,47,15.66666667,1541,10.46519525,34.77093379,512002,0,512002,29449
v3,d830fc32ff2631e4e1344dc30b3e09c3b9690bed,graph,kdtree3d_leafcount,flyby,1,698,698,0.6567999721,0.1228799969,0.7866560221,0.79898,1,0,-1,27723,13862,47,15.66666667,1339,9.659500794,36.93565142,512002,0,512002,27723
v3,d830fc32ff2631e4e1344dc30b3e09c3b9690bed,graph,kdtree3d_leafcount,flyby,1,699,699,0.6578559875,0.1228799969,0.7882559896,0.801039,1,0,-1,27955,13978,46,15.33333333,1435,10.26613249,36.62913149,512002,0,512002,27955
v3,d830fc32ff2631e4e1344dc30b3e09c3b9690bed,graph,kdtree3d_leafcount,flyby,1,700,700,0.6552960277,0.1249599978,0.7879999876,0.800617,1,0,-1,29193,14597,47,15.66666667,1532,10.49530725,35.0758375,512002,0,512002,29193
v3,d830fc32ff2631e4e1344dc30b3e09c3b9690bed,graph,kdtree3d_leafcount,flyby,1,701,701,0.6598079801,0.1228799969,0.790816009,0.803638,1,0,-1,28169,14085,47,15.66666667,1392,9.8828541,36.35086972,512002,0,512002,28169
v3,d830fc32ff2631e4e1344dc30b3e09c3b9690bed,graph,kdtree3d_leafcount,flyby,1,702,702,0.6534399986,0.1208320037,0.7813119888,0.795373,1,0,-1,27897,13949,46,15.33333333,1397,10.01505484,36.70528353,512002,0,512002,27897
v3,d830fc32ff2631e4e1344dc30b3e09c3b9690bed,graph,kdtree3d_leafcount,flyby,1,703,703,0.6534720063,0.1208320037,0.7824320197,0.800672,1,0,-1,27881,13941,47,15.66666667,1273,9.131339215,36.72634675,512002,0,512002,27881
v3,d830fc32ff2631e4e1344dc30b3e09c3b9690bed,graph,kdtree3d_leafcount,flyby,1,704,704,0.6549760103,0.1249599978,0.7865920067,0.795978,1,0,-1,29393,14697,47,15.66666667,1601,10.8933796,34.83717766,512002,0,512002,29393
v3,d830fc32ff2631e4e1344dc30b3e09c3b9690bed,graph,kdtree3d_leafcount,flyby,1,705,705,0.6568959951,0.1228799969,0.7882559896,0.802109,1,0,-1,28137,14069,46,15.33333333,1410,10.02203426,36.39220982,512002,0,512002,28137
v3,d830fc32ff2631e4e1344dc30b3e09c3b9690bed,graph,kdtree3d_leafcount,flyby,1,706,706,0.6560000181,0.1228799969,0.7867839932,0.802941,1,0,-1,27417,13709,46,15.33333333,1322,9.643300022,37.34787366,512002,0,512002,27417
v3,d830fc32ff2631e4e1344dc30b3e09c3b9690bed,graph,kdtree3d_leafcount,flyby,1,707,707,0.6520640254,0.1249279976,0.7848320007,0.801675,1,0,-1,29839,14920,47,15.66666667,1654,11.08579088,34.31648794,512002,0,512002,29839
v3,d830fc32ff2631e4e1344dc30b3e09c3b9690bed,graph,kdtree3d_leafcount,flyby,1,708,708,0.6498240232,0.1228799969,0.7806079984,0.792936,1,0,-1,28135,14068,47,15.66666667,1400,9.951663349,36.3947967,512002,0,512002,28135
v3,d830fc32ff2631e4e1344dc30b3e09c3b9690bed,graph,kdtree3d_leafcount,flyby,1,709,709,0.6631680131,0.1208320037,0.7925119996,0.805357,1,0,-1,27231,13616,46,15.33333333,1293,9.496180964,37.6029671,512002,0,512002,27231
v3,d830fc32ff2631e4e1344dc30b3e09c3b9690bed,graph,kdtree3d_leafcount,flyby,1,710,710,0.6542720199,0.1228799969,0.7853119969,0.802912,1,0,-1,29583,14792,47,15.66666667,1552,10.49215792,34.6134397,512002,0,512002,29583
v3,d830fc32ff2631e4e1344dc30b3e09c3b9690bed,graph,kdtree3d_leafcount,flyby,1,711,711,0.6553279757,0.1228799969,0.785664022,0.800699,1,0,-1,28077,14039,47,15.66666667,1401,9.979343258,36.46997649,512002,0,512002,28077
v3,d830fc32ff2631e4e1344dc30b3e09c3b9690bed,graph,kdtree3d_leafcount,flyby,1,712,712,0.6537920237,0.1228799969,0.7850880027,0.804926,1,0,-1,27057,13529,46,15.33333333,1262,9.328109986,37.84477788,512002,0,512002,27057
v3,d830fc32ff2631e4e1344dc30b3e09c3b9690bed,graph,kdtree3d_leafcount,flyby,1,713,713,0.6539840102,0.1249279976,0.785664022,0.79601,1,0,-1,29423,14712,47,15.66666667,1542,10.4812398,34.80165851,512002,0,512002,29423
v3,d830fc32ff2631e4e1344dc30b3e09c3b9690bed,graph,kdtree3d_leafcount,flyby,1,714,714,0.6495040059,0.1228799969,0.7786880136,0.795955,1,0,-1,28221,14111,47,15.66666667,1401,9.928424633,36.283892,512002,0,512002,28221
v3,d830fc32ff2631e4e1344dc30b3e09c3b9690bed,graph,kdtree3d_leafcount,flyby,1,715,715,0.6517440081,0.1208000034,0.7803519964,0.792644,1,0,-1,26749,13375,46,15.33333333,1263,9.442990654,38.28052336,512002,0,512002,26749
v3,d830fc32ff2631e4e1344dc30b3e09c3b9690bed,graph,kdtree3d_leafcount,flyby,1,716,716,0.6529279947,0.1228799969,0.7827519774,0.79843,1,0,-1,29081,14541,47,15.66666667,1503,10.33629049,35.21092084,512002,0,512002,29081
v3,d830fc32ff2631e4e1344dc30b3e09c3b9690bed,graph,kdtree3d_leafcount,flyby,1,717,717,0.6544319987,0.1249599978,0.7863680124,0.798569,1,0,-1,28535,14268,47,15.66666667,1482,10.38687973,35.88463695,512002,0,512002,28535
v3,d830fc32ff2631e4e1344dc30b3e09c3b9690bed,graph,kdtree3d_leafcount,flyby,1,718,718,0.6488000154,0.1208320037,0.7772160172,0.788474,1,0,-1,26979,13490,46,15.33333333,1297,9.614529281,37.95418829,512002,0,512002,26979
v3,d830fc32ff2631e4e1344dc30b3e09c3b9690bed,graph,kdtree3d_leafcount,flyby,1,719,719,0.6522240043,0.1228799969,0.7830079794,0.800327,1,0,-1,28077,14039,46,15.33333333,1371,9.765652824,36.46997649,512002,0,512002,28077
v3,d830fc32ff2631e4e1344dc30b3e09c3b9690bed,graph,kdtree3d_leafcount,flyby,1,720,720,0.6532800198,0.1228799969,0.7849280238,0.797511,1,0,-1,29341,14671,47,15.66666667,1615,11.00811124,34.89891623,512002,0,512002,29341
v3,d830fc32ff2631e4e1344dc30b3e09c3b9690bed,graph,kdtree3d_leafcount,flyby,1,721,721,0.6552320123,0.1228799969,0.7865279913,0.802386,1,0,-1,27185,13593,46,15.33333333,1299,9.556389318,37.6665931,512002,0,512002,27185
v3,d830fc32ff2631e4e1344dc30b3e09c3b9690bed,graph,kdtree3d_leafcount,flyby,1,722,722,0.6536319852,0.1228799969,0.7847040296,0.801936,1,0,-1,28037,14019,47,15.66666667,1423,10.15051002,36.52200585,512002,0,512002,28037
v3,d830fc32ff2631e4e1344dc30b3e09c3b9690bed,graph,kdtree3d_leafcount,flyby,1,723,723,0.6556800008,0.1249279976,0.7889279723,0.802237,1,0,-1,29571,14786,47,15.66666667,1618,10.94278371,34.62748546,512002,0,512002,29571
v3,d830fc32ff2631e4e1344dc30b3e09c3b9690bed,graph,kdtree3d_leafcount,flyby,1,724,724,0.6536639929,0.1228799969,0.784799993,0.802514,1,0,-1,27327,13664,47,15.66666667,1310,9.587236534,37.47087237,512002,0,512002,27327
v3,d830fc32ff2631e4e1344dc30b3e09c3b9690bed,graph,kdtree3d_leafcount,flyby,1,725,725,0.6524479985,0.1228799969,0.7828480005,0.798273,1,0,-1,27839,13920,46,15.33333333,1415,10.16522989,36.78175287,512002,0,512002,27839
v3,d830fc32ff2631e4e1344dc30b3e09c3b9690bed,graph,kdtree3d_leafcount,flyby,1,726,726,0.653504014,0.1249279976,0.785664022,0.799612,1,0,-1,29423,14712,47,15.66666667,1539,10.46084829,34.80165851,512002,0,512002,29423
v3,d830fc32ff2631e4e1344dc30b3e09c3b9690bed,graph,kdtree3d_leafcount,flyby,1,727,727,0.648383975,0.1208320037,0.776383996,0.787531,1,0,-1,27447,13724,47,15.66666667,1311,9.552608569,37.30705334,512002,0,512002,27447
v3,d830fc32ff2631e4e1344dc30b3e09c3b9690bed,graph,kdtree3d_leafcount,flyby,1,728,728,0.6540480256,0.1228799969,0.7846400142,0.801999,1,0,-1,27783,13892,46,15.33333333,1425,10.25770227,36.85588828,512002,0,512002,27783
v3,d830fc32ff2631e4e1344dc30b3e09c3b9690bed,graph,kdtree3d_leafcount,flyby,1,729,729,0.6521599889,0.1249279976,0.7845759988,0.799134,1,0,-1,29471,14736,47,15.66666667,1557,10.56596091,34.74497828,512002,0,512002,29471
v3,d830fc32ff2631e4e1344dc30b3e09c3b9690bed,graph,kdtree3d_leafcount,flyby,1,730,730,0.6556479931,0.1208320037,0.7841280103,0.80025,1,0,-1,27835,13918,47,15.66666667,1350,9.699669493,36.78703837,512002,0,512002,27835
v3,d830fc32ff2631e4e1344dc30b3e09c3b9690bed,graph,kdtree3d_leafcount,flyby,1,731,731,0.6529920101,0.1208320037,0.7815679908,0.800779,1,0,-1,27841,13921,46,15.33333333,1376,9.884347389,36.7791107,512002,0,512002,27841
v3,d830fc32ff2631e4e1344dc30b3e09c3b9690bed,graph,kdtree3d_leafcount,flyby,1,732,732,0.6541439891,0.1228799969,0.7845759988,0.800073,1,0,-1,29049,14525,47,15.66666667,1486,10.23063683,35.2497074,512002,0,512002,29049
v3,d830fc32ff2631e4e1344dc30b3e09c3b9690bed,graph,kdtree3d_leafcount,flyby,1,733,733,0.6569600105,0.1228799969,0.7872959971,0.801073,1,0,-1,28451,14226,47,15.66666667,1446,10.16448756,35.99058063,512002,0,512002,28451
v3,d830fc32ff2631e4e1344dc30b3e09c3b9690bed,graph,kdtree3d_leafcount,flyby,1,734,734,0.6492800117,0.1228799969,0.7780799866,0.795073,1,0,-1,27999,14000,46,15.33333333,1393,9.95,36.57157143,512002,0,512002,27999
v3,d830fc32ff2631e4e1344dc30b3e09c3b9690bed,graph,kdtree3d_leafcount,flyby,1,735,735,0.6562560201,0.1208320037,0.7856320143,0.803718,1,0,-1,27625,13813,47,15.66666667,1243,8.998769275,37.06667632,512002,0,512002,27625
v3,d830fc32ff2631e4e1344dc30b3e09c3b9690bed,graph,kdtree3d_leafcount,flyby,1,736,736,0.6526079774,0.1249279976,0.784799993,0.798688,1,0,-1,29389,14695,47,15.66666667,1581,10.75876148,34.84191902,512002,0,512002,29389
v3,d830fc32ff2631e4e1344dc30b3e09c3b9690bed,graph,kdtree3d_leafcount,flyby,1,737,737,0.6552000046,0.1228799969,0.7861760259,0.801997,1,0,-1,28005,14003,47,15.66666667,1406,10.04070556,36.56373634,512002,0,512002,28005
v3,d830fc32ff2631e4e1344dc30b3e09c3b9690bed,graph,kdtree3d_leafcount,flyby,1,738,738,0.6503040195,0.1228799969,0.7827200294,0.796292,1,0,-1,27435,13718,46,15.33333333,1319,9.615104243,37.32337075,512002,0,512002,27435
v3,d830fc32ff2631e4e1344dc30b3e09c3b9690bed,graph,kdtree3d_leafcount,flyby,1,739,739,0.6590399742,0.1249279976,0.7919039726,0.802369,1,0,-1,29591,14796,47,15.66666667,1596,10.78669911,34.60408218,512002,0,512002,29591
v3,d830fc32ff2631e4e1344dc30b3e09c3b9690bed,graph,kdtree3d_leafcount,flyby,1,740,740,0.6517120004,0.1208320037,0.7800639868,0.792277,1,0,-1,28093,14047,47,15.66666667,1416,10.08044422,36.44920624,512002,0,512002,28093
v3,d830fc32ff2631e4e1344dc30b3e09c3b9690bed,graph,kdtree3d_leafcount,flyby,1,741,741,0.6533439755,0.1208320037,0.7823680043,0.801657,1,0,-1,27181,13591,46,15.33333333,1316,9.682878375,37.67213597,512002,0,512002,27181
v3,d830fc32ff2631e4e1344dc30b3e09c3b9690bed,graph,kdtree3d_leafcount,flyby,1,742,742,0.6556159854,0.1228799969,0.7866240144,0.800659,1,0,-1,29607,14804,47,15.66666667,1569,10.5984869,34.58538233,512002,0,512002,29607
v3,d830fc32ff2631e4e1344dc30b3e09c3b9690bed,graph,kdtree3d_leafcount,flyby,1,743,743,0.6536319852,0.1228799969,0.785055995,0.803229,1,0,-1,28235,14118,47,15.66666667,1443,10.22099448,36.26590169,512002,0,512002,28235
v3,d830fc32ff2631e4e1344dc30b3e09c3b9690bed,graph,kdtree3d_leafcount,flyby,1,744,744,0.6553919911,0.1228799969,0.7863360047,0.799004,1,0,-1,27081,13541,46,15.33333333,1315,9.711247323,37.81123994,512002,0,512002,27081
v3,d830fc32ff2631e4e1344dc30b3e09c3b9690bed,graph,kdtree3d_leafcount,flyby,1,745,745,0.6539199948,0.1249279976,0.7862719893,0.799266,1,0,-1,29523,14762,47,15.66666667,1541,10.43896491,34.68378269,512002,0,512002,29523
v3,d830fc32ff2631e4e1344dc30b3e09c3b9690bed,graph,kdtree3d_leafcount,flyby,1,746,746,0.6569280028,0.1208320037,0.7851520181,0.800754,1,0,-1,28233,14117,47,15.66666667,1455,10.30672239,36.26847064,512002,0,512002,28233
v3,d830fc32ff2631e4e1344dc30b3e09c3b9690bed,graph,kdtree3d_leafcount,flyby,1,747,747,0.6545600295,0.1208320037,0.7820799947,0.79688,1,0,-1,26937,13469,46,15.33333333,1339,9.941346796,38.01336402,512002,0,512002,26937
v3,d830fc32ff2631e4e1344dc30b3e09c3b9690bed,graph,kdtree3d_leafcount,flyby,1,748,748,0.6556159854,0.1249279976,0.7879040241,0.800169,1,0,-1,29315,14658,47,15.66666667,1551,10.58125256,34.92986765,512002,0,512002,29315
v3,d830fc32ff2631e4e1344dc30b3e09c3b9690bed,graph,kdtree3d_leafcount,flyby,1,749,749,0.6550400257,0.1249599978,0.786912024,0.799972,1,0,-1,28545,14273,47,15.66666667,1501,10.51635956,35.87206614,512002,0,512002,28545
v3,d830fc32ff2631e4e1344dc30b3e09c3b9690bed,graph,kdtree3d_leafcount,flyby,1,750,750,0.6520959735,0.1228799969,0.7818560004,0.793965,1,0,-1,26975,13488,46,15.33333333,1343,9.956998814,37.95981613,512002,0,512002,26975
v3,d830fc32ff2631e4e1344dc30b3e09c3b9690bed,graph,kdtree3d_leafcount,flyby,1,751,751,0.657311976,0.1228799969,0.7882879972,0.801737,1,0,-1,28445,14223,47,15.66666667,1431,10.06116853,35.99817197,512002,0,512002,28445
v3,d830fc32ff2631e4e1344dc30b3e09c3b9690bed,graph,kdtree3d_leafcount,flyby,1,752,752,0.6584320068,0.1249279976,0.7912639976,0.801992,1,0,-1,29293,14647,47,15.66666667,1637,11.17635011,34.95610023,512002,0,512002,29293
v3,d830fc32ff2631e4e1344dc30b3e09c3b9690bed,graph,kdtree3d_leafcount,flyby,1,753,753,0.6553599834,0.1208320037,0.7843840122,0.802365,1,0,-1,27013,13507,47,15.66666667,1344,9.950396091,37.90641889,512002,0,512002,27013
v3,d830fc32ff2631e4e1344dc30b3e09c3b9690bed,graph,kdtree3d_leafcount,flyby,1,754,754,0.6579520106,0.1249599978,0.7912960052,0.802535,1,0,-1,28039,14020,47,15.66666667,1419,10.12125535,36.51940086,512002,0,512002,28039
v3,d830fc32ff2631e4e1344dc30b3e09c3b9690bed,graph,kdtree3d_leafcount,flyby,1,755,755,0.6601920128,0.1249279976,0.7934079766,0.804809,1,0,-1,29557,14779,47,15.66666667,1657,11.21185466,34.6438866,512002,0,512002,29557
v3,d830fc32ff2631e4e1344dc30b3e09c3b9690bed,graph,kdtree3d_leafcount,flyby,1,756,756,0.6533439755,0.1228799969,0.7852799892,0.798368,1,0,-1,27213,13607,46,15.33333333,1312,9.64209598,37.62783861,512002,0,512002,27213
v3,d830fc32ff2631e4e1344dc30b3e09c3b9690bed,graph,kdtree3d_leafcount,flyby,1,757,757,0.658559978,0.1228799969,0.7907840014,0.806148,1,0,-1,28035,14018,47,15.66666667,1411,10.0656299,36.52461121,512002,0,512002,28035
v3,d830fc32ff2631e4e1344dc30b3e09c3b9690bed,graph,kdtree3d_leafcount,flyby,1,758,758,0.6552000046,0.1249279976,0.7888960242,0.805676,1,0,-1,29505,14753,47,15.66666667,1587,10.75713414,34.70494137,512002,0,512002,29505
v3,d830fc32ff2631e4e1344dc30b3e09c3b9690bed,graph,kdtree3d_leafcount,flyby,1,759,759,0.655807972,0.1228799969,0.7869439721,0.803968,1,0,-1,27195,13598,47,15.66666667,1316,9.677893808,37.65274305,512002,0,512002,27195
v3,d830fc32ff2631e4e1344dc30b3e09c3b9690bed,graph,kdtree3d_leafcount,flyby,1,760,760,0.6569280028,0.1208320037,0.7856000066,0.801137,1,0,-1,27825,13913,46,15.33333333,1416,10.1775318,36.80025875,512002,0,512002,27825
v3,d830fc32ff2631e4e1344dc30b3e09c3b9690bed,graph,kdtree3d_leafcount,flyby,1,761,761,0.6571199894,0.1249599978,0.7905279994,0.802134,1,0,-1,29415,14708,47,15.66666667,1554,10.56567854,34.8111232,512002,0,512002,29415
v3,d830fc32ff2631e4e1344dc30b3e09c3b9690bed,graph,kdtree3d_leafcount,flyby,1,762,762,0.655008018,0.1208320037,0.7839999795,0.801448,1,0,-1,27443,13722,47,15.66666667,1327,9.670601953,37.31249089,512002,0,512002,27443
v3,d830fc32ff2631e4e1344dc30b3e09c3b9690bed,graph,kdtree3d_leafcount,flyby,1,763,763,0.6487680078,0.1228799969,0.7800319791,0.791315,1,0,-1,27779,13890,46,15.33333333,1429,10.28797696,36.8611951,512002,0,512002,27779
v3,d830fc32ff2631e4e1344dc30b3e09c3b9690bed,graph,kdtree3d_leafcount,flyby,1,764,764,0.6536319852,0.1228799969,0.7846400142,0.802931,1,0,-1,29269,14635,47,15.66666667,1533,10.47488896,34.98476256,512002,0,512002,29269
v3,d830fc32ff2631e4e1344dc30b3e09c3b9690bed,graph,kdtree3d_leafcount,flyby,1,765,765,0.6532480121,0.1208320037,0.7826240063,0.795648,1,0,-1,27549,13775,47,15.66666667,1289,9.35753176,37.16892922,512002,0,512002,27549
v3,d830fc32ff2631e4e1344dc30b3e09c3b9690bed,graph,kdtree3d_leafcount,flyby,1,766,766,0.6592959762,0.1228799969,0.7897599936,0.803602,1,0,-1,27767,13884,46,15.33333333,1367,9.845865745,36.87712475,512002,0,512002,27767
v3,d830fc32ff2631e4e1344dc30b3e09c3b9690bed,graph,kdtree3d_leafcount,flyby,1,767,767,0.6551679969,0.1249599978,0.787711978,0.800704,1,0,-1,28995,14498,47,15.66666667,1479,10.20140709,35.31535384,512002,0,512002,28995
v3,d830fc32ff2631e4e1344dc30b3e09c3b9690bed,graph,kdtree3d_leafcount,flyby,1,768,768,0.6549440026,0.1228799969,0.7858240008,0.80251,1,0,-1,28131,14066,47,15.66666667,1379,9.80378217,36.39997156,512002,0,512002,28131
v3,d830fc32ff2631e4e1344dc30b3e09c3b9690bed,graph,kdtree3d_leafcount,flyby,1,769,769,0.6536319852,0.1208320037,0.7822719812,0.800645,1,0,-1,27765,13883,46,15.33333333,1372,9.882590218,36.87978103,512002,0,512002,27765
v3,d830fc32ff2631e4e1344dc30b3e09c3b9690bed,graph,kdtree3d_leafcount,flyby,1,770,770,0.6534399986,0.1228799969,0.783551991,0.799732,1,0,-1,27675,13838,47,15.66666667,1238,8.946379535,36.99971094,512002,0,512002,27675
v3,d830fc32ff2631e4e1344dc30b3e09c3b9690bed,graph,kdtree3d_leafcount,flyby,1,771,771,0.6546880007,0.1249279976,0.7879040241,0.800591,1,0,-1,29085,14543,47,15.66666667,1579,10.8574572,35.20607853,512002,0,512002,29085
v3,d830fc32ff2631e4e1344dc30b3e09c3b9690bed,graph,kdtree3d_leafcount,flyby,1,772,772,0.6530879736,0.1228799969,0.800992012,0.819539,1,0,-1,27801,13901,46,15.33333333,1342,9.653981728,36.83202647,512002,0,512002,27801
v3,d830fc32ff2631e4e1344dc30b3e09c3b9690bed,graph,kdtree3d_leafcount,flyby,1,773,773,0.6554239988,0.1208320037,0.7846720219,0.802436,1,0,-1,27187,13594,46,15.33333333,1182,8.695012506,37.66382227,512002,0,512002,27187
v3,d830fc32ff2631e4e1344dc30b3e09c3b9690bed,graph,kdtree3d_leafcount,flyby,1,774,774,0.6572800279,0.1228799969,0.7881600261,0.801406,1,0,-1,29493,14747,47,15.66666667,1550,10.51061233,34.7190615,512002,0,512002,29493
v3,d830fc32ff2631e4e1344dc30b3e09c3b9690bed,graph,kdtree3d_leafcount,flyby,1,775,775,0.6573439837,0.1228799969,0.7886400223,0.804346,1,0,-1,28011,14006,47,15.66666667,1340,9.567328288,36.55590461,512002,0,512002,28011
v3,d830fc32ff2631e4e1344dc30b3e09c3b9690bed,graph,kdtree3d_leafcount,flyby,1,776,776,0.6549119949,0.1208320037,0.7834240198,0.80239,1,0,-1,27201,13601,47,15.66666667,1268,9.322843909,37.64443791,512002,0,512002,27201
v3,d830fc32ff2631e4e1344dc30b3e09c3b9690bed,graph,kdtree3d_leafcount,flyby,1,777,777,0.6559360027,0.1249279976,0.7891520262,0.803079,1,0,-1,29555,14778,47,15.66666667,1551,10.4953309,34.64623088,512002,0,512002,29555
v3,d830fc32ff2631e4e1344dc30b3e09c3b9690bed,graph,kdtree3d_leafcount,flyby,1,778,778,0.6523519754,0.1228799969,0.7831680179,0.794413,1,0,-1,28093,14047,47,15.66666667,1373,9.774329038,36.44920624,512002,0,512002,28093
v3,d830fc32ff2631e4e1344dc30b3e09c3b9690bed,graph,kdtree3d_leafcount,flyby,1,779,779,0.6553599834,0.1208320037,0.78540802,0.796846,1,0,-1,26949,13475,46,15.33333333,1248,9.261595547,37.99643785,512002,0,512002,26949
v3,d830fc32ff2631e4e1344dc30b3e09c3b9690bed,graph,kdtree3d_leafcount,flyby,1,780,780,0.653504014,0.1249279976,0.7868160009,0.803947,1,0,-1,29499,14750,47,15.66666667,1481,10.04067797,34.712,512002,0,512002,29499
v3,d830fc32ff2631e4e1344dc30b3e09c3b9690bed,graph,kdtree3d_leafcount,flyby,1,781,781,0.6592959762,0.1228799969,0.7899839878,0.80058,1,0,-1,28141,14071,47,15.66666667,1397,9.928221164,36.38703717,512002,0,512002,28141
v3,d830fc32ff2631e4e1344dc30b3e09c3b9690bed,graph,kdtree3d_leafcount,flyby,1,782,782,0.6569920182,0.1208639964,0.7860479951,0.80252,1,0,-1,27075,13538,46,15.33333333,1288,9.513960703,37.81961885,512002,0,512002,27075
v3,d830fc32ff2631e4e1344dc30b3e09c3b9690bed,graph,kdtree3d_leafcount,flyby,1,783,783,0.6595519781,0.1249279976,0.79222399,0.804056,1,0,-1,29587,14794,47,15.66666667,1544,10.43666351,34.60876031,512002,0,512002,29587
v3,d830fc32ff2631e4e1344dc30b3e09c3b9690bed,graph,kdtree3d_leafcount,flyby,1,784,784,0.652895987,0.1228799969,0.7835199833,0.800789,1,0,-1,28325,14163,47,15.66666667,1406,9.927275295,36.15067429,512002,0,512002,28325
v3,d830fc32ff2631e4e1344dc30b3e09c3b9690bed,graph,kdtree3d_leafcount,flyby,1,785,785,0.6568639874,0.1208320037,0.7853119969,0.800345,1,0,-1,26893,13447,47,15.66666667,1281,9.526288391,38.07555589,512002,0,512002,26893
v3,d830fc32ff2631e4e1344dc30b3e09c3b9690bed,graph,kdtree3d_leafcount,flyby,1,786,786,0.6549119949,0.1228799969,0.785664022,0.801907,1,0,-1,29219,14610,47,15.66666667,1485,10.16427105,35.04462697,512002,0,512002,29219
v3,d830fc32ff2631e4e1344dc30b3e09c3b9690bed,graph,kdtree3d_leafcount,flyby,1,787,787,0.6556159854,0.1228799969,0.7866560221,0.801469,1,0,-1,28543,14272,47,15.66666667,1453,10.18077354,35.8745796,512002,0,512002,28543
v3,d830fc32ff2631e4e1344dc30b3e09c3b9690bed,graph,kdtree3d_leafcount,flyby,1,788,788,0.6559360027,0.1208320037,0.78540802,0.804618,1,0,-1,27123,13562,46,15.33333333,1323,9.755198348,37.75269134,512002,0,512002,27123
v3,d830fc32ff2631e4e1344dc30b3e09c3b9690bed,graph,kdtree3d_leafcount,flyby,1,789,789,0.6551039815,0.1249599978,0.7887679935,0.803394,1,0,-1,28773,14387,47,15.66666667,1417,9.849169389,35.58782234,512002,0,512002,28773
v3,d830fc32ff2631e4e1344dc30b3e09c3b9690bed,graph,kdtree3d_leafcount,flyby,1,790,790,0.6566079855,0.1249279976,0.7900480032,0.801048,1,0,-1,29229,14615,47,15.66666667,1616,11.05713308,35.0326377,512002,0,512002,29229
v3,d830fc32ff2631e4e1344dc30b3e09c3b9690bed,graph,kdtree3d_leafcount,flyby,1,791,791,0.6544640064,0.1208320037,0.7836800218,0.796001,1,0,-1,27233,13617,46,15.33333333,1352,9.928765514,37.60020563,512002,0,512002,27233
v3,d830fc32ff2631e4e1344dc30b3e09c3b9690bed,graph,kdtree3d_leafcount,flyby,1,792,792,0.658559978,0.1228799969,0.7887679935,0.799642,1,0,-1,28207,14104,47,15.66666667,1361,9.649744753,36.30190017,512002,0,512002,28207
v3,d830fc32ff2631e4e1344dc30b3e09c3b9690bed,graph,kdtree3d_leafcount,flyby,1,793,793,0.6547200084,0.1249279976,0.7874879837,0.800663,1,0,-1,29523,14762,47,15.66666667,1610,10.90638125,34.68378269,512002,0,512002,29523
v3,d830fc32ff2631e4e1344dc30b3e09c3b9690bed,graph,kdtree3d_leafcount,flyby,1,794,794,0.6588479877,0.1208320037,0.7876160145,0.800616,1,0,-1,27269,13635,47,15.66666667,1287,9.438943894,37.55056839,512002,0,512002,27269
v3,d830fc32ff2631e4e1344dc30b3e09c3b9690bed,graph,kdtree3d_leafcount,flyby,1,795,795,0.6555520296,0.1228799969,0.7861440182,0.799462,1,0,-1,28133,14067,47,15.66666667,1376,9.781758726,36.39738395,512002,0,512002,28133
v3,d830fc32ff2631e4e1344dc30b3e09c3b9690bed,graph,kdtree3d_leafcount,flyby,1,796,796,0.6549760103,0.1249279976,0.7871040106,0.796921,1,0,-1,29653,14827,47,15.66666667,1574,10.61576853,34.53173265,512002,0,512002,29653
v3,d830fc32ff2631e4e1344dc30b3e09c3b9690bed,graph,kdtree3d_leafcount,flyby,1,797,797,0.6617919803,0.1208320037,0.7909759879,0.803237,1,0,-1,27173,13587,47,15.66666667,1252,9.214690513,37.68322661,512002,0,512002,27173
v3,d830fc32ff2631e4e1344dc30b3e09c3b9690bed,graph,kdtree3d_leafcount,flyby,1,798,798,0.6553919911,0.1208320037,0.7828159928,0.795736,1,0,-1,27979,13990,46,15.33333333,1387,9.914224446,36.59771265,512002,0,512002,27979
v3,d830fc32ff2631e4e1344dc30b3e09c3b9690bed,graph,kdtree3d_leafcount,flyby,1,799,799,0.6556159854,0.1249279976,0.7885439992,0.799997,1,0,-1,29453,14727,47,15.66666667,1526,10.36192028,34.76621172,512002,0,512002,29453
v3,d830fc32ff2631e4e1344dc30b3e09c3b9690bed,graph,kdtree3d_leafcount,flyby,1,800,800,0.6548479795,0.1208320037,0.7835199833,0.802613,1,0,-1,27315,13658,47,15.66666667,1278,9.357153317,37.48733343,512002,0,512002,27315
v3,d830fc32ff2631e4e1344dc30b3e09c3b9690bed,graph,kdtree3d_leafcount,flyby,1,801,801,0.6575040221,0.1228799969,0.7881600261,0.799865,1,0,-1,27813,13907,46,15.33333333,1398,10.05249155,36.81613576,512002,0,512002,27813
v3,d830fc32ff2631e4e1344dc30b3e09c3b9690bed,graph,kdtree3d_leafcount,flyby,1,802,802,0.6551679969,0.1249279976,0.7879999876,0.801212,1,0,-1,29283,14642,47,15.66666667,1506,10.28548013,34.96803715,512002,0,512002,29283
v3,d830fc32ff2631e4e1344dc30b3e09c3b9690bed,graph,kdtree3d_leafcount,flyby,1,803,803,0.6560639739,0.1208320037,0.7853119969,0.803098,1,0,-1,27337,13669,47,15.66666667,1255,9.18135928,37.45716585,512002,0,512002,27337
v3,d830fc32ff2631e4e1344dc30b3e09c3b9690bed,graph,kdtree3d_leafcount,flyby,1,804,804,0.6558719873,0.1208320037,0.7844799757,0.799417,1,0,-1,27709,13855,46,15.33333333,1368,9.873691808,36.95431252,512002,0,512002,27709
v3,d830fc32ff2631e4e1344dc30b3e09c3b9690bed,graph,kdtree3d_leafcount,flyby,1,805,805,0.6575999856,0.1228799969,0.78895998,0.801376,1,0,-1,29179,14590,47,15.66666667,1503,10.30157642,35.09266621,512002,0,512002,29179
v3,d830fc32ff2631e4e1344dc30b3e09c3b9690bed,graph,kdtree3d_leafcount,flyby,1,806,806,0.659168005,0.1208320037,0.7879040241,0.799379,1,0,-1,27571,13786,47,15.66666667,1271,9.219498041,37.13927172,512002,0,512002,27571
v3,d830fc32ff2631e4e1344dc30b3e09c3b9690bed,graph,kdtree3d_leafcount,flyby,1,807,807,0.6562560201,0.1228799969,0.7867199779,0.800363,1,0,-1,27517,13759,46,15.33333333,1331,9.673668144,37.21215205,512002,0,512002,27517
v3,d830fc32ff2631e4e1344dc30b3e09c3b9690bed,graph,kdtree3d_leafcount,flyby,1,808,808,0.6543040276,0.1228799969,0.7844799757,0.799194,1,0,-1,28927,14464,47,15.66666667,1485,10.26686947,35.39836836,512002,0,512002,28927
v3,d830fc32ff2631e4e1344dc30b3e09c3b9690bed,graph,kdtree3d_leafcount,flyby,1,809,809,0.6554880142,0.1228799969,0.786303997,0.803141,1,0,-1,27919,13960,47,15.66666667,1355,9.706303725,36.67636103,512002,0,512002,27919
v3,d830fc32ff2631e4e1344dc30b3e09c3b9690bed,graph,kdtree3d_leafcount,flyby,1,810,810,0.6581439972,0.1228799969,0.7892799973,0.803834,1,0,-1,27645,13823,46,15.33333333,1366,9.88208059,37.0398611,512002,0,512002,27645
v3,d830fc32ff2631e4e1344dc30b3e09c3b9690bed,graph,kdtree3d_leafcount,flyby,1,811,811,0.656159997,0.1228799969,0.786303997,0.80102,1,0,-1,28149,14075,47,15.66666667,1335,9.484902309,36.37669627,512002,0,512002,28149
v3,d830fc32ff2631e4e1344dc30b3e09c3b9690bed,graph,kdtree3d_leafcount,flyby,1,812,812,0.6583359838,0.1249279976,0.7910079956,0.801679,1,0,-1,29071,14536,47,15.66666667,1599,11.00027518,35.22303247,512002,0,512002,29071
v3,d830fc32ff2631e4e1344dc30b3e09c3b9690bed,graph,kdtree3d_leafcount,flyby,1,813,813,0.6535360217,0.1228799969,0.7849599719,0.80271,1,0,-1,27897,13949,46,15.33333333,1376,9.864506416,36.70528353,512002,0,512002,27897
v3,d830fc32ff2631e4e1344dc30b3e09c3b9690bed,graph,kdtree3d_leafcount,flyby,1,814,814,0.6551359892,0.118784003,0.7828480005,0.794728,1,0,-1,27565,13783,47,15.66666667,1243,9.018355946,37.14735544,512002,0,512002,27565
v3,d830fc32ff2631e4e1344dc30b3e09c3b9690bed,graph,kdtree3d_leafcount,flyby,1,815,815,0.6594880223,0.1228799969,0.7903360128,0.801668,1,0,-1,29375,14688,47,15.66666667,1526,10.38943355,34.85852397,512002,0,512002,29375
v3,d830fc32ff2631e4e1344dc30b3e09c3b9690bed,graph,kdtree3d_leafcount,flyby,1,816,816,0.6583039761,0.1228799969,0.7886400223,0.799422,1,0,-1,27941,13971,46,15.33333333,1339,9.584138573,36.64748407,512002,0,512002,27941
v3,d830fc32ff2631e4e1344dc30b3e09c3b9690bed,graph,kdtree3d_leafcount,flyby,1,817,817,0.6557760239,0.1228799969,0.7862719893,0.796588,1,0,-1,27151,13576,47,15.66666667,1209,8.905421332,37.71375958,512002,0,512002,27151
v3,d830fc32ff2631e4e1344dc30b3e09c3b9690bed,graph,kdtree3d_leafcount,flyby,1,818,818,0.6536319852,0.1249279976,0.786912024,0.801621,1,0,-1,29397,14699,48,16,1533,10.4292809,34.83243758,512002,0,512002,29397
v3,d830fc32ff2631e4e1344dc30b3e09c3b9690bed,graph,kdtree3d_leafcount,flyby,1,819,819,0.6557440162,0.1228799969,0.7866880298,0.802348,1,0,-1,27935,13968,47,15.66666667,1321,9.457331042,36.6553551,512002,0,512002,27935
v3,d830fc32ff2631e4e1344dc30b3e09c3b9690bed,graph,kdtree3d_leafcount,flyby,1,820,820,0.6551039815,0.1208320037,0.7846080065,0.796295,1,0,-1,26981,13491,47,15.66666667,1211,8.976354607,37.95137499,512002,0,512002,26981
v3,d830fc32ff2631e4e1344dc30b3e09c3b9690bed,graph,kdtree3d_leafcount,flyby,1,821,821,0.6557440162,0.1249279976,0.7882239819,0.799176,1,0,-1,29425,14713,47,15.66666667,1537,10.44654387,34.79929314,512002,0,512002,29425
v3,d830fc32ff2631e4e1344dc30b3e09c3b9690bed,graph,kdtree3d_leafcount,flyby,1,822,822,0.6572800279,0.1228799969,0.7887359858,0.803763,1,0,-1,27869,13935,47,15.66666667,1353,9.709364909,36.74216003,512002,0,512002,27869
v3,d830fc32ff2631e4e1344dc30b3e09c3b9690bed,graph,kdtree3d_leafcount,flyby,1,823,823,0.6597759724,0.118784003,0.7868800163,0.801752,1,0,-1,26845,13423,46,15.33333333,1235,9.200625792,38.14363406,512002,0,512002,26845
v3,d830fc32ff2631e4e1344dc30b3e09c3b9690bed,graph,kdtree3d_leafcount,flyby,1,824,824,0.659168005,0.1249279976,0.792320013,0.803623,1,0,-1,29287,14644,47,15.66666667,1501,10.24993171,34.9632614,512002,0,512002,29287
v3,d830fc32ff2631e4e1344dc30b3e09c3b9690bed,graph,kdtree3d_leafcount,flyby,1,825,825,0.6567360163,0.1228799969,0.7878400087,0.801715,1,0,-1,28033,14017,47,15.66666667,1378,9.830919598,36.52721695,512002,0,512002,28033
v3,d830fc32ff2631e4e1344dc30b3e09c3b9690bed,graph,kdtree3d_leafcount,flyby,1,826,826,0.6549760103,0.1228799969,0.785664022,0.801264,1,0,-1,26863,13432,46,15.33333333,1280,9.529481834,38.11807624,512002,0,512002,26863
v3,d830fc32ff2631e4e1344dc30b3e09c3b9690bed,graph,kdtree3d_leafcount,flyby,1,827,827,0.6510400176,0.1249279976,0.7840960026,0.800814,1,0,-1,29337,14669,47,15.66666667,1534,10.45742723,34.90367442,512002,0,512002,29337
v3,d830fc32ff2631e4e1344dc30b3e09c3b9690bed,graph,kdtree3d_leafcount,flyby,1,828,828,0.6549119949,0.1228799969,0.785951972,0.800665,1,0,-1,28095,14048,47,15.66666667,1404,9.994305239,36.44661162,512002,0,512002,28095
v3,d830fc32ff2631e4e1344dc30b3e09c3b9690bed,graph,kdtree3d_leafcount,flyby,1,829,829,0.6571840048,0.1208320037,0.7861440182,0.802669,1,0,-1,26789,13395,46,15.33333333,1267,9.458753266,38.22336693,512002,0,512002,26789
v3,d830fc32ff2631e4e1344dc30b3e09c3b9690bed,graph,kdtree3d_leafcount,flyby,1,830,830,0.6588799953,0.1228799969,0.7892479897,0.800259,1,0,-1,29285,14643,47,15.66666667,1511,10.31892372,34.96564912,512002,0,512002,29285
v3,d830fc32ff2631e4e1344dc30b3e09c3b9690bed,graph,kdtree3d_leafcount,flyby,1,831,831,0.6539520025,0.1208320037,0.7829759717,0.795402,1,0,-1,28143,14072,47,15.66666667,1418,10.07674815,36.38445139,512002,0,512002,28143
v3,d830fc32ff2631e4e1344dc30b3e09c3b9690bed,graph,kdtree3d_leafcount,flyby,1,832,832,0.6579200029,0.1208320037,0.7860159874,0.797039,1,0,-1,26799,13400,48,16,1277,9.529850746,38.20910448,512002,0,512002,26799
v3,d830fc32ff2631e4e1344dc30b3e09c3b9690bed,graph,kdtree3d_leafcount,flyby,1,833,833,0.6568319798,0.1228799969,0.788064003,0.803019,1,0,-1,29177,14589,47,15.66666667,1525,10.45308109,35.09507163,512002,0,512002,29177
v3,d830fc32ff2631e4e1344dc30b3e09c3b9690bed,graph,kdtree3d_leafcount,flyby,1,834,834,0.657311976,0.1249279976,0.7903360128,0.80274,1,0,-1,28485,14243,47,15.66666667,1458,10.23660746,35.94762339,512002,0,512002,28485
v3,d830fc32ff2631e4e1344dc30b3e09c3b9690bed,graph,kdtree3d_leafcount,flyby,1,835,835,0.6490240097,0.1228799969,0.7803840041,0.79301,1,0,-1,26963,13482,48,16,1293,9.590565198,37.97670969,512002,0,512002,26963
v3,d830fc32ff2631e4e1344dc30b3e09c3b9690bed,graph,kdtree3d_leafcount,flyby,1,836,836,0.6568959951,0.1228799969,0.788416028,0.804929,1,0,-1,28319,14160,47,15.66666667,1358,9.59039548,36.15833333,512002,0,512002,28319
v3,d830fc32ff2631e4e1344dc30b3e09c3b9690bed,graph,kdtree3d_leafcount,flyby,1,837,837,0.6552000046,0.1249279976,0.78895998,0.803637,1,0,-1,29269,14635,47,15.66666667,1620,11.06935429,34.98476256,512002,0,512002,29269
v3,d830fc32ff2631e4e1344dc30b3e09c3b9690bed,graph,kdtree3d_leafcount,flyby,1,838,838,0.6593599916,0.1208320037,0.7888320088,0.80496,1,0,-1,26893,13447,46,15.33333333,1263,9.392429538,38.07555589,512002,0,512002,26893
v3,d830fc32ff2631e4e1344dc30b3e09c3b9690bed,graph,kdtree3d_leafcount,flyby,1,839,839,0.655903995,0.1228799969,0.7871040106,0.802667,1,0,-1,27961,13981,47,15.66666667,1380,9.870538588,36.62127173,512002,0,512002,27961
v3,d830fc32ff2631e4e1344dc30b3e09c3b9690bed,graph,kdtree3d_leafcount,flyby,1,840,840,0.6555839777,0.1228799969,0.7869439721,0.802516,1,0,-1,29279,14640,47,15.66666667,1607,10.97677596,34.97281421,512002,0,512002,29279
v3,d830fc32ff2631e4e1344dc30b3e09c3b9690bed,graph,kdtree3d_leafcount,flyby,1,841,841,0.6557760239,0.1208320037,0.7852799892,0.797426,1,0,-1,27121,13561,46,15.33333333,1301,9.593687781,37.75547526,512002,0,512002,27121
v3,d830fc32ff2631e4e1344dc30b3e09c3b9690bed,graph,kdtree3d_leafcount,flyby,1,842,842,0.6605439782,0.1228799969,0.7916479707,0.804115,1,0,-1,27807,13904,46,15.33333333,1384,9.953970081,36.8240794,512002,0,512002,27807
v3,d830fc32ff2631e4e1344dc30b3e09c3b9690bed,graph,kdtree3d_leafcount,flyby,1,843,843,0.6558399796,0.1249279976,0.7889919877,0.802017,1,0,-1,29425,14713,47,15.66666667,1600,10.87473663,34.79929314,512002,0,512002,29425
v3,d830fc32ff2631e4e1344dc30b3e09c3b9690bed,graph,kdtree3d_leafcount,flyby,1,844,844,0.6574720144,0.1208320037,0.7863360047,0.801583,1,0,-1,27281,13641,46,15.33333333,1310,9.60340151,37.53405176,512002,0,512002,27281
v3,d830fc32ff2631e4e1344dc30b3e09c3b9690bed,graph,kdtree3d_leafcount,flyby,1,845,845,0.6583039761,0.1208320037,0.7873920202,0.800473,1,0,-1,27781,13891,46,15.33333333,1347,9.696926067,36.8585415,512002,0,512002,27781
v3,d830fc32ff2631e4e1344dc30b3e09c3b9690bed,graph,kdtree3d_leafcount,flyby,1,846,846,0.6560639739,0.1249599978,0.7885119915,0.80048,1,0,-1,29333,14667,47,15.66666667,1548,10.55430558,34.9084339,512002,0,512002,29333
v3,d830fc32ff2631e4e1344dc30b3e09c3b9690bed,graph,kdtree3d_leafcount,flyby,1,847,847,0.6571199894,0.1208320037,0.7859200239,0.799952,1,0,-1,27345,13673,47,15.66666667,1321,9.661376435,37.44620785,512002,0,512002,27345
v3,d830fc32ff2631e4e1344dc30b3e09c3b9690bed,graph,kdtree3d_leafcount,flyby,1,848,848,0.6535999775,0.1208320037,0.7819200158,0.800921,1,0,-1,27711,13856,46,15.33333333,1382,9.974018476,36.9516455,512002,0,512002,27711
v3,d830fc32ff2631e4e1344dc30b3e09c3b9690bed,graph,kdtree3d_leafcount,flyby,1,849,849,0.6571840048,0.1249599978,0.7899519801,0.801962,1,0,-1,29255,14628,47,15.66666667,1497,10.2337982,35.00150396,512002,0,512002,29255
v3,d830fc32ff2631e4e1344dc30b3e09c3b9690bed,graph,kdtree3d_leafcount,flyby,1,850,850,0.6563199759,0.1228799969,0.7860479951,0.802366,1,0,-1,27121,13561,47,15.66666667,1250,9.217609321,37.75547526,512002,0,512002,27121
v3,d830fc32ff2631e4e1344dc30b3e09c3b9690bed,graph,kdtree3d_leafcount,flyby,1,851,851,0.6585279703,0.1228799969,0.7891839743,0.80175,1,0,-1,27607,13804,46,15.33333333,1376,9.968125181,37.09084323,512002,0,512002,27607
v3,d830fc32ff2631e4e1344dc30b3e09c3b9690bed,graph,kdtree3d_leafcount,flyby,1,852,852,0.6579520106,0.1249279976,0.7904319763,0.802691,1,0,-1,29215,14608,47,15.66666667,1473,10.08351588,35.04942497,512002,0,512002,29215
v3,d830fc32ff2631e4e1344dc30b3e09c3b9690bed,graph,kdtree3d_leafcount,flyby,1,853,853,0.6572480202,0.1208320037,0.7869439721,0.802769,1,0,-1,27441,13721,47,15.66666667,1275,9.292325632,37.31521026,512002,0,512002,27441
v3,d830fc32ff2631e4e1344dc30b3e09c3b9690bed,graph,kdtree3d_leafcount,flyby,1,854,854,0.659168005,0.1228799969,0.7897920012,0.801581,1,0,-1,27611,13806,46,15.33333333,1391,10.07532957,37.08547009,512002,0,512002,27611
v3,d830fc32ff2631e4e1344dc30b3e09c3b9690bed,graph,kdtree3d_leafcount,flyby,1,855,855,0.6546239853,0.1208320037,0.7837120295,0.800334,1,0,-1,29165,14583,47,15.66666667,1534,10.51909758,35.10951107,512002,0,512002,29165
v3,d830fc32ff2631e4e1344dc30b3e09c3b9690bed,graph,kdtree3d_leafcount,flyby,1,856,856,0.6597120166,0.1228799969,0.7902399898,0.801451,1,0,-1,27607,13804,47,15.66666667,1276,9.243697479,37.09084323,512002,0,512002,27607
v3,d830fc32ff2631e4e1344dc30b3e09c3b9690bed,graph,kdtree3d_leafcount,flyby,1,857,857,0.6558719873,0.1228799969,0.7878400087,0.802309,1,0,-1,27703,13852,48,16,1368,9.875830205,36.96231591,512002,0,512002,27703
v3,d830fc32ff2631e4e1344dc30b3e09c3b9690bed,graph,kdtree3d_leafcount,flyby,1,858,858,0.6555839777,0.1228799969,0.7865279913,0.802154,1,0,-1,28991,14496,47,15.66666667,1491,10.28559603,35.32022627,512002,0,512002,28991
v3,d830fc32ff2631e4e1344dc30b3e09c3b9690bed,graph,kdtree3d_leafcount,flyby,1,859,859,0.654655993,0.1208320037,0.7826240063,0.800383,1,0,-1,27645,13823,47,15.66666667,1303,9.426318455,37.0398611,512002,0,512002,27645
v3,d830fc32ff2631e4e1344dc30b3e09c3b9690bed,graph,kdtree3d_leafcount,flyby,1,860,860,0.6576960087,0.1208320037,0.7842879891,0.793725,1,0,-1,27663,13832,46,15.33333333,1368,9.89010989,37.01576056,512002,0,512002,27663
v3,d830fc32ff2631e4e1344dc30b3e09c3b9690bed,graph,kdtree3d_leafcount,flyby,1,861,861,0.6594880223,0.1228799969,0.7899199724,0.802852,1,0,-1,28677,14339,47,15.66666667,1461,10.18899505,35.70695307,512002,0,512002,28677
v3,d830fc32ff2631e4e1344dc30b3e09c3b9690bed,graph,kdtree3d_leafcount,flyby,1,862,862,0.6536960006,0.1208320037,0.782656014,0.79541,1,0,-1,28119,14060,47,15.66666667,1407,10.00711238,36.41550498,512002,0,512002,28119
v3,d830fc32ff2631e4e1344dc30b3e09c3b9690bed,graph,kdtree3d_leafcount,flyby,1,863,863,0.6527360082,0.118784003,0.7805759907,0.793217,1,0,-1,27731,13866,46,15.33333333,1372,9.894706476,36.92499639,512002,0,512002,27731
v3,d830fc32ff2631e4e1344dc30b3e09c3b9690bed,graph,kdtree3d_leafcount,flyby,1,864,864,0.6575359702,0.1208320037,0.786303997,0.801751,1,0,-1,27625,13813,47,15.66666667,1242,8.991529718,37.06667632,512002,0,512002,27625
v3,d830fc32ff2631e4e1344dc30b3e09c3b9690bed,graph,kdtree3d_leafcount,flyby,1,865,865,0.6568959951,0.1249599978,0.789568007,0.801208,1,0,-1,29073,14537,47,15.66666667,1559,10.72435853,35.22060948,512002,0,512002,29073
v3,d830fc32ff2631e4e1344dc30b3e09c3b9690bed,graph,kdtree3d_leafcount,flyby,1,866,866,0.6563519835,0.1208320037,0.7845119834,0.799631,1,0,-1,27699,13850,46,15.33333333,1354,9.776173285,36.96765343,512002,0,512002,27699
v3,d830fc32ff2631e4e1344dc30b3e09c3b9690bed,graph,kdtree3d_leafcount,flyby,1,867,867,0.6559680104,0.1208320037,0.7838720083,0.799413,1,0,-1,27301,13651,47,15.66666667,1222,8.951725148,37.5065563,512002,0,512002,27301
v3,d830fc32ff2631e4e1344dc30b3e09c3b9690bed,graph,kdtree3d_leafcount,flyby,1,868,868,0.6584640145,0.1249279976,0.7912319899,0.803409,1,0,-1,29031,14516,47,15.66666667,1497,10.31275834,35.27156241,512002,0,512002,29031
v3,d830fc32ff2631e4e1344dc30b3e09c3b9690bed,graph,kdtree3d_leafcount,flyby,1,869,869,0.6562880278,0.1228799969,0.7868160009,0.799961,1,0,-1,27671,13836,47,15.66666667,1305,9.431916739,37.00505927,512002,0,512002,27671
v3,d830fc32ff2631e4e1344dc30b3e09c3b9690bed,graph,kdtree3d_leafcount,flyby,1,870,870,0.6568639874,0.118784003,0.7835199833,0.800933,1,0,-1,27187,13594,47,15.66666667,1200,8.827423863,37.66382227,512002,0,512002,27187
v3,d830fc32ff2631e4e1344dc30b3e09c3b9690bed,graph,kdtree3d_leafcount,flyby,1,871,871,0.6576960087,0.1249279976,0.790816009,0.803735,1,0,-1,29235,14618,47,15.66666667,1517,10.37761664,35.02544808,512002,0,512002,29235
v3,d830fc32ff2631e4e1344dc30b3e09c3b9690bed,graph,kdtree3d_leafcount,flyby,1,872,872,0.6547520161,0.1208320037,0.7838400006,0.802991,1,0,-1,27875,13938,46,15.33333333,1320,9.470512269,36.73425169,512002,0,512002,27875
v3,d830fc32ff2631e4e1344dc30b3e09c3b9690bed,graph,kdtree3d_leafcount,flyby,1,873,873,0.6549119949,0.1208320037,0.7841280103,0.802438,1,0,-1,26973,13487,46,15.33333333,1197,8.875213168,37.96263068,512002,0,512002,26973
v3,d830fc32ff2631e4e1344dc30b3e09c3b9690bed,graph,kdtree3d_leafcount,flyby,1,874,874,0.6560959816,0.1228799969,0.7857599854,0.797659,1,0,-1,29227,14614,47,15.66666667,1493,10.21623101,35.0350349,512002,0,512002,29227
v3,d830fc32ff2631e4e1344dc30b3e09c3b9690bed,graph,kdtree3d_leafcount,flyby,1,875,875,0.6535360217,0.1228799969,0.7829440236,0.797612,1,0,-1,27751,13876,47,15.66666667,1298,9.354280773,36.8983857,512002,0,512002,27751
v3,d830fc32ff2631e4e1344dc30b3e09c3b9690bed,graph,kdtree3d_leafcount,flyby,1,876,876,0.6560959816,0.1208320037,0.782656014,0.795119,1,0,-1,26893,13447,47,15.66666667,1209,8.990852978,38.07555589,512002,0,512002,26893
v3,d830fc32ff2631e4e1344dc30b3e09c3b9690bed,graph,kdtree3d_leafcount,flyby,1,877,877,0.6557440162,0.1249279976,0.7864959836,0.795876,1,0,-1,29277,14639,47,15.66666667,1563,10.67695881,34.97520322,512002,0,512002,29277
v3,d830fc32ff2631e4e1344dc30b3e09c3b9690bed,graph,kdtree3d_leafcount,flyby,1,878,878,0.6592640281,0.1208320037,0.7880960107,0.80016,1,0,-1,27935,13968,47,15.66666667,1381,9.886884307,36.6553551,512002,0,512002,27935
v3,d830fc32ff2631e4e1344dc30b3e09c3b9690bed,graph,kdtree3d_leafcount,flyby,1,879,879,0.6577600241,0.1228799969,0.7873920202,0.797807,1,0,-1,26895,13448,46,15.33333333,1255,9.332242713,38.07272457,512002,0,512002,26895
v3,d830fc32ff2631e4e1344dc30b3e09c3b9690bed,graph,kdtree3d_leafcount,flyby,1,880,880,0.658016026,0.1249279976,0.7898560166,0.800943,1,0,-1,29221,14611,47,15.66666667,1508,10.32099103,35.04222846,512002,0,512002,29221
v3,d830fc32ff2631e4e1344dc30b3e09c3b9690bed,graph,kdtree3d_leafcount,flyby,1,881,881,0.6566720009,0.1208320037,0.7849919796,0.800872,1,0,-1,27865,13933,47,15.66666667,1374,9.86147994,36.74743415,512002,0,512002,27865
v3,d830fc32ff2631e4e1344dc30b3e09c3b9690bed,graph,kdtree3d_leafcount,flyby,1,882,882,0.6541439891,0.1228799969,0.7843840122,0.799602,1,0,-1,26729,13365,46,15.33333333,1223,9.150766929,38.30916573,512002,0,512002,26729
v3,d830fc32ff2631e4e1344dc30b3e09c3b9690bed,graph,kdtree3d_leafcount,flyby,1,883,883,0.6554880142,0.1249279976,0.7887679935,0.801372,1,0,-1,29283,14642,47,15.66666667,1489,10.16937577,34.96803715,512002,0,512002,29283
v3,d830fc32ff2631e4e1344dc30b3e09c3b9690bed,graph,kdtree3d_leafcount,flyby,1,884,884,0.656512022,0.1208320037,0.785055995,0.801514,1,0,-1,27925,13963,47,15.66666667,1362,9.754350784,36.66848099,512002,0,512002,27925
v3,d830fc32ff2631e4e1344dc30b3e09c3b9690bed,graph,kdtree3d_leafcount,flyby,1,885,885,0.65881598,0.1208320037,0.7864639759,0.798347,1,0,-1,26699,13350,46,15.33333333,1221,9.146067416,38.35220974,512002,0,512002,26699
v3,d830fc32ff2631e4e1344dc30b3e09c3b9690bed,graph,kdtree3d_leafcount,flyby,1,886,886,0.6548799872,0.1249279976,0.787455976,0.801367,1,0,-1,29037,14519,47,15.66666667,1428,9.835388112,35.2642744,512002,0,512002,29037
v3,d830fc32ff2631e4e1344dc30b3e09c3b9690bed,graph,kdtree3d_leafcount,flyby,1,887,887,0.6566399932,0.1228799969,0.7881280184,0.804655,1,0,-1,27935,13968,47,15.66666667,1382,9.894043528,36.6553551,512002,0,512002,27935
v3,d830fc32ff2631e4e1344dc30b3e09c3b9690bed,graph,kdtree3d_leafcount,flyby,1,888,888,0.6561279893,0.1228799969,0.787711978,0.805156,1,0,-1,26477,13239,46,15.33333333,1184,8.943273661,38.6737669,512002,0,512002,26477
v3,d830fc32ff2631e4e1344dc30b3e09c3b9690bed,graph,kdtree3d_leafcount,flyby,1,889,889,0.6599680185,0.1249599978,0.7945280075,0.809305,1,0,-1,29045,14523,47,15.66666667,1447,9.963506163,35.25456173,512002,0,512002,29045
v3,d830fc32ff2631e4e1344dc30b3e09c3b9690bed,graph,kdtree3d_leafcount,flyby,1,890,890,0.6562880278,0.1228799969,0.7873280048,0.801846,1,0,-1,28121,14061,47,15.66666667,1390,9.885498898,36.41291516,512002,0,512002,28121
v3,d830fc32ff2631e4e1344dc30b3e09c3b9690bed,graph,kdtree3d_leafcount,flyby,1,891,891,0.6592000127,0.1228799969,0.7903040051,0.80327,1,0,-1,26689,13345,46,15.33333333,1225,9.179467966,38.36657924,512002,0,512002,26689
v3,d830fc32ff2631e4e1344dc30b3e09c3b9690bed,graph,kdtree3d_leafcount,flyby,1,892,892,0.657664001,0.1228799969,0.7885119915,0.802078,1,0,-1,28801,14401,47,15.66666667,1412,9.804874661,35.55322547,512002,0,512002,28801
v3,d830fc32ff2631e4e1344dc30b3e09c3b9690bed,graph,kdtree3d_leafcount,flyby,1,893,893,0.6596480012,0.1228799969,0.7911360264,0.802024,1,0,-1,28453,14227,47,15.66666667,1433,10.07239755,35.98805089,512002,0,512002,28453
v3,d830fc32ff2631e4e1344dc30b3e09c3b9690bed,graph,kdtree3d_leafcount,flyby,1,894,894,0.6632959843,0.1208320037,0.7928000093,0.804104,1,0,-1,26729,13365,46,15.33333333,1252,9.36775159,38.30916573,512002,0,512002,26729
v3,d830fc32ff2631e4e1344dc30b3e09c3b9690bed,graph,kdtree3d_leafcount,flyby,1,895,895,0.6605759859,0.1208320037,0.789568007,0.801413,1,0,-1,28289,14145,47,15.66666667,1331,9.409685401,36.19667727,512002,0,512002,28289
v3,d830fc32ff2631e4e1344dc30b3e09c3b9690bed,graph,kdtree3d_leafcount,flyby,1,896,896,0.6566079855,0.1208320037,0.7851520181,0.799628,1,0,-1,29077,14539,47,15.66666667,1543,10.61283445,35.2157645,512002,0,512002,29077
v3,d830fc32ff2631e4e1344dc30b3e09c3b9690bed,graph,kdtree3d_leafcount,flyby,1,897,897,0.6590399742,0.1228799969,0.7900800109,0.802665,1,0,-1,26855,13428,46,15.33333333,1278,9.517426273,38.12943104,512002,0,512002,26855
v3,d830fc32ff2631e4e1344dc30b3e09c3b9690bed,graph,kdtree3d_leafcount,flyby,1,898,898,0.6611199975,0.1228799969,0.7924799919,0.804425,1,0,-1,27901,13951,47,15.66666667,1279,9.167801591,36.7000215,512002,0,512002,27901
v3,d830fc32ff2631e4e1344dc30b3e09c3b9690bed,graph,kdtree3d_leafcount,flyby,1,899,899,0.6570879817,0.1228799969,0.7875199914,0.800137,1,0,-1,29159,14580,47,15.66666667,1530,10.49382716,35.11673525,512002,0,512002,29159
v3,d830fc32ff2631e4e1344dc30b3e09c3b9690bed,graph,kdtree3d_leafcount,flyby,1,900,900,0.6568319798,0.1228799969,0.7875840068,0.803516,1,0,-1,27003,13502,47,15.66666667,1235,9.146793068,37.92045623,512002,0,512002,27003
v3,d830fc32ff2631e4e1344dc30b3e09c3b9690bed,graph,kdtree3d_leafcount,flyby,1,901,901,0.6529279947,0.1228799969,0.7832639813,0.799375,1,0,-1,27875,13938,46,15.33333333,1342,9.62835414,36.73425169,512002,0,512002,27875
v3,d830fc32ff2631e4e1344dc30b3e09c3b9690bed,graph,kdtree3d_leafcount,flyby,1,902,902,0.6552960277,0.1249599978,0.7885119915,0.802025,1,0,-1,29361,14681,47,15.66666667,1542,10.5033717,34.87514474,512002,0,512002,29361
v3,d830fc32ff2631e4e1344dc30b3e09c3b9690bed,graph,kdtree3d_leafcount,flyby,1,903,903,0.6575359702,0.1167360023,0.7825599909,0.794762,1,0,-1,27021,13511,46,15.33333333,1231,9.111094664,37.89519651,512002,0,512002,27021
v3,d830fc32ff2631e4e1344dc30b3e09c3b9690bed,graph,kdtree3d_leafcount,flyby,1,904,904,0.6546880007,0.1208320037,0.7838079929,0.802416,1,0,-1,27893,13947,47,15.66666667,1346,9.650820965,36.71054707,512002,0,512002,27893
v3,d830fc32ff2631e4e1344dc30b3e09c3b9690bed,graph,kdtree3d_leafcount,flyby,1,905,905,0.6553599834,0.1249279976,0.7878400087,0.79871,1,0,-1,29377,14689,47,15.66666667,1528,10.40234189,34.85615086,512002,0,512002,29377
v3,d830fc32ff2631e4e1344dc30b3e09c3b9690bed,graph,kdtree3d_leafcount,flyby,1,906,906,0.6577600241,0.1228799969,0.7892799973,0.804574,1,0,-1,26981,13491,46,15.33333333,1242,9.206137425,37.95137499,512002,0,512002,26981
v3,d830fc32ff2631e4e1344dc30b3e09c3b9690bed,graph,kdtree3d_leafcount,flyby,1,907,907,0.6533759832,0.1228799969,0.7837120295,0.799766,1,0,-1,27773,13887,47,15.66666667,1371,9.872542666,36.86915821,512002,0,512002,27773
v3,d830fc32ff2631e4e1344dc30b3e09c3b9690bed,graph,kdtree3d_leafcount,flyby,1,908,908,0.6533439755,0.1249279976,0.7862399817,0.801337,1,0,-1,29421,14711,47,15.66666667,1569,10.66548841,34.8040242,512002,0,512002,29421
v3,d830fc32ff2631e4e1344dc30b3e09c3b9690bed,graph,kdtree3d_leafcount,flyby,1,909,909,0.6553919911,0.1208320037,0.7838720083,0.800397,1,0,-1,27069,13535,46,15.33333333,1258,9.294421869,37.82800148,512002,0,512002,27069
v3,d830fc32ff2631e4e1344dc30b3e09c3b9690bed,graph,kdtree3d_leafcount,flyby,1,910,910,0.65526402,0.1208320037,0.783551991,0.801458,1,0,-1,27705,13853,46,15.33333333,1362,9.831805385,36.95964773,512002,0,512002,27705
v3,d830fc32ff2631e4e1344dc30b3e09c3b9690bed,graph,kdtree3d_leafcount,flyby,1,911,911,0.6573759913,0.1249279976,0.7903040051,0.802857,1,0,-1,29361,14681,47,15.66666667,1543,10.51018323,34.87514474,512002,0,512002,29361
v3,d830fc32ff2631e4e1344dc30b3e09c3b9690bed,graph,kdtree3d_leafcount,flyby,1,912,912,0.6592959762,0.1208320037,0.7881600261,0.802585,1,0,-1,27245,13623,47,15.66666667,1268,9.307788299,37.58364531,512002,0,512002,27245
v3,d830fc32ff2631e4e1344dc30b3e09c3b9690bed,graph,kdtree3d_leafcount,flyby,1,913,913,0.659168005,0.1228799969,0.7896320224,0.802629,1,0,-1,27667,13834,46,15.33333333,1378,9.960965737,37.01040914,512002,0,512002,27667
v3,d830fc32ff2631e4e1344dc30b3e09c3b9690bed,graph,kdtree3d_leafcount,flyby,1,914,914,0.6522880197,0.1249279976,0.7846720219,0.799795,1,0,-1,29235,14618,48,16,1485,10.15870844,35.02544808,512002,0,512002,29235
v3,d830fc32ff2631e4e1344dc30b3e09c3b9690bed,graph,kdtree3d_leafcount,flyby,1,915,915,0.6568639874,0.1228799969,0.7870079875,0.799885,1,0,-1,27253,13627,47,15.66666667,1241,9.106920085,37.57261319,512002,0,512002,27253
v3,d830fc32ff2631e4e1344dc30b3e09c3b9690bed,graph,kdtree3d_leafcount,flyby,1,916,916,0.6568639874,0.1228799969,0.7879040241,0.801903,1,0,-1,27651,13826,46,15.33333333,1369,9.901634601,37.0318241,512002,0,512002,27651
v3,d830fc32ff2631e4e1344dc30b3e09c3b9690bed,graph,kdtree3d_leafcount,flyby,1,917,917,0.6585279703,0.1249279976,0.7909439802,0.802375,1,0,-1,29181,14591,47,15.66666667,1489,10.20492084,35.09026112,512002,0,512002,29181
v3,d830fc32ff2631e4e1344dc30b3e09c3b9690bed,graph,kdtree3d_leafcount,flyby,1,918,918,0.6560959816,0.1208320037,0.7849599719,0.802884,1,0,-1,27167,13584,47,15.66666667,1259,9.268256773,37.69154888,512002,0,512002,27167
v3,d830fc32ff2631e4e1344dc30b3e09c3b9690bed,graph,kdtree3d_leafcount,flyby,1,919,919,0.6512960196,0.1208320037,0.7789760232,0.796665,1,0,-1,27619,13810,46,15.33333333,1356,9.81897176,37.07472846,512002,0,512002,27619
v3,d830fc32ff2631e4e1344dc30b3e09c3b9690bed,graph,kdtree3d_leafcount,flyby,1,920,920,0.6529920101,0.1228799969,0.7846080065,0.804345,1,0,-1,29195,14598,47,15.66666667,1498,10.26167968,35.07343472,512002,0,512002,29195
v3,d830fc32ff2631e4e1344dc30b3e09c3b9690bed,graph,kdtree3d_leafcount,flyby,1,921,921,0.657664001,0.1208320037,0.7873600125,0.804698,1,0,-1,27441,13721,47,15.66666667,1249,9.10283507,37.31521026,512002,0,512002,27441
v3,d830fc32ff2631e4e1344dc30b3e09c3b9690bed,graph,kdtree3d_leafcount,flyby,1,922,922,0.6530240178,0.1208320037,0.780896008,0.796848,1,0,-1,27657,13829,47,15.66666667,1376,9.950104852,37.02379059,512002,0,512002,27657
v3,d830fc32ff2631e4e1344dc30b3e09c3b9690bed,graph,kdtree3d_leafcount,flyby,1,923,923,0.6592000127,0.1249279976,0.7924159765,0.804084,1,0,-1,29153,14577,47,15.66666667,1502,10.30390341,35.12396241,512002,0,512002,29153
v3,d830fc32ff2631e4e1344dc30b3e09c3b9690bed,graph,kdtree3d_leafcount,flyby,1,924,924,0.6591039896,0.1208320037,0.7877439857,0.802066,1,0,-1,27511,13756,47,15.66666667,1262,9.17417854,37.22026752,512002,0,512002,27511
v3,d830fc32ff2631e4e1344dc30b3e09c3b9690bed,graph,kdtree3d_leafcount,flyby,1,925,925,0.6566079855,0.1228799969,0.7879999876,0.802949,1,0,-1,27589,13795,46,15.33333333,1352,9.80065241,37.11504168,512002,0,512002,27589
v3,d830fc32ff2631e4e1344dc30b3e09c3b9690bed,graph,kdtree3d_leafcount,flyby,1,926,926,0.6542400122,0.1249279976,0.7871999741,0.799753,1,0,-1,29065,14533,47,15.66666667,1497,10.30069497,35.23030345,512002,0,512002,29065
v3,d830fc32ff2631e4e1344dc30b3e09c3b9690bed,graph,kdtree3d_leafcount,flyby,1,927,927,0.6525760293,0.1208320037,0.7813439965,0.800951,1,0,-1,27693,13847,47,15.66666667,1278,9.229435979,36.9756626,512002,0,512002,27693
v3,d830fc32ff2631e4e1344dc30b3e09c3b9690bed,graph,kdtree3d_leafcount,flyby,1,928,928,0.6536639929,0.1228799969,0.7846720219,0.802934,1,0,-1,27487,13744,47,15.66666667,1308,9.516880093,37.25276484,512002,0,512002,27487
v3,d830fc32ff2631e4e1344dc30b3e09c3b9690bed,graph,kdtree3d_leafcount,flyby,1,929,929,0.655008018,0.1228799969,0.7858880162,0.802443,1,0,-1,28819,14410,47,15.66666667,1402,9.729354615,35.53102012,512002,0,512002,28819
v3,d830fc32ff2631e4e1344dc30b3e09c3b9690bed,graph,kdtree3d_leafcount,flyby,1,930,930,0.6575359702,0.1228799969,0.7884799838,0.802004,1,0,-1,27735,13868,47,15.66666667,1269,9.150562446,36.91967119,512002,0,512002,27735
v3,d830fc32ff2631e4e1344dc30b3e09c3b9690bed,graph,kdtree3d_leafcount,flyby,1,931,931,0.6549440026,0.1228799969,0.785664022,0.801354,1,0,-1,27309,13655,46,15.33333333,1255,9.190772611,37.49556939,512002,0,512002,27309
v3,d830fc32ff2631e4e1344dc30b3e09c3b9690bed,graph,kdtree3d_leafcount,flyby,1,932,932,0.6591039896,0.1208320037,0.7876480222,0.800445,1,0,-1,28321,14161,47,15.66666667,1353,9.554409999,36.15577996,512002,0,512002,28321
v3,d830fc32ff2631e4e1344dc30b3e09c3b9690bed,graph,kdtree3d_leafcount,flyby,1,933,933,0.656768024,0.1228799969,0.788064003,0.803132,1,0,-1,28051,14026,47,15.66666667,1305,9.304149437,36.5037787,512002,0,512002,28051
v3,d830fc32ff2631e4e1344dc30b3e09c3b9690bed,graph,kdtree3d_leafcount,flyby,1,934,934,0.6557120085,0.1228799969,0.7874879837,0.804692,1,0,-1,27439,13720,46,15.33333333,1290,9.402332362,37.31793003,512002,0,512002,27439
v3,d830fc32ff2631e4e1344dc30b3e09c3b9690bed,graph,kdtree3d_leafcount,flyby,1,935,935,0.6531839967,0.1228799969,0.7840319872,0.801333,1,0,-1,27659,13830,47,15.66666667,1226,8.864786696,37.02111352,512002,0,512002,27659
v3,d830fc32ff2631e4e1344dc30b3e09c3b9690bed,graph,kdtree3d_leafcount,flyby,1,936,936,0.6580799818,0.1228799969,0.7890239954,0.80081,1,0,-1,28631,14316,47,15.66666667,1470,10.26823135,35.76431964,512002,0,512002,28631
v3,d830fc32ff2631e4e1344dc30b3e09c3b9690bed,graph,kdtree3d_leafcount,flyby,1,937,937,0.6562560201,0.1228799969,0.7863680124,0.800461,1,0,-1,27557,13779,46,15.33333333,1294,9.391102402,37.1581392,512002,0,512002,27557
v3,d830fc32ff2631e4e1344dc30b3e09c3b9690bed,graph,kdtree3d_leafcount,flyby,1,938,938,0.6574400067,0.1208320037,0.7871360183,0.804885,1,0,-1,27347,13674,47,15.66666667,1155,8.446687143,37.44346936,512002,0,512002,27347
v3,d830fc32ff2631e4e1344dc30b3e09c3b9690bed,graph,kdtree3d_leafcount,flyby,1,939,939,0.6536639929,0.1249279976,0.7869759798,0.802058,1,0,-1,28823,14412,47,15.66666667,1439,9.984734943,35.52608937,512002,0,512002,28823
v3,d830fc32ff2631e4e1344dc30b3e09c3b9690bed,graph,kdtree3d_leafcount,flyby,1,940,940,0.6559360027,0.1228799969,0.7866560221,0.800861,1,0,-1,27485,13743,46,15.33333333,1279,9.306556065,37.25547551,512002,0,512002,27485
v3,d830fc32ff2631e4e1344dc30b3e09c3b9690bed,graph,kdtree3d_leafcount,flyby,1,941,941,0.6553599834,0.1208320037,0.7839999795,0.800616,1,0,-1,27275,13638,47,15.66666667,1178,8.637630151,37.54230826,512002,0,512002,27275
v3,d830fc32ff2631e4e1344dc30b3e09c3b9690bed,graph,kdtree3d_leafcount,flyby,1,942,942,0.6575359702,0.1249279976,0.7907519937,0.803533,1,0,-1,29309,14655,47,15.66666667,1563,10.66530194,34.93701808,512002,0,512002,29309
v3,d830fc32ff2631e4e1344dc30b3e09c3b9690bed,graph,kdtree3d_leafcount,flyby,1,943,943,0.6563519835,0.1208320037,0.7854719758,0.805993,1,0,-1,27657,13829,46,15.33333333,1322,9.559621086,37.02379059,512002,0,512002,27657
v3,d830fc32ff2631e4e1344dc30b3e09c3b9690bed,graph,kdtree3d_leafcount,flyby,1,944,944,0.6575359702,0.1208320037,0.786912024,0.802632,1,0,-1,27099,13550,47,15.66666667,1185,8.745387454,37.78612546,512002,0,512002,27099
v3,d830fc32ff2631e4e1344dc30b3e09c3b9690bed,graph,kdtree3d_leafcount,flyby,1,945,945,0.6549760103,0.1249599978,0.7882879972,0.802003,1,0,-1,28973,14487,47,15.66666667,1444,9.96755712,35.34216884,512002,0,512002,28973
v3,d830fc32ff2631e4e1344dc30b3e09c3b9690bed,graph,kdtree3d_leafcount,flyby,1,946,946,0.6590719819,0.1228799969,0.7899839878,0.801186,1,0,-1,27575,13788,47,15.66666667,1303,9.450246591,37.13388454,512002,0,512002,27575
v3,d830fc32ff2631e4e1344dc30b3e09c3b9690bed,graph,kdtree3d_leafcount,flyby,1,947,947,0.6555520296,0.1208320037,0.7839999795,0.797711,1,0,-1,26875,13438,47,15.66666667,1179,8.773627028,38.1010567,512002,0,512002,26875
v3,d830fc32ff2631e4e1344dc30b3e09c3b9690bed,graph,kdtree3d_leafcount,flyby,1,948,948,0.6596800089,0.1249599978,0.7929279804,0.805121,1,0,-1,29037,14519,47,15.66666667,1491,10.26930229,35.2642744,512002,0,512002,29037
v3,d830fc32ff2631e4e1344dc30b3e09c3b9690bed,graph,kdtree3d_leafcount,flyby,1,949,949,0.6573439837,0.1228799969,0.7894080281,0.804196,1,0,-1,27589,13795,46,15.33333333,1256,9.104748097,37.11504168,512002,0,512002,27589
v3,d830fc32ff2631e4e1344dc30b3e09c3b9690bed,graph,kdtree3d_leafcount,flyby,1,950,950,0.6607679725,0.1228799969,0.7924479842,0.804581,1,0,-1,26807,13404,47,15.66666667,1153,8.601909878,38.19770218,512002,0,512002,26807
v3,d830fc32ff2631e4e1344dc30b3e09c3b9690bed,graph,kdtree3d_leafcount,flyby,1,951,951,0.6581439972,0.1249279976,0.7911679745,0.802816,1,0,-1,29007,14504,47,15.66666667,1493,10.29371208,35.30074462,512002,0,512002,29007
v3,d830fc32ff2631e4e1344dc30b3e09c3b9690bed,graph,kdtree3d_leafcount,flyby,1,952,952,0.6557760239,0.1228799969,0.7867519855,0.801185,1,0,-1,27465,13733,47,15.66666667,1267,9.225952086,37.28260395,512002,0,512002,27465
v3,d830fc32ff2631e4e1344dc30b3e09c3b9690bed,graph,kdtree3d_leafcount,flyby,1,953,953,0.6569600105,0.1228799969,0.7875840068,0.799681,1,0,-1,26667,13334,47,15.66666667,1173,8.797060147,38.39823009,512002,0,512002,26667
v3,d830fc32ff2631e4e1344dc30b3e09c3b9690bed,graph,kdtree3d_leafcount,flyby,1,954,954,0.6584960222,0.1228799969,0.7888320088,0.799655,1,0,-1,29057,14529,47,15.66666667,1495,10.2897653,35.24000275,512002,0,512002,29057
v3,d830fc32ff2631e4e1344dc30b3e09c3b9690bed,graph,kdtree3d_leafcount,flyby,1,955,955,0.6536319852,0.1228799969,0.7844480276,0.796379,1,0,-1,27499,13750,46,15.33333333,1275,9.272727273,37.23650909,512002,0,512002,27499
v3,d830fc32ff2631e4e1344dc30b3e09c3b9690bed,graph,kdtree3d_leafcount,flyby,1,956,956,0.6533759832,0.1208320037,0.781791985,0.799815,1,0,-1,26497,13249,47,15.66666667,1149,8.67235263,38.64457695,512002,0,512002,26497
v3,d830fc32ff2631e4e1344dc30b3e09c3b9690bed,graph,kdtree3d_leafcount,flyby,1,957,957,0.6562880278,0.1249279976,0.7888000011,0.80117,1,0,-1,29003,14502,47,15.66666667,1459,10.06068129,35.30561302,512002,0,512002,29003
v3,d830fc32ff2631e4e1344dc30b3e09c3b9690bed,graph,kdtree3d_leafcount,flyby,1,958,958,0.6575040221,0.1208320037,0.7856000066,0.799895,1,0,-1,27485,13743,47,15.66666667,1268,9.226515317,37.25547551,512002,0,512002,27485
v3,d830fc32ff2631e4e1344dc30b3e09c3b9690bed,graph,kdtree3d_leafcount,flyby,1,959,959,0.6596159935,0.1208320037,0.7881600261,0.804319,1,0,-1,26577,13289,46,15.33333333,1151,8.661298819,38.52825645,512002,0,512002,26577
v3,d830fc32ff2631e4e1344dc30b3e09c3b9690bed,graph,kdtree3d_leafcount,flyby,1,960,960,0.6568959951,0.1249279976,0.7905600071,0.803565,1,0,-1,28925,14463,48,16,1454,10.0532393,35.40081587,512002,0,512002,28925
v3,d830fc32ff2631e4e1344dc30b3e09c3b9690bed,graph,kdtree3d_leafcount,flyby,1,961,961,0.6575999856,0.1208320037,0.7873920202,0.80529,1,0,-1,27651,13826,47,15.66666667,1309,9.467669608,37.0318241,512002,0,512002,27651
v3,d830fc32ff2631e4e1344dc30b3e09c3b9690bed,graph,kdtree3d_leafcount,flyby,1,962,962,0.6548799872,0.1208639964,0.7844480276,0.80273,1,0,-1,26577,13289,46,15.33333333,1185,8.917149522,38.52825645,512002,0,512002,26577
v3,d830fc32ff2631e4e1344dc30b3e09c3b9690bed,graph,kdtree3d_leafcount,flyby,1,963,963,0.6556479931,0.1249279976,0.7886080146,0.802335,1,0,-1,29243,14622,47,15.66666667,1527,10.44316783,35.0158665,512002,0,512002,29243
v3,d830fc32ff2631e4e1344dc30b3e09c3b9690bed,graph,kdtree3d_leafcount,flyby,1,964,964,0.6571840048,0.1208320037,0.7861440182,0.802514,1,0,-1,27687,13844,46,15.33333333,1337,9.657613407,36.98367524,512002,0,512002,27687
v3,d830fc32ff2631e4e1344dc30b3e09c3b9690bed,graph,kdtree3d_leafcount,flyby,1,965,965,0.6515200138,0.1228799969,0.782656014,0.800894,1,0,-1,26563,13282,46,15.33333333,1203,9.057370878,38.54856196,512002,0,512002,26563
v3,d830fc32ff2631e4e1344dc30b3e09c3b9690bed,graph,kdtree3d_leafcount,flyby,1,966,966,0.6561920047,0.1249599978,0.7888320088,0.80183,1,0,-1,29179,14590,47,15.66666667,1466,10.04797807,35.09266621,512002,0,512002,29179
v3,d830fc32ff2631e4e1344dc30b3e09c3b9690bed,graph,kdtree3d_leafcount,flyby,1,967,967,0.6550719738,0.1228799969,0.7860800028,0.802933,1,0,-1,27651,13826,47,15.66666667,1330,9.619557356,37.0318241,512002,0,512002,27651
v3,d830fc32ff2631e4e1344dc30b3e09c3b9690bed,graph,kdtree3d_leafcount,flyby,1,968,968,0.6539199948,0.1228799969,0.7842239738,0.80036,1,0,-1,26621,13311,46,15.33333333,1207,9.067688378,38.46457817,512002,0,512002,26621
v3,d830fc32ff2631e4e1344dc30b3e09c3b9690bed,graph,kdtree3d_leafcount,flyby,1,969,969,0.6546239853,0.1249279976,0.7873920202,0.801278,1,0,-1,29073,14537,47,15.66666667,1448,9.960789709,35.22060948,512002,0,512002,29073
v3,d830fc32ff2631e4e1344dc30b3e09c3b9690bed,graph,kdtree3d_leafcount,flyby,1,970,970,0.6583359838,0.1228799969,0.7879359722,0.798813,1,0,-1,27793,13897,47,15.66666667,1336,9.613585666,36.84262791,512002,0,512002,27793
v3,d830fc32ff2631e4e1344dc30b3e09c3b9690bed,graph,kdtree3d_leafcount,flyby,1,971,971,0.655008018,0.1228799969,0.7856960297,0.800158,1,0,-1,26731,13366,46,15.33333333,1226,9.172527308,38.30629957,512002,0,512002,26731
v3,d830fc32ff2631e4e1344dc30b3e09c3b9690bed,graph,kdtree3d_leafcount,flyby,1,972,972,0.657055974,0.1228799969,0.7872639894,0.7988,1,0,-1,29179,14590,47,15.66666667,1469,10.0685401,35.09266621,512002,0,512002,29179
v3,d830fc32ff2631e4e1344dc30b3e09c3b9690bed,graph,kdtree3d_leafcount,flyby,1,973,973,0.6575040221,0.1228799969,0.7885439992,0.800834,1,0,-1,27855,13928,47,15.66666667,1327,9.527570362,36.76062608,512002,0,512002,27855
v3,d830fc32ff2631e4e1344dc30b3e09c3b9690bed,graph,kdtree3d_leafcount,flyby,1,974,974,0.6503360271,0.1228799969,0.7799680233,0.789714,1,0,-1,26547,13274,46,15.33333333,1191,8.972427301,38.57179449,512002,0,512002,26547
v3,d830fc32ff2631e4e1344dc30b3e09c3b9690bed,graph,kdtree3d_leafcount,flyby,1,975,975,0.6639999747,0.1249279976,0.7966399789,0.814893,1,0,-1,29137,14569,47,15.66666667,1443,9.904591942,35.14324937,512002,0,512002,29137
v3,d830fc32ff2631e4e1344dc30b3e09c3b9690bed,graph,kdtree3d_leafcount,flyby,1,976,976,0.6575359702,0.1208320037,0.7875519991,0.80633,1,0,-1,27735,13868,47,15.66666667,1295,9.338044419,36.91967119,512002,0,512002,27735
v3,d830fc32ff2631e4e1344dc30b3e09c3b9690bed,graph,kdtree3d_leafcount,flyby,1,977,977,0.6581760049,0.1229119971,0.7891839743,0.801836,1,0,-1,26551,13276,46,15.33333333,1158,8.722506779,38.56598373,512002,0,512002,26551
v3,d830fc32ff2631e4e1344dc30b3e09c3b9690bed,graph,kdtree3d_leafcount,flyby,1,978,978,0.6534079909,0.1249279976,0.7867839932,0.802216,1,0,-1,28925,14463,47,15.66666667,1448,10.01175413,35.40081587,512002,0,512002,28925
v3,d830fc32ff2631e4e1344dc30b3e09c3b9690bed,graph,kdtree3d_leafcount,flyby,1,979,979,0.6576960087,0.1228799969,0.7897279859,0.803963,1,0,-1,27807,13904,47,15.66666667,1312,9.436133487,36.8240794,512002,0,512002,27807
v3,d830fc32ff2631e4e1344dc30b3e09c3b9690bed,graph,kdtree3d_leafcount,flyby,1,980,980,0.655807972,0.1208320037,0.7850239873,0.803453,1,0,-1,26343,13172,46,15.33333333,1176,8.928029153,38.87048284,512002,0,512002,26343
v3,d830fc32ff2631e4e1344dc30b3e09c3b9690bed,graph,kdtree3d_leafcount,flyby,1,981,981,0.6553279757,0.1249279976,0.7880319953,0.799804,1,0,-1,28895,14448,47,15.66666667,1398,9.676079734,35.43756921,512002,0,512002,28895
v3,d830fc32ff2631e4e1344dc30b3e09c3b9690bed,graph,kdtree3d_leafcount,flyby,1,982,982,0.6577600241,0.1208320037,0.7861760259,0.802047,1,0,-1,28049,14025,47,15.66666667,1325,9.44741533,36.50638146,512002,0,512002,28049
v3,d830fc32ff2631e4e1344dc30b3e09c3b9690bed,graph,kdtree3d_leafcount,flyby,1,983,983,0.6534399986,0.1228799969,0.7840960026,0.796552,1,0,-1,26519,13260,48,16,1191,8.981900452,38.61251885,512002,0,512002,26519
v3,d830fc32ff2631e4e1344dc30b3e09c3b9690bed,graph,kdtree3d_leafcount,flyby,1,984,984,0.6596480012,0.1249279976,0.7935680151,0.806448,1,0,-1,28913,14457,47,15.66666667,1434,9.919070347,35.41550806,512002,0,512002,28913
v3,d830fc32ff2631e4e1344dc30b3e09c3b9690bed,graph,kdtree3d_leafcount,flyby,1,985,985,0.6542720199,0.1249599978,0.7874879837,0.801878,1,0,-1,28025,14013,47,15.66666667,1338,9.5482766,36.53764362,512002,0,512002,28025
v3,d830fc32ff2631e4e1344dc30b3e09c3b9690bed,graph,kdtree3d_leafcount,flyby,1,986,986,0.656768024,0.1208320037,0.7859200239,0.801487,1,0,-1,26567,13284,46,15.33333333,1200,9.033423668,38.54275821,512002,0,512002,26567
v3,d830fc32ff2631e4e1344dc30b3e09c3b9690bed,graph,kdtree3d_leafcount,flyby,1,987,987,0.657311976,0.1249599978,0.7912639976,0.804028,1,0,-1,28823,14412,47,15.66666667,1424,9.88065501,35.52608937,512002,0,512002,28823
v3,d830fc32ff2631e4e1344dc30b3e09c3b9690bed,graph,kdtree3d_leafcount,flyby,1,988,988,0.657407999,0.1228799969,0.7888960242,0.805449,1,0,-1,28147,14074,47,15.66666667,1368,9.720051158,36.37928094,512002,0,512002,28147
v3,d830fc32ff2631e4e1344dc30b3e09c3b9690bed,graph,kdtree3d_leafcount,flyby,1,989,989,0.6571519971,0.1228799969,0.7885119915,0.804941,1,0,-1,26705,13353,46,15.33333333,1189,8.90436606,38.3435932,512002,0,512002,26705
v3,d830fc32ff2631e4e1344dc30b3e09c3b9690bed,graph,kdtree3d_leafcount,flyby,1,990,990,0.6572160125,0.1208320037,0.7855039835,0.803662,1,0,-1,28645,14323,47,15.66666667,1387,9.683725477,35.74684075,512002,0,512002,28645
v3,d830fc32ff2631e4e1344dc30b3e09c3b9690bed,graph,kdtree3d_leafcount,flyby,1,991,991,0.6542080045,0.1228799969,0.7833600044,0.796654,1,0,-1,28309,14155,47,15.66666667,1386,9.791593077,36.17110562,512002,0,512002,28309
v3,d830fc32ff2631e4e1344dc30b3e09c3b9690bed,graph,kdtree3d_leafcount,flyby,1,992,992,0.654399991,0.1228799969,0.7841280103,0.799371,1,0,-1,26565,13283,46,15.33333333,1180,8.883535346,38.54565987,512002,0,512002,26565
v3,d830fc32ff2631e4e1344dc30b3e09c3b9690bed,graph,kdtree3d_leafcount,flyby,1,993,993,0.6555839777,0.1228799969,0.7856000066,0.800992,1,0,-1,28283,14142,47,15.66666667,1339,9.468250601,36.20435582,512002,0,512002,28283
v3,d830fc32ff2631e4e1344dc30b3e09c3b9690bed,graph,kdtree3d_leafcount,flyby,1,994,994,0.6554880142,0.1249599978,0.7882879972,0.801884,1,0,-1,28643,14322,47,15.66666667,1489,10.39659265,35.74933668,512002,0,512002,28643
v3,d830fc32ff2631e4e1344dc30b3e09c3b9690bed,graph,kdtree3d_leafcount,flyby,1,995,995,0.6469119787,0.1228799969,0.7773759961,0.789581,1,0,-1,26543,13272,46,15.33333333,1208,9.101868596,38.57760699,512002,0,512002,26543
v3,d830fc32ff2631e4e1344dc30b3e09c3b9690bed,graph,kdtree3d_leafcount,flyby,1,996,996,0.6600319743,0.1228799969,0.7913280129,0.805066,1,0,-1,27917,13959,47,15.66666667,1268,9.083745254,36.67898847,512002,0,512002,27917
v3,d830fc32ff2631e4e1344dc30b3e09c3b9690bed,graph,kdtree3d_leafcount,flyby,1,997,997,0.6550400257,0.1228799969,0.7868480086,0.802287,1,0,-1,28751,14376,47,15.66666667,1525,10.60795771,35.61505287,512002,0,512002,28751
v3,d830fc32ff2631e4e1344dc30b3e09c3b9690bed,graph,kdtree3d_leafcount,flyby,1,998,998,0.6558719873,0.1228799969,0.7870079875,0.802719,1,0,-1,26617,13309,46,15.33333333,1190,8.941317905,38.4703584,512002,0,512002,26617
v3,d830fc32ff2631e4e1344dc30b3e09c3b9690bed,graph,kdtree3d_leafcount,flyby,1,999,999,0.6517120004,0.1228799969,0.7833600044,0.795887,1,0,-1,27789,13895,47,15.66666667,1261,9.075206909,36.84793091,512002,0,512002,27789
v3,d830fc32ff2631e4e1344dc30b3e09c3b9690bed,graph,kdtree3d_leafcount,flyby,1,1000,1000,0.6572800279,0.1229119971,0.7881600261,0.801493,1,0,-1,28791,14396,47,15.66666667,1475,10.24590164,35.56557377,512002,0,512002,28791
v3,d830fc32ff2631e4e1344dc30b3e09c3b9690bed,graph,kdtree3d_leafcount,flyby,1,1001,1001,0.6541119814,0.1228799969,0.7852479815,0.802908,1,0,-1,26437,13219,47,15.66666667,1157,8.752553143,38.73227929,512002,0,512002,26437
v3,d830fc32ff2631e4e1344dc30b3e09c3b9690bed,graph,kdtree3d_leafcount,flyby,1,1002,1002,0.6572800279,0.1208320037,0.786207974,0.802447,1,0,-1,27621,13811,47,15.66666667,1230,8.905944537,37.07204402,512002,0,512002,27621
v3,d830fc32ff2631e4e1344dc30b3e09c3b9690bed,graph,kdtree3d_leafcount,flyby,1,1003,1003,0.6568959951,0.1228799969,0.7874240279,0.798977,1,0,-1,28891,14446,47,15.66666667,1491,10.32119618,35.44247543,512002,0,512002,28891
v3,d830fc32ff2631e4e1344dc30b3e09c3b9690bed,graph,kdtree3d_leafcount,flyby,1,1004,1004,0.6527680159,0.1228799969,0.7837439775,0.802418,1,0,-1,26553,13277,46,15.33333333,1163,8.759508925,38.56307901,512002,0,512002,26553
v3,d830fc32ff2631e4e1344dc30b3e09c3b9690bed,graph,kdtree3d_leafcount,flyby,1,1005,1005,0.6540480256,0.1249279976,0.7862719893,0.799587,1,0,-1,27703,13852,46,15.33333333,1268,9.153912792,36.96231591,512002,0,512002,27703
v3,d830fc32ff2631e4e1344dc30b3e09c3b9690bed,graph,kdtree3d_leafcount,flyby,1,1006,1006,0.6614080071,0.127008006,0.7959039807,0.814462,1,0,-1,28955,14478,47,15.66666667,1499,10.35364001,35.36413869,512002,0,512002,28955
v3,d830fc32ff2631e4e1344dc30b3e09c3b9690bed,graph,kdtree3d_leafcount,flyby,1,1007,1007,0.6533120275,0.1208320037,0.780896008,0.79609,1,0,-1,26609,13305,46,15.33333333,1158,8.703494927,38.48192409,512002,0,512002,26609
v3,d830fc32ff2631e4e1344dc30b3e09c3b9690bed,graph,kdtree3d_leafcount,flyby,1,1008,1008,0.6582080126,0.1228799969,0.7882239819,0.79994,1,0,-1,27531,13766,47,15.66666667,1227,8.913264565,37.1932297,512002,0,512002,27531
v3,d830fc32ff2631e4e1344dc30b3e09c3b9690bed,graph,kdtree3d_leafcount,flyby,1,1009,1009,0.6562880278,0.1249279976,0.787711978,0.798414,1,0,-1,28913,14457,47,15.66666667,1485,10.27184063,35.41550806,512002,0,512002,28913
v3,d830fc32ff2631e4e1344dc30b3e09c3b9690bed,graph,kdtree3d_leafcount,flyby,1,1010,1010,0.6551039815,0.1228799969,0.7858240008,0.800238,1,0,-1,26573,13287,46,15.33333333,1169,8.798073305,38.53405584,512002,0,512002,26573
v3,d830fc32ff2631e4e1344dc30b3e09c3b9690bed,graph,kdtree3d_leafcount,flyby,1,1011,1011,0.6560320258,0.1208320037,0.7844160199,0.799965,1,0,-1,27621,13811,46,15.33333333,1256,9.094200275,37.07204402,512002,0,512002,27621
v3,d830fc32ff2631e4e1344dc30b3e09c3b9690bed,graph,kdtree3d_leafcount,flyby,1,1012,1012,0.6552000046,0.1249279976,0.7869759798,0.80044,1,0,-1,28945,14473,47,15.66666667,1452,10.03247426,35.37635597,512002,0,512002,28945
v3,d830fc32ff2631e4e1344dc30b3e09c3b9690bed,graph,kdtree3d_leafcount,flyby,1,1013,1013,0.6578879952,0.1228799969,0.7879679799,0.801579,1,0,-1,26719,13360,46,15.33333333,1165,8.72005988,38.32350299,512002,0,512002,26719
v3,d830fc32ff2631e4e1344dc30b3e09c3b9690bed,graph,kdtree3d_leafcount,flyby,1,1014,1014,0.6526079774,0.1208320037,0.7808319926,0.791423,1,0,-1,27593,13797,46,15.33333333,1269,9.197651663,37.10966152,512002,0,512002,27593
v3,d830fc32ff2631e4e1344dc30b3e09c3b9690bed,graph,kdtree3d_leafcount,flyby,1,1015,1015,0.6557440162,0.1249599978,0.7876480222,0.798189,1,0,-1,29045,14523,47,15.66666667,1484,10.21827446,35.25456173,512002,0,512002,29045
v3,d830fc32ff2631e4e1344dc30b3e09c3b9690bed,graph,kdtree3d_leafcount,flyby,1,1016,1016,0.6517760158,0.1228799969,0.7825919986,0.800448,1,0,-1,26783,13392,46,15.33333333,1184,8.841099164,38.23192951,512002,0,512002,26783
v3,d830fc32ff2631e4e1344dc30b3e09c3b9690bed,graph,kdtree3d_leafcount,flyby,1,1017,1017,0.6574720144,0.1208320037,0.786207974,0.801554,1,0,-1,27593,13797,47,15.66666667,1266,9.175907806,37.10966152,512002,0,512002,27593
v3,d830fc32ff2631e4e1344dc30b3e09c3b9690bed,graph,kdtree3d_leafcount,flyby,1,1018,1018,0.6553279757,0.1228799969,0.7848320007,0.795863,1,0,-1,29061,14531,47,15.66666667,1487,10.23329434,35.23515243,512002,0,512002,29061
v3,d830fc32ff2631e4e1344dc30b3e09c3b9690bed,graph,kdtree3d_leafcount,flyby,1,1019,1019,0.6528319716,0.1228799969,0.7815999985,0.794679,1,0,-1,26705,13353,46,15.33333333,1173,8.784542799,38.3435932,512002,0,512002,26705
v3,d830fc32ff2631e4e1344dc30b3e09c3b9690bed,graph,kdtree3d_leafcount,flyby,1,1020,1020,0.6519359946,0.1228799969,0.7810239792,0.798471,1,0,-1,27499,13750,47,15.66666667,1264,9.192727273,37.23650909,512002,0,512002,27499
v3,d830fc32ff2631e4e1344dc30b3e09c3b9690bed,graph,kdtree3d_leafcount,flyby,1,1021,1021,0.6508160233,0.1249279976,0.7818239927,0.796922,1,0,-1,29027,14514,47,15.66666667,1455,10.02480364,35.27642276,512002,0,512002,29027
v3,d830fc32ff2631e4e1344dc30b3e09c3b9690bed,graph,kdtree3d_leafcount,flyby,1,1022,1022,0.6614400148,0.1208320037,0.7935039997,0.805235,1,0,-1,26637,13319,47,15.66666667,1141,8.566709212,38.44147459,512002,0,512002,26637
v3,d830fc32ff2631e4e1344dc30b3e09c3b9690bed,graph,kdtree3d_leafcount,flyby,1,1023,1023,0.6592320204,0.1228799969,0.7900159955,0.800824,1,0,-1,27407,13704,47,15.66666667,1244,9.077641565,37.36150029,512002,0,512002,27407
v3,d830fc32ff2631e4e1344dc30b3e09c3b9690bed,graph,kdtree3d_leafcount,flyby,1,1024,1024,0.6557120085,0.1249279976,0.7878720164,0.799395,1,0,-1,29009,14505,47,15.66666667,1428,9.844881075,35.29831093,512002,0,512002,29009
v3,d830fc32ff2631e4e1344dc30b3e09c3b9690bed,graph,kdtree3d_leafcount,flyby,1,1025,1025,0.6550719738,0.1228799969,0.7848640084,0.794962,1,0,-1,26673,13337,46,15.33333333,1174,8.802579291,38.38959286,512002,0,512002,26673
v3,d830fc32ff2631e4e1344dc30b3e09c3b9690bed,graph,kdtree3d_leafcount,flyby,1,1026,1026,0.653504014,0.1228799969,0.7807999849,0.790583,1,0,-1,27423,13712,47,15.66666667,1254,9.145274212,37.33970245,512002,0,512002,27423
v3,d830fc32ff2631e4e1344dc30b3e09c3b9690bed,graph,kdtree3d_leafcount,flyby,1,1027,1027,0.6544640064,0.1249599978,0.7824640274,0.791615,1,0,-1,29005,14503,47,15.66666667,1445,9.963455837,35.30317865,512002,0,512002,29005
v3,d830fc32ff2631e4e1344dc30b3e09c3b9690bed,graph,kdtree3d_leafcount,flyby,1,1028,1028,0.6556159854,0.1228799969,0.7819520235,0.790257,1,0,-1,26903,13452,46,15.33333333,1200,8.920606601,38.06140351,512002,0,512002,26903
v3,d830fc32ff2631e4e1344dc30b3e09c3b9690bed,graph,kdtree3d_leafcount,flyby,1,1029,1029,0.6574400067,0.1228799969,0.7847040296,0.794019,1,0,-1,27525,13763,47,15.66666667,1298,9.431083339,37.20133692,512002,0,512002,27525
v3,d830fc32ff2631e4e1344dc30b3e09c3b9690bed,graph,kdtree3d_leafcount,flyby,1,1030,1030,0.6535360217,0.1249279976,0.7826880217,0.790375,1,0,-1,29065,14533,47,15.66666667,1508,10.37638478,35.23030345,512002,0,512002,29065
v3,d830fc32ff2631e4e1344dc30b3e09c3b9690bed,graph,kdtree3d_leafcount,flyby,1,1031,1031,0.6513280272,0.1208320037,0.7752640247,0.787085,1,0,-1,26913,13457,46,15.33333333,1185,8.805825964,38.04726165,512002,0,512002,26913
v3,d830fc32ff2631e4e1344dc30b3e09c3b9690bed,graph,kdtree3d_leafcount,flyby,1,1032,1032,0.6510720253,0.1228799969,0.7769600153,0.786484,1,0,-1,27563,13782,47,15.66666667,1280,9.287476419,37.15005079,512002,0,512002,27563
v3,d830fc32ff2631e4e1344dc30b3e09c3b9690bed,graph,kdtree3d_leafcount,flyby,1,1033,1033,0.6532800198,0.1228799969,0.7795839906,0.78853,1,0,-1,29027,14514,48,16,1456,10.03169354,35.27642276,512002,0,512002,29027
v3,d830fc32ff2631e4e1344dc30b3e09c3b9690bed,graph,kdtree3d_leafcount,flyby,1,1034,1034,0.6564800143,0.1228799969,0.7846080065,0.796277,1,0,-1,26815,13408,47,15.66666667,1170,8.726133652,38.18630668,512002,0,512002,26815
v3,d830fc32ff2631e4e1344dc30b3e09c3b9690bed,graph,kdtree3d_leafcount,flyby,1,1035,1035,0.6560000181,0.1228799969,0.7878720164,0.806718,1,0,-1,27399,13700,46,15.33333333,1319,9.627737226,37.37240876,512002,0,512002,27399
v3,d830fc32ff2631e4e1344dc30b3e09c3b9690bed,graph,kdtree3d_leafcount,flyby,1,1036,1036,0.6557440162,0.1229119971,0.7873920202,0.806301,1,0,-1,29043,14522,47,15.66666667,1467,10.10191434,35.2569894,512002,0,512002,29043
v3,d830fc32ff2631e4e1344dc30b3e09c3b9690bed,graph,kdtree3d_leafcount,flyby,1,1037,1037,0.6569280028,0.1208320037,0.7853760123,0.796565,1,0,-1,26889,13445,47,15.66666667,1201,8.932688732,38.08121978,512002,0,512002,26889
v3,d830fc32ff2631e4e1344dc30b3e09c3b9690bed,graph,kdtree3d_leafcount,flyby,1,1038,1038,0.6548479795,0.1208320037,0.7834240198,0.800907,1,0,-1,27347,13674,47,15.66666667,1293,9.455901711,37.44346936,512002,0,512002,27347
v3,d830fc32ff2631e4e1344dc30b3e09c3b9690bed,graph,kdtree3d_leafcount,flyby,1,1039,1039,0.6592959762,0.1249279976,0.792320013,0.805236,1,0,-1,28995,14498,47,15.66666667,1465,10.10484205,35.31535384,512002,0,512002,28995
v3,d830fc32ff2631e4e1344dc30b3e09c3b9690bed,graph,kdtree3d_leafcount,flyby,1,1040,1040,0.6557120085,0.1208320037,0.7845759988,0.803018,1,0,-1,26625,13313,47,15.66666667,1187,8.916097048,38.45879967,512002,0,512002,26625
v3,d830fc32ff2631e4e1344dc30b3e09c3b9690bed,graph,kdtree3d_leafcount,flyby,1,1041,1041,0.6530879736,0.1208320037,0.7819839716,0.80014,1,0,-1,27441,13721,46,15.33333333,1289,9.394359012,37.31521026,512002,0,512002,27441
v3,d830fc32ff2631e4e1344dc30b3e09c3b9690bed,graph,kdtree3d_leafcount,flyby,1,1042,1042,0.6548159719,0.1249599978,0.7870399952,0.800104,1,0,-1,29079,14540,47,15.66666667,1462,10.05502063,35.2133425,512002,0,512002,29079
v3,d830fc32ff2631e4e1344dc30b3e09c3b9690bed,graph,kdtree3d_leafcount,flyby,1,1043,1043,0.6573439837,0.1208320037,0.786207974,0.800547,1,0,-1,27079,13540,46,15.33333333,1198,8.847858198,37.8140325,512002,0,512002,27079
v3,d830fc32ff2631e4e1344dc30b3e09c3b9690bed,graph,kdtree3d_leafcount,flyby,1,1044,1044,0.6570879817,0.1228799969,0.7888960242,0.803509,1,0,-1,27531,13766,47,15.66666667,1309,9.508935057,37.1932297,512002,0,512002,27531
v3,d830fc32ff2631e4e1344dc30b3e09c3b9690bed,graph,kdtree3d_leafcount,flyby,1,1045,1045,0.655008018,0.1208320037,0.7836160064,0.801026,1,0,-1,29191,14596,47,15.66666667,1504,10.30419293,35.07824061,512002,0,512002,29191
v3,d830fc32ff2631e4e1344dc30b3e09c3b9690bed,graph,kdtree3d_leafcount,flyby,1,1046,1046,0.6547200084,0.1228799969,0.7853119969,0.801028,1,0,-1,27143,13572,46,15.33333333,1203,8.863837312,37.72487474,512002,0,512002,27143
v3,d830fc32ff2631e4e1344dc30b3e09c3b9690bed,graph,kdtree3d_leafcount,flyby,1,1047,1047,0.6611840129,0.1228799969,0.7915199995,0.802822,1,0,-1,27455,13728,47,15.66666667,1334,9.717365967,37.29618298,512002,0,512002,27455
v3,d830fc32ff2631e4e1344dc30b3e09c3b9690bed,graph,kdtree3d_leafcount,flyby,1,1048,1048,0.6593279839,0.1249599978,0.7927039862,0.806397,1,0,-1,29087,14544,47,15.66666667,1470,10.10726073,35.20365787,512002,0,512002,29087
v3,d830fc32ff2631e4e1344dc30b3e09c3b9690bed,graph,kdtree3d_leafcount,flyby,1,1049,1049,0.6575040221,0.1208320037,0.7866880298,0.804054,1,0,-1,27005,13503,47,15.66666667,1196,8.857290972,37.91764793,512002,0,512002,27005
v3,d830fc32ff2631e4e1344dc30b3e09c3b9690bed,graph,kdtree3d_leafcount,flyby,1,1050,1050,0.6556800008,0.1208320037,0.7846720219,0.802188,1,0,-1,27405,13703,46,15.33333333,1304,9.516164344,37.36422681,512002,0,512002,27405
v3,d830fc32ff2631e4e1344dc30b3e09c3b9690bed,graph,kdtree3d_leafcount,flyby,1,1051,1051,0.6574400067,0.1249599978,0.790719986,0.802206,1,0,-1,29115,14558,47,15.66666667,1459,10.02198104,35.16980354,512002,0,512002,29115
v3,d830fc32ff2631e4e1344dc30b3e09c3b9690bed,graph,kdtree3d_leafcount,flyby,1,1052,1052,0.6553599834,0.1208320037,0.7846720219,0.80334,1,0,-1,26883,13442,47,15.66666667,1159,8.622228835,38.08971879,512002,0,512002,26883
v3,d830fc32ff2631e4e1344dc30b3e09c3b9690bed,graph,kdtree3d_leafcount,flyby,1,1053,1053,0.6578879952,0.1228799969,0.7896320224,0.803197,1,0,-1,27569,13785,46,15.33333333,1308,9.488574538,37.1419659,512002,0,512002,27569
v3,d830fc32ff2631e4e1344dc30b3e09c3b9690bed,graph,kdtree3d_leafcount,flyby,1,1054,1054,0.6577280164,0.1208320037,0.7871040106,0.804289,1,0,-1,29129,14565,47,15.66666667,1474,10.12015105,35.15290079,512002,0,512002,29129
v3,d830fc32ff2631e4e1344dc30b3e09c3b9690bed,graph,kdtree3d_leafcount,flyby,1,1055,1055,0.657055974,0.1228799969,0.7880319953,0.802258,1,0,-1,26879,13440,47,15.66666667,1191,8.861607143,38.0953869,512002,0,512002,26879
v3,d830fc32ff2631e4e1344dc30b3e09c3b9690bed,graph,kdtree3d_leafcount,flyby,1,1056,1056,0.6590399742,0.1228799969,0.7905279994,0.804178,1,0,-1,27281,13641,46,15.33333333,1312,9.618063192,37.53405176,512002,0,512002,27281
v3,d830fc32ff2631e4e1344dc30b3e09c3b9690bed,graph,kdtree3d_leafcount,flyby,1,1057,1057,0.6590080261,0.1249279976,0.7927039862,0.805837,1,0,-1,28843,14422,47,15.66666667,1444,10.01248093,35.50145611,512002,0,512002,28843
v3,d830fc32ff2631e4e1344dc30b3e09c3b9690bed,graph,kdtree3d_leafcount,flyby,1,1058,1058,0.6586560011,0.1228799969,0.7879359722,0.799609,1,0,-1,26989,13495,47,15.66666667,1180,8.743979252,37.94012597,512002,0,512002,26989
v3,d830fc32ff2631e4e1344dc30b3e09c3b9690bed,graph,kdtree3d_leafcount,flyby,1,1059,1059,0.6602879763,0.1228799969,0.7911999822,0.804615,1,0,-1,27419,13710,46,15.33333333,1305,9.518599562,37.34514953,512002,0,512002,27419
v3,d830fc32ff2631e4e1344dc30b3e09c3b9690bed,graph,kdtree3d_leafcount,flyby,1,1060,1060,0.6570879817,0.1228799969,0.7875840068,0.799693,1,0,-1,28875,14438,47,15.66666667,1430,9.904418895,35.46211387,512002,0,512002,28875
v3,d830fc32ff2631e4e1344dc30b3e09c3b9690bed,graph,kdtree3d_leafcount,flyby,1,1061,1061,0.657055974,0.1228799969,0.7881280184,0.804891,1,0,-1,26863,13432,47,15.66666667,1175,8.747766528,38.11807624,512002,0,512002,26863
v3,d830fc32ff2631e4e1344dc30b3e09c3b9690bed,graph,kdtree3d_leafcount,flyby,1,1062,1062,0.6589760184,0.1208320037,0.7869439721,0.800535,1,0,-1,27433,13717,46,15.33333333,1320,9.623095429,37.32609171,512002,0,512002,27433
v3,d830fc32ff2631e4e1344dc30b3e09c3b9690bed,graph,kdtree3d_leafcount,flyby,1,1063,1063,0.655807972,0.1228799969,0.787168026,0.803968,1,0,-1,29113,14557,47,15.66666667,1420,9.754757162,35.17221955,512002,0,512002,29113
v3,d830fc32ff2631e4e1344dc30b3e09c3b9690bed,graph,kdtree3d_leafcount,flyby,1,1064,1064,0.6515200138,0.1228799969,0.7818560004,0.79501,1,0,-1,27025,13513,47,15.66666667,1177,8.710130985,37.8895878,512002,0,512002,27025
v3,d830fc32ff2631e4e1344dc30b3e09c3b9690bed,graph,kdtree3d_leafcount,flyby,1,1065,1065,0.6531839967,0.1208320037,0.7799680233,0.793503,1,0,-1,27485,13743,46,15.33333333,1293,9.408426108,37.25547551,512002,0,512002,27485
v3,d830fc32ff2631e4e1344dc30b3e09c3b9690bed,graph,kdtree3d_leafcount,flyby,1,1066,1066,0.6528000236,0.1228799969,0.783904016,0.795895,1,0,-1,28923,14462,47,15.66666667,1428,9.874152953,35.40326373,512002,0,512002,28923
v3,d830fc32ff2631e4e1344dc30b3e09c3b9690bed,graph,kdtree3d_leafcount,flyby,1,1067,1067,0.6614080071,0.1228799969,0.7926399708,0.805448,1,0,-1,26925,13463,47,15.66666667,1183,8.787045978,38.03030528,512002,0,512002,26925
v3,d830fc32ff2631e4e1344dc30b3e09c3b9690bed,graph,kdtree3d_leafcount,flyby,1,1068,1068,0.6577280164,0.1208320037,0.786912024,0.802845,1,0,-1,27411,13706,46,15.33333333,1303,9.506785349,37.35604845,512002,0,512002,27411
v3,d830fc32ff2631e4e1344dc30b3e09c3b9690bed,graph,kdtree3d_leafcount,flyby,1,1069,1069,0.6571199894,0.1249599978,0.7904000282,0.803121,1,0,-1,28949,14475,47,15.66666667,1438,9.934369603,35.37146805,512002,0,512002,28949
v3,d830fc32ff2631e4e1344dc30b3e09c3b9690bed,graph,kdtree3d_leafcount,flyby,1,1070,1070,0.6568959951,0.1228799969,0.787455976,0.802885,1,0,-1,26935,13468,47,15.66666667,1177,8.739233739,38.01618652,512002,0,512002,26935
v3,d830fc32ff2631e4e1344dc30b3e09c3b9690bed,graph,kdtree3d_leafcount,flyby,1,1071,1071,0.6557120085,0.1228799969,0.7868480086,0.8038,1,0,-1,27311,13656,46,15.33333333,1291,9.453719977,37.49282367,512002,0,512002,27311
v3,d830fc32ff2631e4e1344dc30b3e09c3b9690bed,graph,kdtree3d_leafcount,flyby,1,1072,1072,0.6553279757,0.1228799969,0.7865279913,0.804152,1,0,-1,28837,14419,47,15.66666667,1399,9.7024759,35.5088425,512002,0,512002,28837
v3,d830fc32ff2631e4e1344dc30b3e09c3b9690bed,graph,kdtree3d_leafcount,flyby,1,1073,1073,0.6560639739,0.1208320037,0.7851840258,0.802792,1,0,-1,26821,13411,47,15.66666667,1142,8.515397808,38.17776452,512002,0,512002,26821
v3,d830fc32ff2631e4e1344dc30b3e09c3b9690bed,graph,kdtree3d_leafcount,flyby,1,1074,1074,0.6552000046,0.1228799969,0.7864320278,0.802864,1,0,-1,27371,13686,46,15.33333333,1255,9.169954698,37.41063861,512002,0,512002,27371
v3,d830fc32ff2631e4e1344dc30b3e09c3b9690bed,graph,kdtree3d_leafcount,flyby,1,1075,1075,0.6566720009,0.1228799969,0.7883520126,0.805404,1,0,-1,28943,14472,48,16,1400,9.673852957,35.37880044,512002,0,512002,28943
v3,d830fc32ff2631e4e1344dc30b3e09c3b9690bed,graph,kdtree3d_leafcount,flyby,1,1076,1076,0.6563839912,0.1228799969,0.7888640165,0.807317,1,0,-1,26689,13345,47,15.66666667,1124,8.422630199,38.36657924,512002,0,512002,26689
v3,d830fc32ff2631e4e1344dc30b3e09c3b9690bed,graph,kdtree3d_leafcount,flyby,1,1077,1077,0.6542080045,0.1228799969,0.7866240144,0.798999,1,0,-1,27211,13606,46,15.33333333,1234,9.069528149,37.63060415,512002,0,512002,27211
v3,d830fc32ff2631e4e1344dc30b3e09c3b9690bed,graph,kdtree3d_leafcount,flyby,1,1078,1078,0.6557440162,0.1249599978,0.7894080281,0.805558,1,0,-1,28759,14380,47,15.66666667,1368,9.513212796,35.60514604,512002,0,512002,28759
v3,d830fc32ff2631e4e1344dc30b3e09c3b9690bed,graph,kdtree3d_leafcount,flyby,1,1079,1079,0.6562560201,0.1228799969,0.7875519991,0.807512,1,0,-1,26765,13383,47,15.66666667,1150,8.592991108,38.25764029,512002,0,512002,26765
v3,d830fc32ff2631e4e1344dc30b3e09c3b9690bed,graph,kdtree3d_leafcount,flyby,1,1080,1080,0.6591039896,0.1208320037,0.788416028,0.804004,1,0,-1,27319,13660,46,15.33333333,1284,9.399707174,37.4818448,512002,0,512002,27319
v3,d830fc32ff2631e4e1344dc30b3e09c3b9690bed,graph,kdtree3d_leafcount,flyby,1,1081,1081,0.6529600024,0.1249279976,0.786207974,0.801854,1,0,-1,28893,14447,47,15.66666667,1443,9.988232851,35.44002215,512002,0,512002,28893
v3,d830fc32ff2631e4e1344dc30b3e09c3b9690bed,graph,kdtree3d_leafcount,flyby,1,1082,1082,0.653504014,0.1208320037,0.7821120024,0.794673,1,0,-1,26843,13422,47,15.66666667,1180,8.791536284,38.14647594,512002,0,512002,26843
v3,d830fc32ff2631e4e1344dc30b3e09c3b9690bed,graph,kdtree3d_leafcount,flyby,1,1083,1083,0.6537920237,0.1228799969,0.7840960026,0.798795,1,0,-1,27309,13655,46,15.33333333,1283,9.395825705,37.49556939,512002,0,512002,27309
v3,d830fc32ff2631e4e1344dc30b3e09c3b9690bed,graph,kdtree3d_leafcount,flyby,1,1084,1084,0.6569280028,0.1228799969,0.7875199914,0.801956,1,0,-1,28885,14443,47,15.66666667,1409,9.755590944,35.44983729,512002,0,512002,28885
v3,d830fc32ff2631e4e1344dc30b3e09c3b9690bed,graph,kdtree3d_leafcount,flyby,1,1085,1085,0.6558399796,0.1208320037,0.7853760123,0.803034,1,0,-1,26841,13421,47,15.66666667,1135,8.456895909,38.14931823,512002,0,512002,26841
v3,d830fc32ff2631e4e1344dc30b3e09c3b9690bed,graph,kdtree3d_leafcount,flyby,1,1086,1086,0.6567040086,0.1228799969,0.7875199914,0.800638,1,0,-1,27245,13623,46,15.33333333,1254,9.205020921,37.58364531,512002,0,512002,27245
v3,d830fc32ff2631e4e1344dc30b3e09c3b9690bed,graph,kdtree3d_leafcount,flyby,1,1087,1087,0.6590719819,0.1249599978,0.7921599746,0.804778,1,0,-1,28747,14374,47,15.66666667,1383,9.62153889,35.62000835,512002,0,512002,28747
v3,d830fc32ff2631e4e1344dc30b3e09c3b9690bed,graph,kdtree3d_leafcount,flyby,1,1088,1088,0.6539840102,0.1228799969,0.7835199833,0.797735,1,0,-1,26903,13452,46,15.33333333,1135,8.437407077,38.06140351,512002,0,512002,26903
v3,d830fc32ff2631e4e1344dc30b3e09c3b9690bed,graph,kdtree3d_leafcount,flyby,1,1089,1089,0.6529920101,0.1208320037,0.7816320062,0.792631,1,0,-1,27293,13647,46,15.33333333,1251,9.166849857,37.51754964,512002,0,512002,27293
v3,d830fc32ff2631e4e1344dc30b3e09c3b9690bed,graph,kdtree3d_leafcount,flyby,1,1090,1090,0.6555520296,0.1249599978,0.7880960107,0.800354,1,0,-1,28951,14476,47,15.66666667,1407,9.719535783,35.36902459,512002,0,512002,28951
v3,d830fc32ff2631e4e1344dc30b3e09c3b9690bed,graph,kdtree3d_leafcount,flyby,1,1091,1091,0.6583039761,0.1228799969,0.7888320088,0.801753,1,0,-1,26679,13340,47,15.66666667,1139,8.538230885,38.38095952,512002,0,512002,26679
v3,d830fc32ff2631e4e1344dc30b3e09c3b9690bed,graph,kdtree3d_leafcount,flyby,1,1092,1092,0.6565759778,0.1228799969,0.7871360183,0.79874,1,0,-1,27251,13626,46,15.33333333,1258,9.232349919,37.57537062,512002,0,512002,27251
v3,d830fc32ff2631e4e1344dc30b3e09c3b9690bed,graph,kdtree3d_leafcount,flyby,1,1093,1093,0.6556800008,0.1208320037,0.7837120295,0.796599,1,0,-1,28863,14432,47,15.66666667,1408,9.756097561,35.47685698,512002,0,512002,28863
v3,d830fc32ff2631e4e1344dc30b3e09c3b9690bed,graph,kdtree3d_leafcount,flyby,1,1094,1094,0.6544640064,0.1228799969,0.7834240198,0.795394,1,0,-1,26861,13431,46,15.33333333,1172,8.726081453,38.1209143,512002,0,512002,26861
v3,d830fc32ff2631e4e1344dc30b3e09c3b9690bed,graph,kdtree3d_leafcount,flyby,1,1095,1095,0.6574720144,0.118784003,0.7844799757,0.800567,1,0,-1,27177,13589,46,15.33333333,1246,9.169180955,37.67768048,512002,0,512002,27177
v3,d830fc32ff2631e4e1344dc30b3e09c3b9690bed,graph,kdtree3d_leafcount,flyby,1,1096,1096,0.6568639874,0.1208320037,0.7851840258,0.798872,1,0,-1,28859,14430,47,15.66666667,1391,9.63963964,35.48177408,512002,0,512002,28859
v3,d830fc32ff2631e4e1344dc30b3e09c3b9690bed,graph,kdtree3d_leafcount,flyby,1,1097,1097,0.656768024,0.1228799969,0.7872959971,0.800568,1,0,-1,26723,13362,47,15.66666667,1143,8.554108666,38.3177668,512002,0,512002,26723
v3,d830fc32ff2631e4e1344dc30b3e09c3b9690bed,graph,kdtree3d_leafcount,flyby,1,1098,1098,0.6572160125,0.1228799969,0.7887359858,0.80224,1,0,-1,27387,13694,46,15.33333333,1267,9.252227253,37.38878341,512002,0,512002,27387
v3,d830fc32ff2631e4e1344dc30b3e09c3b9690bed,graph,kdtree3d_leafcount,flyby,1,1099,1099,0.6572800279,0.1228799969,0.7882239819,0.802072,1,0,-1,28929,14465,47,15.66666667,1410,9.747666782,35.39592119,512002,0,512002,28929
v3,d830fc32ff2631e4e1344dc30b3e09c3b9690bed,graph,kdtree3d_leafcount,flyby,1,1100,1100,0.6554560065,0.1208320037,0.784799993,0.803808,1,0,-1,27033,13517,47,15.66666667,1178,8.714951543,37.87837538,512002,0,512002,27033
v3,d830fc32ff2631e4e1344dc30b3e09c3b9690bed,graph,kdtree3d_leafcount,flyby,1,1101,1101,0.6577280164,0.1228799969,0.7918400168,0.805843,1,0,-1,27435,13718,46,15.33333333,1300,9.476600087,37.32337075,512002,0,512002,27435
v3,d830fc32ff2631e4e1344dc30b3e09c3b9690bed,graph,kdtree3d_leafcount,flyby,1,1102,1102,0.6548799872,0.1249279976,0.7882239819,0.804398,1,0,-1,29115,14558,47,15.66666667,1433,9.84338508,35.16980354,512002,0,512002,29115
v3,d830fc32ff2631e4e1344dc30b3e09c3b9690bed,graph,kdtree3d_leafcount,flyby,1,1103,1103,0.6571519971,0.1228799969,0.7874879837,0.800038,1,0,-1,26957,13479,47,15.66666667,1149,8.524371244,37.9851621,512002,0,512002,26957
v3,d830fc32ff2631e4e1344dc30b3e09c3b9690bed,graph,kdtree3d_leafcount,flyby,1,1104,1104,0.6572160125,0.1228799969,0.788064003,0.800736,1,0,-1,27585,13793,46,15.33333333,1301,9.432320742,37.1204234,512002,0,512002,27585
v3,d830fc32ff2631e4e1344dc30b3e09c3b9690bed,graph,kdtree3d_leafcount,flyby,1,1105,1105,0.6569600105,0.1249279976,0.7900480032,0.802686,1,0,-1,29185,14593,47,15.66666667,1447,9.915713013,35.08545193,512002,0,512002,29185
v3,d830fc32ff2631e4e1344dc30b3e09c3b9690bed,graph,kdtree3d_leafcount,flyby,1,1106,1106,0.6542400122,0.1228799969,0.785055995,0.800359,1,0,-1,27275,13638,47,15.66666667,1196,8.769614313,37.54230826,512002,0,512002,27275
v3,d830fc32ff2631e4e1344dc30b3e09c3b9690bed,graph,kdtree3d_leafcount,flyby,1,1107,1107,0.661823988,0.1208320037,0.7916479707,0.804627,1,0,-1,27657,13829,47,15.66666667,1289,9.320992118,37.02379059,512002,0,512002,27657
v3,d830fc32ff2631e4e1344dc30b3e09c3b9690bed,graph,kdtree3d_leafcount,flyby,1,1108,1108,0.6574400067,0.1249599978,0.7910079956,0.803471,1,0,-1,29203,14602,47,15.66666667,1443,9.882207917,35.06382687,512002,0,512002,29203
v3,d830fc32ff2631e4e1344dc30b3e09c3b9690bed,graph,kdtree3d_leafcount,flyby,1,1109,1109,0.6561279893,0.1228799969,0.7866240144,0.799001,1,0,-1,27091,13546,47,15.66666667,1158,8.548649048,37.79728333,512002,0,512002,27091
v3,d830fc32ff2631e4e1344dc30b3e09c3b9690bed,graph,kdtree3d_leafcount,flyby,1,1110,1110,0.6583679914,0.1228799969,0.7889279723,0.800179,1,0,-1,27647,13824,46,15.33333333,1292,9.346064815,37.03718171,512002,0,512002,27647
v3,d830fc32ff2631e4e1344dc30b3e09c3b9690bed,graph,kdtree3d_leafcount,flyby,1,1111,1111,0.6548159719,0.1249279976,0.7875199914,0.800188,1,0,-1,29225,14613,47,15.66666667,1459,9.98426059,35.03743242,512002,0,512002,29225
v3,d830fc32ff2631e4e1344dc30b3e09c3b9690bed,graph,kdtree3d_leafcount,flyby,1,1112,1112,0.6548159719,0.1228799969,0.7860479951,0.802231,1,0,-1,27177,13589,47,15.66666667,1189,8.749724042,37.67768048,512002,0,512002,27177
v3,d830fc32ff2631e4e1344dc30b3e09c3b9690bed,graph,kdtree3d_leafcount,flyby,1,1113,1113,0.6551039815,0.1249599978,0.7884799838,0.801339,1,0,-1,27693,13847,46,15.33333333,1309,9.453311187,36.9756626,512002,0,512002,27693
v3,d830fc32ff2631e4e1344dc30b3e09c3b9690bed,graph,kdtree3d_leafcount,flyby,1,1114,1114,0.6596480012,0.1249279976,0.7926080227,0.804795,1,0,-1,29295,14648,47,15.66666667,1489,10.16521027,34.95371382,512002,0,512002,29295
v3,d830fc32ff2631e4e1344dc30b3e09c3b9690bed,graph,kdtree3d_leafcount,flyby,1,1115,1115,0.6535360217,0.1228799969,0.7844480276,0.802032,1,0,-1,27111,13556,47,15.66666667,1205,8.889052818,37.769401,512002,0,512002,27111
v3,d830fc32ff2631e4e1344dc30b3e09c3b9690bed,graph,kdtree3d_leafcount,flyby,1,1116,1116,0.6583359838,0.1208320037,0.7877439857,0.803444,1,0,-1,27591,13796,46,15.33333333,1332,9.654972456,37.11235141,512002,0,512002,27591
v3,d830fc32ff2631e4e1344dc30b3e09c3b9690bed,graph,kdtree3d_leafcount,flyby,1,1117,1117,0.6557440162,0.1249279976,0.789215982,0.803166,1,0,-1,29065,14533,47,15.66666667,1486,10.22500516,35.23030345,512002,0,512002,29065
v3,d830fc32ff2631e4e1344dc30b3e09c3b9690bed,graph,kdtree3d_leafcount,flyby,1,1118,1118,0.6554880142,0.1208320037,0.7846400142,0.803014,1,0,-1,26831,13416,47,15.66666667,1187,8.847644603,38.16353608,512002,0,512002,26831
v3,d830fc32ff2631e4e1344dc30b3e09c3b9690bed,graph,kdtree3d_leafcount,flyby,1,1119,1119,0.6596159935,0.1228799969,0.7899519801,0.805051,1,0,-1,27547,13774,46,15.33333333,1344,9.757514157,37.1716277,512002,0,512002,27547
v3,d830fc32ff2631e4e1344dc30b3e09c3b9690bed,graph,kdtree3d_leafcount,flyby,1,1120,1120,0.6546880007,0.1249599978,0.7876160145,0.800307,1,0,-1,29085,14543,47,15.66666667,1489,10.23860276,35.20607853,512002,0,512002,29085
v3,d830fc32ff2631e4e1344dc30b3e09c3b9690bed,graph,kdtree3d_leafcount,flyby,1,1121,1121,0.6535360217,0.1229119971,0.785055995,0.803887,1,0,-1,26929,13465,47,15.66666667,1224,9.09023394,38.02465652,512002,0,512002,26929
v3,d830fc32ff2631e4e1344dc30b3e09c3b9690bed,graph,kdtree3d_leafcount,flyby,1,1122,1122,0.6531839967,0.1228799969,0.7839360237,0.80298,1,0,-1,27635,13818,46,15.33333333,1348,9.755391518,37.05326386,512002,0,512002,27635
v3,d830fc32ff2631e4e1344dc30b3e09c3b9690bed,graph,kdtree3d_leafcount,flyby,1,1123,1123,0.6518080235,0.1228799969,0.781791985,0.79927,1,0,-1,29277,14639,47,15.66666667,1518,10.36956076,34.97520322,512002,0,512002,29277
v3,d830fc32ff2631e4e1344dc30b3e09c3b9690bed,graph,kdtree3d_leafcount,flyby,1,1124,1124,0.6569280028,0.1208320037,0.785664022,0.803621,1,0,-1,27029,13515,47,15.66666667,1194,8.834628191,37.88398076,512002,0,512002,27029
v3,d830fc32ff2631e4e1344dc30b3e09c3b9690bed,graph,kdtree3d_leafcount,flyby,1,1125,1125,0.6530240178,0.1228799969,0.7830719948,0.801023,1,0,-1,27545,13773,46,15.33333333,1325,9.620271546,37.17432658,512002,0,512002,27545
v3,d830fc32ff2631e4e1344dc30b3e09c3b9690bed,graph,kdtree3d_leafcount,flyby,1,1126,1126,0.6562880278,0.1228799969,0.7878720164,0.805621,1,0,-1,29183,14592,47,15.66666667,1482,10.15625,35.08785636,512002,0,512002,29183
v3,d830fc32ff2631e4e1344dc30b3e09c3b9690bed,graph,kdtree3d_leafcount,flyby,1,1127,1127,0.6576319933,0.1208320037,0.7866240144,0.805909,1,0,-1,27025,13513,47,15.66666667,1240,9.176348701,37.8895878,512002,0,512002,27025
v3,d830fc32ff2631e4e1344dc30b3e09c3b9690bed,graph,kdtree3d_leafcount,flyby,1,1128,1128,0.653151989,0.1228799969,0.783904016,0.801422,1,0,-1,27639,13820,47,15.66666667,1370,9.91316932,37.04790159,512002,0,512002,27639
v3,d830fc32ff2631e4e1344dc30b3e09c3b9690bed,graph,kdtree3d_leafcount,flyby,1,1129,1129,0.6559360027,0.1249279976,0.7897920012,0.804471,1,0,-1,29209,14605,47,15.66666667,1509,10.33207806,35.05662444,512002,0,512002,29209
v3,d830fc32ff2631e4e1344dc30b3e09c3b9690bed,graph,kdtree3d_leafcount,flyby,1,1130,1130,0.6597759724,0.1208320037,0.7883200049,0.801615,1,0,-1,26999,13500,46,15.33333333,1218,9.022222222,37.92607407,512002,0,512002,26999
v3,d830fc32ff2631e4e1344dc30b3e09c3b9690bed,graph,kdtree3d_leafcount,flyby,1,1131,1131,0.658016026,0.1228799969,0.7905920148,0.813068,1,0,-1,27697,13849,47,15.66666667,1341,9.683009604,36.97032277,512002,0,512002,27697
v3,d830fc32ff2631e4e1344dc30b3e09c3b9690bed,graph,kdtree3d_leafcount,flyby,1,1132,1132,0.6571199894,0.1249279976,0.7903040051,0.802768,1,0,-1,29205,14603,47,15.66666667,1499,10.26501404,35.06142573,512002,0,512002,29205
v3,d830fc32ff2631e4e1344dc30b3e09c3b9690bed,graph,kdtree3d_leafcount,flyby,1,1133,1133,0.6530560255,0.1228799969,0.783904016,0.801164,1,0,-1,26957,13479,47,15.66666667,1223,9.073373396,37.9851621,512002,0,512002,26957
v3,d830fc32ff2631e4e1344dc30b3e09c3b9690bed,graph,kdtree3d_leafcount,flyby,1,1134,1134,0.6520959735,0.1228799969,0.7816640139,0.798552,1,0,-1,27625,13813,47,15.66666667,1351,9.780641425,37.06667632,512002,0,512002,27625
v3,d830fc32ff2631e4e1344dc30b3e09c3b9690bed,graph,kdtree3d_leafcount,flyby,1,1135,1135,0.6549119949,0.1249279976,0.788064003,0.801556,1,0,-1,29065,14533,47,15.66666667,1512,10.40390835,35.23030345,512002,0,512002,29065
v3,d830fc32ff2631e4e1344dc30b3e09c3b9690bed,graph,kdtree3d_leafcount,flyby,1,1136,1136,0.6550719738,0.1208320037,0.7840960026,0.802828,1,0,-1,26895,13448,46,15.33333333,1222,9.086853064,38.07272457,512002,0,512002,26895
v3,d830fc32ff2631e4e1344dc30b3e09c3b9690bed,graph,kdtree3d_leafcount,flyby,1,1137,1137,0.6570879817,0.1228799969,0.7882239819,0.802457,1,0,-1,27539,13770,47,15.66666667,1312,9.527959332,37.18242556,512002,0,512002,27539
v3,d830fc32ff2631e4e1344dc30b3e09c3b9690bed,graph,kdtree3d_leafcount,flyby,1,1138,1138,0.6569600105,0.1249279976,0.7905279994,0.803275,1,0,-1,29197,14599,47,15.66666667,1518,10.39797246,35.07103226,512002,0,512002,29197
v3,d830fc32ff2631e4e1344dc30b3e09c3b9690bed,graph,kdtree3d_leafcount,flyby,1,1139,1139,0.6617919803,0.1228799969,0.7935360074,0.805569,1,0,-1,26849,13425,47,15.66666667,1226,9.132216015,38.13795158,512002,0,512002,26849
v3,d830fc32ff2631e4e1344dc30b3e09c3b9690bed,graph,kdtree3d_leafcount,flyby,1,1140,1140,0.6552320123,0.1208320037,0.7846080065,0.803811,1,0,-1,27513,13757,47,15.66666667,1299,9.442465654,37.21756197,512002,0,512002,27513
v3,d830fc32ff2631e4e1344dc30b3e09c3b9690bed,graph,kdtree3d_leafcount,flyby,1,1141,1141,0.6577280164,0.1249279976,0.7906559706,0.802502,1,0,-1,29231,14616,47,15.66666667,1482,10.13957307,35.03024083,512002,0,512002,29231
v3,d830fc32ff2631e4e1344dc30b3e09c3b9690bed,graph,kdtree3d_leafcount,flyby,1,1142,1142,0.653504014,0.1208320037,0.7821120024,0.793368,1,0,-1,26977,13489,46,15.33333333,1229,9.111127585,37.957002,512002,0,512002,26977
v3,d830fc32ff2631e4e1344dc30b3e09c3b9690bed,graph,kdtree3d_leafcount,flyby,1,1143,1143,0.6535360217,0.1249599978,0.7851520181,0.796551,1,0,-1,27659,13830,46,15.33333333,1277,9.233550253,37.02111352,512002,0,512002,27659
v3,d830fc32ff2631e4e1344dc30b3e09c3b9690bed,graph,kdtree3d_leafcount,flyby,1,1144,1144,0.6573759913,0.1249279976,0.7878720164,0.798744,1,0,-1,29109,14555,47,15.66666667,1459,10.02404672,35.17705256,512002,0,512002,29109
v3,d830fc32ff2631e4e1344dc30b3e09c3b9690bed,graph,kdtree3d_leafcount,flyby,1,1145,1145,0.6548479795,0.1208320037,0.7842879891,0.80346,1,0,-1,26877,13439,46,15.33333333,1175,8.74321006,38.09822159,512002,0,512002,26877
v3,d830fc32ff2631e4e1344dc30b3e09c3b9690bed,graph,kdtree3d_leafcount,flyby,1,1146,1146,0.6598079801,0.1228799969,0.7912319899,0.803225,1,0,-1,27665,13833,46,15.33333333,1287,9.303838647,37.01308465,512002,0,512002,27665
v3,d830fc32ff2631e4e1344dc30b3e09c3b9690bed,graph,kdtree3d_leafcount,flyby,1,1147,1147,0.6583679914,0.1249279976,0.7923840284,0.805538,1,0,-1,29095,14548,48,16,1487,10.22133627,35.19397855,512002,0,512002,29095
v3,d830fc32ff2631e4e1344dc30b3e09c3b9690bed,graph,kdtree3d_leafcount,flyby,1,1148,1148,0.6583679914,0.1208320037,0.788064003,0.803235,1,0,-1,26743,13372,47,15.66666667,1175,8.787017649,38.28911158,512002,0,512002,26743
v3,d830fc32ff2631e4e1344dc30b3e09c3b9690bed,graph,kdtree3d_leafcount,flyby,1,1149,1149,0.6552320123,0.1228799969,0.7869759798,0.803746,1,0,-1,27603,13802,46,15.33333333,1286,9.317490219,37.09621794,512002,0,512002,27603
v3,d830fc32ff2631e4e1344dc30b3e09c3b9690bed,graph,kdtree3d_leafcount,flyby,1,1150,1150,0.6530240178,0.1208320037,0.7828480005,0.795538,1,0,-1,29209,14605,47,15.66666667,1472,10.07874016,35.05662444,512002,0,512002,29209
v3,d830fc32ff2631e4e1344dc30b3e09c3b9690bed,graph,kdtree3d_leafcount,flyby,1,1151,1151,0.6549440026,0.1228799969,0.7861440182,0.804101,1,0,-1,26749,13375,46,15.33333333,1159,8.665420561,38.28052336,512002,0,512002,26749
v3,d830fc32ff2631e4e1344dc30b3e09c3b9690bed,graph,kdtree3d_leafcount,flyby,1,1152,1152,0.6572160125,0.1228799969,0.7883840203,0.802708,1,0,-1,27711,13856,47,15.66666667,1239,8.941974596,36.9516455,512002,0,512002,27711
v3,d830fc32ff2631e4e1344dc30b3e09c3b9690bed,graph,kdtree3d_leafcount,flyby,1,1153,1153,0.6551679969,0.1249279976,0.7890239954,0.803768,1,0,-1,29057,14529,47,15.66666667,1474,10.14522679,35.24000275,512002,0,512002,29057
v3,d830fc32ff2631e4e1344dc30b3e09c3b9690bed,graph,kdtree3d_leafcount,flyby,1,1154,1154,0.655807972,0.1228799969,0.7882559896,0.803602,1,0,-1,26909,13455,47,15.66666667,1178,8.755109625,38.05291713,512002,0,512002,26909
v3,d830fc32ff2631e4e1344dc30b3e09c3b9690bed,graph,kdtree3d_leafcount,flyby,1,1155,1155,0.6575040221,0.1228799969,0.7896000147,0.804012,1,0,-1,27699,13850,46,15.33333333,1263,9.119133574,36.96765343,512002,0,512002,27699
v3,d830fc32ff2631e4e1344dc30b3e09c3b9690bed,graph,kdtree3d_leafcount,flyby,1,1156,1156,0.6541759968,0.1228799969,0.7853760123,0.804216,1,0,-1,29061,14531,47,15.66666667,1459,10.04060285,35.23515243,512002,0,512002,29061
v3,d830fc32ff2631e4e1344dc30b3e09c3b9690bed,graph,kdtree3d_leafcount,flyby,1,1157,1157,0.6576960087,0.1228799969,0.7888000011,0.802028,1,0,-1,26879,13440,46,15.33333333,1165,8.668154762,38.0953869,512002,0,512002,26879
v3,d830fc32ff2631e4e1344dc30b3e09c3b9690bed,graph,kdtree3d_leafcount,flyby,1,1158,1158,0.6559360027,0.1249599978,0.7899519801,0.804265,1,0,-1,27801,13901,46,15.33333333,1254,9.020933746,36.83202647,512002,0,512002,27801
v3,d830fc32ff2631e4e1344dc30b3e09c3b9690bed,graph,kdtree3d_leafcount,flyby,1,1159,1159,0.658016026,0.1249279976,0.7922559977,0.80512,1,0,-1,29161,14581,47,15.66666667,1508,10.34222618,35.11432686,512002,0,512002,29161
v3,d830fc32ff2631e4e1344dc30b3e09c3b9690bed,graph,kdtree3d_leafcount,flyby,1,1160,1160,0.6575040221,0.1228799969,0.7887359858,0.802735,1,0,-1,26811,13406,46,15.33333333,1181,8.809488289,38.19200358,512002,0,512002,26811
v3,d830fc32ff2631e4e1344dc30b3e09c3b9690bed,graph,kdtree3d_leafcount,flyby,1,1161,1161,0.6569920182,0.1249599978,0.7903360128,0.80422,1,0,-1,27793,13897,46,15.33333333,1260,9.066705044,36.84262791,512002,0,512002,27793
v3,d830fc32ff2631e4e1344dc30b3e09c3b9690bed,graph,kdtree3d_leafcount,flyby,1,1162,1162,0.6596159935,0.1228799969,0.7916479707,0.804589,1,0,-1,29155,14578,47,15.66666667,1493,10.24145973,35.12155303,512002,0,512002,29155
v3,d830fc32ff2631e4e1344dc30b3e09c3b9690bed,graph,kdtree3d_leafcount,flyby,1,1163,1163,0.6554880142,0.1228799969,0.7866560221,0.804987,1,0,-1,26855,13428,46,15.33333333,1187,8.839737861,38.12943104,512002,0,512002,26855
v3,d830fc32ff2631e4e1344dc30b3e09c3b9690bed,graph,kdtree3d_leafcount,flyby,1,1164,1164,0.6554880142,0.1228799969,0.7866560221,0.801791,1,0,-1,27935,13968,47,15.66666667,1252,8.963344788,36.6553551,512002,0,512002,27935
v3,d830fc32ff2631e4e1344dc30b3e09c3b9690bed,graph,kdtree3d_leafcount,flyby,1,1165,1165,0.6554880142,0.1249279976,0.7890560031,0.804873,1,0,-1,29109,14555,47,15.66666667,1504,10.33321883,35.17705256,512002,0,512002,29109
v3,d830fc32ff2631e4e1344dc30b3e09c3b9690bed,graph,kdtree3d_leafcount,flyby,1,1166,1166,0.6559680104,0.1208320037,0.7850239873,0.802685,1,0,-1,26699,13350,46,15.33333333,1180,8.838951311,38.35220974,512002,0,512002,26699
v3,d830fc32ff2631e4e1344dc30b3e09c3b9690bed,graph,kdtree3d_leafcount,flyby,1,1167,1167,0.6595839858,0.1228799969,0.7903680205,0.803074,1,0,-1,28003,14002,47,15.66666667,1246,8.898728753,36.56634766,512002,0,512002,28003
v3,d830fc32ff2631e4e1344dc30b3e09c3b9690bed,graph,kdtree3d_leafcount,flyby,1,1168,1168,0.6577919722,0.1229119971,0.7889279723,0.803544,1,0,-1,29055,14528,47,15.66666667,1474,10.14592511,35.24242841,512002,0,512002,29055
v3,d830fc32ff2631e4e1344dc30b3e09c3b9690bed,graph,kdtree3d_leafcount,flyby,1,1169,1169,0.650496006,0.1228799969,0.781791985,0.79317,1,0,-1,26713,13357,48,16,1183,8.856779217,38.3321105,512002,0,512002,26713
v3,d830fc32ff2631e4e1344dc30b3e09c3b9690bed,graph,kdtree3d_leafcount,flyby,1,1170,1170,0.6542080045,0.1249279976,0.7866880298,0.798859,1,0,-1,28107,14054,47,15.66666667,1275,9.072150278,36.43105166,512002,0,512002,28107
v3,d830fc32ff2631e4e1344dc30b3e09c3b9690bed,graph,kdtree3d_leafcount,flyby,1,1171,1171,0.6528319716,0.1249279976,0.7855359912,0.800741,1,0,-1,29141,14571,47,15.66666667,1550,10.63756777,35.13842564,512002,0,512002,29141
v3,d830fc32ff2631e4e1344dc30b3e09c3b9690bed,graph,kdtree3d_leafcount,flyby,1,1172,1172,0.655807972,0.1228799969,0.7876799703,0.806932,1,0,-1,26857,13429,46,15.33333333,1225,9.122049296,38.1265917,512002,0,512002,26857
v3,d830fc32ff2631e4e1344dc30b3e09c3b9690bed,graph,kdtree3d_leafcount,flyby,1,1173,1173,0.6574720144,0.1228799969,0.7886719704,0.802205,1,0,-1,28231,14116,47,15.66666667,1279,9.060640408,36.27103995,512002,0,512002,28231
v3,d830fc32ff2631e4e1344dc30b3e09c3b9690bed,graph,kdtree3d_leafcount,flyby,1,1174,1174,0.6575999856,0.1228799969,0.7883200049,0.801298,1,0,-1,29039,14520,47,15.66666667,1509,10.39256198,35.26184573,512002,0,512002,29039
v3,d830fc32ff2631e4e1344dc30b3e09c3b9690bed,graph,kdtree3d_leafcount,flyby,1,1175,1175,0.6529920101,0.1228799969,0.7840960026,0.795879,1,0,-1,26897,13449,46,15.33333333,1218,9.056435423,38.06989367,512002,0,512002,26897
v3,d830fc32ff2631e4e1344dc30b3e09c3b9690bed,graph,kdtree3d_leafcount,flyby,1,1176,1176,0.6547840238,0.1249279976,0.7871040106,0.800761,1,0,-1,28727,14364,47,15.66666667,1389,9.670008354,35.64480646,512002,0,512002,28727
v3,d830fc32ff2631e4e1344dc30b3e09c3b9690bed,graph,kdtree3d_leafcount,flyby,1,1177,1177,0.6536960006,0.1249279976,0.7870720029,0.803054,1,0,-1,28725,14363,47,15.66666667,1450,10.09538397,35.64728817,512002,0,512002,28725
v3,d830fc32ff2631e4e1344dc30b3e09c3b9690bed,graph,kdtree3d_leafcount,flyby,1,1178,1178,0.6524479985,0.1228799969,0.7840960026,0.796135,1,0,-1,26843,13422,46,15.33333333,1250,9.313068097,38.14647594,512002,0,512002,26843
v3,d830fc32ff2631e4e1344dc30b3e09c3b9690bed,graph,kdtree3d_leafcount,flyby,1,1179,1179,0.6579840183,0.1249279976,0.7914239764,0.803579,1,0,-1,28831,14416,47,15.66666667,1445,10.02358491,35.51623196,512002,0,512002,28831
v3,d830fc32ff2631e4e1344dc30b3e09c3b9690bed,graph,kdtree3d_leafcount,flyby,1,1180,1180,0.6535999775,0.1228799969,0.7844799757,0.803713,1,0,-1,28517,14259,47,15.66666667,1432,10.04278,35.90728663,512002,0,512002,28517
v3,d830fc32ff2631e4e1344dc30b3e09c3b9690bed,graph,kdtree3d_leafcount,flyby,1,1181,1181,0.6531199813,0.1208320037,0.7821120024,0.794678,1,0,-1,26733,13367,46,15.33333333,1255,9.388793297,38.30343383,512002,0,512002,26733
v3,d830fc32ff2631e4e1344dc30b3e09c3b9690bed,graph,kdtree3d_leafcount,flyby,1,1182,1182,0.6526399851,0.1228799969,0.7835839987,0.799318,1,0,-1,28939,14470,47,15.66666667,1460,10.08984105,35.38369039,512002,0,512002,28939
v3,d830fc32ff2631e4e1344dc30b3e09c3b9690bed,graph,kdtree3d_leafcount,flyby,1,1183,1183,0.6526719928,0.1249279976,0.7853119969,0.802668,1,0,-1,28301,14151,47,15.66666667,1370,9.681294608,36.18132994,512002,0,512002,28301
v3,d830fc32ff2631e4e1344dc30b3e09c3b9690bed,graph,kdtree3d_leafcount,flyby,1,1184,1184,0.6523839831,0.1228799969,0.783551991,0.800648,1,0,-1,26679,13340,46,15.33333333,1208,9.055472264,38.38095952,512002,0,512002,26679
v3,d830fc32ff2631e4e1344dc30b3e09c3b9690bed,graph,kdtree3d_leafcount,flyby,1,1185,1185,0.6577280164,0.1249599978,0.7916160226,0.803945,1,0,-1,29029,14515,47,15.66666667,1452,10.00344471,35.27399242,512002,0,512002,29029
v3,d830fc32ff2631e4e1344dc30b3e09c3b9690bed,graph,kdtree3d_leafcount,flyby,1,1186,1186,0.6593599916,0.1228799969,0.7908480167,0.804943,1,0,-1,28261,14131,47,15.66666667,1358,9.610077135,36.23253839,512002,0,512002,28261
v3,d830fc32ff2631e4e1344dc30b3e09c3b9690bed,graph,kdtree3d_leafcount,flyby,1,1187,1187,0.6576960087,0.1228799969,0.788064003,0.799988,1,0,-1,26631,13316,46,15.33333333,1189,8.92910784,38.45013518,512002,0,512002,26631
v3,d830fc32ff2631e4e1344dc30b3e09c3b9690bed,graph,kdtree3d_leafcount,flyby,1,1188,1188,0.6555839777,0.1249279976,0.7878720164,0.800745,1,0,-1,29061,14531,47,15.66666667,1424,9.79973849,35.23515243,512002,0,512002,29061
v3,d830fc32ff2631e4e1344dc30b3e09c3b9690bed,graph,kdtree3d_leafcount,flyby,1,1189,1189,0.6479039788,0.1249599978,0.7797120214,0.797806,1,0,-1,28113,14057,47,15.66666667,1369,9.738920111,36.42327666,512002,0,512002,28113
v3,d830fc32ff2631e4e1344dc30b3e09c3b9690bed,graph,kdtree3d_leafcount,flyby,1,1190,1190,0.6486080289,0.1208320037,0.7763519883,0.789815,1,0,-1,26529,13265,46,15.33333333,1206,9.091594421,38.59796457,512002,0,512002,26529
v3,d830fc32ff2631e4e1344dc30b3e09c3b9690bed,graph,kdtree3d_leafcount,flyby,1,1191,1191,0.6577280164,0.1249279976,0.790463984,0.801627,1,0,-1,28993,14497,47,15.66666667,1374,9.477822998,35.31778989,512002,0,512002,28993
v3,d830fc32ff2631e4e1344dc30b3e09c3b9690bed,graph,kdtree3d_leafcount,flyby,1,1192,1192,0.6556800008,0.1208320037,0.7842879891,0.799945,1,0,-1,27949,13975,47,15.66666667,1309,9.366726297,36.63699463,512002,0,512002,27949
v3,d830fc32ff2631e4e1344dc30b3e09c3b9690bed,graph,kdtree3d_leafcount,flyby,1,1193,1193,0.6534079909,0.1228799969,0.7844799757,0.802981,1,0,-1,26743,13372,46,15.33333333,1190,8.899192342,38.28911158,512002,0,512002,26743
v3,d830fc32ff2631e4e1344dc30b3e09c3b9690bed,graph,kdtree3d_leafcount,flyby,1,1194,1194,0.6515840292,0.1249279976,0.7846720219,0.80325,1,0,-1,29139,14570,47,15.66666667,1432,9.82841455,35.14083734,512002,0,512002,29139
v3,d830fc32ff2631e4e1344dc30b3e09c3b9690bed,graph,kdtree3d_leafcount,flyby,1,1195,1195,0.6536960006,0.1228799969,0.784799993,0.797176,1,0,-1,28005,14003,47,15.66666667,1349,9.633649932,36.56373634,512002,0,512002,28005
v3,d830fc32ff2631e4e1344dc30b3e09c3b9690bed,graph,kdtree3d_leafcount,flyby,1,1196,1196,0.6516799927,0.1228799969,0.7823039889,0.802158,1,0,-1,26633,13317,46,15.33333333,1237,9.288878877,38.44724788,512002,0,512002,26633
v3,d830fc32ff2631e4e1344dc30b3e09c3b9690bed,graph,kdtree3d_leafcount,flyby,1,1197,1197,0.6568319798,0.1249279976,0.7900480032,0.802879,1,0,-1,29235,14618,47,15.66666667,1491,10.19975373,35.02544808,512002,0,512002,29235
v3,d830fc32ff2631e4e1344dc30b3e09c3b9690bed,graph,kdtree3d_leafcount,flyby,1,1198,1198,0.6579840183,0.1208320037,0.7868480086,0.798922,1,0,-1,28063,14032,47,15.66666667,1368,9.749144812,36.4881699,512002,0,512002,28063
v3,d830fc32ff2631e4e1344dc30b3e09c3b9690bed,graph,kdtree3d_leafcount,flyby,1,1199,1199,0.6528000236,0.1228799969,0.784160018,0.804564,1,0,-1,26787,13394,46,15.33333333,1268,9.466925489,38.2262207,512002,0,512002,26787
v3,d830fc32ff2631e4e1344dc30b3e09c3b9690bed,graph,kdtree3d_leafcount,flyby,1,1200,1200,0.6605439782,0.1208320037,0.7912960052,0.80823,1,0,-1,29161,14581,47,15.66666667,1488,10.20506138,35.11432686,512002,0,512002,29161
