version,commit,path,config,dataset,run,snapshot,frame_id,tree_update_ms,view_ms,total_ms,wall_ms,attempts,maintenance_ms,iterations,num_nodes,num_leaves,max_depth,max_depth_octree_equiv,num_empty_leaves,empty_leaf_pct,avg_particles_per_leaf,particles_active,particles_escaped,particle_slots,lib_num_nodes
v1,e7bd16a8ad2be3cb1a245ce7fe4d8ea167164025,direct,octree_leafcount,flyby,7,0,0,nan,nan,nan,nan,0,0,-1,43825,38347,17,17,22089,57.60294156,13.3518137,512002,0,512002,43825
v1,e7bd16a8ad2be3cb1a245ce7fe4d8ea167164025,direct,octree_leafcount,flyby,7,1,1,0.4705600142,0.3624959886,0.8341439962,0.841159,1,0,-1,43673,38214,17,17,22026,57.63856178,13.39828335,512002,0,512002,43673
v1,e7bd16a8ad2be3cb1a245ce7fe4d8ea167164025,direct,octree_leafcount,flyby,7,2,2,0.4750719965,0.9196479917,1.396896005,1.404913,1,0,-1,43849,38368,17,17,22103,57.60790242,13.34450584,512002,0,512002,43849
v1,e7bd16a8ad2be3cb1a245ce7fe4d8ea167164025,direct,octree_leafcount,flyby,7,3,3,0.4072319865,0.492832005,0.9016640186,0.908599,1,0,-1,43905,38417,17,17,22135,57.61772132,13.32748523,512002,0,512002,43905
v1,e7bd16a8ad2be3cb1a245ce7fe4d8ea167164025,direct,octree_leafcount,flyby,7,4,4,0.472992003,0.4909439981,0.9651520252,0.972863,1,0,-1,43985,38487,17,17,22173,57.61166108,13.30324525,512002,0,512002,43985
v1,e7bd16a8ad2be3cb1a245ce7fe4d8ea167164025,direct,octree_leafcount,flyby,7,5,5,0.452895999,0.3636479974,0.8177599907,0.825079,1,0,-1,43753,38284,17,17,22001,57.4678717,13.37378539,512002,0,512002,43753
v1,e7bd16a8ad2be3cb1a245ce7fe4d8ea167164025,direct,octree_leafcount,flyby,7,6,6,0.4480319917,0.3625920117,0.8118720055,0.818975,1,0,-1,43673,38214,17,17,21925,57.37426074,13.39828335,512002,0,512002,43673
v1,e7bd16a8ad2be3cb1a245ce7fe4d8ea167164025,direct,octree_leafcount,flyby,7,7,7,0.4807679951,0.4977920055,0.9808639884,0.988196,1,0,-1,43977,38480,17,17,22023,57.23232848,13.30566528,512002,0,512002,43977
v1,e7bd16a8ad2be3cb1a245ce7fe4d8ea167164025,direct,octree_leafcount,flyby,7,8,8,0.5273280144,0.3637439907,0.8922880292,0.899593,1,0,-1,43689,38228,17,17,21793,57.00795229,13.39337658,512002,0,512002,43689
v1,e7bd16a8ad2be3cb1a245ce7fe4d8ea167164025,direct,octree_leafcount,flyby,7,9,9,0.4703359902,0.4948160052,0.9673920274,0.974306,1,0,-1,43745,38277,17,17,21805,56.96632442,13.37623116,512002,0,512002,43745
v1,e7bd16a8ad2be3cb1a245ce7fe4d8ea167164025,direct,octree_leafcount,flyby,7,10,10,0.533024013,0.3631039858,0.8973439932,0.904717,1,0,-1,43745,38277,17,17,21704,56.7024584,13.37623116,512002,0,512002,43745
v1,e7bd16a8ad2be3cb1a245ce7fe4d8ea167164025,direct,octree_leafcount,flyby,7,11,11,0.5301120281,0.3658240139,0.8971840143,0.90485,1,0,-1,43601,38151,17,17,21649,56.74556368,13.42040838,512002,0,512002,43601
v1,e7bd16a8ad2be3cb1a245ce7fe4d8ea167164025,direct,octree_leafcount,flyby,7,12,12,0.5344960093,0.4948799908,1.031200051,1.038298,1,0,-1,43665,38207,17,17,21628,56.60742796,13.40073808,512002,0,512002,43665
v1,e7bd16a8ad2be3cb1a245ce7fe4d8ea167164025,direct,octree_leafcount,flyby,7,13,13,0.6715840101,0.3638400137,1.036671996,1.044236,1,0,-1,43625,38172,17,17,21456,56.20873939,13.41302525,512002,0,512002,43625
v1,e7bd16a8ad2be3cb1a245ce7fe4d8ea167164025,direct,octree_leafcount,flyby,7,14,14,0.6041280031,0.4943999946,1.100224018,1.10777,1,0,-1,44009,38508,17,17,21489,55.80398878,13.29599044,512002,0,512002,44009
v1,e7bd16a8ad2be3cb1a245ce7fe4d8ea167164025,direct,octree_leafcount,flyby,7,15,15,0.6902080178,0.4988479912,1.190943956,1.198611,1,0,-1,44313,38774,17,17,21464,55.35668231,13.2047764,512002,0,512002,44313
v1,e7bd16a8ad2be3cb1a245ce7fe4d8ea167164025,direct,octree_leafcount,flyby,7,16,16,0.6144000292,0.495615989,1.111744046,1.11926,1,0,-1,44489,38928,17,17,21452,55.10686395,13.15253802,512002,0,512002,44489
v1,e7bd16a8ad2be3cb1a245ce7fe4d8ea167164025,direct,octree_leafcount,flyby,7,17,17,0.595615983,0.3627519906,0.9596160054,0.966726,1,0,-1,44289,38753,17,17,21044,54.30289268,13.21193198,512002,0,512002,44289
v1,e7bd16a8ad2be3cb1a245ce7fe4d8ea167164025,direct,octree_leafcount,flyby,7,18,18,0.6685119867,0.4912320077,1.161471963,1.168464,1,0,-1,44321,38781,17,17,20893,53.8743199,13.20239292,512002,0,512002,44321
v1,e7bd16a8ad2be3cb1a245ce7fe4d8ea167164025,direct,octree_leafcount,flyby,7,19,19,0.5988159776,0.3676480055,0.9676799774,0.975421,1,0,-1,44017,38515,17,17,20591,53.46228742,13.29357393,512002,0,512002,44017
v1,e7bd16a8ad2be3cb1a245ce7fe4d8ea167164025,direct,octree_leafcount,flyby,7,20,20,0.6785920262,0.4967679977,1.176992059,1.183443,1,0,-1,44129,38613,17,17,20509,53.11423614,13.25983477,512002,0,512002,44129
v1,e7bd16a8ad2be3cb1a245ce7fe4d8ea167164025,direct,octree_leafcount,flyby,7,21,21,0.6595519781,0.3669120073,1.027711987,1.035854,1,0,-1,43985,38487,17,17,20271,52.66973264,13.30324525,512002,0,512002,43985
v1,e7bd16a8ad2be3cb1a245ce7fe4d8ea167164025,direct,octree_leafcount,flyby,7,22,22,0.5965440273,0.3674879968,0.9652479887,0.972867,1,0,-1,43849,38368,17,17,20034,52.21538782,13.34450584,512002,0,512002,43849
v1,e7bd16a8ad2be3cb1a245ce7fe4d8ea167164025,direct,octree_leafcount,flyby,7,23,23,0.5387840271,0.4969600141,1.037919998,1.045044,1,0,-1,43969,38473,17,17,19812,51.49585424,13.30808619,512002,0,512002,43969
v1,e7bd16a8ad2be3cb1a245ce7fe4d8ea167164025,direct,octree_leafcount,flyby,7,24,24,0.545855999,0.3637759984,0.9108480215,0.918517,1,0,-1,43633,38179,17,17,19508,51.09615234,13.41056602,512002,0,512002,43633
v1,e7bd16a8ad2be3cb1a245ce7fe4d8ea167164025,direct,octree_leafcount,flyby,7,25,25,0.6118400097,0.4941439927,1.107231975,1.113847,1,0,-1,44049,38543,17,17,19656,50.99758711,13.28391666,512002,0,512002,44049
v1,e7bd16a8ad2be3cb1a245ce7fe4d8ea167164025,direct,octree_leafcount,flyby,7,26,26,0.6931200027,0.4918720126,1.18620801,1.192844,1,0,-1,44289,38753,17,17,19633,50.66188424,13.21193198,512002,0,512002,44289
v1,e7bd16a8ad2be3cb1a245ce7fe4d8ea167164025,direct,octree_leafcount,flyby,7,27,27,0.69244802,0.4948480129,1.188895941,1.195411,1,0,-1,45185,39537,17,17,19857,50.22384096,12.94994562,512002,0,512002,45185
v1,e7bd16a8ad2be3cb1a245ce7fe4d8ea167164025,direct,octree_leafcount,flyby,7,28,28,0.6803519726,0.4933440089,1.175008059,1.182322,1,0,-1,45209,39558,17,17,19402,49.04696901,12.94307093,512002,0,512002,45209
v1,e7bd16a8ad2be3cb1a245ce7fe4d8ea167164025,direct,octree_leafcount,flyby,7,29,29,0.6489279866,0.3669120073,1.017120004,1.02339,1,0,-1,44529,38963,18,18,18895,48.49472577,13.14072325,512002,0,512002,44529
v1,e7bd16a8ad2be3cb1a245ce7fe4d8ea167164025,direct,octree_leafcount,flyby,7,30,30,0.6711040139,0.3656640053,1.037984014,1.044428,1,0,-1,44449,38893,17,17,18531,47.64610598,13.16437405,512002,0,512002,44449
v1,e7bd16a8ad2be3cb1a245ce7fe4d8ea167164025,direct,octree_leafcount,flyby,7,31,31,0.6616960168,0.4933440089,1.15625596,1.163092,1,0,-1,44785,39187,17,17,18543,47.31926404,13.06560849,512002,0,512002,44785
v1,e7bd16a8ad2be3cb1a245ce7fe4d8ea167164025,direct,octree_leafcount,flyby,7,32,32,0.6502079964,0.3648320138,1.016288042,1.022714,1,0,-1,44657,39075,17,17,18503,47.35252719,13.10305822,512002,0,512002,44657
v1,e7bd16a8ad2be3cb1a245ce7fe4d8ea167164025,direct,octree_leafcount,flyby,7,33,33,0.6711040139,0.366719991,1.039039969,1.047459,1,0,-1,44129,38613,17,17,18153,47.01266413,13.25983477,512002,0,512002,44129
v1,e7bd16a8ad2be3cb1a245ce7fe4d8ea167164025,direct,octree_leafcount,flyby,7,34,34,0.6074560285,0.4926719964,1.101727962,1.109144,1,0,-1,44249,38718,17,17,18062,46.65013689,13.2238752,512002,0,512002,44249
v1,e7bd16a8ad2be3cb1a245ce7fe4d8ea167164025,direct,octree_leafcount,flyby,7,35,35,0.6766399741,0.4935680032,1.172448039,1.180103,1,0,-1,45081,39446,17,17,18227,46.20747351,12.97982051,512002,0,512002,45081
v1,e7bd16a8ad2be3cb1a245ce7fe4d8ea167164025,direct,octree_leafcount,flyby,7,36,36,0.6808639765,0.496991992,1.179487944,1.187101,1,0,-1,45409,39733,17,17,18345,46.17068935,12.88606448,512002,0,512002,45409
v1,e7bd16a8ad2be3cb1a245ce7fe4d8ea167164025,direct,octree_leafcount,flyby,7,37,37,0.6745600104,0.4948799908,1.171007991,1.178565,1,0,-1,45553,39859,17,17,18263,45.81901202,12.84532979,512002,0,512002,45553
v1,e7bd16a8ad2be3cb1a245ce7fe4d8ea167164025,direct,octree_leafcount,flyby,7,38,38,0.6823999882,0.3685440123,1.052160025,1.060084,1,0,-1,44945,39327,17,17,17674,44.94113459,13.0190963,512002,0,512002,44945
v1,e7bd16a8ad2be3cb1a245ce7fe4d8ea167164025,direct,octree_leafcount,flyby,7,39,39,0.7414079905,0.4924800098,1.236127973,1.244112,1,0,-1,45137,39495,17,17,17939,45.42093936,12.96371693,512002,0,512002,45137
v1,e7bd16a8ad2be3cb1a245ce7fe4d8ea167164025,direct,octree_leafcount,flyby,7,40,40,0.62588799,0.4918079972,1.119328022,1.126815,1,0,-1,45761,40041,17,17,18036,45.04383007,12.78694338,512002,0,512002,45761
v1,e7bd16a8ad2be3cb1a245ce7fe4d8ea167164025,direct,octree_leafcount,flyby,7,41,41,0.6785280108,0.3657599986,1.045536041,1.052928,1,0,-1,45601,39901,17,17,17592,44.08912057,12.83180873,512002,0,512002,45601
v1,e7bd16a8ad2be3cb1a245ce7fe4d8ea167164025,direct,octree_leafcount,flyby,7,42,42,0.6713600159,0.3605439961,1.033120036,1.040716,1,0,-1,45409,39733,17,17,17202,43.29398737,12.88606448,512002,0,512002,45409
v1,e7bd16a8ad2be3cb1a245ce7fe4d8ea167164025,direct,octree_leafcount,flyby,7,43,43,0.7479360104,0.3617599905,1.110911965,1.11841,1,0,-1,45297,39635,17,17,17028,42.96202851,12.91792608,512002,0,512002,45297
v1,e7bd16a8ad2be3cb1a245ce7fe4d8ea167164025,direct,octree_leafcount,flyby,7,44,44,0.6200640202,0.4916799963,1.113312006,1.120243,1,0,-1,45337,39670,17,17,16868,42.52079657,12.90652886,512002,0,512002,45337
v1,e7bd16a8ad2be3cb1a245ce7fe4d8ea167164025,direct,octree_leafcount,flyby,7,45,45,0.6762880087,0.4912959933,1.168799996,1.176436,1,0,-1,45353,39684,17,17,16655,41.96905554,12.90197561,512002,0,512002,45353
v1,e7bd16a8ad2be3cb1a245ce7fe4d8ea167164025,direct,octree_leafcount,flyby,7,46,46,0.6805440187,0.4903039932,1.172479987,1.179613,1,0,-1,45465,39782,17,17,16678,41.92348298,12.87019255,512002,0,512002,45465
v1,e7bd16a8ad2be3cb1a245ce7fe4d8ea167164025,direct,octree_leafcount,flyby,7,47,47,0.7343040109,0.3627839983,1.098304033,1.105269,1,0,-1,45233,39579,17,17,16448,41.55739155,12.93620354,512002,0,512002,45233
v1,e7bd16a8ad2be3cb1a245ce7fe4d8ea167164025,direct,octree_leafcount,flyby,7,48,48,0.7458879948,0.4918079972,1.239295959,1.246543,1,0,-1,45377,39705,17,17,16280,41.00239265,12.89515174,512002,0,512002,45377
v1,e7bd16a8ad2be3cb1a245ce7fe4d8ea167164025,direct,octree_leafcount,flyby,7,49,49,0.6787520051,0.3636479974,1.043616056,1.050978,1,0,-1,44801,39201,17,17,15965,40.72600189,13.06094232,512002,0,512002,44801
v1,e7bd16a8ad2be3cb1a245ce7fe4d8ea167164025,direct,octree_leafcount,flyby,7,50,50,0.6279039979,0.3633919954,0.9925119877,1.000895,1,0,-1,44609,39033,17,17,15886,40.69889581,13.11715728,512002,0,512002,44609
v1,e7bd16a8ad2be3cb1a245ce7fe4d8ea167164025,direct,octree_leafcount,flyby,7,51,51,0.6841279864,0.3617919981,1.047168016,1.055274,1,0,-1,44577,39005,17,17,15882,40.71785669,13.12657352,512002,0,512002,44577
v1,e7bd16a8ad2be3cb1a245ce7fe4d8ea167164025,direct,octree_leafcount,flyby,7,52,52,0.6791359782,0.4938560128,1.174592018,1.182564,1,0,-1,44913,39299,17,17,16024,40.77457442,13.02837222,512002,0,512002,44913
v1,e7bd16a8ad2be3cb1a245ce7fe4d8ea167164025,direct,octree_leafcount,flyby,7,53,53,0.6862400174,0.3606719971,1.048128009,1.055657,1,0,-1,44825,39222,17,17,15884,40.49767987,13.05394931,512002,0,512002,44825
v1,e7bd16a8ad2be3cb1a245ce7fe4d8ea167164025,direct,octree_leafcount,flyby,7,54,54,0.6771199703,0.4919680059,1.170303941,1.176907,1,0,-1,45001,39376,17,17,15802,40.13104429,13.00289516,512002,0,512002,45001
v1,e7bd16a8ad2be3cb1a245ce7fe4d8ea167164025,direct,octree_leafcount,flyby,7,55,55,0.6871680021,0.48566401,1.174463987,1.181754,1,0,-1,45065,39432,17,17,15886,40.28707649,12.98442889,512002,0,512002,45065
v1,e7bd16a8ad2be3cb1a245ce7fe4d8ea167164025,direct,octree_leafcount,flyby,7,56,56,0.6805440187,0.4877440035,1.16988802,1.176788,1,0,-1,45209,39558,17,17,15666,39.60260883,12.94307093,512002,0,512002,45209
v1,e7bd16a8ad2be3cb1a245ce7fe4d8ea167164025,direct,octree_leafcount,flyby,7,57,57,0.6976959705,0.362432003,1.061375976,1.068637,1,0,-1,45017,39390,17,17,15458,39.24346281,12.99827367,512002,0,512002,45017
v1,e7bd16a8ad2be3cb1a245ce7fe4d8ea167164025,direct,octree_leafcount,flyby,7,58,58,0.6815680265,0.362560004,1.045343995,1.052442,1,0,-1,44849,39243,17,17,15279,38.93433224,13.04696379,512002,0,512002,44849
v1,e7bd16a8ad2be3cb1a245ce7fe4d8ea167164025,direct,octree_leafcount,flyby,7,59,59,0.6698560119,0.4901120067,1.161183953,1.168038,1,0,-1,45073,39439,17,17,15427,39.11610335,12.98212429,512002,0,512002,45073
v1,e7bd16a8ad2be3cb1a245ce7fe4d8ea167164025,direct,octree_leafcount,flyby,7,60,60,0.8003519773,0.362688005,1.164255977,1.171421,1,0,-1,44793,39194,17,17,15335,39.12588662,13.06327499,512002,0,512002,44793
v1,e7bd16a8ad2be3cb1a245ce7fe4d8ea167164025,direct,octree_leafcount,flyby,7,61,61,0.6867200136,0.489823997,1.17811203,1.185307,1,0,-1,44801,39201,17,17,15413,39.31787454,13.06094232,512002,0,512002,44801
v1,e7bd16a8ad2be3cb1a245ce7fe4d8ea167164025,direct,octree_leafcount,flyby,7,62,62,0.6765120029,0.4916799963,1.170624018,1.178131,1,0,-1,44977,39355,17,17,15318,38.92262737,13.00983357,512002,0,512002,44977
v1,e7bd16a8ad2be3cb1a245ce7fe4d8ea167164025,direct,octree_leafcount,flyby,7,63,63,0.6953920126,0.3605439961,1.057152033,1.064938,1,0,-1,44649,39068,17,17,15190,38.88092557,13.10540596,512002,0,512002,44649
v1,e7bd16a8ad2be3cb1a245ce7fe4d8ea167164025,direct,octree_leafcount,flyby,7,64,64,0.6804800034,0.4896639884,1.172544003,1.178102,1,0,-1,44777,39180,17,17,15101,38.54262379,13.06794283,512002,0,512002,44777
v1,e7bd16a8ad2be3cb1a245ce7fe4d8ea167164025,direct,octree_leafcount,flyby,7,65,65,0.6821439862,0.3615039885,1.044864058,1.052181,1,0,-1,44625,39047,17,17,14906,38.17450764,13.11245422,512002,0,512002,44625
v1,e7bd16a8ad2be3cb1a245ce7fe4d8ea167164025,direct,octree_leafcount,flyby,7,66,66,0.675999999,0.3647040129,1.041919947,1.048864,1,0,-1,44441,38886,17,17,14799,38.05739855,13.16674382,512002,0,512002,44441
v1,e7bd16a8ad2be3cb1a245ce7fe4d8ea167164025,direct,octree_leafcount,flyby,7,67,67,0.6163520217,0.4916799963,1.109663963,1.116625,1,0,-1,44545,38977,17,17,14792,37.95058624,13.13600328,512002,0,512002,44545
v1,e7bd16a8ad2be3cb1a245ce7fe4d8ea167164025,direct,octree_leafcount,flyby,7,68,68,0.6933119893,0.494592011,1.189504027,1.196934,1,0,-1,45041,39411,17,17,14975,37.99700591,12.99134759,512002,0,512002,45041
v1,e7bd16a8ad2be3cb1a245ce7fe4d8ea167164025,direct,octree_leafcount,flyby,7,69,69,0.6829760075,0.3637439907,1.04796803,1.055775,1,0,-1,44329,38788,17,17,14562,37.54253893,13.20001031,512002,0,512002,44329
v1,e7bd16a8ad2be3cb1a245ce7fe4d8ea167164025,direct,octree_leafcount,flyby,7,70,70,0.6302719712,0.4913600087,1.123263955,1.130519,1,0,-1,44777,39180,17,17,14583,37.22052067,13.06794283,512002,0,512002,44777
v1,e7bd16a8ad2be3cb1a245ce7fe4d8ea167164025,direct,octree_leafcount,flyby,7,71,71,0.6808000207,0.4926719964,1.175711989,1.183233,1,0,-1,45025,39397,17,17,14811,37.59423306,12.99596416,512002,0,512002,45025
v1,e7bd16a8ad2be3cb1a245ce7fe4d8ea167164025,direct,octree_leafcount,flyby,7,72,72,0.621088028,0.3658240139,0.9881280065,0.995247,1,0,-1,44889,39278,17,17,14734,37.51209328,13.03533785,512002,0,512002,44889
v1,e7bd16a8ad2be3cb1a245ce7fe4d8ea167164025,direct,octree_leafcount,flyby,7,73,73,0.6884160042,0.3647679985,1.054399967,1.061402,1,0,-1,44601,39026,17,17,14744,37.77994158,13.11951007,512002,0,512002,44601
v1,e7bd16a8ad2be3cb1a245ce7fe4d8ea167164025,direct,octree_leafcount,flyby,7,74,74,0.6792960167,0.4936639965,1.175199986,1.18181,1,0,-1,44697,39110,17,17,14648,37.45333674,13.09133214,512002,0,512002,44697
v1,e7bd16a8ad2be3cb1a245ce7fe4d8ea167164025,direct,octree_leafcount,flyby,7,75,75,0.6813759804,0.4937599897,1.176352024,1.18359,1,0,-1,44921,39306,17,17,14675,37.33526688,13.026052,512002,0,512002,44921
v1,e7bd16a8ad2be3cb1a245ce7fe4d8ea167164025,direct,octree_leafcount,flyby,7,76,76,0.6175680161,0.3648000062,0.9835839868,0.990093,1,0,-1,44905,39292,17,17,14706,37.42746615,13.03069327,512002,0,512002,44905
v1,e7bd16a8ad2be3cb1a245ce7fe4d8ea167164025,direct,octree_leafcount,flyby,7,77,77,0.6639040112,0.3648320138,1.029983997,1.036971,1,0,-1,44729,39138,17,17,14444,36.90530942,13.08196638,512002,0,512002,44729
v1,e7bd16a8ad2be3cb1a245ce7fe4d8ea167164025,direct,octree_leafcount,flyby,7,78,78,0.6185600162,0.4916160107,1.112447977,1.119488,1,0,-1,44825,39222,17,17,14637,37.31834175,13.05394931,512002,0,512002,44825
v1,e7bd16a8ad2be3cb1a245ce7fe4d8ea167164025,direct,octree_leafcount,flyby,7,79,79,0.6756160259,0.3633599877,1.040192008,1.047371,1,0,-1,44673,39089,17,17,14326,36.64969685,13.09836527,512002,0,512002,44673
v1,e7bd16a8ad2be3cb1a245ce7fe4d8ea167164025,direct,octree_leafcount,flyby,7,80,80,0.6136639714,0.3637759984,0.9786559939,0.985728,1,0,-1,44537,38970,17,17,14200,36.43828586,13.13836284,512002,0,512002,44537
v1,e7bd16a8ad2be3cb1a245ce7fe4d8ea167164025,direct,octree_leafcount,flyby,7,81,81,0.618975997,0.492704004,1.113280058,1.120365,1,0,-1,44697,39110,17,17,14262,36.46637689,13.09133214,512002,0,512002,44697
v1,e7bd16a8ad2be3cb1a245ce7fe4d8ea167164025,direct,octree_leafcount,flyby,7,82,82,0.7388160229,0.3655039966,1.105535984,1.112812,1,0,-1,44465,38907,17,17,14246,36.61551906,13.15963708,512002,0,512002,44465
v1,e7bd16a8ad2be3cb1a245ce7fe4d8ea167164025,direct,octree_leafcount,flyby,7,83,83,0.6146240234,0.3623999953,0.9782400131,0.985239,1,0,-1,44465,38907,17,17,14370,36.93422777,13.15963708,512002,0,512002,44465
v1,e7bd16a8ad2be3cb1a245ce7fe4d8ea167164025,direct,octree_leafcount,flyby,7,84,84,0.6823359728,0.3635840118,1.047168016,1.05396,1,0,-1,44025,38522,17,17,14009,36.36623228,13.2911583,512002,0,512002,44025
v1,e7bd16a8ad2be3cb1a245ce7fe4d8ea167164025,direct,octree_leafcount,flyby,7,85,85,0.6152639985,0.4918079972,1.109312057,1.116151,1,0,-1,44569,38998,17,17,14284,36.62751936,13.12892969,512002,0,512002,44569
v1,e7bd16a8ad2be3cb1a245ce7fe4d8ea167164025,direct,octree_leafcount,flyby,7,86,86,0.7247359753,0.3636800051,1.089759946,1.096484,1,0,-1,44401,38851,17,17,14068,36.21013616,13.17860544,512002,0,512002,44401
v1,e7bd16a8ad2be3cb1a245ce7fe4d8ea167164025,direct,octree_leafcount,flyby,7,87,87,0.6183360219,0.3658559918,0.9855359793,0.992477,1,0,-1,44201,38676,17,17,13950,36.06887993,13.2382356,512002,0,512002,44201
v1,e7bd16a8ad2be3cb1a245ce7fe4d8ea167164025,direct,octree_leafcount,flyby,7,88,88,0.6105279922,0.3657920063,0.9775360227,0.98527,1,0,-1,43793,38319,17,17,13673,35.68203763,13.36156998,512002,0,512002,43793
v1,e7bd16a8ad2be3cb1a245ce7fe4d8ea167164025,direct,octree_leafcount,flyby,7,89,89,0.6850879788,0.4935359955,1.180287957,1.187128,1,0,-1,43993,38494,17,17,13730,35.6678963,13.3008261,512002,0,512002,43993
v1,e7bd16a8ad2be3cb1a245ce7fe4d8ea167164025,direct,octree_leafcount,flyby,7,90,90,0.6838080287,0.3647359908,1.049759984,1.057299,1,0,-1,43937,38445,17,17,13765,35.80439589,13.31777864,512002,0,512002,43937
v1,e7bd16a8ad2be3cb1a245ce7fe4d8ea167164025,direct,octree_leafcount,flyby,7,91,91,0.6910399795,0.4958719909,1.188511968,1.196081,1,0,-1,44345,38802,17,17,13869,35.74300294,13.19524767,512002,0,512002,44345
v1,e7bd16a8ad2be3cb1a245ce7fe4d8ea167164025,direct,octree_leafcount,flyby,7,92,92,0.6083199978,0.3658240139,0.9754559994,0.982797,1,0,-1,43537,38095,17,17,13512,35.46922168,13.4401365,512002,0,512002,43537
v1,e7bd16a8ad2be3cb1a245ce7fe4d8ea167164025,direct,octree_leafcount,flyby,7,93,93,0.6890559793,0.4938879907,1.184543967,1.191821,1,0,-1,43849,38368,17,17,13493,35.16732694,13.34450584,512002,0,512002,43849
v1,e7bd16a8ad2be3cb1a245ce7fe4d8ea167164025,direct,octree_leafcount,flyby,7,94,94,0.619584024,0.3656640053,0.9864640236,1.000997,1,0,-1,43313,37899,17,17,13319,35.14340748,13.50964405,512002,0,512002,43313
v1,e7bd16a8ad2be3cb1a245ce7fe4d8ea167164025,direct,octree_leafcount,flyby,7,95,95,0.6274240017,0.4949119985,1.124575973,1.131792,1,0,-1,43625,38172,17,17,13299,34.83967306,13.41302525,512002,0,512002,43625
v1,e7bd16a8ad2be3cb1a245ce7fe4d8ea167164025,direct,octree_leafcount,flyby,7,96,96,0.6772159934,0.3617599905,1.040223956,1.047475,1,0,-1,43329,37913,17,17,13283,35.03547596,13.5046554,512002,0,512002,43329
v1,e7bd16a8ad2be3cb1a245ce7fe4d8ea167164025,direct,octree_leafcount,flyby,7,97,97,0.6201919913,0.3675520122,0.9889600277,0.996553,1,0,-1,43289,37878,17,17,13180,34.79592376,13.51713396,512002,0,512002,43289
v1,e7bd16a8ad2be3cb1a245ce7fe4d8ea167164025,direct,octree_leafcount,flyby,7,98,98,0.677151978,0.3646720052,1.043071985,1.049797,1,0,-1,43073,37689,17,17,13322,35.34718353,13.58491868,512002,0,512002,43073
v1,e7bd16a8ad2be3cb1a245ce7fe4d8ea167164025,direct,octree_leafcount,flyby,7,99,99,0.610303998,0.4916479886,1.104128003,1.11145,1,0,-1,43121,37731,17,17,13271,35.17266969,13.56979672,512002,0,512002,43121
v1,e7bd16a8ad2be3cb1a245ce7fe4d8ea167164025,direct,octree_leafcount,flyby,7,100,100,0.6317759752,0.4938879907,1.127264023,1.134441,1,0,-1,43753,38284,17,17,13428,35.07470484,13.37378539,512002,0,512002,43753
v1,e7bd16a8ad2be3cb1a245ce7fe4d8ea167164025,direct,octree_leafcount,flyby,7,101,101,0.6111040115,0.3636800051,0.976000011,0.983374,1,0,-1,43369,37948,17,17,13255,34.92937704,13.49219985,512002,0,512002,43369
v1,e7bd16a8ad2be3cb1a245ce7fe4d8ea167164025,direct,octree_leafcount,flyby,7,102,102,0.6682559848,0.4967679977,1.166687965,1.173532,1,0,-1,43377,37955,17,17,12960,34.14569885,13.4897115,512002,0,512002,43377
v1,e7bd16a8ad2be3cb1a245ce7fe4d8ea167164025,direct,octree_leafcount,flyby,7,103,103,0.6713920236,0.3637759984,1.036383986,1.041894,1,0,-1,43161,37766,17,17,13113,34.72170736,13.55722078,512002,0,512002,43161
v1,e7bd16a8ad2be3cb1a245ce7fe4d8ea167164025,direct,octree_leafcount,flyby,7,104,104,0.6403520107,0.4946559966,1.137215972,1.145234,1,0,-1,43497,38060,17,17,13361,35.10509721,13.45249606,512002,0,512002,43497
v1,e7bd16a8ad2be3cb1a245ce7fe4d8ea167164025,direct,octree_leafcount,flyby,7,105,105,0.6756799817,0.3658879995,1.042816043,1.04938,1,0,-1,43441,38011,17,17,13006,34.21641104,13.46983768,512002,0,512002,43441
v1,e7bd16a8ad2be3cb1a245ce7fe4d8ea167164025,direct,octree_leafcount,flyby,7,106,106,0.6175040007,0.365568012,0.9843199849,0.99241,1,0,-1,43041,37661,17,17,12956,34.40163564,13.59501872,512002,0,512002,43041
v1,e7bd16a8ad2be3cb1a245ce7fe4d8ea167164025,direct,octree_leafcount,flyby,7,107,107,0.6901760101,0.4946880043,1.187072039,1.195265,1,0,-1,43609,38158,17,17,13247,34.71618009,13.41794643,512002,0,512002,43609
v1,e7bd16a8ad2be3cb1a245ce7fe4d8ea167164025,direct,octree_leafcount,flyby,7,108,108,0.620480001,0.3637759984,0.9854720235,0.993881,1,0,-1,43289,37878,17,17,13156,34.73256244,13.51713396,512002,0,512002,43289
v1,e7bd16a8ad2be3cb1a245ce7fe4d8ea167164025,direct,octree_leafcount,flyby,7,109,109,0.615967989,0.3636800051,0.9808639884,0.989446,1,0,-1,43017,37640,17,17,12890,34.24548353,13.60260361,512002,0,512002,43017
v1,e7bd16a8ad2be3cb1a245ce7fe4d8ea167164025,direct,octree_leafcount,flyby,7,110,110,0.678655982,0.4912,1.172160029,1.17881,1,0,-1,43161,37766,17,17,13007,34.44103162,13.55722078,512002,0,512002,43161
v1,e7bd16a8ad2be3cb1a245ce7fe4d8ea167164025,direct,octree_leafcount,flyby,7,111,111,0.6136959791,0.4896639884,1.105664015,1.11182,1,0,-1,43185,37787,17,17,13031,34.48540503,13.5496864,512002,0,512002,43185
v1,e7bd16a8ad2be3cb1a245ce7fe4d8ea167164025,direct,octree_leafcount,flyby,7,112,112,0.676256001,0.4902719855,1.168768048,1.176234,1,0,-1,43201,37801,17,17,12828,33.93561017,13.54466813,512002,0,512002,43201
v1,e7bd16a8ad2be3cb1a245ce7fe4d8ea167164025,direct,octree_leafcount,flyby,7,113,113,0.6813439727,0.4958080053,1.179360032,1.187103,1,0,-1,43313,37899,17,17,13016,34.34391409,13.50964405,512002,0,512002,43313
v1,e7bd16a8ad2be3cb1a245ce7fe4d8ea167164025,direct,octree_leafcount,flyby,7,114,114,0.6907839775,0.3633919954,1.055392027,1.063421,1,0,-1,43249,37843,17,17,12938,34.18862141,13.5296356,512002,0,512002,43249
v1,e7bd16a8ad2be3cb1a245ce7fe4d8ea167164025,direct,octree_leafcount,flyby,7,115,115,0.5585280061,0.3637439907,0.9235200286,0.931934,1,0,-1,43105,37717,17,17,12806,33.95285945,13.57483363,512002,0,512002,43105
v1,e7bd16a8ad2be3cb1a245ce7fe4d8ea167164025,direct,octree_leafcount,flyby,7,116,116,0.6098880172,0.4916799963,1.103808045,1.111203,1,0,-1,43153,37759,17,17,12761,33.79591621,13.5597341,512002,0,512002,43153
v1,e7bd16a8ad2be3cb1a245ce7fe4d8ea167164025,direct,octree_leafcount,flyby,7,117,117,0.6762239933,0.4896639884,1.168128014,1.176323,1,0,-1,43273,37864,17,17,12946,34.19078808,13.52213184,512002,0,512002,43273
v1,e7bd16a8ad2be3cb1a245ce7fe4d8ea167164025,direct,octree_leafcount,flyby,7,118,118,0.6169279814,0.4926719964,1.111775994,1.12006,1,0,-1,43497,38060,17,17,12911,33.92275355,13.45249606,512002,0,512002,43497
v1,e7bd16a8ad2be3cb1a245ce7fe4d8ea167164025,direct,octree_leafcount,flyby,7,119,119,0.679008007,0.4946880043,1.175295949,1.184731,1,0,-1,43585,38137,17,17,13008,34.10860844,13.42533498,512002,0,512002,43585
v1,e7bd16a8ad2be3cb1a245ce7fe4d8ea167164025,direct,octree_leafcount,flyby,7,120,120,0.6143680215,0.3675839901,0.9832000136,0.991171,1,0,-1,43545,38102,17,17,13056,34.2659178,13.43766731,512002,0,512002,43545
v1,e7bd16a8ad2be3cb1a245ce7fe4d8ea167164025,direct,octree_leafcount,flyby,7,121,121,0.6066880226,0.3634240031,0.9713600278,0.978072,1,0,-1,43385,37962,17,17,12938,34.08144987,13.48722407,512002,0,512002,43385
v1,e7bd16a8ad2be3cb1a245ce7fe4d8ea167164025,direct,octree_leafcount,flyby,7,122,122,0.6801279783,0.362560004,1.043903947,1.05105,1,0,-1,42897,37535,17,17,12600,33.56866924,13.64065539,512002,0,512002,42897
v1,e7bd16a8ad2be3cb1a245ce7fe4d8ea167164025,direct,octree_leafcount,flyby,7,123,123,0.6165120006,0.4915519953,1.109760046,1.117022,1,0,-1,43329,37913,17,17,12958,34.1782502,13.5046554,512002,0,512002,43329
v1,e7bd16a8ad2be3cb1a245ce7fe4d8ea167164025,direct,octree_leafcount,flyby,7,124,124,0.6969280243,0.4916160107,1.190143943,1.197901,1,0,-1,43465,38032,17,17,12904,33.92932268,13.46240008,512002,0,512002,43465
v1,e7bd16a8ad2be3cb1a245ce7fe4d8ea167164025,direct,octree_leafcount,flyby,7,125,125,0.6179519892,0.3627839983,0.9819840193,0.990536,1,0,-1,43449,38018,17,17,12830,33.74717239,13.46735757,512002,0,512002,43449
v1,e7bd16a8ad2be3cb1a245ce7fe4d8ea167164025,direct,octree_leafcount,flyby,7,126,126,0.6768959761,0.3633919954,1.041504025,1.049095,1,0,-1,43401,37976,17,17,12780,33.65283337,13.48225195,512002,0,512002,43401
v1,e7bd16a8ad2be3cb1a245ce7fe4d8ea167164025,direct,octree_leafcount,flyby,7,127,127,0.6627839804,0.3617599905,1.025792003,1.033547,1,0,-1,43353,37934,17,17,12613,33.24985501,13.49717931,512002,0,512002,43353
v1,e7bd16a8ad2be3cb1a245ce7fe4d8ea167164025,direct,octree_leafcount,flyby,7,128,128,0.6094400287,0.3648000062,0.9754559994,0.982721,1,0,-1,43305,37892,17,17,12622,33.31046131,13.51213977,512002,0,512002,43305
v1,e7bd16a8ad2be3cb1a245ce7fe4d8ea167164025,direct,octree_leafcount,flyby,7,129,129,0.6696000099,0.3615039885,1.032320023,1.040036,1,0,-1,43121,37731,17,17,12694,33.64342318,13.56979672,512002,0,512002,43121
v1,e7bd16a8ad2be3cb1a245ce7fe4d8ea167164025,direct,octree_leafcount,flyby,7,130,130,0.6578879952,0.4916160107,1.151072025,1.157955,1,0,-1,43265,37857,17,17,12705,33.560504,13.52463217,512002,0,512002,43265
v1,e7bd16a8ad2be3cb1a245ce7fe4d8ea167164025,direct,octree_leafcount,flyby,7,131,131,0.6752640009,0.4916799963,1.169376016,1.176432,1,0,-1,43401,37976,17,17,12613,33.21308195,13.48225195,512002,0,512002,43401
v1,e7bd16a8ad2be3cb1a245ce7fe4d8ea167164025,direct,octree_leafcount,flyby,7,132,132,0.6123840213,0.3616000116,0.9752320051,0.982647,1,0,-1,43033,37654,17,17,12449,33.06156052,13.59754608,512002,0,512002,43033
v1,e7bd16a8ad2be3cb1a245ce7fe4d8ea167164025,direct,octree_leafcount,flyby,7,133,133,0.5606719851,0.3638400137,0.9257280231,0.932826,1,0,-1,42961,37591,17,17,12278,32.66207337,13.62033465,512002,0,512002,42961
v1,e7bd16a8ad2be3cb1a245ce7fe4d8ea167164025,direct,octree_leafcount,flyby,7,134,134,0.6892160177,0.491584003,1.18236804,1.18931,1,0,-1,43057,37675,17,17,12404,32.92368945,13.58996682,512002,0,512002,43057
v1,e7bd16a8ad2be3cb1a245ce7fe4d8ea167164025,direct,octree_leafcount,flyby,7,135,135,0.6155200005,0.4904960096,1.108191967,1.114931,1,0,-1,43273,37864,17,17,12398,32.74350306,13.52213184,512002,0,512002,43273
v1,e7bd16a8ad2be3cb1a245ce7fe4d8ea167164025,direct,octree_leafcount,flyby,7,136,136,0.6679360271,0.4918400049,1.161375999,1.167945,1,0,-1,43713,38249,17,17,12664,33.10936234,13.38602316,512002,0,512002,43713
v1,e7bd16a8ad2be3cb1a245ce7fe4d8ea167164025,direct,octree_leafcount,flyby,7,137,137,0.6710079908,0.3648320138,1.037248015,1.044744,1,0,-1,43185,37787,17,17,12581,33.29451928,13.5496864,512002,0,512002,43185
v1,e7bd16a8ad2be3cb1a245ce7fe4d8ea167164025,direct,octree_leafcount,flyby,7,138,138,0.6168959737,0.3635840118,0.9856960177,0.992891,1,0,-1,43073,37689,17,17,12345,32.75491523,13.58491868,512002,0,512002,43073
v1,e7bd16a8ad2be3cb1a245ce7fe4d8ea167164025,direct,octree_leafcount,flyby,7,139,139,0.6763839722,0.4949119985,1.172896028,1.179738,1,0,-1,43617,38165,17,17,12654,33.15603301,13.41548539,512002,0,512002,43617
v1,e7bd16a8ad2be3cb1a245ce7fe4d8ea167164025,direct,octree_leafcount,flyby,7,140,140,0.5984960198,0.3637759984,0.9634879827,0.970583,1,0,-1,43497,38060,17,17,12721,33.42354178,13.45249606,512002,0,512002,43497
v1,e7bd16a8ad2be3cb1a245ce7fe4d8ea167164025,direct,octree_leafcount,flyby,7,141,141,0.6726080179,0.4938879907,1.168095946,1.175505,1,0,-1,43553,38109,17,17,12543,32.913485,13.43519903,512002,0,512002,43553
v1,e7bd16a8ad2be3cb1a245ce7fe4d8ea167164025,direct,octree_leafcount,flyby,7,142,142,0.6019200087,0.3637120128,0.9668480158,0.974465,1,0,-1,43521,38081,17,17,12500,32.82476826,13.4450776,512002,0,512002,43521
v1,e7bd16a8ad2be3cb1a245ce7fe4d8ea167164025,direct,octree_leafcount,flyby,7,143,143,0.6761599779,0.3633280098,1.040704012,1.048054,1,0,-1,43481,38046,17,17,12512,32.88650581,13.45744625,512002,0,512002,43481
v1,e7bd16a8ad2be3cb1a245ce7fe4d8ea167164025,direct,octree_leafcount,flyby,7,144,144,0.6015359759,0.3658559918,0.9686400294,0.975309,1,0,-1,42921,37556,17,17,12251,32.62061987,13.63302801,512002,0,512002,42921
v1,e7bd16a8ad2be3cb1a245ce7fe4d8ea167164025,direct,octree_leafcount,flyby,7,145,145,0.5979520082,0.4917120039,1.09196806,1.099278,1,0,-1,43169,37773,17,17,12443,32.94151907,13.55470839,512002,0,512002,43169
v1,e7bd16a8ad2be3cb1a245ce7fe4d8ea167164025,direct,octree_leafcount,flyby,7,146,146,0.6636480093,0.3626559973,1.027519941,1.034809,1,0,-1,43153,37759,17,17,12284,32.53264122,13.5597341,512002,0,512002,43153
v1,e7bd16a8ad2be3cb1a245ce7fe4d8ea167164025,direct,octree_leafcount,flyby,7,147,147,0.6058239937,0.4908159971,1.098207951,1.104844,1,0,-1,43521,38081,17,17,12474,32.75649274,13.4450776,512002,0,512002,43521
v1,e7bd16a8ad2be3cb1a245ce7fe4d8ea167164025,direct,octree_leafcount,flyby,7,148,148,0.6597120166,0.3594880104,1.020416021,1.025704,1,0,-1,43521,38081,17,17,12566,32.99808303,13.4450776,512002,0,512002,43521
v1,e7bd16a8ad2be3cb1a245ce7fe4d8ea167164025,direct,octree_leafcount,flyby,7,149,149,0.5918719769,0.3617599905,0.9548479915,0.962215,1,0,-1,43225,37822,17,17,12458,32.9385014,13.53714769,512002,0,512002,43225
v1,e7bd16a8ad2be3cb1a245ce7fe4d8ea167164025,direct,octree_leafcount,flyby,7,150,150,0.5955839753,0.4903680086,1.088191986,1.095154,1,0,-1,43393,37969,17,17,12389,32.62925018,13.48473755,512002,0,512002,43393
v1,e7bd16a8ad2be3cb1a245ce7fe4d8ea167164025,direct,octree_leafcount,flyby,7,151,151,0.665727973,0.4928640127,1.15980804,1.167165,1,0,-1,43537,38095,17,17,12407,32.56857855,13.4401365,512002,0,512002,43537
v1,e7bd16a8ad2be3cb1a245ce7fe4d8ea167164025,direct,octree_leafcount,flyby,7,152,152,0.5999360085,0.3627839983,0.963967979,0.971585,1,0,-1,43497,38060,17,17,12509,32.86652654,13.45249606,512002,0,512002,43497
v1,e7bd16a8ad2be3cb1a245ce7fe4d8ea167164025,direct,octree_leafcount,flyby,7,153,153,0.6699200273,0.4897600114,1.161280036,1.168347,1,0,-1,43665,38207,17,17,12555,32.86047059,13.40073808,512002,0,512002,43665
v1,e7bd16a8ad2be3cb1a245ce7fe4d8ea167164025,direct,octree_leafcount,flyby,7,154,154,0.594111979,0.3626239896,0.958047986,0.964968,1,0,-1,43257,37850,17,17,12228,32.30647292,13.52713342,512002,0,512002,43257
v1,e7bd16a8ad2be3cb1a245ce7fe4d8ea167164025,direct,octree_leafcount,flyby,7,155,155,0.6043199897,0.4921280146,1.097663999,1.10566,1,0,-1,43513,38074,17,17,12377,32.50774807,13.44754951,512002,0,512002,43513
v1,e7bd16a8ad2be3cb1a245ce7fe4d8ea167164025,direct,octree_leafcount,flyby,7,156,156,0.6682559848,0.3635199964,1.033023953,1.040353,1,0,-1,43417,37990,17,17,12313,32.41116083,13.4772835,512002,0,512002,43417
v1,e7bd16a8ad2be3cb1a245ce7fe4d8ea167164025,direct,octree_leafcount,flyby,7,157,157,0.6086080074,0.3637759984,0.9735999703,0.981088,1,0,-1,43193,37794,17,17,12313,32.57924538,13.5471768,512002,0,512002,43193
v1,e7bd16a8ad2be3cb1a245ce7fe4d8ea167164025,direct,octree_leafcount,flyby,7,158,158,0.6754879951,0.4895359874,1.16662395,1.173653,1,0,-1,43313,37899,17,17,12254,32.33330695,13.50964405,512002,0,512002,43313
v1,e7bd16a8ad2be3cb1a245ce7fe4d8ea167164025,direct,octree_leafcount,flyby,7,159,159,0.5940480232,0.3628480136,0.9581440091,0.965408,1,0,-1,42817,37465,17,17,11960,31.92312825,13.66614173,512002,0,512002,42817
v1,e7bd16a8ad2be3cb1a245ce7fe4d8ea167164025,direct,octree_leafcount,flyby,7,160,160,0.612160027,0.4923200011,1.105695963,1.112502,1,0,-1,43097,37710,17,17,12020,31.87483426,13.57735349,512002,0,512002,43097
v1,e7bd16a8ad2be3cb1a245ce7fe4d8ea167164025,direct,octree_leafcount,flyby,7,161,161,0.6758080125,0.4886400104,1.166303992,1.17264,1,0,-1,43233,37829,17,17,12227,32.32176373,13.53464273,512002,0,512002,43233
v1,e7bd16a8ad2be3cb1a245ce7fe4d8ea167164025,direct,octree_leafcount,flyby,7,162,162,0.6737599969,0.3635840118,1.038591981,1.046403,1,0,-1,43145,37752,17,17,12101,32.05393092,13.56224836,512002,0,512002,43145
v1,e7bd16a8ad2be3cb1a245ce7fe4d8ea167164025,direct,octree_leafcount,flyby,7,163,163,0.6630399823,0.4933120012,1.157631993,1.163576,1,0,-1,43545,38102,17,17,12278,32.22403023,13.43766731,512002,0,512002,43545
v1,e7bd16a8ad2be3cb1a245ce7fe4d8ea167164025,direct,octree_leafcount,flyby,7,164,164,0.6568959951,0.3634879887,1.021600008,1.028973,1,0,-1,43241,37836,17,17,12047,31.84004652,13.5321387,512002,0,512002,43241
v1,e7bd16a8ad2be3cb1a245ce7fe4d8ea167164025,direct,octree_leafcount,flyby,7,165,165,0.6006399989,0.3617599905,0.9636480212,0.971043,1,0,-1,43137,37745,17,17,12060,31.95125182,13.56476354,512002,0,512002,43137
v1,e7bd16a8ad2be3cb1a245ce7fe4d8ea167164025,direct,octree_leafcount,flyby,7,166,166,0.6626240015,0.3636800051,1.027519941,1.03408,1,0,-1,43105,37717,17,17,11947,31.67537185,13.57483363,512002,0,512002,43105
v1,e7bd16a8ad2be3cb1a245ce7fe4d8ea167164025,direct,octree_leafcount,flyby,7,167,167,0.5954880118,0.3607360125,0.9574400187,0.9642,1,0,-1,43105,37717,17,17,11850,31.41819339,13.57483363,512002,0,512002,43105
v1,e7bd16a8ad2be3cb1a245ce7fe4d8ea167164025,direct,octree_leafcount,flyby,7,168,168,0.660672009,0.3607679904,1.022655964,1.029167,1,0,-1,42745,37402,17,17,11841,31.65873483,13.68916101,512002,0,512002,42745
v1,e7bd16a8ad2be3cb1a245ce7fe4d8ea167164025,direct,octree_leafcount,flyby,7,169,169,0.6025599837,0.4926080108,1.097440004,1.104364,1,0,-1,43025,37647,17,17,11893,31.59083061,13.60007438,512002,0,512002,43025
v1,e7bd16a8ad2be3cb1a245ce7fe4d8ea167164025,direct,octree_leafcount,flyby,7,170,170,0.5975679755,0.3636159897,0.9624000192,0.969607,1,0,-1,43001,37626,17,17,11936,31.72274491,13.60766491,512002,0,512002,43001
v1,e7bd16a8ad2be3cb1a245ce7fe4d8ea167164025,direct,octree_leafcount,flyby,7,171,171,0.6828479767,0.4945279956,1.178976059,1.185516,1,0,-1,43417,37990,17,17,11983,31.54251119,13.4772835,512002,0,512002,43417
v1,e7bd16a8ad2be3cb1a245ce7fe4d8ea167164025,direct,octree_leafcount,flyby,7,172,172,0.5943040252,0.3636479974,0.9591680169,0.965702,1,0,-1,43025,37647,17,17,11688,31.04629851,13.60007438,512002,0,512002,43025
v1,e7bd16a8ad2be3cb1a245ce7fe4d8ea167164025,direct,octree_leafcount,flyby,7,173,173,0.6746879816,0.363808006,1.039711952,1.046921,1,0,-1,42873,37514,17,17,11815,31.49490857,13.6482913,512002,0,512002,42873
v1,e7bd16a8ad2be3cb1a245ce7fe4d8ea167164025,direct,octree_leafcount,flyby,7,174,174,0.6117759943,0.3624959886,0.9754880071,0.982032,1,0,-1,42761,37416,17,17,11711,31.29944409,13.68403891,512002,0,512002,42761
v1,e7bd16a8ad2be3cb1a245ce7fe4d8ea167164025,direct,octree_leafcount,flyby,7,175,175,0.6166399717,0.4912639856,1.109120011,1.11651,1,0,-1,42977,37605,17,17,11892,31.62345433,13.61526393,512002,0,512002,42977
v1,e7bd16a8ad2be3cb1a245ce7fe4d8ea167164025,direct,octree_leafcount,flyby,7,176,176,0.6542400122,0.3638400137,1.01929605,1.026284,1,0,-1,42793,37444,17,17,11647,31.10511697,13.67380622,512002,0,512002,42793
v1,e7bd16a8ad2be3cb1a245ce7fe4d8ea167164025,direct,octree_leafcount,flyby,7,177,177,0.6016960144,0.4905279875,1.093440056,1.100142,1,0,-1,42945,37577,17,17,11799,31.39952631,13.62540916,512002,0,512002,42945
v1,e7bd16a8ad2be3cb1a245ce7fe4d8ea167164025,direct,octree_leafcount,flyby,7,178,178,0.6728960276,0.4902400076,1.165312052,1.171868,1,0,-1,43017,37640,17,17,11796,31.33900106,13.60260361,512002,0,512002,43017
v1,e7bd16a8ad2be3cb1a245ce7fe4d8ea167164025,direct,octree_leafcount,flyby,7,179,179,0.5987840295,0.3645440042,0.9645439982,0.971924,1,0,-1,42641,37311,17,17,11718,31.40628769,13.72254831,512002,0,512002,42641
v1,e7bd16a8ad2be3cb1a245ce7fe4d8ea167164025,direct,octree_leafcount,flyby,7,180,180,0.6112959981,0.4927999973,1.106304049,1.113047,1,0,-1,42985,37612,17,17,11962,31.80367968,13.61272998,512002,0,512002,42985
v1,e7bd16a8ad2be3cb1a245ce7fe4d8ea167164025,direct,octree_leafcount,flyby,7,181,181,0.6770560145,0.3658240139,1.044095993,1.052621,1,0,-1,42905,37542,17,17,11761,31.32757978,13.63811198,512002,0,512002,42905
v1,e7bd16a8ad2be3cb1a245ce7fe4d8ea167164025,direct,octree_leafcount,flyby,7,182,182,0.6071040034,0.3666560054,0.9750080109,0.982314,1,0,-1,42849,37493,17,17,11754,31.34985197,13.65593577,512002,0,512002,42849
v1,e7bd16a8ad2be3cb1a245ce7fe4d8ea167164025,direct,octree_leafcount,flyby,7,183,183,0.6182399988,0.4948799908,1.114719987,1.122049,1,0,-1,43049,37668,17,17,11571,30.71838165,13.5924923,512002,0,512002,43049
v1,e7bd16a8ad2be3cb1a245ce7fe4d8ea167164025,direct,octree_leafcount,flyby,7,184,184,0.6665920019,0.492832005,1.160992026,1.16774,1,0,-1,43129,37738,17,17,11650,30.87074037,13.56727967,512002,0,512002,43129
v1,e7bd16a8ad2be3cb1a245ce7fe4d8ea167164025,direct,octree_leafcount,flyby,7,185,185,0.6037759781,0.3638400137,0.968832016,0.97439,1,0,-1,42769,37423,17,17,11754,31.4084921,13.6814793,512002,0,512002,42769
v1,e7bd16a8ad2be3cb1a245ce7fe4d8ea167164025,direct,octree_leafcount,flyby,7,186,186,0.6714559793,0.3644799888,1.037184,1.044513,1,0,-1,42585,37262,17,17,11593,31.11212495,13.74059363,512002,0,512002,42585
v1,e7bd16a8ad2be3cb1a245ce7fe4d8ea167164025,direct,octree_leafcount,flyby,7,187,187,0.6049919724,0.4948160052,1.101567984,1.108571,1,0,-1,42841,37486,17,17,11811,31.5077629,13.65848583,512002,0,512002,42841
v1,e7bd16a8ad2be3cb1a245ce7fe4d8ea167164025,direct,octree_leafcount,flyby,7,188,188,0.5889279842,0.3638400137,0.9539840221,0.960815,1,0,-1,42289,37003,17,17,11411,30.83804016,13.83676999,512002,0,512002,42289
v1,e7bd16a8ad2be3cb1a245ce7fe4d8ea167164025,direct,octree_leafcount,flyby,7,189,189,0.6708800197,0.4938879907,1.166368008,1.173524,1,0,-1,42473,37164,17,17,11522,31.0031213,13.77682704,512002,0,512002,42473
v1,e7bd16a8ad2be3cb1a245ce7fe4d8ea167164025,direct,octree_leafcount,flyby,7,190,190,0.6044160128,0.362688005,0.9683200121,0.975122,1,0,-1,42297,37010,17,17,11405,30.81599568,13.83415293,512002,0,512002,42297
v1,e7bd16a8ad2be3cb1a245ce7fe4d8ea167164025,direct,octree_leafcount,flyby,7,191,191,0.674751997,0.3637120128,1.039680004,1.04745,1,0,-1,42225,36947,17,17,11323,30.64660189,13.85774217,512002,0,512002,42225
v1,e7bd16a8ad2be3cb1a245ce7fe4d8ea167164025,direct,octree_leafcount,flyby,7,192,192,0.5948160291,0.492832005,1.089823961,1.096724,1,0,-1,42233,36954,17,17,11399,30.84645776,13.85511717,512002,0,512002,42233
v1,e7bd16a8ad2be3cb1a245ce7fe4d8ea167164025,direct,octree_leafcount,flyby,7,193,193,0.5422080159,0.4938240051,1.037760019,1.045015,1,0,-1,42273,36989,17,17,11356,30.70101922,13.84200708,512002,0,512002,42273
v1,e7bd16a8ad2be3cb1a245ce7fe4d8ea167164025,direct,octree_leafcount,flyby,7,194,194,0.6762880087,0.4936639965,1.171551943,1.178033,1,0,-1,42401,37101,17,17,11567,31.17705722,13.80022102,512002,0,512002,42401
v1,e7bd16a8ad2be3cb1a245ce7fe4d8ea167164025,direct,octree_leafcount,flyby,7,195,195,0.6637120247,0.3647359908,1.02966404,1.036252,1,0,-1,42329,37038,17,17,11498,31.04379286,13.82369458,512002,0,512002,42329
v1,e7bd16a8ad2be3cb1a245ce7fe4d8ea167164025,direct,octree_leafcount,flyby,7,196,196,0.6754559875,0.4966720045,1.174304008,1.182723,1,0,-1,42761,37416,17,17,11752,31.40902288,13.68403891,512002,0,512002,42761
v1,e7bd16a8ad2be3cb1a245ce7fe4d8ea167164025,direct,octree_leafcount,flyby,7,197,197,0.5427520275,0.3688639998,0.9128320217,0.921048,1,0,-1,42289,37003,17,17,11372,30.7326433,13.83676999,512002,0,512002,42289
v1,e7bd16a8ad2be3cb1a245ce7fe4d8ea167164025,direct,octree_leafcount,flyby,7,198,198,0.6239359975,0.4960959852,1.121279955,1.129112,1,0,-1,42561,37241,17,17,11525,30.94707446,13.74834188,512002,0,512002,42561
v1,e7bd16a8ad2be3cb1a245ce7fe4d8ea167164025,direct,octree_leafcount,flyby,7,199,199,0.680415988,0.4958719909,1.178496003,1.185741,1,0,-1,42577,37255,17,17,11385,30.55965642,13.74317541,512002,0,512002,42577
v1,e7bd16a8ad2be3cb1a245ce7fe4d8ea167164025,direct,octree_leafcount,flyby,7,200,200,0.6166080236,0.4939520061,1.112864017,1.12066,1,0,-1,42641,37311,17,17,11427,30.62635684,13.72254831,512002,0,512002,42641
v1,e7bd16a8ad2be3cb1a245ce7fe4d8ea167164025,direct,octree_leafcount,flyby,7,201,201,0.674495995,0.3665600121,1.042271972,1.050002,1,0,-1,42481,37171,17,17,11405,30.68252132,13.7742326,512002,0,512002,42481
v1,e7bd16a8ad2be3cb1a245ce7fe4d8ea167164025,direct,octree_leafcount,flyby,7,202,202,0.6073600054,0.3677760065,0.9763839841,0.983605,1,0,-1,42305,37017,17,17,11259,30.41575492,13.83153686,512002,0,512002,42305
v1,e7bd16a8ad2be3cb1a245ce7fe4d8ea167164025,direct,octree_leafcount,flyby,7,203,203,0.6020479798,0.4937599897,1.097408056,1.104744,1,0,-1,42393,37094,17,17,11467,30.91335526,13.80282525,512002,0,512002,42393
v1,e7bd16a8ad2be3cb1a245ce7fe4d8ea167164025,direct,octree_leafcount,flyby,7,204,204,0.6658560038,0.3658240139,1.032896042,1.040276,1,0,-1,42297,37010,17,17,11400,30.80248581,13.83415293,512002,0,512002,42297
v1,e7bd16a8ad2be3cb1a245ce7fe4d8ea167164025,direct,octree_leafcount,flyby,7,205,205,0.6204479933,0.4985280037,1.120576024,1.127224,1,0,-1,42825,37472,17,17,11629,31.0338386,13.66358881,512002,0,512002,42825
v1,e7bd16a8ad2be3cb1a245ce7fe4d8ea167164025,direct,octree_leafcount,flyby,7,206,206,0.5419200063,0.3664000034,0.9095680118,0.916842,1,0,-1,42609,37283,17,17,11431,30.66008637,13.73285412,512002,0,512002,42609
v1,e7bd16a8ad2be3cb1a245ce7fe4d8ea167164025,direct,octree_leafcount,flyby,7,207,207,0.6758720279,0.4959039986,1.173375964,1.180491,1,0,-1,42881,37521,17,17,11488,30.61752085,13.64574505,512002,0,512002,42881
v1,e7bd16a8ad2be3cb1a245ce7fe4d8ea167164025,direct,octree_leafcount,flyby,7,208,208,0.6066560149,0.3647359908,0.9726079702,0.979654,1,0,-1,42489,37178,17,17,11347,30.52073807,13.77163914,512002,0,512002,42489
v1,e7bd16a8ad2be3cb1a245ce7fe4d8ea167164025,direct,octree_leafcount,flyby,7,209,209,0.6770240068,0.3669120073,1.045184016,1.053034,1,0,-1,42281,36996,17,17,11314,30.58168451,13.83938804,512002,0,512002,42281
v1,e7bd16a8ad2be3cb1a245ce7fe4d8ea167164025,direct,octree_leafcount,flyby,7,210,210,0.6072000265,0.3685440123,0.9769920111,0.983604,1,0,-1,42169,36898,17,17,11217,30.40002168,13.87614505,512002,0,512002,42169
v1,e7bd16a8ad2be3cb1a245ce7fe4d8ea167164025,direct,octree_leafcount,flyby,7,211,211,0.6008960009,0.4950720072,1.09721601,1.104131,1,0,-1,42241,36961,17,17,11176,30.23727713,13.85249317,512002,0,512002,42241
v1,e7bd16a8ad2be3cb1a245ce7fe4d8ea167164025,direct,octree_leafcount,flyby,7,212,212,0.6617280245,0.492832005,1.156159997,1.162525,1,0,-1,42449,37143,17,17,11392,30.67065127,13.78461621,512002,0,512002,42449
v1,e7bd16a8ad2be3cb1a245ce7fe4d8ea167164025,direct,octree_leafcount,flyby,7,213,213,0.612416029,0.3658240139,0.9794880152,0.985132,1,0,-1,42185,36912,17,17,11341,30.72442566,13.8708821,512002,0,512002,42185
v1,e7bd16a8ad2be3cb1a245ce7fe4d8ea167164025,direct,octree_leafcount,flyby,7,214,214,0.6932160258,0.4943999946,1.189216018,1.196471,1,0,-1,42193,36919,17,17,11377,30.81611095,13.86825212,512002,0,512002,42193
v1,e7bd16a8ad2be3cb1a245ce7fe4d8ea167164025,direct,octree_leafcount,flyby,7,215,215,0.6011199951,0.4948480129,1.098176003,1.105224,1,0,-1,42249,36968,17,17,11279,30.51017096,13.84987016,512002,0,512002,42249
v1,e7bd16a8ad2be3cb1a245ce7fe4d8ea167164025,direct,octree_leafcount,flyby,7,216,216,0.610912025,0.4957759976,1.10828805,1.115813,1,0,-1,42377,37080,17,17,11505,31.02750809,13.80803668,512002,0,512002,42377
v1,e7bd16a8ad2be3cb1a245ce7fe4d8ea167164025,direct,octree_leafcount,flyby,7,217,217,0.655008018,0.4955199957,1.153247952,1.15856,1,0,-1,42457,37150,17,17,11317,30.46298789,13.78201884,512002,0,512002,42457
v1,e7bd16a8ad2be3cb1a245ce7fe4d8ea167164025,direct,octree_leafcount,flyby,7,218,218,0.6053760052,0.36531201,0.9719359875,0.978449,1,0,-1,42393,37094,17,17,11293,30.4442767,13.80282525,512002,0,512002,42393
v1,e7bd16a8ad2be3cb1a245ce7fe4d8ea167164025,direct,octree_leafcount,flyby,7,219,219,0.6874560118,0.4946239889,1.184383988,1.189729,1,0,-1,42657,37325,17,17,11349,30.40589417,13.71740121,512002,0,512002,42657
v1,e7bd16a8ad2be3cb1a245ce7fe4d8ea167164025,direct,octree_leafcount,flyby,7,220,220,0.6673920155,0.3668799996,1.035519958,1.043042,1,0,-1,42513,37199,17,17,11352,30.51694938,13.76386462,512002,0,512002,42513
v1,e7bd16a8ad2be3cb1a245ce7fe4d8ea167164025,direct,octree_leafcount,flyby,7,221,221,0.6096320152,0.3685120046,0.9793919921,0.986791,1,0,-1,42513,37199,17,17,11514,30.95244496,13.76386462,512002,0,512002,42513
v1,e7bd16a8ad2be3cb1a245ce7fe4d8ea167164025,direct,octree_leafcount,flyby,7,222,222,0.668479979,0.3675200045,1.037215948,1.04457,1,0,-1,42425,37122,17,17,11356,30.59102419,13.7924142,512002,0,512002,42425
v1,e7bd16a8ad2be3cb1a245ce7fe4d8ea167164025,direct,octree_leafcount,flyby,7,223,223,0.6088640094,0.3657920063,0.9758719802,0.983785,1,0,-1,42337,37045,17,17,11349,30.63571332,13.82108247,512002,0,512002,42337
v1,e7bd16a8ad2be3cb1a245ce7fe4d8ea167164025,direct,octree_leafcount,flyby,7,224,224,0.5845760107,0.3668479919,0.952639997,0.9602,1,0,-1,41953,36709,17,17,11153,30.3821951,13.94758779,512002,0,512002,41953
v1,e7bd16a8ad2be3cb1a245ce7fe4d8ea167164025,direct,octree_leafcount,flyby,7,225,225,0.6893439889,0.495840013,1.186784029,1.194216,1,0,-1,41985,36737,17,17,11224,30.55230422,13.93695729,512002,0,512002,41985
v1,e7bd16a8ad2be3cb1a245ce7fe4d8ea167164025,direct,octree_leafcount,flyby,7,226,226,0.6037120223,0.366719991,0.9726399779,0.978721,1,0,-1,41273,36114,17,17,10788,29.87207177,14.17738273,512002,0,512002,41273
v1,e7bd16a8ad2be3cb1a245ce7fe4d8ea167164025,direct,octree_leafcount,flyby,7,227,227,0.6774399877,0.4935359955,1.17315197,1.180364,1,0,-1,41489,36303,17,17,10930,30.1077046,14.10357271,512002,0,512002,41489
v1,e7bd16a8ad2be3cb1a245ce7fe4d8ea167164025,direct,octree_leafcount,flyby,7,228,228,0.5333120227,0.4958719909,1.030879974,1.037552,1,0,-1,42033,36779,17,17,11007,29.92740423,13.9210419,512002,0,512002,42033
v1,e7bd16a8ad2be3cb1a245ce7fe4d8ea167164025,direct,octree_leafcount,flyby,7,229,229,0.6020799875,0.3666880131,0.969983995,0.976548,1,0,-1,42009,36758,17,17,11028,30.0016323,13.92899505,512002,0,512002,42009
v1,e7bd16a8ad2be3cb1a245ce7fe4d8ea167164025,direct,octree_leafcount,flyby,7,230,230,0.6781119704,0.4956479967,1.175359964,1.182232,1,0,-1,42097,36835,17,17,10999,29.86018732,13.89987783,512002,0,512002,42097
v1,e7bd16a8ad2be3cb1a245ce7fe4d8ea167164025,direct,octree_leafcount,flyby,7,231,231,0.608799994,0.3676159978,0.9776639938,0.985826,1,0,-1,41961,36716,17,17,11040,30.06863493,13.94492864,512002,0,512002,41961
v1,e7bd16a8ad2be3cb1a245ce7fe4d8ea167164025,direct,octree_leafcount,flyby,7,232,232,0.6123520136,0.4979520142,1.112543941,1.119881,1,0,-1,42289,37003,17,17,11043,29.8435262,13.83676999,512002,0,512002,42289
v1,e7bd16a8ad2be3cb1a245ce7fe4d8ea167164025,direct,octree_leafcount,flyby,7,233,233,0.6693120003,0.4966720045,1.167583942,1.174311,1,0,-1,42425,37122,17,17,11143,30.01724045,13.7924142,512002,0,512002,42425
v1,e7bd16a8ad2be3cb1a245ce7fe4d8ea167164025,direct,octree_leafcount,flyby,7,234,234,0.6144959927,0.3667519987,0.9824960232,0.9892,1,0,-1,42217,36940,17,17,10990,29.75094748,13.86036816,512002,0,512002,42217
v1,e7bd16a8ad2be3cb1a245ce7fe4d8ea167164025,direct,octree_leafcount,flyby,7,235,235,0.6191040277,0.3657279909,0.9860799909,0.992783,1,0,-1,42017,36765,17,17,10910,29.6749626,13.92634299,512002,0,512002,42017
v1,e7bd16a8ad2be3cb1a245ce7fe4d8ea167164025,direct,octree_leafcount,flyby,7,236,236,0.5976960063,0.3624640107,0.9614080191,0.968192,1,0,-1,41985,36737,17,17,10930,29.75202112,13.93695729,512002,0,512002,41985
v1,e7bd16a8ad2be3cb1a245ce7fe4d8ea167164025,direct,octree_leafcount,flyby,7,237,237,0.6592959762,0.3667840064,1.027295947,1.03419,1,0,-1,41865,36632,17,17,10810,29.50971828,13.97690544,512002,0,512002,41865
v1,e7bd16a8ad2be3cb1a245ce7fe4d8ea167164025,direct,octree_leafcount,flyby,7,238,238,0.6731520295,0.3635840118,1.037984014,1.045157,1,0,-1,41497,36310,17,17,10918,30.06885156,14.10085376,512002,0,512002,41497
v1,e7bd16a8ad2be3cb1a245ce7fe4d8ea167164025,direct,octree_leafcount,flyby,7,239,239,0.6088320017,0.492832005,1.103871942,1.110713,1,0,-1,41665,36457,17,17,10918,29.94760951,14.04399704,512002,0,512002,41665
v1,e7bd16a8ad2be3cb1a245ce7fe4d8ea167164025,direct,octree_leafcount,flyby,7,240,240,0.682528019,0.4948480129,1.178943992,1.185336,1,0,-1,42145,36877,17,17,11152,30.24107167,13.88404697,512002,0,512002,42145
v1,e7bd16a8ad2be3cb1a245ce7fe4d8ea167164025,direct,octree_leafcount,flyby,7,241,241,0.5338559747,0.3648000062,0.899872005,0.906497,1,0,-1,41769,36548,17,17,10846,29.67604246,14.00902922,512002,0,512002,41769
v1,e7bd16a8ad2be3cb1a245ce7fe4d8ea167164025,direct,octree_leafcount,flyby,7,242,242,0.6030079722,0.492704004,1.097311974,1.104527,1,0,-1,41897,36660,17,17,10921,29.78996181,13.96623022,512002,0,512002,41897
v1,e7bd16a8ad2be3cb1a245ce7fe4d8ea167164025,direct,octree_leafcount,flyby,7,243,243,0.6617599726,0.3637120128,1.026720047,1.033843,1,0,-1,41769,36548,17,17,10896,29.81284886,14.00902922,512002,0,512002,41769
v1,e7bd16a8ad2be3cb1a245ce7fe4d8ea167164025,direct,octree_leafcount,flyby,7,244,244,0.5983999968,0.4922879934,1.091904044,1.098648,1,0,-1,41873,36639,17,17,11002,30.02811212,13.9742351,512002,0,512002,41873
v1,e7bd16a8ad2be3cb1a245ce7fe4d8ea167164025,direct,octree_leafcount,flyby,7,245,245,0.5995839834,0.3647679985,0.9656000137,0.973185,1,0,-1,41521,36331,17,17,10828,29.80374886,14.0927032,512002,0,512002,41521
v1,e7bd16a8ad2be3cb1a245ce7fe4d8ea167164025,direct,octree_leafcount,flyby,7,246,246,0.6809599996,0.4941439927,1.176319957,1.181811,1,0,-1,41921,36681,17,17,10954,29.86287179,13.95823451,512002,0,512002,41921
v1,e7bd16a8ad2be3cb1a245ce7fe4d8ea167164025,direct,octree_leafcount,flyby,7,247,247,0.6041600108,0.3626239896,0.9680320024,0.974847,1,0,-1,41593,36394,17,17,10750,29.53783591,14.06830796,512002,0,512002,41593
v1,e7bd16a8ad2be3cb1a245ce7fe4d8ea167164025,direct,octree_leafcount,flyby,7,248,248,0.6847680211,0.495359987,1.181344032,1.188504,1,0,-1,41897,36660,17,17,11024,30.07092199,13.96623022,512002,0,512002,41897
v1,e7bd16a8ad2be3cb1a245ce7fe4d8ea167164025,direct,octree_leafcount,flyby,7,249,249,0.6054400206,0.4926399887,1.099647999,1.106391,1,0,-1,41977,36730,17,17,10995,29.93465832,13.9396134,512002,0,512002,41977
v1,e7bd16a8ad2be3cb1a245ce7fe4d8ea167164025,direct,octree_leafcount,flyby,7,250,250,0.5960639715,0.4908480048,1.088127971,1.093639,1,0,-1,42081,36821,17,17,11047,30.00190109,13.90516281,512002,0,512002,42081
v1,e7bd16a8ad2be3cb1a245ce7fe4d8ea167164025,direct,octree_leafcount,flyby,7,251,251,0.6751679778,0.4957759976,1.172544003,1.17971,1,0,-1,42105,36842,17,17,10972,29.78122795,13.89723685,512002,0,512002,42105
v1,e7bd16a8ad2be3cb1a245ce7fe4d8ea167164025,direct,octree_leafcount,flyby,7,252,252,0.6055679917,0.4928640127,1.100191951,1.106722,1,0,-1,42201,36926,17,17,11089,30.03033093,13.86562314,512002,0,512002,42201
v1,e7bd16a8ad2be3cb1a245ce7fe4d8ea167164025,direct,octree_leafcount,flyby,7,253,253,0.6007040143,0.4950399995,1.096992016,1.104309,1,0,-1,42321,37031,17,17,11026,29.77505333,13.82630769,512002,0,512002,42321
v1,e7bd16a8ad2be3cb1a245ce7fe4d8ea167164025,direct,octree_leafcount,flyby,7,254,254,0.6655039787,0.3667519987,1.033504009,1.039818,1,0,-1,42305,37017,17,17,11088,29.95380501,13.83153686,512002,0,512002,42305
v1,e7bd16a8ad2be3cb1a245ce7fe4d8ea167164025,direct,octree_leafcount,flyby,7,255,255,0.6007040143,0.3636479974,0.9656959772,0.972702,1,0,-1,42089,36828,17,17,10961,29.76268057,13.90251982,512002,0,512002,42089
v1,e7bd16a8ad2be3cb1a245ce7fe4d8ea167164025,direct,octree_leafcount,flyby,7,256,256,0.6898239851,0.4924800098,1.184479952,1.19089,1,0,-1,42513,37199,17,17,11146,29.96317105,13.76386462,512002,0,512002,42513
v1,e7bd16a8ad2be3cb1a245ce7fe4d8ea167164025,direct,octree_leafcount,flyby,7,257,257,0.6055039763,0.3657599986,0.9724799991,0.979602,1,0,-1,42457,37150,17,17,11109,29.90309556,13.78201884,512002,0,512002,42457
v1,e7bd16a8ad2be3cb1a245ce7fe4d8ea167164025,direct,octree_leafcount,flyby,7,258,258,0.5500479937,0.3636479974,0.9149119854,0.922262,1,0,-1,42337,37045,17,17,11093,29.9446619,13.82108247,512002,0,512002,42337
v1,e7bd16a8ad2be3cb1a245ce7fe4d8ea167164025,direct,octree_leafcount,flyby,7,259,259,0.6698880196,0.3648959994,1.036031961,1.041684,1,0,-1,42193,36919,17,17,11172,30.2608413,13.86825212,512002,0,512002,42193
v1,e7bd16a8ad2be3cb1a245ce7fe4d8ea167164025,direct,octree_leafcount,flyby,7,260,260,0.5894719958,0.4920319915,1.082784057,1.088182,1,0,-1,42353,37059,17,17,11141,30.06287272,13.81586119,512002,0,512002,42353
v1,e7bd16a8ad2be3cb1a245ce7fe4d8ea167164025,direct,octree_leafcount,flyby,7,261,261,0.6703040004,0.3627519906,1.034271955,1.041513,1,0,-1,42241,36961,17,17,11118,30.08035497,13.85249317,512002,0,512002,42241
v1,e7bd16a8ad2be3cb1a245ce7fe4d8ea167164025,direct,octree_leafcount,flyby,7,262,262,0.6026239991,0.4942399859,1.098080039,1.105493,1,0,-1,42345,37052,17,17,11002,29.69340386,13.81847134,512002,0,512002,42345
v1,e7bd16a8ad2be3cb1a245ce7fe4d8ea167164025,direct,octree_leafcount,flyby,7,263,263,0.6100159883,0.3637759984,0.9750080109,0.981995,1,0,-1,42001,36751,17,17,10983,29.88490109,13.93164812,512002,0,512002,42001
v1,e7bd16a8ad2be3cb1a245ce7fe4d8ea167164025,direct,octree_leafcount,flyby,7,264,264,0.6748800278,0.4948480129,1.171327949,1.178311,1,0,-1,42065,36807,17,17,10862,29.5106909,13.91045182,512002,0,512002,42065
v1,e7bd16a8ad2be3cb1a245ce7fe4d8ea167164025,direct,octree_leafcount,flyby,7,265,265,0.5974079967,0.3627519906,0.9613760114,0.968608,1,0,-1,41785,36562,17,17,10861,29.70570538,14.00366501,512002,0,512002,41785
v1,e7bd16a8ad2be3cb1a245ce7fe4d8ea167164025,direct,octree_leafcount,flyby,7,266,266,0.5976639986,0.4935680032,1.093567967,1.100667,1,0,-1,41921,36681,17,17,10761,29.33671383,13.95823451,512002,0,512002,41921
v1,e7bd16a8ad2be3cb1a245ce7fe4d8ea167164025,direct,octree_leafcount,flyby,7,267,267,0.6853439808,0.492832005,1.179967999,1.186982,1,0,-1,41977,36730,17,17,10959,29.83664579,13.9396134,512002,0,512002,41977
v1,e7bd16a8ad2be3cb1a245ce7fe4d8ea167164025,direct,octree_leafcount,flyby,7,268,268,0.6050879955,0.3644799888,0.9707840085,0.977901,1,0,-1,41921,36681,17,17,10939,29.82197868,13.95823451,512002,0,512002,41921
v1,e7bd16a8ad2be3cb1a245ce7fe4d8ea167164025,direct,octree_leafcount,flyby,7,269,269,0.6662719846,0.4943679869,1.161856055,1.168808,1,0,-1,42081,36821,17,17,10846,29.45601695,13.90516281,512002,0,512002,42081
v1,e7bd16a8ad2be3cb1a245ce7fe4d8ea167164025,direct,octree_leafcount,flyby,7,270,270,0.5923519731,0.3636479974,0.9572160244,0.964831,1,0,-1,41857,36625,17,17,10802,29.49351536,13.97957679,512002,0,512002,41857
v1,e7bd16a8ad2be3cb1a245ce7fe4d8ea167164025,direct,octree_leafcount,flyby,7,271,271,0.5999040008,0.4918400049,1.093951941,1.100675,1,0,-1,42001,36751,17,17,10960,29.82231776,13.93164812,512002,0,512002,42001
v1,e7bd16a8ad2be3cb1a245ce7fe4d8ea167164025,direct,octree_leafcount,flyby,7,272,272,0.6701120138,0.3646720052,1.036000013,1.043488,1,0,-1,41833,36604,17,17,10668,29.14435581,13.98759698,512002,0,512002,41833
v1,e7bd16a8ad2be3cb1a245ce7fe4d8ea167164025,direct,octree_leafcount,flyby,7,273,273,0.6064320207,0.4976319969,1.105280042,1.111925,1,0,-1,42049,36793,17,17,11056,30.04919414,13.91574484,512002,0,512002,42049
v1,e7bd16a8ad2be3cb1a245ce7fe4d8ea167164025,direct,octree_leafcount,flyby,7,274,274,0.5341439843,0.3645440042,0.9008640051,0.906226,1,0,-1,41929,36688,17,17,10863,29.6091365,13.9555713,512002,0,512002,41929
v1,e7bd16a8ad2be3cb1a245ce7fe4d8ea167164025,direct,octree_leafcount,flyby,7,275,275,0.6762239933,0.494336009,1.171776056,1.179257,1,0,-1,42129,36863,17,17,10919,29.62048667,13.88931991,512002,0,512002,42129
v1,e7bd16a8ad2be3cb1a245ce7fe4d8ea167164025,direct,octree_leafcount,flyby,7,276,276,0.5991359949,0.3647359908,0.9650880098,0.971322,1,0,-1,41897,36660,17,17,10710,29.21440262,13.96623022,512002,0,512002,41897
v1,e7bd16a8ad2be3cb1a245ce7fe4d8ea167164025,direct,octree_leafcount,flyby,7,277,277,0.6719040275,0.4907520115,1.164255977,1.1708,1,0,-1,41953,36709,17,17,10849,29.55406031,13.94758779,512002,0,512002,41953
v1,e7bd16a8ad2be3cb1a245ce7fe4d8ea167164025,direct,octree_leafcount,flyby,7,278,278,0.6064640284,0.3647040129,0.972383976,0.979433,1,0,-1,41793,36569,17,17,10736,29.35819957,14.00098444,512002,0,512002,41793
v1,e7bd16a8ad2be3cb1a245ce7fe4d8ea167164025,direct,octree_leafcount,flyby,7,279,279,0.6104000211,0.4937919974,1.105792046,1.112832,1,0,-1,41833,36604,17,17,10814,29.54321932,13.98759698,512002,0,512002,41833
v1,e7bd16a8ad2be3cb1a245ce7fe4d8ea167164025,direct,octree_leafcount,flyby,7,280,280,0.6731839776,0.4924480021,1.167840004,1.174745,1,0,-1,41873,36639,17,17,10723,29.26662846,13.9742351,512002,0,512002,41873
v1,e7bd16a8ad2be3cb1a245ce7fe4d8ea167164025,direct,octree_leafcount,flyby,7,281,281,0.6142399907,0.494336009,1.109791994,1.116855,1,0,-1,42225,36947,17,17,10931,29.58562265,13.85774217,512002,0,512002,42225
v1,e7bd16a8ad2be3cb1a245ce7fe4d8ea167164025,direct,octree_leafcount,flyby,7,282,282,0.541343987,0.3779839873,0.9205440283,0.927874,1,0,-1,41649,36443,17,17,10734,29.45421617,14.0493922,512002,0,512002,41649
v1,e7bd16a8ad2be3cb1a245ce7fe4d8ea167164025,direct,octree_leafcount,flyby,7,283,283,0.671487987,0.3617280126,1.034432054,1.041507,1,0,-1,41561,36366,17,17,10715,29.46433482,14.07913986,512002,0,512002,41561
v1,e7bd16a8ad2be3cb1a245ce7fe4d8ea167164025,direct,octree_leafcount,flyby,7,284,284,0.6144319773,0.4941760004,1.109823942,1.117085,1,0,-1,41625,36422,17,17,10665,29.28175279,14.05749272,512002,0,512002,41625
v1,e7bd16a8ad2be3cb1a245ce7fe4d8ea167164025,direct,octree_leafcount,flyby,7,285,285,0.6784639955,0.4927360117,1.173408031,1.179999,1,0,-1,41641,36436,17,17,10814,29.67943792,14.05209134,512002,0,512002,41641
v1,e7bd16a8ad2be3cb1a245ce7fe4d8ea167164025,direct,octree_leafcount,flyby,7,286,286,0.5954239964,0.4915519953,1.088608027,1.095201,1,0,-1,41657,36450,17,17,10652,29.22359396,14.0466941,512002,0,512002,41657
v1,e7bd16a8ad2be3cb1a245ce7fe4d8ea167164025,direct,octree_leafcount,flyby,7,287,287,0.6199039817,0.4950399995,1.116160035,1.124114,1,0,-1,41865,36632,17,17,10909,29.77997379,13.97690544,512002,0,512002,41865
v1,e7bd16a8ad2be3cb1a245ce7fe4d8ea167164025,direct,octree_leafcount,flyby,7,288,288,0.6700159907,0.4936639965,1.166015983,1.173171,1,0,-1,42129,36863,17,17,10875,29.50112579,13.88931991,512002,0,512002,42129
v1,e7bd16a8ad2be3cb1a245ce7fe4d8ea167164025,direct,octree_leafcount,flyby,7,289,289,0.6128640175,0.3646720052,0.9791039824,0.984917,1,0,-1,42105,36842,17,17,10822,29.37408393,13.89723685,512002,0,512002,42105
v1,e7bd16a8ad2be3cb1a245ce7fe4d8ea167164025,direct,octree_leafcount,flyby,7,290,290,0.5315840244,0.3636159897,0.8964480162,0.903668,1,0,-1,41785,36562,17,17,10642,29.10672283,14.00366501,512002,0,512002,41785
v1,e7bd16a8ad2be3cb1a245ce7fe4d8ea167164025,direct,octree_leafcount,flyby,7,291,291,0.6634560227,0.4907200038,1.155807972,1.162766,1,0,-1,41905,36667,17,17,10791,29.42973246,13.96356397,512002,0,512002,41905
v1,e7bd16a8ad2be3cb1a245ce7fe4d8ea167164025,direct,octree_leafcount,flyby,7,292,292,0.6049600244,0.3645440042,0.9707840085,0.977341,1,0,-1,41569,36373,17,17,10684,29.37343634,14.07643032,512002,0,512002,41569
v1,e7bd16a8ad2be3cb1a245ce7fe4d8ea167164025,direct,octree_leafcount,flyby,7,293,293,0.692192018,0.4917120039,1.18550396,1.192849,1,0,-1,41697,36485,17,17,10647,29.18185556,14.03321913,512002,0,512002,41697
v1,e7bd16a8ad2be3cb1a245ce7fe4d8ea167164025,direct,octree_leafcount,flyby,7,294,294,0.6028479934,0.4937280118,1.09878397,1.105916,1,0,-1,42017,36765,17,17,10673,29.03032776,13.92634299,512002,0,512002,42017
v1,e7bd16a8ad2be3cb1a245ce7fe4d8ea167164025,direct,octree_leafcount,flyby,7,295,295,0.6029120088,0.3635199964,0.9676480293,0.974554,1,0,-1,41857,36625,17,17,10827,29.56177474,13.97957679,512002,0,512002,41857
v1,e7bd16a8ad2be3cb1a245ce7fe4d8ea167164025,direct,octree_leafcount,flyby,7,296,296,0.6553599834,0.4925439954,1.149503946,1.154982,1,0,-1,41873,36639,17,17,10742,29.31848577,13.9742351,512002,0,512002,41873
v1,e7bd16a8ad2be3cb1a245ce7fe4d8ea167164025,direct,octree_leafcount,flyby,7,297,297,0.7586560249,0.3935039937,1.15455997,1.171903,1,0,-1,41857,36625,17,17,10789,29.45802048,13.97957679,512002,0,512002,41857
v1,e7bd16a8ad2be3cb1a245ce7fe4d8ea167164025,direct,octree_leafcount,flyby,7,298,298,0.5463359952,0.3637120128,0.91129601,0.917992,1,0,-1,41833,36604,17,17,10588,28.92580046,13.98759698,512002,0,512002,41833
v1,e7bd16a8ad2be3cb1a245ce7fe4d8ea167164025,direct,octree_leafcount,flyby,7,299,299,0.6947839856,0.4955840111,1.191967964,1.19956,1,0,-1,42049,36793,17,17,10758,29.23925747,13.91574484,512002,0,512002,42049
v1,e7bd16a8ad2be3cb1a245ce7fe4d8ea167164025,direct,octree_leafcount,flyby,7,300,300,0.6135360003,0.3658240139,0.9806079865,0.988348,1,0,-1,42033,36779,17,17,10795,29.35098834,13.9210419,512002,0,512002,42033
v1,e7bd16a8ad2be3cb1a245ce7fe4d8ea167164025,direct,octree_leafcount,flyby,7,301,301,0.6768959761,0.3657599986,1.043871999,1.051406,1,0,-1,42009,36758,17,17,10700,29.10930954,13.92899505,512002,0,512002,42009
v1,e7bd16a8ad2be3cb1a245ce7fe4d8ea167164025,direct,octree_leafcount,flyby,7,302,302,0.611199975,0.3635199964,0.9759359956,0.982908,1,0,-1,41961,36716,17,17,10699,29.13988452,13.94492864,512002,0,512002,41961
v1,e7bd16a8ad2be3cb1a245ce7fe4d8ea167164025,direct,octree_leafcount,flyby,7,303,303,0.6774399877,0.4950079918,1.173663974,1.181121,1,0,-1,42193,36919,17,17,10796,29.24239551,13.86825212,512002,0,512002,42193
v1,e7bd16a8ad2be3cb1a245ce7fe4d8ea167164025,direct,octree_leafcount,flyby,7,304,304,0.6807360053,0.3648320138,1.046911955,1.053674,1,0,-1,42153,36884,17,17,10816,29.32436829,13.88141199,512002,0,512002,42153
v1,e7bd16a8ad2be3cb1a245ce7fe4d8ea167164025,direct,octree_leafcount,flyby,7,305,305,0.6068159938,0.3626559973,0.9706879854,0.976805,1,0,-1,42153,36884,17,17,10850,29.41654918,13.88141199,512002,0,512002,42153
v1,e7bd16a8ad2be3cb1a245ce7fe4d8ea167164025,direct,octree_leafcount,flyby,7,306,306,0.5398719907,0.491456002,1.033087969,1.039833,1,0,-1,42345,37052,17,17,10890,29.39112599,13.81847134,512002,0,512002,42345
v1,e7bd16a8ad2be3cb1a245ce7fe4d8ea167164025,direct,octree_leafcount,flyby,7,307,307,0.6895040274,0.495615989,1.186815977,1.193164,1,0,-1,42577,37255,17,17,11010,29.55308012,13.74317541,512002,0,512002,42577
v1,e7bd16a8ad2be3cb1a245ce7fe4d8ea167164025,direct,octree_leafcount,flyby,7,308,308,0.5940799713,0.3657279909,0.961055994,0.967065,1,0,-1,42473,37164,17,17,10952,29.46937897,13.77682704,512002,0,512002,42473
v1,e7bd16a8ad2be3cb1a245ce7fe4d8ea167164025,direct,octree_leafcount,flyby,7,309,309,0.6039360166,0.3648000062,0.9699519873,0.977781,1,0,-1,42337,37045,17,17,10944,29.54244837,13.82108247,512002,0,512002,42337
v1,e7bd16a8ad2be3cb1a245ce7fe4d8ea167164025,direct,octree_leafcount,flyby,7,310,310,0.6831359863,0.4925439954,1.177312016,1.184132,1,0,-1,42409,37108,17,17,10956,29.52463081,13.79761776,512002,0,512002,42409
v1,e7bd16a8ad2be3cb1a245ce7fe4d8ea167164025,direct,octree_leafcount,flyby,7,311,311,0.6108160019,0.3669120073,0.9789440036,0.986431,1,0,-1,42409,37108,17,17,11023,29.70518487,13.79761776,512002,0,512002,42409
v1,e7bd16a8ad2be3cb1a245ce7fe4d8ea167164025,direct,octree_leafcount,flyby,7,312,312,0.6818879843,0.3666880131,1.049792051,1.057124,1,0,-1,42281,36996,17,17,10871,29.38425776,13.83938804,512002,0,512002,42281
v1,e7bd16a8ad2be3cb1a245ce7fe4d8ea167164025,direct,octree_leafcount,flyby,7,313,313,0.5383039713,0.3646720052,0.9041919708,0.911437,1,0,-1,42057,36800,17,17,10595,28.79076087,13.91309783,512002,0,512002,42057
v1,e7bd16a8ad2be3cb1a245ce7fe4d8ea167164025,direct,octree_leafcount,flyby,7,314,314,0.6121919751,0.4943679869,1.108160019,1.114987,1,0,-1,42105,36842,17,17,10747,29.17051192,13.89723685,512002,0,512002,42105
v1,e7bd16a8ad2be3cb1a245ce7fe4d8ea167164025,direct,octree_leafcount,flyby,7,315,315,0.6586239934,0.4968320131,1.157663941,1.165019,1,0,-1,42129,36863,17,17,10683,28.98027833,13.88931991,512002,0,512002,42129
v1,e7bd16a8ad2be3cb1a245ce7fe4d8ea167164025,direct,octree_leafcount,flyby,7,316,316,0.6056960225,0.4937919974,1.101119995,1.107821,1,0,-1,42137,36870,17,17,10831,29.3761866,13.88668294,512002,0,512002,42137
v1,e7bd16a8ad2be3cb1a245ce7fe4d8ea167164025,direct,octree_leafcount,flyby,7,317,317,0.5973439813,0.3636800051,0.9622719884,0.969838,1,0,-1,41593,36394,17,17,10538,28.95532231,14.06830796,512002,0,512002,41593
v1,e7bd16a8ad2be3cb1a245ce7fe4d8ea167164025,direct,octree_leafcount,flyby,7,318,318,0.6802560091,0.5090879798,1.190976024,1.198053,1,0,-1,41689,36478,17,17,10570,28.97636932,14.03591206,512002,0,512002,41689
v1,e7bd16a8ad2be3cb1a245ce7fe4d8ea167164025,direct,octree_leafcount,flyby,7,319,319,0.6096640229,0.3636159897,0.974496007,0.98188,1,0,-1,41601,36401,17,17,10552,28.98821461,14.06560259,512002,0,512002,41601
v1,e7bd16a8ad2be3cb1a245ce7fe4d8ea167164025,direct,octree_leafcount,flyby,7,320,320,0.6842560172,0.4946559966,1.180960059,1.188256,1,0,-1,41921,36681,17,17,10762,29.33944004,13.95823451,512002,0,512002,41921
v1,e7bd16a8ad2be3cb1a245ce7fe4d8ea167164025,direct,octree_leafcount,flyby,7,321,321,0.547712028,0.3669120073,0.9158400297,0.923036,1,0,-1,41569,36373,17,17,10473,28.79333572,14.07643032,512002,0,512002,41569
v1,e7bd16a8ad2be3cb1a245ce7fe4d8ea167164025,direct,octree_leafcount,flyby,7,322,322,0.5957120061,0.3626559973,0.9595839977,0.966178,1,0,-1,41561,36366,17,17,10492,28.85112468,14.07913986,512002,0,512002,41561
v1,e7bd16a8ad2be3cb1a245ce7fe4d8ea167164025,direct,octree_leafcount,flyby,7,323,323,0.6775680184,0.4927999973,1.172672033,1.179424,1,0,-1,41721,36506,17,17,10517,28.80896291,14.02514655,512002,0,512002,41721
v1,e7bd16a8ad2be3cb1a245ce7fe4d8ea167164025,direct,octree_leafcount,flyby,7,324,324,0.6632000208,0.4915199876,1.156288028,1.163668,1,0,-1,41881,36646,17,17,10722,29.25830923,13.97156579,512002,0,512002,41881
v1,e7bd16a8ad2be3cb1a245ce7fe4d8ea167164025,direct,octree_leafcount,flyby,7,325,325,0.528768003,0.3658559918,0.8958399892,0.903217,1,0,-1,41633,36429,17,17,10557,28.97965906,14.05479151,512002,0,512002,41633
v1,e7bd16a8ad2be3cb1a245ce7fe4d8ea167164025,direct,octree_leafcount,flyby,7,326,326,0.6794239879,0.4933120012,1.174335957,1.180975,1,0,-1,41785,36562,17,17,10671,29.18604015,14.00366501,512002,0,512002,41785
v1,e7bd16a8ad2be3cb1a245ce7fe4d8ea167164025,direct,octree_leafcount,flyby,7,327,327,0.6151999831,0.492832005,1.109663963,1.116427,1,0,-1,41961,36716,17,17,10660,29.0336638,13.94492864,512002,0,512002,41961
v1,e7bd16a8ad2be3cb1a245ce7fe4d8ea167164025,direct,octree_leafcount,flyby,7,328,328,0.6662399769,0.4918400049,1.159711957,1.165575,1,0,-1,42201,36926,17,17,10698,28.97145643,13.86562314,512002,0,512002,42201
v1,e7bd16a8ad2be3cb1a245ce7fe4d8ea167164025,direct,octree_leafcount,flyby,7,329,329,0.5892800093,0.3658879995,0.9563840032,0.962284,1,0,-1,41889,36653,17,17,10634,29.01263198,13.9688975,512002,0,512002,41889
v1,e7bd16a8ad2be3cb1a245ce7fe4d8ea167164025,direct,octree_leafcount,flyby,7,330,330,0.593216002,0.4935039878,1.088960052,1.094379,1,0,-1,42073,36814,17,17,10654,28.94007714,13.90780681,512002,0,512002,42073
v1,e7bd16a8ad2be3cb1a245ce7fe4d8ea167164025,direct,octree_leafcount,flyby,7,331,331,0.67059201,0.4932479858,1.16505599,1.172362,1,0,-1,42113,36849,17,17,10747,29.16497056,13.89459687,512002,0,512002,42113
v1,e7bd16a8ad2be3cb1a245ce7fe4d8ea167164025,direct,octree_leafcount,flyby,7,332,332,0.6686400175,0.4938560128,1.164095998,1.170973,1,0,-1,42129,36863,17,17,10639,28.86091745,13.88931991,512002,0,512002,42129
v1,e7bd16a8ad2be3cb1a245ce7fe4d8ea167164025,direct,octree_leafcount,flyby,7,333,333,0.553919971,0.492832005,1.048352003,1.055606,1,0,-1,42225,36947,17,17,10749,29.09302514,13.85774217,512002,0,512002,42225
v1,e7bd16a8ad2be3cb1a245ce7fe4d8ea167164025,direct,octree_leafcount,flyby,7,334,334,0.6633920074,0.3678080142,1.032448053,1.039977,1,0,-1,41993,36744,17,17,10602,28.8536904,13.9343022,512002,0,512002,41993
v1,e7bd16a8ad2be3cb1a245ce7fe4d8ea167164025,direct,octree_leafcount,flyby,7,335,335,0.5997760296,0.4917440116,1.093984008,1.099199,1,0,-1,42273,36989,17,17,10776,29.13298548,13.84200708,512002,0,512002,42273
v1,e7bd16a8ad2be3cb1a245ce7fe4d8ea167164025,direct,octree_leafcount,flyby,7,336,336,0.6186879873,0.3658240139,0.9857599735,0.993049,1,0,-1,41969,36723,17,17,10559,28.75309751,13.94227051,512002,0,512002,41969
v1,e7bd16a8ad2be3cb1a245ce7fe4d8ea167164025,direct,octree_leafcount,flyby,7,337,337,0.6692799926,0.4916799963,1.162624002,1.168934,1,0,-1,42041,36786,17,17,10637,28.91589192,13.91839287,512002,0,512002,42041
v1,e7bd16a8ad2be3cb1a245ce7fe4d8ea167164025,direct,octree_leafcount,flyby,7,338,338,0.604287982,0.3647040129,0.9702399969,0.977028,1,0,-1,41897,36660,17,17,10536,28.73977087,13.96623022,512002,0,512002,41897
v1,e7bd16a8ad2be3cb1a245ce7fe4d8ea167164025,direct,octree_leafcount,flyby,7,339,339,0.6538879871,0.3645119965,1.019647956,1.026768,1,0,-1,41721,36506,17,17,10560,28.92675177,14.02514655,512002,0,512002,41721
v1,e7bd16a8ad2be3cb1a245ce7fe4d8ea167164025,direct,octree_leafcount,flyby,7,340,340,0.5245119929,0.3637439907,0.8895040154,0.896431,1,0,-1,41321,36156,17,17,10287,28.45170926,14.16091382,512002,0,512002,41321
v1,e7bd16a8ad2be3cb1a245ce7fe4d8ea167164025,direct,octree_leafcount,flyby,7,341,341,0.6223999858,0.4927679896,1.117696047,1.124978,1,0,-1,41641,36436,17,17,10505,28.83137556,14.05209134,512002,0,512002,41641
v1,e7bd16a8ad2be3cb1a245ce7fe4d8ea167164025,direct,octree_leafcount,flyby,7,342,342,0.6716480255,0.3647040129,1.037567973,1.044801,1,0,-1,41609,36408,17,17,10443,28.68325643,14.06289826,512002,0,512002,41609
v1,e7bd16a8ad2be3cb1a245ce7fe4d8ea167164025,direct,octree_leafcount,flyby,7,343,343,0.6129919887,0.4936639965,1.10828805,1.116117,1,0,-1,41785,36562,17,17,10586,28.95355834,14.00366501,512002,0,512002,41785
v1,e7bd16a8ad2be3cb1a245ce7fe4d8ea167164025,direct,octree_leafcount,flyby,7,344,344,0.5371519923,0.3648320138,0.9031999707,0.910447,1,0,-1,41633,36429,17,17,10494,28.80671992,14.05479151,512002,0,512002,41633
v1,e7bd16a8ad2be3cb1a245ce7fe4d8ea167164025,direct,octree_leafcount,flyby,7,345,345,0.6675519943,0.492832005,1.16208005,1.168843,1,0,-1,41801,36576,17,17,10682,29.20494313,13.9983049,512002,0,512002,41801
v1,e7bd16a8ad2be3cb1a245ce7fe4d8ea167164025,direct,octree_leafcount,flyby,7,346,346,0.6039360166,0.4935039878,1.09907198,1.106044,1,0,-1,41905,36667,17,17,10520,28.69064827,13.96356397,512002,0,512002,41905
v1,e7bd16a8ad2be3cb1a245ce7fe4d8ea167164025,direct,octree_leafcount,flyby,7,347,347,0.6782400012,0.4924480021,1.172351956,1.179408,1,0,-1,42025,36772,17,17,10511,28.58424889,13.92369194,512002,0,512002,42025
v1,e7bd16a8ad2be3cb1a245ce7fe4d8ea167164025,direct,octree_leafcount,flyby,7,348,348,0.5981760025,0.3664320111,0.965824008,0.973638,1,0,-1,41857,36625,17,17,10396,28.38498294,13.97957679,512002,0,512002,41857
v1,e7bd16a8ad2be3cb1a245ce7fe4d8ea167164025,direct,octree_leafcount,flyby,7,349,349,0.6182079911,0.3667840064,0.9862400293,0.993584,1,0,-1,41713,36499,17,17,10372,28.41721691,14.02783638,512002,0,512002,41713
v1,e7bd16a8ad2be3cb1a245ce7fe4d8ea167164025,direct,octree_leafcount,flyby,7,350,350,0.6687679887,0.3652800024,1.035295963,1.042338,1,0,-1,41609,36408,17,17,10358,28.44979125,14.06289826,512002,0,512002,41609
v1,e7bd16a8ad2be3cb1a245ce7fe4d8ea167164025,direct,octree_leafcount,flyby,7,351,351,0.5381439924,0.3648320138,0.9041919708,0.91006,1,0,-1,41601,36401,17,17,10345,28.41954891,14.06560259,512002,0,512002,41601
v1,e7bd16a8ad2be3cb1a245ce7fe4d8ea167164025,direct,octree_leafcount,flyby,7,352,352,0.6002879739,0.4941760004,1.095679998,1.102301,1,0,-1,41769,36548,17,17,10547,28.85794024,14.00902922,512002,0,512002,41769
v1,e7bd16a8ad2be3cb1a245ce7fe4d8ea167164025,direct,octree_leafcount,flyby,7,353,353,0.655008018,0.3628799915,1.019104004,1.024652,1,0,-1,41449,36268,17,17,10365,28.57891254,14.11718319,512002,0,512002,41449
v1,e7bd16a8ad2be3cb1a245ce7fe4d8ea167164025,direct,octree_leafcount,flyby,7,354,354,0.611552,0.4936960042,1.106848001,1.11391,1,0,-1,41857,36625,17,17,10610,28.96928328,13.97957679,512002,0,512002,41857
v1,e7bd16a8ad2be3cb1a245ce7fe4d8ea167164025,direct,octree_leafcount,flyby,7,355,355,0.5315520167,0.3647679985,0.8975359797,0.904363,1,0,-1,41513,36324,17,17,10502,28.9120141,14.09541901,512002,0,512002,41513
v1,e7bd16a8ad2be3cb1a245ce7fe4d8ea167164025,direct,octree_leafcount,flyby,7,356,356,0.6613759995,0.4930559993,1.155647993,1.161163,1,0,-1,41897,36660,17,17,10584,28.87070376,13.96623022,512002,0,512002,41897
v1,e7bd16a8ad2be3cb1a245ce7fe4d8ea167164025,direct,octree_leafcount,flyby,7,357,357,0.5991359949,0.3648320138,0.965215981,0.971746,1,0,-1,41625,36422,17,17,10551,28.96875515,14.05749272,512002,0,512002,41625
v1,e7bd16a8ad2be3cb1a245ce7fe4d8ea167164025,direct,octree_leafcount,flyby,7,358,358,0.6691200137,0.492832005,1.163200021,1.169872,1,0,-1,41833,36604,17,17,10587,28.92306852,13.98759698,512002,0,512002,41833
v1,e7bd16a8ad2be3cb1a245ce7fe4d8ea167164025,direct,octree_leafcount,flyby,7,359,359,0.6051520109,0.3646079898,0.9710080028,0.977672,1,0,-1,41745,36527,17,17,10473,28.6719413,14.01708325,512002,0,512002,41745
v1,e7bd16a8ad2be3cb1a245ce7fe4d8ea167164025,direct,octree_leafcount,flyby,7,360,360,0.5985280275,0.4935039878,1.093631983,1.10075,1,0,-1,41841,36611,17,17,10636,29.051378,13.98492256,512002,0,512002,41841
v1,e7bd16a8ad2be3cb1a245ce7fe4d8ea167164025,direct,octree_leafcount,flyby,7,361,361,0.6843839884,0.4959360063,1.182528019,1.189886,1,0,-1,42009,36758,17,17,10535,28.66042766,13.92899505,512002,0,512002,42009
v1,e7bd16a8ad2be3cb1a245ce7fe4d8ea167164025,direct,octree_leafcount,flyby,7,362,362,0.612703979,0.366719991,0.9806399941,0.987821,1,0,-1,41745,36527,17,17,10427,28.54600706,14.01708325,512002,0,512002,41745
v1,e7bd16a8ad2be3cb1a245ce7fe4d8ea167164025,direct,octree_leafcount,flyby,7,363,363,0.5332480073,0.3657279909,0.9001920223,0.906865,1,0,-1,41713,36499,17,17,10347,28.34872188,14.02783638,512002,0,512002,41713
v1,e7bd16a8ad2be3cb1a245ce7fe4d8ea167164025,direct,octree_leafcount,flyby,7,364,364,0.6722880006,0.4937919974,1.167808056,1.174481,1,0,-1,41769,36548,17,17,10389,28.42563205,14.00902922,512002,0,512002,41769
v1,e7bd16a8ad2be3cb1a245ce7fe4d8ea167164025,direct,octree_leafcount,flyby,7,365,365,0.6073279977,0.492704004,1.101696014,1.10837,1,0,-1,41953,36709,17,17,10475,28.53523659,13.94758779,512002,0,512002,41953
v1,e7bd16a8ad2be3cb1a245ce7fe4d8ea167164025,direct,octree_leafcount,flyby,7,366,366,0.611199975,0.366719991,0.9792320132,0.98657,1,0,-1,41617,36415,17,17,10327,28.35919264,14.06019497,512002,0,512002,41617
v1,e7bd16a8ad2be3cb1a245ce7fe4d8ea167164025,direct,octree_leafcount,flyby,7,367,367,0.6767359972,0.3647679985,1.04271996,1.050539,1,0,-1,41321,36156,17,17,10299,28.48489877,14.16091382,512002,0,512002,41321
v1,e7bd16a8ad2be3cb1a245ce7fe4d8ea167164025,direct,octree_leafcount,flyby,7,368,368,0.5961279869,0.3678719997,0.965215981,0.972594,1,0,-1,41121,35981,17,17,10181,28.29548929,14.22978794,512002,0,512002,41121
v1,e7bd16a8ad2be3cb1a245ce7fe4d8ea167164025,direct,octree_leafcount,flyby,7,369,369,0.6626880169,0.4936639965,1.157951951,1.165169,1,0,-1,41577,36380,17,17,10299,28.30951072,14.07372183,512002,0,512002,41577
v1,e7bd16a8ad2be3cb1a245ce7fe4d8ea167164025,direct,octree_leafcount,flyby,7,370,370,0.5334079862,0.3646720052,0.8992959857,0.905915,1,0,-1,41369,36198,17,17,10226,28.25017957,14.14448312,512002,0,512002,41369
v1,e7bd16a8ad2be3cb1a245ce7fe4d8ea167164025,direct,octree_leafcount,flyby,7,371,371,0.5959039927,0.3657920063,0.9629120231,0.970474,1,0,-1,41337,36170,17,17,10263,28.37434338,14.15543268,512002,0,512002,41337
v1,e7bd16a8ad2be3cb1a245ce7fe4d8ea167164025,direct,octree_leafcount,flyby,7,372,372,0.6606079936,0.4927999973,1.155616045,1.162415,1,0,-1,41593,36394,17,17,10315,28.34258394,14.06830796,512002,0,512002,41593
v1,e7bd16a8ad2be3cb1a245ce7fe4d8ea167164025,direct,octree_leafcount,flyby,7,373,373,0.5963519812,0.36659199,0.9641919732,0.972131,1,0,-1,41513,36324,17,17,10297,28.34764894,14.09541901,512002,0,512002,41513
v1,e7bd16a8ad2be3cb1a245ce7fe4d8ea167164025,direct,octree_leafcount,flyby,7,374,374,0.551263988,0.4947200119,1.048032045,1.055051,1,0,-1,41681,36471,17,17,10193,27.94823284,14.03860602,512002,0,512002,41681
v1,e7bd16a8ad2be3cb1a245ce7fe4d8ea167164025,direct,octree_leafcount,flyby,7,375,375,0.6694080234,0.3658879995,1.036512017,1.044281,1,0,-1,41481,36296,17,17,10226,28.17390346,14.1062927,512002,0,512002,41481
v1,e7bd16a8ad2be3cb1a245ce7fe4d8ea167164025,direct,octree_leafcount,flyby,7,376,376,0.6068800092,0.4938240051,1.102272034,1.109533,1,0,-1,41777,36555,17,17,10399,28.4475448,14.0063466,512002,0,512002,41777
v1,e7bd16a8ad2be3cb1a245ce7fe4d8ea167164025,direct,octree_leafcount,flyby,7,377,377,0.6037759781,0.3657279909,0.9707199931,0.977992,1,0,-1,41297,36135,17,17,10155,28.10294728,14.16914349,512002,0,512002,41297
v1,e7bd16a8ad2be3cb1a245ce7fe4d8ea167164025,direct,octree_leafcount,flyby,7,378,378,0.6724479795,0.3663040102,1.039999962,1.047314,1,0,-1,41185,36037,17,17,10196,28.29314316,14.20767544,512002,0,512002,41185
v1,e7bd16a8ad2be3cb1a245ce7fe4d8ea167164025,direct,octree_leafcount,flyby,7,379,379,0.6109759808,0.4957759976,1.108384013,1.115403,1,0,-1,41409,36233,17,17,10223,28.21461099,14.13081997,512002,0,512002,41409
v1,e7bd16a8ad2be3cb1a245ce7fe4d8ea167164025,direct,octree_leafcount,flyby,7,380,380,0.6745600104,0.4938240051,1.170047998,1.177051,1,0,-1,41417,36240,17,17,10182,28.09602649,14.12809051,512002,0,512002,41417
v1,e7bd16a8ad2be3cb1a245ce7fe4d8ea167164025,direct,octree_leafcount,flyby,7,381,381,0.5374720097,0.3658240139,0.9045760036,0.912102,1,0,-1,41105,35967,17,17,10015,27.844969,14.23532683,512002,0,512002,41105
v1,e7bd16a8ad2be3cb1a245ce7fe4d8ea167164025,direct,octree_leafcount,flyby,7,382,382,0.5948160291,0.3654080033,0.9614400268,0.968706,1,0,-1,41017,35890,17,17,10167,28.32822513,14.26586793,512002,0,512002,41017
v1,e7bd16a8ad2be3cb1a245ce7fe4d8ea167164025,direct,octree_leafcount,flyby,7,383,383,0.6482239962,0.4933759868,1.143776059,1.150033,1,0,-1,41129,35988,17,17,10016,27.83149939,14.22702012,512002,0,512002,41129
v1,e7bd16a8ad2be3cb1a245ce7fe4d8ea167164025,direct,octree_leafcount,flyby,7,384,384,0.6068800092,0.4917759895,1.100255966,1.107215,1,0,-1,41241,36086,17,17,10037,27.81411074,14.18838331,512002,0,512002,41241
v1,e7bd16a8ad2be3cb1a245ce7fe4d8ea167164025,direct,octree_leafcount,flyby,7,385,385,0.5413119793,0.4938560128,1.037536025,1.044487,1,0,-1,41273,36114,17,17,10009,27.71501357,14.17738273,512002,0,512002,41273
v1,e7bd16a8ad2be3cb1a245ce7fe4d8ea167164025,direct,octree_leafcount,flyby,7,386,386,0.6830719709,0.4937599897,1.178431988,1.18408,1,0,-1,41657,36450,17,17,10104,27.72016461,14.0466941,512002,0,512002,41657
v1,e7bd16a8ad2be3cb1a245ce7fe4d8ea167164025,direct,octree_leafcount,flyby,7,387,387,0.6040639877,0.4927360117,1.098368049,1.104988,1,0,-1,41681,36471,17,17,10337,28.34306709,14.03860602,512002,0,512002,41681
v1,e7bd16a8ad2be3cb1a245ce7fe4d8ea167164025,direct,octree_leafcount,flyby,7,388,388,0.5992959738,0.3658879995,0.9664000273,0.974068,1,0,-1,41305,36142,17,17,10037,27.77101433,14.1663992,512002,0,512002,41305
v1,e7bd16a8ad2be3cb1a245ce7fe4d8ea167164025,direct,octree_leafcount,flyby,7,389,389,0.6683520079,0.3658240139,1.035392046,1.042636,1,0,-1,41201,36051,17,17,10145,28.14068958,14.20215805,512002,0,512002,41201
v1,e7bd16a8ad2be3cb1a245ce7fe4d8ea167164025,direct,octree_leafcount,flyby,7,390,390,0.6019200087,0.3655360043,0.9687039852,0.976288,1,0,-1,40977,35855,17,17,10097,28.16064705,14.27979361,512002,0,512002,40977
v1,e7bd16a8ad2be3cb1a245ce7fe4d8ea167164025,direct,octree_leafcount,flyby,7,391,391,0.668192029,0.4928640127,1.162688017,1.170291,1,0,-1,41233,36079,17,17,10219,28.32395576,14.19113612,512002,0,512002,41233
v1,e7bd16a8ad2be3cb1a245ce7fe4d8ea167164025,direct,octree_leafcount,flyby,7,392,392,0.531423986,0.363808006,0.8964480162,0.903184,1,0,-1,41217,36065,17,17,10031,27.81366976,14.19664495,512002,0,512002,41217
v1,e7bd16a8ad2be3cb1a245ce7fe4d8ea167164025,direct,octree_leafcount,flyby,7,393,393,0.6085119843,0.4938240051,1.103968024,1.11129,1,0,-1,41257,36100,17,17,10134,28.07202216,14.18288089,512002,0,512002,41257
v1,e7bd16a8ad2be3cb1a245ce7fe4d8ea167164025,direct,octree_leafcount,flyby,7,394,394,0.6655359864,0.3647040129,1.031455994,1.038681,1,0,-1,41137,35995,17,17,10099,28.05667454,14.22425337,512002,0,512002,41137
v1,e7bd16a8ad2be3cb1a245ce7fe4d8ea167164025,direct,octree_leafcount,flyby,7,395,395,0.5997760296,0.4948799908,1.096832037,1.10409,1,0,-1,41401,36226,17,17,10135,27.97714349,14.13355049,512002,0,512002,41401
v1,e7bd16a8ad2be3cb1a245ce7fe4d8ea167164025,direct,octree_leafcount,flyby,7,396,396,0.5284799933,0.3668799996,0.8965759873,0.903662,1,0,-1,41161,36016,17,17,10083,27.99589072,14.21595957,512002,0,512002,41161
v1,e7bd16a8ad2be3cb1a245ce7fe4d8ea167164025,direct,octree_leafcount,flyby,7,397,397,0.6899840236,0.4988799989,1.191264033,1.198455,1,0,-1,41529,36338,17,17,10041,27.63223072,14.08998844,512002,0,512002,41529
v1,e7bd16a8ad2be3cb1a245ce7fe4d8ea167164025,direct,octree_leafcount,flyby,7,398,398,0.6162559986,0.3677439988,0.9852160215,0.993703,1,0,-1,41417,36240,17,17,10137,27.9718543,14.12809051,512002,0,512002,41417
v1,e7bd16a8ad2be3cb1a245ce7fe4d8ea167164025,direct,octree_leafcount,flyby,7,399,399,0.5975679755,0.3665280044,0.9653120041,0.972459,1,0,-1,41025,35897,17,17,9872,27.50090537,14.26308605,512002,0,512002,41025
v1,e7bd16a8ad2be3cb1a245ce7fe4d8ea167164025,direct,octree_leafcount,flyby,7,400,400,0.662176013,0.4943040013,1.157727957,1.164237,1,0,-1,41233,36079,17,17,10179,28.21308795,14.19113612,512002,0,512002,41233
v1,e7bd16a8ad2be3cb1a245ce7fe4d8ea167164025,direct,octree_leafcount,flyby,7,401,401,0.6074879766,0.3657920063,0.974496007,0.981271,1,0,-1,41217,36065,17,17,10110,28.0327187,14.19664495,512002,0,512002,41217
v1,e7bd16a8ad2be3cb1a245ce7fe4d8ea167164025,direct,octree_leafcount,flyby,7,402,402,0.6616640091,0.4957759976,1.15923202,1.166773,1,0,-1,41521,36331,17,17,10283,28.30365253,14.0927032,512002,0,512002,41521
v1,e7bd16a8ad2be3cb1a245ce7fe4d8ea167164025,direct,octree_leafcount,flyby,7,403,403,0.5373439789,0.3637759984,0.9023360014,0.93105,1,0,-1,41257,36100,17,17,10014,27.73961219,14.18288089,512002,0,512002,41257
v1,e7bd16a8ad2be3cb1a245ce7fe4d8ea167164025,direct,octree_leafcount,flyby,7,404,404,0.6059520245,0.3653759956,0.9725440145,0.979983,1,0,-1,41137,35995,17,17,9993,27.76218919,14.22425337,512002,0,512002,41137
v1,e7bd16a8ad2be3cb1a245ce7fe4d8ea167164025,direct,octree_leafcount,flyby,7,405,405,0.6725440025,0.4947839975,1.169631958,1.177019,1,0,-1,41313,36149,17,17,10000,27.66328253,14.16365598,512002,0,512002,41313
v1,e7bd16a8ad2be3cb1a245ce7fe4d8ea167164025,direct,octree_leafcount,flyby,7,406,406,0.6065599918,0.4952960014,1.10345602,1.110367,1,0,-1,41537,36345,17,17,9975,27.44531572,14.08727473,512002,0,512002,41537
v1,e7bd16a8ad2be3cb1a245ce7fe4d8ea167164025,direct,octree_leafcount,flyby,7,407,407,0.5322880149,0.3668799996,0.9004160166,0.908214,1,0,-1,41161,36016,17,17,10025,27.83485118,14.21595957,512002,0,512002,41161
v1,e7bd16a8ad2be3cb1a245ce7fe4d8ea167164025,direct,octree_leafcount,flyby,7,408,408,0.6672959924,0.3658240139,1.034335971,1.041214,1,0,-1,41089,35953,17,17,9865,27.43860039,14.24087002,512002,0,512002,41089
v1,e7bd16a8ad2be3cb1a245ce7fe4d8ea167164025,direct,octree_leafcount,flyby,7,409,409,0.5984960198,0.4959360063,1.096063972,1.103405,1,0,-1,41137,35995,17,17,9950,27.64272816,14.22425337,512002,0,512002,41137
v1,e7bd16a8ad2be3cb1a245ce7fe4d8ea167164025,direct,octree_leafcount,flyby,7,410,410,0.5225920081,0.3636159897,0.8874559999,0.894676,1,0,-1,40753,35659,17,17,9721,27.26100003,14.35828262,512002,0,512002,40753
v1,e7bd16a8ad2be3cb1a245ce7fe4d8ea167164025,direct,octree_leafcount,flyby,7,411,411,0.6811839938,0.4937280118,1.176159978,1.183944,1,0,-1,40921,35806,17,17,10008,27.9506228,14.29933531,512002,0,512002,40921
v1,e7bd16a8ad2be3cb1a245ce7fe4d8ea167164025,direct,octree_leafcount,flyby,7,412,412,0.5934720039,0.4938560128,1.088927984,1.095629,1,0,-1,41001,35876,17,17,9939,27.70375739,14.27143494,512002,0,512002,41001
v1,e7bd16a8ad2be3cb1a245ce7fe4d8ea167164025,direct,octree_leafcount,flyby,7,413,413,0.655807972,0.494336009,1.151360035,1.158197,1,0,-1,41113,35974,17,17,9902,27.52543504,14.23255685,512002,0,512002,41113
v1,e7bd16a8ad2be3cb1a245ce7fe4d8ea167164025,direct,octree_leafcount,flyby,7,414,414,0.5999680161,0.3645440042,0.9657279849,0.972583,1,0,-1,40865,35757,17,17,9846,27.5358671,14.31893056,512002,0,512002,40865
v1,e7bd16a8ad2be3cb1a245ce7fe4d8ea167164025,direct,octree_leafcount,flyby,7,415,415,0.5903360248,0.4917440116,1.083711982,1.089937,1,0,-1,41009,35883,17,17,9930,27.67327147,14.26865089,512002,0,512002,41009
v1,e7bd16a8ad2be3cb1a245ce7fe4d8ea167164025,direct,octree_leafcount,flyby,7,416,416,0.6552960277,0.4927679896,1.150239944,1.157291,1,0,-1,41121,35981,17,17,10024,27.85914788,14.22978794,512002,0,512002,41121
v1,e7bd16a8ad2be3cb1a245ce7fe4d8ea167164025,direct,octree_leafcount,flyby,7,417,417,0.538335979,0.492704004,1.03263998,1.039864,1,0,-1,41265,36107,17,17,9930,27.50159249,14.18013128,512002,0,512002,41265
v1,e7bd16a8ad2be3cb1a245ce7fe4d8ea167164025,direct,octree_leafcount,flyby,7,418,418,0.5966719985,0.3656640053,0.9635519981,0.970411,1,0,-1,41105,35967,17,17,10036,27.90335585,14.23532683,512002,0,512002,41105
v1,e7bd16a8ad2be3cb1a245ce7fe4d8ea167164025,direct,octree_leafcount,flyby,7,419,419,0.6664639711,0.3638400137,1.031520009,1.038827,1,0,-1,40985,35862,17,17,9975,27.81495734,14.2770063,512002,0,512002,40985
v1,e7bd16a8ad2be3cb1a245ce7fe4d8ea167164025,direct,octree_leafcount,flyby,7,420,420,0.5996479988,0.363808006,0.964672029,0.971633,1,0,-1,40985,35862,17,17,10079,28.10495789,14.2770063,512002,0,512002,40985
v1,e7bd16a8ad2be3cb1a245ce7fe4d8ea167164025,direct,octree_leafcount,flyby,7,421,421,0.5401279926,0.4935359955,1.035328031,1.042419,1,0,-1,41041,35911,17,17,9966,27.7519423,14.25752555,512002,0,512002,41041
v1,e7bd16a8ad2be3cb1a245ce7fe4d8ea167164025,direct,octree_leafcount,flyby,7,422,422,0.6514239907,0.4926719964,1.145727992,1.152828,1,0,-1,41209,36058,17,17,9965,27.63603084,14.19940097,512002,0,512002,41209
v1,e7bd16a8ad2be3cb1a245ce7fe4d8ea167164025,direct,octree_leafcount,flyby,7,423,423,0.6064959764,0.3644799888,0.9722239971,0.979415,1,0,-1,40993,35869,17,17,9919,27.65340545,14.27422008,512002,0,512002,40993
v1,e7bd16a8ad2be3cb1a245ce7fe4d8ea167164025,direct,octree_leafcount,flyby,7,424,424,0.5893440247,0.3655360043,0.9560959935,0.963296,1,0,-1,40921,35806,17,17,9862,27.54286991,14.29933531,512002,0,512002,40921
v1,e7bd16a8ad2be3cb1a245ce7fe4d8ea167164025,direct,octree_leafcount,flyby,7,425,425,0.6671360135,0.4933120012,1.161664009,1.169776,1,0,-1,41105,35967,17,17,10044,27.92559847,14.23532683,512002,0,512002,41105
v1,e7bd16a8ad2be3cb1a245ce7fe4d8ea167164025,direct,octree_leafcount,flyby,7,426,426,0.593216002,0.3646720052,0.9591040015,0.966457,1,0,-1,40849,35743,17,17,9927,27.77327029,14.32453907,512002,0,512002,40849
v1,e7bd16a8ad2be3cb1a245ce7fe4d8ea167164025,direct,octree_leafcount,flyby,7,427,427,0.6592000127,0.4939199984,1.154752016,1.161311,1,0,-1,41289,36128,17,17,10126,28.02812223,14.17188884,512002,0,512002,41289
v1,e7bd16a8ad2be3cb1a245ce7fe4d8ea167164025,direct,octree_leafcount,flyby,7,428,428,0.5229439735,0.3658879995,0.890048027,0.89642,1,0,-1,41161,36016,17,17,10053,27.9125944,14.21595957,512002,0,512002,41161
v1,e7bd16a8ad2be3cb1a245ce7fe4d8ea167164025,direct,octree_leafcount,flyby,7,429,429,0.6043840051,0.3665280044,0.9721599817,0.979251,1,0,-1,40985,35862,17,17,10044,28.00736155,14.2770063,512002,0,512002,40985
v1,e7bd16a8ad2be3cb1a245ce7fe4d8ea167164025,direct,octree_leafcount,flyby,7,430,430,0.6679360271,0.4936000109,1.163167953,1.170338,1,0,-1,41065,35932,17,17,9931,27.63831682,14.24919292,512002,0,512002,41065
v1,e7bd16a8ad2be3cb1a245ce7fe4d8ea167164025,direct,octree_leafcount,flyby,7,431,431,0.6041600108,0.4958719909,1.101279974,1.107742,1,0,-1,41401,36226,17,17,10031,27.69005687,14.13355049,512002,0,512002,41401
v1,e7bd16a8ad2be3cb1a245ce7fe4d8ea167164025,direct,octree_leafcount,flyby,7,432,432,0.5306879878,0.3657279909,0.8976320028,0.903277,1,0,-1,41281,36121,17,17,10022,27.74563273,14.17463525,512002,0,512002,41281
v1,e7bd16a8ad2be3cb1a245ce7fe4d8ea167164025,direct,octree_leafcount,flyby,7,433,433,0.6778879762,0.3648000062,1.043903947,1.051198,1,0,-1,41177,36030,17,17,9894,27.46044963,14.21043575,512002,0,512002,41177
v1,e7bd16a8ad2be3cb1a245ce7fe4d8ea167164025,direct,octree_leafcount,flyby,7,434,434,0.6035839915,0.3656640053,0.9704959989,0.977786,1,0,-1,41057,35925,17,17,10085,28.072373,14.25196938,512002,0,512002,41057
v1,e7bd16a8ad2be3cb1a245ce7fe4d8ea167164025,direct,octree_leafcount,flyby,7,435,435,0.59622401,0.3648639917,0.9623039961,0.969538,1,0,-1,40945,35827,17,17,9832,27.44298992,14.29095375,512002,0,512002,40945
v1,e7bd16a8ad2be3cb1a245ce7fe4d8ea167164025,direct,octree_leafcount,flyby,7,436,436,0.6697599888,0.4925119877,1.164479971,1.171054,1,0,-1,41001,35876,17,17,10003,27.88214963,14.27143494,512002,0,512002,41001
v1,e7bd16a8ad2be3cb1a245ce7fe4d8ea167164025,direct,octree_leafcount,flyby,7,437,437,0.597119987,0.3647359908,0.9630720019,0.969762,1,0,-1,40761,35666,17,17,9795,27.46313015,14.35546459,512002,0,512002,40761
v1,e7bd16a8ad2be3cb1a245ce7fe4d8ea167164025,direct,octree_leafcount,flyby,7,438,438,0.6754559875,0.4910399914,1.167711973,1.174655,1,0,-1,40985,35862,17,17,9882,27.55562991,14.2770063,512002,0,512002,40985
v1,e7bd16a8ad2be3cb1a245ce7fe4d8ea167164025,direct,octree_leafcount,flyby,7,439,439,0.5977920294,0.4963519871,1.095360041,1.102869,1,0,-1,41233,36079,17,17,9875,27.37049253,14.19113612,512002,0,512002,41233
v1,e7bd16a8ad2be3cb1a245ce7fe4d8ea167164025,direct,octree_leafcount,flyby,7,440,440,0.6011199951,0.3617280126,0.964064002,0.971213,1,0,-1,41233,36079,17,17,9922,27.50076222,14.19113612,512002,0,512002,41233
v1,e7bd16a8ad2be3cb1a245ce7fe4d8ea167164025,direct,octree_leafcount,flyby,7,441,441,0.6720319986,0.3658879995,1.039136052,1.046426,1,0,-1,40993,35869,17,17,9933,27.69243637,14.27422008,512002,0,512002,40993
v1,e7bd16a8ad2be3cb1a245ce7fe4d8ea167164025,direct,octree_leafcount,flyby,7,442,442,0.5500479937,0.3664000034,0.9176959991,0.925093,1,0,-1,40961,35841,17,17,9770,27.25928406,14.2853715,512002,0,512002,40961
v1,e7bd16a8ad2be3cb1a245ce7fe4d8ea167164025,direct,octree_leafcount,flyby,7,443,443,0.6093119979,0.3647679985,0.9753280282,0.982677,1,0,-1,40681,35596,17,17,9837,27.63512754,14.3836948,512002,0,512002,40681
v1,e7bd16a8ad2be3cb1a245ce7fe4d8ea167164025,direct,octree_leafcount,flyby,7,444,444,0.6653119922,0.492704004,1.159615993,1.166125,1,0,-1,41121,35981,17,17,9785,27.19490842,14.22978794,512002,0,512002,41121
v1,e7bd16a8ad2be3cb1a245ce7fe4d8ea167164025,direct,octree_leafcount,flyby,7,445,445,0.5976960063,0.3637759984,0.9627199769,0.969927,1,0,-1,41017,35890,17,17,9791,27.28057955,14.26586793,512002,0,512002,41017
v1,e7bd16a8ad2be3cb1a245ce7fe4d8ea167164025,direct,octree_leafcount,flyby,7,446,446,0.5220159888,0.3626239896,0.8858559728,0.892855,1,0,-1,40729,35638,17,17,9569,26.85055278,14.36674336,512002,0,512002,40729
v1,e7bd16a8ad2be3cb1a245ce7fe4d8ea167164025,direct,octree_leafcount,flyby,7,447,447,0.6647679806,0.4938240051,1.16079998,1.168175,1,0,-1,41065,35932,17,17,9673,26.92029389,14.24919292,512002,0,512002,41065
v1,e7bd16a8ad2be3cb1a245ce7fe4d8ea167164025,direct,octree_leafcount,flyby,7,448,448,0.6019520164,0.3648000062,0.9679999948,0.975508,1,0,-1,40833,35729,17,17,9723,27.21318817,14.33015198,512002,0,512002,40833
v1,e7bd16a8ad2be3cb1a245ce7fe4d8ea167164025,direct,octree_leafcount,flyby,7,449,449,0.6073600054,0.4944959879,1.104063988,1.111266,1,0,-1,40945,35827,17,17,9621,26.85404862,14.29095375,512002,0,512002,40945
v1,e7bd16a8ad2be3cb1a245ce7fe4d8ea167164025,direct,octree_leafcount,flyby,7,450,450,0.6632000208,0.492832005,1.157343984,1.164321,1,0,-1,41113,35974,17,17,9878,27.45872019,14.23255685,512002,0,512002,41113
v1,e7bd16a8ad2be3cb1a245ce7fe4d8ea167164025,direct,octree_leafcount,flyby,7,451,451,0.6156479716,0.3688000143,0.98566401,0.993394,1,0,-1,40825,35722,17,17,9760,27.32209843,14.33296008,512002,0,512002,40825
v1,e7bd16a8ad2be3cb1a245ce7fe4d8ea167164025,direct,octree_leafcount,flyby,7,452,452,0.669088006,0.4937919974,1.164479971,1.171628,1,0,-1,41065,35932,17,17,9802,27.27930535,14.24919292,512002,0,512002,41065
v1,e7bd16a8ad2be3cb1a245ce7fe4d8ea167164025,direct,octree_leafcount,flyby,7,453,453,0.588447988,0.3636800051,0.9533439875,0.960833,1,0,-1,40825,35722,17,17,9614,26.91338671,14.33296008,512002,0,512002,40825
v1,e7bd16a8ad2be3cb1a245ce7fe4d8ea167164025,direct,octree_leafcount,flyby,7,454,454,0.591359973,0.4806399941,1.073215961,1.080408,1,0,-1,41417,36240,17,17,9874,27.24613687,14.12809051,512002,0,512002,41417
v1,e7bd16a8ad2be3cb1a245ce7fe4d8ea167164025,direct,octree_leafcount,flyby,7,455,455,0.6659200191,0.4918400049,1.159968019,1.166517,1,0,-1,41497,36310,17,17,9892,27.2431837,14.10085376,512002,0,512002,41497
v1,e7bd16a8ad2be3cb1a245ce7fe4d8ea167164025,direct,octree_leafcount,flyby,7,456,456,0.5434880257,0.3637439907,0.9084799886,0.916019,1,0,-1,40857,35750,17,17,9698,27.12727273,14.32173427,512002,0,512002,40857
v1,e7bd16a8ad2be3cb1a245ce7fe4d8ea167164025,direct,octree_leafcount,flyby,7,457,457,0.6019520164,0.4933440089,1.09651196,1.103822,1,0,-1,40977,35855,17,17,9833,27.42434807,14.27979361,512002,0,512002,40977
v1,e7bd16a8ad2be3cb1a245ce7fe4d8ea167164025,direct,octree_leafcount,flyby,7,458,458,0.6615039706,0.3636479974,1.026368022,1.033226,1,0,-1,40873,35764,17,17,9619,26.8957611,14.31612795,512002,0,512002,40873
v1,e7bd16a8ad2be3cb1a245ce7fe4d8ea167164025,direct,octree_leafcount,flyby,7,459,459,0.5966719985,0.4916799963,1.090623975,1.097789,1,0,-1,41145,36002,17,17,9800,27.22070996,14.2214877,512002,0,512002,41145
v1,e7bd16a8ad2be3cb1a245ce7fe4d8ea167164025,direct,octree_leafcount,flyby,7,460,460,0.5301759839,0.3636479974,0.8951359987,0.901527,1,0,-1,41001,35876,17,17,9716,27.08217193,14.27143494,512002,0,512002,41001
v1,e7bd16a8ad2be3cb1a245ce7fe4d8ea167164025,direct,octree_leafcount,flyby,7,461,461,0.684671998,0.4959039986,1.182144046,1.189367,1,0,-1,41185,36037,17,17,9753,27.06385104,14.20767544,512002,0,512002,41185
v1,e7bd16a8ad2be3cb1a245ce7fe4d8ea167164025,direct,octree_leafcount,flyby,7,462,462,0.5920320153,0.3646399975,0.9578880072,0.96533,1,0,-1,41169,36023,17,17,9810,27.23260139,14.21319712,512002,0,512002,41169
v1,e7bd16a8ad2be3cb1a245ce7fe4d8ea167164025,direct,octree_leafcount,flyby,7,463,463,0.601984024,0.3637120128,0.9669439793,0.974206,1,0,-1,40881,35771,17,17,9464,26.45718599,14.31332644,512002,0,512002,40881
v1,e7bd16a8ad2be3cb1a245ce7fe4d8ea167164025,direct,octree_leafcount,flyby,7,464,464,0.6655679941,0.363808006,1.030624032,1.037481,1,0,-1,40753,35659,17,17,9650,27.06189181,14.35828262,512002,0,512002,40753
v1,e7bd16a8ad2be3cb1a245ce7fe4d8ea167164025,direct,octree_leafcount,flyby,7,465,465,0.6000959873,0.495359987,1.096672058,1.103544,1,0,-1,40905,35792,17,17,9623,26.88589629,14.30492848,512002,0,512002,40905
v1,e7bd16a8ad2be3cb1a245ce7fe4d8ea167164025,direct,octree_leafcount,flyby,7,466,466,0.6575359702,0.4947200119,1.154528022,1.161499,1,0,-1,40961,35841,17,17,9795,27.32903658,14.2853715,512002,0,512002,40961
v1,e7bd16a8ad2be3cb1a245ce7fe4d8ea167164025,direct,octree_leafcount,flyby,7,467,467,0.5356479883,0.3635840118,0.9004799724,0.907251,1,0,-1,40657,35575,17,17,9596,26.97399859,14.39218552,512002,0,512002,40657
v1,e7bd16a8ad2be3cb1a245ce7fe4d8ea167164025,direct,octree_leafcount,flyby,7,468,468,0.5925760269,0.4915519953,1.085728049,1.092155,1,0,-1,40769,35673,17,17,9705,27.2054495,14.35264766,512002,0,512002,40769
v1,e7bd16a8ad2be3cb1a245ce7fe4d8ea167164025,direct,octree_leafcount,flyby,7,469,469,0.647840023,0.491456002,1.141535997,1.148396,1,0,-1,40969,35848,17,17,9662,26.95268913,14.28258201,512002,0,512002,40969
v1,e7bd16a8ad2be3cb1a245ce7fe4d8ea167164025,direct,octree_leafcount,flyby,7,470,470,0.5917440057,0.3636800051,0.9566720128,0.963165,1,0,-1,40777,35680,17,17,9503,26.63396861,14.34983184,512002,0,512002,40777
v1,e7bd16a8ad2be3cb1a245ce7fe4d8ea167164025,direct,octree_leafcount,flyby,7,471,471,0.5923519731,0.4948799908,1.088863969,1.095558,1,0,-1,40801,35701,17,17,9672,27.0916781,14.341391,512002,0,512002,40801
v1,e7bd16a8ad2be3cb1a245ce7fe4d8ea167164025,direct,octree_leafcount,flyby,7,472,472,0.6651200056,0.4959039986,1.16265595,1.169704,1,0,-1,40929,35813,17,17,9702,27.09072125,14.29654036,512002,0,512002,40929
v1,e7bd16a8ad2be3cb1a245ce7fe4d8ea167164025,direct,octree_leafcount,flyby,7,473,473,0.617215991,0.4938240051,1.112640023,1.119622,1,0,-1,41305,36142,17,17,9867,27.30064745,14.1663992,512002,0,512002,41305
v1,e7bd16a8ad2be3cb1a245ce7fe4d8ea167164025,direct,octree_leafcount,flyby,7,474,474,0.5422400236,0.365696013,0.9091519713,0.915953,1,0,-1,40825,35722,17,17,9586,26.83500364,14.33296008,512002,0,512002,40825
v1,e7bd16a8ad2be3cb1a245ce7fe4d8ea167164025,direct,octree_leafcount,flyby,7,475,475,0.6866239905,0.4927679896,1.180992007,1.187687,1,0,-1,41297,36135,17,17,9741,26.95724367,14.16914349,512002,0,512002,41297
v1,e7bd16a8ad2be3cb1a245ce7fe4d8ea167164025,direct,octree_leafcount,flyby,7,476,476,0.6123200059,0.3637759984,0.9773120284,0.98431,1,0,-1,41233,36079,17,17,9818,27.21250589,14.19113612,512002,0,512002,41233
v1,e7bd16a8ad2be3cb1a245ce7fe4d8ea167164025,direct,octree_leafcount,flyby,7,477,477,0.5953919888,0.3625920117,0.9592000246,0.966325,1,0,-1,40921,35806,17,17,9615,26.85304139,14.29933531,512002,0,512002,40921
v1,e7bd16a8ad2be3cb1a245ce7fe4d8ea167164025,direct,octree_leafcount,flyby,7,478,478,0.6615039706,0.3646720052,1.027423978,1.0344,1,0,-1,40865,35757,17,17,9816,27.45196745,14.31893056,512002,0,512002,40865
v1,e7bd16a8ad2be3cb1a245ce7fe4d8ea167164025,direct,octree_leafcount,flyby,7,479,479,0.6159039736,0.365440011,0.982559979,0.991268,1,0,-1,40721,35631,17,17,9794,27.48730038,14.36956583,512002,0,512002,40721
v1,e7bd16a8ad2be3cb1a245ce7fe4d8ea167164025,direct,octree_leafcount,flyby,7,480,480,0.67059201,0.4941760004,1.165984035,1.174052,1,0,-1,40985,35862,17,17,9864,27.50543751,14.2770063,512002,0,512002,40985
v1,e7bd16a8ad2be3cb1a245ce7fe4d8ea167164025,direct,octree_leafcount,flyby,7,481,481,0.5959360003,0.4927999973,1.090368032,1.097476,1,0,-1,41017,35890,17,17,9756,27.18305935,14.26586793,512002,0,512002,41017
v1,e7bd16a8ad2be3cb1a245ce7fe4d8ea167164025,direct,octree_leafcount,flyby,7,482,482,0.607039988,0.4926719964,1.101312041,1.107969,1,0,-1,41177,36030,17,17,9684,26.877602,14.21043575,512002,0,512002,41177
v1,e7bd16a8ad2be3cb1a245ce7fe4d8ea167164025,direct,octree_leafcount,flyby,7,483,483,0.6613119841,0.3634560108,1.025984049,1.033732,1,0,-1,41073,35939,17,17,9843,27.38807424,14.24641754,512002,0,512002,41073
v1,e7bd16a8ad2be3cb1a245ce7fe4d8ea167164025,direct,octree_leafcount,flyby,7,484,484,0.5409600139,0.3648320138,0.9070079923,0.914645,1,0,-1,40881,35771,17,17,9680,27.06102709,14.31332644,512002,0,512002,40881
v1,e7bd16a8ad2be3cb1a245ce7fe4d8ea167164025,direct,octree_leafcount,flyby,7,485,485,0.5970240235,0.3647359908,0.9629759789,0.970393,1,0,-1,40849,35743,17,17,9790,27.38997846,14.32453907,512002,0,512002,40849
v1,e7bd16a8ad2be3cb1a245ce7fe4d8ea167164025,direct,octree_leafcount,flyby,7,486,486,0.6589760184,0.361184001,1.021376014,1.027705,1,0,-1,40601,35526,17,17,9595,27.00838822,14.41203626,512002,0,512002,40601
v1,e7bd16a8ad2be3cb1a245ce7fe4d8ea167164025,direct,octree_leafcount,flyby,7,487,487,0.5943040252,0.4925760031,1.088544011,1.093501,1,0,-1,40785,35687,17,17,9787,27.42455236,14.34701712,512002,0,512002,40785
v1,e7bd16a8ad2be3cb1a245ce7fe4d8ea167164025,direct,octree_leafcount,flyby,7,488,488,0.5491840243,0.4942719936,1.044672012,1.052258,1,0,-1,40873,35764,17,17,9778,27.34034224,14.31612795,512002,0,512002,40873
v1,e7bd16a8ad2be3cb1a245ce7fe4d8ea167164025,direct,octree_leafcount,flyby,7,489,489,0.6760640144,0.3628160059,1.040096045,1.04702,1,0,-1,40849,35743,17,17,9667,27.04585513,14.32453907,512002,0,512002,40849
v1,e7bd16a8ad2be3cb1a245ce7fe4d8ea167164025,direct,octree_leafcount,flyby,7,490,490,0.6055039763,0.491456002,1.098559976,1.105253,1,0,-1,41009,35883,17,17,9836,27.41130898,14.26865089,512002,0,512002,41009
v1,e7bd16a8ad2be3cb1a245ce7fe4d8ea167164025,direct,octree_leafcount,flyby,7,491,491,0.5375679731,0.3637120128,0.9024959803,0.909041,1,0,-1,40321,35281,17,17,9586,27.17043168,14.512117,512002,0,512002,40321
v1,e7bd16a8ad2be3cb1a245ce7fe4d8ea167164025,direct,octree_leafcount,flyby,7,492,492,0.670848012,0.4926719964,1.165120006,1.172285,1,0,-1,40873,35764,17,17,9883,27.63393356,14.31612795,512002,0,512002,40873
v1,e7bd16a8ad2be3cb1a245ce7fe4d8ea167164025,direct,octree_leafcount,flyby,7,493,493,0.6063680053,0.4956800044,1.103263974,1.110339,1,0,-1,41009,35883,17,17,9814,27.34999861,14.26865089,512002,0,512002,41009
v1,e7bd16a8ad2be3cb1a245ce7fe4d8ea167164025,direct,octree_leafcount,flyby,7,494,494,0.6658560038,0.3657279909,1.032799959,1.040145,1,0,-1,40977,35855,17,17,9622,26.83586669,14.27979361,512002,0,512002,40977
v1,e7bd16a8ad2be3cb1a245ce7fe4d8ea167164025,direct,octree_leafcount,flyby,7,495,495,0.5910400152,0.4917759895,1.085023999,1.092001,1,0,-1,41065,35932,17,17,9694,26.97873762,14.24919292,512002,0,512002,41065
v1,e7bd16a8ad2be3cb1a245ce7fe4d8ea167164025,direct,octree_leafcount,flyby,7,496,496,0.607648015,0.3627839983,0.9716479778,0.978403,1,0,-1,40529,35463,17,17,9508,26.81104249,14.43763923,512002,0,512002,40529
v1,e7bd16a8ad2be3cb1a245ce7fe4d8ea167164025,direct,octree_leafcount,flyby,7,497,497,0.6670719981,0.4926719964,1.161375999,1.1679,1,0,-1,40865,35757,17,17,9776,27.34010124,14.31893056,512002,0,512002,40865
v1,e7bd16a8ad2be3cb1a245ce7fe4d8ea167164025,direct,octree_leafcount,flyby,7,498,498,0.5978879929,0.3665600121,0.9657279849,0.973959,1,0,-1,40841,35736,17,17,9719,27.19666443,14.32734497,512002,0,512002,40841
v1,e7bd16a8ad2be3cb1a245ce7fe4d8ea167164025,direct,octree_leafcount,flyby,7,499,499,0.6030399799,0.4927999973,1.097440004,1.104066,1,0,-1,40897,35785,17,17,9857,27.54506078,14.3077267,512002,0,512002,40897
v1,e7bd16a8ad2be3cb1a245ce7fe4d8ea167164025,direct,octree_leafcount,flyby,7,500,500,0.6558399796,0.3637759984,1.020831943,1.027962,1,0,-1,40753,35659,17,17,9670,27.11797863,14.35828262,512002,0,512002,40753
v1,e7bd16a8ad2be3cb1a245ce7fe4d8ea167164025,direct,octree_leafcount,flyby,7,501,501,0.539839983,0.4927999973,1.03491199,1.042071,1,0,-1,40937,35820,17,17,9650,26.94025684,14.29374651,512002,0,512002,40937
v1,e7bd16a8ad2be3cb1a245ce7fe4d8ea167164025,direct,octree_leafcount,flyby,7,502,502,0.6011840105,0.3666880131,0.9691200256,0.975921,1,0,-1,40569,35498,17,17,9748,27.46070201,14.42340414,512002,0,512002,40569
v1,e7bd16a8ad2be3cb1a245ce7fe4d8ea167164025,direct,octree_leafcount,flyby,7,503,503,0.6652160287,0.4938560128,1.160671949,1.167684,1,0,-1,40673,35589,17,17,9700,27.25561269,14.38652393,512002,0,512002,40673
v1,e7bd16a8ad2be3cb1a245ce7fe4d8ea167164025,direct,octree_leafcount,flyby,7,504,504,0.6054720283,0.494336009,1.101024032,1.108534,1,0,-1,40905,35792,17,17,9887,27.62349128,14.30492848,512002,0,512002,40905
v1,e7bd16a8ad2be3cb1a245ce7fe4d8ea167164025,direct,octree_leafcount,flyby,7,505,505,0.5312960148,0.3658559918,0.8984000087,0.905219,1,0,-1,40641,35561,17,17,9744,27.40080425,14.39785158,512002,0,512002,40641
v1,e7bd16a8ad2be3cb1a245ce7fe4d8ea167164025,direct,octree_leafcount,flyby,7,506,506,0.6848000288,0.5039359927,1.190335989,1.198647,1,0,-1,40785,35687,17,17,9701,27.18356825,14.34701712,512002,0,512002,40785
v1,e7bd16a8ad2be3cb1a245ce7fe4d8ea167164025,direct,octree_leafcount,flyby,7,507,507,0.6110399961,0.4959039986,1.108512044,1.115389,1,0,-1,41201,36051,17,17,9886,27.42226291,14.20215805,512002,0,512002,41201
v1,e7bd16a8ad2be3cb1a245ce7fe4d8ea167164025,direct,octree_leafcount,flyby,7,508,508,0.595615983,0.3647679985,0.9616000056,0.969174,1,0,-1,40649,35568,17,17,9617,27.03834908,14.39501799,512002,0,512002,40649
v1,e7bd16a8ad2be3cb1a245ce7fe4d8ea167164025,direct,octree_leafcount,flyby,7,509,509,0.6724159718,0.4937599897,1.167775989,1.175268,1,0,-1,40761,35666,17,17,9712,27.23041552,14.35546459,512002,0,512002,40761
v1,e7bd16a8ad2be3cb1a245ce7fe4d8ea167164025,direct,octree_leafcount,flyby,7,510,510,0.6011520028,0.3646399975,0.9670400023,0.974699,1,0,-1,40721,35631,17,17,9732,27.3132946,14.36956583,512002,0,512002,40721
v1,e7bd16a8ad2be3cb1a245ce7fe4d8ea167164025,direct,octree_leafcount,flyby,7,511,511,0.6113280058,0.4938560128,1.106783986,1.114523,1,0,-1,40961,35841,17,17,9828,27.4211099,14.2853715,512002,0,512002,40961
v1,e7bd16a8ad2be3cb1a245ce7fe4d8ea167164025,direct,octree_leafcount,flyby,7,512,512,0.6004480124,0.4938879907,1.096384048,1.103206,1,0,-1,41161,36016,17,17,9820,27.26565971,14.21595957,512002,0,512002,41161
v1,e7bd16a8ad2be3cb1a245ce7fe4d8ea167164025,direct,octree_leafcount,flyby,7,513,513,0.6049600244,0.3632000089,0.9693760276,0.976781,1,0,-1,40857,35750,17,17,9842,27.53006993,14.32173427,512002,0,512002,40857
v1,e7bd16a8ad2be3cb1a245ce7fe4d8ea167164025,direct,octree_leafcount,flyby,7,514,514,0.6637759805,0.4906240106,1.156000018,1.163121,1,0,-1,41025,35897,17,17,9843,27.42011867,14.26308605,512002,0,512002,41025
v1,e7bd16a8ad2be3cb1a245ce7fe4d8ea167164025,direct,octree_leafcount,flyby,7,515,515,0.5402560234,0.3657599986,0.9072319865,0.91525,1,0,-1,40681,35596,17,17,9639,27.07888527,14.3836948,512002,0,512002,40681
v1,e7bd16a8ad2be3cb1a245ce7fe4d8ea167164025,direct,octree_leafcount,flyby,7,516,516,0.6009920239,0.4927999973,1.095391989,1.102492,1,0,-1,41009,35883,17,17,9913,27.62589527,14.26865089,512002,0,512002,41009
v1,e7bd16a8ad2be3cb1a245ce7fe4d8ea167164025,direct,octree_leafcount,flyby,7,517,517,0.6814720035,0.4917440116,1.174975991,1.181824,1,0,-1,41081,35946,17,17,9849,27.39943248,14.24364324,512002,0,512002,41081
v1,e7bd16a8ad2be3cb1a245ce7fe4d8ea167164025,direct,octree_leafcount,flyby,7,518,518,0.6078400016,0.4926399887,1.102687955,1.109345,1,0,-1,41297,36135,17,17,9852,27.26442507,14.16914349,512002,0,512002,41297
v1,e7bd16a8ad2be3cb1a245ce7fe4d8ea167164025,direct,octree_leafcount,flyby,7,519,519,0.5345919728,0.3638400137,0.8996480107,0.907146,1,0,-1,41041,35911,17,17,9873,27.49296873,14.25752555,512002,0,512002,41041
v1,e7bd16a8ad2be3cb1a245ce7fe4d8ea167164025,direct,octree_leafcount,flyby,7,520,520,0.6706879735,0.4940159917,1.165920019,1.173302,1,0,-1,41089,35953,17,17,9737,27.08258004,14.24087002,512002,0,512002,41089
v1,e7bd16a8ad2be3cb1a245ce7fe4d8ea167164025,direct,octree_leafcount,flyby,7,521,521,0.6079360247,0.4928640127,1.103008032,1.109947,1,0,-1,41417,36240,17,17,9982,27.54415011,14.12809051,512002,0,512002,41417
v1,e7bd16a8ad2be3cb1a245ce7fe4d8ea167164025,direct,octree_leafcount,flyby,7,522,522,0.5417280197,0.3636159897,0.9069120288,0.912443,1,0,-1,40849,35743,17,17,9660,27.02627088,14.32453907,512002,0,512002,40849
v1,e7bd16a8ad2be3cb1a245ce7fe4d8ea167164025,direct,octree_leafcount,flyby,7,523,523,0.6738240123,0.492704004,1.168704033,1.17608,1,0,-1,41065,35932,17,17,9842,27.39062674,14.24919292,512002,0,512002,41065
v1,e7bd16a8ad2be3cb1a245ce7fe4d8ea167164025,direct,octree_leafcount,flyby,7,524,524,0.6002560258,0.3645440042,0.9660480022,0.973942,1,0,-1,41033,35904,17,17,9789,27.26437166,14.26030526,512002,0,512002,41033
v1,e7bd16a8ad2be3cb1a245ce7fe4d8ea167164025,direct,octree_leafcount,flyby,7,525,525,0.6067199707,0.3653439879,0.9733120203,0.981072,1,0,-1,40929,35813,17,17,9661,26.97623768,14.29654036,512002,0,512002,40929
v1,e7bd16a8ad2be3cb1a245ce7fe4d8ea167164025,direct,octree_leafcount,flyby,7,526,526,0.658016026,0.4994879961,1.159136057,1.16648,1,0,-1,41049,35918,17,17,9832,27.37346177,14.25474692,512002,0,512002,41049
v1,e7bd16a8ad2be3cb1a245ce7fe4d8ea167164025,direct,octree_leafcount,flyby,7,527,527,0.6068800092,0.3658240139,0.9739199877,0.981431,1,0,-1,40761,35666,17,17,9690,27.16873213,14.35546459,512002,0,512002,40761
v1,e7bd16a8ad2be3cb1a245ce7fe4d8ea167164025,direct,octree_leafcount,flyby,7,528,528,0.658559978,0.4948799908,1.155040026,1.162406,1,0,-1,40905,35792,17,17,9695,27.08705856,14.30492848,512002,0,512002,40905
v1,e7bd16a8ad2be3cb1a245ce7fe4d8ea167164025,direct,octree_leafcount,flyby,7,529,529,0.590560019,0.4927360117,1.084928036,1.092302,1,0,-1,41009,35883,17,17,9647,26.88459716,14.26865089,512002,0,512002,41009
v1,e7bd16a8ad2be3cb1a245ce7fe4d8ea167164025,direct,octree_leafcount,flyby,7,530,530,0.6011520028,0.4936000109,1.096351981,1.102719,1,0,-1,41345,36177,17,17,9744,26.93423999,14.1526937,512002,0,512002,41345
v1,e7bd16a8ad2be3cb1a245ce7fe4d8ea167164025,direct,octree_leafcount,flyby,7,531,531,0.6552320123,0.4927679896,1.149600029,1.156774,1,0,-1,41409,36233,17,17,9781,26.99472856,14.13081997,512002,0,512002,41409
v1,e7bd16a8ad2be3cb1a245ce7fe4d8ea167164025,direct,octree_leafcount,flyby,7,532,532,0.5321279764,0.3637120128,0.8970559835,0.904606,1,0,-1,41033,35904,17,17,9557,26.6182041,14.26030526,512002,0,512002,41033
v1,e7bd16a8ad2be3cb1a245ce7fe4d8ea167164025,direct,octree_leafcount,flyby,7,533,533,0.6088960171,0.4917440116,1.102239966,1.109519,1,0,-1,41097,35960,17,17,9739,27.08286986,14.23809789,512002,0,512002,41097
v1,e7bd16a8ad2be3cb1a245ce7fe4d8ea167164025,direct,octree_leafcount,flyby,7,534,534,0.6491199732,0.3636479974,1.014016032,1.021014,1,0,-1,41049,35918,17,17,9594,26.71084136,14.25474692,512002,0,512002,41049
v1,e7bd16a8ad2be3cb1a245ce7fe4d8ea167164025,direct,octree_leafcount,flyby,7,535,535,0.6016960144,0.4948480129,1.098207951,1.105008,1,0,-1,41481,36296,17,17,9817,27.04705753,14.1062927,512002,0,512002,41481
v1,e7bd16a8ad2be3cb1a245ce7fe4d8ea167164025,direct,octree_leafcount,flyby,7,536,536,0.5230079889,0.3627200127,0.886943996,0.894196,1,0,-1,41145,36002,17,17,9794,27.20404422,14.2214877,512002,0,512002,41145
v1,e7bd16a8ad2be3cb1a245ce7fe4d8ea167164025,direct,octree_leafcount,flyby,7,537,537,0.6655679941,0.3623679876,1.029152036,1.036076,1,0,-1,40889,35778,17,17,9564,26.73151098,14.31052602,512002,0,512002,40889
v1,e7bd16a8ad2be3cb1a245ce7fe4d8ea167164025,direct,octree_leafcount,flyby,7,538,538,0.5957440138,0.491584003,1.088927984,1.095397,1,0,-1,41241,36086,17,17,9978,27.65061243,14.18838331,512002,0,512002,41241
v1,e7bd16a8ad2be3cb1a245ce7fe4d8ea167164025,direct,octree_leafcount,flyby,7,539,539,0.5375040174,0.3648000062,0.9035199881,0.910742,1,0,-1,40953,35834,17,17,9752,27.21437741,14.28816208,512002,0,512002,40953
v1,e7bd16a8ad2be3cb1a245ce7fe4d8ea167164025,direct,octree_leafcount,flyby,7,540,540,0.6753919721,0.4917440116,1.168768048,1.175706,1,0,-1,41209,36058,17,17,9812,27.21171446,14.19940097,512002,0,512002,41209
v1,e7bd16a8ad2be3cb1a245ce7fe4d8ea167164025,direct,octree_leafcount,flyby,7,541,541,0.593824029,0.4917759895,1.087200046,1.094412,1,0,-1,41217,36065,17,17,9822,27.23416054,14.19664495,512002,0,512002,41217
v1,e7bd16a8ad2be3cb1a245ce7fe4d8ea167164025,direct,octree_leafcount,flyby,7,542,542,0.6081600189,0.365696013,0.9750720263,0.982245,1,0,-1,41185,36037,17,17,9609,26.66426173,14.20767544,512002,0,512002,41185
v1,e7bd16a8ad2be3cb1a245ce7fe4d8ea167164025,direct,octree_leafcount,flyby,7,543,543,0.6700159907,0.3657599986,1.036991954,1.044176,1,0,-1,41081,35946,17,17,9766,27.16853057,14.24364324,512002,0,512002,41081
v1,e7bd16a8ad2be3cb1a245ce7fe4d8ea167164025,direct,octree_leafcount,flyby,7,544,544,0.60048002,0.3645119965,0.9662079811,0.972741,1,0,-1,40953,35834,17,17,9567,26.69810794,14.28816208,512002,0,512002,40953
v1,e7bd16a8ad2be3cb1a245ce7fe4d8ea167164025,direct,octree_leafcount,flyby,7,545,545,0.6587520242,0.4968320131,1.157791972,1.164783,1,0,-1,41033,35904,17,17,9603,26.74632353,14.26030526,512002,0,512002,41033
v1,e7bd16a8ad2be3cb1a245ce7fe4d8ea167164025,direct,octree_leafcount,flyby,7,546,546,0.591103971,0.362688005,0.9550079703,0.962613,1,0,-1,40969,35848,17,17,9519,26.55378264,14.28258201,512002,0,512002,40969
v1,e7bd16a8ad2be3cb1a245ce7fe4d8ea167164025,direct,octree_leafcount,flyby,7,547,547,0.6012480259,0.4936319888,1.09651196,1.103931,1,0,-1,40977,35855,17,17,9556,26.65179194,14.27979361,512002,0,512002,40977
v1,e7bd16a8ad2be3cb1a245ce7fe4d8ea167164025,direct,octree_leafcount,flyby,7,548,548,0.6760320067,0.3635199964,1.040768027,1.047868,1,0,-1,40657,35575,17,17,9572,26.90653549,14.39218552,512002,0,512002,40657
v1,e7bd16a8ad2be3cb1a245ce7fe4d8ea167164025,direct,octree_leafcount,flyby,7,549,549,0.5985919833,0.3635520041,0.9633600116,0.970593,1,0,-1,40585,35512,17,17,9497,26.74307276,14.41771795,512002,0,512002,40585
v1,e7bd16a8ad2be3cb1a245ce7fe4d8ea167164025,direct,octree_leafcount,flyby,7,550,550,0.6146559715,0.4931519926,1.109024048,1.116043,1,0,-1,40633,35554,17,17,9618,27.05180852,14.40068628,512002,0,512002,40633
v1,e7bd16a8ad2be3cb1a245ce7fe4d8ea167164025,direct,octree_leafcount,flyby,7,551,551,0.6639680266,0.4931519926,1.158336043,1.166223,1,0,-1,40833,35729,17,17,9534,26.68420611,14.33015198,512002,0,512002,40833
v1,e7bd16a8ad2be3cb1a245ce7fe4d8ea167164025,direct,octree_leafcount,flyby,7,552,552,0.5416640043,0.3658240139,0.9087039828,0.915973,1,0,-1,40777,35680,17,17,9467,26.53307175,14.34983184,512002,0,512002,40777
v1,e7bd16a8ad2be3cb1a245ce7fe4d8ea167164025,direct,octree_leafcount,flyby,7,553,553,0.5962560177,0.365696013,0.963168025,0.9702,1,0,-1,40657,35575,17,17,9520,26.76036543,14.39218552,512002,0,512002,40657
v1,e7bd16a8ad2be3cb1a245ce7fe4d8ea167164025,direct,octree_leafcount,flyby,7,554,554,0.6693760157,0.3645440042,1.035168052,1.04268,1,0,-1,40593,35519,17,17,9403,26.47315521,14.41487654,512002,0,512002,40593
v1,e7bd16a8ad2be3cb1a245ce7fe4d8ea167164025,direct,octree_leafcount,flyby,7,555,555,0.6106240153,0.4918079972,1.10403204,1.111369,1,0,-1,40833,35729,17,17,9634,26.96409079,14.33015198,512002,0,512002,40833
v1,e7bd16a8ad2be3cb1a245ce7fe4d8ea167164025,direct,octree_leafcount,flyby,7,556,556,0.5398719907,0.3633599877,0.9044799805,0.911523,1,0,-1,40657,35575,17,17,9472,26.62543921,14.39218552,512002,0,512002,40657
v1,e7bd16a8ad2be3cb1a245ce7fe4d8ea167164025,direct,octree_leafcount,flyby,7,557,557,0.6825600266,0.4938240051,1.178015947,1.185009,1,0,-1,40929,35813,17,17,9474,26.45408092,14.29654036,512002,0,512002,40929
v1,e7bd16a8ad2be3cb1a245ce7fe4d8ea167164025,direct,octree_leafcount,flyby,7,558,558,0.6058239937,0.4914239943,1.098847985,1.106587,1,0,-1,41041,35911,17,17,9614,26.77174125,14.25752555,512002,0,512002,41041
v1,e7bd16a8ad2be3cb1a245ce7fe4d8ea167164025,direct,octree_leafcount,flyby,7,559,559,0.5408319831,0.3657920063,0.9078400135,0.915155,1,0,-1,40689,35603,17,17,9516,26.72808471,14.38086678,512002,0,512002,40689
v1,e7bd16a8ad2be3cb1a245ce7fe4d8ea167164025,direct,octree_leafcount,flyby,7,560,560,0.6788799763,0.492832005,1.173311949,1.180312,1,0,-1,40961,35841,17,17,9704,27.07513741,14.2853715,512002,0,512002,40961
v1,e7bd16a8ad2be3cb1a245ce7fe4d8ea167164025,direct,octree_leafcount,flyby,7,561,561,0.601631999,0.3635199964,0.9664000273,0.973447,1,0,-1,40833,35729,17,17,9591,26.84374038,14.33015198,512002,0,512002,40833
v1,e7bd16a8ad2be3cb1a245ce7fe4d8ea167164025,direct,octree_leafcount,flyby,7,562,562,0.6721600294,0.4926080108,1.166399956,1.173487,1,0,-1,41313,36149,17,17,9680,26.77805748,14.16365598,512002,0,512002,41313
v1,e7bd16a8ad2be3cb1a245ce7fe4d8ea167164025,direct,octree_leafcount,flyby,7,563,563,0.5983039737,0.3645119965,0.964064002,0.972086,1,0,-1,40993,35869,17,17,9637,26.86721124,14.27422008,512002,0,512002,40993
v1,e7bd16a8ad2be3cb1a245ce7fe4d8ea167164025,direct,octree_leafcount,flyby,7,564,564,0.6103360057,0.3658240139,0.9773759842,0.98503,1,0,-1,40793,35694,17,17,9556,26.7720065,14.34420351,512002,0,512002,40793
v1,e7bd16a8ad2be3cb1a245ce7fe4d8ea167164025,direct,octree_leafcount,flyby,7,565,565,0.6809920073,0.4943999946,1.177055955,1.18278,1,0,-1,41049,35918,17,17,9594,26.71084136,14.25474692,512002,0,512002,41049
v1,e7bd16a8ad2be3cb1a245ce7fe4d8ea167164025,direct,octree_leafcount,flyby,7,566,566,0.5943999887,0.3657599986,0.9613760114,0.968318,1,0,-1,40593,35519,17,17,9421,26.52383232,14.41487654,512002,0,512002,40593
v1,e7bd16a8ad2be3cb1a245ce7fe4d8ea167164025,direct,octree_leafcount,flyby,7,567,567,0.6179519892,0.4938240051,1.113407969,1.120127,1,0,-1,40889,35778,17,17,9515,26.59455531,14.31052602,512002,0,512002,40889
v1,e7bd16a8ad2be3cb1a245ce7fe4d8ea167164025,direct,octree_leafcount,flyby,7,568,568,0.6655359864,0.36659199,1.033408046,1.040953,1,0,-1,40825,35722,17,17,9539,26.70343206,14.33296008,512002,0,512002,40825
v1,e7bd16a8ad2be3cb1a245ce7fe4d8ea167164025,direct,octree_leafcount,flyby,7,569,569,0.5455359817,0.3648320138,0.9115840197,0.919252,1,0,-1,40633,35554,17,17,9401,26.44146931,14.40068628,512002,0,512002,40633
v1,e7bd16a8ad2be3cb1a245ce7fe4d8ea167164025,direct,octree_leafcount,flyby,7,570,570,0.6009600163,0.4917120039,1.094431996,1.100089,1,0,-1,40889,35778,17,17,9612,26.86567164,14.31052602,512002,0,512002,40889
v1,e7bd16a8ad2be3cb1a245ce7fe4d8ea167164025,direct,octree_leafcount,flyby,7,571,571,0.6668480039,0.4920000136,1.160063982,1.166861,1,0,-1,41105,35967,17,17,9613,26.72727778,14.23532683,512002,0,512002,41105
v1,e7bd16a8ad2be3cb1a245ce7fe4d8ea167164025,direct,octree_leafcount,flyby,7,572,572,0.5788480043,0.4784319997,1.059520006,1.066451,1,0,-1,41121,35981,17,17,9502,26.4083822,14.22978794,512002,0,512002,41121
v1,e7bd16a8ad2be3cb1a245ce7fe4d8ea167164025,direct,octree_leafcount,flyby,7,573,573,0.534528017,0.3658559918,0.9016000032,0.907172,1,0,-1,41025,35897,17,17,9455,26.33924841,14.26308605,512002,0,512002,41025
v1,e7bd16a8ad2be3cb1a245ce7fe4d8ea167164025,direct,octree_leafcount,flyby,7,574,574,0.6659520268,0.4935039878,1.161631942,1.168428,1,0,-1,41041,35911,17,17,9391,26.15076161,14.25752555,512002,0,512002,41041
v1,e7bd16a8ad2be3cb1a245ce7fe4d8ea167164025,direct,octree_leafcount,flyby,7,575,575,0.5907840133,0.4918079972,1.084192038,1.091263,1,0,-1,41257,36100,17,17,9682,26.8199446,14.18288089,512002,0,512002,41257
v1,e7bd16a8ad2be3cb1a245ce7fe4d8ea167164025,direct,octree_leafcount,flyby,7,576,576,0.5352960229,0.3634879887,0.8999999762,0.906285,1,0,-1,41025,35897,17,17,9494,26.44789258,14.26308605,512002,0,512002,41025
v1,e7bd16a8ad2be3cb1a245ce7fe4d8ea167164025,direct,octree_leafcount,flyby,7,577,577,0.674399972,0.49673599,1.173344016,1.180045,1,0,-1,41233,36079,17,17,9500,26.33110674,14.19113612,512002,0,512002,41233
v1,e7bd16a8ad2be3cb1a245ce7fe4d8ea167164025,direct,octree_leafcount,flyby,7,578,578,0.6076800227,0.3666560054,0.9755839705,0.983107,1,0,-1,41129,35988,17,17,9552,26.54218073,14.22702012,512002,0,512002,41129
v1,e7bd16a8ad2be3cb1a245ce7fe4d8ea167164025,direct,octree_leafcount,flyby,7,579,579,0.5300480127,0.3658559918,0.8971520066,0.90457,1,0,-1,40617,35540,17,17,9393,26.42937535,14.40635903,512002,0,512002,40617
v1,e7bd16a8ad2be3cb1a245ce7fe4d8ea167164025,direct,octree_leafcount,flyby,7,580,580,0.6648960114,0.4917440116,1.158239961,1.164841,1,0,-1,40777,35680,17,17,9573,26.83015695,14.34983184,512002,0,512002,40777
v1,e7bd16a8ad2be3cb1a245ce7fe4d8ea167164025,direct,octree_leafcount,flyby,7,581,581,0.5987200141,0.3647359908,0.964672029,0.970903,1,0,-1,40761,35666,17,17,9524,26.70330287,14.35546459,512002,0,512002,40761
v1,e7bd16a8ad2be3cb1a245ce7fe4d8ea167164025,direct,octree_leafcount,flyby,7,582,582,0.6025599837,0.4924800098,1.096672058,1.103753,1,0,-1,41153,36009,17,17,9563,26.55724958,14.2187231,512002,0,512002,41153
v1,e7bd16a8ad2be3cb1a245ce7fe4d8ea167164025,direct,octree_leafcount,flyby,7,583,583,0.5808960199,0.3645440042,0.9466559887,0.953298,1,0,-1,40905,35792,17,17,9553,26.69032186,14.30492848,512002,0,512002,40905
v1,e7bd16a8ad2be3cb1a245ce7fe4d8ea167164025,direct,octree_leafcount,flyby,7,584,584,0.6053760052,0.3648000062,0.9713919759,0.978487,1,0,-1,40825,35722,17,17,9545,26.72022843,14.33296008,512002,0,512002,40825
v1,e7bd16a8ad2be3cb1a245ce7fe4d8ea167164025,direct,octree_leafcount,flyby,7,585,585,0.6764159799,0.4941760004,1.171808004,1.17961,1,0,-1,41001,35876,17,17,9672,26.95952726,14.27143494,512002,0,512002,41001
v1,e7bd16a8ad2be3cb1a245ce7fe4d8ea167164025,direct,octree_leafcount,flyby,7,586,586,0.5408959985,0.3656319976,0.9077439904,0.915076,1,0,-1,40745,35652,17,17,9518,26.6969595,14.36110176,512002,0,512002,40745
v1,e7bd16a8ad2be3cb1a245ce7fe4d8ea167164025,direct,octree_leafcount,flyby,7,587,587,0.6101120114,0.4928640127,1.104575992,1.111533,1,0,-1,41073,35939,17,17,9620,26.7675784,14.24641754,512002,0,512002,41073
v1,e7bd16a8ad2be3cb1a245ce7fe4d8ea167164025,direct,octree_leafcount,flyby,7,588,588,0.6569600105,0.4938560128,1.153056026,1.158736,1,0,-1,41201,36051,17,17,9633,26.72047932,14.20215805,512002,0,512002,41201
v1,e7bd16a8ad2be3cb1a245ce7fe4d8ea167164025,direct,octree_leafcount,flyby,7,589,589,0.5230079889,0.3637759984,0.8880320191,0.893314,1,0,-1,41105,35967,17,17,9521,26.47148775,14.23532683,512002,0,512002,41105
v1,e7bd16a8ad2be3cb1a245ce7fe4d8ea167164025,direct,octree_leafcount,flyby,7,590,590,0.5909119844,0.3634879887,0.9556159973,0.962758,1,0,-1,40809,35708,17,17,9648,27.01915537,14.33857959,512002,0,512002,40809
v1,e7bd16a8ad2be3cb1a245ce7fe4d8ea167164025,direct,octree_leafcount,flyby,7,591,591,0.6592320204,0.4918079972,1.152639985,1.160001,1,0,-1,41001,35876,17,17,9552,26.62504181,14.27143494,512002,0,512002,41001
v1,e7bd16a8ad2be3cb1a245ce7fe4d8ea167164025,direct,octree_leafcount,flyby,7,592,592,0.5884159803,0.4927999973,1.082944036,1.089235,1,0,-1,41145,36002,17,17,9666,26.84850842,14.2214877,512002,0,512002,41145
v1,e7bd16a8ad2be3cb1a245ce7fe4d8ea167164025,direct,octree_leafcount,flyby,7,593,593,0.547712028,0.3668160141,0.9157440066,0.923316,1,0,-1,41041,35911,17,17,9634,26.82743449,14.25752555,512002,0,512002,41041
v1,e7bd16a8ad2be3cb1a245ce7fe4d8ea167164025,direct,octree_leafcount,flyby,7,594,594,0.6642879844,0.365568012,1.031072021,1.038044,1,0,-1,40953,35834,17,17,9575,26.72043311,14.28816208,512002,0,512002,40953
v1,e7bd16a8ad2be3cb1a245ce7fe4d8ea167164025,direct,octree_leafcount,flyby,7,595,595,0.6072000265,0.3668160141,0.9752640128,0.982216,1,0,-1,40857,35750,17,17,9619,26.90629371,14.32173427,512002,0,512002,40857
v1,e7bd16a8ad2be3cb1a245ce7fe4d8ea167164025,direct,octree_leafcount,flyby,7,596,596,0.5344960093,0.4946559966,1.030751944,1.037658,1,0,-1,40913,35799,17,17,9438,26.36386491,14.30213134,512002,0,512002,40913
v1,e7bd16a8ad2be3cb1a245ce7fe4d8ea167164025,direct,octree_leafcount,flyby,7,597,597,0.6680639982,0.4965760112,1.166368008,1.173361,1,0,-1,41137,35995,17,17,9608,26.69259619,14.22425337,512002,0,512002,41137
v1,e7bd16a8ad2be3cb1a245ce7fe4d8ea167164025,direct,octree_leafcount,flyby,7,598,598,0.5886719823,0.3646399975,0.9545279741,0.961084,1,0,-1,40817,35715,17,17,9495,26.58546829,14.33576928,512002,0,512002,40817
v1,e7bd16a8ad2be3cb1a245ce7fe4d8ea167164025,direct,octree_leafcount,flyby,7,599,599,0.58188802,0.3638719916,0.946976006,0.954696,1,0,-1,40753,35659,17,17,9323,26.14487226,14.35828262,512002,0,512002,40753
v1,e7bd16a8ad2be3cb1a245ce7fe4d8ea167164025,direct,octree_leafcount,flyby,7,600,600,0.6575359702,0.3648320138,1.023584008,1.029596,1,0,-1,40713,35624,17,17,9488,26.63373007,14.3723894,512002,0,512002,40713
v1,e7bd16a8ad2be3cb1a245ce7fe4d8ea167164025,direct,octree_leafcount,flyby,7,601,601,0.6049600244,0.3658879995,0.9720640182,0.979347,1,0,-1,40697,35610,17,17,9398,26.39146307,14.37803988,512002,0,512002,40697
v1,e7bd16a8ad2be3cb1a245ce7fe4d8ea167164025,direct,octree_leafcount,flyby,7,602,602,0.6725440025,0.493088007,1.166847944,1.174061,1,0,-1,40849,35743,17,17,9420,26.35481073,14.32453907,512002,0,512002,40849
v1,e7bd16a8ad2be3cb1a245ce7fe4d8ea167164025,direct,octree_leafcount,flyby,7,603,603,0.6032000184,0.4916479886,1.096447945,1.10309,1,0,-1,41089,35953,17,17,9619,26.75437377,14.24087002,512002,0,512002,41089
v1,e7bd16a8ad2be3cb1a245ce7fe4d8ea167164025,direct,octree_leafcount,flyby,7,604,604,0.6068800092,0.370848,0.9789440036,0.986748,1,0,-1,41057,35925,17,17,9518,26.4940849,14.25196938,512002,0,512002,41057
v1,e7bd16a8ad2be3cb1a245ce7fe4d8ea167164025,direct,octree_leafcount,flyby,7,605,605,0.6672639847,0.4957439899,1.164608002,1.172298,1,0,-1,41257,36100,17,17,9680,26.81440443,14.18288089,512002,0,512002,41257
v1,e7bd16a8ad2be3cb1a245ce7fe4d8ea167164025,direct,octree_leafcount,flyby,7,606,606,0.5895040035,0.493088007,1.084192038,1.091459,1,0,-1,41337,36170,17,17,9558,26.42521427,14.15543268,512002,0,512002,41337
v1,e7bd16a8ad2be3cb1a245ce7fe4d8ea167164025,direct,octree_leafcount,flyby,7,607,607,0.5990719795,0.4958719909,1.096704006,1.103845,1,0,-1,41393,36219,17,17,9578,26.44468373,14.13628206,512002,0,512002,41393
v1,e7bd16a8ad2be3cb1a245ce7fe4d8ea167164025,direct,octree_leafcount,flyby,7,608,608,0.6577280164,0.3638400137,1.022783995,1.029885,1,0,-1,41329,36163,17,17,9629,26.62666261,14.15817272,512002,0,512002,41329
v1,e7bd16a8ad2be3cb1a245ce7fe4d8ea167164025,direct,octree_leafcount,flyby,7,609,609,0.5464320183,0.3657599986,0.9134399891,0.92059,1,0,-1,40921,35806,17,17,9388,26.21906943,14.29933531,512002,0,512002,40921
v1,e7bd16a8ad2be3cb1a245ce7fe4d8ea167164025,direct,octree_leafcount,flyby,7,610,610,0.6129279733,0.4946880043,1.109248042,1.116176,1,0,-1,41201,36051,17,17,9672,26.8286594,14.20215805,512002,0,512002,41201
v1,e7bd16a8ad2be3cb1a245ce7fe4d8ea167164025,direct,octree_leafcount,flyby,7,611,611,0.6753919721,0.4936639965,1.171264052,1.1775,1,0,-1,41265,36107,17,17,9636,26.68734594,14.18013128,512002,0,512002,41265
v1,e7bd16a8ad2be3cb1a245ce7fe4d8ea167164025,direct,octree_leafcount,flyby,7,612,612,0.5426239967,0.3638400137,0.907679975,0.91473,1,0,-1,41225,36072,17,17,9476,26.26968286,14.19389,512002,0,512002,41225
v1,e7bd16a8ad2be3cb1a245ce7fe4d8ea167164025,direct,octree_leafcount,flyby,7,613,613,0.5961920023,0.3648000062,0.962207973,0.969285,1,0,-1,41169,36023,17,17,9616,26.69405657,14.21319712,512002,0,512002,41169
v1,e7bd16a8ad2be3cb1a245ce7fe4d8ea167164025,direct,octree_leafcount,flyby,7,614,614,0.6586880088,0.3672960103,1.027199984,1.035166,1,0,-1,40985,35862,17,17,9534,26.58524343,14.2770063,512002,0,512002,40985
v1,e7bd16a8ad2be3cb1a245ce7fe4d8ea167164025,direct,octree_leafcount,flyby,7,615,615,0.611455977,0.4955520034,1.109215975,1.117152,1,0,-1,41137,35995,17,17,9672,26.87039867,14.22425337,512002,0,512002,41137
v1,e7bd16a8ad2be3cb1a245ce7fe4d8ea167164025,direct,octree_leafcount,flyby,7,616,616,0.5394560099,0.4960959852,1.036960006,1.04417,1,0,-1,41249,36093,17,17,9633,26.68938575,14.18563156,512002,0,512002,41249
v1,e7bd16a8ad2be3cb1a245ce7fe4d8ea167164025,direct,octree_leafcount,flyby,7,617,617,0.6759359837,0.492704004,1.170240045,1.176959,1,0,-1,41361,36191,17,17,9604,26.53698433,14.14721892,512002,0,512002,41361
v1,e7bd16a8ad2be3cb1a245ce7fe4d8ea167164025,direct,octree_leafcount,flyby,7,618,618,0.5975040197,0.3646720052,0.9633920193,0.970481,1,0,-1,41225,36072,17,17,9642,26.72987359,14.19389,512002,0,512002,41225
v1,e7bd16a8ad2be3cb1a245ce7fe4d8ea167164025,direct,octree_leafcount,flyby,7,619,619,0.5969600081,0.3646079898,0.9627839923,0.969994,1,0,-1,40969,35848,17,17,9566,26.68489177,14.28258201,512002,0,512002,40969
v1,e7bd16a8ad2be3cb1a245ce7fe4d8ea167164025,direct,octree_leafcount,flyby,7,620,620,0.6746879816,0.494592011,1.17087996,1.177604,1,0,-1,41001,35876,17,17,9591,26.73374958,14.27143494,512002,0,512002,41001
v1,e7bd16a8ad2be3cb1a245ce7fe4d8ea167164025,direct,octree_leafcount,flyby,7,621,621,0.6009280086,0.4938240051,1.097056031,1.103794,1,0,-1,41137,35995,17,17,9556,26.54813168,14.22425337,512002,0,512002,41137
v1,e7bd16a8ad2be3cb1a245ce7fe4d8ea167164025,direct,octree_leafcount,flyby,7,622,622,0.5379520059,0.3642880023,0.9034559727,0.910719,1,0,-1,40985,35862,17,17,9458,26.37331995,14.2770063,512002,0,512002,40985
v1,e7bd16a8ad2be3cb1a245ce7fe4d8ea167164025,direct,octree_leafcount,flyby,7,623,623,0.6750400066,0.4927679896,1.170047998,1.176787,1,0,-1,41153,36009,17,17,9636,26.75997667,14.2187231,512002,0,512002,41153
v1,e7bd16a8ad2be3cb1a245ce7fe4d8ea167164025,direct,octree_leafcount,flyby,7,624,624,0.5992000103,0.3648000062,0.965215981,0.972531,1,0,-1,40689,35603,17,17,9403,26.41069573,14.38086678,512002,0,512002,40689
v1,e7bd16a8ad2be3cb1a245ce7fe4d8ea167164025,direct,octree_leafcount,flyby,7,625,625,0.6693760157,0.4938560128,1.164863944,1.171685,1,0,-1,41009,35883,17,17,9428,26.2742803,14.26865089,512002,0,512002,41009
v1,e7bd16a8ad2be3cb1a245ce7fe4d8ea167164025,direct,octree_leafcount,flyby,7,626,626,0.6093440056,0.4926399887,1.103647947,1.110059,1,0,-1,41057,35925,17,17,9476,26.37717467,14.25196938,512002,0,512002,41057
v1,e7bd16a8ad2be3cb1a245ce7fe4d8ea167164025,direct,octree_leafcount,flyby,7,627,627,0.6021440029,0.3657279909,0.9690880179,0.976264,1,0,-1,40737,35645,17,17,9331,26.17758451,14.36392201,512002,0,512002,40737
v1,e7bd16a8ad2be3cb1a245ce7fe4d8ea167164025,direct,octree_leafcount,flyby,7,628,628,0.6643840075,0.492832005,1.158848047,1.165367,1,0,-1,40873,35764,17,17,9514,26.60216978,14.31612795,512002,0,512002,40873
v1,e7bd16a8ad2be3cb1a245ce7fe4d8ea167164025,direct,octree_leafcount,flyby,7,629,629,0.5405120254,0.3657599986,0.9075840116,0.914569,1,0,-1,40841,35736,17,17,9394,26.28721737,14.32734497,512002,0,512002,40841
v1,e7bd16a8ad2be3cb1a245ce7fe4d8ea167164025,direct,octree_leafcount,flyby,7,630,630,0.6258559823,0.4924480021,1.119904041,1.127132,1,0,-1,41129,35988,17,17,9482,26.34767145,14.22702012,512002,0,512002,41129
v1,e7bd16a8ad2be3cb1a245ce7fe4d8ea167164025,direct,octree_leafcount,flyby,7,631,631,0.6554560065,0.4967679977,1.153823972,1.161013,1,0,-1,41177,36030,17,17,9589,26.61393283,14.21043575,512002,0,512002,41177
v1,e7bd16a8ad2be3cb1a245ce7fe4d8ea167164025,direct,octree_leafcount,flyby,7,632,632,0.5411199927,0.3644480109,0.906783998,0.914271,1,0,-1,41001,35876,17,17,9297,25.91426023,14.27143494,512002,0,512002,41001
v1,e7bd16a8ad2be3cb1a245ce7fe4d8ea167164025,direct,octree_leafcount,flyby,7,633,633,0.6047999859,0.3648000062,0.9708160162,0.978082,1,0,-1,40897,35785,17,17,9576,26.75981557,14.3077267,512002,0,512002,40897
v1,e7bd16a8ad2be3cb1a245ce7fe4d8ea167164025,direct,octree_leafcount,flyby,7,634,634,0.6754239798,0.493088007,1.169824004,1.176683,1,0,-1,41009,35883,17,17,9404,26.20739626,14.26865089,512002,0,512002,41009
v1,e7bd16a8ad2be3cb1a245ce7fe4d8ea167164025,direct,octree_leafcount,flyby,7,635,635,0.5345600247,0.4918079972,1.027968049,1.033064,1,0,-1,41345,36177,17,17,9480,26.20449457,14.1526937,512002,0,512002,41345
v1,e7bd16a8ad2be3cb1a245ce7fe4d8ea167164025,direct,octree_leafcount,flyby,7,636,636,0.6029760242,0.3658559918,0.9700480103,0.977355,1,0,-1,40721,35631,17,17,9437,26.48536387,14.36956583,512002,0,512002,40721
v1,e7bd16a8ad2be3cb1a245ce7fe4d8ea167164025,direct,octree_leafcount,flyby,7,637,637,0.6768000126,0.4939840138,1.172000051,1.17906,1,0,-1,40801,35701,17,17,9367,26.2373603,14.341391,512002,0,512002,40801
v1,e7bd16a8ad2be3cb1a245ce7fe4d8ea167164025,direct,octree_leafcount,flyby,7,638,638,0.6067519784,0.4927360117,1.101536036,1.107891,1,0,-1,40913,35799,17,17,9439,26.36665829,14.30213134,512002,0,512002,40913
v1,e7bd16a8ad2be3cb1a245ce7fe4d8ea167164025,direct,octree_leafcount,flyby,7,639,639,0.520096004,0.3648320138,0.8861439824,0.891849,1,0,-1,40721,35631,17,17,9299,26.09806068,14.36956583,512002,0,512002,40721
v1,e7bd16a8ad2be3cb1a245ce7fe4d8ea167164025,direct,octree_leafcount,flyby,7,640,640,0.6471999884,0.3627519906,1.011168003,1.016593,1,0,-1,40633,35554,17,17,9255,26.03082635,14.40068628,512002,0,512002,40633
v1,e7bd16a8ad2be3cb1a245ce7fe4d8ea167164025,direct,octree_leafcount,flyby,7,641,641,0.5975360274,0.4948480129,1.093984008,1.100328,1,0,-1,40801,35701,17,17,9485,26.56788325,14.341391,512002,0,512002,40801
v1,e7bd16a8ad2be3cb1a245ce7fe4d8ea167164025,direct,octree_leafcount,flyby,7,642,642,0.5326079726,0.3646720052,0.8984959722,0.905015,1,0,-1,40617,35540,17,17,9277,26.10298255,14.40635903,512002,0,512002,40617
v1,e7bd16a8ad2be3cb1a245ce7fe4d8ea167164025,direct,octree_leafcount,flyby,7,643,643,0.6585279703,0.4927679896,1.153471947,1.159923,1,0,-1,40993,35869,17,17,9490,26.4573866,14.27422008,512002,0,512002,40993
v1,e7bd16a8ad2be3cb1a245ce7fe4d8ea167164025,direct,octree_leafcount,flyby,7,644,644,0.608543992,0.3658559918,0.9756479859,0.983385,1,0,-1,40897,35785,17,17,9546,26.67598156,14.3077267,512002,0,512002,40897
v1,e7bd16a8ad2be3cb1a245ce7fe4d8ea167164025,direct,octree_leafcount,flyby,7,645,645,0.591455996,0.3643839955,0.9570559859,0.9643,1,0,-1,40729,35638,17,17,9337,26.19956226,14.36674336,512002,0,512002,40729
v1,e7bd16a8ad2be3cb1a245ce7fe4d8ea167164025,direct,octree_leafcount,flyby,7,646,646,0.6730880141,0.4931840003,1.167487979,1.174105,1,0,-1,41105,35967,17,17,9661,26.86073345,14.23532683,512002,0,512002,41105
v1,e7bd16a8ad2be3cb1a245ce7fe4d8ea167164025,direct,octree_leafcount,flyby,7,647,647,0.6053439975,0.3644480109,0.9710080028,0.977849,1,0,-1,40881,35771,17,17,9458,26.44041262,14.31332644,512002,0,512002,40881
v1,e7bd16a8ad2be3cb1a245ce7fe4d8ea167164025,direct,octree_leafcount,flyby,7,648,648,0.6235839725,0.4966399968,1.126111984,1.132887,1,0,-1,41129,35988,17,17,9460,26.28653996,14.22702012,512002,0,512002,41129
v1,e7bd16a8ad2be3cb1a245ce7fe4d8ea167164025,direct,octree_leafcount,flyby,7,649,649,0.6058880091,0.4921920002,1.099328041,1.106128,1,0,-1,41217,36065,17,17,9535,26.43837516,14.19664495,512002,0,512002,41217
v1,e7bd16a8ad2be3cb1a245ce7fe4d8ea167164025,direct,octree_leafcount,flyby,7,650,650,0.6024960279,0.3664320111,0.9702720046,0.976857,1,0,-1,40913,35799,17,17,9562,26.7102433,14.30213134,512002,0,512002,40913
v1,e7bd16a8ad2be3cb1a245ce7fe4d8ea167164025,direct,octree_leafcount,flyby,7,651,651,0.6622400284,0.4917759895,1.155616045,1.162193,1,0,-1,41145,36002,17,17,9595,26.65129715,14.2214877,512002,0,512002,41145
v1,e7bd16a8ad2be3cb1a245ce7fe4d8ea167164025,direct,octree_leafcount,flyby,7,652,652,0.5841280222,0.4917440116,1.07820797,1.084718,1,0,-1,41233,36079,17,17,9525,26.40039912,14.19113612,512002,0,512002,41233
v1,e7bd16a8ad2be3cb1a245ce7fe4d8ea167164025,direct,octree_leafcount,flyby,7,653,653,0.6104639769,0.4927679896,1.104959965,1.112026,1,0,-1,41361,36191,17,17,9539,26.35738167,14.14721892,512002,0,512002,41361
v1,e7bd16a8ad2be3cb1a245ce7fe4d8ea167164025,direct,octree_leafcount,flyby,7,654,654,0.6601920128,0.3646399975,1.026047945,1.032794,1,0,-1,41033,35904,17,17,9560,26.62655971,14.26030526,512002,0,512002,41033
v1,e7bd16a8ad2be3cb1a245ce7fe4d8ea167164025,direct,octree_leafcount,flyby,7,655,655,0.5406399965,0.3648639917,0.9067519903,0.913774,1,0,-1,40849,35743,17,17,9439,26.40796799,14.32453907,512002,0,512002,40849
v1,e7bd16a8ad2be3cb1a245ce7fe4d8ea167164025,direct,octree_leafcount,flyby,7,656,656,0.6005439758,0.4938560128,1.096160054,1.102076,1,0,-1,41153,36009,17,17,9579,26.60168291,14.2187231,512002,0,512002,41153
v1,e7bd16a8ad2be3cb1a245ce7fe4d8ea167164025,direct,octree_leafcount,flyby,7,657,657,0.6743040085,0.493088007,1.168640018,1.175765,1,0,-1,41353,36184,17,17,9429,26.05847889,14.14995578,512002,0,512002,41353
v1,e7bd16a8ad2be3cb1a245ce7fe4d8ea167164025,direct,octree_leafcount,flyby,7,658,658,0.5291519761,0.3643839955,0.8947839737,0.901305,1,0,-1,40937,35820,17,17,9251,25.82635399,14.29374651,512002,0,512002,40937
v1,e7bd16a8ad2be3cb1a245ce7fe4d8ea167164025,direct,octree_leafcount,flyby,7,659,659,0.6077759862,0.4938240051,1.103808045,1.110416,1,0,-1,40953,35834,17,17,9435,26.3297427,14.28816208,512002,0,512002,40953
v1,e7bd16a8ad2be3cb1a245ce7fe4d8ea167164025,direct,octree_leafcount,flyby,7,660,660,0.6623679996,0.363808006,1.027552009,1.03479,1,0,-1,40825,35722,17,17,9344,26.15754997,14.33296008,512002,0,512002,40825
v1,e7bd16a8ad2be3cb1a245ce7fe4d8ea167164025,direct,octree_leafcount,flyby,7,661,661,0.599232018,0.492832005,1.093695998,1.100378,1,0,-1,40977,35855,17,17,9401,26.21949519,14.27979361,512002,0,512002,40977
v1,e7bd16a8ad2be3cb1a245ce7fe4d8ea167164025,direct,octree_leafcount,flyby,7,662,662,0.5415999889,0.3645119965,0.9073280096,0.915118,1,0,-1,40609,35533,17,17,9406,26.47116765,14.40919708,512002,0,512002,40609
v1,e7bd16a8ad2be3cb1a245ce7fe4d8ea167164025,direct,octree_leafcount,flyby,7,663,663,0.683167994,0.5172160268,1.202751994,1.211114,1,0,-1,40921,35806,17,17,9316,26.01798581,14.29933531,512002,0,512002,40921
v1,e7bd16a8ad2be3cb1a245ce7fe4d8ea167164025,direct,octree_leafcount,flyby,7,664,664,0.6015679836,0.3645119965,0.9672960043,0.975,1,0,-1,40761,35666,17,17,9364,26.25469635,14.35546459,512002,0,512002,40761
v1,e7bd16a8ad2be3cb1a245ce7fe4d8ea167164025,direct,octree_leafcount,flyby,7,665,665,0.5451520085,0.4968320131,1.043583989,1.050727,1,0,-1,40777,35680,17,17,9240,25.89686099,14.34983184,512002,0,512002,40777
v1,e7bd16a8ad2be3cb1a245ce7fe4d8ea167164025,direct,octree_leafcount,flyby,7,666,666,0.661823988,0.4916799963,1.155104041,1.160656,1,0,-1,41033,35904,17,17,9258,25.78542781,14.26030526,512002,0,512002,41033
v1,e7bd16a8ad2be3cb1a245ce7fe4d8ea167164025,direct,octree_leafcount,flyby,7,667,667,0.5944319963,0.3627839983,0.9584320188,0.965191,1,0,-1,40745,35652,17,17,9339,26.19488388,14.36110176,512002,0,512002,40745
v1,e7bd16a8ad2be3cb1a245ce7fe4d8ea167164025,direct,octree_leafcount,flyby,7,668,668,0.5285440087,0.4907520115,1.020544052,1.026076,1,0,-1,40849,35743,17,17,9384,26.25409171,14.32453907,512002,0,512002,40849
v1,e7bd16a8ad2be3cb1a245ce7fe4d8ea167164025,direct,octree_leafcount,flyby,7,669,669,0.6730880141,0.4938879907,1.168704033,1.175645,1,0,-1,41265,36107,17,17,9497,26.30237904,14.18013128,512002,0,512002,41265
v1,e7bd16a8ad2be3cb1a245ce7fe4d8ea167164025,direct,octree_leafcount,flyby,7,670,670,0.6011840105,0.4912959933,1.093695998,1.10044,1,0,-1,41281,36121,17,17,9483,26.25342598,14.17463525,512002,0,512002,41281
v1,e7bd16a8ad2be3cb1a245ce7fe4d8ea167164025,direct,octree_leafcount,flyby,7,671,671,0.6064640284,0.3636800051,0.9713919759,0.978604,1,0,-1,41033,35904,17,17,9335,25.99988859,14.26030526,512002,0,512002,41033
v1,e7bd16a8ad2be3cb1a245ce7fe4d8ea167164025,direct,octree_leafcount,flyby,7,672,672,0.6733440161,0.3645440042,1.039103985,1.046404,1,0,-1,40929,35813,17,17,9384,26.20277553,14.29654036,512002,0,512002,40929
v1,e7bd16a8ad2be3cb1a245ce7fe4d8ea167164025,direct,octree_leafcount,flyby,7,673,673,0.6044480205,0.4917120039,1.097887993,1.104798,1,0,-1,41009,35883,17,17,9442,26.31329599,14.26865089,512002,0,512002,41009
v1,e7bd16a8ad2be3cb1a245ce7fe4d8ea167164025,direct,octree_leafcount,flyby,7,674,674,0.6598079801,0.4925760031,1.154592037,1.161336,1,0,-1,41201,36051,17,17,9452,26.2184128,14.20215805,512002,0,512002,41201
v1,e7bd16a8ad2be3cb1a245ce7fe4d8ea167164025,direct,octree_leafcount,flyby,7,675,675,0.6006720066,0.365440011,0.967328012,0.975165,1,0,-1,41097,35960,17,17,9424,26.20689655,14.23809789,512002,0,512002,41097
v1,e7bd16a8ad2be3cb1a245ce7fe4d8ea167164025,direct,octree_leafcount,flyby,7,676,676,0.5980479717,0.363808006,0.9630720019,0.970215,1,0,-1,40761,35666,17,17,9345,26.20142433,14.35546459,512002,0,512002,40761
v1,e7bd16a8ad2be3cb1a245ce7fe4d8ea167164025,direct,octree_leafcount,flyby,7,677,677,0.6706240177,0.4917759895,1.164031982,1.171114,1,0,-1,40873,35764,17,17,9493,26.54345152,14.31612795,512002,0,512002,40873
v1,e7bd16a8ad2be3cb1a245ce7fe4d8ea167164025,direct,octree_leafcount,flyby,7,678,678,0.5828160048,0.3645119965,0.9485440254,0.955464,1,0,-1,40793,35694,17,17,9334,26.15005323,14.34420351,512002,0,512002,40793
v1,e7bd16a8ad2be3cb1a245ce7fe4d8ea167164025,direct,octree_leafcount,flyby,7,679,679,0.5968000293,0.4953919947,1.093760014,1.101015,1,0,-1,40841,35736,17,17,9404,26.31520036,14.32734497,512002,0,512002,40841
v1,e7bd16a8ad2be3cb1a245ce7fe4d8ea167164025,direct,octree_leafcount,flyby,7,680,680,0.6697599888,0.3643200099,1.035295963,1.042518,1,0,-1,40833,35729,17,17,9543,26.70939573,14.33015198,512002,0,512002,40833
v1,e7bd16a8ad2be3cb1a245ce7fe4d8ea167164025,direct,octree_leafcount,flyby,7,681,681,0.5455679893,0.496991992,1.043776035,1.051654,1,0,-1,40953,35834,17,17,9381,26.17904783,14.28816208,512002,0,512002,40953
v1,e7bd16a8ad2be3cb1a245ce7fe4d8ea167164025,direct,octree_leafcount,flyby,7,682,682,0.6057599783,0.4916160107,1.099616051,1.106197,1,0,-1,41065,35932,17,17,9569,26.63085829,14.24919292,512002,0,512002,41065
v1,e7bd16a8ad2be3cb1a245ce7fe4d8ea167164025,direct,octree_leafcount,flyby,7,683,683,0.6753919721,0.4912,1.167840004,1.175025,1,0,-1,41289,36128,17,17,9507,26.31476971,14.17188884,512002,0,512002,41289
v1,e7bd16a8ad2be3cb1a245ce7fe4d8ea167164025,direct,octree_leafcount,flyby,7,684,684,0.527263999,0.3658559918,0.8943359852,0.901477,1,0,-1,40793,35694,17,17,9322,26.11643413,14.34420351,512002,0,512002,40793
v1,e7bd16a8ad2be3cb1a245ce7fe4d8ea167164025,direct,octree_leafcount,flyby,7,685,685,0.6042240262,0.4948480129,1.100672007,1.107734,1,0,-1,41033,35904,17,17,9503,26.46780303,14.26030526,512002,0,512002,41033
v1,e7bd16a8ad2be3cb1a245ce7fe4d8ea167164025,direct,octree_leafcount,flyby,7,686,686,0.6687679887,0.4932799935,1.163648009,1.170496,1,0,-1,41265,36107,17,17,9403,26.04204171,14.18013128,512002,0,512002,41265
v1,e7bd16a8ad2be3cb1a245ce7fe4d8ea167164025,direct,octree_leafcount,flyby,7,687,687,0.5385599732,0.4931840003,1.032960057,1.040774,1,0,-1,41313,36149,17,17,9361,25.89559877,14.16365598,512002,0,512002,41313
v1,e7bd16a8ad2be3cb1a245ce7fe4d8ea167164025,direct,octree_leafcount,flyby,7,688,688,0.5763520002,0.3625920117,0.9401919842,0.947061,1,0,-1,40921,35806,17,17,9375,26.18276267,14.29933531,512002,0,512002,40921
v1,e7bd16a8ad2be3cb1a245ce7fe4d8ea167164025,direct,octree_leafcount,flyby,7,689,689,0.6616320014,0.3647359908,1.027680039,1.03487,1,0,-1,40761,35666,17,17,9326,26.1481523,14.35546459,512002,0,512002,40761
v1,e7bd16a8ad2be3cb1a245ce7fe4d8ea167164025,direct,octree_leafcount,flyby,7,690,690,0.6087039709,0.4917120039,1.102015972,1.108389,1,0,-1,41177,36030,17,17,9478,26.30585623,14.21043575,512002,0,512002,41177
v1,e7bd16a8ad2be3cb1a245ce7fe4d8ea167164025,direct,octree_leafcount,flyby,7,691,691,0.5340800285,0.363808006,0.8991360068,0.906124,1,0,-1,41081,35946,17,17,9394,26.13364491,14.24364324,512002,0,512002,41081
v1,e7bd16a8ad2be3cb1a245ce7fe4d8ea167164025,direct,octree_leafcount,flyby,7,692,692,0.6838399768,0.4927360117,1.178207994,1.184538,1,0,-1,41217,36065,17,17,9286,25.74795508,14.19664495,512002,0,512002,41217
v1,e7bd16a8ad2be3cb1a245ce7fe4d8ea167164025,direct,octree_leafcount,flyby,7,693,693,0.5987200141,0.3638400137,0.9637759924,0.970865,1,0,-1,41137,35995,17,17,9489,26.36199472,14.22425337,512002,0,512002,41137
v1,e7bd16a8ad2be3cb1a245ce7fe4d8ea167164025,direct,octree_leafcount,flyby,7,694,694,0.5309119821,0.3636800051,0.8958399892,0.903281,1,0,-1,41001,35876,17,17,9297,25.91426023,14.27143494,512002,0,512002,41001
v1,e7bd16a8ad2be3cb1a245ce7fe4d8ea167164025,direct,octree_leafcount,flyby,7,695,695,0.6620159745,0.4953280091,1.158560038,1.165961,1,0,-1,41281,36121,17,17,9410,26.05132748,14.17463525,512002,0,512002,41281
v1,e7bd16a8ad2be3cb1a245ce7fe4d8ea167164025,direct,octree_leafcount,flyby,7,696,696,0.6117119789,0.3657920063,0.9787200093,0.986618,1,0,-1,40897,35785,17,17,9299,25.98574822,14.3077267,512002,0,512002,40897
v1,e7bd16a8ad2be3cb1a245ce7fe4d8ea167164025,direct,octree_leafcount,flyby,7,697,697,0.5947840214,0.363808006,0.9598399997,0.967366,1,0,-1,40745,35652,17,17,9109,25.54975878,14.36110176,512002,0,512002,40745
v1,e7bd16a8ad2be3cb1a245ce7fe4d8ea167164025,direct,octree_leafcount,flyby,7,698,698,0.6718720198,0.4921599925,1.165248036,1.172261,1,0,-1,41001,35876,17,17,9342,26.03969227,14.27143494,512002,0,512002,41001
v1,e7bd16a8ad2be3cb1a245ce7fe4d8ea167164025,direct,octree_leafcount,flyby,7,699,699,0.6126719713,0.4918079972,1.106752038,1.113731,1,0,-1,41185,36037,17,17,9384,26.03990343,14.20767544,512002,0,512002,41185
v1,e7bd16a8ad2be3cb1a245ce7fe4d8ea167164025,direct,octree_leafcount,flyby,7,700,700,0.6014720201,0.3658559918,0.9685440063,0.975695,1,0,-1,40617,35540,17,17,9133,25.69780529,14.40635903,512002,0,512002,40617
v1,e7bd16a8ad2be3cb1a245ce7fe4d8ea167164025,direct,octree_leafcount,flyby,7,701,701,0.6709120274,0.4935680032,1.16604805,1.173247,1,0,-1,40705,35617,17,17,9389,26.36100738,14.37521408,512002,0,512002,40705
v1,e7bd16a8ad2be3cb1a245ce7fe4d8ea167164025,direct,octree_leafcount,flyby,7,702,702,0.5917440057,0.4926399887,1.085983992,1.091828,1,0,-1,41001,35876,17,17,9325,25.99230683,14.27143494,512002,0,512002,41001
v1,e7bd16a8ad2be3cb1a245ce7fe4d8ea167164025,direct,octree_leafcount,flyby,7,703,703,0.6736959815,0.4916799963,1.167008042,1.173687,1,0,-1,41089,35953,17,17,9264,25.76697355,14.24087002,512002,0,512002,41089
v1,e7bd16a8ad2be3cb1a245ce7fe4d8ea167164025,direct,octree_leafcount,flyby,7,704,704,0.6125760078,0.4937599897,1.107967973,1.114603,1,0,-1,41113,35974,17,17,9320,25.90759993,14.23255685,512002,0,512002,41113
v1,e7bd16a8ad2be3cb1a245ce7fe4d8ea167164025,direct,octree_leafcount,flyby,7,705,705,0.604640007,0.3635520041,0.9694079757,0.976869,1,0,-1,40721,35631,17,17,9233,25.91282872,14.36956583,512002,0,512002,40721
v1,e7bd16a8ad2be3cb1a245ce7fe4d8ea167164025,direct,octree_leafcount,flyby,7,706,706,0.6657919884,0.4934720099,1.161471963,1.168406,1,0,-1,40929,35813,17,17,9354,26.11900706,14.29654036,512002,0,512002,40929
v1,e7bd16a8ad2be3cb1a245ce7fe4d8ea167164025,direct,octree_leafcount,flyby,7,707,707,0.54825598,0.4937599897,1.043616056,1.05152,1,0,-1,41089,35953,17,17,9209,25.61399605,14.24087002,512002,0,512002,41089
v1,e7bd16a8ad2be3cb1a245ce7fe4d8ea167164025,direct,octree_leafcount,flyby,7,708,708,0.5993599892,0.3628160059,0.9633920193,0.970412,1,0,-1,40593,35519,17,17,9088,25.58630592,14.41487654,512002,0,512002,40593
v1,e7bd16a8ad2be3cb1a245ce7fe4d8ea167164025,direct,octree_leafcount,flyby,7,709,709,0.6752319932,0.4946239889,1.171455979,1.178932,1,0,-1,40785,35687,17,17,9283,26.01227338,14.34701712,512002,0,512002,40785
v1,e7bd16a8ad2be3cb1a245ce7fe4d8ea167164025,direct,octree_leafcount,flyby,7,710,710,0.5391359925,0.3647040129,0.9050880075,0.91246,1,0,-1,40609,35533,17,17,9149,25.74789632,14.40919708,512002,0,512002,40609
v1,e7bd16a8ad2be3cb1a245ce7fe4d8ea167164025,direct,octree_leafcount,flyby,7,711,711,0.5954560041,0.4934720099,1.091104031,1.098296,1,0,-1,40769,35673,17,17,9254,25.94118801,14.35264766,512002,0,512002,40769
v1,e7bd16a8ad2be3cb1a245ce7fe4d8ea167164025,direct,octree_leafcount,flyby,7,712,712,0.6748160124,0.4938879907,1.170303941,1.17757,1,0,-1,40881,35771,17,17,9183,25.67163345,14.31332644,512002,0,512002,40881
v1,e7bd16a8ad2be3cb1a245ce7fe4d8ea167164025,direct,octree_leafcount,flyby,7,713,713,0.5856000185,0.3668479919,0.9537600279,0.961019,1,0,-1,40345,35302,17,17,8955,25.36683474,14.50348422,512002,0,512002,40345
v1,e7bd16a8ad2be3cb1a245ce7fe4d8ea167164025,direct,octree_leafcount,flyby,7,714,714,0.6100159883,0.4925760031,1.104192019,1.111105,1,0,-1,40393,35344,17,17,9154,25.89972838,14.48624943,512002,0,512002,40393
v1,e7bd16a8ad2be3cb1a245ce7fe4d8ea167164025,direct,octree_leafcount,flyby,7,715,715,0.6835200191,0.4957439899,1.180832028,1.188333,1,0,-1,40513,35449,17,17,9070,25.5860532,14.44334114,512002,0,512002,40513
v1,e7bd16a8ad2be3cb1a245ce7fe4d8ea167164025,direct,octree_leafcount,flyby,7,716,716,0.5440639853,0.4935039878,1.039199948,1.046976,1,0,-1,40857,35750,17,17,9057,25.33426573,14.32173427,512002,0,512002,40857
v1,e7bd16a8ad2be3cb1a245ce7fe4d8ea167164025,direct,octree_leafcount,flyby,7,717,717,0.7298880219,0.3984000087,1.130527973,1.143297,1,0,-1,40665,35582,17,17,9210,25.88387387,14.38935417,512002,0,512002,40665
v1,e7bd16a8ad2be3cb1a245ce7fe4d8ea167164025,direct,octree_leafcount,flyby,7,718,718,0.6930559874,0.4947200119,1.189375997,1.196719,1,0,-1,40841,35736,17,17,9168,25.65480188,14.32734497,512002,0,512002,40841
v1,e7bd16a8ad2be3cb1a245ce7fe4d8ea167164025,direct,octree_leafcount,flyby,7,719,719,0.6730239987,0.4938560128,1.169119954,1.176359,1,0,-1,40905,35792,17,17,9175,25.63421994,14.30492848,512002,0,512002,40905
v1,e7bd16a8ad2be3cb1a245ce7fe4d8ea167164025,direct,octree_leafcount,flyby,7,720,720,0.6008960009,0.3667840064,0.9688959718,0.976002,1,0,-1,40601,35526,17,17,9157,25.77548837,14.41203626,512002,0,512002,40601
v1,e7bd16a8ad2be3cb1a245ce7fe4d8ea167164025,direct,octree_leafcount,flyby,7,721,721,0.6595519781,0.4937280118,1.154880047,1.161968,1,0,-1,40745,35652,17,17,9032,25.33378212,14.36110176,512002,0,512002,40745
v1,e7bd16a8ad2be3cb1a245ce7fe4d8ea167164025,direct,octree_leafcount,flyby,7,722,722,0.597375989,0.4967679977,1.095744014,1.102885,1,0,-1,40945,35827,17,17,9293,25.93853797,14.29095375,512002,0,512002,40945
v1,e7bd16a8ad2be3cb1a245ce7fe4d8ea167164025,direct,octree_leafcount,flyby,7,723,723,0.5440319777,0.3648000062,0.910048008,0.917631,1,0,-1,40881,35771,17,17,9093,25.42003299,14.31332644,512002,0,512002,40881
v1,e7bd16a8ad2be3cb1a245ce7fe4d8ea167164025,direct,octree_leafcount,flyby,7,724,724,0.6519359946,0.3669120073,1.020063996,1.02718,1,0,-1,40785,35687,17,17,9071,25.41821952,14.34701712,512002,0,512002,40785
v1,e7bd16a8ad2be3cb1a245ce7fe4d8ea167164025,direct,octree_leafcount,flyby,7,725,725,0.6089280248,0.4937919974,1.104351997,1.111319,1,0,-1,40873,35764,17,17,9196,25.71300749,14.31612795,512002,0,512002,40873
v1,e7bd16a8ad2be3cb1a245ce7fe4d8ea167164025,direct,octree_leafcount,flyby,7,726,726,0.53292799,0.3657599986,0.8999040127,0.906603,1,0,-1,40625,35547,17,17,9063,25.49582243,14.4035221,512002,0,512002,40625
v1,e7bd16a8ad2be3cb1a245ce7fe4d8ea167164025,direct,octree_leafcount,flyby,7,727,727,0.6795840263,0.4935039878,1.174687982,1.182051,1,0,-1,41017,35890,17,17,9206,25.65059905,14.26586793,512002,0,512002,41017
v1,e7bd16a8ad2be3cb1a245ce7fe4d8ea167164025,direct,octree_leafcount,flyby,7,728,728,0.5985599756,0.3668479919,0.9666560292,0.973589,1,0,-1,40961,35841,17,17,9235,25.76658017,14.2853715,512002,0,512002,40961
v1,e7bd16a8ad2be3cb1a245ce7fe4d8ea167164025,direct,octree_leafcount,flyby,7,729,729,0.5455359817,0.3657920063,0.9125760198,0.919296,1,0,-1,40601,35526,17,17,9057,25.49400439,14.41203626,512002,0,512002,40601
v1,e7bd16a8ad2be3cb1a245ce7fe4d8ea167164025,direct,octree_leafcount,flyby,7,730,730,0.6717119813,0.4947200119,1.168063998,1.174909,1,0,-1,40785,35687,17,17,9261,25.95062628,14.34701712,512002,0,512002,40785
v1,e7bd16a8ad2be3cb1a245ce7fe4d8ea167164025,direct,octree_leafcount,flyby,7,731,731,0.6150400043,0.3657599986,0.9821439981,0.989076,1,0,-1,40737,35645,17,17,9147,25.66138308,14.36392201,512002,0,512002,40737
v1,e7bd16a8ad2be3cb1a245ce7fe4d8ea167164025,direct,octree_leafcount,flyby,7,732,732,0.6047999859,0.4924800098,1.09948802,1.10546,1,0,-1,40825,35722,17,17,9111,25.50529086,14.33296008,512002,0,512002,40825
v1,e7bd16a8ad2be3cb1a245ce7fe4d8ea167164025,direct,octree_leafcount,flyby,7,733,733,0.6719999909,0.4925760031,1.166175961,1.172677,1,0,-1,40849,35743,17,17,9262,25.91276614,14.32453907,512002,0,512002,40849
v1,e7bd16a8ad2be3cb1a245ce7fe4d8ea167164025,direct,octree_leafcount,flyby,7,734,734,0.6024640203,0.3646399975,0.9683200121,0.975208,1,0,-1,40809,35708,17,17,9248,25.89895822,14.33857959,512002,0,512002,40809
v1,e7bd16a8ad2be3cb1a245ce7fe4d8ea167164025,direct,octree_leafcount,flyby,7,735,735,0.6612799764,0.4935039878,1.156383991,1.16285,1,0,-1,40993,35869,17,17,9271,25.84683153,14.27422008,512002,0,512002,40993
v1,e7bd16a8ad2be3cb1a245ce7fe4d8ea167164025,direct,octree_leafcount,flyby,7,736,736,0.5953919888,0.3646399975,0.9612479806,0.968632,1,0,-1,40665,35582,17,17,9155,25.72930133,14.38935417,512002,0,512002,40665
v1,e7bd16a8ad2be3cb1a245ce7fe4d8ea167164025,direct,octree_leafcount,flyby,7,737,737,0.6068159938,0.3658240139,0.97388798,0.981677,1,0,-1,40625,35547,17,17,9167,25.78839283,14.4035221,512002,0,512002,40625
v1,e7bd16a8ad2be3cb1a245ce7fe4d8ea167164025,direct,octree_leafcount,flyby,7,738,738,0.6809599996,0.4947839975,1.177983999,1.184986,1,0,-1,41097,35960,17,17,9303,25.87041157,14.23809789,512002,0,512002,41097
v1,e7bd16a8ad2be3cb1a245ce7fe4d8ea167164025,direct,octree_leafcount,flyby,7,739,739,0.546464026,0.3648000062,0.9124799967,0.919513,1,0,-1,40881,35771,17,17,9090,25.41164631,14.31332644,512002,0,512002,40881
v1,e7bd16a8ad2be3cb1a245ce7fe4d8ea167164025,direct,octree_leafcount,flyby,7,740,740,0.5983359814,0.3647040129,0.9642559886,0.970869,1,0,-1,40857,35750,17,17,9140,25.56643357,14.32173427,512002,0,512002,40857
v1,e7bd16a8ad2be3cb1a245ce7fe4d8ea167164025,direct,octree_leafcount,flyby,7,741,741,0.6551039815,0.4951040149,1.15142405,1.158706,1,0,-1,40937,35820,17,17,9306,25.9798995,14.29374651,512002,0,512002,40937
v1,e7bd16a8ad2be3cb1a245ce7fe4d8ea167164025,direct,octree_leafcount,flyby,7,742,742,0.5262399912,0.3636800051,0.8911359906,0.897259,1,0,-1,40817,35715,17,17,9105,25.49349013,14.33576928,512002,0,512002,40817
v1,e7bd16a8ad2be3cb1a245ce7fe4d8ea167164025,direct,octree_leafcount,flyby,7,743,743,0.6158720255,0.492832005,1.110335946,1.117236,1,0,-1,41145,36002,17,17,9311,25.86245209,14.2214877,512002,0,512002,41145
v1,e7bd16a8ad2be3cb1a245ce7fe4d8ea167164025,direct,octree_leafcount,flyby,7,744,744,0.6557440162,0.3627200127,1.019680023,1.026738,1,0,-1,41033,35904,17,17,9300,25.90240642,14.26030526,512002,0,512002,41033
v1,e7bd16a8ad2be3cb1a245ce7fe4d8ea167164025,direct,octree_leafcount,flyby,7,745,745,0.5234559774,0.363808006,0.8884800076,0.893871,1,0,-1,40769,35673,17,17,9168,25.70010933,14.35264766,512002,0,512002,40769
v1,e7bd16a8ad2be3cb1a245ce7fe4d8ea167164025,direct,octree_leafcount,flyby,7,746,746,0.5898879766,0.4936000109,1.085088015,1.091799,1,0,-1,40833,35729,17,17,9345,26.15522405,14.33015198,512002,0,512002,40833
v1,e7bd16a8ad2be3cb1a245ce7fe4d8ea167164025,direct,octree_leafcount,flyby,7,747,747,0.649344027,0.4947839975,1.146368027,1.153143,1,0,-1,40857,35750,17,17,9227,25.80979021,14.32173427,512002,0,512002,40857
v1,e7bd16a8ad2be3cb1a245ce7fe4d8ea167164025,direct,octree_leafcount,flyby,7,748,748,0.5439680219,0.363808006,0.9090240002,0.915963,1,0,-1,40857,35750,17,17,9080,25.3986014,14.32173427,512002,0,512002,40857
v1,e7bd16a8ad2be3cb1a245ce7fe4d8ea167164025,direct,octree_leafcount,flyby,7,749,749,0.6019520164,0.3648639917,0.9680640101,0.975028,1,0,-1,40833,35729,17,17,9304,26.04047133,14.33015198,512002,0,512002,40833
v1,e7bd16a8ad2be3cb1a245ce7fe4d8ea167164025,direct,octree_leafcount,flyby,7,750,750,0.6734079719,0.3647040129,1.039327979,1.045797,1,0,-1,40665,35582,17,17,9192,25.83328649,14.38935417,512002,0,512002,40665
v1,e7bd16a8ad2be3cb1a245ce7fe4d8ea167164025,direct,octree_leafcount,flyby,7,751,751,0.6004160047,0.4928640127,1.095584035,1.102337,1,0,-1,41041,35911,17,17,9251,25.76090891,14.25752555,512002,0,512002,41041
v1,e7bd16a8ad2be3cb1a245ce7fe4d8ea167164025,direct,octree_leafcount,flyby,7,752,752,0.5395200253,0.3627839983,0.9035199881,0.910795,1,0,-1,40889,35778,17,17,9174,25.64145564,14.31052602,512002,0,512002,40889
v1,e7bd16a8ad2be3cb1a245ce7fe4d8ea167164025,direct,octree_leafcount,flyby,7,753,753,0.6740480065,0.3646079898,1.03987205,1.047622,1,0,-1,40649,35568,17,17,9176,25.79847054,14.39501799,512002,0,512002,40649
v1,e7bd16a8ad2be3cb1a245ce7fe4d8ea167164025,direct,octree_leafcount,flyby,7,754,754,0.6021119952,0.4942080081,1.097535968,1.104625,1,0,-1,40673,35589,17,17,9350,26.27216275,14.38652393,512002,0,512002,40673
v1,e7bd16a8ad2be3cb1a245ce7fe4d8ea167164025,direct,octree_leafcount,flyby,7,755,755,0.5485439897,0.4925439954,1.04271996,1.049789,1,0,-1,40937,35820,17,17,9259,25.84868788,14.29374651,512002,0,512002,40937
v1,e7bd16a8ad2be3cb1a245ce7fe4d8ea167164025,direct,octree_leafcount,flyby,7,756,756,0.6701120138,0.4938240051,1.165536046,1.172623,1,0,-1,41153,36009,17,17,9228,25.6269266,14.2187231,512002,0,512002,41153
v1,e7bd16a8ad2be3cb1a245ce7fe4d8ea167164025,direct,octree_leafcount,flyby,7,757,757,0.5923839808,0.3658240139,0.9594240189,0.966467,1,0,-1,40793,35694,17,17,9342,26.17246596,14.34420351,512002,0,512002,40793
v1,e7bd16a8ad2be3cb1a245ce7fe4d8ea167164025,direct,octree_leafcount,flyby,7,758,758,0.538335979,0.3664000034,0.9059519768,0.91335,1,0,-1,40481,35421,17,17,9145,25.81801756,14.45475848,512002,0,512002,40481
v1,e7bd16a8ad2be3cb1a245ce7fe4d8ea167164025,direct,octree_leafcount,flyby,7,759,759,0.6668159962,0.4918079972,1.160223961,1.16691,1,0,-1,40673,35589,17,17,9200,25.8506842,14.38652393,512002,0,512002,40673
v1,e7bd16a8ad2be3cb1a245ce7fe4d8ea167164025,direct,octree_leafcount,flyby,7,760,760,0.6083520055,0.3648320138,0.9743999839,0.981575,1,0,-1,40585,35512,17,17,9214,25.94615904,14.41771795,512002,0,512002,40585
v1,e7bd16a8ad2be3cb1a245ce7fe4d8ea167164025,direct,octree_leafcount,flyby,7,761,761,0.5291519761,0.3648639917,0.8952959776,0.902399,1,0,-1,40361,35316,17,17,8984,25.43889455,14.49773474,512002,0,512002,40361
v1,e7bd16a8ad2be3cb1a245ce7fe4d8ea167164025,direct,octree_leafcount,flyby,7,762,762,0.6784639955,0.4947519898,1.17484796,1.181994,1,0,-1,40809,35708,17,17,9182,25.71412569,14.33857959,512002,0,512002,40809
v1,e7bd16a8ad2be3cb1a245ce7fe4d8ea167164025,direct,octree_leafcount,flyby,7,763,763,0.6080319881,0.3648320138,0.9740800261,0.981504,1,0,-1,40785,35687,17,17,9170,25.69563146,14.34701712,512002,0,512002,40785
v1,e7bd16a8ad2be3cb1a245ce7fe4d8ea167164025,direct,octree_leafcount,flyby,7,764,764,0.5972480178,0.366719991,0.9651839733,0.972516,1,0,-1,40441,35386,17,17,8894,25.13423388,14.46905556,512002,0,512002,40441
v1,e7bd16a8ad2be3cb1a245ce7fe4d8ea167164025,direct,octree_leafcount,flyby,7,765,765,0.6834880114,0.4995520115,1.185248017,1.193448,1,0,-1,40601,35526,17,17,9174,25.82334065,14.41203626,512002,0,512002,40601
v1,e7bd16a8ad2be3cb1a245ce7fe4d8ea167164025,direct,octree_leafcount,flyby,7,766,766,0.6069440246,0.4935680032,1.102175951,1.109111,1,0,-1,40745,35652,17,17,9120,25.58061259,14.36110176,512002,0,512002,40745
v1,e7bd16a8ad2be3cb1a245ce7fe4d8ea167164025,direct,octree_leafcount,flyby,7,767,767,0.6041600108,0.3636479974,0.9690240026,0.976158,1,0,-1,40513,35449,17,17,8990,25.36037688,14.44334114,512002,0,512002,40513
v1,e7bd16a8ad2be3cb1a245ce7fe4d8ea167164025,direct,octree_leafcount,flyby,7,768,768,0.6639040112,0.4938879907,1.159391999,1.166301,1,0,-1,40641,35561,17,17,9170,25.78667642,14.39785158,512002,0,512002,40641
v1,e7bd16a8ad2be3cb1a245ce7fe4d8ea167164025,direct,octree_leafcount,flyby,7,769,769,0.6053439975,0.3648639917,0.9714239836,0.979153,1,0,-1,40505,35442,17,17,9067,25.58264206,14.44619378,512002,0,512002,40505
v1,e7bd16a8ad2be3cb1a245ce7fe4d8ea167164025,direct,octree_leafcount,flyby,7,770,770,0.6828799844,0.4942080081,1.179360032,1.18629,1,0,-1,40785,35687,17,17,8993,25.19965253,14.34701712,512002,0,512002,40785
v1,e7bd16a8ad2be3cb1a245ce7fe4d8ea167164025,direct,octree_leafcount,flyby,7,771,771,0.5996479988,0.3656319976,0.9664959908,0.973979,1,0,-1,40737,35645,17,17,9041,25.36400617,14.36392201,512002,0,512002,40737
v1,e7bd16a8ad2be3cb1a245ce7fe4d8ea167164025,direct,octree_leafcount,flyby,7,772,772,0.610303998,0.3658240139,0.9773439765,0.984635,1,0,-1,40473,35414,17,17,8948,25.26684362,14.45761563,512002,0,512002,40473
v1,e7bd16a8ad2be3cb1a245ce7fe4d8ea167164025,direct,octree_leafcount,flyby,7,773,773,0.6626240015,0.3614400029,1.025279999,1.030907,1,0,-1,40425,35372,17,17,8856,25.03675223,14.47478231,512002,0,512002,40425
v1,e7bd16a8ad2be3cb1a245ce7fe4d8ea167164025,direct,octree_leafcount,flyby,7,774,774,0.6068159938,0.4956479967,1.104832053,1.111744,1,0,-1,40833,35729,17,17,9002,25.19521957,14.33015198,512002,0,512002,40833
v1,e7bd16a8ad2be3cb1a245ce7fe4d8ea167164025,direct,octree_leafcount,flyby,7,775,775,0.6001920104,0.3675520122,0.9689599872,0.976342,1,0,-1,40713,35624,17,17,8940,25.09544128,14.3723894,512002,0,512002,40713
v1,e7bd16a8ad2be3cb1a245ce7fe4d8ea167164025,direct,octree_leafcount,flyby,7,776,776,0.6741440296,0.3648320138,1.040192008,1.047878,1,0,-1,40641,35561,17,17,9142,25.70793847,14.39785158,512002,0,512002,40641
v1,e7bd16a8ad2be3cb1a245ce7fe4d8ea167164025,direct,octree_leafcount,flyby,7,777,777,0.5391359925,0.3647359908,0.9050880075,0.912752,1,0,-1,40617,35540,17,17,8980,25.26730445,14.40635903,512002,0,512002,40617
v1,e7bd16a8ad2be3cb1a245ce7fe4d8ea167164025,direct,octree_leafcount,flyby,7,778,778,0.6129919887,0.4947519898,1.109375954,1.116835,1,0,-1,40913,35799,17,17,9084,25.37501048,14.30213134,512002,0,512002,40913
v1,e7bd16a8ad2be3cb1a245ce7fe4d8ea167164025,direct,octree_leafcount,flyby,7,779,779,0.6700159907,0.3648000062,1.036031961,1.04338,1,0,-1,40761,35666,17,17,9105,25.52851455,14.35546459,512002,0,512002,40761
v1,e7bd16a8ad2be3cb1a245ce7fe4d8ea167164025,direct,octree_leafcount,flyby,7,780,780,0.5291519761,0.3638400137,0.894208014,0.901967,1,0,-1,40633,35554,17,17,8980,25.25735501,14.40068628,512002,0,512002,40633
v1,e7bd16a8ad2be3cb1a245ce7fe4d8ea167164025,direct,octree_leafcount,flyby,7,781,781,0.6041920185,0.4927679896,1.098623991,1.105233,1,0,-1,40833,35729,17,17,9132,25.55906966,14.33015198,512002,0,512002,40833
v1,e7bd16a8ad2be3cb1a245ce7fe4d8ea167164025,direct,octree_leafcount,flyby,7,782,782,0.6882240176,0.4953280091,1.185152054,1.192332,1,0,-1,41033,35904,17,17,9189,25.59324866,14.26030526,512002,0,512002,41033
v1,e7bd16a8ad2be3cb1a245ce7fe4d8ea167164025,direct,octree_leafcount,flyby,7,783,783,0.5392000079,0.3658559918,0.9062719941,0.913581,1,0,-1,40737,35645,17,17,9079,25.47061299,14.36392201,512002,0,512002,40737
v1,e7bd16a8ad2be3cb1a245ce7fe4d8ea167164025,direct,octree_leafcount,flyby,7,784,784,0.6043199897,0.3648000062,0.9703680277,0.977473,1,0,-1,40561,35491,17,17,9173,25.84598912,14.42624891,512002,0,512002,40561
v1,e7bd16a8ad2be3cb1a245ce7fe4d8ea167164025,direct,octree_leafcount,flyby,7,785,785,0.6832320094,0.4947839975,1.179615974,1.187015,1,0,-1,40633,35554,17,17,9113,25.63143388,14.40068628,512002,0,512002,40633
v1,e7bd16a8ad2be3cb1a245ce7fe4d8ea167164025,direct,octree_leafcount,flyby,7,786,786,0.5306879878,0.4945279956,1.027583957,1.034389,1,0,-1,40681,35596,17,17,9010,25.31183279,14.3836948,512002,0,512002,40681
v1,e7bd16a8ad2be3cb1a245ce7fe4d8ea167164025,direct,octree_leafcount,flyby,7,787,787,0.6063039899,0.4938879907,1.101824045,1.108965,1,0,-1,40721,35631,17,17,9197,25.8117931,14.36956583,512002,0,512002,40721
v1,e7bd16a8ad2be3cb1a245ce7fe4d8ea167164025,direct,octree_leafcount,flyby,7,788,788,0.6724479795,0.4948799908,1.169567943,1.176838,1,0,-1,41009,35883,17,17,9145,25.485606,14.26865089,512002,0,512002,41009
v1,e7bd16a8ad2be3cb1a245ce7fe4d8ea167164025,direct,octree_leafcount,flyby,7,789,789,0.6007680297,0.3668160141,0.9688000083,0.976262,1,0,-1,40825,35722,17,17,9071,25.39331504,14.33296008,512002,0,512002,40825
v1,e7bd16a8ad2be3cb1a245ce7fe4d8ea167164025,direct,octree_leafcount,flyby,7,790,790,0.5981119871,0.3657599986,0.9651200175,0.972183,1,0,-1,40545,35477,17,17,9181,25.87873834,14.43194182,512002,0,512002,40545
v1,e7bd16a8ad2be3cb1a245ce7fe4d8ea167164025,direct,octree_leafcount,flyby,7,791,791,0.6566720009,0.3633599877,1.021247983,1.02696,1,0,-1,40449,35393,17,17,9154,25.86387139,14.46619388,512002,0,512002,40449
v1,e7bd16a8ad2be3cb1a245ce7fe4d8ea167164025,direct,octree_leafcount,flyby,7,792,792,0.6072000265,0.4958719909,1.104704022,1.111274,1,0,-1,40753,35659,17,17,9131,25.60643877,14.35828262,512002,0,512002,40753
v1,e7bd16a8ad2be3cb1a245ce7fe4d8ea167164025,direct,octree_leafcount,flyby,7,793,793,0.5333759785,0.4938879907,1.028864026,1.036115,1,0,-1,40825,35722,17,17,9179,25.69564974,14.33296008,512002,0,512002,40825
v1,e7bd16a8ad2be3cb1a245ce7fe4d8ea167164025,direct,octree_leafcount,flyby,7,794,794,0.6594560146,0.365696013,1.026368022,1.03345,1,0,-1,40649,35568,17,17,9077,25.52013045,14.39501799,512002,0,512002,40649
v1,e7bd16a8ad2be3cb1a245ce7fe4d8ea167164025,direct,octree_leafcount,flyby,7,795,795,0.6148800254,0.4939840138,1.110080004,1.11725,1,0,-1,40761,35666,17,17,9266,25.97992486,14.35546459,512002,0,512002,40761
v1,e7bd16a8ad2be3cb1a245ce7fe4d8ea167164025,direct,octree_leafcount,flyby,7,796,796,0.5514240265,0.4936960042,1.046751976,1.053435,1,0,-1,40865,35757,17,17,9044,25.29294963,14.31893056,512002,0,512002,40865
v1,e7bd16a8ad2be3cb1a245ce7fe4d8ea167164025,direct,octree_leafcount,flyby,7,797,797,0.6729599833,0.3658879995,1.040096045,1.047001,1,0,-1,40833,35729,17,17,9057,25.34915615,14.33015198,512002,0,512002,40833
v1,e7bd16a8ad2be3cb1a245ce7fe4d8ea167164025,direct,octree_leafcount,flyby,7,798,798,0.6100159883,0.4935359955,1.105152011,1.112067,1,0,-1,41049,35918,17,17,9219,25.66679659,14.25474692,512002,0,512002,41049
v1,e7bd16a8ad2be3cb1a245ce7fe4d8ea167164025,direct,octree_leafcount,flyby,7,799,799,0.5401600003,0.3647679985,0.9061440229,0.912736,1,0,-1,40729,35638,17,17,8984,25.20904652,14.36674336,512002,0,512002,40729
v1,e7bd16a8ad2be3cb1a245ce7fe4d8ea167164025,direct,octree_leafcount,flyby,7,800,800,0.6720319986,0.4948480129,1.168480039,1.175192,1,0,-1,41025,35897,17,17,9099,25.34752208,14.26308605,512002,0,512002,41025
v1,e7bd16a8ad2be3cb1a245ce7fe4d8ea167164025,direct,octree_leafcount,flyby,7,801,801,0.6091200113,0.3658559918,0.9761919975,0.983202,1,0,-1,40705,35617,17,17,9110,25.57767358,14.37521408,512002,0,512002,40705
v1,e7bd16a8ad2be3cb1a245ce7fe4d8ea167164025,direct,octree_leafcount,flyby,7,802,802,0.5316479802,0.3636800051,0.8965439796,0.902953,1,0,-1,40305,35267,17,17,8868,25.14531999,14.5178779,512002,0,512002,40305
v1,e7bd16a8ad2be3cb1a245ce7fe4d8ea167164025,direct,octree_leafcount,flyby,7,803,803,0.6698560119,0.4943679869,1.165472031,1.172647,1,0,-1,40585,35512,17,17,9012,25.37733724,14.41771795,512002,0,512002,40585
v1,e7bd16a8ad2be3cb1a245ce7fe4d8ea167164025,direct,octree_leafcount,flyby,7,804,804,0.5993279815,0.4928640127,1.094400048,1.101378,1,0,-1,40793,35694,17,17,9022,25.27595674,14.34420351,512002,0,512002,40793
v1,e7bd16a8ad2be3cb1a245ce7fe4d8ea167164025,direct,octree_leafcount,flyby,7,805,805,0.5830079913,0.3637120128,0.9479680061,0.955022,1,0,-1,40305,35267,17,17,8794,24.9354921,14.5178779,512002,0,512002,40305
v1,e7bd16a8ad2be3cb1a245ce7fe4d8ea167164025,direct,octree_leafcount,flyby,7,806,806,0.6674559712,0.4934079945,1.162464023,1.168924,1,0,-1,40441,35386,17,17,9010,25.46204714,14.46905556,512002,0,512002,40441
v1,e7bd16a8ad2be3cb1a245ce7fe4d8ea167164025,direct,octree_leafcount,flyby,7,807,807,0.6033599973,0.3668799996,0.9714559913,0.978926,1,0,-1,40297,35260,17,17,8917,25.28927964,14.52076007,512002,0,512002,40297
v1,e7bd16a8ad2be3cb1a245ce7fe4d8ea167164025,direct,octree_leafcount,flyby,7,808,808,0.6112639904,0.4936639965,1.106559992,1.113811,1,0,-1,40553,35484,17,17,8873,25.00563634,14.4290948,512002,0,512002,40553
v1,e7bd16a8ad2be3cb1a245ce7fe4d8ea167164025,direct,octree_leafcount,flyby,7,809,809,0.676864028,0.3658559918,1.043936014,1.051378,1,0,-1,40545,35477,17,17,9033,25.46156665,14.43194182,512002,0,512002,40545
v1,e7bd16a8ad2be3cb1a245ce7fe4d8ea167164025,direct,octree_leafcount,flyby,7,810,810,0.6018239856,0.3656319976,0.9686719775,0.975712,1,0,-1,40409,35358,17,17,9034,25.55008767,14.4805136,512002,0,512002,40409
v1,e7bd16a8ad2be3cb1a245ce7fe4d8ea167164025,direct,octree_leafcount,flyby,7,811,811,0.6816959977,0.4947519898,1.178719997,1.185484,1,0,-1,40873,35764,17,17,9117,25.49211498,14.31612795,512002,0,512002,40873
v1,e7bd16a8ad2be3cb1a245ce7fe4d8ea167164025,direct,octree_leafcount,flyby,7,812,812,0.6528639793,0.3730239868,1.027263999,1.034193,1,0,-1,40681,35596,17,17,9149,25.7023261,14.3836948,512002,0,512002,40681
v1,e7bd16a8ad2be3cb1a245ce7fe4d8ea167164025,direct,octree_leafcount,flyby,7,813,813,0.6130880117,0.3658879995,0.9801920056,0.988202,1,0,-1,40537,35470,17,17,9041,25.48914576,14.43478996,512002,0,512002,40537
v1,e7bd16a8ad2be3cb1a245ce7fe4d8ea167164025,direct,octree_leafcount,flyby,7,814,814,0.6560320258,0.4946559966,1.15228796,1.157998,1,0,-1,40705,35617,17,17,9074,25.47659825,14.37521408,512002,0,512002,40705
v1,e7bd16a8ad2be3cb1a245ce7fe4d8ea167164025,direct,octree_leafcount,flyby,7,815,815,0.5975040197,0.3648000062,0.9635199904,0.970114,1,0,-1,40705,35617,17,17,9020,25.32498526,14.37521408,512002,0,512002,40705
v1,e7bd16a8ad2be3cb1a245ce7fe4d8ea167164025,direct,octree_leafcount,flyby,7,816,816,0.6150079966,0.3657920063,0.9820479751,0.989089,1,0,-1,40329,35288,17,17,8831,25.02550442,14.50923827,512002,0,512002,40329
v1,e7bd16a8ad2be3cb1a245ce7fe4d8ea167164025,direct,octree_leafcount,flyby,7,817,817,0.6799039841,0.4947519898,1.176223993,1.1834,1,0,-1,40641,35561,17,17,9050,25.44922809,14.39785158,512002,0,512002,40641
v1,e7bd16a8ad2be3cb1a245ce7fe4d8ea167164025,direct,octree_leafcount,flyby,7,818,818,0.5381439924,0.365696013,0.9050880075,0.912511,1,0,-1,40561,35491,17,17,8886,25.03733341,14.42624891,512002,0,512002,40561
v1,e7bd16a8ad2be3cb1a245ce7fe4d8ea167164025,direct,octree_leafcount,flyby,7,819,819,0.6075839996,0.3668160141,0.9759680033,0.981816,1,0,-1,40457,35400,17,17,8857,25.01977401,14.46333333,512002,0,512002,40457
v1,e7bd16a8ad2be3cb1a245ce7fe4d8ea167164025,direct,octree_leafcount,flyby,7,820,820,0.6631680131,0.3647359908,1.029152036,1.035739,1,0,-1,40289,35253,17,17,9004,25.5410887,14.52364338,512002,0,512002,40289
v1,e7bd16a8ad2be3cb1a245ce7fe4d8ea167164025,direct,octree_leafcount,flyby,7,821,821,0.5273600221,0.4926719964,1.021664023,1.028385,1,0,-1,40457,35400,17,17,8932,25.23163842,14.46333333,512002,0,512002,40457
v1,e7bd16a8ad2be3cb1a245ce7fe4d8ea167164025,direct,octree_leafcount,flyby,7,822,822,0.5978879929,0.4921920002,1.091295958,1.097868,1,0,-1,40649,35568,17,17,8993,25.28396311,14.39501799,512002,0,512002,40649
v1,e7bd16a8ad2be3cb1a245ce7fe4d8ea167164025,direct,octree_leafcount,flyby,7,823,823,0.6603519917,0.3634560108,1.025024056,1.032055,1,0,-1,40473,35414,17,17,9059,25.58027899,14.45761563,512002,0,512002,40473
v1,e7bd16a8ad2be3cb1a245ce7fe4d8ea167164025,direct,octree_leafcount,flyby,7,824,824,0.5394880176,0.3668479919,0.9075520039,0.914166,1,0,-1,40273,35239,17,17,8877,25.19083969,14.52941343,512002,0,512002,40273
v1,e7bd16a8ad2be3cb1a245ce7fe4d8ea167164025,direct,octree_leafcount,flyby,7,825,825,0.610047996,0.4942399859,1.105504036,1.112803,1,0,-1,40641,35561,17,17,9084,25.54483845,14.39785158,512002,0,512002,40641
v1,e7bd16a8ad2be3cb1a245ce7fe4d8ea167164025,direct,octree_leafcount,flyby,7,826,826,0.6646400094,0.3666880131,1.032544017,1.039241,1,0,-1,40609,35533,17,17,9098,25.60436777,14.40919708,512002,0,512002,40609
v1,e7bd16a8ad2be3cb1a245ce7fe4d8ea167164025,direct,octree_leafcount,flyby,7,827,827,0.535327971,0.3655360043,0.9020799994,0.909694,1,0,-1,40265,35232,17,17,8913,25.29802452,14.53230018,512002,0,512002,40265
v1,e7bd16a8ad2be3cb1a245ce7fe4d8ea167164025,direct,octree_leafcount,flyby,7,828,828,0.6039680243,0.4947200119,1.100927949,1.107859,1,0,-1,40641,35561,17,17,9102,25.5954557,14.39785158,512002,0,512002,40641
v1,e7bd16a8ad2be3cb1a245ce7fe4d8ea167164025,direct,octree_leafcount,flyby,7,829,829,0.6508799791,0.4937919974,1.146304011,1.15281,1,0,-1,40705,35617,17,17,8993,25.24917876,14.37521408,512002,0,512002,40705
v1,e7bd16a8ad2be3cb1a245ce7fe4d8ea167164025,direct,octree_leafcount,flyby,7,830,830,0.5322239995,0.365440011,0.8988800049,0.905606,1,0,-1,40289,35253,17,17,8842,25.08155334,14.52364338,512002,0,512002,40289
v1,e7bd16a8ad2be3cb1a245ce7fe4d8ea167164025,direct,octree_leafcount,flyby,7,831,831,0.6172800064,0.4937919974,1.113312006,1.120645,1,0,-1,40545,35477,17,17,9155,25.80545142,14.43194182,512002,0,512002,40545
v1,e7bd16a8ad2be3cb1a245ce7fe4d8ea167164025,direct,octree_leafcount,flyby,7,832,832,0.6741759777,0.495968014,1.171776056,1.179098,1,0,-1,40601,35526,17,17,8974,25.26037268,14.41203626,512002,0,512002,40601
v1,e7bd16a8ad2be3cb1a245ce7fe4d8ea167164025,direct,octree_leafcount,flyby,7,833,833,0.5347520113,0.4987840056,1.035168052,1.040534,1,0,-1,40641,35561,17,17,8969,25.22145047,14.39785158,512002,0,512002,40641
v1,e7bd16a8ad2be3cb1a245ce7fe4d8ea167164025,direct,octree_leafcount,flyby,7,834,834,0.6059520245,0.3642880023,0.9714559913,0.978575,1,0,-1,40529,35463,17,17,9026,25.45187942,14.43763923,512002,0,512002,40529
v1,e7bd16a8ad2be3cb1a245ce7fe4d8ea167164025,direct,octree_leafcount,flyby,7,835,835,0.6653439999,0.4936960042,1.161247969,1.16808,1,0,-1,40569,35498,17,17,9068,25.54510113,14.42340414,512002,0,512002,40569
v1,e7bd16a8ad2be3cb1a245ce7fe4d8ea167164025,direct,octree_leafcount,flyby,7,836,836,0.6072000265,0.4957120121,1.105119944,1.111495,1,0,-1,40801,35701,17,17,9022,25.27100081,14.341391,512002,0,512002,40801
v1,e7bd16a8ad2be3cb1a245ce7fe4d8ea167164025,direct,octree_leafcount,flyby,7,837,837,0.5431039929,0.3668160141,0.9111679792,0.91857,1,0,-1,40505,35442,17,17,9007,25.41335139,14.44619378,512002,0,512002,40505
v1,e7bd16a8ad2be3cb1a245ce7fe4d8ea167164025,direct,octree_leafcount,flyby,7,838,838,0.6621119976,0.3657279909,1.02908802,1.036299,1,0,-1,40505,35442,17,17,8947,25.24406072,14.44619378,512002,0,512002,40505
v1,e7bd16a8ad2be3cb1a245ce7fe4d8ea167164025,direct,octree_leafcount,flyby,7,839,839,0.6043199897,0.4928640127,1.098912001,1.105189,1,0,-1,40865,35757,17,17,9134,25.5446486,14.31893056,512002,0,512002,40865
v1,e7bd16a8ad2be3cb1a245ce7fe4d8ea167164025,direct,octree_leafcount,flyby,7,840,840,0.5345600247,0.3648959994,0.9006720185,0.907431,1,0,-1,40729,35638,17,17,9123,25.59907963,14.36674336,512002,0,512002,40729
v1,e7bd16a8ad2be3cb1a245ce7fe4d8ea167164025,direct,octree_leafcount,flyby,7,841,841,0.667584002,0.3645119965,1.033311963,1.040077,1,0,-1,40665,35582,17,17,9018,25.3442752,14.38935417,512002,0,512002,40665
v1,e7bd16a8ad2be3cb1a245ce7fe4d8ea167164025,direct,octree_leafcount,flyby,7,842,842,0.6040959954,0.4925760031,1.097919941,1.10438,1,0,-1,40689,35603,17,17,9060,25.44729377,14.38086678,512002,0,512002,40689
v1,e7bd16a8ad2be3cb1a245ce7fe4d8ea167164025,direct,octree_leafcount,flyby,7,843,843,0.5459840298,0.3647679985,0.9119679928,0.918443,1,0,-1,40649,35568,17,17,9005,25.3177013,14.39501799,512002,0,512002,40649
v1,e7bd16a8ad2be3cb1a245ce7fe4d8ea167164025,direct,octree_leafcount,flyby,7,844,844,0.6823359728,0.3657599986,1.049343944,1.05662,1,0,-1,40393,35344,17,17,8873,25.10468538,14.48624943,512002,0,512002,40393
v1,e7bd16a8ad2be3cb1a245ce7fe4d8ea167164025,direct,octree_leafcount,flyby,7,845,845,0.604896009,0.495231986,1.101376057,1.108722,1,0,-1,40609,35533,17,17,9053,25.47772493,14.40919708,512002,0,512002,40609
v1,e7bd16a8ad2be3cb1a245ce7fe4d8ea167164025,direct,octree_leafcount,flyby,7,846,846,0.5366719961,0.3647040129,0.9025920033,0.90982,1,0,-1,40417,35365,17,17,8880,25.10957161,14.47764739,512002,0,512002,40417
v1,e7bd16a8ad2be3cb1a245ce7fe4d8ea167164025,direct,octree_leafcount,flyby,7,847,847,0.6650879979,0.4938560128,1.161152005,1.1681,1,0,-1,40769,35673,17,17,9007,25.2487876,14.35264766,512002,0,512002,40769
v1,e7bd16a8ad2be3cb1a245ce7fe4d8ea167164025,direct,octree_leafcount,flyby,7,848,848,0.6093440056,0.3646079898,0.9751679897,0.981425,1,0,-1,40497,35435,17,17,9033,25.49174545,14.44904755,512002,0,512002,40497
v1,e7bd16a8ad2be3cb1a245ce7fe4d8ea167164025,direct,octree_leafcount,flyby,7,849,849,0.5383679867,0.3648639917,0.9044479728,0.911535,1,0,-1,40297,35260,17,17,8802,24.96313103,14.52076007,512002,0,512002,40297
v1,e7bd16a8ad2be3cb1a245ce7fe4d8ea167164025,direct,octree_leafcount,flyby,7,850,850,0.660416007,0.4936319888,1.155647993,1.162411,1,0,-1,40529,35463,17,17,8902,25.10221921,14.43763923,512002,0,512002,40529
v1,e7bd16a8ad2be3cb1a245ce7fe4d8ea167164025,direct,octree_leafcount,flyby,7,851,851,0.6111040115,0.4938240051,1.106528044,1.113407,1,0,-1,40609,35533,17,17,8982,25.27791067,14.40919708,512002,0,512002,40609
v1,e7bd16a8ad2be3cb1a245ce7fe4d8ea167164025,direct,octree_leafcount,flyby,7,852,852,0.530272007,0.3633280098,0.8949120045,0.902142,1,0,-1,40329,35288,17,17,8851,25.08218091,14.50923827,512002,0,512002,40329
v1,e7bd16a8ad2be3cb1a245ce7fe4d8ea167164025,direct,octree_leafcount,flyby,7,853,853,0.6584640145,0.4958719909,1.155936003,1.162522,1,0,-1,40601,35526,17,17,8984,25.28852108,14.41203626,512002,0,512002,40601
v1,e7bd16a8ad2be3cb1a245ce7fe4d8ea167164025,direct,octree_leafcount,flyby,7,854,854,0.6160960197,0.4946559966,1.112352014,1.119695,1,0,-1,40953,35834,17,17,9095,25.38092315,14.28816208,512002,0,512002,40953
v1,e7bd16a8ad2be3cb1a245ce7fe4d8ea167164025,direct,octree_leafcount,flyby,7,855,855,0.5395200253,0.3658240139,0.9065920115,0.913859,1,0,-1,40497,35435,17,17,8995,25.38450684,14.44904755,512002,0,512002,40497
v1,e7bd16a8ad2be3cb1a245ce7fe4d8ea167164025,direct,octree_leafcount,flyby,7,856,856,0.6695039868,0.4938560128,1.16563201,1.1728,1,0,-1,40705,35617,17,17,9073,25.47379061,14.37521408,512002,0,512002,40705
v1,e7bd16a8ad2be3cb1a245ce7fe4d8ea167164025,direct,octree_leafcount,flyby,7,857,857,0.6165760159,0.49446401,1.11283195,1.119384,1,0,-1,40905,35792,17,17,9108,25.44702727,14.30492848,512002,0,512002,40905
v1,e7bd16a8ad2be3cb1a245ce7fe4d8ea167164025,direct,octree_leafcount,flyby,7,858,858,0.6001600027,0.3657279909,0.9671040177,0.974109,1,0,-1,40753,35659,17,17,8885,24.91657085,14.35828262,512002,0,512002,40753
v1,e7bd16a8ad2be3cb1a245ce7fe4d8ea167164025,direct,octree_leafcount,flyby,7,859,859,0.6723840237,0.4946239889,1.168640018,1.175306,1,0,-1,40777,35680,17,17,9094,25.48766816,14.34983184,512002,0,512002,40777
v1,e7bd16a8ad2be3cb1a245ce7fe4d8ea167164025,direct,octree_leafcount,flyby,7,860,860,0.6056640148,0.3634240031,0.97033602,0.977274,1,0,-1,40745,35652,17,17,9089,25.49366094,14.36110176,512002,0,512002,40745
v1,e7bd16a8ad2be3cb1a245ce7fe4d8ea167164025,direct,octree_leafcount,flyby,7,861,861,0.6163840294,0.492704004,1.111456037,1.118309,1,0,-1,40961,35841,17,17,9087,25.35364527,14.2853715,512002,0,512002,40961
v1,e7bd16a8ad2be3cb1a245ce7fe4d8ea167164025,direct,octree_leafcount,flyby,7,862,862,0.6621119976,0.3652479947,1.028576016,1.035064,1,0,-1,40537,35470,17,17,9109,25.68085706,14.43478996,512002,0,512002,40537
v1,e7bd16a8ad2be3cb1a245ce7fe4d8ea167164025,direct,octree_leafcount,flyby,7,863,863,0.6079999804,0.3648320138,0.9740480185,0.981135,1,0,-1,40537,35470,17,17,9074,25.58218213,14.43478996,512002,0,512002,40537
v1,e7bd16a8ad2be3cb1a245ce7fe4d8ea167164025,direct,octree_leafcount,flyby,7,864,864,0.6698880196,0.49673599,1.168223977,1.174903,1,0,-1,40977,35855,17,17,9088,25.34653465,14.27979361,512002,0,512002,40977
v1,e7bd16a8ad2be3cb1a245ce7fe4d8ea167164025,direct,octree_leafcount,flyby,7,865,865,0.6170240045,0.3668479919,0.9850879908,0.992289,1,0,-1,40745,35652,17,17,9051,25.38707506,14.36110176,512002,0,512002,40745
v1,e7bd16a8ad2be3cb1a245ce7fe4d8ea167164025,direct,octree_leafcount,flyby,7,866,866,0.6137920022,0.366463989,0.9814720154,0.988795,1,0,-1,40361,35316,17,17,8948,25.33695775,14.49773474,512002,0,512002,40361
v1,e7bd16a8ad2be3cb1a245ce7fe4d8ea167164025,direct,octree_leafcount,flyby,7,867,867,0.6865599751,0.4963519871,1.184128046,1.19169,1,0,-1,40665,35582,17,17,9026,25.36675847,14.38935417,512002,0,512002,40665
v1,e7bd16a8ad2be3cb1a245ce7fe4d8ea167164025,direct,octree_leafcount,flyby,7,868,868,0.615967989,0.3666239977,0.983807981,0.991102,1,0,-1,40641,35561,17,17,8973,25.23269874,14.39785158,512002,0,512002,40641
v1,e7bd16a8ad2be3cb1a245ce7fe4d8ea167164025,direct,octree_leafcount,flyby,7,869,869,0.6143680215,0.3658559918,0.9814400077,0.98896,1,0,-1,40481,35421,17,17,8862,25.01905649,14.45475848,512002,0,512002,40481
v1,e7bd16a8ad2be3cb1a245ce7fe4d8ea167164025,direct,octree_leafcount,flyby,7,870,870,0.665184021,0.4946239889,1.162016034,1.169134,1,0,-1,40641,35561,17,17,8962,25.20176598,14.39785158,512002,0,512002,40641
v1,e7bd16a8ad2be3cb1a245ce7fe4d8ea167164025,direct,octree_leafcount,flyby,7,871,871,0.5387200117,0.366463989,0.9064000249,0.914307,1,0,-1,40545,35477,17,17,8919,25.1402317,14.43194182,512002,0,512002,40545
v1,e7bd16a8ad2be3cb1a245ce7fe4d8ea167164025,direct,octree_leafcount,flyby,7,872,872,0.6023359895,0.3668799996,0.9704319835,0.978158,1,0,-1,40521,35456,17,17,8895,25.08743231,14.44048962,512002,0,512002,40521
v1,e7bd16a8ad2be3cb1a245ce7fe4d8ea167164025,direct,octree_leafcount,flyby,7,873,873,0.6746240258,0.4964480102,1.172287941,1.179619,1,0,-1,40545,35477,17,17,8993,25.34881754,14.43194182,512002,0,512002,40545
v1,e7bd16a8ad2be3cb1a245ce7fe4d8ea167164025,direct,octree_leafcount,flyby,7,874,874,0.5327360034,0.3667519987,0.9007040262,0.907998,1,0,-1,40409,35358,17,17,8785,24.84586232,14.4805136,512002,0,512002,40409
v1,e7bd16a8ad2be3cb1a245ce7fe4d8ea167164025,direct,octree_leafcount,flyby,7,875,875,0.6060159802,0.4963200092,1.103584051,1.110287,1,0,-1,40569,35498,17,17,8796,24.77886078,14.42340414,512002,0,512002,40569
v1,e7bd16a8ad2be3cb1a245ce7fe4d8ea167164025,direct,octree_leafcount,flyby,7,876,876,0.6712319851,0.4935359955,1.166368008,1.172835,1,0,-1,40633,35554,17,17,8891,25.00703156,14.40068628,512002,0,512002,40633
v1,e7bd16a8ad2be3cb1a245ce7fe4d8ea167164025,direct,octree_leafcount,flyby,7,877,877,0.5281280279,0.3648639917,0.8942400217,0.900007,1,0,-1,40593,35519,17,17,8859,24.94158056,14.41487654,512002,0,512002,40593
v1,e7bd16a8ad2be3cb1a245ce7fe4d8ea167164025,direct,octree_leafcount,flyby,7,878,878,0.6132479906,0.4944320023,1.109312057,1.11593,1,0,-1,40793,35694,17,17,8907,24.95377374,14.34420351,512002,0,512002,40793
v1,e7bd16a8ad2be3cb1a245ce7fe4d8ea167164025,direct,octree_leafcount,flyby,7,879,879,0.6454079747,0.3628160059,1.009439945,1.015156,1,0,-1,40769,35673,17,17,8991,25.20393575,14.35264766,512002,0,512002,40769
v1,e7bd16a8ad2be3cb1a245ce7fe4d8ea167164025,direct,octree_leafcount,flyby,7,880,880,0.5300800204,0.3656640053,0.8969600201,0.90382,1,0,-1,40297,35260,17,17,8815,25,14.52076007,512002,0,512002,40297
v1,e7bd16a8ad2be3cb1a245ce7fe4d8ea167164025,direct,octree_leafcount,flyby,7,881,881,0.6132799983,0.4938560128,1.108703971,1.115341,1,0,-1,40609,35533,17,17,8941,25.16252498,14.40919708,512002,0,512002,40609
v1,e7bd16a8ad2be3cb1a245ce7fe4d8ea167164025,direct,octree_leafcount,flyby,7,882,882,0.6384000182,0.4951359928,1.134783983,1.142031,1,0,-1,40641,35561,17,17,8938,25.13427631,14.39785158,512002,0,512002,40641
v1,e7bd16a8ad2be3cb1a245ce7fe4d8ea167164025,direct,octree_leafcount,flyby,7,883,883,0.5295040011,0.3655999899,0.8963199854,0.903268,1,0,-1,40161,35141,17,17,8732,24.8484676,14.56993256,512002,0,512002,40161
v1,e7bd16a8ad2be3cb1a245ce7fe4d8ea167164025,direct,octree_leafcount,flyby,7,884,884,0.6179839969,0.4947839975,1.114943981,1.121869,1,0,-1,40505,35442,17,17,8923,25.17634445,14.44619378,512002,0,512002,40505
v1,e7bd16a8ad2be3cb1a245ce7fe4d8ea167164025,direct,octree_leafcount,flyby,7,885,885,0.6588799953,0.4958719909,1.156352043,1.163431,1,0,-1,40793,35694,17,17,8927,25.00980557,14.34420351,512002,0,512002,40793
v1,e7bd16a8ad2be3cb1a245ce7fe4d8ea167164025,direct,octree_leafcount,flyby,7,886,886,0.5252479911,0.3647040129,0.8911679983,0.898361,1,0,-1,40281,35246,17,17,8720,24.74039607,14.52652783,512002,0,512002,40281
v1,e7bd16a8ad2be3cb1a245ce7fe4d8ea167164025,direct,octree_leafcount,flyby,7,887,887,0.6064320207,0.4969280064,1.10502398,1.112298,1,0,-1,40361,35316,17,17,9020,25.54083135,14.49773474,512002,0,512002,40361
v1,e7bd16a8ad2be3cb1a245ce7fe4d8ea167164025,direct,octree_leafcount,flyby,7,888,888,0.6697919965,0.4963839948,1.167392015,1.174367,1,0,-1,40449,35393,17,17,8863,25.04167491,14.46619388,512002,0,512002,40449
v1,e7bd16a8ad2be3cb1a245ce7fe4d8ea167164025,direct,octree_leafcount,flyby,7,889,889,0.5331199765,0.3646399975,0.898976028,0.906061,1,0,-1,40281,35246,17,17,8684,24.63825682,14.52652783,512002,0,512002,40281
v1,e7bd16a8ad2be3cb1a245ce7fe4d8ea167164025,direct,octree_leafcount,flyby,7,890,890,0.6104959846,0.3656319976,0.9773439765,0.984909,1,0,-1,40265,35232,17,17,9000,25.54495913,14.53230018,512002,0,512002,40265
v1,e7bd16a8ad2be3cb1a245ce7fe4d8ea167164025,direct,octree_leafcount,flyby,7,891,891,0.6930559874,0.4974400103,1.191712022,1.199159,1,0,-1,40833,35729,17,17,9007,25.2092138,14.33015198,512002,0,512002,40833
v1,e7bd16a8ad2be3cb1a245ce7fe4d8ea167164025,direct,octree_leafcount,flyby,7,892,892,0.5450879931,0.3669120073,0.9132159948,0.920596,1,0,-1,40833,35729,17,17,8975,25.1196507,14.33015198,512002,0,512002,40833
v1,e7bd16a8ad2be3cb1a245ce7fe4d8ea167164025,direct,octree_leafcount,flyby,7,893,893,0.6120960116,0.3658240139,0.9791679978,0.986438,1,0,-1,40561,35491,17,17,9064,25.53886901,14.42624891,512002,0,512002,40561
v1,e7bd16a8ad2be3cb1a245ce7fe4d8ea167164025,direct,octree_leafcount,flyby,7,894,894,0.6773120165,0.4968000054,1.176607966,1.18262,1,0,-1,40593,35519,17,17,8993,25.31884344,14.41487654,512002,0,512002,40593
v1,e7bd16a8ad2be3cb1a245ce7fe4d8ea167164025,direct,octree_leafcount,flyby,7,895,895,0.6006399989,0.494336009,1.096320033,1.103239,1,0,-1,40649,35568,17,17,8919,25.07591093,14.39501799,512002,0,512002,40649
v1,e7bd16a8ad2be3cb1a245ce7fe4d8ea167164025,direct,octree_leafcount,flyby,7,896,896,0.5283200145,0.3647679985,0.8943039775,0.900319,1,0,-1,40297,35260,17,17,8871,25.15882019,14.52076007,512002,0,512002,40297
v1,e7bd16a8ad2be3cb1a245ce7fe4d8ea167164025,direct,octree_leafcount,flyby,7,897,897,0.6566079855,0.4948480129,1.153056026,1.159718,1,0,-1,40369,35323,17,17,8849,25.05166605,14.4948617,512002,0,512002,40369
v1,e7bd16a8ad2be3cb1a245ce7fe4d8ea167164025,direct,octree_leafcount,flyby,7,898,898,0.6007999778,0.4937280118,1.100191951,1.106394,1,0,-1,40393,35344,17,17,8864,25.07922137,14.48624943,512002,0,512002,40393
v1,e7bd16a8ad2be3cb1a245ce7fe4d8ea167164025,direct,octree_leafcount,flyby,7,899,899,0.537536025,0.3664320111,0.9052159786,0.911701,1,0,-1,40369,35323,17,17,8913,25.23285112,14.4948617,512002,0,512002,40369
v1,e7bd16a8ad2be3cb1a245ce7fe4d8ea167164025,direct,octree_leafcount,flyby,7,900,900,0.6599040031,0.3647679985,1.025920033,1.032818,1,0,-1,40121,35106,17,17,8854,25.22075998,14.5844585,512002,0,512002,40121
v1,e7bd16a8ad2be3cb1a245ce7fe4d8ea167164025,direct,octree_leafcount,flyby,7,901,901,0.6055999994,0.4968320131,1.104640007,1.111483,1,0,-1,40385,35337,17,17,8956,25.34453972,14.48911905,512002,0,512002,40385
v1,e7bd16a8ad2be3cb1a245ce7fe4d8ea167164025,direct,octree_leafcount,flyby,7,902,902,0.5993919969,0.4944320023,1.095456004,1.101744,1,0,-1,40641,35561,17,17,8944,25.15114873,14.39785158,512002,0,512002,40641
v1,e7bd16a8ad2be3cb1a245ce7fe4d8ea167164025,direct,octree_leafcount,flyby,7,903,903,0.67740798,0.3655039966,1.044160008,1.051294,1,0,-1,40409,35358,17,17,8764,24.78646982,14.4805136,512002,0,512002,40409
v1,e7bd16a8ad2be3cb1a245ce7fe4d8ea167164025,direct,octree_leafcount,flyby,7,904,904,0.5988479853,0.4926719964,1.093119979,1.1009,1,0,-1,40585,35512,17,17,8940,25.17458887,14.41771795,512002,0,512002,40585
v1,e7bd16a8ad2be3cb1a245ce7fe4d8ea167164025,direct,octree_leafcount,flyby,7,905,905,0.5461440086,0.4977599978,1.046111941,1.054111,1,0,-1,40649,35568,17,17,8827,24.81725146,14.39501799,512002,0,512002,40649
v1,e7bd16a8ad2be3cb1a245ce7fe4d8ea167164025,direct,octree_leafcount,flyby,7,906,906,0.6720640063,0.3668160141,1.040096045,1.046774,1,0,-1,40601,35526,17,17,8769,24.68333052,14.41203626,512002,0,512002,40601
v1,e7bd16a8ad2be3cb1a245ce7fe4d8ea167164025,direct,octree_leafcount,flyby,7,907,907,0.614463985,0.4950720072,1.110720038,1.118018,1,0,-1,40737,35645,17,17,9036,25.34997896,14.36392201,512002,0,512002,40737
v1,e7bd16a8ad2be3cb1a245ce7fe4d8ea167164025,direct,octree_leafcount,flyby,7,908,908,0.5428159833,0.3646720052,0.9087039828,0.915992,1,0,-1,40457,35400,17,17,8860,25.02824859,14.46333333,512002,0,512002,40457
v1,e7bd16a8ad2be3cb1a245ce7fe4d8ea167164025,direct,octree_leafcount,flyby,7,909,909,0.6639040112,0.3658879995,1.031039953,1.037769,1,0,-1,40313,35274,17,17,8807,24.96739808,14.51499688,512002,0,512002,40313
v1,e7bd16a8ad2be3cb1a245ce7fe4d8ea167164025,direct,octree_leafcount,flyby,7,910,910,0.6026239991,0.4968000054,1.101631999,1.108597,1,0,-1,40481,35421,17,17,8982,25.35783857,14.45475848,512002,0,512002,40481
v1,e7bd16a8ad2be3cb1a245ce7fe4d8ea167164025,direct,octree_leafcount,flyby,7,911,911,0.5334399939,0.3647679985,0.8994240165,0.906443,1,0,-1,40305,35267,17,17,8830,25.03757053,14.5178779,512002,0,512002,40305
v1,e7bd16a8ad2be3cb1a245ce7fe4d8ea167164025,direct,octree_leafcount,flyby,7,912,912,0.654655993,0.4945600033,1.150815964,1.157553,1,0,-1,40521,35456,17,17,8890,25.07333032,14.44048962,512002,0,512002,40521
v1,e7bd16a8ad2be3cb1a245ce7fe4d8ea167164025,direct,octree_leafcount,flyby,7,913,913,0.6064640284,0.3778879941,0.985567987,0.992668,1,0,-1,40465,35407,17,17,8968,25.32832491,14.46047392,512002,0,512002,40465
v1,e7bd16a8ad2be3cb1a245ce7fe4d8ea167164025,direct,octree_leafcount,flyby,7,914,914,0.5381439924,0.3656319976,0.9049919844,0.911884,1,0,-1,40369,35323,17,17,8860,25.08280724,14.4948617,512002,0,512002,40369
v1,e7bd16a8ad2be3cb1a245ce7fe4d8ea167164025,direct,octree_leafcount,flyby,7,915,915,0.6672959924,0.4936960042,1.162592053,1.16968,1,0,-1,40617,35540,17,17,9018,25.37422622,14.40635903,512002,0,512002,40617
v1,e7bd16a8ad2be3cb1a245ce7fe4d8ea167164025,direct,octree_leafcount,flyby,7,916,916,0.6068480015,0.3646399975,0.9727039933,0.97991,1,0,-1,40481,35421,17,17,8966,25.31266763,14.45475848,512002,0,512002,40481
v1,e7bd16a8ad2be3cb1a245ce7fe4d8ea167164025,direct,octree_leafcount,flyby,7,917,917,0.5325120091,0.3644799888,0.8983359933,0.904288,1,0,-1,40225,35197,17,17,8783,24.95383129,14.54675114,512002,0,512002,40225
v1,e7bd16a8ad2be3cb1a245ce7fe4d8ea167164025,direct,octree_leafcount,flyby,7,918,918,0.6541119814,0.4942719936,1.149631977,1.156488,1,0,-1,40553,35484,17,17,8933,25.17472664,14.4290948,512002,0,512002,40553
v1,e7bd16a8ad2be3cb1a245ce7fe4d8ea167164025,direct,octree_leafcount,flyby,7,919,919,0.6133760214,0.3677760065,0.9823679924,0.990163,1,0,-1,40529,35463,17,17,8923,25.16143586,14.43763923,512002,0,512002,40529
v1,e7bd16a8ad2be3cb1a245ce7fe4d8ea167164025,direct,octree_leafcount,flyby,7,920,920,0.5333759785,0.3665280044,0.9011520147,0.907898,1,0,-1,40177,35155,17,17,8780,24.97511023,14.56413028,512002,0,512002,40177
v1,e7bd16a8ad2be3cb1a245ce7fe4d8ea167164025,direct,octree_leafcount,flyby,7,921,921,0.6637120247,0.4938879907,1.159904003,1.166686,1,0,-1,40401,35351,17,17,8849,25.03182371,14.48338095,512002,0,512002,40401
v1,e7bd16a8ad2be3cb1a245ce7fe4d8ea167164025,direct,octree_leafcount,flyby,7,922,922,0.6051200032,0.4966399968,1.104223967,1.111077,1,0,-1,40897,35785,17,17,9058,25.31228168,14.3077267,512002,0,512002,40897
v1,e7bd16a8ad2be3cb1a245ce7fe4d8ea167164025,direct,octree_leafcount,flyby,7,923,923,0.5963519812,0.3637759984,0.9613440037,0.967804,1,0,-1,40337,35295,17,17,8799,24.92987675,14.50636067,512002,0,512002,40337
v1,e7bd16a8ad2be3cb1a245ce7fe4d8ea167164025,direct,octree_leafcount,flyby,7,924,924,0.6757439971,0.3667519987,1.043743968,1.051004,1,0,-1,40313,35274,17,17,8964,25.41248512,14.51499688,512002,0,512002,40313
v1,e7bd16a8ad2be3cb1a245ce7fe4d8ea167164025,direct,octree_leafcount,flyby,7,925,925,0.6007680297,0.4946559966,1.097311974,1.104512,1,0,-1,40553,35484,17,17,8960,25.25081727,14.4290948,512002,0,512002,40553
v1,e7bd16a8ad2be3cb1a245ce7fe4d8ea167164025,direct,octree_leafcount,flyby,7,926,926,0.595968008,0.3634240031,0.9606400132,0.96634,1,0,-1,40337,35295,17,17,8811,24.9638759,14.50636067,512002,0,512002,40337
v1,e7bd16a8ad2be3cb1a245ce7fe4d8ea167164025,direct,octree_leafcount,flyby,7,927,927,0.6688640118,0.4933440089,1.163455963,1.170487,1,0,-1,40561,35491,17,17,8948,25.21202558,14.42624891,512002,0,512002,40561
v1,e7bd16a8ad2be3cb1a245ce7fe4d8ea167164025,direct,octree_leafcount,flyby,7,928,928,0.6006720066,0.3657599986,0.9676480293,0.975393,1,0,-1,40521,35456,17,17,8830,24.9041065,14.44048962,512002,0,512002,40521
v1,e7bd16a8ad2be3cb1a245ce7fe4d8ea167164025,direct,octree_leafcount,flyby,7,929,929,0.607648015,0.3658559918,0.9747520089,0.982379,1,0,-1,40177,35155,17,17,8646,24.59394112,14.56413028,512002,0,512002,40177
v1,e7bd16a8ad2be3cb1a245ce7fe4d8ea167164025,direct,octree_leafcount,flyby,7,930,930,0.6665599942,0.4955520034,1.163743973,1.170983,1,0,-1,40185,35162,17,17,8821,25.08674137,14.56123087,512002,0,512002,40185
v1,e7bd16a8ad2be3cb1a245ce7fe4d8ea167164025,direct,octree_leafcount,flyby,7,931,931,0.6102079749,0.3637759984,0.9752320051,0.982375,1,0,-1,40065,35057,17,17,8670,24.73115212,14.60484354,512002,0,512002,40065
v1,e7bd16a8ad2be3cb1a245ce7fe4d8ea167164025,direct,octree_leafcount,flyby,7,932,932,0.6055679917,0.4935039878,1.100640059,1.107074,1,0,-1,40177,35155,17,17,8584,24.41757929,14.56413028,512002,0,512002,40177
v1,e7bd16a8ad2be3cb1a245ce7fe4d8ea167164025,direct,octree_leafcount,flyby,7,933,933,0.6596800089,0.3647359908,1.025663972,1.032662,1,0,-1,40137,35120,17,17,8767,24.96298405,14.57864465,512002,0,512002,40137
v1,e7bd16a8ad2be3cb1a245ce7fe4d8ea167164025,direct,octree_leafcount,flyby,7,934,934,0.5888320208,0.3636479974,0.9536960125,0.959591,1,0,-1,39961,34966,17,17,8731,24.96997083,14.64285306,512002,0,512002,39961
v1,e7bd16a8ad2be3cb1a245ce7fe4d8ea167164025,direct,octree_leafcount,flyby,7,935,935,0.6009920239,0.4918079972,1.095263958,1.101429,1,0,-1,40177,35155,17,17,8705,24.76176931,14.56413028,512002,0,512002,40177
v1,e7bd16a8ad2be3cb1a245ce7fe4d8ea167164025,direct,octree_leafcount,flyby,7,936,936,0.6606400013,0.49446401,1.156703949,1.163746,1,0,-1,40233,35204,17,17,8808,25.0198841,14.54385865,512002,0,512002,40233
v1,e7bd16a8ad2be3cb1a245ce7fe4d8ea167164025,direct,octree_leafcount,flyby,7,937,937,0.6024000049,0.362688005,0.9663040042,0.973513,1,0,-1,40089,35078,17,17,8743,24.92445407,14.59610012,512002,0,512002,40089
v1,e7bd16a8ad2be3cb1a245ce7fe4d8ea167164025,direct,octree_leafcount,flyby,7,938,938,0.6704000235,0.4932160079,1.164863944,1.170632,1,0,-1,40449,35393,17,17,8830,24.94843613,14.46619388,512002,0,512002,40449
v1,e7bd16a8ad2be3cb1a245ce7fe4d8ea167164025,direct,octree_leafcount,flyby,7,939,939,0.6029440165,0.3645440042,0.9687039852,0.97535,1,0,-1,40441,35386,17,17,8913,25.18792743,14.46905556,512002,0,512002,40441
v1,e7bd16a8ad2be3cb1a245ce7fe4d8ea167164025,direct,octree_leafcount,flyby,7,940,940,0.6028479934,0.3628160059,0.9668800235,0.972729,1,0,-1,40185,35162,17,17,8822,25.08958535,14.56123087,512002,0,512002,40185
v1,e7bd16a8ad2be3cb1a245ce7fe4d8ea167164025,direct,octree_leafcount,flyby,7,941,941,0.6745280027,0.4948480129,1.170976043,1.177677,1,0,-1,40561,35491,17,17,8881,25.02324533,14.42624891,512002,0,512002,40561
v1,e7bd16a8ad2be3cb1a245ce7fe4d8ea167164025,direct,octree_leafcount,flyby,7,942,942,0.5921919942,0.3664320111,0.9598399997,0.966944,1,0,-1,40553,35484,17,17,8926,25.15499944,14.4290948,512002,0,512002,40553
v1,e7bd16a8ad2be3cb1a245ce7fe4d8ea167164025,direct,octree_leafcount,flyby,7,943,943,0.6132799983,0.3668479919,0.9813439846,0.988887,1,0,-1,40353,35309,17,17,8838,25.0304455,14.50060891,512002,0,512002,40353
v1,e7bd16a8ad2be3cb1a245ce7fe4d8ea167164025,direct,octree_leafcount,flyby,7,944,944,0.6806399822,0.3644799888,1.046336055,1.053676,1,0,-1,40353,35309,17,17,8871,25.12390609,14.50060891,512002,0,512002,40353
v1,e7bd16a8ad2be3cb1a245ce7fe4d8ea167164025,direct,octree_leafcount,flyby,7,945,945,0.5987520218,0.3658879995,0.9658560157,0.973181,1,0,-1,40305,35267,17,17,8861,25.1254714,14.5178779,512002,0,512002,40305
v1,e7bd16a8ad2be3cb1a245ce7fe4d8ea167164025,direct,octree_leafcount,flyby,7,946,946,0.5954239964,0.3677760065,0.9644160271,0.971439,1,0,-1,40105,35092,17,17,8703,24.80052434,14.59027699,512002,0,512002,40105
v1,e7bd16a8ad2be3cb1a245ce7fe4d8ea167164025,direct,octree_leafcount,flyby,7,947,947,0.6697279811,0.3657920063,1.036736012,1.044159,1,0,-1,40097,35085,17,17,8751,24.94228303,14.59318797,512002,0,512002,40097
v1,e7bd16a8ad2be3cb1a245ce7fe4d8ea167164025,direct,octree_leafcount,flyby,7,948,948,0.5316479802,0.4973439872,1.030207992,1.037228,1,0,-1,40145,35127,17,17,8702,24.77296666,14.57573946,512002,0,512002,40145
v1,e7bd16a8ad2be3cb1a245ce7fe4d8ea167164025,direct,octree_leafcount,flyby,7,949,949,0.6114240289,0.3658879995,0.9785280228,0.985918,1,0,-1,39937,34945,17,17,8607,24.63013307,14.6516526,512002,0,512002,39937
v1,e7bd16a8ad2be3cb1a245ce7fe4d8ea167164025,direct,octree_leafcount,flyby,7,950,950,0.6683840156,0.4925439954,1.163167953,1.169404,1,0,-1,40089,35078,17,17,8752,24.95011118,14.59610012,512002,0,512002,40089
v1,e7bd16a8ad2be3cb1a245ce7fe4d8ea167164025,direct,octree_leafcount,flyby,7,951,951,0.5405759811,0.4927999973,1.035552025,1.0423,1,0,-1,40169,35148,17,17,8679,24.69272789,14.56703084,512002,0,512002,40169
v1,e7bd16a8ad2be3cb1a245ce7fe4d8ea167164025,direct,octree_leafcount,flyby,7,952,952,0.6002560258,0.3668160141,0.9684159756,0.975597,1,0,-1,40017,35015,17,17,8535,24.37526774,14.62236184,512002,0,512002,40017
v1,e7bd16a8ad2be3cb1a245ce7fe4d8ea167164025,direct,octree_leafcount,flyby,7,953,953,0.6696000099,0.4938879907,1.165248036,1.172022,1,0,-1,40073,35064,17,17,8793,25.07700205,14.6019279,512002,0,512002,40073
v1,e7bd16a8ad2be3cb1a245ce7fe4d8ea167164025,direct,octree_leafcount,flyby,7,954,954,0.538688004,0.4924159944,1.032768011,1.039196,1,0,-1,40169,35148,17,17,8730,24.83782861,14.56703084,512002,0,512002,40169
v1,e7bd16a8ad2be3cb1a245ce7fe4d8ea167164025,direct,octree_leafcount,flyby,7,955,955,0.6144319773,0.3648320138,0.980512023,0.987318,1,0,-1,40017,35015,17,17,8661,24.73511352,14.62236184,512002,0,512002,40017
v1,e7bd16a8ad2be3cb1a245ce7fe4d8ea167164025,direct,octree_leafcount,flyby,7,956,956,0.6732800007,0.4946880043,1.169567943,1.176153,1,0,-1,40057,35050,17,17,8781,25.05278174,14.60776034,512002,0,512002,40057
v1,e7bd16a8ad2be3cb1a245ce7fe4d8ea167164025,direct,octree_leafcount,flyby,7,957,957,0.5538880229,0.3657920063,0.9208959937,0.928043,1,0,-1,39969,34973,17,17,8597,24.58182026,14.63992223,512002,0,512002,39969
v1,e7bd16a8ad2be3cb1a245ce7fe4d8ea167164025,direct,octree_leafcount,flyby,7,958,958,0.6153920293,0.4931200147,1.109727979,1.116635,1,0,-1,40273,35239,17,17,8707,24.70841965,14.52941343,512002,0,512002,40273
v1,e7bd16a8ad2be3cb1a245ce7fe4d8ea167164025,direct,octree_leafcount,flyby,7,959,959,0.6556800008,0.3657920063,1.022688031,1.029114,1,0,-1,40265,35232,17,17,8795,24.96310173,14.53230018,512002,0,512002,40265
v1,e7bd16a8ad2be3cb1a245ce7fe4d8ea167164025,direct,octree_leafcount,flyby,7,960,960,0.5269439816,0.366719991,0.8949120045,0.901495,1,0,-1,39793,34819,17,17,8567,24.60438266,14.70467274,512002,0,512002,39793
v1,e7bd16a8ad2be3cb1a245ce7fe4d8ea167164025,direct,octree_leafcount,flyby,7,961,961,0.6149439812,0.4958719909,1.112416029,1.118888,1,0,-1,40369,35323,17,17,8864,25.0941313,14.4948617,512002,0,512002,40369
v1,e7bd16a8ad2be3cb1a245ce7fe4d8ea167164025,direct,octree_leafcount,flyby,7,962,962,0.6568319798,0.4947200119,1.154144049,1.16071,1,0,-1,40489,35428,17,17,8921,25.18064807,14.45190245,512002,0,512002,40489
v1,e7bd16a8ad2be3cb1a245ce7fe4d8ea167164025,direct,octree_leafcount,flyby,7,963,963,0.5418879986,0.3657279909,0.9088320136,0.915029,1,0,-1,40113,35099,17,17,8791,25.04629762,14.58736716,512002,0,512002,40113
v1,e7bd16a8ad2be3cb1a245ce7fe4d8ea167164025,direct,octree_leafcount,flyby,7,964,964,0.602783978,0.495359987,1.099392056,1.106203,1,0,-1,40313,35274,17,17,8851,25.09213585,14.51499688,512002,0,512002,40313
v1,e7bd16a8ad2be3cb1a245ce7fe4d8ea167164025,direct,octree_leafcount,flyby,7,965,965,0.664575994,0.3687680066,1.034559965,1.042095,1,0,-1,40273,35239,17,17,8860,25.14259769,14.52941343,512002,0,512002,40273
v1,e7bd16a8ad2be3cb1a245ce7fe4d8ea167164025,direct,octree_leafcount,flyby,7,966,966,0.5392320156,0.3657599986,0.9062079787,0.913375,1,0,-1,39913,34924,17,17,8731,25,14.66046272,512002,0,512002,39913
v1,e7bd16a8ad2be3cb1a245ce7fe4d8ea167164025,direct,octree_leafcount,flyby,7,967,967,0.597119987,0.4968959987,1.09622395,1.102845,1,0,-1,40065,35057,17,17,8811,25.13335425,14.60484354,512002,0,512002,40065
v1,e7bd16a8ad2be3cb1a245ce7fe4d8ea167164025,direct,octree_leafcount,flyby,7,968,968,0.6656000018,0.4918079972,1.159039974,1.165827,1,0,-1,40321,35281,17,17,8953,25.37626485,14.512117,512002,0,512002,40321
v1,e7bd16a8ad2be3cb1a245ce7fe4d8ea167164025,direct,octree_leafcount,flyby,7,969,969,0.5453439951,0.3657920063,0.9123520255,0.919765,1,0,-1,39913,34924,17,17,8780,25.14030466,14.66046272,512002,0,512002,39913
v1,e7bd16a8ad2be3cb1a245ce7fe4d8ea167164025,direct,octree_leafcount,flyby,7,970,970,0.6138880253,0.4936000109,1.109120011,1.115886,1,0,-1,40225,35197,17,17,8938,25.39420973,14.54675114,512002,0,512002,40225
v1,e7bd16a8ad2be3cb1a245ce7fe4d8ea167164025,direct,octree_leafcount,flyby,7,971,971,0.6654080153,0.4948480129,1.161888003,1.168709,1,0,-1,40569,35498,17,17,8928,25.15071272,14.42340414,512002,0,512002,40569
v1,e7bd16a8ad2be3cb1a245ce7fe4d8ea167164025,direct,octree_leafcount,flyby,7,972,972,0.5348479748,0.3658879995,0.9019520283,0.908593,1,0,-1,40209,35183,17,17,8765,24.91259984,14.55253958,512002,0,512002,40209
v1,e7bd16a8ad2be3cb1a245ce7fe4d8ea167164025,direct,octree_leafcount,flyby,7,973,973,0.6007999778,0.3646399975,0.9666560292,0.974439,1,0,-1,40209,35183,17,17,8857,25.17408976,14.55253958,512002,0,512002,40209
v1,e7bd16a8ad2be3cb1a245ce7fe4d8ea167164025,direct,octree_leafcount,flyby,7,974,974,0.6724479795,0.4947200119,1.168768048,1.175988,1,0,-1,40313,35274,17,17,8844,25.07229121,14.51499688,512002,0,512002,40313
v1,e7bd16a8ad2be3cb1a245ce7fe4d8ea167164025,direct,octree_leafcount,flyby,7,975,975,0.5410240293,0.3637439907,0.9059839845,0.912641,1,0,-1,40057,35050,17,17,8643,24.65905849,14.60776034,512002,0,512002,40057
v1,e7bd16a8ad2be3cb1a245ce7fe4d8ea167164025,direct,octree_leafcount,flyby,7,976,976,0.590816021,0.4945279956,1.087551951,1.09404,1,0,-1,40105,35092,17,17,8776,25.00854896,14.59027699,512002,0,512002,40105
v1,e7bd16a8ad2be3cb1a245ce7fe4d8ea167164025,direct,octree_leafcount,flyby,7,977,977,0.6642559767,0.4928640127,1.159423947,1.166097,1,0,-1,40529,35463,17,17,8766,24.71872092,14.43763923,512002,0,512002,40529
v1,e7bd16a8ad2be3cb1a245ce7fe4d8ea167164025,direct,octree_leafcount,flyby,7,978,978,0.5322239995,0.3647040129,0.8981440067,0.904842,1,0,-1,39841,34861,17,17,8568,24.57760822,14.68695677,512002,0,512002,39841
v1,e7bd16a8ad2be3cb1a245ce7fe4d8ea167164025,direct,octree_leafcount,flyby,7,979,979,0.6011840105,0.3648320138,0.9672960043,0.974907,1,0,-1,39593,34644,17,17,8705,25.12700612,14.77895162,512002,0,512002,39593
v1,e7bd16a8ad2be3cb1a245ce7fe4d8ea167164025,direct,octree_leafcount,flyby,7,980,980,0.6752640009,0.4936960042,1.170560002,1.177832,1,0,-1,39961,34966,17,17,8695,24.86701367,14.64285306,512002,0,512002,39961
v1,e7bd16a8ad2be3cb1a245ce7fe4d8ea167164025,direct,octree_leafcount,flyby,7,981,981,0.5422400236,0.3638400137,0.9072960019,0.914259,1,0,-1,39921,34931,17,17,8525,24.40525608,14.65752483,512002,0,512002,39921
v1,e7bd16a8ad2be3cb1a245ce7fe4d8ea167164025,direct,octree_leafcount,flyby,7,982,982,0.6015359759,0.4923839867,1.09552002,1.102758,1,0,-1,39929,34938,17,17,8714,24.94132463,14.65458813,512002,0,512002,39929
v1,e7bd16a8ad2be3cb1a245ce7fe4d8ea167164025,direct,octree_leafcount,flyby,7,983,983,0.6605119705,0.4958719909,1.158624053,1.166332,1,0,-1,39985,34987,17,17,8579,24.5205362,14.63406408,512002,0,512002,39985
v1,e7bd16a8ad2be3cb1a245ce7fe4d8ea167164025,direct,octree_leafcount,flyby,7,984,984,0.5489919782,0.4935680032,1.044160008,1.051405,1,0,-1,40225,35197,17,17,8608,24.45662983,14.54675114,512002,0,512002,40225
v1,e7bd16a8ad2be3cb1a245ce7fe4d8ea167164025,direct,octree_leafcount,flyby,7,985,985,0.6026560068,0.3657920063,0.9696639776,0.977695,1,0,-1,39985,34987,17,17,8781,25.0978935,14.63406408,512002,0,512002,39985
v1,e7bd16a8ad2be3cb1a245ce7fe4d8ea167164025,direct,octree_leafcount,flyby,7,986,986,0.6737599969,0.4975039959,1.173503995,1.180356,1,0,-1,40361,35316,17,17,8658,24.5158002,14.49773474,512002,0,512002,40361
v1,e7bd16a8ad2be3cb1a245ce7fe4d8ea167164025,direct,octree_leafcount,flyby,7,987,987,0.5437759757,0.3658879995,0.9109119773,0.917475,1,0,-1,40329,35288,17,17,8577,24.30571299,14.50923827,512002,0,512002,40329
v1,e7bd16a8ad2be3cb1a245ce7fe4d8ea167164025,direct,octree_leafcount,flyby,7,988,988,0.6038079858,0.3638400137,0.9688959718,0.975831,1,0,-1,40273,35239,17,17,8801,24.97516956,14.52941343,512002,0,512002,40273
v1,e7bd16a8ad2be3cb1a245ce7fe4d8ea167164025,direct,octree_leafcount,flyby,7,989,989,0.6667839885,0.3655360043,1.033535957,1.040384,1,0,-1,40153,35134,17,17,8720,24.81926339,14.57283543,512002,0,512002,40153
v1,e7bd16a8ad2be3cb1a245ce7fe4d8ea167164025,direct,octree_leafcount,flyby,7,990,990,0.5464320183,0.4941760004,1.041823983,1.049074,1,0,-1,40249,35218,17,17,8605,24.43352831,14.53807712,512002,0,512002,40249
v1,e7bd16a8ad2be3cb1a245ce7fe4d8ea167164025,direct,octree_leafcount,flyby,7,991,991,0.6064640284,0.3665600121,0.9742720127,0.981814,1,0,-1,40065,35057,17,17,8808,25.12479676,14.60484354,512002,0,512002,40065
v1,e7bd16a8ad2be3cb1a245ce7fe4d8ea167164025,direct,octree_leafcount,flyby,7,992,992,0.6626560092,0.495840013,1.160127997,1.166859,1,0,-1,40193,35169,17,17,8668,24.64670591,14.55833262,512002,0,512002,40193
v1,e7bd16a8ad2be3cb1a245ce7fe4d8ea167164025,direct,octree_leafcount,flyby,7,993,993,0.6093760133,0.4927679896,1.103904009,1.1111,1,0,-1,40329,35288,17,17,8700,24.65427341,14.50923827,512002,0,512002,40329
v1,e7bd16a8ad2be3cb1a245ce7fe4d8ea167164025,direct,octree_leafcount,flyby,7,994,994,0.5951359868,0.3645760119,0.9609280229,0.968192,1,0,-1,39921,34931,17,17,8785,25.1495806,14.65752483,512002,0,512002,39921
v1,e7bd16a8ad2be3cb1a245ce7fe4d8ea167164025,direct,octree_leafcount,flyby,7,995,995,0.6324480176,0.4927679896,1.126816034,1.133748,1,0,-1,39993,34994,17,17,8703,24.86997771,14.63113677,512002,0,512002,39993
v1,e7bd16a8ad2be3cb1a245ce7fe4d8ea167164025,direct,octree_leafcount,flyby,7,996,996,0.6231359839,0.4948480129,1.119199991,1.126312,1,0,-1,40265,35232,17,17,8693,24.67359219,14.53230018,512002,0,512002,40265
v1,e7bd16a8ad2be3cb1a245ce7fe4d8ea167164025,direct,octree_leafcount,flyby,7,997,997,0.5515519977,0.3648320138,0.9176319838,0.924904,1,0,-1,39849,34868,17,17,8654,24.81931857,14.68400826,512002,0,512002,39849
v1,e7bd16a8ad2be3cb1a245ce7fe4d8ea167164025,direct,octree_leafcount,flyby,7,998,998,0.6765440106,0.4936000109,1.171808004,1.178981,1,0,-1,40017,35015,17,17,8614,24.60088533,14.62236184,512002,0,512002,40017
v1,e7bd16a8ad2be3cb1a245ce7fe4d8ea167164025,direct,octree_leafcount,flyby,7,999,999,0.6133440137,0.4965760112,1.111552,1.118505,1,0,-1,40337,35295,17,17,8625,24.43688908,14.50636067,512002,0,512002,40337
v1,e7bd16a8ad2be3cb1a245ce7fe4d8ea167164025,direct,octree_leafcount,flyby,7,1000,1000,0.5336959958,0.3658240139,0.900767982,0.908388,1,0,-1,40081,35071,17,17,8594,24.50457643,14.59901343,512002,0,512002,40081
v1,e7bd16a8ad2be3cb1a245ce7fe4d8ea167164025,direct,octree_leafcount,flyby,7,1001,1001,0.6871680021,0.364192009,1.052575946,1.060168,1,0,-1,39833,34854,17,17,8468,24.29563321,14.68990647,512002,0,512002,39833
v1,e7bd16a8ad2be3cb1a245ce7fe4d8ea167164025,direct,octree_leafcount,flyby,7,1002,1002,0.6029760242,0.4946559966,1.099743962,1.106685,1,0,-1,40025,35022,17,17,8612,24.59025755,14.61943921,512002,0,512002,40025
v1,e7bd16a8ad2be3cb1a245ce7fe4d8ea167164025,direct,octree_leafcount,flyby,7,1003,1003,0.5458239913,0.4958719909,1.043264031,1.049988,1,0,-1,40065,35057,17,17,8676,24.74826711,14.60484354,512002,0,512002,40065
v1,e7bd16a8ad2be3cb1a245ce7fe4d8ea167164025,direct,octree_leafcount,flyby,7,1004,1004,0.6596800089,0.3655039966,1.02639997,1.03336,1,0,-1,39969,34973,17,17,8604,24.6018357,14.63992223,512002,0,512002,39969
v1,e7bd16a8ad2be3cb1a245ce7fe4d8ea167164025,direct,octree_leafcount,flyby,7,1005,1005,0.604640007,0.4922879934,1.098176003,1.105431,1,0,-1,40337,35295,17,17,8734,24.74571469,14.50636067,512002,0,512002,40337
v1,e7bd16a8ad2be3cb1a245ce7fe4d8ea167164025,direct,octree_leafcount,flyby,7,1006,1006,0.5328639746,0.3646079898,0.8986880183,0.905514,1,0,-1,40121,35106,17,17,8701,24.78493705,14.5844585,512002,0,512002,40121
v1,e7bd16a8ad2be3cb1a245ce7fe4d8ea167164025,direct,octree_leafcount,flyby,7,1007,1007,0.6480640173,0.3638400137,1.013152003,1.019976,1,0,-1,40097,35085,17,17,8627,24.58885564,14.59318797,512002,0,512002,40097
v1,e7bd16a8ad2be3cb1a245ce7fe4d8ea167164025,direct,octree_leafcount,flyby,7,1008,1008,0.6035199761,0.4938560128,1.098976016,1.105585,1,0,-1,40489,35428,17,17,8743,24.67822062,14.45190245,512002,0,512002,40489
v1,e7bd16a8ad2be3cb1a245ce7fe4d8ea167164025,direct,octree_leafcount,flyby,7,1009,1009,0.5529919863,0.3638400137,0.9180799723,0.925462,1,0,-1,40177,35155,17,17,8728,24.82719386,14.56413028,512002,0,512002,40177
v1,e7bd16a8ad2be3cb1a245ce7fe4d8ea167164025,direct,octree_leafcount,flyby,7,1010,1010,0.6824960113,0.3657279909,1.049440026,1.056779,1,0,-1,39977,34980,17,17,8596,24.57404231,14.63699257,512002,0,512002,39977
v1,e7bd16a8ad2be3cb1a245ce7fe4d8ea167164025,direct,octree_leafcount,flyby,7,1011,1011,0.617215991,0.4947519898,1.113600016,1.119992,1,0,-1,40385,35337,17,17,8749,24.75875145,14.48911905,512002,0,512002,40385
v1,e7bd16a8ad2be3cb1a245ce7fe4d8ea167164025,direct,octree_leafcount,flyby,7,1012,1012,0.5473920107,0.4927679896,1.042400002,1.049227,1,0,-1,40545,35477,17,17,8741,24.63849818,14.43194182,512002,0,512002,40545
v1,e7bd16a8ad2be3cb1a245ce7fe4d8ea167164025,direct,octree_leafcount,flyby,7,1013,1013,0.6599040031,0.3668160141,1.027935982,1.0348,1,0,-1,39985,34987,17,17,8599,24.57770029,14.63406408,512002,0,512002,39985
v1,e7bd16a8ad2be3cb1a245ce7fe4d8ea167164025,direct,octree_leafcount,flyby,7,1014,1014,0.6141440272,0.4937280118,1.109472036,1.116014,1,0,-1,40201,35176,17,17,8821,25.07675688,14.55543552,512002,0,512002,40201
v1,e7bd16a8ad2be3cb1a245ce7fe4d8ea167164025,direct,octree_leafcount,flyby,7,1015,1015,0.5247359872,0.363808006,0.8897600174,0.895544,1,0,-1,40049,35043,17,17,8767,25.01783523,14.61067831,512002,0,512002,40049
v1,e7bd16a8ad2be3cb1a245ce7fe4d8ea167164025,direct,octree_leafcount,flyby,7,1016,1016,0.6632320285,0.4927999973,1.157631993,1.163794,1,0,-1,40121,35106,17,17,8654,24.6510568,14.5844585,512002,0,512002,40121
v1,e7bd16a8ad2be3cb1a245ce7fe4d8ea167164025,direct,octree_leafcount,flyby,7,1017,1017,0.6046079993,0.3658559918,0.9717119932,0.978186,1,0,-1,39889,34903,17,17,8716,24.97206544,14.66928344,512002,0,512002,39889
v1,e7bd16a8ad2be3cb1a245ce7fe4d8ea167164025,direct,octree_leafcount,flyby,7,1018,1018,0.5305600166,0.4952000082,1.026975989,1.034109,1,0,-1,39985,34987,17,17,8660,24.75205076,14.63406408,512002,0,512002,39985
v1,e7bd16a8ad2be3cb1a245ce7fe4d8ea167164025,direct,octree_leafcount,flyby,7,1019,1019,0.668479979,0.4952639937,1.164991975,1.172475,1,0,-1,40001,35001,17,17,8630,24.65643839,14.62821062,512002,0,512002,40001
v1,e7bd16a8ad2be3cb1a245ce7fe4d8ea167164025,direct,octree_leafcount,flyby,7,1020,1020,0.612416029,0.4938560128,1.107872009,1.114784,1,0,-1,40225,35197,17,17,8736,24.82029718,14.54675114,512002,0,512002,40225
v1,e7bd16a8ad2be3cb1a245ce7fe4d8ea167164025,direct,octree_leafcount,flyby,7,1021,1021,0.5375999808,0.4948160052,1.034016013,1.040558,1,0,-1,40257,35225,17,17,8652,24.56210078,14.53518808,512002,0,512002,40257
v1,e7bd16a8ad2be3cb1a245ce7fe4d8ea167164025,direct,octree_leafcount,flyby,7,1022,1022,0.6822400093,0.365696013,1.049183965,1.056536,1,0,-1,40065,35057,17,17,8474,24.17206264,14.60484354,512002,0,512002,40065
v1,e7bd16a8ad2be3cb1a245ce7fe4d8ea167164025,direct,octree_leafcount,flyby,7,1023,1023,0.6299200058,0.4948480129,1.126399994,1.133535,1,0,-1,40177,35155,17,17,8741,24.86417295,14.56413028,512002,0,512002,40177
v1,e7bd16a8ad2be3cb1a245ce7fe4d8ea167164025,direct,octree_leafcount,flyby,7,1024,1024,0.5435519814,0.4950399995,1.039808035,1.046421,1,0,-1,40201,35176,17,17,8541,24.28075961,14.55543552,512002,0,512002,40201
v1,e7bd16a8ad2be3cb1a245ce7fe4d8ea167164025,direct,octree_leafcount,flyby,7,1025,1025,0.6413760185,0.3638400137,1.006432056,1.011737,1,0,-1,40153,35134,17,17,8515,24.235783,14.57283543,512002,0,512002,40153
v1,e7bd16a8ad2be3cb1a245ce7fe4d8ea167164025,direct,octree_leafcount,flyby,7,1026,1026,0.5909119844,0.4916799963,1.084192038,1.089652,1,0,-1,40169,35148,17,17,8750,24.89473085,14.56703084,512002,0,512002,40169
v1,e7bd16a8ad2be3cb1a245ce7fe4d8ea167164025,direct,octree_leafcount,flyby,7,1027,1027,0.5297279954,0.4892799854,1.020223975,1.025536,1,0,-1,40257,35225,17,17,8594,24.397445,14.53518808,512002,0,512002,40257
v1,e7bd16a8ad2be3cb1a245ce7fe4d8ea167164025,direct,octree_leafcount,flyby,7,1028,1028,0.6430400014,0.4901120067,1.134367943,1.139665,1,0,-1,40265,35232,17,17,8584,24.36421435,14.53230018,512002,0,512002,40265
v1,e7bd16a8ad2be3cb1a245ce7fe4d8ea167164025,direct,octree_leafcount,flyby,7,1029,1029,0.5872319937,0.4887999892,1.077664018,1.082715,1,0,-1,40329,35288,17,17,8802,24.94332351,14.50923827,512002,0,512002,40329
v1,e7bd16a8ad2be3cb1a245ce7fe4d8ea167164025,direct,octree_leafcount,flyby,7,1030,1030,0.5187199712,0.3616319895,0.8815680146,0.886451,1,0,-1,40241,35211,17,17,8699,24.70534776,14.54096731,512002,0,512002,40241
v1,e7bd16a8ad2be3cb1a245ce7fe4d8ea167164025,direct,octree_leafcount,flyby,7,1031,1031,0.6477760077,0.4872640073,1.136288047,1.141404,1,0,-1,40273,35239,17,17,8615,24.44734527,14.52941343,512002,0,512002,40273
v1,e7bd16a8ad2be3cb1a245ce7fe4d8ea167164025,direct,octree_leafcount,flyby,7,1032,1032,0.5896319747,0.3608320057,0.9516800046,0.956613,1,0,-1,40113,35099,17,17,8823,25.1374683,14.58736716,512002,0,512002,40113
v1,e7bd16a8ad2be3cb1a245ce7fe4d8ea167164025,direct,octree_leafcount,flyby,7,1033,1033,0.5156800151,0.360799998,0.8776959777,0.882934,1,0,-1,39961,34966,17,17,8588,24.56100212,14.64285306,512002,0,512002,39961
v1,e7bd16a8ad2be3cb1a245ce7fe4d8ea167164025,direct,octree_leafcount,flyby,7,1034,1034,0.6531839967,0.4876480103,1.142976046,1.14807,1,0,-1,40073,35064,17,17,8606,24.54369154,14.6019279,512002,0,512002,40073
v1,e7bd16a8ad2be3cb1a245ce7fe4d8ea167164025,direct,octree_leafcount,flyby,7,1035,1035,0.6083520055,0.4903680086,1.100960016,1.107736,1,0,-1,40153,35134,17,17,8790,25.0185006,14.57283543,512002,0,512002,40153
v1,e7bd16a8ad2be3cb1a245ce7fe4d8ea167164025,direct,octree_leafcount,flyby,7,1036,1036,0.5321599841,0.3628480136,0.8963199854,0.902502,1,0,-1,40081,35071,17,17,8614,24.5616036,14.59901343,512002,0,512002,40081
v1,e7bd16a8ad2be3cb1a245ce7fe4d8ea167164025,direct,octree_leafcount,flyby,7,1037,1037,0.6660479903,0.4922879934,1.159551978,1.166541,1,0,-1,40273,35239,17,17,8630,24.48991175,14.52941343,512002,0,512002,40273
v1,e7bd16a8ad2be3cb1a245ce7fe4d8ea167164025,direct,octree_leafcount,flyby,7,1038,1038,0.5932480097,0.3636800051,0.9581440091,0.964658,1,0,-1,40041,35036,17,17,8747,24.96574951,14.61359744,512002,0,512002,40041
v1,e7bd16a8ad2be3cb1a245ce7fe4d8ea167164025,direct,octree_leafcount,flyby,7,1039,1039,0.526655972,0.3656640053,0.8935679793,0.90038,1,0,-1,39937,34945,17,17,8593,24.59007011,14.6516526,512002,0,512002,39937
v1,e7bd16a8ad2be3cb1a245ce7fe4d8ea167164025,direct,octree_leafcount,flyby,7,1040,1040,0.6673600078,0.4935359955,1.162464023,1.168835,1,0,-1,40057,35050,17,17,8600,24.5363766,14.60776034,512002,0,512002,40057
v1,e7bd16a8ad2be3cb1a245ce7fe4d8ea167164025,direct,octree_leafcount,flyby,7,1041,1041,0.6190720201,0.495615989,1.116287947,1.12329,1,0,-1,40129,35113,17,17,8695,24.76290832,14.58155099,512002,0,512002,40129
v1,e7bd16a8ad2be3cb1a245ce7fe4d8ea167164025,direct,octree_leafcount,flyby,7,1042,1042,0.5396800041,0.365696013,0.9066240191,0.91406,1,0,-1,40113,35099,17,17,8585,24.45938631,14.58736716,512002,0,512002,40113
v1,e7bd16a8ad2be3cb1a245ce7fe4d8ea167164025,direct,octree_leafcount,flyby,7,1043,1043,0.6776000261,0.5235840082,1.202751994,1.209855,1,0,-1,40529,35463,17,17,8760,24.70180188,14.43763923,512002,0,512002,40529
v1,e7bd16a8ad2be3cb1a245ce7fe4d8ea167164025,direct,octree_leafcount,flyby,7,1044,1044,0.6028800011,0.363808006,0.9679039717,0.974177,1,0,-1,40449,35393,17,17,8880,25.089707,14.46619388,512002,0,512002,40449
v1,e7bd16a8ad2be3cb1a245ce7fe4d8ea167164025,direct,octree_leafcount,flyby,7,1045,1045,0.5256320238,0.3627839983,0.8896639943,0.895087,1,0,-1,40217,35190,17,17,8766,24.91048593,14.54964479,512002,0,512002,40217
v1,e7bd16a8ad2be3cb1a245ce7fe4d8ea167164025,direct,octree_leafcount,flyby,7,1046,1046,0.6850879788,0.4937599897,1.180448055,1.187137,1,0,-1,40625,35547,17,17,8806,24.77283596,14.4035221,512002,0,512002,40625
v1,e7bd16a8ad2be3cb1a245ce7fe4d8ea167164025,direct,octree_leafcount,flyby,7,1047,1047,0.6054720283,0.3655039966,0.9721919894,0.979583,1,0,-1,40457,35400,17,17,8928,25.22033898,14.46333333,512002,0,512002,40457
v1,e7bd16a8ad2be3cb1a245ce7fe4d8ea167164025,direct,octree_leafcount,flyby,7,1048,1048,0.5331519842,0.3635520041,0.8979200125,0.904466,1,0,-1,40305,35267,17,17,8736,24.77103241,14.5178779,512002,0,512002,40305
v1,e7bd16a8ad2be3cb1a245ce7fe4d8ea167164025,direct,octree_leafcount,flyby,7,1049,1049,0.6629440188,0.4924480021,1.157600045,1.164507,1,0,-1,40489,35428,17,17,8807,24.85886869,14.45190245,512002,0,512002,40489
v1,e7bd16a8ad2be3cb1a245ce7fe4d8ea167164025,direct,octree_leafcount,flyby,7,1050,1050,0.6082239747,0.366719991,0.9761599898,0.983006,1,0,-1,40225,35197,17,17,8859,25.16975879,14.54675114,512002,0,512002,40225
v1,e7bd16a8ad2be3cb1a245ce7fe4d8ea167164025,direct,octree_leafcount,flyby,7,1051,1051,0.6081600189,0.3677439988,0.9771199822,0.98455,1,0,-1,40201,35176,17,17,8638,24.55651581,14.55543552,512002,0,512002,40201
v1,e7bd16a8ad2be3cb1a245ce7fe4d8ea167164025,direct,octree_leafcount,flyby,7,1052,1052,0.6696320176,0.4949119985,1.165791988,1.171618,1,0,-1,40497,35435,17,17,8710,24.5802173,14.44904755,512002,0,512002,40497
v1,e7bd16a8ad2be3cb1a245ce7fe4d8ea167164025,direct,octree_leafcount,flyby,7,1053,1053,0.610656023,0.3655360043,0.9774079919,0.984842,1,0,-1,40193,35169,17,17,8784,24.97654184,14.55833262,512002,0,512002,40193
v1,e7bd16a8ad2be3cb1a245ce7fe4d8ea167164025,direct,octree_leafcount,flyby,7,1054,1054,0.541696012,0.3656319976,0.908640027,0.915774,1,0,-1,40097,35085,17,17,8701,24.79977198,14.59318797,512002,0,512002,40097
v1,e7bd16a8ad2be3cb1a245ce7fe4d8ea167164025,direct,octree_leafcount,flyby,7,1055,1055,0.6683840156,0.3678080142,1.037407994,1.044602,1,0,-1,40073,35064,17,17,8676,24.74332649,14.6019279,512002,0,512002,40073
v1,e7bd16a8ad2be3cb1a245ce7fe4d8ea167164025,direct,octree_leafcount,flyby,7,1056,1056,0.6119359732,0.3669120073,0.9800639749,0.988292,1,0,-1,39913,34924,17,17,8761,25.08590081,14.66046272,512002,0,512002,39913
v1,e7bd16a8ad2be3cb1a245ce7fe4d8ea167164025,direct,octree_leafcount,flyby,7,1057,1057,0.5544959903,0.4963839948,1.052096009,1.059898,1,0,-1,39961,34966,17,17,8554,24.4637648,14.64285306,512002,0,512002,39961
v1,e7bd16a8ad2be3cb1a245ce7fe4d8ea167164025,direct,octree_leafcount,flyby,7,1058,1058,0.693952024,0.4953919947,1.191616058,1.198772,1,0,-1,40377,35330,17,17,8721,24.68440419,14.49198981,512002,0,512002,40377
v1,e7bd16a8ad2be3cb1a245ce7fe4d8ea167164025,direct,octree_leafcount,flyby,7,1059,1059,0.6096640229,0.3675520122,0.9784319997,0.985871,1,0,-1,40217,35190,17,17,8872,25.21170787,14.54964479,512002,0,512002,40217
v1,e7bd16a8ad2be3cb1a245ce7fe4d8ea167164025,direct,octree_leafcount,flyby,7,1060,1060,0.5435519814,0.3646399975,0.9094079733,0.916986,1,0,-1,39921,34931,17,17,8621,24.68008359,14.65752483,512002,0,512002,39921
v1,e7bd16a8ad2be3cb1a245ce7fe4d8ea167164025,direct,octree_leafcount,flyby,7,1061,1061,0.67059201,0.495840013,1.16803205,1.174732,1,0,-1,40169,35148,17,17,8627,24.54478206,14.56703084,512002,0,512002,40169
v1,e7bd16a8ad2be3cb1a245ce7fe4d8ea167164025,direct,octree_leafcount,flyby,7,1062,1062,0.6046079993,0.4958080053,1.102015972,1.108906,1,0,-1,40225,35197,17,17,8796,24.99076626,14.54675114,512002,0,512002,40225
v1,e7bd16a8ad2be3cb1a245ce7fe4d8ea167164025,direct,octree_leafcount,flyby,7,1063,1063,0.5365440249,0.3668799996,0.9046720266,0.911866,1,0,-1,40225,35197,17,17,8672,24.63846351,14.54675114,512002,0,512002,40225
v1,e7bd16a8ad2be3cb1a245ce7fe4d8ea167164025,direct,octree_leafcount,flyby,7,1064,1064,0.6730560064,0.4948799908,1.170176029,1.177125,1,0,-1,40537,35470,17,17,8765,24.7110234,14.43478996,512002,0,512002,40537
v1,e7bd16a8ad2be3cb1a245ce7fe4d8ea167164025,direct,octree_leafcount,flyby,7,1065,1065,0.6082559824,0.3664320111,0.9759039879,0.983763,1,0,-1,40361,35316,17,17,8806,24.93487371,14.49773474,512002,0,512002,40361
v1,e7bd16a8ad2be3cb1a245ce7fe4d8ea167164025,direct,octree_leafcount,flyby,7,1066,1066,0.5408319831,0.3664000034,0.9084479809,0.915712,1,0,-1,40073,35064,17,17,8620,24.58361853,14.6019279,512002,0,512002,40073
v1,e7bd16a8ad2be3cb1a245ce7fe4d8ea167164025,direct,octree_leafcount,flyby,7,1067,1067,0.6711680293,0.4950720072,1.167456031,1.174403,1,0,-1,40257,35225,17,17,8739,24.80908446,14.53518808,512002,0,512002,40257
v1,e7bd16a8ad2be3cb1a245ce7fe4d8ea167164025,direct,octree_leafcount,flyby,7,1068,1068,0.6034560204,0.4963519871,1.10105598,1.108587,1,0,-1,40337,35295,17,17,8807,24.95254285,14.50636067,512002,0,512002,40337
v1,e7bd16a8ad2be3cb1a245ce7fe4d8ea167164025,direct,octree_leafcount,flyby,7,1069,1069,0.5369279981,0.36659199,0.9047359824,0.911885,1,0,-1,40081,35071,17,17,8587,24.48461692,14.59901343,512002,0,512002,40081
v1,e7bd16a8ad2be3cb1a245ce7fe4d8ea167164025,direct,octree_leafcount,flyby,7,1070,1070,0.6741440296,0.4942399859,1.169695973,1.176202,1,0,-1,40321,35281,17,17,8621,24.43524843,14.512117,512002,0,512002,40321
v1,e7bd16a8ad2be3cb1a245ce7fe4d8ea167164025,direct,octree_leafcount,flyby,7,1071,1071,0.6105279922,0.3647040129,0.9764479995,0.983537,1,0,-1,39945,34952,17,17,8722,24.95422293,14.64871824,512002,0,512002,39945
v1,e7bd16a8ad2be3cb1a245ce7fe4d8ea167164025,direct,octree_leafcount,flyby,7,1072,1072,0.5392959714,0.3645119965,0.9050239921,0.911532,1,0,-1,39921,34931,17,17,8480,24.27643068,14.65752483,512002,0,512002,39921
v1,e7bd16a8ad2be3cb1a245ce7fe4d8ea167164025,direct,octree_leafcount,flyby,7,1073,1073,0.6751679778,0.4978559911,1.175232053,1.182546,1,0,-1,40441,35386,17,17,8610,24.33165659,14.46905556,512002,0,512002,40441
v1,e7bd16a8ad2be3cb1a245ce7fe4d8ea167164025,direct,octree_leafcount,flyby,7,1074,1074,0.6206079721,0.3656319976,0.9874560237,0.994854,1,0,-1,40369,35323,17,17,8684,24.58454831,14.4948617,512002,0,512002,40369
v1,e7bd16a8ad2be3cb1a245ce7fe4d8ea167164025,direct,octree_leafcount,flyby,7,1075,1075,0.5437759757,0.3676159978,0.9126080275,0.920113,1,0,-1,39993,34994,17,17,8472,24.20986455,14.63113677,512002,0,512002,39993
v1,e7bd16a8ad2be3cb1a245ce7fe4d8ea167164025,direct,octree_leafcount,flyby,7,1076,1076,0.693599999,0.4953280091,1.190143943,1.196997,1,0,-1,40297,35260,17,17,8642,24.50935905,14.52076007,512002,0,512002,40297
v1,e7bd16a8ad2be3cb1a245ce7fe4d8ea167164025,direct,octree_leafcount,flyby,7,1077,1077,0.612703979,0.3655039966,0.9794239998,0.986781,1,0,-1,40105,35092,17,17,8606,24.52410806,14.59027699,512002,0,512002,40105
v1,e7bd16a8ad2be3cb1a245ce7fe4d8ea167164025,direct,octree_leafcount,flyby,7,1078,1078,0.5444160104,0.3647040129,0.9103360176,0.917953,1,0,-1,39697,34735,17,17,8430,24.26946884,14.74023319,512002,0,512002,39697
v1,e7bd16a8ad2be3cb1a245ce7fe4d8ea167164025,direct,octree_leafcount,flyby,7,1079,1079,0.6785280108,0.4982720017,1.178015947,1.184958,1,0,-1,40097,35085,17,17,8581,24.45774548,14.59318797,512002,0,512002,40097
v1,e7bd16a8ad2be3cb1a245ce7fe4d8ea167164025,direct,octree_leafcount,flyby,7,1080,1080,0.5925440192,0.3657920063,0.95955199,0.967521,1,0,-1,40049,35043,17,17,8610,24.56981423,14.61067831,512002,0,512002,40049
v1,e7bd16a8ad2be3cb1a245ce7fe4d8ea167164025,direct,octree_leafcount,flyby,7,1081,1081,0.5441920161,0.3648320138,0.9102720022,0.917562,1,0,-1,39825,34847,17,17,8505,24.40669211,14.69285735,512002,0,512002,39825
v1,e7bd16a8ad2be3cb1a245ce7fe4d8ea167164025,direct,octree_leafcount,flyby,7,1082,1082,0.6866880059,0.4937599897,1.18208003,1.189355,1,0,-1,40137,35120,17,17,8617,24.53587699,14.57864465,512002,0,512002,40137
v1,e7bd16a8ad2be3cb1a245ce7fe4d8ea167164025,direct,octree_leafcount,flyby,7,1083,1083,0.6114240289,0.4979200065,1.111008048,1.117969,1,0,-1,40169,35148,17,17,8759,24.92033686,14.56703084,512002,0,512002,40169
v1,e7bd16a8ad2be3cb1a245ce7fe4d8ea167164025,direct,octree_leafcount,flyby,7,1084,1084,0.5334399939,0.3648639917,0.89951998,0.906506,1,0,-1,39713,34749,17,17,8509,24.4870356,14.73429451,512002,0,512002,39713
v1,e7bd16a8ad2be3cb1a245ce7fe4d8ea167164025,direct,octree_leafcount,flyby,7,1085,1085,0.6807039976,0.4998399913,1.182144046,1.189181,1,0,-1,39889,34903,17,17,8465,24.25292955,14.66928344,512002,0,512002,39889
v1,e7bd16a8ad2be3cb1a245ce7fe4d8ea167164025,direct,octree_leafcount,flyby,7,1086,1086,0.6044160128,0.3636800051,0.9693120122,0.976832,1,0,-1,39881,34896,17,17,8509,24.38388354,14.67222604,512002,0,512002,39881
v1,e7bd16a8ad2be3cb1a245ce7fe4d8ea167164025,direct,octree_leafcount,flyby,7,1087,1087,0.5341119766,0.3648320138,0.9001920223,0.907811,1,0,-1,39785,34812,17,17,8359,24.011835,14.70762955,512002,0,512002,39785
v1,e7bd16a8ad2be3cb1a245ce7fe4d8ea167164025,direct,octree_leafcount,flyby,7,1088,1088,0.6832640171,0.494336009,1.178848028,1.185901,1,0,-1,40201,35176,17,17,8500,24.16420287,14.55543552,512002,0,512002,40201
v1,e7bd16a8ad2be3cb1a245ce7fe4d8ea167164025,direct,octree_leafcount,flyby,7,1089,1089,0.6086080074,0.3658240139,0.9757760167,0.982563,1,0,-1,40129,35113,17,17,8545,24.33571612,14.58155099,512002,0,512002,40129
v1,e7bd16a8ad2be3cb1a245ce7fe4d8ea167164025,direct,octree_leafcount,flyby,7,1090,1090,0.527007997,0.3647040129,0.8929280043,0.89882,1,0,-1,39793,34819,17,17,8471,24.32867113,14.70467274,512002,0,512002,39793
v1,e7bd16a8ad2be3cb1a245ce7fe4d8ea167164025,direct,octree_leafcount,flyby,7,1091,1091,0.6885120273,0.4993599951,1.189087987,1.197041,1,0,-1,40009,35008,17,17,8540,24.39442413,14.62528565,512002,0,512002,40009
v1,e7bd16a8ad2be3cb1a245ce7fe4d8ea167164025,direct,octree_leafcount,flyby,7,1092,1092,0.6176959872,0.3648000062,0.9837120175,0.991468,1,0,-1,39785,34812,17,17,8509,24.4427209,14.70762955,512002,0,512002,39785
v1,e7bd16a8ad2be3cb1a245ce7fe4d8ea167164025,direct,octree_leafcount,flyby,7,1093,1093,0.5448319912,0.3648320138,0.9108800292,0.918173,1,0,-1,39705,34742,17,17,8436,24.28184906,14.73726325,512002,0,512002,39705
v1,e7bd16a8ad2be3cb1a245ce7fe4d8ea167164025,direct,octree_leafcount,flyby,7,1094,1094,0.6801279783,0.4934079945,1.175776005,1.182548,1,0,-1,40233,35204,17,17,8497,24.13646177,14.54385865,512002,0,512002,40233
v1,e7bd16a8ad2be3cb1a245ce7fe4d8ea167164025,direct,octree_leafcount,flyby,7,1095,1095,0.6009600163,0.3654719889,0.9676480293,0.974869,1,0,-1,39801,34826,17,17,8526,24.48170907,14.70171711,512002,0,512002,39801
v1,e7bd16a8ad2be3cb1a245ce7fe4d8ea167164025,direct,octree_leafcount,flyby,7,1096,1096,0.5350720286,0.3665280044,0.9029120207,0.910348,1,0,-1,39753,34784,17,17,8341,23.97941582,14.71946872,512002,0,512002,39753
v1,e7bd16a8ad2be3cb1a245ce7fe4d8ea167164025,direct,octree_leafcount,flyby,7,1097,1097,0.6617280245,0.4953919947,1.158336043,1.165867,1,0,-1,40169,35148,17,17,8529,24.26596108,14.56703084,512002,0,512002,40169
v1,e7bd16a8ad2be3cb1a245ce7fe4d8ea167164025,direct,octree_leafcount,flyby,7,1098,1098,0.6039999723,0.4936960042,1.099295974,1.106402,1,0,-1,40185,35162,17,17,8660,24.6288607,14.56123087,512002,0,512002,40185
v1,e7bd16a8ad2be3cb1a245ce7fe4d8ea167164025,direct,octree_leafcount,flyby,7,1099,1099,0.5325440168,0.3648320138,0.8985919952,0.906291,1,0,-1,39745,34777,17,17,8537,24.54783334,14.72243149,512002,0,512002,39745
v1,e7bd16a8ad2be3cb1a245ce7fe4d8ea167164025,direct,octree_leafcount,flyby,7,1100,1100,0.6678079963,0.4938240051,1.163231969,1.170493,1,0,-1,40361,35316,17,17,8678,24.57243176,14.49773474,512002,0,512002,40361
v1,e7bd16a8ad2be3cb1a245ce7fe4d8ea167164025,direct,octree_leafcount,flyby,7,1101,1101,0.5874879956,0.3658879995,0.9546560049,0.96133,1,0,-1,40249,35218,17,17,8790,24.95882787,14.53807712,512002,0,512002,40249
v1,e7bd16a8ad2be3cb1a245ce7fe4d8ea167164025,direct,octree_leafcount,flyby,7,1102,1102,0.5303360224,0.3655999899,0.8971520066,0.904715,1,0,-1,40089,35078,17,17,8601,24.51964194,14.59610012,512002,0,512002,40089
v1,e7bd16a8ad2be3cb1a245ce7fe4d8ea167164025,direct,octree_leafcount,flyby,7,1103,1103,0.6683520079,0.4947519898,1.164319992,1.171048,1,0,-1,40289,35253,17,17,8734,24.77519644,14.52364338,512002,0,512002,40289
v1,e7bd16a8ad2be3cb1a245ce7fe4d8ea167164025,direct,octree_leafcount,flyby,7,1104,1104,0.6042240262,0.4938560128,1.100288033,1.10738,1,0,-1,40425,35372,17,17,8838,24.98586453,14.47478231,512002,0,512002,40425
v1,e7bd16a8ad2be3cb1a245ce7fe4d8ea167164025,direct,octree_leafcount,flyby,7,1105,1105,0.5326399803,0.3648959994,0.8987519741,0.905236,1,0,-1,40337,35295,17,17,8691,24.6238844,14.50636067,512002,0,512002,40337
v1,e7bd16a8ad2be3cb1a245ce7fe4d8ea167164025,direct,octree_leafcount,flyby,7,1106,1106,0.6722239852,0.4957120121,1.170176029,1.17599,1,0,-1,40745,35652,17,17,8803,24.69146191,14.36110176,512002,0,512002,40745
v1,e7bd16a8ad2be3cb1a245ce7fe4d8ea167164025,direct,octree_leafcount,flyby,7,1107,1107,0.5991680026,0.3647040129,0.9651200175,0.972197,1,0,-1,40689,35603,17,17,8846,24.84622082,14.38086678,512002,0,512002,40689
v1,e7bd16a8ad2be3cb1a245ce7fe4d8ea167164025,direct,octree_leafcount,flyby,7,1108,1108,0.5381439924,0.3668799996,0.9062719941,0.913423,1,0,-1,40593,35519,17,17,8746,24.62344098,14.41487654,512002,0,512002,40593
v1,e7bd16a8ad2be3cb1a245ce7fe4d8ea167164025,direct,octree_leafcount,flyby,7,1109,1109,0.6628479958,0.3658240139,1.029888034,1.037123,1,0,-1,40593,35519,17,17,8735,24.59247163,14.41487654,512002,0,512002,40593
v1,e7bd16a8ad2be3cb1a245ce7fe4d8ea167164025,direct,octree_leafcount,flyby,7,1110,1110,0.6023039818,0.4957759976,1.099712014,1.106394,1,0,-1,40649,35568,17,17,8924,25.08996851,14.39501799,512002,0,512002,40649
v1,e7bd16a8ad2be3cb1a245ce7fe4d8ea167164025,direct,octree_leafcount,flyby,7,1111,1111,0.5367040038,0.3668160141,0.9047359824,0.912042,1,0,-1,40457,35400,17,17,8794,24.84180791,14.46333333,512002,0,512002,40457
v1,e7bd16a8ad2be3cb1a245ce7fe4d8ea167164025,direct,octree_leafcount,flyby,7,1112,1112,0.6730239987,0.4927999973,1.167456031,1.17426,1,0,-1,41009,35883,17,17,8945,24.928239,14.26865089,512002,0,512002,41009
v1,e7bd16a8ad2be3cb1a245ce7fe4d8ea167164025,direct,octree_leafcount,flyby,7,1113,1113,0.609408021,0.3646399975,0.9752640128,0.982234,1,0,-1,40705,35617,17,17,8971,25.18741051,14.37521408,512002,0,512002,40705
v1,e7bd16a8ad2be3cb1a245ce7fe4d8ea167164025,direct,octree_leafcount,flyby,7,1114,1114,0.5392959714,0.3657599986,0.9062719941,0.913886,1,0,-1,40673,35589,17,17,8841,24.84194554,14.38652393,512002,0,512002,40673
v1,e7bd16a8ad2be3cb1a245ce7fe4d8ea167164025,direct,octree_leafcount,flyby,7,1115,1115,0.6581760049,0.4958719909,1.155679941,1.162611,1,0,-1,40681,35596,17,17,8846,24.85110687,14.3836948,512002,0,512002,40681
v1,e7bd16a8ad2be3cb1a245ce7fe4d8ea167164025,direct,octree_leafcount,flyby,7,1116,1116,0.6053760052,0.3647359908,0.9713280201,0.978216,1,0,-1,40417,35365,17,17,8921,25.22550544,14.47764739,512002,0,512002,40417
v1,e7bd16a8ad2be3cb1a245ce7fe4d8ea167164025,direct,octree_leafcount,flyby,7,1117,1117,0.5940799713,0.3644799888,0.9597759843,0.967897,1,0,-1,40169,35148,17,17,8747,24.88619552,14.56703084,512002,0,512002,40169
v1,e7bd16a8ad2be3cb1a245ce7fe4d8ea167164025,direct,octree_leafcount,flyby,7,1118,1118,0.6648640037,0.4935680032,1.160063982,1.165783,1,0,-1,40401,35351,17,17,8700,24.61033634,14.48338095,512002,0,512002,40401
v1,e7bd16a8ad2be3cb1a245ce7fe4d8ea167164025,direct,octree_leafcount,flyby,7,1119,1119,0.592863977,0.3648959994,0.9590079784,0.964847,1,0,-1,40233,35204,17,17,8860,25.16759459,14.54385865,512002,0,512002,40233
v1,e7bd16a8ad2be3cb1a245ce7fe4d8ea167164025,direct,octree_leafcount,flyby,7,1120,1120,0.5280960202,0.3638400137,0.8931519985,0.898849,1,0,-1,40121,35106,17,17,8654,24.6510568,14.5844585,512002,0,512002,40121
v1,e7bd16a8ad2be3cb1a245ce7fe4d8ea167164025,direct,octree_leafcount,flyby,7,1121,1121,0.6574400067,0.4971840084,1.155840039,1.161692,1,0,-1,40353,35309,17,17,8764,24.8208672,14.50060891,512002,0,512002,40353
v1,e7bd16a8ad2be3cb1a245ce7fe4d8ea167164025,direct,octree_leafcount,flyby,7,1122,1122,0.603488028,0.365696013,0.9704319835,0.977345,1,0,-1,40241,35211,17,17,8897,25.26767203,14.54096731,512002,0,512002,40241
v1,e7bd16a8ad2be3cb1a245ce7fe4d8ea167164025,direct,octree_leafcount,flyby,7,1123,1123,0.5375040174,0.3658240139,0.9045439959,0.911702,1,0,-1,40177,35155,17,17,8745,24.87555113,14.56413028,512002,0,512002,40177
v1,e7bd16a8ad2be3cb1a245ce7fe4d8ea167164025,direct,octree_leafcount,flyby,7,1124,1124,0.6693760157,0.4918720126,1.162464023,1.169515,1,0,-1,40329,35288,17,17,8743,24.77612786,14.50923827,512002,0,512002,40329
v1,e7bd16a8ad2be3cb1a245ce7fe4d8ea167164025,direct,octree_leafcount,flyby,7,1125,1125,0.6020799875,0.4974719882,1.101184011,1.108325,1,0,-1,40441,35386,17,17,8890,25.12292997,14.46905556,512002,0,512002,40441
v1,e7bd16a8ad2be3cb1a245ce7fe4d8ea167164025,direct,octree_leafcount,flyby,7,1126,1126,0.539040029,0.3667840064,0.90704,0.914907,1,0,-1,40353,35309,17,17,8687,24.60279249,14.50060891,512002,0,512002,40353
v1,e7bd16a8ad2be3cb1a245ce7fe4d8ea167164025,direct,octree_leafcount,flyby,7,1127,1127,0.6724159718,0.4957759976,1.170431972,1.177842,1,0,-1,40649,35568,17,17,8788,24.70760234,14.39501799,512002,0,512002,40649
v1,e7bd16a8ad2be3cb1a245ce7fe4d8ea167164025,direct,octree_leafcount,flyby,7,1128,1128,0.6005439758,0.3655360043,0.9672960043,0.974755,1,0,-1,40409,35358,17,17,8866,25.07494768,14.4805136,512002,0,512002,40409
v1,e7bd16a8ad2be3cb1a245ce7fe4d8ea167164025,direct,octree_leafcount,flyby,7,1129,1129,0.5302399993,0.3647359908,0.8961920142,0.902733,1,0,-1,40305,35267,17,17,8669,24.58105311,14.5178779,512002,0,512002,40305
v1,e7bd16a8ad2be3cb1a245ce7fe4d8ea167164025,direct,octree_leafcount,flyby,7,1130,1130,0.6752640009,0.3636479974,1.040127993,1.046665,1,0,-1,40225,35197,17,17,8666,24.6214166,14.54675114,512002,0,512002,40225
v1,e7bd16a8ad2be3cb1a245ce7fe4d8ea167164025,direct,octree_leafcount,flyby,7,1131,1131,0.600736022,0.3655360043,0.9675199986,0.975125,1,0,-1,40153,35134,17,17,8836,25.1494279,14.57283543,512002,0,512002,40153
v1,e7bd16a8ad2be3cb1a245ce7fe4d8ea167164025,direct,octree_leafcount,flyby,7,1132,1132,0.5422400236,0.4947200119,1.038560033,1.045447,1,0,-1,40233,35204,17,17,8752,24.86081127,14.54385865,512002,0,512002,40233
v1,e7bd16a8ad2be3cb1a245ce7fe4d8ea167164025,direct,octree_leafcount,flyby,7,1133,1133,0.6530560255,0.4950720072,1.149376035,1.156518,1,0,-1,40273,35239,17,17,8754,24.8417946,14.52941343,512002,0,512002,40273
v1,e7bd16a8ad2be3cb1a245ce7fe4d8ea167164025,direct,octree_leafcount,flyby,7,1134,1134,0.5958399773,0.3634560108,0.9605119824,0.967739,1,0,-1,40209,35183,17,17,8932,25.38726089,14.55253958,512002,0,512002,40209
v1,e7bd16a8ad2be3cb1a245ce7fe4d8ea167164025,direct,octree_leafcount,flyby,7,1135,1135,0.5450879931,0.495615989,1.042400002,1.04942,1,0,-1,40241,35211,17,17,8765,24.89278919,14.54096731,512002,0,512002,40241
v1,e7bd16a8ad2be3cb1a245ce7fe4d8ea167164025,direct,octree_leafcount,flyby,7,1136,1136,0.6814399958,0.3688319921,1.051488042,1.059675,1,0,-1,40241,35211,17,17,8740,24.82178865,14.54096731,512002,0,512002,40241
v1,e7bd16a8ad2be3cb1a245ce7fe4d8ea167164025,direct,octree_leafcount,flyby,7,1137,1137,0.6104320288,0.4938240051,1.106464028,1.11376,1,0,-1,40257,35225,17,17,8940,25.37970192,14.53518808,512002,0,512002,40257
v1,e7bd16a8ad2be3cb1a245ce7fe4d8ea167164025,direct,octree_leafcount,flyby,7,1138,1138,0.5468479991,0.4942399859,1.043359995,1.050481,1,0,-1,40305,35267,17,17,8823,25.01772195,14.5178779,512002,0,512002,40305
v1,e7bd16a8ad2be3cb1a245ce7fe4d8ea167164025,direct,octree_leafcount,flyby,7,1139,1139,0.6624320149,0.3669439852,1.030591965,1.03826,1,0,-1,40025,35022,17,17,8638,24.6644966,14.61943921,512002,0,512002,40025
v1,e7bd16a8ad2be3cb1a245ce7fe4d8ea167164025,direct,octree_leafcount,flyby,7,1140,1140,0.609152019,0.4955199957,1.105919957,1.113222,1,0,-1,40217,35190,17,17,8781,24.95311168,14.54964479,512002,0,512002,40217
v1,e7bd16a8ad2be3cb1a245ce7fe4d8ea167164025,direct,octree_leafcount,flyby,7,1141,1141,0.5380160213,0.4958719909,1.035488009,1.040994,1,0,-1,40409,35358,17,17,8717,24.65354375,14.4805136,512002,0,512002,40409
v1,e7bd16a8ad2be3cb1a245ce7fe4d8ea167164025,direct,octree_leafcount,flyby,7,1142,1142,0.6683840156,0.362688005,1.032287955,1.038097,1,0,-1,40233,35204,17,17,8692,24.69037609,14.54385865,512002,0,512002,40233
v1,e7bd16a8ad2be3cb1a245ce7fe4d8ea167164025,direct,octree_leafcount,flyby,7,1143,1143,0.614463985,0.4948160052,1.111680031,1.118795,1,0,-1,40321,35281,17,17,8774,24.86890961,14.512117,512002,0,512002,40321
v1,e7bd16a8ad2be3cb1a245ce7fe4d8ea167164025,direct,octree_leafcount,flyby,7,1144,1144,0.542847991,0.4999040067,1.043967962,1.05113,1,0,-1,40377,35330,17,17,8768,24.81743561,14.49198981,512002,0,512002,40377
v1,e7bd16a8ad2be3cb1a245ce7fe4d8ea167164025,direct,octree_leafcount,flyby,7,1145,1145,0.6638399959,0.4959039986,1.161952019,1.169482,1,0,-1,40433,35379,17,17,8693,24.57107324,14.47191837,512002,0,512002,40433
v1,e7bd16a8ad2be3cb1a245ce7fe4d8ea167164025,direct,octree_leafcount,flyby,7,1146,1146,0.5990080237,0.3646399975,0.9648640156,0.971688,1,0,-1,40425,35372,17,17,8870,25.07633156,14.47478231,512002,0,512002,40425
v1,e7bd16a8ad2be3cb1a245ce7fe4d8ea167164025,direct,octree_leafcount,flyby,7,1147,1147,0.5315520167,0.3648639917,0.8976320028,0.904883,1,0,-1,40241,35211,17,17,8744,24.83314873,14.54096731,512002,0,512002,40241
v1,e7bd16a8ad2be3cb1a245ce7fe4d8ea167164025,direct,octree_leafcount,flyby,7,1148,1148,0.6580799818,0.3666880131,1.025984049,1.032752,1,0,-1,40161,35141,17,17,8667,24.66349848,14.56993256,512002,0,512002,40161
v1,e7bd16a8ad2be3cb1a245ce7fe4d8ea167164025,direct,octree_leafcount,flyby,7,1149,1149,0.6041280031,0.4947839975,1.100512028,1.107626,1,0,-1,40217,35190,17,17,8752,24.8707019,14.54964479,512002,0,512002,40217
v1,e7bd16a8ad2be3cb1a245ce7fe4d8ea167164025,direct,octree_leafcount,flyby,7,1150,1150,0.5303999782,0.4937599897,1.026335955,1.033076,1,0,-1,40353,35309,17,17,8627,24.43286414,14.50060891,512002,0,512002,40353
v1,e7bd16a8ad2be3cb1a245ce7fe4d8ea167164025,direct,octree_leafcount,flyby,7,1151,1151,0.6579840183,0.3648320138,1.024031997,1.03082,1,0,-1,40345,35302,17,17,8557,24.23941986,14.50348422,512002,0,512002,40345
v1,e7bd16a8ad2be3cb1a245ce7fe4d8ea167164025,direct,octree_leafcount,flyby,7,1152,1152,0.5999680161,0.3648000062,0.9660159945,0.972784,1,0,-1,40313,35274,17,17,8673,24.58751488,14.51499688,512002,0,512002,40313
v1,e7bd16a8ad2be3cb1a245ce7fe4d8ea167164025,direct,octree_leafcount,flyby,7,1153,1153,0.5398079753,0.492832005,1.034271955,1.041407,1,0,-1,40417,35365,17,17,8622,24.38003676,14.47764739,512002,0,512002,40417
v1,e7bd16a8ad2be3cb1a245ce7fe4d8ea167164025,direct,octree_leafcount,flyby,7,1154,1154,0.8159999847,0.3862079978,1.204447985,1.211381,1,0,-1,40169,35148,17,17,8570,24.38261067,14.56703084,512002,0,512002,40169
v1,e7bd16a8ad2be3cb1a245ce7fe4d8ea167164025,direct,octree_leafcount,flyby,7,1155,1155,0.6038079858,0.4984000027,1.103487968,1.110881,1,0,-1,40505,35442,17,17,8723,24.61204221,14.44619378,512002,0,512002,40505
v1,e7bd16a8ad2be3cb1a245ce7fe4d8ea167164025,direct,octree_leafcount,flyby,7,1156,1156,0.5312640071,0.3639680147,0.8964480162,0.902698,1,0,-1,40433,35379,17,17,8711,24.62195087,14.47191837,512002,0,512002,40433
v1,e7bd16a8ad2be3cb1a245ce7fe4d8ea167164025,direct,octree_leafcount,flyby,7,1157,1157,0.6657599807,0.4936000109,1.160959959,1.167808,1,0,-1,40441,35386,17,17,8623,24.36839428,14.46905556,512002,0,512002,40441
v1,e7bd16a8ad2be3cb1a245ce7fe4d8ea167164025,direct,octree_leafcount,flyby,7,1158,1158,0.5966399908,0.4925119877,1.094496012,1.099839,1,0,-1,40497,35435,17,17,8715,24.59432764,14.44904755,512002,0,512002,40497
v1,e7bd16a8ad2be3cb1a245ce7fe4d8ea167164025,direct,octree_leafcount,flyby,7,1159,1159,0.5379520059,0.3658559918,0.9050239921,0.91234,1,0,-1,40465,35407,17,17,8748,24.70697885,14.46047392,512002,0,512002,40465
v1,e7bd16a8ad2be3cb1a245ce7fe4d8ea167164025,direct,octree_leafcount,flyby,7,1160,1160,0.6657599807,0.3646399975,1.031615973,1.039022,1,0,-1,40225,35197,17,17,8653,24.58448163,14.54675114,512002,0,512002,40225
v1,e7bd16a8ad2be3cb1a245ce7fe4d8ea167164025,direct,octree_leafcount,flyby,7,1161,1161,0.5959039927,0.4953280091,1.092479944,1.09956,1,0,-1,40577,35505,17,17,8746,24.63315026,14.42056048,512002,0,512002,40577
v1,e7bd16a8ad2be3cb1a245ce7fe4d8ea167164025,direct,octree_leafcount,flyby,7,1162,1162,0.5406079888,0.365568012,0.9074239731,0.91432,1,0,-1,40417,35365,17,17,8731,24.6882511,14.47764739,512002,0,512002,40417
v1,e7bd16a8ad2be3cb1a245ce7fe4d8ea167164025,direct,octree_leafcount,flyby,7,1163,1163,0.6576319933,0.3646079898,1.023455977,1.029192,1,0,-1,40193,35169,17,17,8645,24.5813074,14.55833262,512002,0,512002,40193
v1,e7bd16a8ad2be3cb1a245ce7fe4d8ea167164025,direct,octree_leafcount,flyby,7,1164,1164,0.612959981,0.4959039986,1.110463977,1.116847,1,0,-1,40705,35617,17,17,8742,24.54445911,14.37521408,512002,0,512002,40705
v1,e7bd16a8ad2be3cb1a245ce7fe4d8ea167164025,direct,octree_leafcount,flyby,7,1165,1165,0.5352320075,0.3648000062,0.9012799859,0.907087,1,0,-1,40633,35554,17,17,8801,24.75389548,14.40068628,512002,0,512002,40633
v1,e7bd16a8ad2be3cb1a245ce7fe4d8ea167164025,direct,octree_leafcount,flyby,7,1166,1166,0.6740480065,0.3645119965,1.039775968,1.046985,1,0,-1,40177,35155,17,17,8607,24.48300384,14.56413028,512002,0,512002,40177
v1,e7bd16a8ad2be3cb1a245ce7fe4d8ea167164025,direct,octree_leafcount,flyby,7,1167,1167,0.6141440272,0.4958719909,1.11225605,1.118929,1,0,-1,40705,35617,17,17,8761,24.59780442,14.37521408,512002,0,512002,40705
v1,e7bd16a8ad2be3cb1a245ce7fe4d8ea167164025,direct,octree_leafcount,flyby,7,1168,1168,0.5239679813,0.3657920063,0.8909760118,0.898359,1,0,-1,40465,35407,17,17,8783,24.80582936,14.46047392,512002,0,512002,40465
v1,e7bd16a8ad2be3cb1a245ce7fe4d8ea167164025,direct,octree_leafcount,flyby,7,1169,1169,0.6628800035,0.3658879995,1.029983997,1.037019,1,0,-1,40417,35365,17,17,8705,24.61473208,14.47764739,512002,0,512002,40417
v1,e7bd16a8ad2be3cb1a245ce7fe4d8ea167164025,direct,octree_leafcount,flyby,7,1170,1170,0.6045439839,0.4926399887,1.099359989,1.105815,1,0,-1,40529,35463,17,17,8689,24.50159321,14.43763923,512002,0,512002,40529
v1,e7bd16a8ad2be3cb1a245ce7fe4d8ea167164025,direct,octree_leafcount,flyby,7,1171,1171,0.5472959876,0.3668160141,0.9153280258,0.922695,1,0,-1,40393,35344,17,17,8850,25.03961068,14.48624943,512002,0,512002,40393
v1,e7bd16a8ad2be3cb1a245ce7fe4d8ea167164025,direct,octree_leafcount,flyby,7,1172,1172,0.6729599833,0.4948799908,1.169471979,1.176431,1,0,-1,40609,35533,17,17,8831,24.85295359,14.40919708,512002,0,512002,40609
v1,e7bd16a8ad2be3cb1a245ce7fe4d8ea167164025,direct,octree_leafcount,flyby,7,1173,1173,0.5919359922,0.4958719909,1.090016007,1.096556,1,0,-1,40665,35582,17,17,8775,24.66134562,14.38935417,512002,0,512002,40665
v1,e7bd16a8ad2be3cb1a245ce7fe4d8ea167164025,direct,octree_leafcount,flyby,7,1174,1174,0.5892480016,0.3645760119,0.9550719857,0.962042,1,0,-1,40361,35316,17,17,8864,25.09910522,14.49773474,512002,0,512002,40361
v1,e7bd16a8ad2be3cb1a245ce7fe4d8ea167164025,direct,octree_leafcount,flyby,7,1175,1175,0.666688025,0.4938879907,1.162176013,1.168945,1,0,-1,40385,35337,17,17,8688,24.58612785,14.48911905,512002,0,512002,40385
v1,e7bd16a8ad2be3cb1a245ce7fe4d8ea167164025,direct,octree_leafcount,flyby,7,1176,1176,0.538079977,0.4982720017,1.03760004,1.044793,1,0,-1,40609,35533,17,17,8666,24.38859652,14.40919708,512002,0,512002,40609
v1,e7bd16a8ad2be3cb1a245ce7fe4d8ea167164025,direct,octree_leafcount,flyby,7,1177,1177,0.6068159938,0.3659200072,0.9739519954,0.980924,1,0,-1,40481,35421,17,17,8842,24.96259281,14.45475848,512002,0,512002,40481
v1,e7bd16a8ad2be3cb1a245ce7fe4d8ea167164025,direct,octree_leafcount,flyby,7,1178,1178,0.6663039923,0.3656640053,1.033184052,1.039836,1,0,-1,40169,35148,17,17,8742,24.87196996,14.56703084,512002,0,512002,40169
v1,e7bd16a8ad2be3cb1a245ce7fe4d8ea167164025,direct,octree_leafcount,flyby,7,1179,1179,0.5464000106,0.4938560128,1.042464018,1.049309,1,0,-1,40385,35337,17,17,8703,24.62857628,14.48911905,512002,0,512002,40385
v1,e7bd16a8ad2be3cb1a245ce7fe4d8ea167164025,direct,octree_leafcount,flyby,7,1180,1180,0.6038399935,0.3657920063,0.9708480239,0.978348,1,0,-1,40361,35316,17,17,8763,24.81311587,14.49773474,512002,0,512002,40361
v1,e7bd16a8ad2be3cb1a245ce7fe4d8ea167164025,direct,octree_leafcount,flyby,7,1181,1181,0.6689280272,0.3658240139,1.035967946,1.043574,1,0,-1,40289,35253,17,17,8738,24.78654299,14.52364338,512002,0,512002,40289
v1,e7bd16a8ad2be3cb1a245ce7fe4d8ea167164025,direct,octree_leafcount,flyby,7,1182,1182,0.5348479748,0.3676480055,0.9037119746,0.911243,1,0,-1,40009,35008,17,17,8565,24.46583638,14.62528565,512002,0,512002,40009
v1,e7bd16a8ad2be3cb1a245ce7fe4d8ea167164025,direct,octree_leafcount,flyby,7,1183,1183,0.6093760133,0.4947200119,1.105823994,1.112813,1,0,-1,40081,35071,17,17,8737,24.91232072,14.59901343,512002,0,512002,40081
v1,e7bd16a8ad2be3cb1a245ce7fe4d8ea167164025,direct,octree_leafcount,flyby,7,1184,1184,0.6768000126,0.4978879988,1.176447988,1.183382,1,0,-1,40329,35288,17,17,8713,24.69111313,14.50923827,512002,0,512002,40329
v1,e7bd16a8ad2be3cb1a245ce7fe4d8ea167164025,direct,octree_leafcount,flyby,7,1185,1185,0.5481600165,0.3658240139,0.915199995,0.92207,1,0,-1,40281,35246,17,17,8603,24.40844351,14.52652783,512002,0,512002,40281
v1,e7bd16a8ad2be3cb1a245ce7fe4d8ea167164025,direct,octree_leafcount,flyby,7,1186,1186,0.5973119736,0.3663679957,0.9648960233,0.971699,1,0,-1,40201,35176,17,17,8689,24.70150102,14.55543552,512002,0,512002,40201
v1,e7bd16a8ad2be3cb1a245ce7fe4d8ea167164025,direct,octree_leafcount,flyby,7,1187,1187,0.665184021,0.365215987,1.031615973,1.038192,1,0,-1,40201,35176,17,17,8585,24.40584489,14.55543552,512002,0,512002,40201
v1,e7bd16a8ad2be3cb1a245ce7fe4d8ea167164025,direct,octree_leafcount,flyby,7,1188,1188,0.5402879715,0.3658879995,0.9074239731,0.914803,1,0,-1,40105,35092,17,17,8534,24.31893309,14.59027699,512002,0,512002,40105
v1,e7bd16a8ad2be3cb1a245ce7fe4d8ea167164025,direct,octree_leafcount,flyby,7,1189,1189,0.5970559716,0.4968000054,1.095456004,1.102572,1,0,-1,40225,35197,17,17,8835,25.10157116,14.54675114,512002,0,512002,40225
v1,e7bd16a8ad2be3cb1a245ce7fe4d8ea167164025,direct,octree_leafcount,flyby,7,1190,1190,0.668735981,0.4957439899,1.166687965,1.174029,1,0,-1,40257,35225,17,17,8750,24.84031228,14.53518808,512002,0,512002,40257
v1,e7bd16a8ad2be3cb1a245ce7fe4d8ea167164025,direct,octree_leafcount,flyby,7,1191,1191,0.5312640071,0.4943679869,1.026847959,1.035965,1,0,-1,40345,35302,17,17,8659,24.52835533,14.50348422,512002,0,512002,40345
v1,e7bd16a8ad2be3cb1a245ce7fe4d8ea167164025,direct,octree_leafcount,flyby,7,1192,1192,0.6044800282,0.3648000062,0.9704959989,0.977346,1,0,-1,40217,35190,17,17,8825,25.0781472,14.54964479,512002,0,512002,40217
v1,e7bd16a8ad2be3cb1a245ce7fe4d8ea167164025,direct,octree_leafcount,flyby,7,1193,1193,0.6668800116,0.4938560128,1.162368059,1.168922,1,0,-1,40513,35449,17,17,8736,24.64385455,14.44334114,512002,0,512002,40513
v1,e7bd16a8ad2be3cb1a245ce7fe4d8ea167164025,direct,octree_leafcount,flyby,7,1194,1194,0.526368022,0.3667519987,0.8943359852,0.901195,1,0,-1,40137,35120,17,17,8584,24.44191344,14.57864465,512002,0,512002,40137
v1,e7bd16a8ad2be3cb1a245ce7fe4d8ea167164025,direct,octree_leafcount,flyby,7,1195,1195,0.6077759862,0.495487988,1.104864001,1.111892,1,0,-1,40225,35197,17,17,8825,25.07315964,14.54675114,512002,0,512002,40225
v1,e7bd16a8ad2be3cb1a245ce7fe4d8ea167164025,direct,octree_leafcount,flyby,7,1196,1196,0.6744639874,0.4959039986,1.171936035,1.178415,1,0,-1,40817,35715,17,17,8941,25.03429931,14.33576928,512002,0,512002,40817
v1,e7bd16a8ad2be3cb1a245ce7fe4d8ea167164025,direct,octree_leafcount,flyby,7,1197,1197,0.5331519842,0.3655999899,0.8999680281,0.906931,1,0,-1,40273,35239,17,17,8729,24.77085048,14.52941343,512002,0,512002,40273
v1,e7bd16a8ad2be3cb1a245ce7fe4d8ea167164025,direct,octree_leafcount,flyby,7,1198,1198,0.6097599864,0.4952639937,1.106240034,1.113484,1,0,-1,40449,35393,17,17,8875,25.07557992,14.46619388,512002,0,512002,40449
v1,e7bd16a8ad2be3cb1a245ce7fe4d8ea167164025,direct,octree_leafcount,flyby,7,1199,1199,0.6607040167,0.4948160052,1.157119989,1.164212,1,0,-1,40585,35512,17,17,8841,24.89580987,14.41771795,512002,0,512002,40585
v1,e7bd16a8ad2be3cb1a245ce7fe4d8ea167164025,direct,octree_leafcount,flyby,7,1200,1200,0.5433920026,0.3658240139,0.9104319811,0.917162,1,0,-1,40041,35036,17,17,8692,24.80876812,14.61359744,512002,0,512002,40041
