version,commit,path,config,dataset,run,snapshot,frame_id,tree_update_ms,view_ms,total_ms,wall_ms,attempts,maintenance_ms,iterations,num_nodes,num_leaves,max_depth,max_depth_octree_equiv,num_empty_leaves,empty_leaf_pct,avg_particles_per_leaf,particles_active,particles_escaped,particle_slots,lib_num_nodes
cstone,d7fddfb4f8d8ada0eb1a65d1a450a66c8cbd794c,direct,octree_leafcount,flyby,10,0,0,nan,nan,nan,nan,0,0,7,43825,38347,17,17,22089,57.60294156,13.3518137,512002,0,512002,43825
cstone,d7fddfb4f8d8ada0eb1a65d1a450a66c8cbd794c,direct,octree_leafcount,flyby,10,1,1,0.5310080051,0.177632004,0.7100480199,0.761172,1,0,3,43673,38214,17,17,22026,57.63856178,13.39828335,512002,0,512002,43673
cstone,d7fddfb4f8d8ada0eb1a65d1a450a66c8cbd794c,direct,octree_leafcount,flyby,10,2,2,0.5693439841,0.2602240145,0.8308799863,0.894201,1,0,3,43849,38368,17,17,22103,57.60790242,13.34450584,512002,0,512002,43849
cstone,d7fddfb4f8d8ada0eb1a65d1a450a66c8cbd794c,direct,octree_leafcount,flyby,10,3,3,0.4864639938,0.233408004,0.721216023,0.779701,1,0,2,43905,38417,17,17,22135,57.61772132,13.32748523,512002,0,512002,43905
cstone,d7fddfb4f8d8ada0eb1a65d1a450a66c8cbd794c,direct,octree_leafcount,flyby,10,4,4,0.5448960066,0.2308800071,0.7770879865,0.83213,1,0,3,43985,38487,17,17,22173,57.61166108,13.30324525,512002,0,512002,43985
cstone,d7fddfb4f8d8ada0eb1a65d1a450a66c8cbd794c,direct,octree_leafcount,flyby,10,5,5,0.5334079862,0.2108799964,0.7456319928,0.800457,1,0,3,43753,38284,17,17,22001,57.4678717,13.37378539,512002,0,512002,43753
cstone,d7fddfb4f8d8ada0eb1a65d1a450a66c8cbd794c,direct,octree_leafcount,flyby,10,6,6,0.5167040229,0.2022079974,0.720255971,0.775754,1,0,3,43673,38214,17,17,21925,57.37426074,13.39828335,512002,0,512002,43673
cstone,d7fddfb4f8d8ada0eb1a65d1a450a66c8cbd794c,direct,octree_leafcount,flyby,10,7,7,0.5728960037,0.2385279983,0.8127679825,0.869724,1,0,3,43977,38480,17,17,22023,57.23232848,13.30566528,512002,0,512002,43977
cstone,d7fddfb4f8d8ada0eb1a65d1a450a66c8cbd794c,direct,octree_leafcount,flyby,10,8,8,0.6208959818,0.2124480009,0.8346560001,0.891987,1,0,4,43689,38228,17,17,21793,57.00795229,13.39337658,512002,0,512002,43689
cstone,d7fddfb4f8d8ada0eb1a65d1a450a66c8cbd794c,direct,octree_leafcount,flyby,10,9,9,0.5571519732,0.2375040054,0.7960000038,0.853258,1,0,3,43745,38277,17,17,21805,56.96632442,13.37623116,512002,0,512002,43745
cstone,d7fddfb4f8d8ada0eb1a65d1a450a66c8cbd794c,direct,octree_leafcount,flyby,10,10,10,0.6307839751,0.2031999975,0.8353279829,0.890648,1,0,4,43745,38277,17,17,21704,56.7024584,13.37623116,512002,0,512002,43745
cstone,d7fddfb4f8d8ada0eb1a65d1a450a66c8cbd794c,direct,octree_leafcount,flyby,10,11,11,0.6308479905,0.223744005,0.8559039831,0.917854,1,0,4,43601,38151,17,17,21649,56.74556368,13.42040838,512002,0,512002,43601
cstone,d7fddfb4f8d8ada0eb1a65d1a450a66c8cbd794c,direct,octree_leafcount,flyby,10,12,12,0.6355519891,0.2339520007,0.870848,0.926946,1,0,4,43665,38207,17,17,21628,56.60742796,13.40073808,512002,0,512002,43665
cstone,d7fddfb4f8d8ada0eb1a65d1a450a66c8cbd794c,direct,octree_leafcount,flyby,10,13,13,0.8234879971,0.2093760073,1.034240007,1.089096,1,0,6,43625,38172,17,17,21456,56.20873939,13.41302525,512002,0,512002,43625
cstone,d7fddfb4f8d8ada0eb1a65d1a450a66c8cbd794c,direct,octree_leafcount,flyby,10,14,14,0.7177919745,0.2416000068,0.9607359767,1.017882,1,0,5,44009,38508,17,17,21489,55.80398878,13.29599044,512002,0,512002,44009
cstone,d7fddfb4f8d8ada0eb1a65d1a450a66c8cbd794c,direct,octree_leafcount,flyby,10,15,15,0.8215360045,0.2887359858,1.111647964,1.171385,1,0,6,44313,38774,17,17,21464,55.35668231,13.2047764,512002,0,512002,44313
cstone,d7fddfb4f8d8ada0eb1a65d1a450a66c8cbd794c,direct,octree_leafcount,flyby,10,16,16,0.7373120189,0.2559680045,0.9947839975,1.054902,1,0,5,44489,38928,17,17,21452,55.10686395,13.15253802,512002,0,512002,44489
cstone,d7fddfb4f8d8ada0eb1a65d1a450a66c8cbd794c,direct,octree_leafcount,flyby,10,17,17,0.7135040164,0.2165440023,0.931392014,0.987997,1,0,5,44289,38753,17,17,21044,54.30289268,13.21193198,512002,0,512002,44289
cstone,d7fddfb4f8d8ada0eb1a65d1a450a66c8cbd794c,direct,octree_leafcount,flyby,10,18,18,0.8401920199,0.240575999,1.082111955,1.139233,1,0,6,44321,38781,17,17,20893,53.8743199,13.20239292,512002,0,512002,44321
cstone,d7fddfb4f8d8ada0eb1a65d1a450a66c8cbd794c,direct,octree_leafcount,flyby,10,19,19,0.708927989,0.200639993,0.9108800292,0.96329,1,0,5,44017,38515,17,17,20591,53.46228742,13.29357393,512002,0,512002,44017
cstone,d7fddfb4f8d8ada0eb1a65d1a450a66c8cbd794c,direct,octree_leafcount,flyby,10,20,20,0.8039360046,0.2226880044,1.027968049,1.079589,1,0,6,44129,38613,17,17,20509,53.11423614,13.25983477,512002,0,512002,44129
cstone,d7fddfb4f8d8ada0eb1a65d1a450a66c8cbd794c,direct,octree_leafcount,flyby,10,21,21,0.7999359965,0.2052800059,1.00652802,1.062122,1,0,6,43985,38487,17,17,20271,52.66973264,13.30324525,512002,0,512002,43985
cstone,d7fddfb4f8d8ada0eb1a65d1a450a66c8cbd794c,direct,octree_leafcount,flyby,10,22,22,0.723263979,0.2044800073,0.9290879965,0.985079,1,0,5,43849,38368,17,17,20034,52.21538782,13.34450584,512002,0,512002,43849
cstone,d7fddfb4f8d8ada0eb1a65d1a450a66c8cbd794c,direct,octree_leafcount,flyby,10,23,23,0.6636160016,0.2299519926,0.8948799968,0.95221,1,0,4,43969,38473,17,17,19812,51.49585424,13.30808619,512002,0,512002,43969
cstone,d7fddfb4f8d8ada0eb1a65d1a450a66c8cbd794c,direct,octree_leafcount,flyby,10,24,24,0.676864028,0.2434239984,0.9215999842,0.984552,1,0,4,43633,38179,17,17,19508,51.09615234,13.41056602,512002,0,512002,43633
cstone,d7fddfb4f8d8ada0eb1a65d1a450a66c8cbd794c,direct,octree_leafcount,flyby,10,25,25,0.7345280051,0.2491520047,0.9849920273,1.048281,1,0,5,44049,38543,17,17,19656,50.99758711,13.28391666,512002,0,512002,44049
cstone,d7fddfb4f8d8ada0eb1a65d1a450a66c8cbd794c,direct,octree_leafcount,flyby,10,26,26,0.8395519853,0.2482880056,1.089184046,1.146925,1,0,6,44289,38753,17,17,19633,50.66188424,13.21193198,512002,0,512002,44289
cstone,d7fddfb4f8d8ada0eb1a65d1a450a66c8cbd794c,direct,octree_leafcount,flyby,10,27,27,0.8472959995,0.2764160037,1.125056028,1.184869,1,0,6,45185,39537,17,17,19857,50.22384096,12.94994562,512002,0,512002,45185
cstone,d7fddfb4f8d8ada0eb1a65d1a450a66c8cbd794c,direct,octree_leafcount,flyby,10,28,28,0.8264639974,0.240575999,1.068384051,1.12432,1,0,6,45209,39558,17,17,19402,49.04696901,12.94307093,512002,0,512002,45209
cstone,d7fddfb4f8d8ada0eb1a65d1a450a66c8cbd794c,direct,octree_leafcount,flyby,10,29,29,0.7879040241,0.2073280066,0.9966719747,1.052759,1,0,6,44529,38963,18,18,18895,48.49472577,13.14072325,512002,0,512002,44529
cstone,d7fddfb4f8d8ada0eb1a65d1a450a66c8cbd794c,direct,octree_leafcount,flyby,10,30,30,0.8155199885,0.2361280024,1.052991986,1.116796,1,0,6,44449,38893,17,17,18531,47.64610598,13.16437405,512002,0,512002,44449
cstone,d7fddfb4f8d8ada0eb1a65d1a450a66c8cbd794c,direct,octree_leafcount,flyby,10,31,31,0.7971839905,0.2577599883,1.056256056,1.116545,1,0,6,44785,39187,17,17,18543,47.31926404,13.06560849,512002,0,512002,44785
cstone,d7fddfb4f8d8ada0eb1a65d1a450a66c8cbd794c,direct,octree_leafcount,flyby,10,32,32,0.7697920203,0.2063039988,0.9774720073,1.031516,1,0,6,44657,39075,17,17,18503,47.35252719,13.10305822,512002,0,512002,44657
cstone,d7fddfb4f8d8ada0eb1a65d1a450a66c8cbd794c,direct,octree_leafcount,flyby,10,33,33,0.7882559896,0.226879999,1.016448021,1.075781,1,0,6,44129,38613,17,17,18153,47.01266413,13.25983477,512002,0,512002,44129
cstone,d7fddfb4f8d8ada0eb1a65d1a450a66c8cbd794c,direct,octree_leafcount,flyby,10,34,34,0.7179200053,0.2513599992,0.9706240296,1.029032,1,0,5,44249,38718,17,17,18062,46.65013689,13.2238752,512002,0,512002,44249
cstone,d7fddfb4f8d8ada0eb1a65d1a450a66c8cbd794c,direct,octree_leafcount,flyby,10,35,35,0.7984960079,0.2344640046,1.034304023,1.09112,1,0,6,45081,39446,17,17,18227,46.20747351,12.97982051,512002,0,512002,45081
cstone,d7fddfb4f8d8ada0eb1a65d1a450a66c8cbd794c,direct,octree_leafcount,flyby,10,36,36,0.8234879971,0.2282879949,1.053120017,1.114254,1,0,6,45409,39733,17,17,18345,46.17068935,12.88606448,512002,0,512002,45409
cstone,d7fddfb4f8d8ada0eb1a65d1a450a66c8cbd794c,direct,octree_leafcount,flyby,10,37,37,0.79974401,0.2252160013,1.026272058,1.078353,1,0,6,45553,39859,17,17,18263,45.81901202,12.84532979,512002,0,512002,45553
cstone,d7fddfb4f8d8ada0eb1a65d1a450a66c8cbd794c,direct,octree_leafcount,flyby,10,38,38,0.814176023,0.1975679994,1.013120055,1.067203,1,0,6,44945,39327,17,17,17674,44.94113459,13.0190963,512002,0,512002,44945
cstone,d7fddfb4f8d8ada0eb1a65d1a450a66c8cbd794c,direct,octree_leafcount,flyby,10,39,39,0.8711360097,0.2180480063,1.090528011,1.143682,1,0,7,45137,39495,17,17,17939,45.42093936,12.96371693,512002,0,512002,45137
cstone,d7fddfb4f8d8ada0eb1a65d1a450a66c8cbd794c,direct,octree_leafcount,flyby,10,40,40,0.7326080203,0.2431679964,0.9771199822,1.027896,1,0,5,45761,40041,17,17,18036,45.04383007,12.78694338,512002,0,512002,45761
cstone,d7fddfb4f8d8ada0eb1a65d1a450a66c8cbd794c,direct,octree_leafcount,flyby,10,41,41,0.7959679961,0.2001599967,0.9974719882,1.051933,1,0,6,45601,39901,17,17,17592,44.08912057,12.83180873,512002,0,512002,45601
cstone,d7fddfb4f8d8ada0eb1a65d1a450a66c8cbd794c,direct,octree_leafcount,flyby,10,42,42,0.8198720217,0.230399996,1.051584005,1.112811,1,0,6,45409,39733,17,17,17202,43.29398737,12.88606448,512002,0,512002,45409
cstone,d7fddfb4f8d8ada0eb1a65d1a450a66c8cbd794c,direct,octree_leafcount,flyby,10,43,43,0.9172160029,0.2231680006,1.141759992,1.201628,1,0,7,45297,39635,17,17,17028,42.96202851,12.91792608,512002,0,512002,45297
cstone,d7fddfb4f8d8ada0eb1a65d1a450a66c8cbd794c,direct,octree_leafcount,flyby,10,44,44,0.7463359833,0.2293439955,0.9770240188,1.032522,1,0,5,45337,39670,17,17,16868,42.52079657,12.90652886,512002,0,512002,45337
cstone,d7fddfb4f8d8ada0eb1a65d1a450a66c8cbd794c,direct,octree_leafcount,flyby,10,45,45,0.8126080036,0.2231359929,1.037055969,1.09127,1,0,6,45353,39684,17,17,16655,41.96905554,12.90197561,512002,0,512002,45353
cstone,d7fddfb4f8d8ada0eb1a65d1a450a66c8cbd794c,direct,octree_leafcount,flyby,10,46,46,0.8189759851,0.2339520007,1.054272056,1.109347,1,0,6,45465,39782,17,17,16678,41.92348298,12.87019255,512002,0,512002,45465
cstone,d7fddfb4f8d8ada0eb1a65d1a450a66c8cbd794c,direct,octree_leafcount,flyby,10,47,47,0.8815039992,0.2022079974,1.085055947,1.140654,1,0,7,45233,39579,17,17,16448,41.55739155,12.93620354,512002,0,512002,45233
cstone,d7fddfb4f8d8ada0eb1a65d1a450a66c8cbd794c,direct,octree_leafcount,flyby,10,48,48,0.9081919789,0.2340800017,1.143615961,1.197498,1,0,7,45377,39705,17,17,16280,41.00239265,12.89515174,512002,0,512002,45377
cstone,d7fddfb4f8d8ada0eb1a65d1a450a66c8cbd794c,direct,octree_leafcount,flyby,10,49,49,0.8019840121,0.2114239931,1.014783978,1.070862,1,0,6,44801,39201,17,17,15965,40.72600189,13.06094232,512002,0,512002,44801
cstone,d7fddfb4f8d8ada0eb1a65d1a450a66c8cbd794c,direct,octree_leafcount,flyby,10,50,50,0.7418879867,0.2022079974,0.9454399943,1.000474,1,0,5,44609,39033,17,17,15886,40.69889581,13.11715728,512002,0,512002,44609
cstone,d7fddfb4f8d8ada0eb1a65d1a450a66c8cbd794c,direct,octree_leafcount,flyby,10,51,51,0.8147519827,0.2052800059,1.021376014,1.075653,1,0,6,44577,39005,17,17,15882,40.71785669,13.12657352,512002,0,512002,44577
cstone,d7fddfb4f8d8ada0eb1a65d1a450a66c8cbd794c,direct,octree_leafcount,flyby,10,52,52,0.8298879862,0.2497919947,1.081024051,1.141079,1,0,6,44913,39299,17,17,16024,40.77457442,13.02837222,512002,0,512002,44913
cstone,d7fddfb4f8d8ada0eb1a65d1a450a66c8cbd794c,direct,octree_leafcount,flyby,10,53,53,0.8172479868,0.2349759936,1.053568006,1.113571,1,0,6,44825,39222,17,17,15884,40.49767987,13.05394931,512002,0,512002,44825
cstone,d7fddfb4f8d8ada0eb1a65d1a450a66c8cbd794c,direct,octree_leafcount,flyby,10,54,54,0.8434240222,0.2493119985,1.094079971,1.151106,1,0,6,45001,39376,17,17,15802,40.13104429,13.00289516,512002,0,512002,45001
cstone,d7fddfb4f8d8ada0eb1a65d1a450a66c8cbd794c,direct,octree_leafcount,flyby,10,55,55,0.8144959807,0.2360000014,1.051839948,1.108333,1,0,6,45065,39432,17,17,15886,40.28707649,12.98442889,512002,0,512002,45065
cstone,d7fddfb4f8d8ada0eb1a65d1a450a66c8cbd794c,direct,octree_leafcount,flyby,10,56,56,0.8113600016,0.2258879989,1.038591981,1.092641,1,0,6,45209,39558,17,17,15666,39.60260883,12.94307093,512002,0,512002,45209
cstone,d7fddfb4f8d8ada0eb1a65d1a450a66c8cbd794c,direct,octree_leafcount,flyby,10,57,57,0.8341760039,0.2178239971,1.053375959,1.107139,1,0,6,45017,39390,17,17,15458,39.24346281,12.99827367,512002,0,512002,45017
cstone,d7fddfb4f8d8ada0eb1a65d1a450a66c8cbd794c,direct,octree_leafcount,flyby,10,58,58,0.8317120075,0.2461120039,1.079167962,1.143172,1,0,6,44849,39243,17,17,15279,38.93433224,13.04696379,512002,0,512002,44849
cstone,d7fddfb4f8d8ada0eb1a65d1a450a66c8cbd794c,direct,octree_leafcount,flyby,10,59,59,0.8100479841,0.2293120027,1.040704012,1.095814,1,0,6,45073,39439,17,17,15427,39.11610335,12.98212429,512002,0,512002,45073
cstone,d7fddfb4f8d8ada0eb1a65d1a450a66c8cbd794c,direct,octree_leafcount,flyby,10,60,60,0.9596480131,0.2065600008,1.167551994,1.222582,1,0,8,44793,39194,17,17,15335,39.12588662,13.06327499,512002,0,512002,44793
cstone,d7fddfb4f8d8ada0eb1a65d1a450a66c8cbd794c,direct,octree_leafcount,flyby,10,61,61,0.830655992,0.227008,1.058976054,1.1134,1,0,6,44801,39201,17,17,15413,39.31787454,13.06094232,512002,0,512002,44801
cstone,d7fddfb4f8d8ada0eb1a65d1a450a66c8cbd794c,direct,octree_leafcount,flyby,10,62,62,0.8177599907,0.2360000014,1.05507195,1.111075,1,0,6,44977,39355,17,17,15318,38.92262737,13.00983357,512002,0,512002,44977
cstone,d7fddfb4f8d8ada0eb1a65d1a450a66c8cbd794c,direct,octree_leafcount,flyby,10,63,63,0.8554239869,0.2149759978,1.071743965,1.129935,1,0,6,44649,39068,17,17,15190,38.88092557,13.10540596,512002,0,512002,44649
cstone,d7fddfb4f8d8ada0eb1a65d1a450a66c8cbd794c,direct,octree_leafcount,flyby,10,64,64,0.8212800026,0.2488320023,1.071455956,1.13146,1,0,6,44777,39180,17,17,15101,38.54262379,13.06794283,512002,0,512002,44777
cstone,d7fddfb4f8d8ada0eb1a65d1a450a66c8cbd794c,direct,octree_leafcount,flyby,10,65,65,0.8381119967,0.2170239985,1.056447983,1.11698,1,0,6,44625,39047,17,17,14906,38.17450764,13.11245422,512002,0,512002,44625
cstone,d7fddfb4f8d8ada0eb1a65d1a450a66c8cbd794c,direct,octree_leafcount,flyby,10,66,66,0.796736002,0.2211199999,1.019168019,1.08154,1,0,6,44441,38886,17,17,14799,38.05739855,13.16674382,512002,0,512002,44441
cstone,d7fddfb4f8d8ada0eb1a65d1a450a66c8cbd794c,direct,octree_leafcount,flyby,10,67,67,0.749119997,0.2360000014,0.9864640236,1.045092,1,0,5,44545,38977,17,17,14792,37.95058624,13.13600328,512002,0,512002,44545
cstone,d7fddfb4f8d8ada0eb1a65d1a450a66c8cbd794c,direct,octree_leafcount,flyby,10,68,68,0.8288319707,0.239071995,1.069247961,1.125181,1,0,6,45041,39411,17,17,14975,37.99700591,12.99134759,512002,0,512002,45041
cstone,d7fddfb4f8d8ada0eb1a65d1a450a66c8cbd794c,direct,octree_leafcount,flyby,10,69,69,0.8160960078,0.2087039948,1.026175976,1.081316,1,0,6,44329,38788,17,17,14562,37.54253893,13.20001031,512002,0,512002,44329
cstone,d7fddfb4f8d8ada0eb1a65d1a450a66c8cbd794c,direct,octree_leafcount,flyby,10,70,70,0.7405760288,0.2282879949,0.9703040123,1.024635,1,0,5,44777,39180,17,17,14583,37.22052067,13.06794283,512002,0,512002,44777
cstone,d7fddfb4f8d8ada0eb1a65d1a450a66c8cbd794c,direct,octree_leafcount,flyby,10,71,71,0.823135972,0.2411199957,1.065631986,1.121221,1,0,6,45025,39397,17,17,14811,37.59423306,12.99596416,512002,0,512002,45025
cstone,d7fddfb4f8d8ada0eb1a65d1a450a66c8cbd794c,direct,octree_leafcount,flyby,10,72,72,0.7463359833,0.2129919976,0.9606400132,1.018965,1,0,5,44889,39278,17,17,14734,37.51209328,13.03533785,512002,0,512002,44889
cstone,d7fddfb4f8d8ada0eb1a65d1a450a66c8cbd794c,direct,octree_leafcount,flyby,10,73,73,0.8125439882,0.2180480063,1.031903982,1.092662,1,0,6,44601,39026,17,17,14744,37.77994158,13.11951007,512002,0,512002,44601
cstone,d7fddfb4f8d8ada0eb1a65d1a450a66c8cbd794c,direct,octree_leafcount,flyby,10,74,74,0.8382400274,0.2404800057,1.080064058,1.139912,1,0,6,44697,39110,17,17,14648,37.45333674,13.09133214,512002,0,512002,44697
cstone,d7fddfb4f8d8ada0eb1a65d1a450a66c8cbd794c,direct,octree_leafcount,flyby,10,75,75,0.8108800054,0.2471680045,1.059391975,1.118322,1,0,6,44921,39306,17,17,14675,37.33526688,13.026052,512002,0,512002,44921
cstone,d7fddfb4f8d8ada0eb1a65d1a450a66c8cbd794c,direct,octree_leafcount,flyby,10,76,76,0.7452480197,0.209920004,0.9565119743,1.013614,1,0,5,44905,39292,17,17,14706,37.42746615,13.03069327,512002,0,512002,44905
cstone,d7fddfb4f8d8ada0eb1a65d1a450a66c8cbd794c,direct,octree_leafcount,flyby,10,77,77,0.8080000281,0.2078080028,1.017151952,1.072689,1,0,6,44729,39138,17,17,14444,36.90530942,13.08196638,512002,0,512002,44729
cstone,d7fddfb4f8d8ada0eb1a65d1a450a66c8cbd794c,direct,octree_leafcount,flyby,10,78,78,0.7483199835,0.2411199957,0.9907839894,1.049362,1,0,5,44825,39222,17,17,14637,37.31834175,13.05394931,512002,0,512002,44825
cstone,d7fddfb4f8d8ada0eb1a65d1a450a66c8cbd794c,direct,octree_leafcount,flyby,10,79,79,0.8120959997,0.2150080055,1.028447986,1.085039,1,0,6,44673,39089,17,17,14326,36.64969685,13.09836527,512002,0,512002,44673
cstone,d7fddfb4f8d8ada0eb1a65d1a450a66c8cbd794c,direct,octree_leafcount,flyby,10,80,80,0.7330240011,0.2175679952,0.9519680142,1.010506,1,0,5,44537,38970,17,17,14200,36.43828586,13.13836284,512002,0,512002,44537
cstone,d7fddfb4f8d8ada0eb1a65d1a450a66c8cbd794c,direct,octree_leafcount,flyby,10,81,81,0.7438079715,0.2349759936,0.9800959826,1.034708,1,0,5,44697,39110,17,17,14262,36.46637689,13.09133214,512002,0,512002,44697
cstone,d7fddfb4f8d8ada0eb1a65d1a450a66c8cbd794c,direct,octree_leafcount,flyby,10,82,82,0.8850880265,0.2006720006,1.087103963,1.143967,1,0,7,44465,38907,17,17,14246,36.61551906,13.15963708,512002,0,512002,44465
cstone,d7fddfb4f8d8ada0eb1a65d1a450a66c8cbd794c,direct,octree_leafcount,flyby,10,83,83,0.7394559979,0.2047359943,0.9455360174,1.000675,1,0,5,44465,38907,17,17,14370,36.93422777,13.15963708,512002,0,512002,44465
cstone,d7fddfb4f8d8ada0eb1a65d1a450a66c8cbd794c,direct,octree_leafcount,flyby,10,84,84,0.8031359911,0.2047359943,1.009215951,1.064848,1,0,6,44025,38522,17,17,14009,36.36623228,13.2911583,512002,0,512002,44025
cstone,d7fddfb4f8d8ada0eb1a65d1a450a66c8cbd794c,direct,octree_leafcount,flyby,10,85,85,0.7555840015,0.2463680059,1.00326395,1.061401,1,0,5,44569,38998,17,17,14284,36.62751936,13.12892969,512002,0,512002,44569
cstone,d7fddfb4f8d8ada0eb1a65d1a450a66c8cbd794c,direct,octree_leafcount,flyby,10,86,86,0.8791040182,0.2119040042,1.092352033,1.149652,1,0,7,44401,38851,17,17,14068,36.21013616,13.17860544,512002,0,512002,44401
cstone,d7fddfb4f8d8ada0eb1a65d1a450a66c8cbd794c,direct,octree_leafcount,flyby,10,87,87,0.7417280078,0.2139520049,0.9570239782,1.012925,1,0,5,44201,38676,17,17,13950,36.06887993,13.2382356,512002,0,512002,44201
cstone,d7fddfb4f8d8ada0eb1a65d1a450a66c8cbd794c,direct,octree_leafcount,flyby,10,88,88,0.7341759801,0.2159360051,0.9514560103,1.007836,1,0,5,43793,38319,17,17,13673,35.68203763,13.36156998,512002,0,512002,43793
cstone,d7fddfb4f8d8ada0eb1a65d1a450a66c8cbd794c,direct,octree_leafcount,flyby,10,89,89,0.8143360019,0.2494720072,1.065088034,1.123635,1,0,6,43993,38494,17,17,13730,35.6678963,13.3008261,512002,0,512002,43993
cstone,d7fddfb4f8d8ada0eb1a65d1a450a66c8cbd794c,direct,octree_leafcount,flyby,10,90,90,0.8237119913,0.2074880004,1.032575965,1.087371,1,0,6,43937,38445,17,17,13765,35.80439589,13.31777864,512002,0,512002,43937
cstone,d7fddfb4f8d8ada0eb1a65d1a450a66c8cbd794c,direct,octree_leafcount,flyby,10,91,91,0.8036800027,0.2380799949,1.043104053,1.101891,1,0,6,44345,38802,17,17,13869,35.74300294,13.19524767,512002,0,512002,44345
cstone,d7fddfb4f8d8ada0eb1a65d1a450a66c8cbd794c,direct,octree_leafcount,flyby,10,92,92,0.741599977,0.2026879936,0.9456319809,1.001035,1,0,5,43537,38095,17,17,13512,35.46922168,13.4401365,512002,0,512002,43537
cstone,d7fddfb4f8d8ada0eb1a65d1a450a66c8cbd794c,direct,octree_leafcount,flyby,10,93,93,0.7927680016,0.2288320065,1.022912025,1.076101,1,0,6,43849,38368,17,17,13493,35.16732694,13.34450584,512002,0,512002,43849
cstone,d7fddfb4f8d8ada0eb1a65d1a450a66c8cbd794c,direct,octree_leafcount,flyby,10,94,94,0.7316160202,0.2078080028,0.9408640265,0.996696,1,0,5,43313,37899,17,17,13319,35.14340748,13.50964405,512002,0,512002,43313
cstone,d7fddfb4f8d8ada0eb1a65d1a450a66c8cbd794c,direct,octree_leafcount,flyby,10,95,95,0.7527040243,0.2385279983,0.9925760031,1.048909,1,0,5,43625,38172,17,17,13299,34.83967306,13.41302525,512002,0,512002,43625
cstone,d7fddfb4f8d8ada0eb1a65d1a450a66c8cbd794c,direct,octree_leafcount,flyby,10,96,96,0.8089600205,0.2022079974,1.012511969,1.064943,1,0,6,43329,37913,17,17,13283,35.03547596,13.5046554,512002,0,512002,43329
cstone,d7fddfb4f8d8ada0eb1a65d1a450a66c8cbd794c,direct,octree_leafcount,flyby,10,97,97,0.7318720222,0.1975039989,0.930783987,0.983393,1,0,5,43289,37878,17,17,13180,34.79592376,13.51713396,512002,0,512002,43289
cstone,d7fddfb4f8d8ada0eb1a65d1a450a66c8cbd794c,direct,octree_leafcount,flyby,10,98,98,0.8023040295,0.2134719938,1.017215967,1.073513,1,0,6,43073,37689,17,17,13322,35.34718353,13.58491868,512002,0,512002,43073
cstone,d7fddfb4f8d8ada0eb1a65d1a450a66c8cbd794c,direct,octree_leafcount,flyby,10,99,99,0.7376639843,0.2267840058,0.9657599926,1.019811,1,0,5,43121,37731,17,17,13271,35.17266969,13.56979672,512002,0,512002,43121
cstone,d7fddfb4f8d8ada0eb1a65d1a450a66c8cbd794c,direct,octree_leafcount,flyby,10,100,100,0.732032001,0.2331520021,0.9665279984,1.022342,1,0,5,43753,38284,17,17,13428,35.07470484,13.37378539,512002,0,512002,43753
cstone,d7fddfb4f8d8ada0eb1a65d1a450a66c8cbd794c,direct,octree_leafcount,flyby,10,101,101,0.742208004,0.2011840045,0.9447680116,0.998002,1,0,5,43369,37948,17,17,13255,34.92937704,13.49219985,512002,0,512002,43369
cstone,d7fddfb4f8d8ada0eb1a65d1a450a66c8cbd794c,direct,octree_leafcount,flyby,10,102,102,0.8030080199,0.2453760058,1.049695969,1.107357,1,0,6,43377,37955,17,17,12960,34.14569885,13.4897115,512002,0,512002,43377
cstone,d7fddfb4f8d8ada0eb1a65d1a450a66c8cbd794c,direct,octree_leafcount,flyby,10,103,103,0.7915199995,0.1893759966,0.9822080135,1.033983,1,0,6,43161,37766,17,17,13113,34.72170736,13.55722078,512002,0,512002,43161
cstone,d7fddfb4f8d8ada0eb1a65d1a450a66c8cbd794c,direct,octree_leafcount,flyby,10,104,104,0.7503039837,0.238688007,0.9903360009,1.046187,1,0,5,43497,38060,17,17,13361,35.10509721,13.45249606,512002,0,512002,43497
cstone,d7fddfb4f8d8ada0eb1a65d1a450a66c8cbd794c,direct,octree_leafcount,flyby,10,105,105,0.805504024,0.1944960058,1.001343966,1.053362,1,0,6,43441,38011,17,17,13006,34.21641104,13.46983768,512002,0,512002,43441
cstone,d7fddfb4f8d8ada0eb1a65d1a450a66c8cbd794c,direct,octree_leafcount,flyby,10,106,106,0.7363839746,0.2238720059,0.9616000056,1.019479,1,0,5,43041,37661,17,17,12956,34.40163564,13.59501872,512002,0,512002,43041
cstone,d7fddfb4f8d8ada0eb1a65d1a450a66c8cbd794c,direct,octree_leafcount,flyby,10,107,107,0.8223040104,0.2618559897,1.085664034,1.14882,1,0,6,43609,38158,17,17,13247,34.71618009,13.41794643,512002,0,512002,43609
cstone,d7fddfb4f8d8ada0eb1a65d1a450a66c8cbd794c,direct,octree_leafcount,flyby,10,108,108,0.7559360266,0.2320960015,0.9893760085,1.048676,1,0,5,43289,37878,17,17,13156,34.73256244,13.51713396,512002,0,512002,43289
cstone,d7fddfb4f8d8ada0eb1a65d1a450a66c8cbd794c,direct,octree_leafcount,flyby,10,109,109,0.7405440211,0.2267840058,0.9686400294,1.027913,1,0,5,43017,37640,17,17,12890,34.24548353,13.60260361,512002,0,512002,43017
cstone,d7fddfb4f8d8ada0eb1a65d1a450a66c8cbd794c,direct,octree_leafcount,flyby,10,110,110,0.8184959888,0.2467200011,1.06656003,1.123106,1,0,6,43161,37766,17,17,13007,34.44103162,13.55722078,512002,0,512002,43161
cstone,d7fddfb4f8d8ada0eb1a65d1a450a66c8cbd794c,direct,octree_leafcount,flyby,10,111,111,0.7471039891,0.2441920042,0.9926400185,1.050167,1,0,5,43185,37787,17,17,13031,34.48540503,13.5496864,512002,0,512002,43185
cstone,d7fddfb4f8d8ada0eb1a65d1a450a66c8cbd794c,direct,octree_leafcount,flyby,10,112,112,0.8168640137,0.2456959933,1.063904047,1.120839,1,0,6,43201,37801,17,17,12828,33.93561017,13.54466813,512002,0,512002,43201
cstone,d7fddfb4f8d8ada0eb1a65d1a450a66c8cbd794c,direct,octree_leafcount,flyby,10,113,113,0.8051199913,0.2354560047,1.041887999,1.097696,1,0,6,43313,37899,17,17,13016,34.34391409,13.50964405,512002,0,512002,43313
cstone,d7fddfb4f8d8ada0eb1a65d1a450a66c8cbd794c,direct,octree_leafcount,flyby,10,114,114,0.8237119913,0.2139520049,1.039072037,1.096385,1,0,6,43249,37843,17,17,12938,34.18862141,13.5296356,512002,0,512002,43249
cstone,d7fddfb4f8d8ada0eb1a65d1a450a66c8cbd794c,direct,octree_leafcount,flyby,10,115,115,0.6563199759,0.2196159959,0.8772479892,0.934899,1,0,4,43105,37717,17,17,12806,33.95285945,13.57483363,512002,0,512002,43105
cstone,d7fddfb4f8d8ada0eb1a65d1a450a66c8cbd794c,direct,octree_leafcount,flyby,10,116,116,0.7493119836,0.247743994,0.9983999729,1.057423,1,0,5,43153,37759,17,17,12761,33.79591621,13.5597341,512002,0,512002,43153
cstone,d7fddfb4f8d8ada0eb1a65d1a450a66c8cbd794c,direct,octree_leafcount,flyby,10,117,117,0.816223979,0.2411199957,1.058688045,1.117547,1,0,6,43273,37864,17,17,12946,34.19078808,13.52213184,512002,0,512002,43273
cstone,d7fddfb4f8d8ada0eb1a65d1a450a66c8cbd794c,direct,octree_leafcount,flyby,10,118,118,0.7309120297,0.2360959947,0.9683520198,1.026288,1,0,5,43497,38060,17,17,12911,33.92275355,13.45249606,512002,0,512002,43497
cstone,d7fddfb4f8d8ada0eb1a65d1a450a66c8cbd794c,direct,octree_leafcount,flyby,10,119,119,0.7915840149,0.218592003,1.011520028,1.064215,1,0,6,43585,38137,17,17,13008,34.10860844,13.42533498,512002,0,512002,43585
cstone,d7fddfb4f8d8ada0eb1a65d1a450a66c8cbd794c,direct,octree_leafcount,flyby,10,120,120,0.725120008,0.2032320052,0.9296960235,0.983262,1,0,5,43545,38102,17,17,13056,34.2659178,13.43766731,512002,0,512002,43545
cstone,d7fddfb4f8d8ada0eb1a65d1a450a66c8cbd794c,direct,octree_leafcount,flyby,10,121,121,0.7636160254,0.220096007,0.9850559831,1.043933,1,0,5,43385,37962,17,17,12938,34.08144987,13.48722407,512002,0,512002,43385
cstone,d7fddfb4f8d8ada0eb1a65d1a450a66c8cbd794c,direct,octree_leafcount,flyby,10,122,122,0.8001279831,0.2096000016,1.01107204,1.068196,1,0,6,42897,37535,17,17,12600,33.56866924,13.64065539,512002,0,512002,42897
cstone,d7fddfb4f8d8ada0eb1a65d1a450a66c8cbd794c,direct,octree_leafcount,flyby,10,123,123,0.7534080148,0.2516480088,1.006399989,1.067516,1,0,5,43329,37913,17,17,12958,34.1782502,13.5046554,512002,0,512002,43329
cstone,d7fddfb4f8d8ada0eb1a65d1a450a66c8cbd794c,direct,octree_leafcount,flyby,10,124,124,0.8088319898,0.2375359982,1.047711968,1.102472,1,0,6,43465,38032,17,17,12904,33.92932268,13.46240008,512002,0,512002,43465
cstone,d7fddfb4f8d8ada0eb1a65d1a450a66c8cbd794c,direct,octree_leafcount,flyby,10,125,125,0.7577279806,0.2216639966,0.9807360172,1.041395,1,0,5,43449,38018,17,17,12830,33.74717239,13.46735757,512002,0,512002,43449
cstone,d7fddfb4f8d8ada0eb1a65d1a450a66c8cbd794c,direct,octree_leafcount,flyby,10,126,126,0.8028159738,0.220735997,1.024896026,1.085904,1,0,6,43401,37976,17,17,12780,33.65283337,13.48225195,512002,0,512002,43401
cstone,d7fddfb4f8d8ada0eb1a65d1a450a66c8cbd794c,direct,octree_leafcount,flyby,10,127,127,0.7818880081,0.200639993,0.984063983,1.037764,1,0,6,43353,37934,17,17,12613,33.24985501,13.49717931,512002,0,512002,43353
cstone,d7fddfb4f8d8ada0eb1a65d1a450a66c8cbd794c,direct,octree_leafcount,flyby,10,128,128,0.7408319712,0.2026879936,0.944832027,0.999616,1,0,5,43305,37892,17,17,12622,33.31046131,13.51213977,512002,0,512002,43305
cstone,d7fddfb4f8d8ada0eb1a65d1a450a66c8cbd794c,direct,octree_leafcount,flyby,10,129,129,0.7991999984,0.1955199987,0.9960319996,1.048664,1,0,6,43121,37731,17,17,12694,33.64342318,13.56979672,512002,0,512002,43121
cstone,d7fddfb4f8d8ada0eb1a65d1a450a66c8cbd794c,direct,octree_leafcount,flyby,10,130,130,0.8163840175,0.2431039959,1.060832024,1.119071,1,0,6,43265,37857,17,17,12705,33.560504,13.52463217,512002,0,512002,43265
cstone,d7fddfb4f8d8ada0eb1a65d1a450a66c8cbd794c,direct,octree_leafcount,flyby,10,131,131,0.8168640137,0.2432959974,1.061504006,1.118386,1,0,6,43401,37976,17,17,12613,33.21308195,13.48225195,512002,0,512002,43401
cstone,d7fddfb4f8d8ada0eb1a65d1a450a66c8cbd794c,direct,octree_leafcount,flyby,10,132,132,0.7472320199,0.2205760032,0.9691200256,1.026805,1,0,5,43033,37654,17,17,12449,33.06156052,13.59754608,512002,0,512002,43033
cstone,d7fddfb4f8d8ada0eb1a65d1a450a66c8cbd794c,direct,octree_leafcount,flyby,10,133,133,0.671743989,0.211935997,0.8850240111,0.943423,1,0,4,42961,37591,17,17,12278,32.66207337,13.62033465,512002,0,512002,42961
cstone,d7fddfb4f8d8ada0eb1a65d1a450a66c8cbd794c,direct,octree_leafcount,flyby,10,134,134,0.8290560246,0.240575999,1.070976019,1.128575,1,0,6,43057,37675,17,17,12404,32.92368945,13.58996682,512002,0,512002,43057
cstone,d7fddfb4f8d8ada0eb1a65d1a450a66c8cbd794c,direct,octree_leafcount,flyby,10,135,135,1.044384003,0.419968009,1.465664029,1.549799,1,0,5,43273,37864,17,17,12398,32.74350306,13.52213184,512002,0,512002,43273
cstone,d7fddfb4f8d8ada0eb1a65d1a450a66c8cbd794c,direct,octree_leafcount,flyby,10,136,136,0.8196480274,0.2592639923,1.080255985,1.142314,1,0,6,43713,38249,17,17,12664,33.10936234,13.38602316,512002,0,512002,43713
cstone,d7fddfb4f8d8ada0eb1a65d1a450a66c8cbd794c,direct,octree_leafcount,flyby,10,137,137,0.80755198,0.2155199945,1.02441597,1.081808,1,0,6,43185,37787,17,17,12581,33.29451928,13.5496864,512002,0,512002,43185
cstone,d7fddfb4f8d8ada0eb1a65d1a450a66c8cbd794c,direct,octree_leafcount,flyby,10,138,138,0.7216640115,0.2098560035,0.9328640103,0.989196,1,0,5,43073,37689,17,17,12345,32.75491523,13.58491868,512002,0,512002,43073
cstone,d7fddfb4f8d8ada0eb1a65d1a450a66c8cbd794c,direct,octree_leafcount,flyby,10,139,139,0.8219519854,0.2344319969,1.057728052,1.11188,1,0,6,43617,38165,17,17,12654,33.15603301,13.41548539,512002,0,512002,43617
cstone,d7fddfb4f8d8ada0eb1a65d1a450a66c8cbd794c,direct,octree_leafcount,flyby,10,140,140,0.7423999906,0.2043839991,0.9481599927,1.004428,1,0,5,43497,38060,17,17,12721,33.42354178,13.45249606,512002,0,512002,43497
cstone,d7fddfb4f8d8ada0eb1a65d1a450a66c8cbd794c,direct,octree_leafcount,flyby,10,141,141,0.7794560194,0.2227520049,1.003584027,1.057247,1,0,6,43553,38109,17,17,12543,32.913485,13.43519903,512002,0,512002,43553
cstone,d7fddfb4f8d8ada0eb1a65d1a450a66c8cbd794c,direct,octree_leafcount,flyby,10,142,142,0.7460479736,0.2149759978,0.9623360038,1.019109,1,0,5,43521,38081,17,17,12500,32.82476826,13.4450776,512002,0,512002,43521
cstone,d7fddfb4f8d8ada0eb1a65d1a450a66c8cbd794c,direct,octree_leafcount,flyby,10,143,143,0.8209279776,0.2211519927,1.04342401,1.103564,1,0,6,43481,38046,17,17,12512,32.88650581,13.45744625,512002,0,512002,43481
cstone,d7fddfb4f8d8ada0eb1a65d1a450a66c8cbd794c,direct,octree_leafcount,flyby,10,144,144,0.7282559872,0.2160000056,0.9455999732,1.002593,1,0,5,42921,37556,17,17,12251,32.62061987,13.63302801,512002,0,512002,42921
cstone,d7fddfb4f8d8ada0eb1a65d1a450a66c8cbd794c,direct,octree_leafcount,flyby,10,145,145,0.7432960272,0.2400960028,0.9847360253,1.041152,1,0,5,43169,37773,17,17,12443,32.94151907,13.55470839,512002,0,512002,43169
cstone,d7fddfb4f8d8ada0eb1a65d1a450a66c8cbd794c,direct,octree_leafcount,flyby,10,146,146,0.8077759743,0.2108799964,1.019999981,1.07706,1,0,6,43153,37759,17,17,12284,32.53264122,13.5597341,512002,0,512002,43153
cstone,d7fddfb4f8d8ada0eb1a65d1a450a66c8cbd794c,direct,octree_leafcount,flyby,10,147,147,0.7412160039,0.2211199999,0.9636800289,1.015406,1,0,5,43521,38081,17,17,12474,32.75649274,13.4450776,512002,0,512002,43521
cstone,d7fddfb4f8d8ada0eb1a65d1a450a66c8cbd794c,direct,octree_leafcount,flyby,10,148,148,0.8275840282,0.2238399982,1.052767992,1.112262,1,0,6,43521,38081,17,17,12566,32.99808303,13.4450776,512002,0,512002,43521
cstone,d7fddfb4f8d8ada0eb1a65d1a450a66c8cbd794c,direct,octree_leafcount,flyby,10,149,149,0.7289599776,0.2195840031,0.949887991,1.010828,1,0,5,43225,37822,17,17,12458,32.9385014,13.53714769,512002,0,512002,43225
cstone,d7fddfb4f8d8ada0eb1a65d1a450a66c8cbd794c,direct,octree_leafcount,flyby,10,150,150,0.7504959702,0.2354560047,0.9873920083,1.042919,1,0,5,43393,37969,17,17,12389,32.62925018,13.48473755,512002,0,512002,43393
cstone,d7fddfb4f8d8ada0eb1a65d1a450a66c8cbd794c,direct,octree_leafcount,flyby,10,151,151,0.8088319898,0.2240960002,1.034271955,1.090738,1,0,6,43537,38095,17,17,12407,32.56857855,13.4401365,512002,0,512002,43537
cstone,d7fddfb4f8d8ada0eb1a65d1a450a66c8cbd794c,direct,octree_leafcount,flyby,10,152,152,0.7445120215,0.2042559981,0.9501119852,1.004037,1,0,5,43497,38060,17,17,12509,32.86652654,13.45249606,512002,0,512002,43497
cstone,d7fddfb4f8d8ada0eb1a65d1a450a66c8cbd794c,direct,octree_leafcount,flyby,10,153,153,0.7998399734,0.2336319983,1.034816027,1.089208,1,0,6,43665,38207,17,17,12555,32.86047059,13.40073808,512002,0,512002,43665
cstone,d7fddfb4f8d8ada0eb1a65d1a450a66c8cbd794c,direct,octree_leafcount,flyby,10,154,154,0.7029439807,0.193599999,0.8979200125,0.950144,1,0,5,43257,37850,17,17,12228,32.30647292,13.52713342,512002,0,512002,43257
cstone,d7fddfb4f8d8ada0eb1a65d1a450a66c8cbd794c,direct,octree_leafcount,flyby,10,155,155,0.7363200188,0.2241919935,0.9618239999,1.015094,1,0,5,43513,38074,17,17,12377,32.50774807,13.44754951,512002,0,512002,43513
cstone,d7fddfb4f8d8ada0eb1a65d1a450a66c8cbd794c,direct,octree_leafcount,flyby,10,156,156,0.8068159819,0.1991360039,1.007264018,1.060335,1,0,6,43417,37990,17,17,12313,32.41116083,13.4772835,512002,0,512002,43417
cstone,d7fddfb4f8d8ada0eb1a65d1a450a66c8cbd794c,direct,octree_leafcount,flyby,10,157,157,0.7493119836,0.2214719951,0.9720960259,1.031278,1,0,5,43193,37794,17,17,12313,32.57924538,13.5471768,512002,0,512002,43193
cstone,d7fddfb4f8d8ada0eb1a65d1a450a66c8cbd794c,direct,octree_leafcount,flyby,10,158,158,0.7956479788,0.2436479926,1.04073596,1.099969,1,0,6,43313,37899,17,17,12254,32.33330695,13.50964405,512002,0,512002,43313
cstone,d7fddfb4f8d8ada0eb1a65d1a450a66c8cbd794c,direct,octree_leafcount,flyby,10,159,159,0.7388799787,0.2063039988,0.9465280175,1.00066,1,0,5,42817,37465,17,17,11960,31.92312825,13.66614173,512002,0,512002,42817
cstone,d7fddfb4f8d8ada0eb1a65d1a450a66c8cbd794c,direct,octree_leafcount,flyby,10,160,160,0.7449280024,0.2372799963,0.9835199714,1.040647,1,0,5,43097,37710,17,17,12020,31.87483426,13.57735349,512002,0,512002,43097
cstone,d7fddfb4f8d8ada0eb1a65d1a450a66c8cbd794c,direct,octree_leafcount,flyby,10,161,161,0.802496016,0.2364799976,1.040320039,1.097373,1,0,6,43233,37829,17,17,12227,32.32176373,13.53464273,512002,0,512002,43233
cstone,d7fddfb4f8d8ada0eb1a65d1a450a66c8cbd794c,direct,octree_leafcount,flyby,10,162,162,0.8341439962,0.2655679882,1.101248026,1.174206,1,0,6,43145,37752,17,17,12101,32.05393092,13.56224836,512002,0,512002,43145
cstone,d7fddfb4f8d8ada0eb1a65d1a450a66c8cbd794c,direct,octree_leafcount,flyby,10,163,163,0.8214399815,0.259552002,1.082335949,1.142135,1,0,6,43545,38102,17,17,12278,32.22403023,13.43766731,512002,0,512002,43545
cstone,d7fddfb4f8d8ada0eb1a65d1a450a66c8cbd794c,direct,octree_leafcount,flyby,10,164,164,0.7964159846,0.2313600034,1.029119968,1.090786,1,0,6,43241,37836,17,17,12047,31.84004652,13.5321387,512002,0,512002,43241
cstone,d7fddfb4f8d8ada0eb1a65d1a450a66c8cbd794c,direct,octree_leafcount,flyby,10,165,165,0.7648320198,0.2282879949,0.9944319725,1.055174,1,0,5,43137,37745,17,17,12060,31.95125182,13.56476354,512002,0,512002,43137
cstone,d7fddfb4f8d8ada0eb1a65d1a450a66c8cbd794c,direct,octree_leafcount,flyby,10,166,166,0.8127999902,0.2190719992,1.033216,1.091051,1,0,6,43105,37717,17,17,11947,31.67537185,13.57483363,512002,0,512002,43105
cstone,d7fddfb4f8d8ada0eb1a65d1a450a66c8cbd794c,direct,octree_leafcount,flyby,10,167,167,0.7336000204,0.2073280066,0.9422720075,0.997139,1,0,5,43105,37717,17,17,11850,31.41819339,13.57483363,512002,0,512002,43105
cstone,d7fddfb4f8d8ada0eb1a65d1a450a66c8cbd794c,direct,octree_leafcount,flyby,10,168,168,0.8050240278,0.2002879977,1.006623983,1.060069,1,0,6,42745,37402,17,17,11841,31.65873483,13.68916101,512002,0,512002,42745
cstone,d7fddfb4f8d8ada0eb1a65d1a450a66c8cbd794c,direct,octree_leafcount,flyby,10,169,169,0.7258560061,0.2160000056,0.9431999922,0.996667,1,0,5,43025,37647,17,17,11893,31.59083061,13.60007438,512002,0,512002,43025
cstone,d7fddfb4f8d8ada0eb1a65d1a450a66c8cbd794c,direct,octree_leafcount,flyby,10,170,170,0.7375360131,0.1858559996,0.9247040153,0.975695,1,0,5,43001,37626,17,17,11936,31.72274491,13.60766491,512002,0,512002,43001
cstone,d7fddfb4f8d8ada0eb1a65d1a450a66c8cbd794c,direct,octree_leafcount,flyby,10,171,171,0.8295680285,0.2278079987,1.058751941,1.112987,1,0,6,43417,37990,17,17,11983,31.54251119,13.4772835,512002,0,512002,43417
cstone,d7fddfb4f8d8ada0eb1a65d1a450a66c8cbd794c,direct,octree_leafcount,flyby,10,172,172,0.7434880137,0.2078399956,0.952639997,1.007903,1,0,5,43025,37647,17,17,11688,31.04629851,13.60007438,512002,0,512002,43025
cstone,d7fddfb4f8d8ada0eb1a65d1a450a66c8cbd794c,direct,octree_leafcount,flyby,10,173,173,0.8182079792,0.2385279983,1.058303952,1.119603,1,0,6,42873,37514,17,17,11815,31.49490857,13.6482913,512002,0,512002,42873
cstone,d7fddfb4f8d8ada0eb1a65d1a450a66c8cbd794c,direct,octree_leafcount,flyby,10,174,174,0.7407360077,0.2217919976,0.9638720155,1.022858,1,0,5,42761,37416,17,17,11711,31.29944409,13.68403891,512002,0,512002,42761
cstone,d7fddfb4f8d8ada0eb1a65d1a450a66c8cbd794c,direct,octree_leafcount,flyby,10,175,175,0.759296,0.2559680045,1.016576052,1.074447,1,0,5,42977,37605,17,17,11892,31.62345433,13.61526393,512002,0,512002,42977
cstone,d7fddfb4f8d8ada0eb1a65d1a450a66c8cbd794c,direct,octree_leafcount,flyby,10,176,176,0.7992960215,0.2239679992,1.024608016,1.083709,1,0,6,42793,37444,17,17,11647,31.10511697,13.67380622,512002,0,512002,42793
cstone,d7fddfb4f8d8ada0eb1a65d1a450a66c8cbd794c,direct,octree_leafcount,flyby,10,177,177,0.7590720057,0.2416000068,1.001984,1.059656,1,0,5,42945,37577,17,17,11799,31.39952631,13.62540916,512002,0,512002,42945
cstone,d7fddfb4f8d8ada0eb1a65d1a450a66c8cbd794c,direct,octree_leafcount,flyby,10,178,178,0.8051199913,0.222240001,1.028704047,1.084578,1,0,6,43017,37640,17,17,11796,31.33900106,13.60260361,512002,0,512002,43017
cstone,d7fddfb4f8d8ada0eb1a65d1a450a66c8cbd794c,direct,octree_leafcount,flyby,10,179,179,0.7240960002,0.2129279971,0.9383680224,0.995093,1,0,5,42641,37311,17,17,11718,31.40628769,13.72254831,512002,0,512002,42641
cstone,d7fddfb4f8d8ada0eb1a65d1a450a66c8cbd794c,direct,octree_leafcount,flyby,10,180,180,0.7631360292,0.2473919988,1.011872053,1.071142,1,0,5,42985,37612,17,17,11962,31.80367968,13.61272998,512002,0,512002,42985
cstone,d7fddfb4f8d8ada0eb1a65d1a450a66c8cbd794c,direct,octree_leafcount,flyby,10,181,181,0.8042880297,0.2098879963,1.015455961,1.073097,1,0,6,42905,37542,17,17,11761,31.32757978,13.63811198,512002,0,512002,42905
cstone,d7fddfb4f8d8ada0eb1a65d1a450a66c8cbd794c,direct,octree_leafcount,flyby,10,182,182,0.7379519939,0.2032320052,0.9425280094,0.998112,1,0,5,42849,37493,17,17,11754,31.34985197,13.65593577,512002,0,512002,42849
cstone,d7fddfb4f8d8ada0eb1a65d1a450a66c8cbd794c,direct,octree_leafcount,flyby,10,183,183,0.7441279888,0.2339520007,0.9794239998,1.03348,1,0,5,43049,37668,17,17,11571,30.71838165,13.5924923,512002,0,512002,43049
cstone,d7fddfb4f8d8ada0eb1a65d1a450a66c8cbd794c,direct,octree_leafcount,flyby,10,184,184,0.815680027,0.240575999,1.057600021,1.114836,1,0,6,43129,37738,17,17,11650,30.87074037,13.56727967,512002,0,512002,43129
cstone,d7fddfb4f8d8ada0eb1a65d1a450a66c8cbd794c,direct,octree_leafcount,flyby,10,185,185,0.7349439859,0.2012799978,0.9375680089,0.992527,1,0,5,42769,37423,17,17,11754,31.4084921,13.6814793,512002,0,512002,42769
cstone,d7fddfb4f8d8ada0eb1a65d1a450a66c8cbd794c,direct,octree_leafcount,flyby,10,186,186,0.7902719975,0.1904319972,0.9820479751,1.03637,1,0,6,42585,37262,17,17,11593,31.11212495,13.74059363,512002,0,512002,42585
cstone,d7fddfb4f8d8ada0eb1a65d1a450a66c8cbd794c,direct,octree_leafcount,flyby,10,187,187,0.754783988,0.2371200025,0.9932479858,1.052323,1,0,5,42841,37486,17,17,11811,31.5077629,13.65848583,512002,0,512002,42841
cstone,d7fddfb4f8d8ada0eb1a65d1a450a66c8cbd794c,direct,octree_leafcount,flyby,10,188,188,0.7252159715,0.2134719938,0.9400320053,0.997244,1,0,5,42289,37003,17,17,11411,30.83804016,13.83676999,512002,0,512002,42289
cstone,d7fddfb4f8d8ada0eb1a65d1a450a66c8cbd794c,direct,octree_leafcount,flyby,10,189,189,0.8439999819,0.2677440047,1.113088012,1.178604,1,0,6,42473,37164,17,17,11522,31.0031213,13.77682704,512002,0,512002,42473
cstone,d7fddfb4f8d8ada0eb1a65d1a450a66c8cbd794c,direct,octree_leafcount,flyby,10,190,190,0.7569599748,0.2247360051,0.9830719829,1.041843,1,0,5,42297,37010,17,17,11405,30.81599568,13.83415293,512002,0,512002,42297
cstone,d7fddfb4f8d8ada0eb1a65d1a450a66c8cbd794c,direct,octree_leafcount,flyby,10,191,191,0.8064320087,0.2057600021,1.013504028,1.067911,1,0,6,42225,36947,17,17,11323,30.64660189,13.85774217,512002,0,512002,42225
cstone,d7fddfb4f8d8ada0eb1a65d1a450a66c8cbd794c,direct,octree_leafcount,flyby,10,192,192,0.740095973,0.225759998,0.9671999812,1.020771,1,0,5,42233,36954,17,17,11399,30.84645776,13.85511717,512002,0,512002,42233
cstone,d7fddfb4f8d8ada0eb1a65d1a450a66c8cbd794c,direct,octree_leafcount,flyby,10,193,193,0.6623679996,0.2278079987,0.8915200233,0.946062,1,0,4,42273,36989,17,17,11356,30.70101922,13.84200708,512002,0,512002,42273
cstone,d7fddfb4f8d8ada0eb1a65d1a450a66c8cbd794c,direct,octree_leafcount,flyby,10,194,194,0.8166400194,0.2426239997,1.060575962,1.120893,1,0,6,42401,37101,17,17,11567,31.17705722,13.80022102,512002,0,512002,42401
cstone,d7fddfb4f8d8ada0eb1a65d1a450a66c8cbd794c,direct,octree_leafcount,flyby,10,195,195,0.8274880052,0.2098560035,1.038687944,1.094764,1,0,6,42329,37038,17,17,11498,31.04379286,13.82369458,512002,0,512002,42329
cstone,d7fddfb4f8d8ada0eb1a65d1a450a66c8cbd794c,direct,octree_leafcount,flyby,10,196,196,0.8032320142,0.2366719991,1.041247964,1.098934,1,0,6,42761,37416,17,17,11752,31.40902288,13.68403891,512002,0,512002,42761
cstone,d7fddfb4f8d8ada0eb1a65d1a450a66c8cbd794c,direct,octree_leafcount,flyby,10,197,197,0.6552000046,0.1955199987,0.8520640135,0.906212,1,0,4,42289,37003,17,17,11372,30.7326433,13.83676999,512002,0,512002,42289
cstone,d7fddfb4f8d8ada0eb1a65d1a450a66c8cbd794c,direct,octree_leafcount,flyby,10,198,198,0.7522240281,0.2360000014,0.9895679951,1.047235,1,0,5,42561,37241,17,17,11525,30.94707446,13.74834188,512002,0,512002,42561
cstone,d7fddfb4f8d8ada0eb1a65d1a450a66c8cbd794c,direct,octree_leafcount,flyby,10,199,199,0.8164799809,0.2323839962,1.050207973,1.103955,1,0,6,42577,37255,17,17,11385,30.55965642,13.74317541,512002,0,512002,42577
cstone,d7fddfb4f8d8ada0eb1a65d1a450a66c8cbd794c,direct,octree_leafcount,flyby,10,200,200,0.7389760017,0.2278079987,0.9680960178,1.021442,1,0,5,42641,37311,17,17,11427,30.62635684,13.72254831,512002,0,512002,42641
cstone,d7fddfb4f8d8ada0eb1a65d1a450a66c8cbd794c,direct,octree_leafcount,flyby,10,201,201,0.8102399707,0.1991360039,1.01078403,1.06572,1,0,6,42481,37171,17,17,11405,30.68252132,13.7742326,512002,0,512002,42481
cstone,d7fddfb4f8d8ada0eb1a65d1a450a66c8cbd794c,direct,octree_leafcount,flyby,10,202,202,0.7255359888,0.2134719938,0.940320015,0.997634,1,0,5,42305,37017,17,17,11259,30.41575492,13.83153686,512002,0,512002,42305
cstone,d7fddfb4f8d8ada0eb1a65d1a450a66c8cbd794c,direct,octree_leafcount,flyby,10,203,203,0.7416319847,0.2385279983,0.9815040231,1.039393,1,0,5,42393,37094,17,17,11467,30.91335526,13.80282525,512002,0,512002,42393
cstone,d7fddfb4f8d8ada0eb1a65d1a450a66c8cbd794c,direct,octree_leafcount,flyby,10,204,204,0.8080639839,0.2155199945,1.024896026,1.082825,1,0,6,42297,37010,17,17,11400,30.80248581,13.83415293,512002,0,512002,42297
cstone,d7fddfb4f8d8ada0eb1a65d1a450a66c8cbd794c,direct,octree_leafcount,flyby,10,205,205,0.7469440103,0.2262399942,0.9745600224,1.028673,1,0,5,42825,37472,17,17,11629,31.0338386,13.66358881,512002,0,512002,42825
cstone,d7fddfb4f8d8ada0eb1a65d1a450a66c8cbd794c,direct,octree_leafcount,flyby,10,206,206,0.6499519944,0.1981119961,0.8493760228,0.902384,1,0,4,42609,37283,17,17,11431,30.66008637,13.73285412,512002,0,512002,42609
cstone,d7fddfb4f8d8ada0eb1a65d1a450a66c8cbd794c,direct,octree_leafcount,flyby,10,207,207,0.8023679852,0.2160000056,1.019711971,1.072494,1,0,6,42881,37521,17,17,11488,30.61752085,13.64574505,512002,0,512002,42881
cstone,d7fddfb4f8d8ada0eb1a65d1a450a66c8cbd794c,direct,octree_leafcount,flyby,10,208,208,0.732032001,0.1960639954,0.9294080138,0.987122,1,0,5,42489,37178,17,17,11347,30.52073807,13.77163914,512002,0,512002,42489
cstone,d7fddfb4f8d8ada0eb1a65d1a450a66c8cbd794c,direct,octree_leafcount,flyby,10,209,209,0.8095679879,0.2084800005,1.019359946,1.077626,1,0,6,42281,36996,17,17,11314,30.58168451,13.83938804,512002,0,512002,42281
cstone,d7fddfb4f8d8ada0eb1a65d1a450a66c8cbd794c,direct,octree_leafcount,flyby,10,210,210,0.7463359833,0.1970880032,0.9447360039,0.999505,1,0,5,42169,36898,17,17,11217,30.40002168,13.87614505,512002,0,512002,42169
cstone,d7fddfb4f8d8ada0eb1a65d1a450a66c8cbd794c,direct,octree_leafcount,flyby,10,211,211,0.7432960272,0.2452159971,0.9898880124,1.047596,1,0,5,42241,36961,17,17,11176,30.23727713,13.85249317,512002,0,512002,42241
cstone,d7fddfb4f8d8ada0eb1a65d1a450a66c8cbd794c,direct,octree_leafcount,flyby,10,212,212,0.8235200047,0.2515519857,1.076416016,1.137077,1,0,6,42449,37143,17,17,11392,30.67065127,13.78461621,512002,0,512002,42449
cstone,d7fddfb4f8d8ada0eb1a65d1a450a66c8cbd794c,direct,octree_leafcount,flyby,10,213,213,0.7618560195,0.2124480009,0.9756479859,1.035867,1,0,5,42185,36912,17,17,11341,30.72442566,13.8708821,512002,0,512002,42185
cstone,d7fddfb4f8d8ada0eb1a65d1a450a66c8cbd794c,direct,octree_leafcount,flyby,10,214,214,0.819231987,0.2426239997,1.063199997,1.123619,1,0,6,42193,36919,17,17,11377,30.81611095,13.86825212,512002,0,512002,42193
cstone,d7fddfb4f8d8ada0eb1a65d1a450a66c8cbd794c,direct,octree_leafcount,flyby,10,215,215,0.7316160202,0.2321279943,0.9650880098,1.02364,1,0,5,42249,36968,17,17,11279,30.51017096,13.84987016,512002,0,512002,42249
cstone,d7fddfb4f8d8ada0eb1a65d1a450a66c8cbd794c,direct,octree_leafcount,flyby,10,216,216,0.7558720112,0.254911989,1.012159944,1.074178,1,0,5,42377,37080,17,17,11505,31.02750809,13.80803668,512002,0,512002,42377
cstone,d7fddfb4f8d8ada0eb1a65d1a450a66c8cbd794c,direct,octree_leafcount,flyby,10,217,217,0.8127040267,0.247743994,1.061759949,1.119813,1,0,6,42457,37150,17,17,11317,30.46298789,13.78201884,512002,0,512002,42457
cstone,d7fddfb4f8d8ada0eb1a65d1a450a66c8cbd794c,direct,octree_leafcount,flyby,10,218,218,0.7452480197,0.216831997,0.963424027,1.021514,1,0,5,42393,37094,17,17,11293,30.4442767,13.80282525,512002,0,512002,42393
cstone,d7fddfb4f8d8ada0eb1a65d1a450a66c8cbd794c,direct,octree_leafcount,flyby,10,219,219,0.8017600179,0.2231680006,1.026272058,1.081751,1,0,6,42657,37325,17,17,11349,30.40589417,13.71740121,512002,0,512002,42657
cstone,d7fddfb4f8d8ada0eb1a65d1a450a66c8cbd794c,direct,octree_leafcount,flyby,10,220,220,0.7897599936,0.2016640007,0.9927679896,1.048716,1,0,6,42513,37199,17,17,11352,30.51694938,13.76386462,512002,0,512002,42513
cstone,d7fddfb4f8d8ada0eb1a65d1a450a66c8cbd794c,direct,octree_leafcount,flyby,10,221,221,0.7381759882,0.2016640007,0.9411839843,0.995635,1,0,5,42513,37199,17,17,11514,30.95244496,13.76386462,512002,0,512002,42513
cstone,d7fddfb4f8d8ada0eb1a65d1a450a66c8cbd794c,direct,octree_leafcount,flyby,10,222,222,0.7987520099,0.2002560049,1.000319958,1.05416,1,0,6,42425,37122,17,17,11356,30.59102419,13.7924142,512002,0,512002,42425
cstone,d7fddfb4f8d8ada0eb1a65d1a450a66c8cbd794c,direct,octree_leafcount,flyby,10,223,223,0.7427200079,0.2083519995,0.9524480104,1.008475,1,0,5,42337,37045,17,17,11349,30.63571332,13.82108247,512002,0,512002,42337
cstone,d7fddfb4f8d8ada0eb1a65d1a450a66c8cbd794c,direct,octree_leafcount,flyby,10,224,224,0.7194880247,0.2151039988,0.9359359741,0.99038,1,0,5,41953,36709,17,17,11153,30.3821951,13.94758779,512002,0,512002,41953
cstone,d7fddfb4f8d8ada0eb1a65d1a450a66c8cbd794c,direct,octree_leafcount,flyby,10,225,225,0.8194879889,0.2431679964,1.064031959,1.120255,1,0,6,41985,36737,17,17,11224,30.55230422,13.93695729,512002,0,512002,41985
cstone,d7fddfb4f8d8ada0eb1a65d1a450a66c8cbd794c,direct,octree_leafcount,flyby,10,226,226,0.758047998,0.2242240012,0.9835839868,1.042704,1,0,5,41273,36114,17,17,10788,29.87207177,14.17738273,512002,0,512002,41273
cstone,d7fddfb4f8d8ada0eb1a65d1a450a66c8cbd794c,direct,octree_leafcount,flyby,10,227,227,0.8105279803,0.2380480021,1.049919963,1.104484,1,0,6,41489,36303,17,17,10930,30.1077046,14.10357271,512002,0,512002,41489
cstone,d7fddfb4f8d8ada0eb1a65d1a450a66c8cbd794c,direct,octree_leafcount,flyby,10,228,228,0.6605119705,0.239071995,0.9009280205,0.955649,1,0,4,42033,36779,17,17,11007,29.92740423,13.9210419,512002,0,512002,42033
cstone,d7fddfb4f8d8ada0eb1a65d1a450a66c8cbd794c,direct,octree_leafcount,flyby,10,229,229,0.7394559979,0.2073280066,0.948127985,1.003414,1,0,5,42009,36758,17,17,11028,30.0016323,13.92899505,512002,0,512002,42009
cstone,d7fddfb4f8d8ada0eb1a65d1a450a66c8cbd794c,direct,octree_leafcount,flyby,10,230,230,0.8194239736,0.247743994,1.068511963,1.127992,1,0,6,42097,36835,17,17,10999,29.86018732,13.89987783,512002,0,512002,42097
cstone,d7fddfb4f8d8ada0eb1a65d1a450a66c8cbd794c,direct,octree_leafcount,flyby,10,231,231,0.7529280186,0.2241919935,0.9784640074,1.038481,1,0,5,41961,36716,17,17,11040,30.06863493,13.94492864,512002,0,512002,41961
cstone,d7fddfb4f8d8ada0eb1a65d1a450a66c8cbd794c,direct,octree_leafcount,flyby,10,232,232,0.7512959838,0.2416000068,0.994336009,1.053484,1,0,5,42289,37003,17,17,11043,29.8435262,13.83676999,512002,0,512002,42289
cstone,d7fddfb4f8d8ada0eb1a65d1a450a66c8cbd794c,direct,octree_leafcount,flyby,10,233,233,0.8328319788,0.2441920042,1.078367949,1.13907,1,0,6,42425,37122,17,17,11143,30.01724045,13.7924142,512002,0,512002,42425
cstone,d7fddfb4f8d8ada0eb1a65d1a450a66c8cbd794c,direct,octree_leafcount,flyby,10,234,234,0.7554240227,0.2175679952,0.9743679762,1.032931,1,0,5,42217,36940,17,17,10990,29.75094748,13.86036816,512002,0,512002,42217
cstone,d7fddfb4f8d8ada0eb1a65d1a450a66c8cbd794c,direct,octree_leafcount,flyby,10,235,235,0.7503039837,0.213568002,0.965215981,1.021569,1,0,5,42017,36765,17,17,10910,29.6749626,13.92634299,512002,0,512002,42017
cstone,d7fddfb4f8d8ada0eb1a65d1a450a66c8cbd794c,direct,octree_leafcount,flyby,10,236,236,0.7480319738,0.2170239985,0.9664000273,1.024621,1,0,5,41985,36737,17,17,10930,29.75202112,13.93695729,512002,0,512002,41985
cstone,d7fddfb4f8d8ada0eb1a65d1a450a66c8cbd794c,direct,octree_leafcount,flyby,10,237,237,0.8000000119,0.2165440023,1.017920017,1.075084,1,0,6,41865,36632,17,17,10810,29.50971828,13.97690544,512002,0,512002,41865
cstone,d7fddfb4f8d8ada0eb1a65d1a450a66c8cbd794c,direct,octree_leafcount,flyby,10,238,238,0.8043199778,0.2149759978,1.020640016,1.077728,1,0,6,41497,36310,17,17,10918,30.06885156,14.10085376,512002,0,512002,41497
cstone,d7fddfb4f8d8ada0eb1a65d1a450a66c8cbd794c,direct,octree_leafcount,flyby,10,239,239,0.7486400008,0.247743994,0.9977279902,1.056282,1,0,5,41665,36457,17,17,10918,29.94760951,14.04399704,512002,0,512002,41665
cstone,d7fddfb4f8d8ada0eb1a65d1a450a66c8cbd794c,direct,octree_leafcount,flyby,10,240,240,0.8123840094,0.2354560047,1.049152017,1.103595,1,0,6,42145,36877,17,17,11152,30.24107167,13.88404697,512002,0,512002,42145
cstone,d7fddfb4f8d8ada0eb1a65d1a450a66c8cbd794c,direct,octree_leafcount,flyby,10,241,241,0.6437119842,0.2045120001,0.8495680094,0.907697,1,0,4,41769,36548,17,17,10846,29.67604246,14.00902922,512002,0,512002,41769
cstone,d7fddfb4f8d8ada0eb1a65d1a450a66c8cbd794c,direct,octree_leafcount,flyby,10,242,242,0.7503679991,0.2462400049,0.9979519844,1.0572,1,0,5,41897,36660,17,17,10921,29.78996181,13.96623022,512002,0,512002,41897
cstone,d7fddfb4f8d8ada0eb1a65d1a450a66c8cbd794c,direct,octree_leafcount,flyby,10,243,243,0.7968639731,0.2227520049,1.020928025,1.079165,1,0,6,41769,36548,17,17,10896,29.81284886,14.00902922,512002,0,512002,41769
cstone,d7fddfb4f8d8ada0eb1a65d1a450a66c8cbd794c,direct,octree_leafcount,flyby,10,244,244,0.7557119727,0.2303359956,0.9874879718,1.044506,1,0,5,41873,36639,17,17,11002,30.02811212,13.9742351,512002,0,512002,41873
cstone,d7fddfb4f8d8ada0eb1a65d1a450a66c8cbd794c,direct,octree_leafcount,flyby,10,245,245,0.726271987,0.2144960016,0.9421120286,0.998885,1,0,5,41521,36331,17,17,10828,29.80374886,14.0927032,512002,0,512002,41521
cstone,d7fddfb4f8d8ada0eb1a65d1a450a66c8cbd794c,direct,octree_leafcount,flyby,10,246,246,0.8403519988,0.2416000068,1.083295941,1.143683,1,0,6,41921,36681,17,17,10954,29.86287179,13.95823451,512002,0,512002,41921
cstone,d7fddfb4f8d8ada0eb1a65d1a450a66c8cbd794c,direct,octree_leafcount,flyby,10,247,247,0.7560319901,0.2171840072,0.9745919704,1.030835,1,0,5,41593,36394,17,17,10750,29.53783591,14.06830796,512002,0,512002,41593
cstone,d7fddfb4f8d8ada0eb1a65d1a450a66c8cbd794c,direct,octree_leafcount,flyby,10,248,248,0.8123520017,0.2395839989,1.053248048,1.109381,1,0,6,41897,36660,17,17,11024,30.07092199,13.96623022,512002,0,512002,41897
cstone,d7fddfb4f8d8ada0eb1a65d1a450a66c8cbd794c,direct,octree_leafcount,flyby,10,249,249,0.7415360212,0.2416319996,0.9845119715,1.040974,1,0,5,41977,36730,17,17,10995,29.93465832,13.9396134,512002,0,512002,41977
cstone,d7fddfb4f8d8ada0eb1a65d1a450a66c8cbd794c,direct,octree_leafcount,flyby,10,250,250,0.7549120188,0.2400960028,0.9963520169,1.053285,1,0,5,42081,36821,17,17,11047,30.00190109,13.90516281,512002,0,512002,42081
cstone,d7fddfb4f8d8ada0eb1a65d1a450a66c8cbd794c,direct,octree_leafcount,flyby,10,251,251,0.825600028,0.2513599992,1.078336,1.137121,1,0,6,42105,36842,17,17,10972,29.78122795,13.89723685,512002,0,512002,42105
cstone,d7fddfb4f8d8ada0eb1a65d1a450a66c8cbd794c,direct,octree_leafcount,flyby,10,252,252,0.7475839853,0.2339839935,0.9828479886,1.038242,1,0,5,42201,36926,17,17,11089,30.03033093,13.86562314,512002,0,512002,42201
cstone,d7fddfb4f8d8ada0eb1a65d1a450a66c8cbd794c,direct,octree_leafcount,flyby,10,253,253,0.7221440077,0.2329919934,0.9564480186,1.013136,1,0,5,42321,37031,17,17,11026,29.77505333,13.82630769,512002,0,512002,42321
cstone,d7fddfb4f8d8ada0eb1a65d1a450a66c8cbd794c,direct,octree_leafcount,flyby,10,254,254,0.8114879727,0.204896003,1.017760038,1.072734,1,0,6,42305,37017,17,17,11088,29.95380501,13.83153686,512002,0,512002,42305
cstone,d7fddfb4f8d8ada0eb1a65d1a450a66c8cbd794c,direct,octree_leafcount,flyby,10,255,255,0.7591040134,0.2083519995,0.9688000083,1.024979,1,0,5,42089,36828,17,17,10961,29.76268057,13.90251982,512002,0,512002,42089
cstone,d7fddfb4f8d8ada0eb1a65d1a450a66c8cbd794c,direct,octree_leafcount,flyby,10,256,256,0.8223680258,0.2231680006,1.046880007,1.10074,1,0,6,42513,37199,17,17,11146,29.96317105,13.76386462,512002,0,512002,42513
cstone,d7fddfb4f8d8ada0eb1a65d1a450a66c8cbd794c,direct,octree_leafcount,flyby,10,257,257,0.7385600209,0.1955199987,0.9354239702,0.988543,1,0,5,42457,37150,17,17,11109,29.90309556,13.78201884,512002,0,512002,42457
cstone,d7fddfb4f8d8ada0eb1a65d1a450a66c8cbd794c,direct,octree_leafcount,flyby,10,258,258,0.6566079855,0.2011840045,0.8592000008,0.916407,1,0,4,42337,37045,17,17,11093,29.9446619,13.82108247,512002,0,512002,42337
cstone,d7fddfb4f8d8ada0eb1a65d1a450a66c8cbd794c,direct,octree_leafcount,flyby,10,259,259,0.8193280101,0.2180480063,1.038720012,1.095379,1,0,6,42193,36919,17,17,11172,30.2608413,13.86825212,512002,0,512002,42193
cstone,d7fddfb4f8d8ada0eb1a65d1a450a66c8cbd794c,direct,octree_leafcount,flyby,10,260,260,0.7416960001,0.2395520061,0.9825919867,1.039263,1,0,5,42353,37059,17,17,11141,30.06287272,13.81586119,512002,0,512002,42353
cstone,d7fddfb4f8d8ada0eb1a65d1a450a66c8cbd794c,direct,octree_leafcount,flyby,10,261,261,0.8039039969,0.2063360065,1.011584044,1.066859,1,0,6,42241,36961,17,17,11118,30.08035497,13.85249317,512002,0,512002,42241
cstone,d7fddfb4f8d8ada0eb1a65d1a450a66c8cbd794c,direct,octree_leafcount,flyby,10,262,262,0.7318400145,0.2397760004,0.9729599953,1.028339,1,0,5,42345,37052,17,17,11002,29.69340386,13.81847134,512002,0,512002,42345
cstone,d7fddfb4f8d8ada0eb1a65d1a450a66c8cbd794c,direct,octree_leafcount,flyby,10,263,263,0.7403839827,0.2098560035,0.9515519738,1.009367,1,0,5,42001,36751,17,17,10983,29.88490109,13.93164812,512002,0,512002,42001
cstone,d7fddfb4f8d8ada0eb1a65d1a450a66c8cbd794c,direct,octree_leafcount,flyby,10,264,264,0.8104959726,0.2426239997,1.054463983,1.111676,1,0,6,42065,36807,17,17,10862,29.5106909,13.91045182,512002,0,512002,42065
cstone,d7fddfb4f8d8ada0eb1a65d1a450a66c8cbd794c,direct,octree_leafcount,flyby,10,265,265,0.7360000014,0.2088959962,0.9462400079,1.00296,1,0,5,41785,36562,17,17,10861,29.70570538,14.00366501,512002,0,512002,41785
cstone,d7fddfb4f8d8ada0eb1a65d1a450a66c8cbd794c,direct,octree_leafcount,flyby,10,266,266,0.722112,0.2339520007,0.9573760033,1.0122,1,0,5,41921,36681,17,17,10761,29.33671383,13.95823451,512002,0,512002,41921
cstone,d7fddfb4f8d8ada0eb1a65d1a450a66c8cbd794c,direct,octree_leafcount,flyby,10,267,267,0.8052800298,0.2283200026,1.03491199,1.089013,1,0,6,41977,36730,17,17,10959,29.83664579,13.9396134,512002,0,512002,41977
cstone,d7fddfb4f8d8ada0eb1a65d1a450a66c8cbd794c,direct,octree_leafcount,flyby,10,268,268,0.7447680235,0.220096007,0.9661759734,1.025746,1,0,5,41921,36681,17,17,10939,29.82197868,13.95823451,512002,0,512002,41921
cstone,d7fddfb4f8d8ada0eb1a65d1a450a66c8cbd794c,direct,octree_leafcount,flyby,10,269,269,0.8214079738,0.2600640059,1.082816005,1.143641,1,0,6,42081,36821,17,17,10846,29.45601695,13.90516281,512002,0,512002,42081
cstone,d7fddfb4f8d8ada0eb1a65d1a450a66c8cbd794c,direct,octree_leafcount,flyby,10,270,270,0.7259200215,0.2262399942,0.9535040259,1.015758,1,0,5,41857,36625,17,17,10802,29.49351536,13.97957679,512002,0,512002,41857
cstone,d7fddfb4f8d8ada0eb1a65d1a450a66c8cbd794c,direct,octree_leafcount,flyby,10,271,271,0.7405440211,0.2339520007,0.9758080244,1.030384,1,0,5,42001,36751,17,17,10960,29.82231776,13.93164812,512002,0,512002,42001
cstone,d7fddfb4f8d8ada0eb1a65d1a450a66c8cbd794c,direct,octree_leafcount,flyby,10,272,272,0.8127359748,0.2057600021,1.019840002,1.076005,1,0,6,41833,36604,17,17,10668,29.14435581,13.98759698,512002,0,512002,41833
cstone,d7fddfb4f8d8ada0eb1a65d1a450a66c8cbd794c,direct,octree_leafcount,flyby,10,273,273,0.7511039972,0.2498240024,1.002239943,1.060228,1,0,5,42049,36793,17,17,11056,30.04919414,13.91574484,512002,0,512002,42049
cstone,d7fddfb4f8d8ada0eb1a65d1a450a66c8cbd794c,direct,octree_leafcount,flyby,10,274,274,0.6530240178,0.1985920072,0.8529279828,0.907858,1,0,4,41929,36688,17,17,10863,29.6091365,13.9555713,512002,0,512002,41929
cstone,d7fddfb4f8d8ada0eb1a65d1a450a66c8cbd794c,direct,octree_leafcount,flyby,10,275,275,0.8142399788,0.2441920042,1.059775949,1.117825,1,0,6,42129,36863,17,17,10919,29.62048667,13.88931991,512002,0,512002,42129
cstone,d7fddfb4f8d8ada0eb1a65d1a450a66c8cbd794c,direct,octree_leafcount,flyby,10,276,276,0.7425919771,0.2078399956,0.9517760277,1.007374,1,0,5,41897,36660,17,17,10710,29.21440262,13.96623022,512002,0,512002,41897
cstone,d7fddfb4f8d8ada0eb1a65d1a450a66c8cbd794c,direct,octree_leafcount,flyby,10,277,277,0.8241599798,0.2431679964,1.068704009,1.125873,1,0,6,41953,36709,17,17,10849,29.55406031,13.94758779,512002,0,512002,41953
cstone,d7fddfb4f8d8ada0eb1a65d1a450a66c8cbd794c,direct,octree_leafcount,flyby,10,278,278,0.7334079742,0.2088640034,0.9436479807,0.998965,1,0,5,41793,36569,17,17,10736,29.35819957,14.00098444,512002,0,512002,41793
cstone,d7fddfb4f8d8ada0eb1a65d1a450a66c8cbd794c,direct,octree_leafcount,flyby,10,279,279,0.7387840152,0.2391680032,0.9792960286,1.035357,1,0,5,41833,36604,17,17,10814,29.54321932,13.98759698,512002,0,512002,41833
cstone,d7fddfb4f8d8ada0eb1a65d1a450a66c8cbd794c,direct,octree_leafcount,flyby,10,280,280,0.8149120212,0.2421440035,1.058367968,1.116013,1,0,6,41873,36639,17,17,10723,29.26662846,13.9742351,512002,0,512002,41873
cstone,d7fddfb4f8d8ada0eb1a65d1a450a66c8cbd794c,direct,octree_leafcount,flyby,10,281,281,0.7491840124,0.2364799976,0.9870079756,1.041921,1,0,5,42225,36947,17,17,10931,29.58562265,13.85774217,512002,0,512002,42225
cstone,d7fddfb4f8d8ada0eb1a65d1a450a66c8cbd794c,direct,octree_leafcount,flyby,10,282,282,0.6417919993,0.1888960004,0.8320320249,0.883176,1,0,4,41649,36443,17,17,10734,29.45421617,14.0493922,512002,0,512002,41649
cstone,d7fddfb4f8d8ada0eb1a65d1a450a66c8cbd794c,direct,octree_leafcount,flyby,10,283,283,0.8085439801,0.2057600021,1.015648007,1.071017,1,0,6,41561,36366,17,17,10715,29.46433482,14.07913986,512002,0,512002,41561
cstone,d7fddfb4f8d8ada0eb1a65d1a450a66c8cbd794c,direct,octree_leafcount,flyby,10,284,284,0.7425919771,0.2411520034,0.9850879908,1.045214,1,0,5,41625,36422,17,17,10665,29.28175279,14.05749272,512002,0,512002,41625
cstone,d7fddfb4f8d8ada0eb1a65d1a450a66c8cbd794c,direct,octree_leafcount,flyby,10,285,285,0.8124480247,0.2298559994,1.043616056,1.097605,1,0,6,41641,36436,17,17,10814,29.67943792,14.05209134,512002,0,512002,41641
cstone,d7fddfb4f8d8ada0eb1a65d1a450a66c8cbd794c,direct,octree_leafcount,flyby,10,286,286,0.7248960137,0.239071995,0.9653120041,1.02301,1,0,5,41657,36450,17,17,10652,29.22359396,14.0466941,512002,0,512002,41657
cstone,d7fddfb4f8d8ada0eb1a65d1a450a66c8cbd794c,direct,octree_leafcount,flyby,10,287,287,0.7396479845,0.2293760031,0.9703680277,1.024615,1,0,5,41865,36632,17,17,10909,29.77997379,13.97690544,512002,0,512002,41865
cstone,d7fddfb4f8d8ada0eb1a65d1a450a66c8cbd794c,direct,octree_leafcount,flyby,10,288,288,0.8032640219,0.2190719992,1.023679972,1.078472,1,0,6,42129,36863,17,17,10875,29.50112579,13.88931991,512002,0,512002,42129
cstone,d7fddfb4f8d8ada0eb1a65d1a450a66c8cbd794c,direct,octree_leafcount,flyby,10,289,289,0.7387199998,0.2037120014,0.9437440038,0.998289,1,0,5,42105,36842,17,17,10822,29.37408393,13.89723685,512002,0,512002,42105
cstone,d7fddfb4f8d8ada0eb1a65d1a450a66c8cbd794c,direct,octree_leafcount,flyby,10,290,290,0.6627200246,0.2078080028,0.8718720078,0.928988,1,0,4,41785,36562,17,17,10642,29.10672283,14.00366501,512002,0,512002,41785
cstone,d7fddfb4f8d8ada0eb1a65d1a450a66c8cbd794c,direct,octree_leafcount,flyby,10,291,291,0.8171839714,0.2308800071,1.049600005,1.104872,1,0,6,41905,36667,17,17,10791,29.42973246,13.96356397,512002,0,512002,41905
cstone,d7fddfb4f8d8ada0eb1a65d1a450a66c8cbd794c,direct,octree_leafcount,flyby,10,292,292,0.7445759773,0.2088319957,0.954752028,1.010519,1,0,5,41569,36373,17,17,10684,29.37343634,14.07643032,512002,0,512002,41569
cstone,d7fddfb4f8d8ada0eb1a65d1a450a66c8cbd794c,direct,octree_leafcount,flyby,10,293,293,0.8237760067,0.2426239997,1.067744017,1.124158,1,0,6,41697,36485,17,17,10647,29.18185556,14.03321913,512002,0,512002,41697
cstone,d7fddfb4f8d8ada0eb1a65d1a450a66c8cbd794c,direct,octree_leafcount,flyby,10,294,294,0.7309120297,0.2395520061,0.9718080163,1.027427,1,0,5,42017,36765,17,17,10673,29.03032776,13.92634299,512002,0,512002,42017
cstone,d7fddfb4f8d8ada0eb1a65d1a450a66c8cbd794c,direct,octree_leafcount,flyby,10,295,295,0.7414399981,0.2130880058,0.9558399916,1.012916,1,0,5,41857,36625,17,17,10827,29.56177474,13.97957679,512002,0,512002,41857
cstone,d7fddfb4f8d8ada0eb1a65d1a450a66c8cbd794c,direct,octree_leafcount,flyby,10,296,296,0.7983040214,0.2329279929,1.032544017,1.089855,1,0,6,41873,36639,17,17,10742,29.31848577,13.9742351,512002,0,512002,41873
cstone,d7fddfb4f8d8ada0eb1a65d1a450a66c8cbd794c,direct,octree_leafcount,flyby,10,297,297,0.7614079714,0.2303680032,0.9931200147,1.05812,1,0,5,41857,36625,17,17,10789,29.45802048,13.97957679,512002,0,512002,41857
cstone,d7fddfb4f8d8ada0eb1a65d1a450a66c8cbd794c,direct,octree_leafcount,flyby,10,298,298,0.6837120056,0.2362239957,0.9212800264,0.982036,1,0,4,41833,36604,17,17,10588,28.92580046,13.98759698,512002,0,512002,41833
cstone,d7fddfb4f8d8ada0eb1a65d1a450a66c8cbd794c,direct,octree_leafcount,flyby,10,299,299,0.8185600042,0.2416000068,1.061504006,1.118815,1,0,6,42049,36793,17,17,10758,29.23925747,13.91574484,512002,0,512002,42049
cstone,d7fddfb4f8d8ada0eb1a65d1a450a66c8cbd794c,direct,octree_leafcount,flyby,10,300,300,0.7370880246,0.2081599981,0.9465919733,1.003123,1,0,5,42033,36779,17,17,10795,29.35098834,13.9210419,512002,0,512002,42033
cstone,d7fddfb4f8d8ada0eb1a65d1a450a66c8cbd794c,direct,octree_leafcount,flyby,10,301,301,0.7970240116,0.1970880032,0.9954559803,1.048061,1,0,6,42009,36758,17,17,10700,29.10930954,13.92899505,512002,0,512002,42009
cstone,d7fddfb4f8d8ada0eb1a65d1a450a66c8cbd794c,direct,octree_leafcount,flyby,10,302,302,0.7187520266,0.1991360039,0.9192640185,0.974763,1,0,5,41961,36716,17,17,10699,29.13988452,13.94492864,512002,0,512002,41961
cstone,d7fddfb4f8d8ada0eb1a65d1a450a66c8cbd794c,direct,octree_leafcount,flyby,10,303,303,0.8209599853,0.2370239943,1.059296012,1.115247,1,0,6,42193,36919,17,17,10796,29.24239551,13.86825212,512002,0,512002,42193
cstone,d7fddfb4f8d8ada0eb1a65d1a450a66c8cbd794c,direct,octree_leafcount,flyby,10,304,304,0.8098559976,0.2098560035,1.021088004,1.08005,1,0,6,42153,36884,17,17,10816,29.32436829,13.88141199,512002,0,512002,42153
cstone,d7fddfb4f8d8ada0eb1a65d1a450a66c8cbd794c,direct,octree_leafcount,flyby,10,305,305,0.7268159986,0.2037120014,0.9318720102,0.986094,1,0,5,42153,36884,17,17,10850,29.41654918,13.88141199,512002,0,512002,42153
cstone,d7fddfb4f8d8ada0eb1a65d1a450a66c8cbd794c,direct,octree_leafcount,flyby,10,306,306,0.6416959763,0.2350399941,0.8780480027,0.936268,1,0,4,42345,37052,17,17,10890,29.39112599,13.81847134,512002,0,512002,42345
cstone,d7fddfb4f8d8ada0eb1a65d1a450a66c8cbd794c,direct,octree_leafcount,flyby,10,307,307,0.8189759851,0.2268159986,1.047104001,1.10345,1,0,6,42577,37255,17,17,11010,29.55308012,13.74317541,512002,0,512002,42577
cstone,d7fddfb4f8d8ada0eb1a65d1a450a66c8cbd794c,direct,octree_leafcount,flyby,10,308,308,0.7381439805,0.2032320052,0.9426879883,0.99769,1,0,5,42473,37164,17,17,10952,29.46937897,13.77682704,512002,0,512002,42473
cstone,d7fddfb4f8d8ada0eb1a65d1a450a66c8cbd794c,direct,octree_leafcount,flyby,10,309,309,0.7123839855,0.2011840045,0.9149119854,0.968845,1,0,5,42337,37045,17,17,10944,29.54244837,13.82108247,512002,0,512002,42337
cstone,d7fddfb4f8d8ada0eb1a65d1a450a66c8cbd794c,direct,octree_leafcount,flyby,10,310,310,0.7977280021,0.2375359982,1.036576033,1.093305,1,0,6,42409,37108,17,17,10956,29.52463081,13.79761776,512002,0,512002,42409
cstone,d7fddfb4f8d8ada0eb1a65d1a450a66c8cbd794c,direct,octree_leafcount,flyby,10,311,311,0.7414399981,0.2144960016,0.9572479725,1.01427,1,0,5,42409,37108,17,17,11023,29.70518487,13.79761776,512002,0,512002,42409
cstone,d7fddfb4f8d8ada0eb1a65d1a450a66c8cbd794c,direct,octree_leafcount,flyby,10,312,312,0.804895997,0.2063360065,1.012544036,1.069031,1,0,6,42281,36996,17,17,10871,29.38425776,13.83938804,512002,0,512002,42281
cstone,d7fddfb4f8d8ada0eb1a65d1a450a66c8cbd794c,direct,octree_leafcount,flyby,10,313,313,0.6528319716,0.2073280066,0.861536026,0.91967,1,0,4,42057,36800,17,17,10595,28.79076087,13.91309783,512002,0,512002,42057
cstone,d7fddfb4f8d8ada0eb1a65d1a450a66c8cbd794c,direct,octree_leafcount,flyby,10,314,314,0.7444800138,0.2421119958,0.9879680276,1.04417,1,0,5,42105,36842,17,17,10747,29.17051192,13.89723685,512002,0,512002,42105
cstone,d7fddfb4f8d8ada0eb1a65d1a450a66c8cbd794c,direct,octree_leafcount,flyby,10,315,315,0.8034560084,0.2344319969,1.039327979,1.095906,1,0,6,42129,36863,17,17,10683,28.98027833,13.88931991,512002,0,512002,42129
cstone,d7fddfb4f8d8ada0eb1a65d1a450a66c8cbd794c,direct,octree_leafcount,flyby,10,316,316,0.7378240228,0.2282879949,0.9674559832,1.024713,1,0,5,42137,36870,17,17,10831,29.3761866,13.88668294,512002,0,512002,42137
cstone,d7fddfb4f8d8ada0eb1a65d1a450a66c8cbd794c,direct,octree_leafcount,flyby,10,317,317,0.7126399875,0.2026879936,0.9167680144,0.97201,1,0,5,41593,36394,17,17,10538,28.95532231,14.06830796,512002,0,512002,41593
cstone,d7fddfb4f8d8ada0eb1a65d1a450a66c8cbd794c,direct,octree_leafcount,flyby,10,318,318,0.8049600124,0.2288320065,1.035104036,1.088396,1,0,6,41689,36478,17,17,10570,28.97636932,14.03591206,512002,0,512002,41689
cstone,d7fddfb4f8d8ada0eb1a65d1a450a66c8cbd794c,direct,octree_leafcount,flyby,10,319,319,0.7377600074,0.1899199933,0.9289919734,0.978557,1,0,5,41601,36401,17,17,10552,28.98821461,14.06560259,512002,0,512002,41601
cstone,d7fddfb4f8d8ada0eb1a65d1a450a66c8cbd794c,direct,octree_leafcount,flyby,10,320,320,0.8176320195,0.2360000014,1.055040002,1.110156,1,0,6,41921,36681,17,17,10762,29.33944004,13.95823451,512002,0,512002,41921
cstone,d7fddfb4f8d8ada0eb1a65d1a450a66c8cbd794c,direct,octree_leafcount,flyby,10,321,321,0.6560320258,0.2030400038,0.8604159951,0.91511,1,0,4,41569,36373,17,17,10473,28.79333572,14.07643032,512002,0,512002,41569
cstone,d7fddfb4f8d8ada0eb1a65d1a450a66c8cbd794c,direct,octree_leafcount,flyby,10,322,322,0.7378240228,0.1985920072,0.9378240108,0.989927,1,0,5,41561,36366,17,17,10492,28.85112468,14.07913986,512002,0,512002,41561
cstone,d7fddfb4f8d8ada0eb1a65d1a450a66c8cbd794c,direct,octree_leafcount,flyby,10,323,323,0.8125119805,0.2281920016,1.042016029,1.095292,1,0,6,41721,36506,17,17,10517,28.80896291,14.02514655,512002,0,512002,41721
cstone,d7fddfb4f8d8ada0eb1a65d1a450a66c8cbd794c,direct,octree_leafcount,flyby,10,324,324,0.8212479949,0.2397760004,1.062368035,1.116649,1,0,6,41881,36646,17,17,10722,29.25830923,13.97156579,512002,0,512002,41881
cstone,d7fddfb4f8d8ada0eb1a65d1a450a66c8cbd794c,direct,octree_leafcount,flyby,10,325,325,0.6597440243,0.2160640061,0.877120018,0.934591,1,0,4,41633,36429,17,17,10557,28.97965906,14.05479151,512002,0,512002,41633
cstone,d7fddfb4f8d8ada0eb1a65d1a450a66c8cbd794c,direct,octree_leafcount,flyby,10,326,326,0.8110079765,0.2319359928,1.044255972,1.103173,1,0,6,41785,36562,17,17,10671,29.18604015,14.00366501,512002,0,512002,41785
cstone,d7fddfb4f8d8ada0eb1a65d1a450a66c8cbd794c,direct,octree_leafcount,flyby,10,327,327,0.7403839827,0.227264002,0.9689919949,1.024407,1,0,5,41961,36716,17,17,10660,29.0336638,13.94492864,512002,0,512002,41961
cstone,d7fddfb4f8d8ada0eb1a65d1a450a66c8cbd794c,direct,octree_leafcount,flyby,10,328,328,0.8129919767,0.233408004,1.047711968,1.10489,1,0,6,42201,36926,17,17,10698,28.97145643,13.86562314,512002,0,512002,42201
cstone,d7fddfb4f8d8ada0eb1a65d1a450a66c8cbd794c,direct,octree_leafcount,flyby,10,329,329,0.7317759991,0.2047359943,0.9378240108,0.99508,1,0,5,41889,36653,17,17,10634,29.01263198,13.9688975,512002,0,512002,41889
cstone,d7fddfb4f8d8ada0eb1a65d1a450a66c8cbd794c,direct,octree_leafcount,flyby,10,330,330,0.7333440185,0.2262080014,0.9608640075,1.013125,1,0,5,42073,36814,17,17,10654,28.94007714,13.90780681,512002,0,512002,42073
cstone,d7fddfb4f8d8ada0eb1a65d1a450a66c8cbd794c,direct,octree_leafcount,flyby,10,331,331,0.7941759825,0.2325440049,1.028064013,1.085679,1,0,6,42113,36849,17,17,10747,29.16497056,13.89459687,512002,0,512002,42113
cstone,d7fddfb4f8d8ada0eb1a65d1a450a66c8cbd794c,direct,octree_leafcount,flyby,10,332,332,0.8049600124,0.233408004,1.039711952,1.098428,1,0,6,42129,36863,17,17,10639,28.86091745,13.88931991,512002,0,512002,42129
cstone,d7fddfb4f8d8ada0eb1a65d1a450a66c8cbd794c,direct,octree_leafcount,flyby,10,333,333,0.6642240286,0.2331520021,0.8986880183,0.954857,1,0,4,42225,36947,17,17,10749,29.09302514,13.85774217,512002,0,512002,42225
cstone,d7fddfb4f8d8ada0eb1a65d1a450a66c8cbd794c,direct,octree_leafcount,flyby,10,334,334,0.785664022,0.2011840045,0.9881920218,1.043334,1,0,6,41993,36744,17,17,10602,28.8536904,13.9343022,512002,0,512002,41993
cstone,d7fddfb4f8d8ada0eb1a65d1a450a66c8cbd794c,direct,octree_leafcount,flyby,10,335,335,0.741855979,0.2360000014,0.9792000055,1.034743,1,0,5,42273,36989,17,17,10776,29.13298548,13.84200708,512002,0,512002,42273
cstone,d7fddfb4f8d8ada0eb1a65d1a450a66c8cbd794c,direct,octree_leafcount,flyby,10,336,336,0.7382720113,0.1955520064,0.9351680279,0.990528,1,0,5,41969,36723,17,17,10559,28.75309751,13.94227051,512002,0,512002,41969
cstone,d7fddfb4f8d8ada0eb1a65d1a450a66c8cbd794c,direct,octree_leafcount,flyby,10,337,337,0.8123840094,0.225759998,1.039487958,1.093232,1,0,6,42041,36786,17,17,10637,28.91589192,13.91839287,512002,0,512002,42041
cstone,d7fddfb4f8d8ada0eb1a65d1a450a66c8cbd794c,direct,octree_leafcount,flyby,10,338,338,0.7492160201,0.2161280066,0.9666560292,1.023844,1,0,5,41897,36660,17,17,10536,28.73977087,13.96623022,512002,0,512002,41897
cstone,d7fddfb4f8d8ada0eb1a65d1a450a66c8cbd794c,direct,octree_leafcount,flyby,10,339,339,0.7992960215,0.2247360051,1.025375962,1.083703,1,0,6,41721,36506,17,17,10560,28.92675177,14.02514655,512002,0,512002,41721
cstone,d7fddfb4f8d8ada0eb1a65d1a450a66c8cbd794c,direct,octree_leafcount,flyby,10,340,340,0.653760016,0.219968006,0.8750720024,0.933575,1,0,4,41321,36156,17,17,10287,28.45170926,14.16091382,512002,0,512002,41321
cstone,d7fddfb4f8d8ada0eb1a65d1a450a66c8cbd794c,direct,octree_leafcount,flyby,10,341,341,0.7405440211,0.232032001,0.97388798,1.028773,1,0,5,41641,36436,17,17,10505,28.83137556,14.05209134,512002,0,512002,41641
cstone,d7fddfb4f8d8ada0eb1a65d1a450a66c8cbd794c,direct,octree_leafcount,flyby,10,342,342,0.8175039887,0.2129279971,1.031808019,1.08856,1,0,6,41609,36408,17,17,10443,28.68325643,14.06289826,512002,0,512002,41609
cstone,d7fddfb4f8d8ada0eb1a65d1a450a66c8cbd794c,direct,octree_leafcount,flyby,10,343,343,0.7541440129,0.2431679964,0.9986559749,1.057315,1,0,5,41785,36562,17,17,10586,28.95355834,14.00366501,512002,0,512002,41785
cstone,d7fddfb4f8d8ada0eb1a65d1a450a66c8cbd794c,direct,octree_leafcount,flyby,10,344,344,0.6617280245,0.2231680006,0.8862400055,0.944636,1,0,4,41633,36429,17,17,10494,28.80671992,14.05479151,512002,0,512002,41633
cstone,d7fddfb4f8d8ada0eb1a65d1a450a66c8cbd794c,direct,octree_leafcount,flyby,10,345,345,0.8015040159,0.2394880056,1.042335987,1.100799,1,0,6,41801,36576,17,17,10682,29.20494313,13.9983049,512002,0,512002,41801
cstone,d7fddfb4f8d8ada0eb1a65d1a450a66c8cbd794c,direct,octree_leafcount,flyby,10,346,346,0.7393599749,0.240575999,0.9812480211,1.037458,1,0,5,41905,36667,17,17,10520,28.69064827,13.96356397,512002,0,512002,41905
cstone,d7fddfb4f8d8ada0eb1a65d1a450a66c8cbd794c,direct,octree_leafcount,flyby,10,347,347,0.7935680151,0.2216639966,1.016543984,1.067917,1,0,6,42025,36772,17,17,10511,28.58424889,13.92369194,512002,0,512002,42025
cstone,d7fddfb4f8d8ada0eb1a65d1a450a66c8cbd794c,direct,octree_leafcount,flyby,10,348,348,0.7094079852,0.1970880032,0.9078400135,0.962224,1,0,5,41857,36625,17,17,10396,28.38498294,13.97957679,512002,0,512002,41857
cstone,d7fddfb4f8d8ada0eb1a65d1a450a66c8cbd794c,direct,octree_leafcount,flyby,10,349,349,0.7370240092,0.1944960058,0.9329280257,0.987244,1,0,5,41713,36499,17,17,10372,28.41721691,14.02783638,512002,0,512002,41713
cstone,d7fddfb4f8d8ada0eb1a65d1a450a66c8cbd794c,direct,octree_leafcount,flyby,10,350,350,0.7950720191,0.2016640007,0.9980800152,1.051072,1,0,6,41609,36408,17,17,10358,28.44979125,14.06289826,512002,0,512002,41609
cstone,d7fddfb4f8d8ada0eb1a65d1a450a66c8cbd794c,direct,octree_leafcount,flyby,10,351,351,0.6551039815,0.2037120014,0.8601599932,0.915382,1,0,4,41601,36401,17,17,10345,28.41954891,14.06560259,512002,0,512002,41601
cstone,d7fddfb4f8d8ada0eb1a65d1a450a66c8cbd794c,direct,octree_leafcount,flyby,10,352,352,0.7441920042,0.2436479926,0.9891840219,1.047901,1,0,5,41769,36548,17,17,10547,28.85794024,14.00902922,512002,0,512002,41769
cstone,d7fddfb4f8d8ada0eb1a65d1a450a66c8cbd794c,direct,octree_leafcount,flyby,10,353,353,0.7975360155,0.2212480009,1.020128012,1.080448,1,0,6,41449,36268,17,17,10365,28.57891254,14.11718319,512002,0,512002,41449
cstone,d7fddfb4f8d8ada0eb1a65d1a450a66c8cbd794c,direct,octree_leafcount,flyby,10,354,354,0.7448319793,0.2446720004,0.9909440279,1.047379,1,0,5,41857,36625,17,17,10610,28.96928328,13.97957679,512002,0,512002,41857
cstone,d7fddfb4f8d8ada0eb1a65d1a450a66c8cbd794c,direct,octree_leafcount,flyby,10,355,355,0.6595519781,0.2190719992,0.8799359798,0.94007,1,0,4,41513,36324,17,17,10502,28.9120141,14.09541901,512002,0,512002,41513
cstone,d7fddfb4f8d8ada0eb1a65d1a450a66c8cbd794c,direct,octree_leafcount,flyby,10,356,356,0.7965440154,0.2325440049,1.030431986,1.085385,1,0,6,41897,36660,17,17,10584,28.87070376,13.96623022,512002,0,512002,41897
cstone,d7fddfb4f8d8ada0eb1a65d1a450a66c8cbd794c,direct,octree_leafcount,flyby,10,357,357,0.7463999987,0.2365120053,0.9842560291,1.046296,1,0,5,41625,36422,17,17,10551,28.96875515,14.05749272,512002,0,512002,41625
cstone,d7fddfb4f8d8ada0eb1a65d1a450a66c8cbd794c,direct,octree_leafcount,flyby,10,358,358,0.8053119779,0.2431679964,1.049855947,1.107785,1,0,6,41833,36604,17,17,10587,28.92306852,13.98759698,512002,0,512002,41833
cstone,d7fddfb4f8d8ada0eb1a65d1a450a66c8cbd794c,direct,octree_leafcount,flyby,10,359,359,0.724864006,0.2053119987,0.9315199852,0.986592,1,0,5,41745,36527,17,17,10473,28.6719413,14.01708325,512002,0,512002,41745
cstone,d7fddfb4f8d8ada0eb1a65d1a450a66c8cbd794c,direct,octree_leafcount,flyby,10,360,360,0.7338560224,0.2238399982,0.9590079784,1.013111,1,0,5,41841,36611,17,17,10636,29.051378,13.98492256,512002,0,512002,41841
cstone,d7fddfb4f8d8ada0eb1a65d1a450a66c8cbd794c,direct,octree_leafcount,flyby,10,361,361,0.8096960187,0.2452159971,1.056223989,1.115549,1,0,6,42009,36758,17,17,10535,28.66042766,13.92899505,512002,0,512002,42009
cstone,d7fddfb4f8d8ada0eb1a65d1a450a66c8cbd794c,direct,octree_leafcount,flyby,10,362,362,0.7501119971,0.2068160027,0.9582719803,1.013436,1,0,5,41745,36527,17,17,10427,28.54600706,14.01708325,512002,0,512002,41745
cstone,d7fddfb4f8d8ada0eb1a65d1a450a66c8cbd794c,direct,octree_leafcount,flyby,10,363,363,0.6650559902,0.2167679965,0.8831359744,0.94057,1,0,4,41713,36499,17,17,10347,28.34872188,14.02783638,512002,0,512002,41713
cstone,d7fddfb4f8d8ada0eb1a65d1a450a66c8cbd794c,direct,octree_leafcount,flyby,10,364,364,0.8232960105,0.2417279929,1.066336036,1.123436,1,0,6,41769,36548,17,17,10389,28.42563205,14.00902922,512002,0,512002,41769
cstone,d7fddfb4f8d8ada0eb1a65d1a450a66c8cbd794c,direct,octree_leafcount,flyby,10,365,365,0.7443199754,0.2421440035,0.9878399968,1.044686,1,0,5,41953,36709,17,17,10475,28.53523659,13.94758779,512002,0,512002,41953
cstone,d7fddfb4f8d8ada0eb1a65d1a450a66c8cbd794c,direct,octree_leafcount,flyby,10,366,366,0.738847971,0.2155199945,0.9557120204,1.01233,1,0,5,41617,36415,17,17,10327,28.35919264,14.06019497,512002,0,512002,41617
cstone,d7fddfb4f8d8ada0eb1a65d1a450a66c8cbd794c,direct,octree_leafcount,flyby,10,367,367,0.8106240034,0.2104000002,1.022367954,1.079494,1,0,6,41321,36156,17,17,10299,28.48489877,14.16091382,512002,0,512002,41321
cstone,d7fddfb4f8d8ada0eb1a65d1a450a66c8cbd794c,direct,octree_leafcount,flyby,10,368,368,0.7405760288,0.2114239931,0.9533439875,1.013088,1,0,5,41121,35981,17,17,10181,28.29548929,14.22978794,512002,0,512002,41121
cstone,d7fddfb4f8d8ada0eb1a65d1a450a66c8cbd794c,direct,octree_leafcount,flyby,10,369,369,0.7879359722,0.231904,1.021216035,1.075429,1,0,6,41577,36380,17,17,10299,28.30951072,14.07372183,512002,0,512002,41577
cstone,d7fddfb4f8d8ada0eb1a65d1a450a66c8cbd794c,direct,octree_leafcount,flyby,10,370,370,0.6457599998,0.1981119961,0.8452159762,0.898617,1,0,4,41369,36198,17,17,10226,28.25017957,14.14448312,512002,0,512002,41369
cstone,d7fddfb4f8d8ada0eb1a65d1a450a66c8cbd794c,direct,octree_leafcount,flyby,10,371,371,0.7324799895,0.2042559981,0.9380800128,0.993911,1,0,5,41337,36170,17,17,10263,28.37434338,14.15543268,512002,0,512002,41337
cstone,d7fddfb4f8d8ada0eb1a65d1a450a66c8cbd794c,direct,octree_leafcount,flyby,10,372,372,0.8019199967,0.2312639952,1.034528017,1.090288,1,0,6,41593,36394,17,17,10315,28.34258394,14.06830796,512002,0,512002,41593
cstone,d7fddfb4f8d8ada0eb1a65d1a450a66c8cbd794c,direct,octree_leafcount,flyby,10,373,373,0.7327679992,0.2088319957,0.9429119825,0.998922,1,0,5,41513,36324,17,17,10297,28.34764894,14.09541901,512002,0,512002,41513
cstone,d7fddfb4f8d8ada0eb1a65d1a450a66c8cbd794c,direct,octree_leafcount,flyby,10,374,374,0.6622719765,0.2452480048,0.9088640213,0.970703,1,0,4,41681,36471,17,17,10193,27.94823284,14.03860602,512002,0,512002,41681
cstone,d7fddfb4f8d8ada0eb1a65d1a450a66c8cbd794c,direct,octree_leafcount,flyby,10,375,375,0.8175680041,0.2247679979,1.043679953,1.103371,1,0,6,41481,36296,17,17,10226,28.17390346,14.1062927,512002,0,512002,41481
cstone,d7fddfb4f8d8ada0eb1a65d1a450a66c8cbd794c,direct,octree_leafcount,flyby,10,376,376,0.7411839962,0.2472639978,0.9897919893,1.048711,1,0,5,41777,36555,17,17,10399,28.4475448,14.0063466,512002,0,512002,41777
cstone,d7fddfb4f8d8ada0eb1a65d1a450a66c8cbd794c,direct,octree_leafcount,flyby,10,377,377,0.7296640277,0.2057600021,0.9367679954,0.995479,1,0,5,41297,36135,17,17,10155,28.10294728,14.16914349,512002,0,512002,41297
cstone,d7fddfb4f8d8ada0eb1a65d1a450a66c8cbd794c,direct,octree_leafcount,flyby,10,378,378,0.8201599717,0.231904,1.053408027,1.115716,1,0,6,41185,36037,17,17,10196,28.29314316,14.20767544,512002,0,512002,41185
cstone,d7fddfb4f8d8ada0eb1a65d1a450a66c8cbd794c,direct,octree_leafcount,flyby,10,379,379,0.7463039756,0.2569600046,1.004575968,1.066856,1,0,5,41409,36233,17,17,10223,28.21461099,14.13081997,512002,0,512002,41409
cstone,d7fddfb4f8d8ada0eb1a65d1a450a66c8cbd794c,direct,octree_leafcount,flyby,10,380,380,0.8059840202,0.2462400049,1.053536057,1.113595,1,0,6,41417,36240,17,17,10182,28.09602649,14.12809051,512002,0,512002,41417
cstone,d7fddfb4f8d8ada0eb1a65d1a450a66c8cbd794c,direct,octree_leafcount,flyby,10,381,381,0.6475200057,0.2022079974,0.8510400057,0.906138,1,0,4,41105,35967,17,17,10015,27.844969,14.23532683,512002,0,512002,41105
cstone,d7fddfb4f8d8ada0eb1a65d1a450a66c8cbd794c,direct,octree_leafcount,flyby,10,382,382,0.753023982,0.2155199945,0.9698879719,1.029192,1,0,5,41017,35890,17,17,10167,28.32822513,14.26586793,512002,0,512002,41017
cstone,d7fddfb4f8d8ada0eb1a65d1a450a66c8cbd794c,direct,octree_leafcount,flyby,10,383,383,0.8059200048,0.2334399968,1.040704012,1.100451,1,0,6,41129,35988,17,17,10016,27.83149939,14.22702012,512002,0,512002,41129
cstone,d7fddfb4f8d8ada0eb1a65d1a450a66c8cbd794c,direct,octree_leafcount,flyby,10,384,384,0.7486400008,0.2486719936,0.9986240268,1.056893,1,0,5,41241,36086,17,17,10037,27.81411074,14.18838331,512002,0,512002,41241
cstone,d7fddfb4f8d8ada0eb1a65d1a450a66c8cbd794c,direct,octree_leafcount,flyby,10,385,385,0.6646720171,0.231904,0.8978880048,0.952442,1,0,4,41273,36114,17,17,10009,27.71501357,14.17738273,512002,0,512002,41273
cstone,d7fddfb4f8d8ada0eb1a65d1a450a66c8cbd794c,direct,octree_leafcount,flyby,10,386,386,0.8371520042,0.2452159971,1.083711982,1.142908,1,0,6,41657,36450,17,17,10104,27.72016461,14.0466941,512002,0,512002,41657
cstone,d7fddfb4f8d8ada0eb1a65d1a450a66c8cbd794c,direct,octree_leafcount,flyby,10,387,387,0.738304019,0.251008004,0.9906560183,1.049989,1,0,5,41681,36471,17,17,10337,28.34306709,14.03860602,512002,0,512002,41681
cstone,d7fddfb4f8d8ada0eb1a65d1a450a66c8cbd794c,direct,octree_leafcount,flyby,10,388,388,0.7447999716,0.2367040068,0.9828159809,1.048376,1,0,5,41305,36142,17,17,10037,27.77101433,14.1663992,512002,0,512002,41305
cstone,d7fddfb4f8d8ada0eb1a65d1a450a66c8cbd794c,direct,octree_leafcount,flyby,10,389,389,0.8152639866,0.2323839962,1.048992038,1.114243,1,0,6,41201,36051,17,17,10145,28.14068958,14.20215805,512002,0,512002,41201
cstone,d7fddfb4f8d8ada0eb1a65d1a450a66c8cbd794c,direct,octree_leafcount,flyby,10,390,390,0.7251520157,0.1991360039,0.925632,0.980851,1,0,5,40977,35855,17,17,10097,28.16064705,14.27979361,512002,0,512002,40977
cstone,d7fddfb4f8d8ada0eb1a65d1a450a66c8cbd794c,direct,octree_leafcount,flyby,10,391,391,0.8081279993,0.2289600074,1.038400054,1.094079,1,0,6,41233,36079,17,17,10219,28.32395576,14.19113612,512002,0,512002,41233
cstone,d7fddfb4f8d8ada0eb1a65d1a450a66c8cbd794c,direct,octree_leafcount,flyby,10,392,392,0.6469119787,0.1960639954,0.8443199992,0.89787,1,0,4,41217,36065,17,17,10031,27.81366976,14.19664495,512002,0,512002,41217
cstone,d7fddfb4f8d8ada0eb1a65d1a450a66c8cbd794c,direct,octree_leafcount,flyby,10,393,393,0.7423679829,0.238688007,0.9824000001,1.039844,1,0,5,41257,36100,17,17,10134,28.07202216,14.18288089,512002,0,512002,41257
cstone,d7fddfb4f8d8ada0eb1a65d1a450a66c8cbd794c,direct,octree_leafcount,flyby,10,394,394,0.798879981,0.2057600021,1.005952001,1.061786,1,0,6,41137,35995,17,17,10099,28.05667454,14.22425337,512002,0,512002,41137
cstone,d7fddfb4f8d8ada0eb1a65d1a450a66c8cbd794c,direct,octree_leafcount,flyby,10,395,395,0.7370240092,0.2360000014,0.974496007,1.030422,1,0,5,41401,36226,17,17,10135,27.97714349,14.13355049,512002,0,512002,41401
cstone,d7fddfb4f8d8ada0eb1a65d1a450a66c8cbd794c,direct,octree_leafcount,flyby,10,396,396,0.6452479959,0.2119040042,0.8584960103,0.916502,1,0,4,41161,36016,17,17,10083,27.99589072,14.21595957,512002,0,512002,41161
cstone,d7fddfb4f8d8ada0eb1a65d1a450a66c8cbd794c,direct,octree_leafcount,flyby,10,397,397,0.8126400113,0.245728001,1.059679985,1.120191,1,0,6,41529,36338,17,17,10041,27.63223072,14.08998844,512002,0,512002,41529
cstone,d7fddfb4f8d8ada0eb1a65d1a450a66c8cbd794c,direct,octree_leafcount,flyby,10,398,398,0.7248960137,0.2190719992,0.9452800155,1.002855,1,0,5,41417,36240,17,17,10137,27.9718543,14.12809051,512002,0,512002,41417
cstone,d7fddfb4f8d8ada0eb1a65d1a450a66c8cbd794c,direct,octree_leafcount,flyby,10,399,399,0.7171519995,0.2088319957,0.9273279905,0.984851,1,0,5,41025,35897,17,17,9872,27.50090537,14.26308605,512002,0,512002,41025
cstone,d7fddfb4f8d8ada0eb1a65d1a450a66c8cbd794c,direct,octree_leafcount,flyby,10,400,400,0.8080959916,0.2288320065,1.038239956,1.092545,1,0,6,41233,36079,17,17,10179,28.21308795,14.19113612,512002,0,512002,41233
cstone,d7fddfb4f8d8ada0eb1a65d1a450a66c8cbd794c,direct,octree_leafcount,flyby,10,401,401,0.7372800112,0.206783995,0.9454079866,1.000913,1,0,5,41217,36065,17,17,10110,28.0327187,14.19664495,512002,0,512002,41217
cstone,d7fddfb4f8d8ada0eb1a65d1a450a66c8cbd794c,direct,octree_leafcount,flyby,10,402,402,0.7991999984,0.2380480021,1.038624048,1.095964,1,0,6,41521,36331,17,17,10283,28.30365253,14.0927032,512002,0,512002,41521
cstone,d7fddfb4f8d8ada0eb1a65d1a450a66c8cbd794c,direct,octree_leafcount,flyby,10,403,403,0.6516799927,0.2078080028,0.8608639836,0.91833,1,0,4,41257,36100,17,17,10014,27.73961219,14.18288089,512002,0,512002,41257
cstone,d7fddfb4f8d8ada0eb1a65d1a450a66c8cbd794c,direct,octree_leafcount,flyby,10,404,404,0.7398719788,0.2230399996,0.9642239809,1.024521,1,0,5,41137,35995,17,17,9993,27.76218919,14.22425337,512002,0,512002,41137
cstone,d7fddfb4f8d8ada0eb1a65d1a450a66c8cbd794c,direct,octree_leafcount,flyby,10,405,405,0.8083519936,0.2528640032,1.062559962,1.120792,1,0,6,41313,36149,17,17,10000,27.66328253,14.16365598,512002,0,512002,41313
cstone,d7fddfb4f8d8ada0eb1a65d1a450a66c8cbd794c,direct,octree_leafcount,flyby,10,406,406,0.7455040216,0.2477760017,0.994592011,1.053598,1,0,5,41537,36345,17,17,9975,27.44531572,14.08727473,512002,0,512002,41537
cstone,d7fddfb4f8d8ada0eb1a65d1a450a66c8cbd794c,direct,octree_leafcount,flyby,10,407,407,0.6581439972,0.2241919935,0.883679986,0.941996,1,0,4,41161,36016,17,17,10025,27.83485118,14.21595957,512002,0,512002,41161
cstone,d7fddfb4f8d8ada0eb1a65d1a450a66c8cbd794c,direct,octree_leafcount,flyby,10,408,408,0.809055984,0.2165440023,1.026944041,1.0858,1,0,6,41089,35953,17,17,9865,27.43860039,14.24087002,512002,0,512002,41089
cstone,d7fddfb4f8d8ada0eb1a65d1a450a66c8cbd794c,direct,octree_leafcount,flyby,10,409,409,0.7344959974,0.2418240011,0.9776639938,1.035669,1,0,5,41137,35995,17,17,9950,27.64272816,14.22425337,512002,0,512002,41137
cstone,d7fddfb4f8d8ada0eb1a65d1a450a66c8cbd794c,direct,octree_leafcount,flyby,10,410,410,0.6582080126,0.2211199999,0.8806399703,0.942926,1,0,4,40753,35659,17,17,9721,27.26100003,14.35828262,512002,0,512002,40753
cstone,d7fddfb4f8d8ada0eb1a65d1a450a66c8cbd794c,direct,octree_leafcount,flyby,10,411,411,0.8045120239,0.2462400049,1.052127957,1.112087,1,0,6,40921,35806,17,17,10008,27.9506228,14.29933531,512002,0,512002,40921
cstone,d7fddfb4f8d8ada0eb1a65d1a450a66c8cbd794c,direct,octree_leafcount,flyby,10,412,412,0.7349759936,0.2416000068,0.9779520035,1.03613,1,0,5,41001,35876,17,17,9939,27.70375739,14.27143494,512002,0,512002,41001
cstone,d7fddfb4f8d8ada0eb1a65d1a450a66c8cbd794c,direct,octree_leafcount,flyby,10,413,413,0.7993919849,0.2389120013,1.039648056,1.096961,1,0,6,41113,35974,17,17,9902,27.52543504,14.23255685,512002,0,512002,41113
cstone,d7fddfb4f8d8ada0eb1a65d1a450a66c8cbd794c,direct,octree_leafcount,flyby,10,414,414,0.7265599966,0.2197439969,0.9476479888,1.007024,1,0,5,40865,35757,17,17,9846,27.5358671,14.31893056,512002,0,512002,40865
cstone,d7fddfb4f8d8ada0eb1a65d1a450a66c8cbd794c,direct,octree_leafcount,flyby,10,415,415,0.7356799841,0.243584007,0.9806720018,1.03985,1,0,5,41009,35883,17,17,9930,27.67327147,14.26865089,512002,0,512002,41009
cstone,d7fddfb4f8d8ada0eb1a65d1a450a66c8cbd794c,direct,octree_leafcount,flyby,10,416,416,0.7974399924,0.2462400049,1.04499197,1.104045,1,0,6,41121,35981,17,17,10024,27.85914788,14.22978794,512002,0,512002,41121
cstone,d7fddfb4f8d8ada0eb1a65d1a450a66c8cbd794c,direct,octree_leafcount,flyby,10,417,417,0.6607040167,0.2371200025,0.8991360068,0.95565,1,0,4,41265,36107,17,17,9930,27.50159249,14.18013128,512002,0,512002,41265
cstone,d7fddfb4f8d8ada0eb1a65d1a450a66c8cbd794c,direct,octree_leafcount,flyby,10,418,418,0.7384639978,0.2135999948,0.9533759952,1.011715,1,0,5,41105,35967,17,17,10036,27.90335585,14.23532683,512002,0,512002,41105
cstone,d7fddfb4f8d8ada0eb1a65d1a450a66c8cbd794c,direct,octree_leafcount,flyby,10,419,419,0.8034880161,0.218592003,1.023424029,1.087275,1,0,6,40985,35862,17,17,9975,27.81495734,14.2770063,512002,0,512002,40985
cstone,d7fddfb4f8d8ada0eb1a65d1a450a66c8cbd794c,direct,octree_leafcount,flyby,10,420,420,0.7442880273,0.220096007,0.9657599926,1.025394,1,0,5,40985,35862,17,17,10079,28.10495789,14.2770063,512002,0,512002,40985
cstone,d7fddfb4f8d8ada0eb1a65d1a450a66c8cbd794c,direct,octree_leafcount,flyby,10,421,421,0.6502720118,0.2350080013,0.8865600228,0.941969,1,0,4,41041,35911,17,17,9966,27.7519423,14.25752555,512002,0,512002,41041
cstone,d7fddfb4f8d8ada0eb1a65d1a450a66c8cbd794c,direct,octree_leafcount,flyby,10,422,422,0.7934079766,0.2236800045,1.018399954,1.072518,1,0,6,41209,36058,17,17,9965,27.63603084,14.19940097,512002,0,512002,41209
cstone,d7fddfb4f8d8ada0eb1a65d1a450a66c8cbd794c,direct,octree_leafcount,flyby,10,423,423,0.735935986,0.2114239931,0.948736012,1.004559,1,0,5,40993,35869,17,17,9919,27.65340545,14.27422008,512002,0,512002,40993
cstone,d7fddfb4f8d8ada0eb1a65d1a450a66c8cbd794c,direct,octree_leafcount,flyby,10,424,424,0.7125120163,0.2144960016,0.928384006,0.98659,1,0,5,40921,35806,17,17,9862,27.54286991,14.29933531,512002,0,512002,40921
cstone,d7fddfb4f8d8ada0eb1a65d1a450a66c8cbd794c,direct,octree_leafcount,flyby,10,425,425,0.7981439829,0.240575999,1.040063977,1.098321,1,0,6,41105,35967,17,17,10044,27.92559847,14.23532683,512002,0,512002,41105
cstone,d7fddfb4f8d8ada0eb1a65d1a450a66c8cbd794c,direct,octree_leafcount,flyby,10,426,426,0.7317119837,0.201248005,0.9343039989,0.988236,1,0,5,40849,35743,17,17,9927,27.77327029,14.32453907,512002,0,512002,40849
cstone,d7fddfb4f8d8ada0eb1a65d1a450a66c8cbd794c,direct,octree_leafcount,flyby,10,427,427,0.789215982,0.2308800071,1.021440029,1.076092,1,0,6,41289,36128,17,17,10126,28.02812223,14.17188884,512002,0,512002,41289
cstone,d7fddfb4f8d8ada0eb1a65d1a450a66c8cbd794c,direct,octree_leafcount,flyby,10,428,428,0.6462079883,0.2022400051,0.8497920036,0.907089,1,0,4,41161,36016,17,17,10053,27.9125944,14.21595957,512002,0,512002,41161
cstone,d7fddfb4f8d8ada0eb1a65d1a450a66c8cbd794c,direct,octree_leafcount,flyby,10,429,429,0.7455999851,0.218592003,0.965568006,1.024898,1,0,5,40985,35862,17,17,10044,28.00736155,14.2770063,512002,0,512002,40985
cstone,d7fddfb4f8d8ada0eb1a65d1a450a66c8cbd794c,direct,octree_leafcount,flyby,10,430,430,0.8121280074,0.2308800071,1.044352055,1.098169,1,0,6,41065,35932,17,17,9931,27.63831682,14.24919292,512002,0,512002,41065
cstone,d7fddfb4f8d8ada0eb1a65d1a450a66c8cbd794c,direct,octree_leafcount,flyby,10,431,431,0.733792007,0.2175679952,0.9527040124,1.004901,1,0,5,41401,36226,17,17,10031,27.69005687,14.13355049,512002,0,512002,41401
cstone,d7fddfb4f8d8ada0eb1a65d1a450a66c8cbd794c,direct,octree_leafcount,flyby,10,432,432,0.6404479742,0.1956479996,0.8374080062,0.888982,1,0,4,41281,36121,17,17,10022,27.74563273,14.17463525,512002,0,512002,41281
cstone,d7fddfb4f8d8ada0eb1a65d1a450a66c8cbd794c,direct,octree_leafcount,flyby,10,433,433,0.7959359884,0.2073280066,1.004639983,1.060171,1,0,6,41177,36030,17,17,9894,27.46044963,14.21043575,512002,0,512002,41177
cstone,d7fddfb4f8d8ada0eb1a65d1a450a66c8cbd794c,direct,octree_leafcount,flyby,10,434,434,0.7313600183,0.191967994,0.9246720076,0.977074,1,0,5,41057,35925,17,17,10085,28.072373,14.25196938,512002,0,512002,41057
cstone,d7fddfb4f8d8ada0eb1a65d1a450a66c8cbd794c,direct,octree_leafcount,flyby,10,435,435,0.7255679965,0.1996160001,0.9264960289,0.981056,1,0,5,40945,35827,17,17,9832,27.44298992,14.29095375,512002,0,512002,40945
cstone,d7fddfb4f8d8ada0eb1a65d1a450a66c8cbd794c,direct,octree_leafcount,flyby,10,436,436,0.8006719947,0.231904,1.03392005,1.089476,1,0,6,41001,35876,17,17,10003,27.88214963,14.27143494,512002,0,512002,41001
cstone,d7fddfb4f8d8ada0eb1a65d1a450a66c8cbd794c,direct,octree_leafcount,flyby,10,437,437,0.7342079878,0.2083519995,0.9439039826,1.000048,1,0,5,40761,35666,17,17,9795,27.46313015,14.35546459,512002,0,512002,40761
cstone,d7fddfb4f8d8ada0eb1a65d1a450a66c8cbd794c,direct,octree_leafcount,flyby,10,438,438,0.8050879836,0.2471999973,1.053696036,1.116025,1,0,6,40985,35862,17,17,9882,27.55562991,14.2770063,512002,0,512002,40985
cstone,d7fddfb4f8d8ada0eb1a65d1a450a66c8cbd794c,direct,octree_leafcount,flyby,10,439,439,0.7181439996,0.2366400063,0.9560959935,1.014304,1,0,5,41233,36079,17,17,9875,27.37049253,14.19113612,512002,0,512002,41233
cstone,d7fddfb4f8d8ada0eb1a65d1a450a66c8cbd794c,direct,octree_leafcount,flyby,10,440,440,0.7409600019,0.220096007,0.9623680115,1.018486,1,0,5,41233,36079,17,17,9922,27.50076222,14.19113612,512002,0,512002,41233
cstone,d7fddfb4f8d8ada0eb1a65d1a450a66c8cbd794c,direct,octree_leafcount,flyby,10,441,441,0.7944319844,0.2124480009,1.008255959,1.065318,1,0,6,40993,35869,17,17,9933,27.69243637,14.27422008,512002,0,512002,40993
cstone,d7fddfb4f8d8ada0eb1a65d1a450a66c8cbd794c,direct,octree_leafcount,flyby,10,442,442,0.6538559794,0.2129600048,0.8681920171,0.926678,1,0,4,40961,35841,17,17,9770,27.25928406,14.2853715,512002,0,512002,40961
cstone,d7fddfb4f8d8ada0eb1a65d1a450a66c8cbd794c,direct,octree_leafcount,flyby,10,443,443,0.7268159986,0.208416,0.9366400242,0.994101,1,0,5,40681,35596,17,17,9837,27.63512754,14.3836948,512002,0,512002,40681
cstone,d7fddfb4f8d8ada0eb1a65d1a450a66c8cbd794c,direct,octree_leafcount,flyby,10,444,444,0.8036800027,0.2298559994,1.034880042,1.088795,1,0,6,41121,35981,17,17,9785,27.19490842,14.22978794,512002,0,512002,41121
cstone,d7fddfb4f8d8ada0eb1a65d1a450a66c8cbd794c,direct,octree_leafcount,flyby,10,445,445,0.7318720222,0.1971520036,0.9303359985,0.983864,1,0,5,41017,35890,17,17,9791,27.28057955,14.26586793,512002,0,512002,41017
cstone,d7fddfb4f8d8ada0eb1a65d1a450a66c8cbd794c,direct,octree_leafcount,flyby,10,446,446,0.6571519971,0.2114560008,0.8699200153,0.926046,1,0,4,40729,35638,17,17,9569,26.85055278,14.36674336,512002,0,512002,40729
cstone,d7fddfb4f8d8ada0eb1a65d1a450a66c8cbd794c,direct,octree_leafcount,flyby,10,447,447,0.8090879917,0.2360000014,1.046432018,1.10343,1,0,6,41065,35932,17,17,9673,26.92029389,14.24919292,512002,0,512002,41065
cstone,d7fddfb4f8d8ada0eb1a65d1a450a66c8cbd794c,direct,octree_leafcount,flyby,10,448,448,0.7325119972,0.2083519995,0.9422079921,1.000337,1,0,5,40833,35729,17,17,9723,27.21318817,14.33015198,512002,0,512002,40833
cstone,d7fddfb4f8d8ada0eb1a65d1a450a66c8cbd794c,direct,octree_leafcount,flyby,10,449,449,0.734431982,0.2466560006,0.9824000001,1.039322,1,0,5,40945,35827,17,17,9621,26.85404862,14.29095375,512002,0,512002,40945
cstone,d7fddfb4f8d8ada0eb1a65d1a450a66c8cbd794c,direct,octree_leafcount,flyby,10,450,450,0.8132799864,0.2441920042,1.058815956,1.117353,1,0,6,41113,35974,17,17,9878,27.45872019,14.23255685,512002,0,512002,41113
cstone,d7fddfb4f8d8ada0eb1a65d1a450a66c8cbd794c,direct,octree_leafcount,flyby,10,451,451,0.7396159768,0.2191040069,0.9600319862,1.017779,1,0,5,40825,35722,17,17,9760,27.32209843,14.33296008,512002,0,512002,40825
cstone,d7fddfb4f8d8ada0eb1a65d1a450a66c8cbd794c,direct,octree_leafcount,flyby,10,452,452,0.8155199885,0.2541440129,1.070976019,1.127535,1,0,6,41065,35932,17,17,9802,27.27930535,14.24919292,512002,0,512002,41065
cstone,d7fddfb4f8d8ada0eb1a65d1a450a66c8cbd794c,direct,octree_leafcount,flyby,10,453,453,0.7118080258,0.2114560008,0.9245759845,0.979496,1,0,5,40825,35722,17,17,9614,26.91338671,14.33296008,512002,0,512002,40825
cstone,d7fddfb4f8d8ada0eb1a65d1a450a66c8cbd794c,direct,octree_leafcount,flyby,10,454,454,0.745472014,0.2312960029,0.9782080054,1.033515,1,0,5,41417,36240,17,17,9874,27.24613687,14.12809051,512002,0,512002,41417
cstone,d7fddfb4f8d8ada0eb1a65d1a450a66c8cbd794c,direct,octree_leafcount,flyby,10,455,455,0.8051840067,0.2411199957,1.047808051,1.106176,1,0,6,41497,36310,17,17,9892,27.2431837,14.10085376,512002,0,512002,41497
cstone,d7fddfb4f8d8ada0eb1a65d1a450a66c8cbd794c,direct,octree_leafcount,flyby,10,456,456,0.6506879926,0.206783995,0.8587840199,0.913671,1,0,4,40857,35750,17,17,9698,27.12727273,14.32173427,512002,0,512002,40857
cstone,d7fddfb4f8d8ada0eb1a65d1a450a66c8cbd794c,direct,octree_leafcount,flyby,10,457,457,0.7379199862,0.2262399942,0.9655359983,1.018962,1,0,5,40977,35855,17,17,9833,27.42434807,14.27979361,512002,0,512002,40977
cstone,d7fddfb4f8d8ada0eb1a65d1a450a66c8cbd794c,direct,octree_leafcount,flyby,10,458,458,0.8039039969,0.2052800059,1.010527968,1.066243,1,0,6,40873,35764,17,17,9619,26.8957611,14.31612795,512002,0,512002,40873
cstone,d7fddfb4f8d8ada0eb1a65d1a450a66c8cbd794c,direct,octree_leafcount,flyby,10,459,459,0.7331519723,0.2267840058,0.9612799883,1.015332,1,0,5,41145,36002,17,17,9800,27.22070996,14.2214877,512002,0,512002,41145
cstone,d7fddfb4f8d8ada0eb1a65d1a450a66c8cbd794c,direct,octree_leafcount,flyby,10,460,460,0.6643199921,0.2016640007,0.8672959805,0.919126,1,0,4,41001,35876,17,17,9716,27.08217193,14.27143494,512002,0,512002,41001
cstone,d7fddfb4f8d8ada0eb1a65d1a450a66c8cbd794c,direct,octree_leafcount,flyby,10,461,461,0.8087679744,0.2319359928,1.042016029,1.098261,1,0,6,41185,36037,17,17,9753,27.06385104,14.20767544,512002,0,512002,41185
cstone,d7fddfb4f8d8ada0eb1a65d1a450a66c8cbd794c,direct,octree_leafcount,flyby,10,462,462,0.7369920015,0.2129279971,0.9512959719,1.009049,1,0,5,41169,36023,17,17,9810,27.23260139,14.21319712,512002,0,512002,41169
cstone,d7fddfb4f8d8ada0eb1a65d1a450a66c8cbd794c,direct,octree_leafcount,flyby,10,463,463,0.7338879704,0.2067199945,0.9419199824,0.998863,1,0,5,40881,35771,17,17,9464,26.45718599,14.31332644,512002,0,512002,40881
cstone,d7fddfb4f8d8ada0eb1a65d1a450a66c8cbd794c,direct,octree_leafcount,flyby,10,464,464,0.8061760068,0.2109120041,1.018399954,1.074893,1,0,6,40753,35659,17,17,9650,27.06189181,14.35828262,512002,0,512002,40753
cstone,d7fddfb4f8d8ada0eb1a65d1a450a66c8cbd794c,direct,octree_leafcount,flyby,10,465,465,0.7401599884,0.240575999,0.9820799828,1.037127,1,0,5,40905,35792,17,17,9623,26.88589629,14.30492848,512002,0,512002,40905
cstone,d7fddfb4f8d8ada0eb1a65d1a450a66c8cbd794c,direct,octree_leafcount,flyby,10,466,466,0.8134400249,0.2508159876,1.06556797,1.124825,1,0,6,40961,35841,17,17,9795,27.32903658,14.2853715,512002,0,512002,40961
cstone,d7fddfb4f8d8ada0eb1a65d1a450a66c8cbd794c,direct,octree_leafcount,flyby,10,467,467,0.6604480147,0.2163839936,0.8781440258,0.935592,1,0,4,40657,35575,17,17,9596,26.97399859,14.39218552,512002,0,512002,40657
cstone,d7fddfb4f8d8ada0eb1a65d1a450a66c8cbd794c,direct,octree_leafcount,flyby,10,468,468,0.7504320145,0.2453760058,0.9971200228,1.057705,1,0,5,40769,35673,17,17,9705,27.2054495,14.35264766,512002,0,512002,40769
cstone,d7fddfb4f8d8ada0eb1a65d1a450a66c8cbd794c,direct,octree_leafcount,flyby,10,469,469,0.7867839932,0.233408004,1.021535993,1.07747,1,0,6,40969,35848,17,17,9662,26.95268913,14.28258201,512002,0,512002,40969
cstone,d7fddfb4f8d8ada0eb1a65d1a450a66c8cbd794c,direct,octree_leafcount,flyby,10,470,470,0.7254400253,0.2139520049,0.9407039881,0.999781,1,0,5,40777,35680,17,17,9503,26.63396861,14.34983184,512002,0,512002,40777
cstone,d7fddfb4f8d8ada0eb1a65d1a450a66c8cbd794c,direct,octree_leafcount,flyby,10,471,471,0.7483199835,0.2364799976,0.9861119986,1.043199,1,0,5,40801,35701,17,17,9672,27.0916781,14.341391,512002,0,512002,40801
cstone,d7fddfb4f8d8ada0eb1a65d1a450a66c8cbd794c,direct,octree_leafcount,flyby,10,472,472,0.8057919741,0.2545599937,1.061663985,1.123659,1,0,6,40929,35813,17,17,9702,27.09072125,14.29654036,512002,0,512002,40929
cstone,d7fddfb4f8d8ada0eb1a65d1a450a66c8cbd794c,direct,octree_leafcount,flyby,10,473,473,0.7421119809,0.2288320065,0.9723200202,1.026725,1,0,5,41305,36142,17,17,9867,27.30064745,14.1663992,512002,0,512002,41305
cstone,d7fddfb4f8d8ada0eb1a65d1a450a66c8cbd794c,direct,octree_leafcount,flyby,10,474,474,0.659168005,0.2145279944,0.8750399947,0.932357,1,0,4,40825,35722,17,17,9586,26.83500364,14.33296008,512002,0,512002,40825
cstone,d7fddfb4f8d8ada0eb1a65d1a450a66c8cbd794c,direct,octree_leafcount,flyby,10,475,475,0.8287360072,0.2349759936,1.065024018,1.121704,1,0,6,41297,36135,17,17,9741,26.95724367,14.16914349,512002,0,512002,41297
cstone,d7fddfb4f8d8ada0eb1a65d1a450a66c8cbd794c,direct,octree_leafcount,flyby,10,476,476,0.7424640059,0.2149759978,0.9587839842,1.015103,1,0,5,41233,36079,17,17,9818,27.21250589,14.19113612,512002,0,512002,41233
cstone,d7fddfb4f8d8ada0eb1a65d1a450a66c8cbd794c,direct,octree_leafcount,flyby,10,477,477,0.731679976,0.215583995,0.9496960044,1.006303,1,0,5,40921,35806,17,17,9615,26.85304139,14.29933531,512002,0,512002,40921
cstone,d7fddfb4f8d8ada0eb1a65d1a450a66c8cbd794c,direct,octree_leafcount,flyby,10,478,478,0.8056319952,0.2073280066,1.014271975,1.070328,1,0,6,40865,35757,17,17,9816,27.45196745,14.31893056,512002,0,512002,40865
cstone,d7fddfb4f8d8ada0eb1a65d1a450a66c8cbd794c,direct,octree_leafcount,flyby,10,479,479,0.7238079906,0.2026879936,0.9278079867,0.983857,1,0,5,40721,35631,17,17,9794,27.48730038,14.36956583,512002,0,512002,40721
cstone,d7fddfb4f8d8ada0eb1a65d1a450a66c8cbd794c,direct,octree_leafcount,flyby,10,480,480,0.8114879727,0.2421440035,1.055008054,1.111151,1,0,6,40985,35862,17,17,9864,27.50543751,14.2770063,512002,0,512002,40985
cstone,d7fddfb4f8d8ada0eb1a65d1a450a66c8cbd794c,direct,octree_leafcount,flyby,10,481,481,0.7156800032,0.2370239943,0.9540479779,1.012023,1,0,5,41017,35890,17,17,9756,27.18305935,14.26586793,512002,0,512002,41017
cstone,d7fddfb4f8d8ada0eb1a65d1a450a66c8cbd794c,direct,octree_leafcount,flyby,10,482,482,0.723968029,0.2360319942,0.9613440037,1.017552,1,0,5,41177,36030,17,17,9684,26.877602,14.21043575,512002,0,512002,41177
cstone,d7fddfb4f8d8ada0eb1a65d1a450a66c8cbd794c,direct,octree_leafcount,flyby,10,483,483,0.7960000038,0.2063039988,1.003648043,1.058279,1,0,6,41073,35939,17,17,9843,27.38807424,14.24641754,512002,0,512002,41073
cstone,d7fddfb4f8d8ada0eb1a65d1a450a66c8cbd794c,direct,octree_leafcount,flyby,10,484,484,0.6347839832,0.2037120014,0.8398399949,0.893692,1,0,4,40881,35771,17,17,9680,27.06102709,14.31332644,512002,0,512002,40881
cstone,d7fddfb4f8d8ada0eb1a65d1a450a66c8cbd794c,direct,octree_leafcount,flyby,10,485,485,0.7319359779,0.1899199933,0.9232000113,0.975189,1,0,5,40849,35743,17,17,9790,27.38997846,14.32453907,512002,0,512002,40849
cstone,d7fddfb4f8d8ada0eb1a65d1a450a66c8cbd794c,direct,octree_leafcount,flyby,10,486,486,0.813567996,0.2052800059,1.02015996,1.077751,1,0,6,40601,35526,17,17,9595,27.00838822,14.41203626,512002,0,512002,40601
cstone,d7fddfb4f8d8ada0eb1a65d1a450a66c8cbd794c,direct,octree_leafcount,flyby,10,487,487,0.7390720248,0.2446720004,0.9851199985,1.043226,1,0,5,40785,35687,17,17,9787,27.42455236,14.34701712,512002,0,512002,40785
cstone,d7fddfb4f8d8ada0eb1a65d1a450a66c8cbd794c,direct,octree_leafcount,flyby,10,488,488,0.6518080235,0.233536005,0.886687994,0.941918,1,0,4,40873,35764,17,17,9778,27.34034224,14.31612795,512002,0,512002,40873
cstone,d7fddfb4f8d8ada0eb1a65d1a450a66c8cbd794c,direct,octree_leafcount,flyby,10,489,489,0.7984319925,0.2160000056,1.015743971,1.072959,1,0,6,40849,35743,17,17,9667,27.04585513,14.32453907,512002,0,512002,40849
cstone,d7fddfb4f8d8ada0eb1a65d1a450a66c8cbd794c,direct,octree_leafcount,flyby,10,490,490,0.7464960217,0.2497919947,0.997600019,1.059578,1,0,5,41009,35883,17,17,9836,27.41130898,14.26865089,512002,0,512002,41009
cstone,d7fddfb4f8d8ada0eb1a65d1a450a66c8cbd794c,direct,octree_leafcount,flyby,10,491,491,0.6539520025,0.2042559981,0.8595520258,0.91568,1,0,4,40321,35281,17,17,9586,27.17043168,14.512117,512002,0,512002,40321
cstone,d7fddfb4f8d8ada0eb1a65d1a450a66c8cbd794c,direct,octree_leafcount,flyby,10,492,492,0.8044800162,0.2237119973,1.029536009,1.085584,1,0,6,40873,35764,17,17,9883,27.63393356,14.31612795,512002,0,512002,40873
cstone,d7fddfb4f8d8ada0eb1a65d1a450a66c8cbd794c,direct,octree_leafcount,flyby,10,493,493,0.7405120134,0.239071995,0.9809280038,1.039427,1,0,5,41009,35883,17,17,9814,27.34999861,14.26865089,512002,0,512002,41009
cstone,d7fddfb4f8d8ada0eb1a65d1a450a66c8cbd794c,direct,octree_leafcount,flyby,10,494,494,0.8027200103,0.2175679952,1.021600008,1.079297,1,0,6,40977,35855,17,17,9622,26.83586669,14.27979361,512002,0,512002,40977
cstone,d7fddfb4f8d8ada0eb1a65d1a450a66c8cbd794c,direct,octree_leafcount,flyby,10,495,495,0.7176319957,0.2247360051,0.9437119961,0.996215,1,0,5,41065,35932,17,17,9694,26.97873762,14.24919292,512002,0,512002,41065
cstone,d7fddfb4f8d8ada0eb1a65d1a450a66c8cbd794c,direct,octree_leafcount,flyby,10,496,496,0.7449920177,0.2098560035,0.9561920166,1.011163,1,0,5,40529,35463,17,17,9508,26.81104249,14.43763923,512002,0,512002,40529
cstone,d7fddfb4f8d8ada0eb1a65d1a450a66c8cbd794c,direct,octree_leafcount,flyby,10,497,497,0.8114560246,0.2441920042,1.056992054,1.115453,1,0,6,40865,35757,17,17,9776,27.34010124,14.31893056,512002,0,512002,40865
cstone,d7fddfb4f8d8ada0eb1a65d1a450a66c8cbd794c,direct,octree_leafcount,flyby,10,498,498,0.7314879894,0.2016640007,0.9344639778,0.986984,1,0,5,40841,35736,17,17,9719,27.19666443,14.32734497,512002,0,512002,40841
cstone,d7fddfb4f8d8ada0eb1a65d1a450a66c8cbd794c,direct,octree_leafcount,flyby,10,499,499,0.7416319847,0.2349759936,0.9782720208,1.033514,1,0,5,40897,35785,17,17,9857,27.54506078,14.3077267,512002,0,512002,40897
cstone,d7fddfb4f8d8ada0eb1a65d1a450a66c8cbd794c,direct,octree_leafcount,flyby,10,500,500,0.7820159793,0.2046400011,0.9879680276,1.042408,1,0,6,40753,35659,17,17,9670,27.11797863,14.35828262,512002,0,512002,40753
cstone,d7fddfb4f8d8ada0eb1a65d1a450a66c8cbd794c,direct,octree_leafcount,flyby,10,501,501,0.6557760239,0.2375040054,0.8946239948,0.952023,1,0,4,40937,35820,17,17,9650,26.94025684,14.29374651,512002,0,512002,40937
cstone,d7fddfb4f8d8ada0eb1a65d1a450a66c8cbd794c,direct,octree_leafcount,flyby,10,502,502,0.7357439995,0.2217919976,0.9622399807,1.02052,1,0,5,40569,35498,17,17,9748,27.46070201,14.42340414,512002,0,512002,40569
cstone,d7fddfb4f8d8ada0eb1a65d1a450a66c8cbd794c,direct,octree_leafcount,flyby,10,503,503,0.7974399924,0.2354879975,1.034240007,1.093321,1,0,6,40673,35589,17,17,9700,27.25561269,14.38652393,512002,0,512002,40673
cstone,d7fddfb4f8d8ada0eb1a65d1a450a66c8cbd794c,direct,octree_leafcount,flyby,10,504,504,0.7450559735,0.2503359914,0.99673599,1.056744,1,0,5,40905,35792,17,17,9887,27.62349128,14.30492848,512002,0,512002,40905
cstone,d7fddfb4f8d8ada0eb1a65d1a450a66c8cbd794c,direct,octree_leafcount,flyby,10,505,505,0.6565759778,0.2201279998,0.8782399893,0.93866,1,0,4,40641,35561,17,17,9744,27.40080425,14.39785158,512002,0,512002,40641
cstone,d7fddfb4f8d8ada0eb1a65d1a450a66c8cbd794c,direct,octree_leafcount,flyby,10,506,506,0.800383985,0.2395520061,1.041247964,1.098042,1,0,6,40785,35687,17,17,9701,27.18356825,14.34701712,512002,0,512002,40785
cstone,d7fddfb4f8d8ada0eb1a65d1a450a66c8cbd794c,direct,octree_leafcount,flyby,10,507,507,0.7544959784,0.2539199889,1.009760022,1.070664,1,0,5,41201,36051,17,17,9886,27.42226291,14.20215805,512002,0,512002,41201
cstone,d7fddfb4f8d8ada0eb1a65d1a450a66c8cbd794c,direct,octree_leafcount,flyby,10,508,508,0.7283840179,0.205535993,0.9352639914,0.99274,1,0,5,40649,35568,17,17,9617,27.03834908,14.39501799,512002,0,512002,40649
cstone,d7fddfb4f8d8ada0eb1a65d1a450a66c8cbd794c,direct,octree_leafcount,flyby,10,509,509,0.8080639839,0.2360000014,1.045375943,1.101618,1,0,6,40761,35666,17,17,9712,27.23041552,14.35546459,512002,0,512002,40761
cstone,d7fddfb4f8d8ada0eb1a65d1a450a66c8cbd794c,direct,octree_leafcount,flyby,10,510,510,0.7333440185,0.2211199999,0.9558079839,1.015093,1,0,5,40721,35631,17,17,9732,27.3132946,14.36956583,512002,0,512002,40721
cstone,d7fddfb4f8d8ada0eb1a65d1a450a66c8cbd794c,direct,octree_leafcount,flyby,10,511,511,0.7542080283,0.2385279983,0.9940800071,1.050637,1,0,5,40961,35841,17,17,9828,27.4211099,14.2853715,512002,0,512002,40961
cstone,d7fddfb4f8d8ada0eb1a65d1a450a66c8cbd794c,direct,octree_leafcount,flyby,10,512,512,0.732927978,0.251008004,0.9852480292,1.045137,1,0,5,41161,36016,17,17,9820,27.26565971,14.21595957,512002,0,512002,41161
cstone,d7fddfb4f8d8ada0eb1a65d1a450a66c8cbd794c,direct,octree_leafcount,flyby,10,513,513,0.7372159958,0.2042880058,0.9428480268,1.000082,1,0,5,40857,35750,17,17,9842,27.53006993,14.32173427,512002,0,512002,40857
cstone,d7fddfb4f8d8ada0eb1a65d1a450a66c8cbd794c,direct,octree_leafcount,flyby,10,514,514,0.8016960025,0.2323839962,1.035423994,1.090096,1,0,6,41025,35897,17,17,9843,27.42011867,14.26308605,512002,0,512002,41025
cstone,d7fddfb4f8d8ada0eb1a65d1a450a66c8cbd794c,direct,octree_leafcount,flyby,10,515,515,0.6635199785,0.2279359996,0.8927680254,0.952794,1,0,4,40681,35596,17,17,9639,27.07888527,14.3836948,512002,0,512002,40681
cstone,d7fddfb4f8d8ada0eb1a65d1a450a66c8cbd794c,direct,octree_leafcount,flyby,10,516,516,0.7451519966,0.252384007,0.9988800287,1.058939,1,0,5,41009,35883,17,17,9913,27.62589527,14.26865089,512002,0,512002,41009
cstone,d7fddfb4f8d8ada0eb1a65d1a450a66c8cbd794c,direct,octree_leafcount,flyby,10,517,517,0.8100159764,0.2298559994,1.041216016,1.095876,1,0,6,41081,35946,17,17,9849,27.39943248,14.24364324,512002,0,512002,41081
cstone,d7fddfb4f8d8ada0eb1a65d1a450a66c8cbd794c,direct,octree_leafcount,flyby,10,518,518,0.7436479926,0.231904,0.976895988,1.034959,1,0,5,41297,36135,17,17,9852,27.26442507,14.16914349,512002,0,512002,41297
cstone,d7fddfb4f8d8ada0eb1a65d1a450a66c8cbd794c,direct,octree_leafcount,flyby,10,519,519,0.649248004,0.1914879978,0.8421120048,0.894667,1,0,4,41041,35911,17,17,9873,27.49296873,14.25752555,512002,0,512002,41041
cstone,d7fddfb4f8d8ada0eb1a65d1a450a66c8cbd794c,direct,octree_leafcount,flyby,10,520,520,0.8241279721,0.2303359956,1.055776,1.109233,1,0,6,41089,35953,17,17,9737,27.08258004,14.24087002,512002,0,512002,41089
cstone,d7fddfb4f8d8ada0eb1a65d1a450a66c8cbd794c,direct,octree_leafcount,flyby,10,521,521,0.743712008,0.2247360051,0.9697920084,1.024168,1,0,5,41417,36240,17,17,9982,27.54415011,14.12809051,512002,0,512002,41417
cstone,d7fddfb4f8d8ada0eb1a65d1a450a66c8cbd794c,direct,octree_leafcount,flyby,10,522,522,0.6528639793,0.2001599967,0.8543360233,0.907724,1,0,4,40849,35743,17,17,9660,27.02627088,14.32453907,512002,0,512002,40849
cstone,d7fddfb4f8d8ada0eb1a65d1a450a66c8cbd794c,direct,octree_leafcount,flyby,10,523,523,0.8011519909,0.2360000014,1.03846395,1.094399,1,0,6,41065,35932,17,17,9842,27.39062674,14.24919292,512002,0,512002,41065
cstone,d7fddfb4f8d8ada0eb1a65d1a450a66c8cbd794c,direct,octree_leafcount,flyby,10,524,524,0.7495040298,0.2216639966,0.9725120068,1.03475,1,0,5,41033,35904,17,17,9789,27.26437166,14.26030526,512002,0,512002,41033
cstone,d7fddfb4f8d8ada0eb1a65d1a450a66c8cbd794c,direct,octree_leafcount,flyby,10,525,525,0.7292159796,0.240575999,0.9711679816,1.034211,1,0,5,40929,35813,17,17,9661,26.97623768,14.29654036,512002,0,512002,40929
cstone,d7fddfb4f8d8ada0eb1a65d1a450a66c8cbd794c,direct,octree_leafcount,flyby,10,526,526,0.8187839985,0.2503359914,1.070431948,1.129708,1,0,6,41049,35918,17,17,9832,27.37346177,14.25474692,512002,0,512002,41049
cstone,d7fddfb4f8d8ada0eb1a65d1a450a66c8cbd794c,direct,octree_leafcount,flyby,10,527,527,0.7428159714,0.2137279958,0.9578880072,1.016164,1,0,5,40761,35666,17,17,9690,27.16873213,14.35546459,512002,0,512002,40761
cstone,d7fddfb4f8d8ada0eb1a65d1a450a66c8cbd794c,direct,octree_leafcount,flyby,10,528,528,0.8083840013,0.2344319969,1.044160008,1.098091,1,0,6,40905,35792,17,17,9695,27.08705856,14.30492848,512002,0,512002,40905
cstone,d7fddfb4f8d8ada0eb1a65d1a450a66c8cbd794c,direct,octree_leafcount,flyby,10,529,529,0.7271040082,0.2411199957,0.9695680141,1.027446,1,0,5,41009,35883,17,17,9647,26.88459716,14.26865089,512002,0,512002,41009
cstone,d7fddfb4f8d8ada0eb1a65d1a450a66c8cbd794c,direct,octree_leafcount,flyby,10,530,530,0.7536960244,0.2422720045,0.9973120093,1.055059,1,0,5,41345,36177,17,17,9744,26.93423999,14.1526937,512002,0,512002,41345
cstone,d7fddfb4f8d8ada0eb1a65d1a450a66c8cbd794c,direct,octree_leafcount,flyby,10,531,531,0.7880960107,0.2303359956,1.019775987,1.075448,1,0,6,41409,36233,17,17,9781,26.99472856,14.13081997,512002,0,512002,41409
cstone,d7fddfb4f8d8ada0eb1a65d1a450a66c8cbd794c,direct,octree_leafcount,flyby,10,532,532,0.6495040059,0.2088640034,0.8597120047,0.916274,1,0,4,41033,35904,17,17,9557,26.6182041,14.26030526,512002,0,512002,41033
cstone,d7fddfb4f8d8ada0eb1a65d1a450a66c8cbd794c,direct,octree_leafcount,flyby,10,533,533,0.7491840124,0.240575999,0.9910719991,1.05186,1,0,5,41097,35960,17,17,9739,27.08286986,14.23809789,512002,0,512002,41097
cstone,d7fddfb4f8d8ada0eb1a65d1a450a66c8cbd794c,direct,octree_leafcount,flyby,10,534,534,0.7947840095,0.2001599967,0.9963200092,1.052873,1,0,6,41049,35918,17,17,9594,26.71084136,14.25474692,512002,0,512002,41049
cstone,d7fddfb4f8d8ada0eb1a65d1a450a66c8cbd794c,direct,octree_leafcount,flyby,10,535,535,0.7420160174,0.218592003,0.961920023,1.015085,1,0,5,41481,36296,17,17,9817,27.04705753,14.1062927,512002,0,512002,41481
cstone,d7fddfb4f8d8ada0eb1a65d1a450a66c8cbd794c,direct,octree_leafcount,flyby,10,536,536,0.6442880034,0.1965440065,0.8421760201,0.896584,1,0,4,41145,36002,17,17,9794,27.20404422,14.2214877,512002,0,512002,41145
cstone,d7fddfb4f8d8ada0eb1a65d1a450a66c8cbd794c,direct,octree_leafcount,flyby,10,537,537,0.7995520234,0.2073280066,1.00822401,1.064428,1,0,6,40889,35778,17,17,9564,26.73151098,14.31052602,512002,0,512002,40889
cstone,d7fddfb4f8d8ada0eb1a65d1a450a66c8cbd794c,direct,octree_leafcount,flyby,10,538,538,0.7405120134,0.2421440035,0.984063983,1.043948,1,0,5,41241,36086,17,17,9978,27.65061243,14.18838331,512002,0,512002,41241
cstone,d7fddfb4f8d8ada0eb1a65d1a450a66c8cbd794c,direct,octree_leafcount,flyby,10,539,539,0.6589760184,0.2088319957,0.8691200018,0.925667,1,0,4,40953,35834,17,17,9752,27.21437741,14.28816208,512002,0,512002,40953
cstone,d7fddfb4f8d8ada0eb1a65d1a450a66c8cbd794c,direct,octree_leafcount,flyby,10,540,540,0.7992640138,0.2416319996,1.042335987,1.097587,1,0,6,41209,36058,17,17,9812,27.21171446,14.19940097,512002,0,512002,41209
cstone,d7fddfb4f8d8ada0eb1a65d1a450a66c8cbd794c,direct,octree_leafcount,flyby,10,541,541,0.7445440292,0.2351039946,0.981055975,1.036132,1,0,5,41217,36065,17,17,9822,27.23416054,14.19664495,512002,0,512002,41217
cstone,d7fddfb4f8d8ada0eb1a65d1a450a66c8cbd794c,direct,octree_leafcount,flyby,10,542,542,0.7519040108,0.2011840045,0.954400003,1.010066,1,0,5,41185,36037,17,17,9609,26.66426173,14.20767544,512002,0,512002,41185
cstone,d7fddfb4f8d8ada0eb1a65d1a450a66c8cbd794c,direct,octree_leafcount,flyby,10,543,543,0.8090879917,0.2037120014,1.014143944,1.069919,1,0,6,41081,35946,17,17,9766,27.16853057,14.24364324,512002,0,512002,41081
cstone,d7fddfb4f8d8ada0eb1a65d1a450a66c8cbd794c,direct,octree_leafcount,flyby,10,544,544,0.7381439805,0.2114239931,0.9509119987,1.007096,1,0,5,40953,35834,17,17,9567,26.69810794,14.28816208,512002,0,512002,40953
cstone,d7fddfb4f8d8ada0eb1a65d1a450a66c8cbd794c,direct,octree_leafcount,flyby,10,545,545,0.8128640056,0.239071995,1.053248048,1.108519,1,0,6,41033,35904,17,17,9603,26.74632353,14.26030526,512002,0,512002,41033
cstone,d7fddfb4f8d8ada0eb1a65d1a450a66c8cbd794c,direct,octree_leafcount,flyby,10,546,546,0.7188799977,0.1991679966,0.9193919897,0.973291,1,0,5,40969,35848,17,17,9519,26.55378264,14.28258201,512002,0,512002,40969
cstone,d7fddfb4f8d8ada0eb1a65d1a450a66c8cbd794c,direct,octree_leafcount,flyby,10,547,547,0.7322559953,0.2395520061,0.9731519818,1.030179,1,0,5,40977,35855,17,17,9556,26.65179194,14.27979361,512002,0,512002,40977
cstone,d7fddfb4f8d8ada0eb1a65d1a450a66c8cbd794c,direct,octree_leafcount,flyby,10,548,548,0.7845759988,0.206783995,0.9927359819,1.049133,1,0,6,40657,35575,17,17,9572,26.90653549,14.39218552,512002,0,512002,40657
cstone,d7fddfb4f8d8ada0eb1a65d1a450a66c8cbd794c,direct,octree_leafcount,flyby,10,549,549,0.7295680046,0.1899199933,0.9207999706,0.972506,1,0,5,40585,35512,17,17,9497,26.74307276,14.41771795,512002,0,512002,40585
cstone,d7fddfb4f8d8ada0eb1a65d1a450a66c8cbd794c,direct,octree_leafcount,flyby,10,550,550,0.7220799923,0.2313600034,0.9547839761,1.009377,1,0,5,40633,35554,17,17,9618,27.05180852,14.40068628,512002,0,512002,40633
cstone,d7fddfb4f8d8ada0eb1a65d1a450a66c8cbd794c,direct,octree_leafcount,flyby,10,551,551,0.8144000173,0.2431679964,1.058943987,1.116399,1,0,6,40833,35729,17,17,9534,26.68420611,14.33015198,512002,0,512002,40833
cstone,d7fddfb4f8d8ada0eb1a65d1a450a66c8cbd794c,direct,octree_leafcount,flyby,10,552,552,0.6511999965,0.1940159947,0.8465279937,0.898589,1,0,4,40777,35680,17,17,9467,26.53307175,14.34983184,512002,0,512002,40777
cstone,d7fddfb4f8d8ada0eb1a65d1a450a66c8cbd794c,direct,octree_leafcount,flyby,10,553,553,0.7314559817,0.1955199987,0.9282879829,0.984534,1,0,5,40657,35575,17,17,9520,26.76036543,14.39218552,512002,0,512002,40657
cstone,d7fddfb4f8d8ada0eb1a65d1a450a66c8cbd794c,direct,octree_leafcount,flyby,10,554,554,0.7947520018,0.1970880032,0.9931839705,1.047341,1,0,6,40593,35519,17,17,9403,26.47315521,14.41487654,512002,0,512002,40593
cstone,d7fddfb4f8d8ada0eb1a65d1a450a66c8cbd794c,direct,octree_leafcount,flyby,10,555,555,0.7310720086,0.2339520007,0.9663360119,1.02147,1,0,5,40833,35729,17,17,9634,26.96409079,14.33015198,512002,0,512002,40833
cstone,d7fddfb4f8d8ada0eb1a65d1a450a66c8cbd794c,direct,octree_leafcount,flyby,10,556,556,0.6557440162,0.2124480009,0.8695039749,0.927074,1,0,4,40657,35575,17,17,9472,26.62543921,14.39218552,512002,0,512002,40657
cstone,d7fddfb4f8d8ada0eb1a65d1a450a66c8cbd794c,direct,octree_leafcount,flyby,10,557,557,0.8115839958,0.239071995,1.052000046,1.109516,1,0,6,40929,35813,17,17,9474,26.45408092,14.29654036,512002,0,512002,40929
cstone,d7fddfb4f8d8ada0eb1a65d1a450a66c8cbd794c,direct,octree_leafcount,flyby,10,558,558,0.7411839962,0.2498240024,0.9923200011,1.053372,1,0,5,41041,35911,17,17,9614,26.77174125,14.25752555,512002,0,512002,41041
cstone,d7fddfb4f8d8ada0eb1a65d1a450a66c8cbd794c,direct,octree_leafcount,flyby,10,559,559,0.6578879952,0.2252479941,0.8845760226,0.943782,1,0,4,40689,35603,17,17,9516,26.72808471,14.38086678,512002,0,512002,40689
cstone,d7fddfb4f8d8ada0eb1a65d1a450a66c8cbd794c,direct,octree_leafcount,flyby,10,560,560,0.8097919822,0.240575999,1.051679969,1.109734,1,0,6,40961,35841,17,17,9704,27.07513741,14.2853715,512002,0,512002,40961
cstone,d7fddfb4f8d8ada0eb1a65d1a450a66c8cbd794c,direct,octree_leafcount,flyby,10,561,561,0.7409279943,0.2108799964,0.9531520009,1.010562,1,0,5,40833,35729,17,17,9591,26.84374038,14.33015198,512002,0,512002,40833
cstone,d7fddfb4f8d8ada0eb1a65d1a450a66c8cbd794c,direct,octree_leafcount,flyby,10,562,562,0.8135359883,0.2313919961,1.046272039,1.100923,1,0,6,41313,36149,17,17,9680,26.77805748,14.16365598,512002,0,512002,41313
cstone,d7fddfb4f8d8ada0eb1a65d1a450a66c8cbd794c,direct,octree_leafcount,flyby,10,563,563,0.7336320281,0.2352000028,0.9702399969,1.028593,1,0,5,40993,35869,17,17,9637,26.86721124,14.27422008,512002,0,512002,40993
cstone,d7fddfb4f8d8ada0eb1a65d1a450a66c8cbd794c,direct,octree_leafcount,flyby,10,564,564,0.7459840178,0.2217919976,0.9691200256,1.027874,1,0,5,40793,35694,17,17,9556,26.7720065,14.34420351,512002,0,512002,40793
cstone,d7fddfb4f8d8ada0eb1a65d1a450a66c8cbd794c,direct,octree_leafcount,flyby,10,565,565,0.8096320033,0.244223997,1.055199981,1.113773,1,0,6,41049,35918,17,17,9594,26.71084136,14.25474692,512002,0,512002,41049
cstone,d7fddfb4f8d8ada0eb1a65d1a450a66c8cbd794c,direct,octree_leafcount,flyby,10,566,566,0.7299839854,0.223360002,0.9546880126,1.015397,1,0,5,40593,35519,17,17,9421,26.52383232,14.41487654,512002,0,512002,40593
cstone,d7fddfb4f8d8ada0eb1a65d1a450a66c8cbd794c,direct,octree_leafcount,flyby,10,567,567,0.7400000095,0.2436479926,0.9849600196,1.044113,1,0,5,40889,35778,17,17,9515,26.59455531,14.31052602,512002,0,512002,40889
cstone,d7fddfb4f8d8ada0eb1a65d1a450a66c8cbd794c,direct,octree_leafcount,flyby,10,568,568,0.8002240062,0.2139520049,1.015488029,1.071624,1,0,6,40825,35722,17,17,9539,26.70343206,14.33296008,512002,0,512002,40825
cstone,d7fddfb4f8d8ada0eb1a65d1a450a66c8cbd794c,direct,octree_leafcount,flyby,10,569,569,0.6481919885,0.208416,0.8579519987,0.91483,1,0,4,40633,35554,17,17,9401,26.44146931,14.40068628,512002,0,512002,40633
cstone,d7fddfb4f8d8ada0eb1a65d1a450a66c8cbd794c,direct,octree_leafcount,flyby,10,570,570,0.7360960245,0.231904,0.9693120122,1.025805,1,0,5,40889,35778,17,17,9612,26.86567164,14.31052602,512002,0,512002,40889
cstone,d7fddfb4f8d8ada0eb1a65d1a450a66c8cbd794c,direct,octree_leafcount,flyby,10,571,571,0.8046720028,0.237056002,1.043071985,1.099166,1,0,6,41105,35967,17,17,9613,26.72727778,14.23532683,512002,0,512002,41105
cstone,d7fddfb4f8d8ada0eb1a65d1a450a66c8cbd794c,direct,octree_leafcount,flyby,10,572,572,0.7371839881,0.2461760044,0.9847040176,1.042036,1,0,5,41121,35981,17,17,9502,26.4083822,14.22978794,512002,0,512002,41121
cstone,d7fddfb4f8d8ada0eb1a65d1a450a66c8cbd794c,direct,octree_leafcount,flyby,10,573,573,0.6484479904,0.2083519995,0.8581119776,0.913625,1,0,4,41025,35897,17,17,9455,26.33924841,14.26308605,512002,0,512002,41025
cstone,d7fddfb4f8d8ada0eb1a65d1a450a66c8cbd794c,direct,octree_leafcount,flyby,10,574,574,0.7990080118,0.2349759936,1.035295963,1.089826,1,0,6,41041,35911,17,17,9391,26.15076161,14.25752555,512002,0,512002,41041
cstone,d7fddfb4f8d8ada0eb1a65d1a450a66c8cbd794c,direct,octree_leafcount,flyby,10,575,575,0.7487040162,0.2532159984,1.00326395,1.062251,1,0,5,41257,36100,17,17,9682,26.8199446,14.18288089,512002,0,512002,41257
cstone,d7fddfb4f8d8ada0eb1a65d1a450a66c8cbd794c,direct,octree_leafcount,flyby,10,576,576,0.639424026,0.1985920072,0.8393599987,0.89499,1,0,4,41025,35897,17,17,9494,26.44789258,14.26308605,512002,0,512002,41025
cstone,d7fddfb4f8d8ada0eb1a65d1a450a66c8cbd794c,direct,octree_leafcount,flyby,10,577,577,0.8062719703,0.2313600034,1.038975954,1.094832,1,0,6,41233,36079,17,17,9500,26.33110674,14.19113612,512002,0,512002,41233
cstone,d7fddfb4f8d8ada0eb1a65d1a450a66c8cbd794c,direct,octree_leafcount,flyby,10,578,578,0.7362239957,0.2190719992,0.9566400051,1.016135,1,0,5,41129,35988,17,17,9552,26.54218073,14.22702012,512002,0,512002,41129
cstone,d7fddfb4f8d8ada0eb1a65d1a450a66c8cbd794c,direct,octree_leafcount,flyby,10,579,579,0.6430079937,0.2057919949,0.850112021,0.90529,1,0,4,40617,35540,17,17,9393,26.42937535,14.40635903,512002,0,512002,40617
cstone,d7fddfb4f8d8ada0eb1a65d1a450a66c8cbd794c,direct,octree_leafcount,flyby,10,580,580,0.794080019,0.2231999934,1.018623948,1.072788,1,0,6,40777,35680,17,17,9573,26.83015695,14.34983184,512002,0,512002,40777
cstone,d7fddfb4f8d8ada0eb1a65d1a450a66c8cbd794c,direct,octree_leafcount,flyby,10,581,581,0.7250880003,0.2022079974,0.9286720157,0.984354,1,0,5,40761,35666,17,17,9524,26.70330287,14.35546459,512002,0,512002,40761
cstone,d7fddfb4f8d8ada0eb1a65d1a450a66c8cbd794c,direct,octree_leafcount,flyby,10,582,582,0.7445120215,0.2631039917,1.010239959,1.072243,1,0,5,41153,36009,17,17,9563,26.55724958,14.2187231,512002,0,512002,41153
cstone,d7fddfb4f8d8ada0eb1a65d1a450a66c8cbd794c,direct,octree_leafcount,flyby,10,583,583,0.7267519832,0.2308800071,0.9589440227,1.020599,1,0,5,40905,35792,17,17,9553,26.69032186,14.30492848,512002,0,512002,40905
cstone,d7fddfb4f8d8ada0eb1a65d1a450a66c8cbd794c,direct,octree_leafcount,flyby,10,584,584,0.7436479926,0.2258879989,0.970879972,1.033339,1,0,5,40825,35722,17,17,9545,26.72022843,14.33296008,512002,0,512002,40825
cstone,d7fddfb4f8d8ada0eb1a65d1a450a66c8cbd794c,direct,octree_leafcount,flyby,10,585,585,0.7926080227,0.2331839949,1.027135968,1.084912,1,0,6,41001,35876,17,17,9672,26.95952726,14.27143494,512002,0,512002,41001
cstone,d7fddfb4f8d8ada0eb1a65d1a450a66c8cbd794c,direct,octree_leafcount,flyby,10,586,586,0.6618880033,0.220096007,0.8833280206,0.940823,1,0,4,40745,35652,17,17,9518,26.6969595,14.36110176,512002,0,512002,40745
cstone,d7fddfb4f8d8ada0eb1a65d1a450a66c8cbd794c,direct,octree_leafcount,flyby,10,587,587,0.7357439995,0.2269439995,0.9640319943,1.017344,1,0,5,41073,35939,17,17,9620,26.7675784,14.24641754,512002,0,512002,41073
cstone,d7fddfb4f8d8ada0eb1a65d1a450a66c8cbd794c,direct,octree_leafcount,flyby,10,588,588,0.8030400276,0.2240000069,1.02838397,1.084472,1,0,6,41201,36051,17,17,9633,26.72047932,14.20215805,512002,0,512002,41201
cstone,d7fddfb4f8d8ada0eb1a65d1a450a66c8cbd794c,direct,octree_leafcount,flyby,10,589,589,0.6406720281,0.1888960004,0.830911994,0.881524,1,0,4,41105,35967,17,17,9521,26.47148775,14.23532683,512002,0,512002,41105
cstone,d7fddfb4f8d8ada0eb1a65d1a450a66c8cbd794c,direct,octree_leafcount,flyby,10,590,590,0.7289280295,0.2032320052,0.9335039854,0.987464,1,0,5,40809,35708,17,17,9648,27.01915537,14.33857959,512002,0,512002,40809
cstone,d7fddfb4f8d8ada0eb1a65d1a450a66c8cbd794c,direct,octree_leafcount,flyby,10,591,591,0.8064960241,0.2422399968,1.050047994,1.106677,1,0,6,41001,35876,17,17,9552,26.62504181,14.27143494,512002,0,512002,41001
cstone,d7fddfb4f8d8ada0eb1a65d1a450a66c8cbd794c,direct,octree_leafcount,flyby,10,592,592,0.7382720113,0.2380480021,0.9776960015,1.034893,1,0,5,41145,36002,17,17,9666,26.84850842,14.2214877,512002,0,512002,41145
cstone,d7fddfb4f8d8ada0eb1a65d1a450a66c8cbd794c,direct,octree_leafcount,flyby,10,593,593,0.6599040031,0.2208639979,0.8821439743,0.940733,1,0,4,41041,35911,17,17,9634,26.82743449,14.25752555,512002,0,512002,41041
cstone,d7fddfb4f8d8ada0eb1a65d1a450a66c8cbd794c,direct,octree_leafcount,flyby,10,594,594,0.8013439775,0.2001599967,1.002879977,1.058105,1,0,6,40953,35834,17,17,9575,26.72043311,14.28816208,512002,0,512002,40953
cstone,d7fddfb4f8d8ada0eb1a65d1a450a66c8cbd794c,direct,octree_leafcount,flyby,10,595,595,0.7333760262,0.2079360038,0.9426559806,0.999695,1,0,5,40857,35750,17,17,9619,26.90629371,14.32173427,512002,0,512002,40857
cstone,d7fddfb4f8d8ada0eb1a65d1a450a66c8cbd794c,direct,octree_leafcount,flyby,10,596,596,0.650143981,0.2370239943,0.8884800076,0.94309,1,0,4,40913,35799,17,17,9438,26.36386491,14.30213134,512002,0,512002,40913
cstone,d7fddfb4f8d8ada0eb1a65d1a450a66c8cbd794c,direct,octree_leafcount,flyby,10,597,597,0.7969279885,0.2237119973,1.022047997,1.077394,1,0,6,41137,35995,17,17,9608,26.69259619,14.22425337,512002,0,512002,41137
cstone,d7fddfb4f8d8ada0eb1a65d1a450a66c8cbd794c,direct,octree_leafcount,flyby,10,598,598,0.7308480144,0.1940480024,0.926240027,0.977455,1,0,5,40817,35715,17,17,9495,26.58546829,14.33576928,512002,0,512002,40817
cstone,d7fddfb4f8d8ada0eb1a65d1a450a66c8cbd794c,direct,octree_leafcount,flyby,10,599,599,0.7120320201,0.2042559981,0.9176319838,0.973056,1,0,5,40753,35659,17,17,9323,26.14487226,14.35828262,512002,0,512002,40753
cstone,d7fddfb4f8d8ada0eb1a65d1a450a66c8cbd794c,direct,octree_leafcount,flyby,10,600,600,0.8063679934,0.2293120027,1.036991954,1.097263,1,0,6,40713,35624,17,17,9488,26.63373007,14.3723894,512002,0,512002,40713
cstone,d7fddfb4f8d8ada0eb1a65d1a450a66c8cbd794c,direct,octree_leafcount,flyby,10,601,601,0.7363200188,0.2216639966,0.9593600035,1.017252,1,0,5,40697,35610,17,17,9398,26.39146307,14.37803988,512002,0,512002,40697
cstone,d7fddfb4f8d8ada0eb1a65d1a450a66c8cbd794c,direct,octree_leafcount,flyby,10,602,602,0.8019199967,0.2386240065,1.04185605,1.098394,1,0,6,40849,35743,17,17,9420,26.35481073,14.32453907,512002,0,512002,40849
cstone,d7fddfb4f8d8ada0eb1a65d1a450a66c8cbd794c,direct,octree_leafcount,flyby,10,603,603,0.7241920233,0.2385279983,0.9640319943,1.020946,1,0,5,41089,35953,17,17,9619,26.75437377,14.24087002,512002,0,512002,41089
cstone,d7fddfb4f8d8ada0eb1a65d1a450a66c8cbd794c,direct,octree_leafcount,flyby,10,604,604,0.7381759882,0.2188159972,0.9583680034,1.019163,1,0,5,41057,35925,17,17,9518,26.4940849,14.25196938,512002,0,512002,41057
cstone,d7fddfb4f8d8ada0eb1a65d1a450a66c8cbd794c,direct,octree_leafcount,flyby,10,605,605,0.8052480221,0.245728001,1.052320004,1.11108,1,0,6,41257,36100,17,17,9680,26.81440443,14.18288089,512002,0,512002,41257
cstone,d7fddfb4f8d8ada0eb1a65d1a450a66c8cbd794c,direct,octree_leafcount,flyby,10,606,606,0.7229440212,0.2445439994,0.9688000083,1.026949,1,0,5,41337,36170,17,17,9558,26.42521427,14.15543268,512002,0,512002,41337
cstone,d7fddfb4f8d8ada0eb1a65d1a450a66c8cbd794c,direct,octree_leafcount,flyby,10,607,607,0.7354239821,0.2344319969,0.9711679816,1.028443,1,0,5,41393,36219,17,17,9578,26.44468373,14.13628206,512002,0,512002,41393
cstone,d7fddfb4f8d8ada0eb1a65d1a450a66c8cbd794c,direct,octree_leafcount,flyby,10,608,608,0.7845439911,0.199744001,0.9855999947,1.039845,1,0,6,41329,36163,17,17,9629,26.62666261,14.15817272,512002,0,512002,41329
cstone,d7fddfb4f8d8ada0eb1a65d1a450a66c8cbd794c,direct,octree_leafcount,flyby,10,609,609,0.6674559712,0.2469760031,0.9169920087,0.981694,1,0,4,40921,35806,17,17,9388,26.21906943,14.29933531,512002,0,512002,40921
cstone,d7fddfb4f8d8ada0eb1a65d1a450a66c8cbd794c,direct,octree_leafcount,flyby,10,610,610,0.7399359941,0.2453120053,0.9865919948,1.045072,1,0,5,41201,36051,17,17,9672,26.8286594,14.20215805,512002,0,512002,41201
cstone,d7fddfb4f8d8ada0eb1a65d1a450a66c8cbd794c,direct,octree_leafcount,flyby,10,611,611,0.816832006,0.2416000068,1.059744,1.119241,1,0,6,41265,36107,17,17,9636,26.68734594,14.18013128,512002,0,512002,41265
cstone,d7fddfb4f8d8ada0eb1a65d1a450a66c8cbd794c,direct,octree_leafcount,flyby,10,612,612,0.6648960114,0.2032320052,0.8694720268,0.925048,1,0,4,41225,36072,17,17,9476,26.26968286,14.19389,512002,0,512002,41225
cstone,d7fddfb4f8d8ada0eb1a65d1a450a66c8cbd794c,direct,octree_leafcount,flyby,10,613,613,0.7347519994,0.1970880032,0.9331840277,0.986811,1,0,5,41169,36023,17,17,9616,26.69405657,14.21319712,512002,0,512002,41169
cstone,d7fddfb4f8d8ada0eb1a65d1a450a66c8cbd794c,direct,octree_leafcount,flyby,10,614,614,0.7765120268,0.1970880032,0.9749439955,1.031601,1,0,6,40985,35862,17,17,9534,26.58524343,14.2770063,512002,0,512002,40985
cstone,d7fddfb4f8d8ada0eb1a65d1a450a66c8cbd794c,direct,octree_leafcount,flyby,10,615,615,0.7302079797,0.218592003,0.9501119852,1.003997,1,0,5,41137,35995,17,17,9672,26.87039867,14.22425337,512002,0,512002,41137
cstone,d7fddfb4f8d8ada0eb1a65d1a450a66c8cbd794c,direct,octree_leafcount,flyby,10,616,616,0.6576319933,0.2147520036,0.8737279773,0.926085,1,0,4,41249,36093,17,17,9633,26.68938575,14.18563156,512002,0,512002,41249
cstone,d7fddfb4f8d8ada0eb1a65d1a450a66c8cbd794c,direct,octree_leafcount,flyby,10,617,617,0.8014720082,0.2303359956,1.033151984,1.088316,1,0,6,41361,36191,17,17,9604,26.53698433,14.14721892,512002,0,512002,41361
cstone,d7fddfb4f8d8ada0eb1a65d1a450a66c8cbd794c,direct,octree_leafcount,flyby,10,618,618,0.753023982,0.2221439928,0.9765120149,1.035599,1,0,5,41225,36072,17,17,9642,26.72987359,14.19389,512002,0,512002,41225
cstone,d7fddfb4f8d8ada0eb1a65d1a450a66c8cbd794c,direct,octree_leafcount,flyby,10,619,619,0.7433279753,0.2190719992,0.963711977,1.025469,1,0,5,40969,35848,17,17,9566,26.68489177,14.28258201,512002,0,512002,40969
cstone,d7fddfb4f8d8ada0eb1a65d1a450a66c8cbd794c,direct,octree_leafcount,flyby,10,620,620,0.8019199967,0.2431679964,1.046432018,1.102642,1,0,6,41001,35876,17,17,9591,26.73374958,14.27143494,512002,0,512002,41001
cstone,d7fddfb4f8d8ada0eb1a65d1a450a66c8cbd794c,direct,octree_leafcount,flyby,10,621,621,0.7286720276,0.2227199972,0.9527040124,1.006028,1,0,5,41137,35995,17,17,9556,26.54813168,14.22425337,512002,0,512002,41137
cstone,d7fddfb4f8d8ada0eb1a65d1a450a66c8cbd794c,direct,octree_leafcount,flyby,10,622,622,0.6475840211,0.2098560035,0.8587840199,0.914249,1,0,4,40985,35862,17,17,9458,26.37331995,14.2770063,512002,0,512002,40985
cstone,d7fddfb4f8d8ada0eb1a65d1a450a66c8cbd794c,direct,octree_leafcount,flyby,10,623,623,0.8117439747,0.2355200052,1.048607945,1.105102,1,0,6,41153,36009,17,17,9636,26.75997667,14.2187231,512002,0,512002,41153
cstone,d7fddfb4f8d8ada0eb1a65d1a450a66c8cbd794c,direct,octree_leafcount,flyby,10,624,624,0.7351040244,0.2073599994,0.9438080192,0.998395,1,0,5,40689,35603,17,17,9403,26.41069573,14.38086678,512002,0,512002,40689
cstone,d7fddfb4f8d8ada0eb1a65d1a450a66c8cbd794c,direct,octree_leafcount,flyby,10,625,625,0.8107200265,0.2349759936,1.047168016,1.103075,1,0,6,41009,35883,17,17,9428,26.2742803,14.26865089,512002,0,512002,41009
cstone,d7fddfb4f8d8ada0eb1a65d1a450a66c8cbd794c,direct,octree_leafcount,flyby,10,626,626,0.7488319874,0.2426239997,0.9927999973,1.052618,1,0,5,41057,35925,17,17,9476,26.37717467,14.25196938,512002,0,512002,41057
cstone,d7fddfb4f8d8ada0eb1a65d1a450a66c8cbd794c,direct,octree_leafcount,flyby,10,627,627,0.7334719896,0.2042559981,0.9390400052,0.996596,1,0,5,40737,35645,17,17,9331,26.17758451,14.36392201,512002,0,512002,40737
cstone,d7fddfb4f8d8ada0eb1a65d1a450a66c8cbd794c,direct,octree_leafcount,flyby,10,628,628,0.7780159712,0.2385279983,1.017856002,1.075326,1,0,6,40873,35764,17,17,9514,26.60216978,14.31612795,512002,0,512002,40873
cstone,d7fddfb4f8d8ada0eb1a65d1a450a66c8cbd794c,direct,octree_leafcount,flyby,10,629,629,0.6596800089,0.2170239985,0.8780480027,0.934527,1,0,4,40841,35736,17,17,9394,26.28721737,14.32734497,512002,0,512002,40841
cstone,d7fddfb4f8d8ada0eb1a65d1a450a66c8cbd794c,direct,octree_leafcount,flyby,10,630,630,0.7399680018,0.2349759936,0.9763200283,1.031059,1,0,5,41129,35988,17,17,9482,26.34767145,14.22702012,512002,0,512002,41129
cstone,d7fddfb4f8d8ada0eb1a65d1a450a66c8cbd794c,direct,octree_leafcount,flyby,10,631,631,0.7853440046,0.2406080067,1.027328014,1.08319,1,0,6,41177,36030,17,17,9589,26.61393283,14.21043575,512002,0,512002,41177
cstone,d7fddfb4f8d8ada0eb1a65d1a450a66c8cbd794c,direct,octree_leafcount,flyby,10,632,632,0.6526079774,0.218592003,0.8728640079,0.929115,1,0,4,41001,35876,17,17,9297,25.91426023,14.27143494,512002,0,512002,41001
cstone,d7fddfb4f8d8ada0eb1a65d1a450a66c8cbd794c,direct,octree_leafcount,flyby,10,633,633,0.7372480035,0.2108799964,0.9494720101,1.008303,1,0,5,40897,35785,17,17,9576,26.75981557,14.3077267,512002,0,512002,40897
cstone,d7fddfb4f8d8ada0eb1a65d1a450a66c8cbd794c,direct,octree_leafcount,flyby,10,634,634,0.8080959916,0.238560006,1.047999978,1.10511,1,0,6,41009,35883,17,17,9404,26.20739626,14.26865089,512002,0,512002,41009
cstone,d7fddfb4f8d8ada0eb1a65d1a450a66c8cbd794c,direct,octree_leafcount,flyby,10,635,635,0.6642240286,0.2351039946,0.9006720185,0.954664,1,0,4,41345,36177,17,17,9480,26.20449457,14.1526937,512002,0,512002,41345
cstone,d7fddfb4f8d8ada0eb1a65d1a450a66c8cbd794c,direct,octree_leafcount,flyby,10,636,636,0.7555840015,0.2109120041,0.9678400159,1.022375,1,0,5,40721,35631,17,17,9437,26.48536387,14.36956583,512002,0,512002,40721
cstone,d7fddfb4f8d8ada0eb1a65d1a450a66c8cbd794c,direct,octree_leafcount,flyby,10,637,637,0.804895997,0.2280319929,1.034271955,1.087182,1,0,6,40801,35701,17,17,9367,26.2373603,14.341391,512002,0,512002,40801
cstone,d7fddfb4f8d8ada0eb1a65d1a450a66c8cbd794c,direct,octree_leafcount,flyby,10,638,638,0.7408959866,0.2380480021,0.9802880287,1.036247,1,0,5,40913,35799,17,17,9439,26.36665829,14.30213134,512002,0,512002,40913
cstone,d7fddfb4f8d8ada0eb1a65d1a450a66c8cbd794c,direct,octree_leafcount,flyby,10,639,639,0.6394559741,0.2047359943,0.8455359936,0.900712,1,0,4,40721,35631,17,17,9299,26.09806068,14.36956583,512002,0,512002,40721
cstone,d7fddfb4f8d8ada0eb1a65d1a450a66c8cbd794c,direct,octree_leafcount,flyby,10,640,640,0.8088960052,0.2043839991,1.014592052,1.076218,1,0,6,40633,35554,17,17,9255,26.03082635,14.40068628,512002,0,512002,40633
cstone,d7fddfb4f8d8ada0eb1a65d1a450a66c8cbd794c,direct,octree_leafcount,flyby,10,641,641,0.7367680073,0.2329279929,0.9710400105,1.026318,1,0,5,40801,35701,17,17,9485,26.56788325,14.341391,512002,0,512002,40801
cstone,d7fddfb4f8d8ada0eb1a65d1a450a66c8cbd794c,direct,octree_leafcount,flyby,10,642,642,0.6499199867,0.2057600021,0.857024014,0.9124,1,0,4,40617,35540,17,17,9277,26.10298255,14.40635903,512002,0,512002,40617
cstone,d7fddfb4f8d8ada0eb1a65d1a450a66c8cbd794c,direct,octree_leafcount,flyby,10,643,643,0.8070399761,0.239071995,1.047456026,1.103811,1,0,6,40993,35869,17,17,9490,26.4573866,14.27422008,512002,0,512002,40993
cstone,d7fddfb4f8d8ada0eb1a65d1a450a66c8cbd794c,direct,octree_leafcount,flyby,10,644,644,0.7354239821,0.2001599967,0.9369279742,0.991275,1,0,5,40897,35785,17,17,9546,26.67598156,14.3077267,512002,0,512002,40897
cstone,d7fddfb4f8d8ada0eb1a65d1a450a66c8cbd794c,direct,octree_leafcount,flyby,10,645,645,0.7209280133,0.1991360039,0.9213759899,0.975242,1,0,5,40729,35638,17,17,9337,26.19956226,14.36674336,512002,0,512002,40729
cstone,d7fddfb4f8d8ada0eb1a65d1a450a66c8cbd794c,direct,octree_leafcount,flyby,10,646,646,0.8299840093,0.2615680099,1.092864037,1.153129,1,0,6,41105,35967,17,17,9661,26.86073345,14.23532683,512002,0,512002,41105
cstone,d7fddfb4f8d8ada0eb1a65d1a450a66c8cbd794c,direct,octree_leafcount,flyby,10,647,647,0.7460479736,0.2323839962,0.9797440171,1.04149,1,0,5,40881,35771,17,17,9458,26.44041262,14.31332644,512002,0,512002,40881
cstone,d7fddfb4f8d8ada0eb1a65d1a450a66c8cbd794c,direct,octree_leafcount,flyby,10,648,648,0.7466560006,0.2483839989,0.9963520169,1.055374,1,0,5,41129,35988,17,17,9460,26.28653996,14.22702012,512002,0,512002,41129
cstone,d7fddfb4f8d8ada0eb1a65d1a450a66c8cbd794c,direct,octree_leafcount,flyby,10,649,649,0.7213760018,0.2278079987,0.9505599737,1.004414,1,0,5,41217,36065,17,17,9535,26.43837516,14.19664495,512002,0,512002,41217
cstone,d7fddfb4f8d8ada0eb1a65d1a450a66c8cbd794c,direct,octree_leafcount,flyby,10,650,650,0.7310720086,0.1981119961,0.9305279851,0.983284,1,0,5,40913,35799,17,17,9562,26.7102433,14.30213134,512002,0,512002,40913
cstone,d7fddfb4f8d8ada0eb1a65d1a450a66c8cbd794c,direct,octree_leafcount,flyby,10,651,651,0.8098239899,0.239199996,1.050336003,1.10809,1,0,6,41145,36002,17,17,9595,26.65129715,14.2214877,512002,0,512002,41145
cstone,d7fddfb4f8d8ada0eb1a65d1a450a66c8cbd794c,direct,octree_leafcount,flyby,10,652,652,0.71104002,0.2216960043,0.9340800047,0.985912,1,0,5,41233,36079,17,17,9525,26.40039912,14.19113612,512002,0,512002,41233
cstone,d7fddfb4f8d8ada0eb1a65d1a450a66c8cbd794c,direct,octree_leafcount,flyby,10,653,653,0.7399039865,0.2298559994,0.9710720181,1.026945,1,0,5,41361,36191,17,17,9539,26.35738167,14.14721892,512002,0,512002,41361
cstone,d7fddfb4f8d8ada0eb1a65d1a450a66c8cbd794c,direct,octree_leafcount,flyby,10,654,654,0.8032320142,0.2011840045,1.005759954,1.061908,1,0,6,41033,35904,17,17,9560,26.62655971,14.26030526,512002,0,512002,41033
cstone,d7fddfb4f8d8ada0eb1a65d1a450a66c8cbd794c,direct,octree_leafcount,flyby,10,655,655,0.6592959762,0.2144960016,0.8751680255,0.931724,1,0,4,40849,35743,17,17,9439,26.40796799,14.32453907,512002,0,512002,40849
cstone,d7fddfb4f8d8ada0eb1a65d1a450a66c8cbd794c,direct,octree_leafcount,flyby,10,656,656,0.7535039783,0.2359360009,0.9908159971,1.04615,1,0,5,41153,36009,17,17,9579,26.60168291,14.2187231,512002,0,512002,41153
cstone,d7fddfb4f8d8ada0eb1a65d1a450a66c8cbd794c,direct,octree_leafcount,flyby,10,657,657,0.8130879998,0.2237119973,1.038143992,1.093028,1,0,6,41353,36184,17,17,9429,26.05847889,14.14995578,512002,0,512002,41353
cstone,d7fddfb4f8d8ada0eb1a65d1a450a66c8cbd794c,direct,octree_leafcount,flyby,10,658,658,0.6513280272,0.2073280066,0.860032022,0.918806,1,0,4,40937,35820,17,17,9251,25.82635399,14.29374651,512002,0,512002,40937
cstone,d7fddfb4f8d8ada0eb1a65d1a450a66c8cbd794c,direct,octree_leafcount,flyby,10,659,659,0.7343040109,0.2452159971,0.9808959961,1.040047,1,0,5,40953,35834,17,17,9435,26.3297427,14.28816208,512002,0,512002,40953
cstone,d7fddfb4f8d8ada0eb1a65d1a450a66c8cbd794c,direct,octree_leafcount,flyby,10,660,660,0.7931519747,0.2176000029,1.012096047,1.071722,1,0,6,40825,35722,17,17,9344,26.15754997,14.33296008,512002,0,512002,40825
cstone,d7fddfb4f8d8ada0eb1a65d1a450a66c8cbd794c,direct,octree_leafcount,flyby,10,661,661,0.7264000177,0.2421440035,0.9698879719,1.027994,1,0,5,40977,35855,17,17,9401,26.21949519,14.27979361,512002,0,512002,40977
cstone,d7fddfb4f8d8ada0eb1a65d1a450a66c8cbd794c,direct,octree_leafcount,flyby,10,662,662,0.651391983,0.2104000002,0.8631359935,0.923432,1,0,4,40609,35533,17,17,9406,26.47116765,14.40919708,512002,0,512002,40609
cstone,d7fddfb4f8d8ada0eb1a65d1a450a66c8cbd794c,direct,octree_leafcount,flyby,10,663,663,0.7997120023,0.2288639992,1.029919982,1.083389,1,0,6,40921,35806,17,17,9316,26.01798581,14.29933531,512002,0,512002,40921
cstone,d7fddfb4f8d8ada0eb1a65d1a450a66c8cbd794c,direct,octree_leafcount,flyby,10,664,664,0.7487999797,0.2375040054,0.9876160026,1.04837,1,0,5,40761,35666,17,17,9364,26.25469635,14.35546459,512002,0,512002,40761
cstone,d7fddfb4f8d8ada0eb1a65d1a450a66c8cbd794c,direct,octree_leafcount,flyby,10,665,665,0.6419519782,0.2364799976,0.879776001,0.938832,1,0,4,40777,35680,17,17,9240,25.89686099,14.34983184,512002,0,512002,40777
cstone,d7fddfb4f8d8ada0eb1a65d1a450a66c8cbd794c,direct,octree_leafcount,flyby,10,666,666,0.7990720272,0.2375040054,1.03788805,1.094217,1,0,6,41033,35904,17,17,9258,25.78542781,14.26030526,512002,0,512002,41033
cstone,d7fddfb4f8d8ada0eb1a65d1a450a66c8cbd794c,direct,octree_leafcount,flyby,10,667,667,0.7334719896,0.1971839964,0.9320319891,0.987714,1,0,5,40745,35652,17,17,9339,26.19488388,14.36110176,512002,0,512002,40745
cstone,d7fddfb4f8d8ada0eb1a65d1a450a66c8cbd794c,direct,octree_leafcount,flyby,10,668,668,0.662176013,0.2411520034,0.9046400189,0.959334,1,0,4,40849,35743,17,17,9384,26.25409171,14.32453907,512002,0,512002,40849
cstone,d7fddfb4f8d8ada0eb1a65d1a450a66c8cbd794c,direct,octree_leafcount,flyby,10,669,669,0.8069760203,0.2482240051,1.056576014,1.114557,1,0,6,41265,36107,17,17,9497,26.30237904,14.18013128,512002,0,512002,41265
cstone,d7fddfb4f8d8ada0eb1a65d1a450a66c8cbd794c,direct,octree_leafcount,flyby,10,670,670,0.7318080068,0.240575999,0.9737280011,1.03141,1,0,5,41281,36121,17,17,9483,26.25342598,14.17463525,512002,0,512002,41281
cstone,d7fddfb4f8d8ada0eb1a65d1a450a66c8cbd794c,direct,octree_leafcount,flyby,10,671,671,0.7222399712,0.2075839937,0.9312319756,0.986754,1,0,5,41033,35904,17,17,9335,25.99988859,14.26030526,512002,0,512002,41033
cstone,d7fddfb4f8d8ada0eb1a65d1a450a66c8cbd794c,direct,octree_leafcount,flyby,10,672,672,0.8039039969,0.227264002,1.03251195,1.092513,1,0,6,40929,35813,17,17,9384,26.20277553,14.29654036,512002,0,512002,40929
cstone,d7fddfb4f8d8ada0eb1a65d1a450a66c8cbd794c,direct,octree_leafcount,flyby,10,673,673,0.7343680263,0.2508159876,0.9865279794,1.045254,1,0,5,41009,35883,17,17,9442,26.31329599,14.26865089,512002,0,512002,41009
cstone,d7fddfb4f8d8ada0eb1a65d1a450a66c8cbd794c,direct,octree_leafcount,flyby,10,674,674,0.8034240007,0.2329279929,1.037696004,1.093487,1,0,6,41201,36051,17,17,9452,26.2184128,14.20215805,512002,0,512002,41201
cstone,d7fddfb4f8d8ada0eb1a65d1a450a66c8cbd794c,direct,octree_leafcount,flyby,10,675,675,0.7242559791,0.2002879977,0.9258880019,0.980717,1,0,5,41097,35960,17,17,9424,26.20689655,14.23809789,512002,0,512002,41097
cstone,d7fddfb4f8d8ada0eb1a65d1a450a66c8cbd794c,direct,octree_leafcount,flyby,10,676,676,0.7302719951,0.1991039962,0.9307199717,0.983672,1,0,5,40761,35666,17,17,9345,26.20142433,14.35546459,512002,0,512002,40761
cstone,d7fddfb4f8d8ada0eb1a65d1a450a66c8cbd794c,direct,octree_leafcount,flyby,10,677,677,0.7943999767,0.2446720004,1.040416002,1.097963,1,0,6,40873,35764,17,17,9493,26.54345152,14.31612795,512002,0,512002,40873
cstone,d7fddfb4f8d8ada0eb1a65d1a450a66c8cbd794c,direct,octree_leafcount,flyby,10,678,678,0.7206720114,0.2289920002,0.9509760141,1.012644,1,0,5,40793,35694,17,17,9334,26.15005323,14.34420351,512002,0,512002,40793
cstone,d7fddfb4f8d8ada0eb1a65d1a450a66c8cbd794c,direct,octree_leafcount,flyby,10,679,679,0.742560029,0.2513599992,0.9952639937,1.055537,1,0,5,40841,35736,17,17,9404,26.31520036,14.32734497,512002,0,512002,40841
cstone,d7fddfb4f8d8ada0eb1a65d1a450a66c8cbd794c,direct,octree_leafcount,flyby,10,680,680,0.7980160117,0.2216639966,1.021023989,1.080956,1,0,6,40833,35729,17,17,9543,26.70939573,14.33015198,512002,0,512002,40833
cstone,d7fddfb4f8d8ada0eb1a65d1a450a66c8cbd794c,direct,octree_leafcount,flyby,10,681,681,0.6683520079,0.2569600046,0.9266240001,0.986605,1,0,4,40953,35834,17,17,9381,26.17904783,14.28816208,512002,0,512002,40953
cstone,d7fddfb4f8d8ada0eb1a65d1a450a66c8cbd794c,direct,octree_leafcount,flyby,10,682,682,0.7437760234,0.247743994,0.992832005,1.053235,1,0,5,41065,35932,17,17,9569,26.63085829,14.24919292,512002,0,512002,41065
cstone,d7fddfb4f8d8ada0eb1a65d1a450a66c8cbd794c,direct,octree_leafcount,flyby,10,683,683,0.7858560085,0.2267840058,1.013983965,1.068728,1,0,6,41289,36128,17,17,9507,26.31476971,14.17188884,512002,0,512002,41289
cstone,d7fddfb4f8d8ada0eb1a65d1a450a66c8cbd794c,direct,octree_leafcount,flyby,10,684,684,0.6470400095,0.2098560035,0.8582400084,0.917469,1,0,4,40793,35694,17,17,9322,26.11643413,14.34420351,512002,0,512002,40793
cstone,d7fddfb4f8d8ada0eb1a65d1a450a66c8cbd794c,direct,octree_leafcount,flyby,10,685,685,0.7334719896,0.2375040054,0.9724479914,1.028379,1,0,5,41033,35904,17,17,9503,26.46780303,14.26030526,512002,0,512002,41033
cstone,d7fddfb4f8d8ada0eb1a65d1a450a66c8cbd794c,direct,octree_leafcount,flyby,10,686,686,0.8089600205,0.2450560033,1.05535996,1.114949,1,0,6,41265,36107,17,17,9403,26.04204171,14.18013128,512002,0,512002,41265
cstone,d7fddfb4f8d8ada0eb1a65d1a450a66c8cbd794c,direct,octree_leafcount,flyby,10,687,687,0.6623039842,0.2657920122,0.9294080138,0.988868,1,0,4,41313,36149,17,17,9361,25.89559877,14.16365598,512002,0,512002,41313
cstone,d7fddfb4f8d8ada0eb1a65d1a450a66c8cbd794c,direct,octree_leafcount,flyby,10,688,688,0.7179840207,0.2182720006,0.9375680089,0.995856,1,0,5,40921,35806,17,17,9375,26.18276267,14.29933531,512002,0,512002,40921
cstone,d7fddfb4f8d8ada0eb1a65d1a450a66c8cbd794c,direct,octree_leafcount,flyby,10,689,689,0.7897279859,0.2140479982,1.005120039,1.062069,1,0,6,40761,35666,17,17,9326,26.1481523,14.35546459,512002,0,512002,40761
cstone,d7fddfb4f8d8ada0eb1a65d1a450a66c8cbd794c,direct,octree_leafcount,flyby,10,690,690,0.7558400035,0.2462719977,1.003455997,1.062621,1,0,5,41177,36030,17,17,9478,26.30585623,14.21043575,512002,0,512002,41177
cstone,d7fddfb4f8d8ada0eb1a65d1a450a66c8cbd794c,direct,octree_leafcount,flyby,10,691,691,0.672352016,0.240575999,0.9142720103,0.977304,1,0,4,41081,35946,17,17,9394,26.13364491,14.24364324,512002,0,512002,41081
cstone,d7fddfb4f8d8ada0eb1a65d1a450a66c8cbd794c,direct,octree_leafcount,flyby,10,692,692,0.795871973,0.2429759949,1.040159941,1.098168,1,0,6,41217,36065,17,17,9286,25.74795508,14.19664495,512002,0,512002,41217
cstone,d7fddfb4f8d8ada0eb1a65d1a450a66c8cbd794c,direct,octree_leafcount,flyby,10,693,693,0.7401919961,0.2052800059,0.9468160272,1.003432,1,0,5,41137,35995,17,17,9489,26.36199472,14.22425337,512002,0,512002,41137
cstone,d7fddfb4f8d8ada0eb1a65d1a450a66c8cbd794c,direct,octree_leafcount,flyby,10,694,694,0.6556800008,0.2033600062,0.8603519797,0.91847,1,0,4,41001,35876,17,17,9297,25.91426023,14.27143494,512002,0,512002,41001
cstone,d7fddfb4f8d8ada0eb1a65d1a450a66c8cbd794c,direct,octree_leafcount,flyby,10,695,695,0.8147839904,0.247871995,1.063967943,1.124014,1,0,6,41281,36121,17,17,9410,26.05132748,14.17463525,512002,0,512002,41281
cstone,d7fddfb4f8d8ada0eb1a65d1a450a66c8cbd794c,direct,octree_leafcount,flyby,10,696,696,0.7386239767,0.223744005,0.963711977,1.021518,1,0,5,40897,35785,17,17,9299,25.98574822,14.3077267,512002,0,512002,40897
cstone,d7fddfb4f8d8ada0eb1a65d1a450a66c8cbd794c,direct,octree_leafcount,flyby,10,697,697,0.7346559763,0.2215999961,0.9575679898,1.016912,1,0,5,40745,35652,17,17,9109,25.54975878,14.36110176,512002,0,512002,40745
cstone,d7fddfb4f8d8ada0eb1a65d1a450a66c8cbd794c,direct,octree_leafcount,flyby,10,698,698,0.814719975,0.2465920001,1.062687993,1.121757,1,0,6,41001,35876,17,17,9342,26.03969227,14.27143494,512002,0,512002,41001
cstone,d7fddfb4f8d8ada0eb1a65d1a450a66c8cbd794c,direct,octree_leafcount,flyby,10,699,699,0.733792007,0.2293120027,0.9644160271,1.018895,1,0,5,41185,36037,17,17,9384,26.03990343,14.20767544,512002,0,512002,41185
cstone,d7fddfb4f8d8ada0eb1a65d1a450a66c8cbd794c,direct,octree_leafcount,flyby,10,700,700,0.729376018,0.2026879936,0.9333760142,0.988755,1,0,5,40617,35540,17,17,9133,25.69780529,14.40635903,512002,0,512002,40617
cstone,d7fddfb4f8d8ada0eb1a65d1a450a66c8cbd794c,direct,octree_leafcount,flyby,10,701,701,0.8115519881,0.2426239997,1.05548799,1.115125,1,0,6,40705,35617,17,17,9389,26.36100738,14.37521408,512002,0,512002,40705
cstone,d7fddfb4f8d8ada0eb1a65d1a450a66c8cbd794c,direct,octree_leafcount,flyby,10,702,702,0.7440959811,0.2354560047,0.9808959961,1.036837,1,0,5,41001,35876,17,17,9325,25.99230683,14.27143494,512002,0,512002,41001
cstone,d7fddfb4f8d8ada0eb1a65d1a450a66c8cbd794c,direct,octree_leafcount,flyby,10,703,703,0.8187519908,0.2288639992,1.04895997,1.103987,1,0,6,41089,35953,17,17,9264,25.76697355,14.24087002,512002,0,512002,41089
cstone,d7fddfb4f8d8ada0eb1a65d1a450a66c8cbd794c,direct,octree_leafcount,flyby,10,704,704,0.7245439887,0.2364799976,0.9623680115,1.018362,1,0,5,41113,35974,17,17,9320,25.90759993,14.23255685,512002,0,512002,41113
cstone,d7fddfb4f8d8ada0eb1a65d1a450a66c8cbd794c,direct,octree_leafcount,flyby,10,705,705,0.7474240065,0.2221439928,0.9709119797,1.031478,1,0,5,40721,35631,17,17,9233,25.91282872,14.36956583,512002,0,512002,40721
cstone,d7fddfb4f8d8ada0eb1a65d1a450a66c8cbd794c,direct,octree_leafcount,flyby,10,706,706,0.7915520072,0.2359679937,1.028864026,1.087306,1,0,6,40929,35813,17,17,9354,26.11900706,14.29654036,512002,0,512002,40929
cstone,d7fddfb4f8d8ada0eb1a65d1a450a66c8cbd794c,direct,octree_leafcount,flyby,10,707,707,0.6523200274,0.2360000014,0.8896319866,0.946153,1,0,4,41089,35953,17,17,9209,25.61399605,14.24087002,512002,0,512002,41089
cstone,d7fddfb4f8d8ada0eb1a65d1a450a66c8cbd794c,direct,octree_leafcount,flyby,10,708,708,0.7419840097,0.2098879963,0.9531840086,1.00826,1,0,5,40593,35519,17,17,9088,25.58630592,14.41487654,512002,0,512002,40593
cstone,d7fddfb4f8d8ada0eb1a65d1a450a66c8cbd794c,direct,octree_leafcount,flyby,10,709,709,0.7914239764,0.259552002,1.052288055,1.115826,1,0,6,40785,35687,17,17,9283,26.01227338,14.34701712,512002,0,512002,40785
cstone,d7fddfb4f8d8ada0eb1a65d1a450a66c8cbd794c,direct,octree_leafcount,flyby,10,710,710,0.6485440135,0.2196159959,0.8694720268,0.931214,1,0,4,40609,35533,17,17,9149,25.74789632,14.40919708,512002,0,512002,40609
cstone,d7fddfb4f8d8ada0eb1a65d1a450a66c8cbd794c,direct,octree_leafcount,flyby,10,711,711,0.7353280187,0.2431679964,0.9798399806,1.040736,1,0,5,40769,35673,17,17,9254,25.94118801,14.35264766,512002,0,512002,40769
cstone,d7fddfb4f8d8ada0eb1a65d1a450a66c8cbd794c,direct,octree_leafcount,flyby,10,712,712,0.7997120023,0.2441920042,1.045248032,1.104374,1,0,6,40881,35771,17,17,9183,25.67163345,14.31332644,512002,0,512002,40881
cstone,d7fddfb4f8d8ada0eb1a65d1a450a66c8cbd794c,direct,octree_leafcount,flyby,10,713,713,0.7118080258,0.2001920044,0.9133440256,0.967681,1,0,5,40345,35302,17,17,8955,25.36683474,14.50348422,512002,0,512002,40345
cstone,d7fddfb4f8d8ada0eb1a65d1a450a66c8cbd794c,direct,octree_leafcount,flyby,10,714,714,0.7372480035,0.2340160012,0.9726079702,1.028214,1,0,5,40393,35344,17,17,9154,25.89972838,14.48624943,512002,0,512002,40393
cstone,d7fddfb4f8d8ada0eb1a65d1a450a66c8cbd794c,direct,octree_leafcount,flyby,10,715,715,0.8103039861,0.2446720004,1.056319952,1.115462,1,0,6,40513,35449,17,17,9070,25.5860532,14.44334114,512002,0,512002,40513
cstone,d7fddfb4f8d8ada0eb1a65d1a450a66c8cbd794c,direct,octree_leafcount,flyby,10,716,716,0.6486080289,0.2303359956,0.8802880049,0.935713,1,0,4,40857,35750,17,17,9057,25.33426573,14.32173427,512002,0,512002,40857
cstone,d7fddfb4f8d8ada0eb1a65d1a450a66c8cbd794c,direct,octree_leafcount,flyby,10,717,717,0.7243520021,0.193471998,0.9191679955,0.970987,1,0,5,40665,35582,17,17,9210,25.88387387,14.38935417,512002,0,512002,40665
cstone,d7fddfb4f8d8ada0eb1a65d1a450a66c8cbd794c,direct,octree_leafcount,flyby,10,718,718,0.8054720163,0.2436479926,1.050464034,1.107435,1,0,6,40841,35736,17,17,9168,25.65480188,14.32734497,512002,0,512002,40841
cstone,d7fddfb4f8d8ada0eb1a65d1a450a66c8cbd794c,direct,octree_leafcount,flyby,10,719,719,0.8341760039,0.2600960135,1.095615983,1.155855,1,0,6,40905,35792,17,17,9175,25.63421994,14.30492848,512002,0,512002,40905
cstone,d7fddfb4f8d8ada0eb1a65d1a450a66c8cbd794c,direct,octree_leafcount,flyby,10,720,720,0.7187839746,0.2241919935,0.9442880154,1.002906,1,0,5,40601,35526,17,17,9157,25.77548837,14.41203626,512002,0,512002,40601
cstone,d7fddfb4f8d8ada0eb1a65d1a450a66c8cbd794c,direct,octree_leafcount,flyby,10,721,721,0.8003519773,0.2360000014,1.037696004,1.093685,1,0,6,40745,35652,17,17,9032,25.33378212,14.36110176,512002,0,512002,40745
cstone,d7fddfb4f8d8ada0eb1a65d1a450a66c8cbd794c,direct,octree_leafcount,flyby,10,722,722,0.7372159958,0.2267840058,0.9653120041,1.019724,1,0,5,40945,35827,17,17,9293,25.93853797,14.29095375,512002,0,512002,40945
cstone,d7fddfb4f8d8ada0eb1a65d1a450a66c8cbd794c,direct,octree_leafcount,flyby,10,723,723,0.6613439918,0.227264002,0.889952004,0.949737,1,0,4,40881,35771,17,17,9093,25.42003299,14.31332644,512002,0,512002,40881
cstone,d7fddfb4f8d8ada0eb1a65d1a450a66c8cbd794c,direct,octree_leafcount,flyby,10,724,724,0.822495997,0.2180480063,1.041887999,1.101349,1,0,6,40785,35687,17,17,9071,25.41821952,14.34701712,512002,0,512002,40785
cstone,d7fddfb4f8d8ada0eb1a65d1a450a66c8cbd794c,direct,octree_leafcount,flyby,10,725,725,0.7432320118,0.2247360051,0.9693120122,1.023857,1,0,5,40873,35764,17,17,9196,25.71300749,14.31612795,512002,0,512002,40873
cstone,d7fddfb4f8d8ada0eb1a65d1a450a66c8cbd794c,direct,octree_leafcount,flyby,10,726,726,0.6559680104,0.1991360039,0.8564479947,0.909962,1,0,4,40625,35547,17,17,9063,25.49582243,14.4035221,512002,0,512002,40625
cstone,d7fddfb4f8d8ada0eb1a65d1a450a66c8cbd794c,direct,octree_leafcount,flyby,10,727,727,0.8184639812,0.2134719938,1.033280015,1.08331,1,0,6,41017,35890,17,17,9206,25.65059905,14.26586793,512002,0,512002,41017
cstone,d7fddfb4f8d8ada0eb1a65d1a450a66c8cbd794c,direct,octree_leafcount,flyby,10,728,728,0.7439039946,0.2118719965,0.9571200013,1.010771,1,0,5,40961,35841,17,17,9235,25.76658017,14.2853715,512002,0,512002,40961
cstone,d7fddfb4f8d8ada0eb1a65d1a450a66c8cbd794c,direct,octree_leafcount,flyby,10,729,729,0.6409279704,0.1991360039,0.8413760066,0.894976,1,0,4,40601,35526,17,17,9057,25.49400439,14.41203626,512002,0,512002,40601
cstone,d7fddfb4f8d8ada0eb1a65d1a450a66c8cbd794c,direct,octree_leafcount,flyby,10,730,730,0.8037440181,0.2175679952,1.022655964,1.075357,1,0,6,40785,35687,17,17,9261,25.95062628,14.34701712,512002,0,512002,40785
cstone,d7fddfb4f8d8ada0eb1a65d1a450a66c8cbd794c,direct,octree_leafcount,flyby,10,731,731,0.7394880056,0.1987520009,0.9395840168,0.992469,1,0,5,40737,35645,17,17,9147,25.66138308,14.36392201,512002,0,512002,40737
cstone,d7fddfb4f8d8ada0eb1a65d1a450a66c8cbd794c,direct,octree_leafcount,flyby,10,732,732,0.7338879704,0.2323839962,0.9676160216,1.020381,1,0,5,40825,35722,17,17,9111,25.50529086,14.33296008,512002,0,512002,40825
cstone,d7fddfb4f8d8ada0eb1a65d1a450a66c8cbd794c,direct,octree_leafcount,flyby,10,733,733,0.8085759878,0.2364799976,1.046399951,1.102603,1,0,6,40849,35743,17,17,9262,25.91276614,14.32453907,512002,0,512002,40849
cstone,d7fddfb4f8d8ada0eb1a65d1a450a66c8cbd794c,direct,octree_leafcount,flyby,10,734,734,0.7349439859,0.2151360065,0.951391995,1.008837,1,0,5,40809,35708,17,17,9248,25.89895822,14.33857959,512002,0,512002,40809
cstone,d7fddfb4f8d8ada0eb1a65d1a450a66c8cbd794c,direct,octree_leafcount,flyby,10,735,735,0.81081599,0.2503679991,1.062528014,1.121598,1,0,6,40993,35869,17,17,9271,25.84683153,14.27422008,512002,0,512002,40993
cstone,d7fddfb4f8d8ada0eb1a65d1a450a66c8cbd794c,direct,octree_leafcount,flyby,10,736,736,0.7268800139,0.2247360051,0.9529280066,1.011897,1,0,5,40665,35582,17,17,9155,25.72930133,14.38935417,512002,0,512002,40665
cstone,d7fddfb4f8d8ada0eb1a65d1a450a66c8cbd794c,direct,octree_leafcount,flyby,10,737,737,0.7491840124,0.2170239985,0.9675840139,1.024927,1,0,5,40625,35547,17,17,9167,25.78839283,14.4035221,512002,0,512002,40625
cstone,d7fddfb4f8d8ada0eb1a65d1a450a66c8cbd794c,direct,octree_leafcount,flyby,10,738,738,0.8144959807,0.2416000068,1.057504058,1.11622,1,0,6,41097,35960,17,17,9303,25.87041157,14.23809789,512002,0,512002,41097
cstone,d7fddfb4f8d8ada0eb1a65d1a450a66c8cbd794c,direct,octree_leafcount,flyby,10,739,739,0.6514559984,0.1960639954,0.8488640189,0.902586,1,0,4,40881,35771,17,17,9090,25.41164631,14.31332644,512002,0,512002,40881
cstone,d7fddfb4f8d8ada0eb1a65d1a450a66c8cbd794c,direct,octree_leafcount,flyby,10,740,740,0.7507519722,0.2014079988,0.9535040259,1.010889,1,0,5,40857,35750,17,17,9140,25.56643357,14.32173427,512002,0,512002,40857
cstone,d7fddfb4f8d8ada0eb1a65d1a450a66c8cbd794c,direct,octree_leafcount,flyby,10,741,741,0.8047680259,0.2408639938,1.047039986,1.105329,1,0,6,40937,35820,17,17,9306,25.9798995,14.29374651,512002,0,512002,40937
cstone,d7fddfb4f8d8ada0eb1a65d1a450a66c8cbd794c,direct,octree_leafcount,flyby,10,742,742,0.6482239962,0.2001599967,0.8497279882,0.904254,1,0,4,40817,35715,17,17,9105,25.49349013,14.33576928,512002,0,512002,40817
cstone,d7fddfb4f8d8ada0eb1a65d1a450a66c8cbd794c,direct,octree_leafcount,flyby,10,743,743,0.7519040108,0.2370239943,0.9903039932,1.048746,1,0,5,41145,36002,17,17,9311,25.86245209,14.2214877,512002,0,512002,41145
cstone,d7fddfb4f8d8ada0eb1a65d1a450a66c8cbd794c,direct,octree_leafcount,flyby,10,744,744,0.7963520288,0.2011840045,0.998848021,1.051814,1,0,6,41033,35904,17,17,9300,25.90240642,14.26030526,512002,0,512002,41033
cstone,d7fddfb4f8d8ada0eb1a65d1a450a66c8cbd794c,direct,octree_leafcount,flyby,10,745,745,0.6446080208,0.1970880032,0.8430399895,0.895685,1,0,4,40769,35673,17,17,9168,25.70010933,14.35264766,512002,0,512002,40769
cstone,d7fddfb4f8d8ada0eb1a65d1a450a66c8cbd794c,direct,octree_leafcount,flyby,10,746,746,0.741599977,0.2211199999,0.9640319943,1.015204,1,0,5,40833,35729,17,17,9345,26.15522405,14.33015198,512002,0,512002,40833
cstone,d7fddfb4f8d8ada0eb1a65d1a450a66c8cbd794c,direct,octree_leafcount,flyby,10,747,747,0.7881919742,0.2182080001,1.007712007,1.060921,1,0,6,40857,35750,17,17,9227,25.80979021,14.32173427,512002,0,512002,40857
cstone,d7fddfb4f8d8ada0eb1a65d1a450a66c8cbd794c,direct,octree_leafcount,flyby,10,748,748,0.6614080071,0.2139520049,0.8767039776,0.933915,1,0,4,40857,35750,17,17,9080,25.3986014,14.32173427,512002,0,512002,40857
cstone,d7fddfb4f8d8ada0eb1a65d1a450a66c8cbd794c,direct,octree_leafcount,flyby,10,749,749,0.7507200241,0.2053440064,0.9574400187,1.013407,1,0,5,40833,35729,17,17,9304,26.04047133,14.33015198,512002,0,512002,40833
cstone,d7fddfb4f8d8ada0eb1a65d1a450a66c8cbd794c,direct,octree_leafcount,flyby,10,750,750,0.8160960078,0.2093120068,1.026751995,1.083339,1,0,6,40665,35582,17,17,9192,25.83328649,14.38935417,512002,0,512002,40665
cstone,d7fddfb4f8d8ada0eb1a65d1a450a66c8cbd794c,direct,octree_leafcount,flyby,10,751,751,0.740447998,0.2421440035,0.9839360118,1.046658,1,0,5,41041,35911,17,17,9251,25.76090891,14.25752555,512002,0,512002,41041
cstone,d7fddfb4f8d8ada0eb1a65d1a450a66c8cbd794c,direct,octree_leafcount,flyby,10,752,752,0.6760640144,0.2409600019,0.9183679819,0.983013,1,0,4,40889,35778,17,17,9174,25.64145564,14.31052602,512002,0,512002,40889
cstone,d7fddfb4f8d8ada0eb1a65d1a450a66c8cbd794c,direct,octree_leafcount,flyby,10,753,753,0.8133760095,0.2343679965,1.049088001,1.111913,1,0,6,40649,35568,17,17,9176,25.79847054,14.39501799,512002,0,512002,40649
cstone,d7fddfb4f8d8ada0eb1a65d1a450a66c8cbd794c,direct,octree_leafcount,flyby,10,754,754,0.748767972,0.2487680018,0.9988800287,1.058911,1,0,5,40673,35589,17,17,9350,26.27216275,14.38652393,512002,0,512002,40673
cstone,d7fddfb4f8d8ada0eb1a65d1a450a66c8cbd794c,direct,octree_leafcount,flyby,10,755,755,0.6510720253,0.231904,0.884288013,0.941232,1,0,4,40937,35820,17,17,9259,25.84868788,14.29374651,512002,0,512002,40937
cstone,d7fddfb4f8d8ada0eb1a65d1a450a66c8cbd794c,direct,octree_leafcount,flyby,10,756,756,0.807008028,0.2401600033,1.048511982,1.105482,1,0,6,41153,36009,17,17,9228,25.6269266,14.2187231,512002,0,512002,41153
cstone,d7fddfb4f8d8ada0eb1a65d1a450a66c8cbd794c,direct,octree_leafcount,flyby,10,757,757,0.7432000041,0.2139520049,0.9584959745,1.014996,1,0,5,40793,35694,17,17,9342,26.17246596,14.34420351,512002,0,512002,40793
cstone,d7fddfb4f8d8ada0eb1a65d1a450a66c8cbd794c,direct,octree_leafcount,flyby,10,758,758,0.6517120004,0.2165440023,0.8695679903,0.929451,1,0,4,40481,35421,17,17,9145,25.81801756,14.45475848,512002,0,512002,40481
cstone,d7fddfb4f8d8ada0eb1a65d1a450a66c8cbd794c,direct,octree_leafcount,flyby,10,759,759,0.8045120239,0.2293439955,1.035168052,1.092981,1,0,6,40673,35589,17,17,9200,25.8506842,14.38652393,512002,0,512002,40673
cstone,d7fddfb4f8d8ada0eb1a65d1a450a66c8cbd794c,direct,octree_leafcount,flyby,10,760,760,0.7416319847,0.206783995,0.9498239756,1.004588,1,0,5,40585,35512,17,17,9214,25.94615904,14.41771795,512002,0,512002,40585
cstone,d7fddfb4f8d8ada0eb1a65d1a450a66c8cbd794c,direct,octree_leafcount,flyby,10,761,761,0.653760016,0.206911996,0.8620160222,0.91737,1,0,4,40361,35316,17,17,8984,25.43889455,14.49773474,512002,0,512002,40361
cstone,d7fddfb4f8d8ada0eb1a65d1a450a66c8cbd794c,direct,octree_leafcount,flyby,10,762,762,0.8058239818,0.2264000028,1.033535957,1.088384,1,0,6,40809,35708,17,17,9182,25.71412569,14.33857959,512002,0,512002,40809
cstone,d7fddfb4f8d8ada0eb1a65d1a450a66c8cbd794c,direct,octree_leafcount,flyby,10,763,763,0.7367039919,0.2023680061,0.9404159784,0.995866,1,0,5,40785,35687,17,17,9170,25.69563146,14.34701712,512002,0,512002,40785
cstone,d7fddfb4f8d8ada0eb1a65d1a450a66c8cbd794c,direct,octree_leafcount,flyby,10,764,764,0.7123200297,0.1972160041,0.9108800292,0.964026,1,0,5,40441,35386,17,17,8894,25.13423388,14.46905556,512002,0,512002,40441
cstone,d7fddfb4f8d8ada0eb1a65d1a450a66c8cbd794c,direct,octree_leafcount,flyby,10,765,765,0.8145279884,0.2497919947,1.065727949,1.124719,1,0,6,40601,35526,17,17,9174,25.82334065,14.41203626,512002,0,512002,40601
cstone,d7fddfb4f8d8ada0eb1a65d1a450a66c8cbd794c,direct,octree_leafcount,flyby,10,766,766,0.7520319819,0.2555519938,1.008895993,1.070766,1,0,5,40745,35652,17,17,9120,25.58061259,14.36110176,512002,0,512002,40745
cstone,d7fddfb4f8d8ada0eb1a65d1a450a66c8cbd794c,direct,octree_leafcount,flyby,10,767,767,0.7445440292,0.2216639966,0.9675199986,1.025249,1,0,5,40513,35449,17,17,8990,25.36037688,14.44334114,512002,0,512002,40513
cstone,d7fddfb4f8d8ada0eb1a65d1a450a66c8cbd794c,direct,octree_leafcount,flyby,10,768,768,0.803647995,0.2395839989,1.044576049,1.102383,1,0,6,40641,35561,17,17,9170,25.78667642,14.39785158,512002,0,512002,40641
cstone,d7fddfb4f8d8ada0eb1a65d1a450a66c8cbd794c,direct,octree_leafcount,flyby,10,769,769,0.7335039973,0.2165119946,0.9513279796,1.0094,1,0,5,40505,35442,17,17,9067,25.58264206,14.44619378,512002,0,512002,40505
cstone,d7fddfb4f8d8ada0eb1a65d1a450a66c8cbd794c,direct,octree_leafcount,flyby,10,770,770,0.809664011,0.2385279983,1.04953599,1.108823,1,0,6,40785,35687,17,17,8993,25.19965253,14.34701712,512002,0,512002,40785
cstone,d7fddfb4f8d8ada0eb1a65d1a450a66c8cbd794c,direct,octree_leafcount,flyby,10,771,771,0.7206400037,0.206783995,0.9287359715,0.985402,1,0,5,40737,35645,17,17,9041,25.36400617,14.36392201,512002,0,512002,40737
cstone,d7fddfb4f8d8ada0eb1a65d1a450a66c8cbd794c,direct,octree_leafcount,flyby,10,772,772,0.7350080013,0.2134719938,0.9498239756,1.005879,1,0,5,40473,35414,17,17,8948,25.26684362,14.45761563,512002,0,512002,40473
cstone,d7fddfb4f8d8ada0eb1a65d1a450a66c8cbd794c,direct,octree_leafcount,flyby,10,773,773,0.8071680069,0.2072640061,1.015743971,1.071519,1,0,6,40425,35372,17,17,8856,25.03675223,14.47478231,512002,0,512002,40425
cstone,d7fddfb4f8d8ada0eb1a65d1a450a66c8cbd794c,direct,octree_leafcount,flyby,10,774,774,0.7166720033,0.2313919961,0.9494079947,1.002244,1,0,5,40833,35729,17,17,9002,25.19521957,14.33015198,512002,0,512002,40833
cstone,d7fddfb4f8d8ada0eb1a65d1a450a66c8cbd794c,direct,octree_leafcount,flyby,10,775,775,0.7469440103,0.2248000056,0.9731839895,1.033008,1,0,5,40713,35624,17,17,8940,25.09544128,14.3723894,512002,0,512002,40713
cstone,d7fddfb4f8d8ada0eb1a65d1a450a66c8cbd794c,direct,octree_leafcount,flyby,10,776,776,0.8131840229,0.227264002,1.041759968,1.100364,1,0,6,40641,35561,17,17,9142,25.70793847,14.39785158,512002,0,512002,40641
cstone,d7fddfb4f8d8ada0eb1a65d1a450a66c8cbd794c,direct,octree_leafcount,flyby,10,777,777,0.6646720171,0.2197439969,0.8857280016,0.94877,1,0,4,40617,35540,17,17,8980,25.26730445,14.40635903,512002,0,512002,40617
cstone,d7fddfb4f8d8ada0eb1a65d1a450a66c8cbd794c,direct,octree_leafcount,flyby,10,778,778,0.7474240065,0.2429119945,0.9916480184,1.049491,1,0,5,40913,35799,17,17,9084,25.37501048,14.30213134,512002,0,512002,40913
cstone,d7fddfb4f8d8ada0eb1a65d1a450a66c8cbd794c,direct,octree_leafcount,flyby,10,779,779,0.8269760013,0.239071995,1.06755197,1.134954,1,0,6,40761,35666,17,17,9105,25.52851455,14.35546459,512002,0,512002,40761
cstone,d7fddfb4f8d8ada0eb1a65d1a450a66c8cbd794c,direct,octree_leafcount,flyby,10,780,780,0.6491199732,0.2149759978,0.8654720187,0.92339,1,0,4,40633,35554,17,17,8980,25.25735501,14.40068628,512002,0,512002,40633
cstone,d7fddfb4f8d8ada0eb1a65d1a450a66c8cbd794c,direct,octree_leafcount,flyby,10,781,781,0.7510719895,0.2416000068,0.993983984,1.05283,1,0,5,40833,35729,17,17,9132,25.55906966,14.33015198,512002,0,512002,40833
cstone,d7fddfb4f8d8ada0eb1a65d1a450a66c8cbd794c,direct,octree_leafcount,flyby,10,782,782,0.8209599853,0.2555840015,1.077888012,1.138911,1,0,6,41033,35904,17,17,9189,25.59324866,14.26030526,512002,0,512002,41033
cstone,d7fddfb4f8d8ada0eb1a65d1a450a66c8cbd794c,direct,octree_leafcount,flyby,10,783,783,0.6632000208,0.2352640033,0.8997759819,0.96397,1,0,4,40737,35645,17,17,9079,25.47061299,14.36392201,512002,0,512002,40737
cstone,d7fddfb4f8d8ada0eb1a65d1a450a66c8cbd794c,direct,octree_leafcount,flyby,10,784,784,0.7402560115,0.2173759937,0.9589440227,1.017386,1,0,5,40561,35491,17,17,9173,25.84598912,14.42624891,512002,0,512002,40561
cstone,d7fddfb4f8d8ada0eb1a65d1a450a66c8cbd794c,direct,octree_leafcount,flyby,10,785,785,0.812928021,0.2386559993,1.052927971,1.10989,1,0,6,40633,35554,17,17,9113,25.63143388,14.40068628,512002,0,512002,40633
cstone,d7fddfb4f8d8ada0eb1a65d1a450a66c8cbd794c,direct,octree_leafcount,flyby,10,786,786,0.650143981,0.2334399968,0.8849279881,0.93984,1,0,4,40681,35596,17,17,9010,25.31183279,14.3836948,512002,0,512002,40681
cstone,d7fddfb4f8d8ada0eb1a65d1a450a66c8cbd794c,direct,octree_leafcount,flyby,10,787,787,0.7429760098,0.2502079904,0.9945279956,1.054561,1,0,5,40721,35631,17,17,9197,25.8117931,14.36956583,512002,0,512002,40721
cstone,d7fddfb4f8d8ada0eb1a65d1a450a66c8cbd794c,direct,octree_leafcount,flyby,10,788,788,0.80400002,0.2502399981,1.055583954,1.113817,1,0,6,41009,35883,17,17,9145,25.485606,14.26865089,512002,0,512002,41009
cstone,d7fddfb4f8d8ada0eb1a65d1a450a66c8cbd794c,direct,octree_leafcount,flyby,10,789,789,0.7360000014,0.2139520049,0.9512640238,1.010026,1,0,5,40825,35722,17,17,9071,25.39331504,14.33296008,512002,0,512002,40825
cstone,d7fddfb4f8d8ada0eb1a65d1a450a66c8cbd794c,direct,octree_leafcount,flyby,10,790,790,0.714335978,0.1935359985,0.9092479944,0.961462,1,0,5,40545,35477,17,17,9181,25.87873834,14.43194182,512002,0,512002,40545
cstone,d7fddfb4f8d8ada0eb1a65d1a450a66c8cbd794c,direct,octree_leafcount,flyby,10,791,791,0.8001599908,0.2022400051,1.003744006,1.057708,1,0,6,40449,35393,17,17,9154,25.86387139,14.46619388,512002,0,512002,40449
cstone,d7fddfb4f8d8ada0eb1a65d1a450a66c8cbd794c,direct,octree_leafcount,flyby,10,792,792,0.7481920123,0.2431679964,0.9971200228,1.055455,1,0,5,40753,35659,17,17,9131,25.60643877,14.35828262,512002,0,512002,40753
cstone,d7fddfb4f8d8ada0eb1a65d1a450a66c8cbd794c,direct,octree_leafcount,flyby,10,793,793,0.6691840291,0.2523519993,0.9228479862,0.980853,1,0,4,40825,35722,17,17,9179,25.69564974,14.33296008,512002,0,512002,40825
cstone,d7fddfb4f8d8ada0eb1a65d1a450a66c8cbd794c,direct,octree_leafcount,flyby,10,794,794,0.7896320224,0.2093760073,1.00041604,1.058236,1,0,6,40649,35568,17,17,9077,25.52013045,14.39501799,512002,0,512002,40649
cstone,d7fddfb4f8d8ada0eb1a65d1a450a66c8cbd794c,direct,octree_leafcount,flyby,10,795,795,0.7482560277,0.2360640019,0.98566401,1.039882,1,0,5,40761,35666,17,17,9266,25.97992486,14.35546459,512002,0,512002,40761
cstone,d7fddfb4f8d8ada0eb1a65d1a450a66c8cbd794c,direct,octree_leafcount,flyby,10,796,796,0.6579840183,0.2375680059,0.8968960047,0.957444,1,0,4,40865,35757,17,17,9044,25.29294963,14.31893056,512002,0,512002,40865
cstone,d7fddfb4f8d8ada0eb1a65d1a450a66c8cbd794c,direct,octree_leafcount,flyby,10,797,797,0.8158720136,0.2144960016,1.031679988,1.089418,1,0,6,40833,35729,17,17,9057,25.34915615,14.33015198,512002,0,512002,40833
cstone,d7fddfb4f8d8ada0eb1a65d1a450a66c8cbd794c,direct,octree_leafcount,flyby,10,798,798,0.7323520184,0.2206400037,0.9543039799,1.007434,1,0,5,41049,35918,17,17,9219,25.66679659,14.25474692,512002,0,512002,41049
cstone,d7fddfb4f8d8ada0eb1a65d1a450a66c8cbd794c,direct,octree_leafcount,flyby,10,799,799,0.658912003,0.2052800059,0.8655359745,0.922497,1,0,4,40729,35638,17,17,8984,25.20904652,14.36674336,512002,0,512002,40729
cstone,d7fddfb4f8d8ada0eb1a65d1a450a66c8cbd794c,direct,octree_leafcount,flyby,10,800,800,0.8110719919,0.2323520035,1.044800043,1.098869,1,0,6,41025,35897,17,17,9099,25.34752208,14.26308605,512002,0,512002,41025
cstone,d7fddfb4f8d8ada0eb1a65d1a450a66c8cbd794c,direct,octree_leafcount,flyby,10,801,801,0.7468159795,0.2022079974,0.9503679872,1.005987,1,0,5,40705,35617,17,17,9110,25.57767358,14.37521408,512002,0,512002,40705
cstone,d7fddfb4f8d8ada0eb1a65d1a450a66c8cbd794c,direct,octree_leafcount,flyby,10,802,802,0.6703360081,0.245856002,0.9175360203,0.979136,1,0,4,40305,35267,17,17,8868,25.14531999,14.5178779,512002,0,512002,40305
cstone,d7fddfb4f8d8ada0eb1a65d1a450a66c8cbd794c,direct,octree_leafcount,flyby,10,803,803,0.8152319789,0.2564800084,1.073055983,1.134231,1,0,6,40585,35512,17,17,9012,25.37733724,14.41771795,512002,0,512002,40585
cstone,d7fddfb4f8d8ada0eb1a65d1a450a66c8cbd794c,direct,octree_leafcount,flyby,10,804,804,0.7392960191,0.2416640073,0.982303977,1.041876,1,0,5,40793,35694,17,17,9022,25.27595674,14.34420351,512002,0,512002,40793
cstone,d7fddfb4f8d8ada0eb1a65d1a450a66c8cbd794c,direct,octree_leafcount,flyby,10,805,805,0.7300159931,0.2170239985,0.9483839869,1.006224,1,0,5,40305,35267,17,17,8794,24.9354921,14.5178779,512002,0,512002,40305
cstone,d7fddfb4f8d8ada0eb1a65d1a450a66c8cbd794c,direct,octree_leafcount,flyby,10,806,806,0.8113279939,0.2452159971,1.057952046,1.116336,1,0,6,40441,35386,17,17,9010,25.46204714,14.46905556,512002,0,512002,40441
cstone,d7fddfb4f8d8ada0eb1a65d1a450a66c8cbd794c,direct,octree_leafcount,flyby,10,807,807,0.7428159714,0.2114239931,0.9555839896,1.01346,1,0,5,40297,35260,17,17,8917,25.28927964,14.52076007,512002,0,512002,40297
cstone,d7fddfb4f8d8ada0eb1a65d1a450a66c8cbd794c,direct,octree_leafcount,flyby,10,808,808,0.7427520156,0.2308800071,0.9749760032,1.02853,1,0,5,40553,35484,17,17,8873,25.00563634,14.4290948,512002,0,512002,40553
cstone,d7fddfb4f8d8ada0eb1a65d1a450a66c8cbd794c,direct,octree_leafcount,flyby,10,809,809,0.8255680203,0.1991360039,1.026047945,1.085375,1,0,6,40545,35477,17,17,9033,25.46156665,14.43194182,512002,0,512002,40545
cstone,d7fddfb4f8d8ada0eb1a65d1a450a66c8cbd794c,direct,octree_leafcount,flyby,10,810,810,0.7413759828,0.2057600021,0.94848001,1.003409,1,0,5,40409,35358,17,17,9034,25.55008767,14.4805136,512002,0,512002,40409
cstone,d7fddfb4f8d8ada0eb1a65d1a450a66c8cbd794c,direct,octree_leafcount,flyby,10,811,811,0.824096024,0.2508479953,1.076287985,1.136093,1,0,6,40873,35764,17,17,9117,25.49211498,14.31612795,512002,0,512002,40873
cstone,d7fddfb4f8d8ada0eb1a65d1a450a66c8cbd794c,direct,octree_leafcount,flyby,10,812,812,0.7843520045,0.2080000043,0.9936959743,1.047043,1,0,6,40681,35596,17,17,9149,25.7023261,14.3836948,512002,0,512002,40681
cstone,d7fddfb4f8d8ada0eb1a65d1a450a66c8cbd794c,direct,octree_leafcount,flyby,10,813,813,0.7392960191,0.2144960016,0.9551360011,1.01348,1,0,5,40537,35470,17,17,9041,25.48914576,14.43478996,512002,0,512002,40537
cstone,d7fddfb4f8d8ada0eb1a65d1a450a66c8cbd794c,direct,octree_leafcount,flyby,10,814,814,0.8206080198,0.2545599937,1.076511979,1.138419,1,0,6,40705,35617,17,17,9074,25.47659825,14.37521408,512002,0,512002,40705
cstone,d7fddfb4f8d8ada0eb1a65d1a450a66c8cbd794c,direct,octree_leafcount,flyby,10,815,815,0.7379519939,0.2220160067,0.961311996,1.023677,1,0,5,40705,35617,17,17,9020,25.32498526,14.37521408,512002,0,512002,40705
cstone,d7fddfb4f8d8ada0eb1a65d1a450a66c8cbd794c,direct,octree_leafcount,flyby,10,816,816,0.7428159714,0.2011840045,0.9453759789,1.002302,1,0,5,40329,35288,17,17,8831,25.02550442,14.50923827,512002,0,512002,40329
cstone,d7fddfb4f8d8ada0eb1a65d1a450a66c8cbd794c,direct,octree_leafcount,flyby,10,817,817,0.806656003,0.2196159959,1.027616024,1.082774,1,0,6,40641,35561,17,17,9050,25.44922809,14.39785158,512002,0,512002,40641
cstone,d7fddfb4f8d8ada0eb1a65d1a450a66c8cbd794c,direct,octree_leafcount,flyby,10,818,818,0.6398400068,0.2117439955,0.852864027,0.910388,1,0,4,40561,35491,17,17,8886,25.03733341,14.42624891,512002,0,512002,40561
cstone,d7fddfb4f8d8ada0eb1a65d1a450a66c8cbd794c,direct,octree_leafcount,flyby,10,819,819,0.7647680044,0.2267840058,0.9928960204,1.054486,1,0,5,40457,35400,17,17,8857,25.01977401,14.46333333,512002,0,512002,40457
cstone,d7fddfb4f8d8ada0eb1a65d1a450a66c8cbd794c,direct,octree_leafcount,flyby,10,820,820,0.8131520152,0.2088319957,1.023327947,1.079713,1,0,6,40289,35253,17,17,9004,25.5410887,14.52364338,512002,0,512002,40289
cstone,d7fddfb4f8d8ada0eb1a65d1a450a66c8cbd794c,direct,octree_leafcount,flyby,10,821,821,0.657407999,0.2248000056,0.8835520148,0.938508,1,0,4,40457,35400,17,17,8932,25.23163842,14.46333333,512002,0,512002,40457
cstone,d7fddfb4f8d8ada0eb1a65d1a450a66c8cbd794c,direct,octree_leafcount,flyby,10,822,822,0.7353600264,0.2321279943,0.9688640237,1.025356,1,0,5,40649,35568,17,17,8993,25.28396311,14.39501799,512002,0,512002,40649
cstone,d7fddfb4f8d8ada0eb1a65d1a450a66c8cbd794c,direct,octree_leafcount,flyby,10,823,823,0.7900480032,0.2190719992,1.010463953,1.069357,1,0,6,40473,35414,17,17,9059,25.58027899,14.45761563,512002,0,512002,40473
cstone,d7fddfb4f8d8ada0eb1a65d1a450a66c8cbd794c,direct,octree_leafcount,flyby,10,824,824,0.647744,0.2162880003,0.8653759956,0.923549,1,0,4,40273,35239,17,17,8877,25.19083969,14.52941343,512002,0,512002,40273
cstone,d7fddfb4f8d8ada0eb1a65d1a450a66c8cbd794c,direct,octree_leafcount,flyby,10,825,825,0.7471359968,0.2426560074,0.9911360145,1.049067,1,0,5,40641,35561,17,17,9084,25.54483845,14.39785158,512002,0,512002,40641
cstone,d7fddfb4f8d8ada0eb1a65d1a450a66c8cbd794c,direct,octree_leafcount,flyby,10,826,826,0.8105279803,0.2083519995,1.020192027,1.077461,1,0,6,40609,35533,17,17,9098,25.60436777,14.40919708,512002,0,512002,40609
cstone,d7fddfb4f8d8ada0eb1a65d1a450a66c8cbd794c,direct,octree_leafcount,flyby,10,827,827,0.6394879818,0.2088319957,0.8496320248,0.906307,1,0,4,40265,35232,17,17,8913,25.29802452,14.53230018,512002,0,512002,40265
cstone,d7fddfb4f8d8ada0eb1a65d1a450a66c8cbd794c,direct,octree_leafcount,flyby,10,828,828,0.7511360049,0.2518399954,1.004287958,1.064002,1,0,5,40641,35561,17,17,9102,25.5954557,14.39785158,512002,0,512002,40641
cstone,d7fddfb4f8d8ada0eb1a65d1a450a66c8cbd794c,direct,octree_leafcount,flyby,10,829,829,0.7870720029,0.2360000014,1.024448037,1.080442,1,0,6,40705,35617,17,17,8993,25.24917876,14.37521408,512002,0,512002,40705
cstone,d7fddfb4f8d8ada0eb1a65d1a450a66c8cbd794c,direct,octree_leafcount,flyby,10,830,830,0.6496639848,0.2052800059,0.856415987,0.912635,1,0,4,40289,35253,17,17,8842,25.08155334,14.52364338,512002,0,512002,40289
cstone,d7fddfb4f8d8ada0eb1a65d1a450a66c8cbd794c,direct,octree_leafcount,flyby,10,831,831,0.7538560033,0.2288320065,0.984063983,1.039501,1,0,5,40545,35477,17,17,9155,25.80545142,14.43194182,512002,0,512002,40545
cstone,d7fddfb4f8d8ada0eb1a65d1a450a66c8cbd794c,direct,octree_leafcount,flyby,10,832,832,0.7924159765,0.2462400049,1.039999962,1.095085,1,0,6,40601,35526,17,17,8974,25.26037268,14.41203626,512002,0,512002,40601
cstone,d7fddfb4f8d8ada0eb1a65d1a450a66c8cbd794c,direct,octree_leafcount,flyby,10,833,833,0.6579840183,0.2206400037,0.8799679875,0.934125,1,0,4,40641,35561,17,17,8969,25.22145047,14.39785158,512002,0,512002,40641
cstone,d7fddfb4f8d8ada0eb1a65d1a450a66c8cbd794c,direct,octree_leafcount,flyby,10,834,834,0.740351975,0.2073280066,0.9490879774,1.004216,1,0,5,40529,35463,17,17,9026,25.45187942,14.43763923,512002,0,512002,40529
cstone,d7fddfb4f8d8ada0eb1a65d1a450a66c8cbd794c,direct,octree_leafcount,flyby,10,835,835,0.7936639786,0.2288320065,1.023839951,1.081862,1,0,6,40569,35498,17,17,9068,25.54510113,14.42340414,512002,0,512002,40569
cstone,d7fddfb4f8d8ada0eb1a65d1a450a66c8cbd794c,direct,octree_leafcount,flyby,10,836,836,0.7411199808,0.2247360051,0.9671999812,1.019895,1,0,5,40801,35701,17,17,9022,25.27100081,14.341391,512002,0,512002,40801
cstone,d7fddfb4f8d8ada0eb1a65d1a450a66c8cbd794c,direct,octree_leafcount,flyby,10,837,837,0.6575040221,0.1929920018,0.8518400192,0.905844,1,0,4,40505,35442,17,17,9007,25.41335139,14.44619378,512002,0,512002,40505
cstone,d7fddfb4f8d8ada0eb1a65d1a450a66c8cbd794c,direct,octree_leafcount,flyby,10,838,838,0.8142719865,0.2349759936,1.050624013,1.11021,1,0,6,40505,35442,17,17,8947,25.24406072,14.44619378,512002,0,512002,40505
cstone,d7fddfb4f8d8ada0eb1a65d1a450a66c8cbd794c,direct,octree_leafcount,flyby,10,839,839,0.7547519803,0.2421440035,0.9982720017,1.05582,1,0,5,40865,35757,17,17,9134,25.5446486,14.31893056,512002,0,512002,40865
cstone,d7fddfb4f8d8ada0eb1a65d1a450a66c8cbd794c,direct,octree_leafcount,flyby,10,840,840,0.6567360163,0.2057600021,0.8638079762,0.922128,1,0,4,40729,35638,17,17,9123,25.59907963,14.36674336,512002,0,512002,40729
cstone,d7fddfb4f8d8ada0eb1a65d1a450a66c8cbd794c,direct,octree_leafcount,flyby,10,841,841,0.8072959781,0.2123199999,1.020959973,1.078917,1,0,6,40665,35582,17,17,9018,25.3442752,14.38935417,512002,0,512002,40665
cstone,d7fddfb4f8d8ada0eb1a65d1a450a66c8cbd794c,direct,octree_leafcount,flyby,10,842,842,0.7501760125,0.2559359968,1.007423997,1.068677,1,0,5,40689,35603,17,17,9060,25.44729377,14.38086678,512002,0,512002,40689
cstone,d7fddfb4f8d8ada0eb1a65d1a450a66c8cbd794c,direct,octree_leafcount,flyby,10,843,843,0.6648640037,0.2108799964,0.8770560026,0.932603,1,0,4,40649,35568,17,17,9005,25.3177013,14.39501799,512002,0,512002,40649
cstone,d7fddfb4f8d8ada0eb1a65d1a450a66c8cbd794c,direct,octree_leafcount,flyby,10,844,844,0.8239039779,0.220096007,1.045343995,1.103803,1,0,6,40393,35344,17,17,8873,25.10468538,14.48624943,512002,0,512002,40393
cstone,d7fddfb4f8d8ada0eb1a65d1a450a66c8cbd794c,direct,octree_leafcount,flyby,10,845,845,0.7415040135,0.2416640073,0.9845119715,1.041814,1,0,5,40609,35533,17,17,9053,25.47772493,14.40919708,512002,0,512002,40609
cstone,d7fddfb4f8d8ada0eb1a65d1a450a66c8cbd794c,direct,octree_leafcount,flyby,10,846,846,0.659168005,0.2226880044,0.8831999898,0.939532,1,0,4,40417,35365,17,17,8880,25.10957161,14.47764739,512002,0,512002,40417
cstone,d7fddfb4f8d8ada0eb1a65d1a450a66c8cbd794c,direct,octree_leafcount,flyby,10,847,847,0.8165119886,0.2484800071,1.066336036,1.126737,1,0,6,40769,35673,17,17,9007,25.2487876,14.35264766,512002,0,512002,40769
cstone,d7fddfb4f8d8ada0eb1a65d1a450a66c8cbd794c,direct,octree_leafcount,flyby,10,848,848,0.7433279753,0.2149759978,0.9596160054,1.01636,1,0,5,40497,35435,17,17,9033,25.49174545,14.44904755,512002,0,512002,40497
cstone,d7fddfb4f8d8ada0eb1a65d1a450a66c8cbd794c,direct,octree_leafcount,flyby,10,849,849,0.6496319771,0.2042559981,0.8551999927,0.910862,1,0,4,40297,35260,17,17,8802,24.96313103,14.52076007,512002,0,512002,40297
cstone,d7fddfb4f8d8ada0eb1a65d1a450a66c8cbd794c,direct,octree_leafcount,flyby,10,850,850,0.8112000227,0.2446720004,1.057183981,1.113823,1,0,6,40529,35463,17,17,8902,25.10221921,14.43763923,512002,0,512002,40529
cstone,d7fddfb4f8d8ada0eb1a65d1a450a66c8cbd794c,direct,octree_leafcount,flyby,10,851,851,0.736544013,0.2467519939,0.9846079946,1.044739,1,0,5,40609,35533,17,17,8982,25.27791067,14.40919708,512002,0,512002,40609
cstone,d7fddfb4f8d8ada0eb1a65d1a450a66c8cbd794c,direct,octree_leafcount,flyby,10,852,852,0.6528319716,0.2032320052,0.8574079871,0.910341,1,0,4,40329,35288,17,17,8851,25.08218091,14.50923827,512002,0,512002,40329
cstone,d7fddfb4f8d8ada0eb1a65d1a450a66c8cbd794c,direct,octree_leafcount,flyby,10,853,853,0.8117120266,0.2247360051,1.037760019,1.092552,1,0,6,40601,35526,17,17,8984,25.28852108,14.41203626,512002,0,512002,40601
cstone,d7fddfb4f8d8ada0eb1a65d1a450a66c8cbd794c,direct,octree_leafcount,flyby,10,854,854,0.7417280078,0.2323839962,0.9754559994,1.031133,1,0,5,40953,35834,17,17,9095,25.38092315,14.28816208,512002,0,512002,40953
cstone,d7fddfb4f8d8ada0eb1a65d1a450a66c8cbd794c,direct,octree_leafcount,flyby,10,855,855,0.6595839858,0.2216639966,0.8825920224,0.943369,1,0,4,40497,35435,17,17,8995,25.38450684,14.44904755,512002,0,512002,40497
cstone,d7fddfb4f8d8ada0eb1a65d1a450a66c8cbd794c,direct,octree_leafcount,flyby,10,856,856,0.8036800027,0.2416000068,1.046656013,1.103872,1,0,6,40705,35617,17,17,9073,25.47379061,14.37521408,512002,0,512002,40705
cstone,d7fddfb4f8d8ada0eb1a65d1a450a66c8cbd794c,direct,octree_leafcount,flyby,10,857,857,0.7280960083,0.2323839962,0.9618560076,1.016425,1,0,5,40905,35792,17,17,9108,25.44702727,14.30492848,512002,0,512002,40905
cstone,d7fddfb4f8d8ada0eb1a65d1a450a66c8cbd794c,direct,octree_leafcount,flyby,10,858,858,0.7262079716,0.202143997,0.9296960235,0.983664,1,0,5,40753,35659,17,17,8885,24.91657085,14.35828262,512002,0,512002,40753
cstone,d7fddfb4f8d8ada0eb1a65d1a450a66c8cbd794c,direct,octree_leafcount,flyby,10,859,859,0.7982079983,0.2323839962,1.031936049,1.086333,1,0,6,40777,35680,17,17,9094,25.48766816,14.34983184,512002,0,512002,40777
cstone,d7fddfb4f8d8ada0eb1a65d1a450a66c8cbd794c,direct,octree_leafcount,flyby,10,860,860,0.7375040054,0.2160319984,0.9548479915,1.013331,1,0,5,40745,35652,17,17,9089,25.49366094,14.36110176,512002,0,512002,40745
cstone,d7fddfb4f8d8ada0eb1a65d1a450a66c8cbd794c,direct,octree_leafcount,flyby,10,861,861,0.7434880137,0.227264002,0.9720640182,1.02779,1,0,5,40961,35841,17,17,9087,25.35364527,14.2853715,512002,0,512002,40961
cstone,d7fddfb4f8d8ada0eb1a65d1a450a66c8cbd794c,direct,octree_leafcount,flyby,10,862,862,0.7920320034,0.2042559981,0.9976320267,1.054255,1,0,6,40537,35470,17,17,9109,25.68085706,14.43478996,512002,0,512002,40537
cstone,d7fddfb4f8d8ada0eb1a65d1a450a66c8cbd794c,direct,octree_leafcount,flyby,10,863,863,0.7295039892,0.1924480051,0.9232959747,0.975795,1,0,5,40537,35470,17,17,9074,25.58218213,14.43478996,512002,0,512002,40537
cstone,d7fddfb4f8d8ada0eb1a65d1a450a66c8cbd794c,direct,octree_leafcount,flyby,10,864,864,0.8113600016,0.233408004,1.046111941,1.102118,1,0,6,40977,35855,17,17,9088,25.34653465,14.27979361,512002,0,512002,40977
cstone,d7fddfb4f8d8ada0eb1a65d1a450a66c8cbd794c,direct,octree_leafcount,flyby,10,865,865,0.7294719815,0.2380480021,0.9688640237,1.033224,1,0,5,40745,35652,17,17,9051,25.38707506,14.36110176,512002,0,512002,40745
cstone,d7fddfb4f8d8ada0eb1a65d1a450a66c8cbd794c,direct,octree_leafcount,flyby,10,866,866,0.7586240172,0.224992007,0.9849600196,1.046151,1,0,5,40361,35316,17,17,8948,25.33695775,14.49773474,512002,0,512002,40361
cstone,d7fddfb4f8d8ada0eb1a65d1a450a66c8cbd794c,direct,octree_leafcount,flyby,10,867,867,0.7984319925,0.2231680006,1.022943974,1.077684,1,0,6,40665,35582,17,17,9026,25.36675847,14.38935417,512002,0,512002,40665
cstone,d7fddfb4f8d8ada0eb1a65d1a450a66c8cbd794c,direct,octree_leafcount,flyby,10,868,868,0.7347199917,0.2052800059,0.9413759708,0.997543,1,0,5,40641,35561,17,17,8973,25.23269874,14.39785158,512002,0,512002,40641
cstone,d7fddfb4f8d8ada0eb1a65d1a450a66c8cbd794c,direct,octree_leafcount,flyby,10,869,869,0.738304019,0.2119040042,0.9515200257,1.008548,1,0,5,40481,35421,17,17,8862,25.01905649,14.45475848,512002,0,512002,40481
cstone,d7fddfb4f8d8ada0eb1a65d1a450a66c8cbd794c,direct,octree_leafcount,flyby,10,870,870,0.8068159819,0.2360000014,1.044127941,1.099693,1,0,6,40641,35561,17,17,8962,25.20176598,14.39785158,512002,0,512002,40641
cstone,d7fddfb4f8d8ada0eb1a65d1a450a66c8cbd794c,direct,octree_leafcount,flyby,10,871,871,0.6596800089,0.2093760073,0.8703680038,0.926187,1,0,4,40545,35477,17,17,8919,25.1402317,14.43194182,512002,0,512002,40545
cstone,d7fddfb4f8d8ada0eb1a65d1a450a66c8cbd794c,direct,octree_leafcount,flyby,10,872,872,0.7404159904,0.2211199999,0.9629759789,1.021966,1,0,5,40521,35456,17,17,8895,25.08743231,14.44048962,512002,0,512002,40521
cstone,d7fddfb4f8d8ada0eb1a65d1a450a66c8cbd794c,direct,octree_leafcount,flyby,10,873,873,0.8042880297,0.2298240066,1.035423994,1.090225,1,0,6,40545,35477,17,17,8993,25.34881754,14.43194182,512002,0,512002,40545
cstone,d7fddfb4f8d8ada0eb1a65d1a450a66c8cbd794c,direct,octree_leafcount,flyby,10,874,874,0.6651200056,0.2032320052,0.8697280288,0.925218,1,0,4,40409,35358,17,17,8785,24.84586232,14.4805136,512002,0,512002,40409
cstone,d7fddfb4f8d8ada0eb1a65d1a450a66c8cbd794c,direct,octree_leafcount,flyby,10,875,875,0.7349119782,0.231904,0.9681599736,1.023168,1,0,5,40569,35498,17,17,8796,24.77886078,14.42340414,512002,0,512002,40569
cstone,d7fddfb4f8d8ada0eb1a65d1a450a66c8cbd794c,direct,octree_leafcount,flyby,10,876,876,0.812063992,0.2303040028,1.043679953,1.101629,1,0,6,40633,35554,17,17,8891,25.00703156,14.40068628,512002,0,512002,40633
cstone,d7fddfb4f8d8ada0eb1a65d1a450a66c8cbd794c,direct,octree_leafcount,flyby,10,877,877,0.6580479741,0.2170560062,0.8764479756,0.937292,1,0,4,40593,35519,17,17,8859,24.94158056,14.41487654,512002,0,512002,40593
cstone,d7fddfb4f8d8ada0eb1a65d1a450a66c8cbd794c,direct,octree_leafcount,flyby,10,878,878,0.7337599993,0.247743994,0.9828479886,1.040359,1,0,5,40793,35694,17,17,8907,24.95377374,14.34420351,512002,0,512002,40793
cstone,d7fddfb4f8d8ada0eb1a65d1a450a66c8cbd794c,direct,octree_leafcount,flyby,10,879,879,0.7960320115,0.2231999934,1.020544052,1.079775,1,0,6,40769,35673,17,17,8991,25.20393575,14.35264766,512002,0,512002,40769
cstone,d7fddfb4f8d8ada0eb1a65d1a450a66c8cbd794c,direct,octree_leafcount,flyby,10,880,880,0.6530879736,0.2125120014,0.866944015,0.924694,1,0,4,40297,35260,17,17,8815,25,14.52076007,512002,0,512002,40297
cstone,d7fddfb4f8d8ada0eb1a65d1a450a66c8cbd794c,direct,octree_leafcount,flyby,10,881,881,0.7423999906,0.240832001,0.9846079946,1.042327,1,0,5,40609,35533,17,17,8941,25.16252498,14.40919708,512002,0,512002,40609
cstone,d7fddfb4f8d8ada0eb1a65d1a450a66c8cbd794c,direct,octree_leafcount,flyby,10,882,882,0.7828800082,0.2493119985,1.033568025,1.091145,1,0,6,40641,35561,17,17,8938,25.13427631,14.39785158,512002,0,512002,40641
cstone,d7fddfb4f8d8ada0eb1a65d1a450a66c8cbd794c,direct,octree_leafcount,flyby,10,883,883,0.6525760293,0.2262399942,0.8814079762,0.940229,1,0,4,40161,35141,17,17,8732,24.8484676,14.56993256,512002,0,512002,40161
cstone,d7fddfb4f8d8ada0eb1a65d1a450a66c8cbd794c,direct,octree_leafcount,flyby,10,884,884,0.7496960163,0.245728001,0.99673599,1.057775,1,0,5,40505,35442,17,17,8923,25.17634445,14.44619378,512002,0,512002,40505
cstone,d7fddfb4f8d8ada0eb1a65d1a450a66c8cbd794c,direct,octree_leafcount,flyby,10,885,885,0.7908800244,0.235423997,1.027680039,1.08425,1,0,6,40793,35694,17,17,8927,25.00980557,14.34420351,512002,0,512002,40793
cstone,d7fddfb4f8d8ada0eb1a65d1a450a66c8cbd794c,direct,octree_leafcount,flyby,10,886,886,0.6552320123,0.2065279931,0.8630719781,0.917887,1,0,4,40281,35246,17,17,8720,24.74039607,14.52652783,512002,0,512002,40281
cstone,d7fddfb4f8d8ada0eb1a65d1a450a66c8cbd794c,direct,octree_leafcount,flyby,10,887,887,0.7543680072,0.2651520073,1.020928025,1.094144,1,0,5,40361,35316,17,17,9020,25.54083135,14.49773474,512002,0,512002,40361
cstone,d7fddfb4f8d8ada0eb1a65d1a450a66c8cbd794c,direct,octree_leafcount,flyby,10,888,888,0.814463973,0.2659200132,1.082784057,1.146975,1,0,6,40449,35393,17,17,8863,25.04167491,14.46619388,512002,0,512002,40449
cstone,d7fddfb4f8d8ada0eb1a65d1a450a66c8cbd794c,direct,octree_leafcount,flyby,10,889,889,0.6531839967,0.2217279971,0.8762559891,0.933965,1,0,4,40281,35246,17,17,8684,24.63825682,14.52652783,512002,0,512002,40281
cstone,d7fddfb4f8d8ada0eb1a65d1a450a66c8cbd794c,direct,octree_leafcount,flyby,10,890,890,0.7371839881,0.2088319957,0.9473919868,1.001896,1,0,5,40265,35232,17,17,9000,25.54495913,14.53230018,512002,0,512002,40265
cstone,d7fddfb4f8d8ada0eb1a65d1a450a66c8cbd794c,direct,octree_leafcount,flyby,10,891,891,0.8226879835,0.2452159971,1.069247961,1.129253,1,0,6,40833,35729,17,17,9007,25.2092138,14.33015198,512002,0,512002,40833
cstone,d7fddfb4f8d8ada0eb1a65d1a450a66c8cbd794c,direct,octree_leafcount,flyby,10,892,892,0.6597120166,0.2144960016,0.8755199909,0.932891,1,0,4,40833,35729,17,17,8975,25.1196507,14.33015198,512002,0,512002,40833
cstone,d7fddfb4f8d8ada0eb1a65d1a450a66c8cbd794c,direct,octree_leafcount,flyby,10,893,893,0.7354559898,0.2147520036,0.9515200257,1.008588,1,0,5,40561,35491,17,17,9064,25.53886901,14.42624891,512002,0,512002,40561
cstone,d7fddfb4f8d8ada0eb1a65d1a450a66c8cbd794c,direct,octree_leafcount,flyby,10,894,894,0.7892479897,0.2279359996,1.018527985,1.072341,1,0,6,40593,35519,17,17,8993,25.31884344,14.41487654,512002,0,512002,40593
cstone,d7fddfb4f8d8ada0eb1a65d1a450a66c8cbd794c,direct,octree_leafcount,flyby,10,895,895,0.7258880138,0.2252160013,0.9524160028,1.007879,1,0,5,40649,35568,17,17,8919,25.07591093,14.39501799,512002,0,512002,40649
cstone,d7fddfb4f8d8ada0eb1a65d1a450a66c8cbd794c,direct,octree_leafcount,flyby,10,896,896,0.6502079964,0.2026879936,0.8542400002,0.907752,1,0,4,40297,35260,17,17,8871,25.15882019,14.52076007,512002,0,512002,40297
cstone,d7fddfb4f8d8ada0eb1a65d1a450a66c8cbd794c,direct,octree_leafcount,flyby,10,897,897,0.8096960187,0.2303680032,1.041407943,1.096787,1,0,6,40369,35323,17,17,8849,25.05166605,14.4948617,512002,0,512002,40369
cstone,d7fddfb4f8d8ada0eb1a65d1a450a66c8cbd794c,direct,octree_leafcount,flyby,10,898,898,0.73743999,0.2292159945,0.9679679871,1.023492,1,0,5,40393,35344,17,17,8864,25.07922137,14.48624943,512002,0,512002,40393
cstone,d7fddfb4f8d8ada0eb1a65d1a450a66c8cbd794c,direct,octree_leafcount,flyby,10,899,899,0.6597120166,0.1980479956,0.8592320085,0.914826,1,0,4,40369,35323,17,17,8913,25.23285112,14.4948617,512002,0,512002,40369
cstone,d7fddfb4f8d8ada0eb1a65d1a450a66c8cbd794c,direct,octree_leafcount,flyby,10,900,900,0.8078719974,0.1955199987,1.004735947,1.057339,1,0,6,40121,35106,17,17,8854,25.22075998,14.5844585,512002,0,512002,40121
cstone,d7fddfb4f8d8ada0eb1a65d1a450a66c8cbd794c,direct,octree_leafcount,flyby,10,901,901,0.7405760288,0.2241919935,0.9661120176,1.018904,1,0,5,40385,35337,17,17,8956,25.34453972,14.48911905,512002,0,512002,40385
cstone,d7fddfb4f8d8ada0eb1a65d1a450a66c8cbd794c,direct,octree_leafcount,flyby,10,902,902,0.7293440104,0.2241919935,0.9548479915,1.008483,1,0,5,40641,35561,17,17,8944,25.15114873,14.39785158,512002,0,512002,40641
cstone,d7fddfb4f8d8ada0eb1a65d1a450a66c8cbd794c,direct,octree_leafcount,flyby,10,903,903,0.8085119724,0.2098560035,1.019680023,1.075228,1,0,6,40409,35358,17,17,8764,24.78646982,14.4805136,512002,0,512002,40409
cstone,d7fddfb4f8d8ada0eb1a65d1a450a66c8cbd794c,direct,octree_leafcount,flyby,10,904,904,0.740095973,0.2344640046,0.976000011,1.032933,1,0,5,40585,35512,17,17,8940,25.17458887,14.41771795,512002,0,512002,40585
cstone,d7fddfb4f8d8ada0eb1a65d1a450a66c8cbd794c,direct,octree_leafcount,flyby,10,905,905,0.6774719954,0.2426239997,0.9214079976,0.978931,1,0,4,40649,35568,17,17,8827,24.81725146,14.39501799,512002,0,512002,40649
cstone,d7fddfb4f8d8ada0eb1a65d1a450a66c8cbd794c,direct,octree_leafcount,flyby,10,906,906,0.809311986,0.2149759978,1.025663972,1.083618,1,0,6,40601,35526,17,17,8769,24.68333052,14.41203626,512002,0,512002,40601
cstone,d7fddfb4f8d8ada0eb1a65d1a450a66c8cbd794c,direct,octree_leafcount,flyby,10,907,907,0.743103981,0.2370239943,0.9814400077,1.042486,1,0,5,40737,35645,17,17,9036,25.34997896,14.36392201,512002,0,512002,40737
cstone,d7fddfb4f8d8ada0eb1a65d1a450a66c8cbd794c,direct,octree_leafcount,flyby,10,908,908,0.6477760077,0.2043839991,0.8535040021,0.913076,1,0,4,40457,35400,17,17,8860,25.02824859,14.46333333,512002,0,512002,40457
cstone,d7fddfb4f8d8ada0eb1a65d1a450a66c8cbd794c,direct,octree_leafcount,flyby,10,909,909,0.8112000227,0.2211199999,1.033663988,1.094181,1,0,6,40313,35274,17,17,8807,24.96739808,14.51499688,512002,0,512002,40313
cstone,d7fddfb4f8d8ada0eb1a65d1a450a66c8cbd794c,direct,octree_leafcount,flyby,10,910,910,0.7436800003,0.2446720004,0.9897279739,1.048946,1,0,5,40481,35421,17,17,8982,25.35783857,14.45475848,512002,0,512002,40481
cstone,d7fddfb4f8d8ada0eb1a65d1a450a66c8cbd794c,direct,octree_leafcount,flyby,10,911,911,0.6670079827,0.2247039974,0.8930559754,0.952035,1,0,4,40305,35267,17,17,8830,25.03757053,14.5178779,512002,0,512002,40305
cstone,d7fddfb4f8d8ada0eb1a65d1a450a66c8cbd794c,direct,octree_leafcount,flyby,10,912,912,0.8163520098,0.2426239997,1.06032002,1.116923,1,0,6,40521,35456,17,17,8890,25.07333032,14.44048962,512002,0,512002,40521
cstone,d7fddfb4f8d8ada0eb1a65d1a450a66c8cbd794c,direct,octree_leafcount,flyby,10,913,913,0.7475200295,0.2176640034,0.9665279984,1.023721,1,0,5,40465,35407,17,17,8968,25.32832491,14.46047392,512002,0,512002,40465
cstone,d7fddfb4f8d8ada0eb1a65d1a450a66c8cbd794c,direct,octree_leafcount,flyby,10,914,914,0.6588799953,0.220096007,0.8803200126,0.94039,1,0,4,40369,35323,17,17,8860,25.08280724,14.4948617,512002,0,512002,40369
cstone,d7fddfb4f8d8ada0eb1a65d1a450a66c8cbd794c,direct,octree_leafcount,flyby,10,915,915,0.8169280291,0.2324479967,1.050752044,1.105088,1,0,6,40617,35540,17,17,9018,25.37422622,14.40635903,512002,0,512002,40617
cstone,d7fddfb4f8d8ada0eb1a65d1a450a66c8cbd794c,direct,octree_leafcount,flyby,10,916,916,0.7347519994,0.2150080055,0.9511039853,1.005131,1,0,5,40481,35421,17,17,8966,25.31266763,14.45475848,512002,0,512002,40481
cstone,d7fddfb4f8d8ada0eb1a65d1a450a66c8cbd794c,direct,octree_leafcount,flyby,10,917,917,0.65526402,0.2180480063,0.8746240139,0.933359,1,0,4,40225,35197,17,17,8783,24.95383129,14.54675114,512002,0,512002,40225
cstone,d7fddfb4f8d8ada0eb1a65d1a450a66c8cbd794c,direct,octree_leafcount,flyby,10,918,918,0.7901440263,0.2098879963,1.001343966,1.051365,1,0,6,40553,35484,17,17,8933,25.17472664,14.4290948,512002,0,512002,40553
cstone,d7fddfb4f8d8ada0eb1a65d1a450a66c8cbd794c,direct,octree_leafcount,flyby,10,919,919,0.7287999988,0.197119996,0.9272639751,0.982341,1,0,5,40529,35463,17,17,8923,25.16143586,14.43763923,512002,0,512002,40529
cstone,d7fddfb4f8d8ada0eb1a65d1a450a66c8cbd794c,direct,octree_leafcount,flyby,10,920,920,0.6540160179,0.1996160001,0.8550080061,0.909622,1,0,4,40177,35155,17,17,8780,24.97511023,14.56413028,512002,0,512002,40177
cstone,d7fddfb4f8d8ada0eb1a65d1a450a66c8cbd794c,direct,octree_leafcount,flyby,10,921,921,0.7946879864,0.2157759964,1.011808038,1.062637,1,0,6,40401,35351,17,17,8849,25.03182371,14.48338095,512002,0,512002,40401
cstone,d7fddfb4f8d8ada0eb1a65d1a450a66c8cbd794c,direct,octree_leafcount,flyby,10,922,922,0.7444480062,0.2426239997,0.9883840084,1.043879,1,0,5,40897,35785,17,17,9058,25.31228168,14.3077267,512002,0,512002,40897
cstone,d7fddfb4f8d8ada0eb1a65d1a450a66c8cbd794c,direct,octree_leafcount,flyby,10,923,923,0.7382400036,0.2127040029,0.952287972,1.010178,1,0,5,40337,35295,17,17,8799,24.92987675,14.50636067,512002,0,512002,40337
cstone,d7fddfb4f8d8ada0eb1a65d1a450a66c8cbd794c,direct,octree_leafcount,flyby,10,924,924,0.7984319925,0.2092480063,1.009024024,1.065763,1,0,6,40313,35274,17,17,8964,25.41248512,14.51499688,512002,0,512002,40313
cstone,d7fddfb4f8d8ada0eb1a65d1a450a66c8cbd794c,direct,octree_leafcount,flyby,10,925,925,0.7445120215,0.225759998,0.9716479778,1.025891,1,0,5,40553,35484,17,17,8960,25.25081727,14.4290948,512002,0,512002,40553
cstone,d7fddfb4f8d8ada0eb1a65d1a450a66c8cbd794c,direct,octree_leafcount,flyby,10,926,926,0.7362239957,0.2052800059,0.9428160191,0.998601,1,0,5,40337,35295,17,17,8811,24.9638759,14.50636067,512002,0,512002,40337
cstone,d7fddfb4f8d8ada0eb1a65d1a450a66c8cbd794c,direct,octree_leafcount,flyby,10,927,927,0.8260160089,0.2472639978,1.074623942,1.133941,1,0,6,40561,35491,17,17,8948,25.21202558,14.42624891,512002,0,512002,40561
cstone,d7fddfb4f8d8ada0eb1a65d1a450a66c8cbd794c,direct,octree_leafcount,flyby,10,928,928,0.735935986,0.2038719952,0.9411200285,0.996438,1,0,5,40521,35456,17,17,8830,24.9041065,14.44048962,512002,0,512002,40521
cstone,d7fddfb4f8d8ada0eb1a65d1a450a66c8cbd794c,direct,octree_leafcount,flyby,10,929,929,0.7299200296,0.2088319957,0.940064013,0.9962,1,0,5,40177,35155,17,17,8646,24.59394112,14.56413028,512002,0,512002,40177
cstone,d7fddfb4f8d8ada0eb1a65d1a450a66c8cbd794c,direct,octree_leafcount,flyby,10,930,930,0.800992012,0.2339520007,1.036288023,1.091721,1,0,6,40185,35162,17,17,8821,25.08674137,14.56123087,512002,0,512002,40185
cstone,d7fddfb4f8d8ada0eb1a65d1a450a66c8cbd794c,direct,octree_leafcount,flyby,10,931,931,0.7321280241,0.2042559981,0.9377279878,0.99305,1,0,5,40065,35057,17,17,8670,24.73115212,14.60484354,512002,0,512002,40065
cstone,d7fddfb4f8d8ada0eb1a65d1a450a66c8cbd794c,direct,octree_leafcount,flyby,10,932,932,0.724864006,0.2197439969,0.9459519982,1.000168,1,0,5,40177,35155,17,17,8584,24.41757929,14.56413028,512002,0,512002,40177
cstone,d7fddfb4f8d8ada0eb1a65d1a450a66c8cbd794c,direct,octree_leafcount,flyby,10,933,933,0.798879981,0.2022079974,1.002496004,1.056706,1,0,6,40137,35120,17,17,8767,24.96298405,14.57864465,512002,0,512002,40137
cstone,d7fddfb4f8d8ada0eb1a65d1a450a66c8cbd794c,direct,octree_leafcount,flyby,10,934,934,0.7391679883,0.2083519995,0.9488319755,1.003109,1,0,5,39961,34966,17,17,8731,24.96997083,14.64285306,512002,0,512002,39961
cstone,d7fddfb4f8d8ada0eb1a65d1a450a66c8cbd794c,direct,octree_leafcount,flyby,10,935,935,0.7329599857,0.2319999933,0.9662719965,1.021101,1,0,5,40177,35155,17,17,8705,24.76176931,14.56413028,512002,0,512002,40177
cstone,d7fddfb4f8d8ada0eb1a65d1a450a66c8cbd794c,direct,octree_leafcount,flyby,10,936,936,0.787808001,0.2334399968,1.022591949,1.075776,1,0,6,40233,35204,17,17,8808,25.0198841,14.54385865,512002,0,512002,40233
cstone,d7fddfb4f8d8ada0eb1a65d1a450a66c8cbd794c,direct,octree_leafcount,flyby,10,937,937,0.7341439724,0.2104000002,0.9458559752,1.000827,1,0,5,40089,35078,17,17,8743,24.92445407,14.59610012,512002,0,512002,40089
cstone,d7fddfb4f8d8ada0eb1a65d1a450a66c8cbd794c,direct,octree_leafcount,flyby,10,938,938,0.8160960078,0.2426239997,1.060160041,1.118928,1,0,6,40449,35393,17,17,8830,24.94843613,14.46619388,512002,0,512002,40449
cstone,d7fddfb4f8d8ada0eb1a65d1a450a66c8cbd794c,direct,octree_leafcount,flyby,10,939,939,0.7358400226,0.1991360039,0.9363200068,0.99434,1,0,5,40441,35386,17,17,8913,25.18792743,14.46905556,512002,0,512002,40441
cstone,d7fddfb4f8d8ada0eb1a65d1a450a66c8cbd794c,direct,octree_leafcount,flyby,10,940,940,0.7373759747,0.1990080029,0.9377279878,0.991199,1,0,5,40185,35162,17,17,8822,25.08958535,14.56123087,512002,0,512002,40185
cstone,d7fddfb4f8d8ada0eb1a65d1a450a66c8cbd794c,direct,octree_leafcount,flyby,10,941,941,0.8133119941,0.2313600034,1.04598403,1.101912,1,0,6,40561,35491,17,17,8881,25.02324533,14.42624891,512002,0,512002,40561
cstone,d7fddfb4f8d8ada0eb1a65d1a450a66c8cbd794c,direct,octree_leafcount,flyby,10,942,942,0.7333120108,0.2278079987,0.9624320269,1.022337,1,0,5,40553,35484,17,17,8926,25.15499944,14.4290948,512002,0,512002,40553
cstone,d7fddfb4f8d8ada0eb1a65d1a450a66c8cbd794c,direct,octree_leafcount,flyby,10,943,943,0.7363200188,0.2260159999,0.9636480212,1.024143,1,0,5,40353,35309,17,17,8838,25.0304455,14.50060891,512002,0,512002,40353
cstone,d7fddfb4f8d8ada0eb1a65d1a450a66c8cbd794c,direct,octree_leafcount,flyby,10,944,944,0.8190079927,0.2308800071,1.051264048,1.114464,1,0,6,40353,35309,17,17,8871,25.12390609,14.50060891,512002,0,512002,40353
cstone,d7fddfb4f8d8ada0eb1a65d1a450a66c8cbd794c,direct,octree_leafcount,flyby,10,945,945,0.7184320092,0.2181439996,0.9380159974,0.995168,1,0,5,40305,35267,17,17,8861,25.1254714,14.5178779,512002,0,512002,40305
cstone,d7fddfb4f8d8ada0eb1a65d1a450a66c8cbd794c,direct,octree_leafcount,flyby,10,946,946,0.7317759991,0.2043839991,0.9375039935,0.99362,1,0,5,40105,35092,17,17,8703,24.80052434,14.59027699,512002,0,512002,40105
cstone,d7fddfb4f8d8ada0eb1a65d1a450a66c8cbd794c,direct,octree_leafcount,flyby,10,947,947,0.7949119806,0.1944960058,0.9907519817,1.04275,1,0,6,40097,35085,17,17,8751,24.94228303,14.59318797,512002,0,512002,40097
cstone,d7fddfb4f8d8ada0eb1a65d1a450a66c8cbd794c,direct,octree_leafcount,flyby,10,948,948,0.6522880197,0.2323839962,0.8860480189,0.940784,1,0,4,40145,35127,17,17,8702,24.77296666,14.57573946,512002,0,512002,40145
cstone,d7fddfb4f8d8ada0eb1a65d1a450a66c8cbd794c,direct,octree_leafcount,flyby,10,949,949,0.7382720113,0.2119040042,0.9515200257,1.009567,1,0,5,39937,34945,17,17,8607,24.63013307,14.6516526,512002,0,512002,39937
cstone,d7fddfb4f8d8ada0eb1a65d1a450a66c8cbd794c,direct,octree_leafcount,flyby,10,950,950,0.8054400086,0.2237119973,1.030464053,1.081917,1,0,6,40089,35078,17,17,8752,24.95011118,14.59610012,512002,0,512002,40089
cstone,d7fddfb4f8d8ada0eb1a65d1a450a66c8cbd794c,direct,octree_leafcount,flyby,10,951,951,0.6624959707,0.235551998,0.8994240165,0.954992,1,0,4,40169,35148,17,17,8679,24.69272789,14.56703084,512002,0,512002,40169
cstone,d7fddfb4f8d8ada0eb1a65d1a450a66c8cbd794c,direct,octree_leafcount,flyby,10,952,952,0.7308160067,0.1967040002,0.9288640022,0.984173,1,0,5,40017,35015,17,17,8535,24.37526774,14.62236184,512002,0,512002,40017
cstone,d7fddfb4f8d8ada0eb1a65d1a450a66c8cbd794c,direct,octree_leafcount,flyby,10,953,953,0.7940480113,0.2180480063,1.013440013,1.065522,1,0,6,40073,35064,17,17,8793,25.07700205,14.6019279,512002,0,512002,40073
cstone,d7fddfb4f8d8ada0eb1a65d1a450a66c8cbd794c,direct,octree_leafcount,flyby,10,954,954,0.6666560173,0.2329279929,0.9009280205,0.958347,1,0,4,40169,35148,17,17,8730,24.83782861,14.56703084,512002,0,512002,40169
cstone,d7fddfb4f8d8ada0eb1a65d1a450a66c8cbd794c,direct,octree_leafcount,flyby,10,955,955,0.7354239821,0.2016640007,0.938560009,0.995234,1,0,5,40017,35015,17,17,8661,24.73511352,14.62236184,512002,0,512002,40017
cstone,d7fddfb4f8d8ada0eb1a65d1a450a66c8cbd794c,direct,octree_leafcount,flyby,10,956,956,0.7933440208,0.2400960028,1.034783959,1.09275,1,0,6,40057,35050,17,17,8781,25.05278174,14.60776034,512002,0,512002,40057
cstone,d7fddfb4f8d8ada0eb1a65d1a450a66c8cbd794c,direct,octree_leafcount,flyby,10,957,957,0.658912003,0.2175360024,0.8777920008,0.933792,1,0,4,39969,34973,17,17,8597,24.58182026,14.63992223,512002,0,512002,39969
cstone,d7fddfb4f8d8ada0eb1a65d1a450a66c8cbd794c,direct,octree_leafcount,flyby,10,958,958,0.7581760287,0.2465920001,1.006080031,1.063611,1,0,5,40273,35239,17,17,8707,24.70841965,14.52941343,512002,0,512002,40273
cstone,d7fddfb4f8d8ada0eb1a65d1a450a66c8cbd794c,direct,octree_leafcount,flyby,10,959,959,0.7927680016,0.2211199999,1.01532805,1.073961,1,0,6,40265,35232,17,17,8795,24.96310173,14.53230018,512002,0,512002,40265
cstone,d7fddfb4f8d8ada0eb1a65d1a450a66c8cbd794c,direct,octree_leafcount,flyby,10,960,960,0.6499519944,0.1981119961,0.8493760228,0.903894,1,0,4,39793,34819,17,17,8567,24.60438266,14.70467274,512002,0,512002,39793
cstone,d7fddfb4f8d8ada0eb1a65d1a450a66c8cbd794c,direct,octree_leafcount,flyby,10,961,961,0.7540479898,0.2400960028,0.995487988,1.052054,1,0,5,40369,35323,17,17,8864,25.0941313,14.4948617,512002,0,512002,40369
cstone,d7fddfb4f8d8ada0eb1a65d1a450a66c8cbd794c,direct,octree_leafcount,flyby,10,962,962,0.8037760258,0.2421440035,1.047296047,1.105047,1,0,6,40489,35428,17,17,8921,25.18064807,14.45190245,512002,0,512002,40489
cstone,d7fddfb4f8d8ada0eb1a65d1a450a66c8cbd794c,direct,octree_leafcount,flyby,10,963,963,0.6543359756,0.2108799964,0.8665599823,0.926863,1,0,4,40113,35099,17,17,8791,25.04629762,14.58736716,512002,0,512002,40113
cstone,d7fddfb4f8d8ada0eb1a65d1a450a66c8cbd794c,direct,octree_leafcount,flyby,10,964,964,0.7443519831,0.2446720004,0.9903360009,1.047438,1,0,5,40313,35274,17,17,8851,25.09213585,14.51499688,512002,0,512002,40313
cstone,d7fddfb4f8d8ada0eb1a65d1a450a66c8cbd794c,direct,octree_leafcount,flyby,10,965,965,0.8062080145,0.210431993,1.017984033,1.073077,1,0,6,40273,35239,17,17,8860,25.14259769,14.52941343,512002,0,512002,40273
cstone,d7fddfb4f8d8ada0eb1a65d1a450a66c8cbd794c,direct,octree_leafcount,flyby,10,966,966,0.6613439918,0.2298559994,0.8925120234,0.954935,1,0,4,39913,34924,17,17,8731,25,14.66046272,512002,0,512002,39913
cstone,d7fddfb4f8d8ada0eb1a65d1a450a66c8cbd794c,direct,octree_leafcount,flyby,10,967,967,0.7421759963,0.247743994,0.9912959933,1.051288,1,0,5,40065,35057,17,17,8811,25.13335425,14.60484354,512002,0,512002,40065
cstone,d7fddfb4f8d8ada0eb1a65d1a450a66c8cbd794c,direct,octree_leafcount,flyby,10,968,968,0.809920013,0.2298559994,1.041087985,1.097066,1,0,6,40321,35281,17,17,8953,25.37626485,14.512117,512002,0,512002,40321
cstone,d7fddfb4f8d8ada0eb1a65d1a450a66c8cbd794c,direct,octree_leafcount,flyby,10,969,969,0.6332799792,0.2060160041,0.8406080008,0.898081,1,0,4,39913,34924,17,17,8780,25.14030466,14.66046272,512002,0,512002,39913
cstone,d7fddfb4f8d8ada0eb1a65d1a450a66c8cbd794c,direct,octree_leafcount,flyby,10,970,970,0.7371839881,0.2313600034,0.9698879719,1.025055,1,0,5,40225,35197,17,17,8938,25.39420973,14.54675114,512002,0,512002,40225
cstone,d7fddfb4f8d8ada0eb1a65d1a450a66c8cbd794c,direct,octree_leafcount,flyby,10,971,971,0.7888640165,0.2354560047,1.025696039,1.081221,1,0,6,40569,35498,17,17,8928,25.15071272,14.42340414,512002,0,512002,40569
cstone,d7fddfb4f8d8ada0eb1a65d1a450a66c8cbd794c,direct,octree_leafcount,flyby,10,972,972,0.6469439864,0.1990080029,0.8472959995,0.900512,1,0,4,40209,35183,17,17,8765,24.91259984,14.55253958,512002,0,512002,40209
cstone,d7fddfb4f8d8ada0eb1a65d1a450a66c8cbd794c,direct,octree_leafcount,flyby,10,973,973,0.7393599749,0.1952960044,0.9359679818,0.989124,1,0,5,40209,35183,17,17,8857,25.17408976,14.55253958,512002,0,512002,40209
cstone,d7fddfb4f8d8ada0eb1a65d1a450a66c8cbd794c,direct,octree_leafcount,flyby,10,974,974,0.8030080199,0.2210880071,1.02540803,1.076063,1,0,6,40313,35274,17,17,8844,25.07229121,14.51499688,512002,0,512002,40313
cstone,d7fddfb4f8d8ada0eb1a65d1a450a66c8cbd794c,direct,octree_leafcount,flyby,10,975,975,0.6537280083,0.2216639966,0.876767993,0.938495,1,0,4,40057,35050,17,17,8643,24.65905849,14.60776034,512002,0,512002,40057
cstone,d7fddfb4f8d8ada0eb1a65d1a450a66c8cbd794c,direct,octree_leafcount,flyby,10,976,976,0.740447998,0.2452159971,0.9870399833,1.046319,1,0,5,40105,35092,17,17,8776,25.00854896,14.59027699,512002,0,512002,40105
cstone,d7fddfb4f8d8ada0eb1a65d1a450a66c8cbd794c,direct,octree_leafcount,flyby,10,977,977,0.8032320142,0.2400960028,1.044736028,1.099942,1,0,6,40529,35463,17,17,8766,24.71872092,14.43763923,512002,0,512002,40529
cstone,d7fddfb4f8d8ada0eb1a65d1a450a66c8cbd794c,direct,octree_leafcount,flyby,10,978,978,0.6527680159,0.2139520049,0.8680319786,0.925216,1,0,4,39841,34861,17,17,8568,24.57760822,14.68695677,512002,0,512002,39841
cstone,d7fddfb4f8d8ada0eb1a65d1a450a66c8cbd794c,direct,octree_leafcount,flyby,10,979,979,0.7368639708,0.2002560049,0.9384319782,0.994362,1,0,5,39593,34644,17,17,8705,25.12700612,14.77895162,512002,0,512002,39593
cstone,d7fddfb4f8d8ada0eb1a65d1a450a66c8cbd794c,direct,octree_leafcount,flyby,10,980,980,0.8134080172,0.2431679964,1.057919979,1.116693,1,0,6,39961,34966,17,17,8695,24.86701367,14.64285306,512002,0,512002,39961
cstone,d7fddfb4f8d8ada0eb1a65d1a450a66c8cbd794c,direct,octree_leafcount,flyby,10,981,981,0.6600319743,0.2009599954,0.8623039722,0.917567,1,0,4,39921,34931,17,17,8525,24.40525608,14.65752483,512002,0,512002,39921
cstone,d7fddfb4f8d8ada0eb1a65d1a450a66c8cbd794c,direct,octree_leafcount,flyby,10,982,982,0.7455679774,0.2401279956,0.987071991,1.042968,1,0,5,39929,34938,17,17,8714,24.94132463,14.65458813,512002,0,512002,39929
cstone,d7fddfb4f8d8ada0eb1a65d1a450a66c8cbd794c,direct,octree_leafcount,flyby,10,983,983,0.7990720272,0.227264002,1.027647972,1.082289,1,0,6,39985,34987,17,17,8579,24.5205362,14.63406408,512002,0,512002,39985
cstone,d7fddfb4f8d8ada0eb1a65d1a450a66c8cbd794c,direct,octree_leafcount,flyby,10,984,984,0.6671040058,0.2528640032,0.9212800264,0.982344,1,0,4,40225,35197,17,17,8608,24.45662983,14.54675114,512002,0,512002,40225
cstone,d7fddfb4f8d8ada0eb1a65d1a450a66c8cbd794c,direct,octree_leafcount,flyby,10,985,985,0.7558720112,0.2372480035,0.994592011,1.056617,1,0,5,39985,34987,17,17,8781,25.0978935,14.63406408,512002,0,512002,39985
cstone,d7fddfb4f8d8ada0eb1a65d1a450a66c8cbd794c,direct,octree_leafcount,flyby,10,986,986,0.8258240223,0.2600640059,1.087200046,1.148159,1,0,6,40361,35316,17,17,8658,24.5158002,14.49773474,512002,0,512002,40361
cstone,d7fddfb4f8d8ada0eb1a65d1a450a66c8cbd794c,direct,octree_leafcount,flyby,10,987,987,0.6676160097,0.2150080055,0.8839679956,0.94102,1,0,4,40329,35288,17,17,8577,24.30571299,14.50923827,512002,0,512002,40329
cstone,d7fddfb4f8d8ada0eb1a65d1a450a66c8cbd794c,direct,octree_leafcount,flyby,10,988,988,0.7594559789,0.2344319969,0.995231986,1.057857,1,0,5,40273,35239,17,17,8801,24.97516956,14.52941343,512002,0,512002,40273
cstone,d7fddfb4f8d8ada0eb1a65d1a450a66c8cbd794c,direct,octree_leafcount,flyby,10,989,989,0.806303978,0.2183039933,1.025951982,1.084064,1,0,6,40153,35134,17,17,8720,24.81926339,14.57283543,512002,0,512002,40153
cstone,d7fddfb4f8d8ada0eb1a65d1a450a66c8cbd794c,direct,octree_leafcount,flyby,10,990,990,0.6568959951,0.2375040054,0.895712018,0.951632,1,0,4,40249,35218,17,17,8605,24.43352831,14.53807712,512002,0,512002,40249
cstone,d7fddfb4f8d8ada0eb1a65d1a450a66c8cbd794c,direct,octree_leafcount,flyby,10,991,991,0.9252799749,0.2955200076,1.222144008,1.316528,1,0,5,40065,35057,17,17,8808,25.12479676,14.60484354,512002,0,512002,40065
cstone,d7fddfb4f8d8ada0eb1a65d1a450a66c8cbd794c,direct,octree_leafcount,flyby,10,992,992,0.8003200293,0.2262399942,1.027968049,1.081859,1,0,6,40193,35169,17,17,8668,24.64670591,14.55833262,512002,0,512002,40193
cstone,d7fddfb4f8d8ada0eb1a65d1a450a66c8cbd794c,direct,octree_leafcount,flyby,10,993,993,0.7524480224,0.2585920095,1.01235199,1.073332,1,0,5,40329,35288,17,17,8700,24.65427341,14.50923827,512002,0,512002,40329
cstone,d7fddfb4f8d8ada0eb1a65d1a450a66c8cbd794c,direct,octree_leafcount,flyby,10,994,994,0.7330560088,0.2353599966,0.9697600007,1.032345,1,0,5,39921,34931,17,17,8785,25.1495806,14.65752483,512002,0,512002,39921
cstone,d7fddfb4f8d8ada0eb1a65d1a450a66c8cbd794c,direct,octree_leafcount,flyby,10,995,995,0.8043839931,0.2425280064,1.048223972,1.105367,1,0,6,39993,34994,17,17,8703,24.86997771,14.63113677,512002,0,512002,39993
cstone,d7fddfb4f8d8ada0eb1a65d1a450a66c8cbd794c,direct,octree_leafcount,flyby,10,996,996,0.7351679802,0.2349759936,0.9715200067,1.02937,1,0,5,40265,35232,17,17,8693,24.67359219,14.53230018,512002,0,512002,40265
cstone,d7fddfb4f8d8ada0eb1a65d1a450a66c8cbd794c,direct,octree_leafcount,flyby,10,997,997,0.6616320014,0.2149759978,0.8779199719,0.936851,1,0,4,39849,34868,17,17,8654,24.81931857,14.68400826,512002,0,512002,39849
cstone,d7fddfb4f8d8ada0eb1a65d1a450a66c8cbd794c,direct,octree_leafcount,flyby,10,998,998,0.8228160143,0.231904,1.056095958,1.112818,1,0,6,40017,35015,17,17,8614,24.60088533,14.62236184,512002,0,512002,40017
cstone,d7fddfb4f8d8ada0eb1a65d1a450a66c8cbd794c,direct,octree_leafcount,flyby,10,999,999,0.7370240092,0.2376960069,0.9760640264,1.032937,1,0,5,40337,35295,17,17,8625,24.43688908,14.50636067,512002,0,512002,40337
cstone,d7fddfb4f8d8ada0eb1a65d1a450a66c8cbd794c,direct,octree_leafcount,flyby,10,1000,1000,0.6564800143,0.2007679939,0.8585919738,0.913485,1,0,4,40081,35071,17,17,8594,24.50457643,14.59901343,512002,0,512002,40081
cstone,d7fddfb4f8d8ada0eb1a65d1a450a66c8cbd794c,direct,octree_leafcount,flyby,10,1001,1001,0.8017280102,0.198624,1.001695991,1.055373,1,0,6,39833,34854,17,17,8468,24.29563321,14.68990647,512002,0,512002,39833
cstone,d7fddfb4f8d8ada0eb1a65d1a450a66c8cbd794c,direct,octree_leafcount,flyby,10,1002,1002,0.7363839746,0.2364799976,0.9742079973,1.028753,1,0,5,40025,35022,17,17,8612,24.59025755,14.61943921,512002,0,512002,40025
cstone,d7fddfb4f8d8ada0eb1a65d1a450a66c8cbd794c,direct,octree_leafcount,flyby,10,1003,1003,0.6600959897,0.231904,0.8933119774,0.948203,1,0,4,40065,35057,17,17,8676,24.74826711,14.60484354,512002,0,512002,40065
cstone,d7fddfb4f8d8ada0eb1a65d1a450a66c8cbd794c,direct,octree_leafcount,flyby,10,1004,1004,0.8030400276,0.2185280025,1.022976041,1.081753,1,0,6,39969,34973,17,17,8604,24.6018357,14.63992223,512002,0,512002,39969
cstone,d7fddfb4f8d8ada0eb1a65d1a450a66c8cbd794c,direct,octree_leafcount,flyby,10,1005,1005,0.7362239957,0.231904,0.9695039988,1.025236,1,0,5,40337,35295,17,17,8734,24.74571469,14.50636067,512002,0,512002,40337
cstone,d7fddfb4f8d8ada0eb1a65d1a450a66c8cbd794c,direct,octree_leafcount,flyby,10,1006,1006,0.6506239772,0.1996800005,0.8516479731,0.90504,1,0,4,40121,35106,17,17,8701,24.78493705,14.5844585,512002,0,512002,40121
cstone,d7fddfb4f8d8ada0eb1a65d1a450a66c8cbd794c,direct,octree_leafcount,flyby,10,1007,1007,0.7852159739,0.2016640007,0.9881920218,1.043911,1,0,6,40097,35085,17,17,8627,24.58885564,14.59318797,512002,0,512002,40097
cstone,d7fddfb4f8d8ada0eb1a65d1a450a66c8cbd794c,direct,octree_leafcount,flyby,10,1008,1008,0.7418239713,0.2320960015,0.9752640128,1.031255,1,0,5,40489,35428,17,17,8743,24.67822062,14.45190245,512002,0,512002,40489
cstone,d7fddfb4f8d8ada0eb1a65d1a450a66c8cbd794c,direct,octree_leafcount,flyby,10,1009,1009,0.6600319743,0.2018560022,0.8632000089,0.918379,1,0,4,40177,35155,17,17,8728,24.82719386,14.56413028,512002,0,512002,40177
cstone,d7fddfb4f8d8ada0eb1a65d1a450a66c8cbd794c,direct,octree_leafcount,flyby,10,1010,1010,0.7912319899,0.2104000002,1.002943993,1.060296,1,0,6,39977,34980,17,17,8596,24.57404231,14.63699257,512002,0,512002,39977
cstone,d7fddfb4f8d8ada0eb1a65d1a450a66c8cbd794c,direct,octree_leafcount,flyby,10,1011,1011,0.7417600155,0.2380480021,0.981151998,1.037953,1,0,5,40385,35337,17,17,8749,24.75875145,14.48911905,512002,0,512002,40385
cstone,d7fddfb4f8d8ada0eb1a65d1a450a66c8cbd794c,direct,octree_leafcount,flyby,10,1012,1012,0.6453120112,0.2360000014,0.8862079978,0.941324,1,0,4,40545,35477,17,17,8741,24.63849818,14.43194182,512002,0,512002,40545
cstone,d7fddfb4f8d8ada0eb1a65d1a450a66c8cbd794c,direct,octree_leafcount,flyby,10,1013,1013,0.7904000282,0.2088640034,1.000607967,1.059782,1,0,6,39985,34987,17,17,8599,24.57770029,14.63406408,512002,0,512002,39985
cstone,d7fddfb4f8d8ada0eb1a65d1a450a66c8cbd794c,direct,octree_leafcount,flyby,10,1014,1014,0.7494400144,0.2509759963,1.001760006,1.061176,1,0,5,40201,35176,17,17,8821,25.07675688,14.55543552,512002,0,512002,40201
cstone,d7fddfb4f8d8ada0eb1a65d1a450a66c8cbd794c,direct,octree_leafcount,flyby,10,1015,1015,0.6453120112,0.2170239985,0.8636800051,0.922003,1,0,4,40049,35043,17,17,8767,25.01783523,14.61067831,512002,0,512002,40049
cstone,d7fddfb4f8d8ada0eb1a65d1a450a66c8cbd794c,direct,octree_leafcount,flyby,10,1016,1016,0.7989760041,0.2421440035,1.042464018,1.099586,1,0,6,40121,35106,17,17,8654,24.6510568,14.5844585,512002,0,512002,40121
cstone,d7fddfb4f8d8ada0eb1a65d1a450a66c8cbd794c,direct,octree_leafcount,flyby,10,1017,1017,0.7474560142,0.212063998,0.9608319998,1.0181,1,0,5,39889,34903,17,17,8716,24.97206544,14.66928344,512002,0,512002,39889
cstone,d7fddfb4f8d8ada0eb1a65d1a450a66c8cbd794c,direct,octree_leafcount,flyby,10,1018,1018,0.661567986,0.2226880044,0.8855680227,0.940288,1,0,4,39985,34987,17,17,8660,24.75205076,14.63406408,512002,0,512002,39985
cstone,d7fddfb4f8d8ada0eb1a65d1a450a66c8cbd794c,direct,octree_leafcount,flyby,10,1019,1019,0.7974720001,0.2188480049,1.017632008,1.068855,1,0,6,40001,35001,17,17,8630,24.65643839,14.62821062,512002,0,512002,40001
cstone,d7fddfb4f8d8ada0eb1a65d1a450a66c8cbd794c,direct,octree_leafcount,flyby,10,1020,1020,0.7373440266,0.2288320065,0.9675199986,1.021657,1,0,5,40225,35197,17,17,8736,24.82029718,14.54675114,512002,0,512002,40225
cstone,d7fddfb4f8d8ada0eb1a65d1a450a66c8cbd794c,direct,octree_leafcount,flyby,10,1021,1021,0.6664639711,0.2323839962,0.9001920223,0.956833,1,0,4,40257,35225,17,17,8652,24.56210078,14.53518808,512002,0,512002,40257
cstone,d7fddfb4f8d8ada0eb1a65d1a450a66c8cbd794c,direct,octree_leafcount,flyby,10,1022,1022,0.7886400223,0.2001599967,0.9902080297,1.043817,1,0,6,40065,35057,17,17,8474,24.17206264,14.60484354,512002,0,512002,40065
cstone,d7fddfb4f8d8ada0eb1a65d1a450a66c8cbd794c,direct,octree_leafcount,flyby,10,1023,1023,0.7394880056,0.2309760004,0.971840024,1.02864,1,0,5,40177,35155,17,17,8741,24.86417295,14.56413028,512002,0,512002,40177
cstone,d7fddfb4f8d8ada0eb1a65d1a450a66c8cbd794c,direct,octree_leafcount,flyby,10,1024,1024,0.6626880169,0.2421440035,0.906175971,0.964486,1,0,4,40201,35176,17,17,8541,24.28075961,14.55543552,512002,0,512002,40201
cstone,d7fddfb4f8d8ada0eb1a65d1a450a66c8cbd794c,direct,octree_leafcount,flyby,10,1025,1025,0.7879999876,0.1965440065,0.9858559966,1.038828,1,0,6,40153,35134,17,17,8515,24.235783,14.57283543,512002,0,512002,40153
cstone,d7fddfb4f8d8ada0eb1a65d1a450a66c8cbd794c,direct,octree_leafcount,flyby,10,1026,1026,0.7270399928,0.2078720033,0.9362559915,0.983655,1,0,5,40169,35148,17,17,8750,24.89473085,14.56703084,512002,0,512002,40169
cstone,d7fddfb4f8d8ada0eb1a65d1a450a66c8cbd794c,direct,octree_leafcount,flyby,10,1027,1027,0.642975986,0.1991360039,0.8434240222,0.889895,1,0,4,40257,35225,17,17,8594,24.397445,14.53518808,512002,0,512002,40257
cstone,d7fddfb4f8d8ada0eb1a65d1a450a66c8cbd794c,direct,octree_leafcount,flyby,10,1028,1028,0.7845759988,0.1944960058,0.9804159999,1.02533,1,0,6,40265,35232,17,17,8584,24.36421435,14.53230018,512002,0,512002,40265
cstone,d7fddfb4f8d8ada0eb1a65d1a450a66c8cbd794c,direct,octree_leafcount,flyby,10,1029,1029,0.7154560089,0.1924799979,0.9094079733,0.954391,1,0,5,40329,35288,17,17,8802,24.94332351,14.50923827,512002,0,512002,40329
cstone,d7fddfb4f8d8ada0eb1a65d1a450a66c8cbd794c,direct,octree_leafcount,flyby,10,1030,1030,0.6347519755,0.1622720063,0.7983679771,0.840613,1,0,4,40241,35211,17,17,8699,24.70534776,14.54096731,512002,0,512002,40241
cstone,d7fddfb4f8d8ada0eb1a65d1a450a66c8cbd794c,direct,octree_leafcount,flyby,10,1031,1031,0.7902079821,0.1899199933,0.9814720154,1.024774,1,0,6,40273,35239,17,17,8615,24.44734527,14.52941343,512002,0,512002,40273
cstone,d7fddfb4f8d8ada0eb1a65d1a450a66c8cbd794c,direct,octree_leafcount,flyby,10,1032,1032,0.7224000096,0.1657280028,0.8894400001,0.931459,1,0,5,40113,35099,17,17,8823,25.1374683,14.58736716,512002,0,512002,40113
cstone,d7fddfb4f8d8ada0eb1a65d1a450a66c8cbd794c,direct,octree_leafcount,flyby,10,1033,1033,0.6309440136,0.1608639956,0.7931519747,0.833734,1,0,4,39961,34966,17,17,8588,24.56100212,14.64285306,512002,0,512002,39961
cstone,d7fddfb4f8d8ada0eb1a65d1a450a66c8cbd794c,direct,octree_leafcount,flyby,10,1034,1034,0.798879981,0.1884160042,0.9886400104,1.031659,1,0,6,40073,35064,17,17,8606,24.54369154,14.6019279,512002,0,512002,40073
cstone,d7fddfb4f8d8ada0eb1a65d1a450a66c8cbd794c,direct,octree_leafcount,flyby,10,1035,1035,0.7377600074,0.2206400037,0.9597120285,1.01085,1,0,5,40153,35134,17,17,8790,25.0185006,14.57283543,512002,0,512002,40153
cstone,d7fddfb4f8d8ada0eb1a65d1a450a66c8cbd794c,direct,octree_leafcount,flyby,10,1036,1036,0.6497280002,0.2129600048,0.8640000224,0.921498,1,0,4,40081,35071,17,17,8614,24.5616036,14.59901343,512002,0,512002,40081
cstone,d7fddfb4f8d8ada0eb1a65d1a450a66c8cbd794c,direct,octree_leafcount,flyby,10,1037,1037,0.7963200212,0.2340800017,1.031712055,1.088432,1,0,6,40273,35239,17,17,8630,24.48991175,14.52941343,512002,0,512002,40273
cstone,d7fddfb4f8d8ada0eb1a65d1a450a66c8cbd794c,direct,octree_leafcount,flyby,10,1038,1038,0.7458239794,0.2337599993,0.9808959961,1.042236,1,0,5,40041,35036,17,17,8747,24.96574951,14.61359744,512002,0,512002,40041
cstone,d7fddfb4f8d8ada0eb1a65d1a450a66c8cbd794c,direct,octree_leafcount,flyby,10,1039,1039,0.6637439728,0.2403199971,0.9054080248,0.968764,1,0,4,39937,34945,17,17,8593,24.59007011,14.6516526,512002,0,512002,39937
cstone,d7fddfb4f8d8ada0eb1a65d1a450a66c8cbd794c,direct,octree_leafcount,flyby,10,1040,1040,0.8201280236,0.2586559951,1.080096006,1.142995,1,0,6,40057,35050,17,17,8600,24.5363766,14.60776034,512002,0,512002,40057
cstone,d7fddfb4f8d8ada0eb1a65d1a450a66c8cbd794c,direct,octree_leafcount,flyby,10,1041,1041,0.7460799813,0.238560006,0.9860159755,1.04344,1,0,5,40129,35113,17,17,8695,24.76290832,14.58155099,512002,0,512002,40129
cstone,d7fddfb4f8d8ada0eb1a65d1a450a66c8cbd794c,direct,octree_leafcount,flyby,10,1042,1042,0.6566399932,0.2129279971,0.8708800077,0.924994,1,0,4,40113,35099,17,17,8585,24.45938631,14.58736716,512002,0,512002,40113
cstone,d7fddfb4f8d8ada0eb1a65d1a450a66c8cbd794c,direct,octree_leafcount,flyby,10,1043,1043,0.8085119724,0.220096007,1.029919982,1.08227,1,0,6,40529,35463,17,17,8760,24.70180188,14.43763923,512002,0,512002,40529
cstone,d7fddfb4f8d8ada0eb1a65d1a450a66c8cbd794c,direct,octree_leafcount,flyby,10,1044,1044,0.7421119809,0.2026879936,0.9461439848,0.999626,1,0,5,40449,35393,17,17,8880,25.089707,14.46619388,512002,0,512002,40449
cstone,d7fddfb4f8d8ada0eb1a65d1a450a66c8cbd794c,direct,octree_leafcount,flyby,10,1045,1045,0.6560639739,0.2026879936,0.8600959778,0.916647,1,0,4,40217,35190,17,17,8766,24.91048593,14.54964479,512002,0,512002,40217
cstone,d7fddfb4f8d8ada0eb1a65d1a450a66c8cbd794c,direct,octree_leafcount,flyby,10,1046,1046,0.8085759878,0.2207040042,1.030688047,1.083128,1,0,6,40625,35547,17,17,8806,24.77283596,14.4035221,512002,0,512002,40625
cstone,d7fddfb4f8d8ada0eb1a65d1a450a66c8cbd794c,direct,octree_leafcount,flyby,10,1047,1047,0.7358719707,0.1981440037,0.9353280067,0.989037,1,0,5,40457,35400,17,17,8928,25.22033898,14.46333333,512002,0,512002,40457
cstone,d7fddfb4f8d8ada0eb1a65d1a450a66c8cbd794c,direct,octree_leafcount,flyby,10,1048,1048,0.6374080181,0.206783995,0.8455039859,0.901539,1,0,4,40305,35267,17,17,8736,24.77103241,14.5178779,512002,0,512002,40305
cstone,d7fddfb4f8d8ada0eb1a65d1a450a66c8cbd794c,direct,octree_leafcount,flyby,10,1049,1049,0.8040639758,0.2242240012,1.029567957,1.082962,1,0,6,40489,35428,17,17,8807,24.85886869,14.45190245,512002,0,512002,40489
cstone,d7fddfb4f8d8ada0eb1a65d1a450a66c8cbd794c,direct,octree_leafcount,flyby,10,1050,1050,0.7275519967,0.1909440011,0.9198719859,0.971791,1,0,5,40225,35197,17,17,8859,25.16975879,14.54675114,512002,0,512002,40225
cstone,d7fddfb4f8d8ada0eb1a65d1a450a66c8cbd794c,direct,octree_leafcount,flyby,10,1051,1051,0.7076479793,0.1960639954,0.9050239921,0.960313,1,0,5,40201,35176,17,17,8638,24.55651581,14.55543552,512002,0,512002,40201
cstone,d7fddfb4f8d8ada0eb1a65d1a450a66c8cbd794c,direct,octree_leafcount,flyby,10,1052,1052,0.8107200265,0.2349119931,1.046944022,1.103771,1,0,6,40497,35435,17,17,8710,24.5802173,14.44904755,512002,0,512002,40497
cstone,d7fddfb4f8d8ada0eb1a65d1a450a66c8cbd794c,direct,octree_leafcount,flyby,10,1053,1053,0.7436800003,0.2180480063,0.9630399942,1.021255,1,0,5,40193,35169,17,17,8784,24.97654184,14.55833262,512002,0,512002,40193
cstone,d7fddfb4f8d8ada0eb1a65d1a450a66c8cbd794c,direct,octree_leafcount,flyby,10,1054,1054,0.6515840292,0.2211199999,0.8740479946,0.930456,1,0,4,40097,35085,17,17,8701,24.79977198,14.59318797,512002,0,512002,40097
cstone,d7fddfb4f8d8ada0eb1a65d1a450a66c8cbd794c,direct,octree_leafcount,flyby,10,1055,1055,0.8047040105,0.206783995,1.012799978,1.06714,1,0,6,40073,35064,17,17,8676,24.74332649,14.6019279,512002,0,512002,40073
cstone,d7fddfb4f8d8ada0eb1a65d1a450a66c8cbd794c,direct,octree_leafcount,flyby,10,1056,1056,0.7397760153,0.2044800073,0.9455680251,1.000058,1,0,5,39913,34924,17,17,8761,25.08590081,14.66046272,512002,0,512002,39913
cstone,d7fddfb4f8d8ada0eb1a65d1a450a66c8cbd794c,direct,octree_leafcount,flyby,10,1057,1057,0.6610239744,0.2349759936,0.8973439932,0.952175,1,0,4,39961,34966,17,17,8554,24.4637648,14.64285306,512002,0,512002,39961
cstone,d7fddfb4f8d8ada0eb1a65d1a450a66c8cbd794c,direct,octree_leafcount,flyby,10,1058,1058,0.8211839795,0.231904,1.054527998,1.108212,1,0,6,40377,35330,17,17,8721,24.68440419,14.49198981,512002,0,512002,40377
cstone,d7fddfb4f8d8ada0eb1a65d1a450a66c8cbd794c,direct,octree_leafcount,flyby,10,1059,1059,0.728128016,0.1914239973,0.9208959937,0.971399,1,0,5,40217,35190,17,17,8872,25.21170787,14.54964479,512002,0,512002,40217
cstone,d7fddfb4f8d8ada0eb1a65d1a450a66c8cbd794c,direct,octree_leafcount,flyby,10,1060,1060,0.6530879736,0.2099519968,0.8643839955,0.921249,1,0,4,39921,34931,17,17,8621,24.68008359,14.65752483,512002,0,512002,39921
cstone,d7fddfb4f8d8ada0eb1a65d1a450a66c8cbd794c,direct,octree_leafcount,flyby,10,1061,1061,0.8098559976,0.2155199945,1.026720047,1.078569,1,0,6,40169,35148,17,17,8627,24.54478206,14.56703084,512002,0,512002,40169
cstone,d7fddfb4f8d8ada0eb1a65d1a450a66c8cbd794c,direct,octree_leafcount,flyby,10,1062,1062,0.7353600264,0.2349759936,0.9716799855,1.027013,1,0,5,40225,35197,17,17,8796,24.99076626,14.54675114,512002,0,512002,40225
cstone,d7fddfb4f8d8ada0eb1a65d1a450a66c8cbd794c,direct,octree_leafcount,flyby,10,1063,1063,0.6646080017,0.2037120014,0.8732479811,0.926115,1,0,4,40225,35197,17,17,8672,24.63846351,14.54675114,512002,0,512002,40225
cstone,d7fddfb4f8d8ada0eb1a65d1a450a66c8cbd794c,direct,octree_leafcount,flyby,10,1064,1064,0.8104959726,0.2323839962,1.044224024,1.100634,1,0,6,40537,35470,17,17,8765,24.7110234,14.43478996,512002,0,512002,40537
cstone,d7fddfb4f8d8ada0eb1a65d1a450a66c8cbd794c,direct,octree_leafcount,flyby,10,1065,1065,0.7280640006,0.2047359943,0.9341440201,0.989893,1,0,5,40361,35316,17,17,8806,24.93487371,14.49773474,512002,0,512002,40361
cstone,d7fddfb4f8d8ada0eb1a65d1a450a66c8cbd794c,direct,octree_leafcount,flyby,10,1066,1066,0.6517440081,0.2042880058,0.8573439717,0.911433,1,0,4,40073,35064,17,17,8620,24.58361853,14.6019279,512002,0,512002,40073
cstone,d7fddfb4f8d8ada0eb1a65d1a450a66c8cbd794c,direct,octree_leafcount,flyby,10,1067,1067,0.8148800135,0.240575999,1.056800008,1.113967,1,0,6,40257,35225,17,17,8739,24.80908446,14.53518808,512002,0,512002,40257
cstone,d7fddfb4f8d8ada0eb1a65d1a450a66c8cbd794c,direct,octree_leafcount,flyby,10,1068,1068,0.7430400252,0.2431679964,0.9875519872,1.04769,1,0,5,40337,35295,17,17,8807,24.95254285,14.50636067,512002,0,512002,40337
cstone,d7fddfb4f8d8ada0eb1a65d1a450a66c8cbd794c,direct,octree_leafcount,flyby,10,1069,1069,0.6531199813,0.2124480009,0.8669120073,0.923488,1,0,4,40081,35071,17,17,8587,24.48461692,14.59901343,512002,0,512002,40081
cstone,d7fddfb4f8d8ada0eb1a65d1a450a66c8cbd794c,direct,octree_leafcount,flyby,10,1070,1070,0.8197439909,0.2432000041,1.06428802,1.120219,1,0,6,40321,35281,17,17,8621,24.43524843,14.512117,512002,0,512002,40321
cstone,d7fddfb4f8d8ada0eb1a65d1a450a66c8cbd794c,direct,octree_leafcount,flyby,10,1071,1071,0.7514879704,0.2252160013,0.9780480266,1.040374,1,0,5,39945,34952,17,17,8722,24.95422293,14.64871824,512002,0,512002,39945
cstone,d7fddfb4f8d8ada0eb1a65d1a450a66c8cbd794c,direct,octree_leafcount,flyby,10,1072,1072,0.6601600051,0.2197439969,0.8812479973,0.940037,1,0,4,39921,34931,17,17,8480,24.27643068,14.65752483,512002,0,512002,39921
cstone,d7fddfb4f8d8ada0eb1a65d1a450a66c8cbd794c,direct,octree_leafcount,flyby,10,1073,1073,0.8215680122,0.2395520061,1.062463999,1.119581,1,0,6,40441,35386,17,17,8610,24.33165659,14.46905556,512002,0,512002,40441
cstone,d7fddfb4f8d8ada0eb1a65d1a450a66c8cbd794c,direct,octree_leafcount,flyby,10,1074,1074,0.73318398,0.2068160027,0.9413759708,0.996213,1,0,5,40369,35323,17,17,8684,24.58454831,14.4948617,512002,0,512002,40369
cstone,d7fddfb4f8d8ada0eb1a65d1a450a66c8cbd794c,direct,octree_leafcount,flyby,10,1075,1075,0.6505600214,0.2108799964,0.8627840281,0.917871,1,0,4,39993,34994,17,17,8472,24.20986455,14.63113677,512002,0,512002,39993
cstone,d7fddfb4f8d8ada0eb1a65d1a450a66c8cbd794c,direct,octree_leafcount,flyby,10,1076,1076,0.8097280264,0.2216960043,1.032735944,1.086158,1,0,6,40297,35260,17,17,8642,24.50935905,14.52076007,512002,0,512002,40297
cstone,d7fddfb4f8d8ada0eb1a65d1a450a66c8cbd794c,direct,octree_leafcount,flyby,10,1077,1077,0.7415360212,0.2108799964,0.953791976,1.009015,1,0,5,40105,35092,17,17,8606,24.52410806,14.59027699,512002,0,512002,40105
cstone,d7fddfb4f8d8ada0eb1a65d1a450a66c8cbd794c,direct,octree_leafcount,flyby,10,1078,1078,0.6573759913,0.2149759978,0.8737279773,0.930315,1,0,4,39697,34735,17,17,8430,24.26946884,14.74023319,512002,0,512002,39697
cstone,d7fddfb4f8d8ada0eb1a65d1a450a66c8cbd794c,direct,octree_leafcount,flyby,10,1079,1079,0.8155199885,0.2354560047,1.052288055,1.108834,1,0,6,40097,35085,17,17,8581,24.45774548,14.59318797,512002,0,512002,40097
cstone,d7fddfb4f8d8ada0eb1a65d1a450a66c8cbd794c,direct,octree_leafcount,flyby,10,1080,1080,0.7383679748,0.2109760046,0.9506559968,1.00627,1,0,5,40049,35043,17,17,8610,24.56981423,14.61067831,512002,0,512002,40049
cstone,d7fddfb4f8d8ada0eb1a65d1a450a66c8cbd794c,direct,octree_leafcount,flyby,10,1081,1081,0.6700800061,0.242847994,0.9142720103,0.977256,1,0,4,39825,34847,17,17,8505,24.40669211,14.69285735,512002,0,512002,39825
cstone,d7fddfb4f8d8ada0eb1a65d1a450a66c8cbd794c,direct,octree_leafcount,flyby,10,1082,1082,0.8332480192,0.2620800138,1.096672058,1.157887,1,0,6,40137,35120,17,17,8617,24.53587699,14.57864465,512002,0,512002,40137
cstone,d7fddfb4f8d8ada0eb1a65d1a450a66c8cbd794c,direct,octree_leafcount,flyby,10,1083,1083,0.7577599883,0.269472003,1.028576016,1.092534,1,0,5,40169,35148,17,17,8759,24.92033686,14.56703084,512002,0,512002,40169
cstone,d7fddfb4f8d8ada0eb1a65d1a450a66c8cbd794c,direct,octree_leafcount,flyby,10,1084,1084,0.6649919748,0.2371519953,0.9035199881,0.965687,1,0,4,39713,34749,17,17,8509,24.4870356,14.73429451,512002,0,512002,39713
cstone,d7fddfb4f8d8ada0eb1a65d1a450a66c8cbd794c,direct,octree_leafcount,flyby,10,1085,1085,0.8113279939,0.2483520061,1.061023951,1.119813,1,0,6,39889,34903,17,17,8465,24.25292955,14.66928344,512002,0,512002,39889
cstone,d7fddfb4f8d8ada0eb1a65d1a450a66c8cbd794c,direct,octree_leafcount,flyby,10,1086,1086,0.7440959811,0.2372480035,0.9827200174,1.044776,1,0,5,39881,34896,17,17,8509,24.38388354,14.67222604,512002,0,512002,39881
cstone,d7fddfb4f8d8ada0eb1a65d1a450a66c8cbd794c,direct,octree_leafcount,flyby,10,1087,1087,0.6575999856,0.233408004,0.8923199773,0.952844,1,0,4,39785,34812,17,17,8359,24.011835,14.70762955,512002,0,512002,39785
cstone,d7fddfb4f8d8ada0eb1a65d1a450a66c8cbd794c,direct,octree_leafcount,flyby,10,1088,1088,0.819584012,0.2593280077,1.080255985,1.142034,1,0,6,40201,35176,17,17,8500,24.16420287,14.55543552,512002,0,512002,40201
cstone,d7fddfb4f8d8ada0eb1a65d1a450a66c8cbd794c,direct,octree_leafcount,flyby,10,1089,1089,0.7288960218,0.2251839936,0.9554240108,1.017725,1,0,5,40129,35113,17,17,8545,24.33571612,14.58155099,512002,0,512002,40129
cstone,d7fddfb4f8d8ada0eb1a65d1a450a66c8cbd794c,direct,octree_leafcount,flyby,10,1090,1090,0.6605439782,0.2442560047,0.9061440229,0.969591,1,0,4,39793,34819,17,17,8471,24.32867113,14.70467274,512002,0,512002,39793
cstone,d7fddfb4f8d8ada0eb1a65d1a450a66c8cbd794c,direct,octree_leafcount,flyby,10,1091,1091,0.8077440262,0.2679359913,1.077023983,1.139685,1,0,6,40009,35008,17,17,8540,24.39442413,14.62528565,512002,0,512002,40009
cstone,d7fddfb4f8d8ada0eb1a65d1a450a66c8cbd794c,direct,octree_leafcount,flyby,10,1092,1092,0.7434239984,0.2449599952,0.9898880124,1.052435,1,0,5,39785,34812,17,17,8509,24.4427209,14.70762955,512002,0,512002,39785
cstone,d7fddfb4f8d8ada0eb1a65d1a450a66c8cbd794c,direct,octree_leafcount,flyby,10,1093,1093,0.6698880196,0.2467200011,0.9179520011,0.98261,1,0,4,39705,34742,17,17,8436,24.28184906,14.73726325,512002,0,512002,39705
cstone,d7fddfb4f8d8ada0eb1a65d1a450a66c8cbd794c,direct,octree_leafcount,flyby,10,1094,1094,0.8195520043,0.2615039945,1.082399964,1.143854,1,0,6,40233,35204,17,17,8497,24.13646177,14.54385865,512002,0,512002,40233
cstone,d7fddfb4f8d8ada0eb1a65d1a450a66c8cbd794c,direct,octree_leafcount,flyby,10,1095,1095,0.7503039837,0.2566399872,1.00822401,1.075897,1,0,5,39801,34826,17,17,8526,24.48170907,14.70171711,512002,0,512002,39801
cstone,d7fddfb4f8d8ada0eb1a65d1a450a66c8cbd794c,direct,octree_leafcount,flyby,10,1096,1096,0.6632000208,0.254016012,0.9185280204,0.986129,1,0,4,39753,34784,17,17,8341,23.97941582,14.71946872,512002,0,512002,39753
cstone,d7fddfb4f8d8ada0eb1a65d1a450a66c8cbd794c,direct,octree_leafcount,flyby,10,1097,1097,0.8219839931,0.2790080011,1.102560043,1.168543,1,0,6,40169,35148,17,17,8529,24.26596108,14.56703084,512002,0,512002,40169
cstone,d7fddfb4f8d8ada0eb1a65d1a450a66c8cbd794c,direct,octree_leafcount,flyby,10,1098,1098,0.7456319928,0.2871679962,1.034144044,1.100804,1,0,5,40185,35162,17,17,8660,24.6288607,14.56123087,512002,0,512002,40185
cstone,d7fddfb4f8d8ada0eb1a65d1a450a66c8cbd794c,direct,octree_leafcount,flyby,10,1099,1099,0.6665279865,0.2567360103,0.9246399999,0.991842,1,0,4,39745,34777,17,17,8537,24.54783334,14.72243149,512002,0,512002,39745
cstone,d7fddfb4f8d8ada0eb1a65d1a450a66c8cbd794c,direct,octree_leafcount,flyby,10,1100,1100,0.8085119724,0.2671999931,1.07705605,1.139129,1,0,6,40361,35316,17,17,8678,24.57243176,14.49773474,512002,0,512002,40361
cstone,d7fddfb4f8d8ada0eb1a65d1a450a66c8cbd794c,direct,octree_leafcount,flyby,10,1101,1101,0.7441599965,0.2318720073,0.9773759842,1.040235,1,0,5,40249,35218,17,17,8790,24.95882787,14.53807712,512002,0,512002,40249
cstone,d7fddfb4f8d8ada0eb1a65d1a450a66c8cbd794c,direct,octree_leafcount,flyby,10,1102,1102,0.6627839804,0.2356159985,0.8997120261,0.960892,1,0,4,40089,35078,17,17,8601,24.51964194,14.59610012,512002,0,512002,40089
cstone,d7fddfb4f8d8ada0eb1a65d1a450a66c8cbd794c,direct,octree_leafcount,flyby,10,1103,1103,0.8211519718,0.2443200052,1.066815972,1.127392,1,0,6,40289,35253,17,17,8734,24.77519644,14.52364338,512002,0,512002,40289
cstone,d7fddfb4f8d8ada0eb1a65d1a450a66c8cbd794c,direct,octree_leafcount,flyby,10,1104,1104,0.7345280051,0.2411199957,0.9769920111,1.035617,1,0,5,40425,35372,17,17,8838,24.98586453,14.47478231,512002,0,512002,40425
cstone,d7fddfb4f8d8ada0eb1a65d1a450a66c8cbd794c,direct,octree_leafcount,flyby,10,1105,1105,0.6442880034,0.215072006,0.8606719971,0.91823,1,0,4,40337,35295,17,17,8691,24.6238844,14.50636067,512002,0,512002,40337
cstone,d7fddfb4f8d8ada0eb1a65d1a450a66c8cbd794c,direct,octree_leafcount,flyby,10,1106,1106,0.8196799755,0.245728001,1.066751957,1.12377,1,0,6,40745,35652,17,17,8803,24.69146191,14.36110176,512002,0,512002,40745
cstone,d7fddfb4f8d8ada0eb1a65d1a450a66c8cbd794c,direct,octree_leafcount,flyby,10,1107,1107,0.7391039729,0.2223999947,0.9628480077,1.023947,1,0,5,40689,35603,17,17,8846,24.84622082,14.38086678,512002,0,512002,40689
cstone,d7fddfb4f8d8ada0eb1a65d1a450a66c8cbd794c,direct,octree_leafcount,flyby,10,1108,1108,0.6563839912,0.2175679952,0.8753600121,0.933256,1,0,4,40593,35519,17,17,8746,24.62344098,14.41487654,512002,0,512002,40593
cstone,d7fddfb4f8d8ada0eb1a65d1a450a66c8cbd794c,direct,octree_leafcount,flyby,10,1109,1109,0.8158079982,0.220096007,1.037279963,1.095253,1,0,6,40593,35519,17,17,8735,24.59247163,14.41487654,512002,0,512002,40593
cstone,d7fddfb4f8d8ada0eb1a65d1a450a66c8cbd794c,direct,octree_leafcount,flyby,10,1110,1110,0.7363200188,0.2436479926,0.9813119769,1.040941,1,0,5,40649,35568,17,17,8924,25.08996851,14.39501799,512002,0,512002,40649
cstone,d7fddfb4f8d8ada0eb1a65d1a450a66c8cbd794c,direct,octree_leafcount,flyby,10,1111,1111,0.6474559903,0.2016959935,0.8504639864,0.907364,1,0,4,40457,35400,17,17,8794,24.84180791,14.46333333,512002,0,512002,40457
cstone,d7fddfb4f8d8ada0eb1a65d1a450a66c8cbd794c,direct,octree_leafcount,flyby,10,1112,1112,0.8346880078,0.238560006,1.074591994,1.130725,1,0,6,41009,35883,17,17,8945,24.928239,14.26865089,512002,0,512002,41009
cstone,d7fddfb4f8d8ada0eb1a65d1a450a66c8cbd794c,direct,octree_leafcount,flyby,10,1113,1113,0.7294719815,0.2047359943,0.9355840087,0.991672,1,0,5,40705,35617,17,17,8971,25.18741051,14.37521408,512002,0,512002,40705
cstone,d7fddfb4f8d8ada0eb1a65d1a450a66c8cbd794c,direct,octree_leafcount,flyby,10,1114,1114,0.650496006,0.2001599967,0.8520960212,0.908716,1,0,4,40673,35589,17,17,8841,24.84194554,14.38652393,512002,0,512002,40673
cstone,d7fddfb4f8d8ada0eb1a65d1a450a66c8cbd794c,direct,octree_leafcount,flyby,10,1115,1115,0.8165439963,0.2518399954,1.069759965,1.12782,1,0,6,40681,35596,17,17,8846,24.85110687,14.3836948,512002,0,512002,40681
cstone,d7fddfb4f8d8ada0eb1a65d1a450a66c8cbd794c,direct,octree_leafcount,flyby,10,1116,1116,0.7376319766,0.2170560062,0.9560319781,1.013221,1,0,5,40417,35365,17,17,8921,25.22550544,14.47764739,512002,0,512002,40417
cstone,d7fddfb4f8d8ada0eb1a65d1a450a66c8cbd794c,direct,octree_leafcount,flyby,10,1117,1117,0.7234560251,0.2170239985,0.9417920113,0.9974,1,0,5,40169,35148,17,17,8747,24.88619552,14.56703084,512002,0,512002,40169
cstone,d7fddfb4f8d8ada0eb1a65d1a450a66c8cbd794c,direct,octree_leafcount,flyby,10,1118,1118,0.8145279884,0.2252160013,1.041056037,1.095213,1,0,6,40401,35351,17,17,8700,24.61033634,14.48338095,512002,0,512002,40401
cstone,d7fddfb4f8d8ada0eb1a65d1a450a66c8cbd794c,direct,octree_leafcount,flyby,10,1119,1119,0.7458239794,0.2078080028,0.9549760222,1.00949,1,0,5,40233,35204,17,17,8860,25.16759459,14.54385865,512002,0,512002,40233
cstone,d7fddfb4f8d8ada0eb1a65d1a450a66c8cbd794c,direct,octree_leafcount,flyby,10,1120,1120,0.6571199894,0.2098560035,0.8683199883,0.924887,1,0,4,40121,35106,17,17,8654,24.6510568,14.5844585,512002,0,512002,40121
cstone,d7fddfb4f8d8ada0eb1a65d1a450a66c8cbd794c,direct,octree_leafcount,flyby,10,1121,1121,0.8045120239,0.225759998,1.031615973,1.086521,1,0,6,40353,35309,17,17,8764,24.8208672,14.50060891,512002,0,512002,40353
cstone,d7fddfb4f8d8ada0eb1a65d1a450a66c8cbd794c,direct,octree_leafcount,flyby,10,1122,1122,0.7458879948,0.1930879951,0.940320015,0.992756,1,0,5,40241,35211,17,17,8897,25.26767203,14.54096731,512002,0,512002,40241
cstone,d7fddfb4f8d8ada0eb1a65d1a450a66c8cbd794c,direct,octree_leafcount,flyby,10,1123,1123,0.6541759968,0.1950400025,0.8505600095,0.904673,1,0,4,40177,35155,17,17,8745,24.87555113,14.56413028,512002,0,512002,40177
cstone,d7fddfb4f8d8ada0eb1a65d1a450a66c8cbd794c,direct,octree_leafcount,flyby,10,1124,1124,0.8158079982,0.2360000014,1.053151965,1.109378,1,0,6,40329,35288,17,17,8743,24.77612786,14.50923827,512002,0,512002,40329
cstone,d7fddfb4f8d8ada0eb1a65d1a450a66c8cbd794c,direct,octree_leafcount,flyby,10,1125,1125,0.7468799949,0.2395520061,0.9877759814,1.044333,1,0,5,40441,35386,17,17,8890,25.12292997,14.46905556,512002,0,512002,40441
cstone,d7fddfb4f8d8ada0eb1a65d1a450a66c8cbd794c,direct,octree_leafcount,flyby,10,1126,1126,0.6668159962,0.218592003,0.8868160248,0.945706,1,0,4,40353,35309,17,17,8687,24.60279249,14.50060891,512002,0,512002,40353
cstone,d7fddfb4f8d8ada0eb1a65d1a450a66c8cbd794c,direct,octree_leafcount,flyby,10,1127,1127,0.8197759986,0.2416319996,1.062752008,1.121367,1,0,6,40649,35568,17,17,8788,24.70760234,14.39501799,512002,0,512002,40649
cstone,d7fddfb4f8d8ada0eb1a65d1a450a66c8cbd794c,direct,octree_leafcount,flyby,10,1128,1128,0.7468479872,0.2134079933,0.9615679979,1.017534,1,0,5,40409,35358,17,17,8866,25.07494768,14.4805136,512002,0,512002,40409
cstone,d7fddfb4f8d8ada0eb1a65d1a450a66c8cbd794c,direct,octree_leafcount,flyby,10,1129,1129,0.6578239799,0.2239679992,0.8830720186,0.943969,1,0,4,40305,35267,17,17,8669,24.58105311,14.5178779,512002,0,512002,40305
cstone,d7fddfb4f8d8ada0eb1a65d1a450a66c8cbd794c,direct,octree_leafcount,flyby,10,1130,1130,0.8275200129,0.2167679965,1.04569602,1.10635,1,0,6,40225,35197,17,17,8666,24.6214166,14.54675114,512002,0,512002,40225
cstone,d7fddfb4f8d8ada0eb1a65d1a450a66c8cbd794c,direct,octree_leafcount,flyby,10,1131,1131,0.7407680154,0.2073280066,0.9494720101,1.005431,1,0,5,40153,35134,17,17,8836,25.1494279,14.57283543,512002,0,512002,40153
cstone,d7fddfb4f8d8ada0eb1a65d1a450a66c8cbd794c,direct,octree_leafcount,flyby,10,1132,1132,0.6557760239,0.2406080067,0.897759974,0.956562,1,0,4,40233,35204,17,17,8752,24.86081127,14.54385865,512002,0,512002,40233
cstone,d7fddfb4f8d8ada0eb1a65d1a450a66c8cbd794c,direct,octree_leafcount,flyby,10,1133,1133,0.8082559705,0.2472639978,1.056864023,1.112958,1,0,6,40273,35239,17,17,8754,24.8417946,14.52941343,512002,0,512002,40273
cstone,d7fddfb4f8d8ada0eb1a65d1a450a66c8cbd794c,direct,octree_leafcount,flyby,10,1134,1134,0.7342399955,0.2282879949,0.963967979,1.024015,1,0,5,40209,35183,17,17,8932,25.38726089,14.55253958,512002,0,512002,40209
cstone,d7fddfb4f8d8ada0eb1a65d1a450a66c8cbd794c,direct,octree_leafcount,flyby,10,1135,1135,0.6566079855,0.2526080012,0.9105280042,0.970079,1,0,4,40241,35211,17,17,8765,24.89278919,14.54096731,512002,0,512002,40241
cstone,d7fddfb4f8d8ada0eb1a65d1a450a66c8cbd794c,direct,octree_leafcount,flyby,10,1136,1136,0.8015999794,0.223488003,1.026432037,1.085829,1,0,6,40241,35211,17,17,8740,24.82178865,14.54096731,512002,0,512002,40241
cstone,d7fddfb4f8d8ada0eb1a65d1a450a66c8cbd794c,direct,octree_leafcount,flyby,10,1137,1137,0.7396799922,0.223744005,0.9647679925,1.019161,1,0,5,40257,35225,17,17,8940,25.37970192,14.53518808,512002,0,512002,40257
cstone,d7fddfb4f8d8ada0eb1a65d1a450a66c8cbd794c,direct,octree_leafcount,flyby,10,1138,1138,0.6456639767,0.2155199945,0.8625280261,0.914007,1,0,4,40305,35267,17,17,8823,25.01772195,14.5178779,512002,0,512002,40305
cstone,d7fddfb4f8d8ada0eb1a65d1a450a66c8cbd794c,direct,octree_leafcount,flyby,10,1139,1139,0.786912024,0.2166399956,1.004896045,1.062394,1,0,6,40025,35022,17,17,8638,24.6644966,14.61943921,512002,0,512002,40025
cstone,d7fddfb4f8d8ada0eb1a65d1a450a66c8cbd794c,direct,octree_leafcount,flyby,10,1140,1140,0.7387520075,0.2493440062,0.9894400239,1.046669,1,0,5,40217,35190,17,17,8781,24.95311168,14.54964479,512002,0,512002,40217
cstone,d7fddfb4f8d8ada0eb1a65d1a450a66c8cbd794c,direct,octree_leafcount,flyby,10,1141,1141,0.6656320095,0.231904,0.8988800049,0.955897,1,0,4,40409,35358,17,17,8717,24.65354375,14.4805136,512002,0,512002,40409
cstone,d7fddfb4f8d8ada0eb1a65d1a450a66c8cbd794c,direct,octree_leafcount,flyby,10,1142,1142,0.8179839849,0.2139520049,1.033280015,1.092332,1,0,6,40233,35204,17,17,8692,24.69037609,14.54385865,512002,0,512002,40233
cstone,d7fddfb4f8d8ada0eb1a65d1a450a66c8cbd794c,direct,octree_leafcount,flyby,10,1143,1143,0.7420480251,0.2385279983,0.9819200039,1.03858,1,0,5,40321,35281,17,17,8774,24.86890961,14.512117,512002,0,512002,40321
cstone,d7fddfb4f8d8ada0eb1a65d1a450a66c8cbd794c,direct,octree_leafcount,flyby,10,1144,1144,0.666975975,0.227264002,0.8955839872,0.94923,1,0,4,40377,35330,17,17,8768,24.81743561,14.49198981,512002,0,512002,40377
cstone,d7fddfb4f8d8ada0eb1a65d1a450a66c8cbd794c,direct,octree_leafcount,flyby,10,1145,1145,0.8102719784,0.2308800071,1.042495966,1.096783,1,0,6,40433,35379,17,17,8693,24.57107324,14.47191837,512002,0,512002,40433
cstone,d7fddfb4f8d8ada0eb1a65d1a450a66c8cbd794c,direct,octree_leafcount,flyby,10,1146,1146,0.7432960272,0.2012159973,0.9458559752,0.999674,1,0,5,40425,35372,17,17,8870,25.07633156,14.47478231,512002,0,512002,40425
cstone,d7fddfb4f8d8ada0eb1a65d1a450a66c8cbd794c,direct,octree_leafcount,flyby,10,1147,1147,0.6626240015,0.2032320052,0.867200017,0.921171,1,0,4,40241,35211,17,17,8744,24.83314873,14.54096731,512002,0,512002,40241
cstone,d7fddfb4f8d8ada0eb1a65d1a450a66c8cbd794c,direct,octree_leafcount,flyby,10,1148,1148,0.800383985,0.2083840072,1.01007998,1.06437,1,0,6,40161,35141,17,17,8667,24.66349848,14.56993256,512002,0,512002,40161
cstone,d7fddfb4f8d8ada0eb1a65d1a450a66c8cbd794c,direct,octree_leafcount,flyby,10,1149,1149,0.7424319983,0.239071995,0.9828479886,1.038318,1,0,5,40217,35190,17,17,8752,24.8707019,14.54964479,512002,0,512002,40217
cstone,d7fddfb4f8d8ada0eb1a65d1a450a66c8cbd794c,direct,octree_leafcount,flyby,10,1150,1150,0.6655359864,0.2329279929,0.8997759819,0.954986,1,0,4,40353,35309,17,17,8627,24.43286414,14.50060891,512002,0,512002,40353
cstone,d7fddfb4f8d8ada0eb1a65d1a450a66c8cbd794c,direct,octree_leafcount,flyby,10,1151,1151,0.8026239872,0.2093760073,1.013344049,1.068808,1,0,6,40345,35302,17,17,8557,24.23941986,14.50348422,512002,0,512002,40345
cstone,d7fddfb4f8d8ada0eb1a65d1a450a66c8cbd794c,direct,octree_leafcount,flyby,10,1152,1152,0.7469120026,0.2397760004,0.9880319834,1.049716,1,0,5,40313,35274,17,17,8673,24.58751488,14.51499688,512002,0,512002,40313
cstone,d7fddfb4f8d8ada0eb1a65d1a450a66c8cbd794c,direct,octree_leafcount,flyby,10,1153,1153,0.6625279784,0.2452159971,0.9090880156,0.968183,1,0,4,40417,35365,17,17,8622,24.38003676,14.47764739,512002,0,512002,40417
cstone,d7fddfb4f8d8ada0eb1a65d1a450a66c8cbd794c,direct,octree_leafcount,flyby,10,1154,1154,0.8179519773,0.2073280066,1.026592016,1.085024,1,0,6,40169,35148,17,17,8570,24.38261067,14.56703084,512002,0,512002,40169
cstone,d7fddfb4f8d8ada0eb1a65d1a450a66c8cbd794c,direct,octree_leafcount,flyby,10,1155,1155,0.743359983,0.2619200051,1.006592035,1.068021,1,0,5,40505,35442,17,17,8723,24.61204221,14.44619378,512002,0,512002,40505
cstone,d7fddfb4f8d8ada0eb1a65d1a450a66c8cbd794c,direct,octree_leafcount,flyby,10,1156,1156,0.6476160288,0.2141440064,0.8630719781,0.922103,1,0,4,40433,35379,17,17,8711,24.62195087,14.47191837,512002,0,512002,40433
cstone,d7fddfb4f8d8ada0eb1a65d1a450a66c8cbd794c,direct,octree_leafcount,flyby,10,1157,1157,0.7897279859,0.2349759936,1.02611196,1.081754,1,0,6,40441,35386,17,17,8623,24.36839428,14.46905556,512002,0,512002,40441
cstone,d7fddfb4f8d8ada0eb1a65d1a450a66c8cbd794c,direct,octree_leafcount,flyby,10,1158,1158,0.7420160174,0.231904,0.9752640128,1.030601,1,0,5,40497,35435,17,17,8715,24.59432764,14.44904755,512002,0,512002,40497
cstone,d7fddfb4f8d8ada0eb1a65d1a450a66c8cbd794c,direct,octree_leafcount,flyby,10,1159,1159,0.6536319852,0.2078080028,0.8627520204,0.918532,1,0,4,40465,35407,17,17,8748,24.70697885,14.46047392,512002,0,512002,40465
cstone,d7fddfb4f8d8ada0eb1a65d1a450a66c8cbd794c,direct,octree_leafcount,flyby,10,1160,1160,0.7974720001,0.2134719938,1.012287974,1.06995,1,0,6,40225,35197,17,17,8653,24.58448163,14.54675114,512002,0,512002,40225
cstone,d7fddfb4f8d8ada0eb1a65d1a450a66c8cbd794c,direct,octree_leafcount,flyby,10,1161,1161,0.740351975,0.2458879948,0.9875839949,1.046934,1,0,5,40577,35505,17,17,8746,24.63315026,14.42056048,512002,0,512002,40577
cstone,d7fddfb4f8d8ada0eb1a65d1a450a66c8cbd794c,direct,octree_leafcount,flyby,10,1162,1162,0.660063982,0.2265920043,0.8880000114,0.949656,1,0,4,40417,35365,17,17,8731,24.6882511,14.47764739,512002,0,512002,40417
cstone,d7fddfb4f8d8ada0eb1a65d1a450a66c8cbd794c,direct,octree_leafcount,flyby,10,1163,1163,0.7864639759,0.2262399942,1.014016032,1.071825,1,0,6,40193,35169,17,17,8645,24.5813074,14.55833262,512002,0,512002,40193
cstone,d7fddfb4f8d8ada0eb1a65d1a450a66c8cbd794c,direct,octree_leafcount,flyby,10,1164,1164,0.7360640168,0.229888007,0.9672960043,1.022482,1,0,5,40705,35617,17,17,8742,24.54445911,14.37521408,512002,0,512002,40705
cstone,d7fddfb4f8d8ada0eb1a65d1a450a66c8cbd794c,direct,octree_leafcount,flyby,10,1165,1165,0.6531199813,0.2063039988,0.8607680202,0.915789,1,0,4,40633,35554,17,17,8801,24.75389548,14.40068628,512002,0,512002,40633
cstone,d7fddfb4f8d8ada0eb1a65d1a450a66c8cbd794c,direct,octree_leafcount,flyby,10,1166,1166,0.805151999,0.2138880044,1.020383954,1.076571,1,0,6,40177,35155,17,17,8607,24.48300384,14.56413028,512002,0,512002,40177
cstone,d7fddfb4f8d8ada0eb1a65d1a450a66c8cbd794c,direct,octree_leafcount,flyby,10,1167,1167,0.7347840071,0.2252800018,0.9614080191,1.014142,1,0,5,40705,35617,17,17,8761,24.59780442,14.37521408,512002,0,512002,40705
cstone,d7fddfb4f8d8ada0eb1a65d1a450a66c8cbd794c,direct,octree_leafcount,flyby,10,1168,1168,0.6524159908,0.2037120014,0.8575040102,0.913133,1,0,4,40465,35407,17,17,8783,24.80582936,14.46047392,512002,0,512002,40465
cstone,d7fddfb4f8d8ada0eb1a65d1a450a66c8cbd794c,direct,octree_leafcount,flyby,10,1169,1169,0.7975040078,0.2011840045,1,1.056029,1,0,6,40417,35365,17,17,8705,24.61473208,14.47764739,512002,0,512002,40417
cstone,d7fddfb4f8d8ada0eb1a65d1a450a66c8cbd794c,direct,octree_leafcount,flyby,10,1170,1170,0.7347199917,0.2421119958,0.9781759977,1.03517,1,0,5,40529,35463,17,17,8689,24.50159321,14.43763923,512002,0,512002,40529
cstone,d7fddfb4f8d8ada0eb1a65d1a450a66c8cbd794c,direct,octree_leafcount,flyby,10,1171,1171,0.6631680131,0.2165119946,0.881024003,0.938514,1,0,4,40393,35344,17,17,8850,25.03961068,14.48624943,512002,0,512002,40393
cstone,d7fddfb4f8d8ada0eb1a65d1a450a66c8cbd794c,direct,octree_leafcount,flyby,10,1172,1172,0.8038079739,0.240575999,1.04569602,1.106264,1,0,6,40609,35533,17,17,8831,24.85295359,14.40919708,512002,0,512002,40609
cstone,d7fddfb4f8d8ada0eb1a65d1a450a66c8cbd794c,direct,octree_leafcount,flyby,10,1173,1173,0.738304019,0.2303359956,0.9699519873,1.024132,1,0,5,40665,35582,17,17,8775,24.66134562,14.38935417,512002,0,512002,40665
cstone,d7fddfb4f8d8ada0eb1a65d1a450a66c8cbd794c,direct,octree_leafcount,flyby,10,1174,1174,0.7251840234,0.2293120027,0.9558079839,1.01622,1,0,5,40361,35316,17,17,8864,25.09910522,14.49773474,512002,0,512002,40361
cstone,d7fddfb4f8d8ada0eb1a65d1a450a66c8cbd794c,direct,octree_leafcount,flyby,10,1175,1175,0.8089920282,0.2601920068,1.070592046,1.133069,1,0,6,40385,35337,17,17,8688,24.58612785,14.48911905,512002,0,512002,40385
cstone,d7fddfb4f8d8ada0eb1a65d1a450a66c8cbd794c,direct,octree_leafcount,flyby,10,1176,1176,0.6671360135,0.2747839987,0.9432319999,1.006723,1,0,4,40609,35533,17,17,8666,24.38859652,14.40919708,512002,0,512002,40609
cstone,d7fddfb4f8d8ada0eb1a65d1a450a66c8cbd794c,direct,octree_leafcount,flyby,10,1177,1177,0.7231040001,0.2146240026,0.9390400052,0.998121,1,0,5,40481,35421,17,17,8842,24.96259281,14.45475848,512002,0,512002,40481
cstone,d7fddfb4f8d8ada0eb1a65d1a450a66c8cbd794c,direct,octree_leafcount,flyby,10,1178,1178,0.8006079793,0.2135999948,1.015583992,1.074007,1,0,6,40169,35148,17,17,8742,24.87196996,14.56703084,512002,0,512002,40169
cstone,d7fddfb4f8d8ada0eb1a65d1a450a66c8cbd794c,direct,octree_leafcount,flyby,10,1179,1179,0.6553279757,0.2416000068,0.8983039856,0.955044,1,0,4,40385,35337,17,17,8703,24.62857628,14.48911905,512002,0,512002,40385
cstone,d7fddfb4f8d8ada0eb1a65d1a450a66c8cbd794c,direct,octree_leafcount,flyby,10,1180,1180,0.739808023,0.2104000002,0.9515519738,1.008264,1,0,5,40361,35316,17,17,8763,24.81311587,14.49773474,512002,0,512002,40361
cstone,d7fddfb4f8d8ada0eb1a65d1a450a66c8cbd794c,direct,octree_leafcount,flyby,10,1181,1181,0.7962560058,0.2180480063,1.015648007,1.07294,1,0,6,40289,35253,17,17,8738,24.78654299,14.52364338,512002,0,512002,40289
cstone,d7fddfb4f8d8ada0eb1a65d1a450a66c8cbd794c,direct,octree_leafcount,flyby,10,1182,1182,0.6495680213,0.2016640007,0.8525760174,0.907033,1,0,4,40009,35008,17,17,8565,24.46583638,14.62528565,512002,0,512002,40009
cstone,d7fddfb4f8d8ada0eb1a65d1a450a66c8cbd794c,direct,octree_leafcount,flyby,10,1183,1183,0.7331519723,0.2282879949,0.9627519846,1.016547,1,0,5,40081,35071,17,17,8737,24.91232072,14.59901343,512002,0,512002,40081
cstone,d7fddfb4f8d8ada0eb1a65d1a450a66c8cbd794c,direct,octree_leafcount,flyby,10,1184,1184,0.8028799891,0.2432000041,1.047392011,1.106688,1,0,6,40329,35288,17,17,8713,24.69111313,14.50923827,512002,0,512002,40329
cstone,d7fddfb4f8d8ada0eb1a65d1a450a66c8cbd794c,direct,octree_leafcount,flyby,10,1185,1185,0.654399991,0.2216639966,0.87737602,0.935977,1,0,4,40281,35246,17,17,8603,24.40844351,14.52652783,512002,0,512002,40281
cstone,d7fddfb4f8d8ada0eb1a65d1a450a66c8cbd794c,direct,octree_leafcount,flyby,10,1186,1186,0.7349439859,0.2114239931,0.9477440119,1.003556,1,0,5,40201,35176,17,17,8689,24.70150102,14.55543552,512002,0,512002,40201
cstone,d7fddfb4f8d8ada0eb1a65d1a450a66c8cbd794c,direct,octree_leafcount,flyby,10,1187,1187,0.8089280128,0.2037120014,1.013983965,1.069011,1,0,6,40201,35176,17,17,8585,24.40584489,14.55543552,512002,0,512002,40201
cstone,d7fddfb4f8d8ada0eb1a65d1a450a66c8cbd794c,direct,octree_leafcount,flyby,10,1188,1188,0.661823988,0.2361280024,0.8992959857,0.96132,1,0,4,40105,35092,17,17,8534,24.31893309,14.59027699,512002,0,512002,40105
cstone,d7fddfb4f8d8ada0eb1a65d1a450a66c8cbd794c,direct,octree_leafcount,flyby,10,1189,1189,0.7338560224,0.2426239997,0.9778239727,1.035787,1,0,5,40225,35197,17,17,8835,25.10157116,14.54675114,512002,0,512002,40225
cstone,d7fddfb4f8d8ada0eb1a65d1a450a66c8cbd794c,direct,octree_leafcount,flyby,10,1190,1190,0.8217599988,0.28115201,1.104256034,1.170219,1,0,6,40257,35225,17,17,8750,24.84031228,14.53518808,512002,0,512002,40257
cstone,d7fddfb4f8d8ada0eb1a65d1a450a66c8cbd794c,direct,octree_leafcount,flyby,10,1191,1191,0.6644160151,0.2684800029,0.9342399836,0.99753,1,0,4,40345,35302,17,17,8659,24.52835533,14.50348422,512002,0,512002,40345
cstone,d7fddfb4f8d8ada0eb1a65d1a450a66c8cbd794c,direct,octree_leafcount,flyby,10,1192,1192,0.7430080175,0.2261440009,0.9704639912,1.030517,1,0,5,40217,35190,17,17,8825,25.0781472,14.54964479,512002,0,512002,40217
cstone,d7fddfb4f8d8ada0eb1a65d1a450a66c8cbd794c,direct,octree_leafcount,flyby,10,1193,1193,0.7945600152,0.2262399942,1.02214396,1.075414,1,0,6,40513,35449,17,17,8736,24.64385455,14.44334114,512002,0,512002,40513
cstone,d7fddfb4f8d8ada0eb1a65d1a450a66c8cbd794c,direct,octree_leafcount,flyby,10,1194,1194,0.6453120112,0.2078080028,0.8544639945,0.909496,1,0,4,40137,35120,17,17,8584,24.44191344,14.57864465,512002,0,512002,40137
cstone,d7fddfb4f8d8ada0eb1a65d1a450a66c8cbd794c,direct,octree_leafcount,flyby,10,1195,1195,0.7351999879,0.2467200011,0.983264029,1.043666,1,0,5,40225,35197,17,17,8825,25.07315964,14.54675114,512002,0,512002,40225
cstone,d7fddfb4f8d8ada0eb1a65d1a450a66c8cbd794c,direct,octree_leafcount,flyby,10,1196,1196,0.8165119886,0.2380480021,1.055904031,1.116412,1,0,6,40817,35715,17,17,8941,25.03429931,14.33576928,512002,0,512002,40817
cstone,d7fddfb4f8d8ada0eb1a65d1a450a66c8cbd794c,direct,octree_leafcount,flyby,10,1197,1197,0.6483200192,0.2011840045,0.8508480191,0.907219,1,0,4,40273,35239,17,17,8729,24.77085048,14.52941343,512002,0,512002,40273
cstone,d7fddfb4f8d8ada0eb1a65d1a450a66c8cbd794c,direct,octree_leafcount,flyby,10,1198,1198,0.7328000069,0.2427520007,0.9769279957,1.03246,1,0,5,40449,35393,17,17,8875,25.07557992,14.46619388,512002,0,512002,40449
cstone,d7fddfb4f8d8ada0eb1a65d1a450a66c8cbd794c,direct,octree_leafcount,flyby,10,1199,1199,0.7830079794,0.2231680006,1.00751996,1.062198,1,0,6,40585,35512,17,17,8841,24.89580987,14.41771795,512002,0,512002,40585
cstone,d7fddfb4f8d8ada0eb1a65d1a450a66c8cbd794c,direct,octree_leafcount,flyby,10,1200,1200,0.6569600105,0.2323839962,0.8906880021,0.950232,1,0,4,40041,35036,17,17,8692,24.80876812,14.61359744,512002,0,512002,40041
