version,commit,path,config,dataset,run,snapshot,frame_id,tree_update_ms,view_ms,total_ms,wall_ms,attempts,maintenance_ms,iterations,num_nodes,num_leaves,max_depth,max_depth_octree_equiv,num_empty_leaves,empty_leaf_pct,avg_particles_per_leaf,particles_active,particles_escaped,particle_slots,lib_num_nodes
cstone,d7fddfb4f8d8ada0eb1a65d1a450a66c8cbd794c,direct,octree_leafcount,flyby,9,0,0,nan,nan,nan,nan,0,0,7,43825,38347,17,17,22089,57.60294156,13.3518137,512002,0,512002,43825
cstone,d7fddfb4f8d8ada0eb1a65d1a450a66c8cbd794c,direct,octree_leafcount,flyby,9,1,1,0.5361919999,0.1694400012,0.7069759965,0.758397,1,0,3,43673,38214,17,17,22026,57.63856178,13.39828335,512002,0,512002,43673
cstone,d7fddfb4f8d8ada0eb1a65d1a450a66c8cbd794c,direct,octree_leafcount,flyby,9,2,2,0.5583360195,0.2534080148,0.8130559921,0.873812,1,0,3,43849,38368,17,17,22103,57.60790242,13.34450584,512002,0,512002,43849
cstone,d7fddfb4f8d8ada0eb1a65d1a450a66c8cbd794c,direct,octree_leafcount,flyby,9,3,3,0.4926399887,0.2482880056,0.7422720194,0.800895,1,0,2,43905,38417,17,17,22135,57.61772132,13.32748523,512002,0,512002,43905
cstone,d7fddfb4f8d8ada0eb1a65d1a450a66c8cbd794c,direct,octree_leafcount,flyby,9,4,4,0.5534080267,0.2472639978,0.8020160198,0.862035,1,0,3,43985,38487,17,17,22173,57.61166108,13.30324525,512002,0,512002,43985
cstone,d7fddfb4f8d8ada0eb1a65d1a450a66c8cbd794c,direct,octree_leafcount,flyby,9,5,5,0.5321279764,0.2144960016,0.7480000257,0.806055,1,0,3,43753,38284,17,17,22001,57.4678717,13.37378539,512002,0,512002,43753
cstone,d7fddfb4f8d8ada0eb1a65d1a450a66c8cbd794c,direct,octree_leafcount,flyby,9,6,6,0.5221120119,0.2104000002,0.7338240147,0.790786,1,0,3,43673,38214,17,17,21925,57.37426074,13.39828335,512002,0,512002,43673
cstone,d7fddfb4f8d8ada0eb1a65d1a450a66c8cbd794c,direct,octree_leafcount,flyby,9,7,7,0.5717440248,0.2386559993,0.8117759824,0.867863,1,0,3,43977,38480,17,17,22023,57.23232848,13.30566528,512002,0,512002,43977
cstone,d7fddfb4f8d8ada0eb1a65d1a450a66c8cbd794c,direct,octree_leafcount,flyby,9,8,8,0.6309120059,0.218592003,0.8508480191,0.909642,1,0,4,43689,38228,17,17,21793,57.00795229,13.39337658,512002,0,512002,43689
cstone,d7fddfb4f8d8ada0eb1a65d1a450a66c8cbd794c,direct,octree_leafcount,flyby,9,9,9,0.5541759729,0.2349759936,0.790463984,0.848485,1,0,3,43745,38277,17,17,21805,56.96632442,13.37623116,512002,0,512002,43745
cstone,d7fddfb4f8d8ada0eb1a65d1a450a66c8cbd794c,direct,octree_leafcount,flyby,9,10,10,0.6311039925,0.2022079974,0.8346239924,0.891592,1,0,4,43745,38277,17,17,21704,56.7024584,13.37623116,512002,0,512002,43745
cstone,d7fddfb4f8d8ada0eb1a65d1a450a66c8cbd794c,direct,octree_leafcount,flyby,9,11,11,0.6211519837,0.2144960016,0.8369600177,0.89296,1,0,4,43601,38151,17,17,21649,56.74556368,13.42040838,512002,0,512002,43601
cstone,d7fddfb4f8d8ada0eb1a65d1a450a66c8cbd794c,direct,octree_leafcount,flyby,9,12,12,0.6245440245,0.2288320065,0.8547199965,0.912913,1,0,4,43665,38207,17,17,21628,56.60742796,13.40073808,512002,0,512002,43665
cstone,d7fddfb4f8d8ada0eb1a65d1a450a66c8cbd794c,direct,octree_leafcount,flyby,9,13,13,0.8089280128,0.2063039988,1.016543984,1.072025,1,0,6,43625,38172,17,17,21456,56.20873939,13.41302525,512002,0,512002,43625
cstone,d7fddfb4f8d8ada0eb1a65d1a450a66c8cbd794c,direct,octree_leafcount,flyby,9,14,14,0.7068480253,0.2323199958,0.9404799938,0.994894,1,0,5,44009,38508,17,17,21489,55.80398878,13.29599044,512002,0,512002,44009
cstone,d7fddfb4f8d8ada0eb1a65d1a450a66c8cbd794c,direct,octree_leafcount,flyby,9,15,15,0.833664,0.2930879891,1.128224015,1.191065,1,0,6,44313,38774,17,17,21464,55.35668231,13.2047764,512002,0,512002,44313
cstone,d7fddfb4f8d8ada0eb1a65d1a450a66c8cbd794c,direct,octree_leafcount,flyby,9,16,16,0.741952002,0.2544319928,0.9977279902,1.062964,1,0,5,44489,38928,17,17,21452,55.10686395,13.15253802,512002,0,512002,44489
cstone,d7fddfb4f8d8ada0eb1a65d1a450a66c8cbd794c,direct,octree_leafcount,flyby,9,17,17,0.7061120272,0.2124480009,0.9199039936,0.975864,1,0,5,44289,38753,17,17,21044,54.30289268,13.21193198,512002,0,512002,44289
cstone,d7fddfb4f8d8ada0eb1a65d1a450a66c8cbd794c,direct,octree_leafcount,flyby,9,18,18,0.8375040293,0.2360000014,1.074848056,1.130971,1,0,6,44321,38781,17,17,20893,53.8743199,13.20239292,512002,0,512002,44321
cstone,d7fddfb4f8d8ada0eb1a65d1a450a66c8cbd794c,direct,octree_leafcount,flyby,9,19,19,0.7113280296,0.2038400024,0.9164800048,0.970072,1,0,5,44017,38515,17,17,20591,53.46228742,13.29357393,512002,0,512002,44017
cstone,d7fddfb4f8d8ada0eb1a65d1a450a66c8cbd794c,direct,octree_leafcount,flyby,9,20,20,0.8284159899,0.2489279956,1.078688025,1.135674,1,0,6,44129,38613,17,17,20509,53.11423614,13.25983477,512002,0,512002,44129
cstone,d7fddfb4f8d8ada0eb1a65d1a450a66c8cbd794c,direct,octree_leafcount,flyby,9,21,21,0.8092799783,0.2104000002,1.020992041,1.077407,1,0,6,43985,38487,17,17,20271,52.66973264,13.30324525,512002,0,512002,43985
cstone,d7fddfb4f8d8ada0eb1a65d1a450a66c8cbd794c,direct,octree_leafcount,flyby,9,22,22,0.7273920178,0.2145279944,0.9432640076,1.001042,1,0,5,43849,38368,17,17,20034,52.21538782,13.34450584,512002,0,512002,43849
cstone,d7fddfb4f8d8ada0eb1a65d1a450a66c8cbd794c,direct,octree_leafcount,flyby,9,23,23,0.6642879844,0.2370239943,0.9026560187,0.955886,1,0,4,43969,38473,17,17,19812,51.49585424,13.30808619,512002,0,512002,43969
cstone,d7fddfb4f8d8ada0eb1a65d1a450a66c8cbd794c,direct,octree_leafcount,flyby,9,24,24,0.6548159719,0.2093760073,0.8655359745,0.920003,1,0,4,43633,38179,17,17,19508,51.09615234,13.41056602,512002,0,512002,43633
cstone,d7fddfb4f8d8ada0eb1a65d1a450a66c8cbd794c,direct,octree_leafcount,flyby,9,25,25,0.7445440292,0.2380480021,0.9839040041,1.039285,1,0,5,44049,38543,17,17,19656,50.99758711,13.28391666,512002,0,512002,44049
cstone,d7fddfb4f8d8ada0eb1a65d1a450a66c8cbd794c,direct,octree_leafcount,flyby,9,26,26,0.8425599933,0.2278079987,1.07167995,1.12469,1,0,6,44289,38753,17,17,19633,50.66188424,13.21193198,512002,0,512002,44289
cstone,d7fddfb4f8d8ada0eb1a65d1a450a66c8cbd794c,direct,octree_leafcount,flyby,9,27,27,0.8379840255,0.2585279942,1.097856045,1.150394,1,0,6,45185,39537,17,17,19857,50.22384096,12.94994562,512002,0,512002,45185
cstone,d7fddfb4f8d8ada0eb1a65d1a450a66c8cbd794c,direct,octree_leafcount,flyby,9,28,28,0.8249599934,0.2366719991,1.062976003,1.119036,1,0,6,45209,39558,17,17,19402,49.04696901,12.94307093,512002,0,512002,45209
cstone,d7fddfb4f8d8ada0eb1a65d1a450a66c8cbd794c,direct,octree_leafcount,flyby,9,29,29,0.7953600287,0.2011840045,0.9978560209,1.051304,1,0,6,44529,38963,18,18,18895,48.49472577,13.14072325,512002,0,512002,44529
cstone,d7fddfb4f8d8ada0eb1a65d1a450a66c8cbd794c,direct,octree_leafcount,flyby,9,30,30,0.8088639975,0.2032320052,1.013440013,1.068945,1,0,6,44449,38893,17,17,18531,47.64610598,13.16437405,512002,0,512002,44449
cstone,d7fddfb4f8d8ada0eb1a65d1a450a66c8cbd794c,direct,octree_leafcount,flyby,9,31,31,0.786303997,0.2237119973,1.011327982,1.065415,1,0,6,44785,39187,17,17,18543,47.31926404,13.06560849,512002,0,512002,44785
cstone,d7fddfb4f8d8ada0eb1a65d1a450a66c8cbd794c,direct,octree_leafcount,flyby,9,32,32,0.7573440075,0.184799999,0.9434880018,0.992029,1,0,6,44657,39075,17,17,18503,47.35252719,13.10305822,512002,0,512002,44657
cstone,d7fddfb4f8d8ada0eb1a65d1a450a66c8cbd794c,direct,octree_leafcount,flyby,9,33,33,0.7951359749,0.2308800071,1.027359962,1.089713,1,0,6,44129,38613,17,17,18153,47.01266413,13.25983477,512002,0,512002,44129
cstone,d7fddfb4f8d8ada0eb1a65d1a450a66c8cbd794c,direct,octree_leafcount,flyby,9,34,34,0.7267519832,0.252384007,0.9804800153,1.040201,1,0,5,44249,38718,17,17,18062,46.65013689,13.2238752,512002,0,512002,44249
cstone,d7fddfb4f8d8ada0eb1a65d1a450a66c8cbd794c,direct,octree_leafcount,flyby,9,35,35,0.7908480167,0.2284159958,1.020607948,1.072381,1,0,6,45081,39446,17,17,18227,46.20747351,12.97982051,512002,0,512002,45081
cstone,d7fddfb4f8d8ada0eb1a65d1a450a66c8cbd794c,direct,octree_leafcount,flyby,9,36,36,0.8235200047,0.2180480063,1.042912006,1.095414,1,0,6,45409,39733,17,17,18345,46.17068935,12.88606448,512002,0,512002,45409
cstone,d7fddfb4f8d8ada0eb1a65d1a450a66c8cbd794c,direct,octree_leafcount,flyby,9,37,37,0.7661120296,0.2044800073,0.9719679952,1.020229,1,0,6,45553,39859,17,17,18263,45.81901202,12.84532979,512002,0,512002,45553
cstone,d7fddfb4f8d8ada0eb1a65d1a450a66c8cbd794c,direct,octree_leafcount,flyby,9,38,38,0.823743999,0.2073280066,1.032415986,1.09003,1,0,6,44945,39327,17,17,17674,44.94113459,13.0190963,512002,0,512002,44945
cstone,d7fddfb4f8d8ada0eb1a65d1a450a66c8cbd794c,direct,octree_leafcount,flyby,9,39,39,0.8650559783,0.2160000056,1.082399964,1.133718,1,0,7,45137,39495,17,17,17939,45.42093936,12.96371693,512002,0,512002,45137
cstone,d7fddfb4f8d8ada0eb1a65d1a450a66c8cbd794c,direct,octree_leafcount,flyby,9,40,40,0.7430719733,0.2421440035,0.9865599871,1.037313,1,0,5,45761,40041,17,17,18036,45.04383007,12.78694338,512002,0,512002,45761
cstone,d7fddfb4f8d8ada0eb1a65d1a450a66c8cbd794c,direct,octree_leafcount,flyby,9,41,41,0.7909119725,0.2001599967,0.9923840165,1.043828,1,0,6,45601,39901,17,17,17592,44.08912057,12.83180873,512002,0,512002,45601
cstone,d7fddfb4f8d8ada0eb1a65d1a450a66c8cbd794c,direct,octree_leafcount,flyby,9,42,42,0.8094400167,0.2032320052,1.014016032,1.068847,1,0,6,45409,39733,17,17,17202,43.29398737,12.88606448,512002,0,512002,45409
cstone,d7fddfb4f8d8ada0eb1a65d1a450a66c8cbd794c,direct,octree_leafcount,flyby,9,43,43,0.9237120152,0.225759998,1.150815964,1.210225,1,0,7,45297,39635,17,17,17028,42.96202851,12.91792608,512002,0,512002,45297
cstone,d7fddfb4f8d8ada0eb1a65d1a450a66c8cbd794c,direct,octree_leafcount,flyby,9,44,44,0.7533439994,0.2441920042,0.998848021,1.056867,1,0,5,45337,39670,17,17,16868,42.52079657,12.90652886,512002,0,512002,45337
cstone,d7fddfb4f8d8ada0eb1a65d1a450a66c8cbd794c,direct,octree_leafcount,flyby,9,45,45,0.8026880026,0.2216639966,1.025696039,1.079913,1,0,6,45353,39684,17,17,16655,41.96905554,12.90197561,512002,0,512002,45353
cstone,d7fddfb4f8d8ada0eb1a65d1a450a66c8cbd794c,direct,octree_leafcount,flyby,9,46,46,0.8182399869,0.2226880044,1.042271972,1.095329,1,0,6,45465,39782,17,17,16678,41.92348298,12.87019255,512002,0,512002,45465
cstone,d7fddfb4f8d8ada0eb1a65d1a450a66c8cbd794c,direct,octree_leafcount,flyby,9,47,47,0.8779839873,0.2011840045,1.080512047,1.134487,1,0,7,45233,39579,17,17,16448,41.55739155,12.93620354,512002,0,512002,45233
cstone,d7fddfb4f8d8ada0eb1a65d1a450a66c8cbd794c,direct,octree_leafcount,flyby,9,48,48,0.8905280232,0.2258560061,1.117727995,1.171792,1,0,7,45377,39705,17,17,16280,41.00239265,12.89515174,512002,0,512002,45377
cstone,d7fddfb4f8d8ada0eb1a65d1a450a66c8cbd794c,direct,octree_leafcount,flyby,9,49,49,0.7946559787,0.1980800033,0.9940800071,1.045995,1,0,6,44801,39201,17,17,15965,40.72600189,13.06094232,512002,0,512002,44801
cstone,d7fddfb4f8d8ada0eb1a65d1a450a66c8cbd794c,direct,octree_leafcount,flyby,9,50,50,0.7507519722,0.2052800059,0.9573760033,1.010379,1,0,5,44609,39033,17,17,15886,40.69889581,13.11715728,512002,0,512002,44609
cstone,d7fddfb4f8d8ada0eb1a65d1a450a66c8cbd794c,direct,octree_leafcount,flyby,9,51,51,0.8119040132,0.2063039988,1.019520044,1.074195,1,0,6,44577,39005,17,17,15882,40.71785669,13.12657352,512002,0,512002,44577
cstone,d7fddfb4f8d8ada0eb1a65d1a450a66c8cbd794c,direct,octree_leafcount,flyby,9,52,52,0.8392959833,0.2262080014,1.066815972,1.118864,1,0,6,44913,39299,17,17,16024,40.77457442,13.02837222,512002,0,512002,44913
cstone,d7fddfb4f8d8ada0eb1a65d1a450a66c8cbd794c,direct,octree_leafcount,flyby,9,53,53,0.7984640002,0.2001599967,0.9999359846,1.053064,1,0,6,44825,39222,17,17,15884,40.49767987,13.05394931,512002,0,512002,44825
cstone,d7fddfb4f8d8ada0eb1a65d1a450a66c8cbd794c,direct,octree_leafcount,flyby,9,54,54,0.8371199965,0.2329279929,1.071359992,1.128424,1,0,6,45001,39376,17,17,15802,40.13104429,13.00289516,512002,0,512002,45001
cstone,d7fddfb4f8d8ada0eb1a65d1a450a66c8cbd794c,direct,octree_leafcount,flyby,9,55,55,0.8184959888,0.239071995,1.058912039,1.115781,1,0,6,45065,39432,17,17,15886,40.28707649,12.98442889,512002,0,512002,45065
cstone,d7fddfb4f8d8ada0eb1a65d1a450a66c8cbd794c,direct,octree_leafcount,flyby,9,56,56,0.8252800107,0.2769599855,1.103584051,1.168024,1,0,6,45209,39558,17,17,15666,39.60260883,12.94307093,512002,0,512002,45209
cstone,d7fddfb4f8d8ada0eb1a65d1a450a66c8cbd794c,direct,octree_leafcount,flyby,9,57,57,0.8439040184,0.233408004,1.07862401,1.140436,1,0,6,45017,39390,17,17,15458,39.24346281,12.99827367,512002,0,512002,45017
cstone,d7fddfb4f8d8ada0eb1a65d1a450a66c8cbd794c,direct,octree_leafcount,flyby,9,58,58,0.836319983,0.2226880044,1.060351968,1.122716,1,0,6,44849,39243,17,17,15279,38.93433224,13.04696379,512002,0,512002,44849
cstone,d7fddfb4f8d8ada0eb1a65d1a450a66c8cbd794c,direct,octree_leafcount,flyby,9,59,59,0.7947840095,0.2175679952,1.11184001,1.163574,1,0,6,45073,39439,17,17,15427,39.11610335,12.98212429,512002,0,512002,45073
cstone,d7fddfb4f8d8ada0eb1a65d1a450a66c8cbd794c,direct,octree_leafcount,flyby,9,60,60,0.9477120042,0.1984640062,1.147487998,1.24026,1,0,8,44793,39194,17,17,15335,39.12588662,13.06327499,512002,0,512002,44793
cstone,d7fddfb4f8d8ada0eb1a65d1a450a66c8cbd794c,direct,octree_leafcount,flyby,9,61,61,0.8341760039,0.2340160012,1.069504023,1.125339,1,0,6,44801,39201,17,17,15413,39.31787454,13.06094232,512002,0,512002,44801
cstone,d7fddfb4f8d8ada0eb1a65d1a450a66c8cbd794c,direct,octree_leafcount,flyby,9,62,62,0.8245120049,0.2308800071,1.056735992,1.112462,1,0,6,44977,39355,17,17,15318,38.92262737,13.00983357,512002,0,512002,44977
cstone,d7fddfb4f8d8ada0eb1a65d1a450a66c8cbd794c,direct,octree_leafcount,flyby,9,63,63,0.8420799971,0.191967994,1.035359979,1.088527,1,0,6,44649,39068,17,17,15190,38.88092557,13.10540596,512002,0,512002,44649
cstone,d7fddfb4f8d8ada0eb1a65d1a450a66c8cbd794c,direct,octree_leafcount,flyby,9,64,64,0.8154240251,0.2364480048,1.053248048,1.108395,1,0,6,44777,39180,17,17,15101,38.54262379,13.06794283,512002,0,512002,44777
cstone,d7fddfb4f8d8ada0eb1a65d1a450a66c8cbd794c,direct,octree_leafcount,flyby,9,65,65,0.827008009,0.2007039934,1.02908802,1.082404,1,0,6,44625,39047,17,17,14906,38.17450764,13.11245422,512002,0,512002,44625
cstone,d7fddfb4f8d8ada0eb1a65d1a450a66c8cbd794c,direct,octree_leafcount,flyby,9,66,66,0.7898880243,0.1940480024,0.9852799773,1.039313,1,0,6,44441,38886,17,17,14799,38.05739855,13.16674382,512002,0,512002,44441
cstone,d7fddfb4f8d8ada0eb1a65d1a450a66c8cbd794c,direct,octree_leafcount,flyby,9,67,67,0.7518079877,0.2360000014,0.9891200066,1.044172,1,0,5,44545,38977,17,17,14792,37.95058624,13.13600328,512002,0,512002,44545
cstone,d7fddfb4f8d8ada0eb1a65d1a450a66c8cbd794c,direct,octree_leafcount,flyby,9,68,68,0.829760015,0.225759998,1.056959987,1.113088,1,0,6,45041,39411,17,17,14975,37.99700591,12.99134759,512002,0,512002,45041
cstone,d7fddfb4f8d8ada0eb1a65d1a450a66c8cbd794c,direct,octree_leafcount,flyby,9,69,69,0.8280000091,0.2160000056,1.045343995,1.104799,1,0,6,44329,38788,17,17,14562,37.54253893,13.20001031,512002,0,512002,44329
cstone,d7fddfb4f8d8ada0eb1a65d1a450a66c8cbd794c,direct,octree_leafcount,flyby,9,70,70,0.7398719788,0.2380480021,0.9792320132,1.036644,1,0,5,44777,39180,17,17,14583,37.22052067,13.06794283,512002,0,512002,44777
cstone,d7fddfb4f8d8ada0eb1a65d1a450a66c8cbd794c,direct,octree_leafcount,flyby,9,71,71,0.8031679988,0.2237119973,1.028192043,1.083264,1,0,6,45025,39397,17,17,14811,37.59423306,12.99596416,512002,0,512002,45025
cstone,d7fddfb4f8d8ada0eb1a65d1a450a66c8cbd794c,direct,octree_leafcount,flyby,9,72,72,0.7243199944,0.1837760061,0.909439981,0.961878,1,0,5,44889,39278,17,17,14734,37.51209328,13.03533785,512002,0,512002,44889
cstone,d7fddfb4f8d8ada0eb1a65d1a450a66c8cbd794c,direct,octree_leafcount,flyby,9,73,73,0.8047040105,0.1981119961,1.004160047,1.05765,1,0,6,44601,39026,17,17,14744,37.77994158,13.11951007,512002,0,512002,44601
cstone,d7fddfb4f8d8ada0eb1a65d1a450a66c8cbd794c,direct,octree_leafcount,flyby,9,74,74,0.8295040131,0.2293120027,1.060160041,1.115277,1,0,6,44697,39110,17,17,14648,37.45333674,13.09133214,512002,0,512002,44697
cstone,d7fddfb4f8d8ada0eb1a65d1a450a66c8cbd794c,direct,octree_leafcount,flyby,9,75,75,0.7921599746,0.2411199957,1.034816027,1.091559,1,0,6,44921,39306,17,17,14675,37.33526688,13.026052,512002,0,512002,44921
cstone,d7fddfb4f8d8ada0eb1a65d1a450a66c8cbd794c,direct,octree_leafcount,flyby,9,76,76,0.7357119918,0.1960639954,0.9331200123,0.986029,1,0,5,44905,39292,17,17,14706,37.42746615,13.03069327,512002,0,512002,44905
cstone,d7fddfb4f8d8ada0eb1a65d1a450a66c8cbd794c,direct,octree_leafcount,flyby,9,77,77,0.8001279831,0.1940159947,0.995487988,1.049479,1,0,6,44729,39138,17,17,14444,36.90530942,13.08196638,512002,0,512002,44729
cstone,d7fddfb4f8d8ada0eb1a65d1a450a66c8cbd794c,direct,octree_leafcount,flyby,9,78,78,0.7294719815,0.2262399942,0.9570559859,1.011156,1,0,5,44825,39222,17,17,14637,37.31834175,13.05394931,512002,0,512002,44825
cstone,d7fddfb4f8d8ada0eb1a65d1a450a66c8cbd794c,direct,octree_leafcount,flyby,9,79,79,0.813567996,0.2304639965,1.045375943,1.108707,1,0,6,44673,39089,17,17,14326,36.64969685,13.09836527,512002,0,512002,44673
cstone,d7fddfb4f8d8ada0eb1a65d1a450a66c8cbd794c,direct,octree_leafcount,flyby,9,80,80,0.7377920151,0.2288320065,0.9679359794,1.027801,1,0,5,44537,38970,17,17,14200,36.43828586,13.13836284,512002,0,512002,44537
cstone,d7fddfb4f8d8ada0eb1a65d1a450a66c8cbd794c,direct,octree_leafcount,flyby,9,81,81,0.7480319738,0.2441920042,0.9935680032,1.051487,1,0,5,44697,39110,17,17,14262,36.46637689,13.09133214,512002,0,512002,44697
cstone,d7fddfb4f8d8ada0eb1a65d1a450a66c8cbd794c,direct,octree_leafcount,flyby,9,82,82,0.8614400029,0.1878719926,1.050655961,1.101386,1,0,7,44465,38907,17,17,14246,36.61551906,13.15963708,512002,0,512002,44465
cstone,d7fddfb4f8d8ada0eb1a65d1a450a66c8cbd794c,direct,octree_leafcount,flyby,9,83,83,0.738304019,0.1991360039,0.9387840033,0.990834,1,0,5,44465,38907,17,17,14370,36.93422777,13.15963708,512002,0,512002,44465
cstone,d7fddfb4f8d8ada0eb1a65d1a450a66c8cbd794c,direct,octree_leafcount,flyby,9,84,84,0.8082559705,0.2108480036,1.020416021,1.078452,1,0,6,44025,38522,17,17,14009,36.36623228,13.2911583,512002,0,512002,44025
cstone,d7fddfb4f8d8ada0eb1a65d1a450a66c8cbd794c,direct,octree_leafcount,flyby,9,85,85,0.7414720058,0.225759998,0.968576014,1.021366,1,0,5,44569,38998,17,17,14284,36.62751936,13.12892969,512002,0,512002,44569
cstone,d7fddfb4f8d8ada0eb1a65d1a450a66c8cbd794c,direct,octree_leafcount,flyby,9,86,86,0.8839039803,0.2174080014,1.102656007,1.162846,1,0,7,44401,38851,17,17,14068,36.21013616,13.17860544,512002,0,512002,44401
cstone,d7fddfb4f8d8ada0eb1a65d1a450a66c8cbd794c,direct,octree_leafcount,flyby,9,87,87,0.7432640195,0.2206400037,0.965215981,1.024069,1,0,5,44201,38676,17,17,13950,36.06887993,13.2382356,512002,0,512002,44201
cstone,d7fddfb4f8d8ada0eb1a65d1a450a66c8cbd794c,direct,octree_leafcount,flyby,9,88,88,0.7292159796,0.1991360039,0.9296640158,0.982489,1,0,5,43793,38319,17,17,13673,35.68203763,13.36156998,512002,0,512002,43793
cstone,d7fddfb4f8d8ada0eb1a65d1a450a66c8cbd794c,direct,octree_leafcount,flyby,9,89,89,0.8120319843,0.2339520007,1.047327995,1.102504,1,0,6,43993,38494,17,17,13730,35.6678963,13.3008261,512002,0,512002,43993
cstone,d7fddfb4f8d8ada0eb1a65d1a450a66c8cbd794c,direct,octree_leafcount,flyby,9,90,90,0.8219839931,0.2042559981,1.027552009,1.082359,1,0,6,43937,38445,17,17,13765,35.80439589,13.31777864,512002,0,512002,43937
cstone,d7fddfb4f8d8ada0eb1a65d1a450a66c8cbd794c,direct,octree_leafcount,flyby,9,91,91,0.7880960107,0.2268159986,1.016255975,1.069297,1,0,6,44345,38802,17,17,13869,35.74300294,13.19524767,512002,0,512002,44345
cstone,d7fddfb4f8d8ada0eb1a65d1a450a66c8cbd794c,direct,octree_leafcount,flyby,9,92,92,0.7447680235,0.2119040042,0.9579839706,1.015596,1,0,5,43537,38095,17,17,13512,35.46922168,13.4401365,512002,0,512002,43537
cstone,d7fddfb4f8d8ada0eb1a65d1a450a66c8cbd794c,direct,octree_leafcount,flyby,9,93,93,0.812928021,0.2564800084,1.070719957,1.1329,1,0,6,43849,38368,17,17,13493,35.16732694,13.34450584,512002,0,512002,43849
cstone,d7fddfb4f8d8ada0eb1a65d1a450a66c8cbd794c,direct,octree_leafcount,flyby,9,94,94,0.7473279834,0.2226880044,0.9713600278,1.031805,1,0,5,43313,37899,17,17,13319,35.14340748,13.50964405,512002,0,512002,43313
cstone,d7fddfb4f8d8ada0eb1a65d1a450a66c8cbd794c,direct,octree_leafcount,flyby,9,95,95,0.7419840097,0.2165440023,0.9598720074,1.013193,1,0,5,43625,38172,17,17,13299,34.83967306,13.41302525,512002,0,512002,43625
cstone,d7fddfb4f8d8ada0eb1a65d1a450a66c8cbd794c,direct,octree_leafcount,flyby,9,96,96,0.8131520152,0.2104000002,1.024896026,1.082119,1,0,6,43329,37913,17,17,13283,35.03547596,13.5046554,512002,0,512002,43329
cstone,d7fddfb4f8d8ada0eb1a65d1a450a66c8cbd794c,direct,octree_leafcount,flyby,9,97,97,0.7341759801,0.1999360025,0.9354879856,0.989497,1,0,5,43289,37878,17,17,13180,34.79592376,13.51713396,512002,0,512002,43289
cstone,d7fddfb4f8d8ada0eb1a65d1a450a66c8cbd794c,direct,octree_leafcount,flyby,9,98,98,0.7805759907,0.191967994,0.97388798,1.027238,1,0,6,43073,37689,17,17,13322,35.34718353,13.58491868,512002,0,512002,43073
cstone,d7fddfb4f8d8ada0eb1a65d1a450a66c8cbd794c,direct,octree_leafcount,flyby,9,99,99,0.7494400144,0.2400960028,0.9908800125,1.047476,1,0,5,43121,37731,17,17,13271,35.17266969,13.56979672,512002,0,512002,43121
cstone,d7fddfb4f8d8ada0eb1a65d1a450a66c8cbd794c,direct,octree_leafcount,flyby,9,100,100,0.7373440266,0.2308800071,0.9695680141,1.025303,1,0,5,43753,38284,17,17,13428,35.07470484,13.37378539,512002,0,512002,43753
cstone,d7fddfb4f8d8ada0eb1a65d1a450a66c8cbd794c,direct,octree_leafcount,flyby,9,101,101,0.728128016,0.1981119961,0.9275519848,0.984197,1,0,5,43369,37948,17,17,13255,34.92937704,13.49219985,512002,0,512002,43369
cstone,d7fddfb4f8d8ada0eb1a65d1a450a66c8cbd794c,direct,octree_leafcount,flyby,9,102,102,0.7950400114,0.2361599952,1.03251195,1.090161,1,0,6,43377,37955,17,17,12960,34.14569885,13.4897115,512002,0,512002,43377
cstone,d7fddfb4f8d8ada0eb1a65d1a450a66c8cbd794c,direct,octree_leafcount,flyby,9,103,103,0.7887679935,0.186304003,0.9764159918,1.025809,1,0,6,43161,37766,17,17,13113,34.72170736,13.55722078,512002,0,512002,43161
cstone,d7fddfb4f8d8ada0eb1a65d1a450a66c8cbd794c,direct,octree_leafcount,flyby,9,104,104,0.7397440076,0.2226880044,0.9637759924,1.015776,1,0,5,43497,38060,17,17,13361,35.10509721,13.45249606,512002,0,512002,43497
cstone,d7fddfb4f8d8ada0eb1a65d1a450a66c8cbd794c,direct,octree_leafcount,flyby,9,105,105,0.8010240197,0.186943993,0.9893440008,1.040586,1,0,6,43441,38011,17,17,13006,34.21641104,13.46983768,512002,0,512002,43441
cstone,d7fddfb4f8d8ada0eb1a65d1a450a66c8cbd794c,direct,octree_leafcount,flyby,9,106,106,0.7412480116,0.2206400037,0.9631999731,1.021972,1,0,5,43041,37661,17,17,12956,34.40163564,13.59501872,512002,0,512002,43041
cstone,d7fddfb4f8d8ada0eb1a65d1a450a66c8cbd794c,direct,octree_leafcount,flyby,9,107,107,0.8019199967,0.230399996,1.033696055,1.088289,1,0,6,43609,38158,17,17,13247,34.71618009,13.41794643,512002,0,512002,43609
cstone,d7fddfb4f8d8ada0eb1a65d1a450a66c8cbd794c,direct,octree_leafcount,flyby,9,108,108,0.7516800165,0.2155199945,0.9685119987,1.027996,1,0,5,43289,37878,17,17,13156,34.73256244,13.51713396,512002,0,512002,43289
cstone,d7fddfb4f8d8ada0eb1a65d1a450a66c8cbd794c,direct,octree_leafcount,flyby,9,109,109,0.7421759963,0.2226880044,0.9662079811,1.026312,1,0,5,43017,37640,17,17,12890,34.24548353,13.60260361,512002,0,512002,43017
cstone,d7fddfb4f8d8ada0eb1a65d1a450a66c8cbd794c,direct,octree_leafcount,flyby,9,110,110,0.8145920038,0.2334399968,1.049376011,1.107537,1,0,6,43161,37766,17,17,13007,34.44103162,13.55722078,512002,0,512002,43161
cstone,d7fddfb4f8d8ada0eb1a65d1a450a66c8cbd794c,direct,octree_leafcount,flyby,9,111,111,0.7411199808,0.2308800071,0.9733120203,1.026631,1,0,5,43185,37787,17,17,13031,34.48540503,13.5496864,512002,0,512002,43185
cstone,d7fddfb4f8d8ada0eb1a65d1a450a66c8cbd794c,direct,octree_leafcount,flyby,9,112,112,0.793824017,0.2181439996,1.013280034,1.064087,1,0,6,43201,37801,17,17,12828,33.93561017,13.54466813,512002,0,512002,43201
cstone,d7fddfb4f8d8ada0eb1a65d1a450a66c8cbd794c,direct,octree_leafcount,flyby,9,113,113,0.8031359911,0.2308800071,1.035359979,1.089626,1,0,6,43313,37899,17,17,13016,34.34391409,13.50964405,512002,0,512002,43313
cstone,d7fddfb4f8d8ada0eb1a65d1a450a66c8cbd794c,direct,octree_leafcount,flyby,9,114,114,0.8156480193,0.218592003,1.035583973,1.094551,1,0,6,43249,37843,17,17,12938,34.18862141,13.5296356,512002,0,512002,43249
cstone,d7fddfb4f8d8ada0eb1a65d1a450a66c8cbd794c,direct,octree_leafcount,flyby,9,115,115,0.6446719766,0.2073280066,0.8533440232,0.90778,1,0,4,43105,37717,17,17,12806,33.95285945,13.57483363,512002,0,512002,43105
cstone,d7fddfb4f8d8ada0eb1a65d1a450a66c8cbd794c,direct,octree_leafcount,flyby,9,116,116,0.7492480278,0.2494399995,1.000031948,1.058611,1,0,5,43153,37759,17,17,12761,33.79591621,13.5597341,512002,0,512002,43153
cstone,d7fddfb4f8d8ada0eb1a65d1a450a66c8cbd794c,direct,octree_leafcount,flyby,9,117,117,0.8166720271,0.252384007,1.0704,1.129329,1,0,6,43273,37864,17,17,12946,34.19078808,13.52213184,512002,0,512002,43273
cstone,d7fddfb4f8d8ada0eb1a65d1a450a66c8cbd794c,direct,octree_leafcount,flyby,9,118,118,0.7384639978,0.2463999987,0.9862080216,1.04556,1,0,5,43497,38060,17,17,12911,33.92275355,13.45249606,512002,0,512002,43497
cstone,d7fddfb4f8d8ada0eb1a65d1a450a66c8cbd794c,direct,octree_leafcount,flyby,9,119,119,0.8095359802,0.2308800071,1.04172802,1.100198,1,0,6,43585,38137,17,17,13008,34.10860844,13.42533498,512002,0,512002,43585
cstone,d7fddfb4f8d8ada0eb1a65d1a450a66c8cbd794c,direct,octree_leafcount,flyby,9,120,120,0.7214720249,0.1951359957,0.9179520011,0.971617,1,0,5,43545,38102,17,17,13056,34.2659178,13.43766731,512002,0,512002,43545
cstone,d7fddfb4f8d8ada0eb1a65d1a450a66c8cbd794c,direct,octree_leafcount,flyby,9,121,121,0.7544639707,0.2032320052,0.9590399861,1.01366,1,0,5,43385,37962,17,17,12938,34.08144987,13.48722407,512002,0,512002,43385
cstone,d7fddfb4f8d8ada0eb1a65d1a450a66c8cbd794c,direct,octree_leafcount,flyby,9,122,122,0.8012160063,0.2063039988,1.008864045,1.062761,1,0,6,42897,37535,17,17,12600,33.56866924,13.64065539,512002,0,512002,42897
cstone,d7fddfb4f8d8ada0eb1a65d1a450a66c8cbd794c,direct,octree_leafcount,flyby,9,123,123,0.7425919771,0.2298559994,0.9737920165,1.027023,1,0,5,43329,37913,17,17,12958,34.1782502,13.5046554,512002,0,512002,43329
cstone,d7fddfb4f8d8ada0eb1a65d1a450a66c8cbd794c,direct,octree_leafcount,flyby,9,124,124,0.8056319952,0.2375040054,1.044448018,1.098726,1,0,6,43465,38032,17,17,12904,33.92932268,13.46240008,512002,0,512002,43465
cstone,d7fddfb4f8d8ada0eb1a65d1a450a66c8cbd794c,direct,octree_leafcount,flyby,9,125,125,0.7546240091,0.2155199945,0.971487999,1.030628,1,0,5,43449,38018,17,17,12830,33.74717239,13.46735757,512002,0,512002,43449
cstone,d7fddfb4f8d8ada0eb1a65d1a450a66c8cbd794c,direct,octree_leafcount,flyby,9,126,126,0.7968320251,0.220096007,1.018272042,1.07545,1,0,6,43401,37976,17,17,12780,33.65283337,13.48225195,512002,0,512002,43401
cstone,d7fddfb4f8d8ada0eb1a65d1a450a66c8cbd794c,direct,octree_leafcount,flyby,9,127,127,0.7953600287,0.2170239985,1.013695955,1.071191,1,0,6,43353,37934,17,17,12613,33.24985501,13.49717931,512002,0,512002,43353
cstone,d7fddfb4f8d8ada0eb1a65d1a450a66c8cbd794c,direct,octree_leafcount,flyby,9,128,128,0.7389119864,0.2068479955,0.9471039772,1.002522,1,0,5,43305,37892,17,17,12622,33.31046131,13.51213977,512002,0,512002,43305
cstone,d7fddfb4f8d8ada0eb1a65d1a450a66c8cbd794c,direct,octree_leafcount,flyby,9,129,129,0.8181440234,0.2072959989,1.026751995,1.081313,1,0,6,43121,37731,17,17,12694,33.64342318,13.56979672,512002,0,512002,43121
cstone,d7fddfb4f8d8ada0eb1a65d1a450a66c8cbd794c,direct,octree_leafcount,flyby,9,130,130,0.8122239709,0.2421440035,1.055711985,1.113551,1,0,6,43265,37857,17,17,12705,33.560504,13.52463217,512002,0,512002,43265
cstone,d7fddfb4f8d8ada0eb1a65d1a450a66c8cbd794c,direct,octree_leafcount,flyby,9,131,131,0.8325759768,0.252384007,1.086303949,1.146404,1,0,6,43401,37976,17,17,12613,33.21308195,13.48225195,512002,0,512002,43401
cstone,d7fddfb4f8d8ada0eb1a65d1a450a66c8cbd794c,direct,octree_leafcount,flyby,9,132,132,0.7485439777,0.2226880044,0.9725440145,1.034272,1,0,5,43033,37654,17,17,12449,33.06156052,13.59754608,512002,0,512002,43033
cstone,d7fddfb4f8d8ada0eb1a65d1a450a66c8cbd794c,direct,octree_leafcount,flyby,9,133,133,0.6611840129,0.2206400037,0.8831679821,0.942202,1,0,4,42961,37591,17,17,12278,32.66207337,13.62033465,512002,0,512002,42961
cstone,d7fddfb4f8d8ada0eb1a65d1a450a66c8cbd794c,direct,octree_leafcount,flyby,9,134,134,0.8307520151,0.239071995,1.071167946,1.129013,1,0,6,43057,37675,17,17,12404,32.92368945,13.58996682,512002,0,512002,43057
cstone,d7fddfb4f8d8ada0eb1a65d1a450a66c8cbd794c,direct,octree_leafcount,flyby,9,135,135,0.7622079849,0.2559359968,1.019487977,1.07935,1,0,5,43273,37864,17,17,12398,32.74350306,13.52213184,512002,0,512002,43273
cstone,d7fddfb4f8d8ada0eb1a65d1a450a66c8cbd794c,direct,octree_leafcount,flyby,9,136,136,0.8039039969,0.2417600006,1.047008038,1.105637,1,0,6,43713,38249,17,17,12664,33.10936234,13.38602316,512002,0,512002,43713
cstone,d7fddfb4f8d8ada0eb1a65d1a450a66c8cbd794c,direct,octree_leafcount,flyby,9,137,137,0.8127359748,0.2134719938,1.027552009,1.084399,1,0,6,43185,37787,17,17,12581,33.29451928,13.5496864,512002,0,512002,43185
cstone,d7fddfb4f8d8ada0eb1a65d1a450a66c8cbd794c,direct,octree_leafcount,flyby,9,138,138,0.723263979,0.2144960016,0.9390720129,0.999409,1,0,5,43073,37689,17,17,12345,32.75491523,13.58491868,512002,0,512002,43073
cstone,d7fddfb4f8d8ada0eb1a65d1a450a66c8cbd794c,direct,octree_leafcount,flyby,9,139,139,0.8222079873,0.2411199957,1.064671993,1.122426,1,0,6,43617,38165,17,17,12654,33.15603301,13.41548539,512002,0,512002,43617
cstone,d7fddfb4f8d8ada0eb1a65d1a450a66c8cbd794c,direct,octree_leafcount,flyby,9,140,140,0.7443199754,0.213312,0.9589759707,1.016321,1,0,5,43497,38060,17,17,12721,33.42354178,13.45249606,512002,0,512002,43497
cstone,d7fddfb4f8d8ada0eb1a65d1a450a66c8cbd794c,direct,octree_leafcount,flyby,9,141,141,0.7966399789,0.2456959933,1.043679953,1.104368,1,0,6,43553,38109,17,17,12543,32.913485,13.43519903,512002,0,512002,43553
cstone,d7fddfb4f8d8ada0eb1a65d1a450a66c8cbd794c,direct,octree_leafcount,flyby,9,142,142,0.7470719814,0.220096007,0.9685119987,1.027424,1,0,5,43521,38081,17,17,12500,32.82476826,13.4450776,512002,0,512002,43521
cstone,d7fddfb4f8d8ada0eb1a65d1a450a66c8cbd794c,direct,octree_leafcount,flyby,9,143,143,0.8050559759,0.2022079974,1.008576035,1.062372,1,0,6,43481,38046,17,17,12512,32.88650581,13.45744625,512002,0,512002,43481
cstone,d7fddfb4f8d8ada0eb1a65d1a450a66c8cbd794c,direct,octree_leafcount,flyby,9,144,144,0.7272319794,0.2143040001,0.9428799748,1.00033,1,0,5,42921,37556,17,17,12251,32.62061987,13.63302801,512002,0,512002,42921
cstone,d7fddfb4f8d8ada0eb1a65d1a450a66c8cbd794c,direct,octree_leafcount,flyby,9,145,145,0.738847971,0.239071995,0.9792640209,1.035225,1,0,5,43169,37773,17,17,12443,32.94151907,13.55470839,512002,0,512002,43169
cstone,d7fddfb4f8d8ada0eb1a65d1a450a66c8cbd794c,direct,octree_leafcount,flyby,9,146,146,0.8025919795,0.206783995,1.010848045,1.066956,1,0,6,43153,37759,17,17,12284,32.53264122,13.5597341,512002,0,512002,43153
cstone,d7fddfb4f8d8ada0eb1a65d1a450a66c8cbd794c,direct,octree_leafcount,flyby,9,147,147,0.753279984,0.2349759936,0.9896000028,1.044937,1,0,5,43521,38081,17,17,12474,32.75649274,13.4450776,512002,0,512002,43521
cstone,d7fddfb4f8d8ada0eb1a65d1a450a66c8cbd794c,direct,octree_leafcount,flyby,9,148,148,0.8033599854,0.2001599967,1.004863977,1.059694,1,0,6,43521,38081,17,17,12566,32.99808303,13.4450776,512002,0,512002,43521
cstone,d7fddfb4f8d8ada0eb1a65d1a450a66c8cbd794c,direct,octree_leafcount,flyby,9,149,149,0.7090560198,0.2170239985,0.9274240136,0.982706,1,0,5,43225,37822,17,17,12458,32.9385014,13.53714769,512002,0,512002,43225
cstone,d7fddfb4f8d8ada0eb1a65d1a450a66c8cbd794c,direct,octree_leafcount,flyby,9,150,150,0.7419199944,0.2288320065,0.9720640182,1.026413,1,0,5,43393,37969,17,17,12389,32.62925018,13.48473755,512002,0,512002,43393
cstone,d7fddfb4f8d8ada0eb1a65d1a450a66c8cbd794c,direct,octree_leafcount,flyby,9,151,151,0.8127679825,0.2309760004,1.045088053,1.100065,1,0,6,43537,38095,17,17,12407,32.56857855,13.4401365,512002,0,512002,43537
cstone,d7fddfb4f8d8ada0eb1a65d1a450a66c8cbd794c,direct,octree_leafcount,flyby,9,152,152,0.7445440292,0.2073280066,0.9531840086,1.013574,1,0,5,43497,38060,17,17,12509,32.86652654,13.45249606,512002,0,512002,43497
cstone,d7fddfb4f8d8ada0eb1a65d1a450a66c8cbd794c,direct,octree_leafcount,flyby,9,153,153,0.8054080009,0.2283519953,1.035104036,1.089358,1,0,6,43665,38207,17,17,12555,32.86047059,13.40073808,512002,0,512002,43665
cstone,d7fddfb4f8d8ada0eb1a65d1a450a66c8cbd794c,direct,octree_leafcount,flyby,9,154,154,0.7118719816,0.1970880032,0.9102720022,0.965662,1,0,5,43257,37850,17,17,12228,32.30647292,13.52713342,512002,0,512002,43257
cstone,d7fddfb4f8d8ada0eb1a65d1a450a66c8cbd794c,direct,octree_leafcount,flyby,9,155,155,0.7412480116,0.2282879949,0.9708480239,1.024205,1,0,5,43513,38074,17,17,12377,32.50774807,13.44754951,512002,0,512002,43513
cstone,d7fddfb4f8d8ada0eb1a65d1a450a66c8cbd794c,direct,octree_leafcount,flyby,9,156,156,0.8121280074,0.2022400051,1.015712023,1.069022,1,0,6,43417,37990,17,17,12313,32.41116083,13.4772835,512002,0,512002,43417
cstone,d7fddfb4f8d8ada0eb1a65d1a450a66c8cbd794c,direct,octree_leafcount,flyby,9,157,157,0.7434880137,0.2052800059,0.9500799775,1.004733,1,0,5,43193,37794,17,17,12313,32.57924538,13.5471768,512002,0,512002,43193
cstone,d7fddfb4f8d8ada0eb1a65d1a450a66c8cbd794c,direct,octree_leafcount,flyby,9,158,158,0.8127359748,0.2498880029,1.063935995,1.123964,1,0,6,43313,37899,17,17,12254,32.33330695,13.50964405,512002,0,512002,43313
cstone,d7fddfb4f8d8ada0eb1a65d1a450a66c8cbd794c,direct,octree_leafcount,flyby,9,159,159,0.7570880055,0.225759998,0.9841920137,1.049371,1,0,5,42817,37465,17,17,11960,31.92312825,13.66614173,512002,0,512002,42817
cstone,d7fddfb4f8d8ada0eb1a65d1a450a66c8cbd794c,direct,octree_leafcount,flyby,9,160,160,0.7451199889,0.2313600034,0.9778239727,1.037145,1,0,5,43097,37710,17,17,12020,31.87483426,13.57735349,512002,0,512002,43097
cstone,d7fddfb4f8d8ada0eb1a65d1a450a66c8cbd794c,direct,octree_leafcount,flyby,9,161,161,0.8236479759,0.239071995,1.064031959,1.120974,1,0,6,43233,37829,17,17,12227,32.32176373,13.53464273,512002,0,512002,43233
cstone,d7fddfb4f8d8ada0eb1a65d1a450a66c8cbd794c,direct,octree_leafcount,flyby,9,162,162,0.8072639704,0.2011840045,1.00979197,1.066263,1,0,6,43145,37752,17,17,12101,32.05393092,13.56224836,512002,0,512002,43145
cstone,d7fddfb4f8d8ada0eb1a65d1a450a66c8cbd794c,direct,octree_leafcount,flyby,9,163,163,0.8095679879,0.2360000014,1.046880007,1.103928,1,0,6,43545,38102,17,17,12278,32.22403023,13.43766731,512002,0,512002,43545
cstone,d7fddfb4f8d8ada0eb1a65d1a450a66c8cbd794c,direct,octree_leafcount,flyby,9,164,164,0.7894719839,0.2165440023,1.007328033,1.064077,1,0,6,43241,37836,17,17,12047,31.84004652,13.5321387,512002,0,512002,43241
cstone,d7fddfb4f8d8ada0eb1a65d1a450a66c8cbd794c,direct,octree_leafcount,flyby,9,165,165,0.7463039756,0.2108799964,0.9585279822,1.0139,1,0,5,43137,37745,17,17,12060,31.95125182,13.56476354,512002,0,512002,43137
cstone,d7fddfb4f8d8ada0eb1a65d1a450a66c8cbd794c,direct,octree_leafcount,flyby,9,166,166,0.812319994,0.1940159947,1.007647991,1.061617,1,0,6,43105,37717,17,17,11947,31.67537185,13.57483363,512002,0,512002,43105
cstone,d7fddfb4f8d8ada0eb1a65d1a450a66c8cbd794c,direct,octree_leafcount,flyby,9,167,167,0.7352640033,0.1929920018,0.9295679927,0.983059,1,0,5,43105,37717,17,17,11850,31.41819339,13.57483363,512002,0,512002,43105
cstone,d7fddfb4f8d8ada0eb1a65d1a450a66c8cbd794c,direct,octree_leafcount,flyby,9,168,168,0.7987200022,0.1868479997,0.9869120121,1.037368,1,0,6,42745,37402,17,17,11841,31.65873483,13.68916101,512002,0,512002,42745
cstone,d7fddfb4f8d8ada0eb1a65d1a450a66c8cbd794c,direct,octree_leafcount,flyby,9,169,169,0.7344639897,0.2196159959,0.9554240108,1.009642,1,0,5,43025,37647,17,17,11893,31.59083061,13.60007438,512002,0,512002,43025
cstone,d7fddfb4f8d8ada0eb1a65d1a450a66c8cbd794c,direct,octree_leafcount,flyby,9,170,170,0.7336320281,0.191967994,0.9269440174,0.979223,1,0,5,43001,37626,17,17,11936,31.72274491,13.60766491,512002,0,512002,43001
cstone,d7fddfb4f8d8ada0eb1a65d1a450a66c8cbd794c,direct,octree_leafcount,flyby,9,171,171,0.8278399706,0.2308800071,1.06003201,1.113725,1,0,6,43417,37990,17,17,11983,31.54251119,13.4772835,512002,0,512002,43417
cstone,d7fddfb4f8d8ada0eb1a65d1a450a66c8cbd794c,direct,octree_leafcount,flyby,9,172,172,0.7507839799,0.2011840045,0.9532799721,1.008667,1,0,5,43025,37647,17,17,11688,31.04629851,13.60007438,512002,0,512002,43025
cstone,d7fddfb4f8d8ada0eb1a65d1a450a66c8cbd794c,direct,octree_leafcount,flyby,9,173,173,0.8184319735,0.2226880044,1.042431951,1.100557,1,0,6,42873,37514,17,17,11815,31.49490857,13.6482913,512002,0,512002,42873
cstone,d7fddfb4f8d8ada0eb1a65d1a450a66c8cbd794c,direct,octree_leafcount,flyby,9,174,174,0.7366399765,0.2196159959,0.9575999975,1.019844,1,0,5,42761,37416,17,17,11711,31.29944409,13.68403891,512002,0,512002,42761
cstone,d7fddfb4f8d8ada0eb1a65d1a450a66c8cbd794c,direct,octree_leafcount,flyby,9,175,175,0.740351975,0.2267840058,0.968479991,1.022511,1,0,5,42977,37605,17,17,11892,31.62345433,13.61526393,512002,0,512002,42977
cstone,d7fddfb4f8d8ada0eb1a65d1a450a66c8cbd794c,direct,octree_leafcount,flyby,9,176,176,0.7844160199,0.1975679994,0.9833279848,1.036134,1,0,6,42793,37444,17,17,11647,31.10511697,13.67380622,512002,0,512002,42793
cstone,d7fddfb4f8d8ada0eb1a65d1a450a66c8cbd794c,direct,octree_leafcount,flyby,9,177,177,0.7319679856,0.2308800071,0.9641919732,1.017898,1,0,5,42945,37577,17,17,11799,31.39952631,13.62540916,512002,0,512002,42945
cstone,d7fddfb4f8d8ada0eb1a65d1a450a66c8cbd794c,direct,octree_leafcount,flyby,9,178,178,0.809920013,0.2395520061,1.050783992,1.106992,1,0,6,43017,37640,17,17,11796,31.33900106,13.60260361,512002,0,512002,43017
cstone,d7fddfb4f8d8ada0eb1a65d1a450a66c8cbd794c,direct,octree_leafcount,flyby,9,179,179,0.7175679803,0.2052800059,0.9241600037,0.978849,1,0,5,42641,37311,17,17,11718,31.40628769,13.72254831,512002,0,512002,42641
cstone,d7fddfb4f8d8ada0eb1a65d1a450a66c8cbd794c,direct,octree_leafcount,flyby,9,180,180,0.7555519938,0.2350720018,0.991936028,1.046967,1,0,5,42985,37612,17,17,11962,31.80367968,13.61272998,512002,0,512002,42985
cstone,d7fddfb4f8d8ada0eb1a65d1a450a66c8cbd794c,direct,octree_leafcount,flyby,9,181,181,0.7982720137,0.2042559981,1.003872037,1.058151,1,0,6,42905,37542,17,17,11761,31.32757978,13.63811198,512002,0,512002,42905
cstone,d7fddfb4f8d8ada0eb1a65d1a450a66c8cbd794c,direct,octree_leafcount,flyby,9,182,182,0.7549120188,0.2281599939,0.984416008,1.043523,1,0,5,42849,37493,17,17,11754,31.34985197,13.65593577,512002,0,512002,42849
cstone,d7fddfb4f8d8ada0eb1a65d1a450a66c8cbd794c,direct,octree_leafcount,flyby,9,183,183,0.7545920014,0.2503359914,1.00624001,1.06412,1,0,5,43049,37668,17,17,11571,30.71838165,13.5924923,512002,0,512002,43049
cstone,d7fddfb4f8d8ada0eb1a65d1a450a66c8cbd794c,direct,octree_leafcount,flyby,9,184,184,0.8129919767,0.2303359956,1.044672012,1.099532,1,0,6,43129,37738,17,17,11650,30.87074037,13.56727967,512002,0,512002,43129
cstone,d7fddfb4f8d8ada0eb1a65d1a450a66c8cbd794c,direct,octree_leafcount,flyby,9,185,185,0.7383999825,0.1950400025,0.9347839952,0.987789,1,0,5,42769,37423,17,17,11754,31.4084921,13.6814793,512002,0,512002,42769
cstone,d7fddfb4f8d8ada0eb1a65d1a450a66c8cbd794c,direct,octree_leafcount,flyby,9,186,186,0.8143039942,0.2264000028,1.042240024,1.101972,1,0,6,42585,37262,17,17,11593,31.11212495,13.74059363,512002,0,512002,42585
cstone,d7fddfb4f8d8ada0eb1a65d1a450a66c8cbd794c,direct,octree_leafcount,flyby,9,187,187,0.764959991,0.2680320144,1.034304023,1.098406,1,0,5,42841,37486,17,17,11811,31.5077629,13.65848583,512002,0,512002,42841
cstone,d7fddfb4f8d8ada0eb1a65d1a450a66c8cbd794c,direct,octree_leafcount,flyby,9,188,188,0.7310400009,0.2196480036,0.9520320296,1.009896,1,0,5,42289,37003,17,17,11411,30.83804016,13.83676999,512002,0,512002,42289
cstone,d7fddfb4f8d8ada0eb1a65d1a450a66c8cbd794c,direct,octree_leafcount,flyby,9,189,189,0.8128319979,0.224255994,1.03846395,1.091483,1,0,6,42473,37164,17,17,11522,31.0031213,13.77682704,512002,0,512002,42473
cstone,d7fddfb4f8d8ada0eb1a65d1a450a66c8cbd794c,direct,octree_leafcount,flyby,9,190,190,0.7340480089,0.2001599967,0.935552001,0.989972,1,0,5,42297,37010,17,17,11405,30.81599568,13.83415293,512002,0,512002,42297
cstone,d7fddfb4f8d8ada0eb1a65d1a450a66c8cbd794c,direct,octree_leafcount,flyby,9,191,191,0.802496016,0.2175679952,1.021407962,1.079781,1,0,6,42225,36947,17,17,11323,30.64660189,13.85774217,512002,0,512002,42225
cstone,d7fddfb4f8d8ada0eb1a65d1a450a66c8cbd794c,direct,octree_leafcount,flyby,9,192,192,0.7430080175,0.225759998,0.970080018,1.024717,1,0,5,42233,36954,17,17,11399,30.84645776,13.85511717,512002,0,512002,42233
cstone,d7fddfb4f8d8ada0eb1a65d1a450a66c8cbd794c,direct,octree_leafcount,flyby,9,193,193,0.6607999802,0.231904,0.8940479755,0.957377,1,0,4,42273,36989,17,17,11356,30.70101922,13.84200708,512002,0,512002,42273
cstone,d7fddfb4f8d8ada0eb1a65d1a450a66c8cbd794c,direct,octree_leafcount,flyby,9,194,194,0.8117759824,0.2256000042,1.038720012,1.093128,1,0,6,42401,37101,17,17,11567,31.17705722,13.80022102,512002,0,512002,42401
cstone,d7fddfb4f8d8ada0eb1a65d1a450a66c8cbd794c,direct,octree_leafcount,flyby,9,195,195,0.8386880159,0.2083519995,1.048383951,1.102274,1,0,6,42329,37038,17,17,11498,31.04379286,13.82369458,512002,0,512002,42329
cstone,d7fddfb4f8d8ada0eb1a65d1a450a66c8cbd794c,direct,octree_leafcount,flyby,9,196,196,0.7944959998,0.2329279929,1.028767943,1.084146,1,0,6,42761,37416,17,17,11752,31.40902288,13.68403891,512002,0,512002,42761
cstone,d7fddfb4f8d8ada0eb1a65d1a450a66c8cbd794c,direct,octree_leafcount,flyby,9,197,197,0.6601600051,0.211807996,0.8733119965,0.929613,1,0,4,42289,37003,17,17,11372,30.7326433,13.83676999,512002,0,512002,42289
cstone,d7fddfb4f8d8ada0eb1a65d1a450a66c8cbd794c,direct,octree_leafcount,flyby,9,198,198,0.7490239739,0.2267840058,0.9771199822,1.029499,1,0,5,42561,37241,17,17,11525,30.94707446,13.74834188,512002,0,512002,42561
cstone,d7fddfb4f8d8ada0eb1a65d1a450a66c8cbd794c,direct,octree_leafcount,flyby,9,199,199,0.8215039968,0.2416000068,1.064447999,1.123198,1,0,6,42577,37255,17,17,11385,30.55965642,13.74317541,512002,0,512002,42577
cstone,d7fddfb4f8d8ada0eb1a65d1a450a66c8cbd794c,direct,octree_leafcount,flyby,9,200,200,0.7516800165,0.2443200052,0.9973120093,1.05552,1,0,5,42641,37311,17,17,11427,30.62635684,13.72254831,512002,0,512002,42641
cstone,d7fddfb4f8d8ada0eb1a65d1a450a66c8cbd794c,direct,octree_leafcount,flyby,9,201,201,0.8200640082,0.2134719938,1.034847975,1.091341,1,0,6,42481,37171,17,17,11405,30.68252132,13.7742326,512002,0,512002,42481
cstone,d7fddfb4f8d8ada0eb1a65d1a450a66c8cbd794c,direct,octree_leafcount,flyby,9,202,202,0.7309759855,0.2134719938,0.9457920194,1.003683,1,0,5,42305,37017,17,17,11259,30.41575492,13.83153686,512002,0,512002,42305
cstone,d7fddfb4f8d8ada0eb1a65d1a450a66c8cbd794c,direct,octree_leafcount,flyby,9,203,203,0.7335680127,0.227264002,0.9621760249,1.015371,1,0,5,42393,37094,17,17,11467,30.91335526,13.80282525,512002,0,512002,42393
cstone,d7fddfb4f8d8ada0eb1a65d1a450a66c8cbd794c,direct,octree_leafcount,flyby,9,204,204,0.8134400249,0.2124480009,1.027232051,1.084081,1,0,6,42297,37010,17,17,11400,30.80248581,13.83415293,512002,0,512002,42297
cstone,d7fddfb4f8d8ada0eb1a65d1a450a66c8cbd794c,direct,octree_leafcount,flyby,9,205,205,0.7467520237,0.2251839936,0.9732800126,1.026987,1,0,5,42825,37472,17,17,11629,31.0338386,13.66358881,512002,0,512002,42825
cstone,d7fddfb4f8d8ada0eb1a65d1a450a66c8cbd794c,direct,octree_leafcount,flyby,9,206,206,0.654399991,0.2083519995,0.8640959859,0.91951,1,0,4,42609,37283,17,17,11431,30.66008637,13.73285412,512002,0,512002,42609
cstone,d7fddfb4f8d8ada0eb1a65d1a450a66c8cbd794c,direct,octree_leafcount,flyby,9,207,207,0.8041920066,0.2221760005,1.027711987,1.080929,1,0,6,42881,37521,17,17,11488,30.61752085,13.64574505,512002,0,512002,42881
cstone,d7fddfb4f8d8ada0eb1a65d1a450a66c8cbd794c,direct,octree_leafcount,flyby,9,208,208,0.7371839881,0.2032320052,0.9417600036,0.996291,1,0,5,42489,37178,17,17,11347,30.52073807,13.77163914,512002,0,512002,42489
cstone,d7fddfb4f8d8ada0eb1a65d1a450a66c8cbd794c,direct,octree_leafcount,flyby,9,209,209,0.8142719865,0.2012159973,1.016800046,1.069878,1,0,6,42281,36996,17,17,11314,30.58168451,13.83938804,512002,0,512002,42281
cstone,d7fddfb4f8d8ada0eb1a65d1a450a66c8cbd794c,direct,octree_leafcount,flyby,9,210,210,0.7442560196,0.2032320052,0.9488319755,1.004987,1,0,5,42169,36898,17,17,11217,30.40002168,13.87614505,512002,0,512002,42169
cstone,d7fddfb4f8d8ada0eb1a65d1a450a66c8cbd794c,direct,octree_leafcount,flyby,9,211,211,0.7283200026,0.2298559994,0.9594879746,1.012853,1,0,5,42241,36961,17,17,11176,30.23727713,13.85249317,512002,0,512002,42241
cstone,d7fddfb4f8d8ada0eb1a65d1a450a66c8cbd794c,direct,octree_leafcount,flyby,9,212,212,0.8132479787,0.2349759936,1.049568057,1.103821,1,0,6,42449,37143,17,17,11392,30.67065127,13.78461621,512002,0,512002,42449
cstone,d7fddfb4f8d8ada0eb1a65d1a450a66c8cbd794c,direct,octree_leafcount,flyby,9,213,213,0.7478399873,0.1991360039,0.9483199716,1.002496,1,0,5,42185,36912,17,17,11341,30.72442566,13.8708821,512002,0,512002,42185
cstone,d7fddfb4f8d8ada0eb1a65d1a450a66c8cbd794c,direct,octree_leafcount,flyby,9,214,214,0.8098239899,0.2241919935,1.035359979,1.089296,1,0,6,42193,36919,17,17,11377,30.81611095,13.86825212,512002,0,512002,42193
cstone,d7fddfb4f8d8ada0eb1a65d1a450a66c8cbd794c,direct,octree_leafcount,flyby,9,215,215,0.7270399928,0.2335679978,0.9619519711,1.028232,1,0,5,42249,36968,17,17,11279,30.51017096,13.84987016,512002,0,512002,42249
cstone,d7fddfb4f8d8ada0eb1a65d1a450a66c8cbd794c,direct,octree_leafcount,flyby,9,216,216,0.7337599993,0.2156800032,0.9507840276,1.00632,1,0,5,42377,37080,17,17,11505,31.02750809,13.80803668,512002,0,512002,42377
cstone,d7fddfb4f8d8ada0eb1a65d1a450a66c8cbd794c,direct,octree_leafcount,flyby,9,217,217,0.8004800081,0.233408004,1.0352,1.089162,1,0,6,42457,37150,17,17,11317,30.46298789,13.78201884,512002,0,512002,42457
cstone,d7fddfb4f8d8ada0eb1a65d1a450a66c8cbd794c,direct,octree_leafcount,flyby,9,218,218,0.7455999851,0.2222719938,0.9692159891,1.026982,1,0,5,42393,37094,17,17,11293,30.4442767,13.80282525,512002,0,512002,42393
cstone,d7fddfb4f8d8ada0eb1a65d1a450a66c8cbd794c,direct,octree_leafcount,flyby,9,219,219,0.8120959997,0.2323839962,1.045824051,1.102073,1,0,6,42657,37325,17,17,11349,30.40589417,13.71740121,512002,0,512002,42657
cstone,d7fddfb4f8d8ada0eb1a65d1a450a66c8cbd794c,direct,octree_leafcount,flyby,9,220,220,0.7896320224,0.2093760073,1.000352025,1.056353,1,0,6,42513,37199,17,17,11352,30.51694938,13.76386462,512002,0,512002,42513
cstone,d7fddfb4f8d8ada0eb1a65d1a450a66c8cbd794c,direct,octree_leafcount,flyby,9,221,221,0.7335680127,0.2063039988,0.9411839843,0.999404,1,0,5,42513,37199,17,17,11514,30.95244496,13.76386462,512002,0,512002,42513
cstone,d7fddfb4f8d8ada0eb1a65d1a450a66c8cbd794c,direct,octree_leafcount,flyby,9,222,222,0.802143991,0.1982080042,1.001631975,1.055215,1,0,6,42425,37122,17,17,11356,30.59102419,13.7924142,512002,0,512002,42425
cstone,d7fddfb4f8d8ada0eb1a65d1a450a66c8cbd794c,direct,octree_leafcount,flyby,9,223,223,0.7459840178,0.2083840072,0.9557120204,1.012829,1,0,5,42337,37045,17,17,11349,30.63571332,13.82108247,512002,0,512002,42337
cstone,d7fddfb4f8d8ada0eb1a65d1a450a66c8cbd794c,direct,octree_leafcount,flyby,9,224,224,0.7238399982,0.2026560009,0.9278720021,0.98075,1,0,5,41953,36709,17,17,11153,30.3821951,13.94758779,512002,0,512002,41953
cstone,d7fddfb4f8d8ada0eb1a65d1a450a66c8cbd794c,direct,octree_leafcount,flyby,9,225,225,0.8204799891,0.2380480021,1.059872031,1.118894,1,0,6,41985,36737,17,17,11224,30.55230422,13.93695729,512002,0,512002,41985
cstone,d7fddfb4f8d8ada0eb1a65d1a450a66c8cbd794c,direct,octree_leafcount,flyby,9,226,226,0.7524160147,0.2133439928,0.96707201,1.0234,1,0,5,41273,36114,17,17,10788,29.87207177,14.17738273,512002,0,512002,41273
cstone,d7fddfb4f8d8ada0eb1a65d1a450a66c8cbd794c,direct,octree_leafcount,flyby,9,227,227,0.8050559759,0.2354879975,1.04185605,1.09691,1,0,6,41489,36303,17,17,10930,30.1077046,14.10357271,512002,0,512002,41489
cstone,d7fddfb4f8d8ada0eb1a65d1a450a66c8cbd794c,direct,octree_leafcount,flyby,9,228,228,0.6621119976,0.2411199957,0.9045439959,0.960743,1,0,4,42033,36779,17,17,11007,29.92740423,13.9210419,512002,0,512002,42033
cstone,d7fddfb4f8d8ada0eb1a65d1a450a66c8cbd794c,direct,octree_leafcount,flyby,9,229,229,0.7414720058,0.2093760073,0.9521920085,1.007046,1,0,5,42009,36758,17,17,11028,30.0016323,13.92899505,512002,0,512002,42009
cstone,d7fddfb4f8d8ada0eb1a65d1a450a66c8cbd794c,direct,octree_leafcount,flyby,9,230,230,0.8219519854,0.2441920042,1.067487955,1.124636,1,0,6,42097,36835,17,17,10999,29.86018732,13.89987783,512002,0,512002,42097
cstone,d7fddfb4f8d8ada0eb1a65d1a450a66c8cbd794c,direct,octree_leafcount,flyby,9,231,231,0.7457600236,0.218592003,0.9656959772,1.024344,1,0,5,41961,36716,17,17,11040,30.06863493,13.94492864,512002,0,512002,41961
cstone,d7fddfb4f8d8ada0eb1a65d1a450a66c8cbd794c,direct,octree_leafcount,flyby,9,232,232,0.7536640167,0.2421440035,0.9971200228,1.055258,1,0,5,42289,37003,17,17,11043,29.8435262,13.83676999,512002,0,512002,42289
cstone,d7fddfb4f8d8ada0eb1a65d1a450a66c8cbd794c,direct,octree_leafcount,flyby,9,233,233,0.8221120238,0.2339520007,1.057407975,1.113014,1,0,6,42425,37122,17,17,11143,30.01724045,13.7924142,512002,0,512002,42425
cstone,d7fddfb4f8d8ada0eb1a65d1a450a66c8cbd794c,direct,octree_leafcount,flyby,9,234,234,0.7424319983,0.2118400037,0.9555839896,1.011115,1,0,5,42217,36940,17,17,10990,29.75094748,13.86036816,512002,0,512002,42217
cstone,d7fddfb4f8d8ada0eb1a65d1a450a66c8cbd794c,direct,octree_leafcount,flyby,9,235,235,0.7600960135,0.2278079987,0.9892479777,1.047652,1,0,5,42017,36765,17,17,10910,29.6749626,13.92634299,512002,0,512002,42017
cstone,d7fddfb4f8d8ada0eb1a65d1a450a66c8cbd794c,direct,octree_leafcount,flyby,9,236,236,0.7658879757,0.240575999,1.007776022,1.069969,1,0,5,41985,36737,17,17,10930,29.75202112,13.93695729,512002,0,512002,41985
cstone,d7fddfb4f8d8ada0eb1a65d1a450a66c8cbd794c,direct,octree_leafcount,flyby,9,237,237,0.8002560139,0.2275519967,1.029119968,1.090016,1,0,6,41865,36632,17,17,10810,29.50971828,13.97690544,512002,0,512002,41865
cstone,d7fddfb4f8d8ada0eb1a65d1a450a66c8cbd794c,direct,octree_leafcount,flyby,9,238,238,0.8034560084,0.2101120055,1.014879942,1.070443,1,0,6,41497,36310,17,17,10918,30.06885156,14.10085376,512002,0,512002,41497
cstone,d7fddfb4f8d8ada0eb1a65d1a450a66c8cbd794c,direct,octree_leafcount,flyby,9,239,239,0.7412160039,0.2394559979,0.982016027,1.04027,1,0,5,41665,36457,17,17,10918,29.94760951,14.04399704,512002,0,512002,41665
cstone,d7fddfb4f8d8ada0eb1a65d1a450a66c8cbd794c,direct,octree_leafcount,flyby,9,240,240,0.813567996,0.2400960028,1.055008054,1.111861,1,0,6,42145,36877,17,17,11152,30.24107167,13.88404697,512002,0,512002,42145
cstone,d7fddfb4f8d8ada0eb1a65d1a450a66c8cbd794c,direct,octree_leafcount,flyby,9,241,241,0.6424000263,0.1985920072,0.842335999,0.896073,1,0,4,41769,36548,17,17,10846,29.67604246,14.00902922,512002,0,512002,41769
cstone,d7fddfb4f8d8ada0eb1a65d1a450a66c8cbd794c,direct,octree_leafcount,flyby,9,242,242,0.7363839746,0.2165440023,0.9542719722,1.008633,1,0,5,41897,36660,17,17,10921,29.78996181,13.96623022,512002,0,512002,41897
cstone,d7fddfb4f8d8ada0eb1a65d1a450a66c8cbd794c,direct,octree_leafcount,flyby,9,243,243,0.7868480086,0.1888960004,0.9770560265,1.028415,1,0,6,41769,36548,17,17,10896,29.81284886,14.00902922,512002,0,512002,41769
cstone,d7fddfb4f8d8ada0eb1a65d1a450a66c8cbd794c,direct,octree_leafcount,flyby,9,244,244,0.7525119781,0.2340160012,0.9878399968,1.041873,1,0,5,41873,36639,17,17,11002,30.02811212,13.9742351,512002,0,512002,41873
cstone,d7fddfb4f8d8ada0eb1a65d1a450a66c8cbd794c,direct,octree_leafcount,flyby,9,245,245,0.7256960273,0.2114239931,0.9386559725,0.99655,1,0,5,41521,36331,17,17,10828,29.80374886,14.0927032,512002,0,512002,41521
cstone,d7fddfb4f8d8ada0eb1a65d1a450a66c8cbd794c,direct,octree_leafcount,flyby,9,246,246,0.8272320032,0.2313600034,1.059936047,1.115849,1,0,6,41921,36681,17,17,10954,29.86287179,13.95823451,512002,0,512002,41921
cstone,d7fddfb4f8d8ada0eb1a65d1a450a66c8cbd794c,direct,octree_leafcount,flyby,9,247,247,0.7453759909,0.2093760073,0.9560959935,1.01231,1,0,5,41593,36394,17,17,10750,29.53783591,14.06830796,512002,0,512002,41593
cstone,d7fddfb4f8d8ada0eb1a65d1a450a66c8cbd794c,direct,octree_leafcount,flyby,9,248,248,0.817471981,0.2456959933,1.064512014,1.122852,1,0,6,41897,36660,17,17,11024,30.07092199,13.96623022,512002,0,512002,41897
cstone,d7fddfb4f8d8ada0eb1a65d1a450a66c8cbd794c,direct,octree_leafcount,flyby,9,249,249,0.7508159876,0.2551999986,1.007359982,1.068221,1,0,5,41977,36730,17,17,10995,29.93465832,13.9396134,512002,0,512002,41977
cstone,d7fddfb4f8d8ada0eb1a65d1a450a66c8cbd794c,direct,octree_leafcount,flyby,9,250,250,0.7544639707,0.247360006,1.003136039,1.061625,1,0,5,42081,36821,17,17,11047,30.00190109,13.90516281,512002,0,512002,42081
cstone,d7fddfb4f8d8ada0eb1a65d1a450a66c8cbd794c,direct,octree_leafcount,flyby,9,251,251,0.8210240006,0.2380480021,1.060384035,1.116326,1,0,6,42105,36842,17,17,10972,29.78122795,13.89723685,512002,0,512002,42105
cstone,d7fddfb4f8d8ada0eb1a65d1a450a66c8cbd794c,direct,octree_leafcount,flyby,9,252,252,0.7542719841,0.2247360051,0.9803519845,1.035219,1,0,5,42201,36926,17,17,11089,30.03033093,13.86562314,512002,0,512002,42201
cstone,d7fddfb4f8d8ada0eb1a65d1a450a66c8cbd794c,direct,octree_leafcount,flyby,9,253,253,0.7338560224,0.2288320065,0.9640319943,1.020026,1,0,5,42321,37031,17,17,11026,29.77505333,13.82630769,512002,0,512002,42321
cstone,d7fddfb4f8d8ada0eb1a65d1a450a66c8cbd794c,direct,octree_leafcount,flyby,9,254,254,0.8047040105,0.2032320052,1.009279966,1.064019,1,0,6,42305,37017,17,17,11088,29.95380501,13.83153686,512002,0,512002,42305
cstone,d7fddfb4f8d8ada0eb1a65d1a450a66c8cbd794c,direct,octree_leafcount,flyby,9,255,255,0.7549120188,0.2083519995,0.9645760059,1.019761,1,0,5,42089,36828,17,17,10961,29.76268057,13.90251982,512002,0,512002,42089
cstone,d7fddfb4f8d8ada0eb1a65d1a450a66c8cbd794c,direct,octree_leafcount,flyby,9,256,256,0.8232640028,0.2339520007,1.058527946,1.113808,1,0,6,42513,37199,17,17,11146,29.96317105,13.76386462,512002,0,512002,42513
cstone,d7fddfb4f8d8ada0eb1a65d1a450a66c8cbd794c,direct,octree_leafcount,flyby,9,257,257,0.756896019,0.222112,0.9803199768,1.041467,1,0,5,42457,37150,17,17,11109,29.90309556,13.78201884,512002,0,512002,42457
cstone,d7fddfb4f8d8ada0eb1a65d1a450a66c8cbd794c,direct,octree_leafcount,flyby,9,258,258,0.667584002,0.2217919976,0.8907200098,0.947788,1,0,4,42337,37045,17,17,11093,29.9446619,13.82108247,512002,0,512002,42337
cstone,d7fddfb4f8d8ada0eb1a65d1a450a66c8cbd794c,direct,octree_leafcount,flyby,9,259,259,0.8071680069,0.200639993,1.009152055,1.064412,1,0,6,42193,36919,17,17,11172,30.2608413,13.86825212,512002,0,512002,42193
cstone,d7fddfb4f8d8ada0eb1a65d1a450a66c8cbd794c,direct,octree_leafcount,flyby,9,260,260,0.7342079878,0.2308800071,0.9664000273,1.022227,1,0,5,42353,37059,17,17,11141,30.06287272,13.81586119,512002,0,512002,42353
cstone,d7fddfb4f8d8ada0eb1a65d1a450a66c8cbd794c,direct,octree_leafcount,flyby,9,261,261,0.8171520233,0.2192640007,1.037760019,1.09385,1,0,6,42241,36961,17,17,11118,30.08035497,13.85249317,512002,0,512002,42241
cstone,d7fddfb4f8d8ada0eb1a65d1a450a66c8cbd794c,direct,octree_leafcount,flyby,9,262,262,0.7207679749,0.231904,0.9539840221,1.00968,1,0,5,42345,37052,17,17,11002,29.69340386,13.81847134,512002,0,512002,42345
cstone,d7fddfb4f8d8ada0eb1a65d1a450a66c8cbd794c,direct,octree_leafcount,flyby,9,263,263,0.7455679774,0.200639993,0.9475520253,1.002666,1,0,5,42001,36751,17,17,10983,29.88490109,13.93164812,512002,0,512002,42001
cstone,d7fddfb4f8d8ada0eb1a65d1a450a66c8cbd794c,direct,octree_leafcount,flyby,9,264,264,0.8036159873,0.2279359996,1.032896042,1.08579,1,0,6,42065,36807,17,17,10862,29.5106909,13.91045182,512002,0,512002,42065
cstone,d7fddfb4f8d8ada0eb1a65d1a450a66c8cbd794c,direct,octree_leafcount,flyby,9,265,265,0.7234560251,0.2012799978,0.9260799885,0.976768,1,0,5,41785,36562,17,17,10861,29.70570538,14.00366501,512002,0,512002,41785
cstone,d7fddfb4f8d8ada0eb1a65d1a450a66c8cbd794c,direct,octree_leafcount,flyby,9,266,266,0.7204800248,0.2462400049,0.9680640101,1.025551,1,0,5,41921,36681,17,17,10761,29.33671383,13.95823451,512002,0,512002,41921
cstone,d7fddfb4f8d8ada0eb1a65d1a450a66c8cbd794c,direct,octree_leafcount,flyby,9,267,267,0.8142719865,0.2365120053,1.052096009,1.108323,1,0,6,41977,36730,17,17,10959,29.83664579,13.9396134,512002,0,512002,41977
cstone,d7fddfb4f8d8ada0eb1a65d1a450a66c8cbd794c,direct,octree_leafcount,flyby,9,268,268,0.7373759747,0.2025920004,0.9413120151,0.996247,1,0,5,41921,36681,17,17,10939,29.82197868,13.95823451,512002,0,512002,41921
cstone,d7fddfb4f8d8ada0eb1a65d1a450a66c8cbd794c,direct,octree_leafcount,flyby,9,269,269,0.8028159738,0.2308800071,1.035007954,1.090842,1,0,6,42081,36821,17,17,10846,29.45601695,13.90516281,512002,0,512002,42081
cstone,d7fddfb4f8d8ada0eb1a65d1a450a66c8cbd794c,direct,octree_leafcount,flyby,9,270,270,0.7195199728,0.2139839977,0.9348480105,0.991277,1,0,5,41857,36625,17,17,10802,29.49351536,13.97957679,512002,0,512002,41857
cstone,d7fddfb4f8d8ada0eb1a65d1a450a66c8cbd794c,direct,octree_leafcount,flyby,9,271,271,0.7415360212,0.2411199957,0.9839680195,1.040053,1,0,5,42001,36751,17,17,10960,29.82231776,13.93164812,512002,0,512002,42001
cstone,d7fddfb4f8d8ada0eb1a65d1a450a66c8cbd794c,direct,octree_leafcount,flyby,9,272,272,0.7872959971,0.1940159947,0.9827200174,1.03465,1,0,6,41833,36604,17,17,10668,29.14435581,13.98759698,512002,0,512002,41833
cstone,d7fddfb4f8d8ada0eb1a65d1a450a66c8cbd794c,direct,octree_leafcount,flyby,9,273,273,0.7421439886,0.2253440022,0.968832016,1.022604,1,0,5,42049,36793,17,17,11056,30.04919414,13.91574484,512002,0,512002,42049
cstone,d7fddfb4f8d8ada0eb1a65d1a450a66c8cbd794c,direct,octree_leafcount,flyby,9,274,274,0.6612480283,0.2155199945,0.8780800104,0.93679,1,0,4,41929,36688,17,17,10863,29.6091365,13.9555713,512002,0,512002,41929
cstone,d7fddfb4f8d8ada0eb1a65d1a450a66c8cbd794c,direct,octree_leafcount,flyby,9,275,275,0.8070719838,0.2349759936,1.043359995,1.099905,1,0,6,42129,36863,17,17,10919,29.62048667,13.88931991,512002,0,512002,42129
cstone,d7fddfb4f8d8ada0eb1a65d1a450a66c8cbd794c,direct,octree_leafcount,flyby,9,276,276,0.7462080121,0.2175679952,0.9650880098,1.025274,1,0,5,41897,36660,17,17,10710,29.21440262,13.96623022,512002,0,512002,41897
cstone,d7fddfb4f8d8ada0eb1a65d1a450a66c8cbd794c,direct,octree_leafcount,flyby,9,277,277,0.8200320005,0.2441920042,1.065664053,1.122398,1,0,6,41953,36709,17,17,10849,29.55406031,13.94758779,512002,0,512002,41953
cstone,d7fddfb4f8d8ada0eb1a65d1a450a66c8cbd794c,direct,octree_leafcount,flyby,9,278,278,0.736191988,0.211935997,0.9494720101,1.009177,1,0,5,41793,36569,17,17,10736,29.35819957,14.00098444,512002,0,512002,41793
cstone,d7fddfb4f8d8ada0eb1a65d1a450a66c8cbd794c,direct,octree_leafcount,flyby,9,279,279,0.7353919744,0.2431679964,0.979903996,1.036778,1,0,5,41833,36604,17,17,10814,29.54321932,13.98759698,512002,0,512002,41833
cstone,d7fddfb4f8d8ada0eb1a65d1a450a66c8cbd794c,direct,octree_leafcount,flyby,9,280,280,0.8076480031,0.2385279983,1.047520041,1.104314,1,0,6,41873,36639,17,17,10723,29.26662846,13.9742351,512002,0,512002,41873
cstone,d7fddfb4f8d8ada0eb1a65d1a450a66c8cbd794c,direct,octree_leafcount,flyby,9,281,281,0.7494720221,0.2359679937,0.9867839813,1.043635,1,0,5,42225,36947,17,17,10931,29.58562265,13.85774217,512002,0,512002,42225
cstone,d7fddfb4f8d8ada0eb1a65d1a450a66c8cbd794c,direct,octree_leafcount,flyby,9,282,282,0.6489599943,0.2063039988,0.8566079736,0.91309,1,0,4,41649,36443,17,17,10734,29.45421617,14.0493922,512002,0,512002,41649
cstone,d7fddfb4f8d8ada0eb1a65d1a450a66c8cbd794c,direct,octree_leafcount,flyby,9,283,283,0.8092160225,0.2052800059,1.015807986,1.070745,1,0,6,41561,36366,17,17,10715,29.46433482,14.07913986,512002,0,512002,41561
cstone,d7fddfb4f8d8ada0eb1a65d1a450a66c8cbd794c,direct,octree_leafcount,flyby,9,284,284,0.7420160174,0.2436479926,0.9870079756,1.043624,1,0,5,41625,36422,17,17,10665,29.28175279,14.05749272,512002,0,512002,41625
cstone,d7fddfb4f8d8ada0eb1a65d1a450a66c8cbd794c,direct,octree_leafcount,flyby,9,285,285,0.8091840148,0.2349759936,1.045472026,1.101231,1,0,6,41641,36436,17,17,10814,29.67943792,14.05209134,512002,0,512002,41641
cstone,d7fddfb4f8d8ada0eb1a65d1a450a66c8cbd794c,direct,octree_leafcount,flyby,9,286,286,0.7214080095,0.2288960069,0.9516479969,1.010285,1,0,5,41657,36450,17,17,10652,29.22359396,14.0466941,512002,0,512002,41657
cstone,d7fddfb4f8d8ada0eb1a65d1a450a66c8cbd794c,direct,octree_leafcount,flyby,9,287,287,0.7445759773,0.2354560047,0.9813759923,1.038387,1,0,5,41865,36632,17,17,10909,29.77997379,13.97690544,512002,0,512002,41865
cstone,d7fddfb4f8d8ada0eb1a65d1a450a66c8cbd794c,direct,octree_leafcount,flyby,9,288,288,0.8187519908,0.2462400049,1.066336036,1.123515,1,0,6,42129,36863,17,17,10875,29.50112579,13.88931991,512002,0,512002,42129
cstone,d7fddfb4f8d8ada0eb1a65d1a450a66c8cbd794c,direct,octree_leafcount,flyby,9,289,289,0.7510079741,0.2110079974,0.9633280039,1.019195,1,0,5,42105,36842,17,17,10822,29.37408393,13.89723685,512002,0,512002,42105
cstone,d7fddfb4f8d8ada0eb1a65d1a450a66c8cbd794c,direct,octree_leafcount,flyby,9,290,290,0.6522240043,0.1970880032,0.850655973,0.904238,1,0,4,41785,36562,17,17,10642,29.10672283,14.00366501,512002,0,512002,41785
cstone,d7fddfb4f8d8ada0eb1a65d1a450a66c8cbd794c,direct,octree_leafcount,flyby,9,291,291,0.8151680231,0.2308800071,1.047359943,1.100842,1,0,6,41905,36667,17,17,10791,29.42973246,13.96356397,512002,0,512002,41905
cstone,d7fddfb4f8d8ada0eb1a65d1a450a66c8cbd794c,direct,octree_leafcount,flyby,9,292,292,0.7428799868,0.2011840045,0.9453759789,0.9977,1,0,5,41569,36373,17,17,10684,29.37343634,14.07643032,512002,0,512002,41569
cstone,d7fddfb4f8d8ada0eb1a65d1a450a66c8cbd794c,direct,octree_leafcount,flyby,9,293,293,0.8084800243,0.2313600034,1.041183949,1.094951,1,0,6,41697,36485,17,17,10647,29.18185556,14.03321913,512002,0,512002,41697
cstone,d7fddfb4f8d8ada0eb1a65d1a450a66c8cbd794c,direct,octree_leafcount,flyby,9,294,294,0.7310400009,0.233408004,0.9658880234,1.01981,1,0,5,42017,36765,17,17,10673,29.03032776,13.92634299,512002,0,512002,42017
cstone,d7fddfb4f8d8ada0eb1a65d1a450a66c8cbd794c,direct,octree_leafcount,flyby,9,295,295,0.7397440076,0.2083519995,0.9494400024,1.006862,1,0,5,41857,36625,17,17,10827,29.56177474,13.97957679,512002,0,512002,41857
cstone,d7fddfb4f8d8ada0eb1a65d1a450a66c8cbd794c,direct,octree_leafcount,flyby,9,296,296,0.7978559732,0.2441920042,1.043391943,1.103828,1,0,6,41873,36639,17,17,10742,29.31848577,13.9742351,512002,0,512002,41873
cstone,d7fddfb4f8d8ada0eb1a65d1a450a66c8cbd794c,direct,octree_leafcount,flyby,9,297,297,0.7543680072,0.2206400037,0.9763519764,1.034024,1,0,5,41857,36625,17,17,10789,29.45802048,13.97957679,512002,0,512002,41857
cstone,d7fddfb4f8d8ada0eb1a65d1a450a66c8cbd794c,direct,octree_leafcount,flyby,9,298,298,0.6743360162,0.2196159959,0.8952640295,0.954805,1,0,4,41833,36604,17,17,10588,28.92580046,13.98759698,512002,0,512002,41833
cstone,d7fddfb4f8d8ada0eb1a65d1a450a66c8cbd794c,direct,octree_leafcount,flyby,9,299,299,0.8382719755,0.2385279983,1.078112006,1.135793,1,0,6,42049,36793,17,17,10758,29.23925747,13.91574484,512002,0,512002,42049
cstone,d7fddfb4f8d8ada0eb1a65d1a450a66c8cbd794c,direct,octree_leafcount,flyby,9,300,300,0.7390400171,0.2175679952,0.9579520226,1.016182,1,0,5,42033,36779,17,17,10795,29.35098834,13.9210419,512002,0,512002,42033
cstone,d7fddfb4f8d8ada0eb1a65d1a450a66c8cbd794c,direct,octree_leafcount,flyby,9,301,301,0.8047360182,0.2114239931,1.017503977,1.073252,1,0,6,42009,36758,17,17,10700,29.10930954,13.92899505,512002,0,512002,42009
cstone,d7fddfb4f8d8ada0eb1a65d1a450a66c8cbd794c,direct,octree_leafcount,flyby,9,302,302,0.7283200026,0.2175679952,0.947232008,1.003713,1,0,5,41961,36716,17,17,10699,29.13988452,13.94492864,512002,0,512002,41961
cstone,d7fddfb4f8d8ada0eb1a65d1a450a66c8cbd794c,direct,octree_leafcount,flyby,9,303,303,0.812928021,0.225759998,1.040032029,1.093256,1,0,6,42193,36919,17,17,10796,29.24239551,13.86825212,512002,0,512002,42193
cstone,d7fddfb4f8d8ada0eb1a65d1a450a66c8cbd794c,direct,octree_leafcount,flyby,9,304,304,0.7947520018,0.2114239931,1.007488012,1.05895,1,0,6,42153,36884,17,17,10816,29.32436829,13.88141199,512002,0,512002,42153
cstone,d7fddfb4f8d8ada0eb1a65d1a450a66c8cbd794c,direct,octree_leafcount,flyby,9,305,305,0.732288003,0.1924480051,0.9260799885,0.977824,1,0,5,42153,36884,17,17,10850,29.41654918,13.88141199,512002,0,512002,42153
cstone,d7fddfb4f8d8ada0eb1a65d1a450a66c8cbd794c,direct,octree_leafcount,flyby,9,306,306,0.6452159882,0.2211199999,0.8676800132,0.92003,1,0,4,42345,37052,17,17,10890,29.39112599,13.81847134,512002,0,512002,42345
cstone,d7fddfb4f8d8ada0eb1a65d1a450a66c8cbd794c,direct,octree_leafcount,flyby,9,307,307,0.8028159738,0.2144960016,1.018656015,1.069012,1,0,6,42577,37255,17,17,11010,29.55308012,13.74317541,512002,0,512002,42577
cstone,d7fddfb4f8d8ada0eb1a65d1a450a66c8cbd794c,direct,octree_leafcount,flyby,9,308,308,0.7275519967,0.1950400025,0.9240000248,0.977481,1,0,5,42473,37164,17,17,10952,29.46937897,13.77682704,512002,0,512002,42473
cstone,d7fddfb4f8d8ada0eb1a65d1a450a66c8cbd794c,direct,octree_leafcount,flyby,9,309,309,0.7316160202,0.2084479928,0.9414079785,0.99875,1,0,5,42337,37045,17,17,10944,29.54244837,13.82108247,512002,0,512002,42337
cstone,d7fddfb4f8d8ada0eb1a65d1a450a66c8cbd794c,direct,octree_leafcount,flyby,9,310,310,0.8146560192,0.2395520061,1.055552006,1.114406,1,0,6,42409,37108,17,17,10956,29.52463081,13.79761776,512002,0,512002,42409
cstone,d7fddfb4f8d8ada0eb1a65d1a450a66c8cbd794c,direct,octree_leafcount,flyby,9,311,311,0.740704,0.2175679952,0.9596160054,1.017201,1,0,5,42409,37108,17,17,11023,29.70518487,13.79761776,512002,0,512002,42409
cstone,d7fddfb4f8d8ada0eb1a65d1a450a66c8cbd794c,direct,octree_leafcount,flyby,9,312,312,0.8133119941,0.2155199945,1.030176044,1.088401,1,0,6,42281,36996,17,17,10871,29.38425776,13.83938804,512002,0,512002,42281
cstone,d7fddfb4f8d8ada0eb1a65d1a450a66c8cbd794c,direct,octree_leafcount,flyby,9,313,313,0.6517120004,0.2098560035,0.8629119992,0.918325,1,0,4,42057,36800,17,17,10595,28.79076087,13.91309783,512002,0,512002,42057
cstone,d7fddfb4f8d8ada0eb1a65d1a450a66c8cbd794c,direct,octree_leafcount,flyby,9,314,314,0.7442560196,0.231904,0.977504015,1.033935,1,0,5,42105,36842,17,17,10747,29.17051192,13.89723685,512002,0,512002,42105
cstone,d7fddfb4f8d8ada0eb1a65d1a450a66c8cbd794c,direct,octree_leafcount,flyby,9,315,315,0.8017280102,0.2364799976,1.039551973,1.098149,1,0,6,42129,36863,17,17,10683,28.98027833,13.88931991,512002,0,512002,42129
cstone,d7fddfb4f8d8ada0eb1a65d1a450a66c8cbd794c,direct,octree_leafcount,flyby,9,316,316,0.7384960055,0.2349759936,0.9748160243,1.029317,1,0,5,42137,36870,17,17,10831,29.3761866,13.88668294,512002,0,512002,42137
cstone,d7fddfb4f8d8ada0eb1a65d1a450a66c8cbd794c,direct,octree_leafcount,flyby,9,317,317,0.7200319767,0.1996160001,0.9209600091,0.976671,1,0,5,41593,36394,17,17,10538,28.95532231,14.06830796,512002,0,512002,41593
cstone,d7fddfb4f8d8ada0eb1a65d1a450a66c8cbd794c,direct,octree_leafcount,flyby,9,318,318,0.7969920039,0.2196159959,1.017920017,1.071989,1,0,6,41689,36478,17,17,10570,28.97636932,14.03591206,512002,0,512002,41689
cstone,d7fddfb4f8d8ada0eb1a65d1a450a66c8cbd794c,direct,octree_leafcount,flyby,9,319,319,0.7336639762,0.2052800059,0.9402559996,0.99423,1,0,5,41601,36401,17,17,10552,28.98821461,14.06560259,512002,0,512002,41601
cstone,d7fddfb4f8d8ada0eb1a65d1a450a66c8cbd794c,direct,octree_leafcount,flyby,9,320,320,0.8154879808,0.239071995,1.055904031,1.111513,1,0,6,41921,36681,17,17,10762,29.33944004,13.95823451,512002,0,512002,41921
cstone,d7fddfb4f8d8ada0eb1a65d1a450a66c8cbd794c,direct,octree_leafcount,flyby,9,321,321,0.6511999965,0.2045120001,0.857024014,0.911919,1,0,4,41569,36373,17,17,10473,28.79333572,14.07643032,512002,0,512002,41569
cstone,d7fddfb4f8d8ada0eb1a65d1a450a66c8cbd794c,direct,octree_leafcount,flyby,9,322,322,0.7355840206,0.2011840045,0.9381120205,0.991039,1,0,5,41561,36366,17,17,10492,28.85112468,14.07913986,512002,0,512002,41561
cstone,d7fddfb4f8d8ada0eb1a65d1a450a66c8cbd794c,direct,octree_leafcount,flyby,9,323,323,0.812063992,0.2337599993,1.047168016,1.103005,1,0,6,41721,36506,17,17,10517,28.80896291,14.02514655,512002,0,512002,41721
cstone,d7fddfb4f8d8ada0eb1a65d1a450a66c8cbd794c,direct,octree_leafcount,flyby,9,324,324,0.8140159845,0.2253440022,1.04073596,1.093387,1,0,6,41881,36646,17,17,10722,29.25830923,13.97156579,512002,0,512002,41881
cstone,d7fddfb4f8d8ada0eb1a65d1a450a66c8cbd794c,direct,octree_leafcount,flyby,9,325,325,0.6423680186,0.1960639954,0.8397759795,0.891581,1,0,4,41633,36429,17,17,10557,28.97965906,14.05479151,512002,0,512002,41633
cstone,d7fddfb4f8d8ada0eb1a65d1a450a66c8cbd794c,direct,octree_leafcount,flyby,9,326,326,0.803647995,0.2247360051,1.029695988,1.082581,1,0,6,41785,36562,17,17,10671,29.18604015,14.00366501,512002,0,512002,41785
cstone,d7fddfb4f8d8ada0eb1a65d1a450a66c8cbd794c,direct,octree_leafcount,flyby,9,327,327,0.7408319712,0.2411199957,0.983264029,1.038586,1,0,5,41961,36716,17,17,10660,29.0336638,13.94492864,512002,0,512002,41961
cstone,d7fddfb4f8d8ada0eb1a65d1a450a66c8cbd794c,direct,octree_leafcount,flyby,9,328,328,0.8069120049,0.2155199945,1.023776054,1.077807,1,0,6,42201,36926,17,17,10698,28.97145643,13.86562314,512002,0,512002,42201
cstone,d7fddfb4f8d8ada0eb1a65d1a450a66c8cbd794c,direct,octree_leafcount,flyby,9,329,329,0.730783999,0.2139520049,0.946080029,1.004254,1,0,5,41889,36653,17,17,10634,29.01263198,13.9688975,512002,0,512002,41889
cstone,d7fddfb4f8d8ada0eb1a65d1a450a66c8cbd794c,direct,octree_leafcount,flyby,9,330,330,0.7323840261,0.2196159959,0.9533439875,1.00524,1,0,5,42073,36814,17,17,10654,28.94007714,13.90780681,512002,0,512002,42073
cstone,d7fddfb4f8d8ada0eb1a65d1a450a66c8cbd794c,direct,octree_leafcount,flyby,9,331,331,0.7986559868,0.2223040015,1.022304058,1.078381,1,0,6,42113,36849,17,17,10747,29.16497056,13.89459687,512002,0,512002,42113
cstone,d7fddfb4f8d8ada0eb1a65d1a450a66c8cbd794c,direct,octree_leafcount,flyby,9,332,332,0.805504024,0.2288960069,1.035743952,1.091088,1,0,6,42129,36863,17,17,10639,28.86091745,13.88931991,512002,0,512002,42129
cstone,d7fddfb4f8d8ada0eb1a65d1a450a66c8cbd794c,direct,octree_leafcount,flyby,9,333,333,0.6692799926,0.2370239943,0.9076160192,0.962592,1,0,4,42225,36947,17,17,10749,29.09302514,13.85774217,512002,0,512002,42225
cstone,d7fddfb4f8d8ada0eb1a65d1a450a66c8cbd794c,direct,octree_leafcount,flyby,9,334,334,0.7834879756,0.1909440011,0.975744009,1.025847,1,0,6,41993,36744,17,17,10602,28.8536904,13.9343022,512002,0,512002,41993
cstone,d7fddfb4f8d8ada0eb1a65d1a450a66c8cbd794c,direct,octree_leafcount,flyby,9,335,335,0.7457280159,0.2400960028,0.9871360064,1.0455,1,0,5,42273,36989,17,17,10776,29.13298548,13.84200708,512002,0,512002,42273
cstone,d7fddfb4f8d8ada0eb1a65d1a450a66c8cbd794c,direct,octree_leafcount,flyby,9,336,336,0.7432320118,0.2139520049,0.9585279822,1.017118,1,0,5,41969,36723,17,17,10559,28.75309751,13.94227051,512002,0,512002,41969
cstone,d7fddfb4f8d8ada0eb1a65d1a450a66c8cbd794c,direct,octree_leafcount,flyby,9,337,337,0.8255680203,0.2482880056,1.075199962,1.134975,1,0,6,42041,36786,17,17,10637,28.91589192,13.91839287,512002,0,512002,42041
cstone,d7fddfb4f8d8ada0eb1a65d1a450a66c8cbd794c,direct,octree_leafcount,flyby,9,338,338,0.7629119754,0.2246399969,0.9888960123,1.049396,1,0,5,41897,36660,17,17,10536,28.73977087,13.96623022,512002,0,512002,41897
cstone,d7fddfb4f8d8ada0eb1a65d1a450a66c8cbd794c,direct,octree_leafcount,flyby,9,339,339,0.7870720029,0.206911996,0.9953280091,1.050191,1,0,6,41721,36506,17,17,10560,28.92675177,14.02514655,512002,0,512002,41721
cstone,d7fddfb4f8d8ada0eb1a65d1a450a66c8cbd794c,direct,octree_leafcount,flyby,9,340,340,0.6511359811,0.193471998,0.8459519744,0.898635,1,0,4,41321,36156,17,17,10287,28.45170926,14.16091382,512002,0,512002,41321
cstone,d7fddfb4f8d8ada0eb1a65d1a450a66c8cbd794c,direct,octree_leafcount,flyby,9,341,341,0.7498559952,0.2370239943,0.9882240295,1.041784,1,0,5,41641,36436,17,17,10505,28.83137556,14.05209134,512002,0,512002,41641
cstone,d7fddfb4f8d8ada0eb1a65d1a450a66c8cbd794c,direct,octree_leafcount,flyby,9,342,342,0.8173440099,0.2083519995,1.027008057,1.081192,1,0,6,41609,36408,17,17,10443,28.68325643,14.06289826,512002,0,512002,41609
cstone,d7fddfb4f8d8ada0eb1a65d1a450a66c8cbd794c,direct,octree_leafcount,flyby,9,343,343,0.7415360212,0.2247360051,0.9676160216,1.020014,1,0,5,41785,36562,17,17,10586,28.95355834,14.00366501,512002,0,512002,41785
cstone,d7fddfb4f8d8ada0eb1a65d1a450a66c8cbd794c,direct,octree_leafcount,flyby,9,344,344,0.65200001,0.2057600021,0.8591039777,0.915005,1,0,4,41633,36429,17,17,10494,28.80671992,14.05479151,512002,0,512002,41633
cstone,d7fddfb4f8d8ada0eb1a65d1a450a66c8cbd794c,direct,octree_leafcount,flyby,9,345,345,0.809920013,0.239071995,1.050336003,1.107687,1,0,6,41801,36576,17,17,10682,29.20494313,13.9983049,512002,0,512002,41801
cstone,d7fddfb4f8d8ada0eb1a65d1a450a66c8cbd794c,direct,octree_leafcount,flyby,9,346,346,0.7397119999,0.2349759936,0.9760320187,1.030984,1,0,5,41905,36667,17,17,10520,28.69064827,13.96356397,512002,0,512002,41905
cstone,d7fddfb4f8d8ada0eb1a65d1a450a66c8cbd794c,direct,octree_leafcount,flyby,9,347,347,0.8046079874,0.2370239943,1.042976022,1.098076,1,0,6,42025,36772,17,17,10511,28.58424889,13.92369194,512002,0,512002,42025
cstone,d7fddfb4f8d8ada0eb1a65d1a450a66c8cbd794c,direct,octree_leafcount,flyby,9,348,348,0.7171519995,0.2074239999,0.9259200096,0.981139,1,0,5,41857,36625,17,17,10396,28.38498294,13.97957679,512002,0,512002,41857
cstone,d7fddfb4f8d8ada0eb1a65d1a450a66c8cbd794c,direct,octree_leafcount,flyby,9,349,349,0.7272639871,0.1981119961,0.9266880155,0.980766,1,0,5,41713,36499,17,17,10372,28.41721691,14.02783638,512002,0,512002,41713
cstone,d7fddfb4f8d8ada0eb1a65d1a450a66c8cbd794c,direct,octree_leafcount,flyby,9,350,350,0.7977920175,0.2073280066,1.006432056,1.063262,1,0,6,41609,36408,17,17,10358,28.44979125,14.06289826,512002,0,512002,41609
cstone,d7fddfb4f8d8ada0eb1a65d1a450a66c8cbd794c,direct,octree_leafcount,flyby,9,351,351,0.6502720118,0.2032320052,0.8548160195,0.911152,1,0,4,41601,36401,17,17,10345,28.41954891,14.06560259,512002,0,512002,41601
cstone,d7fddfb4f8d8ada0eb1a65d1a450a66c8cbd794c,direct,octree_leafcount,flyby,9,352,352,0.739552021,0.2313600034,0.9722560048,1.027406,1,0,5,41769,36548,17,17,10547,28.85794024,14.00902922,512002,0,512002,41769
cstone,d7fddfb4f8d8ada0eb1a65d1a450a66c8cbd794c,direct,octree_leafcount,flyby,9,353,353,0.7864639759,0.2063039988,0.9940800071,1.051255,1,0,6,41449,36268,17,17,10365,28.57891254,14.11718319,512002,0,512002,41449
cstone,d7fddfb4f8d8ada0eb1a65d1a450a66c8cbd794c,direct,octree_leafcount,flyby,9,354,354,0.7343040109,0.2216639966,0.9573119879,1.01065,1,0,5,41857,36625,17,17,10610,28.96928328,13.97957679,512002,0,512002,41857
cstone,d7fddfb4f8d8ada0eb1a65d1a450a66c8cbd794c,direct,octree_leafcount,flyby,9,355,355,0.6444479823,0.1904000044,0.8361600041,0.888984,1,0,4,41513,36324,17,17,10502,28.9120141,14.09541901,512002,0,512002,41513
cstone,d7fddfb4f8d8ada0eb1a65d1a450a66c8cbd794c,direct,octree_leafcount,flyby,9,356,356,0.8164799809,0.2237119973,1.041504025,1.097988,1,0,6,41897,36660,17,17,10584,28.87070376,13.96623022,512002,0,512002,41897
cstone,d7fddfb4f8d8ada0eb1a65d1a450a66c8cbd794c,direct,octree_leafcount,flyby,9,357,357,0.7472320199,0.2047359943,0.9532799721,1.007358,1,0,5,41625,36422,17,17,10551,28.96875515,14.05749272,512002,0,512002,41625
cstone,d7fddfb4f8d8ada0eb1a65d1a450a66c8cbd794c,direct,octree_leafcount,flyby,9,358,358,0.813215971,0.2216639966,1.036224008,1.092718,1,0,6,41833,36604,17,17,10587,28.92306852,13.98759698,512002,0,512002,41833
cstone,d7fddfb4f8d8ada0eb1a65d1a450a66c8cbd794c,direct,octree_leafcount,flyby,9,359,359,0.7253119946,0.2074559927,0.9341120124,0.990516,1,0,5,41745,36527,17,17,10473,28.6719413,14.01708325,512002,0,512002,41745
cstone,d7fddfb4f8d8ada0eb1a65d1a450a66c8cbd794c,direct,octree_leafcount,flyby,9,360,360,0.7527679801,0.2464320064,1.000512004,1.059884,1,0,5,41841,36611,17,17,10636,29.051378,13.98492256,512002,0,512002,41841
cstone,d7fddfb4f8d8ada0eb1a65d1a450a66c8cbd794c,direct,octree_leafcount,flyby,9,361,361,0.8083199859,0.2393919975,1.049056053,1.106579,1,0,6,42009,36758,17,17,10535,28.66042766,13.92899505,512002,0,512002,42009
cstone,d7fddfb4f8d8ada0eb1a65d1a450a66c8cbd794c,direct,octree_leafcount,flyby,9,362,362,0.7391679883,0.2022079974,0.942719996,0.998088,1,0,5,41745,36527,17,17,10427,28.54600706,14.01708325,512002,0,512002,41745
cstone,d7fddfb4f8d8ada0eb1a65d1a450a66c8cbd794c,direct,octree_leafcount,flyby,9,363,363,0.6643199921,0.2155199945,0.8811839819,0.93982,1,0,4,41713,36499,17,17,10347,28.34872188,14.02783638,512002,0,512002,41713
cstone,d7fddfb4f8d8ada0eb1a65d1a450a66c8cbd794c,direct,octree_leafcount,flyby,9,364,364,0.828256011,0.2339520007,1.063552022,1.121102,1,0,6,41769,36548,17,17,10389,28.42563205,14.00902922,512002,0,512002,41769
cstone,d7fddfb4f8d8ada0eb1a65d1a450a66c8cbd794c,direct,octree_leafcount,flyby,9,365,365,0.7399359941,0.231904,0.9731519818,1.027513,1,0,5,41953,36709,17,17,10475,28.53523659,13.94758779,512002,0,512002,41953
cstone,d7fddfb4f8d8ada0eb1a65d1a450a66c8cbd794c,direct,octree_leafcount,flyby,9,366,366,0.7349119782,0.2032320052,0.9394879937,0.99317,1,0,5,41617,36415,17,17,10327,28.35919264,14.06019497,512002,0,512002,41617
cstone,d7fddfb4f8d8ada0eb1a65d1a450a66c8cbd794c,direct,octree_leafcount,flyby,9,367,367,0.8018239737,0.196352005,0.9995200038,1.053381,1,0,6,41321,36156,17,17,10299,28.48489877,14.16091382,512002,0,512002,41321
cstone,d7fddfb4f8d8ada0eb1a65d1a450a66c8cbd794c,direct,octree_leafcount,flyby,9,368,368,0.7272319794,0.1981119961,0.9266560078,0.978758,1,0,5,41121,35981,17,17,10181,28.29548929,14.22978794,512002,0,512002,41121
cstone,d7fddfb4f8d8ada0eb1a65d1a450a66c8cbd794c,direct,octree_leafcount,flyby,9,369,369,0.7940480113,0.2165759951,1.011968017,1.062381,1,0,6,41577,36380,17,17,10299,28.30951072,14.07372183,512002,0,512002,41577
cstone,d7fddfb4f8d8ada0eb1a65d1a450a66c8cbd794c,direct,octree_leafcount,flyby,9,370,370,0.6363840103,0.2093760073,0.8470720053,0.90333,1,0,4,41369,36198,17,17,10226,28.25017957,14.14448312,512002,0,512002,41369
cstone,d7fddfb4f8d8ada0eb1a65d1a450a66c8cbd794c,direct,octree_leafcount,flyby,9,371,371,0.7292159796,0.2001599967,0.9307199717,0.984444,1,0,5,41337,36170,17,17,10263,28.37434338,14.15543268,512002,0,512002,41337
cstone,d7fddfb4f8d8ada0eb1a65d1a450a66c8cbd794c,direct,octree_leafcount,flyby,9,372,372,0.8076159954,0.2431360036,1.052063942,1.110454,1,0,6,41593,36394,17,17,10315,28.34258394,14.06830796,512002,0,512002,41593
cstone,d7fddfb4f8d8ada0eb1a65d1a450a66c8cbd794c,direct,octree_leafcount,flyby,9,373,373,0.7414720058,0.2128960043,0.9557440281,1.013557,1,0,5,41513,36324,17,17,10297,28.34764894,14.09541901,512002,0,512002,41513
cstone,d7fddfb4f8d8ada0eb1a65d1a450a66c8cbd794c,direct,octree_leafcount,flyby,9,374,374,0.6598079801,0.2267840058,0.8880000114,0.945053,1,0,4,41681,36471,17,17,10193,27.94823284,14.03860602,512002,0,512002,41681
cstone,d7fddfb4f8d8ada0eb1a65d1a450a66c8cbd794c,direct,octree_leafcount,flyby,9,375,375,0.8044160008,0.2052479982,1.011008024,1.065822,1,0,6,41481,36296,17,17,10226,28.17390346,14.1062927,512002,0,512002,41481
cstone,d7fddfb4f8d8ada0eb1a65d1a450a66c8cbd794c,direct,octree_leafcount,flyby,9,376,376,0.7399680018,0.2411520034,0.9824320078,1.040088,1,0,5,41777,36555,17,17,10399,28.4475448,14.0063466,512002,0,512002,41777
cstone,d7fddfb4f8d8ada0eb1a65d1a450a66c8cbd794c,direct,octree_leafcount,flyby,9,377,377,0.7439360023,0.2282879949,0.9735680223,1.034379,1,0,5,41297,36135,17,17,10155,28.10294728,14.16914349,512002,0,512002,41297
cstone,d7fddfb4f8d8ada0eb1a65d1a450a66c8cbd794c,direct,octree_leafcount,flyby,9,378,378,0.8118720055,0.2216639966,1.034880042,1.094048,1,0,6,41185,36037,17,17,10196,28.29314316,14.20767544,512002,0,512002,41185
cstone,d7fddfb4f8d8ada0eb1a65d1a450a66c8cbd794c,direct,octree_leafcount,flyby,9,379,379,0.7365760207,0.2329279929,0.9708480239,1.025781,1,0,5,41409,36233,17,17,10223,28.21461099,14.13081997,512002,0,512002,41409
cstone,d7fddfb4f8d8ada0eb1a65d1a450a66c8cbd794c,direct,octree_leafcount,flyby,9,380,380,0.7866240144,0.2216639966,1.009631991,1.064434,1,0,6,41417,36240,17,17,10182,28.09602649,14.12809051,512002,0,512002,41417
cstone,d7fddfb4f8d8ada0eb1a65d1a450a66c8cbd794c,direct,octree_leafcount,flyby,9,381,381,0.651647985,0.2124480009,0.865440011,0.922182,1,0,4,41105,35967,17,17,10015,27.844969,14.23532683,512002,0,512002,41105
cstone,d7fddfb4f8d8ada0eb1a65d1a450a66c8cbd794c,direct,octree_leafcount,flyby,9,382,382,0.7521920204,0.239071995,0.9926080108,1.055855,1,0,5,41017,35890,17,17,10167,28.32822513,14.26586793,512002,0,512002,41017
cstone,d7fddfb4f8d8ada0eb1a65d1a450a66c8cbd794c,direct,octree_leafcount,flyby,9,383,383,0.7977920175,0.2364799976,1.035583973,1.091799,1,0,6,41129,35988,17,17,10016,27.83149939,14.22702012,512002,0,512002,41129
cstone,d7fddfb4f8d8ada0eb1a65d1a450a66c8cbd794c,direct,octree_leafcount,flyby,9,384,384,0.7387199998,0.2221439928,0.962207973,1.016058,1,0,5,41241,36086,17,17,10037,27.81411074,14.18838331,512002,0,512002,41241
cstone,d7fddfb4f8d8ada0eb1a65d1a450a66c8cbd794c,direct,octree_leafcount,flyby,9,385,385,0.6628800035,0.2155199945,0.8797119856,0.933215,1,0,4,41273,36114,17,17,10009,27.71501357,14.17738273,512002,0,512002,41273
cstone,d7fddfb4f8d8ada0eb1a65d1a450a66c8cbd794c,direct,octree_leafcount,flyby,9,386,386,0.8288959861,0.2226880044,1.052896023,1.106541,1,0,6,41657,36450,17,17,10104,27.72016461,14.0466941,512002,0,512002,41657
cstone,d7fddfb4f8d8ada0eb1a65d1a450a66c8cbd794c,direct,octree_leafcount,flyby,9,387,387,0.7329599857,0.218592003,0.952895999,1.00448,1,0,5,41681,36471,17,17,10337,28.34306709,14.03860602,512002,0,512002,41681
cstone,d7fddfb4f8d8ada0eb1a65d1a450a66c8cbd794c,direct,octree_leafcount,flyby,9,388,388,0.7282879949,0.1970880032,0.9267200232,0.979339,1,0,5,41305,36142,17,17,10037,27.77101433,14.1663992,512002,0,512002,41305
cstone,d7fddfb4f8d8ada0eb1a65d1a450a66c8cbd794c,direct,octree_leafcount,flyby,9,389,389,0.8015360236,0.1970880032,0.9999679923,1.054269,1,0,6,41201,36051,17,17,10145,28.14068958,14.20215805,512002,0,512002,41201
cstone,d7fddfb4f8d8ada0eb1a65d1a450a66c8cbd794c,direct,octree_leafcount,flyby,9,390,390,0.7387520075,0.2104000002,0.9504960179,1.007381,1,0,5,40977,35855,17,17,10097,28.16064705,14.27979361,512002,0,512002,40977
cstone,d7fddfb4f8d8ada0eb1a65d1a450a66c8cbd794c,direct,octree_leafcount,flyby,9,391,391,0.8101760149,0.2411199957,1.052639961,1.107897,1,0,6,41233,36079,17,17,10219,28.32395576,14.19113612,512002,0,512002,41233
cstone,d7fddfb4f8d8ada0eb1a65d1a450a66c8cbd794c,direct,octree_leafcount,flyby,9,392,392,0.648639977,0.1950400025,0.844991982,0.899278,1,0,4,41217,36065,17,17,10031,27.81366976,14.19664495,512002,0,512002,41217
cstone,d7fddfb4f8d8ada0eb1a65d1a450a66c8cbd794c,direct,octree_leafcount,flyby,9,393,393,0.7449600101,0.2329279929,0.9792320132,1.033634,1,0,5,41257,36100,17,17,10134,28.07202216,14.18288089,512002,0,512002,41257
cstone,d7fddfb4f8d8ada0eb1a65d1a450a66c8cbd794c,direct,octree_leafcount,flyby,9,394,394,0.7929279804,0.1991360039,0.9933760166,1.049487,1,0,6,41137,35995,17,17,10099,28.05667454,14.22425337,512002,0,512002,41137
cstone,d7fddfb4f8d8ada0eb1a65d1a450a66c8cbd794c,direct,octree_leafcount,flyby,9,395,395,0.7267519832,0.231904,0.9599999785,1.015642,1,0,5,41401,36226,17,17,10135,27.97714349,14.13355049,512002,0,512002,41401
cstone,d7fddfb4f8d8ada0eb1a65d1a450a66c8cbd794c,direct,octree_leafcount,flyby,9,396,396,0.6407359838,0.1960639954,0.8381440043,0.889734,1,0,4,41161,36016,17,17,10083,27.99589072,14.21595957,512002,0,512002,41161
cstone,d7fddfb4f8d8ada0eb1a65d1a450a66c8cbd794c,direct,octree_leafcount,flyby,9,397,397,0.8045120239,0.2280959934,1.03392005,1.089311,1,0,6,41529,36338,17,17,10041,27.63223072,14.08998844,512002,0,512002,41529
cstone,d7fddfb4f8d8ada0eb1a65d1a450a66c8cbd794c,direct,octree_leafcount,flyby,9,398,398,0.7269759774,0.1899199933,0.9182400107,0.97008,1,0,5,41417,36240,17,17,10137,27.9718543,14.12809051,512002,0,512002,41417
cstone,d7fddfb4f8d8ada0eb1a65d1a450a66c8cbd794c,direct,octree_leafcount,flyby,9,399,399,0.7219520211,0.1942400038,0.9175040126,0.971253,1,0,5,41025,35897,17,17,9872,27.50090537,14.26308605,512002,0,512002,41025
cstone,d7fddfb4f8d8ada0eb1a65d1a450a66c8cbd794c,direct,octree_leafcount,flyby,9,400,400,0.8092479706,0.226879999,1.037439942,1.091678,1,0,6,41233,36079,17,17,10179,28.21308795,14.19113612,512002,0,512002,41233
cstone,d7fddfb4f8d8ada0eb1a65d1a450a66c8cbd794c,direct,octree_leafcount,flyby,9,401,401,0.7324479818,0.1996479928,0.9334400296,0.98584,1,0,5,41217,36065,17,17,10110,28.0327187,14.19664495,512002,0,512002,41217
cstone,d7fddfb4f8d8ada0eb1a65d1a450a66c8cbd794c,direct,octree_leafcount,flyby,9,402,402,0.8013759851,0.2380480021,1.04073596,1.096481,1,0,6,41521,36331,17,17,10283,28.30365253,14.0927032,512002,0,512002,41521
cstone,d7fddfb4f8d8ada0eb1a65d1a450a66c8cbd794c,direct,octree_leafcount,flyby,9,403,403,0.6462079883,0.1981119961,0.8456640244,0.898684,1,0,4,41257,36100,17,17,10014,27.73961219,14.18288089,512002,0,512002,41257
cstone,d7fddfb4f8d8ada0eb1a65d1a450a66c8cbd794c,direct,octree_leafcount,flyby,9,404,404,0.7434239984,0.225759998,0.9705600142,1.03144,1,0,5,41137,35995,17,17,9993,27.76218919,14.22425337,512002,0,512002,41137
cstone,d7fddfb4f8d8ada0eb1a65d1a450a66c8cbd794c,direct,octree_leafcount,flyby,9,405,405,0.8022400141,0.2267840058,1.03036797,1.084045,1,0,6,41313,36149,17,17,10000,27.66328253,14.16365598,512002,0,512002,41313
cstone,d7fddfb4f8d8ada0eb1a65d1a450a66c8cbd794c,direct,octree_leafcount,flyby,9,406,406,0.7474240065,0.2267840058,0.9755200148,1.030184,1,0,5,41537,36345,17,17,9975,27.44531572,14.08727473,512002,0,512002,41537
cstone,d7fddfb4f8d8ada0eb1a65d1a450a66c8cbd794c,direct,octree_leafcount,flyby,9,407,407,0.6449279785,0.1970880032,0.8433279991,0.895433,1,0,4,41161,36016,17,17,10025,27.83485118,14.21595957,512002,0,512002,41161
cstone,d7fddfb4f8d8ada0eb1a65d1a450a66c8cbd794c,direct,octree_leafcount,flyby,9,408,408,0.8090879917,0.2073599994,1.017791986,1.074522,1,0,6,41089,35953,17,17,9865,27.43860039,14.24087002,512002,0,512002,41089
cstone,d7fddfb4f8d8ada0eb1a65d1a450a66c8cbd794c,direct,octree_leafcount,flyby,9,409,409,0.7302399874,0.2268159986,0.9584000111,1.011579,1,0,5,41137,35995,17,17,9950,27.64272816,14.22425337,512002,0,512002,41137
cstone,d7fddfb4f8d8ada0eb1a65d1a450a66c8cbd794c,direct,octree_leafcount,flyby,9,410,410,0.6380479932,0.2022079974,0.8416000009,0.89529,1,0,4,40753,35659,17,17,9721,27.26100003,14.35828262,512002,0,512002,40753
cstone,d7fddfb4f8d8ada0eb1a65d1a450a66c8cbd794c,direct,octree_leafcount,flyby,9,411,411,0.8144000173,0.2216639966,1.041247964,1.094112,1,0,6,40921,35806,17,17,10008,27.9506228,14.29933531,512002,0,512002,40921
cstone,d7fddfb4f8d8ada0eb1a65d1a450a66c8cbd794c,direct,octree_leafcount,flyby,9,412,412,0.7234879732,0.225759998,0.9506559968,1.004164,1,0,5,41001,35876,17,17,9939,27.70375739,14.27143494,512002,0,512002,41001
cstone,d7fddfb4f8d8ada0eb1a65d1a450a66c8cbd794c,direct,octree_leafcount,flyby,9,413,413,0.7968320251,0.2317440063,1.029919982,1.085854,1,0,6,41113,35974,17,17,9902,27.52543504,14.23255685,512002,0,512002,41113
cstone,d7fddfb4f8d8ada0eb1a65d1a450a66c8cbd794c,direct,octree_leafcount,flyby,9,414,414,0.7200319767,0.2093760073,0.9307519794,0.986453,1,0,5,40865,35757,17,17,9846,27.5358671,14.31893056,512002,0,512002,40865
cstone,d7fddfb4f8d8ada0eb1a65d1a450a66c8cbd794c,direct,octree_leafcount,flyby,9,415,415,0.7313280106,0.2226880044,0.9553279877,1.007436,1,0,5,41009,35883,17,17,9930,27.67327147,14.26865089,512002,0,512002,41009
cstone,d7fddfb4f8d8ada0eb1a65d1a450a66c8cbd794c,direct,octree_leafcount,flyby,9,416,416,0.7928959727,0.2349759936,1.029183984,1.085251,1,0,6,41121,35981,17,17,10024,27.85914788,14.22978794,512002,0,512002,41121
cstone,d7fddfb4f8d8ada0eb1a65d1a450a66c8cbd794c,direct,octree_leafcount,flyby,9,417,417,0.6765760183,0.2303359956,0.9082239866,0.963665,1,0,4,41265,36107,17,17,9930,27.50159249,14.18013128,512002,0,512002,41265
cstone,d7fddfb4f8d8ada0eb1a65d1a450a66c8cbd794c,direct,octree_leafcount,flyby,9,418,418,0.7360320091,0.2093760073,0.9467520118,1.004215,1,0,5,41105,35967,17,17,10036,27.90335585,14.23532683,512002,0,512002,41105
cstone,d7fddfb4f8d8ada0eb1a65d1a450a66c8cbd794c,direct,octree_leafcount,flyby,9,419,419,0.8081279993,0.2216639966,1.031136036,1.088843,1,0,6,40985,35862,17,17,9975,27.81495734,14.2770063,512002,0,512002,40985
cstone,d7fddfb4f8d8ada0eb1a65d1a450a66c8cbd794c,direct,octree_leafcount,flyby,9,420,420,0.7398399711,0.2190719992,0.9602559805,1.019763,1,0,5,40985,35862,17,17,10079,28.10495789,14.2770063,512002,0,512002,40985
cstone,d7fddfb4f8d8ada0eb1a65d1a450a66c8cbd794c,direct,octree_leafcount,flyby,9,421,421,0.6592320204,0.2514559925,0.9120000005,0.971183,1,0,4,41041,35911,17,17,9966,27.7519423,14.25752555,512002,0,512002,41041
cstone,d7fddfb4f8d8ada0eb1a65d1a450a66c8cbd794c,direct,octree_leafcount,flyby,9,422,422,0.8139839768,0.2585279942,1.073855996,1.134649,1,0,6,41209,36058,17,17,9965,27.63603084,14.19940097,512002,0,512002,41209
cstone,d7fddfb4f8d8ada0eb1a65d1a450a66c8cbd794c,direct,octree_leafcount,flyby,9,423,423,0.7407360077,0.2225919962,0.964672029,1.02488,1,0,5,40993,35869,17,17,9919,27.65340545,14.27422008,512002,0,512002,40993
cstone,d7fddfb4f8d8ada0eb1a65d1a450a66c8cbd794c,direct,octree_leafcount,flyby,9,424,424,0.7118719816,0.2091840059,0.9223999977,0.979703,1,0,5,40921,35806,17,17,9862,27.54286991,14.29933531,512002,0,512002,40921
cstone,d7fddfb4f8d8ada0eb1a65d1a450a66c8cbd794c,direct,octree_leafcount,flyby,9,425,425,0.8022720218,0.2436479926,1.047232032,1.106702,1,0,6,41105,35967,17,17,10044,27.92559847,14.23532683,512002,0,512002,41105
cstone,d7fddfb4f8d8ada0eb1a65d1a450a66c8cbd794c,direct,octree_leafcount,flyby,9,426,426,0.739808023,0.2206400037,0.9617599845,1.019586,1,0,5,40849,35743,17,17,9927,27.77327029,14.32453907,512002,0,512002,40849
cstone,d7fddfb4f8d8ada0eb1a65d1a450a66c8cbd794c,direct,octree_leafcount,flyby,9,427,427,0.8047680259,0.2452159971,1.051327944,1.10991,1,0,6,41289,36128,17,17,10126,28.02812223,14.17188884,512002,0,512002,41289
cstone,d7fddfb4f8d8ada0eb1a65d1a450a66c8cbd794c,direct,octree_leafcount,flyby,9,428,428,0.6541119814,0.2101120055,0.8655359745,0.920496,1,0,4,41161,36016,17,17,10053,27.9125944,14.21595957,512002,0,512002,41161
cstone,d7fddfb4f8d8ada0eb1a65d1a450a66c8cbd794c,direct,octree_leafcount,flyby,9,429,429,0.7388799787,0.1981119961,0.9383360147,0.991527,1,0,5,40985,35862,17,17,10044,28.00736155,14.2770063,512002,0,512002,40985
cstone,d7fddfb4f8d8ada0eb1a65d1a450a66c8cbd794c,direct,octree_leafcount,flyby,9,430,430,0.8170239925,0.2360000014,1.054335952,1.10902,1,0,6,41065,35932,17,17,9931,27.63831682,14.24919292,512002,0,512002,41065
cstone,d7fddfb4f8d8ada0eb1a65d1a450a66c8cbd794c,direct,octree_leafcount,flyby,9,431,431,0.7424319983,0.2462079972,0.9899520278,1.048485,1,0,5,41401,36226,17,17,10031,27.69005687,14.13355049,512002,0,512002,41401
cstone,d7fddfb4f8d8ada0eb1a65d1a450a66c8cbd794c,direct,octree_leafcount,flyby,9,432,432,0.6594560146,0.2221439928,0.8829439878,0.943393,1,0,4,41281,36121,17,17,10022,27.74563273,14.17463525,512002,0,512002,41281
cstone,d7fddfb4f8d8ada0eb1a65d1a450a66c8cbd794c,direct,octree_leafcount,flyby,9,433,433,0.7955520153,0.2134719938,1.010336041,1.068203,1,0,6,41177,36030,17,17,9894,27.46044963,14.21043575,512002,0,512002,41177
cstone,d7fddfb4f8d8ada0eb1a65d1a450a66c8cbd794c,direct,octree_leafcount,flyby,9,434,434,0.7359039783,0.2099519968,0.9471679926,1.00393,1,0,5,41057,35925,17,17,10085,28.072373,14.25196938,512002,0,512002,41057
cstone,d7fddfb4f8d8ada0eb1a65d1a450a66c8cbd794c,direct,octree_leafcount,flyby,9,435,435,0.7241920233,0.2129279971,0.9384639859,0.994761,1,0,5,40945,35827,17,17,9832,27.44298992,14.29095375,512002,0,512002,40945
cstone,d7fddfb4f8d8ada0eb1a65d1a450a66c8cbd794c,direct,octree_leafcount,flyby,9,436,436,0.8111360073,0.2656959891,1.078143954,1.138968,1,0,6,41001,35876,17,17,10003,27.88214963,14.27143494,512002,0,512002,41001
cstone,d7fddfb4f8d8ada0eb1a65d1a450a66c8cbd794c,direct,octree_leafcount,flyby,9,437,437,0.7482879758,0.2282879949,0.9778879881,1.038944,1,0,5,40761,35666,17,17,9795,27.46313015,14.35546459,512002,0,512002,40761
cstone,d7fddfb4f8d8ada0eb1a65d1a450a66c8cbd794c,direct,octree_leafcount,flyby,9,438,438,0.8058879972,0.2512960136,1.058495998,1.118748,1,0,6,40985,35862,17,17,9882,27.55562991,14.2770063,512002,0,512002,40985
cstone,d7fddfb4f8d8ada0eb1a65d1a450a66c8cbd794c,direct,octree_leafcount,flyby,9,439,439,0.7255679965,0.252384007,0.9792640209,1.038465,1,0,5,41233,36079,17,17,9875,27.37049253,14.19113612,512002,0,512002,41233
cstone,d7fddfb4f8d8ada0eb1a65d1a450a66c8cbd794c,direct,octree_leafcount,flyby,9,440,440,0.7438719869,0.231904,0.9771199822,1.039186,1,0,5,41233,36079,17,17,9922,27.50076222,14.19113612,512002,0,512002,41233
cstone,d7fddfb4f8d8ada0eb1a65d1a450a66c8cbd794c,direct,octree_leafcount,flyby,9,441,441,0.8072000146,0.223488003,1.032032013,1.093191,1,0,6,40993,35869,17,17,9933,27.69243637,14.27422008,512002,0,512002,40993
cstone,d7fddfb4f8d8ada0eb1a65d1a450a66c8cbd794c,direct,octree_leafcount,flyby,9,442,442,0.6575999856,0.2200320065,0.8789439797,0.938125,1,0,4,40961,35841,17,17,9770,27.25928406,14.2853715,512002,0,512002,40961
cstone,d7fddfb4f8d8ada0eb1a65d1a450a66c8cbd794c,direct,octree_leafcount,flyby,9,443,443,0.7313600183,0.2022079974,0.9349120259,0.989075,1,0,5,40681,35596,17,17,9837,27.63512754,14.3836948,512002,0,512002,40681
cstone,d7fddfb4f8d8ada0eb1a65d1a450a66c8cbd794c,direct,octree_leafcount,flyby,9,444,444,0.8097280264,0.2308800071,1.041952014,1.095415,1,0,6,41121,35981,17,17,9785,27.19490842,14.22978794,512002,0,512002,41121
cstone,d7fddfb4f8d8ada0eb1a65d1a450a66c8cbd794c,direct,octree_leafcount,flyby,9,445,445,0.7362560034,0.2155199945,0.9531199932,1.01134,1,0,5,41017,35890,17,17,9791,27.28057955,14.26586793,512002,0,512002,41017
cstone,d7fddfb4f8d8ada0eb1a65d1a450a66c8cbd794c,direct,octree_leafcount,flyby,9,446,446,0.6502079964,0.2093760073,0.860927999,0.917784,1,0,4,40729,35638,17,17,9569,26.85055278,14.36674336,512002,0,512002,40729
cstone,d7fddfb4f8d8ada0eb1a65d1a450a66c8cbd794c,direct,octree_leafcount,flyby,9,447,447,0.8106880188,0.2196159959,1.031615973,1.086254,1,0,6,41065,35932,17,17,9673,26.92029389,14.24919292,512002,0,512002,41065
cstone,d7fddfb4f8d8ada0eb1a65d1a450a66c8cbd794c,direct,octree_leafcount,flyby,9,448,448,0.7246080041,0.1920000017,0.9179520011,0.969308,1,0,5,40833,35729,17,17,9723,27.21318817,14.33015198,512002,0,512002,40833
cstone,d7fddfb4f8d8ada0eb1a65d1a450a66c8cbd794c,direct,octree_leafcount,flyby,9,449,449,0.745472014,0.2494399995,0.9962559938,1.056458,1,0,5,40945,35827,17,17,9621,26.85404862,14.29095375,512002,0,512002,40945
cstone,d7fddfb4f8d8ada0eb1a65d1a450a66c8cbd794c,direct,octree_leafcount,flyby,9,450,450,0.8157759905,0.2482880056,1.065407991,1.124026,1,0,6,41113,35974,17,17,9878,27.45872019,14.23255685,512002,0,512002,41113
cstone,d7fddfb4f8d8ada0eb1a65d1a450a66c8cbd794c,direct,octree_leafcount,flyby,9,451,451,0.7405120134,0.2221439928,0.963967979,1.023434,1,0,5,40825,35722,17,17,9760,27.32209843,14.33296008,512002,0,512002,40825
cstone,d7fddfb4f8d8ada0eb1a65d1a450a66c8cbd794c,direct,octree_leafcount,flyby,9,452,452,0.8130879998,0.2380480021,1.052479982,1.108501,1,0,6,41065,35932,17,17,9802,27.27930535,14.24919292,512002,0,512002,41065
cstone,d7fddfb4f8d8ada0eb1a65d1a450a66c8cbd794c,direct,octree_leafcount,flyby,9,453,453,0.716704011,0.2083519995,0.9264000058,0.981901,1,0,5,40825,35722,17,17,9614,26.91338671,14.33296008,512002,0,512002,40825
cstone,d7fddfb4f8d8ada0eb1a65d1a450a66c8cbd794c,direct,octree_leafcount,flyby,9,454,454,0.7594879866,0.2467200011,1.007552028,1.065536,1,0,5,41417,36240,17,17,9874,27.24613687,14.12809051,512002,0,512002,41417
cstone,d7fddfb4f8d8ada0eb1a65d1a450a66c8cbd794c,direct,octree_leafcount,flyby,9,455,455,0.8102080226,0.2587519884,1.070304036,1.130191,1,0,6,41497,36310,17,17,9892,27.2431837,14.10085376,512002,0,512002,41497
cstone,d7fddfb4f8d8ada0eb1a65d1a450a66c8cbd794c,direct,octree_leafcount,flyby,9,456,456,0.6578559875,0.2287040055,0.8878719807,0.948272,1,0,4,40857,35750,17,17,9698,27.12727273,14.32173427,512002,0,512002,40857
cstone,d7fddfb4f8d8ada0eb1a65d1a450a66c8cbd794c,direct,octree_leafcount,flyby,9,457,457,0.7449600101,0.247743994,0.9940479994,1.051204,1,0,5,40977,35855,17,17,9833,27.42434807,14.27979361,512002,0,512002,40977
cstone,d7fddfb4f8d8ada0eb1a65d1a450a66c8cbd794c,direct,octree_leafcount,flyby,9,458,458,0.8112959862,0.2288320065,1.04144001,1.101125,1,0,6,40873,35764,17,17,9619,26.8957611,14.31612795,512002,0,512002,40873
cstone,d7fddfb4f8d8ada0eb1a65d1a450a66c8cbd794c,direct,octree_leafcount,flyby,9,459,459,0.745216012,0.2439360023,0.9905599952,1.053434,1,0,5,41145,36002,17,17,9800,27.22070996,14.2214877,512002,0,512002,41145
cstone,d7fddfb4f8d8ada0eb1a65d1a450a66c8cbd794c,direct,octree_leafcount,flyby,9,460,460,0.6741440296,0.231904,0.9073600173,0.967925,1,0,4,41001,35876,17,17,9716,27.08217193,14.27143494,512002,0,512002,41001
cstone,d7fddfb4f8d8ada0eb1a65d1a450a66c8cbd794c,direct,octree_leafcount,flyby,9,461,461,0.8191360235,0.2544319928,1.074911952,1.135271,1,0,6,41185,36037,17,17,9753,27.06385104,14.20767544,512002,0,512002,41185
cstone,d7fddfb4f8d8ada0eb1a65d1a450a66c8cbd794c,direct,octree_leafcount,flyby,9,462,462,0.7410240173,0.2116799951,0.9540159702,1.009953,1,0,5,41169,36023,17,17,9810,27.23260139,14.21319712,512002,0,512002,41169
cstone,d7fddfb4f8d8ada0eb1a65d1a450a66c8cbd794c,direct,octree_leafcount,flyby,9,463,463,0.7355840206,0.2093760073,0.9462720156,1.002445,1,0,5,40881,35771,17,17,9464,26.45718599,14.31332644,512002,0,512002,40881
cstone,d7fddfb4f8d8ada0eb1a65d1a450a66c8cbd794c,direct,octree_leafcount,flyby,9,464,464,0.8188480139,0.2104000002,1.030560017,1.085833,1,0,6,40753,35659,17,17,9650,27.06189181,14.35828262,512002,0,512002,40753
cstone,d7fddfb4f8d8ada0eb1a65d1a450a66c8cbd794c,direct,octree_leafcount,flyby,9,465,465,0.7449280024,0.2462400049,0.99247998,1.052001,1,0,5,40905,35792,17,17,9623,26.88589629,14.30492848,512002,0,512002,40905
cstone,d7fddfb4f8d8ada0eb1a65d1a450a66c8cbd794c,direct,octree_leafcount,flyby,9,466,466,0.8074240088,0.2436479926,1.052415967,1.110273,1,0,6,40961,35841,17,17,9795,27.32903658,14.2853715,512002,0,512002,40961
cstone,d7fddfb4f8d8ada0eb1a65d1a450a66c8cbd794c,direct,octree_leafcount,flyby,9,467,467,0.6599360108,0.2165759951,0.8778560162,0.934379,1,0,4,40657,35575,17,17,9596,26.97399859,14.39218552,512002,0,512002,40657
cstone,d7fddfb4f8d8ada0eb1a65d1a450a66c8cbd794c,direct,octree_leafcount,flyby,9,468,468,0.749375999,0.2493119985,1.000159979,1.057153,1,0,5,40769,35673,17,17,9705,27.2054495,14.35264766,512002,0,512002,40769
cstone,d7fddfb4f8d8ada0eb1a65d1a450a66c8cbd794c,direct,octree_leafcount,flyby,9,469,469,0.7922880054,0.2416000068,1.0352,1.091274,1,0,6,40969,35848,17,17,9662,26.95268913,14.28258201,512002,0,512002,40969
cstone,d7fddfb4f8d8ada0eb1a65d1a450a66c8cbd794c,direct,octree_leafcount,flyby,9,470,470,0.7174400091,0.2114239931,0.9301760197,0.986641,1,0,5,40777,35680,17,17,9503,26.63396861,14.34983184,512002,0,512002,40777
cstone,d7fddfb4f8d8ada0eb1a65d1a450a66c8cbd794c,direct,octree_leafcount,flyby,9,471,471,0.7494080067,0.2519359887,1.00268805,1.060958,1,0,5,40801,35701,17,17,9672,27.0916781,14.341391,512002,0,512002,40801
cstone,d7fddfb4f8d8ada0eb1a65d1a450a66c8cbd794c,direct,octree_leafcount,flyby,9,472,472,0.8196160197,0.2508159876,1.071743965,1.129902,1,0,6,40929,35813,17,17,9702,27.09072125,14.29654036,512002,0,512002,40929
cstone,d7fddfb4f8d8ada0eb1a65d1a450a66c8cbd794c,direct,octree_leafcount,flyby,9,473,473,0.7567039728,0.2569279969,1.014976025,1.075759,1,0,5,41305,36142,17,17,9867,27.30064745,14.1663992,512002,0,512002,41305
cstone,d7fddfb4f8d8ada0eb1a65d1a450a66c8cbd794c,direct,octree_leafcount,flyby,9,474,474,0.6688320041,0.222240001,0.8924800158,0.951245,1,0,4,40825,35722,17,17,9586,26.83500364,14.33296008,512002,0,512002,40825
cstone,d7fddfb4f8d8ada0eb1a65d1a450a66c8cbd794c,direct,octree_leafcount,flyby,9,475,475,0.8175359964,0.2718400061,1.09068799,1.145669,1,0,6,41297,36135,17,17,9741,26.95724367,14.16914349,512002,0,512002,41297
cstone,d7fddfb4f8d8ada0eb1a65d1a450a66c8cbd794c,direct,octree_leafcount,flyby,9,476,476,0.7512639761,0.3053439856,1.058079958,1.151775,1,0,5,41233,36079,17,17,9818,27.21250589,14.19113612,512002,0,512002,41233
cstone,d7fddfb4f8d8ada0eb1a65d1a450a66c8cbd794c,direct,octree_leafcount,flyby,9,477,477,0.7488639951,0.2410880029,0.9912639856,1.056173,1,0,5,40921,35806,17,17,9615,26.85304139,14.29933531,512002,0,512002,40921
cstone,d7fddfb4f8d8ada0eb1a65d1a450a66c8cbd794c,direct,octree_leafcount,flyby,9,478,478,0.8049600124,0.225759998,1.032063961,1.091618,1,0,6,40865,35757,17,17,9816,27.45196745,14.31893056,512002,0,512002,40865
cstone,d7fddfb4f8d8ada0eb1a65d1a450a66c8cbd794c,direct,octree_leafcount,flyby,9,479,479,0.7361279726,0.2199999988,0.9575679898,1.016046,1,0,5,40721,35631,17,17,9794,27.48730038,14.36956583,512002,0,512002,40721
cstone,d7fddfb4f8d8ada0eb1a65d1a450a66c8cbd794c,direct,octree_leafcount,flyby,9,480,480,0.8049280047,0.2370239943,1.043264031,1.102743,1,0,6,40985,35862,17,17,9864,27.50543751,14.2770063,512002,0,512002,40985
cstone,d7fddfb4f8d8ada0eb1a65d1a450a66c8cbd794c,direct,octree_leafcount,flyby,9,481,481,0.7273280025,0.2339520007,0.9626240134,1.017258,1,0,5,41017,35890,17,17,9756,27.18305935,14.26586793,512002,0,512002,41017
cstone,d7fddfb4f8d8ada0eb1a65d1a450a66c8cbd794c,direct,octree_leafcount,flyby,9,482,482,0.7316160202,0.2308800071,0.9638080001,1.0192,1,0,5,41177,36030,17,17,9684,26.877602,14.21043575,512002,0,512002,41177
cstone,d7fddfb4f8d8ada0eb1a65d1a450a66c8cbd794c,direct,octree_leafcount,flyby,9,483,483,0.7858880162,0.2083519995,0.9955520034,1.051217,1,0,6,41073,35939,17,17,9843,27.38807424,14.24641754,512002,0,512002,41073
cstone,d7fddfb4f8d8ada0eb1a65d1a450a66c8cbd794c,direct,octree_leafcount,flyby,9,484,484,0.6635519862,0.2093760073,0.8742399812,0.932191,1,0,4,40881,35771,17,17,9680,27.06102709,14.31332644,512002,0,512002,40881
cstone,d7fddfb4f8d8ada0eb1a65d1a450a66c8cbd794c,direct,octree_leafcount,flyby,9,485,485,0.7386559844,0.2134719938,0.9534400105,1.010865,1,0,5,40849,35743,17,17,9790,27.38997846,14.32453907,512002,0,512002,40849
cstone,d7fddfb4f8d8ada0eb1a65d1a450a66c8cbd794c,direct,octree_leafcount,flyby,9,486,486,0.8092479706,0.214944005,1.025503993,1.082429,1,0,6,40601,35526,17,17,9595,27.00838822,14.41203626,512002,0,512002,40601
cstone,d7fddfb4f8d8ada0eb1a65d1a450a66c8cbd794c,direct,octree_leafcount,flyby,9,487,487,0.7411199808,0.2462400049,0.9887040257,1.047175,1,0,5,40785,35687,17,17,9787,27.42455236,14.34701712,512002,0,512002,40785
cstone,d7fddfb4f8d8ada0eb1a65d1a450a66c8cbd794c,direct,octree_leafcount,flyby,9,488,488,0.6606400013,0.2308800071,0.8928319812,0.948639,1,0,4,40873,35764,17,17,9778,27.34034224,14.31612795,512002,0,512002,40873
cstone,d7fddfb4f8d8ada0eb1a65d1a450a66c8cbd794c,direct,octree_leafcount,flyby,9,489,489,0.7975680232,0.2088319957,1.007743955,1.066263,1,0,6,40849,35743,17,17,9667,27.04585513,14.32453907,512002,0,512002,40849
cstone,d7fddfb4f8d8ada0eb1a65d1a450a66c8cbd794c,direct,octree_leafcount,flyby,9,490,490,0.7480319738,0.240575999,0.9899520278,1.048416,1,0,5,41009,35883,17,17,9836,27.41130898,14.26865089,512002,0,512002,41009
cstone,d7fddfb4f8d8ada0eb1a65d1a450a66c8cbd794c,direct,octree_leafcount,flyby,9,491,491,0.6531199813,0.2124480009,0.8669120073,0.92259,1,0,4,40321,35281,17,17,9586,27.17043168,14.512117,512002,0,512002,40321
cstone,d7fddfb4f8d8ada0eb1a65d1a450a66c8cbd794c,direct,octree_leafcount,flyby,9,492,492,0.8094400167,0.2400960028,1.050943971,1.108934,1,0,6,40873,35764,17,17,9883,27.63393356,14.31612795,512002,0,512002,40873
cstone,d7fddfb4f8d8ada0eb1a65d1a450a66c8cbd794c,direct,octree_leafcount,flyby,9,493,493,0.7388799787,0.249119997,0.9893440008,1.048951,1,0,5,41009,35883,17,17,9814,27.34999861,14.26865089,512002,0,512002,41009
cstone,d7fddfb4f8d8ada0eb1a65d1a450a66c8cbd794c,direct,octree_leafcount,flyby,9,494,494,0.8113279939,0.213568002,1.026208043,1.085522,1,0,6,40977,35855,17,17,9622,26.83586669,14.27979361,512002,0,512002,40977
cstone,d7fddfb4f8d8ada0eb1a65d1a450a66c8cbd794c,direct,octree_leafcount,flyby,9,495,495,0.7310079932,0.252384007,0.9847360253,1.046087,1,0,5,41065,35932,17,17,9694,26.97873762,14.24919292,512002,0,512002,41065
cstone,d7fddfb4f8d8ada0eb1a65d1a450a66c8cbd794c,direct,octree_leafcount,flyby,9,496,496,0.7411519885,0.2181120068,0.9606080055,1.019307,1,0,5,40529,35463,17,17,9508,26.81104249,14.43763923,512002,0,512002,40529
cstone,d7fddfb4f8d8ada0eb1a65d1a450a66c8cbd794c,direct,octree_leafcount,flyby,9,497,497,0.8106240034,0.2380480021,1.049983978,1.108294,1,0,6,40865,35757,17,17,9776,27.34010124,14.31893056,512002,0,512002,40865
cstone,d7fddfb4f8d8ada0eb1a65d1a450a66c8cbd794c,direct,octree_leafcount,flyby,9,498,498,0.7380800247,0.2216639966,0.961055994,1.020268,1,0,5,40841,35736,17,17,9719,27.19666443,14.32734497,512002,0,512002,40841
cstone,d7fddfb4f8d8ada0eb1a65d1a450a66c8cbd794c,direct,octree_leafcount,flyby,9,499,499,0.7453439832,0.2313919961,0.9781119823,1.034059,1,0,5,40897,35785,17,17,9857,27.54506078,14.3077267,512002,0,512002,40897
cstone,d7fddfb4f8d8ada0eb1a65d1a450a66c8cbd794c,direct,octree_leafcount,flyby,9,500,500,0.7800319791,0.2078399956,0.9892479777,1.047485,1,0,6,40753,35659,17,17,9670,27.11797863,14.35828262,512002,0,512002,40753
cstone,d7fddfb4f8d8ada0eb1a65d1a450a66c8cbd794c,direct,octree_leafcount,flyby,9,501,501,0.6573439837,0.2411199957,0.8998079896,0.955615,1,0,4,40937,35820,17,17,9650,26.94025684,14.29374651,512002,0,512002,40937
cstone,d7fddfb4f8d8ada0eb1a65d1a450a66c8cbd794c,direct,octree_leafcount,flyby,9,502,502,0.7336639762,0.2084479928,0.9471679926,1.002475,1,0,5,40569,35498,17,17,9748,27.46070201,14.42340414,512002,0,512002,40569
cstone,d7fddfb4f8d8ada0eb1a65d1a450a66c8cbd794c,direct,octree_leafcount,flyby,9,503,503,0.8028159738,0.2370239943,1.041183949,1.098409,1,0,6,40673,35589,17,17,9700,27.25561269,14.38652393,512002,0,512002,40673
cstone,d7fddfb4f8d8ada0eb1a65d1a450a66c8cbd794c,direct,octree_leafcount,flyby,9,504,504,0.7546560168,0.2487359941,1.004735947,1.065032,1,0,5,40905,35792,17,17,9887,27.62349128,14.30492848,512002,0,512002,40905
cstone,d7fddfb4f8d8ada0eb1a65d1a450a66c8cbd794c,direct,octree_leafcount,flyby,9,505,505,0.6524479985,0.2073280066,0.8610879779,0.917608,1,0,4,40641,35561,17,17,9744,27.40080425,14.39785158,512002,0,512002,40641
cstone,d7fddfb4f8d8ada0eb1a65d1a450a66c8cbd794c,direct,octree_leafcount,flyby,9,506,506,0.8125119805,0.2400960028,1.053920031,1.111629,1,0,6,40785,35687,17,17,9701,27.18356825,14.34701712,512002,0,512002,40785
cstone,d7fddfb4f8d8ada0eb1a65d1a450a66c8cbd794c,direct,octree_leafcount,flyby,9,507,507,0.7481600046,0.2395520061,0.9890239835,1.046366,1,0,5,41201,36051,17,17,9886,27.42226291,14.20215805,512002,0,512002,41201
cstone,d7fddfb4f8d8ada0eb1a65d1a450a66c8cbd794c,direct,octree_leafcount,flyby,9,508,508,0.7370880246,0.239199996,0.9775999784,1.040626,1,0,5,40649,35568,17,17,9617,27.03834908,14.39501799,512002,0,512002,40649
cstone,d7fddfb4f8d8ada0eb1a65d1a450a66c8cbd794c,direct,octree_leafcount,flyby,9,509,509,0.8234239817,0.265087992,1.089823961,1.152286,1,0,6,40761,35666,17,17,9712,27.23041552,14.35546459,512002,0,512002,40761
cstone,d7fddfb4f8d8ada0eb1a65d1a450a66c8cbd794c,direct,octree_leafcount,flyby,9,510,510,0.7499200106,0.2298559994,0.9811199903,1.042307,1,0,5,40721,35631,17,17,9732,27.3132946,14.36956583,512002,0,512002,40721
cstone,d7fddfb4f8d8ada0eb1a65d1a450a66c8cbd794c,direct,octree_leafcount,flyby,9,511,511,0.7554559708,0.231904,0.9886720181,1.044555,1,0,5,40961,35841,17,17,9828,27.4211099,14.2853715,512002,0,512002,40961
cstone,d7fddfb4f8d8ada0eb1a65d1a450a66c8cbd794c,direct,octree_leafcount,flyby,9,512,512,0.740095973,0.2417919934,0.9832320213,1.044352,1,0,5,41161,36016,17,17,9820,27.26565971,14.21595957,512002,0,512002,41161
cstone,d7fddfb4f8d8ada0eb1a65d1a450a66c8cbd794c,direct,octree_leafcount,flyby,9,513,513,0.747615993,0.2237119973,0.9726719856,1.031926,1,0,5,40857,35750,17,17,9842,27.53006993,14.32173427,512002,0,512002,40857
cstone,d7fddfb4f8d8ada0eb1a65d1a450a66c8cbd794c,direct,octree_leafcount,flyby,9,514,514,0.8097919822,0.2517440021,1.062847972,1.124483,1,0,6,41025,35897,17,17,9843,27.42011867,14.26308605,512002,0,512002,41025
cstone,d7fddfb4f8d8ada0eb1a65d1a450a66c8cbd794c,direct,octree_leafcount,flyby,9,515,515,0.6614080071,0.2196159959,0.8823360205,0.939953,1,0,4,40681,35596,17,17,9639,27.07888527,14.3836948,512002,0,512002,40681
cstone,d7fddfb4f8d8ada0eb1a65d1a450a66c8cbd794c,direct,octree_leafcount,flyby,9,516,516,0.7492799759,0.2462400049,0.9968320131,1.059982,1,0,5,41009,35883,17,17,9913,27.62589527,14.26865089,512002,0,512002,41009
cstone,d7fddfb4f8d8ada0eb1a65d1a450a66c8cbd794c,direct,octree_leafcount,flyby,9,517,517,0.8139520288,0.2436479926,1.058943987,1.11479,1,0,6,41081,35946,17,17,9849,27.39943248,14.24364324,512002,0,512002,41081
cstone,d7fddfb4f8d8ada0eb1a65d1a450a66c8cbd794c,direct,octree_leafcount,flyby,9,518,518,0.7471039891,0.2420160025,0.9904639721,1.050186,1,0,5,41297,36135,17,17,9852,27.26442507,14.16914349,512002,0,512002,41297
cstone,d7fddfb4f8d8ada0eb1a65d1a450a66c8cbd794c,direct,octree_leafcount,flyby,9,519,519,0.666688025,0.2149759978,0.8829759955,0.942855,1,0,4,41041,35911,17,17,9873,27.49296873,14.25752555,512002,0,512002,41041
cstone,d7fddfb4f8d8ada0eb1a65d1a450a66c8cbd794c,direct,octree_leafcount,flyby,9,520,520,0.8322560191,0.2436479926,1.077247977,1.136874,1,0,6,41089,35953,17,17,9737,27.08258004,14.24087002,512002,0,512002,41089
cstone,d7fddfb4f8d8ada0eb1a65d1a450a66c8cbd794c,direct,octree_leafcount,flyby,9,521,521,0.7533119917,0.2400320023,0.9948160052,1.053823,1,0,5,41417,36240,17,17,9982,27.54415011,14.12809051,512002,0,512002,41417
cstone,d7fddfb4f8d8ada0eb1a65d1a450a66c8cbd794c,direct,octree_leafcount,flyby,9,522,522,0.6624320149,0.2229440063,0.8867200017,0.946403,1,0,4,40849,35743,17,17,9660,27.02627088,14.32453907,512002,0,512002,40849
cstone,d7fddfb4f8d8ada0eb1a65d1a450a66c8cbd794c,direct,octree_leafcount,flyby,9,523,523,0.7893440127,0.2484479994,1.039136052,1.097539,1,0,6,41065,35932,17,17,9842,27.39062674,14.24919292,512002,0,512002,41065
cstone,d7fddfb4f8d8ada0eb1a65d1a450a66c8cbd794c,direct,octree_leafcount,flyby,9,524,524,0.760447979,0.2206400037,0.9824000001,1.042508,1,0,5,41033,35904,17,17,9789,27.26437166,14.26030526,512002,0,512002,41033
cstone,d7fddfb4f8d8ada0eb1a65d1a450a66c8cbd794c,direct,octree_leafcount,flyby,9,525,525,0.7215999961,0.2221439928,0.9450560212,1.00683,1,0,5,40929,35813,17,17,9661,26.97623768,14.29654036,512002,0,512002,40929
cstone,d7fddfb4f8d8ada0eb1a65d1a450a66c8cbd794c,direct,octree_leafcount,flyby,9,526,526,0.8214399815,0.252384007,1.075168014,1.135309,1,0,6,41049,35918,17,17,9832,27.37346177,14.25474692,512002,0,512002,41049
cstone,d7fddfb4f8d8ada0eb1a65d1a450a66c8cbd794c,direct,octree_leafcount,flyby,9,527,527,0.7503679991,0.2313600034,0.9830719829,1.044562,1,0,5,40761,35666,17,17,9690,27.16873213,14.35546459,512002,0,512002,40761
cstone,d7fddfb4f8d8ada0eb1a65d1a450a66c8cbd794c,direct,octree_leafcount,flyby,9,528,528,0.8177919984,0.2569279969,1.076032043,1.136939,1,0,6,40905,35792,17,17,9695,27.08705856,14.30492848,512002,0,512002,40905
cstone,d7fddfb4f8d8ada0eb1a65d1a450a66c8cbd794c,direct,octree_leafcount,flyby,9,529,529,0.7299839854,0.2594879866,0.9907839894,1.049935,1,0,5,41009,35883,17,17,9647,26.88459716,14.26865089,512002,0,512002,41009
cstone,d7fddfb4f8d8ada0eb1a65d1a450a66c8cbd794c,direct,octree_leafcount,flyby,9,530,530,0.735935986,0.2678079903,1.005056024,1.070212,1,0,5,41345,36177,17,17,9744,26.93423999,14.1526937,512002,0,512002,41345
cstone,d7fddfb4f8d8ada0eb1a65d1a450a66c8cbd794c,direct,octree_leafcount,flyby,9,531,531,0.7960960269,0.2523519993,1.049823999,1.109216,1,0,6,41409,36233,17,17,9781,26.99472856,14.13081997,512002,0,512002,41409
cstone,d7fddfb4f8d8ada0eb1a65d1a450a66c8cbd794c,direct,octree_leafcount,flyby,9,532,532,0.6578879952,0.2282560021,0.8874559999,0.947783,1,0,4,41033,35904,17,17,9557,26.6182041,14.26030526,512002,0,512002,41033
cstone,d7fddfb4f8d8ada0eb1a65d1a450a66c8cbd794c,direct,octree_leafcount,flyby,9,533,533,0.742208004,0.2438080013,0.9873600006,1.044778,1,0,5,41097,35960,17,17,9739,27.08286986,14.23809789,512002,0,512002,41097
cstone,d7fddfb4f8d8ada0eb1a65d1a450a66c8cbd794c,direct,octree_leafcount,flyby,9,534,534,0.794623971,0.2042559981,1.000223994,1.055393,1,0,6,41049,35918,17,17,9594,26.71084136,14.25474692,512002,0,512002,41049
cstone,d7fddfb4f8d8ada0eb1a65d1a450a66c8cbd794c,direct,octree_leafcount,flyby,9,535,535,0.7506880164,0.2431360036,0.9951679707,1.053918,1,0,5,41481,36296,17,17,9817,27.04705753,14.1062927,512002,0,512002,41481
cstone,d7fddfb4f8d8ada0eb1a65d1a450a66c8cbd794c,direct,octree_leafcount,flyby,9,536,536,0.6622400284,0.2313919961,0.8949440122,0.959046,1,0,4,41145,36002,17,17,9794,27.20404422,14.2214877,512002,0,512002,41145
cstone,d7fddfb4f8d8ada0eb1a65d1a450a66c8cbd794c,direct,octree_leafcount,flyby,9,537,537,0.8087360263,0.2247360051,1.034816027,1.094753,1,0,6,40889,35778,17,17,9564,26.73151098,14.31052602,512002,0,512002,40889
cstone,d7fddfb4f8d8ada0eb1a65d1a450a66c8cbd794c,direct,octree_leafcount,flyby,9,538,538,0.7399359941,0.2503359914,0.9916160107,1.052447,1,0,5,41241,36086,17,17,9978,27.65061243,14.18838331,512002,0,512002,41241
cstone,d7fddfb4f8d8ada0eb1a65d1a450a66c8cbd794c,direct,octree_leafcount,flyby,9,539,539,0.6512960196,0.2083519995,0.8609920144,0.916137,1,0,4,40953,35834,17,17,9752,27.21437741,14.28816208,512002,0,512002,40953
cstone,d7fddfb4f8d8ada0eb1a65d1a450a66c8cbd794c,direct,octree_leafcount,flyby,9,540,540,0.8104959726,0.2410559952,1.052927971,1.111896,1,0,6,41209,36058,17,17,9812,27.21171446,14.19940097,512002,0,512002,41209
cstone,d7fddfb4f8d8ada0eb1a65d1a450a66c8cbd794c,direct,octree_leafcount,flyby,9,541,541,0.7392960191,0.2421440035,0.9827839732,1.040674,1,0,5,41217,36065,17,17,9822,27.23416054,14.19664495,512002,0,512002,41217
cstone,d7fddfb4f8d8ada0eb1a65d1a450a66c8cbd794c,direct,octree_leafcount,flyby,9,542,542,0.7535359859,0.2216639966,0.9765440226,1.038484,1,0,5,41185,36037,17,17,9609,26.66426173,14.20767544,512002,0,512002,41185
cstone,d7fddfb4f8d8ada0eb1a65d1a450a66c8cbd794c,direct,octree_leafcount,flyby,9,543,543,0.823391974,0.2160000056,1.04073596,1.101811,1,0,6,41081,35946,17,17,9766,27.16853057,14.24364324,512002,0,512002,41081
cstone,d7fddfb4f8d8ada0eb1a65d1a450a66c8cbd794c,direct,octree_leafcount,flyby,9,544,544,0.7328640223,0.2073280066,0.9415360093,0.997536,1,0,5,40953,35834,17,17,9567,26.69810794,14.28816208,512002,0,512002,40953
cstone,d7fddfb4f8d8ada0eb1a65d1a450a66c8cbd794c,direct,octree_leafcount,flyby,9,545,545,0.8152639866,0.2636480033,1.080255985,1.143333,1,0,6,41033,35904,17,17,9603,26.74632353,14.26030526,512002,0,512002,41033
cstone,d7fddfb4f8d8ada0eb1a65d1a450a66c8cbd794c,direct,octree_leafcount,flyby,9,546,546,0.7296000123,0.2349440008,0.9658880234,1.027826,1,0,5,40969,35848,17,17,9519,26.55378264,14.28258201,512002,0,512002,40969
cstone,d7fddfb4f8d8ada0eb1a65d1a450a66c8cbd794c,direct,octree_leafcount,flyby,9,547,547,0.739199996,0.2472639978,0.9877759814,1.046227,1,0,5,40977,35855,17,17,9556,26.65179194,14.27979361,512002,0,512002,40977
cstone,d7fddfb4f8d8ada0eb1a65d1a450a66c8cbd794c,direct,octree_leafcount,flyby,9,548,548,0.7894080281,0.2101120055,1.000864029,1.056868,1,0,6,40657,35575,17,17,9572,26.90653549,14.39218552,512002,0,512002,40657
cstone,d7fddfb4f8d8ada0eb1a65d1a450a66c8cbd794c,direct,octree_leafcount,flyby,9,549,549,0.7534400225,0.2267840058,0.9815679789,1.044339,1,0,5,40585,35512,17,17,9497,26.74307276,14.41771795,512002,0,512002,40585
cstone,d7fddfb4f8d8ada0eb1a65d1a450a66c8cbd794c,direct,octree_leafcount,flyby,9,550,550,0.7394239902,0.2411199957,0.9818879962,1.039921,1,0,5,40633,35554,17,17,9618,27.05180852,14.40068628,512002,0,512002,40633
cstone,d7fddfb4f8d8ada0eb1a65d1a450a66c8cbd794c,direct,octree_leafcount,flyby,9,551,551,0.8101440072,0.2231680006,1.034752011,1.089554,1,0,6,40833,35729,17,17,9534,26.68420611,14.33015198,512002,0,512002,40833
cstone,d7fddfb4f8d8ada0eb1a65d1a450a66c8cbd794c,direct,octree_leafcount,flyby,9,552,552,0.6552320123,0.2039359957,0.8605120182,0.918217,1,0,4,40777,35680,17,17,9467,26.53307175,14.34983184,512002,0,512002,40777
cstone,d7fddfb4f8d8ada0eb1a65d1a450a66c8cbd794c,direct,octree_leafcount,flyby,9,553,553,0.7367680073,0.2089920044,0.9471039772,1.003046,1,0,5,40657,35575,17,17,9520,26.76036543,14.39218552,512002,0,512002,40657
cstone,d7fddfb4f8d8ada0eb1a65d1a450a66c8cbd794c,direct,octree_leafcount,flyby,9,554,554,0.8189120293,0.2308800071,1.051136017,1.112051,1,0,6,40593,35519,17,17,9403,26.47315521,14.41487654,512002,0,512002,40593
cstone,d7fddfb4f8d8ada0eb1a65d1a450a66c8cbd794c,direct,octree_leafcount,flyby,9,555,555,0.7414399981,0.2483199984,0.9911040068,1.048987,1,0,5,40833,35729,17,17,9634,26.96409079,14.33015198,512002,0,512002,40833
cstone,d7fddfb4f8d8ada0eb1a65d1a450a66c8cbd794c,direct,octree_leafcount,flyby,9,556,556,0.6505280137,0.1991360039,0.851007998,0.905463,1,0,4,40657,35575,17,17,9472,26.62543921,14.39218552,512002,0,512002,40657
cstone,d7fddfb4f8d8ada0eb1a65d1a450a66c8cbd794c,direct,octree_leafcount,flyby,9,557,557,0.8153600097,0.2479040027,1.064607978,1.12417,1,0,6,40929,35813,17,17,9474,26.45408092,14.29654036,512002,0,512002,40929
cstone,d7fddfb4f8d8ada0eb1a65d1a450a66c8cbd794c,direct,octree_leafcount,flyby,9,558,558,0.7481279969,0.2581759989,1.007616043,1.070954,1,0,5,41041,35911,17,17,9614,26.77174125,14.25752555,512002,0,512002,41041
cstone,d7fddfb4f8d8ada0eb1a65d1a450a66c8cbd794c,direct,octree_leafcount,flyby,9,559,559,0.6547840238,0.2160000056,0.8720960021,0.929474,1,0,4,40689,35603,17,17,9516,26.72808471,14.38086678,512002,0,512002,40689
cstone,d7fddfb4f8d8ada0eb1a65d1a450a66c8cbd794c,direct,octree_leafcount,flyby,9,560,560,0.8204479814,0.2515200078,1.073312044,1.132981,1,0,6,40961,35841,17,17,9704,27.07513741,14.2853715,512002,0,512002,40961
cstone,d7fddfb4f8d8ada0eb1a65d1a450a66c8cbd794c,direct,octree_leafcount,flyby,9,561,561,0.7416639924,0.2167679965,0.9597439766,1.017152,1,0,5,40833,35729,17,17,9591,26.84374038,14.33015198,512002,0,512002,40833
cstone,d7fddfb4f8d8ada0eb1a65d1a450a66c8cbd794c,direct,octree_leafcount,flyby,9,562,562,0.8203200102,0.2544319928,1.076096058,1.137695,1,0,6,41313,36149,17,17,9680,26.77805748,14.16365598,512002,0,512002,41313
cstone,d7fddfb4f8d8ada0eb1a65d1a450a66c8cbd794c,direct,octree_leafcount,flyby,9,563,563,0.7395200133,0.2298559994,0.9707199931,1.030866,1,0,5,40993,35869,17,17,9637,26.86721124,14.27422008,512002,0,512002,40993
cstone,d7fddfb4f8d8ada0eb1a65d1a450a66c8cbd794c,direct,octree_leafcount,flyby,9,564,564,0.7379199862,0.2155199945,0.9547839761,1.012966,1,0,5,40793,35694,17,17,9556,26.7720065,14.34420351,512002,0,512002,40793
cstone,d7fddfb4f8d8ada0eb1a65d1a450a66c8cbd794c,direct,octree_leafcount,flyby,9,565,565,0.8197439909,0.244223997,1.065312028,1.123048,1,0,6,41049,35918,17,17,9594,26.71084136,14.25474692,512002,0,512002,41049
cstone,d7fddfb4f8d8ada0eb1a65d1a450a66c8cbd794c,direct,octree_leafcount,flyby,9,566,566,0.7238079906,0.2197439969,0.9448959827,1.00279,1,0,5,40593,35519,17,17,9421,26.52383232,14.41487654,512002,0,512002,40593
cstone,d7fddfb4f8d8ada0eb1a65d1a450a66c8cbd794c,direct,octree_leafcount,flyby,9,567,567,0.743359983,0.2514559925,0.9961599708,1.05699,1,0,5,40889,35778,17,17,9515,26.59455531,14.31052602,512002,0,512002,40889
cstone,d7fddfb4f8d8ada0eb1a65d1a450a66c8cbd794c,direct,octree_leafcount,flyby,9,568,568,0.7983679771,0.2221439928,1.021824002,1.0806,1,0,6,40825,35722,17,17,9539,26.70343206,14.33296008,512002,0,512002,40825
cstone,d7fddfb4f8d8ada0eb1a65d1a450a66c8cbd794c,direct,octree_leafcount,flyby,9,569,569,0.648639977,0.2065279931,0.8565120101,0.914032,1,0,4,40633,35554,17,17,9401,26.44146931,14.40068628,512002,0,512002,40633
cstone,d7fddfb4f8d8ada0eb1a65d1a450a66c8cbd794c,direct,octree_leafcount,flyby,9,570,570,0.7415040135,0.2472639978,0.9901760221,1.050062,1,0,5,40889,35778,17,17,9612,26.86567164,14.31052602,512002,0,512002,40889
cstone,d7fddfb4f8d8ada0eb1a65d1a450a66c8cbd794c,direct,octree_leafcount,flyby,9,571,571,0.8531839848,0.2733440101,1.12787199,1.189866,1,0,6,41105,35967,17,17,9613,26.72727778,14.23532683,512002,0,512002,41105
cstone,d7fddfb4f8d8ada0eb1a65d1a450a66c8cbd794c,direct,octree_leafcount,flyby,9,572,572,0.748767972,0.2677440047,1.017856002,1.080305,1,0,5,41121,35981,17,17,9502,26.4083822,14.22978794,512002,0,512002,41121
cstone,d7fddfb4f8d8ada0eb1a65d1a450a66c8cbd794c,direct,octree_leafcount,flyby,9,573,573,0.6641920209,0.2286079973,0.8941439986,0.954204,1,0,4,41025,35897,17,17,9455,26.33924841,14.26308605,512002,0,512002,41025
cstone,d7fddfb4f8d8ada0eb1a65d1a450a66c8cbd794c,direct,octree_leafcount,flyby,9,574,574,0.7992640138,0.2360000014,1.036607981,1.091951,1,0,6,41041,35911,17,17,9391,26.15076161,14.25752555,512002,0,512002,41041
cstone,d7fddfb4f8d8ada0eb1a65d1a450a66c8cbd794c,direct,octree_leafcount,flyby,9,575,575,0.7424640059,0.2288320065,0.9726399779,1.025545,1,0,5,41257,36100,17,17,9682,26.8199446,14.18288089,512002,0,512002,41257
cstone,d7fddfb4f8d8ada0eb1a65d1a450a66c8cbd794c,direct,octree_leafcount,flyby,9,576,576,0.6559360027,0.204768002,0.8620160222,0.919048,1,0,4,41025,35897,17,17,9494,26.44789258,14.26308605,512002,0,512002,41025
cstone,d7fddfb4f8d8ada0eb1a65d1a450a66c8cbd794c,direct,octree_leafcount,flyby,9,577,577,0.804799974,0.2323839962,1.038496017,1.094711,1,0,6,41233,36079,17,17,9500,26.33110674,14.19113612,512002,0,512002,41233
cstone,d7fddfb4f8d8ada0eb1a65d1a450a66c8cbd794c,direct,octree_leafcount,flyby,9,578,578,0.7364479899,0.2124480009,0.950240016,1.007936,1,0,5,41129,35988,17,17,9552,26.54218073,14.22702012,512002,0,512002,41129
cstone,d7fddfb4f8d8ada0eb1a65d1a450a66c8cbd794c,direct,octree_leafcount,flyby,9,579,579,0.6477760077,0.2047359943,0.8538560271,0.91055,1,0,4,40617,35540,17,17,9393,26.42937535,14.40635903,512002,0,512002,40617
cstone,d7fddfb4f8d8ada0eb1a65d1a450a66c8cbd794c,direct,octree_leafcount,flyby,9,580,580,0.8063679934,0.2434560061,1.051167965,1.108681,1,0,6,40777,35680,17,17,9573,26.83015695,14.34983184,512002,0,512002,40777
cstone,d7fddfb4f8d8ada0eb1a65d1a450a66c8cbd794c,direct,octree_leafcount,flyby,9,581,581,0.7329599857,0.2124159932,0.9467200041,1.003466,1,0,5,40761,35666,17,17,9524,26.70330287,14.35546459,512002,0,512002,40761
cstone,d7fddfb4f8d8ada0eb1a65d1a450a66c8cbd794c,direct,octree_leafcount,flyby,9,582,582,0.7390080094,0.2370239943,0.9773759842,1.03475,1,0,5,41153,36009,17,17,9563,26.55724958,14.2187231,512002,0,512002,41153
cstone,d7fddfb4f8d8ada0eb1a65d1a450a66c8cbd794c,direct,octree_leafcount,flyby,9,583,583,0.712544024,0.2042559981,0.91811198,0.97373,1,0,5,40905,35792,17,17,9553,26.69032186,14.30492848,512002,0,512002,40905
cstone,d7fddfb4f8d8ada0eb1a65d1a450a66c8cbd794c,direct,octree_leafcount,flyby,9,584,584,0.7327039838,0.210431993,0.9444800019,1.000976,1,0,5,40825,35722,17,17,9545,26.72022843,14.33296008,512002,0,512002,40825
cstone,d7fddfb4f8d8ada0eb1a65d1a450a66c8cbd794c,direct,octree_leafcount,flyby,9,585,585,0.8110399842,0.2528640032,1.065248013,1.126882,1,0,6,41001,35876,17,17,9672,26.95952726,14.27143494,512002,0,512002,41001
cstone,d7fddfb4f8d8ada0eb1a65d1a450a66c8cbd794c,direct,octree_leafcount,flyby,9,586,586,0.6735360026,0.238943994,0.9137920141,0.980108,1,0,4,40745,35652,17,17,9518,26.6969595,14.36110176,512002,0,512002,40745
cstone,d7fddfb4f8d8ada0eb1a65d1a450a66c8cbd794c,direct,octree_leafcount,flyby,9,587,587,0.7522879839,0.2554560006,1.009055972,1.069656,1,0,5,41073,35939,17,17,9620,26.7675784,14.24641754,512002,0,512002,41073
cstone,d7fddfb4f8d8ada0eb1a65d1a450a66c8cbd794c,direct,octree_leafcount,flyby,9,588,588,0.8144959807,0.251008004,1.06684804,1.129385,1,0,6,41201,36051,17,17,9633,26.72047932,14.20215805,512002,0,512002,41201
cstone,d7fddfb4f8d8ada0eb1a65d1a450a66c8cbd794c,direct,octree_leafcount,flyby,9,589,589,0.6525120139,0.2196159959,0.8734719753,0.932068,1,0,4,41105,35967,17,17,9521,26.47148775,14.23532683,512002,0,512002,41105
cstone,d7fddfb4f8d8ada0eb1a65d1a450a66c8cbd794c,direct,octree_leafcount,flyby,9,590,590,0.7328320146,0.2144960016,0.9486399889,1.00598,1,0,5,40809,35708,17,17,9648,27.01915537,14.33857959,512002,0,512002,40809
cstone,d7fddfb4f8d8ada0eb1a65d1a450a66c8cbd794c,direct,octree_leafcount,flyby,9,591,591,0.8004480004,0.2452159971,1.047008038,1.104187,1,0,6,41001,35876,17,17,9552,26.62504181,14.27143494,512002,0,512002,41001
cstone,d7fddfb4f8d8ada0eb1a65d1a450a66c8cbd794c,direct,octree_leafcount,flyby,9,592,592,0.7297599912,0.2329279929,0.9640319943,1.020995,1,0,5,41145,36002,17,17,9666,26.84850842,14.2214877,512002,0,512002,41145
cstone,d7fddfb4f8d8ada0eb1a65d1a450a66c8cbd794c,direct,octree_leafcount,flyby,9,593,593,0.6576319933,0.2189439982,0.8779199719,0.938124,1,0,4,41041,35911,17,17,9634,26.82743449,14.25752555,512002,0,512002,41041
cstone,d7fddfb4f8d8ada0eb1a65d1a450a66c8cbd794c,direct,octree_leafcount,flyby,9,594,594,0.7982079983,0.2223999947,1.021952033,1.080749,1,0,6,40953,35834,17,17,9575,26.72043311,14.28816208,512002,0,512002,40953
cstone,d7fddfb4f8d8ada0eb1a65d1a450a66c8cbd794c,direct,octree_leafcount,flyby,9,595,595,0.7386879921,0.2201279998,0.960160017,1.020076,1,0,5,40857,35750,17,17,9619,26.90629371,14.32173427,512002,0,512002,40857
cstone,d7fddfb4f8d8ada0eb1a65d1a450a66c8cbd794c,direct,octree_leafcount,flyby,9,596,596,0.6583039761,0.2510400116,0.910687983,0.971435,1,0,4,40913,35799,17,17,9438,26.36386491,14.30213134,512002,0,512002,40913
cstone,d7fddfb4f8d8ada0eb1a65d1a450a66c8cbd794c,direct,octree_leafcount,flyby,9,597,597,0.8088960052,0.2431360036,1.053408027,1.112056,1,0,6,41137,35995,17,17,9608,26.69259619,14.22425337,512002,0,512002,41137
cstone,d7fddfb4f8d8ada0eb1a65d1a450a66c8cbd794c,direct,octree_leafcount,flyby,9,598,598,0.7313600183,0.1991360039,0.9318079948,0.984294,1,0,5,40817,35715,17,17,9495,26.58546829,14.33576928,512002,0,512002,40817
cstone,d7fddfb4f8d8ada0eb1a65d1a450a66c8cbd794c,direct,octree_leafcount,flyby,9,599,599,0.7211520076,0.2052800059,0.927775979,0.984798,1,0,5,40753,35659,17,17,9323,26.14487226,14.35828262,512002,0,512002,40753
cstone,d7fddfb4f8d8ada0eb1a65d1a450a66c8cbd794c,direct,octree_leafcount,flyby,9,600,600,0.7985919714,0.2037120014,1.003615975,1.059048,1,0,6,40713,35624,17,17,9488,26.63373007,14.3723894,512002,0,512002,40713
cstone,d7fddfb4f8d8ada0eb1a65d1a450a66c8cbd794c,direct,octree_leafcount,flyby,9,601,601,0.7333440185,0.2165440023,0.9512320161,1.00806,1,0,5,40697,35610,17,17,9398,26.39146307,14.37803988,512002,0,512002,40697
cstone,d7fddfb4f8d8ada0eb1a65d1a450a66c8cbd794c,direct,octree_leafcount,flyby,9,602,602,0.8039680123,0.2482880056,1.053599954,1.112784,1,0,6,40849,35743,17,17,9420,26.35481073,14.32453907,512002,0,512002,40849
cstone,d7fddfb4f8d8ada0eb1a65d1a450a66c8cbd794c,direct,octree_leafcount,flyby,9,603,603,0.7357760072,0.2528640032,0.9899520278,1.050535,1,0,5,41089,35953,17,17,9619,26.75437377,14.24087002,512002,0,512002,41089
cstone,d7fddfb4f8d8ada0eb1a65d1a450a66c8cbd794c,direct,octree_leafcount,flyby,9,604,604,0.7462400198,0.2298559994,0.9774079919,1.038867,1,0,5,41057,35925,17,17,9518,26.4940849,14.25196938,512002,0,512002,41057
cstone,d7fddfb4f8d8ada0eb1a65d1a450a66c8cbd794c,direct,octree_leafcount,flyby,9,605,605,0.8039680123,0.2431679964,1.048575997,1.106575,1,0,6,41257,36100,17,17,9680,26.81440443,14.18288089,512002,0,512002,41257
cstone,d7fddfb4f8d8ada0eb1a65d1a450a66c8cbd794c,direct,octree_leafcount,flyby,9,606,606,0.7244160175,0.2466879934,0.9724159837,1.032643,1,0,5,41337,36170,17,17,9558,26.42521427,14.15543268,512002,0,512002,41337
cstone,d7fddfb4f8d8ada0eb1a65d1a450a66c8cbd794c,direct,octree_leafcount,flyby,9,607,607,0.7415680289,0.240832001,0.9837120175,1.042933,1,0,5,41393,36219,17,17,9578,26.44468373,14.13628206,512002,0,512002,41393
cstone,d7fddfb4f8d8ada0eb1a65d1a450a66c8cbd794c,direct,octree_leafcount,flyby,9,608,608,0.7994239926,0.2221439928,1.022912025,1.083704,1,0,6,41329,36163,17,17,9629,26.62666261,14.15817272,512002,0,512002,41329
cstone,d7fddfb4f8d8ada0eb1a65d1a450a66c8cbd794c,direct,octree_leafcount,flyby,9,609,609,0.657407999,0.2124480009,0.8711680174,0.928825,1,0,4,40921,35806,17,17,9388,26.21906943,14.29933531,512002,0,512002,40921
cstone,d7fddfb4f8d8ada0eb1a65d1a450a66c8cbd794c,direct,octree_leafcount,flyby,9,610,610,0.7419840097,0.2360000014,0.9792960286,1.036629,1,0,5,41201,36051,17,17,9672,26.8286594,14.20215805,512002,0,512002,41201
cstone,d7fddfb4f8d8ada0eb1a65d1a450a66c8cbd794c,direct,octree_leafcount,flyby,9,611,611,0.8147519827,0.2231680006,1.039263964,1.093564,1,0,6,41265,36107,17,17,9636,26.68734594,14.18013128,512002,0,512002,41265
cstone,d7fddfb4f8d8ada0eb1a65d1a450a66c8cbd794c,direct,octree_leafcount,flyby,9,612,612,0.6635199785,0.2127040029,0.8775680065,0.935604,1,0,4,41225,36072,17,17,9476,26.26968286,14.19389,512002,0,512002,41225
cstone,d7fddfb4f8d8ada0eb1a65d1a450a66c8cbd794c,direct,octree_leafcount,flyby,9,613,613,0.7339519858,0.2166399956,0.9519039989,1.008349,1,0,5,41169,36023,17,17,9616,26.69405657,14.21319712,512002,0,512002,41169
cstone,d7fddfb4f8d8ada0eb1a65d1a450a66c8cbd794c,direct,octree_leafcount,flyby,9,614,614,0.7816960216,0.2011840045,0.9842240214,1.038755,1,0,6,40985,35862,17,17,9534,26.58524343,14.2770063,512002,0,512002,40985
cstone,d7fddfb4f8d8ada0eb1a65d1a450a66c8cbd794c,direct,octree_leafcount,flyby,9,615,615,0.7325440049,0.2380480021,0.9719359875,1.028906,1,0,5,41137,35995,17,17,9672,26.87039867,14.22425337,512002,0,512002,41137
cstone,d7fddfb4f8d8ada0eb1a65d1a450a66c8cbd794c,direct,octree_leafcount,flyby,9,616,616,0.6728960276,0.2661440074,0.9403520226,1.00025,1,0,4,41249,36093,17,17,9633,26.68938575,14.18563156,512002,0,512002,41249
cstone,d7fddfb4f8d8ada0eb1a65d1a450a66c8cbd794c,direct,octree_leafcount,flyby,9,617,617,0.8016639948,0.2344319969,1.037439942,1.093767,1,0,6,41361,36191,17,17,9604,26.53698433,14.14721892,512002,0,512002,41361
cstone,d7fddfb4f8d8ada0eb1a65d1a450a66c8cbd794c,direct,octree_leafcount,flyby,9,618,618,0.7440320253,0.2196480036,0.9650239944,1.027471,1,0,5,41225,36072,17,17,9642,26.72987359,14.19389,512002,0,512002,41225
cstone,d7fddfb4f8d8ada0eb1a65d1a450a66c8cbd794c,direct,octree_leafcount,flyby,9,619,619,0.739552021,0.2216639966,0.962559998,1.021194,1,0,5,40969,35848,17,17,9566,26.68489177,14.28258201,512002,0,512002,40969
cstone,d7fddfb4f8d8ada0eb1a65d1a450a66c8cbd794c,direct,octree_leafcount,flyby,9,620,620,0.8041279912,0.2349759936,1.04044795,1.095867,1,0,6,41001,35876,17,17,9591,26.73374958,14.27143494,512002,0,512002,41001
cstone,d7fddfb4f8d8ada0eb1a65d1a450a66c8cbd794c,direct,octree_leafcount,flyby,9,621,621,0.7382400036,0.2441920042,0.9837759733,1.04385,1,0,5,41137,35995,17,17,9556,26.54813168,14.22425337,512002,0,512002,41137
cstone,d7fddfb4f8d8ada0eb1a65d1a450a66c8cbd794c,direct,octree_leafcount,flyby,9,622,622,0.6587520242,0.2298559994,0.8899199963,0.951491,1,0,4,40985,35862,17,17,9458,26.37331995,14.2770063,512002,0,512002,40985
cstone,d7fddfb4f8d8ada0eb1a65d1a450a66c8cbd794c,direct,octree_leafcount,flyby,9,623,623,0.8273280263,0.2472639978,1.075904012,1.135511,1,0,6,41153,36009,17,17,9636,26.75997667,14.2187231,512002,0,512002,41153
cstone,d7fddfb4f8d8ada0eb1a65d1a450a66c8cbd794c,direct,octree_leafcount,flyby,9,624,624,0.7296640277,0.2114239931,0.9424319863,1.001948,1,0,5,40689,35603,17,17,9403,26.41069573,14.38086678,512002,0,512002,40689
cstone,d7fddfb4f8d8ada0eb1a65d1a450a66c8cbd794c,direct,octree_leafcount,flyby,9,625,625,0.8080319762,0.2411199957,1.050464034,1.106872,1,0,6,41009,35883,17,17,9428,26.2742803,14.26865089,512002,0,512002,41009
cstone,d7fddfb4f8d8ada0eb1a65d1a450a66c8cbd794c,direct,octree_leafcount,flyby,9,626,626,0.7491520047,0.2503359914,1.000831962,1.062529,1,0,5,41057,35925,17,17,9476,26.37717467,14.25196938,512002,0,512002,41057
cstone,d7fddfb4f8d8ada0eb1a65d1a450a66c8cbd794c,direct,octree_leafcount,flyby,9,627,627,0.7432000041,0.2155199945,0.9600319862,1.017196,1,0,5,40737,35645,17,17,9331,26.17758451,14.36392201,512002,0,512002,40737
cstone,d7fddfb4f8d8ada0eb1a65d1a450a66c8cbd794c,direct,octree_leafcount,flyby,9,628,628,0.8029440045,0.233536005,1.037824035,1.091595,1,0,6,40873,35764,17,17,9514,26.60216978,14.31612795,512002,0,512002,40873
cstone,d7fddfb4f8d8ada0eb1a65d1a450a66c8cbd794c,direct,octree_leafcount,flyby,9,629,629,0.6578239799,0.2104000002,0.8696640134,0.925382,1,0,4,40841,35736,17,17,9394,26.28721737,14.32734497,512002,0,512002,40841
cstone,d7fddfb4f8d8ada0eb1a65d1a450a66c8cbd794c,direct,octree_leafcount,flyby,9,630,630,0.7465919852,0.2483199984,0.9962239861,1.056324,1,0,5,41129,35988,17,17,9482,26.34767145,14.22702012,512002,0,512002,41129
cstone,d7fddfb4f8d8ada0eb1a65d1a450a66c8cbd794c,direct,octree_leafcount,flyby,9,631,631,0.7947520018,0.2618559897,1.057919979,1.121162,1,0,6,41177,36030,17,17,9589,26.61393283,14.21043575,512002,0,512002,41177
cstone,d7fddfb4f8d8ada0eb1a65d1a450a66c8cbd794c,direct,octree_leafcount,flyby,9,632,632,0.6578879952,0.2237119973,0.8829439878,0.944768,1,0,4,41001,35876,17,17,9297,25.91426023,14.27143494,512002,0,512002,41001
cstone,d7fddfb4f8d8ada0eb1a65d1a450a66c8cbd794c,direct,octree_leafcount,flyby,9,633,633,0.7415360212,0.218592003,0.9614400268,1.019258,1,0,5,40897,35785,17,17,9576,26.75981557,14.3077267,512002,0,512002,40897
cstone,d7fddfb4f8d8ada0eb1a65d1a450a66c8cbd794c,direct,octree_leafcount,flyby,9,634,634,0.819584012,0.240575999,1.061504006,1.118283,1,0,6,41009,35883,17,17,9404,26.20739626,14.26865089,512002,0,512002,41009
cstone,d7fddfb4f8d8ada0eb1a65d1a450a66c8cbd794c,direct,octree_leafcount,flyby,9,635,635,0.6603839993,0.2386559993,0.9003840089,0.957836,1,0,4,41345,36177,17,17,9480,26.20449457,14.1526937,512002,0,512002,41345
cstone,d7fddfb4f8d8ada0eb1a65d1a450a66c8cbd794c,direct,octree_leafcount,flyby,9,636,636,0.7394559979,0.2165119946,0.9572799802,1.020106,1,0,5,40721,35631,17,17,9437,26.48536387,14.36956583,512002,0,512002,40721
cstone,d7fddfb4f8d8ada0eb1a65d1a450a66c8cbd794c,direct,octree_leafcount,flyby,9,637,637,0.7920960188,0.2288320065,1.022271991,1.078799,1,0,6,40801,35701,17,17,9367,26.2373603,14.341391,512002,0,512002,40801
cstone,d7fddfb4f8d8ada0eb1a65d1a450a66c8cbd794c,direct,octree_leafcount,flyby,9,638,638,0.7340160012,0.2247360051,0.9601280093,1.014836,1,0,5,40913,35799,17,17,9439,26.36665829,14.30213134,512002,0,512002,40913
cstone,d7fddfb4f8d8ada0eb1a65d1a450a66c8cbd794c,direct,octree_leafcount,flyby,9,639,639,0.6557120085,0.2189760059,0.8759999871,0.9348,1,0,4,40721,35631,17,17,9299,26.09806068,14.36956583,512002,0,512002,40721
cstone,d7fddfb4f8d8ada0eb1a65d1a450a66c8cbd794c,direct,octree_leafcount,flyby,9,640,640,0.8139200211,0.225759998,1.04102397,1.100764,1,0,6,40633,35554,17,17,9255,26.03082635,14.40068628,512002,0,512002,40633
cstone,d7fddfb4f8d8ada0eb1a65d1a450a66c8cbd794c,direct,octree_leafcount,flyby,9,641,641,0.748767972,0.2605760098,1.010687947,1.071482,1,0,5,40801,35701,17,17,9485,26.56788325,14.341391,512002,0,512002,40801
cstone,d7fddfb4f8d8ada0eb1a65d1a450a66c8cbd794c,direct,octree_leafcount,flyby,9,642,642,0.6522240043,0.2189439982,0.8725119829,0.931206,1,0,4,40617,35540,17,17,9277,26.10298255,14.40635903,512002,0,512002,40617
cstone,d7fddfb4f8d8ada0eb1a65d1a450a66c8cbd794c,direct,octree_leafcount,flyby,9,643,643,0.8040639758,0.2452159971,1.050655961,1.107574,1,0,6,40993,35869,17,17,9490,26.4573866,14.27422008,512002,0,512002,40993
cstone,d7fddfb4f8d8ada0eb1a65d1a450a66c8cbd794c,direct,octree_leafcount,flyby,9,644,644,0.7347519994,0.2142720073,0.9503679872,1.011155,1,0,5,40897,35785,17,17,9546,26.67598156,14.3077267,512002,0,512002,40897
cstone,d7fddfb4f8d8ada0eb1a65d1a450a66c8cbd794c,direct,octree_leafcount,flyby,9,645,645,0.7171519995,0.2093760073,0.9278720021,0.981712,1,0,5,40729,35638,17,17,9337,26.19956226,14.36674336,512002,0,512002,40729
cstone,d7fddfb4f8d8ada0eb1a65d1a450a66c8cbd794c,direct,octree_leafcount,flyby,9,646,646,0.8212479949,0.2503359914,1.072927952,1.132579,1,0,6,41105,35967,17,17,9661,26.86073345,14.23532683,512002,0,512002,41105
cstone,d7fddfb4f8d8ada0eb1a65d1a450a66c8cbd794c,direct,octree_leafcount,flyby,9,647,647,0.740351975,0.2119040042,0.9535679817,1.011174,1,0,5,40881,35771,17,17,9458,26.44041262,14.31332644,512002,0,512002,40881
cstone,d7fddfb4f8d8ada0eb1a65d1a450a66c8cbd794c,direct,octree_leafcount,flyby,9,648,648,0.7481600046,0.2370239943,0.9865279794,1.043467,1,0,5,41129,35988,17,17,9460,26.28653996,14.22702012,512002,0,512002,41129
cstone,d7fddfb4f8d8ada0eb1a65d1a450a66c8cbd794c,direct,octree_leafcount,flyby,9,649,649,0.7316480279,0.225759998,0.9587839842,1.013186,1,0,5,41217,36065,17,17,9535,26.43837516,14.19664495,512002,0,512002,41217
cstone,d7fddfb4f8d8ada0eb1a65d1a450a66c8cbd794c,direct,octree_leafcount,flyby,9,650,650,0.7455360293,0.2011840045,0.9480640292,1.003723,1,0,5,40913,35799,17,17,9562,26.7102433,14.30213134,512002,0,512002,40913
cstone,d7fddfb4f8d8ada0eb1a65d1a450a66c8cbd794c,direct,octree_leafcount,flyby,9,651,651,0.8026880026,0.231904,1.035935998,1.089791,1,0,6,41145,36002,17,17,9595,26.65129715,14.2214877,512002,0,512002,41145
cstone,d7fddfb4f8d8ada0eb1a65d1a450a66c8cbd794c,direct,octree_leafcount,flyby,9,652,652,0.7286720276,0.2397119999,0.969727993,1.028644,1,0,5,41233,36079,17,17,9525,26.40039912,14.19113612,512002,0,512002,41233
cstone,d7fddfb4f8d8ada0eb1a65d1a450a66c8cbd794c,direct,octree_leafcount,flyby,9,653,653,0.7459840178,0.2437440008,0.9910399914,1.050696,1,0,5,41361,36191,17,17,9539,26.35738167,14.14721892,512002,0,512002,41361
cstone,d7fddfb4f8d8ada0eb1a65d1a450a66c8cbd794c,direct,octree_leafcount,flyby,9,654,654,0.8004159927,0.2011840045,1.002943993,1.0583,1,0,6,41033,35904,17,17,9560,26.62655971,14.26030526,512002,0,512002,41033
cstone,d7fddfb4f8d8ada0eb1a65d1a450a66c8cbd794c,direct,octree_leafcount,flyby,9,655,655,0.6575999856,0.2134719938,0.8724160194,0.929591,1,0,4,40849,35743,17,17,9439,26.40796799,14.32453907,512002,0,512002,40849
cstone,d7fddfb4f8d8ada0eb1a65d1a450a66c8cbd794c,direct,octree_leafcount,flyby,9,656,656,0.755136013,0.2298559994,0.9863039851,1.0423,1,0,5,41153,36009,17,17,9579,26.60168291,14.2187231,512002,0,512002,41153
cstone,d7fddfb4f8d8ada0eb1a65d1a450a66c8cbd794c,direct,octree_leafcount,flyby,9,657,657,0.8236799836,0.2339520007,1.058943987,1.116615,1,0,6,41353,36184,17,17,9429,26.05847889,14.14995578,512002,0,512002,41353
cstone,d7fddfb4f8d8ada0eb1a65d1a450a66c8cbd794c,direct,octree_leafcount,flyby,9,658,658,0.6485120058,0.2155199945,0.8653439879,0.924583,1,0,4,40937,35820,17,17,9251,25.82635399,14.29374651,512002,0,512002,40937
cstone,d7fddfb4f8d8ada0eb1a65d1a450a66c8cbd794c,direct,octree_leafcount,flyby,9,659,659,0.738304019,0.2483520061,0.9879999757,1.046972,1,0,5,40953,35834,17,17,9435,26.3297427,14.28816208,512002,0,512002,40953
cstone,d7fddfb4f8d8ada0eb1a65d1a450a66c8cbd794c,direct,octree_leafcount,flyby,9,660,660,0.7960640192,0.2001599967,0.9975360036,1.056782,1,0,6,40825,35722,17,17,9344,26.15754997,14.33296008,512002,0,512002,40825
cstone,d7fddfb4f8d8ada0eb1a65d1a450a66c8cbd794c,direct,octree_leafcount,flyby,9,661,661,0.7364799976,0.2308800071,0.9687359929,1.024782,1,0,5,40977,35855,17,17,9401,26.21949519,14.27979361,512002,0,512002,40977
cstone,d7fddfb4f8d8ada0eb1a65d1a450a66c8cbd794c,direct,octree_leafcount,flyby,9,662,662,0.651647985,0.2052800059,0.8582400084,0.913592,1,0,4,40609,35533,17,17,9406,26.47116765,14.40919708,512002,0,512002,40609
cstone,d7fddfb4f8d8ada0eb1a65d1a450a66c8cbd794c,direct,octree_leafcount,flyby,9,663,663,0.7899839878,0.2155199945,1.00681603,1.056664,1,0,6,40921,35806,17,17,9316,26.01798581,14.29933531,512002,0,512002,40921
cstone,d7fddfb4f8d8ada0eb1a65d1a450a66c8cbd794c,direct,octree_leafcount,flyby,9,664,664,0.7323200107,0.1929920018,0.9266560078,0.979953,1,0,5,40761,35666,17,17,9364,26.25469635,14.35546459,512002,0,512002,40761
cstone,d7fddfb4f8d8ada0eb1a65d1a450a66c8cbd794c,direct,octree_leafcount,flyby,9,665,665,0.6527680159,0.2221439928,0.8762559891,0.930343,1,0,4,40777,35680,17,17,9240,25.89686099,14.34983184,512002,0,512002,40777
cstone,d7fddfb4f8d8ada0eb1a65d1a450a66c8cbd794c,direct,octree_leafcount,flyby,9,666,666,0.7900800109,0.2226880044,1.014080048,1.065738,1,0,6,41033,35904,17,17,9258,25.78542781,14.26030526,512002,0,512002,41033
cstone,d7fddfb4f8d8ada0eb1a65d1a450a66c8cbd794c,direct,octree_leafcount,flyby,9,667,667,0.7235519886,0.1899199933,0.9148160219,0.964417,1,0,5,40745,35652,17,17,9339,26.19488388,14.36110176,512002,0,512002,40745
cstone,d7fddfb4f8d8ada0eb1a65d1a450a66c8cbd794c,direct,octree_leafcount,flyby,9,668,668,0.6588479877,0.2165440023,0.8767039776,0.931949,1,0,4,40849,35743,17,17,9384,26.25409171,14.32453907,512002,0,512002,40849
cstone,d7fddfb4f8d8ada0eb1a65d1a450a66c8cbd794c,direct,octree_leafcount,flyby,9,669,669,0.8035519719,0.2226880044,1.027711987,1.079269,1,0,6,41265,36107,17,17,9497,26.30237904,14.18013128,512002,0,512002,41265
cstone,d7fddfb4f8d8ada0eb1a65d1a450a66c8cbd794c,direct,octree_leafcount,flyby,9,670,670,0.7323840261,0.2259200066,0.9596480131,1.013464,1,0,5,41281,36121,17,17,9483,26.25342598,14.17463525,512002,0,512002,41281
cstone,d7fddfb4f8d8ada0eb1a65d1a450a66c8cbd794c,direct,octree_leafcount,flyby,9,671,671,0.7190399766,0.1996800005,0.9200639725,0.973721,1,0,5,41033,35904,17,17,9335,25.99988859,14.26030526,512002,0,512002,41033
cstone,d7fddfb4f8d8ada0eb1a65d1a450a66c8cbd794c,direct,octree_leafcount,flyby,9,672,672,0.802143991,0.2083519995,1.011808038,1.068081,1,0,6,40929,35813,17,17,9384,26.20277553,14.29654036,512002,0,512002,40929
cstone,d7fddfb4f8d8ada0eb1a65d1a450a66c8cbd794c,direct,octree_leafcount,flyby,9,673,673,0.7210559845,0.2278079987,0.9502080083,1.004571,1,0,5,41009,35883,17,17,9442,26.31329599,14.26865089,512002,0,512002,41009
cstone,d7fddfb4f8d8ada0eb1a65d1a450a66c8cbd794c,direct,octree_leafcount,flyby,9,674,674,0.7967680097,0.2282560021,1.026368022,1.081207,1,0,6,41201,36051,17,17,9452,26.2184128,14.20215805,512002,0,512002,41201
cstone,d7fddfb4f8d8ada0eb1a65d1a450a66c8cbd794c,direct,octree_leafcount,flyby,9,675,675,0.7254400253,0.2155199945,0.9423040152,1.002641,1,0,5,41097,35960,17,17,9424,26.20689655,14.23809789,512002,0,512002,41097
cstone,d7fddfb4f8d8ada0eb1a65d1a450a66c8cbd794c,direct,octree_leafcount,flyby,9,676,676,0.7306879759,0.2107840031,0.9427840114,1.00071,1,0,5,40761,35666,17,17,9345,26.20142433,14.35546459,512002,0,512002,40761
cstone,d7fddfb4f8d8ada0eb1a65d1a450a66c8cbd794c,direct,octree_leafcount,flyby,9,677,677,0.8005120158,0.2278079987,1.029760003,1.082713,1,0,6,40873,35764,17,17,9493,26.54345152,14.31612795,512002,0,512002,40873
cstone,d7fddfb4f8d8ada0eb1a65d1a450a66c8cbd794c,direct,octree_leafcount,flyby,9,678,678,0.7216640115,0.2216639966,0.9446719885,1.004197,1,0,5,40793,35694,17,17,9334,26.15005323,14.34420351,512002,0,512002,40793
cstone,d7fddfb4f8d8ada0eb1a65d1a450a66c8cbd794c,direct,octree_leafcount,flyby,9,679,679,0.7445440292,0.2473919988,0.9932799935,1.054232,1,0,5,40841,35736,17,17,9404,26.31520036,14.32734497,512002,0,512002,40841
cstone,d7fddfb4f8d8ada0eb1a65d1a450a66c8cbd794c,direct,octree_leafcount,flyby,9,680,680,0.8073279858,0.2360000014,1.044639945,1.107015,1,0,6,40833,35729,17,17,9543,26.70939573,14.33015198,512002,0,512002,40833
cstone,d7fddfb4f8d8ada0eb1a65d1a450a66c8cbd794c,direct,octree_leafcount,flyby,9,681,681,0.6706560254,0.2643199861,0.9363200068,0.998311,1,0,4,40953,35834,17,17,9381,26.17904783,14.28816208,512002,0,512002,40953
cstone,d7fddfb4f8d8ada0eb1a65d1a450a66c8cbd794c,direct,octree_leafcount,flyby,9,682,682,0.7356799841,0.2395839989,0.9766079783,1.035228,1,0,5,41065,35932,17,17,9569,26.63085829,14.24919292,512002,0,512002,41065
cstone,d7fddfb4f8d8ada0eb1a65d1a450a66c8cbd794c,direct,octree_leafcount,flyby,9,683,683,0.7875519991,0.2206400037,1.009536028,1.063433,1,0,6,41289,36128,17,17,9507,26.31476971,14.17188884,512002,0,512002,41289
cstone,d7fddfb4f8d8ada0eb1a65d1a450a66c8cbd794c,direct,octree_leafcount,flyby,9,684,684,0.6489279866,0.207039997,0.8573120236,0.914286,1,0,4,40793,35694,17,17,9322,26.11643413,14.34420351,512002,0,512002,40793
cstone,d7fddfb4f8d8ada0eb1a65d1a450a66c8cbd794c,direct,octree_leafcount,flyby,9,685,685,0.7413439751,0.250880003,0.9935359955,1.053743,1,0,5,41033,35904,17,17,9503,26.46780303,14.26030526,512002,0,512002,41033
cstone,d7fddfb4f8d8ada0eb1a65d1a450a66c8cbd794c,direct,octree_leafcount,flyby,9,686,686,0.8070719838,0.240575999,1.048992038,1.10676,1,0,6,41265,36107,17,17,9403,26.04204171,14.18013128,512002,0,512002,41265
cstone,d7fddfb4f8d8ada0eb1a65d1a450a66c8cbd794c,direct,octree_leafcount,flyby,9,687,687,0.6601600051,0.2452159971,0.9067199826,0.965496,1,0,4,41313,36149,17,17,9361,25.89559877,14.16365598,512002,0,512002,41313
cstone,d7fddfb4f8d8ada0eb1a65d1a450a66c8cbd794c,direct,octree_leafcount,flyby,9,688,688,0.721759975,0.2215359956,0.9446399808,1.004397,1,0,5,40921,35806,17,17,9375,26.18276267,14.29933531,512002,0,512002,40921
cstone,d7fddfb4f8d8ada0eb1a65d1a450a66c8cbd794c,direct,octree_leafcount,flyby,9,689,689,0.7906879783,0.220096007,1.012096047,1.070307,1,0,6,40761,35666,17,17,9326,26.1481523,14.35546459,512002,0,512002,40761
cstone,d7fddfb4f8d8ada0eb1a65d1a450a66c8cbd794c,direct,octree_leafcount,flyby,9,690,690,0.7437760234,0.2461120039,0.9911999702,1.052745,1,0,5,41177,36030,17,17,9478,26.30585623,14.21043575,512002,0,512002,41177
cstone,d7fddfb4f8d8ada0eb1a65d1a450a66c8cbd794c,direct,octree_leafcount,flyby,9,691,691,0.6548799872,0.2247360051,0.8809279799,0.937622,1,0,4,41081,35946,17,17,9394,26.13364491,14.24364324,512002,0,512002,41081
cstone,d7fddfb4f8d8ada0eb1a65d1a450a66c8cbd794c,direct,octree_leafcount,flyby,9,692,692,0.8076159954,0.237056002,1.046048045,1.102511,1,0,6,41217,36065,17,17,9286,25.74795508,14.19664495,512002,0,512002,41217
cstone,d7fddfb4f8d8ada0eb1a65d1a450a66c8cbd794c,direct,octree_leafcount,flyby,9,693,693,0.7392640114,0.2055040002,0.9461119771,1.001637,1,0,5,41137,35995,17,17,9489,26.36199472,14.22425337,512002,0,512002,41137
cstone,d7fddfb4f8d8ada0eb1a65d1a450a66c8cbd794c,direct,octree_leafcount,flyby,9,694,694,0.6558399796,0.2120960057,0.8692799807,0.927279,1,0,4,41001,35876,17,17,9297,25.91426023,14.27143494,512002,0,512002,41001
cstone,d7fddfb4f8d8ada0eb1a65d1a450a66c8cbd794c,direct,octree_leafcount,flyby,9,695,695,0.8231679797,0.2547520101,1.079231977,1.141417,1,0,6,41281,36121,17,17,9410,26.05132748,14.17463525,512002,0,512002,41281
cstone,d7fddfb4f8d8ada0eb1a65d1a450a66c8cbd794c,direct,octree_leafcount,flyby,9,696,696,0.7389119864,0.2206400037,0.9608640075,1.020725,1,0,5,40897,35785,17,17,9299,25.98574822,14.3077267,512002,0,512002,40897
cstone,d7fddfb4f8d8ada0eb1a65d1a450a66c8cbd794c,direct,octree_leafcount,flyby,9,697,697,0.7346240282,0.2241919935,0.960160017,1.020608,1,0,5,40745,35652,17,17,9109,25.54975878,14.36110176,512002,0,512002,40745
cstone,d7fddfb4f8d8ada0eb1a65d1a450a66c8cbd794c,direct,octree_leafcount,flyby,9,698,698,0.815328002,0.2446399927,1.061280012,1.120643,1,0,6,41001,35876,17,17,9342,26.03969227,14.27143494,512002,0,512002,41001
cstone,d7fddfb4f8d8ada0eb1a65d1a450a66c8cbd794c,direct,octree_leafcount,flyby,9,699,699,0.7432640195,0.2586239874,1.003200054,1.061974,1,0,5,41185,36037,17,17,9384,26.03990343,14.20767544,512002,0,512002,41185
cstone,d7fddfb4f8d8ada0eb1a65d1a450a66c8cbd794c,direct,octree_leafcount,flyby,9,700,700,0.7477759719,0.2329279929,0.9820479751,1.04384,1,0,5,40617,35540,17,17,9133,25.69780529,14.40635903,512002,0,512002,40617
cstone,d7fddfb4f8d8ada0eb1a65d1a450a66c8cbd794c,direct,octree_leafcount,flyby,9,701,701,0.819231987,0.2320960015,1.052639961,1.108658,1,0,6,40705,35617,17,17,9389,26.36100738,14.37521408,512002,0,512002,40705
cstone,d7fddfb4f8d8ada0eb1a65d1a450a66c8cbd794c,direct,octree_leafcount,flyby,9,702,702,0.7322239876,0.2165440023,0.9501119852,1.001933,1,0,5,41001,35876,17,17,9325,25.99230683,14.27143494,512002,0,512002,41001
cstone,d7fddfb4f8d8ada0eb1a65d1a450a66c8cbd794c,direct,octree_leafcount,flyby,9,703,703,0.8085759878,0.2198719978,1.029760003,1.081062,1,0,6,41089,35953,17,17,9264,25.76697355,14.24087002,512002,0,512002,41089
cstone,d7fddfb4f8d8ada0eb1a65d1a450a66c8cbd794c,direct,octree_leafcount,flyby,9,704,704,0.720255971,0.2149759978,0.9365760088,0.987809,1,0,5,41113,35974,17,17,9320,25.90759993,14.23255685,512002,0,512002,41113
cstone,d7fddfb4f8d8ada0eb1a65d1a450a66c8cbd794c,direct,octree_leafcount,flyby,9,705,705,0.7445759773,0.2124480009,0.9583359957,1.01516,1,0,5,40721,35631,17,17,9233,25.91282872,14.36956583,512002,0,512002,40721
cstone,d7fddfb4f8d8ada0eb1a65d1a450a66c8cbd794c,direct,octree_leafcount,flyby,9,706,706,0.7906559706,0.2278079987,1.019808054,1.073408,1,0,6,40929,35813,17,17,9354,26.11900706,14.29654036,512002,0,512002,40929
cstone,d7fddfb4f8d8ada0eb1a65d1a450a66c8cbd794c,direct,octree_leafcount,flyby,9,707,707,0.6582080126,0.2573759854,0.9168959856,0.976871,1,0,4,41089,35953,17,17,9209,25.61399605,14.24087002,512002,0,512002,41089
cstone,d7fddfb4f8d8ada0eb1a65d1a450a66c8cbd794c,direct,octree_leafcount,flyby,9,708,708,0.7471039891,0.2160000056,0.9644479752,1.021665,1,0,5,40593,35519,17,17,9088,25.58630592,14.41487654,512002,0,512002,40593
cstone,d7fddfb4f8d8ada0eb1a65d1a450a66c8cbd794c,direct,octree_leafcount,flyby,9,709,709,0.7833920121,0.2288320065,1.013568044,1.068828,1,0,6,40785,35687,17,17,9283,26.01227338,14.34701712,512002,0,512002,40785
cstone,d7fddfb4f8d8ada0eb1a65d1a450a66c8cbd794c,direct,octree_leafcount,flyby,9,710,710,0.6497280002,0.2093760073,0.8604480028,0.917795,1,0,4,40609,35533,17,17,9149,25.74789632,14.40919708,512002,0,512002,40609
cstone,d7fddfb4f8d8ada0eb1a65d1a450a66c8cbd794c,direct,octree_leafcount,flyby,9,711,711,0.742208004,0.231904,0.9754559994,1.030739,1,0,5,40769,35673,17,17,9254,25.94118801,14.35264766,512002,0,512002,40769
cstone,d7fddfb4f8d8ada0eb1a65d1a450a66c8cbd794c,direct,octree_leafcount,flyby,9,712,712,0.8019199967,0.2329279929,1.03619206,1.091444,1,0,6,40881,35771,17,17,9183,25.67163345,14.31332644,512002,0,512002,40881
cstone,d7fddfb4f8d8ada0eb1a65d1a450a66c8cbd794c,direct,octree_leafcount,flyby,9,713,713,0.7120320201,0.2134719938,0.9268479943,0.984796,1,0,5,40345,35302,17,17,8955,25.36683474,14.50348422,512002,0,512002,40345
cstone,d7fddfb4f8d8ada0eb1a65d1a450a66c8cbd794c,direct,octree_leafcount,flyby,9,714,714,0.7408000231,0.2308800071,0.972992003,1.027835,1,0,5,40393,35344,17,17,9154,25.89972838,14.48624943,512002,0,512002,40393
cstone,d7fddfb4f8d8ada0eb1a65d1a450a66c8cbd794c,direct,octree_leafcount,flyby,9,715,715,0.8119680285,0.239071995,1.052351952,1.111314,1,0,6,40513,35449,17,17,9070,25.5860532,14.44334114,512002,0,512002,40513
cstone,d7fddfb4f8d8ada0eb1a65d1a450a66c8cbd794c,direct,octree_leafcount,flyby,9,716,716,0.6621440053,0.2354560047,0.8989120126,0.955548,1,0,4,40857,35750,17,17,9057,25.33426573,14.32173427,512002,0,512002,40857
cstone,d7fddfb4f8d8ada0eb1a65d1a450a66c8cbd794c,direct,octree_leafcount,flyby,9,717,717,0.7409920096,0.2022079974,0.9445120096,0.998088,1,0,5,40665,35582,17,17,9210,25.88387387,14.38935417,512002,0,512002,40665
cstone,d7fddfb4f8d8ada0eb1a65d1a450a66c8cbd794c,direct,octree_leafcount,flyby,9,718,718,0.8020160198,0.227264002,1.030591965,1.085798,1,0,6,40841,35736,17,17,9168,25.65480188,14.32734497,512002,0,512002,40841
cstone,d7fddfb4f8d8ada0eb1a65d1a450a66c8cbd794c,direct,octree_leafcount,flyby,9,719,719,0.8124160171,0.2160000056,1.029760003,1.078588,1,0,6,40905,35792,17,17,9175,25.63421994,14.30492848,512002,0,512002,40905
cstone,d7fddfb4f8d8ada0eb1a65d1a450a66c8cbd794c,direct,octree_leafcount,flyby,9,720,720,0.7170559764,0.2134719938,0.9318400025,0.988323,1,0,5,40601,35526,17,17,9157,25.77548837,14.41203626,512002,0,512002,40601
cstone,d7fddfb4f8d8ada0eb1a65d1a450a66c8cbd794c,direct,octree_leafcount,flyby,9,721,721,0.8025599718,0.2398719937,1.043776035,1.100547,1,0,6,40745,35652,17,17,9032,25.33378212,14.36110176,512002,0,512002,40745
cstone,d7fddfb4f8d8ada0eb1a65d1a450a66c8cbd794c,direct,octree_leafcount,flyby,9,722,722,0.7336959839,0.2329279929,0.9679359794,1.024341,1,0,5,40945,35827,17,17,9293,25.93853797,14.29095375,512002,0,512002,40945
cstone,d7fddfb4f8d8ada0eb1a65d1a450a66c8cbd794c,direct,octree_leafcount,flyby,9,723,723,0.6575679779,0.2001599967,0.8632000089,0.91743,1,0,4,40881,35771,17,17,9093,25.42003299,14.31332644,512002,0,512002,40881
cstone,d7fddfb4f8d8ada0eb1a65d1a450a66c8cbd794c,direct,octree_leafcount,flyby,9,724,724,0.804895997,0.2165440023,1.022752047,1.081099,1,0,6,40785,35687,17,17,9071,25.41821952,14.34701712,512002,0,512002,40785
cstone,d7fddfb4f8d8ada0eb1a65d1a450a66c8cbd794c,direct,octree_leafcount,flyby,9,725,725,0.7392960191,0.2258560061,0.9676160216,1.021902,1,0,5,40873,35764,17,17,9196,25.71300749,14.31612795,512002,0,512002,40873
cstone,d7fddfb4f8d8ada0eb1a65d1a450a66c8cbd794c,direct,octree_leafcount,flyby,9,726,726,0.6438080072,0.184799999,0.8299520016,0.880411,1,0,4,40625,35547,17,17,9063,25.49582243,14.4035221,512002,0,512002,40625
cstone,d7fddfb4f8d8ada0eb1a65d1a450a66c8cbd794c,direct,octree_leafcount,flyby,9,727,727,0.8201599717,0.2175679952,1.039423943,1.088664,1,0,6,41017,35890,17,17,9206,25.65059905,14.26586793,512002,0,512002,41017
cstone,d7fddfb4f8d8ada0eb1a65d1a450a66c8cbd794c,direct,octree_leafcount,flyby,9,728,728,0.7447680235,0.1945919991,0.9406719804,0.995761,1,0,5,40961,35841,17,17,9235,25.76658017,14.2853715,512002,0,512002,40961
cstone,d7fddfb4f8d8ada0eb1a65d1a450a66c8cbd794c,direct,octree_leafcount,flyby,9,729,729,0.653504014,0.2092799991,0.8640959859,0.92155,1,0,4,40601,35526,17,17,9057,25.49400439,14.41203626,512002,0,512002,40601
cstone,d7fddfb4f8d8ada0eb1a65d1a450a66c8cbd794c,direct,octree_leafcount,flyby,9,730,730,0.8221439719,0.2370239943,1.060479999,1.114919,1,0,6,40785,35687,17,17,9261,25.95062628,14.34701712,512002,0,512002,40785
cstone,d7fddfb4f8d8ada0eb1a65d1a450a66c8cbd794c,direct,octree_leafcount,flyby,9,731,731,0.7431679964,0.2211199999,0.9656320214,1.023451,1,0,5,40737,35645,17,17,9147,25.66138308,14.36392201,512002,0,512002,40737
cstone,d7fddfb4f8d8ada0eb1a65d1a450a66c8cbd794c,direct,octree_leafcount,flyby,9,732,732,0.735296011,0.2252160013,0.9618239999,1.01586,1,0,5,40825,35722,17,17,9111,25.50529086,14.33296008,512002,0,512002,40825
cstone,d7fddfb4f8d8ada0eb1a65d1a450a66c8cbd794c,direct,octree_leafcount,flyby,9,733,733,0.8095679879,0.2513599992,1.062271953,1.122406,1,0,6,40849,35743,17,17,9262,25.91276614,14.32453907,512002,0,512002,40849
cstone,d7fddfb4f8d8ada0eb1a65d1a450a66c8cbd794c,direct,octree_leafcount,flyby,9,734,734,0.7508479953,0.220607996,0.9728000164,1.03612,1,0,5,40809,35708,17,17,9248,25.89895822,14.33857959,512002,0,512002,40809
cstone,d7fddfb4f8d8ada0eb1a65d1a450a66c8cbd794c,direct,octree_leafcount,flyby,9,735,735,0.8134400249,0.2431679964,1.057952046,1.118369,1,0,6,40993,35869,17,17,9271,25.84683153,14.27422008,512002,0,512002,40993
cstone,d7fddfb4f8d8ada0eb1a65d1a450a66c8cbd794c,direct,octree_leafcount,flyby,9,736,736,0.7202240229,0.2124799937,0.9340800047,0.992808,1,0,5,40665,35582,17,17,9155,25.72930133,14.38935417,512002,0,512002,40665
cstone,d7fddfb4f8d8ada0eb1a65d1a450a66c8cbd794c,direct,octree_leafcount,flyby,9,737,737,0.7455679774,0.2160000056,0.9629120231,1.021966,1,0,5,40625,35547,17,17,9167,25.78839283,14.4035221,512002,0,512002,40625
cstone,d7fddfb4f8d8ada0eb1a65d1a450a66c8cbd794c,direct,octree_leafcount,flyby,9,738,738,0.7972800136,0.2329279929,1.031551957,1.087855,1,0,6,41097,35960,17,17,9303,25.87041157,14.23809789,512002,0,512002,41097
cstone,d7fddfb4f8d8ada0eb1a65d1a450a66c8cbd794c,direct,octree_leafcount,flyby,9,739,739,0.6572160125,0.2175360024,0.8760640025,0.934681,1,0,4,40881,35771,17,17,9090,25.41164631,14.31332644,512002,0,512002,40881
cstone,d7fddfb4f8d8ada0eb1a65d1a450a66c8cbd794c,direct,octree_leafcount,flyby,9,740,740,0.7364479899,0.2159679979,0.9537280202,1.012815,1,0,5,40857,35750,17,17,9140,25.56643357,14.32173427,512002,0,512002,40857
cstone,d7fddfb4f8d8ada0eb1a65d1a450a66c8cbd794c,direct,octree_leafcount,flyby,9,741,741,0.7976959944,0.231904,1.030912042,1.085541,1,0,6,40937,35820,17,17,9306,25.9798995,14.29374651,512002,0,512002,40937
cstone,d7fddfb4f8d8ada0eb1a65d1a450a66c8cbd794c,direct,octree_leafcount,flyby,9,742,742,0.6688320041,0.2206400037,0.8908159733,0.951513,1,0,4,40817,35715,17,17,9105,25.49349013,14.33576928,512002,0,512002,40817
cstone,d7fddfb4f8d8ada0eb1a65d1a450a66c8cbd794c,direct,octree_leafcount,flyby,9,743,743,0.7552000284,0.252384007,1.008927941,1.069085,1,0,5,41145,36002,17,17,9311,25.86245209,14.2214877,512002,0,512002,41145
cstone,d7fddfb4f8d8ada0eb1a65d1a450a66c8cbd794c,direct,octree_leafcount,flyby,9,744,744,0.8066239953,0.2375040054,1.045439959,1.106884,1,0,6,41033,35904,17,17,9300,25.90240642,14.26030526,512002,0,512002,41033
cstone,d7fddfb4f8d8ada0eb1a65d1a450a66c8cbd794c,direct,octree_leafcount,flyby,9,745,745,0.655807972,0.2216639966,0.8788160086,0.940454,1,0,4,40769,35673,17,17,9168,25.70010933,14.35264766,512002,0,512002,40769
cstone,d7fddfb4f8d8ada0eb1a65d1a450a66c8cbd794c,direct,octree_leafcount,flyby,9,746,746,0.7462080121,0.2370239943,0.9845759869,1.04495,1,0,5,40833,35729,17,17,9345,26.15522405,14.33015198,512002,0,512002,40833
cstone,d7fddfb4f8d8ada0eb1a65d1a450a66c8cbd794c,direct,octree_leafcount,flyby,9,747,747,0.7888000011,0.2344640046,1.024608016,1.078688,1,0,6,40857,35750,17,17,9227,25.80979021,14.32173427,512002,0,512002,40857
cstone,d7fddfb4f8d8ada0eb1a65d1a450a66c8cbd794c,direct,octree_leafcount,flyby,9,748,748,0.6659520268,0.2063039988,0.8736000061,0.929101,1,0,4,40857,35750,17,17,9080,25.3986014,14.32173427,512002,0,512002,40857
cstone,d7fddfb4f8d8ada0eb1a65d1a450a66c8cbd794c,direct,octree_leafcount,flyby,9,749,749,0.7420799732,0.2143999934,0.9578239918,1.014232,1,0,5,40833,35729,17,17,9304,26.04047133,14.33015198,512002,0,512002,40833
cstone,d7fddfb4f8d8ada0eb1a65d1a450a66c8cbd794c,direct,octree_leafcount,flyby,9,750,750,0.8253440261,0.2158080041,1.042464018,1.100094,1,0,6,40665,35582,17,17,9192,25.83328649,14.38935417,512002,0,512002,40665
cstone,d7fddfb4f8d8ada0eb1a65d1a450a66c8cbd794c,direct,octree_leafcount,flyby,9,751,751,0.7434880137,0.2437759936,0.988575995,1.047371,1,0,5,41041,35911,17,17,9251,25.76090891,14.25752555,512002,0,512002,41041
cstone,d7fddfb4f8d8ada0eb1a65d1a450a66c8cbd794c,direct,octree_leafcount,flyby,9,752,752,0.6647040248,0.2236800045,0.8897280097,0.951589,1,0,4,40889,35778,17,17,9174,25.64145564,14.31052602,512002,0,512002,40889
cstone,d7fddfb4f8d8ada0eb1a65d1a450a66c8cbd794c,direct,octree_leafcount,flyby,9,753,753,0.8054720163,0.2216639966,1.028480053,1.088784,1,0,6,40649,35568,17,17,9176,25.79847054,14.39501799,512002,0,512002,40649
cstone,d7fddfb4f8d8ada0eb1a65d1a450a66c8cbd794c,direct,octree_leafcount,flyby,9,754,754,0.7354879975,0.2299840003,0.9667840004,1.022664,1,0,5,40673,35589,17,17,9350,26.27216275,14.38652393,512002,0,512002,40673
cstone,d7fddfb4f8d8ada0eb1a65d1a450a66c8cbd794c,direct,octree_leafcount,flyby,9,755,755,0.6607999802,0.2472639978,0.9093760252,0.967783,1,0,4,40937,35820,17,17,9259,25.84868788,14.29374651,512002,0,512002,40937
cstone,d7fddfb4f8d8ada0eb1a65d1a450a66c8cbd794c,direct,octree_leafcount,flyby,9,756,756,0.8093439937,0.2267840058,1.03747201,1.094099,1,0,6,41153,36009,17,17,9228,25.6269266,14.2187231,512002,0,512002,41153
cstone,d7fddfb4f8d8ada0eb1a65d1a450a66c8cbd794c,direct,octree_leafcount,flyby,9,757,757,0.7383999825,0.193471998,0.9332159758,0.984985,1,0,5,40793,35694,17,17,9342,26.17246596,14.34420351,512002,0,512002,40793
cstone,d7fddfb4f8d8ada0eb1a65d1a450a66c8cbd794c,direct,octree_leafcount,flyby,9,758,758,0.6477119923,0.1928959936,0.8419200182,0.893995,1,0,4,40481,35421,17,17,9145,25.81801756,14.45475848,512002,0,512002,40481
cstone,d7fddfb4f8d8ada0eb1a65d1a450a66c8cbd794c,direct,octree_leafcount,flyby,9,759,759,0.8118399978,0.2182080001,1.03136003,1.085023,1,0,6,40673,35589,17,17,9200,25.8506842,14.38652393,512002,0,512002,40673
cstone,d7fddfb4f8d8ada0eb1a65d1a450a66c8cbd794c,direct,octree_leafcount,flyby,9,760,760,0.7411199808,0.2001599967,0.9425920248,0.995171,1,0,5,40585,35512,17,17,9214,25.94615904,14.41771795,512002,0,512002,40585
cstone,d7fddfb4f8d8ada0eb1a65d1a450a66c8cbd794c,direct,octree_leafcount,flyby,9,761,761,0.6484479904,0.2040320039,0.8538240194,0.908287,1,0,4,40361,35316,17,17,8984,25.43889455,14.49773474,512002,0,512002,40361
cstone,d7fddfb4f8d8ada0eb1a65d1a450a66c8cbd794c,direct,octree_leafcount,flyby,9,762,762,0.8094080091,0.2212799937,1.031999946,1.085216,1,0,6,40809,35708,17,17,9182,25.71412569,14.33857959,512002,0,512002,40809
cstone,d7fddfb4f8d8ada0eb1a65d1a450a66c8cbd794c,direct,octree_leafcount,flyby,9,763,763,0.7327039838,0.2011840045,0.935199976,0.989622,1,0,5,40785,35687,17,17,9170,25.69563146,14.34701712,512002,0,512002,40785
cstone,d7fddfb4f8d8ada0eb1a65d1a450a66c8cbd794c,direct,octree_leafcount,flyby,9,764,764,0.7214400172,0.2032320052,0.9260159731,0.982158,1,0,5,40441,35386,17,17,8894,25.13423388,14.46905556,512002,0,512002,40441
cstone,d7fddfb4f8d8ada0eb1a65d1a450a66c8cbd794c,direct,octree_leafcount,flyby,9,765,765,0.8065599799,0.2421440035,1.050047994,1.108372,1,0,6,40601,35526,17,17,9174,25.82334065,14.41203626,512002,0,512002,40601
cstone,d7fddfb4f8d8ada0eb1a65d1a450a66c8cbd794c,direct,octree_leafcount,flyby,9,766,766,0.7330880165,0.2216639966,0.9560639858,1.008006,1,0,5,40745,35652,17,17,9120,25.58061259,14.36110176,512002,0,512002,40745
cstone,d7fddfb4f8d8ada0eb1a65d1a450a66c8cbd794c,direct,octree_leafcount,flyby,9,767,767,0.7400000095,0.2155199945,0.9568639994,1.013459,1,0,5,40513,35449,17,17,8990,25.36037688,14.44334114,512002,0,512002,40513
cstone,d7fddfb4f8d8ada0eb1a65d1a450a66c8cbd794c,direct,octree_leafcount,flyby,9,768,768,0.8042240143,0.2282879949,1.033856034,1.089502,1,0,6,40641,35561,17,17,9170,25.78667642,14.39785158,512002,0,512002,40641
cstone,d7fddfb4f8d8ada0eb1a65d1a450a66c8cbd794c,direct,octree_leafcount,flyby,9,769,769,0.7357439995,0.2064319998,0.9435200095,1.00134,1,0,5,40505,35442,17,17,9067,25.58264206,14.44619378,512002,0,512002,40505
cstone,d7fddfb4f8d8ada0eb1a65d1a450a66c8cbd794c,direct,octree_leafcount,flyby,9,770,770,0.8105279803,0.2412479967,1.053120017,1.112221,1,0,6,40785,35687,17,17,8993,25.19965253,14.34701712,512002,0,512002,40785
cstone,d7fddfb4f8d8ada0eb1a65d1a450a66c8cbd794c,direct,octree_leafcount,flyby,9,771,771,0.7311679721,0.2037120014,0.9362239838,0.992474,1,0,5,40737,35645,17,17,9041,25.36400617,14.36392201,512002,0,512002,40737
cstone,d7fddfb4f8d8ada0eb1a65d1a450a66c8cbd794c,direct,octree_leafcount,flyby,9,772,772,0.7408000231,0.2012159973,0.943359971,0.999334,1,0,5,40473,35414,17,17,8948,25.26684362,14.45761563,512002,0,512002,40473
cstone,d7fddfb4f8d8ada0eb1a65d1a450a66c8cbd794c,direct,octree_leafcount,flyby,9,773,773,0.8081920147,0.2022079974,1.011711955,1.065322,1,0,6,40425,35372,17,17,8856,25.03675223,14.47478231,512002,0,512002,40425
cstone,d7fddfb4f8d8ada0eb1a65d1a450a66c8cbd794c,direct,octree_leafcount,flyby,9,774,774,0.7297599912,0.2452159971,0.9763200283,1.031987,1,0,5,40833,35729,17,17,9002,25.19521957,14.33015198,512002,0,512002,40833
cstone,d7fddfb4f8d8ada0eb1a65d1a450a66c8cbd794c,direct,octree_leafcount,flyby,9,775,775,0.7440000176,0.2063039988,0.9517760277,1.006992,1,0,5,40713,35624,17,17,8940,25.09544128,14.3723894,512002,0,512002,40713
cstone,d7fddfb4f8d8ada0eb1a65d1a450a66c8cbd794c,direct,octree_leafcount,flyby,9,776,776,0.7991679907,0.2027519941,1.00326395,1.056616,1,0,6,40641,35561,17,17,9142,25.70793847,14.39785158,512002,0,512002,40641
cstone,d7fddfb4f8d8ada0eb1a65d1a450a66c8cbd794c,direct,octree_leafcount,flyby,9,777,777,0.6620479822,0.1991039962,0.8624960184,0.91635,1,0,4,40617,35540,17,17,8980,25.26730445,14.40635903,512002,0,512002,40617
cstone,d7fddfb4f8d8ada0eb1a65d1a450a66c8cbd794c,direct,octree_leafcount,flyby,9,778,778,0.7402240038,0.2349759936,0.9765440226,1.033501,1,0,5,40913,35799,17,17,9084,25.37501048,14.30213134,512002,0,512002,40913
cstone,d7fddfb4f8d8ada0eb1a65d1a450a66c8cbd794c,direct,octree_leafcount,flyby,9,779,779,0.8040639758,0.2052800059,1.010687947,1.065768,1,0,6,40761,35666,17,17,9105,25.52851455,14.35546459,512002,0,512002,40761
cstone,d7fddfb4f8d8ada0eb1a65d1a450a66c8cbd794c,direct,octree_leafcount,flyby,9,780,780,0.6489599943,0.1991360039,0.8494079709,0.905023,1,0,4,40633,35554,17,17,8980,25.25735501,14.40068628,512002,0,512002,40633
cstone,d7fddfb4f8d8ada0eb1a65d1a450a66c8cbd794c,direct,octree_leafcount,flyby,9,781,781,0.732032001,0.2060800046,0.939455986,0.991532,1,0,5,40833,35729,17,17,9132,25.55906966,14.33015198,512002,0,512002,40833
cstone,d7fddfb4f8d8ada0eb1a65d1a450a66c8cbd794c,direct,octree_leafcount,flyby,9,782,782,0.8183040023,0.2455359995,1.065183997,1.123298,1,0,6,41033,35904,17,17,9189,25.59324866,14.26030526,512002,0,512002,41033
cstone,d7fddfb4f8d8ada0eb1a65d1a450a66c8cbd794c,direct,octree_leafcount,flyby,9,783,783,0.6575679779,0.2253440022,0.8842560053,0.943287,1,0,4,40737,35645,17,17,9079,25.47061299,14.36392201,512002,0,512002,40737
cstone,d7fddfb4f8d8ada0eb1a65d1a450a66c8cbd794c,direct,octree_leafcount,flyby,9,784,784,0.7501119971,0.2226880044,0.9741119742,1.035334,1,0,5,40561,35491,17,17,9173,25.84598912,14.42624891,512002,0,512002,40561
cstone,d7fddfb4f8d8ada0eb1a65d1a450a66c8cbd794c,direct,octree_leafcount,flyby,9,785,785,0.8172159791,0.2431679964,1.061728001,1.118877,1,0,6,40633,35554,17,17,9113,25.63143388,14.40068628,512002,0,512002,40633
cstone,d7fddfb4f8d8ada0eb1a65d1a450a66c8cbd794c,direct,octree_leafcount,flyby,9,786,786,0.6481279731,0.2339520007,0.8834239841,0.940163,1,0,4,40681,35596,17,17,9010,25.31183279,14.3836948,512002,0,512002,40681
cstone,d7fddfb4f8d8ada0eb1a65d1a450a66c8cbd794c,direct,octree_leafcount,flyby,9,787,787,0.741952002,0.2367359996,0.9800320268,1.035968,1,0,5,40721,35631,17,17,9197,25.8117931,14.36956583,512002,0,512002,40721
cstone,d7fddfb4f8d8ada0eb1a65d1a450a66c8cbd794c,direct,octree_leafcount,flyby,9,788,788,0.8106240034,0.2462400049,1.058207989,1.117804,1,0,6,41009,35883,17,17,9145,25.485606,14.26865089,512002,0,512002,41009
cstone,d7fddfb4f8d8ada0eb1a65d1a450a66c8cbd794c,direct,octree_leafcount,flyby,9,789,789,0.7435520291,0.2099519968,0.9548799992,1.012187,1,0,5,40825,35722,17,17,9071,25.39331504,14.33296008,512002,0,512002,40825
cstone,d7fddfb4f8d8ada0eb1a65d1a450a66c8cbd794c,direct,octree_leafcount,flyby,9,790,790,0.7235519886,0.1996160001,0.924480021,0.978326,1,0,5,40545,35477,17,17,9181,25.87873834,14.43194182,512002,0,512002,40545
cstone,d7fddfb4f8d8ada0eb1a65d1a450a66c8cbd794c,direct,octree_leafcount,flyby,9,791,791,0.8042240143,0.2086080015,1.014176011,1.069881,1,0,6,40449,35393,17,17,9154,25.86387139,14.46619388,512002,0,512002,40449
cstone,d7fddfb4f8d8ada0eb1a65d1a450a66c8cbd794c,direct,octree_leafcount,flyby,9,792,792,0.7423999906,0.2349759936,0.9787200093,1.038731,1,0,5,40753,35659,17,17,9131,25.60643877,14.35828262,512002,0,512002,40753
cstone,d7fddfb4f8d8ada0eb1a65d1a450a66c8cbd794c,direct,octree_leafcount,flyby,9,793,793,0.6587200165,0.2179840058,0.8780480027,0.928694,1,0,4,40825,35722,17,17,9179,25.69564974,14.33296008,512002,0,512002,40825
cstone,d7fddfb4f8d8ada0eb1a65d1a450a66c8cbd794c,direct,octree_leafcount,flyby,9,794,794,0.7859839797,0.191967994,0.9792960286,1.03134,1,0,6,40649,35568,17,17,9077,25.52013045,14.39501799,512002,0,512002,40649
cstone,d7fddfb4f8d8ada0eb1a65d1a450a66c8cbd794c,direct,octree_leafcount,flyby,9,795,795,0.7419840097,0.2175679952,0.9608960152,1.013284,1,0,5,40761,35666,17,17,9266,25.97992486,14.35546459,512002,0,512002,40761
cstone,d7fddfb4f8d8ada0eb1a65d1a450a66c8cbd794c,direct,octree_leafcount,flyby,9,796,796,0.663680017,0.2349119931,0.8999360204,0.956536,1,0,4,40865,35757,17,17,9044,25.29294963,14.31893056,512002,0,512002,40865
cstone,d7fddfb4f8d8ada0eb1a65d1a450a66c8cbd794c,direct,octree_leafcount,flyby,9,797,797,0.80755198,0.2032320052,1.012127995,1.066516,1,0,6,40833,35729,17,17,9057,25.34915615,14.33015198,512002,0,512002,40833
cstone,d7fddfb4f8d8ada0eb1a65d1a450a66c8cbd794c,direct,octree_leafcount,flyby,9,798,798,0.7424319983,0.2370239943,0.980799973,1.038183,1,0,5,41049,35918,17,17,9219,25.66679659,14.25474692,512002,0,512002,41049
cstone,d7fddfb4f8d8ada0eb1a65d1a450a66c8cbd794c,direct,octree_leafcount,flyby,9,799,799,0.6581119895,0.2253440022,0.8847680092,0.945534,1,0,4,40729,35638,17,17,8984,25.20904652,14.36674336,512002,0,512002,40729
cstone,d7fddfb4f8d8ada0eb1a65d1a450a66c8cbd794c,direct,octree_leafcount,flyby,9,800,800,0.8244479895,0.2596479952,1.08544004,1.146284,1,0,6,41025,35897,17,17,9099,25.34752208,14.26308605,512002,0,512002,41025
cstone,d7fddfb4f8d8ada0eb1a65d1a450a66c8cbd794c,direct,octree_leafcount,flyby,9,801,801,0.7433279753,0.2185599953,0.9631999731,1.022652,1,0,5,40705,35617,17,17,9110,25.57767358,14.37521408,512002,0,512002,40705
cstone,d7fddfb4f8d8ada0eb1a65d1a450a66c8cbd794c,direct,octree_leafcount,flyby,9,802,802,0.6581439972,0.2303359956,0.8897920251,0.950752,1,0,4,40305,35267,17,17,8868,25.14531999,14.5178779,512002,0,512002,40305
cstone,d7fddfb4f8d8ada0eb1a65d1a450a66c8cbd794c,direct,octree_leafcount,flyby,9,803,803,0.8489919901,0.2710080147,1.12134397,1.185483,1,0,6,40585,35512,17,17,9012,25.37733724,14.41771795,512002,0,512002,40585
cstone,d7fddfb4f8d8ada0eb1a65d1a450a66c8cbd794c,direct,octree_leafcount,flyby,9,804,804,0.7499520183,0.2385279983,0.989823997,1.046425,1,0,5,40793,35694,17,17,9022,25.27595674,14.34420351,512002,0,512002,40793
cstone,d7fddfb4f8d8ada0eb1a65d1a450a66c8cbd794c,direct,octree_leafcount,flyby,9,805,805,0.7290560007,0.2401919961,0.9705920219,1.032921,1,0,5,40305,35267,17,17,8794,24.9354921,14.5178779,512002,0,512002,40305
cstone,d7fddfb4f8d8ada0eb1a65d1a450a66c8cbd794c,direct,octree_leafcount,flyby,9,806,806,0.8130559921,0.2558079958,1.070240021,1.131563,1,0,6,40441,35386,17,17,9010,25.46204714,14.46905556,512002,0,512002,40441
cstone,d7fddfb4f8d8ada0eb1a65d1a450a66c8cbd794c,direct,octree_leafcount,flyby,9,807,807,0.7496320009,0.225759998,0.9767360091,1.034847,1,0,5,40297,35260,17,17,8917,25.28927964,14.52076007,512002,0,512002,40297
cstone,d7fddfb4f8d8ada0eb1a65d1a450a66c8cbd794c,direct,octree_leafcount,flyby,9,808,808,0.7657279968,0.2650560141,1.032127976,1.096656,1,0,5,40553,35484,17,17,8873,25.00563634,14.4290948,512002,0,512002,40553
cstone,d7fddfb4f8d8ada0eb1a65d1a450a66c8cbd794c,direct,octree_leafcount,flyby,9,809,809,0.8226559758,0.2104640007,1.034464002,1.091542,1,0,6,40545,35477,17,17,9033,25.46156665,14.43194182,512002,0,512002,40545
cstone,d7fddfb4f8d8ada0eb1a65d1a450a66c8cbd794c,direct,octree_leafcount,flyby,9,810,810,0.7357760072,0.1985920072,0.9357119799,0.988683,1,0,5,40409,35358,17,17,9034,25.55008767,14.4805136,512002,0,512002,40409
cstone,d7fddfb4f8d8ada0eb1a65d1a450a66c8cbd794c,direct,octree_leafcount,flyby,9,811,811,0.8127040267,0.2323839962,1.046399951,1.1015,1,0,6,40873,35764,17,17,9117,25.49211498,14.31612795,512002,0,512002,40873
cstone,d7fddfb4f8d8ada0eb1a65d1a450a66c8cbd794c,direct,octree_leafcount,flyby,9,812,812,0.79648,0.1985920072,0.9964159727,1.05155,1,0,6,40681,35596,17,17,9149,25.7023261,14.3836948,512002,0,512002,40681
cstone,d7fddfb4f8d8ada0eb1a65d1a450a66c8cbd794c,direct,octree_leafcount,flyby,9,813,813,0.753279984,0.2124480009,0.96707201,1.022889,1,0,5,40537,35470,17,17,9041,25.48914576,14.43478996,512002,0,512002,40537
cstone,d7fddfb4f8d8ada0eb1a65d1a450a66c8cbd794c,direct,octree_leafcount,flyby,9,814,814,0.8049280047,0.2329279929,1.039199948,1.095149,1,0,6,40705,35617,17,17,9074,25.47659825,14.37521408,512002,0,512002,40705
cstone,d7fddfb4f8d8ada0eb1a65d1a450a66c8cbd794c,direct,octree_leafcount,flyby,9,815,815,0.7357760072,0.2139520049,0.9510719776,1.008114,1,0,5,40705,35617,17,17,9020,25.32498526,14.37521408,512002,0,512002,40705
cstone,d7fddfb4f8d8ada0eb1a65d1a450a66c8cbd794c,direct,octree_leafcount,flyby,9,816,816,0.7520959973,0.2093760073,0.9628480077,1.020431,1,0,5,40329,35288,17,17,8831,25.02550442,14.50923827,512002,0,512002,40329
cstone,d7fddfb4f8d8ada0eb1a65d1a450a66c8cbd794c,direct,octree_leafcount,flyby,9,817,817,0.8116480112,0.2237119973,1.036671996,1.091652,1,0,6,40641,35561,17,17,9050,25.44922809,14.39785158,512002,0,512002,40641
cstone,d7fddfb4f8d8ada0eb1a65d1a450a66c8cbd794c,direct,octree_leafcount,flyby,9,818,818,0.6560320258,0.2016319931,0.8590080142,0.913043,1,0,4,40561,35491,17,17,8886,25.03733341,14.42624891,512002,0,512002,40561
cstone,d7fddfb4f8d8ada0eb1a65d1a450a66c8cbd794c,direct,octree_leafcount,flyby,9,819,819,0.7373759747,0.2124480009,0.9512640238,1.010399,1,0,5,40457,35400,17,17,8857,25.01977401,14.46333333,512002,0,512002,40457
cstone,d7fddfb4f8d8ada0eb1a65d1a450a66c8cbd794c,direct,octree_leafcount,flyby,9,820,820,0.8216000199,0.2052800059,1.028223991,1.082671,1,0,6,40289,35253,17,17,9004,25.5410887,14.52364338,512002,0,512002,40289
cstone,d7fddfb4f8d8ada0eb1a65d1a450a66c8cbd794c,direct,octree_leafcount,flyby,9,821,821,0.6623359919,0.225759998,0.8894079924,0.946712,1,0,4,40457,35400,17,17,8932,25.23163842,14.46333333,512002,0,512002,40457
cstone,d7fddfb4f8d8ada0eb1a65d1a450a66c8cbd794c,direct,octree_leafcount,flyby,9,822,822,0.7388799787,0.2298559994,0.9700480103,1.025799,1,0,5,40649,35568,17,17,8993,25.28396311,14.39501799,512002,0,512002,40649
cstone,d7fddfb4f8d8ada0eb1a65d1a450a66c8cbd794c,direct,octree_leafcount,flyby,9,823,823,0.7810879946,0.2001920044,0.9836159945,1.036434,1,0,6,40473,35414,17,17,9059,25.58027899,14.45761563,512002,0,512002,40473
cstone,d7fddfb4f8d8ada0eb1a65d1a450a66c8cbd794c,direct,octree_leafcount,flyby,9,824,824,0.6539199948,0.2022079974,0.8574720025,0.910703,1,0,4,40273,35239,17,17,8877,25.19083969,14.52941343,512002,0,512002,40273
cstone,d7fddfb4f8d8ada0eb1a65d1a450a66c8cbd794c,direct,octree_leafcount,flyby,9,825,825,0.7531840205,0.2344319969,0.9889600277,1.043143,1,0,5,40641,35561,17,17,9084,25.54483845,14.39785158,512002,0,512002,40641
cstone,d7fddfb4f8d8ada0eb1a65d1a450a66c8cbd794c,direct,octree_leafcount,flyby,9,826,826,0.8149120212,0.2032320052,1.019456029,1.074739,1,0,6,40609,35533,17,17,9098,25.60436777,14.40919708,512002,0,512002,40609
cstone,d7fddfb4f8d8ada0eb1a65d1a450a66c8cbd794c,direct,octree_leafcount,flyby,9,827,827,0.6429119706,0.2042559981,0.8484799862,0.906015,1,0,4,40265,35232,17,17,8913,25.29802452,14.53230018,512002,0,512002,40265
cstone,d7fddfb4f8d8ada0eb1a65d1a450a66c8cbd794c,direct,octree_leafcount,flyby,9,828,828,0.7485759854,0.222112,0.9720320106,1.025725,1,0,5,40641,35561,17,17,9102,25.5954557,14.39785158,512002,0,512002,40641
cstone,d7fddfb4f8d8ada0eb1a65d1a450a66c8cbd794c,direct,octree_leafcount,flyby,9,829,829,0.7876480222,0.2308800071,1.019935966,1.075402,1,0,6,40705,35617,17,17,8993,25.24917876,14.37521408,512002,0,512002,40705
cstone,d7fddfb4f8d8ada0eb1a65d1a450a66c8cbd794c,direct,octree_leafcount,flyby,9,830,830,0.6552960277,0.218592003,0.8753280044,0.934873,1,0,4,40289,35253,17,17,8842,25.08155334,14.52364338,512002,0,512002,40289
cstone,d7fddfb4f8d8ada0eb1a65d1a450a66c8cbd794c,direct,octree_leafcount,flyby,9,831,831,0.7582079768,0.2482880056,1.007936001,1.065852,1,0,5,40545,35477,17,17,9155,25.80545142,14.43194182,512002,0,512002,40545
cstone,d7fddfb4f8d8ada0eb1a65d1a450a66c8cbd794c,direct,octree_leafcount,flyby,9,832,832,0.800383985,0.2339520007,1.035680056,1.092635,1,0,6,40601,35526,17,17,8974,25.26037268,14.41203626,512002,0,512002,40601
cstone,d7fddfb4f8d8ada0eb1a65d1a450a66c8cbd794c,direct,octree_leafcount,flyby,9,833,833,0.651647985,0.2165440023,0.8695039749,0.920511,1,0,4,40641,35561,17,17,8969,25.22145047,14.39785158,512002,0,512002,40641
cstone,d7fddfb4f8d8ada0eb1a65d1a450a66c8cbd794c,direct,octree_leafcount,flyby,9,834,834,0.7520639896,0.2074559927,0.9608640075,1.017448,1,0,5,40529,35463,17,17,9026,25.45187942,14.43763923,512002,0,512002,40529
cstone,d7fddfb4f8d8ada0eb1a65d1a450a66c8cbd794c,direct,octree_leafcount,flyby,9,835,835,0.7898880243,0.2329279929,1.024160028,1.078707,1,0,6,40569,35498,17,17,9068,25.54510113,14.42340414,512002,0,512002,40569
cstone,d7fddfb4f8d8ada0eb1a65d1a450a66c8cbd794c,direct,octree_leafcount,flyby,9,836,836,0.759296,0.2349759936,0.9956160188,1.055041,1,0,5,40801,35701,17,17,9022,25.27100081,14.341391,512002,0,512002,40801
cstone,d7fddfb4f8d8ada0eb1a65d1a450a66c8cbd794c,direct,octree_leafcount,flyby,9,837,837,0.649887979,0.2022079974,0.853407979,0.906176,1,0,4,40505,35442,17,17,9007,25.41335139,14.44619378,512002,0,512002,40505
cstone,d7fddfb4f8d8ada0eb1a65d1a450a66c8cbd794c,direct,octree_leafcount,flyby,9,838,838,0.8116800189,0.2291840017,1.042176008,1.103337,1,0,6,40505,35442,17,17,8947,25.24406072,14.44619378,512002,0,512002,40505
cstone,d7fddfb4f8d8ada0eb1a65d1a450a66c8cbd794c,direct,octree_leafcount,flyby,9,839,839,0.7513599992,0.2472639978,0.9999359846,1.059224,1,0,5,40865,35757,17,17,9134,25.5446486,14.31893056,512002,0,512002,40865
cstone,d7fddfb4f8d8ada0eb1a65d1a450a66c8cbd794c,direct,octree_leafcount,flyby,9,840,840,0.6583359838,0.2052800059,0.8649280071,0.92127,1,0,4,40729,35638,17,17,9123,25.59907963,14.36674336,512002,0,512002,40729
cstone,d7fddfb4f8d8ada0eb1a65d1a450a66c8cbd794c,direct,octree_leafcount,flyby,9,841,841,0.798879981,0.1985920072,0.9988160133,1.053732,1,0,6,40665,35582,17,17,9018,25.3442752,14.38935417,512002,0,512002,40665
cstone,d7fddfb4f8d8ada0eb1a65d1a450a66c8cbd794c,direct,octree_leafcount,flyby,9,842,842,0.7435200214,0.2237119973,0.9685440063,1.023072,1,0,5,40689,35603,17,17,9060,25.44729377,14.38086678,512002,0,512002,40689
cstone,d7fddfb4f8d8ada0eb1a65d1a450a66c8cbd794c,direct,octree_leafcount,flyby,9,843,843,0.6660479903,0.2063039988,0.8736960292,0.930787,1,0,4,40649,35568,17,17,9005,25.3177013,14.39501799,512002,0,512002,40649
cstone,d7fddfb4f8d8ada0eb1a65d1a450a66c8cbd794c,direct,octree_leafcount,flyby,9,844,844,0.827008009,0.2047040015,1.033056021,1.089854,1,0,6,40393,35344,17,17,8873,25.10468538,14.48624943,512002,0,512002,40393
cstone,d7fddfb4f8d8ada0eb1a65d1a450a66c8cbd794c,direct,octree_leafcount,flyby,9,845,845,0.7420799732,0.2349759936,0.9783679843,1.035739,1,0,5,40609,35533,17,17,9053,25.47772493,14.40919708,512002,0,512002,40609
cstone,d7fddfb4f8d8ada0eb1a65d1a450a66c8cbd794c,direct,octree_leafcount,flyby,9,846,846,0.6569920182,0.1981119961,0.8564479947,0.910867,1,0,4,40417,35365,17,17,8880,25.10957161,14.47764739,512002,0,512002,40417
cstone,d7fddfb4f8d8ada0eb1a65d1a450a66c8cbd794c,direct,octree_leafcount,flyby,9,847,847,0.8238400221,0.2358720005,1.061056018,1.117742,1,0,6,40769,35673,17,17,9007,25.2487876,14.35264766,512002,0,512002,40769
cstone,d7fddfb4f8d8ada0eb1a65d1a450a66c8cbd794c,direct,octree_leafcount,flyby,9,848,848,0.7525759935,0.2160000056,0.9698879719,1.027589,1,0,5,40497,35435,17,17,9033,25.49174545,14.44904755,512002,0,512002,40497
cstone,d7fddfb4f8d8ada0eb1a65d1a450a66c8cbd794c,direct,octree_leafcount,flyby,9,849,849,0.6498240232,0.2010239959,0.852159977,0.906793,1,0,4,40297,35260,17,17,8802,24.96313103,14.52076007,512002,0,512002,40297
cstone,d7fddfb4f8d8ada0eb1a65d1a450a66c8cbd794c,direct,octree_leafcount,flyby,9,850,850,0.8160319924,0.231904,1.049280047,1.104688,1,0,6,40529,35463,17,17,8902,25.10221921,14.43763923,512002,0,512002,40529
cstone,d7fddfb4f8d8ada0eb1a65d1a450a66c8cbd794c,direct,octree_leafcount,flyby,9,851,851,0.7379519939,0.2446720004,0.9839680195,1.042848,1,0,5,40609,35533,17,17,8982,25.27791067,14.40919708,512002,0,512002,40609
cstone,d7fddfb4f8d8ada0eb1a65d1a450a66c8cbd794c,direct,octree_leafcount,flyby,9,852,852,0.6565440297,0.2063360065,0.8642240167,0.922276,1,0,4,40329,35288,17,17,8851,25.08218091,14.50923827,512002,0,512002,40329
cstone,d7fddfb4f8d8ada0eb1a65d1a450a66c8cbd794c,direct,octree_leafcount,flyby,9,853,853,0.8121280074,0.2431679964,1.056640029,1.112469,1,0,6,40601,35526,17,17,8984,25.28852108,14.41203626,512002,0,512002,40601
cstone,d7fddfb4f8d8ada0eb1a65d1a450a66c8cbd794c,direct,octree_leafcount,flyby,9,854,854,0.7448319793,0.2370239943,0.9832000136,1.04035,1,0,5,40953,35834,17,17,9095,25.38092315,14.28816208,512002,0,512002,40953
cstone,d7fddfb4f8d8ada0eb1a65d1a450a66c8cbd794c,direct,octree_leafcount,flyby,9,855,855,0.6519359946,0.2022079974,0.8555520177,0.911299,1,0,4,40497,35435,17,17,8995,25.38450684,14.44904755,512002,0,512002,40497
cstone,d7fddfb4f8d8ada0eb1a65d1a450a66c8cbd794c,direct,octree_leafcount,flyby,9,856,856,0.8135039806,0.2400960028,1.054944038,1.114206,1,0,6,40705,35617,17,17,9073,25.47379061,14.37521408,512002,0,512002,40705
cstone,d7fddfb4f8d8ada0eb1a65d1a450a66c8cbd794c,direct,octree_leafcount,flyby,9,857,857,0.7383679748,0.2513599992,0.9910719991,1.051984,1,0,5,40905,35792,17,17,9108,25.44702727,14.30492848,512002,0,512002,40905
cstone,d7fddfb4f8d8ada0eb1a65d1a450a66c8cbd794c,direct,octree_leafcount,flyby,9,858,858,0.7326080203,0.2165440023,0.9504960179,1.011958,1,0,5,40753,35659,17,17,8885,24.91657085,14.35828262,512002,0,512002,40753
cstone,d7fddfb4f8d8ada0eb1a65d1a450a66c8cbd794c,direct,octree_leafcount,flyby,9,859,859,0.7993599772,0.231904,1.032575965,1.086499,1,0,6,40777,35680,17,17,9094,25.48766816,14.34983184,512002,0,512002,40777
cstone,d7fddfb4f8d8ada0eb1a65d1a450a66c8cbd794c,direct,octree_leafcount,flyby,9,860,860,0.7401919961,0.2042559981,0.9457920194,1.001087,1,0,5,40745,35652,17,17,9089,25.49366094,14.36110176,512002,0,512002,40745
cstone,d7fddfb4f8d8ada0eb1a65d1a450a66c8cbd794c,direct,octree_leafcount,flyby,9,861,861,0.739199996,0.247743994,0.9882559776,1.045354,1,0,5,40961,35841,17,17,9087,25.35364527,14.2853715,512002,0,512002,40961
cstone,d7fddfb4f8d8ada0eb1a65d1a450a66c8cbd794c,direct,octree_leafcount,flyby,9,862,862,0.7949439883,0.218592003,1.014879942,1.073948,1,0,6,40537,35470,17,17,9109,25.68085706,14.43478996,512002,0,512002,40537
cstone,d7fddfb4f8d8ada0eb1a65d1a450a66c8cbd794c,direct,octree_leafcount,flyby,9,863,863,0.7358400226,0.2037120014,0.9408959746,1.004106,1,0,5,40537,35470,17,17,9074,25.58218213,14.43478996,512002,0,512002,40537
cstone,d7fddfb4f8d8ada0eb1a65d1a450a66c8cbd794c,direct,octree_leafcount,flyby,9,864,864,0.8064640164,0.2313919961,1.039232016,1.094031,1,0,6,40977,35855,17,17,9088,25.34653465,14.27979361,512002,0,512002,40977
cstone,d7fddfb4f8d8ada0eb1a65d1a450a66c8cbd794c,direct,octree_leafcount,flyby,9,865,865,0.7189120054,0.2114239931,0.9316800237,0.987348,1,0,5,40745,35652,17,17,9051,25.38707506,14.36110176,512002,0,512002,40745
cstone,d7fddfb4f8d8ada0eb1a65d1a450a66c8cbd794c,direct,octree_leafcount,flyby,9,866,866,0.7421119809,0.2129279971,0.9563840032,1.017002,1,0,5,40361,35316,17,17,8948,25.33695775,14.49773474,512002,0,512002,40361
cstone,d7fddfb4f8d8ada0eb1a65d1a450a66c8cbd794c,direct,octree_leafcount,flyby,9,867,867,0.8049280047,0.2221439928,1.028416038,1.080284,1,0,6,40665,35582,17,17,9026,25.36675847,14.38935417,512002,0,512002,40665
cstone,d7fddfb4f8d8ada0eb1a65d1a450a66c8cbd794c,direct,octree_leafcount,flyby,9,868,868,0.7391039729,0.2004159987,0.9408640265,0.99552,1,0,5,40641,35561,17,17,8973,25.23269874,14.39785158,512002,0,512002,40641
cstone,d7fddfb4f8d8ada0eb1a65d1a450a66c8cbd794c,direct,octree_leafcount,flyby,9,869,869,0.7415360212,0.2190719992,0.961920023,1.02077,1,0,5,40481,35421,17,17,8862,25.01905649,14.45475848,512002,0,512002,40481
cstone,d7fddfb4f8d8ada0eb1a65d1a450a66c8cbd794c,direct,octree_leafcount,flyby,9,870,870,0.817727983,0.2599680126,1.079040051,1.141209,1,0,6,40641,35561,17,17,8962,25.20176598,14.39785158,512002,0,512002,40641
cstone,d7fddfb4f8d8ada0eb1a65d1a450a66c8cbd794c,direct,octree_leafcount,flyby,9,871,871,0.6686720252,0.2298559994,0.8998399973,0.961397,1,0,4,40545,35477,17,17,8919,25.1402317,14.43194182,512002,0,512002,40545
cstone,d7fddfb4f8d8ada0eb1a65d1a450a66c8cbd794c,direct,octree_leafcount,flyby,9,872,872,0.7435839772,0.2211199999,0.9660480022,1.024903,1,0,5,40521,35456,17,17,8895,25.08743231,14.44048962,512002,0,512002,40521
cstone,d7fddfb4f8d8ada0eb1a65d1a450a66c8cbd794c,direct,octree_leafcount,flyby,9,873,873,0.8031359911,0.2175679952,1.02214396,1.073814,1,0,6,40545,35477,17,17,8993,25.34881754,14.43194182,512002,0,512002,40545
cstone,d7fddfb4f8d8ada0eb1a65d1a450a66c8cbd794c,direct,octree_leafcount,flyby,9,874,874,0.6567040086,0.1981119961,0.8561599851,0.916104,1,0,4,40409,35358,17,17,8785,24.84586232,14.4805136,512002,0,512002,40409
cstone,d7fddfb4f8d8ada0eb1a65d1a450a66c8cbd794c,direct,octree_leafcount,flyby,9,875,875,0.7285439968,0.2339520007,0.9638400078,1.018004,1,0,5,40569,35498,17,17,8796,24.77886078,14.42340414,512002,0,512002,40569
cstone,d7fddfb4f8d8ada0eb1a65d1a450a66c8cbd794c,direct,octree_leafcount,flyby,9,876,876,0.8084800243,0.2221439928,1.031967998,1.088218,1,0,6,40633,35554,17,17,8891,25.00703156,14.40068628,512002,0,512002,40633
cstone,d7fddfb4f8d8ada0eb1a65d1a450a66c8cbd794c,direct,octree_leafcount,flyby,9,877,877,0.6502079964,0.1904640049,0.8420159817,0.894292,1,0,4,40593,35519,17,17,8859,24.94158056,14.41487654,512002,0,512002,40593
cstone,d7fddfb4f8d8ada0eb1a65d1a450a66c8cbd794c,direct,octree_leafcount,flyby,9,878,878,0.7367039919,0.2421440035,0.9801920056,1.036497,1,0,5,40793,35694,17,17,8907,24.95377374,14.34420351,512002,0,512002,40793
cstone,d7fddfb4f8d8ada0eb1a65d1a450a66c8cbd794c,direct,octree_leafcount,flyby,9,879,879,0.7870720029,0.2155199945,1.003903985,1.059062,1,0,6,40769,35673,17,17,8991,25.20393575,14.35264766,512002,0,512002,40769
cstone,d7fddfb4f8d8ada0eb1a65d1a450a66c8cbd794c,direct,octree_leafcount,flyby,9,880,880,0.6415680051,0.2001599967,0.8430399895,0.897297,1,0,4,40297,35260,17,17,8815,25,14.52076007,512002,0,512002,40297
cstone,d7fddfb4f8d8ada0eb1a65d1a450a66c8cbd794c,direct,octree_leafcount,flyby,9,881,881,0.740095973,0.2272959948,0.9687359929,1.020684,1,0,5,40609,35533,17,17,8941,25.16252498,14.40919708,512002,0,512002,40609
cstone,d7fddfb4f8d8ada0eb1a65d1a450a66c8cbd794c,direct,octree_leafcount,flyby,9,882,882,0.7813119888,0.2226880044,1.005311966,1.060118,1,0,6,40641,35561,17,17,8938,25.13427631,14.39785158,512002,0,512002,40641
cstone,d7fddfb4f8d8ada0eb1a65d1a450a66c8cbd794c,direct,octree_leafcount,flyby,9,883,883,0.6402239799,0.1868160069,0.8283839822,0.877179,1,0,4,40161,35141,17,17,8732,24.8484676,14.56993256,512002,0,512002,40161
cstone,d7fddfb4f8d8ada0eb1a65d1a450a66c8cbd794c,direct,octree_leafcount,flyby,9,884,884,0.7431679964,0.2288320065,0.9733120203,1.026791,1,0,5,40505,35442,17,17,8923,25.17634445,14.44619378,512002,0,512002,40505
cstone,d7fddfb4f8d8ada0eb1a65d1a450a66c8cbd794c,direct,octree_leafcount,flyby,9,885,885,0.7954879999,0.225759998,1.022591949,1.077831,1,0,6,40793,35694,17,17,8927,25.00980557,14.34420351,512002,0,512002,40793
cstone,d7fddfb4f8d8ada0eb1a65d1a450a66c8cbd794c,direct,octree_leafcount,flyby,9,886,886,0.6637439728,0.2114239931,0.876511991,0.932829,1,0,4,40281,35246,17,17,8720,24.74039607,14.52652783,512002,0,512002,40281
cstone,d7fddfb4f8d8ada0eb1a65d1a450a66c8cbd794c,direct,octree_leafcount,flyby,9,887,887,0.7498239875,0.239071995,0.9902080297,1.046276,1,0,5,40361,35316,17,17,9020,25.54083135,14.49773474,512002,0,512002,40361
cstone,d7fddfb4f8d8ada0eb1a65d1a450a66c8cbd794c,direct,octree_leafcount,flyby,9,888,888,0.7958400249,0.2226880044,1.01987195,1.074376,1,0,6,40449,35393,17,17,8863,25.04167491,14.46619388,512002,0,512002,40449
cstone,d7fddfb4f8d8ada0eb1a65d1a450a66c8cbd794c,direct,octree_leafcount,flyby,9,889,889,0.6514559984,0.1960320026,0.8488320112,0.900765,1,0,4,40281,35246,17,17,8684,24.63825682,14.52652783,512002,0,512002,40281
cstone,d7fddfb4f8d8ada0eb1a65d1a450a66c8cbd794c,direct,octree_leafcount,flyby,9,890,890,0.7386559844,0.2124480009,0.9524480104,1.00929,1,0,5,40265,35232,17,17,9000,25.54495913,14.53230018,512002,0,512002,40265
cstone,d7fddfb4f8d8ada0eb1a65d1a450a66c8cbd794c,direct,octree_leafcount,flyby,9,891,891,0.8196799755,0.2288320065,1.049855947,1.103598,1,0,6,40833,35729,17,17,9007,25.2092138,14.33015198,512002,0,512002,40833
cstone,d7fddfb4f8d8ada0eb1a65d1a450a66c8cbd794c,direct,octree_leafcount,flyby,9,892,892,0.6623359919,0.2088640034,0.8725439906,0.929664,1,0,4,40833,35729,17,17,8975,25.1196507,14.33015198,512002,0,512002,40833
cstone,d7fddfb4f8d8ada0eb1a65d1a450a66c8cbd794c,direct,octree_leafcount,flyby,9,893,893,0.7368639708,0.2232639939,0.9614719748,1.021787,1,0,5,40561,35491,17,17,9064,25.53886901,14.42624891,512002,0,512002,40561
cstone,d7fddfb4f8d8ada0eb1a65d1a450a66c8cbd794c,direct,octree_leafcount,flyby,9,894,894,0.803647995,0.2411199957,1.046111941,1.104119,1,0,6,40593,35519,17,17,8993,25.31884344,14.41487654,512002,0,512002,40593
cstone,d7fddfb4f8d8ada0eb1a65d1a450a66c8cbd794c,direct,octree_leafcount,flyby,9,895,895,0.7387520075,0.2308800071,0.9709759951,1.028246,1,0,5,40649,35568,17,17,8919,25.07591093,14.39501799,512002,0,512002,40649
cstone,d7fddfb4f8d8ada0eb1a65d1a450a66c8cbd794c,direct,octree_leafcount,flyby,9,896,896,0.6528000236,0.1993920058,0.8535360098,0.909236,1,0,4,40297,35260,17,17,8871,25.15882019,14.52076007,512002,0,512002,40297
cstone,d7fddfb4f8d8ada0eb1a65d1a450a66c8cbd794c,direct,octree_leafcount,flyby,9,897,897,0.8039680123,0.2200639993,1.025375962,1.077123,1,0,6,40369,35323,17,17,8849,25.05166605,14.4948617,512002,0,512002,40369
cstone,d7fddfb4f8d8ada0eb1a65d1a450a66c8cbd794c,direct,octree_leafcount,flyby,9,898,898,0.7304319739,0.2278079987,0.9595839977,1.012505,1,0,5,40393,35344,17,17,8864,25.07922137,14.48624943,512002,0,512002,40393
cstone,d7fddfb4f8d8ada0eb1a65d1a450a66c8cbd794c,direct,octree_leafcount,flyby,9,899,899,0.650752008,0.2001599967,0.8522239923,0.907784,1,0,4,40369,35323,17,17,8913,25.23285112,14.4948617,512002,0,512002,40369
cstone,d7fddfb4f8d8ada0eb1a65d1a450a66c8cbd794c,direct,octree_leafcount,flyby,9,900,900,0.8049280047,0.2016640007,1.007904053,1.061405,1,0,6,40121,35106,17,17,8854,25.22075998,14.5844585,512002,0,512002,40121
cstone,d7fddfb4f8d8ada0eb1a65d1a450a66c8cbd794c,direct,octree_leafcount,flyby,9,901,901,0.7460799813,0.2395520061,0.9869760275,1.041254,1,0,5,40385,35337,17,17,8956,25.34453972,14.48911905,512002,0,512002,40385
cstone,d7fddfb4f8d8ada0eb1a65d1a450a66c8cbd794c,direct,octree_leafcount,flyby,9,902,902,0.7187839746,0.2237119973,0.9438400269,0.997965,1,0,5,40641,35561,17,17,8944,25.15114873,14.39785158,512002,0,512002,40641
cstone,d7fddfb4f8d8ada0eb1a65d1a450a66c8cbd794c,direct,octree_leafcount,flyby,9,903,903,0.8118720055,0.1996479928,1.012895942,1.068272,1,0,6,40409,35358,17,17,8764,24.78646982,14.4805136,512002,0,512002,40409
cstone,d7fddfb4f8d8ada0eb1a65d1a450a66c8cbd794c,direct,octree_leafcount,flyby,9,904,904,0.7465919852,0.2262399942,0.9741759896,1.027833,1,0,5,40585,35512,17,17,8940,25.17458887,14.41771795,512002,0,512002,40585
cstone,d7fddfb4f8d8ada0eb1a65d1a450a66c8cbd794c,direct,octree_leafcount,flyby,9,905,905,0.6488959789,0.2124480009,0.862688005,0.910635,1,0,4,40649,35568,17,17,8827,24.81725146,14.39501799,512002,0,512002,40649
cstone,d7fddfb4f8d8ada0eb1a65d1a450a66c8cbd794c,direct,octree_leafcount,flyby,9,906,906,0.798240006,0.2175360024,1.017120004,1.075031,1,0,6,40601,35526,17,17,8769,24.68333052,14.41203626,512002,0,512002,40601
cstone,d7fddfb4f8d8ada0eb1a65d1a450a66c8cbd794c,direct,octree_leafcount,flyby,9,907,907,0.7435520291,0.2462400049,0.9911360145,1.050895,1,0,5,40737,35645,17,17,9036,25.34997896,14.36392201,512002,0,512002,40737
cstone,d7fddfb4f8d8ada0eb1a65d1a450a66c8cbd794c,direct,octree_leafcount,flyby,9,908,908,0.6529279947,0.2144960016,0.8687360287,0.92851,1,0,4,40457,35400,17,17,8860,25.02824859,14.46333333,512002,0,512002,40457
cstone,d7fddfb4f8d8ada0eb1a65d1a450a66c8cbd794c,direct,octree_leafcount,flyby,9,909,909,0.8063359857,0.193471998,1.001152039,1.052535,1,0,6,40313,35274,17,17,8807,24.96739808,14.51499688,512002,0,512002,40313
cstone,d7fddfb4f8d8ada0eb1a65d1a450a66c8cbd794c,direct,octree_leafcount,flyby,9,910,910,0.7332800031,0.2170560062,0.9518079758,1.003066,1,0,5,40481,35421,17,17,8982,25.35783857,14.45475848,512002,0,512002,40481
cstone,d7fddfb4f8d8ada0eb1a65d1a450a66c8cbd794c,direct,octree_leafcount,flyby,9,911,911,0.6683840156,0.2175679952,0.8872640133,0.947054,1,0,4,40305,35267,17,17,8830,25.03757053,14.5178779,512002,0,512002,40305
cstone,d7fddfb4f8d8ada0eb1a65d1a450a66c8cbd794c,direct,octree_leafcount,flyby,9,912,912,0.8141120076,0.240447998,1.055904031,1.112706,1,0,6,40521,35456,17,17,8890,25.07333032,14.44048962,512002,0,512002,40521
cstone,d7fddfb4f8d8ada0eb1a65d1a450a66c8cbd794c,direct,octree_leafcount,flyby,9,913,913,0.7432960272,0.2033279985,0.9479680061,1.002009,1,0,5,40465,35407,17,17,8968,25.32832491,14.46047392,512002,0,512002,40465
cstone,d7fddfb4f8d8ada0eb1a65d1a450a66c8cbd794c,direct,octree_leafcount,flyby,9,914,914,0.664831996,0.2098560035,0.8760319948,0.931216,1,0,4,40369,35323,17,17,8860,25.08280724,14.4948617,512002,0,512002,40369
cstone,d7fddfb4f8d8ada0eb1a65d1a450a66c8cbd794c,direct,octree_leafcount,flyby,9,915,915,0.812063992,0.2333759964,1.046784043,1.101428,1,0,6,40617,35540,17,17,9018,25.37422622,14.40635903,512002,0,512002,40617
cstone,d7fddfb4f8d8ada0eb1a65d1a450a66c8cbd794c,direct,octree_leafcount,flyby,9,916,916,0.7439039946,0.2011840045,0.9463999867,1.001945,1,0,5,40481,35421,17,17,8966,25.31266763,14.45475848,512002,0,512002,40481
cstone,d7fddfb4f8d8ada0eb1a65d1a450a66c8cbd794c,direct,octree_leafcount,flyby,9,917,917,0.6522240043,0.2037120014,0.8572800159,0.910845,1,0,4,40225,35197,17,17,8783,24.95383129,14.54675114,512002,0,512002,40225
cstone,d7fddfb4f8d8ada0eb1a65d1a450a66c8cbd794c,direct,octree_leafcount,flyby,9,918,918,0.806656003,0.2216639966,1.029631972,1.081623,1,0,6,40553,35484,17,17,8933,25.17472664,14.4290948,512002,0,512002,40553
cstone,d7fddfb4f8d8ada0eb1a65d1a450a66c8cbd794c,direct,octree_leafcount,flyby,9,919,919,0.7426239848,0.2001599967,0.9440960288,0.997371,1,0,5,40529,35463,17,17,8923,25.16143586,14.43763923,512002,0,512002,40529
cstone,d7fddfb4f8d8ada0eb1a65d1a450a66c8cbd794c,direct,octree_leafcount,flyby,9,920,920,0.6574400067,0.2058240026,0.8645759821,0.919657,1,0,4,40177,35155,17,17,8780,24.97511023,14.56413028,512002,0,512002,40177
cstone,d7fddfb4f8d8ada0eb1a65d1a450a66c8cbd794c,direct,octree_leafcount,flyby,9,921,921,0.8076480031,0.2385279983,1.047520041,1.104847,1,0,6,40401,35351,17,17,8849,25.03182371,14.48338095,512002,0,512002,40401
cstone,d7fddfb4f8d8ada0eb1a65d1a450a66c8cbd794c,direct,octree_leafcount,flyby,9,922,922,0.7572159767,0.2226880044,0.9812480211,1.035162,1,0,5,40897,35785,17,17,9058,25.31228168,14.3077267,512002,0,512002,40897
cstone,d7fddfb4f8d8ada0eb1a65d1a450a66c8cbd794c,direct,octree_leafcount,flyby,9,923,923,0.7285439968,0.1935040057,0.9233599901,0.975353,1,0,5,40337,35295,17,17,8799,24.92987675,14.50636067,512002,0,512002,40337
cstone,d7fddfb4f8d8ada0eb1a65d1a450a66c8cbd794c,direct,octree_leafcount,flyby,9,924,924,0.8011839986,0.1950400025,0.9975680113,1.052234,1,0,6,40313,35274,17,17,8964,25.41248512,14.51499688,512002,0,512002,40313
cstone,d7fddfb4f8d8ada0eb1a65d1a450a66c8cbd794c,direct,octree_leafcount,flyby,9,925,925,0.7368320227,0.2278079987,0.9659839869,1.018026,1,0,5,40553,35484,17,17,8960,25.25081727,14.4290948,512002,0,512002,40553
cstone,d7fddfb4f8d8ada0eb1a65d1a450a66c8cbd794c,direct,octree_leafcount,flyby,9,926,926,0.7479360104,0.2083519995,0.9577599764,1.015057,1,0,5,40337,35295,17,17,8811,24.9638759,14.50636067,512002,0,512002,40337
cstone,d7fddfb4f8d8ada0eb1a65d1a450a66c8cbd794c,direct,octree_leafcount,flyby,9,927,927,0.8236160278,0.2298559994,1.05478406,1.110893,1,0,6,40561,35491,17,17,8948,25.21202558,14.42624891,512002,0,512002,40561
cstone,d7fddfb4f8d8ada0eb1a65d1a450a66c8cbd794c,direct,octree_leafcount,flyby,9,928,928,0.7373440266,0.1944960058,0.93315202,0.987081,1,0,5,40521,35456,17,17,8830,24.9041065,14.44048962,512002,0,512002,40521
cstone,d7fddfb4f8d8ada0eb1a65d1a450a66c8cbd794c,direct,octree_leafcount,flyby,9,929,929,0.7394559979,0.2144960016,0.95529598,1.013082,1,0,5,40177,35155,17,17,8646,24.59394112,14.56413028,512002,0,512002,40177
cstone,d7fddfb4f8d8ada0eb1a65d1a450a66c8cbd794c,direct,octree_leafcount,flyby,9,930,930,0.8068479896,0.2513599992,1.059551954,1.118722,1,0,6,40185,35162,17,17,8821,25.08674137,14.56123087,512002,0,512002,40185
cstone,d7fddfb4f8d8ada0eb1a65d1a450a66c8cbd794c,direct,octree_leafcount,flyby,9,931,931,0.7480959892,0.2380480021,0.9874560237,1.049754,1,0,5,40065,35057,17,17,8670,24.73115212,14.60484354,512002,0,512002,40065
cstone,d7fddfb4f8d8ada0eb1a65d1a450a66c8cbd794c,direct,octree_leafcount,flyby,9,932,932,0.7485439777,0.2503359914,1.000223994,1.062473,1,0,5,40177,35155,17,17,8584,24.41757929,14.56413028,512002,0,512002,40177
cstone,d7fddfb4f8d8ada0eb1a65d1a450a66c8cbd794c,direct,octree_leafcount,flyby,9,933,933,0.8034560084,0.2001599967,1.005023956,1.059415,1,0,6,40137,35120,17,17,8767,24.96298405,14.57864465,512002,0,512002,40137
cstone,d7fddfb4f8d8ada0eb1a65d1a450a66c8cbd794c,direct,octree_leafcount,flyby,9,934,934,0.7474240065,0.2052800059,0.9540479779,1.011815,1,0,5,39961,34966,17,17,8731,24.96997083,14.64285306,512002,0,512002,39961
cstone,d7fddfb4f8d8ada0eb1a65d1a450a66c8cbd794c,direct,octree_leafcount,flyby,9,935,935,0.7450559735,0.2260800004,0.9724799991,1.026265,1,0,5,40177,35155,17,17,8705,24.76176931,14.56413028,512002,0,512002,40177
cstone,d7fddfb4f8d8ada0eb1a65d1a450a66c8cbd794c,direct,octree_leafcount,flyby,9,936,936,0.7917760015,0.2237119973,1.016831994,1.070961,1,0,6,40233,35204,17,17,8808,25.0198841,14.54385865,512002,0,512002,40233
cstone,d7fddfb4f8d8ada0eb1a65d1a450a66c8cbd794c,direct,octree_leafcount,flyby,9,937,937,0.7434880137,0.1960639954,0.9408959746,0.996336,1,0,5,40089,35078,17,17,8743,24.92445407,14.59610012,512002,0,512002,40089
cstone,d7fddfb4f8d8ada0eb1a65d1a450a66c8cbd794c,direct,octree_leafcount,flyby,9,938,938,0.8169919848,0.227136001,1.045503974,1.098623,1,0,6,40449,35393,17,17,8830,24.94843613,14.46619388,512002,0,512002,40449
cstone,d7fddfb4f8d8ada0eb1a65d1a450a66c8cbd794c,direct,octree_leafcount,flyby,9,939,939,0.7359039783,0.2114239931,0.9487680197,1.00374,1,0,5,40441,35386,17,17,8913,25.18792743,14.46905556,512002,0,512002,40441
cstone,d7fddfb4f8d8ada0eb1a65d1a450a66c8cbd794c,direct,octree_leafcount,flyby,9,940,940,0.7309439778,0.1970880032,0.9293760061,0.983852,1,0,5,40185,35162,17,17,8822,25.08958535,14.56123087,512002,0,512002,40185
cstone,d7fddfb4f8d8ada0eb1a65d1a450a66c8cbd794c,direct,octree_leafcount,flyby,9,941,941,0.8022400141,0.218592003,1.02214396,1.073954,1,0,6,40561,35491,17,17,8881,25.02324533,14.42624891,512002,0,512002,40561
cstone,d7fddfb4f8d8ada0eb1a65d1a450a66c8cbd794c,direct,octree_leafcount,flyby,9,942,942,0.7268800139,0.2114239931,0.9396479726,0.996712,1,0,5,40553,35484,17,17,8926,25.15499944,14.4290948,512002,0,512002,40553
cstone,d7fddfb4f8d8ada0eb1a65d1a450a66c8cbd794c,direct,octree_leafcount,flyby,9,943,943,0.7293440104,0.2047359943,0.9355199933,0.990251,1,0,5,40353,35309,17,17,8838,25.0304455,14.50060891,512002,0,512002,40353
cstone,d7fddfb4f8d8ada0eb1a65d1a450a66c8cbd794c,direct,octree_leafcount,flyby,9,944,944,0.8093760014,0.2011840045,1.011904001,1.067355,1,0,6,40353,35309,17,17,8871,25.12390609,14.50060891,512002,0,512002,40353
cstone,d7fddfb4f8d8ada0eb1a65d1a450a66c8cbd794c,direct,octree_leafcount,flyby,9,945,945,0.7078719735,0.1878719926,0.8970559835,0.947569,1,0,5,40305,35267,17,17,8861,25.1254714,14.5178779,512002,0,512002,40305
cstone,d7fddfb4f8d8ada0eb1a65d1a450a66c8cbd794c,direct,octree_leafcount,flyby,9,946,946,0.7256960273,0.1970880032,0.924127996,0.977611,1,0,5,40105,35092,17,17,8703,24.80052434,14.59027699,512002,0,512002,40105
cstone,d7fddfb4f8d8ada0eb1a65d1a450a66c8cbd794c,direct,octree_leafcount,flyby,9,947,947,0.8143039942,0.220096007,1.035840034,1.09375,1,0,6,40097,35085,17,17,8751,24.94228303,14.59318797,512002,0,512002,40097
cstone,d7fddfb4f8d8ada0eb1a65d1a450a66c8cbd794c,direct,octree_leafcount,flyby,9,948,948,0.6615039706,0.2503359914,0.9131839871,0.973944,1,0,4,40145,35127,17,17,8702,24.77296666,14.57573946,512002,0,512002,40145
cstone,d7fddfb4f8d8ada0eb1a65d1a450a66c8cbd794c,direct,octree_leafcount,flyby,9,949,949,0.7387199998,0.2124480009,0.9525120258,1.010855,1,0,5,39937,34945,17,17,8607,24.63013307,14.6516526,512002,0,512002,39937
cstone,d7fddfb4f8d8ada0eb1a65d1a450a66c8cbd794c,direct,octree_leafcount,flyby,9,950,950,0.8229759932,0.2406080067,1.064928055,1.12247,1,0,6,40089,35078,17,17,8752,24.95011118,14.59610012,512002,0,512002,40089
cstone,d7fddfb4f8d8ada0eb1a65d1a450a66c8cbd794c,direct,octree_leafcount,flyby,9,951,951,0.657311976,0.2232639939,0.88191998,0.937444,1,0,4,40169,35148,17,17,8679,24.69272789,14.56703084,512002,0,512002,40169
cstone,d7fddfb4f8d8ada0eb1a65d1a450a66c8cbd794c,direct,octree_leafcount,flyby,9,952,952,0.7346240282,0.2072000057,0.9431679845,0.999165,1,0,5,40017,35015,17,17,8535,24.37526774,14.62236184,512002,0,512002,40017
cstone,d7fddfb4f8d8ada0eb1a65d1a450a66c8cbd794c,direct,octree_leafcount,flyby,9,953,953,0.8073279858,0.239071995,1.047744036,1.105178,1,0,6,40073,35064,17,17,8793,25.07700205,14.6019279,512002,0,512002,40073
cstone,d7fddfb4f8d8ada0eb1a65d1a450a66c8cbd794c,direct,octree_leafcount,flyby,9,954,954,0.6546239853,0.228640005,0.8846079707,0.939333,1,0,4,40169,35148,17,17,8730,24.83782861,14.56703084,512002,0,512002,40169
cstone,d7fddfb4f8d8ada0eb1a65d1a450a66c8cbd794c,direct,octree_leafcount,flyby,9,955,955,0.7428479791,0.2079360038,0.9521279931,1.007977,1,0,5,40017,35015,17,17,8661,24.73511352,14.62236184,512002,0,512002,40017
cstone,d7fddfb4f8d8ada0eb1a65d1a450a66c8cbd794c,direct,octree_leafcount,flyby,9,956,956,0.7835839987,0.2267840058,1.011711955,1.06645,1,0,6,40057,35050,17,17,8781,25.05278174,14.60776034,512002,0,512002,40057
cstone,d7fddfb4f8d8ada0eb1a65d1a450a66c8cbd794c,direct,octree_leafcount,flyby,9,957,957,0.6536639929,0.2104000002,0.8654080033,0.922617,1,0,4,39969,34973,17,17,8597,24.58182026,14.63992223,512002,0,512002,39969
cstone,d7fddfb4f8d8ada0eb1a65d1a450a66c8cbd794c,direct,octree_leafcount,flyby,9,958,958,0.7544639707,0.2590079904,1.014816046,1.076386,1,0,5,40273,35239,17,17,8707,24.70841965,14.52941343,512002,0,512002,40273
cstone,d7fddfb4f8d8ada0eb1a65d1a450a66c8cbd794c,direct,octree_leafcount,flyby,9,959,959,0.7917119861,0.2262399942,1.01929605,1.079789,1,0,6,40265,35232,17,17,8795,24.96310173,14.53230018,512002,0,512002,40265
cstone,d7fddfb4f8d8ada0eb1a65d1a450a66c8cbd794c,direct,octree_leafcount,flyby,9,960,960,0.6567999721,0.2175679952,0.8757119775,0.935863,1,0,4,39793,34819,17,17,8567,24.60438266,14.70467274,512002,0,512002,39793
cstone,d7fddfb4f8d8ada0eb1a65d1a450a66c8cbd794c,direct,octree_leafcount,flyby,9,961,961,0.7559040189,0.239071995,0.9963200092,1.054562,1,0,5,40369,35323,17,17,8864,25.0941313,14.4948617,512002,0,512002,40369
cstone,d7fddfb4f8d8ada0eb1a65d1a450a66c8cbd794c,direct,octree_leafcount,flyby,9,962,962,0.8003200293,0.2453120053,1.046944022,1.105482,1,0,6,40489,35428,17,17,8921,25.18064807,14.45190245,512002,0,512002,40489
cstone,d7fddfb4f8d8ada0eb1a65d1a450a66c8cbd794c,direct,octree_leafcount,flyby,9,963,963,0.6547520161,0.2144960016,0.8705919981,0.92801,1,0,4,40113,35099,17,17,8791,25.04629762,14.58736716,512002,0,512002,40113
cstone,d7fddfb4f8d8ada0eb1a65d1a450a66c8cbd794c,direct,octree_leafcount,flyby,9,964,964,0.7470719814,0.2241919935,0.9725760221,1.028392,1,0,5,40313,35274,17,17,8851,25.09213585,14.51499688,512002,0,512002,40313
cstone,d7fddfb4f8d8ada0eb1a65d1a450a66c8cbd794c,direct,octree_leafcount,flyby,9,965,965,0.8012160063,0.1960639954,0.9985920191,1.050162,1,0,6,40273,35239,17,17,8860,25.14259769,14.52941343,512002,0,512002,40273
cstone,d7fddfb4f8d8ada0eb1a65d1a450a66c8cbd794c,direct,octree_leafcount,flyby,9,966,966,0.6671680212,0.224127993,0.8926079869,0.953654,1,0,4,39913,34924,17,17,8731,25,14.66046272,512002,0,512002,39913
cstone,d7fddfb4f8d8ada0eb1a65d1a450a66c8cbd794c,direct,octree_leafcount,flyby,9,967,967,0.7438079715,0.2395839989,0.9847679734,1.041476,1,0,5,40065,35057,17,17,8811,25.13335425,14.60484354,512002,0,512002,40065
cstone,d7fddfb4f8d8ada0eb1a65d1a450a66c8cbd794c,direct,octree_leafcount,flyby,9,968,968,0.8104000092,0.225759998,1.03747201,1.093713,1,0,6,40321,35281,17,17,8953,25.37626485,14.512117,512002,0,512002,40321
cstone,d7fddfb4f8d8ada0eb1a65d1a450a66c8cbd794c,direct,octree_leafcount,flyby,9,969,969,0.6489599943,0.1935040057,0.8438079953,0.895134,1,0,4,39913,34924,17,17,8780,25.14030466,14.66046272,512002,0,512002,39913
cstone,d7fddfb4f8d8ada0eb1a65d1a450a66c8cbd794c,direct,octree_leafcount,flyby,9,970,970,0.7509440184,0.2278079987,0.9800959826,1.036247,1,0,5,40225,35197,17,17,8938,25.39420973,14.54675114,512002,0,512002,40225
cstone,d7fddfb4f8d8ada0eb1a65d1a450a66c8cbd794c,direct,octree_leafcount,flyby,9,971,971,0.8440319896,0.272608012,1.117951989,1.178453,1,0,6,40569,35498,17,17,8928,25.15071272,14.42340414,512002,0,512002,40569
cstone,d7fddfb4f8d8ada0eb1a65d1a450a66c8cbd794c,direct,octree_leafcount,flyby,9,972,972,0.6528319716,0.2220479995,0.8762239814,0.93529,1,0,4,40209,35183,17,17,8765,24.91259984,14.55253958,512002,0,512002,40209
cstone,d7fddfb4f8d8ada0eb1a65d1a450a66c8cbd794c,direct,octree_leafcount,flyby,9,973,973,0.7470719814,0.215200007,0.9635840058,1.020145,1,0,5,40209,35183,17,17,8857,25.17408976,14.55253958,512002,0,512002,40209
cstone,d7fddfb4f8d8ada0eb1a65d1a450a66c8cbd794c,direct,octree_leafcount,flyby,9,974,974,0.8109120131,0.2190719992,1.031327963,1.086345,1,0,6,40313,35274,17,17,8844,25.07229121,14.51499688,512002,0,512002,40313
cstone,d7fddfb4f8d8ada0eb1a65d1a450a66c8cbd794c,direct,octree_leafcount,flyby,9,975,975,0.648992002,0.2093760073,0.859679997,0.914807,1,0,4,40057,35050,17,17,8643,24.65905849,14.60776034,512002,0,512002,40057
cstone,d7fddfb4f8d8ada0eb1a65d1a450a66c8cbd794c,direct,octree_leafcount,flyby,9,976,976,0.7406719923,0.2349759936,0.9769920111,1.032319,1,0,5,40105,35092,17,17,8776,25.00854896,14.59027699,512002,0,512002,40105
cstone,d7fddfb4f8d8ada0eb1a65d1a450a66c8cbd794c,direct,octree_leafcount,flyby,9,977,977,0.8069440126,0.2360000014,1.044255972,1.10241,1,0,6,40529,35463,17,17,8766,24.71872092,14.43763923,512002,0,512002,40529
cstone,d7fddfb4f8d8ada0eb1a65d1a450a66c8cbd794c,direct,octree_leafcount,flyby,9,978,978,0.6534399986,0.2155199945,0.8703039885,0.9279,1,0,4,39841,34861,17,17,8568,24.57760822,14.68695677,512002,0,512002,39841
cstone,d7fddfb4f8d8ada0eb1a65d1a450a66c8cbd794c,direct,octree_leafcount,flyby,9,979,979,0.7421439886,0.2216639966,0.9651520252,1.024398,1,0,5,39593,34644,17,17,8705,25.12700612,14.77895162,512002,0,512002,39593
cstone,d7fddfb4f8d8ada0eb1a65d1a450a66c8cbd794c,direct,octree_leafcount,flyby,9,980,980,0.8148480058,0.2400960028,1.056256056,1.112868,1,0,6,39961,34966,17,17,8695,24.86701367,14.64285306,512002,0,512002,39961
cstone,d7fddfb4f8d8ada0eb1a65d1a450a66c8cbd794c,direct,octree_leafcount,flyby,9,981,981,0.655008018,0.2072959989,0.8636479974,0.920485,1,0,4,39921,34931,17,17,8525,24.40525608,14.65752483,512002,0,512002,39921
cstone,d7fddfb4f8d8ada0eb1a65d1a450a66c8cbd794c,direct,octree_leafcount,flyby,9,982,982,0.7362239957,0.231904,0.9694719911,1.024765,1,0,5,39929,34938,17,17,8714,24.94132463,14.65458813,512002,0,512002,39929
cstone,d7fddfb4f8d8ada0eb1a65d1a450a66c8cbd794c,direct,octree_leafcount,flyby,9,983,983,0.7944959998,0.240575999,1.036416054,1.093928,1,0,6,39985,34987,17,17,8579,24.5205362,14.63406408,512002,0,512002,39985
cstone,d7fddfb4f8d8ada0eb1a65d1a450a66c8cbd794c,direct,octree_leafcount,flyby,9,984,984,0.6646080017,0.2493119985,0.9152320027,0.975092,1,0,4,40225,35197,17,17,8608,24.45662983,14.54675114,512002,0,512002,40225
cstone,d7fddfb4f8d8ada0eb1a65d1a450a66c8cbd794c,direct,octree_leafcount,flyby,9,985,985,0.7567359805,0.2237119973,0.9817919731,1.041948,1,0,5,39985,34987,17,17,8781,25.0978935,14.63406408,512002,0,512002,39985
cstone,d7fddfb4f8d8ada0eb1a65d1a450a66c8cbd794c,direct,octree_leafcount,flyby,9,986,986,0.8243839741,0.2380480021,1.063743949,1.119943,1,0,6,40361,35316,17,17,8658,24.5158002,14.49773474,512002,0,512002,40361
cstone,d7fddfb4f8d8ada0eb1a65d1a450a66c8cbd794c,direct,octree_leafcount,flyby,9,987,987,0.6499199867,0.2085119933,0.8597440124,0.916545,1,0,4,40329,35288,17,17,8577,24.30571299,14.50923827,512002,0,512002,40329
cstone,d7fddfb4f8d8ada0eb1a65d1a450a66c8cbd794c,direct,octree_leafcount,flyby,9,988,988,0.7496320009,0.225759998,0.9767360091,1.037907,1,0,5,40273,35239,17,17,8801,24.97516956,14.52941343,512002,0,512002,40273
cstone,d7fddfb4f8d8ada0eb1a65d1a450a66c8cbd794c,direct,octree_leafcount,flyby,9,989,989,0.8149759769,0.2267840058,1.043104053,1.102408,1,0,6,40153,35134,17,17,8720,24.81926339,14.57283543,512002,0,512002,40153
cstone,d7fddfb4f8d8ada0eb1a65d1a450a66c8cbd794c,direct,octree_leafcount,flyby,9,990,990,0.663424015,0.2364799976,0.9012479782,0.961493,1,0,4,40249,35218,17,17,8605,24.43352831,14.53807712,512002,0,512002,40249
cstone,d7fddfb4f8d8ada0eb1a65d1a450a66c8cbd794c,direct,octree_leafcount,flyby,9,991,991,0.7488639951,0.2093760073,0.9595839977,1.017391,1,0,5,40065,35057,17,17,8808,25.12479676,14.60484354,512002,0,512002,40065
cstone,d7fddfb4f8d8ada0eb1a65d1a450a66c8cbd794c,direct,octree_leafcount,flyby,9,992,992,0.8025919795,0.2288320065,1.032768011,1.088076,1,0,6,40193,35169,17,17,8668,24.64670591,14.55833262,512002,0,512002,40193
cstone,d7fddfb4f8d8ada0eb1a65d1a450a66c8cbd794c,direct,octree_leafcount,flyby,9,993,993,0.7515839934,0.2339520007,0.9868800044,1.043098,1,0,5,40329,35288,17,17,8700,24.65427341,14.50923827,512002,0,512002,40329
cstone,d7fddfb4f8d8ada0eb1a65d1a450a66c8cbd794c,direct,octree_leafcount,flyby,9,994,994,0.7235199809,0.2216639966,0.9465280175,1.004876,1,0,5,39921,34931,17,17,8785,25.1495806,14.65752483,512002,0,512002,39921
cstone,d7fddfb4f8d8ada0eb1a65d1a450a66c8cbd794c,direct,octree_leafcount,flyby,9,995,995,0.8104959726,0.2487359941,1.060639977,1.118517,1,0,6,39993,34994,17,17,8703,24.86997771,14.63113677,512002,0,512002,39993
cstone,d7fddfb4f8d8ada0eb1a65d1a450a66c8cbd794c,direct,octree_leafcount,flyby,9,996,996,0.7426880002,0.2308800071,0.9749119878,1.029382,1,0,5,40265,35232,17,17,8693,24.67359219,14.53230018,512002,0,512002,40265
cstone,d7fddfb4f8d8ada0eb1a65d1a450a66c8cbd794c,direct,octree_leafcount,flyby,9,997,997,0.6636160016,0.2063039988,0.8712319732,0.925238,1,0,4,39849,34868,17,17,8654,24.81931857,14.68400826,512002,0,512002,39849
cstone,d7fddfb4f8d8ada0eb1a65d1a450a66c8cbd794c,direct,octree_leafcount,flyby,9,998,998,0.8210240006,0.2767679989,1.099104047,1.163966,1,0,6,40017,35015,17,17,8614,24.60088533,14.62236184,512002,0,512002,40017
cstone,d7fddfb4f8d8ada0eb1a65d1a450a66c8cbd794c,direct,octree_leafcount,flyby,9,999,999,0.7462720275,0.2518720031,0.9994559884,1.060892,1,0,5,40337,35295,17,17,8625,24.43688908,14.50636067,512002,0,512002,40337
cstone,d7fddfb4f8d8ada0eb1a65d1a450a66c8cbd794c,direct,octree_leafcount,flyby,9,1000,1000,0.6526079774,0.2088319957,0.8627840281,0.920631,1,0,4,40081,35071,17,17,8594,24.50457643,14.59901343,512002,0,512002,40081
cstone,d7fddfb4f8d8ada0eb1a65d1a450a66c8cbd794c,direct,octree_leafcount,flyby,9,1001,1001,0.7972480059,0.2083519995,1.006911993,1.064649,1,0,6,39833,34854,17,17,8468,24.29563321,14.68990647,512002,0,512002,39833
cstone,d7fddfb4f8d8ada0eb1a65d1a450a66c8cbd794c,direct,octree_leafcount,flyby,9,1002,1002,0.7439360023,0.2391040027,0.9843519926,1.041866,1,0,5,40025,35022,17,17,8612,24.59025755,14.61943921,512002,0,512002,40025
cstone,d7fddfb4f8d8ada0eb1a65d1a450a66c8cbd794c,direct,octree_leafcount,flyby,9,1003,1003,0.6693760157,0.2615999877,0.932287991,0.992924,1,0,4,40065,35057,17,17,8676,24.74826711,14.60484354,512002,0,512002,40065
cstone,d7fddfb4f8d8ada0eb1a65d1a450a66c8cbd794c,direct,octree_leafcount,flyby,9,1004,1004,0.8174080253,0.2426239997,1.061344028,1.125023,1,0,6,39969,34973,17,17,8604,24.6018357,14.63992223,512002,0,512002,39969
cstone,d7fddfb4f8d8ada0eb1a65d1a450a66c8cbd794c,direct,octree_leafcount,flyby,9,1005,1005,0.7576320171,0.2614400089,1.020383954,1.083356,1,0,5,40337,35295,17,17,8734,24.74571469,14.50636067,512002,0,512002,40337
cstone,d7fddfb4f8d8ada0eb1a65d1a450a66c8cbd794c,direct,octree_leafcount,flyby,9,1006,1006,0.6632000208,0.2272959948,0.892095983,0.95135,1,0,4,40121,35106,17,17,8701,24.78493705,14.5844585,512002,0,512002,40121
cstone,d7fddfb4f8d8ada0eb1a65d1a450a66c8cbd794c,direct,octree_leafcount,flyby,9,1007,1007,0.783551991,0.2057600021,0.9906240106,1.044854,1,0,6,40097,35085,17,17,8627,24.58885564,14.59318797,512002,0,512002,40097
cstone,d7fddfb4f8d8ada0eb1a65d1a450a66c8cbd794c,direct,octree_leafcount,flyby,9,1008,1008,0.7534719706,0.2308800071,0.98566401,1.041212,1,0,5,40489,35428,17,17,8743,24.67822062,14.45190245,512002,0,512002,40489
cstone,d7fddfb4f8d8ada0eb1a65d1a450a66c8cbd794c,direct,octree_leafcount,flyby,9,1009,1009,0.6564800143,0.1981119961,0.8559039831,0.911406,1,0,4,40177,35155,17,17,8728,24.82719386,14.56413028,512002,0,512002,40177
cstone,d7fddfb4f8d8ada0eb1a65d1a450a66c8cbd794c,direct,octree_leafcount,flyby,9,1010,1010,0.7939839959,0.1868479997,0.9821439981,1.034416,1,0,6,39977,34980,17,17,8596,24.57404231,14.63699257,512002,0,512002,39977
cstone,d7fddfb4f8d8ada0eb1a65d1a450a66c8cbd794c,direct,octree_leafcount,flyby,9,1011,1011,0.7313600183,0.2144960016,0.9472000003,0.997409,1,0,5,40385,35337,17,17,8749,24.75875145,14.48911905,512002,0,512002,40385
cstone,d7fddfb4f8d8ada0eb1a65d1a450a66c8cbd794c,direct,octree_leafcount,flyby,9,1012,1012,0.6609600186,0.2224320024,0.8883519769,0.943092,1,0,4,40545,35477,17,17,8741,24.63849818,14.43194182,512002,0,512002,40545
cstone,d7fddfb4f8d8ada0eb1a65d1a450a66c8cbd794c,direct,octree_leafcount,flyby,9,1013,1013,0.7847040296,0.1943680048,0.9804159999,1.034504,1,0,6,39985,34987,17,17,8599,24.57770029,14.63406408,512002,0,512002,39985
cstone,d7fddfb4f8d8ada0eb1a65d1a450a66c8cbd794c,direct,octree_leafcount,flyby,9,1014,1014,0.7469120026,0.2247360051,0.9729599953,1.028773,1,0,5,40201,35176,17,17,8821,25.07675688,14.55543552,512002,0,512002,40201
cstone,d7fddfb4f8d8ada0eb1a65d1a450a66c8cbd794c,direct,octree_leafcount,flyby,9,1015,1015,0.6446719766,0.1921280026,0.8381119967,0.886936,1,0,4,40049,35043,17,17,8767,25.01783523,14.61067831,512002,0,512002,40049
cstone,d7fddfb4f8d8ada0eb1a65d1a450a66c8cbd794c,direct,octree_leafcount,flyby,9,1016,1016,0.8005759716,0.2232960016,1.025184035,1.080734,1,0,6,40121,35106,17,17,8654,24.6510568,14.5844585,512002,0,512002,40121
cstone,d7fddfb4f8d8ada0eb1a65d1a450a66c8cbd794c,direct,octree_leafcount,flyby,9,1017,1017,0.7379840016,0.1960639954,0.9354559779,0.987026,1,0,5,39889,34903,17,17,8716,24.97206544,14.66928344,512002,0,512002,39889
cstone,d7fddfb4f8d8ada0eb1a65d1a450a66c8cbd794c,direct,octree_leafcount,flyby,9,1018,1018,0.6574400067,0.225759998,0.8845120072,0.936597,1,0,4,39985,34987,17,17,8660,24.75205076,14.63406408,512002,0,512002,39985
cstone,d7fddfb4f8d8ada0eb1a65d1a450a66c8cbd794c,direct,octree_leafcount,flyby,9,1019,1019,0.8017600179,0.2272319943,1.030336022,1.084158,1,0,6,40001,35001,17,17,8630,24.65643839,14.62821062,512002,0,512002,40001
cstone,d7fddfb4f8d8ada0eb1a65d1a450a66c8cbd794c,direct,octree_leafcount,flyby,9,1020,1020,0.7417280078,0.225759998,0.9688000083,1.024888,1,0,5,40225,35197,17,17,8736,24.82029718,14.54675114,512002,0,512002,40225
cstone,d7fddfb4f8d8ada0eb1a65d1a450a66c8cbd794c,direct,octree_leafcount,flyby,9,1021,1021,0.6699200273,0.2624639869,0.9337279797,0.995626,1,0,4,40257,35225,17,17,8652,24.56210078,14.53518808,512002,0,512002,40257
cstone,d7fddfb4f8d8ada0eb1a65d1a450a66c8cbd794c,direct,octree_leafcount,flyby,9,1022,1022,0.8004480004,0.2288320065,1.030624032,1.090857,1,0,6,40065,35057,17,17,8474,24.17206264,14.60484354,512002,0,512002,40065
cstone,d7fddfb4f8d8ada0eb1a65d1a450a66c8cbd794c,direct,octree_leafcount,flyby,9,1023,1023,0.7471039891,0.2379200011,0.9863359928,1.044018,1,0,5,40177,35155,17,17,8741,24.86417295,14.56413028,512002,0,512002,40177
cstone,d7fddfb4f8d8ada0eb1a65d1a450a66c8cbd794c,direct,octree_leafcount,flyby,9,1024,1024,0.661920011,0.2524800003,0.9157440066,0.974851,1,0,4,40201,35176,17,17,8541,24.28075961,14.55543552,512002,0,512002,40201
cstone,d7fddfb4f8d8ada0eb1a65d1a450a66c8cbd794c,direct,octree_leafcount,flyby,9,1025,1025,0.7777280211,0.1894399971,0.968479991,1.019953,1,0,6,40153,35134,17,17,8515,24.235783,14.57283543,512002,0,512002,40153
cstone,d7fddfb4f8d8ada0eb1a65d1a450a66c8cbd794c,direct,octree_leafcount,flyby,9,1026,1026,0.7223359942,0.2014079988,0.9250879884,0.971957,1,0,5,40169,35148,17,17,8750,24.89473085,14.56703084,512002,0,512002,40169
cstone,d7fddfb4f8d8ada0eb1a65d1a450a66c8cbd794c,direct,octree_leafcount,flyby,9,1027,1027,0.6386240125,0.2022079974,0.8421440125,0.889777,1,0,4,40257,35225,17,17,8594,24.397445,14.53518808,512002,0,512002,40257
cstone,d7fddfb4f8d8ada0eb1a65d1a450a66c8cbd794c,direct,octree_leafcount,flyby,9,1028,1028,0.7855039835,0.1955199987,0.9823359847,1.02594,1,0,6,40265,35232,17,17,8584,24.36421435,14.53230018,512002,0,512002,40265
cstone,d7fddfb4f8d8ada0eb1a65d1a450a66c8cbd794c,direct,octree_leafcount,flyby,9,1029,1029,0.7168639898,0.1944960058,0.9127039909,0.957145,1,0,5,40329,35288,17,17,8802,24.94332351,14.50923827,512002,0,512002,40329
cstone,d7fddfb4f8d8ada0eb1a65d1a450a66c8cbd794c,direct,octree_leafcount,flyby,9,1030,1030,0.6320319772,0.1593279988,0.7926719785,0.835015,1,0,4,40241,35211,17,17,8699,24.70534776,14.54096731,512002,0,512002,40241
cstone,d7fddfb4f8d8ada0eb1a65d1a450a66c8cbd794c,direct,octree_leafcount,flyby,9,1031,1031,0.7901440263,0.1868479997,0.9783359766,1.020052,1,0,6,40273,35239,17,17,8615,24.44734527,14.52941343,512002,0,512002,40273
cstone,d7fddfb4f8d8ada0eb1a65d1a450a66c8cbd794c,direct,octree_leafcount,flyby,9,1032,1032,0.7198079824,0.1617279947,0.8828480244,0.926885,1,0,5,40113,35099,17,17,8823,25.1374683,14.58736716,512002,0,512002,40113
cstone,d7fddfb4f8d8ada0eb1a65d1a450a66c8cbd794c,direct,octree_leafcount,flyby,9,1033,1033,0.6293439865,0.1595840007,0.7902719975,0.83209,1,0,4,39961,34966,17,17,8588,24.56100212,14.64285306,512002,0,512002,39961
cstone,d7fddfb4f8d8ada0eb1a65d1a450a66c8cbd794c,direct,octree_leafcount,flyby,9,1034,1034,0.7953919768,0.1883520037,0.9850879908,1.028375,1,0,6,40073,35064,17,17,8606,24.54369154,14.6019279,512002,0,512002,40073
cstone,d7fddfb4f8d8ada0eb1a65d1a450a66c8cbd794c,direct,octree_leafcount,flyby,9,1035,1035,0.7364479899,0.2134719938,0.9512640238,0.999923,1,0,5,40153,35134,17,17,8790,25.0185006,14.57283543,512002,0,512002,40153
cstone,d7fddfb4f8d8ada0eb1a65d1a450a66c8cbd794c,direct,octree_leafcount,flyby,9,1036,1036,0.655008018,0.206783995,0.8631359935,0.916285,1,0,4,40081,35071,17,17,8614,24.5616036,14.59901343,512002,0,512002,40081
cstone,d7fddfb4f8d8ada0eb1a65d1a450a66c8cbd794c,direct,octree_leafcount,flyby,9,1037,1037,0.8057919741,0.2226880044,1.029824018,1.083186,1,0,6,40273,35239,17,17,8630,24.48991175,14.52941343,512002,0,512002,40273
cstone,d7fddfb4f8d8ada0eb1a65d1a450a66c8cbd794c,direct,octree_leafcount,flyby,9,1038,1038,0.7473599911,0.2001599967,0.9488319755,1.003531,1,0,5,40041,35036,17,17,8747,24.96574951,14.61359744,512002,0,512002,40041
cstone,d7fddfb4f8d8ada0eb1a65d1a450a66c8cbd794c,direct,octree_leafcount,flyby,9,1039,1039,0.6571199894,0.2073280066,0.8657919765,0.922558,1,0,4,39937,34945,17,17,8593,24.59007011,14.6516526,512002,0,512002,39937
cstone,d7fddfb4f8d8ada0eb1a65d1a450a66c8cbd794c,direct,octree_leafcount,flyby,9,1040,1040,0.8154879808,0.2472639978,1.064064026,1.123923,1,0,6,40057,35050,17,17,8600,24.5363766,14.60776034,512002,0,512002,40057
cstone,d7fddfb4f8d8ada0eb1a65d1a450a66c8cbd794c,direct,octree_leafcount,flyby,9,1041,1041,0.7384960055,0.2349759936,0.9748160243,1.031643,1,0,5,40129,35113,17,17,8695,24.76290832,14.58155099,512002,0,512002,40129
cstone,d7fddfb4f8d8ada0eb1a65d1a450a66c8cbd794c,direct,octree_leafcount,flyby,9,1042,1042,0.6482239962,0.1924480051,0.841983974,0.896977,1,0,4,40113,35099,17,17,8585,24.45938631,14.58736716,512002,0,512002,40113
cstone,d7fddfb4f8d8ada0eb1a65d1a450a66c8cbd794c,direct,octree_leafcount,flyby,9,1043,1043,0.8118079901,0.2206400037,1.033759952,1.088191,1,0,6,40529,35463,17,17,8760,24.70180188,14.43763923,512002,0,512002,40529
cstone,d7fddfb4f8d8ada0eb1a65d1a450a66c8cbd794c,direct,octree_leafcount,flyby,9,1044,1044,0.7440639734,0.200639993,0.9460480213,1.001927,1,0,5,40449,35393,17,17,8880,25.089707,14.46619388,512002,0,512002,40449
cstone,d7fddfb4f8d8ada0eb1a65d1a450a66c8cbd794c,direct,octree_leafcount,flyby,9,1045,1045,0.6491199732,0.2134719938,0.863936007,0.920996,1,0,4,40217,35190,17,17,8766,24.91048593,14.54964479,512002,0,512002,40217
cstone,d7fddfb4f8d8ada0eb1a65d1a450a66c8cbd794c,direct,octree_leafcount,flyby,9,1046,1046,0.8325440288,0.2462400049,1.080127954,1.137828,1,0,6,40625,35547,17,17,8806,24.77283596,14.4035221,512002,0,512002,40625
cstone,d7fddfb4f8d8ada0eb1a65d1a450a66c8cbd794c,direct,octree_leafcount,flyby,9,1047,1047,0.7366399765,0.2175679952,0.9555519819,1.014703,1,0,5,40457,35400,17,17,8928,25.22033898,14.46333333,512002,0,512002,40457
cstone,d7fddfb4f8d8ada0eb1a65d1a450a66c8cbd794c,direct,octree_leafcount,flyby,9,1048,1048,0.6468480229,0.200639993,0.8488320112,0.902783,1,0,4,40305,35267,17,17,8736,24.77103241,14.5178779,512002,0,512002,40305
cstone,d7fddfb4f8d8ada0eb1a65d1a450a66c8cbd794c,direct,octree_leafcount,flyby,9,1049,1049,0.8025919795,0.2267840058,1.030848026,1.083618,1,0,6,40489,35428,17,17,8807,24.85886869,14.45190245,512002,0,512002,40489
cstone,d7fddfb4f8d8ada0eb1a65d1a450a66c8cbd794c,direct,octree_leafcount,flyby,9,1050,1050,0.7367359996,0.2104000002,0.94848001,1.006535,1,0,5,40225,35197,17,17,8859,25.16975879,14.54675114,512002,0,512002,40225
cstone,d7fddfb4f8d8ada0eb1a65d1a450a66c8cbd794c,direct,octree_leafcount,flyby,9,1051,1051,0.7201279998,0.1991360039,0.9205759764,0.973463,1,0,5,40201,35176,17,17,8638,24.55651581,14.55543552,512002,0,512002,40201
cstone,d7fddfb4f8d8ada0eb1a65d1a450a66c8cbd794c,direct,octree_leafcount,flyby,9,1052,1052,0.8134400249,0.2227199972,1.037503958,1.091946,1,0,6,40497,35435,17,17,8710,24.5802173,14.44904755,512002,0,512002,40497
cstone,d7fddfb4f8d8ada0eb1a65d1a450a66c8cbd794c,direct,octree_leafcount,flyby,9,1053,1053,0.7450559735,0.2022079974,0.9486079812,1.003114,1,0,5,40193,35169,17,17,8784,24.97654184,14.55833262,512002,0,512002,40193
cstone,d7fddfb4f8d8ada0eb1a65d1a450a66c8cbd794c,direct,octree_leafcount,flyby,9,1054,1054,0.6556159854,0.2149759978,0.8719360232,0.929551,1,0,4,40097,35085,17,17,8701,24.79977198,14.59318797,512002,0,512002,40097
cstone,d7fddfb4f8d8ada0eb1a65d1a450a66c8cbd794c,direct,octree_leafcount,flyby,9,1055,1055,0.8161600232,0.2196159959,1.037088037,1.094739,1,0,6,40073,35064,17,17,8676,24.74332649,14.6019279,512002,0,512002,40073
cstone,d7fddfb4f8d8ada0eb1a65d1a450a66c8cbd794c,direct,octree_leafcount,flyby,9,1056,1056,0.7482560277,0.2058240026,0.9553920031,1.010899,1,0,5,39913,34924,17,17,8761,25.08590081,14.66046272,512002,0,512002,39913
cstone,d7fddfb4f8d8ada0eb1a65d1a450a66c8cbd794c,direct,octree_leafcount,flyby,9,1057,1057,0.6621440053,0.2329600006,0.8964480162,0.954266,1,0,4,39961,34966,17,17,8554,24.4637648,14.64285306,512002,0,512002,39961
cstone,d7fddfb4f8d8ada0eb1a65d1a450a66c8cbd794c,direct,octree_leafcount,flyby,9,1058,1058,0.8226559758,0.2227520049,1.046720028,1.101075,1,0,6,40377,35330,17,17,8721,24.68440419,14.49198981,512002,0,512002,40377
cstone,d7fddfb4f8d8ada0eb1a65d1a450a66c8cbd794c,direct,octree_leafcount,flyby,9,1059,1059,0.7421759963,0.2135040015,0.9570239782,1.015834,1,0,5,40217,35190,17,17,8872,25.21170787,14.54964479,512002,0,512002,40217
cstone,d7fddfb4f8d8ada0eb1a65d1a450a66c8cbd794c,direct,octree_leafcount,flyby,9,1060,1060,0.6434879899,0.1888639927,0.8336960077,0.88465,1,0,4,39921,34931,17,17,8621,24.68008359,14.65752483,512002,0,512002,39921
cstone,d7fddfb4f8d8ada0eb1a65d1a450a66c8cbd794c,direct,octree_leafcount,flyby,9,1061,1061,0.8119680285,0.2227199972,1.036000013,1.088636,1,0,6,40169,35148,17,17,8627,24.54478206,14.56703084,512002,0,512002,40169
cstone,d7fddfb4f8d8ada0eb1a65d1a450a66c8cbd794c,direct,octree_leafcount,flyby,9,1062,1062,0.7385920286,0.2175679952,0.9575039744,1.011089,1,0,5,40225,35197,17,17,8796,24.99076626,14.54675114,512002,0,512002,40225
cstone,d7fddfb4f8d8ada0eb1a65d1a450a66c8cbd794c,direct,octree_leafcount,flyby,9,1063,1063,0.6616320014,0.2073280066,0.8703039885,0.924762,1,0,4,40225,35197,17,17,8672,24.63846351,14.54675114,512002,0,512002,40225
cstone,d7fddfb4f8d8ada0eb1a65d1a450a66c8cbd794c,direct,octree_leafcount,flyby,9,1064,1064,0.8155519962,0.2421440035,1.05903995,1.115495,1,0,6,40537,35470,17,17,8765,24.7110234,14.43478996,512002,0,512002,40537
cstone,d7fddfb4f8d8ada0eb1a65d1a450a66c8cbd794c,direct,octree_leafcount,flyby,9,1065,1065,0.738943994,0.2149759978,0.9552320242,1.011529,1,0,5,40361,35316,17,17,8806,24.93487371,14.49773474,512002,0,512002,40361
cstone,d7fddfb4f8d8ada0eb1a65d1a450a66c8cbd794c,direct,octree_leafcount,flyby,9,1066,1066,0.6446400285,0.1971520036,0.8431360126,0.897482,1,0,4,40073,35064,17,17,8620,24.58361853,14.6019279,512002,0,512002,40073
cstone,d7fddfb4f8d8ada0eb1a65d1a450a66c8cbd794c,direct,octree_leafcount,flyby,9,1067,1067,0.8165119886,0.2441920042,1.062047958,1.11939,1,0,6,40257,35225,17,17,8739,24.80908446,14.53518808,512002,0,512002,40257
cstone,d7fddfb4f8d8ada0eb1a65d1a450a66c8cbd794c,direct,octree_leafcount,flyby,9,1068,1068,0.7509120107,0.2648960054,1.017120004,1.081362,1,0,5,40337,35295,17,17,8807,24.95254285,14.50636067,512002,0,512002,40337
cstone,d7fddfb4f8d8ada0eb1a65d1a450a66c8cbd794c,direct,octree_leafcount,flyby,9,1069,1069,0.6610559821,0.2366719991,0.8990719914,0.961823,1,0,4,40081,35071,17,17,8587,24.48461692,14.59901343,512002,0,512002,40081
cstone,d7fddfb4f8d8ada0eb1a65d1a450a66c8cbd794c,direct,octree_leafcount,flyby,9,1070,1070,0.825248003,0.2329279929,1.059520006,1.115361,1,0,6,40321,35281,17,17,8621,24.43524843,14.512117,512002,0,512002,40321
cstone,d7fddfb4f8d8ada0eb1a65d1a450a66c8cbd794c,direct,octree_leafcount,flyby,9,1071,1071,0.7417920232,0.1970880032,0.9402239919,0.993694,1,0,5,39945,34952,17,17,8722,24.95422293,14.64871824,512002,0,512002,39945
cstone,d7fddfb4f8d8ada0eb1a65d1a450a66c8cbd794c,direct,octree_leafcount,flyby,9,1072,1072,0.6557760239,0.2052800059,0.8623999953,0.917437,1,0,4,39921,34931,17,17,8480,24.27643068,14.65752483,512002,0,512002,39921
cstone,d7fddfb4f8d8ada0eb1a65d1a450a66c8cbd794c,direct,octree_leafcount,flyby,9,1073,1073,0.8235520124,0.2349759936,1.059839964,1.116356,1,0,6,40441,35386,17,17,8610,24.33165659,14.46905556,512002,0,512002,40441
cstone,d7fddfb4f8d8ada0eb1a65d1a450a66c8cbd794c,direct,octree_leafcount,flyby,9,1074,1074,0.7295680046,0.1888960004,0.9198079705,0.971913,1,0,5,40369,35323,17,17,8684,24.58454831,14.4948617,512002,0,512002,40369
cstone,d7fddfb4f8d8ada0eb1a65d1a450a66c8cbd794c,direct,octree_leafcount,flyby,9,1075,1075,0.6466240287,0.2047359943,0.8527680039,0.906744,1,0,4,39993,34994,17,17,8472,24.20986455,14.63113677,512002,0,512002,39993
cstone,d7fddfb4f8d8ada0eb1a65d1a450a66c8cbd794c,direct,octree_leafcount,flyby,9,1076,1076,0.8239679933,0.2472639978,1.072543979,1.131437,1,0,6,40297,35260,17,17,8642,24.50935905,14.52076007,512002,0,512002,40297
cstone,d7fddfb4f8d8ada0eb1a65d1a450a66c8cbd794c,direct,octree_leafcount,flyby,9,1077,1077,0.7399039865,0.2129279971,0.9541760087,1.010485,1,0,5,40105,35092,17,17,8606,24.52410806,14.59027699,512002,0,512002,40105
cstone,d7fddfb4f8d8ada0eb1a65d1a450a66c8cbd794c,direct,octree_leafcount,flyby,9,1078,1078,0.6560959816,0.2134719938,0.8708800077,0.928635,1,0,4,39697,34735,17,17,8430,24.26946884,14.74023319,512002,0,512002,39697
cstone,d7fddfb4f8d8ada0eb1a65d1a450a66c8cbd794c,direct,octree_leafcount,flyby,9,1079,1079,0.8262400031,0.2344319969,1.06201601,1.116307,1,0,6,40097,35085,17,17,8581,24.45774548,14.59318797,512002,0,512002,40097
cstone,d7fddfb4f8d8ada0eb1a65d1a450a66c8cbd794c,direct,octree_leafcount,flyby,9,1080,1080,0.7395840287,0.2042559981,0.9451839924,1.000142,1,0,5,40049,35043,17,17,8610,24.56981423,14.61067831,512002,0,512002,40049
cstone,d7fddfb4f8d8ada0eb1a65d1a450a66c8cbd794c,direct,octree_leafcount,flyby,9,1081,1081,0.6572480202,0.2032320052,0.861823976,0.916218,1,0,4,39825,34847,17,17,8505,24.40669211,14.69285735,512002,0,512002,39825
cstone,d7fddfb4f8d8ada0eb1a65d1a450a66c8cbd794c,direct,octree_leafcount,flyby,9,1082,1082,0.8235520124,0.2339520007,1.058848023,1.113807,1,0,6,40137,35120,17,17,8617,24.53587699,14.57864465,512002,0,512002,40137
cstone,d7fddfb4f8d8ada0eb1a65d1a450a66c8cbd794c,direct,octree_leafcount,flyby,9,1083,1083,0.7342720032,0.2287999988,0.9643840194,1.017813,1,0,5,40169,35148,17,17,8759,24.92033686,14.56703084,512002,0,512002,40169
cstone,d7fddfb4f8d8ada0eb1a65d1a450a66c8cbd794c,direct,octree_leafcount,flyby,9,1084,1084,0.6550400257,0.2175679952,0.8739519715,0.932166,1,0,4,39713,34749,17,17,8509,24.4870356,14.73429451,512002,0,512002,39713
cstone,d7fddfb4f8d8ada0eb1a65d1a450a66c8cbd794c,direct,octree_leafcount,flyby,9,1085,1085,0.8121920228,0.2515200078,1.065055966,1.124271,1,0,6,39889,34903,17,17,8465,24.25292955,14.66928344,512002,0,512002,39889
cstone,d7fddfb4f8d8ada0eb1a65d1a450a66c8cbd794c,direct,octree_leafcount,flyby,9,1086,1086,0.7282879949,0.1960639954,0.9256960154,0.979223,1,0,5,39881,34896,17,17,8509,24.38388354,14.67222604,512002,0,512002,39881
cstone,d7fddfb4f8d8ada0eb1a65d1a450a66c8cbd794c,direct,octree_leafcount,flyby,9,1087,1087,0.6522240043,0.2058880031,0.8594560027,0.915058,1,0,4,39785,34812,17,17,8359,24.011835,14.70762955,512002,0,512002,39785
cstone,d7fddfb4f8d8ada0eb1a65d1a450a66c8cbd794c,direct,octree_leafcount,flyby,9,1088,1088,0.8150079846,0.2226880044,1.039008021,1.09261,1,0,6,40201,35176,17,17,8500,24.16420287,14.55543552,512002,0,512002,40201
cstone,d7fddfb4f8d8ada0eb1a65d1a450a66c8cbd794c,direct,octree_leafcount,flyby,9,1089,1089,0.7189120054,0.1944960058,0.9147520065,0.96711,1,0,5,40129,35113,17,17,8545,24.33571612,14.58155099,512002,0,512002,40129
cstone,d7fddfb4f8d8ada0eb1a65d1a450a66c8cbd794c,direct,octree_leafcount,flyby,9,1090,1090,0.632160008,0.1899199933,0.8234239817,0.874858,1,0,4,39793,34819,17,17,8471,24.32867113,14.70467274,512002,0,512002,39793
cstone,d7fddfb4f8d8ada0eb1a65d1a450a66c8cbd794c,direct,octree_leafcount,flyby,9,1091,1091,0.7946879864,0.2565119863,1.052543998,1.113577,1,0,6,40009,35008,17,17,8540,24.39442413,14.62528565,512002,0,512002,40009
cstone,d7fddfb4f8d8ada0eb1a65d1a450a66c8cbd794c,direct,octree_leafcount,flyby,9,1092,1092,0.7430080175,0.2273920029,0.9717440009,1.031497,1,0,5,39785,34812,17,17,8509,24.4427209,14.70762955,512002,0,512002,39785
cstone,d7fddfb4f8d8ada0eb1a65d1a450a66c8cbd794c,direct,octree_leafcount,flyby,9,1093,1093,0.6527680159,0.2001599967,0.8542400002,0.910727,1,0,4,39705,34742,17,17,8436,24.28184906,14.73726325,512002,0,512002,39705
cstone,d7fddfb4f8d8ada0eb1a65d1a450a66c8cbd794c,direct,octree_leafcount,flyby,9,1094,1094,0.8006079793,0.2360000014,1.037951946,1.094358,1,0,6,40233,35204,17,17,8497,24.13646177,14.54385865,512002,0,512002,40233
cstone,d7fddfb4f8d8ada0eb1a65d1a450a66c8cbd794c,direct,octree_leafcount,flyby,9,1095,1095,0.7297599912,0.2152640074,0.946367979,1.002857,1,0,5,39801,34826,17,17,8526,24.48170907,14.70171711,512002,0,512002,39801
cstone,d7fddfb4f8d8ada0eb1a65d1a450a66c8cbd794c,direct,octree_leafcount,flyby,9,1096,1096,0.6500480175,0.2144960016,0.8658559918,0.925557,1,0,4,39753,34784,17,17,8341,23.97941582,14.71946872,512002,0,512002,39753
cstone,d7fddfb4f8d8ada0eb1a65d1a450a66c8cbd794c,direct,octree_leafcount,flyby,9,1097,1097,0.8048319817,0.2441920042,1.050367951,1.107679,1,0,6,40169,35148,17,17,8529,24.26596108,14.56703084,512002,0,512002,40169
cstone,d7fddfb4f8d8ada0eb1a65d1a450a66c8cbd794c,direct,octree_leafcount,flyby,9,1098,1098,0.734431982,0.2380480021,0.9738240242,1.031233,1,0,5,40185,35162,17,17,8660,24.6288607,14.56123087,512002,0,512002,40185
cstone,d7fddfb4f8d8ada0eb1a65d1a450a66c8cbd794c,direct,octree_leafcount,flyby,9,1099,1099,0.6547520161,0.2064639926,0.8625599742,0.917719,1,0,4,39745,34777,17,17,8537,24.54783334,14.72243149,512002,0,512002,39745
cstone,d7fddfb4f8d8ada0eb1a65d1a450a66c8cbd794c,direct,octree_leafcount,flyby,9,1100,1100,0.8032640219,0.2472639978,1.054047942,1.113236,1,0,6,40361,35316,17,17,8678,24.57243176,14.49773474,512002,0,512002,40361
cstone,d7fddfb4f8d8ada0eb1a65d1a450a66c8cbd794c,direct,octree_leafcount,flyby,9,1101,1101,0.7311999798,0.218592003,0.9511039853,1.00813,1,0,5,40249,35218,17,17,8790,24.95882787,14.53807712,512002,0,512002,40249
cstone,d7fddfb4f8d8ada0eb1a65d1a450a66c8cbd794c,direct,octree_leafcount,flyby,9,1102,1102,0.6443200111,0.2059839964,0.8516479731,0.906886,1,0,4,40089,35078,17,17,8601,24.51964194,14.59610012,512002,0,512002,40089
cstone,d7fddfb4f8d8ada0eb1a65d1a450a66c8cbd794c,direct,octree_leafcount,flyby,9,1103,1103,0.798240006,0.2349759936,1.034559965,1.090726,1,0,6,40289,35253,17,17,8734,24.77519644,14.52364338,512002,0,512002,40289
cstone,d7fddfb4f8d8ada0eb1a65d1a450a66c8cbd794c,direct,octree_leafcount,flyby,9,1104,1104,0.7428159714,0.2462400049,0.9904000163,1.050426,1,0,5,40425,35372,17,17,8838,24.98586453,14.47478231,512002,0,512002,40425
cstone,d7fddfb4f8d8ada0eb1a65d1a450a66c8cbd794c,direct,octree_leafcount,flyby,9,1105,1105,0.6503679752,0.206783995,0.8584960103,0.91427,1,0,4,40337,35295,17,17,8691,24.6238844,14.50636067,512002,0,512002,40337
cstone,d7fddfb4f8d8ada0eb1a65d1a450a66c8cbd794c,direct,octree_leafcount,flyby,9,1106,1106,0.8107200265,0.2241919935,1.036255956,1.088435,1,0,6,40745,35652,17,17,8803,24.69146191,14.36110176,512002,0,512002,40745
cstone,d7fddfb4f8d8ada0eb1a65d1a450a66c8cbd794c,direct,octree_leafcount,flyby,9,1107,1107,0.7411519885,0.2052800059,0.9477440119,1.002116,1,0,5,40689,35603,17,17,8846,24.84622082,14.38086678,512002,0,512002,40689
cstone,d7fddfb4f8d8ada0eb1a65d1a450a66c8cbd794c,direct,octree_leafcount,flyby,9,1108,1108,0.660063982,0.2073599994,0.8687999845,0.925583,1,0,4,40593,35519,17,17,8746,24.62344098,14.41487654,512002,0,512002,40593
cstone,d7fddfb4f8d8ada0eb1a65d1a450a66c8cbd794c,direct,octree_leafcount,flyby,9,1109,1109,0.8095999956,0.2011840045,1.012127995,1.065952,1,0,6,40593,35519,17,17,8735,24.59247163,14.41487654,512002,0,512002,40593
cstone,d7fddfb4f8d8ada0eb1a65d1a450a66c8cbd794c,direct,octree_leafcount,flyby,9,1110,1110,0.737695992,0.2370239943,0.9760640264,1.033772,1,0,5,40649,35568,17,17,8924,25.08996851,14.39501799,512002,0,512002,40649
cstone,d7fddfb4f8d8ada0eb1a65d1a450a66c8cbd794c,direct,octree_leafcount,flyby,9,1111,1111,0.6465280056,0.2006080002,0.8484799862,0.901153,1,0,4,40457,35400,17,17,8794,24.84180791,14.46333333,512002,0,512002,40457
cstone,d7fddfb4f8d8ada0eb1a65d1a450a66c8cbd794c,direct,octree_leafcount,flyby,9,1112,1112,0.8154559731,0.2329279929,1.049728036,1.105762,1,0,6,41009,35883,17,17,8945,24.928239,14.26865089,512002,0,512002,41009
cstone,d7fddfb4f8d8ada0eb1a65d1a450a66c8cbd794c,direct,octree_leafcount,flyby,9,1113,1113,0.7317759991,0.2022079974,0.9352959991,0.991769,1,0,5,40705,35617,17,17,8971,25.18741051,14.37521408,512002,0,512002,40705
cstone,d7fddfb4f8d8ada0eb1a65d1a450a66c8cbd794c,direct,octree_leafcount,flyby,9,1114,1114,0.6582400203,0.1981119961,0.8576959968,0.912831,1,0,4,40673,35589,17,17,8841,24.84194554,14.38652393,512002,0,512002,40673
cstone,d7fddfb4f8d8ada0eb1a65d1a450a66c8cbd794c,direct,octree_leafcount,flyby,9,1115,1115,0.8088319898,0.2191040069,1.029279947,1.080632,1,0,6,40681,35596,17,17,8846,24.85110687,14.3836948,512002,0,512002,40681
cstone,d7fddfb4f8d8ada0eb1a65d1a450a66c8cbd794c,direct,octree_leafcount,flyby,9,1116,1116,0.7447040081,0.2047359943,0.9507840276,1.00652,1,0,5,40417,35365,17,17,8921,25.22550544,14.47764739,512002,0,512002,40417
cstone,d7fddfb4f8d8ada0eb1a65d1a450a66c8cbd794c,direct,octree_leafcount,flyby,9,1117,1117,0.725120008,0.1991360039,0.9255999923,0.97854,1,0,5,40169,35148,17,17,8747,24.88619552,14.56703084,512002,0,512002,40169
cstone,d7fddfb4f8d8ada0eb1a65d1a450a66c8cbd794c,direct,octree_leafcount,flyby,9,1118,1118,0.8176959753,0.2196159959,1.038624048,1.093856,1,0,6,40401,35351,17,17,8700,24.61033634,14.48338095,512002,0,512002,40401
cstone,d7fddfb4f8d8ada0eb1a65d1a450a66c8cbd794c,direct,octree_leafcount,flyby,9,1119,1119,0.7494080067,0.2088959962,0.9596480131,1.015742,1,0,5,40233,35204,17,17,8860,25.16759459,14.54385865,512002,0,512002,40233
cstone,d7fddfb4f8d8ada0eb1a65d1a450a66c8cbd794c,direct,octree_leafcount,flyby,9,1120,1120,0.6550400257,0.2022079974,0.8585919738,0.914413,1,0,4,40121,35106,17,17,8654,24.6510568,14.5844585,512002,0,512002,40121
cstone,d7fddfb4f8d8ada0eb1a65d1a450a66c8cbd794c,direct,octree_leafcount,flyby,9,1121,1121,0.8118399978,0.2380480021,1.05123198,1.106311,1,0,6,40353,35309,17,17,8764,24.8208672,14.50060891,512002,0,512002,40353
cstone,d7fddfb4f8d8ada0eb1a65d1a450a66c8cbd794c,direct,octree_leafcount,flyby,9,1122,1122,0.7465919852,0.2144960016,0.9624000192,1.017935,1,0,5,40241,35211,17,17,8897,25.26767203,14.54096731,512002,0,512002,40241
cstone,d7fddfb4f8d8ada0eb1a65d1a450a66c8cbd794c,direct,octree_leafcount,flyby,9,1123,1123,0.6679040194,0.2148479968,0.8841599822,0.94134,1,0,4,40177,35155,17,17,8745,24.87555113,14.56413028,512002,0,512002,40177
cstone,d7fddfb4f8d8ada0eb1a65d1a450a66c8cbd794c,direct,octree_leafcount,flyby,9,1124,1124,0.8173760176,0.2452159971,1.063935995,1.124629,1,0,6,40329,35288,17,17,8743,24.77612786,14.50923827,512002,0,512002,40329
cstone,d7fddfb4f8d8ada0eb1a65d1a450a66c8cbd794c,direct,octree_leafcount,flyby,9,1125,1125,0.7511039972,0.2412479967,0.9936959743,1.05331,1,0,5,40441,35386,17,17,8890,25.12292997,14.46905556,512002,0,512002,40441
cstone,d7fddfb4f8d8ada0eb1a65d1a450a66c8cbd794c,direct,octree_leafcount,flyby,9,1126,1126,0.6764159799,0.2088319957,0.8865919709,0.948847,1,0,4,40353,35309,17,17,8687,24.60279249,14.50060891,512002,0,512002,40353
cstone,d7fddfb4f8d8ada0eb1a65d1a450a66c8cbd794c,direct,octree_leafcount,flyby,9,1127,1127,0.8109120131,0.2395520061,1.051776052,1.108384,1,0,6,40649,35568,17,17,8788,24.70760234,14.39501799,512002,0,512002,40649
cstone,d7fddfb4f8d8ada0eb1a65d1a450a66c8cbd794c,direct,octree_leafcount,flyby,9,1128,1128,0.7582079768,0.2032320052,0.9627839923,1.018925,1,0,5,40409,35358,17,17,8866,25.07494768,14.4805136,512002,0,512002,40409
cstone,d7fddfb4f8d8ada0eb1a65d1a450a66c8cbd794c,direct,octree_leafcount,flyby,9,1129,1129,0.6623679996,0.2108799964,0.8746240139,0.93084,1,0,4,40305,35267,17,17,8669,24.58105311,14.5178779,512002,0,512002,40305
cstone,d7fddfb4f8d8ada0eb1a65d1a450a66c8cbd794c,direct,octree_leafcount,flyby,9,1130,1130,0.8225600123,0.2052800059,1.029183984,1.097517,1,0,6,40225,35197,17,17,8666,24.6214166,14.54675114,512002,0,512002,40225
cstone,d7fddfb4f8d8ada0eb1a65d1a450a66c8cbd794c,direct,octree_leafcount,flyby,9,1131,1131,0.7498880029,0.2165440023,0.9677439928,1.025414,1,0,5,40153,35134,17,17,8836,25.1494279,14.57283543,512002,0,512002,40153
cstone,d7fddfb4f8d8ada0eb1a65d1a450a66c8cbd794c,direct,octree_leafcount,flyby,9,1132,1132,0.6480320096,0.220096007,0.8694400191,0.924074,1,0,4,40233,35204,17,17,8752,24.86081127,14.54385865,512002,0,512002,40233
cstone,d7fddfb4f8d8ada0eb1a65d1a450a66c8cbd794c,direct,octree_leafcount,flyby,9,1133,1133,0.8035200238,0.2197120041,1.024544001,1.076747,1,0,6,40273,35239,17,17,8754,24.8417946,14.52941343,512002,0,512002,40273
cstone,d7fddfb4f8d8ada0eb1a65d1a450a66c8cbd794c,direct,octree_leafcount,flyby,9,1134,1134,0.7248960137,0.1817280054,0.9079679847,0.956838,1,0,5,40209,35183,17,17,8932,25.38726089,14.55253958,512002,0,512002,40209
cstone,d7fddfb4f8d8ada0eb1a65d1a450a66c8cbd794c,direct,octree_leafcount,flyby,9,1135,1135,0.6579200029,0.2339520007,0.8931840062,0.947402,1,0,4,40241,35211,17,17,8765,24.89278919,14.54096731,512002,0,512002,40241
cstone,d7fddfb4f8d8ada0eb1a65d1a450a66c8cbd794c,direct,octree_leafcount,flyby,9,1136,1136,0.7888320088,0.2008959949,0.9910719991,1.045147,1,0,6,40241,35211,17,17,8740,24.82178865,14.54096731,512002,0,512002,40241
cstone,d7fddfb4f8d8ada0eb1a65d1a450a66c8cbd794c,direct,octree_leafcount,flyby,9,1137,1137,0.7466239929,0.2329279929,0.9808959961,1.036184,1,0,5,40257,35225,17,17,8940,25.37970192,14.53518808,512002,0,512002,40257
cstone,d7fddfb4f8d8ada0eb1a65d1a450a66c8cbd794c,direct,octree_leafcount,flyby,9,1138,1138,0.6426560283,0.2134719938,0.8574720025,0.908841,1,0,4,40305,35267,17,17,8823,25.01772195,14.5178779,512002,0,512002,40305
cstone,d7fddfb4f8d8ada0eb1a65d1a450a66c8cbd794c,direct,octree_leafcount,flyby,9,1139,1139,0.7946879864,0.2124480009,1.008479953,1.065757,1,0,6,40025,35022,17,17,8638,24.6644966,14.61943921,512002,0,512002,40025
cstone,d7fddfb4f8d8ada0eb1a65d1a450a66c8cbd794c,direct,octree_leafcount,flyby,9,1140,1140,0.7569919825,0.2897279859,1.048063993,1.111329,1,0,5,40217,35190,17,17,8781,24.95311168,14.54964479,512002,0,512002,40217
cstone,d7fddfb4f8d8ada0eb1a65d1a450a66c8cbd794c,direct,octree_leafcount,flyby,9,1141,1141,0.6613119841,0.2482880056,0.9109119773,0.970114,1,0,4,40409,35358,17,17,8717,24.65354375,14.4805136,512002,0,512002,40409
cstone,d7fddfb4f8d8ada0eb1a65d1a450a66c8cbd794c,direct,octree_leafcount,flyby,9,1142,1142,0.8134080172,0.2170560062,1.031775951,1.092758,1,0,6,40233,35204,17,17,8692,24.69037609,14.54385865,512002,0,512002,40233
cstone,d7fddfb4f8d8ada0eb1a65d1a450a66c8cbd794c,direct,octree_leafcount,flyby,9,1143,1143,0.7362880111,0.2293120027,0.9669439793,1.021648,1,0,5,40321,35281,17,17,8774,24.86890961,14.512117,512002,0,512002,40321
cstone,d7fddfb4f8d8ada0eb1a65d1a450a66c8cbd794c,direct,octree_leafcount,flyby,9,1144,1144,0.6664000154,0.2400960028,0.9078400135,0.966026,1,0,4,40377,35330,17,17,8768,24.81743561,14.49198981,512002,0,512002,40377
cstone,d7fddfb4f8d8ada0eb1a65d1a450a66c8cbd794c,direct,octree_leafcount,flyby,9,1145,1145,0.8145279884,0.2360640019,1.05193603,1.113226,1,0,6,40433,35379,17,17,8693,24.57107324,14.47191837,512002,0,512002,40433
cstone,d7fddfb4f8d8ada0eb1a65d1a450a66c8cbd794c,direct,octree_leafcount,flyby,9,1146,1146,0.7479040027,0.2063039988,0.9555199742,1.012746,1,0,5,40425,35372,17,17,8870,25.07633156,14.47478231,512002,0,512002,40425
cstone,d7fddfb4f8d8ada0eb1a65d1a450a66c8cbd794c,direct,octree_leafcount,flyby,9,1147,1147,0.6560000181,0.2073280066,0.8646399975,0.920012,1,0,4,40241,35211,17,17,8744,24.83314873,14.54096731,512002,0,512002,40241
cstone,d7fddfb4f8d8ada0eb1a65d1a450a66c8cbd794c,direct,octree_leafcount,flyby,9,1148,1148,0.7928959727,0.201248005,0.9954559803,1.052179,1,0,6,40161,35141,17,17,8667,24.66349848,14.56993256,512002,0,512002,40161
cstone,d7fddfb4f8d8ada0eb1a65d1a450a66c8cbd794c,direct,octree_leafcount,flyby,9,1149,1149,0.7468479872,0.2247360051,0.9729279876,1.02928,1,0,5,40217,35190,17,17,8752,24.8707019,14.54964479,512002,0,512002,40217
cstone,d7fddfb4f8d8ada0eb1a65d1a450a66c8cbd794c,direct,octree_leafcount,flyby,9,1150,1150,0.6627519727,0.2267840058,0.890847981,0.944851,1,0,4,40353,35309,17,17,8627,24.43286414,14.50060891,512002,0,512002,40353
cstone,d7fddfb4f8d8ada0eb1a65d1a450a66c8cbd794c,direct,octree_leafcount,flyby,9,1151,1151,0.7992960215,0.1960639954,0.9966719747,1.051607,1,0,6,40345,35302,17,17,8557,24.23941986,14.50348422,512002,0,512002,40345
cstone,d7fddfb4f8d8ada0eb1a65d1a450a66c8cbd794c,direct,octree_leafcount,flyby,9,1152,1152,0.7485120296,0.1970880032,0.9469439983,1.003089,1,0,5,40313,35274,17,17,8673,24.58751488,14.51499688,512002,0,512002,40313
cstone,d7fddfb4f8d8ada0eb1a65d1a450a66c8cbd794c,direct,octree_leafcount,flyby,9,1153,1153,0.668479979,0.2370239943,0.9068480134,0.962583,1,0,4,40417,35365,17,17,8622,24.38003676,14.47764739,512002,0,512002,40417
cstone,d7fddfb4f8d8ada0eb1a65d1a450a66c8cbd794c,direct,octree_leafcount,flyby,9,1154,1154,0.809920013,0.2042559981,1.015488029,1.070662,1,0,6,40169,35148,17,17,8570,24.38261067,14.56703084,512002,0,512002,40169
cstone,d7fddfb4f8d8ada0eb1a65d1a450a66c8cbd794c,direct,octree_leafcount,flyby,9,1155,1155,0.7358400226,0.225759998,0.9629120231,1.014813,1,0,5,40505,35442,17,17,8723,24.61204221,14.44619378,512002,0,512002,40505
cstone,d7fddfb4f8d8ada0eb1a65d1a450a66c8cbd794c,direct,octree_leafcount,flyby,9,1156,1156,0.650752008,0.1929920018,0.8450880051,0.898457,1,0,4,40433,35379,17,17,8711,24.62195087,14.47191837,512002,0,512002,40433
cstone,d7fddfb4f8d8ada0eb1a65d1a450a66c8cbd794c,direct,octree_leafcount,flyby,9,1157,1157,0.791072011,0.2278079987,1.020192027,1.075172,1,0,6,40441,35386,17,17,8623,24.36839428,14.46905556,512002,0,512002,40441
cstone,d7fddfb4f8d8ada0eb1a65d1a450a66c8cbd794c,direct,octree_leafcount,flyby,9,1158,1158,0.7402880192,0.2421440035,0.9837759733,1.040932,1,0,5,40497,35435,17,17,8715,24.59432764,14.44904755,512002,0,512002,40497
cstone,d7fddfb4f8d8ada0eb1a65d1a450a66c8cbd794c,direct,octree_leafcount,flyby,9,1159,1159,0.6732159853,0.2007679939,0.8753280044,0.928515,1,0,4,40465,35407,17,17,8748,24.70697885,14.46047392,512002,0,512002,40465
cstone,d7fddfb4f8d8ada0eb1a65d1a450a66c8cbd794c,direct,octree_leafcount,flyby,9,1160,1160,0.8108479977,0.2313279957,1.043488026,1.104568,1,0,6,40225,35197,17,17,8653,24.58448163,14.54675114,512002,0,512002,40225
cstone,d7fddfb4f8d8ada0eb1a65d1a450a66c8cbd794c,direct,octree_leafcount,flyby,9,1161,1161,0.7514560223,0.2608320117,1.013632059,1.07381,1,0,5,40577,35505,17,17,8746,24.63315026,14.42056048,512002,0,512002,40577
cstone,d7fddfb4f8d8ada0eb1a65d1a450a66c8cbd794c,direct,octree_leafcount,flyby,9,1162,1162,0.6561279893,0.2179840058,0.8754559755,0.934347,1,0,4,40417,35365,17,17,8731,24.6882511,14.47764739,512002,0,512002,40417
cstone,d7fddfb4f8d8ada0eb1a65d1a450a66c8cbd794c,direct,octree_leafcount,flyby,9,1163,1163,0.7937920094,0.2456959933,1.040799975,1.103911,1,0,6,40193,35169,17,17,8645,24.5813074,14.55833262,512002,0,512002,40193
cstone,d7fddfb4f8d8ada0eb1a65d1a450a66c8cbd794c,direct,octree_leafcount,flyby,9,1164,1164,0.7453119755,0.2503359914,0.9969599843,1.057865,1,0,5,40705,35617,17,17,8742,24.54445911,14.37521408,512002,0,512002,40705
cstone,d7fddfb4f8d8ada0eb1a65d1a450a66c8cbd794c,direct,octree_leafcount,flyby,9,1165,1165,0.6487039924,0.2127999961,0.8628159761,0.920561,1,0,4,40633,35554,17,17,8801,24.75389548,14.40068628,512002,0,512002,40633
cstone,d7fddfb4f8d8ada0eb1a65d1a450a66c8cbd794c,direct,octree_leafcount,flyby,9,1166,1166,0.8095039725,0.222240001,1.033087969,1.092858,1,0,6,40177,35155,17,17,8607,24.48300384,14.56413028,512002,0,512002,40177
cstone,d7fddfb4f8d8ada0eb1a65d1a450a66c8cbd794c,direct,octree_leafcount,flyby,9,1167,1167,0.7523199916,0.259552002,1.013183951,1.076083,1,0,5,40705,35617,17,17,8761,24.59780442,14.37521408,512002,0,512002,40705
cstone,d7fddfb4f8d8ada0eb1a65d1a450a66c8cbd794c,direct,octree_leafcount,flyby,9,1168,1168,0.6605119705,0.2378879935,0.9008960128,0.962969,1,0,4,40465,35407,17,17,8783,24.80582936,14.46047392,512002,0,512002,40465
cstone,d7fddfb4f8d8ada0eb1a65d1a450a66c8cbd794c,direct,octree_leafcount,flyby,9,1169,1169,0.8089920282,0.240575999,1.050879955,1.112622,1,0,6,40417,35365,17,17,8705,24.61473208,14.47764739,512002,0,512002,40417
cstone,d7fddfb4f8d8ada0eb1a65d1a450a66c8cbd794c,direct,octree_leafcount,flyby,9,1170,1170,0.7513279915,0.2758400142,1.028543949,1.092639,1,0,5,40529,35463,17,17,8689,24.50159321,14.43763923,512002,0,512002,40529
cstone,d7fddfb4f8d8ada0eb1a65d1a450a66c8cbd794c,direct,octree_leafcount,flyby,9,1171,1171,0.6657599807,0.2341119945,0.9012159705,0.962998,1,0,4,40393,35344,17,17,8850,25.03961068,14.48624943,512002,0,512002,40393
cstone,d7fddfb4f8d8ada0eb1a65d1a450a66c8cbd794c,direct,octree_leafcount,flyby,9,1172,1172,0.8206400275,0.28115201,1.103103995,1.167653,1,0,6,40609,35533,17,17,8831,24.85295359,14.40919708,512002,0,512002,40609
cstone,d7fddfb4f8d8ada0eb1a65d1a450a66c8cbd794c,direct,octree_leafcount,flyby,9,1173,1173,0.7600319982,0.2767679989,1.038175941,1.101635,1,0,5,40665,35582,17,17,8775,24.66134562,14.38935417,512002,0,512002,40665
cstone,d7fddfb4f8d8ada0eb1a65d1a450a66c8cbd794c,direct,octree_leafcount,flyby,9,1174,1174,0.7186560035,0.2453120053,0.9653120041,1.029398,1,0,5,40361,35316,17,17,8864,25.09910522,14.49773474,512002,0,512002,40361
cstone,d7fddfb4f8d8ada0eb1a65d1a450a66c8cbd794c,direct,octree_leafcount,flyby,9,1175,1175,0.8240640163,0.2767040133,1.102112055,1.168098,1,0,6,40385,35337,17,17,8688,24.58612785,14.48911905,512002,0,512002,40385
cstone,d7fddfb4f8d8ada0eb1a65d1a450a66c8cbd794c,direct,octree_leafcount,flyby,9,1176,1176,0.6641920209,0.2649280131,0.9304959774,0.995671,1,0,4,40609,35533,17,17,8666,24.38859652,14.40919708,512002,0,512002,40609
cstone,d7fddfb4f8d8ada0eb1a65d1a450a66c8cbd794c,direct,octree_leafcount,flyby,9,1177,1177,0.7495040298,0.2438080013,0.9946560264,1.057663,1,0,5,40481,35421,17,17,8842,24.96259281,14.45475848,512002,0,512002,40481
cstone,d7fddfb4f8d8ada0eb1a65d1a450a66c8cbd794c,direct,octree_leafcount,flyby,9,1178,1178,0.796127975,0.2176319957,1.015104055,1.074567,1,0,6,40169,35148,17,17,8742,24.87196996,14.56703084,512002,0,512002,40169
cstone,d7fddfb4f8d8ada0eb1a65d1a450a66c8cbd794c,direct,octree_leafcount,flyby,9,1179,1179,0.6684160233,0.2598400116,0.9295679927,0.991365,1,0,4,40385,35337,17,17,8703,24.62857628,14.48911905,512002,0,512002,40385
cstone,d7fddfb4f8d8ada0eb1a65d1a450a66c8cbd794c,direct,octree_leafcount,flyby,9,1180,1180,0.743103981,0.2333440036,0.9777920246,1.040292,1,0,5,40361,35316,17,17,8763,24.81311587,14.49773474,512002,0,512002,40361
cstone,d7fddfb4f8d8ada0eb1a65d1a450a66c8cbd794c,direct,octree_leafcount,flyby,9,1181,1181,0.8123520017,0.2352640033,1.048928022,1.111737,1,0,6,40289,35253,17,17,8738,24.78654299,14.52364338,512002,0,512002,40289
cstone,d7fddfb4f8d8ada0eb1a65d1a450a66c8cbd794c,direct,octree_leafcount,flyby,9,1182,1182,0.6462720037,0.2149759978,0.8625599742,0.921109,1,0,4,40009,35008,17,17,8565,24.46583638,14.62528565,512002,0,512002,40009
cstone,d7fddfb4f8d8ada0eb1a65d1a450a66c8cbd794c,direct,octree_leafcount,flyby,9,1183,1183,0.7340480089,0.231904,0.9672639966,1.021786,1,0,5,40081,35071,17,17,8737,24.91232072,14.59901343,512002,0,512002,40081
cstone,d7fddfb4f8d8ada0eb1a65d1a450a66c8cbd794c,direct,octree_leafcount,flyby,9,1184,1184,0.8166080117,0.2418559939,1.059775949,1.117592,1,0,6,40329,35288,17,17,8713,24.69111313,14.50923827,512002,0,512002,40329
cstone,d7fddfb4f8d8ada0eb1a65d1a450a66c8cbd794c,direct,octree_leafcount,flyby,9,1185,1185,0.6580479741,0.2150399983,0.8744000196,0.929651,1,0,4,40281,35246,17,17,8603,24.40844351,14.52652783,512002,0,512002,40281
cstone,d7fddfb4f8d8ada0eb1a65d1a450a66c8cbd794c,direct,octree_leafcount,flyby,9,1186,1186,0.7394559979,0.2134719938,0.9542400241,1.012086,1,0,5,40201,35176,17,17,8689,24.70150102,14.55543552,512002,0,512002,40201
cstone,d7fddfb4f8d8ada0eb1a65d1a450a66c8cbd794c,direct,octree_leafcount,flyby,9,1187,1187,0.8040320277,0.2052800059,1.010655999,1.065591,1,0,6,40201,35176,17,17,8585,24.40584489,14.55543552,512002,0,512002,40201
cstone,d7fddfb4f8d8ada0eb1a65d1a450a66c8cbd794c,direct,octree_leafcount,flyby,9,1188,1188,0.6521599889,0.1970880032,0.8506879807,0.905014,1,0,4,40105,35092,17,17,8534,24.31893309,14.59027699,512002,0,512002,40105
cstone,d7fddfb4f8d8ada0eb1a65d1a450a66c8cbd794c,direct,octree_leafcount,flyby,9,1189,1189,0.7334079742,0.2248319983,0.95955199,1.014194,1,0,5,40225,35197,17,17,8835,25.10157116,14.54675114,512002,0,512002,40225
cstone,d7fddfb4f8d8ada0eb1a65d1a450a66c8cbd794c,direct,octree_leafcount,flyby,9,1190,1190,0.8216320276,0.2380480021,1.061023951,1.11852,1,0,6,40257,35225,17,17,8750,24.84031228,14.53518808,512002,0,512002,40257
cstone,d7fddfb4f8d8ada0eb1a65d1a450a66c8cbd794c,direct,octree_leafcount,flyby,9,1191,1191,0.6578239799,0.2267840058,0.8859199882,0.940243,1,0,4,40345,35302,17,17,8659,24.52835533,14.50348422,512002,0,512002,40345
cstone,d7fddfb4f8d8ada0eb1a65d1a450a66c8cbd794c,direct,octree_leafcount,flyby,9,1192,1192,0.7309759855,0.1955199987,0.9279360175,0.982421,1,0,5,40217,35190,17,17,8825,25.0781472,14.54964479,512002,0,512002,40217
cstone,d7fddfb4f8d8ada0eb1a65d1a450a66c8cbd794c,direct,octree_leafcount,flyby,9,1193,1193,0.8046079874,0.2308800071,1.036831975,1.090633,1,0,6,40513,35449,17,17,8736,24.64385455,14.44334114,512002,0,512002,40513
cstone,d7fddfb4f8d8ada0eb1a65d1a450a66c8cbd794c,direct,octree_leafcount,flyby,9,1194,1194,0.6426240206,0.206783995,0.8507199883,0.906652,1,0,4,40137,35120,17,17,8584,24.44191344,14.57864465,512002,0,512002,40137
cstone,d7fddfb4f8d8ada0eb1a65d1a450a66c8cbd794c,direct,octree_leafcount,flyby,9,1195,1195,0.7343360186,0.227264002,0.9629439712,1.019169,1,0,5,40225,35197,17,17,8825,25.07315964,14.54675114,512002,0,512002,40225
cstone,d7fddfb4f8d8ada0eb1a65d1a450a66c8cbd794c,direct,octree_leafcount,flyby,9,1196,1196,0.7926399708,0.2114239931,1.005375981,1.055797,1,0,6,40817,35715,17,17,8941,25.03429931,14.33576928,512002,0,512002,40817
cstone,d7fddfb4f8d8ada0eb1a65d1a450a66c8cbd794c,direct,octree_leafcount,flyby,9,1197,1197,0.6250879765,0.1796800047,0.8061119914,0.85403,1,0,4,40273,35239,17,17,8729,24.77085048,14.52941343,512002,0,512002,40273
cstone,d7fddfb4f8d8ada0eb1a65d1a450a66c8cbd794c,direct,octree_leafcount,flyby,9,1198,1198,0.7262399793,0.2325759977,0.9601280093,1.015907,1,0,5,40449,35393,17,17,8875,25.07557992,14.46619388,512002,0,512002,40449
cstone,d7fddfb4f8d8ada0eb1a65d1a450a66c8cbd794c,direct,octree_leafcount,flyby,9,1199,1199,0.7794880271,0.2308800071,1.011711955,1.069269,1,0,6,40585,35512,17,17,8841,24.89580987,14.41771795,512002,0,512002,40585
cstone,d7fddfb4f8d8ada0eb1a65d1a450a66c8cbd794c,direct,octree_leafcount,flyby,9,1200,1200,0.641471982,0.1955839992,0.8384000063,0.89279,1,0,4,40041,35036,17,17,8692,24.80876812,14.61359744,512002,0,512002,40041
