version,commit,path,config,dataset,run,snapshot,frame_id,tree_update_ms,view_ms,total_ms,wall_ms,attempts,maintenance_ms,iterations,num_nodes,num_leaves,max_depth,max_depth_octree_equiv,num_empty_leaves,empty_leaf_pct,avg_particles_per_leaf,particles_active,particles_escaped,particle_slots,lib_num_nodes
cstone,d7fddfb4f8d8ada0eb1a65d1a450a66c8cbd794c,direct,octree_leafcount,flyby,8,0,0,nan,nan,nan,nan,0,0,7,43825,38347,17,17,22089,57.60294156,13.3518137,512002,0,512002,43825
cstone,d7fddfb4f8d8ada0eb1a65d1a450a66c8cbd794c,direct,octree_leafcount,flyby,8,1,1,0.5473920107,0.1868479997,0.7355520129,0.795197,1,0,3,43673,38214,17,17,22026,57.63856178,13.39828335,512002,0,512002,43673
cstone,d7fddfb4f8d8ada0eb1a65d1a450a66c8cbd794c,direct,octree_leafcount,flyby,8,2,2,0.5606399775,0.257791996,0.8198720217,0.879956,1,0,3,43849,38368,17,17,22103,57.60790242,13.34450584,512002,0,512002,43849
cstone,d7fddfb4f8d8ada0eb1a65d1a450a66c8cbd794c,direct,octree_leafcount,flyby,8,3,3,0.4996159971,0.252512008,0.7534400225,0.814978,1,0,2,43905,38417,17,17,22135,57.61772132,13.32748523,512002,0,512002,43905
cstone,d7fddfb4f8d8ada0eb1a65d1a450a66c8cbd794c,direct,octree_leafcount,flyby,8,4,4,0.5618879795,0.253888011,0.8171200156,0.877545,1,0,3,43985,38487,17,17,22173,57.61166108,13.30324525,512002,0,512002,43985
cstone,d7fddfb4f8d8ada0eb1a65d1a450a66c8cbd794c,direct,octree_leafcount,flyby,8,5,5,0.5326079726,0.2244479954,0.7584639788,0.820918,1,0,3,43753,38284,17,17,22001,57.4678717,13.37378539,512002,0,512002,43753
cstone,d7fddfb4f8d8ada0eb1a65d1a450a66c8cbd794c,direct,octree_leafcount,flyby,8,6,6,0.5354560018,0.2207040042,0.7575039864,0.819809,1,0,3,43673,38214,17,17,21925,57.37426074,13.39828335,512002,0,512002,43673
cstone,d7fddfb4f8d8ada0eb1a65d1a450a66c8cbd794c,direct,octree_leafcount,flyby,8,7,7,0.5782080293,0.2467200011,0.8262720108,0.88763,1,0,3,43977,38480,17,17,22023,57.23232848,13.30566528,512002,0,512002,43977
cstone,d7fddfb4f8d8ada0eb1a65d1a450a66c8cbd794c,direct,octree_leafcount,flyby,8,8,8,0.6216319799,0.2114239931,0.8343999982,0.891522,1,0,4,43689,38228,17,17,21793,57.00795229,13.39337658,512002,0,512002,43689
cstone,d7fddfb4f8d8ada0eb1a65d1a450a66c8cbd794c,direct,octree_leafcount,flyby,8,9,9,0.560288012,0.2554560006,0.8172159791,0.877474,1,0,3,43745,38277,17,17,21805,56.96632442,13.37623116,512002,0,512002,43745
cstone,d7fddfb4f8d8ada0eb1a65d1a450a66c8cbd794c,direct,octree_leafcount,flyby,8,10,10,0.6395519972,0.2026879936,0.8435840011,0.899344,1,0,4,43745,38277,17,17,21704,56.7024584,13.37623116,512002,0,512002,43745
cstone,d7fddfb4f8d8ada0eb1a65d1a450a66c8cbd794c,direct,octree_leafcount,flyby,8,11,11,0.6117119789,0.1932799965,0.806303978,0.858577,1,0,4,43601,38151,17,17,21649,56.74556368,13.42040838,512002,0,512002,43601
cstone,d7fddfb4f8d8ada0eb1a65d1a450a66c8cbd794c,direct,octree_leafcount,flyby,8,12,12,0.6385279894,0.2426239997,0.8824639916,0.941795,1,0,4,43665,38207,17,17,21628,56.60742796,13.40073808,512002,0,512002,43665
cstone,d7fddfb4f8d8ada0eb1a65d1a450a66c8cbd794c,direct,octree_leafcount,flyby,8,13,13,0.8009600043,0.1943040043,0.9965760112,1.050649,1,0,6,43625,38172,17,17,21456,56.20873939,13.41302525,512002,0,512002,43625
cstone,d7fddfb4f8d8ada0eb1a65d1a450a66c8cbd794c,direct,octree_leafcount,flyby,8,14,14,0.7112640142,0.2588799894,0.971487999,1.032853,1,0,5,44009,38508,17,17,21489,55.80398878,13.29599044,512002,0,512002,44009
cstone,d7fddfb4f8d8ada0eb1a65d1a450a66c8cbd794c,direct,octree_leafcount,flyby,8,15,15,0.8162879944,0.2592000067,1.077023983,1.132927,1,0,6,44313,38774,17,17,21464,55.35668231,13.2047764,512002,0,512002,44313
cstone,d7fddfb4f8d8ada0eb1a65d1a450a66c8cbd794c,direct,octree_leafcount,flyby,8,16,16,0.7201920152,0.2262399942,0.9477760196,1.001437,1,0,5,44489,38928,17,17,21452,55.10686395,13.15253802,512002,0,512002,44489
cstone,d7fddfb4f8d8ada0eb1a65d1a450a66c8cbd794c,direct,octree_leafcount,flyby,8,17,17,0.6999679804,0.2022079974,0.9034879804,0.960937,1,0,5,44289,38753,17,17,21044,54.30289268,13.21193198,512002,0,512002,44289
cstone,d7fddfb4f8d8ada0eb1a65d1a450a66c8cbd794c,direct,octree_leafcount,flyby,8,18,18,0.8338879943,0.2329279929,1.06812799,1.12768,1,0,6,44321,38781,17,17,20893,53.8743199,13.20239292,512002,0,512002,44321
cstone,d7fddfb4f8d8ada0eb1a65d1a450a66c8cbd794c,direct,octree_leafcount,flyby,8,19,19,0.7150080204,0.2022079974,0.9185600281,0.975271,1,0,5,44017,38515,17,17,20591,53.46228742,13.29357393,512002,0,512002,44017
cstone,d7fddfb4f8d8ada0eb1a65d1a450a66c8cbd794c,direct,octree_leafcount,flyby,8,20,20,0.8110719919,0.2424000055,1.054816008,1.112853,1,0,6,44129,38613,17,17,20509,53.11423614,13.25983477,512002,0,512002,44129
cstone,d7fddfb4f8d8ada0eb1a65d1a450a66c8cbd794c,direct,octree_leafcount,flyby,8,21,21,0.8173440099,0.2466879934,1.065343976,1.128633,1,0,6,43985,38487,17,17,20271,52.66973264,13.30324525,512002,0,512002,43985
cstone,d7fddfb4f8d8ada0eb1a65d1a450a66c8cbd794c,direct,octree_leafcount,flyby,8,22,22,0.7355840206,0.2308800071,0.9677760005,1.028995,1,0,5,43849,38368,17,17,20034,52.21538782,13.34450584,512002,0,512002,43849
cstone,d7fddfb4f8d8ada0eb1a65d1a450a66c8cbd794c,direct,octree_leafcount,flyby,8,23,23,0.6646720171,0.2426239997,0.9089919925,0.969388,1,0,4,43969,38473,17,17,19812,51.49585424,13.30808619,512002,0,512002,43969
cstone,d7fddfb4f8d8ada0eb1a65d1a450a66c8cbd794c,direct,octree_leafcount,flyby,8,24,24,0.661920011,0.2144960016,0.8777599931,0.936006,1,0,4,43633,38179,17,17,19508,51.09615234,13.41056602,512002,0,512002,43633
cstone,d7fddfb4f8d8ada0eb1a65d1a450a66c8cbd794c,direct,octree_leafcount,flyby,8,25,25,0.7540799975,0.2189120054,0.9743360281,1.028352,1,0,5,44049,38543,17,17,19656,50.99758711,13.28391666,512002,0,512002,44049
cstone,d7fddfb4f8d8ada0eb1a65d1a450a66c8cbd794c,direct,octree_leafcount,flyby,8,26,26,0.831264019,0.2309439927,1.063519955,1.118742,1,0,6,44289,38753,17,17,19633,50.66188424,13.21193198,512002,0,512002,44289
cstone,d7fddfb4f8d8ada0eb1a65d1a450a66c8cbd794c,direct,octree_leafcount,flyby,8,27,27,0.817471981,0.2411199957,1.059936047,1.111453,1,0,6,45185,39537,17,17,19857,50.22384096,12.94994562,512002,0,512002,45185
cstone,d7fddfb4f8d8ada0eb1a65d1a450a66c8cbd794c,direct,octree_leafcount,flyby,8,28,28,0.8216000199,0.2144960016,1.037439942,1.088219,1,0,6,45209,39558,17,17,19402,49.04696901,12.94307093,512002,0,512002,45209
cstone,d7fddfb4f8d8ada0eb1a65d1a450a66c8cbd794c,direct,octree_leafcount,flyby,8,29,29,0.7985919714,0.2149759978,1.014912009,1.071856,1,0,6,44529,38963,18,18,18895,48.49472577,13.14072325,512002,0,512002,44529
cstone,d7fddfb4f8d8ada0eb1a65d1a450a66c8cbd794c,direct,octree_leafcount,flyby,8,30,30,0.8086720109,0.2078720033,1.01788795,1.072602,1,0,6,44449,38893,17,17,18531,47.64610598,13.16437405,512002,0,512002,44449
cstone,d7fddfb4f8d8ada0eb1a65d1a450a66c8cbd794c,direct,octree_leafcount,flyby,8,31,31,0.8006719947,0.2258879989,1.027871966,1.080843,1,0,6,44785,39187,17,17,18543,47.31926404,13.06560849,512002,0,512002,44785
cstone,d7fddfb4f8d8ada0eb1a65d1a450a66c8cbd794c,direct,octree_leafcount,flyby,8,32,32,0.7712640166,0.1996160001,0.9721919894,1.028567,1,0,6,44657,39075,17,17,18503,47.35252719,13.10305822,512002,0,512002,44657
cstone,d7fddfb4f8d8ada0eb1a65d1a450a66c8cbd794c,direct,octree_leafcount,flyby,8,33,33,0.803391993,0.2335039973,1.03875196,1.102195,1,0,6,44129,38613,17,17,18153,47.01266413,13.25983477,512002,0,512002,44129
cstone,d7fddfb4f8d8ada0eb1a65d1a450a66c8cbd794c,direct,octree_leafcount,flyby,8,34,34,0.725120008,0.2644799948,0.9909440279,1.053889,1,0,5,44249,38718,17,17,18062,46.65013689,13.2238752,512002,0,512002,44249
cstone,d7fddfb4f8d8ada0eb1a65d1a450a66c8cbd794c,direct,octree_leafcount,flyby,8,35,35,0.808160007,0.2497919947,1.059263945,1.117415,1,0,6,45081,39446,17,17,18227,46.20747351,12.97982051,512002,0,512002,45081
cstone,d7fddfb4f8d8ada0eb1a65d1a450a66c8cbd794c,direct,octree_leafcount,flyby,8,36,36,0.8333439827,0.2315199971,1.066176057,1.123906,1,0,6,45409,39733,17,17,18345,46.17068935,12.88606448,512002,0,512002,45409
cstone,d7fddfb4f8d8ada0eb1a65d1a450a66c8cbd794c,direct,octree_leafcount,flyby,8,37,37,0.8023999929,0.2125120014,1.016255975,1.066583,1,0,6,45553,39859,17,17,18263,45.81901202,12.84532979,512002,0,512002,45553
cstone,d7fddfb4f8d8ada0eb1a65d1a450a66c8cbd794c,direct,octree_leafcount,flyby,8,38,38,0.8210560083,0.2042559981,1.026783943,1.081792,1,0,6,44945,39327,17,17,17674,44.94113459,13.0190963,512002,0,512002,44945
cstone,d7fddfb4f8d8ada0eb1a65d1a450a66c8cbd794c,direct,octree_leafcount,flyby,8,39,39,0.8794879913,0.2293120027,1.110144019,1.163588,1,0,7,45137,39495,17,17,17939,45.42093936,12.96371693,512002,0,512002,45137
cstone,d7fddfb4f8d8ada0eb1a65d1a450a66c8cbd794c,direct,octree_leafcount,flyby,8,40,40,0.7447680235,0.254911989,1.00099194,1.055856,1,0,5,45761,40041,17,17,18036,45.04383007,12.78694338,512002,0,512002,45761
cstone,d7fddfb4f8d8ada0eb1a65d1a450a66c8cbd794c,direct,octree_leafcount,flyby,8,41,41,0.7965440154,0.1985920072,0.9964479804,1.053027,1,0,6,45601,39901,17,17,17592,44.08912057,12.83180873,512002,0,512002,45601
cstone,d7fddfb4f8d8ada0eb1a65d1a450a66c8cbd794c,direct,octree_leafcount,flyby,8,42,42,0.8061119914,0.2104640007,1.017951965,1.074333,1,0,6,45409,39733,17,17,17202,43.29398737,12.88606448,512002,0,512002,45409
cstone,d7fddfb4f8d8ada0eb1a65d1a450a66c8cbd794c,direct,octree_leafcount,flyby,8,43,43,0.9130240083,0.2101439983,1.124480009,1.182677,1,0,7,45297,39635,17,17,17028,42.96202851,12.91792608,512002,0,512002,45297
cstone,d7fddfb4f8d8ada0eb1a65d1a450a66c8cbd794c,direct,octree_leafcount,flyby,8,44,44,0.7475519776,0.2395199984,0.9883840084,1.046389,1,0,5,45337,39670,17,17,16868,42.52079657,12.90652886,512002,0,512002,45337
cstone,d7fddfb4f8d8ada0eb1a65d1a450a66c8cbd794c,direct,octree_leafcount,flyby,8,45,45,0.8073920012,0.2245759964,1.033280015,1.088822,1,0,6,45353,39684,17,17,16655,41.96905554,12.90197561,512002,0,512002,45353
cstone,d7fddfb4f8d8ada0eb1a65d1a450a66c8cbd794c,direct,octree_leafcount,flyby,8,46,46,0.8217279911,0.2309760004,1.054047942,1.110294,1,0,6,45465,39782,17,17,16678,41.92348298,12.87019255,512002,0,512002,45465
cstone,d7fddfb4f8d8ada0eb1a65d1a450a66c8cbd794c,direct,octree_leafcount,flyby,8,47,47,0.8848000169,0.2064319998,1.092576027,1.148585,1,0,7,45233,39579,17,17,16448,41.55739155,12.93620354,512002,0,512002,45233
cstone,d7fddfb4f8d8ada0eb1a65d1a450a66c8cbd794c,direct,octree_leafcount,flyby,8,48,48,0.8816000223,0.2190400064,1.102015972,1.154327,1,0,7,45377,39705,17,17,16280,41.00239265,12.89515174,512002,0,512002,45377
cstone,d7fddfb4f8d8ada0eb1a65d1a450a66c8cbd794c,direct,octree_leafcount,flyby,8,49,49,0.7912319899,0.1924480051,0.9849920273,1.040174,1,0,6,44801,39201,17,17,15965,40.72600189,13.06094232,512002,0,512002,44801
cstone,d7fddfb4f8d8ada0eb1a65d1a450a66c8cbd794c,direct,octree_leafcount,flyby,8,50,50,0.7456640005,0.1960320026,0.9430400133,0.99902,1,0,5,44609,39033,17,17,15886,40.69889581,13.11715728,512002,0,512002,44609
cstone,d7fddfb4f8d8ada0eb1a65d1a450a66c8cbd794c,direct,octree_leafcount,flyby,8,51,51,0.8071039915,0.2149759978,1.023424029,1.080403,1,0,6,44577,39005,17,17,15882,40.71785669,13.12657352,512002,0,512002,44577
cstone,d7fddfb4f8d8ada0eb1a65d1a450a66c8cbd794c,direct,octree_leafcount,flyby,8,52,52,0.827008009,0.2356159985,1.063935995,1.118875,1,0,6,44913,39299,17,17,16024,40.77457442,13.02837222,512002,0,512002,44913
cstone,d7fddfb4f8d8ada0eb1a65d1a450a66c8cbd794c,direct,octree_leafcount,flyby,8,53,53,0.812672019,0.2197439969,1.033759952,1.092648,1,0,6,44825,39222,17,17,15884,40.49767987,13.05394931,512002,0,512002,44825
cstone,d7fddfb4f8d8ada0eb1a65d1a450a66c8cbd794c,direct,octree_leafcount,flyby,8,54,54,0.8360000253,0.2436159998,1.080960035,1.138941,1,0,6,45001,39376,17,17,15802,40.13104429,13.00289516,512002,0,512002,45001
cstone,d7fddfb4f8d8ada0eb1a65d1a450a66c8cbd794c,direct,octree_leafcount,flyby,8,55,55,0.8108479977,0.243967995,1.056159973,1.115286,1,0,6,45065,39432,17,17,15886,40.28707649,12.98442889,512002,0,512002,45065
cstone,d7fddfb4f8d8ada0eb1a65d1a450a66c8cbd794c,direct,octree_leafcount,flyby,8,56,56,0.8151040077,0.2344319969,1.051040053,1.109999,1,0,6,45209,39558,17,17,15666,39.60260883,12.94307093,512002,0,512002,45209
cstone,d7fddfb4f8d8ada0eb1a65d1a450a66c8cbd794c,direct,octree_leafcount,flyby,8,57,57,0.8312000036,0.2058240026,1.038367987,1.093454,1,0,6,45017,39390,17,17,15458,39.24346281,12.99827367,512002,0,512002,45017
cstone,d7fddfb4f8d8ada0eb1a65d1a450a66c8cbd794c,direct,octree_leafcount,flyby,8,58,58,0.8159999847,0.2047359943,1.022079945,1.077489,1,0,6,44849,39243,17,17,15279,38.93433224,13.04696379,512002,0,512002,44849
cstone,d7fddfb4f8d8ada0eb1a65d1a450a66c8cbd794c,direct,octree_leafcount,flyby,8,59,59,0.7930880189,0.2135999948,1.008000016,1.059732,1,0,6,45073,39439,17,17,15427,39.11610335,12.98212429,512002,0,512002,45073
cstone,d7fddfb4f8d8ada0eb1a65d1a450a66c8cbd794c,direct,octree_leafcount,flyby,8,60,60,0.9404159784,0.1914239973,1.133183956,1.184834,1,0,8,44793,39194,17,17,15335,39.12588662,13.06327499,512002,0,512002,44793
cstone,d7fddfb4f8d8ada0eb1a65d1a450a66c8cbd794c,direct,octree_leafcount,flyby,8,61,61,0.8187519908,0.2264319956,1.046496034,1.100428,1,0,6,44801,39201,17,17,15413,39.31787454,13.06094232,512002,0,512002,44801
cstone,d7fddfb4f8d8ada0eb1a65d1a450a66c8cbd794c,direct,octree_leafcount,flyby,8,62,62,0.8163200021,0.2308800071,1.048511982,1.103859,1,0,6,44977,39355,17,17,15318,38.92262737,13.00983357,512002,0,512002,44977
cstone,d7fddfb4f8d8ada0eb1a65d1a450a66c8cbd794c,direct,octree_leafcount,flyby,8,63,63,0.8467199802,0.1982080042,1.046368003,1.101719,1,0,6,44649,39068,17,17,15190,38.88092557,13.10540596,512002,0,512002,44649
cstone,d7fddfb4f8d8ada0eb1a65d1a450a66c8cbd794c,direct,octree_leafcount,flyby,8,64,64,0.8052160144,0.2294079959,1.036031961,1.091386,1,0,6,44777,39180,17,17,15101,38.54262379,13.06794283,512002,0,512002,44777
cstone,d7fddfb4f8d8ada0eb1a65d1a450a66c8cbd794c,direct,octree_leafcount,flyby,8,65,65,0.8173760176,0.2040960044,1.023231983,1.078817,1,0,6,44625,39047,17,17,14906,38.17450764,13.11245422,512002,0,512002,44625
cstone,d7fddfb4f8d8ada0eb1a65d1a450a66c8cbd794c,direct,octree_leafcount,flyby,8,66,66,0.7892799973,0.1924159974,0.9830399752,1.036245,1,0,6,44441,38886,17,17,14799,38.05739855,13.16674382,512002,0,512002,44441
cstone,d7fddfb4f8d8ada0eb1a65d1a450a66c8cbd794c,direct,octree_leafcount,flyby,8,67,67,0.7503679991,0.231904,0.9835839868,1.038941,1,0,5,44545,38977,17,17,14792,37.95058624,13.13600328,512002,0,512002,44545
cstone,d7fddfb4f8d8ada0eb1a65d1a450a66c8cbd794c,direct,octree_leafcount,flyby,8,68,68,0.8362240195,0.2430080026,1.080575943,1.139263,1,0,6,45041,39411,17,17,14975,37.99700591,12.99134759,512002,0,512002,45041
cstone,d7fddfb4f8d8ada0eb1a65d1a450a66c8cbd794c,direct,octree_leafcount,flyby,8,69,69,0.8202239871,0.2075839937,1.029119968,1.08796,1,0,6,44329,38788,17,17,14562,37.54253893,13.20001031,512002,0,512002,44329
cstone,d7fddfb4f8d8ada0eb1a65d1a450a66c8cbd794c,direct,octree_leafcount,flyby,8,70,70,0.7384319901,0.2262399942,0.9660159945,1.020873,1,0,5,44777,39180,17,17,14583,37.22052067,13.06794283,512002,0,512002,44777
cstone,d7fddfb4f8d8ada0eb1a65d1a450a66c8cbd794c,direct,octree_leafcount,flyby,8,71,71,0.8215039968,0.2370239943,1.059839964,1.117183,1,0,6,45025,39397,17,17,14811,37.59423306,12.99596416,512002,0,512002,45025
cstone,d7fddfb4f8d8ada0eb1a65d1a450a66c8cbd794c,direct,octree_leafcount,flyby,8,72,72,0.7273920178,0.1942400038,0.922976017,0.977816,1,0,5,44889,39278,17,17,14734,37.51209328,13.03533785,512002,0,512002,44889
cstone,d7fddfb4f8d8ada0eb1a65d1a450a66c8cbd794c,direct,octree_leafcount,flyby,8,73,73,0.8045120239,0.1971839964,1.003039956,1.058847,1,0,6,44601,39026,17,17,14744,37.77994158,13.11951007,512002,0,512002,44601
cstone,d7fddfb4f8d8ada0eb1a65d1a450a66c8cbd794c,direct,octree_leafcount,flyby,8,74,74,0.8295360208,0.2436159998,1.074591994,1.130372,1,0,6,44697,39110,17,17,14648,37.45333674,13.09133214,512002,0,512002,44697
cstone,d7fddfb4f8d8ada0eb1a65d1a450a66c8cbd794c,direct,octree_leafcount,flyby,8,75,75,0.797984004,0.2362239957,1.035552025,1.092029,1,0,6,44921,39306,17,17,14675,37.33526688,13.026052,512002,0,512002,44921
cstone,d7fddfb4f8d8ada0eb1a65d1a450a66c8cbd794c,direct,octree_leafcount,flyby,8,76,76,0.7385920286,0.2026879936,0.9426239729,0.998598,1,0,5,44905,39292,17,17,14706,37.42746615,13.03069327,512002,0,512002,44905
cstone,d7fddfb4f8d8ada0eb1a65d1a450a66c8cbd794c,direct,octree_leafcount,flyby,8,77,77,0.7927359939,0.186304003,0.9803519845,1.032188,1,0,6,44729,39138,17,17,14444,36.90530942,13.08196638,512002,0,512002,44729
cstone,d7fddfb4f8d8ada0eb1a65d1a450a66c8cbd794c,direct,octree_leafcount,flyby,8,78,78,0.7268800139,0.2160000056,0.944224,0.996548,1,0,5,44825,39222,17,17,14637,37.31834175,13.05394931,512002,0,512002,44825
cstone,d7fddfb4f8d8ada0eb1a65d1a450a66c8cbd794c,direct,octree_leafcount,flyby,8,79,79,0.7917119861,0.184799999,0.9779520035,1.029293,1,0,6,44673,39089,17,17,14326,36.64969685,13.09836527,512002,0,512002,44673
cstone,d7fddfb4f8d8ada0eb1a65d1a450a66c8cbd794c,direct,octree_leafcount,flyby,8,80,80,0.7245439887,0.211935997,0.9378240108,0.993681,1,0,5,44537,38970,17,17,14200,36.43828586,13.13836284,512002,0,512002,44537
cstone,d7fddfb4f8d8ada0eb1a65d1a450a66c8cbd794c,direct,octree_leafcount,flyby,8,81,81,0.7331200242,0.2207680047,0.9552320242,1.00751,1,0,5,44697,39110,17,17,14262,36.46637689,13.09133214,512002,0,512002,44697
cstone,d7fddfb4f8d8ada0eb1a65d1a450a66c8cbd794c,direct,octree_leafcount,flyby,8,82,82,0.8815039992,0.1983039975,1.081151962,1.136839,1,0,7,44465,38907,17,17,14246,36.61551906,13.15963708,512002,0,512002,44465
cstone,d7fddfb4f8d8ada0eb1a65d1a450a66c8cbd794c,direct,octree_leafcount,flyby,8,83,83,0.7336639762,0.1975679994,0.932543993,0.986623,1,0,5,44465,38907,17,17,14370,36.93422777,13.15963708,512002,0,512002,44465
cstone,d7fddfb4f8d8ada0eb1a65d1a450a66c8cbd794c,direct,octree_leafcount,flyby,8,84,84,0.7943680286,0.1975360066,0.9932479858,1.048709,1,0,6,44025,38522,17,17,14009,36.36623228,13.2911583,512002,0,512002,44025
cstone,d7fddfb4f8d8ada0eb1a65d1a450a66c8cbd794c,direct,octree_leafcount,flyby,8,85,85,0.7344639897,0.2303359956,0.9661440253,1.020919,1,0,5,44569,38998,17,17,14284,36.62751936,13.12892969,512002,0,512002,44569
cstone,d7fddfb4f8d8ada0eb1a65d1a450a66c8cbd794c,direct,octree_leafcount,flyby,8,86,86,0.8734719753,0.2038079947,1.07862401,1.133094,1,0,7,44401,38851,17,17,14068,36.21013616,13.17860544,512002,0,512002,44401
cstone,d7fddfb4f8d8ada0eb1a65d1a450a66c8cbd794c,direct,octree_leafcount,flyby,8,87,87,0.7374719977,0.2038719952,0.9426559806,0.998006,1,0,5,44201,38676,17,17,13950,36.06887993,13.2382356,512002,0,512002,44201
cstone,d7fddfb4f8d8ada0eb1a65d1a450a66c8cbd794c,direct,octree_leafcount,flyby,8,88,88,0.7325760126,0.1999679953,0.9338880181,0.986942,1,0,5,43793,38319,17,17,13673,35.68203763,13.36156998,512002,0,512002,43793
cstone,d7fddfb4f8d8ada0eb1a65d1a450a66c8cbd794c,direct,octree_leafcount,flyby,8,89,89,0.799135983,0.2349759936,1.035423994,1.090817,1,0,6,43993,38494,17,17,13730,35.6678963,13.3008261,512002,0,512002,43993
cstone,d7fddfb4f8d8ada0eb1a65d1a450a66c8cbd794c,direct,octree_leafcount,flyby,8,90,90,0.8249920011,0.191967994,1.018272042,1.072414,1,0,6,43937,38445,17,17,13765,35.80439589,13.31777864,512002,0,512002,43937
cstone,d7fddfb4f8d8ada0eb1a65d1a450a66c8cbd794c,direct,octree_leafcount,flyby,8,91,91,0.8062400222,0.2426239997,1.050207973,1.10663,1,0,6,44345,38802,17,17,13869,35.74300294,13.19524767,512002,0,512002,44345
cstone,d7fddfb4f8d8ada0eb1a65d1a450a66c8cbd794c,direct,octree_leafcount,flyby,8,92,92,0.7475519776,0.217087999,0.9659839869,1.02385,1,0,5,43537,38095,17,17,13512,35.46922168,13.4401365,512002,0,512002,43537
cstone,d7fddfb4f8d8ada0eb1a65d1a450a66c8cbd794c,direct,octree_leafcount,flyby,8,93,93,0.8100159764,0.2515839934,1.062944055,1.121674,1,0,6,43849,38368,17,17,13493,35.16732694,13.34450584,512002,0,512002,43849
cstone,d7fddfb4f8d8ada0eb1a65d1a450a66c8cbd794c,direct,octree_leafcount,flyby,8,94,94,0.7486400008,0.2168959975,0.9668480158,1.02447,1,0,5,43313,37899,17,17,13319,35.14340748,13.50964405,512002,0,512002,43313
cstone,d7fddfb4f8d8ada0eb1a65d1a450a66c8cbd794c,direct,octree_leafcount,flyby,8,95,95,0.7642560005,0.2503359914,1.015936017,1.074931,1,0,5,43625,38172,17,17,13299,34.83967306,13.41302525,512002,0,512002,43625
cstone,d7fddfb4f8d8ada0eb1a65d1a450a66c8cbd794c,direct,octree_leafcount,flyby,8,96,96,0.8139520288,0.2334399968,1.048704028,1.111352,1,0,6,43329,37913,17,17,13283,35.03547596,13.5046554,512002,0,512002,43329
cstone,d7fddfb4f8d8ada0eb1a65d1a450a66c8cbd794c,direct,octree_leafcount,flyby,8,97,97,0.7373759747,0.2173759937,0.9560639858,1.015323,1,0,5,43289,37878,17,17,13180,34.79592376,13.51713396,512002,0,512002,43289
cstone,d7fddfb4f8d8ada0eb1a65d1a450a66c8cbd794c,direct,octree_leafcount,flyby,8,98,98,0.8006719947,0.2073280066,1.009343982,1.065452,1,0,6,43073,37689,17,17,13322,35.34718353,13.58491868,512002,0,512002,43073
cstone,d7fddfb4f8d8ada0eb1a65d1a450a66c8cbd794c,direct,octree_leafcount,flyby,8,99,99,0.7363200188,0.2277439982,0.9654080272,1.02025,1,0,5,43121,37731,17,17,13271,35.17266969,13.56979672,512002,0,512002,43121
cstone,d7fddfb4f8d8ada0eb1a65d1a450a66c8cbd794c,direct,octree_leafcount,flyby,8,100,100,0.7496960163,0.2432959974,0.994336009,1.052238,1,0,5,43753,38284,17,17,13428,35.07470484,13.37378539,512002,0,512002,43753
cstone,d7fddfb4f8d8ada0eb1a65d1a450a66c8cbd794c,direct,octree_leafcount,flyby,8,101,101,0.7313600183,0.1998080015,0.9325119853,0.98808,1,0,5,43369,37948,17,17,13255,34.92937704,13.49219985,512002,0,512002,43369
cstone,d7fddfb4f8d8ada0eb1a65d1a450a66c8cbd794c,direct,octree_leafcount,flyby,8,102,102,0.7864639759,0.2334399968,1.021247983,1.075911,1,0,6,43377,37955,17,17,12960,34.14569885,13.4897115,512002,0,512002,43377
cstone,d7fddfb4f8d8ada0eb1a65d1a450a66c8cbd794c,direct,octree_leafcount,flyby,8,103,103,0.7861440182,0.1770880073,0.9645439982,1.012448,1,0,6,43161,37766,17,17,13113,34.72170736,13.55722078,512002,0,512002,43161
cstone,d7fddfb4f8d8ada0eb1a65d1a450a66c8cbd794c,direct,octree_leafcount,flyby,8,104,104,0.7342399955,0.2095039934,0.9450560212,0.997269,1,0,5,43497,38060,17,17,13361,35.10509721,13.45249606,512002,0,512002,43497
cstone,d7fddfb4f8d8ada0eb1a65d1a450a66c8cbd794c,direct,octree_leafcount,flyby,8,105,105,0.8044800162,0.1874240041,0.9932479858,1.045221,1,0,6,43441,38011,17,17,13006,34.21641104,13.46983768,512002,0,512002,43441
cstone,d7fddfb4f8d8ada0eb1a65d1a450a66c8cbd794c,direct,octree_leafcount,flyby,8,106,106,0.7406719923,0.2110400051,0.9530240297,1.010796,1,0,5,43041,37661,17,17,12956,34.40163564,13.59501872,512002,0,512002,43041
cstone,d7fddfb4f8d8ada0eb1a65d1a450a66c8cbd794c,direct,octree_leafcount,flyby,8,107,107,0.8220160007,0.254911989,1.078367949,1.139728,1,0,6,43609,38158,17,17,13247,34.71618009,13.41794643,512002,0,512002,43609
cstone,d7fddfb4f8d8ada0eb1a65d1a450a66c8cbd794c,direct,octree_leafcount,flyby,8,108,108,0.7622079849,0.2436800003,1.007231951,1.072027,1,0,5,43289,37878,17,17,13156,34.73256244,13.51713396,512002,0,512002,43289
cstone,d7fddfb4f8d8ada0eb1a65d1a450a66c8cbd794c,direct,octree_leafcount,flyby,8,109,109,0.7466239929,0.2335039973,0.9814400077,1.043017,1,0,5,43017,37640,17,17,12890,34.24548353,13.60260361,512002,0,512002,43017
cstone,d7fddfb4f8d8ada0eb1a65d1a450a66c8cbd794c,direct,octree_leafcount,flyby,8,110,110,0.8228160143,0.2606079876,1.08473599,1.147352,1,0,6,43161,37766,17,17,13007,34.44103162,13.55722078,512002,0,512002,43161
cstone,d7fddfb4f8d8ada0eb1a65d1a450a66c8cbd794c,direct,octree_leafcount,flyby,8,111,111,0.7550399899,0.273728013,1.030336022,1.094417,1,0,5,43185,37787,17,17,13031,34.48540503,13.5496864,512002,0,512002,43185
cstone,d7fddfb4f8d8ada0eb1a65d1a450a66c8cbd794c,direct,octree_leafcount,flyby,8,112,112,0.8231679797,0.2589440048,1.083423972,1.146684,1,0,6,43201,37801,17,17,12828,33.93561017,13.54466813,512002,0,512002,43201
cstone,d7fddfb4f8d8ada0eb1a65d1a450a66c8cbd794c,direct,octree_leafcount,flyby,8,113,113,0.8155840039,0.2567040026,1.073984027,1.134521,1,0,6,43313,37899,17,17,13016,34.34391409,13.50964405,512002,0,512002,43313
cstone,d7fddfb4f8d8ada0eb1a65d1a450a66c8cbd794c,direct,octree_leafcount,flyby,8,114,114,0.8293759823,0.239199996,1.069919944,1.132727,1,0,6,43249,37843,17,17,12938,34.18862141,13.5296356,512002,0,512002,43249
cstone,d7fddfb4f8d8ada0eb1a65d1a450a66c8cbd794c,direct,octree_leafcount,flyby,8,115,115,0.6704639792,0.2479359955,0.9199039936,0.984158,1,0,4,43105,37717,17,17,12806,33.95285945,13.57483363,512002,0,512002,43105
cstone,d7fddfb4f8d8ada0eb1a65d1a450a66c8cbd794c,direct,octree_leafcount,flyby,8,116,116,0.747615993,0.2701439857,1.019072056,1.082887,1,0,5,43153,37759,17,17,12761,33.79591621,13.5597341,512002,0,512002,43153
cstone,d7fddfb4f8d8ada0eb1a65d1a450a66c8cbd794c,direct,octree_leafcount,flyby,8,117,117,0.8382400274,0.2843840122,1.123968005,1.189043,1,0,6,43273,37864,17,17,12946,34.19078808,13.52213184,512002,0,512002,43273
cstone,d7fddfb4f8d8ada0eb1a65d1a450a66c8cbd794c,direct,octree_leafcount,flyby,8,118,118,0.756896019,0.2717120051,1.029919982,1.09506,1,0,5,43497,38060,17,17,12911,33.92275355,13.45249606,512002,0,512002,43497
cstone,d7fddfb4f8d8ada0eb1a65d1a450a66c8cbd794c,direct,octree_leafcount,flyby,8,119,119,0.8129919767,0.2671999931,1.081536055,1.145254,1,0,6,43585,38137,17,17,13008,34.10860844,13.42533498,512002,0,512002,43585
cstone,d7fddfb4f8d8ada0eb1a65d1a450a66c8cbd794c,direct,octree_leafcount,flyby,8,120,120,0.7501440048,0.2488960028,1.000383973,1.067211,1,0,5,43545,38102,17,17,13056,34.2659178,13.43766731,512002,0,512002,43545
cstone,d7fddfb4f8d8ada0eb1a65d1a450a66c8cbd794c,direct,octree_leafcount,flyby,8,121,121,0.7764800191,0.2573440075,1.035135984,1.102522,1,0,5,43385,37962,17,17,12938,34.08144987,13.48722407,512002,0,512002,43385
cstone,d7fddfb4f8d8ada0eb1a65d1a450a66c8cbd794c,direct,octree_leafcount,flyby,8,122,122,0.8304640055,0.2505599856,1.08246398,1.147494,1,0,6,42897,37535,17,17,12600,33.56866924,13.64065539,512002,0,512002,42897
cstone,d7fddfb4f8d8ada0eb1a65d1a450a66c8cbd794c,direct,octree_leafcount,flyby,8,123,123,0.7517120242,0.2528319955,1.006047964,1.067538,1,0,5,43329,37913,17,17,12958,34.1782502,13.5046554,512002,0,512002,43329
cstone,d7fddfb4f8d8ada0eb1a65d1a450a66c8cbd794c,direct,octree_leafcount,flyby,8,124,124,0.8165119886,0.2559359968,1.073760033,1.135473,1,0,6,43465,38032,17,17,12904,33.92932268,13.46240008,512002,0,512002,43465
cstone,d7fddfb4f8d8ada0eb1a65d1a450a66c8cbd794c,direct,octree_leafcount,flyby,8,125,125,0.7682880163,0.2418240011,1.011423945,1.07518,1,0,5,43449,38018,17,17,12830,33.74717239,13.46735757,512002,0,512002,43449
cstone,d7fddfb4f8d8ada0eb1a65d1a450a66c8cbd794c,direct,octree_leafcount,flyby,8,126,126,0.8095039725,0.2453760058,1.05619204,1.119893,1,0,6,43401,37976,17,17,12780,33.65283337,13.48225195,512002,0,512002,43401
cstone,d7fddfb4f8d8ada0eb1a65d1a450a66c8cbd794c,direct,octree_leafcount,flyby,8,127,127,0.8026239872,0.2240319997,1.027999997,1.092703,1,0,6,43353,37934,17,17,12613,33.24985501,13.49717931,512002,0,512002,43353
cstone,d7fddfb4f8d8ada0eb1a65d1a450a66c8cbd794c,direct,octree_leafcount,flyby,8,128,128,0.7591680288,0.2280640006,0.9885439873,1.0507,1,0,5,43305,37892,17,17,12622,33.31046131,13.51213977,512002,0,512002,43305
cstone,d7fddfb4f8d8ada0eb1a65d1a450a66c8cbd794c,direct,octree_leafcount,flyby,8,129,129,0.8200960159,0.2303359956,1.051776052,1.111112,1,0,6,43121,37731,17,17,12694,33.64342318,13.56979672,512002,0,512002,43121
cstone,d7fddfb4f8d8ada0eb1a65d1a450a66c8cbd794c,direct,octree_leafcount,flyby,8,130,130,0.8125439882,0.2380480021,1.05193603,1.112244,1,0,6,43265,37857,17,17,12705,33.560504,13.52463217,512002,0,512002,43265
cstone,d7fddfb4f8d8ada0eb1a65d1a450a66c8cbd794c,direct,octree_leafcount,flyby,8,131,131,0.8071680069,0.2206400037,1.029152036,1.08203,1,0,6,43401,37976,17,17,12613,33.21308195,13.48225195,512002,0,512002,43401
cstone,d7fddfb4f8d8ada0eb1a65d1a450a66c8cbd794c,direct,octree_leafcount,flyby,8,132,132,0.7436479926,0.2162239999,0.9611840248,1.021242,1,0,5,43033,37654,17,17,12449,33.06156052,13.59754608,512002,0,512002,43033
cstone,d7fddfb4f8d8ada0eb1a65d1a450a66c8cbd794c,direct,octree_leafcount,flyby,8,133,133,0.6600959897,0.2043839991,0.8658239841,0.921269,1,0,4,42961,37591,17,17,12278,32.66207337,13.62033465,512002,0,512002,42961
cstone,d7fddfb4f8d8ada0eb1a65d1a450a66c8cbd794c,direct,octree_leafcount,flyby,8,134,134,0.8394880295,0.2426239997,1.083456039,1.141698,1,0,6,43057,37675,17,17,12404,32.92368945,13.58996682,512002,0,512002,43057
cstone,d7fddfb4f8d8ada0eb1a65d1a450a66c8cbd794c,direct,octree_leafcount,flyby,8,135,135,0.7447360158,0.2364799976,0.982559979,1.041748,1,0,5,43273,37864,17,17,12398,32.74350306,13.52213184,512002,0,512002,43273
cstone,d7fddfb4f8d8ada0eb1a65d1a450a66c8cbd794c,direct,octree_leafcount,flyby,8,136,136,0.8191360235,0.240575999,1.061056018,1.118936,1,0,6,43713,38249,17,17,12664,33.10936234,13.38602316,512002,0,512002,43713
cstone,d7fddfb4f8d8ada0eb1a65d1a450a66c8cbd794c,direct,octree_leafcount,flyby,8,137,137,0.8076159954,0.2199359983,1.028864026,1.08893,1,0,6,43185,37787,17,17,12581,33.29451928,13.5496864,512002,0,512002,43185
cstone,d7fddfb4f8d8ada0eb1a65d1a450a66c8cbd794c,direct,octree_leafcount,flyby,8,138,138,0.7308160067,0.2201279998,0.9522560239,1.010894,1,0,5,43073,37689,17,17,12345,32.75491523,13.58491868,512002,0,512002,43073
cstone,d7fddfb4f8d8ada0eb1a65d1a450a66c8cbd794c,direct,octree_leafcount,flyby,8,139,139,0.8294399977,0.2426239997,1.073408008,1.13245,1,0,6,43617,38165,17,17,12654,33.15603301,13.41548539,512002,0,512002,43617
cstone,d7fddfb4f8d8ada0eb1a65d1a450a66c8cbd794c,direct,octree_leafcount,flyby,8,140,140,0.7341439724,0.1994879991,0.934943974,1.000343,1,0,5,43497,38060,17,17,12721,33.42354178,13.45249606,512002,0,512002,43497
cstone,d7fddfb4f8d8ada0eb1a65d1a450a66c8cbd794c,direct,octree_leafcount,flyby,8,141,141,0.7803199887,0.2206400037,1.00227201,1.054718,1,0,6,43553,38109,17,17,12543,32.913485,13.43519903,512002,0,512002,43553
cstone,d7fddfb4f8d8ada0eb1a65d1a450a66c8cbd794c,direct,octree_leafcount,flyby,8,142,142,0.7354239821,0.1996160001,0.9363520145,0.990058,1,0,5,43521,38081,17,17,12500,32.82476826,13.4450776,512002,0,512002,43521
cstone,d7fddfb4f8d8ada0eb1a65d1a450a66c8cbd794c,direct,octree_leafcount,flyby,8,143,143,0.8219519854,0.2123840004,1.035647988,1.092743,1,0,6,43481,38046,17,17,12512,32.88650581,13.45744625,512002,0,512002,43481
cstone,d7fddfb4f8d8ada0eb1a65d1a450a66c8cbd794c,direct,octree_leafcount,flyby,8,144,144,0.7229760289,0.2131520063,0.9374399781,0.993905,1,0,5,42921,37556,17,17,12251,32.62061987,13.63302801,512002,0,512002,42921
cstone,d7fddfb4f8d8ada0eb1a65d1a450a66c8cbd794c,direct,octree_leafcount,flyby,8,145,145,0.7304000258,0.2218880057,0.9535999894,1.006573,1,0,5,43169,37773,17,17,12443,32.94151907,13.55470839,512002,0,512002,43169
cstone,d7fddfb4f8d8ada0eb1a65d1a450a66c8cbd794c,direct,octree_leafcount,flyby,8,146,146,0.7882239819,0.1840000004,0.9735680223,1.023199,1,0,6,43153,37759,17,17,12284,32.53264122,13.5597341,512002,0,512002,43153
cstone,d7fddfb4f8d8ada0eb1a65d1a450a66c8cbd794c,direct,octree_leafcount,flyby,8,147,147,0.7465599775,0.2247360051,0.9726399779,1.029776,1,0,5,43521,38081,17,17,12474,32.75649274,13.4450776,512002,0,512002,43521
cstone,d7fddfb4f8d8ada0eb1a65d1a450a66c8cbd794c,direct,octree_leafcount,flyby,8,148,148,0.7987840176,0.2057600021,1.005952001,1.06062,1,0,6,43521,38081,17,17,12566,32.99808303,13.4450776,512002,0,512002,43521
cstone,d7fddfb4f8d8ada0eb1a65d1a450a66c8cbd794c,direct,octree_leafcount,flyby,8,149,149,0.7209920287,0.1976639926,0.919968009,0.9735,1,0,5,43225,37822,17,17,12458,32.9385014,13.53714769,512002,0,512002,43225
cstone,d7fddfb4f8d8ada0eb1a65d1a450a66c8cbd794c,direct,octree_leafcount,flyby,8,150,150,0.742208004,0.224255994,0.9677760005,1.02129,1,0,5,43393,37969,17,17,12389,32.62925018,13.48473755,512002,0,512002,43393
cstone,d7fddfb4f8d8ada0eb1a65d1a450a66c8cbd794c,direct,octree_leafcount,flyby,8,151,151,0.8044800162,0.2206400037,1.026463985,1.078488,1,0,6,43537,38095,17,17,12407,32.56857855,13.4401365,512002,0,512002,43537
cstone,d7fddfb4f8d8ada0eb1a65d1a450a66c8cbd794c,direct,octree_leafcount,flyby,8,152,152,0.7429119945,0.1965440065,0.9408000112,0.994085,1,0,5,43497,38060,17,17,12509,32.86652654,13.45249606,512002,0,512002,43497
cstone,d7fddfb4f8d8ada0eb1a65d1a450a66c8cbd794c,direct,octree_leafcount,flyby,8,153,153,0.8240320086,0.2365120053,1.061856031,1.119315,1,0,6,43665,38207,17,17,12555,32.86047059,13.40073808,512002,0,512002,43665
cstone,d7fddfb4f8d8ada0eb1a65d1a450a66c8cbd794c,direct,octree_leafcount,flyby,8,154,154,0.7138879895,0.1976960003,0.9129279852,0.966401,1,0,5,43257,37850,17,17,12228,32.30647292,13.52713342,512002,0,512002,43257
cstone,d7fddfb4f8d8ada0eb1a65d1a450a66c8cbd794c,direct,octree_leafcount,flyby,8,155,155,0.743712008,0.2313600034,0.9763839841,1.030837,1,0,5,43513,38074,17,17,12377,32.50774807,13.44754951,512002,0,512002,43513
cstone,d7fddfb4f8d8ada0eb1a65d1a450a66c8cbd794c,direct,octree_leafcount,flyby,8,156,156,0.7989439964,0.1940159947,0.9942719936,1.048168,1,0,6,43417,37990,17,17,12313,32.41116083,13.4772835,512002,0,512002,43417
cstone,d7fddfb4f8d8ada0eb1a65d1a450a66c8cbd794c,direct,octree_leafcount,flyby,8,157,157,0.7270079851,0.1904000044,0.9187520146,0.971434,1,0,5,43193,37794,17,17,12313,32.57924538,13.5471768,512002,0,512002,43193
cstone,d7fddfb4f8d8ada0eb1a65d1a450a66c8cbd794c,direct,octree_leafcount,flyby,8,158,158,0.7995520234,0.2282879949,1.029183984,1.084083,1,0,6,43313,37899,17,17,12254,32.33330695,13.50964405,512002,0,512002,43313
cstone,d7fddfb4f8d8ada0eb1a65d1a450a66c8cbd794c,direct,octree_leafcount,flyby,8,159,159,0.7403839827,0.1970880032,0.9389119744,0.994056,1,0,5,42817,37465,17,17,11960,31.92312825,13.66614173,512002,0,512002,42817
cstone,d7fddfb4f8d8ada0eb1a65d1a450a66c8cbd794c,direct,octree_leafcount,flyby,8,160,160,0.7444480062,0.227264002,0.9730240107,1.028436,1,0,5,43097,37710,17,17,12020,31.87483426,13.57735349,512002,0,512002,43097
cstone,d7fddfb4f8d8ada0eb1a65d1a450a66c8cbd794c,direct,octree_leafcount,flyby,8,161,161,0.8184000254,0.230399996,1.050143957,1.104071,1,0,6,43233,37829,17,17,12227,32.32176373,13.53464273,512002,0,512002,43233
cstone,d7fddfb4f8d8ada0eb1a65d1a450a66c8cbd794c,direct,octree_leafcount,flyby,8,162,162,0.8056960106,0.206783995,1.013823986,1.068949,1,0,6,43145,37752,17,17,12101,32.05393092,13.56224836,512002,0,512002,43145
cstone,d7fddfb4f8d8ada0eb1a65d1a450a66c8cbd794c,direct,octree_leafcount,flyby,8,163,163,0.8071039915,0.2423679978,1.050816059,1.111542,1,0,6,43545,38102,17,17,12278,32.22403023,13.43766731,512002,0,512002,43545
cstone,d7fddfb4f8d8ada0eb1a65d1a450a66c8cbd794c,direct,octree_leafcount,flyby,8,164,164,0.7770559788,0.2088319957,0.9872320294,1.045437,1,0,6,43241,37836,17,17,12047,31.84004652,13.5321387,512002,0,512002,43241
cstone,d7fddfb4f8d8ada0eb1a65d1a450a66c8cbd794c,direct,octree_leafcount,flyby,8,165,165,0.7630720139,0.2424000055,1.00681603,1.070324,1,0,5,43137,37745,17,17,12060,31.95125182,13.56476354,512002,0,512002,43137
cstone,d7fddfb4f8d8ada0eb1a65d1a450a66c8cbd794c,direct,octree_leafcount,flyby,8,166,166,0.8235520124,0.2314240038,1.056319952,1.118427,1,0,6,43105,37717,17,17,11947,31.67537185,13.57483363,512002,0,512002,43105
cstone,d7fddfb4f8d8ada0eb1a65d1a450a66c8cbd794c,direct,octree_leafcount,flyby,8,167,167,0.7360320091,0.2042559981,0.9416319728,0.997235,1,0,5,43105,37717,17,17,11850,31.41819339,13.57483363,512002,0,512002,43105
cstone,d7fddfb4f8d8ada0eb1a65d1a450a66c8cbd794c,direct,octree_leafcount,flyby,8,168,168,0.8029119968,0.1909440011,0.9951999784,1.047286,1,0,6,42745,37402,17,17,11841,31.65873483,13.68916101,512002,0,512002,42745
cstone,d7fddfb4f8d8ada0eb1a65d1a450a66c8cbd794c,direct,octree_leafcount,flyby,8,169,169,0.7415680289,0.2334720045,0.9763839841,1.03153,1,0,5,43025,37647,17,17,11893,31.59083061,13.60007438,512002,0,512002,43025
cstone,d7fddfb4f8d8ada0eb1a65d1a450a66c8cbd794c,direct,octree_leafcount,flyby,8,170,170,0.7458239794,0.2016640007,0.9488319755,1.003474,1,0,5,43001,37626,17,17,11936,31.72274491,13.60766491,512002,0,512002,43001
cstone,d7fddfb4f8d8ada0eb1a65d1a450a66c8cbd794c,direct,octree_leafcount,flyby,8,171,171,0.830655992,0.2246720046,1.056671977,1.114073,1,0,6,43417,37990,17,17,11983,31.54251119,13.4772835,512002,0,512002,43417
cstone,d7fddfb4f8d8ada0eb1a65d1a450a66c8cbd794c,direct,octree_leafcount,flyby,8,172,172,0.7487360239,0.2170560062,0.9671360254,1.025216,1,0,5,43025,37647,17,17,11688,31.04629851,13.60007438,512002,0,512002,43025
cstone,d7fddfb4f8d8ada0eb1a65d1a450a66c8cbd794c,direct,octree_leafcount,flyby,8,173,173,0.8309760094,0.2438720018,1.076159954,1.141363,1,0,6,42873,37514,17,17,11815,31.49490857,13.6482913,512002,0,512002,42873
cstone,d7fddfb4f8d8ada0eb1a65d1a450a66c8cbd794c,direct,octree_leafcount,flyby,8,174,174,0.7275840044,0.2133760005,0.9422720075,1.001606,1,0,5,42761,37416,17,17,11711,31.29944409,13.68403891,512002,0,512002,42761
cstone,d7fddfb4f8d8ada0eb1a65d1a450a66c8cbd794c,direct,octree_leafcount,flyby,8,175,175,0.7327039838,0.218592003,0.9526079893,1.006446,1,0,5,42977,37605,17,17,11892,31.62345433,13.61526393,512002,0,512002,42977
cstone,d7fddfb4f8d8ada0eb1a65d1a450a66c8cbd794c,direct,octree_leafcount,flyby,8,176,176,0.7778239846,0.1822080016,0.9613760114,1.012665,1,0,6,42793,37444,17,17,11647,31.10511697,13.67380622,512002,0,512002,42793
cstone,d7fddfb4f8d8ada0eb1a65d1a450a66c8cbd794c,direct,octree_leafcount,flyby,8,177,177,0.7309759855,0.2078080028,0.9401280284,0.991473,1,0,5,42945,37577,17,17,11799,31.39952631,13.62540916,512002,0,512002,42945
cstone,d7fddfb4f8d8ada0eb1a65d1a450a66c8cbd794c,direct,octree_leafcount,flyby,8,178,178,0.8267199993,0.2331839949,1.061215997,1.116458,1,0,6,43017,37640,17,17,11796,31.33900106,13.60260361,512002,0,512002,43017
cstone,d7fddfb4f8d8ada0eb1a65d1a450a66c8cbd794c,direct,octree_leafcount,flyby,8,179,179,0.7095999718,0.1950400025,0.9059839845,0.957677,1,0,5,42641,37311,17,17,11718,31.40628769,13.72254831,512002,0,512002,42641
cstone,d7fddfb4f8d8ada0eb1a65d1a450a66c8cbd794c,direct,octree_leafcount,flyby,8,180,180,0.7530559897,0.2262399942,0.9806399941,1.035464,1,0,5,42985,37612,17,17,11962,31.80367968,13.61272998,512002,0,512002,42985
cstone,d7fddfb4f8d8ada0eb1a65d1a450a66c8cbd794c,direct,octree_leafcount,flyby,8,181,181,0.8059520125,0.2262399942,1.033856034,1.097675,1,0,6,42905,37542,17,17,11761,31.32757978,13.63811198,512002,0,512002,42905
cstone,d7fddfb4f8d8ada0eb1a65d1a450a66c8cbd794c,direct,octree_leafcount,flyby,8,182,182,0.7440000176,0.218336001,0.9636480212,1.025081,1,0,5,42849,37493,17,17,11754,31.34985197,13.65593577,512002,0,512002,42849
cstone,d7fddfb4f8d8ada0eb1a65d1a450a66c8cbd794c,direct,octree_leafcount,flyby,8,183,183,0.7570880055,0.2582719922,1.016800046,1.080018,1,0,5,43049,37668,17,17,11571,30.71838165,13.5924923,512002,0,512002,43049
cstone,d7fddfb4f8d8ada0eb1a65d1a450a66c8cbd794c,direct,octree_leafcount,flyby,8,184,184,0.8179839849,0.2436479926,1.062976003,1.123062,1,0,6,43129,37738,17,17,11650,30.87074037,13.56727967,512002,0,512002,43129
cstone,d7fddfb4f8d8ada0eb1a65d1a450a66c8cbd794c,direct,octree_leafcount,flyby,8,185,185,0.7345920205,0.2083519995,0.9442560077,1.002689,1,0,5,42769,37423,17,17,11754,31.4084921,13.6814793,512002,0,512002,42769
cstone,d7fddfb4f8d8ada0eb1a65d1a450a66c8cbd794c,direct,octree_leafcount,flyby,8,186,186,0.8030719757,0.2034559995,1.007840037,1.063285,1,0,6,42585,37262,17,17,11593,31.11212495,13.74059363,512002,0,512002,42585
cstone,d7fddfb4f8d8ada0eb1a65d1a450a66c8cbd794c,direct,octree_leafcount,flyby,8,187,187,0.7495999932,0.2431679964,0.9941120148,1.052703,1,0,5,42841,37486,17,17,11811,31.5077629,13.65848583,512002,0,512002,42841
cstone,d7fddfb4f8d8ada0eb1a65d1a450a66c8cbd794c,direct,octree_leafcount,flyby,8,188,188,0.727872014,0.2104959935,0.9396799803,0.999104,1,0,5,42289,37003,17,17,11411,30.83804016,13.83676999,512002,0,512002,42289
cstone,d7fddfb4f8d8ada0eb1a65d1a450a66c8cbd794c,direct,octree_leafcount,flyby,8,189,189,0.8215680122,0.2286719978,1.051552057,1.10755,1,0,6,42473,37164,17,17,11522,31.0031213,13.77682704,512002,0,512002,42473
cstone,d7fddfb4f8d8ada0eb1a65d1a450a66c8cbd794c,direct,octree_leafcount,flyby,8,190,190,0.7350720167,0.1985599995,0.9349759817,0.989632,1,0,5,42297,37010,17,17,11405,30.81599568,13.83415293,512002,0,512002,42297
cstone,d7fddfb4f8d8ada0eb1a65d1a450a66c8cbd794c,direct,octree_leafcount,flyby,8,191,191,0.8059200048,0.2180480063,1.025279999,1.083426,1,0,6,42225,36947,17,17,11323,30.64660189,13.85774217,512002,0,512002,42225
cstone,d7fddfb4f8d8ada0eb1a65d1a450a66c8cbd794c,direct,octree_leafcount,flyby,8,192,192,0.7483199835,0.2359039932,0.985567987,1.04399,1,0,5,42233,36954,17,17,11399,30.84645776,13.85511717,512002,0,512002,42233
cstone,d7fddfb4f8d8ada0eb1a65d1a450a66c8cbd794c,direct,octree_leafcount,flyby,8,193,193,0.6598079801,0.2431679964,0.9043200016,0.965367,1,0,4,42273,36989,17,17,11356,30.70101922,13.84200708,512002,0,512002,42273
cstone,d7fddfb4f8d8ada0eb1a65d1a450a66c8cbd794c,direct,octree_leafcount,flyby,8,194,194,0.812672019,0.2212159932,1.0352,1.088202,1,0,6,42401,37101,17,17,11567,31.17705722,13.80022102,512002,0,512002,42401
cstone,d7fddfb4f8d8ada0eb1a65d1a450a66c8cbd794c,direct,octree_leafcount,flyby,8,195,195,0.8284159899,0.1897920072,1.019520044,1.074582,1,0,6,42329,37038,17,17,11498,31.04379286,13.82369458,512002,0,512002,42329
cstone,d7fddfb4f8d8ada0eb1a65d1a450a66c8cbd794c,direct,octree_leafcount,flyby,8,196,196,0.7960640192,0.2385279983,1.035935998,1.092302,1,0,6,42761,37416,17,17,11752,31.40902288,13.68403891,512002,0,512002,42761
cstone,d7fddfb4f8d8ada0eb1a65d1a450a66c8cbd794c,direct,octree_leafcount,flyby,8,197,197,0.657407999,0.2111680061,0.8699200153,0.925973,1,0,4,42289,37003,17,17,11372,30.7326433,13.83676999,512002,0,512002,42289
cstone,d7fddfb4f8d8ada0eb1a65d1a450a66c8cbd794c,direct,octree_leafcount,flyby,8,198,198,0.7484160066,0.2329919934,0.9827520251,1.035342,1,0,5,42561,37241,17,17,11525,30.94707446,13.74834188,512002,0,512002,42561
cstone,d7fddfb4f8d8ada0eb1a65d1a450a66c8cbd794c,direct,octree_leafcount,flyby,8,199,199,0.8161280155,0.232160002,1.049631953,1.106341,1,0,6,42577,37255,17,17,11385,30.55965642,13.74317541,512002,0,512002,42577
cstone,d7fddfb4f8d8ada0eb1a65d1a450a66c8cbd794c,direct,octree_leafcount,flyby,8,200,200,0.7550079823,0.2466239929,1.002975941,1.062582,1,0,5,42641,37311,17,17,11427,30.62635684,13.72254831,512002,0,512002,42641
cstone,d7fddfb4f8d8ada0eb1a65d1a450a66c8cbd794c,direct,octree_leafcount,flyby,8,201,201,0.8140159845,0.2047359943,1.020095944,1.076269,1,0,6,42481,37171,17,17,11405,30.68252132,13.7742326,512002,0,512002,42481
cstone,d7fddfb4f8d8ada0eb1a65d1a450a66c8cbd794c,direct,octree_leafcount,flyby,8,202,202,0.7232959867,0.1873279959,0.9119679928,0.963959,1,0,5,42305,37017,17,17,11259,30.41575492,13.83153686,512002,0,512002,42305
cstone,d7fddfb4f8d8ada0eb1a65d1a450a66c8cbd794c,direct,octree_leafcount,flyby,8,203,203,0.7309120297,0.2108799964,0.9432319999,0.995598,1,0,5,42393,37094,17,17,11467,30.91335526,13.80282525,512002,0,512002,42393
cstone,d7fddfb4f8d8ada0eb1a65d1a450a66c8cbd794c,direct,octree_leafcount,flyby,8,204,204,0.8103359938,0.2083519995,1.019999981,1.075539,1,0,6,42297,37010,17,17,11400,30.80248581,13.83415293,512002,0,512002,42297
cstone,d7fddfb4f8d8ada0eb1a65d1a450a66c8cbd794c,direct,octree_leafcount,flyby,8,205,205,0.7509120107,0.247743994,1,1.058832,1,0,5,42825,37472,17,17,11629,31.0338386,13.66358881,512002,0,512002,42825
cstone,d7fddfb4f8d8ada0eb1a65d1a450a66c8cbd794c,direct,octree_leafcount,flyby,8,206,206,0.6522880197,0.2095039934,0.8631359935,0.919455,1,0,4,42609,37283,17,17,11431,30.66008637,13.73285412,512002,0,512002,42609
cstone,d7fddfb4f8d8ada0eb1a65d1a450a66c8cbd794c,direct,octree_leafcount,flyby,8,207,207,0.8195520043,0.2518399954,1.072736025,1.132764,1,0,6,42881,37521,17,17,11488,30.61752085,13.64574505,512002,0,512002,42881
cstone,d7fddfb4f8d8ada0eb1a65d1a450a66c8cbd794c,direct,octree_leafcount,flyby,8,208,208,0.7464960217,0.2042559981,0.9520639777,1.00751,1,0,5,42489,37178,17,17,11347,30.52073807,13.77163914,512002,0,512002,42489
cstone,d7fddfb4f8d8ada0eb1a65d1a450a66c8cbd794c,direct,octree_leafcount,flyby,8,209,209,0.8088319898,0.2047040015,1.014879942,1.071781,1,0,6,42281,36996,17,17,11314,30.58168451,13.83938804,512002,0,512002,42281
cstone,d7fddfb4f8d8ada0eb1a65d1a450a66c8cbd794c,direct,octree_leafcount,flyby,8,210,210,0.7657279968,0.2373760045,1.004415989,1.067856,1,0,5,42169,36898,17,17,11217,30.40002168,13.87614505,512002,0,512002,42169
cstone,d7fddfb4f8d8ada0eb1a65d1a450a66c8cbd794c,direct,octree_leafcount,flyby,8,211,211,0.7425919771,0.2473919988,0.991328001,1.051105,1,0,5,42241,36961,17,17,11176,30.23727713,13.85249317,512002,0,512002,42241
cstone,d7fddfb4f8d8ada0eb1a65d1a450a66c8cbd794c,direct,octree_leafcount,flyby,8,212,212,0.8110079765,0.2278079987,1.040127993,1.09742,1,0,6,42449,37143,17,17,11392,30.67065127,13.78461621,512002,0,512002,42449
cstone,d7fddfb4f8d8ada0eb1a65d1a450a66c8cbd794c,direct,octree_leafcount,flyby,8,213,213,0.7503359914,0.1955199987,0.9472000003,1.002421,1,0,5,42185,36912,17,17,11341,30.72442566,13.8708821,512002,0,512002,42185
cstone,d7fddfb4f8d8ada0eb1a65d1a450a66c8cbd794c,direct,octree_leafcount,flyby,8,214,214,0.8228160143,0.227264002,1.051424026,1.105995,1,0,6,42193,36919,17,17,11377,30.81611095,13.86825212,512002,0,512002,42193
cstone,d7fddfb4f8d8ada0eb1a65d1a450a66c8cbd794c,direct,octree_leafcount,flyby,8,215,215,0.7336959839,0.2463999987,0.981408,1.037566,1,0,5,42249,36968,17,17,11279,30.51017096,13.84987016,512002,0,512002,42249
cstone,d7fddfb4f8d8ada0eb1a65d1a450a66c8cbd794c,direct,octree_leafcount,flyby,8,216,216,0.7345920205,0.2180480063,0.9539840221,1.005691,1,0,5,42377,37080,17,17,11505,31.02750809,13.80803668,512002,0,512002,42377
cstone,d7fddfb4f8d8ada0eb1a65d1a450a66c8cbd794c,direct,octree_leafcount,flyby,8,217,217,0.8029440045,0.2313279957,1.03561604,1.090292,1,0,6,42457,37150,17,17,11317,30.46298789,13.78201884,512002,0,512002,42457
cstone,d7fddfb4f8d8ada0eb1a65d1a450a66c8cbd794c,direct,octree_leafcount,flyby,8,218,218,0.7402240038,0.210048005,0.9516159892,1.005706,1,0,5,42393,37094,17,17,11293,30.4442767,13.80282525,512002,0,512002,42393
cstone,d7fddfb4f8d8ada0eb1a65d1a450a66c8cbd794c,direct,octree_leafcount,flyby,8,219,219,0.8300480247,0.2700479925,1.101631999,1.165254,1,0,6,42657,37325,17,17,11349,30.40589417,13.71740121,512002,0,512002,42657
cstone,d7fddfb4f8d8ada0eb1a65d1a450a66c8cbd794c,direct,octree_leafcount,flyby,8,220,220,0.8183040023,0.2294400036,1.049056053,1.111738,1,0,6,42513,37199,17,17,11352,30.51694938,13.76386462,512002,0,512002,42513
cstone,d7fddfb4f8d8ada0eb1a65d1a450a66c8cbd794c,direct,octree_leafcount,flyby,8,221,221,0.7372800112,0.1976319999,0.9362239838,0.991097,1,0,5,42513,37199,17,17,11514,30.95244496,13.76386462,512002,0,512002,42513
cstone,d7fddfb4f8d8ada0eb1a65d1a450a66c8cbd794c,direct,octree_leafcount,flyby,8,222,222,0.7968000174,0.1950400025,0.9931520224,1.048419,1,0,6,42425,37122,17,17,11356,30.59102419,13.7924142,512002,0,512002,42425
cstone,d7fddfb4f8d8ada0eb1a65d1a450a66c8cbd794c,direct,octree_leafcount,flyby,8,223,223,0.737695992,0.1979839951,0.9369599819,0.994224,1,0,5,42337,37045,17,17,11349,30.63571332,13.82108247,512002,0,512002,42337
cstone,d7fddfb4f8d8ada0eb1a65d1a450a66c8cbd794c,direct,octree_leafcount,flyby,8,224,224,0.7226240039,0.2016640007,0.925632,0.979033,1,0,5,41953,36709,17,17,11153,30.3821951,13.94758779,512002,0,512002,41953
cstone,d7fddfb4f8d8ada0eb1a65d1a450a66c8cbd794c,direct,octree_leafcount,flyby,8,225,225,0.8343999982,0.2375040054,1.073215961,1.132562,1,0,6,41985,36737,17,17,11224,30.55230422,13.93695729,512002,0,512002,41985
cstone,d7fddfb4f8d8ada0eb1a65d1a450a66c8cbd794c,direct,octree_leafcount,flyby,8,226,226,0.728128016,0.1893759966,0.9188479781,0.968597,1,0,5,41273,36114,17,17,10788,29.87207177,14.17738273,512002,0,512002,41273
cstone,d7fddfb4f8d8ada0eb1a65d1a450a66c8cbd794c,direct,octree_leafcount,flyby,8,227,227,0.8046399951,0.2262720019,1.032224059,1.085527,1,0,6,41489,36303,17,17,10930,30.1077046,14.10357271,512002,0,512002,41489
cstone,d7fddfb4f8d8ada0eb1a65d1a450a66c8cbd794c,direct,octree_leafcount,flyby,8,228,228,0.6644799709,0.2456959933,0.9115200043,0.969697,1,0,4,42033,36779,17,17,11007,29.92740423,13.9210419,512002,0,512002,42033
cstone,d7fddfb4f8d8ada0eb1a65d1a450a66c8cbd794c,direct,octree_leafcount,flyby,8,229,229,0.7402240038,0.2042559981,0.9457920194,1.001101,1,0,5,42009,36758,17,17,11028,30.0016323,13.92899505,512002,0,512002,42009
cstone,d7fddfb4f8d8ada0eb1a65d1a450a66c8cbd794c,direct,octree_leafcount,flyby,8,230,230,0.8190400004,0.2414080054,1.061792016,1.122361,1,0,6,42097,36835,17,17,10999,29.86018732,13.89987783,512002,0,512002,42097
cstone,d7fddfb4f8d8ada0eb1a65d1a450a66c8cbd794c,direct,octree_leafcount,flyby,8,231,231,0.738847971,0.2037120014,0.9439039826,1.000758,1,0,5,41961,36716,17,17,11040,30.06863493,13.94492864,512002,0,512002,41961
cstone,d7fddfb4f8d8ada0eb1a65d1a450a66c8cbd794c,direct,octree_leafcount,flyby,8,232,232,0.7527359724,0.2446720004,0.9987840056,1.057298,1,0,5,42289,37003,17,17,11043,29.8435262,13.83676999,512002,0,512002,42289
cstone,d7fddfb4f8d8ada0eb1a65d1a450a66c8cbd794c,direct,octree_leafcount,flyby,8,233,233,0.827647984,0.2492160052,1.078367949,1.137109,1,0,6,42425,37122,17,17,11143,30.01724045,13.7924142,512002,0,512002,42425
cstone,d7fddfb4f8d8ada0eb1a65d1a450a66c8cbd794c,direct,octree_leafcount,flyby,8,234,234,0.7366080284,0.2047359943,0.9426559806,0.998739,1,0,5,42217,36940,17,17,10990,29.75094748,13.86036816,512002,0,512002,42217
cstone,d7fddfb4f8d8ada0eb1a65d1a450a66c8cbd794c,direct,octree_leafcount,flyby,8,235,235,0.7483199835,0.2002239972,0.9498559833,1.006365,1,0,5,42017,36765,17,17,10910,29.6749626,13.92634299,512002,0,512002,42017
cstone,d7fddfb4f8d8ada0eb1a65d1a450a66c8cbd794c,direct,octree_leafcount,flyby,8,236,236,0.7337599993,0.196608007,0.9317119718,0.984809,1,0,5,41985,36737,17,17,10930,29.75202112,13.93695729,512002,0,512002,41985
cstone,d7fddfb4f8d8ada0eb1a65d1a450a66c8cbd794c,direct,octree_leafcount,flyby,8,237,237,0.7967039943,0.2043839991,1.002527952,1.057496,1,0,6,41865,36632,17,17,10810,29.50971828,13.97690544,512002,0,512002,41865
cstone,d7fddfb4f8d8ada0eb1a65d1a450a66c8cbd794c,direct,octree_leafcount,flyby,8,238,238,0.8037440181,0.2167039961,1.021792054,1.079187,1,0,6,41497,36310,17,17,10918,30.06885156,14.10085376,512002,0,512002,41497
cstone,d7fddfb4f8d8ada0eb1a65d1a450a66c8cbd794c,direct,octree_leafcount,flyby,8,239,239,0.7385280132,0.2434879988,0.9833279848,1.040805,1,0,5,41665,36457,17,17,10918,29.94760951,14.04399704,512002,0,512002,41665
cstone,d7fddfb4f8d8ada0eb1a65d1a450a66c8cbd794c,direct,octree_leafcount,flyby,8,240,240,0.8042240143,0.2214719951,1.027008057,1.080315,1,0,6,42145,36877,17,17,11152,30.24107167,13.88404697,512002,0,512002,42145
cstone,d7fddfb4f8d8ada0eb1a65d1a450a66c8cbd794c,direct,octree_leafcount,flyby,8,241,241,0.6562240124,0.2078080028,0.8653759956,0.92248,1,0,4,41769,36548,17,17,10846,29.67604246,14.00902922,512002,0,512002,41769
cstone,d7fddfb4f8d8ada0eb1a65d1a450a66c8cbd794c,direct,octree_leafcount,flyby,8,242,242,0.7439360023,0.2354560047,0.9807360172,1.036764,1,0,5,41897,36660,17,17,10921,29.78996181,13.96623022,512002,0,512002,41897
cstone,d7fddfb4f8d8ada0eb1a65d1a450a66c8cbd794c,direct,octree_leafcount,flyby,8,243,243,0.7907519937,0.1982080042,0.9902719855,1.042294,1,0,6,41769,36548,17,17,10896,29.81284886,14.00902922,512002,0,512002,41769
cstone,d7fddfb4f8d8ada0eb1a65d1a450a66c8cbd794c,direct,octree_leafcount,flyby,8,244,244,0.7579519749,0.2323839962,0.9916800261,1.049436,1,0,5,41873,36639,17,17,11002,30.02811212,13.9742351,512002,0,512002,41873
cstone,d7fddfb4f8d8ada0eb1a65d1a450a66c8cbd794c,direct,octree_leafcount,flyby,8,245,245,0.7224959731,0.2073280066,0.9311680198,0.987,1,0,5,41521,36331,17,17,10828,29.80374886,14.0927032,512002,0,512002,41521
cstone,d7fddfb4f8d8ada0eb1a65d1a450a66c8cbd794c,direct,octree_leafcount,flyby,8,246,246,0.8262079954,0.2487999946,1.076320052,1.133695,1,0,6,41921,36681,17,17,10954,29.86287179,13.95823451,512002,0,512002,41921
cstone,d7fddfb4f8d8ada0eb1a65d1a450a66c8cbd794c,direct,octree_leafcount,flyby,8,247,247,0.7508479953,0.2216320038,0.9738240242,1.032607,1,0,5,41593,36394,17,17,10750,29.53783591,14.06830796,512002,0,512002,41593
cstone,d7fddfb4f8d8ada0eb1a65d1a450a66c8cbd794c,direct,octree_leafcount,flyby,8,248,248,0.8031359911,0.2295359969,1.033983946,1.090501,1,0,6,41897,36660,17,17,11024,30.07092199,13.96623022,512002,0,512002,41897
cstone,d7fddfb4f8d8ada0eb1a65d1a450a66c8cbd794c,direct,octree_leafcount,flyby,8,249,249,0.7393919826,0.2368959934,0.978752017,1.035458,1,0,5,41977,36730,17,17,10995,29.93465832,13.9396134,512002,0,512002,41977
cstone,d7fddfb4f8d8ada0eb1a65d1a450a66c8cbd794c,direct,octree_leafcount,flyby,8,250,250,0.7470080256,0.2412479967,0.9896000028,1.0469,1,0,5,42081,36821,17,17,11047,30.00190109,13.90516281,512002,0,512002,42081
cstone,d7fddfb4f8d8ada0eb1a65d1a450a66c8cbd794c,direct,octree_leafcount,flyby,8,251,251,0.8197439909,0.2383999974,1.059488058,1.116084,1,0,6,42105,36842,17,17,10972,29.78122795,13.89723685,512002,0,512002,42105
cstone,d7fddfb4f8d8ada0eb1a65d1a450a66c8cbd794c,direct,octree_leafcount,flyby,8,252,252,0.7487040162,0.231904,0.9819520116,1.036358,1,0,5,42201,36926,17,17,11089,30.03033093,13.86562314,512002,0,512002,42201
cstone,d7fddfb4f8d8ada0eb1a65d1a450a66c8cbd794c,direct,octree_leafcount,flyby,8,253,253,0.7278079987,0.2229440063,0.9520959854,1.006082,1,0,5,42321,37031,17,17,11026,29.77505333,13.82630769,512002,0,512002,42321
cstone,d7fddfb4f8d8ada0eb1a65d1a450a66c8cbd794c,direct,octree_leafcount,flyby,8,254,254,0.8112000227,0.2078080028,1.020320058,1.075316,1,0,6,42305,37017,17,17,11088,29.95380501,13.83153686,512002,0,512002,42305
cstone,d7fddfb4f8d8ada0eb1a65d1a450a66c8cbd794c,direct,octree_leafcount,flyby,8,255,255,0.7779200077,0.2468159944,1.026080012,1.089979,1,0,5,42089,36828,17,17,10961,29.76268057,13.90251982,512002,0,512002,42089
cstone,d7fddfb4f8d8ada0eb1a65d1a450a66c8cbd794c,direct,octree_leafcount,flyby,8,256,256,0.8322240114,0.254016012,1.087551951,1.147608,1,0,6,42513,37199,17,17,11146,29.96317105,13.76386462,512002,0,512002,42513
cstone,d7fddfb4f8d8ada0eb1a65d1a450a66c8cbd794c,direct,octree_leafcount,flyby,8,257,257,0.7469120026,0.2007039934,0.9489279985,1.003581,1,0,5,42457,37150,17,17,11109,29.90309556,13.78201884,512002,0,512002,42457
cstone,d7fddfb4f8d8ada0eb1a65d1a450a66c8cbd794c,direct,octree_leafcount,flyby,8,258,258,0.6526079774,0.1899199933,0.8438720107,0.89754,1,0,4,42337,37045,17,17,11093,29.9446619,13.82108247,512002,0,512002,42337
cstone,d7fddfb4f8d8ada0eb1a65d1a450a66c8cbd794c,direct,octree_leafcount,flyby,8,259,259,0.8035200238,0.1955199987,1.000383973,1.053962,1,0,6,42193,36919,17,17,11172,30.2608413,13.86825212,512002,0,512002,42193
cstone,d7fddfb4f8d8ada0eb1a65d1a450a66c8cbd794c,direct,octree_leafcount,flyby,8,260,260,0.7246080041,0.2207999974,0.9467520118,0.997481,1,0,5,42353,37059,17,17,11141,30.06287272,13.81586119,512002,0,512002,42353
cstone,d7fddfb4f8d8ada0eb1a65d1a450a66c8cbd794c,direct,octree_leafcount,flyby,8,261,261,0.8035200238,0.194848001,0.9997439981,1.05395,1,0,6,42241,36961,17,17,11118,30.08035497,13.85249317,512002,0,512002,42241
cstone,d7fddfb4f8d8ada0eb1a65d1a450a66c8cbd794c,direct,octree_leafcount,flyby,8,262,262,0.7283520103,0.2436479926,0.973344028,1.031011,1,0,5,42345,37052,17,17,11002,29.69340386,13.81847134,512002,0,512002,42345
cstone,d7fddfb4f8d8ada0eb1a65d1a450a66c8cbd794c,direct,octree_leafcount,flyby,8,263,263,0.7425919771,0.2098560035,0.953791976,1.011882,1,0,5,42001,36751,17,17,10983,29.88490109,13.93164812,512002,0,512002,42001
cstone,d7fddfb4f8d8ada0eb1a65d1a450a66c8cbd794c,direct,octree_leafcount,flyby,8,264,264,0.805504024,0.2379519939,1.044767976,1.100563,1,0,6,42065,36807,17,17,10862,29.5106909,13.91045182,512002,0,512002,42065
cstone,d7fddfb4f8d8ada0eb1a65d1a450a66c8cbd794c,direct,octree_leafcount,flyby,8,265,265,0.7441599965,0.2129279971,0.9584000111,1.015923,1,0,5,41785,36562,17,17,10861,29.70570538,14.00366501,512002,0,512002,41785
cstone,d7fddfb4f8d8ada0eb1a65d1a450a66c8cbd794c,direct,octree_leafcount,flyby,8,266,266,0.7181439996,0.231904,0.951391995,1.007653,1,0,5,41921,36681,17,17,10761,29.33671383,13.95823451,512002,0,512002,41921
cstone,d7fddfb4f8d8ada0eb1a65d1a450a66c8cbd794c,direct,octree_leafcount,flyby,8,267,267,0.8085759878,0.225759998,1.035647988,1.089875,1,0,6,41977,36730,17,17,10959,29.83664579,13.9396134,512002,0,512002,41977
cstone,d7fddfb4f8d8ada0eb1a65d1a450a66c8cbd794c,direct,octree_leafcount,flyby,8,268,268,0.7357439995,0.2057600021,0.9428480268,0.998702,1,0,5,41921,36681,17,17,10939,29.82197868,13.95823451,512002,0,512002,41921
cstone,d7fddfb4f8d8ada0eb1a65d1a450a66c8cbd794c,direct,octree_leafcount,flyby,8,269,269,0.8023999929,0.2370239943,1.040768027,1.096094,1,0,6,42081,36821,17,17,10846,29.45601695,13.90516281,512002,0,512002,42081
cstone,d7fddfb4f8d8ada0eb1a65d1a450a66c8cbd794c,direct,octree_leafcount,flyby,8,270,270,0.7095040083,0.2002879977,0.9111040235,0.964186,1,0,5,41857,36625,17,17,10802,29.49351536,13.97957679,512002,0,512002,41857
cstone,d7fddfb4f8d8ada0eb1a65d1a450a66c8cbd794c,direct,octree_leafcount,flyby,8,271,271,0.7350080013,0.2216639966,0.9580159783,1.010956,1,0,5,42001,36751,17,17,10960,29.82231776,13.93164812,512002,0,512002,42001
cstone,d7fddfb4f8d8ada0eb1a65d1a450a66c8cbd794c,direct,octree_leafcount,flyby,8,272,272,0.8019520044,0.2037120014,1.007007957,1.061375,1,0,6,41833,36604,17,17,10668,29.14435581,13.98759698,512002,0,512002,41833
cstone,d7fddfb4f8d8ada0eb1a65d1a450a66c8cbd794c,direct,octree_leafcount,flyby,8,273,273,0.7415680289,0.2355840057,0.9784640074,1.034138,1,0,5,42049,36793,17,17,11056,30.04919414,13.91574484,512002,0,512002,42049
cstone,d7fddfb4f8d8ada0eb1a65d1a450a66c8cbd794c,direct,octree_leafcount,flyby,8,274,274,0.650752008,0.1960639954,0.8481280208,0.902526,1,0,4,41929,36688,17,17,10863,29.6091365,13.9555713,512002,0,512002,41929
cstone,d7fddfb4f8d8ada0eb1a65d1a450a66c8cbd794c,direct,octree_leafcount,flyby,8,275,275,0.8030400276,0.2344319969,1.038784027,1.094646,1,0,6,42129,36863,17,17,10919,29.62048667,13.88931991,512002,0,512002,42129
cstone,d7fddfb4f8d8ada0eb1a65d1a450a66c8cbd794c,direct,octree_leafcount,flyby,8,276,276,0.7342720032,0.1985920072,0.9342399836,0.988374,1,0,5,41897,36660,17,17,10710,29.21440262,13.96623022,512002,0,512002,41897
cstone,d7fddfb4f8d8ada0eb1a65d1a450a66c8cbd794c,direct,octree_leafcount,flyby,8,277,277,0.8056960106,0.2228160053,1.029855967,1.083485,1,0,6,41953,36709,17,17,10849,29.55406031,13.94758779,512002,0,512002,41953
cstone,d7fddfb4f8d8ada0eb1a65d1a450a66c8cbd794c,direct,octree_leafcount,flyby,8,278,278,0.7373440266,0.2129279971,0.9515839815,1.008909,1,0,5,41793,36569,17,17,10736,29.35819957,14.00098444,512002,0,512002,41793
cstone,d7fddfb4f8d8ada0eb1a65d1a450a66c8cbd794c,direct,octree_leafcount,flyby,8,279,279,0.745216012,0.2487040013,0.995487988,1.054443,1,0,5,41833,36604,17,17,10814,29.54321932,13.98759698,512002,0,512002,41833
cstone,d7fddfb4f8d8ada0eb1a65d1a450a66c8cbd794c,direct,octree_leafcount,flyby,8,280,280,0.8024320006,0.2383040041,1.042080045,1.09802,1,0,6,41873,36639,17,17,10723,29.26662846,13.9742351,512002,0,512002,41873
cstone,d7fddfb4f8d8ada0eb1a65d1a450a66c8cbd794c,direct,octree_leafcount,flyby,8,281,281,0.7453439832,0.2262720019,0.9729279876,1.027206,1,0,5,42225,36947,17,17,10931,29.58562265,13.85774217,512002,0,512002,42225
cstone,d7fddfb4f8d8ada0eb1a65d1a450a66c8cbd794c,direct,octree_leafcount,flyby,8,282,282,0.6494719982,0.2030400038,0.8538560271,0.907699,1,0,4,41649,36443,17,17,10734,29.45421617,14.0493922,512002,0,512002,41649
cstone,d7fddfb4f8d8ada0eb1a65d1a450a66c8cbd794c,direct,octree_leafcount,flyby,8,283,283,0.8044160008,0.2026879936,1.008416057,1.062888,1,0,6,41561,36366,17,17,10715,29.46433482,14.07913986,512002,0,512002,41561
cstone,d7fddfb4f8d8ada0eb1a65d1a450a66c8cbd794c,direct,octree_leafcount,flyby,8,284,284,0.7332159877,0.2381120026,0.9726719856,1.031867,1,0,5,41625,36422,17,17,10665,29.28175279,14.05749272,512002,0,512002,41625
cstone,d7fddfb4f8d8ada0eb1a65d1a450a66c8cbd794c,direct,octree_leafcount,flyby,8,285,285,0.81081599,0.2344319969,1.046591997,1.103085,1,0,6,41641,36436,17,17,10814,29.67943792,14.05209134,512002,0,512002,41641
cstone,d7fddfb4f8d8ada0eb1a65d1a450a66c8cbd794c,direct,octree_leafcount,flyby,8,286,286,0.7245439887,0.2366719991,0.9625279903,1.021333,1,0,5,41657,36450,17,17,10652,29.22359396,14.0466941,512002,0,512002,41657
cstone,d7fddfb4f8d8ada0eb1a65d1a450a66c8cbd794c,direct,octree_leafcount,flyby,8,287,287,0.7532160282,0.2624639869,1.017215967,1.077791,1,0,5,41865,36632,17,17,10909,29.77997379,13.97690544,512002,0,512002,41865
cstone,d7fddfb4f8d8ada0eb1a65d1a450a66c8cbd794c,direct,octree_leafcount,flyby,8,288,288,0.815328002,0.2477120012,1.064383984,1.123369,1,0,6,42129,36863,17,17,10875,29.50112579,13.88931991,512002,0,512002,42129
cstone,d7fddfb4f8d8ada0eb1a65d1a450a66c8cbd794c,direct,octree_leafcount,flyby,8,289,289,0.741312027,0.2026560009,0.9453120232,1.001322,1,0,5,42105,36842,17,17,10822,29.37408393,13.89723685,512002,0,512002,42105
cstone,d7fddfb4f8d8ada0eb1a65d1a450a66c8cbd794c,direct,octree_leafcount,flyby,8,290,290,0.6491199732,0.191456005,0.8419200182,0.89647,1,0,4,41785,36562,17,17,10642,29.10672283,14.00366501,512002,0,512002,41785
cstone,d7fddfb4f8d8ada0eb1a65d1a450a66c8cbd794c,direct,octree_leafcount,flyby,8,291,291,0.8107200265,0.2104000002,1.02243197,1.072664,1,0,6,41905,36667,17,17,10791,29.42973246,13.96356397,512002,0,512002,41905
cstone,d7fddfb4f8d8ada0eb1a65d1a450a66c8cbd794c,direct,octree_leafcount,flyby,8,292,292,0.7403839827,0.198239997,0.9399679899,0.993454,1,0,5,41569,36373,17,17,10684,29.37343634,14.07643032,512002,0,512002,41569
cstone,d7fddfb4f8d8ada0eb1a65d1a450a66c8cbd794c,direct,octree_leafcount,flyby,8,293,293,0.8127999902,0.2447039932,1.058976054,1.116162,1,0,6,41697,36485,17,17,10647,29.18185556,14.03321913,512002,0,512002,41697
cstone,d7fddfb4f8d8ada0eb1a65d1a450a66c8cbd794c,direct,octree_leafcount,flyby,8,294,294,0.7328320146,0.2508159876,0.9849600196,1.045845,1,0,5,42017,36765,17,17,10673,29.03032776,13.92634299,512002,0,512002,42017
cstone,d7fddfb4f8d8ada0eb1a65d1a450a66c8cbd794c,direct,octree_leafcount,flyby,8,295,295,0.7576640248,0.2267840058,0.9857599735,1.046094,1,0,5,41857,36625,17,17,10827,29.56177474,13.97957679,512002,0,512002,41857
cstone,d7fddfb4f8d8ada0eb1a65d1a450a66c8cbd794c,direct,octree_leafcount,flyby,8,296,296,0.8050559759,0.2495680004,1.056095958,1.113111,1,0,6,41873,36639,17,17,10742,29.31848577,13.9742351,512002,0,512002,41873
cstone,d7fddfb4f8d8ada0eb1a65d1a450a66c8cbd794c,direct,octree_leafcount,flyby,8,297,297,0.7539200187,0.2180480063,0.973631978,1.031946,1,0,5,41857,36625,17,17,10789,29.45802048,13.97957679,512002,0,512002,41857
cstone,d7fddfb4f8d8ada0eb1a65d1a450a66c8cbd794c,direct,octree_leafcount,flyby,8,298,298,0.6672000289,0.2092480063,0.8777920008,0.933738,1,0,4,41833,36604,17,17,10588,28.92580046,13.98759698,512002,0,512002,41833
cstone,d7fddfb4f8d8ada0eb1a65d1a450a66c8cbd794c,direct,octree_leafcount,flyby,8,299,299,0.8275520205,0.2508159876,1.079679966,1.139215,1,0,6,42049,36793,17,17,10758,29.23925747,13.91574484,512002,0,512002,42049
cstone,d7fddfb4f8d8ada0eb1a65d1a450a66c8cbd794c,direct,octree_leafcount,flyby,8,300,300,0.7443519831,0.225759998,0.9714559913,1.030859,1,0,5,42033,36779,17,17,10795,29.35098834,13.9210419,512002,0,512002,42033
cstone,d7fddfb4f8d8ada0eb1a65d1a450a66c8cbd794c,direct,octree_leafcount,flyby,8,301,301,0.815967977,0.2286719978,1.04598403,1.106669,1,0,6,42009,36758,17,17,10700,29.10930954,13.92899505,512002,0,512002,42009
cstone,d7fddfb4f8d8ada0eb1a65d1a450a66c8cbd794c,direct,octree_leafcount,flyby,8,302,302,0.7128000259,0.2139199972,0.928031981,0.986371,1,0,5,41961,36716,17,17,10699,29.13988452,13.94492864,512002,0,512002,41961
cstone,d7fddfb4f8d8ada0eb1a65d1a450a66c8cbd794c,direct,octree_leafcount,flyby,8,303,303,0.8139839768,0.227136001,1.042431951,1.097368,1,0,6,42193,36919,17,17,10796,29.24239551,13.86825212,512002,0,512002,42193
cstone,d7fddfb4f8d8ada0eb1a65d1a450a66c8cbd794c,direct,octree_leafcount,flyby,8,304,304,0.8143360019,0.2224320024,1.038048029,1.094692,1,0,6,42153,36884,17,17,10816,29.32436829,13.88141199,512002,0,512002,42153
cstone,d7fddfb4f8d8ada0eb1a65d1a450a66c8cbd794c,direct,octree_leafcount,flyby,8,305,305,0.7429760098,0.2192640007,0.9637439847,1.024688,1,0,5,42153,36884,17,17,10850,29.41654918,13.88141199,512002,0,512002,42153
cstone,d7fddfb4f8d8ada0eb1a65d1a450a66c8cbd794c,direct,octree_leafcount,flyby,8,306,306,0.6499840021,0.2303359956,0.8816639781,0.937814,1,0,4,42345,37052,17,17,10890,29.39112599,13.81847134,512002,0,512002,42345
cstone,d7fddfb4f8d8ada0eb1a65d1a450a66c8cbd794c,direct,octree_leafcount,flyby,8,307,307,0.8094400167,0.2360000014,1.046751976,1.101069,1,0,6,42577,37255,17,17,11010,29.55308012,13.74317541,512002,0,512002,42577
cstone,d7fddfb4f8d8ada0eb1a65d1a450a66c8cbd794c,direct,octree_leafcount,flyby,8,308,308,0.7256960273,0.2052800059,0.9323199987,0.984867,1,0,5,42473,37164,17,17,10952,29.46937897,13.77682704,512002,0,512002,42473
cstone,d7fddfb4f8d8ada0eb1a65d1a450a66c8cbd794c,direct,octree_leafcount,flyby,8,309,309,0.7199680209,0.1929920018,0.914304018,0.966618,1,0,5,42337,37045,17,17,10944,29.54244837,13.82108247,512002,0,512002,42337
cstone,d7fddfb4f8d8ada0eb1a65d1a450a66c8cbd794c,direct,octree_leafcount,flyby,8,310,310,0.821344018,0.2557759881,1.078464031,1.140624,1,0,6,42409,37108,17,17,10956,29.52463081,13.79761776,512002,0,512002,42409
cstone,d7fddfb4f8d8ada0eb1a65d1a450a66c8cbd794c,direct,octree_leafcount,flyby,8,311,311,0.7414399981,0.220735997,0.9635199904,1.024808,1,0,5,42409,37108,17,17,11023,29.70518487,13.79761776,512002,0,512002,42409
cstone,d7fddfb4f8d8ada0eb1a65d1a450a66c8cbd794c,direct,octree_leafcount,flyby,8,312,312,0.8123840094,0.2088319957,1.02256,1.077207,1,0,6,42281,36996,17,17,10871,29.38425776,13.83938804,512002,0,512002,42281
cstone,d7fddfb4f8d8ada0eb1a65d1a450a66c8cbd794c,direct,octree_leafcount,flyby,8,313,313,0.6581760049,0.2208320051,0.8803520203,0.940383,1,0,4,42057,36800,17,17,10595,28.79076087,13.91309783,512002,0,512002,42057
cstone,d7fddfb4f8d8ada0eb1a65d1a450a66c8cbd794c,direct,octree_leafcount,flyby,8,314,314,0.7445440292,0.2375999987,0.9834880233,1.039787,1,0,5,42105,36842,17,17,10747,29.17051192,13.89723685,512002,0,512002,42105
cstone,d7fddfb4f8d8ada0eb1a65d1a450a66c8cbd794c,direct,octree_leafcount,flyby,8,315,315,0.7946879864,0.2231680006,1.019199967,1.074535,1,0,6,42129,36863,17,17,10683,28.98027833,13.88931991,512002,0,512002,42129
cstone,d7fddfb4f8d8ada0eb1a65d1a450a66c8cbd794c,direct,octree_leafcount,flyby,8,316,316,0.7279360294,0.2252160013,0.954496026,1.009655,1,0,5,42137,36870,17,17,10831,29.3761866,13.88668294,512002,0,512002,42137
cstone,d7fddfb4f8d8ada0eb1a65d1a450a66c8cbd794c,direct,octree_leafcount,flyby,8,317,317,0.7167680264,0.193471998,0.9115840197,0.964368,1,0,5,41593,36394,17,17,10538,28.95532231,14.06830796,512002,0,512002,41593
cstone,d7fddfb4f8d8ada0eb1a65d1a450a66c8cbd794c,direct,octree_leafcount,flyby,8,318,318,0.8033599854,0.2262720019,1.031008005,1.08467,1,0,6,41689,36478,17,17,10570,28.97636932,14.03591206,512002,0,512002,41689
cstone,d7fddfb4f8d8ada0eb1a65d1a450a66c8cbd794c,direct,octree_leafcount,flyby,8,319,319,0.7360000014,0.191200003,0.9285439849,0.980598,1,0,5,41601,36401,17,17,10552,28.98821461,14.06560259,512002,0,512002,41601
cstone,d7fddfb4f8d8ada0eb1a65d1a450a66c8cbd794c,direct,octree_leafcount,flyby,8,320,320,0.812672019,0.229888007,1.043871999,1.097563,1,0,6,41921,36681,17,17,10762,29.33944004,13.95823451,512002,0,512002,41921
cstone,d7fddfb4f8d8ada0eb1a65d1a450a66c8cbd794c,direct,octree_leafcount,flyby,8,321,321,0.6389759779,0.1934079975,0.8336960077,0.888131,1,0,4,41569,36373,17,17,10473,28.79333572,14.07643032,512002,0,512002,41569
cstone,d7fddfb4f8d8ada0eb1a65d1a450a66c8cbd794c,direct,octree_leafcount,flyby,8,322,322,0.7421119809,0.1942719966,0.9376959801,0.989318,1,0,5,41561,36366,17,17,10492,28.85112468,14.07913986,512002,0,512002,41561
cstone,d7fddfb4f8d8ada0eb1a65d1a450a66c8cbd794c,direct,octree_leafcount,flyby,8,323,323,0.8101440072,0.2395199984,1.050976038,1.109365,1,0,6,41721,36506,17,17,10517,28.80896291,14.02514655,512002,0,512002,41721
cstone,d7fddfb4f8d8ada0eb1a65d1a450a66c8cbd794c,direct,octree_leafcount,flyby,8,324,324,0.824639976,0.2396800071,1.065664053,1.124641,1,0,6,41881,36646,17,17,10722,29.25830923,13.97156579,512002,0,512002,41881
cstone,d7fddfb4f8d8ada0eb1a65d1a450a66c8cbd794c,direct,octree_leafcount,flyby,8,325,325,0.6572160125,0.2034559995,0.8620160222,0.917703,1,0,4,41633,36429,17,17,10557,28.97965906,14.05479151,512002,0,512002,41633
cstone,d7fddfb4f8d8ada0eb1a65d1a450a66c8cbd794c,direct,octree_leafcount,flyby,8,326,326,0.8079360127,0.2267840058,1.036031961,1.091687,1,0,6,41785,36562,17,17,10671,29.18604015,14.00366501,512002,0,512002,41785
cstone,d7fddfb4f8d8ada0eb1a65d1a450a66c8cbd794c,direct,octree_leafcount,flyby,8,327,327,0.7433279753,0.2467200011,0.9913920164,1.051318,1,0,5,41961,36716,17,17,10660,29.0336638,13.94492864,512002,0,512002,41961
cstone,d7fddfb4f8d8ada0eb1a65d1a450a66c8cbd794c,direct,octree_leafcount,flyby,8,328,328,0.8277760148,0.2573119998,1.086400032,1.146761,1,0,6,42201,36926,17,17,10698,28.97145643,13.86562314,512002,0,512002,42201
cstone,d7fddfb4f8d8ada0eb1a65d1a450a66c8cbd794c,direct,octree_leafcount,flyby,8,329,329,0.7286080122,0.2188480049,0.9487680197,1.009752,1,0,5,41889,36653,17,17,10634,29.01263198,13.9688975,512002,0,512002,41889
cstone,d7fddfb4f8d8ada0eb1a65d1a450a66c8cbd794c,direct,octree_leafcount,flyby,8,330,330,0.7476800084,0.2395520061,0.9886080027,1.046873,1,0,5,42073,36814,17,17,10654,28.94007714,13.90780681,512002,0,512002,42073
cstone,d7fddfb4f8d8ada0eb1a65d1a450a66c8cbd794c,direct,octree_leafcount,flyby,8,331,331,0.8038719893,0.2377920002,1.04300797,1.100925,1,0,6,42113,36849,17,17,10747,29.16497056,13.89459687,512002,0,512002,42113
cstone,d7fddfb4f8d8ada0eb1a65d1a450a66c8cbd794c,direct,octree_leafcount,flyby,8,332,332,0.8093439937,0.2364799976,1.047168016,1.102288,1,0,6,42129,36863,17,17,10639,28.86091745,13.88931991,512002,0,512002,42129
cstone,d7fddfb4f8d8ada0eb1a65d1a450a66c8cbd794c,direct,octree_leafcount,flyby,8,333,333,0.6622719765,0.2289600074,0.8925759792,0.947454,1,0,4,42225,36947,17,17,10749,29.09302514,13.85774217,512002,0,512002,42225
cstone,d7fddfb4f8d8ada0eb1a65d1a450a66c8cbd794c,direct,octree_leafcount,flyby,8,334,334,0.7963200212,0.2073280066,1.004992008,1.06077,1,0,6,41993,36744,17,17,10602,28.8536904,13.9343022,512002,0,512002,41993
cstone,d7fddfb4f8d8ada0eb1a65d1a450a66c8cbd794c,direct,octree_leafcount,flyby,8,335,335,0.7426239848,0.2303359956,0.9743040204,1.027791,1,0,5,42273,36989,17,17,10776,29.13298548,13.84200708,512002,0,512002,42273
cstone,d7fddfb4f8d8ada0eb1a65d1a450a66c8cbd794c,direct,octree_leafcount,flyby,8,336,336,0.7396479845,0.2088319957,0.9498239756,1.004097,1,0,5,41969,36723,17,17,10559,28.75309751,13.94227051,512002,0,512002,41969
cstone,d7fddfb4f8d8ada0eb1a65d1a450a66c8cbd794c,direct,octree_leafcount,flyby,8,337,337,0.8103359938,0.2231680006,1.034880042,1.089003,1,0,6,42041,36786,17,17,10637,28.91589192,13.91839287,512002,0,512002,42041
cstone,d7fddfb4f8d8ada0eb1a65d1a450a66c8cbd794c,direct,octree_leafcount,flyby,8,338,338,0.7210559845,0.2077119946,0.9301120043,0.985784,1,0,5,41897,36660,17,17,10536,28.73977087,13.96623022,512002,0,512002,41897
cstone,d7fddfb4f8d8ada0eb1a65d1a450a66c8cbd794c,direct,octree_leafcount,flyby,8,339,339,0.7935039997,0.1975679994,0.9924160242,1.047038,1,0,6,41721,36506,17,17,10560,28.92675177,14.02514655,512002,0,512002,41721
cstone,d7fddfb4f8d8ada0eb1a65d1a450a66c8cbd794c,direct,octree_leafcount,flyby,8,340,340,0.6524800062,0.2026879936,0.8565120101,0.911366,1,0,4,41321,36156,17,17,10287,28.45170926,14.16091382,512002,0,512002,41321
cstone,d7fddfb4f8d8ada0eb1a65d1a450a66c8cbd794c,direct,octree_leafcount,flyby,8,341,341,0.7537279725,0.2501440048,1.005184054,1.065012,1,0,5,41641,36436,17,17,10505,28.83137556,14.05209134,512002,0,512002,41641
cstone,d7fddfb4f8d8ada0eb1a65d1a450a66c8cbd794c,direct,octree_leafcount,flyby,8,342,342,0.8195520043,0.2213439941,1.042240024,1.099942,1,0,6,41609,36408,17,17,10443,28.68325643,14.06289826,512002,0,512002,41609
cstone,d7fddfb4f8d8ada0eb1a65d1a450a66c8cbd794c,direct,octree_leafcount,flyby,8,343,343,0.7504000068,0.2431679964,0.9949120283,1.051396,1,0,5,41785,36562,17,17,10586,28.95355834,14.00366501,512002,0,512002,41785
cstone,d7fddfb4f8d8ada0eb1a65d1a450a66c8cbd794c,direct,octree_leafcount,flyby,8,344,344,0.6609920263,0.2164160013,0.8787199855,0.938371,1,0,4,41633,36429,17,17,10494,28.80671992,14.05479151,512002,0,512002,41633
cstone,d7fddfb4f8d8ada0eb1a65d1a450a66c8cbd794c,direct,octree_leafcount,flyby,8,345,345,0.7978879809,0.2313600034,1.030624032,1.085231,1,0,6,41801,36576,17,17,10682,29.20494313,13.9983049,512002,0,512002,41801
cstone,d7fddfb4f8d8ada0eb1a65d1a450a66c8cbd794c,direct,octree_leafcount,flyby,8,346,346,0.7488639951,0.2400960028,0.9904639721,1.049305,1,0,5,41905,36667,17,17,10520,28.69064827,13.96356397,512002,0,512002,41905
cstone,d7fddfb4f8d8ada0eb1a65d1a450a66c8cbd794c,direct,octree_leafcount,flyby,8,347,347,0.8025280237,0.240575999,1.044448018,1.10114,1,0,6,42025,36772,17,17,10511,28.58424889,13.92369194,512002,0,512002,42025
cstone,d7fddfb4f8d8ada0eb1a65d1a450a66c8cbd794c,direct,octree_leafcount,flyby,8,348,348,0.7108799815,0.1991360039,0.9113600254,0.96472,1,0,5,41857,36625,17,17,10396,28.38498294,13.97957679,512002,0,512002,41857
cstone,d7fddfb4f8d8ada0eb1a65d1a450a66c8cbd794c,direct,octree_leafcount,flyby,8,349,349,0.7415680289,0.220096007,0.9633600116,1.020718,1,0,5,41713,36499,17,17,10372,28.41721691,14.02783638,512002,0,512002,41713
cstone,d7fddfb4f8d8ada0eb1a65d1a450a66c8cbd794c,direct,octree_leafcount,flyby,8,350,350,0.8035839796,0.2217919976,1.026720047,1.085096,1,0,6,41609,36408,17,17,10358,28.44979125,14.06289826,512002,0,512002,41609
cstone,d7fddfb4f8d8ada0eb1a65d1a450a66c8cbd794c,direct,octree_leafcount,flyby,8,351,351,0.6520320177,0.1996160001,0.8529919982,0.907426,1,0,4,41601,36401,17,17,10345,28.41954891,14.06560259,512002,0,512002,41601
cstone,d7fddfb4f8d8ada0eb1a65d1a450a66c8cbd794c,direct,octree_leafcount,flyby,8,352,352,0.7450879812,0.2416319996,0.9880959988,1.044008,1,0,5,41769,36548,17,17,10547,28.85794024,14.00902922,512002,0,512002,41769
cstone,d7fddfb4f8d8ada0eb1a65d1a450a66c8cbd794c,direct,octree_leafcount,flyby,8,353,353,0.7928640246,0.2175679952,1.011744022,1.070868,1,0,6,41449,36268,17,17,10365,28.57891254,14.11718319,512002,0,512002,41449
cstone,d7fddfb4f8d8ada0eb1a65d1a450a66c8cbd794c,direct,octree_leafcount,flyby,8,354,354,0.7401599884,0.2477120012,0.9891840219,1.047957,1,0,5,41857,36625,17,17,10610,28.96928328,13.97957679,512002,0,512002,41857
cstone,d7fddfb4f8d8ada0eb1a65d1a450a66c8cbd794c,direct,octree_leafcount,flyby,8,355,355,0.6564480066,0.2132479995,0.8710079789,0.931124,1,0,4,41513,36324,17,17,10502,28.9120141,14.09541901,512002,0,512002,41513
cstone,d7fddfb4f8d8ada0eb1a65d1a450a66c8cbd794c,direct,octree_leafcount,flyby,8,356,356,0.8257279992,0.2491520047,1.076223969,1.136734,1,0,6,41897,36660,17,17,10584,28.87070376,13.96623022,512002,0,512002,41897
cstone,d7fddfb4f8d8ada0eb1a65d1a450a66c8cbd794c,direct,octree_leafcount,flyby,8,357,357,0.741312027,0.2205120027,0.963168025,1.022596,1,0,5,41625,36422,17,17,10551,28.96875515,14.05749272,512002,0,512002,41625
cstone,d7fddfb4f8d8ada0eb1a65d1a450a66c8cbd794c,direct,octree_leafcount,flyby,8,358,358,0.812063992,0.2416000068,1.054975986,1.111957,1,0,6,41833,36604,17,17,10587,28.92306852,13.98759698,512002,0,512002,41833
cstone,d7fddfb4f8d8ada0eb1a65d1a450a66c8cbd794c,direct,octree_leafcount,flyby,8,359,359,0.7249280214,0.2139520049,0.9401919842,0.996163,1,0,5,41745,36527,17,17,10473,28.6719413,14.01708325,512002,0,512002,41745
cstone,d7fddfb4f8d8ada0eb1a65d1a450a66c8cbd794c,direct,octree_leafcount,flyby,8,360,360,0.7480000257,0.2524479926,1.001791954,1.0645,1,0,5,41841,36611,17,17,10636,29.051378,13.98492256,512002,0,512002,41841
cstone,d7fddfb4f8d8ada0eb1a65d1a450a66c8cbd794c,direct,octree_leafcount,flyby,8,361,361,0.807008028,0.2440640032,1.052384019,1.110346,1,0,6,42009,36758,17,17,10535,28.66042766,13.92899505,512002,0,512002,42009
cstone,d7fddfb4f8d8ada0eb1a65d1a450a66c8cbd794c,direct,octree_leafcount,flyby,8,362,362,0.748767972,0.2098560035,0.9599679708,1.01626,1,0,5,41745,36527,17,17,10427,28.54600706,14.01708325,512002,0,512002,41745
cstone,d7fddfb4f8d8ada0eb1a65d1a450a66c8cbd794c,direct,octree_leafcount,flyby,8,363,363,0.640320003,0.2032320052,0.8449599743,0.899939,1,0,4,41713,36499,17,17,10347,28.34872188,14.02783638,512002,0,512002,41713
cstone,d7fddfb4f8d8ada0eb1a65d1a450a66c8cbd794c,direct,octree_leafcount,flyby,8,364,364,0.826399982,0.2334399968,1.061184049,1.115997,1,0,6,41769,36548,17,17,10389,28.42563205,14.00902922,512002,0,512002,41769
cstone,d7fddfb4f8d8ada0eb1a65d1a450a66c8cbd794c,direct,octree_leafcount,flyby,8,365,365,0.7414399981,0.2354560047,0.9782400131,1.033186,1,0,5,41953,36709,17,17,10475,28.53523659,13.94758779,512002,0,512002,41953
cstone,d7fddfb4f8d8ada0eb1a65d1a450a66c8cbd794c,direct,octree_leafcount,flyby,8,366,366,0.7369920015,0.2022079974,0.9405440092,0.994302,1,0,5,41617,36415,17,17,10327,28.35919264,14.06019497,512002,0,512002,41617
cstone,d7fddfb4f8d8ada0eb1a65d1a450a66c8cbd794c,direct,octree_leafcount,flyby,8,367,367,0.8092479706,0.2130880058,1.023648024,1.080922,1,0,6,41321,36156,17,17,10299,28.48489877,14.16091382,512002,0,512002,41321
cstone,d7fddfb4f8d8ada0eb1a65d1a450a66c8cbd794c,direct,octree_leafcount,flyby,8,368,368,0.7425280213,0.2088319957,0.9527040124,1.00915,1,0,5,41121,35981,17,17,10181,28.29548929,14.22978794,512002,0,512002,41121
cstone,d7fddfb4f8d8ada0eb1a65d1a450a66c8cbd794c,direct,octree_leafcount,flyby,8,369,369,0.7978559732,0.2586239874,1.057952046,1.118172,1,0,6,41577,36380,17,17,10299,28.30951072,14.07372183,512002,0,512002,41577
cstone,d7fddfb4f8d8ada0eb1a65d1a450a66c8cbd794c,direct,octree_leafcount,flyby,8,370,370,0.6639040112,0.2390079945,0.9042239785,0.968241,1,0,4,41369,36198,17,17,10226,28.25017957,14.14448312,512002,0,512002,41369
cstone,d7fddfb4f8d8ada0eb1a65d1a450a66c8cbd794c,direct,octree_leafcount,flyby,8,371,371,0.7387199998,0.218592003,0.958656013,1.018066,1,0,5,41337,36170,17,17,10263,28.37434338,14.15543268,512002,0,512002,41337
cstone,d7fddfb4f8d8ada0eb1a65d1a450a66c8cbd794c,direct,octree_leafcount,flyby,8,372,372,0.7986879945,0.2196159959,1.019616008,1.071393,1,0,6,41593,36394,17,17,10315,28.34258394,14.06830796,512002,0,512002,41593
cstone,d7fddfb4f8d8ada0eb1a65d1a450a66c8cbd794c,direct,octree_leafcount,flyby,8,373,373,0.7370880246,0.205663994,0.9440960288,0.998043,1,0,5,41513,36324,17,17,10297,28.34764894,14.09541901,512002,0,512002,41513
cstone,d7fddfb4f8d8ada0eb1a65d1a450a66c8cbd794c,direct,octree_leafcount,flyby,8,374,374,0.6507840157,0.2260479927,0.8781120181,0.933504,1,0,4,41681,36471,17,17,10193,27.94823284,14.03860602,512002,0,512002,41681
cstone,d7fddfb4f8d8ada0eb1a65d1a450a66c8cbd794c,direct,octree_leafcount,flyby,8,375,375,0.8073279858,0.2073280066,1.015967965,1.071159,1,0,6,41481,36296,17,17,10226,28.17390346,14.1062927,512002,0,512002,41481
cstone,d7fddfb4f8d8ada0eb1a65d1a450a66c8cbd794c,direct,octree_leafcount,flyby,8,376,376,0.741312027,0.2452159971,0.9878720045,1.045614,1,0,5,41777,36555,17,17,10399,28.4475448,14.0063466,512002,0,512002,41777
cstone,d7fddfb4f8d8ada0eb1a65d1a450a66c8cbd794c,direct,octree_leafcount,flyby,8,377,377,0.7342079878,0.2242240012,0.9597439766,1.018119,1,0,5,41297,36135,17,17,10155,28.10294728,14.16914349,512002,0,512002,41297
cstone,d7fddfb4f8d8ada0eb1a65d1a450a66c8cbd794c,direct,octree_leafcount,flyby,8,378,378,0.8191360235,0.2232960016,1.043807983,1.10265,1,0,6,41185,36037,17,17,10196,28.29314316,14.20767544,512002,0,512002,41185
cstone,d7fddfb4f8d8ada0eb1a65d1a450a66c8cbd794c,direct,octree_leafcount,flyby,8,379,379,0.7358080149,0.2436479926,0.9808639884,1.036715,1,0,5,41409,36233,17,17,10223,28.21461099,14.13081997,512002,0,512002,41409
cstone,d7fddfb4f8d8ada0eb1a65d1a450a66c8cbd794c,direct,octree_leafcount,flyby,8,380,380,0.7970560193,0.2423679978,1.040768027,1.098113,1,0,6,41417,36240,17,17,10182,28.09602649,14.12809051,512002,0,512002,41417
cstone,d7fddfb4f8d8ada0eb1a65d1a450a66c8cbd794c,direct,octree_leafcount,flyby,8,381,381,0.655807972,0.220096007,0.8772479892,0.935526,1,0,4,41105,35967,17,17,10015,27.844969,14.23532683,512002,0,512002,41105
cstone,d7fddfb4f8d8ada0eb1a65d1a450a66c8cbd794c,direct,octree_leafcount,flyby,8,382,382,0.7452800274,0.2168959975,0.9635199904,1.021652,1,0,5,41017,35890,17,17,10167,28.32822513,14.26586793,512002,0,512002,41017
cstone,d7fddfb4f8d8ada0eb1a65d1a450a66c8cbd794c,direct,octree_leafcount,flyby,8,383,383,0.8042240143,0.2315199971,1.037088037,1.095579,1,0,6,41129,35988,17,17,10016,27.83149939,14.22702012,512002,0,512002,41129
cstone,d7fddfb4f8d8ada0eb1a65d1a450a66c8cbd794c,direct,octree_leafcount,flyby,8,384,384,0.7328640223,0.2242880017,0.9584959745,1.012557,1,0,5,41241,36086,17,17,10037,27.81411074,14.18838331,512002,0,512002,41241
cstone,d7fddfb4f8d8ada0eb1a65d1a450a66c8cbd794c,direct,octree_leafcount,flyby,8,385,385,0.6548159719,0.2221439928,0.8783040047,0.930657,1,0,4,41273,36114,17,17,10009,27.71501357,14.17738273,512002,0,512002,41273
cstone,d7fddfb4f8d8ada0eb1a65d1a450a66c8cbd794c,direct,octree_leafcount,flyby,8,386,386,0.8423680067,0.2252160013,1.068992019,1.121587,1,0,6,41657,36450,17,17,10104,27.72016461,14.0466941,512002,0,512002,41657
cstone,d7fddfb4f8d8ada0eb1a65d1a450a66c8cbd794c,direct,octree_leafcount,flyby,8,387,387,0.7417600155,0.2354560047,0.9787200093,1.033244,1,0,5,41681,36471,17,17,10337,28.34306709,14.03860602,512002,0,512002,41681
cstone,d7fddfb4f8d8ada0eb1a65d1a450a66c8cbd794c,direct,octree_leafcount,flyby,8,388,388,0.7328000069,0.2357760072,0.9698879719,1.033976,1,0,5,41305,36142,17,17,10037,27.77101433,14.1663992,512002,0,512002,41305
cstone,d7fddfb4f8d8ada0eb1a65d1a450a66c8cbd794c,direct,octree_leafcount,flyby,8,389,389,0.8030080199,0.2167360038,1.021119952,1.080605,1,0,6,41201,36051,17,17,10145,28.14068958,14.20215805,512002,0,512002,41201
cstone,d7fddfb4f8d8ada0eb1a65d1a450a66c8cbd794c,direct,octree_leafcount,flyby,8,390,390,0.7353280187,0.2071360052,0.9438080192,0.998897,1,0,5,40977,35855,17,17,10097,28.16064705,14.27979361,512002,0,512002,40977
cstone,d7fddfb4f8d8ada0eb1a65d1a450a66c8cbd794c,direct,octree_leafcount,flyby,8,391,391,0.8067839742,0.2474880069,1.055583954,1.113013,1,0,6,41233,36079,17,17,10219,28.32395576,14.19113612,512002,0,512002,41233
cstone,d7fddfb4f8d8ada0eb1a65d1a450a66c8cbd794c,direct,octree_leafcount,flyby,8,392,392,0.6624640226,0.2237759978,0.8876159787,0.947308,1,0,4,41217,36065,17,17,10031,27.81366976,14.19664495,512002,0,512002,41217
cstone,d7fddfb4f8d8ada0eb1a65d1a450a66c8cbd794c,direct,octree_leafcount,flyby,8,393,393,0.7361599803,0.2355840057,0.9731199741,1.029231,1,0,5,41257,36100,17,17,10134,28.07202216,14.18288089,512002,0,512002,41257
cstone,d7fddfb4f8d8ada0eb1a65d1a450a66c8cbd794c,direct,octree_leafcount,flyby,8,394,394,0.8003519773,0.2143680006,1.016064048,1.07426,1,0,6,41137,35995,17,17,10099,28.05667454,14.22425337,512002,0,512002,41137
cstone,d7fddfb4f8d8ada0eb1a65d1a450a66c8cbd794c,direct,octree_leafcount,flyby,8,395,395,0.7423679829,0.2493119985,0.9929919839,1.054545,1,0,5,41401,36226,17,17,10135,27.97714349,14.13355049,512002,0,512002,41401
cstone,d7fddfb4f8d8ada0eb1a65d1a450a66c8cbd794c,direct,octree_leafcount,flyby,8,396,396,0.6519359946,0.2207680047,0.87411201,0.932609,1,0,4,41161,36016,17,17,10083,27.99589072,14.21595957,512002,0,512002,41161
cstone,d7fddfb4f8d8ada0eb1a65d1a450a66c8cbd794c,direct,octree_leafcount,flyby,8,397,397,0.8157759905,0.2467519939,1.06387198,1.126698,1,0,6,41529,36338,17,17,10041,27.63223072,14.08998844,512002,0,512002,41529
cstone,d7fddfb4f8d8ada0eb1a65d1a450a66c8cbd794c,direct,octree_leafcount,flyby,8,398,398,0.7266560197,0.206783995,0.9347839952,0.991031,1,0,5,41417,36240,17,17,10137,27.9718543,14.12809051,512002,0,512002,41417
cstone,d7fddfb4f8d8ada0eb1a65d1a450a66c8cbd794c,direct,octree_leafcount,flyby,8,399,399,0.8774719834,0.2607040107,1.139520049,1.192858,1,0,5,41025,35897,17,17,9872,27.50090537,14.26308605,512002,0,512002,41025
cstone,d7fddfb4f8d8ada0eb1a65d1a450a66c8cbd794c,direct,octree_leafcount,flyby,8,400,400,0.8125759959,0.2507840097,1.064671993,1.124267,1,0,6,41233,36079,17,17,10179,28.21308795,14.19113612,512002,0,512002,41233
cstone,d7fddfb4f8d8ada0eb1a65d1a450a66c8cbd794c,direct,octree_leafcount,flyby,8,401,401,0.7435520291,0.2231680006,0.9680320024,1.029601,1,0,5,41217,36065,17,17,10110,28.0327187,14.19664495,512002,0,512002,41217
cstone,d7fddfb4f8d8ada0eb1a65d1a450a66c8cbd794c,direct,octree_leafcount,flyby,8,402,402,0.8046399951,0.2474240065,1.053408027,1.11038,1,0,6,41521,36331,17,17,10283,28.30365253,14.0927032,512002,0,512002,41521
cstone,d7fddfb4f8d8ada0eb1a65d1a450a66c8cbd794c,direct,octree_leafcount,flyby,8,403,403,0.6578559875,0.2119040042,0.871104002,0.928525,1,0,4,41257,36100,17,17,10014,27.73961219,14.18288089,512002,0,512002,41257
cstone,d7fddfb4f8d8ada0eb1a65d1a450a66c8cbd794c,direct,octree_leafcount,flyby,8,404,404,0.7436479926,0.2252160013,0.9702079892,1.029784,1,0,5,41137,35995,17,17,9993,27.76218919,14.22425337,512002,0,512002,41137
cstone,d7fddfb4f8d8ada0eb1a65d1a450a66c8cbd794c,direct,octree_leafcount,flyby,8,405,405,0.7992320061,0.234047994,1.034623981,1.08914,1,0,6,41313,36149,17,17,10000,27.66328253,14.16365598,512002,0,512002,41313
cstone,d7fddfb4f8d8ada0eb1a65d1a450a66c8cbd794c,direct,octree_leafcount,flyby,8,406,406,0.747871995,0.2416960001,0.9909120202,1.049084,1,0,5,41537,36345,17,17,9975,27.44531572,14.08727473,512002,0,512002,41537
cstone,d7fddfb4f8d8ada0eb1a65d1a450a66c8cbd794c,direct,octree_leafcount,flyby,8,407,407,0.6500480175,0.2037120014,0.8551040292,0.908903,1,0,4,41161,36016,17,17,10025,27.83485118,14.21595957,512002,0,512002,41161
cstone,d7fddfb4f8d8ada0eb1a65d1a450a66c8cbd794c,direct,octree_leafcount,flyby,8,408,408,0.8101440072,0.2063039988,1.017791986,1.073476,1,0,6,41089,35953,17,17,9865,27.43860039,14.24087002,512002,0,512002,41089
cstone,d7fddfb4f8d8ada0eb1a65d1a450a66c8cbd794c,direct,octree_leafcount,flyby,8,409,409,0.7320640087,0.2318399996,0.9652479887,1.022397,1,0,5,41137,35995,17,17,9950,27.64272816,14.22425337,512002,0,512002,41137
cstone,d7fddfb4f8d8ada0eb1a65d1a450a66c8cbd794c,direct,octree_leafcount,flyby,8,410,410,0.6495680213,0.2057600021,0.8566399813,0.911234,1,0,4,40753,35659,17,17,9721,27.26100003,14.35828262,512002,0,512002,40753
cstone,d7fddfb4f8d8ada0eb1a65d1a450a66c8cbd794c,direct,octree_leafcount,flyby,8,411,411,0.7960320115,0.2251520008,1.022528052,1.077629,1,0,6,40921,35806,17,17,10008,27.9506228,14.29933531,512002,0,512002,40921
cstone,d7fddfb4f8d8ada0eb1a65d1a450a66c8cbd794c,direct,octree_leafcount,flyby,8,412,412,0.7248960137,0.2303359956,0.9565759897,1.010844,1,0,5,41001,35876,17,17,9939,27.70375739,14.27143494,512002,0,512002,41001
cstone,d7fddfb4f8d8ada0eb1a65d1a450a66c8cbd794c,direct,octree_leafcount,flyby,8,413,413,0.8028479815,0.2278079987,1.031999946,1.088873,1,0,6,41113,35974,17,17,9902,27.52543504,14.23255685,512002,0,512002,41113
cstone,d7fddfb4f8d8ada0eb1a65d1a450a66c8cbd794c,direct,octree_leafcount,flyby,8,414,414,0.7105919719,0.1940159947,0.9059519768,0.957452,1,0,5,40865,35757,17,17,9846,27.5358671,14.31893056,512002,0,512002,40865
cstone,d7fddfb4f8d8ada0eb1a65d1a450a66c8cbd794c,direct,octree_leafcount,flyby,8,415,415,0.7312639952,0.2252160013,0.9577919841,1.010288,1,0,5,41009,35883,17,17,9930,27.67327147,14.26865089,512002,0,512002,41009
cstone,d7fddfb4f8d8ada0eb1a65d1a450a66c8cbd794c,direct,octree_leafcount,flyby,8,416,416,0.7920320034,0.2231680006,1.016543984,1.068357,1,0,6,41121,35981,17,17,10024,27.85914788,14.22978794,512002,0,512002,41121
cstone,d7fddfb4f8d8ada0eb1a65d1a450a66c8cbd794c,direct,octree_leafcount,flyby,8,417,417,0.6622080207,0.225375995,0.8889279962,0.941506,1,0,4,41265,36107,17,17,9930,27.50159249,14.18013128,512002,0,512002,41265
cstone,d7fddfb4f8d8ada0eb1a65d1a450a66c8cbd794c,direct,octree_leafcount,flyby,8,418,418,0.7364159822,0.210431993,0.9481599927,1.003694,1,0,5,41105,35967,17,17,10036,27.90335585,14.23532683,512002,0,512002,41105
cstone,d7fddfb4f8d8ada0eb1a65d1a450a66c8cbd794c,direct,octree_leafcount,flyby,8,419,419,0.7992960215,0.2093760073,1.010112047,1.068208,1,0,6,40985,35862,17,17,9975,27.81495734,14.2770063,512002,0,512002,40985
cstone,d7fddfb4f8d8ada0eb1a65d1a450a66c8cbd794c,direct,octree_leafcount,flyby,8,420,420,0.7367359996,0.1944960058,0.9325760007,0.986231,1,0,5,40985,35862,17,17,10079,28.10495789,14.2770063,512002,0,512002,40985
cstone,d7fddfb4f8d8ada0eb1a65d1a450a66c8cbd794c,direct,octree_leafcount,flyby,8,421,421,0.6539840102,0.2361280024,0.891456008,0.947847,1,0,4,41041,35911,17,17,9966,27.7519423,14.25752555,512002,0,512002,41041
cstone,d7fddfb4f8d8ada0eb1a65d1a450a66c8cbd794c,direct,octree_leafcount,flyby,8,422,422,0.7988479733,0.2226559967,1.022815943,1.075384,1,0,6,41209,36058,17,17,9965,27.63603084,14.19940097,512002,0,512002,41209
cstone,d7fddfb4f8d8ada0eb1a65d1a450a66c8cbd794c,direct,octree_leafcount,flyby,8,423,423,0.7442560196,0.2042559981,0.9498559833,1.007156,1,0,5,40993,35869,17,17,9919,27.65340545,14.27422008,512002,0,512002,40993
cstone,d7fddfb4f8d8ada0eb1a65d1a450a66c8cbd794c,direct,octree_leafcount,flyby,8,424,424,0.7169600129,0.2134719938,0.9317759871,0.986937,1,0,5,40921,35806,17,17,9862,27.54286991,14.29933531,512002,0,512002,40921
cstone,d7fddfb4f8d8ada0eb1a65d1a450a66c8cbd794c,direct,octree_leafcount,flyby,8,425,425,0.7973440289,0.2180799991,1.016767979,1.068751,1,0,6,41105,35967,17,17,10044,27.92559847,14.23532683,512002,0,512002,41105
cstone,d7fddfb4f8d8ada0eb1a65d1a450a66c8cbd794c,direct,octree_leafcount,flyby,8,426,426,0.7381759882,0.2159679979,0.9554880261,1.012562,1,0,5,40849,35743,17,17,9927,27.77327029,14.32453907,512002,0,512002,40849
cstone,d7fddfb4f8d8ada0eb1a65d1a450a66c8cbd794c,direct,octree_leafcount,flyby,8,427,427,0.7960960269,0.2409600019,1.038367987,1.096882,1,0,6,41289,36128,17,17,10126,28.02812223,14.17188884,512002,0,512002,41289
cstone,d7fddfb4f8d8ada0eb1a65d1a450a66c8cbd794c,direct,octree_leafcount,flyby,8,428,428,0.6438400149,0.2019519955,0.847104013,0.901573,1,0,4,41161,36016,17,17,10053,27.9125944,14.21595957,512002,0,512002,41161
cstone,d7fddfb4f8d8ada0eb1a65d1a450a66c8cbd794c,direct,octree_leafcount,flyby,8,429,429,0.7313280106,0.2129279971,0.9455999732,1.003462,1,0,5,40985,35862,17,17,10044,28.00736155,14.2770063,512002,0,512002,40985
cstone,d7fddfb4f8d8ada0eb1a65d1a450a66c8cbd794c,direct,octree_leafcount,flyby,8,430,430,0.8115839958,0.233408004,1.046336055,1.102228,1,0,6,41065,35932,17,17,9931,27.63831682,14.24919292,512002,0,512002,41065
cstone,d7fddfb4f8d8ada0eb1a65d1a450a66c8cbd794c,direct,octree_leafcount,flyby,8,431,431,0.730175972,0.2221439928,0.9536319971,1.008216,1,0,5,41401,36226,17,17,10031,27.69005687,14.13355049,512002,0,512002,41401
cstone,d7fddfb4f8d8ada0eb1a65d1a450a66c8cbd794c,direct,octree_leafcount,flyby,8,432,432,0.6556159854,0.196352005,0.8532800078,0.908398,1,0,4,41281,36121,17,17,10022,27.74563273,14.17463525,512002,0,512002,41281
cstone,d7fddfb4f8d8ada0eb1a65d1a450a66c8cbd794c,direct,octree_leafcount,flyby,8,433,433,0.7985600233,0.2057600021,1.005663991,1.062425,1,0,6,41177,36030,17,17,9894,27.46044963,14.21043575,512002,0,512002,41177
cstone,d7fddfb4f8d8ada0eb1a65d1a450a66c8cbd794c,direct,octree_leafcount,flyby,8,434,434,0.7318080068,0.1985920072,0.9317439795,0.983417,1,0,5,41057,35925,17,17,10085,28.072373,14.25196938,512002,0,512002,41057
cstone,d7fddfb4f8d8ada0eb1a65d1a450a66c8cbd794c,direct,octree_leafcount,flyby,8,435,435,0.7307199836,0.2118719965,0.943967998,1.002264,1,0,5,40945,35827,17,17,9832,27.44298992,14.29095375,512002,0,512002,40945
cstone,d7fddfb4f8d8ada0eb1a65d1a450a66c8cbd794c,direct,octree_leafcount,flyby,8,436,436,0.8112959862,0.2407359928,1.053375959,1.109803,1,0,6,41001,35876,17,17,10003,27.88214963,14.27143494,512002,0,512002,41001
cstone,d7fddfb4f8d8ada0eb1a65d1a450a66c8cbd794c,direct,octree_leafcount,flyby,8,437,437,0.7393919826,0.2178560048,0.9585599899,1.020179,1,0,5,40761,35666,17,17,9795,27.46313015,14.35546459,512002,0,512002,40761
cstone,d7fddfb4f8d8ada0eb1a65d1a450a66c8cbd794c,direct,octree_leafcount,flyby,8,438,438,0.779039979,0.2363840044,1.016767979,1.071912,1,0,6,40985,35862,17,17,9882,27.55562991,14.2770063,512002,0,512002,40985
cstone,d7fddfb4f8d8ada0eb1a65d1a450a66c8cbd794c,direct,octree_leafcount,flyby,8,439,439,0.7173759937,0.2369599938,0.955648005,1.012839,1,0,5,41233,36079,17,17,9875,27.37049253,14.19113612,512002,0,512002,41233
cstone,d7fddfb4f8d8ada0eb1a65d1a450a66c8cbd794c,direct,octree_leafcount,flyby,8,440,440,0.7337599993,0.2005120069,0.9355840087,0.98982,1,0,5,41233,36079,17,17,9922,27.50076222,14.19113612,512002,0,512002,41233
cstone,d7fddfb4f8d8ada0eb1a65d1a450a66c8cbd794c,direct,octree_leafcount,flyby,8,441,441,0.7972800136,0.2139520049,1.012544036,1.071775,1,0,6,40993,35869,17,17,9933,27.69243637,14.27422008,512002,0,512002,40993
cstone,d7fddfb4f8d8ada0eb1a65d1a450a66c8cbd794c,direct,octree_leafcount,flyby,8,442,442,0.6601600051,0.2241919935,0.8856639862,0.945787,1,0,4,40961,35841,17,17,9770,27.25928406,14.2853715,512002,0,512002,40961
cstone,d7fddfb4f8d8ada0eb1a65d1a450a66c8cbd794c,direct,octree_leafcount,flyby,8,443,443,0.7444480062,0.2047359943,0.9506239891,1.00681,1,0,5,40681,35596,17,17,9837,27.63512754,14.3836948,512002,0,512002,40681
cstone,d7fddfb4f8d8ada0eb1a65d1a450a66c8cbd794c,direct,octree_leafcount,flyby,8,444,444,0.8094080091,0.2330559939,1.043807983,1.100439,1,0,6,41121,35981,17,17,9785,27.19490842,14.22978794,512002,0,512002,41121
cstone,d7fddfb4f8d8ada0eb1a65d1a450a66c8cbd794c,direct,octree_leafcount,flyby,8,445,445,0.7423679829,0.2128639966,0.9565759897,1.01442,1,0,5,41017,35890,17,17,9791,27.28057955,14.26586793,512002,0,512002,41017
cstone,d7fddfb4f8d8ada0eb1a65d1a450a66c8cbd794c,direct,octree_leafcount,flyby,8,446,446,0.6609600186,0.2134719938,0.8757759929,0.932333,1,0,4,40729,35638,17,17,9569,26.85055278,14.36674336,512002,0,512002,40729
cstone,d7fddfb4f8d8ada0eb1a65d1a450a66c8cbd794c,direct,octree_leafcount,flyby,8,447,447,0.8112319708,0.2364799976,1.04924798,1.106485,1,0,6,41065,35932,17,17,9673,26.92029389,14.24919292,512002,0,512002,41065
cstone,d7fddfb4f8d8ada0eb1a65d1a450a66c8cbd794c,direct,octree_leafcount,flyby,8,448,448,0.7393280268,0.2113920003,0.9520320296,1.009018,1,0,5,40833,35729,17,17,9723,27.21318817,14.33015198,512002,0,512002,40833
cstone,d7fddfb4f8d8ada0eb1a65d1a450a66c8cbd794c,direct,octree_leafcount,flyby,8,449,449,0.7411839962,0.2400639951,0.9825919867,1.041109,1,0,5,40945,35827,17,17,9621,26.85404862,14.29095375,512002,0,512002,40945
cstone,d7fddfb4f8d8ada0eb1a65d1a450a66c8cbd794c,direct,octree_leafcount,flyby,8,450,450,0.8176320195,0.2440319955,1.063007951,1.121831,1,0,6,41113,35974,17,17,9878,27.45872019,14.23255685,512002,0,512002,41113
cstone,d7fddfb4f8d8ada0eb1a65d1a450a66c8cbd794c,direct,octree_leafcount,flyby,8,451,451,0.7443519831,0.2192959934,0.9649919868,1.025357,1,0,5,40825,35722,17,17,9760,27.32209843,14.33296008,512002,0,512002,40825
cstone,d7fddfb4f8d8ada0eb1a65d1a450a66c8cbd794c,direct,octree_leafcount,flyby,8,452,452,0.8342400193,0.2710399926,1.106592059,1.176112,1,0,6,41065,35932,17,17,9802,27.27930535,14.24919292,512002,0,512002,41065
cstone,d7fddfb4f8d8ada0eb1a65d1a450a66c8cbd794c,direct,octree_leafcount,flyby,8,453,453,0.7313920259,0.2312639952,0.964320004,1.025883,1,0,5,40825,35722,17,17,9614,26.91338671,14.33296008,512002,0,512002,40825
cstone,d7fddfb4f8d8ada0eb1a65d1a450a66c8cbd794c,direct,octree_leafcount,flyby,8,454,454,0.757791996,0.2395520061,0.9986879826,1.058778,1,0,5,41417,36240,17,17,9874,27.24613687,14.12809051,512002,0,512002,41417
cstone,d7fddfb4f8d8ada0eb1a65d1a450a66c8cbd794c,direct,octree_leafcount,flyby,8,455,455,0.8034880161,0.2313919961,1.036288023,1.090157,1,0,6,41497,36310,17,17,9892,27.2431837,14.10085376,512002,0,512002,41497
cstone,d7fddfb4f8d8ada0eb1a65d1a450a66c8cbd794c,direct,octree_leafcount,flyby,8,456,456,0.6502400041,0.2047359943,0.8563200235,0.910087,1,0,4,40857,35750,17,17,9698,27.12727273,14.32173427,512002,0,512002,40857
cstone,d7fddfb4f8d8ada0eb1a65d1a450a66c8cbd794c,direct,octree_leafcount,flyby,8,457,457,0.7372480035,0.2385279983,0.9770879745,1.035293,1,0,5,40977,35855,17,17,9833,27.42434807,14.27979361,512002,0,512002,40977
cstone,d7fddfb4f8d8ada0eb1a65d1a450a66c8cbd794c,direct,octree_leafcount,flyby,8,458,458,0.8058879972,0.2084800005,1.015712023,1.074269,1,0,6,40873,35764,17,17,9619,26.8957611,14.31612795,512002,0,512002,40873
cstone,d7fddfb4f8d8ada0eb1a65d1a450a66c8cbd794c,direct,octree_leafcount,flyby,8,459,459,0.7455360293,0.2288320065,0.9756799936,1.032264,1,0,5,41145,36002,17,17,9800,27.22070996,14.2214877,512002,0,512002,41145
cstone,d7fddfb4f8d8ada0eb1a65d1a450a66c8cbd794c,direct,octree_leafcount,flyby,8,460,460,0.6628479958,0.1972800046,0.8614400029,0.915791,1,0,4,41001,35876,17,17,9716,27.08217193,14.27143494,512002,0,512002,41001
cstone,d7fddfb4f8d8ada0eb1a65d1a450a66c8cbd794c,direct,octree_leafcount,flyby,8,461,461,0.8016639948,0.2192000002,1.022207975,1.07397,1,0,6,41185,36037,17,17,9753,27.06385104,14.20767544,512002,0,512002,41185
cstone,d7fddfb4f8d8ada0eb1a65d1a450a66c8cbd794c,direct,octree_leafcount,flyby,8,462,462,0.7400640249,0.1924480051,0.9338560104,0.985694,1,0,5,41169,36023,17,17,9810,27.23260139,14.21319712,512002,0,512002,41169
cstone,d7fddfb4f8d8ada0eb1a65d1a450a66c8cbd794c,direct,octree_leafcount,flyby,8,463,463,0.7423999906,0.2083519995,0.9520959854,1.008365,1,0,5,40881,35771,17,17,9464,26.45718599,14.31332644,512002,0,512002,40881
cstone,d7fddfb4f8d8ada0eb1a65d1a450a66c8cbd794c,direct,octree_leafcount,flyby,8,464,464,0.8255680203,0.2119999975,1.038912058,1.095899,1,0,6,40753,35659,17,17,9650,27.06189181,14.35828262,512002,0,512002,40753
cstone,d7fddfb4f8d8ada0eb1a65d1a450a66c8cbd794c,direct,octree_leafcount,flyby,8,465,465,0.7410240173,0.2420160025,0.9843840003,1.041075,1,0,5,40905,35792,17,17,9623,26.88589629,14.30492848,512002,0,512002,40905
cstone,d7fddfb4f8d8ada0eb1a65d1a450a66c8cbd794c,direct,octree_leafcount,flyby,8,466,466,0.8058559895,0.2354560047,1.042623997,1.098592,1,0,6,40961,35841,17,17,9795,27.32903658,14.2853715,512002,0,512002,40961
cstone,d7fddfb4f8d8ada0eb1a65d1a450a66c8cbd794c,direct,octree_leafcount,flyby,8,467,467,0.6560959816,0.1985920072,0.8560320139,0.910353,1,0,4,40657,35575,17,17,9596,26.97399859,14.39218552,512002,0,512002,40657
cstone,d7fddfb4f8d8ada0eb1a65d1a450a66c8cbd794c,direct,octree_leafcount,flyby,8,468,468,0.7455040216,0.225759998,0.9726079702,1.025626,1,0,5,40769,35673,17,17,9705,27.2054495,14.35264766,512002,0,512002,40769
cstone,d7fddfb4f8d8ada0eb1a65d1a450a66c8cbd794c,direct,octree_leafcount,flyby,8,469,469,0.7864959836,0.2261759937,1.014016032,1.067779,1,0,6,40969,35848,17,17,9662,26.95268913,14.28258201,512002,0,512002,40969
cstone,d7fddfb4f8d8ada0eb1a65d1a450a66c8cbd794c,direct,octree_leafcount,flyby,8,470,470,0.7242879868,0.2160000056,0.9416319728,0.997192,1,0,5,40777,35680,17,17,9503,26.63396861,14.34983184,512002,0,512002,40777
cstone,d7fddfb4f8d8ada0eb1a65d1a450a66c8cbd794c,direct,octree_leafcount,flyby,8,471,471,0.7461439967,0.2221760005,0.9696639776,1.021318,1,0,5,40801,35701,17,17,9672,27.0916781,14.341391,512002,0,512002,40801
cstone,d7fddfb4f8d8ada0eb1a65d1a450a66c8cbd794c,direct,octree_leafcount,flyby,8,472,472,0.8148800135,0.2445760071,1.061056018,1.118517,1,0,6,40929,35813,17,17,9702,27.09072125,14.29654036,512002,0,512002,40929
cstone,d7fddfb4f8d8ada0eb1a65d1a450a66c8cbd794c,direct,octree_leafcount,flyby,8,473,473,0.7571840286,0.2387519926,0.9972800016,1.054369,1,0,5,41305,36142,17,17,9867,27.30064745,14.1663992,512002,0,512002,41305
cstone,d7fddfb4f8d8ada0eb1a65d1a450a66c8cbd794c,direct,octree_leafcount,flyby,8,474,474,0.6640319824,0.2216960043,0.8870720267,0.947278,1,0,4,40825,35722,17,17,9586,26.83500364,14.33296008,512002,0,512002,40825
cstone,d7fddfb4f8d8ada0eb1a65d1a450a66c8cbd794c,direct,octree_leafcount,flyby,8,475,475,0.8266239762,0.2288320065,1.056767941,1.111825,1,0,6,41297,36135,17,17,9741,26.95724367,14.16914349,512002,0,512002,41297
cstone,d7fddfb4f8d8ada0eb1a65d1a450a66c8cbd794c,direct,octree_leafcount,flyby,8,476,476,0.7523519993,0.2088000029,0.962463975,1.017695,1,0,5,41233,36079,17,17,9818,27.21250589,14.19113612,512002,0,512002,41233
cstone,d7fddfb4f8d8ada0eb1a65d1a450a66c8cbd794c,direct,octree_leafcount,flyby,8,477,477,0.7423999906,0.2361280024,0.9799360037,1.036481,1,0,5,40921,35806,17,17,9615,26.85304139,14.29933531,512002,0,512002,40921
cstone,d7fddfb4f8d8ada0eb1a65d1a450a66c8cbd794c,direct,octree_leafcount,flyby,8,478,478,0.7987520099,0.1960639954,0.9961280227,1.049959,1,0,6,40865,35757,17,17,9816,27.45196745,14.31893056,512002,0,512002,40865
cstone,d7fddfb4f8d8ada0eb1a65d1a450a66c8cbd794c,direct,octree_leafcount,flyby,8,479,479,0.7377600074,0.1965440065,0.9356480241,0.988813,1,0,5,40721,35631,17,17,9794,27.48730038,14.36956583,512002,0,512002,40721
cstone,d7fddfb4f8d8ada0eb1a65d1a450a66c8cbd794c,direct,octree_leafcount,flyby,8,480,480,0.8016319871,0.2155199945,1.018496037,1.073427,1,0,6,40985,35862,17,17,9864,27.50543751,14.2770063,512002,0,512002,40985
cstone,d7fddfb4f8d8ada0eb1a65d1a450a66c8cbd794c,direct,octree_leafcount,flyby,8,481,481,0.7167999744,0.2247360051,0.9428799748,0.99502,1,0,5,41017,35890,17,17,9756,27.18305935,14.26586793,512002,0,512002,41017
cstone,d7fddfb4f8d8ada0eb1a65d1a450a66c8cbd794c,direct,octree_leafcount,flyby,8,482,482,0.7324159741,0.2288320065,0.962559998,1.01877,1,0,5,41177,36030,17,17,9684,26.877602,14.21043575,512002,0,512002,41177
cstone,d7fddfb4f8d8ada0eb1a65d1a450a66c8cbd794c,direct,octree_leafcount,flyby,8,483,483,0.7896000147,0.2001599967,0.9911040068,1.046838,1,0,6,41073,35939,17,17,9843,27.38807424,14.24641754,512002,0,512002,41073
cstone,d7fddfb4f8d8ada0eb1a65d1a450a66c8cbd794c,direct,octree_leafcount,flyby,8,484,484,0.6516799927,0.1975679994,0.8505600095,0.903839,1,0,4,40881,35771,17,17,9680,27.06102709,14.31332644,512002,0,512002,40881
cstone,d7fddfb4f8d8ada0eb1a65d1a450a66c8cbd794c,direct,octree_leafcount,flyby,8,485,485,0.7471039891,0.1981119961,0.9466559887,1.000412,1,0,5,40849,35743,17,17,9790,27.38997846,14.32453907,512002,0,512002,40849
cstone,d7fddfb4f8d8ada0eb1a65d1a450a66c8cbd794c,direct,octree_leafcount,flyby,8,486,486,0.7991039753,0.1942400038,0.9946879745,1.046368,1,0,6,40601,35526,17,17,9595,27.00838822,14.41203626,512002,0,512002,40601
cstone,d7fddfb4f8d8ada0eb1a65d1a450a66c8cbd794c,direct,octree_leafcount,flyby,8,487,487,0.738847971,0.2282879949,0.9684479833,1.023556,1,0,5,40785,35687,17,17,9787,27.42455236,14.34701712,512002,0,512002,40785
cstone,d7fddfb4f8d8ada0eb1a65d1a450a66c8cbd794c,direct,octree_leafcount,flyby,8,488,488,0.6555520296,0.2262399942,0.8831359744,0.935607,1,0,4,40873,35764,17,17,9778,27.34034224,14.31612795,512002,0,512002,40873
cstone,d7fddfb4f8d8ada0eb1a65d1a450a66c8cbd794c,direct,octree_leafcount,flyby,8,489,489,0.8001279831,0.2037439942,1.005184054,1.059523,1,0,6,40849,35743,17,17,9667,27.04585513,14.32453907,512002,0,512002,40849
cstone,d7fddfb4f8d8ada0eb1a65d1a450a66c8cbd794c,direct,octree_leafcount,flyby,8,490,490,0.7404800057,0.2280319929,0.9698240161,1.024259,1,0,5,41009,35883,17,17,9836,27.41130898,14.26865089,512002,0,512002,41009
cstone,d7fddfb4f8d8ada0eb1a65d1a450a66c8cbd794c,direct,octree_leafcount,flyby,8,491,491,0.6541119814,0.1878719926,0.8432959914,0.899513,1,0,4,40321,35281,17,17,9586,27.17043168,14.512117,512002,0,512002,40321
cstone,d7fddfb4f8d8ada0eb1a65d1a450a66c8cbd794c,direct,octree_leafcount,flyby,8,492,492,0.8217599988,0.2479680032,1.071040034,1.132477,1,0,6,40873,35764,17,17,9883,27.63393356,14.31612795,512002,0,512002,40873
cstone,d7fddfb4f8d8ada0eb1a65d1a450a66c8cbd794c,direct,octree_leafcount,flyby,8,493,493,0.7432960272,0.229279995,0.9831359982,1.037209,1,0,5,41009,35883,17,17,9814,27.34999861,14.26865089,512002,0,512002,41009
cstone,d7fddfb4f8d8ada0eb1a65d1a450a66c8cbd794c,direct,octree_leafcount,flyby,8,494,494,0.8087360263,0.200639993,1.010848045,1.065489,1,0,6,40977,35855,17,17,9622,26.83586669,14.27979361,512002,0,512002,40977
cstone,d7fddfb4f8d8ada0eb1a65d1a450a66c8cbd794c,direct,octree_leafcount,flyby,8,495,495,0.7276160121,0.2329279929,0.9618880153,1.01775,1,0,5,41065,35932,17,17,9694,26.97873762,14.24919292,512002,0,512002,41065
cstone,d7fddfb4f8d8ada0eb1a65d1a450a66c8cbd794c,direct,octree_leafcount,flyby,8,496,496,0.7345280051,0.1959680021,0.9318400025,0.985793,1,0,5,40529,35463,17,17,9508,26.81104249,14.43763923,512002,0,512002,40529
cstone,d7fddfb4f8d8ada0eb1a65d1a450a66c8cbd794c,direct,octree_leafcount,flyby,8,497,497,0.813823998,0.235808,1.050943971,1.10819,1,0,6,40865,35757,17,17,9776,27.34010124,14.31893056,512002,0,512002,40865
cstone,d7fddfb4f8d8ada0eb1a65d1a450a66c8cbd794c,direct,octree_leafcount,flyby,8,498,498,0.726271987,0.2057919949,0.9334080219,0.98898,1,0,5,40841,35736,17,17,9719,27.19666443,14.32734497,512002,0,512002,40841
cstone,d7fddfb4f8d8ada0eb1a65d1a450a66c8cbd794c,direct,octree_leafcount,flyby,8,499,499,0.740704,0.2462400049,0.9887999892,1.04641,1,0,5,40897,35785,17,17,9857,27.54506078,14.3077267,512002,0,512002,40897
cstone,d7fddfb4f8d8ada0eb1a65d1a450a66c8cbd794c,direct,octree_leafcount,flyby,8,500,500,0.7983999848,0.2246080041,1.024351954,1.083295,1,0,6,40753,35659,17,17,9670,27.11797863,14.35828262,512002,0,512002,40753
cstone,d7fddfb4f8d8ada0eb1a65d1a450a66c8cbd794c,direct,octree_leafcount,flyby,8,501,501,0.6604800224,0.2480960041,0.9099199772,0.969059,1,0,4,40937,35820,17,17,9650,26.94025684,14.29374651,512002,0,512002,40937
cstone,d7fddfb4f8d8ada0eb1a65d1a450a66c8cbd794c,direct,octree_leafcount,flyby,8,502,502,0.7369920015,0.2143040001,0.9565759897,1.016099,1,0,5,40569,35498,17,17,9748,27.46070201,14.42340414,512002,0,512002,40569
cstone,d7fddfb4f8d8ada0eb1a65d1a450a66c8cbd794c,direct,octree_leafcount,flyby,8,503,503,0.8016960025,0.2459200025,1.04895997,1.111991,1,0,6,40673,35589,17,17,9700,27.25561269,14.38652393,512002,0,512002,40673
cstone,d7fddfb4f8d8ada0eb1a65d1a450a66c8cbd794c,direct,octree_leafcount,flyby,8,504,504,0.7423040271,0.2452480048,0.9888960123,1.047827,1,0,5,40905,35792,17,17,9887,27.62349128,14.30492848,512002,0,512002,40905
cstone,d7fddfb4f8d8ada0eb1a65d1a450a66c8cbd794c,direct,octree_leafcount,flyby,8,505,505,0.6601600051,0.2164479941,0.8779199719,0.937112,1,0,4,40641,35561,17,17,9744,27.40080425,14.39785158,512002,0,512002,40641
cstone,d7fddfb4f8d8ada0eb1a65d1a450a66c8cbd794c,direct,octree_leafcount,flyby,8,506,506,0.8080959916,0.2237119973,1.033120036,1.090478,1,0,6,40785,35687,17,17,9701,27.18356825,14.34701712,512002,0,512002,40785
cstone,d7fddfb4f8d8ada0eb1a65d1a450a66c8cbd794c,direct,octree_leafcount,flyby,8,507,507,0.7421119809,0.233408004,0.9768639803,1.03624,1,0,5,41201,36051,17,17,9886,27.42226291,14.20215805,512002,0,512002,41201
cstone,d7fddfb4f8d8ada0eb1a65d1a450a66c8cbd794c,direct,octree_leafcount,flyby,8,508,508,0.7264959812,0.2264000028,0.9542719722,1.012662,1,0,5,40649,35568,17,17,9617,27.03834908,14.39501799,512002,0,512002,40649
cstone,d7fddfb4f8d8ada0eb1a65d1a450a66c8cbd794c,direct,octree_leafcount,flyby,8,509,509,0.8107200265,0.2420160025,1.054047942,1.111446,1,0,6,40761,35666,17,17,9712,27.23041552,14.35546459,512002,0,512002,40761
cstone,d7fddfb4f8d8ada0eb1a65d1a450a66c8cbd794c,direct,octree_leafcount,flyby,8,510,510,0.7334719896,0.2113920003,0.9461759925,1.003312,1,0,5,40721,35631,17,17,9732,27.3132946,14.36956583,512002,0,512002,40721
cstone,d7fddfb4f8d8ada0eb1a65d1a450a66c8cbd794c,direct,octree_leafcount,flyby,8,511,511,0.7560319901,0.2323839962,0.9897599816,1.048059,1,0,5,40961,35841,17,17,9828,27.4211099,14.2853715,512002,0,512002,40961
cstone,d7fddfb4f8d8ada0eb1a65d1a450a66c8cbd794c,direct,octree_leafcount,flyby,8,512,512,0.719712019,0.2190719992,0.9400960207,0.992179,1,0,5,41161,36016,17,17,9820,27.26565971,14.21595957,512002,0,512002,41161
cstone,d7fddfb4f8d8ada0eb1a65d1a450a66c8cbd794c,direct,octree_leafcount,flyby,8,513,513,0.7490559816,0.196991995,0.9473919868,1.002562,1,0,5,40857,35750,17,17,9842,27.53006993,14.32173427,512002,0,512002,40857
cstone,d7fddfb4f8d8ada0eb1a65d1a450a66c8cbd794c,direct,octree_leafcount,flyby,8,514,514,0.8276159763,0.239071995,1.067999959,1.12299,1,0,6,41025,35897,17,17,9843,27.42011867,14.26308605,512002,0,512002,41025
cstone,d7fddfb4f8d8ada0eb1a65d1a450a66c8cbd794c,direct,octree_leafcount,flyby,8,515,515,0.6526399851,0.2119680047,0.8659840226,0.920677,1,0,4,40681,35596,17,17,9639,27.07888527,14.3836948,512002,0,512002,40681
cstone,d7fddfb4f8d8ada0eb1a65d1a450a66c8cbd794c,direct,octree_leafcount,flyby,8,516,516,0.7441279888,0.2380159944,0.9834560156,1.040314,1,0,5,41009,35883,17,17,9913,27.62589527,14.26865089,512002,0,512002,41009
cstone,d7fddfb4f8d8ada0eb1a65d1a450a66c8cbd794c,direct,octree_leafcount,flyby,8,517,517,0.8138560057,0.243967995,1.059136033,1.114199,1,0,6,41081,35946,17,17,9849,27.39943248,14.24364324,512002,0,512002,41081
cstone,d7fddfb4f8d8ada0eb1a65d1a450a66c8cbd794c,direct,octree_leafcount,flyby,8,518,518,0.7599359751,0.2241919935,0.9854720235,1.040204,1,0,5,41297,36135,17,17,9852,27.26442507,14.16914349,512002,0,512002,41297
cstone,d7fddfb4f8d8ada0eb1a65d1a450a66c8cbd794c,direct,octree_leafcount,flyby,8,519,519,0.6477119923,0.1985920072,0.8476160169,0.901187,1,0,4,41041,35911,17,17,9873,27.49296873,14.25752555,512002,0,512002,41041
cstone,d7fddfb4f8d8ada0eb1a65d1a450a66c8cbd794c,direct,octree_leafcount,flyby,8,520,520,0.816223979,0.2150080055,1.032575965,1.085478,1,0,6,41089,35953,17,17,9737,27.08258004,14.24087002,512002,0,512002,41089
cstone,d7fddfb4f8d8ada0eb1a65d1a450a66c8cbd794c,direct,octree_leafcount,flyby,8,521,521,0.7497599721,0.2232960016,0.9743999839,1.029205,1,0,5,41417,36240,17,17,9982,27.54415011,14.12809051,512002,0,512002,41417
cstone,d7fddfb4f8d8ada0eb1a65d1a450a66c8cbd794c,direct,octree_leafcount,flyby,8,522,522,0.6623679996,0.2173440009,0.881024003,0.93776,1,0,4,40849,35743,17,17,9660,27.02627088,14.32453907,512002,0,512002,40849
cstone,d7fddfb4f8d8ada0eb1a65d1a450a66c8cbd794c,direct,octree_leafcount,flyby,8,523,523,0.8129600286,0.2456959933,1.060287952,1.119321,1,0,6,41065,35932,17,17,9842,27.39062674,14.24919292,512002,0,512002,41065
cstone,d7fddfb4f8d8ada0eb1a65d1a450a66c8cbd794c,direct,octree_leafcount,flyby,8,524,524,0.7425280213,0.200639993,0.9444800019,1.001145,1,0,5,41033,35904,17,17,9789,27.26437166,14.26030526,512002,0,512002,41033
cstone,d7fddfb4f8d8ada0eb1a65d1a450a66c8cbd794c,direct,octree_leafcount,flyby,8,525,525,0.7179200053,0.2088319957,0.9280959964,0.984025,1,0,5,40929,35813,17,17,9661,26.97623768,14.29654036,512002,0,512002,40929
cstone,d7fddfb4f8d8ada0eb1a65d1a450a66c8cbd794c,direct,octree_leafcount,flyby,8,526,526,0.8134719729,0.2419839948,1.057088017,1.114527,1,0,6,41049,35918,17,17,9832,27.37346177,14.25474692,512002,0,512002,41049
cstone,d7fddfb4f8d8ada0eb1a65d1a450a66c8cbd794c,direct,octree_leafcount,flyby,8,527,527,0.7279999852,0.1924480051,0.9220160246,0.975363,1,0,5,40761,35666,17,17,9690,27.16873213,14.35546459,512002,0,512002,40761
cstone,d7fddfb4f8d8ada0eb1a65d1a450a66c8cbd794c,direct,octree_leafcount,flyby,8,528,528,0.8098559976,0.2293120027,1.040480018,1.096808,1,0,6,40905,35792,17,17,9695,27.08705856,14.30492848,512002,0,512002,40905
cstone,d7fddfb4f8d8ada0eb1a65d1a450a66c8cbd794c,direct,octree_leafcount,flyby,8,529,529,0.71884799,0.2322559953,0.9524160028,1.006424,1,0,5,41009,35883,17,17,9647,26.88459716,14.26865089,512002,0,512002,41009
cstone,d7fddfb4f8d8ada0eb1a65d1a450a66c8cbd794c,direct,octree_leafcount,flyby,8,530,530,0.7503039837,0.2435519993,0.9951679707,1.052558,1,0,5,41345,36177,17,17,9744,26.93423999,14.1526937,512002,0,512002,41345
cstone,d7fddfb4f8d8ada0eb1a65d1a450a66c8cbd794c,direct,octree_leafcount,flyby,8,531,531,0.7953919768,0.2334399968,1.030176044,1.087739,1,0,6,41409,36233,17,17,9781,26.99472856,14.13081997,512002,0,512002,41409
cstone,d7fddfb4f8d8ada0eb1a65d1a450a66c8cbd794c,direct,octree_leafcount,flyby,8,532,532,0.6467840075,0.1935359985,0.8416640162,0.895775,1,0,4,41033,35904,17,17,9557,26.6182041,14.26030526,512002,0,512002,41033
cstone,d7fddfb4f8d8ada0eb1a65d1a450a66c8cbd794c,direct,octree_leafcount,flyby,8,533,533,0.7343360186,0.2326080054,0.9682559967,1.026256,1,0,5,41097,35960,17,17,9739,27.08286986,14.23809789,512002,0,512002,41097
cstone,d7fddfb4f8d8ada0eb1a65d1a450a66c8cbd794c,direct,octree_leafcount,flyby,8,534,534,0.7957760096,0.202015996,0.999104023,1.056884,1,0,6,41049,35918,17,17,9594,26.71084136,14.25474692,512002,0,512002,41049
cstone,d7fddfb4f8d8ada0eb1a65d1a450a66c8cbd794c,direct,octree_leafcount,flyby,8,535,535,0.7480639815,0.2277120054,0.9771199822,1.031168,1,0,5,41481,36296,17,17,9817,27.04705753,14.1062927,512002,0,512002,41481
cstone,d7fddfb4f8d8ada0eb1a65d1a450a66c8cbd794c,direct,octree_leafcount,flyby,8,536,536,0.648992002,0.1944960058,0.8448320031,0.897539,1,0,4,41145,36002,17,17,9794,27.20404422,14.2214877,512002,0,512002,41145
cstone,d7fddfb4f8d8ada0eb1a65d1a450a66c8cbd794c,direct,octree_leafcount,flyby,8,537,537,0.7975999713,0.200639993,0.9995520115,1.052602,1,0,6,40889,35778,17,17,9564,26.73151098,14.31052602,512002,0,512002,40889
cstone,d7fddfb4f8d8ada0eb1a65d1a450a66c8cbd794c,direct,octree_leafcount,flyby,8,538,538,0.7313600183,0.2190400064,0.9517760277,1.003488,1,0,5,41241,36086,17,17,9978,27.65061243,14.18838331,512002,0,512002,41241
cstone,d7fddfb4f8d8ada0eb1a65d1a450a66c8cbd794c,direct,octree_leafcount,flyby,8,539,539,0.6486080289,0.1904000044,0.8403199911,0.892404,1,0,4,40953,35834,17,17,9752,27.21437741,14.28816208,512002,0,512002,40953
cstone,d7fddfb4f8d8ada0eb1a65d1a450a66c8cbd794c,direct,octree_leafcount,flyby,8,540,540,0.8100479841,0.2300799936,1.041471958,1.09694,1,0,6,41209,36058,17,17,9812,27.21171446,14.19940097,512002,0,512002,41209
cstone,d7fddfb4f8d8ada0eb1a65d1a450a66c8cbd794c,direct,octree_leafcount,flyby,8,541,541,0.7447040081,0.224992007,0.9710400105,1.023351,1,0,5,41217,36065,17,17,9822,27.23416054,14.19664495,512002,0,512002,41217
cstone,d7fddfb4f8d8ada0eb1a65d1a450a66c8cbd794c,direct,octree_leafcount,flyby,8,542,542,0.7525759935,0.1960639954,0.949984014,1.00468,1,0,5,41185,36037,17,17,9609,26.66426173,14.20767544,512002,0,512002,41185
cstone,d7fddfb4f8d8ada0eb1a65d1a450a66c8cbd794c,direct,octree_leafcount,flyby,8,543,543,0.812672019,0.2057600021,1.019775987,1.076174,1,0,6,41081,35946,17,17,9766,27.16853057,14.24364324,512002,0,512002,41081
cstone,d7fddfb4f8d8ada0eb1a65d1a450a66c8cbd794c,direct,octree_leafcount,flyby,8,544,544,0.7455040216,0.2108799964,0.9576960206,1.013989,1,0,5,40953,35834,17,17,9567,26.69810794,14.28816208,512002,0,512002,40953
cstone,d7fddfb4f8d8ada0eb1a65d1a450a66c8cbd794c,direct,octree_leafcount,flyby,8,545,545,0.8022080064,0.2171200067,1.020640016,1.072411,1,0,6,41033,35904,17,17,9603,26.74632353,14.26030526,512002,0,512002,41033
cstone,d7fddfb4f8d8ada0eb1a65d1a450a66c8cbd794c,direct,octree_leafcount,flyby,8,546,546,0.7125120163,0.1847680062,0.8986240029,0.950302,1,0,5,40969,35848,17,17,9519,26.55378264,14.28258201,512002,0,512002,40969
cstone,d7fddfb4f8d8ada0eb1a65d1a450a66c8cbd794c,direct,octree_leafcount,flyby,8,547,547,0.7328320146,0.2319999933,0.9661440253,1.021835,1,0,5,40977,35855,17,17,9556,26.65179194,14.27979361,512002,0,512002,40977
cstone,d7fddfb4f8d8ada0eb1a65d1a450a66c8cbd794c,direct,octree_leafcount,flyby,8,548,548,0.7903360128,0.2149759978,1.006687999,1.063773,1,0,6,40657,35575,17,17,9572,26.90653549,14.39218552,512002,0,512002,40657
cstone,d7fddfb4f8d8ada0eb1a65d1a450a66c8cbd794c,direct,octree_leafcount,flyby,8,549,549,0.7387520075,0.2119680047,0.9520639777,1.007591,1,0,5,40585,35512,17,17,9497,26.74307276,14.41771795,512002,0,512002,40585
cstone,d7fddfb4f8d8ada0eb1a65d1a450a66c8cbd794c,direct,octree_leafcount,flyby,8,550,550,0.7291520238,0.2422720045,0.9727680087,1.032824,1,0,5,40633,35554,17,17,9618,27.05180852,14.40068628,512002,0,512002,40633
cstone,d7fddfb4f8d8ada0eb1a65d1a450a66c8cbd794c,direct,octree_leafcount,flyby,8,551,551,0.807008028,0.2299840003,1.038367987,1.093218,1,0,6,40833,35729,17,17,9534,26.68420611,14.33015198,512002,0,512002,40833
cstone,d7fddfb4f8d8ada0eb1a65d1a450a66c8cbd794c,direct,octree_leafcount,flyby,8,552,552,0.650496006,0.2027519941,0.8545920253,0.911086,1,0,4,40777,35680,17,17,9467,26.53307175,14.34983184,512002,0,512002,40777
cstone,d7fddfb4f8d8ada0eb1a65d1a450a66c8cbd794c,direct,octree_leafcount,flyby,8,553,553,0.7426239848,0.2190719992,0.9630079865,1.023842,1,0,5,40657,35575,17,17,9520,26.76036543,14.39218552,512002,0,512002,40657
cstone,d7fddfb4f8d8ada0eb1a65d1a450a66c8cbd794c,direct,octree_leafcount,flyby,8,554,554,0.8076800108,0.2149759978,1.024000049,1.080426,1,0,6,40593,35519,17,17,9403,26.47315521,14.41487654,512002,0,512002,40593
cstone,d7fddfb4f8d8ada0eb1a65d1a450a66c8cbd794c,direct,octree_leafcount,flyby,8,555,555,0.7367680073,0.2497919947,0.9878720045,1.047762,1,0,5,40833,35729,17,17,9634,26.96409079,14.33015198,512002,0,512002,40833
cstone,d7fddfb4f8d8ada0eb1a65d1a450a66c8cbd794c,direct,octree_leafcount,flyby,8,556,556,0.6553599834,0.2044800073,0.8612160087,0.916851,1,0,4,40657,35575,17,17,9472,26.62543921,14.39218552,512002,0,512002,40657
cstone,d7fddfb4f8d8ada0eb1a65d1a450a66c8cbd794c,direct,octree_leafcount,flyby,8,557,557,0.8109440207,0.2487680018,1.061056018,1.118723,1,0,6,40929,35813,17,17,9474,26.45408092,14.29654036,512002,0,512002,40929
cstone,d7fddfb4f8d8ada0eb1a65d1a450a66c8cbd794c,direct,octree_leafcount,flyby,8,558,558,0.7467839718,0.2550080121,1.003103971,1.064675,1,0,5,41041,35911,17,17,9614,26.77174125,14.25752555,512002,0,512002,41041
cstone,d7fddfb4f8d8ada0eb1a65d1a450a66c8cbd794c,direct,octree_leafcount,flyby,8,559,559,0.6526719928,0.2170239985,0.8710399866,0.929095,1,0,4,40689,35603,17,17,9516,26.72808471,14.38086678,512002,0,512002,40689
cstone,d7fddfb4f8d8ada0eb1a65d1a450a66c8cbd794c,direct,octree_leafcount,flyby,8,560,560,0.811424017,0.2308160067,1.043583989,1.098758,1,0,6,40961,35841,17,17,9704,27.07513741,14.2853715,512002,0,512002,40961
cstone,d7fddfb4f8d8ada0eb1a65d1a450a66c8cbd794c,direct,octree_leafcount,flyby,8,561,561,0.7439039946,0.2078080028,0.9530559778,1.008566,1,0,5,40833,35729,17,17,9591,26.84374038,14.33015198,512002,0,512002,40833
cstone,d7fddfb4f8d8ada0eb1a65d1a450a66c8cbd794c,direct,octree_leafcount,flyby,8,562,562,0.8159040213,0.2420160025,1.059231997,1.121069,1,0,6,41313,36149,17,17,9680,26.77805748,14.16365598,512002,0,512002,41313
cstone,d7fddfb4f8d8ada0eb1a65d1a450a66c8cbd794c,direct,octree_leafcount,flyby,8,563,563,0.7254719734,0.2016959935,0.9285119772,0.983513,1,0,5,40993,35869,17,17,9637,26.86721124,14.27422008,512002,0,512002,40993
cstone,d7fddfb4f8d8ada0eb1a65d1a450a66c8cbd794c,direct,octree_leafcount,flyby,8,564,564,0.7375680208,0.1955199987,0.9344320297,0.986599,1,0,5,40793,35694,17,17,9556,26.7720065,14.34420351,512002,0,512002,40793
cstone,d7fddfb4f8d8ada0eb1a65d1a450a66c8cbd794c,direct,octree_leafcount,flyby,8,565,565,0.8083519936,0.2400960028,1.049792051,1.106456,1,0,6,41049,35918,17,17,9594,26.71084136,14.25474692,512002,0,512002,41049
cstone,d7fddfb4f8d8ada0eb1a65d1a450a66c8cbd794c,direct,octree_leafcount,flyby,8,566,566,0.7199680209,0.2132160068,0.9344959855,0.993344,1,0,5,40593,35519,17,17,9421,26.52383232,14.41487654,512002,0,512002,40593
cstone,d7fddfb4f8d8ada0eb1a65d1a450a66c8cbd794c,direct,octree_leafcount,flyby,8,567,567,0.7458239794,0.2400960028,0.9872320294,1.042983,1,0,5,40889,35778,17,17,9515,26.59455531,14.31052602,512002,0,512002,40889
cstone,d7fddfb4f8d8ada0eb1a65d1a450a66c8cbd794c,direct,octree_leafcount,flyby,8,568,568,0.7956479788,0.2143359929,1.011872053,1.068753,1,0,6,40825,35722,17,17,9539,26.70343206,14.33296008,512002,0,512002,40825
cstone,d7fddfb4f8d8ada0eb1a65d1a450a66c8cbd794c,direct,octree_leafcount,flyby,8,569,569,0.6503999829,0.2011840045,0.8529279828,0.907623,1,0,4,40633,35554,17,17,9401,26.44146931,14.40068628,512002,0,512002,40633
cstone,d7fddfb4f8d8ada0eb1a65d1a450a66c8cbd794c,direct,octree_leafcount,flyby,8,570,570,0.7401599884,0.2323839962,0.9738559723,1.029465,1,0,5,40889,35778,17,17,9612,26.86567164,14.31052602,512002,0,512002,40889
cstone,d7fddfb4f8d8ada0eb1a65d1a450a66c8cbd794c,direct,octree_leafcount,flyby,8,571,571,0.8073279858,0.2298559994,1.038527966,1.096192,1,0,6,41105,35967,17,17,9613,26.72727778,14.23532683,512002,0,512002,41105
cstone,d7fddfb4f8d8ada0eb1a65d1a450a66c8cbd794c,direct,octree_leafcount,flyby,8,572,572,0.7352319956,0.2339520007,0.9705280066,1.028858,1,0,5,41121,35981,17,17,9502,26.4083822,14.22978794,512002,0,512002,41121
cstone,d7fddfb4f8d8ada0eb1a65d1a450a66c8cbd794c,direct,octree_leafcount,flyby,8,573,573,0.6553599834,0.1996160001,0.8563200235,0.911147,1,0,4,41025,35897,17,17,9455,26.33924841,14.26308605,512002,0,512002,41025
cstone,d7fddfb4f8d8ada0eb1a65d1a450a66c8cbd794c,direct,octree_leafcount,flyby,8,574,574,0.8249599934,0.247743994,1.074048042,1.132131,1,0,6,41041,35911,17,17,9391,26.15076161,14.25752555,512002,0,512002,41041
cstone,d7fddfb4f8d8ada0eb1a65d1a450a66c8cbd794c,direct,octree_leafcount,flyby,8,575,575,0.7389760017,0.2248319983,0.9651839733,1.019249,1,0,5,41257,36100,17,17,9682,26.8199446,14.18288089,512002,0,512002,41257
cstone,d7fddfb4f8d8ada0eb1a65d1a450a66c8cbd794c,direct,octree_leafcount,flyby,8,576,576,0.6448640227,0.1978559941,0.8440319896,0.900301,1,0,4,41025,35897,17,17,9494,26.44789258,14.26308605,512002,0,512002,41025
cstone,d7fddfb4f8d8ada0eb1a65d1a450a66c8cbd794c,direct,octree_leafcount,flyby,8,577,577,0.8083840013,0.2434879988,1.054272056,1.111095,1,0,6,41233,36079,17,17,9500,26.33110674,14.19113612,512002,0,512002,41233
cstone,d7fddfb4f8d8ada0eb1a65d1a450a66c8cbd794c,direct,octree_leafcount,flyby,8,578,578,0.7439039946,0.2129279971,0.9581440091,1.01564,1,0,5,41129,35988,17,17,9552,26.54218073,14.22702012,512002,0,512002,41129
cstone,d7fddfb4f8d8ada0eb1a65d1a450a66c8cbd794c,direct,octree_leafcount,flyby,8,579,579,0.6607040167,0.2345280051,0.8965759873,0.961532,1,0,4,40617,35540,17,17,9393,26.42937535,14.40635903,512002,0,512002,40617
cstone,d7fddfb4f8d8ada0eb1a65d1a450a66c8cbd794c,direct,octree_leafcount,flyby,8,580,580,0.8043199778,0.2409600019,1.046623945,1.106035,1,0,6,40777,35680,17,17,9573,26.83015695,14.34983184,512002,0,512002,40777
cstone,d7fddfb4f8d8ada0eb1a65d1a450a66c8cbd794c,direct,octree_leafcount,flyby,8,581,581,0.7314879894,0.1965440065,0.9293760061,0.983587,1,0,5,40761,35666,17,17,9524,26.70330287,14.35546459,512002,0,512002,40761
cstone,d7fddfb4f8d8ada0eb1a65d1a450a66c8cbd794c,direct,octree_leafcount,flyby,8,582,582,0.741952002,0.2265280038,0.9697920084,1.025142,1,0,5,41153,36009,17,17,9563,26.55724958,14.2187231,512002,0,512002,41153
cstone,d7fddfb4f8d8ada0eb1a65d1a450a66c8cbd794c,direct,octree_leafcount,flyby,8,583,583,0.7146880031,0.220096007,0.9361280203,0.993854,1,0,5,40905,35792,17,17,9553,26.69032186,14.30492848,512002,0,512002,40905
cstone,d7fddfb4f8d8ada0eb1a65d1a450a66c8cbd794c,direct,octree_leafcount,flyby,8,584,584,0.7330880165,0.2032320052,0.9376639724,0.993165,1,0,5,40825,35722,17,17,9545,26.72022843,14.33296008,512002,0,512002,40825
cstone,d7fddfb4f8d8ada0eb1a65d1a450a66c8cbd794c,direct,octree_leafcount,flyby,8,585,585,0.8002240062,0.2660480142,1.067615986,1.130552,1,0,6,41001,35876,17,17,9672,26.95952726,14.27143494,512002,0,512002,41001
cstone,d7fddfb4f8d8ada0eb1a65d1a450a66c8cbd794c,direct,octree_leafcount,flyby,8,586,586,0.6686400175,0.2466879934,0.9166719913,0.981449,1,0,4,40745,35652,17,17,9518,26.6969595,14.36110176,512002,0,512002,40745
cstone,d7fddfb4f8d8ada0eb1a65d1a450a66c8cbd794c,direct,octree_leafcount,flyby,8,587,587,0.7676479816,0.2734079957,1.042368054,1.106588,1,0,5,41073,35939,17,17,9620,26.7675784,14.24641754,512002,0,512002,41073
cstone,d7fddfb4f8d8ada0eb1a65d1a450a66c8cbd794c,direct,octree_leafcount,flyby,8,588,588,0.8132479787,0.2556479871,1.070240021,1.132913,1,0,6,41201,36051,17,17,9633,26.72047932,14.20215805,512002,0,512002,41201
cstone,d7fddfb4f8d8ada0eb1a65d1a450a66c8cbd794c,direct,octree_leafcount,flyby,8,589,589,0.6583679914,0.2353280038,0.8950399756,0.958034,1,0,4,41105,35967,17,17,9521,26.47148775,14.23532683,512002,0,512002,41105
cstone,d7fddfb4f8d8ada0eb1a65d1a450a66c8cbd794c,direct,octree_leafcount,flyby,8,590,590,0.738847971,0.2374719977,0.9776639938,1.042853,1,0,5,40809,35708,17,17,9648,27.01915537,14.33857959,512002,0,512002,40809
cstone,d7fddfb4f8d8ada0eb1a65d1a450a66c8cbd794c,direct,octree_leafcount,flyby,8,591,591,0.8167999983,0.2601599991,1.078271985,1.14229,1,0,6,41001,35876,17,17,9552,26.62504181,14.27143494,512002,0,512002,41001
cstone,d7fddfb4f8d8ada0eb1a65d1a450a66c8cbd794c,direct,octree_leafcount,flyby,8,592,592,0.7475519776,0.2666560113,1.015552044,1.081171,1,0,5,41145,36002,17,17,9666,26.84850842,14.2214877,512002,0,512002,41145
cstone,d7fddfb4f8d8ada0eb1a65d1a450a66c8cbd794c,direct,octree_leafcount,flyby,8,593,593,0.6685760021,0.2425599992,0.9126719832,0.975577,1,0,4,41041,35911,17,17,9634,26.82743449,14.25752555,512002,0,512002,41041
cstone,d7fddfb4f8d8ada0eb1a65d1a450a66c8cbd794c,direct,octree_leafcount,flyby,8,594,594,0.8070719838,0.2288320065,1.037215948,1.100474,1,0,6,40953,35834,17,17,9575,26.72043311,14.28816208,512002,0,512002,40953
cstone,d7fddfb4f8d8ada0eb1a65d1a450a66c8cbd794c,direct,octree_leafcount,flyby,8,595,595,0.7433279753,0.2242240012,0.9688959718,1.032483,1,0,5,40857,35750,17,17,9619,26.90629371,14.32173427,512002,0,512002,40857
cstone,d7fddfb4f8d8ada0eb1a65d1a450a66c8cbd794c,direct,octree_leafcount,flyby,8,596,596,0.6793919802,0.2754560113,0.9561920166,1.023734,1,0,4,40913,35799,17,17,9438,26.36386491,14.30213134,512002,0,512002,40913
cstone,d7fddfb4f8d8ada0eb1a65d1a450a66c8cbd794c,direct,octree_leafcount,flyby,8,597,597,0.8152959943,0.2654719949,1.083295941,1.147245,1,0,6,41137,35995,17,17,9608,26.69259619,14.22425337,512002,0,512002,41137
cstone,d7fddfb4f8d8ada0eb1a65d1a450a66c8cbd794c,direct,octree_leafcount,flyby,8,598,598,0.7526720166,0.2394240052,0.9936320186,1.058374,1,0,5,40817,35715,17,17,9495,26.58546829,14.33576928,512002,0,512002,40817
cstone,d7fddfb4f8d8ada0eb1a65d1a450a66c8cbd794c,direct,octree_leafcount,flyby,8,599,599,0.7393280268,0.2476480007,0.9886400104,1.055834,1,0,5,40753,35659,17,17,9323,26.14487226,14.35828262,512002,0,512002,40753
cstone,d7fddfb4f8d8ada0eb1a65d1a450a66c8cbd794c,direct,octree_leafcount,flyby,8,600,600,0.8290879726,0.2549760044,1.085376024,1.152329,1,0,6,40713,35624,17,17,9488,26.63373007,14.3723894,512002,0,512002,40713
cstone,d7fddfb4f8d8ada0eb1a65d1a450a66c8cbd794c,direct,octree_leafcount,flyby,8,601,601,0.746976018,0.2361599952,0.9845119715,1.048624,1,0,5,40697,35610,17,17,9398,26.39146307,14.37803988,512002,0,512002,40697
cstone,d7fddfb4f8d8ada0eb1a65d1a450a66c8cbd794c,direct,octree_leafcount,flyby,8,602,602,0.8060160279,0.2471359968,1.05449605,1.114747,1,0,6,40849,35743,17,17,9420,26.35481073,14.32453907,512002,0,512002,40849
cstone,d7fddfb4f8d8ada0eb1a65d1a450a66c8cbd794c,direct,octree_leafcount,flyby,8,603,603,0.7341120243,0.2374719977,0.9728959799,1.03149,1,0,5,41089,35953,17,17,9619,26.75437377,14.24087002,512002,0,512002,41089
cstone,d7fddfb4f8d8ada0eb1a65d1a450a66c8cbd794c,direct,octree_leafcount,flyby,8,604,604,0.7501760125,0.2395520061,0.9910719991,1.058292,1,0,5,41057,35925,17,17,9518,26.4940849,14.25196938,512002,0,512002,41057
cstone,d7fddfb4f8d8ada0eb1a65d1a450a66c8cbd794c,direct,octree_leafcount,flyby,8,605,605,0.8087999821,0.2582719922,1.068384051,1.132995,1,0,6,41257,36100,17,17,9680,26.81440443,14.18288089,512002,0,512002,41257
cstone,d7fddfb4f8d8ada0eb1a65d1a450a66c8cbd794c,direct,octree_leafcount,flyby,8,606,606,0.7320960164,0.2485439926,0.9819520116,1.043269,1,0,5,41337,36170,17,17,9558,26.42521427,14.15543268,512002,0,512002,41337
cstone,d7fddfb4f8d8ada0eb1a65d1a450a66c8cbd794c,direct,octree_leafcount,flyby,8,607,607,0.7490559816,0.247743994,0.9981120229,1.057439,1,0,5,41393,36219,17,17,9578,26.44468373,14.13628206,512002,0,512002,41393
cstone,d7fddfb4f8d8ada0eb1a65d1a450a66c8cbd794c,direct,octree_leafcount,flyby,8,608,608,0.7928959727,0.2183679938,1.012608051,1.072601,1,0,6,41329,36163,17,17,9629,26.62666261,14.15817272,512002,0,512002,41329
cstone,d7fddfb4f8d8ada0eb1a65d1a450a66c8cbd794c,direct,octree_leafcount,flyby,8,609,609,0.6599680185,0.2196480036,0.881280005,0.939034,1,0,4,40921,35806,17,17,9388,26.21906943,14.29933531,512002,0,512002,40921
cstone,d7fddfb4f8d8ada0eb1a65d1a450a66c8cbd794c,direct,octree_leafcount,flyby,8,610,610,0.7463039756,0.2351360023,0.9827520251,1.042836,1,0,5,41201,36051,17,17,9672,26.8286594,14.20215805,512002,0,512002,41201
cstone,d7fddfb4f8d8ada0eb1a65d1a450a66c8cbd794c,direct,octree_leafcount,flyby,8,611,611,0.8230400085,0.2362239957,1.060575962,1.116776,1,0,6,41265,36107,17,17,9636,26.68734594,14.18013128,512002,0,512002,41265
cstone,d7fddfb4f8d8ada0eb1a65d1a450a66c8cbd794c,direct,octree_leafcount,flyby,8,612,612,0.6659520268,0.2073280066,0.8745920062,0.931139,1,0,4,41225,36072,17,17,9476,26.26968286,14.19389,512002,0,512002,41225
cstone,d7fddfb4f8d8ada0eb1a65d1a450a66c8cbd794c,direct,octree_leafcount,flyby,8,613,613,0.7319359779,0.2129279971,0.9462080002,1.004596,1,0,5,41169,36023,17,17,9616,26.69405657,14.21319712,512002,0,512002,41169
cstone,d7fddfb4f8d8ada0eb1a65d1a450a66c8cbd794c,direct,octree_leafcount,flyby,8,614,614,0.7896320224,0.1970880032,0.9880319834,1.045389,1,0,6,40985,35862,17,17,9534,26.58524343,14.2770063,512002,0,512002,40985
cstone,d7fddfb4f8d8ada0eb1a65d1a450a66c8cbd794c,direct,octree_leafcount,flyby,8,615,615,0.7364479899,0.2439039946,0.9816960096,1.040876,1,0,5,41137,35995,17,17,9672,26.87039867,14.22425337,512002,0,512002,41137
cstone,d7fddfb4f8d8ada0eb1a65d1a450a66c8cbd794c,direct,octree_leafcount,flyby,8,616,616,0.6726080179,0.2293120027,0.9032639861,0.95916,1,0,4,41249,36093,17,17,9633,26.68938575,14.18563156,512002,0,512002,41249
cstone,d7fddfb4f8d8ada0eb1a65d1a450a66c8cbd794c,direct,octree_leafcount,flyby,8,617,617,0.806303978,0.2262399942,1.033856034,1.08806,1,0,6,41361,36191,17,17,9604,26.53698433,14.14721892,512002,0,512002,41361
cstone,d7fddfb4f8d8ada0eb1a65d1a450a66c8cbd794c,direct,octree_leafcount,flyby,8,618,618,0.7218880057,0.1837760061,0.9069759846,0.957888,1,0,5,41225,36072,17,17,9642,26.72987359,14.19389,512002,0,512002,41225
cstone,d7fddfb4f8d8ada0eb1a65d1a450a66c8cbd794c,direct,octree_leafcount,flyby,8,619,619,0.7352640033,0.1965440065,0.9331200123,0.987285,1,0,5,40969,35848,17,17,9566,26.68489177,14.28258201,512002,0,512002,40969
cstone,d7fddfb4f8d8ada0eb1a65d1a450a66c8cbd794c,direct,octree_leafcount,flyby,8,620,620,0.7995839715,0.2175679952,1.018496037,1.074023,1,0,6,41001,35876,17,17,9591,26.73374958,14.27143494,512002,0,512002,41001
cstone,d7fddfb4f8d8ada0eb1a65d1a450a66c8cbd794c,direct,octree_leafcount,flyby,8,621,621,0.7323520184,0.2165440023,0.9502080083,1.00135,1,0,5,41137,35995,17,17,9556,26.54813168,14.22425337,512002,0,512002,41137
cstone,d7fddfb4f8d8ada0eb1a65d1a450a66c8cbd794c,direct,octree_leafcount,flyby,8,622,622,0.6489599943,0.2088319957,0.8591359854,0.917242,1,0,4,40985,35862,17,17,9458,26.37331995,14.2770063,512002,0,512002,40985
cstone,d7fddfb4f8d8ada0eb1a65d1a450a66c8cbd794c,direct,octree_leafcount,flyby,8,623,623,0.8123520017,0.2367040068,1.050495982,1.107292,1,0,6,41153,36009,17,17,9636,26.75997667,14.2187231,512002,0,512002,41153
cstone,d7fddfb4f8d8ada0eb1a65d1a450a66c8cbd794c,direct,octree_leafcount,flyby,8,624,624,0.7384639978,0.2083840072,0.9481920004,1.004831,1,0,5,40689,35603,17,17,9403,26.41069573,14.38086678,512002,0,512002,40689
cstone,d7fddfb4f8d8ada0eb1a65d1a450a66c8cbd794c,direct,octree_leafcount,flyby,8,625,625,0.8078399897,0.2237119973,1.033023953,1.086431,1,0,6,41009,35883,17,17,9428,26.2742803,14.26865089,512002,0,512002,41009
cstone,d7fddfb4f8d8ada0eb1a65d1a450a66c8cbd794c,direct,octree_leafcount,flyby,8,626,626,0.741855979,0.2416000068,0.9847999811,1.043466,1,0,5,41057,35925,17,17,9476,26.37717467,14.25196938,512002,0,512002,41057
cstone,d7fddfb4f8d8ada0eb1a65d1a450a66c8cbd794c,direct,octree_leafcount,flyby,8,627,627,0.7371199727,0.2123199999,0.9507520199,1.006949,1,0,5,40737,35645,17,17,9331,26.17758451,14.36392201,512002,0,512002,40737
cstone,d7fddfb4f8d8ada0eb1a65d1a450a66c8cbd794c,direct,octree_leafcount,flyby,8,628,628,0.7975360155,0.2346239984,1.033471942,1.089648,1,0,6,40873,35764,17,17,9514,26.60216978,14.31612795,512002,0,512002,40873
cstone,d7fddfb4f8d8ada0eb1a65d1a450a66c8cbd794c,direct,octree_leafcount,flyby,8,629,629,0.6630079746,0.2026879936,0.8670079708,0.92172,1,0,4,40841,35736,17,17,9394,26.28721737,14.32734497,512002,0,512002,40841
cstone,d7fddfb4f8d8ada0eb1a65d1a450a66c8cbd794c,direct,octree_leafcount,flyby,8,630,630,0.7345280051,0.2255679965,0.9614080191,1.015198,1,0,5,41129,35988,17,17,9482,26.34767145,14.22702012,512002,0,512002,41129
cstone,d7fddfb4f8d8ada0eb1a65d1a450a66c8cbd794c,direct,octree_leafcount,flyby,8,631,631,0.7876799703,0.2344640046,1.023455977,1.076904,1,0,6,41177,36030,17,17,9589,26.61393283,14.21043575,512002,0,512002,41177
cstone,d7fddfb4f8d8ada0eb1a65d1a450a66c8cbd794c,direct,octree_leafcount,flyby,8,632,632,0.6449919939,0.1940159947,0.8403199911,0.893203,1,0,4,41001,35876,17,17,9297,25.91426023,14.27143494,512002,0,512002,41001
cstone,d7fddfb4f8d8ada0eb1a65d1a450a66c8cbd794c,direct,octree_leafcount,flyby,8,633,633,0.7381439805,0.2006080002,0.9401280284,0.992871,1,0,5,40897,35785,17,17,9576,26.75981557,14.3077267,512002,0,512002,40897
cstone,d7fddfb4f8d8ada0eb1a65d1a450a66c8cbd794c,direct,octree_leafcount,flyby,8,634,634,0.8154559731,0.2190400064,1.035935998,1.088085,1,0,6,41009,35883,17,17,9404,26.20739626,14.26865089,512002,0,512002,41009
cstone,d7fddfb4f8d8ada0eb1a65d1a450a66c8cbd794c,direct,octree_leafcount,flyby,8,635,635,0.6506879926,0.2190719992,0.871104002,0.924403,1,0,4,41345,36177,17,17,9480,26.20449457,14.1526937,512002,0,512002,41345
cstone,d7fddfb4f8d8ada0eb1a65d1a450a66c8cbd794c,direct,octree_leafcount,flyby,8,636,636,0.7370240092,0.2057600021,0.9440960288,0.999825,1,0,5,40721,35631,17,17,9437,26.48536387,14.36956583,512002,0,512002,40721
cstone,d7fddfb4f8d8ada0eb1a65d1a450a66c8cbd794c,direct,octree_leafcount,flyby,8,637,637,0.7964159846,0.2298559994,1.027616024,1.082492,1,0,6,40801,35701,17,17,9367,26.2373603,14.341391,512002,0,512002,40801
cstone,d7fddfb4f8d8ada0eb1a65d1a450a66c8cbd794c,direct,octree_leafcount,flyby,8,638,638,0.7400640249,0.2231680006,0.9645760059,1.018879,1,0,5,40913,35799,17,17,9439,26.36665829,14.30213134,512002,0,512002,40913
cstone,d7fddfb4f8d8ada0eb1a65d1a450a66c8cbd794c,direct,octree_leafcount,flyby,8,639,639,0.6447039843,0.1924480051,0.8384960294,0.892546,1,0,4,40721,35631,17,17,9299,26.09806068,14.36956583,512002,0,512002,40721
cstone,d7fddfb4f8d8ada0eb1a65d1a450a66c8cbd794c,direct,octree_leafcount,flyby,8,640,640,0.8114560246,0.2032320052,1.016031981,1.070023,1,0,6,40633,35554,17,17,9255,26.03082635,14.40068628,512002,0,512002,40633
cstone,d7fddfb4f8d8ada0eb1a65d1a450a66c8cbd794c,direct,octree_leafcount,flyby,8,641,641,0.7295680046,0.225759998,0.9566400051,1.008823,1,0,5,40801,35701,17,17,9485,26.56788325,14.341391,512002,0,512002,40801
cstone,d7fddfb4f8d8ada0eb1a65d1a450a66c8cbd794c,direct,octree_leafcount,flyby,8,642,642,0.6529920101,0.2026879936,0.857024014,0.910135,1,0,4,40617,35540,17,17,9277,26.10298255,14.40635903,512002,0,512002,40617
cstone,d7fddfb4f8d8ada0eb1a65d1a450a66c8cbd794c,direct,octree_leafcount,flyby,8,643,643,0.8064640164,0.2293120027,1.037088037,1.091017,1,0,6,40993,35869,17,17,9490,26.4573866,14.27422008,512002,0,512002,40993
cstone,d7fddfb4f8d8ada0eb1a65d1a450a66c8cbd794c,direct,octree_leafcount,flyby,8,644,644,0.7334399819,0.1991360039,0.9339200258,0.986665,1,0,5,40897,35785,17,17,9546,26.67598156,14.3077267,512002,0,512002,40897
cstone,d7fddfb4f8d8ada0eb1a65d1a450a66c8cbd794c,direct,octree_leafcount,flyby,8,645,645,0.7302719951,0.2311359942,0.9627519846,1.022366,1,0,5,40729,35638,17,17,9337,26.19956226,14.36674336,512002,0,512002,40729
cstone,d7fddfb4f8d8ada0eb1a65d1a450a66c8cbd794c,direct,octree_leafcount,flyby,8,646,646,0.8319039941,0.2503359914,1.083552003,1.143909,1,0,6,41105,35967,17,17,9661,26.86073345,14.23532683,512002,0,512002,41105
cstone,d7fddfb4f8d8ada0eb1a65d1a450a66c8cbd794c,direct,octree_leafcount,flyby,8,647,647,0.7388160229,0.2238720059,0.9640319943,1.022944,1,0,5,40881,35771,17,17,9458,26.44041262,14.31332644,512002,0,512002,40881
cstone,d7fddfb4f8d8ada0eb1a65d1a450a66c8cbd794c,direct,octree_leafcount,flyby,8,648,648,0.7447360158,0.2336319983,0.9796800017,1.037075,1,0,5,41129,35988,17,17,9460,26.28653996,14.22702012,512002,0,512002,41129
cstone,d7fddfb4f8d8ada0eb1a65d1a450a66c8cbd794c,direct,octree_leafcount,flyby,8,649,649,0.7269120216,0.2247360051,0.9529600143,1.009705,1,0,5,41217,36065,17,17,9535,26.43837516,14.19664495,512002,0,512002,41217
cstone,d7fddfb4f8d8ada0eb1a65d1a450a66c8cbd794c,direct,octree_leafcount,flyby,8,650,650,0.7427200079,0.1893759966,0.9334400296,0.984753,1,0,5,40913,35799,17,17,9562,26.7102433,14.30213134,512002,0,512002,40913
cstone,d7fddfb4f8d8ada0eb1a65d1a450a66c8cbd794c,direct,octree_leafcount,flyby,8,651,651,0.7995200157,0.218592003,1.019456029,1.07116,1,0,6,41145,36002,17,17,9595,26.65129715,14.2214877,512002,0,512002,41145
cstone,d7fddfb4f8d8ada0eb1a65d1a450a66c8cbd794c,direct,octree_leafcount,flyby,8,652,652,0.7174720168,0.2098560035,0.9286720157,0.97978,1,0,5,41233,36079,17,17,9525,26.40039912,14.19113612,512002,0,512002,41233
cstone,d7fddfb4f8d8ada0eb1a65d1a450a66c8cbd794c,direct,octree_leafcount,flyby,8,653,653,0.7493439913,0.233408004,0.984063983,1.039156,1,0,5,41361,36191,17,17,9539,26.35738167,14.14721892,512002,0,512002,41361
cstone,d7fddfb4f8d8ada0eb1a65d1a450a66c8cbd794c,direct,octree_leafcount,flyby,8,654,654,0.8008639812,0.1960639954,0.9982720017,1.052022,1,0,6,41033,35904,17,17,9560,26.62655971,14.26030526,512002,0,512002,41033
cstone,d7fddfb4f8d8ada0eb1a65d1a450a66c8cbd794c,direct,octree_leafcount,flyby,8,655,655,0.6602560282,0.1996160001,0.861184001,0.913917,1,0,4,40849,35743,17,17,9439,26.40796799,14.32453907,512002,0,512002,40849
cstone,d7fddfb4f8d8ada0eb1a65d1a450a66c8cbd794c,direct,octree_leafcount,flyby,8,656,656,0.7583360076,0.2526719868,1.01235199,1.073039,1,0,5,41153,36009,17,17,9579,26.60168291,14.2187231,512002,0,512002,41153
cstone,d7fddfb4f8d8ada0eb1a65d1a450a66c8cbd794c,direct,octree_leafcount,flyby,8,657,657,0.8170560002,0.2362239957,1.054623961,1.111188,1,0,6,41353,36184,17,17,9429,26.05847889,14.14995578,512002,0,512002,41353
cstone,d7fddfb4f8d8ada0eb1a65d1a450a66c8cbd794c,direct,octree_leafcount,flyby,8,658,658,0.6536960006,0.2028159946,0.8578879833,0.91305,1,0,4,40937,35820,17,17,9251,25.82635399,14.29374651,512002,0,512002,40937
cstone,d7fddfb4f8d8ada0eb1a65d1a450a66c8cbd794c,direct,octree_leafcount,flyby,8,659,659,0.7418239713,0.2293120027,0.9724799991,1.02743,1,0,5,40953,35834,17,17,9435,26.3297427,14.28816208,512002,0,512002,40953
cstone,d7fddfb4f8d8ada0eb1a65d1a450a66c8cbd794c,direct,octree_leafcount,flyby,8,660,660,0.7989119887,0.1978880018,0.998143971,1.051566,1,0,6,40825,35722,17,17,9344,26.15754997,14.33296008,512002,0,512002,40825
cstone,d7fddfb4f8d8ada0eb1a65d1a450a66c8cbd794c,direct,octree_leafcount,flyby,8,661,661,0.7329919934,0.2196159959,0.9539200068,1.007634,1,0,5,40977,35855,17,17,9401,26.21949519,14.27979361,512002,0,512002,40977
cstone,d7fddfb4f8d8ada0eb1a65d1a450a66c8cbd794c,direct,octree_leafcount,flyby,8,662,662,0.656512022,0.2057919949,0.8636479974,0.920418,1,0,4,40609,35533,17,17,9406,26.47116765,14.40919708,512002,0,512002,40609
cstone,d7fddfb4f8d8ada0eb1a65d1a450a66c8cbd794c,direct,octree_leafcount,flyby,8,663,663,0.7988160253,0.2323839962,1.03251195,1.088223,1,0,6,40921,35806,17,17,9316,26.01798581,14.29933531,512002,0,512002,40921
cstone,d7fddfb4f8d8ada0eb1a65d1a450a66c8cbd794c,direct,octree_leafcount,flyby,8,664,664,0.7296959758,0.2052800059,0.9363200068,0.993826,1,0,5,40761,35666,17,17,9364,26.25469635,14.35546459,512002,0,512002,40761
cstone,d7fddfb4f8d8ada0eb1a65d1a450a66c8cbd794c,direct,octree_leafcount,flyby,8,665,665,0.6480320096,0.2252160013,0.8745920062,0.929946,1,0,4,40777,35680,17,17,9240,25.89686099,14.34983184,512002,0,512002,40777
cstone,d7fddfb4f8d8ada0eb1a65d1a450a66c8cbd794c,direct,octree_leafcount,flyby,8,666,666,0.8037120104,0.2354560047,1.040480018,1.098529,1,0,6,41033,35904,17,17,9258,25.78542781,14.26030526,512002,0,512002,41033
cstone,d7fddfb4f8d8ada0eb1a65d1a450a66c8cbd794c,direct,octree_leafcount,flyby,8,667,667,0.7341120243,0.2139839977,0.9494400024,1.009255,1,0,5,40745,35652,17,17,9339,26.19488388,14.36110176,512002,0,512002,40745
cstone,d7fddfb4f8d8ada0eb1a65d1a450a66c8cbd794c,direct,octree_leafcount,flyby,8,668,668,0.6612799764,0.2436800003,0.9072960019,0.967708,1,0,4,40849,35743,17,17,9384,26.25409171,14.32453907,512002,0,512002,40849
cstone,d7fddfb4f8d8ada0eb1a65d1a450a66c8cbd794c,direct,octree_leafcount,flyby,8,669,669,0.8175359964,0.2308800071,1.049983978,1.105427,1,0,6,41265,36107,17,17,9497,26.30237904,14.18013128,512002,0,512002,41265
cstone,d7fddfb4f8d8ada0eb1a65d1a450a66c8cbd794c,direct,octree_leafcount,flyby,8,670,670,0.7355840206,0.2267840058,0.963711977,1.019169,1,0,5,41281,36121,17,17,9483,26.25342598,14.17463525,512002,0,512002,41281
cstone,d7fddfb4f8d8ada0eb1a65d1a450a66c8cbd794c,direct,octree_leafcount,flyby,8,671,671,0.7269120216,0.2147520036,0.9430080056,1.001349,1,0,5,41033,35904,17,17,9335,25.99988859,14.26030526,512002,0,512002,41033
cstone,d7fddfb4f8d8ada0eb1a65d1a450a66c8cbd794c,direct,octree_leafcount,flyby,8,672,672,0.8139520288,0.2431679964,1.058431983,1.121534,1,0,6,40929,35813,17,17,9384,26.20277553,14.29654036,512002,0,512002,40929
cstone,d7fddfb4f8d8ada0eb1a65d1a450a66c8cbd794c,direct,octree_leafcount,flyby,8,673,673,0.7436800003,0.2678079903,1.012832046,1.075798,1,0,5,41009,35883,17,17,9442,26.31329599,14.26865089,512002,0,512002,41009
cstone,d7fddfb4f8d8ada0eb1a65d1a450a66c8cbd794c,direct,octree_leafcount,flyby,8,674,674,0.7904000282,0.2474559993,1.039168,1.098995,1,0,6,41201,36051,17,17,9452,26.2184128,14.20215805,512002,0,512002,41201
cstone,d7fddfb4f8d8ada0eb1a65d1a450a66c8cbd794c,direct,octree_leafcount,flyby,8,675,675,0.7261760235,0.2170239985,0.9445120096,1.003737,1,0,5,41097,35960,17,17,9424,26.20689655,14.23809789,512002,0,512002,41097
cstone,d7fddfb4f8d8ada0eb1a65d1a450a66c8cbd794c,direct,octree_leafcount,flyby,8,676,676,0.7335039973,0.1996160001,0.9344639778,0.989871,1,0,5,40761,35666,17,17,9345,26.20142433,14.35546459,512002,0,512002,40761
cstone,d7fddfb4f8d8ada0eb1a65d1a450a66c8cbd794c,direct,octree_leafcount,flyby,8,677,677,0.7908800244,0.2262399942,1.018432021,1.074998,1,0,6,40873,35764,17,17,9493,26.54345152,14.31612795,512002,0,512002,40873
cstone,d7fddfb4f8d8ada0eb1a65d1a450a66c8cbd794c,direct,octree_leafcount,flyby,8,678,678,0.7169600129,0.2104000002,0.9286720157,0.985432,1,0,5,40793,35694,17,17,9334,26.15005323,14.34420351,512002,0,512002,40793
cstone,d7fddfb4f8d8ada0eb1a65d1a450a66c8cbd794c,direct,octree_leafcount,flyby,8,679,679,0.7384319901,0.2288320065,0.9686080217,1.022668,1,0,5,40841,35736,17,17,9404,26.31520036,14.32734497,512002,0,512002,40841
cstone,d7fddfb4f8d8ada0eb1a65d1a450a66c8cbd794c,direct,octree_leafcount,flyby,8,680,680,0.8010879755,0.2104000002,1.012832046,1.070219,1,0,6,40833,35729,17,17,9543,26.70939573,14.33015198,512002,0,512002,40833
cstone,d7fddfb4f8d8ada0eb1a65d1a450a66c8cbd794c,direct,octree_leafcount,flyby,8,681,681,0.6615039706,0.2303359956,0.8931840062,0.948535,1,0,4,40953,35834,17,17,9381,26.17904783,14.28816208,512002,0,512002,40953
cstone,d7fddfb4f8d8ada0eb1a65d1a450a66c8cbd794c,direct,octree_leafcount,flyby,8,682,682,0.7438399792,0.2589119971,1.004096031,1.065874,1,0,5,41065,35932,17,17,9569,26.63085829,14.24919292,512002,0,512002,41065
cstone,d7fddfb4f8d8ada0eb1a65d1a450a66c8cbd794c,direct,octree_leafcount,flyby,8,683,683,0.8034880161,0.2481919974,1.053024054,1.11085,1,0,6,41289,36128,17,17,9507,26.31476971,14.17188884,512002,0,512002,41289
cstone,d7fddfb4f8d8ada0eb1a65d1a450a66c8cbd794c,direct,octree_leafcount,flyby,8,684,684,0.6521919966,0.206783995,0.860319972,0.917766,1,0,4,40793,35694,17,17,9322,26.11643413,14.34420351,512002,0,512002,40793
cstone,d7fddfb4f8d8ada0eb1a65d1a450a66c8cbd794c,direct,octree_leafcount,flyby,8,685,685,0.7478399873,0.233408004,0.9825919867,1.04006,1,0,5,41033,35904,17,17,9503,26.46780303,14.26030526,512002,0,512002,41033
cstone,d7fddfb4f8d8ada0eb1a65d1a450a66c8cbd794c,direct,octree_leafcount,flyby,8,686,686,0.8100479841,0.2456,1.056928039,1.115438,1,0,6,41265,36107,17,17,9403,26.04204171,14.18013128,512002,0,512002,41265
cstone,d7fddfb4f8d8ada0eb1a65d1a450a66c8cbd794c,direct,octree_leafcount,flyby,8,687,687,0.6599040031,0.256159991,0.9177600145,0.977953,1,0,4,41313,36149,17,17,9361,25.89559877,14.16365598,512002,0,512002,41313
cstone,d7fddfb4f8d8ada0eb1a65d1a450a66c8cbd794c,direct,octree_leafcount,flyby,8,688,688,0.7190719843,0.2129919976,0.9334080219,0.99368,1,0,5,40921,35806,17,17,9375,26.18276267,14.29933531,512002,0,512002,40921
cstone,d7fddfb4f8d8ada0eb1a65d1a450a66c8cbd794c,direct,octree_leafcount,flyby,8,689,689,0.7864959836,0.2027519941,0.9905599952,1.045785,1,0,6,40761,35666,17,17,9326,26.1481523,14.35546459,512002,0,512002,40761
cstone,d7fddfb4f8d8ada0eb1a65d1a450a66c8cbd794c,direct,octree_leafcount,flyby,8,690,690,0.7386879921,0.2206400037,0.9606720209,1.012878,1,0,5,41177,36030,17,17,9478,26.30585623,14.21043575,512002,0,512002,41177
cstone,d7fddfb4f8d8ada0eb1a65d1a450a66c8cbd794c,direct,octree_leafcount,flyby,8,691,691,0.6631039977,0.2146880031,0.8794239759,0.936101,1,0,4,41081,35946,17,17,9394,26.13364491,14.24364324,512002,0,512002,41081
cstone,d7fddfb4f8d8ada0eb1a65d1a450a66c8cbd794c,direct,octree_leafcount,flyby,8,692,692,0.8041599989,0.230399996,1.03590405,1.093868,1,0,6,41217,36065,17,17,9286,25.74795508,14.19664495,512002,0,512002,41217
cstone,d7fddfb4f8d8ada0eb1a65d1a450a66c8cbd794c,direct,octree_leafcount,flyby,8,693,693,0.7421439886,0.1985920072,0.9420480132,0.998064,1,0,5,41137,35995,17,17,9489,26.36199472,14.22425337,512002,0,512002,41137
cstone,d7fddfb4f8d8ada0eb1a65d1a450a66c8cbd794c,direct,octree_leafcount,flyby,8,694,694,0.6571519971,0.2082239985,0.8667200208,0.924781,1,0,4,41001,35876,17,17,9297,25.91426023,14.27143494,512002,0,512002,41001
cstone,d7fddfb4f8d8ada0eb1a65d1a450a66c8cbd794c,direct,octree_leafcount,flyby,8,695,695,0.813215971,0.2405440062,1.055104017,1.11128,1,0,6,41281,36121,17,17,9410,26.05132748,14.17463525,512002,0,512002,41281
cstone,d7fddfb4f8d8ada0eb1a65d1a450a66c8cbd794c,direct,octree_leafcount,flyby,8,696,696,0.7436800003,0.2108480036,0.9558399916,1.015646,1,0,5,40897,35785,17,17,9299,25.98574822,14.3077267,512002,0,512002,40897
cstone,d7fddfb4f8d8ada0eb1a65d1a450a66c8cbd794c,direct,octree_leafcount,flyby,8,697,697,0.742560029,0.2304320037,0.9743679762,1.035156,1,0,5,40745,35652,17,17,9109,25.54975878,14.36110176,512002,0,512002,40745
cstone,d7fddfb4f8d8ada0eb1a65d1a450a66c8cbd794c,direct,octree_leafcount,flyby,8,698,698,0.8080639839,0.2357439995,1.045184016,1.102345,1,0,6,41001,35876,17,17,9342,26.03969227,14.27143494,512002,0,512002,41001
cstone,d7fddfb4f8d8ada0eb1a65d1a450a66c8cbd794c,direct,octree_leafcount,flyby,8,699,699,0.7456640005,0.2376320064,0.9846079946,1.04004,1,0,5,41185,36037,17,17,9384,26.03990343,14.20767544,512002,0,512002,41185
cstone,d7fddfb4f8d8ada0eb1a65d1a450a66c8cbd794c,direct,octree_leafcount,flyby,8,700,700,0.7411519885,0.1996800005,0.9421759844,0.998408,1,0,5,40617,35540,17,17,9133,25.69780529,14.40635903,512002,0,512002,40617
cstone,d7fddfb4f8d8ada0eb1a65d1a450a66c8cbd794c,direct,octree_leafcount,flyby,8,701,701,0.8106560111,0.2349440008,1.046911955,1.10557,1,0,6,40705,35617,17,17,9389,26.36100738,14.37521408,512002,0,512002,40705
cstone,d7fddfb4f8d8ada0eb1a65d1a450a66c8cbd794c,direct,octree_leafcount,flyby,8,702,702,0.7509440184,0.2313600034,0.9836480021,1.040888,1,0,5,41001,35876,17,17,9325,25.99230683,14.27143494,512002,0,512002,41001
cstone,d7fddfb4f8d8ada0eb1a65d1a450a66c8cbd794c,direct,octree_leafcount,flyby,8,703,703,0.8183680177,0.2456959933,1.066624045,1.124378,1,0,6,41089,35953,17,17,9264,25.76697355,14.24087002,512002,0,512002,41089
cstone,d7fddfb4f8d8ada0eb1a65d1a450a66c8cbd794c,direct,octree_leafcount,flyby,8,704,704,0.7341759801,0.2379840016,0.9735040069,1.030829,1,0,5,41113,35974,17,17,9320,25.90759993,14.23255685,512002,0,512002,41113
cstone,d7fddfb4f8d8ada0eb1a65d1a450a66c8cbd794c,direct,octree_leafcount,flyby,8,705,705,0.7368320227,0.2124159932,0.9506239891,1.008424,1,0,5,40721,35631,17,17,9233,25.91282872,14.36956583,512002,0,512002,40721
cstone,d7fddfb4f8d8ada0eb1a65d1a450a66c8cbd794c,direct,octree_leafcount,flyby,8,706,706,0.8103359938,0.2563520074,1.068032026,1.133776,1,0,6,40929,35813,17,17,9354,26.11900706,14.29654036,512002,0,512002,40929
cstone,d7fddfb4f8d8ada0eb1a65d1a450a66c8cbd794c,direct,octree_leafcount,flyby,8,707,707,0.660319984,0.2596800029,0.9213439822,0.983133,1,0,4,41089,35953,17,17,9209,25.61399605,14.24087002,512002,0,512002,41089
cstone,d7fddfb4f8d8ada0eb1a65d1a450a66c8cbd794c,direct,octree_leafcount,flyby,8,708,708,0.7451199889,0.213568002,0.9600319862,1.01899,1,0,5,40593,35519,17,17,9088,25.58630592,14.41487654,512002,0,512002,40593
cstone,d7fddfb4f8d8ada0eb1a65d1a450a66c8cbd794c,direct,octree_leafcount,flyby,8,709,709,0.7868160009,0.2542400062,1.042368054,1.104001,1,0,6,40785,35687,17,17,9283,26.01227338,14.34701712,512002,0,512002,40785
cstone,d7fddfb4f8d8ada0eb1a65d1a450a66c8cbd794c,direct,octree_leafcount,flyby,8,710,710,0.6571519971,0.2216320038,0.880128026,0.940547,1,0,4,40609,35533,17,17,9149,25.74789632,14.40919708,512002,0,512002,40609
cstone,d7fddfb4f8d8ada0eb1a65d1a450a66c8cbd794c,direct,octree_leafcount,flyby,8,711,711,0.7435520291,0.2470079958,0.9919040203,1.051502,1,0,5,40769,35673,17,17,9254,25.94118801,14.35264766,512002,0,512002,40769
cstone,d7fddfb4f8d8ada0eb1a65d1a450a66c8cbd794c,direct,octree_leafcount,flyby,8,712,712,0.8000959754,0.2441920042,1.045600057,1.103524,1,0,6,40881,35771,17,17,9183,25.67163345,14.31332644,512002,0,512002,40881
cstone,d7fddfb4f8d8ada0eb1a65d1a450a66c8cbd794c,direct,octree_leafcount,flyby,8,713,713,0.7219520211,0.2042559981,0.9275199771,0.985043,1,0,5,40345,35302,17,17,8955,25.36683474,14.50348422,512002,0,512002,40345
cstone,d7fddfb4f8d8ada0eb1a65d1a450a66c8cbd794c,direct,octree_leafcount,flyby,8,714,714,0.7466560006,0.2401600033,0.9881280065,1.044377,1,0,5,40393,35344,17,17,9154,25.89972838,14.48624943,512002,0,512002,40393
cstone,d7fddfb4f8d8ada0eb1a65d1a450a66c8cbd794c,direct,octree_leafcount,flyby,8,715,715,0.7987200022,0.2237119973,1.023743987,1.075974,1,0,6,40513,35449,17,17,9070,25.5860532,14.44334114,512002,0,512002,40513
cstone,d7fddfb4f8d8ada0eb1a65d1a450a66c8cbd794c,direct,octree_leafcount,flyby,8,716,716,0.65526402,0.239327997,0.8959040046,0.954176,1,0,4,40857,35750,17,17,9057,25.33426573,14.32173427,512002,0,512002,40857
cstone,d7fddfb4f8d8ada0eb1a65d1a450a66c8cbd794c,direct,octree_leafcount,flyby,8,717,717,0.746367991,0.2113599926,0.9591040015,1.018093,1,0,5,40665,35582,17,17,9210,25.88387387,14.38935417,512002,0,512002,40665
cstone,d7fddfb4f8d8ada0eb1a65d1a450a66c8cbd794c,direct,octree_leafcount,flyby,8,718,718,0.8029760122,0.224992007,1.029279947,1.083274,1,0,6,40841,35736,17,17,9168,25.65480188,14.32734497,512002,0,512002,40841
cstone,d7fddfb4f8d8ada0eb1a65d1a450a66c8cbd794c,direct,octree_leafcount,flyby,8,719,719,0.8233280182,0.229888007,1.054559946,1.109743,1,0,6,40905,35792,17,17,9175,25.63421994,14.30492848,512002,0,512002,40905
cstone,d7fddfb4f8d8ada0eb1a65d1a450a66c8cbd794c,direct,octree_leafcount,flyby,8,720,720,0.7178239822,0.2119040042,0.931039989,0.989468,1,0,5,40601,35526,17,17,9157,25.77548837,14.41203626,512002,0,512002,40601
cstone,d7fddfb4f8d8ada0eb1a65d1a450a66c8cbd794c,direct,octree_leafcount,flyby,8,721,721,0.8017280102,0.2327039987,1.035743952,1.091063,1,0,6,40745,35652,17,17,9032,25.33378212,14.36110176,512002,0,512002,40745
cstone,d7fddfb4f8d8ada0eb1a65d1a450a66c8cbd794c,direct,octree_leafcount,flyby,8,722,722,0.7343999743,0.2203200012,0.9560639858,1.011026,1,0,5,40945,35827,17,17,9293,25.93853797,14.29095375,512002,0,512002,40945
cstone,d7fddfb4f8d8ada0eb1a65d1a450a66c8cbd794c,direct,octree_leafcount,flyby,8,723,723,0.657407999,0.1935359985,0.8522880077,0.90485,1,0,4,40881,35771,17,17,9093,25.42003299,14.31332644,512002,0,512002,40881
cstone,d7fddfb4f8d8ada0eb1a65d1a450a66c8cbd794c,direct,octree_leafcount,flyby,8,724,724,0.8029440045,0.1960639954,1.000352025,1.054378,1,0,6,40785,35687,17,17,9071,25.41821952,14.34701712,512002,0,512002,40785
cstone,d7fddfb4f8d8ada0eb1a65d1a450a66c8cbd794c,direct,octree_leafcount,flyby,8,725,725,0.7295039892,0.2115519941,0.9423679709,0.990272,1,0,5,40873,35764,17,17,9196,25.71300749,14.31612795,512002,0,512002,40873
cstone,d7fddfb4f8d8ada0eb1a65d1a450a66c8cbd794c,direct,octree_leafcount,flyby,8,726,726,0.6560959816,0.191967994,0.8494079709,0.903221,1,0,4,40625,35547,17,17,9063,25.49582243,14.4035221,512002,0,512002,40625
cstone,d7fddfb4f8d8ada0eb1a65d1a450a66c8cbd794c,direct,octree_leafcount,flyby,8,727,727,0.8362560272,0.2278079987,1.065376043,1.118826,1,0,6,41017,35890,17,17,9206,25.65059905,14.26586793,512002,0,512002,41017
cstone,d7fddfb4f8d8ada0eb1a65d1a450a66c8cbd794c,direct,octree_leafcount,flyby,8,728,728,0.7449920177,0.2037120014,0.9500480294,1.004604,1,0,5,40961,35841,17,17,9235,25.76658017,14.2853715,512002,0,512002,40961
cstone,d7fddfb4f8d8ada0eb1a65d1a450a66c8cbd794c,direct,octree_leafcount,flyby,8,729,729,0.6546880007,0.1991360039,0.8551359773,0.90861,1,0,4,40601,35526,17,17,9057,25.49400439,14.41203626,512002,0,512002,40601
cstone,d7fddfb4f8d8ada0eb1a65d1a450a66c8cbd794c,direct,octree_leafcount,flyby,8,730,730,0.8158720136,0.2323199958,1.049504042,1.119698,1,0,6,40785,35687,17,17,9261,25.95062628,14.34701712,512002,0,512002,40785
cstone,d7fddfb4f8d8ada0eb1a65d1a450a66c8cbd794c,direct,octree_leafcount,flyby,8,731,731,0.7343040109,0.1956479996,0.9312959909,0.983359,1,0,5,40737,35645,17,17,9147,25.66138308,14.36392201,512002,0,512002,40737
cstone,d7fddfb4f8d8ada0eb1a65d1a450a66c8cbd794c,direct,octree_leafcount,flyby,8,732,732,0.7291520238,0.2100799978,0.9405760169,0.991879,1,0,5,40825,35722,17,17,9111,25.50529086,14.33296008,512002,0,512002,40825
cstone,d7fddfb4f8d8ada0eb1a65d1a450a66c8cbd794c,direct,octree_leafcount,flyby,8,733,733,0.7986879945,0.2144960016,1.014528036,1.064325,1,0,6,40849,35743,17,17,9262,25.91276614,14.32453907,512002,0,512002,40849
cstone,d7fddfb4f8d8ada0eb1a65d1a450a66c8cbd794c,direct,octree_leafcount,flyby,8,734,734,0.7471359968,0.1996479928,0.948127985,1.005555,1,0,5,40809,35708,17,17,9248,25.89895822,14.33857959,512002,0,512002,40809
cstone,d7fddfb4f8d8ada0eb1a65d1a450a66c8cbd794c,direct,octree_leafcount,flyby,8,735,735,0.8092160225,0.2254720032,1.036000013,1.092891,1,0,6,40993,35869,17,17,9271,25.84683153,14.27422008,512002,0,512002,40993
cstone,d7fddfb4f8d8ada0eb1a65d1a450a66c8cbd794c,direct,octree_leafcount,flyby,8,736,736,0.7147840261,0.1914239973,0.9076160192,0.961499,1,0,5,40665,35582,17,17,9155,25.72930133,14.38935417,512002,0,512002,40665
cstone,d7fddfb4f8d8ada0eb1a65d1a450a66c8cbd794c,direct,octree_leafcount,flyby,8,737,737,0.733536005,0.2057600021,0.9406080246,0.994855,1,0,5,40625,35547,17,17,9167,25.78839283,14.4035221,512002,0,512002,40625
cstone,d7fddfb4f8d8ada0eb1a65d1a450a66c8cbd794c,direct,octree_leafcount,flyby,8,738,738,0.8181120157,0.2354560047,1.055008054,1.111268,1,0,6,41097,35960,17,17,9303,25.87041157,14.23809789,512002,0,512002,41097
cstone,d7fddfb4f8d8ada0eb1a65d1a450a66c8cbd794c,direct,octree_leafcount,flyby,8,739,739,0.6583999991,0.2151679993,0.8748800159,0.933596,1,0,4,40881,35771,17,17,9090,25.41164631,14.31332644,512002,0,512002,40881
cstone,d7fddfb4f8d8ada0eb1a65d1a450a66c8cbd794c,direct,octree_leafcount,flyby,8,740,740,0.7567999959,0.2180480063,0.9761919975,1.035231,1,0,5,40857,35750,17,17,9140,25.56643357,14.32173427,512002,0,512002,40857
cstone,d7fddfb4f8d8ada0eb1a65d1a450a66c8cbd794c,direct,octree_leafcount,flyby,8,741,741,0.8076159954,0.2363519967,1.045312047,1.102106,1,0,6,40937,35820,17,17,9306,25.9798995,14.29374651,512002,0,512002,40937
cstone,d7fddfb4f8d8ada0eb1a65d1a450a66c8cbd794c,direct,octree_leafcount,flyby,8,742,742,0.6618880033,0.2022079974,0.865440011,0.920785,1,0,4,40817,35715,17,17,9105,25.49349013,14.33576928,512002,0,512002,40817
cstone,d7fddfb4f8d8ada0eb1a65d1a450a66c8cbd794c,direct,octree_leafcount,flyby,8,743,743,0.7630720139,0.2438080013,1.008191943,1.065431,1,0,5,41145,36002,17,17,9311,25.86245209,14.2214877,512002,0,512002,41145
cstone,d7fddfb4f8d8ada0eb1a65d1a450a66c8cbd794c,direct,octree_leafcount,flyby,8,744,744,0.8015999794,0.2385919988,1.041504025,1.116742,1,0,6,41033,35904,17,17,9300,25.90240642,14.26030526,512002,0,512002,41033
cstone,d7fddfb4f8d8ada0eb1a65d1a450a66c8cbd794c,direct,octree_leafcount,flyby,8,745,745,0.6622080207,0.2125439942,0.8760960102,0.936147,1,0,4,40769,35673,17,17,9168,25.70010933,14.35264766,512002,0,512002,40769
cstone,d7fddfb4f8d8ada0eb1a65d1a450a66c8cbd794c,direct,octree_leafcount,flyby,8,746,746,0.7485439777,0.2266239971,0.9764800072,1.035406,1,0,5,40833,35729,17,17,9345,26.15522405,14.33015198,512002,0,512002,40833
cstone,d7fddfb4f8d8ada0eb1a65d1a450a66c8cbd794c,direct,octree_leafcount,flyby,8,747,747,0.7898880243,0.2284159958,1.019616008,1.073796,1,0,6,40857,35750,17,17,9227,25.80979021,14.32173427,512002,0,512002,40857
cstone,d7fddfb4f8d8ada0eb1a65d1a450a66c8cbd794c,direct,octree_leafcount,flyby,8,748,748,0.6663680077,0.2037120014,0.8714240193,0.927141,1,0,4,40857,35750,17,17,9080,25.3986014,14.32173427,512002,0,512002,40857
cstone,d7fddfb4f8d8ada0eb1a65d1a450a66c8cbd794c,direct,octree_leafcount,flyby,8,749,749,0.7396479845,0.1852799952,0.926240027,0.977247,1,0,5,40833,35729,17,17,9304,26.04047133,14.33015198,512002,0,512002,40833
cstone,d7fddfb4f8d8ada0eb1a65d1a450a66c8cbd794c,direct,octree_leafcount,flyby,8,750,750,0.8228800297,0.2037120014,1.027935982,1.082056,1,0,6,40665,35582,17,17,9192,25.83328649,14.38935417,512002,0,512002,40665
cstone,d7fddfb4f8d8ada0eb1a65d1a450a66c8cbd794c,direct,octree_leafcount,flyby,8,751,751,0.7464320064,0.2375040054,0.9852799773,1.043501,1,0,5,41041,35911,17,17,9251,25.76090891,14.25752555,512002,0,512002,41041
cstone,d7fddfb4f8d8ada0eb1a65d1a450a66c8cbd794c,direct,octree_leafcount,flyby,8,752,752,0.6614400148,0.2175679952,0.8803200126,0.938845,1,0,4,40889,35778,17,17,9174,25.64145564,14.31052602,512002,0,512002,40889
cstone,d7fddfb4f8d8ada0eb1a65d1a450a66c8cbd794c,direct,octree_leafcount,flyby,8,753,753,0.8037760258,0.2002879977,1.005408049,1.061998,1,0,6,40649,35568,17,17,9176,25.79847054,14.39501799,512002,0,512002,40649
cstone,d7fddfb4f8d8ada0eb1a65d1a450a66c8cbd794c,direct,octree_leafcount,flyby,8,754,754,0.7479360104,0.2344319969,0.9837120175,1.041362,1,0,5,40673,35589,17,17,9350,26.27216275,14.38652393,512002,0,512002,40673
cstone,d7fddfb4f8d8ada0eb1a65d1a450a66c8cbd794c,direct,octree_leafcount,flyby,8,755,755,0.6398079991,0.2098560035,0.851007998,0.901395,1,0,4,40937,35820,17,17,9259,25.84868788,14.29374651,512002,0,512002,40937
cstone,d7fddfb4f8d8ada0eb1a65d1a450a66c8cbd794c,direct,octree_leafcount,flyby,8,756,756,0.796127975,0.2144960016,1.011968017,1.062286,1,0,6,41153,36009,17,17,9228,25.6269266,14.2187231,512002,0,512002,41153
cstone,d7fddfb4f8d8ada0eb1a65d1a450a66c8cbd794c,direct,octree_leafcount,flyby,8,757,757,0.7459200025,0.2018560022,0.9491199851,1.001985,1,0,5,40793,35694,17,17,9342,26.17246596,14.34420351,512002,0,512002,40793
cstone,d7fddfb4f8d8ada0eb1a65d1a450a66c8cbd794c,direct,octree_leafcount,flyby,8,758,758,0.6501759887,0.2144960016,0.8659840226,0.923591,1,0,4,40481,35421,17,17,9145,25.81801756,14.45475848,512002,0,512002,40481
cstone,d7fddfb4f8d8ada0eb1a65d1a450a66c8cbd794c,direct,octree_leafcount,flyby,8,759,759,0.8199040294,0.2465600073,1.06783998,1.126871,1,0,6,40673,35589,17,17,9200,25.8506842,14.38652393,512002,0,512002,40673
cstone,d7fddfb4f8d8ada0eb1a65d1a450a66c8cbd794c,direct,octree_leafcount,flyby,8,760,760,0.7376319766,0.2175360024,0.9565119743,1.014646,1,0,5,40585,35512,17,17,9214,25.94615904,14.41771795,512002,0,512002,40585
cstone,d7fddfb4f8d8ada0eb1a65d1a450a66c8cbd794c,direct,octree_leafcount,flyby,8,761,761,0.6575040221,0.2191359997,0.8779839873,0.936283,1,0,4,40361,35316,17,17,8984,25.43889455,14.49773474,512002,0,512002,40361
cstone,d7fddfb4f8d8ada0eb1a65d1a450a66c8cbd794c,direct,octree_leafcount,flyby,8,762,762,0.812063992,0.2432319969,1.056607962,1.113805,1,0,6,40809,35708,17,17,9182,25.71412569,14.33857959,512002,0,512002,40809
cstone,d7fddfb4f8d8ada0eb1a65d1a450a66c8cbd794c,direct,octree_leafcount,flyby,8,763,763,0.7368320227,0.200639993,0.9387840033,0.991069,1,0,5,40785,35687,17,17,9170,25.69563146,14.34701712,512002,0,512002,40785
cstone,d7fddfb4f8d8ada0eb1a65d1a450a66c8cbd794c,direct,octree_leafcount,flyby,8,764,764,0.7139199972,0.2098560035,0.9250879884,0.980655,1,0,5,40441,35386,17,17,8894,25.13423388,14.46905556,512002,0,512002,40441
cstone,d7fddfb4f8d8ada0eb1a65d1a450a66c8cbd794c,direct,octree_leafcount,flyby,8,765,765,0.8196480274,0.2416000068,1.06259203,1.120334,1,0,6,40601,35526,17,17,9174,25.82334065,14.41203626,512002,0,512002,40601
cstone,d7fddfb4f8d8ada0eb1a65d1a450a66c8cbd794c,direct,octree_leafcount,flyby,8,766,766,0.7464320064,0.2534080148,1.001183987,1.062715,1,0,5,40745,35652,17,17,9120,25.58061259,14.36110176,512002,0,512002,40745
cstone,d7fddfb4f8d8ada0eb1a65d1a450a66c8cbd794c,direct,octree_leafcount,flyby,8,767,767,0.7353280187,0.2196480036,0.9563199878,1.013864,1,0,5,40513,35449,17,17,8990,25.36037688,14.44334114,512002,0,512002,40513
cstone,d7fddfb4f8d8ada0eb1a65d1a450a66c8cbd794c,direct,octree_leafcount,flyby,8,768,768,0.8114560246,0.2441280037,1.056928039,1.11593,1,0,6,40641,35561,17,17,9170,25.78667642,14.39785158,512002,0,512002,40641
cstone,d7fddfb4f8d8ada0eb1a65d1a450a66c8cbd794c,direct,octree_leafcount,flyby,8,769,769,0.739552021,0.2267200053,0.9678400159,1.02755,1,0,5,40505,35442,17,17,9067,25.58264206,14.44619378,512002,0,512002,40505
cstone,d7fddfb4f8d8ada0eb1a65d1a450a66c8cbd794c,direct,octree_leafcount,flyby,8,770,770,0.8242560029,0.2743679881,1.099967957,1.16996,1,0,6,40785,35687,17,17,8993,25.19965253,14.34701712,512002,0,512002,40785
cstone,d7fddfb4f8d8ada0eb1a65d1a450a66c8cbd794c,direct,octree_leafcount,flyby,8,771,771,0.7362239957,0.2245440036,0.9621120095,1.023744,1,0,5,40737,35645,17,17,9041,25.36400617,14.36392201,512002,0,512002,40737
cstone,d7fddfb4f8d8ada0eb1a65d1a450a66c8cbd794c,direct,octree_leafcount,flyby,8,772,772,0.7455360293,0.2197439969,0.9666240215,1.026023,1,0,5,40473,35414,17,17,8948,25.26684362,14.45761563,512002,0,512002,40473
cstone,d7fddfb4f8d8ada0eb1a65d1a450a66c8cbd794c,direct,octree_leafcount,flyby,8,773,773,0.8082559705,0.1950400025,1.004639983,1.056485,1,0,6,40425,35372,17,17,8856,25.03675223,14.47478231,512002,0,512002,40425
cstone,d7fddfb4f8d8ada0eb1a65d1a450a66c8cbd794c,direct,octree_leafcount,flyby,8,774,774,0.7320640087,0.2262399942,0.9596480131,1.011995,1,0,5,40833,35729,17,17,9002,25.19521957,14.33015198,512002,0,512002,40833
cstone,d7fddfb4f8d8ada0eb1a65d1a450a66c8cbd794c,direct,octree_leafcount,flyby,8,775,775,0.7416639924,0.2169920057,0.9599999785,1.017247,1,0,5,40713,35624,17,17,8940,25.09544128,14.3723894,512002,0,512002,40713
cstone,d7fddfb4f8d8ada0eb1a65d1a450a66c8cbd794c,direct,octree_leafcount,flyby,8,776,776,0.7993599772,0.2047359943,1.005439997,1.06289,1,0,6,40641,35561,17,17,9142,25.70793847,14.39785158,512002,0,512002,40641
cstone,d7fddfb4f8d8ada0eb1a65d1a450a66c8cbd794c,direct,octree_leafcount,flyby,8,777,777,0.6662080288,0.2042559981,0.8717759848,0.93075,1,0,4,40617,35540,17,17,8980,25.26730445,14.40635903,512002,0,512002,40617
cstone,d7fddfb4f8d8ada0eb1a65d1a450a66c8cbd794c,direct,octree_leafcount,flyby,8,778,778,0.7478399873,0.2247039974,0.9738559723,1.027587,1,0,5,40913,35799,17,17,9084,25.37501048,14.30213134,512002,0,512002,40913
cstone,d7fddfb4f8d8ada0eb1a65d1a450a66c8cbd794c,direct,octree_leafcount,flyby,8,779,779,0.8077440262,0.2052800059,1.014368057,1.070518,1,0,6,40761,35666,17,17,9105,25.52851455,14.35546459,512002,0,512002,40761
cstone,d7fddfb4f8d8ada0eb1a65d1a450a66c8cbd794c,direct,octree_leafcount,flyby,8,780,780,0.6394559741,0.193471998,0.834272027,0.88677,1,0,4,40633,35554,17,17,8980,25.25735501,14.40068628,512002,0,512002,40633
cstone,d7fddfb4f8d8ada0eb1a65d1a450a66c8cbd794c,direct,octree_leafcount,flyby,8,781,781,0.7280319929,0.2124480009,0.941824019,0.992693,1,0,5,40833,35729,17,17,9132,25.55906966,14.33015198,512002,0,512002,40833
cstone,d7fddfb4f8d8ada0eb1a65d1a450a66c8cbd794c,direct,octree_leafcount,flyby,8,782,782,0.8110719919,0.227264002,1.039808035,1.093995,1,0,6,41033,35904,17,17,9189,25.59324866,14.26030526,512002,0,512002,41033
cstone,d7fddfb4f8d8ada0eb1a65d1a450a66c8cbd794c,direct,octree_leafcount,flyby,8,783,783,0.6592959762,0.2102079988,0.870848,0.926084,1,0,4,40737,35645,17,17,9079,25.47061299,14.36392201,512002,0,512002,40737
cstone,d7fddfb4f8d8ada0eb1a65d1a450a66c8cbd794c,direct,octree_leafcount,flyby,8,784,784,0.7596160173,0.2371519953,0.9980800152,1.062166,1,0,5,40561,35491,17,17,9173,25.84598912,14.42624891,512002,0,512002,40561
cstone,d7fddfb4f8d8ada0eb1a65d1a450a66c8cbd794c,direct,octree_leafcount,flyby,8,785,785,0.8163520098,0.2567679882,1.074623942,1.136832,1,0,6,40633,35554,17,17,9113,25.63143388,14.40068628,512002,0,512002,40633
cstone,d7fddfb4f8d8ada0eb1a65d1a450a66c8cbd794c,direct,octree_leafcount,flyby,8,786,786,0.6622719765,0.2313919961,0.8950080276,0.952445,1,0,4,40681,35596,17,17,9010,25.31183279,14.3836948,512002,0,512002,40681
cstone,d7fddfb4f8d8ada0eb1a65d1a450a66c8cbd794c,direct,octree_leafcount,flyby,8,787,787,0.7393919826,0.236928001,0.9776960015,1.034016,1,0,5,40721,35631,17,17,9197,25.8117931,14.36956583,512002,0,512002,40721
cstone,d7fddfb4f8d8ada0eb1a65d1a450a66c8cbd794c,direct,octree_leafcount,flyby,8,788,788,0.8131200075,0.252256006,1.066720009,1.124882,1,0,6,41009,35883,17,17,9145,25.485606,14.26865089,512002,0,512002,41009
cstone,d7fddfb4f8d8ada0eb1a65d1a450a66c8cbd794c,direct,octree_leafcount,flyby,8,789,789,0.7395840287,0.2103040069,0.9512000084,1.00839,1,0,5,40825,35722,17,17,9071,25.39331504,14.33296008,512002,0,512002,40825
cstone,d7fddfb4f8d8ada0eb1a65d1a450a66c8cbd794c,direct,octree_leafcount,flyby,8,790,790,0.7196480036,0.2016640007,0.9226559997,0.978995,1,0,5,40545,35477,17,17,9181,25.87873834,14.43194182,512002,0,512002,40545
cstone,d7fddfb4f8d8ada0eb1a65d1a450a66c8cbd794c,direct,octree_leafcount,flyby,8,791,791,0.806656003,0.2023359984,1.010336041,1.064338,1,0,6,40449,35393,17,17,9154,25.86387139,14.46619388,512002,0,512002,40449
cstone,d7fddfb4f8d8ada0eb1a65d1a450a66c8cbd794c,direct,octree_leafcount,flyby,8,792,792,0.7474240065,0.2375040054,0.9862400293,1.042325,1,0,5,40753,35659,17,17,9131,25.60643877,14.35828262,512002,0,512002,40753
cstone,d7fddfb4f8d8ada0eb1a65d1a450a66c8cbd794c,direct,octree_leafcount,flyby,8,793,793,0.6562880278,0.2375040054,0.895103991,0.951579,1,0,4,40825,35722,17,17,9179,25.69564974,14.33296008,512002,0,512002,40825
cstone,d7fddfb4f8d8ada0eb1a65d1a450a66c8cbd794c,direct,octree_leafcount,flyby,8,794,794,0.7856960297,0.2101120055,0.9971519709,1.054636,1,0,6,40649,35568,17,17,9077,25.52013045,14.39501799,512002,0,512002,40649
cstone,d7fddfb4f8d8ada0eb1a65d1a450a66c8cbd794c,direct,octree_leafcount,flyby,8,795,795,0.7430719733,0.2370239943,0.981408,1.040529,1,0,5,40761,35666,17,17,9266,25.97992486,14.35546459,512002,0,512002,40761
cstone,d7fddfb4f8d8ada0eb1a65d1a450a66c8cbd794c,direct,octree_leafcount,flyby,8,796,796,0.6596480012,0.2313600034,0.892351985,0.946755,1,0,4,40865,35757,17,17,9044,25.29294963,14.31893056,512002,0,512002,40865
cstone,d7fddfb4f8d8ada0eb1a65d1a450a66c8cbd794c,direct,octree_leafcount,flyby,8,797,797,0.8280640244,0.2446399927,1.074399948,1.138559,1,0,6,40833,35729,17,17,9057,25.34915615,14.33015198,512002,0,512002,40833
cstone,d7fddfb4f8d8ada0eb1a65d1a450a66c8cbd794c,direct,octree_leafcount,flyby,8,798,798,0.7525759935,0.2692480087,1.023231983,1.088878,1,0,5,41049,35918,17,17,9219,25.66679659,14.25474692,512002,0,512002,41049
cstone,d7fddfb4f8d8ada0eb1a65d1a450a66c8cbd794c,direct,octree_leafcount,flyby,8,799,799,0.6495040059,0.213440001,0.8642560244,0.926609,1,0,4,40729,35638,17,17,8984,25.20904652,14.36674336,512002,0,512002,40729
cstone,d7fddfb4f8d8ada0eb1a65d1a450a66c8cbd794c,direct,octree_leafcount,flyby,8,800,800,0.805504024,0.2209279984,1.027744055,1.081021,1,0,6,41025,35897,17,17,9099,25.34752208,14.26308605,512002,0,512002,41025
cstone,d7fddfb4f8d8ada0eb1a65d1a450a66c8cbd794c,direct,octree_leafcount,flyby,8,801,801,0.7499520183,0.2077759951,0.9590719938,1.016506,1,0,5,40705,35617,17,17,9110,25.57767358,14.37521408,512002,0,512002,40705
cstone,d7fddfb4f8d8ada0eb1a65d1a450a66c8cbd794c,direct,octree_leafcount,flyby,8,802,802,0.6549760103,0.2098560035,0.8661760092,0.923817,1,0,4,40305,35267,17,17,8868,25.14531999,14.5178779,512002,0,512002,40305
cstone,d7fddfb4f8d8ada0eb1a65d1a450a66c8cbd794c,direct,octree_leafcount,flyby,8,803,803,0.8085439801,0.2414080054,1.051264048,1.108056,1,0,6,40585,35512,17,17,9012,25.37733724,14.41771795,512002,0,512002,40585
cstone,d7fddfb4f8d8ada0eb1a65d1a450a66c8cbd794c,direct,octree_leafcount,flyby,8,804,804,0.7418239713,0.245471999,0.9886400104,1.048003,1,0,5,40793,35694,17,17,9022,25.27595674,14.34420351,512002,0,512002,40793
cstone,d7fddfb4f8d8ada0eb1a65d1a450a66c8cbd794c,direct,octree_leafcount,flyby,8,805,805,0.7182400227,0.2129279971,0.9324799776,0.990993,1,0,5,40305,35267,17,17,8794,24.9354921,14.5178779,512002,0,512002,40305
cstone,d7fddfb4f8d8ada0eb1a65d1a450a66c8cbd794c,direct,octree_leafcount,flyby,8,806,806,0.8223040104,0.2364480048,1.060096025,1.116891,1,0,6,40441,35386,17,17,9010,25.46204714,14.46905556,512002,0,512002,40441
cstone,d7fddfb4f8d8ada0eb1a65d1a450a66c8cbd794c,direct,octree_leafcount,flyby,8,807,807,0.7429760098,0.2171840072,0.9615359902,1.019641,1,0,5,40297,35260,17,17,8917,25.28927964,14.52076007,512002,0,512002,40297
cstone,d7fddfb4f8d8ada0eb1a65d1a450a66c8cbd794c,direct,octree_leafcount,flyby,8,808,808,0.7544000149,0.2438080013,0.9995520115,1.056787,1,0,5,40553,35484,17,17,8873,25.00563634,14.4290948,512002,0,512002,40553
cstone,d7fddfb4f8d8ada0eb1a65d1a450a66c8cbd794c,direct,octree_leafcount,flyby,8,809,809,0.8164160252,0.1929920018,1.010751963,1.062148,1,0,6,40545,35477,17,17,9033,25.46156665,14.43194182,512002,0,512002,40545
cstone,d7fddfb4f8d8ada0eb1a65d1a450a66c8cbd794c,direct,octree_leafcount,flyby,8,810,810,0.741056025,0.1924799979,0.9348800182,0.987674,1,0,5,40409,35358,17,17,9034,25.55008767,14.4805136,512002,0,512002,40409
cstone,d7fddfb4f8d8ada0eb1a65d1a450a66c8cbd794c,direct,octree_leafcount,flyby,8,811,811,0.8153600097,0.233408004,1.050079942,1.104947,1,0,6,40873,35764,17,17,9117,25.49211498,14.31612795,512002,0,512002,40873
cstone,d7fddfb4f8d8ada0eb1a65d1a450a66c8cbd794c,direct,octree_leafcount,flyby,8,812,812,0.8037760258,0.2108799964,1.017184019,1.073382,1,0,6,40681,35596,17,17,9149,25.7023261,14.3836948,512002,0,512002,40681
cstone,d7fddfb4f8d8ada0eb1a65d1a450a66c8cbd794c,direct,octree_leafcount,flyby,8,813,813,0.7473279834,0.2087679952,0.957408011,1.015003,1,0,5,40537,35470,17,17,9041,25.48914576,14.43478996,512002,0,512002,40537
cstone,d7fddfb4f8d8ada0eb1a65d1a450a66c8cbd794c,direct,octree_leafcount,flyby,8,814,814,0.8134719729,0.2375040054,1.052320004,1.110216,1,0,6,40705,35617,17,17,9074,25.47659825,14.37521408,512002,0,512002,40705
cstone,d7fddfb4f8d8ada0eb1a65d1a450a66c8cbd794c,direct,octree_leafcount,flyby,8,815,815,0.7311679721,0.2101120055,0.9428480268,1.001543,1,0,5,40705,35617,17,17,9020,25.32498526,14.37521408,512002,0,512002,40705
cstone,d7fddfb4f8d8ada0eb1a65d1a450a66c8cbd794c,direct,octree_leafcount,flyby,8,816,816,0.7530879974,0.2059199959,0.9603520036,1.018527,1,0,5,40329,35288,17,17,8831,25.02550442,14.50923827,512002,0,512002,40329
cstone,d7fddfb4f8d8ada0eb1a65d1a450a66c8cbd794c,direct,octree_leafcount,flyby,8,817,817,0.8197119832,0.231904,1.052960038,1.10972,1,0,6,40641,35561,17,17,9050,25.44922809,14.39785158,512002,0,512002,40641
cstone,d7fddfb4f8d8ada0eb1a65d1a450a66c8cbd794c,direct,octree_leafcount,flyby,8,818,818,0.6554880142,0.2016640007,0.8594560027,0.913303,1,0,4,40561,35491,17,17,8886,25.03733341,14.42624891,512002,0,512002,40561
cstone,d7fddfb4f8d8ada0eb1a65d1a450a66c8cbd794c,direct,octree_leafcount,flyby,8,819,819,0.7474240065,0.2016640007,0.9504320025,1.005028,1,0,5,40457,35400,17,17,8857,25.01977401,14.46333333,512002,0,512002,40457
cstone,d7fddfb4f8d8ada0eb1a65d1a450a66c8cbd794c,direct,octree_leafcount,flyby,8,820,820,0.8168640137,0.2369599938,1.055168033,1.119356,1,0,6,40289,35253,17,17,9004,25.5410887,14.52364338,512002,0,512002,40289
cstone,d7fddfb4f8d8ada0eb1a65d1a450a66c8cbd794c,direct,octree_leafcount,flyby,8,821,821,0.6627839804,0.2437759936,0.9078720212,0.968793,1,0,4,40457,35400,17,17,8932,25.23163842,14.46333333,512002,0,512002,40457
cstone,d7fddfb4f8d8ada0eb1a65d1a450a66c8cbd794c,direct,octree_leafcount,flyby,8,822,822,0.7417600155,0.2341119945,0.9771839976,1.034421,1,0,5,40649,35568,17,17,8993,25.28396311,14.39501799,512002,0,512002,40649
cstone,d7fddfb4f8d8ada0eb1a65d1a450a66c8cbd794c,direct,octree_leafcount,flyby,8,823,823,0.7853760123,0.1920959949,0.9788159728,1.033328,1,0,6,40473,35414,17,17,9059,25.58027899,14.45761563,512002,0,512002,40473
cstone,d7fddfb4f8d8ada0eb1a65d1a450a66c8cbd794c,direct,octree_leafcount,flyby,8,824,824,0.6541759968,0.2057600021,0.8612480164,0.916341,1,0,4,40273,35239,17,17,8877,25.19083969,14.52941343,512002,0,512002,40273
cstone,d7fddfb4f8d8ada0eb1a65d1a450a66c8cbd794c,direct,octree_leafcount,flyby,8,825,825,0.7495679855,0.2467200011,0.9976320267,1.055789,1,0,5,40641,35561,17,17,9084,25.54483845,14.39785158,512002,0,512002,40641
cstone,d7fddfb4f8d8ada0eb1a65d1a450a66c8cbd794c,direct,octree_leafcount,flyby,8,826,826,0.8164160252,0.2088959962,1.026656032,1.0838,1,0,6,40609,35533,17,17,9098,25.60436777,14.40919708,512002,0,512002,40609
cstone,d7fddfb4f8d8ada0eb1a65d1a450a66c8cbd794c,direct,octree_leafcount,flyby,8,827,827,0.6429119706,0.200639993,0.8448960185,0.899237,1,0,4,40265,35232,17,17,8913,25.29802452,14.53230018,512002,0,512002,40265
cstone,d7fddfb4f8d8ada0eb1a65d1a450a66c8cbd794c,direct,octree_leafcount,flyby,8,828,828,0.7504640222,0.2303359956,0.9821119905,1.036289,1,0,5,40641,35561,17,17,9102,25.5954557,14.39785158,512002,0,512002,40641
cstone,d7fddfb4f8d8ada0eb1a65d1a450a66c8cbd794c,direct,octree_leafcount,flyby,8,829,829,0.7875199914,0.2120320052,1.000895977,1.051538,1,0,6,40705,35617,17,17,8993,25.24917876,14.37521408,512002,0,512002,40705
cstone,d7fddfb4f8d8ada0eb1a65d1a450a66c8cbd794c,direct,octree_leafcount,flyby,8,830,830,0.6546880007,0.1944960058,0.8504959941,0.904734,1,0,4,40289,35253,17,17,8842,25.08155334,14.52364338,512002,0,512002,40289
cstone,d7fddfb4f8d8ada0eb1a65d1a450a66c8cbd794c,direct,octree_leafcount,flyby,8,831,831,0.7451840043,0.2249599993,0.9714559913,1.025033,1,0,5,40545,35477,17,17,9155,25.80545142,14.43194182,512002,0,512002,40545
cstone,d7fddfb4f8d8ada0eb1a65d1a450a66c8cbd794c,direct,octree_leafcount,flyby,8,832,832,0.7930560112,0.2333759964,1.027744055,1.083586,1,0,6,40601,35526,17,17,8974,25.26037268,14.41203626,512002,0,512002,40601
cstone,d7fddfb4f8d8ada0eb1a65d1a450a66c8cbd794c,direct,octree_leafcount,flyby,8,833,833,0.6553599834,0.2200639993,0.876767993,0.929275,1,0,4,40641,35561,17,17,8969,25.22145047,14.39785158,512002,0,512002,40641
cstone,d7fddfb4f8d8ada0eb1a65d1a450a66c8cbd794c,direct,octree_leafcount,flyby,8,834,834,0.7483519912,0.2107200027,0.960416019,1.019379,1,0,5,40529,35463,17,17,9026,25.45187942,14.43763923,512002,0,512002,40529
cstone,d7fddfb4f8d8ada0eb1a65d1a450a66c8cbd794c,direct,octree_leafcount,flyby,8,835,835,0.7945600152,0.2313600034,1.027359962,1.083861,1,0,6,40569,35498,17,17,9068,25.54510113,14.42340414,512002,0,512002,40569
cstone,d7fddfb4f8d8ada0eb1a65d1a450a66c8cbd794c,direct,octree_leafcount,flyby,8,836,836,0.7504640222,0.247743994,0.9995200038,1.059088,1,0,5,40801,35701,17,17,9022,25.27100081,14.341391,512002,0,512002,40801
cstone,d7fddfb4f8d8ada0eb1a65d1a450a66c8cbd794c,direct,octree_leafcount,flyby,8,837,837,0.6635199785,0.2132800072,0.8781440258,0.934852,1,0,4,40505,35442,17,17,9007,25.41335139,14.44619378,512002,0,512002,40505
cstone,d7fddfb4f8d8ada0eb1a65d1a450a66c8cbd794c,direct,octree_leafcount,flyby,8,838,838,0.8141440153,0.2155199945,1.031008005,1.090174,1,0,6,40505,35442,17,17,8947,25.24406072,14.44619378,512002,0,512002,40505
cstone,d7fddfb4f8d8ada0eb1a65d1a450a66c8cbd794c,direct,octree_leafcount,flyby,8,839,839,0.751232028,0.2416000068,0.9941440225,1.052777,1,0,5,40865,35757,17,17,9134,25.5446486,14.31893056,512002,0,512002,40865
cstone,d7fddfb4f8d8ada0eb1a65d1a450a66c8cbd794c,direct,octree_leafcount,flyby,8,840,840,0.6562880278,0.2085119933,0.8661119938,0.921855,1,0,4,40729,35638,17,17,9123,25.59907963,14.36674336,512002,0,512002,40729
cstone,d7fddfb4f8d8ada0eb1a65d1a450a66c8cbd794c,direct,octree_leafcount,flyby,8,841,841,0.7867839932,0.1863359958,0.9744639993,1.025432,1,0,6,40665,35582,17,17,9018,25.3442752,14.38935417,512002,0,512002,40665
cstone,d7fddfb4f8d8ada0eb1a65d1a450a66c8cbd794c,direct,octree_leafcount,flyby,8,842,842,0.7396159768,0.2209279984,0.9618880153,1.016708,1,0,5,40689,35603,17,17,9060,25.44729377,14.38086678,512002,0,512002,40689
cstone,d7fddfb4f8d8ada0eb1a65d1a450a66c8cbd794c,direct,octree_leafcount,flyby,8,843,843,0.6681280136,0.2016640007,0.8711360097,0.924606,1,0,4,40649,35568,17,17,9005,25.3177013,14.39501799,512002,0,512002,40649
cstone,d7fddfb4f8d8ada0eb1a65d1a450a66c8cbd794c,direct,octree_leafcount,flyby,8,844,844,0.8219519854,0.2034880072,1.026783943,1.081749,1,0,6,40393,35344,17,17,8873,25.10468538,14.48624943,512002,0,512002,40393
cstone,d7fddfb4f8d8ada0eb1a65d1a450a66c8cbd794c,direct,octree_leafcount,flyby,8,845,845,0.7423679829,0.2344319969,0.9781119823,1.033861,1,0,5,40609,35533,17,17,9053,25.47772493,14.40919708,512002,0,512002,40609
cstone,d7fddfb4f8d8ada0eb1a65d1a450a66c8cbd794c,direct,octree_leafcount,flyby,8,846,846,0.6442880034,0.1888960004,0.8344960213,0.890533,1,0,4,40417,35365,17,17,8880,25.10957161,14.47764739,512002,0,512002,40417
cstone,d7fddfb4f8d8ada0eb1a65d1a450a66c8cbd794c,direct,octree_leafcount,flyby,8,847,847,0.8147519827,0.242719993,1.058784008,1.117349,1,0,6,40769,35673,17,17,9007,25.2487876,14.35264766,512002,0,512002,40769
cstone,d7fddfb4f8d8ada0eb1a65d1a450a66c8cbd794c,direct,octree_leafcount,flyby,8,848,848,0.7426880002,0.2111680061,0.9551680088,1.010793,1,0,5,40497,35435,17,17,9033,25.49174545,14.44904755,512002,0,512002,40497
cstone,d7fddfb4f8d8ada0eb1a65d1a450a66c8cbd794c,direct,octree_leafcount,flyby,8,849,849,0.6512320042,0.2032320052,0.8558080196,0.909697,1,0,4,40297,35260,17,17,8802,24.96313103,14.52076007,512002,0,512002,40297
cstone,d7fddfb4f8d8ada0eb1a65d1a450a66c8cbd794c,direct,octree_leafcount,flyby,8,850,850,0.8118079901,0.2239679992,1.037088037,1.092456,1,0,6,40529,35463,17,17,8902,25.10221921,14.43763923,512002,0,512002,40529
cstone,d7fddfb4f8d8ada0eb1a65d1a450a66c8cbd794c,direct,octree_leafcount,flyby,8,851,851,0.727872014,0.2149759978,0.9441599846,0.994805,1,0,5,40609,35533,17,17,8982,25.27791067,14.40919708,512002,0,512002,40609
cstone,d7fddfb4f8d8ada0eb1a65d1a450a66c8cbd794c,direct,octree_leafcount,flyby,8,852,852,0.6398400068,0.1868160069,0.8280000091,0.878253,1,0,4,40329,35288,17,17,8851,25.08218091,14.50923827,512002,0,512002,40329
cstone,d7fddfb4f8d8ada0eb1a65d1a450a66c8cbd794c,direct,octree_leafcount,flyby,8,853,853,0.823135972,0.273375988,1.097856045,1.161274,1,0,6,40601,35526,17,17,8984,25.28852108,14.41203626,512002,0,512002,40601
cstone,d7fddfb4f8d8ada0eb1a65d1a450a66c8cbd794c,direct,octree_leafcount,flyby,8,854,854,0.7463359833,0.2493440062,0.996991992,1.057356,1,0,5,40953,35834,17,17,9095,25.38092315,14.28816208,512002,0,512002,40953
cstone,d7fddfb4f8d8ada0eb1a65d1a450a66c8cbd794c,direct,octree_leafcount,flyby,8,855,855,0.6528639793,0.2164479941,0.8706560135,0.928664,1,0,4,40497,35435,17,17,8995,25.38450684,14.44904755,512002,0,512002,40497
cstone,d7fddfb4f8d8ada0eb1a65d1a450a66c8cbd794c,direct,octree_leafcount,flyby,8,856,856,0.8090239763,0.2520320117,1.062368035,1.122452,1,0,6,40705,35617,17,17,9073,25.47379061,14.37521408,512002,0,512002,40705
cstone,d7fddfb4f8d8ada0eb1a65d1a450a66c8cbd794c,direct,octree_leafcount,flyby,8,857,857,0.7489600182,0.2354560047,0.9857599735,1.042598,1,0,5,40905,35792,17,17,9108,25.44702727,14.30492848,512002,0,512002,40905
cstone,d7fddfb4f8d8ada0eb1a65d1a450a66c8cbd794c,direct,octree_leafcount,flyby,8,858,858,0.736544013,0.1970880032,0.9349759817,0.988319,1,0,5,40753,35659,17,17,8885,24.91657085,14.35828262,512002,0,512002,40753
cstone,d7fddfb4f8d8ada0eb1a65d1a450a66c8cbd794c,direct,octree_leafcount,flyby,8,859,859,0.7989760041,0.2262080014,1.026528001,1.078907,1,0,6,40777,35680,17,17,9094,25.48766816,14.34983184,512002,0,512002,40777
cstone,d7fddfb4f8d8ada0eb1a65d1a450a66c8cbd794c,direct,octree_leafcount,flyby,8,860,860,0.7273280025,0.1985920072,0.9272639751,0.979989,1,0,5,40745,35652,17,17,9089,25.49366094,14.36110176,512002,0,512002,40745
cstone,d7fddfb4f8d8ada0eb1a65d1a450a66c8cbd794c,direct,octree_leafcount,flyby,8,861,861,0.7457600236,0.2293120027,0.9764159918,1.031388,1,0,5,40961,35841,17,17,9087,25.35364527,14.2853715,512002,0,512002,40961
cstone,d7fddfb4f8d8ada0eb1a65d1a450a66c8cbd794c,direct,octree_leafcount,flyby,8,862,862,0.802752018,0.1970880032,1.001152039,1.055667,1,0,6,40537,35470,17,17,9109,25.68085706,14.43478996,512002,0,512002,40537
cstone,d7fddfb4f8d8ada0eb1a65d1a450a66c8cbd794c,direct,octree_leafcount,flyby,8,863,863,0.7377920151,0.2078080028,0.9469439983,1.001587,1,0,5,40537,35470,17,17,9074,25.58218213,14.43478996,512002,0,512002,40537
cstone,d7fddfb4f8d8ada0eb1a65d1a450a66c8cbd794c,direct,octree_leafcount,flyby,8,864,864,0.814176023,0.2312639952,1.046751976,1.101885,1,0,6,40977,35855,17,17,9088,25.34653465,14.27979361,512002,0,512002,40977
cstone,d7fddfb4f8d8ada0eb1a65d1a450a66c8cbd794c,direct,octree_leafcount,flyby,8,865,865,0.7362880111,0.2047040015,0.9423040152,0.996589,1,0,5,40745,35652,17,17,9051,25.38707506,14.36110176,512002,0,512002,40745
cstone,d7fddfb4f8d8ada0eb1a65d1a450a66c8cbd794c,direct,octree_leafcount,flyby,8,866,866,0.7332479954,0.2161920071,0.9507520199,1.01001,1,0,5,40361,35316,17,17,8948,25.33695775,14.49773474,512002,0,512002,40361
cstone,d7fddfb4f8d8ada0eb1a65d1a450a66c8cbd794c,direct,octree_leafcount,flyby,8,867,867,0.8146240115,0.2303359956,1.046303988,1.101391,1,0,6,40665,35582,17,17,9026,25.36675847,14.38935417,512002,0,512002,40665
cstone,d7fddfb4f8d8ada0eb1a65d1a450a66c8cbd794c,direct,octree_leafcount,flyby,8,868,868,0.7273920178,0.1955199987,0.9243519902,0.97918,1,0,5,40641,35561,17,17,8973,25.23269874,14.39785158,512002,0,512002,40641
cstone,d7fddfb4f8d8ada0eb1a65d1a450a66c8cbd794c,direct,octree_leafcount,flyby,8,869,869,0.7232959867,0.1832319945,0.9078720212,0.957242,1,0,5,40481,35421,17,17,8862,25.01905649,14.45475848,512002,0,512002,40481
cstone,d7fddfb4f8d8ada0eb1a65d1a450a66c8cbd794c,direct,octree_leafcount,flyby,8,870,870,0.8091520071,0.2462079972,1.056671977,1.116338,1,0,6,40641,35561,17,17,8962,25.20176598,14.39785158,512002,0,512002,40641
cstone,d7fddfb4f8d8ada0eb1a65d1a450a66c8cbd794c,direct,octree_leafcount,flyby,8,871,871,0.6532480121,0.2058240026,0.8603839874,0.917486,1,0,4,40545,35477,17,17,8919,25.1402317,14.43194182,512002,0,512002,40545
cstone,d7fddfb4f8d8ada0eb1a65d1a450a66c8cbd794c,direct,octree_leafcount,flyby,8,872,872,0.7344959974,0.2016319931,0.9375039935,0.994119,1,0,5,40521,35456,17,17,8895,25.08743231,14.44048962,512002,0,512002,40521
cstone,d7fddfb4f8d8ada0eb1a65d1a450a66c8cbd794c,direct,octree_leafcount,flyby,8,873,873,0.8074560165,0.227264002,1.036064029,1.092353,1,0,6,40545,35477,17,17,8993,25.34881754,14.43194182,512002,0,512002,40545
cstone,d7fddfb4f8d8ada0eb1a65d1a450a66c8cbd794c,direct,octree_leafcount,flyby,8,874,874,0.6646400094,0.2130559981,0.8790400028,0.936689,1,0,4,40409,35358,17,17,8785,24.84586232,14.4805136,512002,0,512002,40409
cstone,d7fddfb4f8d8ada0eb1a65d1a450a66c8cbd794c,direct,octree_leafcount,flyby,8,875,875,0.747615993,0.2393919975,0.9885439873,1.047216,1,0,5,40569,35498,17,17,8796,24.77886078,14.42340414,512002,0,512002,40569
cstone,d7fddfb4f8d8ada0eb1a65d1a450a66c8cbd794c,direct,octree_leafcount,flyby,8,876,876,0.806047976,0.227264002,1.034656048,1.090726,1,0,6,40633,35554,17,17,8891,25.00703156,14.40068628,512002,0,512002,40633
cstone,d7fddfb4f8d8ada0eb1a65d1a450a66c8cbd794c,direct,octree_leafcount,flyby,8,877,877,0.6566079855,0.2026879936,0.8606079817,0.918705,1,0,4,40593,35519,17,17,8859,24.94158056,14.41487654,512002,0,512002,40593
cstone,d7fddfb4f8d8ada0eb1a65d1a450a66c8cbd794c,direct,octree_leafcount,flyby,8,878,878,0.7357119918,0.2314559966,0.9685119987,1.021989,1,0,5,40793,35694,17,17,8907,24.95377374,14.34420351,512002,0,512002,40793
cstone,d7fddfb4f8d8ada0eb1a65d1a450a66c8cbd794c,direct,octree_leafcount,flyby,8,879,879,0.7968000174,0.2047359943,1.002975941,1.060555,1,0,6,40769,35673,17,17,8991,25.20393575,14.35264766,512002,0,512002,40769
cstone,d7fddfb4f8d8ada0eb1a65d1a450a66c8cbd794c,direct,octree_leafcount,flyby,8,880,880,0.6547840238,0.2205439955,0.8766400218,0.93407,1,0,4,40297,35260,17,17,8815,25,14.52076007,512002,0,512002,40297
cstone,d7fddfb4f8d8ada0eb1a65d1a450a66c8cbd794c,direct,octree_leafcount,flyby,8,881,881,0.7384639978,0.239071995,0.9789119959,1.035867,1,0,5,40609,35533,17,17,8941,25.16252498,14.40919708,512002,0,512002,40609
cstone,d7fddfb4f8d8ada0eb1a65d1a450a66c8cbd794c,direct,octree_leafcount,flyby,8,882,882,0.7822719812,0.2207680047,1.004384041,1.059211,1,0,6,40641,35561,17,17,8938,25.13427631,14.39785158,512002,0,512002,40641
cstone,d7fddfb4f8d8ada0eb1a65d1a450a66c8cbd794c,direct,octree_leafcount,flyby,8,883,883,0.6489279866,0.2026879936,0.8529279828,0.90838,1,0,4,40161,35141,17,17,8732,24.8484676,14.56993256,512002,0,512002,40161
cstone,d7fddfb4f8d8ada0eb1a65d1a450a66c8cbd794c,direct,octree_leafcount,flyby,8,884,884,0.7472000122,0.2345280051,0.9830719829,1.039768,1,0,5,40505,35442,17,17,8923,25.17634445,14.44619378,512002,0,512002,40505
cstone,d7fddfb4f8d8ada0eb1a65d1a450a66c8cbd794c,direct,octree_leafcount,flyby,8,885,885,0.8038399816,0.2456640005,1.050816059,1.108558,1,0,6,40793,35694,17,17,8927,25.00980557,14.34420351,512002,0,512002,40793
cstone,d7fddfb4f8d8ada0eb1a65d1a450a66c8cbd794c,direct,octree_leafcount,flyby,8,886,886,0.6526399851,0.198239997,0.8522239923,0.906365,1,0,4,40281,35246,17,17,8720,24.74039607,14.52652783,512002,0,512002,40281
cstone,d7fddfb4f8d8ada0eb1a65d1a450a66c8cbd794c,direct,octree_leafcount,flyby,8,887,887,0.741855979,0.233408004,0.9765759706,1.031574,1,0,5,40361,35316,17,17,9020,25.54083135,14.49773474,512002,0,512002,40361
cstone,d7fddfb4f8d8ada0eb1a65d1a450a66c8cbd794c,direct,octree_leafcount,flyby,8,888,888,0.7914559841,0.2221760005,1.014943957,1.066891,1,0,6,40449,35393,17,17,8863,25.04167491,14.46619388,512002,0,512002,40449
cstone,d7fddfb4f8d8ada0eb1a65d1a450a66c8cbd794c,direct,octree_leafcount,flyby,8,889,889,0.6449279785,0.1970880032,0.8433600068,0.895858,1,0,4,40281,35246,17,17,8684,24.63825682,14.52652783,512002,0,512002,40281
cstone,d7fddfb4f8d8ada0eb1a65d1a450a66c8cbd794c,direct,octree_leafcount,flyby,8,890,890,0.7368320227,0.206272006,0.9444479942,0.999808,1,0,5,40265,35232,17,17,9000,25.54495913,14.53230018,512002,0,512002,40265
cstone,d7fddfb4f8d8ada0eb1a65d1a450a66c8cbd794c,direct,octree_leafcount,flyby,8,891,891,0.8211519718,0.2282879949,1.050752044,1.104081,1,0,6,40833,35729,17,17,9007,25.2092138,14.33015198,512002,0,512002,40833
cstone,d7fddfb4f8d8ada0eb1a65d1a450a66c8cbd794c,direct,octree_leafcount,flyby,8,892,892,0.6612799764,0.201504007,0.8641279936,0.91894,1,0,4,40833,35729,17,17,8975,25.1196507,14.33015198,512002,0,512002,40833
cstone,d7fddfb4f8d8ada0eb1a65d1a450a66c8cbd794c,direct,octree_leafcount,flyby,8,893,893,0.7397119999,0.2088000029,0.9498559833,1.007439,1,0,5,40561,35491,17,17,9064,25.53886901,14.42624891,512002,0,512002,40561
cstone,d7fddfb4f8d8ada0eb1a65d1a450a66c8cbd794c,direct,octree_leafcount,flyby,8,894,894,0.8022720218,0.2372480035,1.040863991,1.099298,1,0,6,40593,35519,17,17,8993,25.31884344,14.41487654,512002,0,512002,40593
cstone,d7fddfb4f8d8ada0eb1a65d1a450a66c8cbd794c,direct,octree_leafcount,flyby,8,895,895,0.732640028,0.2375040054,0.971487999,1.027341,1,0,5,40649,35568,17,17,8919,25.07591093,14.39501799,512002,0,512002,40649
cstone,d7fddfb4f8d8ada0eb1a65d1a450a66c8cbd794c,direct,octree_leafcount,flyby,8,896,896,0.6629760265,0.1996479928,0.863936007,0.919562,1,0,4,40297,35260,17,17,8871,25.15882019,14.52076007,512002,0,512002,40297
cstone,d7fddfb4f8d8ada0eb1a65d1a450a66c8cbd794c,direct,octree_leafcount,flyby,8,897,897,0.7961599827,0.2160000056,1.013504028,1.064124,1,0,6,40369,35323,17,17,8849,25.05166605,14.4948617,512002,0,512002,40369
cstone,d7fddfb4f8d8ada0eb1a65d1a450a66c8cbd794c,direct,octree_leafcount,flyby,8,898,898,0.7459840178,0.2452480048,0.9925760031,1.050578,1,0,5,40393,35344,17,17,8864,25.07922137,14.48624943,512002,0,512002,40393
cstone,d7fddfb4f8d8ada0eb1a65d1a450a66c8cbd794c,direct,octree_leafcount,flyby,8,899,899,0.6534079909,0.2093760073,0.8640959859,0.920428,1,0,4,40369,35323,17,17,8913,25.23285112,14.4948617,512002,0,512002,40369
cstone,d7fddfb4f8d8ada0eb1a65d1a450a66c8cbd794c,direct,octree_leafcount,flyby,8,900,900,0.8026239872,0.1965440065,1.000512004,1.055026,1,0,6,40121,35106,17,17,8854,25.22075998,14.5844585,512002,0,512002,40121
cstone,d7fddfb4f8d8ada0eb1a65d1a450a66c8cbd794c,direct,octree_leafcount,flyby,8,901,901,0.7453439832,0.2375040054,0.9841920137,1.040325,1,0,5,40385,35337,17,17,8956,25.34453972,14.48911905,512002,0,512002,40385
cstone,d7fddfb4f8d8ada0eb1a65d1a450a66c8cbd794c,direct,octree_leafcount,flyby,8,902,902,0.7216640115,0.2299840003,0.9531199932,1.009753,1,0,5,40641,35561,17,17,8944,25.15114873,14.39785158,512002,0,512002,40641
cstone,d7fddfb4f8d8ada0eb1a65d1a450a66c8cbd794c,direct,octree_leafcount,flyby,8,903,903,0.8104959726,0.2066240013,1.018463969,1.073006,1,0,6,40409,35358,17,17,8764,24.78646982,14.4805136,512002,0,512002,40409
cstone,d7fddfb4f8d8ada0eb1a65d1a450a66c8cbd794c,direct,octree_leafcount,flyby,8,904,904,0.739199996,0.2444799989,0.9849920273,1.043976,1,0,5,40585,35512,17,17,8940,25.17458887,14.41771795,512002,0,512002,40585
cstone,d7fddfb4f8d8ada0eb1a65d1a450a66c8cbd794c,direct,octree_leafcount,flyby,8,905,905,0.6592000127,0.2375040054,0.8980479836,0.952279,1,0,4,40649,35568,17,17,8827,24.81725146,14.39501799,512002,0,512002,40649
cstone,d7fddfb4f8d8ada0eb1a65d1a450a66c8cbd794c,direct,octree_leafcount,flyby,8,906,906,0.8019840121,0.2011840045,1.004480004,1.06099,1,0,6,40601,35526,17,17,8769,24.68333052,14.41203626,512002,0,512002,40601
cstone,d7fddfb4f8d8ada0eb1a65d1a450a66c8cbd794c,direct,octree_leafcount,flyby,8,907,907,0.7358719707,0.2299199998,0.9671360254,1.023293,1,0,5,40737,35645,17,17,9036,25.34997896,14.36392201,512002,0,512002,40737
cstone,d7fddfb4f8d8ada0eb1a65d1a450a66c8cbd794c,direct,octree_leafcount,flyby,8,908,908,0.649344027,0.206400007,0.8570560217,0.913713,1,0,4,40457,35400,17,17,8860,25.02824859,14.46333333,512002,0,512002,40457
cstone,d7fddfb4f8d8ada0eb1a65d1a450a66c8cbd794c,direct,octree_leafcount,flyby,8,909,909,0.8088639975,0.2060160041,1.016224027,1.07319,1,0,6,40313,35274,17,17,8807,24.96739808,14.51499688,512002,0,512002,40313
cstone,d7fddfb4f8d8ada0eb1a65d1a450a66c8cbd794c,direct,octree_leafcount,flyby,8,910,910,0.7471039891,0.2293760031,0.9778239727,1.034086,1,0,5,40481,35421,17,17,8982,25.35783857,14.45475848,512002,0,512002,40481
cstone,d7fddfb4f8d8ada0eb1a65d1a450a66c8cbd794c,direct,octree_leafcount,flyby,8,911,911,0.6641280055,0.2134719938,0.878911972,0.935953,1,0,4,40305,35267,17,17,8830,25.03757053,14.5178779,512002,0,512002,40305
cstone,d7fddfb4f8d8ada0eb1a65d1a450a66c8cbd794c,direct,octree_leafcount,flyby,8,912,912,0.816576004,0.2312320024,1.049152017,1.104328,1,0,6,40521,35456,17,17,8890,25.07333032,14.44048962,512002,0,512002,40521
cstone,d7fddfb4f8d8ada0eb1a65d1a450a66c8cbd794c,direct,octree_leafcount,flyby,8,913,913,0.7918400168,0.2395839989,1.032768011,1.097596,1,0,5,40465,35407,17,17,8968,25.32832491,14.46047392,512002,0,512002,40465
cstone,d7fddfb4f8d8ada0eb1a65d1a450a66c8cbd794c,direct,octree_leafcount,flyby,8,914,914,0.666336,0.2321279943,0.8997759819,0.962217,1,0,4,40369,35323,17,17,8860,25.08280724,14.4948617,512002,0,512002,40369
cstone,d7fddfb4f8d8ada0eb1a65d1a450a66c8cbd794c,direct,octree_leafcount,flyby,8,915,915,0.8139520288,0.2395520061,1.054847956,1.112259,1,0,6,40617,35540,17,17,9018,25.37422622,14.40635903,512002,0,512002,40617
cstone,d7fddfb4f8d8ada0eb1a65d1a450a66c8cbd794c,direct,octree_leafcount,flyby,8,916,916,0.7478079796,0.2119040042,0.9610239863,1.02473,1,0,5,40481,35421,17,17,8966,25.31266763,14.45475848,512002,0,512002,40481
cstone,d7fddfb4f8d8ada0eb1a65d1a450a66c8cbd794c,direct,octree_leafcount,flyby,8,917,917,0.6552960277,0.2058240026,0.8624640107,0.919738,1,0,4,40225,35197,17,17,8783,24.95383129,14.54675114,512002,0,512002,40225
cstone,d7fddfb4f8d8ada0eb1a65d1a450a66c8cbd794c,direct,octree_leafcount,flyby,8,918,918,0.8152319789,0.250880003,1.067456007,1.130463,1,0,6,40553,35484,17,17,8933,25.17472664,14.4290948,512002,0,512002,40553
cstone,d7fddfb4f8d8ada0eb1a65d1a450a66c8cbd794c,direct,octree_leafcount,flyby,8,919,919,0.7291520238,0.2028480023,0.9333119988,0.987964,1,0,5,40529,35463,17,17,8923,25.16143586,14.43763923,512002,0,512002,40529
cstone,d7fddfb4f8d8ada0eb1a65d1a450a66c8cbd794c,direct,octree_leafcount,flyby,8,920,920,0.6533439755,0.2108799964,0.8655679822,0.92228,1,0,4,40177,35155,17,17,8780,24.97511023,14.56413028,512002,0,512002,40177
cstone,d7fddfb4f8d8ada0eb1a65d1a450a66c8cbd794c,direct,octree_leafcount,flyby,8,921,921,0.8140479922,0.2325119972,1.047871947,1.102905,1,0,6,40401,35351,17,17,8849,25.03182371,14.48338095,512002,0,512002,40401
cstone,d7fddfb4f8d8ada0eb1a65d1a450a66c8cbd794c,direct,octree_leafcount,flyby,8,922,922,0.7453439832,0.2337280065,0.9804159999,1.035815,1,0,5,40897,35785,17,17,9058,25.31228168,14.3077267,512002,0,512002,40897
cstone,d7fddfb4f8d8ada0eb1a65d1a450a66c8cbd794c,direct,octree_leafcount,flyby,8,923,923,0.7326080203,0.206783995,0.9407359958,0.996785,1,0,5,40337,35295,17,17,8799,24.92987675,14.50636067,512002,0,512002,40337
cstone,d7fddfb4f8d8ada0eb1a65d1a450a66c8cbd794c,direct,octree_leafcount,flyby,8,924,924,0.8020160198,0.1984000057,1.002048016,1.057222,1,0,6,40313,35274,17,17,8964,25.41248512,14.51499688,512002,0,512002,40313
cstone,d7fddfb4f8d8ada0eb1a65d1a450a66c8cbd794c,direct,octree_leafcount,flyby,8,925,925,0.7398719788,0.2231680006,0.9643520117,1.018394,1,0,5,40553,35484,17,17,8960,25.25081727,14.4290948,512002,0,512002,40553
cstone,d7fddfb4f8d8ada0eb1a65d1a450a66c8cbd794c,direct,octree_leafcount,flyby,8,926,926,0.7322239876,0.1899199933,0.9234880209,0.976678,1,0,5,40337,35295,17,17,8811,24.9638759,14.50636067,512002,0,512002,40337
cstone,d7fddfb4f8d8ada0eb1a65d1a450a66c8cbd794c,direct,octree_leafcount,flyby,8,927,927,0.8145279884,0.2221760005,1.038015962,1.09049,1,0,6,40561,35491,17,17,8948,25.21202558,14.42624891,512002,0,512002,40561
cstone,d7fddfb4f8d8ada0eb1a65d1a450a66c8cbd794c,direct,octree_leafcount,flyby,8,928,928,0.7412800193,0.1995519996,0.9421439767,1.002915,1,0,5,40521,35456,17,17,8830,24.9041065,14.44048962,512002,0,512002,40521
cstone,d7fddfb4f8d8ada0eb1a65d1a450a66c8cbd794c,direct,octree_leafcount,flyby,8,929,929,0.7339199781,0.1965440065,0.9317759871,0.986255,1,0,5,40177,35155,17,17,8646,24.59394112,14.56413028,512002,0,512002,40177
cstone,d7fddfb4f8d8ada0eb1a65d1a450a66c8cbd794c,direct,octree_leafcount,flyby,8,930,930,0.8072639704,0.2299840003,1.038624048,1.093846,1,0,6,40185,35162,17,17,8821,25.08674137,14.56123087,512002,0,512002,40185
cstone,d7fddfb4f8d8ada0eb1a65d1a450a66c8cbd794c,direct,octree_leafcount,flyby,8,931,931,0.7449600101,0.2123519927,0.9630720019,1.019221,1,0,5,40065,35057,17,17,8670,24.73115212,14.60484354,512002,0,512002,40065
cstone,d7fddfb4f8d8ada0eb1a65d1a450a66c8cbd794c,direct,octree_leafcount,flyby,8,932,932,0.7334399819,0.2175679952,0.9523519874,1.006171,1,0,5,40177,35155,17,17,8584,24.41757929,14.56413028,512002,0,512002,40177
cstone,d7fddfb4f8d8ada0eb1a65d1a450a66c8cbd794c,direct,octree_leafcount,flyby,8,933,933,0.8102080226,0.2050559968,1.016576052,1.071973,1,0,6,40137,35120,17,17,8767,24.96298405,14.57864465,512002,0,512002,40137
cstone,d7fddfb4f8d8ada0eb1a65d1a450a66c8cbd794c,direct,octree_leafcount,flyby,8,934,934,0.7427200079,0.2022079974,0.9462400079,0.999489,1,0,5,39961,34966,17,17,8731,24.96997083,14.64285306,512002,0,512002,39961
cstone,d7fddfb4f8d8ada0eb1a65d1a450a66c8cbd794c,direct,octree_leafcount,flyby,8,935,935,0.747871995,0.2313600034,0.9805439711,1.033091,1,0,5,40177,35155,17,17,8705,24.76176931,14.56413028,512002,0,512002,40177
cstone,d7fddfb4f8d8ada0eb1a65d1a450a66c8cbd794c,direct,octree_leafcount,flyby,8,936,936,0.8021759987,0.2368319929,1.040351987,1.094805,1,0,6,40233,35204,17,17,8808,25.0198841,14.54385865,512002,0,512002,40233
cstone,d7fddfb4f8d8ada0eb1a65d1a450a66c8cbd794c,direct,octree_leafcount,flyby,8,937,937,0.738304019,0.1955199987,0.935199976,0.989124,1,0,5,40089,35078,17,17,8743,24.92445407,14.59610012,512002,0,512002,40089
cstone,d7fddfb4f8d8ada0eb1a65d1a450a66c8cbd794c,direct,octree_leafcount,flyby,8,938,938,0.8115839958,0.2227199972,1.035647988,1.088006,1,0,6,40449,35393,17,17,8830,24.94843613,14.46619388,512002,0,512002,40449
cstone,d7fddfb4f8d8ada0eb1a65d1a450a66c8cbd794c,direct,octree_leafcount,flyby,8,939,939,0.7396799922,0.1987199932,0.9397439957,0.992314,1,0,5,40441,35386,17,17,8913,25.18792743,14.46905556,512002,0,512002,40441
cstone,d7fddfb4f8d8ada0eb1a65d1a450a66c8cbd794c,direct,octree_leafcount,flyby,8,940,940,0.7467520237,0.2175679952,0.9656640291,1.023917,1,0,5,40185,35162,17,17,8822,25.08958535,14.56123087,512002,0,512002,40185
cstone,d7fddfb4f8d8ada0eb1a65d1a450a66c8cbd794c,direct,octree_leafcount,flyby,8,941,941,0.8103680015,0.2385279983,1.05024004,1.10671,1,0,6,40561,35491,17,17,8881,25.02324533,14.42624891,512002,0,512002,40561
cstone,d7fddfb4f8d8ada0eb1a65d1a450a66c8cbd794c,direct,octree_leafcount,flyby,8,942,942,0.7296959758,0.2165440023,0.9475839734,1.007841,1,0,5,40553,35484,17,17,8926,25.15499944,14.4290948,512002,0,512002,40553
cstone,d7fddfb4f8d8ada0eb1a65d1a450a66c8cbd794c,direct,octree_leafcount,flyby,8,943,943,0.7223039865,0.2108799964,0.9345600009,0.990953,1,0,5,40353,35309,17,17,8838,25.0304455,14.50060891,512002,0,512002,40353
cstone,d7fddfb4f8d8ada0eb1a65d1a450a66c8cbd794c,direct,octree_leafcount,flyby,8,944,944,0.8013759851,0.1975679994,1.000255942,1.055167,1,0,6,40353,35309,17,17,8871,25.12390609,14.50060891,512002,0,512002,40353
cstone,d7fddfb4f8d8ada0eb1a65d1a450a66c8cbd794c,direct,octree_leafcount,flyby,8,945,945,0.7192320228,0.1999039948,0.9204480052,0.973919,1,0,5,40305,35267,17,17,8861,25.1254714,14.5178779,512002,0,512002,40305
cstone,d7fddfb4f8d8ada0eb1a65d1a450a66c8cbd794c,direct,octree_leafcount,flyby,8,946,946,0.7368320227,0.2119040042,0.9501439929,1.008506,1,0,5,40105,35092,17,17,8703,24.80052434,14.59027699,512002,0,512002,40105
cstone,d7fddfb4f8d8ada0eb1a65d1a450a66c8cbd794c,direct,octree_leafcount,flyby,8,947,947,0.8088960052,0.2078080028,1.018015981,1.07428,1,0,6,40097,35085,17,17,8751,24.94228303,14.59318797,512002,0,512002,40097
cstone,d7fddfb4f8d8ada0eb1a65d1a450a66c8cbd794c,direct,octree_leafcount,flyby,8,948,948,0.6606400013,0.2345280051,0.896511972,0.950703,1,0,4,40145,35127,17,17,8702,24.77296666,14.57573946,512002,0,512002,40145
cstone,d7fddfb4f8d8ada0eb1a65d1a450a66c8cbd794c,direct,octree_leafcount,flyby,8,949,949,0.7432320118,0.2088319957,0.9534400105,1.009985,1,0,5,39937,34945,17,17,8607,24.63013307,14.6516526,512002,0,512002,39937
cstone,d7fddfb4f8d8ada0eb1a65d1a450a66c8cbd794c,direct,octree_leafcount,flyby,8,950,950,0.8009279966,0.2144960016,1.016736031,1.067999,1,0,6,40089,35078,17,17,8752,24.95011118,14.59610012,512002,0,512002,40089
cstone,d7fddfb4f8d8ada0eb1a65d1a450a66c8cbd794c,direct,octree_leafcount,flyby,8,951,951,0.6587520242,0.2242880017,0.8843839765,0.938001,1,0,4,40169,35148,17,17,8679,24.69272789,14.56703084,512002,0,512002,40169
cstone,d7fddfb4f8d8ada0eb1a65d1a450a66c8cbd794c,direct,octree_leafcount,flyby,8,952,952,0.7423679829,0.2269120067,0.9706240296,1.031917,1,0,5,40017,35015,17,17,8535,24.37526774,14.62236184,512002,0,512002,40017
cstone,d7fddfb4f8d8ada0eb1a65d1a450a66c8cbd794c,direct,octree_leafcount,flyby,8,953,953,0.7965440154,0.2288320065,1.026720047,1.082433,1,0,6,40073,35064,17,17,8793,25.07700205,14.6019279,512002,0,512002,40073
cstone,d7fddfb4f8d8ada0eb1a65d1a450a66c8cbd794c,direct,octree_leafcount,flyby,8,954,954,0.6632320285,0.2349440008,0.89951998,0.956869,1,0,4,40169,35148,17,17,8730,24.83782861,14.56703084,512002,0,512002,40169
cstone,d7fddfb4f8d8ada0eb1a65d1a450a66c8cbd794c,direct,octree_leafcount,flyby,8,955,955,0.7355840206,0.200639993,0.9375680089,0.993313,1,0,5,40017,35015,17,17,8661,24.73511352,14.62236184,512002,0,512002,40017
cstone,d7fddfb4f8d8ada0eb1a65d1a450a66c8cbd794c,direct,octree_leafcount,flyby,8,956,956,0.7894080281,0.2237119973,1.014431953,1.070107,1,0,6,40057,35050,17,17,8781,25.05278174,14.60776034,512002,0,512002,40057
cstone,d7fddfb4f8d8ada0eb1a65d1a450a66c8cbd794c,direct,octree_leafcount,flyby,8,957,957,0.6617280245,0.2098879963,0.8729599714,0.929251,1,0,4,39969,34973,17,17,8597,24.58182026,14.63992223,512002,0,512002,39969
cstone,d7fddfb4f8d8ada0eb1a65d1a450a66c8cbd794c,direct,octree_leafcount,flyby,8,958,958,0.756896019,0.2436479926,1.001888037,1.061725,1,0,5,40273,35239,17,17,8707,24.70841965,14.52941343,512002,0,512002,40273
cstone,d7fddfb4f8d8ada0eb1a65d1a450a66c8cbd794c,direct,octree_leafcount,flyby,8,959,959,0.7888000011,0.2190719992,1.009184003,1.066969,1,0,6,40265,35232,17,17,8795,24.96310173,14.53230018,512002,0,512002,40265
cstone,d7fddfb4f8d8ada0eb1a65d1a450a66c8cbd794c,direct,octree_leafcount,flyby,8,960,960,0.6521599889,0.2034240067,0.8568959832,0.912511,1,0,4,39793,34819,17,17,8567,24.60438266,14.70467274,512002,0,512002,39793
cstone,d7fddfb4f8d8ada0eb1a65d1a450a66c8cbd794c,direct,octree_leafcount,flyby,8,961,961,0.7633280158,0.2519679964,1.016608,1.076373,1,0,5,40369,35323,17,17,8864,25.0941313,14.4948617,512002,0,512002,40369
cstone,d7fddfb4f8d8ada0eb1a65d1a450a66c8cbd794c,direct,octree_leafcount,flyby,8,962,962,0.8120959997,0.2523199916,1.065760016,1.123396,1,0,6,40489,35428,17,17,8921,25.18064807,14.45190245,512002,0,512002,40489
cstone,d7fddfb4f8d8ada0eb1a65d1a450a66c8cbd794c,direct,octree_leafcount,flyby,8,963,963,0.6665599942,0.2211199999,0.8890240192,0.949832,1,0,4,40113,35099,17,17,8791,25.04629762,14.58736716,512002,0,512002,40113
cstone,d7fddfb4f8d8ada0eb1a65d1a450a66c8cbd794c,direct,octree_leafcount,flyby,8,964,964,0.7440959811,0.2344319969,0.9798399806,1.035733,1,0,5,40313,35274,17,17,8851,25.09213585,14.51499688,512002,0,512002,40313
cstone,d7fddfb4f8d8ada0eb1a65d1a450a66c8cbd794c,direct,octree_leafcount,flyby,8,965,965,0.8084480166,0.2037120014,1.013471961,1.071138,1,0,6,40273,35239,17,17,8860,25.14259769,14.52941343,512002,0,512002,40273
cstone,d7fddfb4f8d8ada0eb1a65d1a450a66c8cbd794c,direct,octree_leafcount,flyby,8,966,966,0.6625919938,0.2229119986,0.8868160248,0.945397,1,0,4,39913,34924,17,17,8731,25,14.66046272,512002,0,512002,39913
cstone,d7fddfb4f8d8ada0eb1a65d1a450a66c8cbd794c,direct,octree_leafcount,flyby,8,967,967,0.7350080013,0.2252160013,0.9616000056,1.015228,1,0,5,40065,35057,17,17,8811,25.13335425,14.60484354,512002,0,512002,40065
cstone,d7fddfb4f8d8ada0eb1a65d1a450a66c8cbd794c,direct,octree_leafcount,flyby,8,968,968,0.8102719784,0.2230399996,1.034623981,1.088225,1,0,6,40321,35281,17,17,8953,25.37626485,14.512117,512002,0,512002,40321
cstone,d7fddfb4f8d8ada0eb1a65d1a450a66c8cbd794c,direct,octree_leafcount,flyby,8,969,969,0.6557120085,0.1985920072,0.8556159735,0.909301,1,0,4,39913,34924,17,17,8780,25.14030466,14.66046272,512002,0,512002,39913
cstone,d7fddfb4f8d8ada0eb1a65d1a450a66c8cbd794c,direct,octree_leafcount,flyby,8,970,970,0.749728024,0.2376320064,0.9887040257,1.048835,1,0,5,40225,35197,17,17,8938,25.39420973,14.54675114,512002,0,512002,40225
cstone,d7fddfb4f8d8ada0eb1a65d1a450a66c8cbd794c,direct,octree_leafcount,flyby,8,971,971,0.8131520152,0.233408004,1.047904015,1.10313,1,0,6,40569,35498,17,17,8928,25.15071272,14.42340414,512002,0,512002,40569
cstone,d7fddfb4f8d8ada0eb1a65d1a450a66c8cbd794c,direct,octree_leafcount,flyby,8,972,972,0.6481599808,0.2029439956,0.8524159789,0.907819,1,0,4,40209,35183,17,17,8765,24.91259984,14.55253958,512002,0,512002,40209
cstone,d7fddfb4f8d8ada0eb1a65d1a450a66c8cbd794c,direct,octree_leafcount,flyby,8,973,973,0.7336639762,0.193599999,0.9286080003,0.981739,1,0,5,40209,35183,17,17,8857,25.17408976,14.55253958,512002,0,512002,40209
cstone,d7fddfb4f8d8ada0eb1a65d1a450a66c8cbd794c,direct,octree_leafcount,flyby,8,974,974,0.825504005,0.2242240012,1.051072001,1.105377,1,0,6,40313,35274,17,17,8844,25.07229121,14.51499688,512002,0,512002,40313
cstone,d7fddfb4f8d8ada0eb1a65d1a450a66c8cbd794c,direct,octree_leafcount,flyby,8,975,975,0.6589440107,0.1950400025,0.8553280234,0.910815,1,0,4,40057,35050,17,17,8643,24.65905849,14.60776034,512002,0,512002,40057
cstone,d7fddfb4f8d8ada0eb1a65d1a450a66c8cbd794c,direct,octree_leafcount,flyby,8,976,976,0.7455360293,0.2399359941,0.9867839813,1.044769,1,0,5,40105,35092,17,17,8776,25.00854896,14.59027699,512002,0,512002,40105
cstone,d7fddfb4f8d8ada0eb1a65d1a450a66c8cbd794c,direct,octree_leafcount,flyby,8,977,977,0.8018559813,0.225759998,1.02895999,1.080894,1,0,6,40529,35463,17,17,8766,24.71872092,14.43763923,512002,0,512002,40529
cstone,d7fddfb4f8d8ada0eb1a65d1a450a66c8cbd794c,direct,octree_leafcount,flyby,8,978,978,0.6525760293,0.1985920072,0.852512002,0.905083,1,0,4,39841,34861,17,17,8568,24.57760822,14.68695677,512002,0,512002,39841
cstone,d7fddfb4f8d8ada0eb1a65d1a450a66c8cbd794c,direct,octree_leafcount,flyby,8,979,979,0.750624001,0.2144960016,0.9664639831,1.032779,1,0,5,39593,34644,17,17,8705,25.12700612,14.77895162,512002,0,512002,39593
cstone,d7fddfb4f8d8ada0eb1a65d1a450a66c8cbd794c,direct,octree_leafcount,flyby,8,980,980,0.8021119833,0.2230399996,1.026496053,1.08099,1,0,6,39961,34966,17,17,8695,24.86701367,14.64285306,512002,0,512002,39961
cstone,d7fddfb4f8d8ada0eb1a65d1a450a66c8cbd794c,direct,octree_leafcount,flyby,8,981,981,0.6581439972,0.1999360025,0.859423995,0.913248,1,0,4,39921,34931,17,17,8525,24.40525608,14.65752483,512002,0,512002,39921
cstone,d7fddfb4f8d8ada0eb1a65d1a450a66c8cbd794c,direct,octree_leafcount,flyby,8,982,982,0.7451519966,0.240575999,0.987071991,1.045862,1,0,5,39929,34938,17,17,8714,24.94132463,14.65458813,512002,0,512002,39929
cstone,d7fddfb4f8d8ada0eb1a65d1a450a66c8cbd794c,direct,octree_leafcount,flyby,8,983,983,0.7935360074,0.2395520061,1.034399986,1.093073,1,0,6,39985,34987,17,17,8579,24.5205362,14.63406408,512002,0,512002,39985
cstone,d7fddfb4f8d8ada0eb1a65d1a450a66c8cbd794c,direct,octree_leafcount,flyby,8,984,984,0.6580799818,0.231904,0.8912960291,0.947177,1,0,4,40225,35197,17,17,8608,24.45662983,14.54675114,512002,0,512002,40225
cstone,d7fddfb4f8d8ada0eb1a65d1a450a66c8cbd794c,direct,octree_leafcount,flyby,8,985,985,0.7469440103,0.1931200027,0.9414079785,0.993638,1,0,5,39985,34987,17,17,8781,25.0978935,14.63406408,512002,0,512002,39985
cstone,d7fddfb4f8d8ada0eb1a65d1a450a66c8cbd794c,direct,octree_leafcount,flyby,8,986,986,0.8146560192,0.2139839977,1.029983997,1.083028,1,0,6,40361,35316,17,17,8658,24.5158002,14.49773474,512002,0,512002,40361
cstone,d7fddfb4f8d8ada0eb1a65d1a450a66c8cbd794c,direct,octree_leafcount,flyby,8,987,987,0.6598719954,0.200639993,0.8618559837,0.914621,1,0,4,40329,35288,17,17,8577,24.30571299,14.50923827,512002,0,512002,40329
cstone,d7fddfb4f8d8ada0eb1a65d1a450a66c8cbd794c,direct,octree_leafcount,flyby,8,988,988,0.748480022,0.2124480009,0.9622399807,1.019266,1,0,5,40273,35239,17,17,8801,24.97516956,14.52941343,512002,0,512002,40273
cstone,d7fddfb4f8d8ada0eb1a65d1a450a66c8cbd794c,direct,octree_leafcount,flyby,8,989,989,0.8013439775,0.2166720033,1.019359946,1.077482,1,0,6,40153,35134,17,17,8720,24.81926339,14.57283543,512002,0,512002,40153
cstone,d7fddfb4f8d8ada0eb1a65d1a450a66c8cbd794c,direct,octree_leafcount,flyby,8,990,990,0.6650239825,0.240575999,0.9069120288,0.964534,1,0,4,40249,35218,17,17,8605,24.43352831,14.53807712,512002,0,512002,40249
cstone,d7fddfb4f8d8ada0eb1a65d1a450a66c8cbd794c,direct,octree_leafcount,flyby,8,991,991,0.741855979,0.2032320052,0.9464319944,1.003383,1,0,5,40065,35057,17,17,8808,25.12479676,14.60484354,512002,0,512002,40065
cstone,d7fddfb4f8d8ada0eb1a65d1a450a66c8cbd794c,direct,octree_leafcount,flyby,8,992,992,0.8045120239,0.2433280051,1.049152017,1.107543,1,0,6,40193,35169,17,17,8668,24.64670591,14.55833262,512002,0,512002,40193
cstone,d7fddfb4f8d8ada0eb1a65d1a450a66c8cbd794c,direct,octree_leafcount,flyby,8,993,993,0.7548480034,0.2514880002,1.007680058,1.068804,1,0,5,40329,35288,17,17,8700,24.65427341,14.50923827,512002,0,512002,40329
cstone,d7fddfb4f8d8ada0eb1a65d1a450a66c8cbd794c,direct,octree_leafcount,flyby,8,994,994,0.7351679802,0.224992007,0.9615039825,1.020364,1,0,5,39921,34931,17,17,8785,25.1495806,14.65752483,512002,0,512002,39921
cstone,d7fddfb4f8d8ada0eb1a65d1a450a66c8cbd794c,direct,octree_leafcount,flyby,8,995,995,0.8170239925,0.2578879893,1.076223969,1.140962,1,0,6,39993,34994,17,17,8703,24.86997771,14.63113677,512002,0,512002,39993
cstone,d7fddfb4f8d8ada0eb1a65d1a450a66c8cbd794c,direct,octree_leafcount,flyby,8,996,996,0.7459840178,0.2322240025,0.979551971,1.036498,1,0,5,40265,35232,17,17,8693,24.67359219,14.53230018,512002,0,512002,40265
cstone,d7fddfb4f8d8ada0eb1a65d1a450a66c8cbd794c,direct,octree_leafcount,flyby,8,997,997,0.6550400257,0.1929920018,0.8493440151,0.903686,1,0,4,39849,34868,17,17,8654,24.81931857,14.68400826,512002,0,512002,39849
cstone,d7fddfb4f8d8ada0eb1a65d1a450a66c8cbd794c,direct,octree_leafcount,flyby,8,998,998,0.8034240007,0.2338880002,1.038655996,1.098868,1,0,6,40017,35015,17,17,8614,24.60088533,14.62236184,512002,0,512002,40017
cstone,d7fddfb4f8d8ada0eb1a65d1a450a66c8cbd794c,direct,octree_leafcount,flyby,8,999,999,0.7488639951,0.2416960001,0.9919040203,1.049216,1,0,5,40337,35295,17,17,8625,24.43688908,14.50636067,512002,0,512002,40337
cstone,d7fddfb4f8d8ada0eb1a65d1a450a66c8cbd794c,direct,octree_leafcount,flyby,8,1000,1000,0.6652799845,0.213696003,0.8803200126,0.938546,1,0,4,40081,35071,17,17,8594,24.50457643,14.59901343,512002,0,512002,40081
cstone,d7fddfb4f8d8ada0eb1a65d1a450a66c8cbd794c,direct,octree_leafcount,flyby,8,1001,1001,0.8049600124,0.222240001,1.028512001,1.087344,1,0,6,39833,34854,17,17,8468,24.29563321,14.68990647,512002,0,512002,39833
cstone,d7fddfb4f8d8ada0eb1a65d1a450a66c8cbd794c,direct,octree_leafcount,flyby,8,1002,1002,0.7393919826,0.2272319943,0.9679679871,1.022104,1,0,5,40025,35022,17,17,8612,24.59025755,14.61943921,512002,0,512002,40025
cstone,d7fddfb4f8d8ada0eb1a65d1a450a66c8cbd794c,direct,octree_leafcount,flyby,8,1003,1003,0.6548479795,0.2278079987,0.8839679956,0.937571,1,0,4,40065,35057,17,17,8676,24.74826711,14.60484354,512002,0,512002,40065
cstone,d7fddfb4f8d8ada0eb1a65d1a450a66c8cbd794c,direct,octree_leafcount,flyby,8,1004,1004,0.8056319952,0.206400007,1.013375998,1.069083,1,0,6,39969,34973,17,17,8604,24.6018357,14.63992223,512002,0,512002,39969
cstone,d7fddfb4f8d8ada0eb1a65d1a450a66c8cbd794c,direct,octree_leafcount,flyby,8,1005,1005,0.7508159876,0.2375040054,0.9896640182,1.044652,1,0,5,40337,35295,17,17,8734,24.74571469,14.50636067,512002,0,512002,40337
cstone,d7fddfb4f8d8ada0eb1a65d1a450a66c8cbd794c,direct,octree_leafcount,flyby,8,1006,1006,0.6505920291,0.2047040015,0.8566079736,0.912258,1,0,4,40121,35106,17,17,8701,24.78493705,14.5844585,512002,0,512002,40121
cstone,d7fddfb4f8d8ada0eb1a65d1a450a66c8cbd794c,direct,octree_leafcount,flyby,8,1007,1007,0.7896639705,0.2027519941,0.993727982,1.05152,1,0,6,40097,35085,17,17,8627,24.58885564,14.59318797,512002,0,512002,40097
cstone,d7fddfb4f8d8ada0eb1a65d1a450a66c8cbd794c,direct,octree_leafcount,flyby,8,1008,1008,0.7443199754,0.2248959988,0.9705600142,1.025327,1,0,5,40489,35428,17,17,8743,24.67822062,14.45190245,512002,0,512002,40489
cstone,d7fddfb4f8d8ada0eb1a65d1a450a66c8cbd794c,direct,octree_leafcount,flyby,8,1009,1009,0.657055974,0.2078080028,0.8661760092,0.92287,1,0,4,40177,35155,17,17,8728,24.82719386,14.56413028,512002,0,512002,40177
cstone,d7fddfb4f8d8ada0eb1a65d1a450a66c8cbd794c,direct,octree_leafcount,flyby,8,1010,1010,0.8031359911,0.2226559967,1.02710402,1.087402,1,0,6,39977,34980,17,17,8596,24.57404231,14.63699257,512002,0,512002,39977
cstone,d7fddfb4f8d8ada0eb1a65d1a450a66c8cbd794c,direct,octree_leafcount,flyby,8,1011,1011,0.7489600182,0.2379840016,0.9883840084,1.043429,1,0,5,40385,35337,17,17,8749,24.75875145,14.48911905,512002,0,512002,40385
cstone,d7fddfb4f8d8ada0eb1a65d1a450a66c8cbd794c,direct,octree_leafcount,flyby,8,1012,1012,0.6634879708,0.2381439954,0.9065920115,0.963342,1,0,4,40545,35477,17,17,8741,24.63849818,14.43194182,512002,0,512002,40545
cstone,d7fddfb4f8d8ada0eb1a65d1a450a66c8cbd794c,direct,octree_leafcount,flyby,8,1013,1013,0.7748159766,0.193471998,0.9696320295,1.02212,1,0,6,39985,34987,17,17,8599,24.57770029,14.63406408,512002,0,512002,39985
cstone,d7fddfb4f8d8ada0eb1a65d1a450a66c8cbd794c,direct,octree_leafcount,flyby,8,1014,1014,0.7358719707,0.2175679952,0.9547839761,1.006634,1,0,5,40201,35176,17,17,8821,25.07675688,14.55543552,512002,0,512002,40201
cstone,d7fddfb4f8d8ada0eb1a65d1a450a66c8cbd794c,direct,octree_leafcount,flyby,8,1015,1015,0.6394559741,0.1878719926,0.8286719918,0.879224,1,0,4,40049,35043,17,17,8767,25.01783523,14.61067831,512002,0,512002,40049
cstone,d7fddfb4f8d8ada0eb1a65d1a450a66c8cbd794c,direct,octree_leafcount,flyby,8,1016,1016,0.7973440289,0.2197760046,1.018463969,1.07078,1,0,6,40121,35106,17,17,8654,24.6510568,14.5844585,512002,0,512002,40121
cstone,d7fddfb4f8d8ada0eb1a65d1a450a66c8cbd794c,direct,octree_leafcount,flyby,8,1017,1017,0.7381439805,0.2016640007,0.9411519766,0.99439,1,0,5,39889,34903,17,17,8716,24.97206544,14.66928344,512002,0,512002,39889
cstone,d7fddfb4f8d8ada0eb1a65d1a450a66c8cbd794c,direct,octree_leafcount,flyby,8,1018,1018,0.6596480012,0.2267840058,0.8877440095,0.943123,1,0,4,39985,34987,17,17,8660,24.75205076,14.63406408,512002,0,512002,39985
cstone,d7fddfb4f8d8ada0eb1a65d1a450a66c8cbd794c,direct,octree_leafcount,flyby,8,1019,1019,0.8118720055,0.2385279983,1.051712036,1.107736,1,0,6,40001,35001,17,17,8630,24.65643839,14.62821062,512002,0,512002,40001
cstone,d7fddfb4f8d8ada0eb1a65d1a450a66c8cbd794c,direct,octree_leafcount,flyby,8,1020,1020,0.747871995,0.231904,0.9810879827,1.037937,1,0,5,40225,35197,17,17,8736,24.82029718,14.54675114,512002,0,512002,40225
cstone,d7fddfb4f8d8ada0eb1a65d1a450a66c8cbd794c,direct,octree_leafcount,flyby,8,1021,1021,0.6594560146,0.2237119973,0.8845120072,0.938419,1,0,4,40257,35225,17,17,8652,24.56210078,14.53518808,512002,0,512002,40257
cstone,d7fddfb4f8d8ada0eb1a65d1a450a66c8cbd794c,direct,octree_leafcount,flyby,8,1022,1022,0.7922880054,0.1950400025,0.9886400104,1.041473,1,0,6,40065,35057,17,17,8474,24.17206264,14.60484354,512002,0,512002,40065
cstone,d7fddfb4f8d8ada0eb1a65d1a450a66c8cbd794c,direct,octree_leafcount,flyby,8,1023,1023,0.7474240065,0.2339520007,0.9827200174,1.038802,1,0,5,40177,35155,17,17,8741,24.86417295,14.56413028,512002,0,512002,40177
cstone,d7fddfb4f8d8ada0eb1a65d1a450a66c8cbd794c,direct,octree_leafcount,flyby,8,1024,1024,0.6635199785,0.2380480021,0.9029120207,0.961352,1,0,4,40201,35176,17,17,8541,24.28075961,14.55543552,512002,0,512002,40201
cstone,d7fddfb4f8d8ada0eb1a65d1a450a66c8cbd794c,direct,octree_leafcount,flyby,8,1025,1025,0.7936639786,0.1965440065,0.991584003,1.04625,1,0,6,40153,35134,17,17,8515,24.235783,14.57283543,512002,0,512002,40153
cstone,d7fddfb4f8d8ada0eb1a65d1a450a66c8cbd794c,direct,octree_leafcount,flyby,8,1026,1026,0.732288003,0.2033600062,0.9369919896,0.98502,1,0,5,40169,35148,17,17,8750,24.89473085,14.56703084,512002,0,512002,40169
cstone,d7fddfb4f8d8ada0eb1a65d1a450a66c8cbd794c,direct,octree_leafcount,flyby,8,1027,1027,0.6387839913,0.1981119961,0.8382400274,0.885363,1,0,4,40257,35225,17,17,8594,24.397445,14.53518808,512002,0,512002,40257
cstone,d7fddfb4f8d8ada0eb1a65d1a450a66c8cbd794c,direct,octree_leafcount,flyby,8,1028,1028,0.7904000282,0.1965440065,0.9882559776,1.032846,1,0,6,40265,35232,17,17,8584,24.36421435,14.53230018,512002,0,512002,40265
cstone,d7fddfb4f8d8ada0eb1a65d1a450a66c8cbd794c,direct,octree_leafcount,flyby,8,1029,1029,0.7188799977,0.1904000044,0.9106240273,0.954687,1,0,5,40329,35288,17,17,8802,24.94332351,14.50923827,512002,0,512002,40329
cstone,d7fddfb4f8d8ada0eb1a65d1a450a66c8cbd794c,direct,octree_leafcount,flyby,8,1030,1030,0.6509119868,0.1871040016,0.839327991,0.891095,1,0,4,40241,35211,17,17,8699,24.70534776,14.54096731,512002,0,512002,40241
cstone,d7fddfb4f8d8ada0eb1a65d1a450a66c8cbd794c,direct,octree_leafcount,flyby,8,1031,1031,0.797088027,0.2032320052,1.001664042,1.048019,1,0,6,40273,35239,17,17,8615,24.44734527,14.52941343,512002,0,512002,40273
cstone,d7fddfb4f8d8ada0eb1a65d1a450a66c8cbd794c,direct,octree_leafcount,flyby,8,1032,1032,0.7248960137,0.1668480039,0.8930879831,0.938766,1,0,5,40113,35099,17,17,8823,25.1374683,14.58736716,512002,0,512002,40113
cstone,d7fddfb4f8d8ada0eb1a65d1a450a66c8cbd794c,direct,octree_leafcount,flyby,8,1033,1033,0.6345279813,0.159807995,0.7956799865,0.836708,1,0,4,39961,34966,17,17,8588,24.56100212,14.64285306,512002,0,512002,39961
cstone,d7fddfb4f8d8ada0eb1a65d1a450a66c8cbd794c,direct,octree_leafcount,flyby,8,1034,1034,0.7905279994,0.1850560009,0.9769279957,1.019262,1,0,6,40073,35064,17,17,8606,24.54369154,14.6019279,512002,0,512002,40073
cstone,d7fddfb4f8d8ada0eb1a65d1a450a66c8cbd794c,direct,octree_leafcount,flyby,8,1035,1035,0.7333760262,0.2144960016,0.9491840005,0.998048,1,0,5,40153,35134,17,17,8790,25.0185006,14.57283543,512002,0,512002,40153
cstone,d7fddfb4f8d8ada0eb1a65d1a450a66c8cbd794c,direct,octree_leafcount,flyby,8,1036,1036,0.6432960033,0.1822399944,0.8268479705,0.876563,1,0,4,40081,35071,17,17,8614,24.5616036,14.59901343,512002,0,512002,40081
cstone,d7fddfb4f8d8ada0eb1a65d1a450a66c8cbd794c,direct,octree_leafcount,flyby,8,1037,1037,0.7818880081,0.2011840045,0.9843840003,1.030916,1,0,6,40273,35239,17,17,8630,24.48991175,14.52941343,512002,0,512002,40273
cstone,d7fddfb4f8d8ada0eb1a65d1a450a66c8cbd794c,direct,octree_leafcount,flyby,8,1038,1038,0.7294080257,0.1852799952,0.9160320163,0.967121,1,0,5,40041,35036,17,17,8747,24.96574951,14.61359744,512002,0,512002,40041
cstone,d7fddfb4f8d8ada0eb1a65d1a450a66c8cbd794c,direct,octree_leafcount,flyby,8,1039,1039,0.6547520161,0.2083519995,0.8645439744,0.918716,1,0,4,39937,34945,17,17,8593,24.59007011,14.6516526,512002,0,512002,39937
cstone,d7fddfb4f8d8ada0eb1a65d1a450a66c8cbd794c,direct,octree_leafcount,flyby,8,1040,1040,0.8021119833,0.2293120027,1.032735944,1.085671,1,0,6,40057,35050,17,17,8600,24.5363766,14.60776034,512002,0,512002,40057
cstone,d7fddfb4f8d8ada0eb1a65d1a450a66c8cbd794c,direct,octree_leafcount,flyby,8,1041,1041,0.7356479764,0.2216320038,0.9585919976,1.011942,1,0,5,40129,35113,17,17,8695,24.76290832,14.58155099,512002,0,512002,40129
cstone,d7fddfb4f8d8ada0eb1a65d1a450a66c8cbd794c,direct,octree_leafcount,flyby,8,1042,1042,0.6537920237,0.1893759966,0.8445119858,0.896024,1,0,4,40113,35099,17,17,8585,24.45938631,14.58736716,512002,0,512002,40113
cstone,d7fddfb4f8d8ada0eb1a65d1a450a66c8cbd794c,direct,octree_leafcount,flyby,8,1043,1043,0.8035839796,0.2252479941,1.030240059,1.084053,1,0,6,40529,35463,17,17,8760,24.70180188,14.43763923,512002,0,512002,40529
cstone,d7fddfb4f8d8ada0eb1a65d1a450a66c8cbd794c,direct,octree_leafcount,flyby,8,1044,1044,0.7424319983,0.1996160001,0.9433919787,0.996809,1,0,5,40449,35393,17,17,8880,25.089707,14.46619388,512002,0,512002,40449
cstone,d7fddfb4f8d8ada0eb1a65d1a450a66c8cbd794c,direct,octree_leafcount,flyby,8,1045,1045,0.6476799846,0.1944960058,0.843487978,0.895125,1,0,4,40217,35190,17,17,8766,24.91048593,14.54964479,512002,0,512002,40217
cstone,d7fddfb4f8d8ada0eb1a65d1a450a66c8cbd794c,direct,octree_leafcount,flyby,8,1046,1046,0.8192639947,0.2247360051,1.045343995,1.099526,1,0,6,40625,35547,17,17,8806,24.77283596,14.4035221,512002,0,512002,40625
cstone,d7fddfb4f8d8ada0eb1a65d1a450a66c8cbd794c,direct,octree_leafcount,flyby,8,1047,1047,0.7272959948,0.191456005,0.9203199744,0.972026,1,0,5,40457,35400,17,17,8928,25.22033898,14.46333333,512002,0,512002,40457
cstone,d7fddfb4f8d8ada0eb1a65d1a450a66c8cbd794c,direct,octree_leafcount,flyby,8,1048,1048,0.6348800063,0.186304003,0.8225280046,0.874011,1,0,4,40305,35267,17,17,8736,24.77103241,14.5178779,512002,0,512002,40305
cstone,d7fddfb4f8d8ada0eb1a65d1a450a66c8cbd794c,direct,octree_leafcount,flyby,8,1049,1049,0.7995520234,0.2201920003,1.021088004,1.073149,1,0,6,40489,35428,17,17,8807,24.85886869,14.45190245,512002,0,512002,40489
cstone,d7fddfb4f8d8ada0eb1a65d1a450a66c8cbd794c,direct,octree_leafcount,flyby,8,1050,1050,0.7381759882,0.209792003,0.9493119717,1.005737,1,0,5,40225,35197,17,17,8859,25.16975879,14.54675114,512002,0,512002,40225
cstone,d7fddfb4f8d8ada0eb1a65d1a450a66c8cbd794c,direct,octree_leafcount,flyby,8,1051,1051,0.721216023,0.2192959934,0.941824019,0.999681,1,0,5,40201,35176,17,17,8638,24.55651581,14.55543552,512002,0,512002,40201
cstone,d7fddfb4f8d8ada0eb1a65d1a450a66c8cbd794c,direct,octree_leafcount,flyby,8,1052,1052,0.8069440126,0.2376639992,1.045920014,1.101377,1,0,6,40497,35435,17,17,8710,24.5802173,14.44904755,512002,0,512002,40497
cstone,d7fddfb4f8d8ada0eb1a65d1a450a66c8cbd794c,direct,octree_leafcount,flyby,8,1053,1053,0.7291520238,0.206783995,0.9372799993,0.992459,1,0,5,40193,35169,17,17,8784,24.97654184,14.55833262,512002,0,512002,40193
cstone,d7fddfb4f8d8ada0eb1a65d1a450a66c8cbd794c,direct,octree_leafcount,flyby,8,1054,1054,0.6544960141,0.2143359929,0.8701440096,0.929633,1,0,4,40097,35085,17,17,8701,24.79977198,14.59318797,512002,0,512002,40097
cstone,d7fddfb4f8d8ada0eb1a65d1a450a66c8cbd794c,direct,octree_leafcount,flyby,8,1055,1055,0.8099520206,0.1996160001,1.010879993,1.064475,1,0,6,40073,35064,17,17,8676,24.74332649,14.6019279,512002,0,512002,40073
cstone,d7fddfb4f8d8ada0eb1a65d1a450a66c8cbd794c,direct,octree_leafcount,flyby,8,1056,1056,0.7436800003,0.2023359984,0.9474560022,1.001132,1,0,5,39913,34924,17,17,8761,25.08590081,14.66046272,512002,0,512002,39913
cstone,d7fddfb4f8d8ada0eb1a65d1a450a66c8cbd794c,direct,octree_leafcount,flyby,8,1057,1057,0.6581760049,0.225759998,0.8852800131,0.938607,1,0,4,39961,34966,17,17,8554,24.4637648,14.64285306,512002,0,512002,39961
cstone,d7fddfb4f8d8ada0eb1a65d1a450a66c8cbd794c,direct,octree_leafcount,flyby,8,1058,1058,0.8228800297,0.2238080055,1.048032045,1.102043,1,0,6,40377,35330,17,17,8721,24.68440419,14.49198981,512002,0,512002,40377
cstone,d7fddfb4f8d8ada0eb1a65d1a450a66c8cbd794c,direct,octree_leafcount,flyby,8,1059,1059,0.7300800085,0.1880960017,0.9195200205,0.969569,1,0,5,40217,35190,17,17,8872,25.21170787,14.54964479,512002,0,512002,40217
cstone,d7fddfb4f8d8ada0eb1a65d1a450a66c8cbd794c,direct,octree_leafcount,flyby,8,1060,1060,0.6665920019,0.2149759978,0.8829119802,0.940553,1,0,4,39921,34931,17,17,8621,24.68008359,14.65752483,512002,0,512002,39921
cstone,d7fddfb4f8d8ada0eb1a65d1a450a66c8cbd794c,direct,octree_leafcount,flyby,8,1061,1061,0.8086720109,0.2293120027,1.039327979,1.093046,1,0,6,40169,35148,17,17,8627,24.54478206,14.56703084,512002,0,512002,40169
cstone,d7fddfb4f8d8ada0eb1a65d1a450a66c8cbd794c,direct,octree_leafcount,flyby,8,1062,1062,0.7396799922,0.2218240052,0.962816,1.016875,1,0,5,40225,35197,17,17,8796,24.99076626,14.54675114,512002,0,512002,40225
cstone,d7fddfb4f8d8ada0eb1a65d1a450a66c8cbd794c,direct,octree_leafcount,flyby,8,1063,1063,0.6648640037,0.1951680034,0.8613759875,0.916216,1,0,4,40225,35197,17,17,8672,24.63846351,14.54675114,512002,0,512002,40225
cstone,d7fddfb4f8d8ada0eb1a65d1a450a66c8cbd794c,direct,octree_leafcount,flyby,8,1064,1064,0.8034880161,0.2263039947,1.031136036,1.087397,1,0,6,40537,35470,17,17,8765,24.7110234,14.43478996,512002,0,512002,40537
cstone,d7fddfb4f8d8ada0eb1a65d1a450a66c8cbd794c,direct,octree_leafcount,flyby,8,1065,1065,0.7410240173,0.1916480064,0.9340159893,0.98679,1,0,5,40361,35316,17,17,8806,24.93487371,14.49773474,512002,0,512002,40361
cstone,d7fddfb4f8d8ada0eb1a65d1a450a66c8cbd794c,direct,octree_leafcount,flyby,8,1066,1066,0.655008018,0.2022079974,0.8585600257,0.913772,1,0,4,40073,35064,17,17,8620,24.58361853,14.6019279,512002,0,512002,40073
cstone,d7fddfb4f8d8ada0eb1a65d1a450a66c8cbd794c,direct,octree_leafcount,flyby,8,1067,1067,0.815936029,0.2230399996,1.040320039,1.095166,1,0,6,40257,35225,17,17,8739,24.80908446,14.53518808,512002,0,512002,40257
cstone,d7fddfb4f8d8ada0eb1a65d1a450a66c8cbd794c,direct,octree_leafcount,flyby,8,1068,1068,0.7286080122,0.2093760073,0.9394239783,0.989698,1,0,5,40337,35295,17,17,8807,24.95254285,14.50636067,512002,0,512002,40337
cstone,d7fddfb4f8d8ada0eb1a65d1a450a66c8cbd794c,direct,octree_leafcount,flyby,8,1069,1069,0.6651520133,0.2098560035,0.8763200045,0.934415,1,0,4,40081,35071,17,17,8587,24.48461692,14.59901343,512002,0,512002,40081
cstone,d7fddfb4f8d8ada0eb1a65d1a450a66c8cbd794c,direct,octree_leafcount,flyby,8,1070,1070,0.8218880296,0.247743994,1.070976019,1.129553,1,0,6,40321,35281,17,17,8621,24.43524843,14.512117,512002,0,512002,40321
cstone,d7fddfb4f8d8ada0eb1a65d1a450a66c8cbd794c,direct,octree_leafcount,flyby,8,1071,1071,0.7368639708,0.2064639926,0.9446399808,0.999017,1,0,5,39945,34952,17,17,8722,24.95422293,14.64871824,512002,0,512002,39945
cstone,d7fddfb4f8d8ada0eb1a65d1a450a66c8cbd794c,direct,octree_leafcount,flyby,8,1072,1072,0.6473600268,0.186304003,0.8350080252,0.886312,1,0,4,39921,34931,17,17,8480,24.27643068,14.65752483,512002,0,512002,39921
cstone,d7fddfb4f8d8ada0eb1a65d1a450a66c8cbd794c,direct,octree_leafcount,flyby,8,1073,1073,0.8040320277,0.229151994,1.03449595,1.09104,1,0,6,40441,35386,17,17,8610,24.33165659,14.46905556,512002,0,512002,40441
cstone,d7fddfb4f8d8ada0eb1a65d1a450a66c8cbd794c,direct,octree_leafcount,flyby,8,1074,1074,0.7483519912,0.2108480036,0.9605119824,1.018367,1,0,5,40369,35323,17,17,8684,24.58454831,14.4948617,512002,0,512002,40369
cstone,d7fddfb4f8d8ada0eb1a65d1a450a66c8cbd794c,direct,octree_leafcount,flyby,8,1075,1075,0.6552960277,0.2014400065,0.8580800295,0.912915,1,0,4,39993,34994,17,17,8472,24.20986455,14.63113677,512002,0,512002,39993
cstone,d7fddfb4f8d8ada0eb1a65d1a450a66c8cbd794c,direct,octree_leafcount,flyby,8,1076,1076,0.8202880025,0.247743994,1.069344044,1.130807,1,0,6,40297,35260,17,17,8642,24.50935905,14.52076007,512002,0,512002,40297
cstone,d7fddfb4f8d8ada0eb1a65d1a450a66c8cbd794c,direct,octree_leafcount,flyby,8,1077,1077,0.7438719869,0.2086080015,0.953791976,1.009951,1,0,5,40105,35092,17,17,8606,24.52410806,14.59027699,512002,0,512002,40105
cstone,d7fddfb4f8d8ada0eb1a65d1a450a66c8cbd794c,direct,octree_leafcount,flyby,8,1078,1078,0.6686720252,0.2329600006,0.9029759765,0.96722,1,0,4,39697,34735,17,17,8430,24.26946884,14.74023319,512002,0,512002,39697
cstone,d7fddfb4f8d8ada0eb1a65d1a450a66c8cbd794c,direct,octree_leafcount,flyby,8,1079,1079,0.8241599798,0.2440000027,1.069504023,1.129107,1,0,6,40097,35085,17,17,8581,24.45774548,14.59318797,512002,0,512002,40097
cstone,d7fddfb4f8d8ada0eb1a65d1a450a66c8cbd794c,direct,octree_leafcount,flyby,8,1080,1080,0.7356160283,0.2001599967,0.9371200204,0.993776,1,0,5,40049,35043,17,17,8610,24.56981423,14.61067831,512002,0,512002,40049
cstone,d7fddfb4f8d8ada0eb1a65d1a450a66c8cbd794c,direct,octree_leafcount,flyby,8,1081,1081,0.6449919939,0.1944960058,0.8407999873,0.893036,1,0,4,39825,34847,17,17,8505,24.40669211,14.69285735,512002,0,512002,39825
cstone,d7fddfb4f8d8ada0eb1a65d1a450a66c8cbd794c,direct,octree_leafcount,flyby,8,1082,1082,0.8236160278,0.2313600034,1.056288004,1.111711,1,0,6,40137,35120,17,17,8617,24.53587699,14.57864465,512002,0,512002,40137
cstone,d7fddfb4f8d8ada0eb1a65d1a450a66c8cbd794c,direct,octree_leafcount,flyby,8,1083,1083,0.7390080094,0.237056002,0.9774079919,1.033446,1,0,5,40169,35148,17,17,8759,24.92033686,14.56703084,512002,0,512002,40169
cstone,d7fddfb4f8d8ada0eb1a65d1a450a66c8cbd794c,direct,octree_leafcount,flyby,8,1084,1084,0.6514239907,0.2143359929,0.8670719862,0.927441,1,0,4,39713,34749,17,17,8509,24.4870356,14.73429451,512002,0,512002,39713
cstone,d7fddfb4f8d8ada0eb1a65d1a450a66c8cbd794c,direct,octree_leafcount,flyby,8,1085,1085,0.8117439747,0.2462400049,1.059296012,1.116855,1,0,6,39889,34903,17,17,8465,24.25292955,14.66928344,512002,0,512002,39889
cstone,d7fddfb4f8d8ada0eb1a65d1a450a66c8cbd794c,direct,octree_leafcount,flyby,8,1086,1086,0.739552021,0.2041600049,0.9450240135,1.001404,1,0,5,39881,34896,17,17,8509,24.38388354,14.67222604,512002,0,512002,39881
cstone,d7fddfb4f8d8ada0eb1a65d1a450a66c8cbd794c,direct,octree_leafcount,flyby,8,1087,1087,0.649600029,0.2139520049,0.8648639917,0.921409,1,0,4,39785,34812,17,17,8359,24.011835,14.70762955,512002,0,512002,39785
cstone,d7fddfb4f8d8ada0eb1a65d1a450a66c8cbd794c,direct,octree_leafcount,flyby,8,1088,1088,0.8200960159,0.2341440022,1.055647969,1.111436,1,0,6,40201,35176,17,17,8500,24.16420287,14.55543552,512002,0,512002,40201
cstone,d7fddfb4f8d8ada0eb1a65d1a450a66c8cbd794c,direct,octree_leafcount,flyby,8,1089,1089,0.7231360078,0.2088319957,0.9332799911,0.989912,1,0,5,40129,35113,17,17,8545,24.33571612,14.58155099,512002,0,512002,40129
cstone,d7fddfb4f8d8ada0eb1a65d1a450a66c8cbd794c,direct,octree_leafcount,flyby,8,1090,1090,0.6516159773,0.2098560035,0.8628159761,0.918064,1,0,4,39793,34819,17,17,8471,24.32867113,14.70467274,512002,0,512002,39793
cstone,d7fddfb4f8d8ada0eb1a65d1a450a66c8cbd794c,direct,octree_leafcount,flyby,8,1091,1091,0.7872959971,0.237823993,1.026432037,1.082456,1,0,6,40009,35008,17,17,8540,24.39442413,14.62528565,512002,0,512002,40009
cstone,d7fddfb4f8d8ada0eb1a65d1a450a66c8cbd794c,direct,octree_leafcount,flyby,8,1092,1092,0.7216960192,0.196735993,0.9197760224,0.974556,1,0,5,39785,34812,17,17,8509,24.4427209,14.70762955,512002,0,512002,39785
cstone,d7fddfb4f8d8ada0eb1a65d1a450a66c8cbd794c,direct,octree_leafcount,flyby,8,1093,1093,0.6533120275,0.2031040043,0.8577600121,0.914057,1,0,4,39705,34742,17,17,8436,24.28184906,14.73726325,512002,0,512002,39705
cstone,d7fddfb4f8d8ada0eb1a65d1a450a66c8cbd794c,direct,octree_leafcount,flyby,8,1094,1094,0.8144000173,0.2416640073,1.057376027,1.117172,1,0,6,40233,35204,17,17,8497,24.13646177,14.54385865,512002,0,512002,40233
cstone,d7fddfb4f8d8ada0eb1a65d1a450a66c8cbd794c,direct,octree_leafcount,flyby,8,1095,1095,0.7349759936,0.2149759978,0.9512959719,1.008126,1,0,5,39801,34826,17,17,8526,24.48170907,14.70171711,512002,0,512002,39801
cstone,d7fddfb4f8d8ada0eb1a65d1a450a66c8cbd794c,direct,octree_leafcount,flyby,8,1096,1096,0.6355199814,0.1827519983,0.8197119832,0.870979,1,0,4,39753,34784,17,17,8341,23.97941582,14.71946872,512002,0,512002,39753
cstone,d7fddfb4f8d8ada0eb1a65d1a450a66c8cbd794c,direct,octree_leafcount,flyby,8,1097,1097,0.8011199832,0.2241919935,1.026656032,1.080256,1,0,6,40169,35148,17,17,8529,24.26596108,14.56703084,512002,0,512002,40169
cstone,d7fddfb4f8d8ada0eb1a65d1a450a66c8cbd794c,direct,octree_leafcount,flyby,8,1098,1098,0.7207999825,0.2213120013,0.9434239864,0.99746,1,0,5,40185,35162,17,17,8660,24.6288607,14.56123087,512002,0,512002,40185
cstone,d7fddfb4f8d8ada0eb1a65d1a450a66c8cbd794c,direct,octree_leafcount,flyby,8,1099,1099,0.635168016,0.1965440065,0.833024025,0.884732,1,0,4,39745,34777,17,17,8537,24.54783334,14.72243149,512002,0,512002,39745
cstone,d7fddfb4f8d8ada0eb1a65d1a450a66c8cbd794c,direct,octree_leafcount,flyby,8,1100,1100,0.8000959754,0.2313600034,1.032799959,1.087287,1,0,6,40361,35316,17,17,8678,24.57243176,14.49773474,512002,0,512002,40361
cstone,d7fddfb4f8d8ada0eb1a65d1a450a66c8cbd794c,direct,octree_leafcount,flyby,8,1101,1101,0.7256000042,0.2108799964,0.9378880262,0.993568,1,0,5,40249,35218,17,17,8790,24.95882787,14.53807712,512002,0,512002,40249
cstone,d7fddfb4f8d8ada0eb1a65d1a450a66c8cbd794c,direct,octree_leafcount,flyby,8,1102,1102,0.6502079964,0.2028480023,0.8543679714,0.909222,1,0,4,40089,35078,17,17,8601,24.51964194,14.59610012,512002,0,512002,40089
cstone,d7fddfb4f8d8ada0eb1a65d1a450a66c8cbd794c,direct,octree_leafcount,flyby,8,1103,1103,0.8017280102,0.2210880071,1.024160028,1.076057,1,0,6,40289,35253,17,17,8734,24.77519644,14.52364338,512002,0,512002,40289
cstone,d7fddfb4f8d8ada0eb1a65d1a450a66c8cbd794c,direct,octree_leafcount,flyby,8,1104,1104,0.738304019,0.2311040014,0.9707840085,1.026963,1,0,5,40425,35372,17,17,8838,24.98586453,14.47478231,512002,0,512002,40425
cstone,d7fddfb4f8d8ada0eb1a65d1a450a66c8cbd794c,direct,octree_leafcount,flyby,8,1105,1105,0.6493759751,0.2098239958,0.8605440259,0.917544,1,0,4,40337,35295,17,17,8691,24.6238844,14.50636067,512002,0,512002,40337
cstone,d7fddfb4f8d8ada0eb1a65d1a450a66c8cbd794c,direct,octree_leafcount,flyby,8,1106,1106,0.8154879808,0.2395520061,1.056383967,1.11412,1,0,6,40745,35652,17,17,8803,24.69146191,14.36110176,512002,0,512002,40745
cstone,d7fddfb4f8d8ada0eb1a65d1a450a66c8cbd794c,direct,octree_leafcount,flyby,8,1107,1107,0.7369599938,0.2149759978,0.953248024,1.009806,1,0,5,40689,35603,17,17,8846,24.84622082,14.38086678,512002,0,512002,40689
cstone,d7fddfb4f8d8ada0eb1a65d1a450a66c8cbd794c,direct,octree_leafcount,flyby,8,1108,1108,0.6607999802,0.2210240066,0.8831359744,0.941942,1,0,4,40593,35519,17,17,8746,24.62344098,14.41487654,512002,0,512002,40593
cstone,d7fddfb4f8d8ada0eb1a65d1a450a66c8cbd794c,direct,octree_leafcount,flyby,8,1109,1109,0.8216639757,0.2183679938,1.041375995,1.100249,1,0,6,40593,35519,17,17,8735,24.59247163,14.41487654,512002,0,512002,40593
cstone,d7fddfb4f8d8ada0eb1a65d1a450a66c8cbd794c,direct,octree_leafcount,flyby,8,1110,1110,0.7357119918,0.2252160013,0.9622719884,1.014632,1,0,5,40649,35568,17,17,8924,25.08996851,14.39501799,512002,0,512002,40649
cstone,d7fddfb4f8d8ada0eb1a65d1a450a66c8cbd794c,direct,octree_leafcount,flyby,8,1111,1111,0.6452159882,0.2018560022,0.8483840227,0.901918,1,0,4,40457,35400,17,17,8794,24.84180791,14.46333333,512002,0,512002,40457
cstone,d7fddfb4f8d8ada0eb1a65d1a450a66c8cbd794c,direct,octree_leafcount,flyby,8,1112,1112,0.8166400194,0.2231680006,1.041120052,1.095206,1,0,6,41009,35883,17,17,8945,24.928239,14.26865089,512002,0,512002,41009
cstone,d7fddfb4f8d8ada0eb1a65d1a450a66c8cbd794c,direct,octree_leafcount,flyby,8,1113,1113,0.7341120243,0.2189120054,0.9543679953,1.012826,1,0,5,40705,35617,17,17,8971,25.18741051,14.37521408,512002,0,512002,40705
cstone,d7fddfb4f8d8ada0eb1a65d1a450a66c8cbd794c,direct,octree_leafcount,flyby,8,1114,1114,0.6639680266,0.2258560061,0.8913919926,0.950396,1,0,4,40673,35589,17,17,8841,24.84194554,14.38652393,512002,0,512002,40673
cstone,d7fddfb4f8d8ada0eb1a65d1a450a66c8cbd794c,direct,octree_leafcount,flyby,8,1115,1115,0.8323199749,0.2262399942,1.059872031,1.117002,1,0,6,40681,35596,17,17,8846,24.85110687,14.3836948,512002,0,512002,40681
cstone,d7fddfb4f8d8ada0eb1a65d1a450a66c8cbd794c,direct,octree_leafcount,flyby,8,1116,1116,0.7391679883,0.2034880072,0.9440000057,1.008938,1,0,5,40417,35365,17,17,8921,25.22550544,14.47764739,512002,0,512002,40417
cstone,d7fddfb4f8d8ada0eb1a65d1a450a66c8cbd794c,direct,octree_leafcount,flyby,8,1117,1117,0.7455679774,0.2053440064,0.9522240162,1.008658,1,0,5,40169,35148,17,17,8747,24.88619552,14.56703084,512002,0,512002,40169
cstone,d7fddfb4f8d8ada0eb1a65d1a450a66c8cbd794c,direct,octree_leafcount,flyby,8,1118,1118,0.8218880296,0.2354560047,1.058655977,1.114147,1,0,6,40401,35351,17,17,8700,24.61033634,14.48338095,512002,0,512002,40401
cstone,d7fddfb4f8d8ada0eb1a65d1a450a66c8cbd794c,direct,octree_leafcount,flyby,8,1119,1119,0.7330880165,0.2022079974,0.93670398,0.991631,1,0,5,40233,35204,17,17,8860,25.16759459,14.54385865,512002,0,512002,40233
cstone,d7fddfb4f8d8ada0eb1a65d1a450a66c8cbd794c,direct,octree_leafcount,flyby,8,1120,1120,0.663327992,0.1985920072,0.8632640243,0.917438,1,0,4,40121,35106,17,17,8654,24.6510568,14.5844585,512002,0,512002,40121
cstone,d7fddfb4f8d8ada0eb1a65d1a450a66c8cbd794c,direct,octree_leafcount,flyby,8,1121,1121,0.8048319817,0.2221439928,1.028319955,1.07918,1,0,6,40353,35309,17,17,8764,24.8208672,14.50060891,512002,0,512002,40353
cstone,d7fddfb4f8d8ada0eb1a65d1a450a66c8cbd794c,direct,octree_leafcount,flyby,8,1122,1122,0.7492480278,0.2114239931,0.9619839787,1.019584,1,0,5,40241,35211,17,17,8897,25.26767203,14.54096731,512002,0,512002,40241
cstone,d7fddfb4f8d8ada0eb1a65d1a450a66c8cbd794c,direct,octree_leafcount,flyby,8,1123,1123,0.6689919829,0.2097599953,0.8800960183,0.936057,1,0,4,40177,35155,17,17,8745,24.87555113,14.56413028,512002,0,512002,40177
cstone,d7fddfb4f8d8ada0eb1a65d1a450a66c8cbd794c,direct,octree_leafcount,flyby,8,1124,1124,0.8106240034,0.2282879949,1.040256023,1.095596,1,0,6,40329,35288,17,17,8743,24.77612786,14.50923827,512002,0,512002,40329
cstone,d7fddfb4f8d8ada0eb1a65d1a450a66c8cbd794c,direct,octree_leafcount,flyby,8,1125,1125,0.7525759935,0.2282879949,0.9821760058,1.040151,1,0,5,40441,35386,17,17,8890,25.12292997,14.46905556,512002,0,512002,40441
cstone,d7fddfb4f8d8ada0eb1a65d1a450a66c8cbd794c,direct,octree_leafcount,flyby,8,1126,1126,0.661567986,0.2068479955,0.8697280288,0.926761,1,0,4,40353,35309,17,17,8687,24.60279249,14.50060891,512002,0,512002,40353
cstone,d7fddfb4f8d8ada0eb1a65d1a450a66c8cbd794c,direct,octree_leafcount,flyby,8,1127,1127,0.8239039779,0.2499199957,1.075168014,1.135275,1,0,6,40649,35568,17,17,8788,24.70760234,14.39501799,512002,0,512002,40649
cstone,d7fddfb4f8d8ada0eb1a65d1a450a66c8cbd794c,direct,octree_leafcount,flyby,8,1128,1128,0.7571200132,0.2206719965,0.9791359901,1.038948,1,0,5,40409,35358,17,17,8866,25.07494768,14.4805136,512002,0,512002,40409
cstone,d7fddfb4f8d8ada0eb1a65d1a450a66c8cbd794c,direct,octree_leafcount,flyby,8,1129,1129,0.663327992,0.2126719952,0.8773120046,0.933657,1,0,4,40305,35267,17,17,8669,24.58105311,14.5178779,512002,0,512002,40305
cstone,d7fddfb4f8d8ada0eb1a65d1a450a66c8cbd794c,direct,octree_leafcount,flyby,8,1130,1130,0.8271999955,0.2206400037,1.049152017,1.106312,1,0,6,40225,35197,17,17,8666,24.6214166,14.54675114,512002,0,512002,40225
cstone,d7fddfb4f8d8ada0eb1a65d1a450a66c8cbd794c,direct,octree_leafcount,flyby,8,1131,1131,0.7452480197,0.2287359983,0.9752960205,1.035035,1,0,5,40153,35134,17,17,8836,25.1494279,14.57283543,512002,0,512002,40153
cstone,d7fddfb4f8d8ada0eb1a65d1a450a66c8cbd794c,direct,octree_leafcount,flyby,8,1132,1132,0.6608319879,0.2650560141,0.9272320271,0.990293,1,0,4,40233,35204,17,17,8752,24.86081127,14.54385865,512002,0,512002,40233
cstone,d7fddfb4f8d8ada0eb1a65d1a450a66c8cbd794c,direct,octree_leafcount,flyby,8,1133,1133,0.8077120185,0.2593919933,1.068415999,1.130033,1,0,6,40273,35239,17,17,8754,24.8417946,14.52941343,512002,0,512002,40273
cstone,d7fddfb4f8d8ada0eb1a65d1a450a66c8cbd794c,direct,octree_leafcount,flyby,8,1134,1134,0.7560960054,0.2174399942,0.9748799801,1.035256,1,0,5,40209,35183,17,17,8932,25.38726089,14.55253958,512002,0,512002,40209
cstone,d7fddfb4f8d8ada0eb1a65d1a450a66c8cbd794c,direct,octree_leafcount,flyby,8,1135,1135,0.6608319879,0.2462400049,0.9083840251,0.968449,1,0,4,40241,35211,17,17,8765,24.89278919,14.54096731,512002,0,512002,40241
cstone,d7fddfb4f8d8ada0eb1a65d1a450a66c8cbd794c,direct,octree_leafcount,flyby,8,1136,1136,0.7999039888,0.2278719991,1.029119968,1.08906,1,0,6,40241,35211,17,17,8740,24.82178865,14.54096731,512002,0,512002,40241
cstone,d7fddfb4f8d8ada0eb1a65d1a450a66c8cbd794c,direct,octree_leafcount,flyby,8,1137,1137,0.7425919771,0.2511360049,0.9954239726,1.054274,1,0,5,40257,35225,17,17,8940,25.37970192,14.53518808,512002,0,512002,40257
cstone,d7fddfb4f8d8ada0eb1a65d1a450a66c8cbd794c,direct,octree_leafcount,flyby,8,1138,1138,0.6493120193,0.2288320065,0.8794559836,0.933127,1,0,4,40305,35267,17,17,8823,25.01772195,14.5178779,512002,0,512002,40305
cstone,d7fddfb4f8d8ada0eb1a65d1a450a66c8cbd794c,direct,octree_leafcount,flyby,8,1139,1139,0.7822719812,0.2258239985,1.009407997,1.066453,1,0,6,40025,35022,17,17,8638,24.6644966,14.61943921,512002,0,512002,40025
cstone,d7fddfb4f8d8ada0eb1a65d1a450a66c8cbd794c,direct,octree_leafcount,flyby,8,1140,1140,0.7384319901,0.2398079932,0.9795839787,1.035556,1,0,5,40217,35190,17,17,8781,24.95311168,14.54964479,512002,0,512002,40217
cstone,d7fddfb4f8d8ada0eb1a65d1a450a66c8cbd794c,direct,octree_leafcount,flyby,8,1141,1141,0.6634560227,0.2282879949,0.8930879831,0.947471,1,0,4,40409,35358,17,17,8717,24.65354375,14.4805136,512002,0,512002,40409
cstone,d7fddfb4f8d8ada0eb1a65d1a450a66c8cbd794c,direct,octree_leafcount,flyby,8,1142,1142,0.802143991,0.1821759939,0.98566401,1.037456,1,0,6,40233,35204,17,17,8692,24.69037609,14.54385865,512002,0,512002,40233
cstone,d7fddfb4f8d8ada0eb1a65d1a450a66c8cbd794c,direct,octree_leafcount,flyby,8,1143,1143,0.742560029,0.2282560021,0.9721599817,1.024474,1,0,5,40321,35281,17,17,8774,24.86890961,14.512117,512002,0,512002,40321
cstone,d7fddfb4f8d8ada0eb1a65d1a450a66c8cbd794c,direct,octree_leafcount,flyby,8,1144,1144,0.6615359783,0.2284159958,0.8912960291,0.945827,1,0,4,40377,35330,17,17,8768,24.81743561,14.49198981,512002,0,512002,40377
cstone,d7fddfb4f8d8ada0eb1a65d1a450a66c8cbd794c,direct,octree_leafcount,flyby,8,1145,1145,0.8029440045,0.2241600007,1.028447986,1.081048,1,0,6,40433,35379,17,17,8693,24.57107324,14.47191837,512002,0,512002,40433
cstone,d7fddfb4f8d8ada0eb1a65d1a450a66c8cbd794c,direct,octree_leafcount,flyby,8,1146,1146,0.7405120134,0.1981119961,0.9399359822,0.993469,1,0,5,40425,35372,17,17,8870,25.07633156,14.47478231,512002,0,512002,40425
cstone,d7fddfb4f8d8ada0eb1a65d1a450a66c8cbd794c,direct,octree_leafcount,flyby,8,1147,1147,0.6685439944,0.2181439996,0.8880000114,0.944734,1,0,4,40241,35211,17,17,8744,24.83314873,14.54096731,512002,0,512002,40241
cstone,d7fddfb4f8d8ada0eb1a65d1a450a66c8cbd794c,direct,octree_leafcount,flyby,8,1148,1148,0.7919999957,0.2001599967,0.9934719801,1.047595,1,0,6,40161,35141,17,17,8667,24.66349848,14.56993256,512002,0,512002,40161
cstone,d7fddfb4f8d8ada0eb1a65d1a450a66c8cbd794c,direct,octree_leafcount,flyby,8,1149,1149,0.7461439967,0.2366400063,0.9841279984,1.04006,1,0,5,40217,35190,17,17,8752,24.8707019,14.54964479,512002,0,512002,40217
cstone,d7fddfb4f8d8ada0eb1a65d1a450a66c8cbd794c,direct,octree_leafcount,flyby,8,1150,1150,0.6664639711,0.2365439981,0.9043520093,0.96173,1,0,4,40353,35309,17,17,8627,24.43286414,14.50060891,512002,0,512002,40353
cstone,d7fddfb4f8d8ada0eb1a65d1a450a66c8cbd794c,direct,octree_leafcount,flyby,8,1151,1151,0.8096960187,0.2056320012,1.016639948,1.072815,1,0,6,40345,35302,17,17,8557,24.23941986,14.50348422,512002,0,512002,40345
cstone,d7fddfb4f8d8ada0eb1a65d1a450a66c8cbd794c,direct,octree_leafcount,flyby,8,1152,1152,0.7291520238,0.1872320026,0.9177280068,0.972702,1,0,5,40313,35274,17,17,8673,24.58751488,14.51499688,512002,0,512002,40313
cstone,d7fddfb4f8d8ada0eb1a65d1a450a66c8cbd794c,direct,octree_leafcount,flyby,8,1153,1153,0.6538559794,0.2165440023,0.8717439771,0.922679,1,0,4,40417,35365,17,17,8622,24.38003676,14.47764739,512002,0,512002,40417
cstone,d7fddfb4f8d8ada0eb1a65d1a450a66c8cbd794c,direct,octree_leafcount,flyby,8,1154,1154,0.8151360154,0.2070080042,1.023551941,1.078945,1,0,6,40169,35148,17,17,8570,24.38261067,14.56703084,512002,0,512002,40169
cstone,d7fddfb4f8d8ada0eb1a65d1a450a66c8cbd794c,direct,octree_leafcount,flyby,8,1155,1155,0.7348480225,0.238943994,0.9751039743,1.029949,1,0,5,40505,35442,17,17,8723,24.61204221,14.44619378,512002,0,512002,40505
cstone,d7fddfb4f8d8ada0eb1a65d1a450a66c8cbd794c,direct,octree_leafcount,flyby,8,1156,1156,0.6620799899,0.2075520009,0.8709759712,0.926556,1,0,4,40433,35379,17,17,8711,24.62195087,14.47191837,512002,0,512002,40433
cstone,d7fddfb4f8d8ada0eb1a65d1a450a66c8cbd794c,direct,octree_leafcount,flyby,8,1157,1157,0.785055995,0.2303359956,1.016703963,1.071761,1,0,6,40441,35386,17,17,8623,24.36839428,14.46905556,512002,0,512002,40441
cstone,d7fddfb4f8d8ada0eb1a65d1a450a66c8cbd794c,direct,octree_leafcount,flyby,8,1158,1158,0.7456960082,0.254655987,1.001695991,1.061547,1,0,5,40497,35435,17,17,8715,24.59432764,14.44904755,512002,0,512002,40497
cstone,d7fddfb4f8d8ada0eb1a65d1a450a66c8cbd794c,direct,octree_leafcount,flyby,8,1159,1159,0.6598719954,0.2197120041,0.8809279799,0.938103,1,0,4,40465,35407,17,17,8748,24.70697885,14.46047392,512002,0,512002,40465
cstone,d7fddfb4f8d8ada0eb1a65d1a450a66c8cbd794c,direct,octree_leafcount,flyby,8,1160,1160,0.8161600232,0.2098560035,1.027359962,1.085476,1,0,6,40225,35197,17,17,8653,24.58448163,14.54675114,512002,0,512002,40225
cstone,d7fddfb4f8d8ada0eb1a65d1a450a66c8cbd794c,direct,octree_leafcount,flyby,8,1161,1161,0.7291520238,0.2177920043,0.9497280121,1.001252,1,0,5,40577,35505,17,17,8746,24.63315026,14.42056048,512002,0,512002,40577
cstone,d7fddfb4f8d8ada0eb1a65d1a450a66c8cbd794c,direct,octree_leafcount,flyby,8,1162,1162,0.6562880278,0.2047359943,0.8623679876,0.918338,1,0,4,40417,35365,17,17,8731,24.6882511,14.47764739,512002,0,512002,40417
cstone,d7fddfb4f8d8ada0eb1a65d1a450a66c8cbd794c,direct,octree_leafcount,flyby,8,1163,1163,0.7817280293,0.2140479982,0.9971200228,1.054678,1,0,6,40193,35169,17,17,8645,24.5813074,14.55833262,512002,0,512002,40193
cstone,d7fddfb4f8d8ada0eb1a65d1a450a66c8cbd794c,direct,octree_leafcount,flyby,8,1164,1164,0.7583039999,0.2523199916,1.011968017,1.073841,1,0,5,40705,35617,17,17,8742,24.54445911,14.37521408,512002,0,512002,40705
cstone,d7fddfb4f8d8ada0eb1a65d1a450a66c8cbd794c,direct,octree_leafcount,flyby,8,1165,1165,0.665727973,0.2119040042,0.8789439797,0.935339,1,0,4,40633,35554,17,17,8801,24.75389548,14.40068628,512002,0,512002,40633
cstone,d7fddfb4f8d8ada0eb1a65d1a450a66c8cbd794c,direct,octree_leafcount,flyby,8,1166,1166,0.8088639975,0.2026879936,1.012895942,1.068115,1,0,6,40177,35155,17,17,8607,24.48300384,14.56413028,512002,0,512002,40177
cstone,d7fddfb4f8d8ada0eb1a65d1a450a66c8cbd794c,direct,octree_leafcount,flyby,8,1167,1167,0.7416639924,0.2320639938,0.9751039743,1.031964,1,0,5,40705,35617,17,17,8761,24.59780442,14.37521408,512002,0,512002,40705
cstone,d7fddfb4f8d8ada0eb1a65d1a450a66c8cbd794c,direct,octree_leafcount,flyby,8,1168,1168,0.6497280002,0.2088319957,0.8598719835,0.917377,1,0,4,40465,35407,17,17,8783,24.80582936,14.46047392,512002,0,512002,40465
cstone,d7fddfb4f8d8ada0eb1a65d1a450a66c8cbd794c,direct,octree_leafcount,flyby,8,1169,1169,0.8072000146,0.2016640007,1.010303974,1.0647,1,0,6,40417,35365,17,17,8705,24.61473208,14.47764739,512002,0,512002,40417
cstone,d7fddfb4f8d8ada0eb1a65d1a450a66c8cbd794c,direct,octree_leafcount,flyby,8,1170,1170,0.7367680073,0.2303040028,0.9683840275,1.023657,1,0,5,40529,35463,17,17,8689,24.50159321,14.43763923,512002,0,512002,40529
cstone,d7fddfb4f8d8ada0eb1a65d1a450a66c8cbd794c,direct,octree_leafcount,flyby,8,1171,1171,0.6604480147,0.2062080055,0.8679680228,0.923666,1,0,4,40393,35344,17,17,8850,25.03961068,14.48624943,512002,0,512002,40393
cstone,d7fddfb4f8d8ada0eb1a65d1a450a66c8cbd794c,direct,octree_leafcount,flyby,8,1172,1172,0.8040639758,0.2430720031,1.048480034,1.106565,1,0,6,40609,35533,17,17,8831,24.85295359,14.40919708,512002,0,512002,40609
cstone,d7fddfb4f8d8ada0eb1a65d1a450a66c8cbd794c,direct,octree_leafcount,flyby,8,1173,1173,0.7444800138,0.2385279983,0.9843519926,1.041239,1,0,5,40665,35582,17,17,8775,24.66134562,14.38935417,512002,0,512002,40665
cstone,d7fddfb4f8d8ada0eb1a65d1a450a66c8cbd794c,direct,octree_leafcount,flyby,8,1174,1174,0.7160639763,0.2042559981,0.9216639996,0.986855,1,0,5,40361,35316,17,17,8864,25.09910522,14.49773474,512002,0,512002,40361
cstone,d7fddfb4f8d8ada0eb1a65d1a450a66c8cbd794c,direct,octree_leafcount,flyby,8,1175,1175,0.8163200021,0.2433280051,1.060992002,1.117845,1,0,6,40385,35337,17,17,8688,24.58612785,14.48911905,512002,0,512002,40385
cstone,d7fddfb4f8d8ada0eb1a65d1a450a66c8cbd794c,direct,octree_leafcount,flyby,8,1176,1176,0.6470720172,0.2265280038,0.8749439716,0.931846,1,0,4,40609,35533,17,17,8666,24.38859652,14.40919708,512002,0,512002,40609
cstone,d7fddfb4f8d8ada0eb1a65d1a450a66c8cbd794c,direct,octree_leafcount,flyby,8,1177,1177,0.7442560196,0.2313919961,0.9769600034,1.036866,1,0,5,40481,35421,17,17,8842,24.96259281,14.45475848,512002,0,512002,40481
cstone,d7fddfb4f8d8ada0eb1a65d1a450a66c8cbd794c,direct,octree_leafcount,flyby,8,1178,1178,0.8122879863,0.2211199999,1.034752011,1.093233,1,0,6,40169,35148,17,17,8742,24.87196996,14.56703084,512002,0,512002,40169
cstone,d7fddfb4f8d8ada0eb1a65d1a450a66c8cbd794c,direct,octree_leafcount,flyby,8,1179,1179,0.6538879871,0.2340800017,0.8892800212,0.94604,1,0,4,40385,35337,17,17,8703,24.62857628,14.48911905,512002,0,512002,40385
cstone,d7fddfb4f8d8ada0eb1a65d1a450a66c8cbd794c,direct,octree_leafcount,flyby,8,1180,1180,0.7311040163,0.2067520022,0.9391999841,0.995095,1,0,5,40361,35316,17,17,8763,24.81311587,14.49773474,512002,0,512002,40361
cstone,d7fddfb4f8d8ada0eb1a65d1a450a66c8cbd794c,direct,octree_leafcount,flyby,8,1181,1181,0.8072000146,0.2083519995,1.016896009,1.073966,1,0,6,40289,35253,17,17,8738,24.78654299,14.52364338,512002,0,512002,40289
cstone,d7fddfb4f8d8ada0eb1a65d1a450a66c8cbd794c,direct,octree_leafcount,flyby,8,1182,1182,0.6529600024,0.2003200054,0.8546239734,0.911706,1,0,4,40009,35008,17,17,8565,24.46583638,14.62528565,512002,0,512002,40009
cstone,d7fddfb4f8d8ada0eb1a65d1a450a66c8cbd794c,direct,octree_leafcount,flyby,8,1183,1183,0.7482879758,0.2416000068,0.9911999702,1.048263,1,0,5,40081,35071,17,17,8737,24.91232072,14.59901343,512002,0,512002,40081
cstone,d7fddfb4f8d8ada0eb1a65d1a450a66c8cbd794c,direct,octree_leafcount,flyby,8,1184,1184,0.813567996,0.2319359928,1.046848059,1.10548,1,0,6,40329,35288,17,17,8713,24.69111313,14.50923827,512002,0,512002,40329
cstone,d7fddfb4f8d8ada0eb1a65d1a450a66c8cbd794c,direct,octree_leafcount,flyby,8,1185,1185,0.6514239907,0.205024004,0.8577920198,0.912692,1,0,4,40281,35246,17,17,8603,24.40844351,14.52652783,512002,0,512002,40281
cstone,d7fddfb4f8d8ada0eb1a65d1a450a66c8cbd794c,direct,octree_leafcount,flyby,8,1186,1186,0.732927978,0.2139520049,0.9482240081,1.004998,1,0,5,40201,35176,17,17,8689,24.70150102,14.55543552,512002,0,512002,40201
cstone,d7fddfb4f8d8ada0eb1a65d1a450a66c8cbd794c,direct,octree_leafcount,flyby,8,1187,1187,0.8019199967,0.2026560009,1.005887985,1.059655,1,0,6,40201,35176,17,17,8585,24.40584489,14.55543552,512002,0,512002,40201
cstone,d7fddfb4f8d8ada0eb1a65d1a450a66c8cbd794c,direct,octree_leafcount,flyby,8,1188,1188,0.6587520242,0.2019840032,0.8620479703,0.917264,1,0,4,40105,35092,17,17,8534,24.31893309,14.59027699,512002,0,512002,40105
cstone,d7fddfb4f8d8ada0eb1a65d1a450a66c8cbd794c,direct,octree_leafcount,flyby,8,1189,1189,0.7197759748,0.209920004,0.931039989,0.979552,1,0,5,40225,35197,17,17,8835,25.10157116,14.54675114,512002,0,512002,40225
cstone,d7fddfb4f8d8ada0eb1a65d1a450a66c8cbd794c,direct,octree_leafcount,flyby,8,1190,1190,0.8201919794,0.238432005,1.059936047,1.118159,1,0,6,40257,35225,17,17,8750,24.84031228,14.53518808,512002,0,512002,40257
cstone,d7fddfb4f8d8ada0eb1a65d1a450a66c8cbd794c,direct,octree_leafcount,flyby,8,1191,1191,0.6653439999,0.2499520034,0.916607976,0.978389,1,0,4,40345,35302,17,17,8659,24.52835533,14.50348422,512002,0,512002,40345
cstone,d7fddfb4f8d8ada0eb1a65d1a450a66c8cbd794c,direct,octree_leafcount,flyby,8,1192,1192,0.7391679883,0.2101120055,0.9506239891,1.008252,1,0,5,40217,35190,17,17,8825,25.0781472,14.54964479,512002,0,512002,40217
cstone,d7fddfb4f8d8ada0eb1a65d1a450a66c8cbd794c,direct,octree_leafcount,flyby,8,1193,1193,0.7973120213,0.2273280025,1.025951982,1.0794,1,0,6,40513,35449,17,17,8736,24.64385455,14.44334114,512002,0,512002,40513
cstone,d7fddfb4f8d8ada0eb1a65d1a450a66c8cbd794c,direct,octree_leafcount,flyby,8,1194,1194,0.6434239745,0.2023359984,0.847104013,0.902406,1,0,4,40137,35120,17,17,8584,24.44191344,14.57864465,512002,0,512002,40137
cstone,d7fddfb4f8d8ada0eb1a65d1a450a66c8cbd794c,direct,octree_leafcount,flyby,8,1195,1195,0.7318080068,0.2206400037,0.953791976,1.005998,1,0,5,40225,35197,17,17,8825,25.07315964,14.54675114,512002,0,512002,40225
cstone,d7fddfb4f8d8ada0eb1a65d1a450a66c8cbd794c,direct,octree_leafcount,flyby,8,1196,1196,0.7907519937,0.2165440023,1.008640051,1.059045,1,0,6,40817,35715,17,17,8941,25.03429931,14.33576928,512002,0,512002,40817
cstone,d7fddfb4f8d8ada0eb1a65d1a450a66c8cbd794c,direct,octree_leafcount,flyby,8,1197,1197,0.6495040059,0.2108799964,0.8616960049,0.917234,1,0,4,40273,35239,17,17,8729,24.77085048,14.52941343,512002,0,512002,40273
cstone,d7fddfb4f8d8ada0eb1a65d1a450a66c8cbd794c,direct,octree_leafcount,flyby,8,1198,1198,0.7340480089,0.2274239957,0.9627839923,1.0224,1,0,5,40449,35393,17,17,8875,25.07557992,14.46619388,512002,0,512002,40449
cstone,d7fddfb4f8d8ada0eb1a65d1a450a66c8cbd794c,direct,octree_leafcount,flyby,8,1199,1199,0.7832000256,0.2226880044,1.007231951,1.062508,1,0,6,40585,35512,17,17,8841,24.89580987,14.41771795,512002,0,512002,40585
cstone,d7fddfb4f8d8ada0eb1a65d1a450a66c8cbd794c,direct,octree_leafcount,flyby,8,1200,1200,0.6593919992,0.2426239997,0.9033600092,0.971296,1,0,4,40041,35036,17,17,8692,24.80876812,14.61359744,512002,0,512002,40041
