version,commit,path,config,dataset,run,snapshot,frame_id,tree_update_ms,view_ms,total_ms,wall_ms,attempts,maintenance_ms,iterations,num_nodes,num_leaves,max_depth,max_depth_octree_equiv,num_empty_leaves,empty_leaf_pct,avg_particles_per_leaf,particles_active,particles_escaped,particle_slots,lib_num_nodes
cstone,d7fddfb4f8d8ada0eb1a65d1a450a66c8cbd794c,direct,octree_leafcount,flyby,4,0,0,nan,nan,nan,nan,0,0,7,43825,38347,17,17,22089,57.60294156,13.3518137,512002,0,512002,43825
cstone,d7fddfb4f8d8ada0eb1a65d1a450a66c8cbd794c,direct,octree_leafcount,flyby,4,1,1,0.5476480126,0.1858559996,0.7348480225,0.792386,1,0,3,43673,38214,17,17,22026,57.63856178,13.39828335,512002,0,512002,43673
cstone,d7fddfb4f8d8ada0eb1a65d1a450a66c8cbd794c,direct,octree_leafcount,flyby,4,2,2,0.5543360114,0.2452159971,0.8008959889,0.858813,1,0,3,43849,38368,17,17,22103,57.60790242,13.34450584,512002,0,512002,43849
cstone,d7fddfb4f8d8ada0eb1a65d1a450a66c8cbd794c,direct,octree_leafcount,flyby,4,3,3,0.4974719882,0.2441920042,0.7429760098,0.80094,1,0,2,43905,38417,17,17,22135,57.61772132,13.32748523,512002,0,512002,43905
cstone,d7fddfb4f8d8ada0eb1a65d1a450a66c8cbd794c,direct,octree_leafcount,flyby,4,4,4,0.5553280115,0.2416000068,0.7982720137,0.856933,1,0,3,43985,38487,17,17,22173,57.61166108,13.30324525,512002,0,512002,43985
cstone,d7fddfb4f8d8ada0eb1a65d1a450a66c8cbd794c,direct,octree_leafcount,flyby,4,5,5,0.5264000297,0.2094720006,0.7371839881,0.796169,1,0,3,43753,38284,17,17,22001,57.4678717,13.37378539,512002,0,512002,43753
cstone,d7fddfb4f8d8ada0eb1a65d1a450a66c8cbd794c,direct,octree_leafcount,flyby,4,6,6,0.5228800178,0.2038079947,0.7280319929,0.783015,1,0,3,43673,38214,17,17,21925,57.37426074,13.39828335,512002,0,512002,43673
cstone,d7fddfb4f8d8ada0eb1a65d1a450a66c8cbd794c,direct,octree_leafcount,flyby,4,7,7,0.5681279898,0.2308800071,0.8003519773,0.855537,1,0,3,43977,38480,17,17,22023,57.23232848,13.30566528,512002,0,512002,43977
cstone,d7fddfb4f8d8ada0eb1a65d1a450a66c8cbd794c,direct,octree_leafcount,flyby,4,8,8,0.6224640012,0.2244160026,0.8482239842,0.90572,1,0,4,43689,38228,17,17,21793,57.00795229,13.39337658,512002,0,512002,43689
cstone,d7fddfb4f8d8ada0eb1a65d1a450a66c8cbd794c,direct,octree_leafcount,flyby,4,9,9,0.5577279925,0.2274879962,0.786559999,0.840643,1,0,3,43745,38277,17,17,21805,56.96632442,13.37623116,512002,0,512002,43745
cstone,d7fddfb4f8d8ada0eb1a65d1a450a66c8cbd794c,direct,octree_leafcount,flyby,4,10,10,0.6287680268,0.2042559981,0.8343679905,0.889006,1,0,4,43745,38277,17,17,21704,56.7024584,13.37623116,512002,0,512002,43745
cstone,d7fddfb4f8d8ada0eb1a65d1a450a66c8cbd794c,direct,octree_leafcount,flyby,4,11,11,0.6195520163,0.2153600007,0.8362560272,0.89374,1,0,4,43601,38151,17,17,21649,56.74556368,13.42040838,512002,0,512002,43601
cstone,d7fddfb4f8d8ada0eb1a65d1a450a66c8cbd794c,direct,octree_leafcount,flyby,4,12,12,0.6215680242,0.2241919935,0.8470720053,0.898517,1,0,4,43665,38207,17,17,21628,56.60742796,13.40073808,512002,0,512002,43665
cstone,d7fddfb4f8d8ada0eb1a65d1a450a66c8cbd794c,direct,octree_leafcount,flyby,4,13,13,0.7948799729,0.1974080056,0.9936000109,1.049645,1,0,6,43625,38172,17,17,21456,56.20873939,13.41302525,512002,0,512002,43625
cstone,d7fddfb4f8d8ada0eb1a65d1a450a66c8cbd794c,direct,octree_leafcount,flyby,4,14,14,0.7117760181,0.2393919975,0.9525120258,1.008482,1,0,5,44009,38508,17,17,21489,55.80398878,13.29599044,512002,0,512002,44009
cstone,d7fddfb4f8d8ada0eb1a65d1a450a66c8cbd794c,direct,octree_leafcount,flyby,4,15,15,0.8302400112,0.2888959944,1.120704055,1.182027,1,0,6,44313,38774,17,17,21464,55.35668231,13.2047764,512002,0,512002,44313
cstone,d7fddfb4f8d8ada0eb1a65d1a450a66c8cbd794c,direct,octree_leafcount,flyby,4,16,16,0.7331519723,0.2531520128,0.9876480103,1.049104,1,0,5,44489,38928,17,17,21452,55.10686395,13.15253802,512002,0,512002,44489
cstone,d7fddfb4f8d8ada0eb1a65d1a450a66c8cbd794c,direct,octree_leafcount,flyby,4,17,17,0.7025920153,0.1981119961,0.9020479918,0.956943,1,0,5,44289,38753,17,17,21044,54.30289268,13.21193198,512002,0,512002,44289
cstone,d7fddfb4f8d8ada0eb1a65d1a450a66c8cbd794c,direct,octree_leafcount,flyby,4,18,18,0.832768023,0.2290560007,1.063168049,1.117499,1,0,6,44321,38781,17,17,20893,53.8743199,13.20239292,512002,0,512002,44321
cstone,d7fddfb4f8d8ada0eb1a65d1a450a66c8cbd794c,direct,octree_leafcount,flyby,4,19,19,0.7176640034,0.2173119932,0.9363200068,0.99424,1,0,5,44017,38515,17,17,20591,53.46228742,13.29357393,512002,0,512002,44017
cstone,d7fddfb4f8d8ada0eb1a65d1a450a66c8cbd794c,direct,octree_leafcount,flyby,4,20,20,0.8176000118,0.2580159903,1.076959968,1.146367,1,0,6,44129,38613,17,17,20509,53.11423614,13.25983477,512002,0,512002,44129
cstone,d7fddfb4f8d8ada0eb1a65d1a450a66c8cbd794c,direct,octree_leafcount,flyby,4,21,21,0.8129919767,0.2310400009,1.045567989,1.107277,1,0,6,43985,38487,17,17,20271,52.66973264,13.30324525,512002,0,512002,43985
cstone,d7fddfb4f8d8ada0eb1a65d1a450a66c8cbd794c,direct,octree_leafcount,flyby,4,22,22,0.7261760235,0.2043520063,0.9318400025,0.987338,1,0,5,43849,38368,17,17,20034,52.21538782,13.34450584,512002,0,512002,43849
cstone,d7fddfb4f8d8ada0eb1a65d1a450a66c8cbd794c,direct,octree_leafcount,flyby,4,23,23,0.6623039842,0.2335679978,0.897216022,0.951199,1,0,4,43969,38473,17,17,19812,51.49585424,13.30808619,512002,0,512002,43969
cstone,d7fddfb4f8d8ada0eb1a65d1a450a66c8cbd794c,direct,octree_leafcount,flyby,4,24,24,0.657664001,0.1899199933,0.8488960266,0.900225,1,0,4,43633,38179,17,17,19508,51.09615234,13.41056602,512002,0,512002,43633
cstone,d7fddfb4f8d8ada0eb1a65d1a450a66c8cbd794c,direct,octree_leafcount,flyby,4,25,25,0.7373120189,0.2329279929,0.9715520144,1.02623,1,0,5,44049,38543,17,17,19656,50.99758711,13.28391666,512002,0,512002,44049
cstone,d7fddfb4f8d8ada0eb1a65d1a450a66c8cbd794c,direct,octree_leafcount,flyby,4,26,26,0.8289600015,0.2282879949,1.058591962,1.113128,1,0,6,44289,38753,17,17,19633,50.66188424,13.21193198,512002,0,512002,44289
cstone,d7fddfb4f8d8ada0eb1a65d1a450a66c8cbd794c,direct,octree_leafcount,flyby,4,27,27,0.8345599771,0.2503359914,1.086207986,1.139188,1,0,6,45185,39537,17,17,19857,50.22384096,12.94994562,512002,0,512002,45185
cstone,d7fddfb4f8d8ada0eb1a65d1a450a66c8cbd794c,direct,octree_leafcount,flyby,4,28,28,0.8317120075,0.2431679964,1.076256037,1.132432,1,0,6,45209,39558,17,17,19402,49.04696901,12.94307093,512002,0,512002,45209
cstone,d7fddfb4f8d8ada0eb1a65d1a450a66c8cbd794c,direct,octree_leafcount,flyby,4,29,29,0.796736002,0.2057600021,1.003872037,1.058533,1,0,6,44529,38963,18,18,18895,48.49472577,13.14072325,512002,0,512002,44529
cstone,d7fddfb4f8d8ada0eb1a65d1a450a66c8cbd794c,direct,octree_leafcount,flyby,4,30,30,0.8038399816,0.2057600021,1.010944009,1.065659,1,0,6,44449,38893,17,17,18531,47.64610598,13.16437405,512002,0,512002,44449
cstone,d7fddfb4f8d8ada0eb1a65d1a450a66c8cbd794c,direct,octree_leafcount,flyby,4,31,31,0.7925440073,0.2349759936,1.028864026,1.085854,1,0,6,44785,39187,17,17,18543,47.31926404,13.06560849,512002,0,512002,44785
cstone,d7fddfb4f8d8ada0eb1a65d1a450a66c8cbd794c,direct,octree_leafcount,flyby,4,32,32,0.7671359777,0.2022079974,0.9706879854,1.025015,1,0,6,44657,39075,17,17,18503,47.35252719,13.10305822,512002,0,512002,44657
cstone,d7fddfb4f8d8ada0eb1a65d1a450a66c8cbd794c,direct,octree_leafcount,flyby,4,33,33,0.8009279966,0.2334399968,1.03619206,1.095757,1,0,6,44129,38613,17,17,18153,47.01266413,13.25983477,512002,0,512002,44129
cstone,d7fddfb4f8d8ada0eb1a65d1a450a66c8cbd794c,direct,octree_leafcount,flyby,4,34,34,0.7206400037,0.2420479953,0.964064002,1.021866,1,0,5,44249,38718,17,17,18062,46.65013689,13.2238752,512002,0,512002,44249
cstone,d7fddfb4f8d8ada0eb1a65d1a450a66c8cbd794c,direct,octree_leafcount,flyby,4,35,35,0.797088027,0.2241919935,1.022752047,1.075801,1,0,6,45081,39446,17,17,18227,46.20747351,12.97982051,512002,0,512002,45081
cstone,d7fddfb4f8d8ada0eb1a65d1a450a66c8cbd794c,direct,octree_leafcount,flyby,4,36,36,0.8307520151,0.227264002,1.05932796,1.113235,1,0,6,45409,39733,17,17,18345,46.17068935,12.88606448,512002,0,512002,45409
cstone,d7fddfb4f8d8ada0eb1a65d1a450a66c8cbd794c,direct,octree_leafcount,flyby,4,37,37,0.795584023,0.2134719938,1.01036799,1.060842,1,0,6,45553,39859,17,17,18263,45.81901202,12.84532979,512002,0,512002,45553
cstone,d7fddfb4f8d8ada0eb1a65d1a450a66c8cbd794c,direct,octree_leafcount,flyby,4,38,38,0.8031359911,0.184799999,0.9892799854,1.040227,1,0,6,44945,39327,17,17,17674,44.94113459,13.0190963,512002,0,512002,44945
cstone,d7fddfb4f8d8ada0eb1a65d1a450a66c8cbd794c,direct,octree_leafcount,flyby,4,39,39,0.8768000007,0.2252160013,1.103360057,1.157788,1,0,7,45137,39495,17,17,17939,45.42093936,12.96371693,512002,0,512002,45137
cstone,d7fddfb4f8d8ada0eb1a65d1a450a66c8cbd794c,direct,octree_leafcount,flyby,4,40,40,0.7444159985,0.2513599992,0.9970880151,1.050561,1,0,5,45761,40041,17,17,18036,45.04383007,12.78694338,512002,0,512002,45761
cstone,d7fddfb4f8d8ada0eb1a65d1a450a66c8cbd794c,direct,octree_leafcount,flyby,4,41,41,0.7984319925,0.2001599967,0.9999359846,1.052988,1,0,6,45601,39901,17,17,17592,44.08912057,12.83180873,512002,0,512002,45601
cstone,d7fddfb4f8d8ada0eb1a65d1a450a66c8cbd794c,direct,octree_leafcount,flyby,4,42,42,0.8297280073,0.2568959892,1.087967992,1.152455,1,0,6,45409,39733,17,17,17202,43.29398737,12.88606448,512002,0,512002,45409
cstone,d7fddfb4f8d8ada0eb1a65d1a450a66c8cbd794c,direct,octree_leafcount,flyby,4,43,43,0.9205120206,0.2391359955,1.160992026,1.222904,1,0,7,45297,39635,17,17,17028,42.96202851,12.91792608,512002,0,512002,45297
cstone,d7fddfb4f8d8ada0eb1a65d1a450a66c8cbd794c,direct,octree_leafcount,flyby,4,44,44,0.7387199998,0.2383359969,0.978399992,1.038474,1,0,5,45337,39670,17,17,16868,42.52079657,12.90652886,512002,0,512002,45337
cstone,d7fddfb4f8d8ada0eb1a65d1a450a66c8cbd794c,direct,octree_leafcount,flyby,4,45,45,0.8001919985,0.2201599926,1.021664023,1.074643,1,0,6,45353,39684,17,17,16655,41.96905554,12.90197561,512002,0,512002,45353
cstone,d7fddfb4f8d8ada0eb1a65d1a450a66c8cbd794c,direct,octree_leafcount,flyby,4,46,46,0.8187839985,0.2216639966,1.041759968,1.093904,1,0,6,45465,39782,17,17,16678,41.92348298,12.87019255,512002,0,512002,45465
cstone,d7fddfb4f8d8ada0eb1a65d1a450a66c8cbd794c,direct,octree_leafcount,flyby,4,47,47,0.8837760091,0.2011840045,1.086272001,1.142393,1,0,7,45233,39579,17,17,16448,41.55739155,12.93620354,512002,0,512002,45233
cstone,d7fddfb4f8d8ada0eb1a65d1a450a66c8cbd794c,direct,octree_leafcount,flyby,4,48,48,0.8949120045,0.2281599939,1.124384046,1.178955,1,0,7,45377,39705,17,17,16280,41.00239265,12.89515174,512002,0,512002,45377
cstone,d7fddfb4f8d8ada0eb1a65d1a450a66c8cbd794c,direct,octree_leafcount,flyby,4,49,49,0.80400002,0.2165440023,1.021888018,1.081716,1,0,6,44801,39201,17,17,15965,40.72600189,13.06094232,512002,0,512002,44801
cstone,d7fddfb4f8d8ada0eb1a65d1a450a66c8cbd794c,direct,octree_leafcount,flyby,4,50,50,0.7409920096,0.2010239959,0.943328023,0.996831,1,0,5,44609,39033,17,17,15886,40.69889581,13.11715728,512002,0,512002,44609
cstone,d7fddfb4f8d8ada0eb1a65d1a450a66c8cbd794c,direct,octree_leafcount,flyby,4,51,51,0.8077440262,0.2001599967,1.009215951,1.062015,1,0,6,44577,39005,17,17,15882,40.71785669,13.12657352,512002,0,512002,44577
cstone,d7fddfb4f8d8ada0eb1a65d1a450a66c8cbd794c,direct,octree_leafcount,flyby,4,52,52,0.8337280154,0.2379200011,1.072960019,1.131046,1,0,6,44913,39299,17,17,16024,40.77457442,13.02837222,512002,0,512002,44913
cstone,d7fddfb4f8d8ada0eb1a65d1a450a66c8cbd794c,direct,octree_leafcount,flyby,4,53,53,0.7970560193,0.2022400051,1.000671983,1.054857,1,0,6,44825,39222,17,17,15884,40.49767987,13.05394931,512002,0,512002,44825
cstone,d7fddfb4f8d8ada0eb1a65d1a450a66c8cbd794c,direct,octree_leafcount,flyby,4,54,54,0.8232319951,0.2186879963,1.043264031,1.095347,1,0,6,45001,39376,17,17,15802,40.13104429,13.00289516,512002,0,512002,45001
cstone,d7fddfb4f8d8ada0eb1a65d1a450a66c8cbd794c,direct,octree_leafcount,flyby,4,55,55,0.8096960187,0.2246080041,1.035647988,1.089983,1,0,6,45065,39432,17,17,15886,40.28707649,12.98442889,512002,0,512002,45065
cstone,d7fddfb4f8d8ada0eb1a65d1a450a66c8cbd794c,direct,octree_leafcount,flyby,4,56,56,0.8082879782,0.2211199999,1.030719995,1.084064,1,0,6,45209,39558,17,17,15666,39.60260883,12.94307093,512002,0,512002,45209
cstone,d7fddfb4f8d8ada0eb1a65d1a450a66c8cbd794c,direct,octree_leafcount,flyby,4,57,57,0.8313599825,0.2073280066,1.040063977,1.09665,1,0,6,45017,39390,17,17,15458,39.24346281,12.99827367,512002,0,512002,45017
cstone,d7fddfb4f8d8ada0eb1a65d1a450a66c8cbd794c,direct,octree_leafcount,flyby,4,58,58,0.8261119723,0.2073280066,1.034816027,1.089342,1,0,6,44849,39243,17,17,15279,38.93433224,13.04696379,512002,0,512002,44849
cstone,d7fddfb4f8d8ada0eb1a65d1a450a66c8cbd794c,direct,octree_leafcount,flyby,4,59,59,0.8028799891,0.2186239958,1.02284801,1.075046,1,0,6,45073,39439,17,17,15427,39.11610335,12.98212429,512002,0,512002,45073
cstone,d7fddfb4f8d8ada0eb1a65d1a450a66c8cbd794c,direct,octree_leafcount,flyby,4,60,60,0.9668800235,0.2170239985,1.18521595,1.243872,1,0,8,44793,39194,17,17,15335,39.12588662,13.06327499,512002,0,512002,44793
cstone,d7fddfb4f8d8ada0eb1a65d1a450a66c8cbd794c,direct,octree_leafcount,flyby,4,61,61,0.8368319869,0.2462400049,1.084416032,1.143957,1,0,6,44801,39201,17,17,15413,39.31787454,13.06094232,512002,0,512002,44801
cstone,d7fddfb4f8d8ada0eb1a65d1a450a66c8cbd794c,direct,octree_leafcount,flyby,4,62,62,0.8201280236,0.2329919934,1.054432034,1.110879,1,0,6,44977,39355,17,17,15318,38.92262737,13.00983357,512002,0,512002,44977
cstone,d7fddfb4f8d8ada0eb1a65d1a450a66c8cbd794c,direct,octree_leafcount,flyby,4,63,63,0.8326399922,0.1909440011,1.024896026,1.075602,1,0,6,44649,39068,17,17,15190,38.88092557,13.10540596,512002,0,512002,44649
cstone,d7fddfb4f8d8ada0eb1a65d1a450a66c8cbd794c,direct,octree_leafcount,flyby,4,64,64,0.7873600125,0.2149759978,1.003679991,1.052741,1,0,6,44777,39180,17,17,15101,38.54262379,13.06794283,512002,0,512002,44777
cstone,d7fddfb4f8d8ada0eb1a65d1a450a66c8cbd794c,direct,octree_leafcount,flyby,4,65,65,0.8236479759,0.201759994,1.027135968,1.081757,1,0,6,44625,39047,17,17,14906,38.17450764,13.11245422,512002,0,512002,44625
cstone,d7fddfb4f8d8ada0eb1a65d1a450a66c8cbd794c,direct,octree_leafcount,flyby,4,66,66,0.7962560058,0.1960639954,0.9936640263,1.045858,1,0,6,44441,38886,17,17,14799,38.05739855,13.16674382,512002,0,512002,44441
cstone,d7fddfb4f8d8ada0eb1a65d1a450a66c8cbd794c,direct,octree_leafcount,flyby,4,67,67,0.7433279753,0.2226880044,0.9673920274,1.020036,1,0,5,44545,38977,17,17,14792,37.95058624,13.13600328,512002,0,512002,44545
cstone,d7fddfb4f8d8ada0eb1a65d1a450a66c8cbd794c,direct,octree_leafcount,flyby,4,68,68,0.8290560246,0.2267840058,1.057183981,1.109076,1,0,6,45041,39411,17,17,14975,37.99700591,12.99134759,512002,0,512002,45041
cstone,d7fddfb4f8d8ada0eb1a65d1a450a66c8cbd794c,direct,octree_leafcount,flyby,4,69,69,0.8145599961,0.2068479955,1.022752047,1.079196,1,0,6,44329,38788,17,17,14562,37.54253893,13.20001031,512002,0,512002,44329
cstone,d7fddfb4f8d8ada0eb1a65d1a450a66c8cbd794c,direct,octree_leafcount,flyby,4,70,70,0.7324799895,0.2570239902,0.9909440279,1.053893,1,0,5,44777,39180,17,17,14583,37.22052067,13.06794283,512002,0,512002,44777
cstone,d7fddfb4f8d8ada0eb1a65d1a450a66c8cbd794c,direct,octree_leafcount,flyby,4,71,71,0.8214399815,0.250752002,1.073536038,1.132341,1,0,6,45025,39397,17,17,14811,37.59423306,12.99596416,512002,0,512002,45025
cstone,d7fddfb4f8d8ada0eb1a65d1a450a66c8cbd794c,direct,octree_leafcount,flyby,4,72,72,0.7243520021,0.1992000043,0.9248639941,0.975822,1,0,5,44889,39278,17,17,14734,37.51209328,13.03533785,512002,0,512002,44889
cstone,d7fddfb4f8d8ada0eb1a65d1a450a66c8cbd794c,direct,octree_leafcount,flyby,4,73,73,0.7906879783,0.1847680062,0.9768000245,1.026322,1,0,6,44601,39026,17,17,14744,37.77994158,13.11951007,512002,0,512002,44601
cstone,d7fddfb4f8d8ada0eb1a65d1a450a66c8cbd794c,direct,octree_leafcount,flyby,4,74,74,0.8173440099,0.2231999934,1.04185605,1.094135,1,0,6,44697,39110,17,17,14648,37.45333674,13.09133214,512002,0,512002,44697
cstone,d7fddfb4f8d8ada0eb1a65d1a450a66c8cbd794c,direct,octree_leafcount,flyby,4,75,75,0.812319994,0.2380799949,1.051743984,1.107648,1,0,6,44921,39306,17,17,14675,37.33526688,13.026052,512002,0,512002,44921
cstone,d7fddfb4f8d8ada0eb1a65d1a450a66c8cbd794c,direct,octree_leafcount,flyby,4,76,76,0.7333120108,0.1970880032,0.9317439795,0.985145,1,0,5,44905,39292,17,17,14706,37.42746615,13.03069327,512002,0,512002,44905
cstone,d7fddfb4f8d8ada0eb1a65d1a450a66c8cbd794c,direct,octree_leafcount,flyby,4,77,77,0.8059520125,0.2073920071,1.014688015,1.071,1,0,6,44729,39138,17,17,14444,36.90530942,13.08196638,512002,0,512002,44729
cstone,d7fddfb4f8d8ada0eb1a65d1a450a66c8cbd794c,direct,octree_leafcount,flyby,4,78,78,0.7430719733,0.2375359982,0.9819520116,1.039026,1,0,5,44825,39222,17,17,14637,37.31834175,13.05394931,512002,0,512002,44825
cstone,d7fddfb4f8d8ada0eb1a65d1a450a66c8cbd794c,direct,octree_leafcount,flyby,4,79,79,0.802143991,0.2052800059,1.00880003,1.064368,1,0,6,44673,39089,17,17,14326,36.64969685,13.09836527,512002,0,512002,44673
cstone,d7fddfb4f8d8ada0eb1a65d1a450a66c8cbd794c,direct,octree_leafcount,flyby,4,80,80,0.7189440131,0.2001599967,0.9204159975,0.975272,1,0,5,44537,38970,17,17,14200,36.43828586,13.13836284,512002,0,512002,44537
cstone,d7fddfb4f8d8ada0eb1a65d1a450a66c8cbd794c,direct,octree_leafcount,flyby,4,81,81,0.7267199755,0.2134719938,0.9416000247,0.993802,1,0,5,44697,39110,17,17,14262,36.46637689,13.09133214,512002,0,512002,44697
cstone,d7fddfb4f8d8ada0eb1a65d1a450a66c8cbd794c,direct,octree_leafcount,flyby,4,82,82,0.8760960102,0.2088319957,1.086240053,1.141789,1,0,7,44465,38907,17,17,14246,36.61551906,13.15963708,512002,0,512002,44465
cstone,d7fddfb4f8d8ada0eb1a65d1a450a66c8cbd794c,direct,octree_leafcount,flyby,4,83,83,0.7478079796,0.2196480036,0.9687680006,1.028787,1,0,5,44465,38907,17,17,14370,36.93422777,13.15963708,512002,0,512002,44465
cstone,d7fddfb4f8d8ada0eb1a65d1a450a66c8cbd794c,direct,octree_leafcount,flyby,4,84,84,0.8119360209,0.220351994,1.03363204,1.091134,1,0,6,44025,38522,17,17,14009,36.36623228,13.2911583,512002,0,512002,44025
cstone,d7fddfb4f8d8ada0eb1a65d1a450a66c8cbd794c,direct,octree_leafcount,flyby,4,85,85,0.7479680181,0.2405440062,0.989823997,1.046563,1,0,5,44569,38998,17,17,14284,36.62751936,13.12892969,512002,0,512002,44569
cstone,d7fddfb4f8d8ada0eb1a65d1a450a66c8cbd794c,direct,octree_leafcount,flyby,4,86,86,0.878271997,0.2063039988,1.085919976,1.143055,1,0,7,44401,38851,17,17,14068,36.21013616,13.17860544,512002,0,512002,44401
cstone,d7fddfb4f8d8ada0eb1a65d1a450a66c8cbd794c,direct,octree_leafcount,flyby,4,87,87,0.7367359996,0.2023040056,0.9403520226,0.995491,1,0,5,44201,38676,17,17,13950,36.06887993,13.2382356,512002,0,512002,44201
cstone,d7fddfb4f8d8ada0eb1a65d1a450a66c8cbd794c,direct,octree_leafcount,flyby,4,88,88,0.7236800194,0.2083519995,0.9333760142,0.987252,1,0,5,43793,38319,17,17,13673,35.68203763,13.36156998,512002,0,512002,43793
cstone,d7fddfb4f8d8ada0eb1a65d1a450a66c8cbd794c,direct,octree_leafcount,flyby,4,89,89,0.8051840067,0.2247360051,1.031231999,1.085011,1,0,6,43993,38494,17,17,13730,35.6678963,13.3008261,512002,0,512002,43993
cstone,d7fddfb4f8d8ada0eb1a65d1a450a66c8cbd794c,direct,octree_leafcount,flyby,4,90,90,0.8118720055,0.2134719938,1.026656032,1.115798,1,0,6,43937,38445,17,17,13765,35.80439589,13.31777864,512002,0,512002,43937
cstone,d7fddfb4f8d8ada0eb1a65d1a450a66c8cbd794c,direct,octree_leafcount,flyby,4,91,91,0.7949119806,0.2226559967,1.01888001,1.071832,1,0,6,44345,38802,17,17,13869,35.74300294,13.19524767,512002,0,512002,44345
cstone,d7fddfb4f8d8ada0eb1a65d1a450a66c8cbd794c,direct,octree_leafcount,flyby,4,92,92,0.7391359806,0.2016640007,0.9421759844,0.996564,1,0,5,43537,38095,17,17,13512,35.46922168,13.4401365,512002,0,512002,43537
cstone,d7fddfb4f8d8ada0eb1a65d1a450a66c8cbd794c,direct,octree_leafcount,flyby,4,93,93,0.7902719975,0.2298559994,1.021440029,1.075746,1,0,6,43849,38368,17,17,13493,35.16732694,13.34450584,512002,0,512002,43849
cstone,d7fddfb4f8d8ada0eb1a65d1a450a66c8cbd794c,direct,octree_leafcount,flyby,4,94,94,0.7360000014,0.2052800059,0.9426239729,0.998051,1,0,5,43313,37899,17,17,13319,35.14340748,13.50964405,512002,0,512002,43313
cstone,d7fddfb4f8d8ada0eb1a65d1a450a66c8cbd794c,direct,octree_leafcount,flyby,4,95,95,0.7607679963,0.2385919988,1.00070405,1.0562,1,0,5,43625,38172,17,17,13299,34.83967306,13.41302525,512002,0,512002,43625
cstone,d7fddfb4f8d8ada0eb1a65d1a450a66c8cbd794c,direct,octree_leafcount,flyby,4,96,96,0.8113279939,0.2055680007,1.018208027,1.072605,1,0,6,43329,37913,17,17,13283,35.03547596,13.5046554,512002,0,512002,43329
cstone,d7fddfb4f8d8ada0eb1a65d1a450a66c8cbd794c,direct,octree_leafcount,flyby,4,97,97,0.7489600182,0.2212480009,0.9715200067,1.032937,1,0,5,43289,37878,17,17,13180,34.79592376,13.51713396,512002,0,512002,43289
cstone,d7fddfb4f8d8ada0eb1a65d1a450a66c8cbd794c,direct,octree_leafcount,flyby,4,98,98,0.8108800054,0.2278079987,1.040032029,1.09955,1,0,6,43073,37689,17,17,13322,35.34718353,13.58491868,512002,0,512002,43073
cstone,d7fddfb4f8d8ada0eb1a65d1a450a66c8cbd794c,direct,octree_leafcount,flyby,4,99,99,0.7528640032,0.2421759963,0.9964159727,1.053942,1,0,5,43121,37731,17,17,13271,35.17266969,13.56979672,512002,0,512002,43121
cstone,d7fddfb4f8d8ada0eb1a65d1a450a66c8cbd794c,direct,octree_leafcount,flyby,4,100,100,0.7554559708,0.2364799976,0.9934080243,1.050531,1,0,5,43753,38284,17,17,13428,35.07470484,13.37378539,512002,0,512002,43753
cstone,d7fddfb4f8d8ada0eb1a65d1a450a66c8cbd794c,direct,octree_leafcount,flyby,4,101,101,0.7416960001,0.2165440023,0.9595839977,1.016808,1,0,5,43369,37948,17,17,13255,34.92937704,13.49219985,512002,0,512002,43369
cstone,d7fddfb4f8d8ada0eb1a65d1a450a66c8cbd794c,direct,octree_leafcount,flyby,4,102,102,0.8119360209,0.2660480142,1.079327941,1.144428,1,0,6,43377,37955,17,17,12960,34.14569885,13.4897115,512002,0,512002,43377
cstone,d7fddfb4f8d8ada0eb1a65d1a450a66c8cbd794c,direct,octree_leafcount,flyby,4,103,103,0.7957119942,0.1996160001,0.9966719747,1.052117,1,0,6,43161,37766,17,17,13113,34.72170736,13.55722078,512002,0,512002,43161
cstone,d7fddfb4f8d8ada0eb1a65d1a450a66c8cbd794c,direct,octree_leafcount,flyby,4,104,104,0.7376000285,0.2206400037,0.9595839977,1.012107,1,0,5,43497,38060,17,17,13361,35.10509721,13.45249606,512002,0,512002,43497
cstone,d7fddfb4f8d8ada0eb1a65d1a450a66c8cbd794c,direct,octree_leafcount,flyby,4,105,105,0.8067200184,0.1858240068,0.9938880205,1.046059,1,0,6,43441,38011,17,17,13006,34.21641104,13.46983768,512002,0,512002,43441
cstone,d7fddfb4f8d8ada0eb1a65d1a450a66c8cbd794c,direct,octree_leafcount,flyby,4,106,106,0.7325119972,0.1938239932,0.9276800156,0.980177,1,0,5,43041,37661,17,17,12956,34.40163564,13.59501872,512002,0,512002,43041
cstone,d7fddfb4f8d8ada0eb1a65d1a450a66c8cbd794c,direct,octree_leafcount,flyby,4,107,107,0.8103359938,0.233408004,1.045055985,1.099891,1,0,6,43609,38158,17,17,13247,34.71618009,13.41794643,512002,0,512002,43609
cstone,d7fddfb4f8d8ada0eb1a65d1a450a66c8cbd794c,direct,octree_leafcount,flyby,4,108,108,0.7325119972,0.2011840045,0.9350399971,1.005396,1,0,5,43289,37878,17,17,13156,34.73256244,13.51713396,512002,0,512002,43289
cstone,d7fddfb4f8d8ada0eb1a65d1a450a66c8cbd794c,direct,octree_leafcount,flyby,4,109,109,0.7365760207,0.2063039988,0.944224,1.001629,1,0,5,43017,37640,17,17,12890,34.24548353,13.60260361,512002,0,512002,43017
cstone,d7fddfb4f8d8ada0eb1a65d1a450a66c8cbd794c,direct,octree_leafcount,flyby,4,110,110,0.8029119968,0.233408004,1.037631989,1.091334,1,0,6,43161,37766,17,17,13007,34.44103162,13.55722078,512002,0,512002,43161
cstone,d7fddfb4f8d8ada0eb1a65d1a450a66c8cbd794c,direct,octree_leafcount,flyby,4,111,111,0.7182400227,0.2375040054,0.9570559859,1.01408,1,0,5,43185,37787,17,17,13031,34.48540503,13.5496864,512002,0,512002,43185
cstone,d7fddfb4f8d8ada0eb1a65d1a450a66c8cbd794c,direct,octree_leafcount,flyby,4,112,112,0.8072959781,0.2325440049,1.041152,1.09719,1,0,6,43201,37801,17,17,12828,33.93561017,13.54466813,512002,0,512002,43201
cstone,d7fddfb4f8d8ada0eb1a65d1a450a66c8cbd794c,direct,octree_leafcount,flyby,4,113,113,0.8135359883,0.2478400022,1.063040018,1.121463,1,0,6,43313,37899,17,17,13016,34.34391409,13.50964405,512002,0,512002,43313
cstone,d7fddfb4f8d8ada0eb1a65d1a450a66c8cbd794c,direct,octree_leafcount,flyby,4,114,114,0.8218560219,0.2242880017,1.047456026,1.105965,1,0,6,43249,37843,17,17,12938,34.18862141,13.5296356,512002,0,512002,43249
cstone,d7fddfb4f8d8ada0eb1a65d1a450a66c8cbd794c,direct,octree_leafcount,flyby,4,115,115,0.6534720063,0.2180480063,0.8728320003,0.931177,1,0,4,43105,37717,17,17,12806,33.95285945,13.57483363,512002,0,512002,43105
cstone,d7fddfb4f8d8ada0eb1a65d1a450a66c8cbd794c,direct,octree_leafcount,flyby,4,116,116,0.7710719705,0.2785919905,1.051391959,1.115315,1,0,5,43153,37759,17,17,12761,33.79591621,13.5597341,512002,0,512002,43153
cstone,d7fddfb4f8d8ada0eb1a65d1a450a66c8cbd794c,direct,octree_leafcount,flyby,4,117,117,0.8225600123,0.2572160065,1.081408024,1.14481,1,0,6,43273,37864,17,17,12946,34.19078808,13.52213184,512002,0,512002,43273
cstone,d7fddfb4f8d8ada0eb1a65d1a450a66c8cbd794c,direct,octree_leafcount,flyby,4,118,118,0.7622079849,0.2568959892,1.020447969,1.082538,1,0,5,43497,38060,17,17,12911,33.92275355,13.45249606,512002,0,512002,43497
cstone,d7fddfb4f8d8ada0eb1a65d1a450a66c8cbd794c,direct,octree_leafcount,flyby,4,119,119,0.8120959997,0.240447998,1.053856015,1.111603,1,0,6,43585,38137,17,17,13008,34.10860844,13.42533498,512002,0,512002,43585
cstone,d7fddfb4f8d8ada0eb1a65d1a450a66c8cbd794c,direct,octree_leafcount,flyby,4,120,120,0.7358080149,0.2237119973,0.9608960152,1.021007,1,0,5,43545,38102,17,17,13056,34.2659178,13.43766731,512002,0,512002,43545
cstone,d7fddfb4f8d8ada0eb1a65d1a450a66c8cbd794c,direct,octree_leafcount,flyby,4,121,121,0.7715520263,0.2325119972,1.005504012,1.066312,1,0,5,43385,37962,17,17,12938,34.08144987,13.48722407,512002,0,512002,43385
cstone,d7fddfb4f8d8ada0eb1a65d1a450a66c8cbd794c,direct,octree_leafcount,flyby,4,122,122,0.8167359829,0.2171519995,1.035231948,1.094452,1,0,6,42897,37535,17,17,12600,33.56866924,13.64065539,512002,0,512002,42897
cstone,d7fddfb4f8d8ada0eb1a65d1a450a66c8cbd794c,direct,octree_leafcount,flyby,4,123,123,0.743712008,0.2267840058,0.971840024,1.024953,1,0,5,43329,37913,17,17,12958,34.1782502,13.5046554,512002,0,512002,43329
cstone,d7fddfb4f8d8ada0eb1a65d1a450a66c8cbd794c,direct,octree_leafcount,flyby,4,124,124,0.7992320061,0.2293760031,1.029952049,1.083327,1,0,6,43465,38032,17,17,12904,33.92932268,13.46240008,512002,0,512002,43465
cstone,d7fddfb4f8d8ada0eb1a65d1a450a66c8cbd794c,direct,octree_leafcount,flyby,4,125,125,0.7371519804,0.1940159947,0.9325119853,0.98582,1,0,5,43449,38018,17,17,12830,33.74717239,13.46735757,512002,0,512002,43449
cstone,d7fddfb4f8d8ada0eb1a65d1a450a66c8cbd794c,direct,octree_leafcount,flyby,4,126,126,0.7982720137,0.2093760073,1.008991957,1.065901,1,0,6,43401,37976,17,17,12780,33.65283337,13.48225195,512002,0,512002,43401
cstone,d7fddfb4f8d8ada0eb1a65d1a450a66c8cbd794c,direct,octree_leafcount,flyby,4,127,127,0.7926399708,0.2124480009,1.006399989,1.063033,1,0,6,43353,37934,17,17,12613,33.24985501,13.49717931,512002,0,512002,43353
cstone,d7fddfb4f8d8ada0eb1a65d1a450a66c8cbd794c,direct,octree_leafcount,flyby,4,128,128,0.7488960028,0.2116799951,0.9619519711,1.021301,1,0,5,43305,37892,17,17,12622,33.31046131,13.51213977,512002,0,512002,43305
cstone,d7fddfb4f8d8ada0eb1a65d1a450a66c8cbd794c,direct,octree_leafcount,flyby,4,129,129,0.8088319898,0.2143040001,1.02483201,1.081344,1,0,6,43121,37731,17,17,12694,33.64342318,13.56979672,512002,0,512002,43121
cstone,d7fddfb4f8d8ada0eb1a65d1a450a66c8cbd794c,direct,octree_leafcount,flyby,4,130,130,0.8205440044,0.2485760003,1.070464015,1.129761,1,0,6,43265,37857,17,17,12705,33.560504,13.52463217,512002,0,512002,43265
cstone,d7fddfb4f8d8ada0eb1a65d1a450a66c8cbd794c,direct,octree_leafcount,flyby,4,131,131,0.821344018,0.2402559966,1.062944055,1.120593,1,0,6,43401,37976,17,17,12613,33.21308195,13.48225195,512002,0,512002,43401
cstone,d7fddfb4f8d8ada0eb1a65d1a450a66c8cbd794c,direct,octree_leafcount,flyby,4,132,132,0.7384319901,0.2073280066,0.9470720291,1.001901,1,0,5,43033,37654,17,17,12449,33.06156052,13.59754608,512002,0,512002,43033
cstone,d7fddfb4f8d8ada0eb1a65d1a450a66c8cbd794c,direct,octree_leafcount,flyby,4,133,133,0.6596480012,0.2022079974,0.8631680012,0.915834,1,0,4,42961,37591,17,17,12278,32.66207337,13.62033465,512002,0,512002,42961
cstone,d7fddfb4f8d8ada0eb1a65d1a450a66c8cbd794c,direct,octree_leafcount,flyby,4,134,134,0.8461120129,0.2503359914,1.097792029,1.157027,1,0,6,43057,37675,17,17,12404,32.92368945,13.58996682,512002,0,512002,43057
cstone,d7fddfb4f8d8ada0eb1a65d1a450a66c8cbd794c,direct,octree_leafcount,flyby,4,135,135,0.7628480196,0.2557440102,1.019935966,1.079979,1,0,5,43273,37864,17,17,12398,32.74350306,13.52213184,512002,0,512002,43273
cstone,d7fddfb4f8d8ada0eb1a65d1a450a66c8cbd794c,direct,octree_leafcount,flyby,4,136,136,0.8253440261,0.2616640031,1.088351965,1.149909,1,0,6,43713,38249,17,17,12664,33.10936234,13.38602316,512002,0,512002,43713
cstone,d7fddfb4f8d8ada0eb1a65d1a450a66c8cbd794c,direct,octree_leafcount,flyby,4,137,137,0.8292800188,0.2288320065,1.059455991,1.120861,1,0,6,43185,37787,17,17,12581,33.29451928,13.5496864,512002,0,512002,43185
cstone,d7fddfb4f8d8ada0eb1a65d1a450a66c8cbd794c,direct,octree_leafcount,flyby,4,138,138,0.7332159877,0.2394559979,0.9739840031,1.035339,1,0,5,43073,37689,17,17,12345,32.75491523,13.58491868,512002,0,512002,43073
cstone,d7fddfb4f8d8ada0eb1a65d1a450a66c8cbd794c,direct,octree_leafcount,flyby,4,139,139,0.8420479894,0.2718400061,1.115231991,1.180435,1,0,6,43617,38165,17,17,12654,33.15603301,13.41548539,512002,0,512002,43617
cstone,d7fddfb4f8d8ada0eb1a65d1a450a66c8cbd794c,direct,octree_leafcount,flyby,4,140,140,0.7494400144,0.225759998,0.9765440226,1.036956,1,0,5,43497,38060,17,17,12721,33.42354178,13.45249606,512002,0,512002,43497
cstone,d7fddfb4f8d8ada0eb1a65d1a450a66c8cbd794c,direct,octree_leafcount,flyby,4,141,141,0.7870079875,0.231904,1.020256042,1.078291,1,0,6,43553,38109,17,17,12543,32.913485,13.43519903,512002,0,512002,43553
cstone,d7fddfb4f8d8ada0eb1a65d1a450a66c8cbd794c,direct,octree_leafcount,flyby,4,142,142,0.7316480279,0.2047359943,0.9377279878,0.992945,1,0,5,43521,38081,17,17,12500,32.82476826,13.4450776,512002,0,512002,43521
cstone,d7fddfb4f8d8ada0eb1a65d1a450a66c8cbd794c,direct,octree_leafcount,flyby,4,143,143,0.8041920066,0.1986559927,1.004191995,1.058888,1,0,6,43481,38046,17,17,12512,32.88650581,13.45744625,512002,0,512002,43481
cstone,d7fddfb4f8d8ada0eb1a65d1a450a66c8cbd794c,direct,octree_leafcount,flyby,4,144,144,0.7161599994,0.2023359984,0.9198399782,0.97405,1,0,5,42921,37556,17,17,12251,32.62061987,13.63302801,512002,0,512002,42921
cstone,d7fddfb4f8d8ada0eb1a65d1a450a66c8cbd794c,direct,octree_leafcount,flyby,4,145,145,0.7501760125,0.2456640005,0.9971839786,1.054854,1,0,5,43169,37773,17,17,12443,32.94151907,13.55470839,512002,0,512002,43169
cstone,d7fddfb4f8d8ada0eb1a65d1a450a66c8cbd794c,direct,octree_leafcount,flyby,4,146,146,0.8149120212,0.2288320065,1.045088053,1.104612,1,0,6,43153,37759,17,17,12284,32.53264122,13.5597341,512002,0,512002,43153
cstone,d7fddfb4f8d8ada0eb1a65d1a450a66c8cbd794c,direct,octree_leafcount,flyby,4,147,147,0.760800004,0.2541759908,1.016288042,1.075582,1,0,5,43521,38081,17,17,12474,32.75649274,13.4450776,512002,0,512002,43521
cstone,d7fddfb4f8d8ada0eb1a65d1a450a66c8cbd794c,direct,octree_leafcount,flyby,4,148,148,0.8330879807,0.237056002,1.07167995,1.132786,1,0,6,43521,38081,17,17,12566,32.99808303,13.4450776,512002,0,512002,43521
cstone,d7fddfb4f8d8ada0eb1a65d1a450a66c8cbd794c,direct,octree_leafcount,flyby,4,149,149,0.7334399819,0.2251839936,0.9599360228,1.021216,1,0,5,43225,37822,17,17,12458,32.9385014,13.53714769,512002,0,512002,43225
cstone,d7fddfb4f8d8ada0eb1a65d1a450a66c8cbd794c,direct,octree_leafcount,flyby,4,150,150,0.7533119917,0.2566399872,1.011487961,1.072062,1,0,5,43393,37969,17,17,12389,32.62925018,13.48473755,512002,0,512002,43393
cstone,d7fddfb4f8d8ada0eb1a65d1a450a66c8cbd794c,direct,octree_leafcount,flyby,4,151,151,0.8142719865,0.2457599938,1.061344028,1.122409,1,0,6,43537,38095,17,17,12407,32.56857855,13.4401365,512002,0,512002,43537
cstone,d7fddfb4f8d8ada0eb1a65d1a450a66c8cbd794c,direct,octree_leafcount,flyby,4,152,152,0.7630720139,0.247743994,1.012159944,1.073577,1,0,5,43497,38060,17,17,12509,32.86652654,13.45249606,512002,0,512002,43497
cstone,d7fddfb4f8d8ada0eb1a65d1a450a66c8cbd794c,direct,octree_leafcount,flyby,4,153,153,0.833567977,0.260800004,1.095999956,1.160196,1,0,6,43665,38207,17,17,12555,32.86047059,13.40073808,512002,0,512002,43665
cstone,d7fddfb4f8d8ada0eb1a65d1a450a66c8cbd794c,direct,octree_leafcount,flyby,4,154,154,0.7209920287,0.2114239931,0.9337279797,0.989569,1,0,5,43257,37850,17,17,12228,32.30647292,13.52713342,512002,0,512002,43257
cstone,d7fddfb4f8d8ada0eb1a65d1a450a66c8cbd794c,direct,octree_leafcount,flyby,4,155,155,0.740447998,0.2334720045,0.9752320051,1.030008,1,0,5,43513,38074,17,17,12377,32.50774807,13.44754951,512002,0,512002,43513
cstone,d7fddfb4f8d8ada0eb1a65d1a450a66c8cbd794c,direct,octree_leafcount,flyby,4,156,156,0.8035839796,0.1950400025,0.9999359846,1.054333,1,0,6,43417,37990,17,17,12313,32.41116083,13.4772835,512002,0,512002,43417
cstone,d7fddfb4f8d8ada0eb1a65d1a450a66c8cbd794c,direct,octree_leafcount,flyby,4,157,157,0.744607985,0.2099519968,0.9558719993,1.012503,1,0,5,43193,37794,17,17,12313,32.57924538,13.5471768,512002,0,512002,43193
cstone,d7fddfb4f8d8ada0eb1a65d1a450a66c8cbd794c,direct,octree_leafcount,flyby,4,158,158,0.8147519827,0.2522239983,1.068320036,1.127639,1,0,6,43313,37899,17,17,12254,32.33330695,13.50964405,512002,0,512002,43313
cstone,d7fddfb4f8d8ada0eb1a65d1a450a66c8cbd794c,direct,octree_leafcount,flyby,4,159,159,0.7534400225,0.2239039987,0.9786880016,1.038198,1,0,5,42817,37465,17,17,11960,31.92312825,13.66614173,512002,0,512002,42817
cstone,d7fddfb4f8d8ada0eb1a65d1a450a66c8cbd794c,direct,octree_leafcount,flyby,4,160,160,0.7464960217,0.2354879975,0.9832959771,1.042577,1,0,5,43097,37710,17,17,12020,31.87483426,13.57735349,512002,0,512002,43097
cstone,d7fddfb4f8d8ada0eb1a65d1a450a66c8cbd794c,direct,octree_leafcount,flyby,4,161,161,0.8059840202,0.2247360051,1.032032013,1.083663,1,0,6,43233,37829,17,17,12227,32.32176373,13.53464273,512002,0,512002,43233
cstone,d7fddfb4f8d8ada0eb1a65d1a450a66c8cbd794c,direct,octree_leafcount,flyby,4,162,162,0.8100159764,0.205152005,1.016479969,1.072896,1,0,6,43145,37752,17,17,12101,32.05393092,13.56224836,512002,0,512002,43145
cstone,d7fddfb4f8d8ada0eb1a65d1a450a66c8cbd794c,direct,octree_leafcount,flyby,4,163,163,0.8044800162,0.225759998,1.03164804,1.083755,1,0,6,43545,38102,17,17,12278,32.22403023,13.43766731,512002,0,512002,43545
cstone,d7fddfb4f8d8ada0eb1a65d1a450a66c8cbd794c,direct,octree_leafcount,flyby,4,164,164,0.8012160063,0.2310719937,1.03363204,1.097076,1,0,6,43241,37836,17,17,12047,31.84004652,13.5321387,512002,0,512002,43241
cstone,d7fddfb4f8d8ada0eb1a65d1a450a66c8cbd794c,direct,octree_leafcount,flyby,4,165,165,0.7619839907,0.2302079946,0.9935359955,1.053871,1,0,5,43137,37745,17,17,12060,31.95125182,13.56476354,512002,0,512002,43137
cstone,d7fddfb4f8d8ada0eb1a65d1a450a66c8cbd794c,direct,octree_leafcount,flyby,4,166,166,0.819231987,0.2108159959,1.03136003,1.088194,1,0,6,43105,37717,17,17,11947,31.67537185,13.57483363,512002,0,512002,43105
cstone,d7fddfb4f8d8ada0eb1a65d1a450a66c8cbd794c,direct,octree_leafcount,flyby,4,167,167,0.7591040134,0.2354879975,0.9959040284,1.063831,1,0,5,43105,37717,17,17,11850,31.41819339,13.57483363,512002,0,512002,43105
cstone,d7fddfb4f8d8ada0eb1a65d1a450a66c8cbd794c,direct,octree_leafcount,flyby,4,168,168,0.8300799727,0.2240000069,1.055392027,1.117032,1,0,6,42745,37402,17,17,11841,31.65873483,13.68916101,512002,0,512002,42745
cstone,d7fddfb4f8d8ada0eb1a65d1a450a66c8cbd794c,direct,octree_leafcount,flyby,4,169,169,0.7459200025,0.2403520048,0.9876160026,1.046508,1,0,5,43025,37647,17,17,11893,31.59083061,13.60007438,512002,0,512002,43025
cstone,d7fddfb4f8d8ada0eb1a65d1a450a66c8cbd794c,direct,octree_leafcount,flyby,4,170,170,0.7573760152,0.230527997,0.9892160296,1.050146,1,0,5,43001,37626,17,17,11936,31.72274491,13.60766491,512002,0,512002,43001
cstone,d7fddfb4f8d8ada0eb1a65d1a450a66c8cbd794c,direct,octree_leafcount,flyby,4,171,171,0.8412479758,0.2456959933,1.088256001,1.146906,1,0,6,43417,37990,17,17,11983,31.54251119,13.4772835,512002,0,512002,43417
cstone,d7fddfb4f8d8ada0eb1a65d1a450a66c8cbd794c,direct,octree_leafcount,flyby,4,172,172,0.7535039783,0.2180480063,0.9728959799,1.031235,1,0,5,43025,37647,17,17,11688,31.04629851,13.60007438,512002,0,512002,43025
cstone,d7fddfb4f8d8ada0eb1a65d1a450a66c8cbd794c,direct,octree_leafcount,flyby,4,173,173,0.8119360209,0.2212159932,1.03449595,1.096719,1,0,6,42873,37514,17,17,11815,31.49490857,13.6482913,512002,0,512002,42873
cstone,d7fddfb4f8d8ada0eb1a65d1a450a66c8cbd794c,direct,octree_leafcount,flyby,4,174,174,0.7213439941,0.2052800059,0.9283519983,0.981862,1,0,5,42761,37416,17,17,11711,31.29944409,13.68403891,512002,0,512002,42761
cstone,d7fddfb4f8d8ada0eb1a65d1a450a66c8cbd794c,direct,octree_leafcount,flyby,4,175,175,0.7342079878,0.2281599939,0.9636800289,1.017456,1,0,5,42977,37605,17,17,11892,31.62345433,13.61526393,512002,0,512002,42977
cstone,d7fddfb4f8d8ada0eb1a65d1a450a66c8cbd794c,direct,octree_leafcount,flyby,4,176,176,0.7837120295,0.1923840046,0.9774720073,1.031777,1,0,6,42793,37444,17,17,11647,31.10511697,13.67380622,512002,0,512002,42793
cstone,d7fddfb4f8d8ada0eb1a65d1a450a66c8cbd794c,direct,octree_leafcount,flyby,4,177,177,0.7271680236,0.2231999934,0.9517120123,1.004674,1,0,5,42945,37577,17,17,11799,31.39952631,13.62540916,512002,0,512002,42945
cstone,d7fddfb4f8d8ada0eb1a65d1a450a66c8cbd794c,direct,octree_leafcount,flyby,4,178,178,0.8156480193,0.2221439928,1.039136052,1.091973,1,0,6,43017,37640,17,17,11796,31.33900106,13.60260361,512002,0,512002,43017
cstone,d7fddfb4f8d8ada0eb1a65d1a450a66c8cbd794c,direct,octree_leafcount,flyby,4,179,179,0.7274240255,0.2135040015,0.9422399998,1.001624,1,0,5,42641,37311,17,17,11718,31.40628769,13.72254831,512002,0,512002,42641
cstone,d7fddfb4f8d8ada0eb1a65d1a450a66c8cbd794c,direct,octree_leafcount,flyby,4,180,180,0.7430719733,0.2288320065,0.9732480049,1.030138,1,0,5,42985,37612,17,17,11962,31.80367968,13.61272998,512002,0,512002,42985
cstone,d7fddfb4f8d8ada0eb1a65d1a450a66c8cbd794c,direct,octree_leafcount,flyby,4,181,181,0.7902079821,0.1899199933,0.9815040231,1.033317,1,0,6,42905,37542,17,17,11761,31.32757978,13.63811198,512002,0,512002,42905
cstone,d7fddfb4f8d8ada0eb1a65d1a450a66c8cbd794c,direct,octree_leafcount,flyby,4,182,182,0.740704,0.1998080015,0.941824019,0.997413,1,0,5,42849,37493,17,17,11754,31.34985197,13.65593577,512002,0,512002,42849
cstone,d7fddfb4f8d8ada0eb1a65d1a450a66c8cbd794c,direct,octree_leafcount,flyby,4,183,183,0.7364479899,0.2175679952,0.9553279877,1.005798,1,0,5,43049,37668,17,17,11571,30.71838165,13.5924923,512002,0,512002,43049
cstone,d7fddfb4f8d8ada0eb1a65d1a450a66c8cbd794c,direct,octree_leafcount,flyby,4,184,184,0.8179200292,0.2293439955,1.048607945,1.102693,1,0,6,43129,37738,17,17,11650,30.87074037,13.56727967,512002,0,512002,43129
cstone,d7fddfb4f8d8ada0eb1a65d1a450a66c8cbd794c,direct,octree_leafcount,flyby,4,185,185,0.7389760017,0.2165440023,0.9568639994,1.015247,1,0,5,42769,37423,17,17,11754,31.4084921,13.6814793,512002,0,512002,42769
cstone,d7fddfb4f8d8ada0eb1a65d1a450a66c8cbd794c,direct,octree_leafcount,flyby,4,186,186,0.8203520179,0.2206719965,1.042335987,1.102658,1,0,6,42585,37262,17,17,11593,31.11212495,13.74059363,512002,0,512002,42585
cstone,d7fddfb4f8d8ada0eb1a65d1a450a66c8cbd794c,direct,octree_leafcount,flyby,4,187,187,0.7500799894,0.2441920042,0.9956480265,1.053426,1,0,5,42841,37486,17,17,11811,31.5077629,13.65848583,512002,0,512002,42841
cstone,d7fddfb4f8d8ada0eb1a65d1a450a66c8cbd794c,direct,octree_leafcount,flyby,4,188,188,0.7265279889,0.2206400037,0.9485120177,1.005806,1,0,5,42289,37003,17,17,11411,30.83804016,13.83676999,512002,0,512002,42289
cstone,d7fddfb4f8d8ada0eb1a65d1a450a66c8cbd794c,direct,octree_leafcount,flyby,4,189,189,0.8292160034,0.2421440035,1.072672009,1.129435,1,0,6,42473,37164,17,17,11522,31.0031213,13.77682704,512002,0,512002,42473
cstone,d7fddfb4f8d8ada0eb1a65d1a450a66c8cbd794c,direct,octree_leafcount,flyby,4,190,190,0.7402560115,0.2073599994,0.9489600062,1.004511,1,0,5,42297,37010,17,17,11405,30.81599568,13.83415293,512002,0,512002,42297
cstone,d7fddfb4f8d8ada0eb1a65d1a450a66c8cbd794c,direct,octree_leafcount,flyby,4,191,191,0.8027200103,0.2073280066,1.011360049,1.066507,1,0,6,42225,36947,17,17,11323,30.64660189,13.85774217,512002,0,512002,42225
cstone,d7fddfb4f8d8ada0eb1a65d1a450a66c8cbd794c,direct,octree_leafcount,flyby,4,192,192,0.7421759963,0.2298559994,0.9733759761,1.029013,1,0,5,42233,36954,17,17,11399,30.84645776,13.85511717,512002,0,512002,42233
cstone,d7fddfb4f8d8ada0eb1a65d1a450a66c8cbd794c,direct,octree_leafcount,flyby,4,193,193,0.654399991,0.2288320065,0.8846079707,0.938744,1,0,4,42273,36989,17,17,11356,30.70101922,13.84200708,512002,0,512002,42273
cstone,d7fddfb4f8d8ada0eb1a65d1a450a66c8cbd794c,direct,octree_leafcount,flyby,4,194,194,0.8166720271,0.2308800071,1.048864007,1.106516,1,0,6,42401,37101,17,17,11567,31.17705722,13.80022102,512002,0,512002,42401
cstone,d7fddfb4f8d8ada0eb1a65d1a450a66c8cbd794c,direct,octree_leafcount,flyby,4,195,195,0.8248000145,0.1991360039,1.025248051,1.080227,1,0,6,42329,37038,17,17,11498,31.04379286,13.82369458,512002,0,512002,42329
cstone,d7fddfb4f8d8ada0eb1a65d1a450a66c8cbd794c,direct,octree_leafcount,flyby,4,196,196,0.82940799,0.2856639922,1.116415977,1.184003,1,0,6,42761,37416,17,17,11752,31.40902288,13.68403891,512002,0,512002,42761
cstone,d7fddfb4f8d8ada0eb1a65d1a450a66c8cbd794c,direct,octree_leafcount,flyby,4,197,197,0.6854400039,0.2560639977,0.9428160191,1.010312,1,0,4,42289,37003,17,17,11372,30.7326433,13.83676999,512002,0,512002,42289
cstone,d7fddfb4f8d8ada0eb1a65d1a450a66c8cbd794c,direct,octree_leafcount,flyby,4,198,198,0.7685440183,0.2749119997,1.044800043,1.109295,1,0,5,42561,37241,17,17,11525,30.94707446,13.74834188,512002,0,512002,42561
cstone,d7fddfb4f8d8ada0eb1a65d1a450a66c8cbd794c,direct,octree_leafcount,flyby,4,199,199,0.8367360234,0.2697600126,1.108127952,1.174932,1,0,6,42577,37255,17,17,11385,30.55965642,13.74317541,512002,0,512002,42577
cstone,d7fddfb4f8d8ada0eb1a65d1a450a66c8cbd794c,direct,octree_leafcount,flyby,4,200,200,0.7781119943,0.2836480141,1.064192057,1.130284,1,0,5,42641,37311,17,17,11427,30.62635684,13.72254831,512002,0,512002,42641
cstone,d7fddfb4f8d8ada0eb1a65d1a450a66c8cbd794c,direct,octree_leafcount,flyby,4,201,201,0.8416640162,0.2410559952,1.084032059,1.148486,1,0,6,42481,37171,17,17,11405,30.68252132,13.7742326,512002,0,512002,42481
cstone,d7fddfb4f8d8ada0eb1a65d1a450a66c8cbd794c,direct,octree_leafcount,flyby,4,202,202,0.7336639762,0.2344319969,0.9694399834,1.032504,1,0,5,42305,37017,17,17,11259,30.41575492,13.83153686,512002,0,512002,42305
cstone,d7fddfb4f8d8ada0eb1a65d1a450a66c8cbd794c,direct,octree_leafcount,flyby,4,203,203,0.7659839988,0.2687999904,1.036128044,1.100117,1,0,5,42393,37094,17,17,11467,30.91335526,13.80282525,512002,0,512002,42393
cstone,d7fddfb4f8d8ada0eb1a65d1a450a66c8cbd794c,direct,octree_leafcount,flyby,4,204,204,0.8151360154,0.2366079986,1.053056002,1.115376,1,0,6,42297,37010,17,17,11400,30.80248581,13.83415293,512002,0,512002,42297
cstone,d7fddfb4f8d8ada0eb1a65d1a450a66c8cbd794c,direct,octree_leafcount,flyby,4,205,205,0.7604159713,0.2618240118,1.023936033,1.087646,1,0,5,42825,37472,17,17,11629,31.0338386,13.66358881,512002,0,512002,42825
cstone,d7fddfb4f8d8ada0eb1a65d1a450a66c8cbd794c,direct,octree_leafcount,flyby,4,206,206,0.6686400175,0.2462719977,0.9161919951,0.979076,1,0,4,42609,37283,17,17,11431,30.66008637,13.73285412,512002,0,512002,42609
cstone,d7fddfb4f8d8ada0eb1a65d1a450a66c8cbd794c,direct,octree_leafcount,flyby,4,207,207,0.8309440017,0.2682240009,1.100512028,1.164024,1,0,6,42881,37521,17,17,11488,30.61752085,13.64574505,512002,0,512002,42881
cstone,d7fddfb4f8d8ada0eb1a65d1a450a66c8cbd794c,direct,octree_leafcount,flyby,4,208,208,0.7690879703,0.2452159971,1.016800046,1.080581,1,0,5,42489,37178,17,17,11347,30.52073807,13.77163914,512002,0,512002,42489
cstone,d7fddfb4f8d8ada0eb1a65d1a450a66c8cbd794c,direct,octree_leafcount,flyby,4,209,209,0.8275840282,0.2456640005,1.074751973,1.139251,1,0,6,42281,36996,17,17,11314,30.58168451,13.83938804,512002,0,512002,42281
cstone,d7fddfb4f8d8ada0eb1a65d1a450a66c8cbd794c,direct,octree_leafcount,flyby,4,210,210,0.769824028,0.2432000041,1.014368057,1.079095,1,0,5,42169,36898,17,17,11217,30.40002168,13.87614505,512002,0,512002,42169
cstone,d7fddfb4f8d8ada0eb1a65d1a450a66c8cbd794c,direct,octree_leafcount,flyby,4,211,211,0.7472640276,0.2530559897,1.001664042,1.065989,1,0,5,42241,36961,17,17,11176,30.23727713,13.85249317,512002,0,512002,42241
cstone,d7fddfb4f8d8ada0eb1a65d1a450a66c8cbd794c,direct,octree_leafcount,flyby,4,212,212,0.8089920282,0.238560006,1.048895955,1.106749,1,0,6,42449,37143,17,17,11392,30.67065127,13.78461621,512002,0,512002,42449
cstone,d7fddfb4f8d8ada0eb1a65d1a450a66c8cbd794c,direct,octree_leafcount,flyby,4,213,213,0.7637760043,0.2276159972,0.9927039742,1.053941,1,0,5,42185,36912,17,17,11341,30.72442566,13.8708821,512002,0,512002,42185
cstone,d7fddfb4f8d8ada0eb1a65d1a450a66c8cbd794c,direct,octree_leafcount,flyby,4,214,214,0.8320320249,0.2600319982,1.09337604,1.157273,1,0,6,42193,36919,17,17,11377,30.81611095,13.86825212,512002,0,512002,42193
cstone,d7fddfb4f8d8ada0eb1a65d1a450a66c8cbd794c,direct,octree_leafcount,flyby,4,215,215,0.7343360186,0.2468159944,0.9824960232,1.042055,1,0,5,42249,36968,17,17,11279,30.51017096,13.84987016,512002,0,512002,42249
cstone,d7fddfb4f8d8ada0eb1a65d1a450a66c8cbd794c,direct,octree_leafcount,flyby,4,216,216,0.7600960135,0.2523519993,1.013792038,1.07705,1,0,5,42377,37080,17,17,11505,31.02750809,13.80803668,512002,0,512002,42377
cstone,d7fddfb4f8d8ada0eb1a65d1a450a66c8cbd794c,direct,octree_leafcount,flyby,4,217,217,0.8015679717,0.2438080013,1.046720028,1.106567,1,0,6,42457,37150,17,17,11317,30.46298789,13.78201884,512002,0,512002,42457
cstone,d7fddfb4f8d8ada0eb1a65d1a450a66c8cbd794c,direct,octree_leafcount,flyby,4,218,218,0.7588160038,0.2336959988,0.9938240051,1.05803,1,0,5,42393,37094,17,17,11293,30.4442767,13.80282525,512002,0,512002,42393
cstone,d7fddfb4f8d8ada0eb1a65d1a450a66c8cbd794c,direct,octree_leafcount,flyby,4,219,219,0.8102399707,0.2364799976,1.048063993,1.10829,1,0,6,42657,37325,17,17,11349,30.40589417,13.71740121,512002,0,512002,42657
cstone,d7fddfb4f8d8ada0eb1a65d1a450a66c8cbd794c,direct,octree_leafcount,flyby,4,220,220,0.7752000093,0.1929920018,0.9695360065,1.023273,1,0,6,42513,37199,17,17,11352,30.51694938,13.76386462,512002,0,512002,42513
cstone,d7fddfb4f8d8ada0eb1a65d1a450a66c8cbd794c,direct,octree_leafcount,flyby,4,221,221,0.7409920096,0.2160000056,0.958303988,1.017971,1,0,5,42513,37199,17,17,11514,30.95244496,13.76386462,512002,0,512002,42513
cstone,d7fddfb4f8d8ada0eb1a65d1a450a66c8cbd794c,direct,octree_leafcount,flyby,4,222,222,0.8060160279,0.2216960043,1.029024005,1.087403,1,0,6,42425,37122,17,17,11356,30.59102419,13.7924142,512002,0,512002,42425
cstone,d7fddfb4f8d8ada0eb1a65d1a450a66c8cbd794c,direct,octree_leafcount,flyby,4,223,223,0.7603200078,0.2180159986,0.9796800017,1.037179,1,0,5,42337,37045,17,17,11349,30.63571332,13.82108247,512002,0,512002,42337
cstone,d7fddfb4f8d8ada0eb1a65d1a450a66c8cbd794c,direct,octree_leafcount,flyby,4,224,224,0.7224320173,0.1996160001,0.9233919978,0.978446,1,0,5,41953,36709,17,17,11153,30.3821951,13.94758779,512002,0,512002,41953
cstone,d7fddfb4f8d8ada0eb1a65d1a450a66c8cbd794c,direct,octree_leafcount,flyby,4,225,225,0.8104320168,0.2267840058,1.038591981,1.092957,1,0,6,41985,36737,17,17,11224,30.55230422,13.93695729,512002,0,512002,41985
cstone,d7fddfb4f8d8ada0eb1a65d1a450a66c8cbd794c,direct,octree_leafcount,flyby,4,226,226,0.7457600236,0.2032320052,0.9503359795,1.007086,1,0,5,41273,36114,17,17,10788,29.87207177,14.17738273,512002,0,512002,41273
cstone,d7fddfb4f8d8ada0eb1a65d1a450a66c8cbd794c,direct,octree_leafcount,flyby,4,227,227,0.8007360101,0.2278079987,1.029855967,1.084872,1,0,6,41489,36303,17,17,10930,30.1077046,14.10357271,512002,0,512002,41489
cstone,d7fddfb4f8d8ada0eb1a65d1a450a66c8cbd794c,direct,octree_leafcount,flyby,4,228,228,0.6620799899,0.2360000014,0.8994560242,0.955664,1,0,4,42033,36779,17,17,11007,29.92740423,13.9210419,512002,0,512002,42033
cstone,d7fddfb4f8d8ada0eb1a65d1a450a66c8cbd794c,direct,octree_leafcount,flyby,4,229,229,0.7382400036,0.2104000002,0.9501119852,1.006192,1,0,5,42009,36758,17,17,11028,30.0016323,13.92899505,512002,0,512002,42009
cstone,d7fddfb4f8d8ada0eb1a65d1a450a66c8cbd794c,direct,octree_leafcount,flyby,4,230,230,0.8280000091,0.2503359914,1.079648018,1.140011,1,0,6,42097,36835,17,17,10999,29.86018732,13.89987783,512002,0,512002,42097
cstone,d7fddfb4f8d8ada0eb1a65d1a450a66c8cbd794c,direct,octree_leafcount,flyby,4,231,231,0.7453119755,0.2083519995,0.9550079703,1.010301,1,0,5,41961,36716,17,17,11040,30.06863493,13.94492864,512002,0,512002,41961
cstone,d7fddfb4f8d8ada0eb1a65d1a450a66c8cbd794c,direct,octree_leafcount,flyby,4,232,232,0.7465599775,0.2371519953,0.9850239754,1.041715,1,0,5,42289,37003,17,17,11043,29.8435262,13.83676999,512002,0,512002,42289
cstone,d7fddfb4f8d8ada0eb1a65d1a450a66c8cbd794c,direct,octree_leafcount,flyby,4,233,233,0.8219519854,0.2488320023,1.072128057,1.129978,1,0,6,42425,37122,17,17,11143,30.01724045,13.7924142,512002,0,512002,42425
cstone,d7fddfb4f8d8ada0eb1a65d1a450a66c8cbd794c,direct,octree_leafcount,flyby,4,234,234,0.7459840178,0.2226880044,0.969983995,1.030776,1,0,5,42217,36940,17,17,10990,29.75094748,13.86036816,512002,0,512002,42217
cstone,d7fddfb4f8d8ada0eb1a65d1a450a66c8cbd794c,direct,octree_leafcount,flyby,4,235,235,0.7615360022,0.219231993,0.9821119905,1.038827,1,0,5,42017,36765,17,17,10910,29.6749626,13.92634299,512002,0,512002,42017
cstone,d7fddfb4f8d8ada0eb1a65d1a450a66c8cbd794c,direct,octree_leafcount,flyby,4,236,236,0.7546880245,0.2241919935,0.9801920056,1.041217,1,0,5,41985,36737,17,17,10930,29.75202112,13.93695729,512002,0,512002,41985
cstone,d7fddfb4f8d8ada0eb1a65d1a450a66c8cbd794c,direct,octree_leafcount,flyby,4,237,237,0.7931519747,0.2083519995,1.002848029,1.059774,1,0,6,41865,36632,17,17,10810,29.50971828,13.97690544,512002,0,512002,41865
cstone,d7fddfb4f8d8ada0eb1a65d1a450a66c8cbd794c,direct,octree_leafcount,flyby,4,238,238,0.8036800027,0.2119040042,1.016927958,1.074115,1,0,6,41497,36310,17,17,10918,30.06885156,14.10085376,512002,0,512002,41497
cstone,d7fddfb4f8d8ada0eb1a65d1a450a66c8cbd794c,direct,octree_leafcount,flyby,4,239,239,0.735935986,0.2267840058,0.964064002,1.019737,1,0,5,41665,36457,17,17,10918,29.94760951,14.04399704,512002,0,512002,41665
cstone,d7fddfb4f8d8ada0eb1a65d1a450a66c8cbd794c,direct,octree_leafcount,flyby,4,240,240,0.8175359964,0.2436159998,1.062463999,1.119455,1,0,6,42145,36877,17,17,11152,30.24107167,13.88404697,512002,0,512002,42145
cstone,d7fddfb4f8d8ada0eb1a65d1a450a66c8cbd794c,direct,octree_leafcount,flyby,4,241,241,0.6606079936,0.2221760005,0.8840960264,0.943873,1,0,4,41769,36548,17,17,10846,29.67604246,14.00902922,512002,0,512002,41769
cstone,d7fddfb4f8d8ada0eb1a65d1a450a66c8cbd794c,direct,octree_leafcount,flyby,4,242,242,0.7486079931,0.2400960028,0.9900479913,1.047979,1,0,5,41897,36660,17,17,10921,29.78996181,13.96623022,512002,0,512002,41897
cstone,d7fddfb4f8d8ada0eb1a65d1a450a66c8cbd794c,direct,octree_leafcount,flyby,4,243,243,0.7947840095,0.2022079974,0.9983360171,1.053764,1,0,6,41769,36548,17,17,10896,29.81284886,14.00902922,512002,0,512002,41769
cstone,d7fddfb4f8d8ada0eb1a65d1a450a66c8cbd794c,direct,octree_leafcount,flyby,4,244,244,0.7621759772,0.2486719936,1.012159944,1.071038,1,0,5,41873,36639,17,17,11002,30.02811212,13.9742351,512002,0,512002,41873
cstone,d7fddfb4f8d8ada0eb1a65d1a450a66c8cbd794c,direct,octree_leafcount,flyby,4,245,245,0.7357119918,0.2294719964,0.9664959908,1.028352,1,0,5,41521,36331,17,17,10828,29.80374886,14.0927032,512002,0,512002,41521
cstone,d7fddfb4f8d8ada0eb1a65d1a450a66c8cbd794c,direct,octree_leafcount,flyby,4,246,246,0.8336319923,0.2600960135,1.095039964,1.158573,1,0,6,41921,36681,17,17,10954,29.86287179,13.95823451,512002,0,512002,41921
cstone,d7fddfb4f8d8ada0eb1a65d1a450a66c8cbd794c,direct,octree_leafcount,flyby,4,247,247,0.7621440291,0.2302079946,0.993727982,1.053391,1,0,5,41593,36394,17,17,10750,29.53783591,14.06830796,512002,0,512002,41593
cstone,d7fddfb4f8d8ada0eb1a65d1a450a66c8cbd794c,direct,octree_leafcount,flyby,4,248,248,0.8230720162,0.2474559993,1.071840048,1.131004,1,0,6,41897,36660,17,17,11024,30.07092199,13.96623022,512002,0,512002,41897
cstone,d7fddfb4f8d8ada0eb1a65d1a450a66c8cbd794c,direct,octree_leafcount,flyby,4,249,249,0.7504640222,0.2473919988,0.9991679788,1.060641,1,0,5,41977,36730,17,17,10995,29.93465832,13.9396134,512002,0,512002,41977
cstone,d7fddfb4f8d8ada0eb1a65d1a450a66c8cbd794c,direct,octree_leafcount,flyby,4,250,250,0.7324479818,0.2288320065,0.9626560211,1.016315,1,0,5,42081,36821,17,17,11047,30.00190109,13.90516281,512002,0,512002,42081
cstone,d7fddfb4f8d8ada0eb1a65d1a450a66c8cbd794c,direct,octree_leafcount,flyby,4,251,251,0.8353599906,0.2508479953,1.087520003,1.147407,1,0,6,42105,36842,17,17,10972,29.78122795,13.89723685,512002,0,512002,42105
cstone,d7fddfb4f8d8ada0eb1a65d1a450a66c8cbd794c,direct,octree_leafcount,flyby,4,252,252,0.7646719813,0.2498880029,1.01590395,1.077336,1,0,5,42201,36926,17,17,11089,30.03033093,13.86562314,512002,0,512002,42201
cstone,d7fddfb4f8d8ada0eb1a65d1a450a66c8cbd794c,direct,octree_leafcount,flyby,4,253,253,0.7392320037,0.2467840016,0.9873600006,1.047099,1,0,5,42321,37031,17,17,11026,29.77505333,13.82630769,512002,0,512002,42321
cstone,d7fddfb4f8d8ada0eb1a65d1a450a66c8cbd794c,direct,octree_leafcount,flyby,4,254,254,0.831807971,0.2412479967,1.074368,1.137708,1,0,6,42305,37017,17,17,11088,29.95380501,13.83153686,512002,0,512002,42305
cstone,d7fddfb4f8d8ada0eb1a65d1a450a66c8cbd794c,direct,octree_leafcount,flyby,4,255,255,0.7608320117,0.2270720005,0.9892160296,1.050144,1,0,5,42089,36828,17,17,10961,29.76268057,13.90251982,512002,0,512002,42089
cstone,d7fddfb4f8d8ada0eb1a65d1a450a66c8cbd794c,direct,octree_leafcount,flyby,4,256,256,0.8322560191,0.2486079931,1.082208037,1.143188,1,0,6,42513,37199,17,17,11146,29.96317105,13.76386462,512002,0,512002,42513
cstone,d7fddfb4f8d8ada0eb1a65d1a450a66c8cbd794c,direct,octree_leafcount,flyby,4,257,257,0.7522879839,0.2129279971,0.9665600061,1.026809,1,0,5,42457,37150,17,17,11109,29.90309556,13.78201884,512002,0,512002,42457
cstone,d7fddfb4f8d8ada0eb1a65d1a450a66c8cbd794c,direct,octree_leafcount,flyby,4,258,258,0.6691840291,0.2232320011,0.8937600255,0.953588,1,0,4,42337,37045,17,17,11093,29.9446619,13.82108247,512002,0,512002,42337
cstone,d7fddfb4f8d8ada0eb1a65d1a450a66c8cbd794c,direct,octree_leafcount,flyby,4,259,259,0.8216000199,0.2364799976,1.059391975,1.119293,1,0,6,42193,36919,17,17,11172,30.2608413,13.86825212,512002,0,512002,42193
cstone,d7fddfb4f8d8ada0eb1a65d1a450a66c8cbd794c,direct,octree_leafcount,flyby,4,260,260,0.750880003,0.2593919933,1.011584044,1.072695,1,0,5,42353,37059,17,17,11141,30.06287272,13.81586119,512002,0,512002,42353
cstone,d7fddfb4f8d8ada0eb1a65d1a450a66c8cbd794c,direct,octree_leafcount,flyby,4,261,261,0.8175359964,0.2142080069,1.033087969,1.092983,1,0,6,42241,36961,17,17,11118,30.08035497,13.85249317,512002,0,512002,42241
cstone,d7fddfb4f8d8ada0eb1a65d1a450a66c8cbd794c,direct,octree_leafcount,flyby,4,262,262,0.7283520103,0.2456959933,0.975391984,1.033319,1,0,5,42345,37052,17,17,11002,29.69340386,13.81847134,512002,0,512002,42345
cstone,d7fddfb4f8d8ada0eb1a65d1a450a66c8cbd794c,direct,octree_leafcount,flyby,4,263,263,0.7565439939,0.2331839949,0.9911360145,1.054276,1,0,5,42001,36751,17,17,10983,29.88490109,13.93164812,512002,0,512002,42001
cstone,d7fddfb4f8d8ada0eb1a65d1a450a66c8cbd794c,direct,octree_leafcount,flyby,4,264,264,0.8135359883,0.2591040134,1.073984027,1.137107,1,0,6,42065,36807,17,17,10862,29.5106909,13.91045182,512002,0,512002,42065
cstone,d7fddfb4f8d8ada0eb1a65d1a450a66c8cbd794c,direct,octree_leafcount,flyby,4,265,265,0.7446399927,0.2231680006,0.9691200256,1.028234,1,0,5,41785,36562,17,17,10861,29.70570538,14.00366501,512002,0,512002,41785
cstone,d7fddfb4f8d8ada0eb1a65d1a450a66c8cbd794c,direct,octree_leafcount,flyby,4,266,266,0.7185599804,0.2348159999,0.9547200203,1.010984,1,0,5,41921,36681,17,17,10761,29.33671383,13.95823451,512002,0,512002,41921
cstone,d7fddfb4f8d8ada0eb1a65d1a450a66c8cbd794c,direct,octree_leafcount,flyby,4,267,267,0.8252800107,0.2494399995,1.076063991,1.137599,1,0,6,41977,36730,17,17,10959,29.83664579,13.9396134,512002,0,512002,41977
cstone,d7fddfb4f8d8ada0eb1a65d1a450a66c8cbd794c,direct,octree_leafcount,flyby,4,268,268,0.7530559897,0.2282879949,0.9826880097,1.042522,1,0,5,41921,36681,17,17,10939,29.82197868,13.95823451,512002,0,512002,41921
cstone,d7fddfb4f8d8ada0eb1a65d1a450a66c8cbd794c,direct,octree_leafcount,flyby,4,269,269,0.8059840202,0.2418559939,1.049152017,1.105537,1,0,6,42081,36821,17,17,10846,29.45601695,13.90516281,512002,0,512002,42081
cstone,d7fddfb4f8d8ada0eb1a65d1a450a66c8cbd794c,direct,octree_leafcount,flyby,4,270,270,0.7086719871,0.2052800059,0.9152960181,0.969229,1,0,5,41857,36625,17,17,10802,29.49351536,13.97957679,512002,0,512002,41857
cstone,d7fddfb4f8d8ada0eb1a65d1a450a66c8cbd794c,direct,octree_leafcount,flyby,4,271,271,0.7378240228,0.2267840058,0.9659199715,1.020004,1,0,5,42001,36751,17,17,10960,29.82231776,13.93164812,512002,0,512002,42001
cstone,d7fddfb4f8d8ada0eb1a65d1a450a66c8cbd794c,direct,octree_leafcount,flyby,4,272,272,0.826399982,0.2481600046,1.075904012,1.140256,1,0,6,41833,36604,17,17,10668,29.14435581,13.98759698,512002,0,512002,41833
cstone,d7fddfb4f8d8ada0eb1a65d1a450a66c8cbd794c,direct,octree_leafcount,flyby,4,273,273,0.7578240037,0.2674559951,1.026592016,1.089933,1,0,5,42049,36793,17,17,11056,30.04919414,13.91574484,512002,0,512002,42049
cstone,d7fddfb4f8d8ada0eb1a65d1a450a66c8cbd794c,direct,octree_leafcount,flyby,4,274,274,0.6656320095,0.2215999961,0.8885759711,0.948839,1,0,4,41929,36688,17,17,10863,29.6091365,13.9555713,512002,0,512002,41929
cstone,d7fddfb4f8d8ada0eb1a65d1a450a66c8cbd794c,direct,octree_leafcount,flyby,4,275,275,0.8098239899,0.2580159903,1.069535971,1.128458,1,0,6,42129,36863,17,17,10919,29.62048667,13.88931991,512002,0,512002,42129
cstone,d7fddfb4f8d8ada0eb1a65d1a450a66c8cbd794c,direct,octree_leafcount,flyby,4,276,276,0.7492799759,0.2053119987,0.9559360147,1.014993,1,0,5,41897,36660,17,17,10710,29.21440262,13.96623022,512002,0,512002,41897
cstone,d7fddfb4f8d8ada0eb1a65d1a450a66c8cbd794c,direct,octree_leafcount,flyby,4,277,277,0.8121280074,0.2278079987,1.041280031,1.097927,1,0,6,41953,36709,17,17,10849,29.55406031,13.94758779,512002,0,512002,41953
cstone,d7fddfb4f8d8ada0eb1a65d1a450a66c8cbd794c,direct,octree_leafcount,flyby,4,278,278,0.7192959785,0.1893759966,0.9099839926,0.961298,1,0,5,41793,36569,17,17,10736,29.35819957,14.00098444,512002,0,512002,41793
cstone,d7fddfb4f8d8ada0eb1a65d1a450a66c8cbd794c,direct,octree_leafcount,flyby,4,279,279,0.738943994,0.2329279929,0.9732159972,1.029391,1,0,5,41833,36604,17,17,10814,29.54321932,13.98759698,512002,0,512002,41833
cstone,d7fddfb4f8d8ada0eb1a65d1a450a66c8cbd794c,direct,octree_leafcount,flyby,4,280,280,0.8047360182,0.2383999974,1.044479966,1.104005,1,0,6,41873,36639,17,17,10723,29.26662846,13.9742351,512002,0,512002,41873
cstone,d7fddfb4f8d8ada0eb1a65d1a450a66c8cbd794c,direct,octree_leafcount,flyby,4,281,281,0.7506560087,0.2332800031,0.9852799773,1.042638,1,0,5,42225,36947,17,17,10931,29.58562265,13.85774217,512002,0,512002,42225
cstone,d7fddfb4f8d8ada0eb1a65d1a450a66c8cbd794c,direct,octree_leafcount,flyby,4,282,282,0.6604480147,0.2216639966,0.883679986,0.941382,1,0,4,41649,36443,17,17,10734,29.45421617,14.0493922,512002,0,512002,41649
cstone,d7fddfb4f8d8ada0eb1a65d1a450a66c8cbd794c,direct,octree_leafcount,flyby,4,283,283,0.8071680069,0.2083519995,1.016831994,1.072454,1,0,6,41561,36366,17,17,10715,29.46433482,14.07913986,512002,0,512002,41561
cstone,d7fddfb4f8d8ada0eb1a65d1a450a66c8cbd794c,direct,octree_leafcount,flyby,4,284,284,0.7419840097,0.2323839962,0.9756799936,1.031675,1,0,5,41625,36422,17,17,10665,29.28175279,14.05749272,512002,0,512002,41625
cstone,d7fddfb4f8d8ada0eb1a65d1a450a66c8cbd794c,direct,octree_leafcount,flyby,4,285,285,0.8069440126,0.231904,1.040192008,1.095463,1,0,6,41641,36436,17,17,10814,29.67943792,14.05209134,512002,0,512002,41641
cstone,d7fddfb4f8d8ada0eb1a65d1a450a66c8cbd794c,direct,octree_leafcount,flyby,4,286,286,0.7348799706,0.2403520048,0.9767040014,1.033819,1,0,5,41657,36450,17,17,10652,29.22359396,14.0466941,512002,0,512002,41657
cstone,d7fddfb4f8d8ada0eb1a65d1a450a66c8cbd794c,direct,octree_leafcount,flyby,4,287,287,0.7460160255,0.2426239997,0.9899520278,1.047275,1,0,5,41865,36632,17,17,10909,29.77997379,13.97690544,512002,0,512002,41865
cstone,d7fddfb4f8d8ada0eb1a65d1a450a66c8cbd794c,direct,octree_leafcount,flyby,4,288,288,0.8133760095,0.2701439857,1.085055947,1.151404,1,0,6,42129,36863,17,17,10875,29.50112579,13.88931991,512002,0,512002,42129
cstone,d7fddfb4f8d8ada0eb1a65d1a450a66c8cbd794c,direct,octree_leafcount,flyby,4,289,289,0.7599359751,0.244351998,1.005632043,1.070909,1,0,5,42105,36842,17,17,10822,29.37408393,13.89723685,512002,0,512002,42105
cstone,d7fddfb4f8d8ada0eb1a65d1a450a66c8cbd794c,direct,octree_leafcount,flyby,4,290,290,0.6772480011,0.2454079986,0.9239680171,0.989334,1,0,4,41785,36562,17,17,10642,29.10672283,14.00366501,512002,0,512002,41785
cstone,d7fddfb4f8d8ada0eb1a65d1a450a66c8cbd794c,direct,octree_leafcount,flyby,4,291,291,0.8280320168,0.2526080012,1.081984043,1.145922,1,0,6,41905,36667,17,17,10791,29.42973246,13.96356397,512002,0,512002,41905
cstone,d7fddfb4f8d8ada0eb1a65d1a450a66c8cbd794c,direct,octree_leafcount,flyby,4,292,292,0.7544639707,0.2176640034,0.9734719992,1.033793,1,0,5,41569,36373,17,17,10684,29.37343634,14.07643032,512002,0,512002,41569
cstone,d7fddfb4f8d8ada0eb1a65d1a450a66c8cbd794c,direct,octree_leafcount,flyby,4,293,293,0.8191679716,0.2432640046,1.063776016,1.124928,1,0,6,41697,36485,17,17,10647,29.18185556,14.03321913,512002,0,512002,41697
cstone,d7fddfb4f8d8ada0eb1a65d1a450a66c8cbd794c,direct,octree_leafcount,flyby,4,294,294,0.7352319956,0.242719993,0.9792640209,1.037861,1,0,5,42017,36765,17,17,10673,29.03032776,13.92634299,512002,0,512002,42017
cstone,d7fddfb4f8d8ada0eb1a65d1a450a66c8cbd794c,direct,octree_leafcount,flyby,4,295,295,0.7495999932,0.2165440023,0.9674559832,1.026036,1,0,5,41857,36625,17,17,10827,29.56177474,13.97957679,512002,0,512002,41857
cstone,d7fddfb4f8d8ada0eb1a65d1a450a66c8cbd794c,direct,octree_leafcount,flyby,4,296,296,0.7902079821,0.2349759936,1.026559949,1.079594,1,0,6,41873,36639,17,17,10742,29.31848577,13.9742351,512002,0,512002,41873
cstone,d7fddfb4f8d8ada0eb1a65d1a450a66c8cbd794c,direct,octree_leafcount,flyby,4,297,297,0.7550399899,0.2165759951,0.9729599953,1.031298,1,0,5,41857,36625,17,17,10789,29.45802048,13.97957679,512002,0,512002,41857
cstone,d7fddfb4f8d8ada0eb1a65d1a450a66c8cbd794c,direct,octree_leafcount,flyby,4,298,298,0.6677439809,0.2155199945,0.8845760226,0.942396,1,0,4,41833,36604,17,17,10588,28.92580046,13.98759698,512002,0,512002,41833
cstone,d7fddfb4f8d8ada0eb1a65d1a450a66c8cbd794c,direct,octree_leafcount,flyby,4,299,299,0.8393920064,0.257919997,1.098976016,1.15868,1,0,6,42049,36793,17,17,10758,29.23925747,13.91574484,512002,0,512002,42049
cstone,d7fddfb4f8d8ada0eb1a65d1a450a66c8cbd794c,direct,octree_leafcount,flyby,4,300,300,0.7400640249,0.2275519967,0.9688959718,1.030958,1,0,5,42033,36779,17,17,10795,29.35098834,13.9210419,512002,0,512002,42033
cstone,d7fddfb4f8d8ada0eb1a65d1a450a66c8cbd794c,direct,octree_leafcount,flyby,4,301,301,0.8126080036,0.2213439941,1.035264015,1.094712,1,0,6,42009,36758,17,17,10700,29.10930954,13.92899505,512002,0,512002,42009
cstone,d7fddfb4f8d8ada0eb1a65d1a450a66c8cbd794c,direct,octree_leafcount,flyby,4,302,302,0.7309759855,0.2247679979,0.9570879936,1.015366,1,0,5,41961,36716,17,17,10699,29.13988452,13.94492864,512002,0,512002,41961
cstone,d7fddfb4f8d8ada0eb1a65d1a450a66c8cbd794c,direct,octree_leafcount,flyby,4,303,303,0.8313919902,0.2541759908,1.087072015,1.146353,1,0,6,42193,36919,17,17,10796,29.24239551,13.86825212,512002,0,512002,42193
cstone,d7fddfb4f8d8ada0eb1a65d1a450a66c8cbd794c,direct,octree_leafcount,flyby,4,304,304,0.8115839958,0.2073599994,1.020287991,1.076067,1,0,6,42153,36884,17,17,10816,29.32436829,13.88141199,512002,0,512002,42153
cstone,d7fddfb4f8d8ada0eb1a65d1a450a66c8cbd794c,direct,octree_leafcount,flyby,4,305,305,0.7363839746,0.2131839991,0.9509119987,1.009533,1,0,5,42153,36884,17,17,10850,29.41654918,13.88141199,512002,0,512002,42153
cstone,d7fddfb4f8d8ada0eb1a65d1a450a66c8cbd794c,direct,octree_leafcount,flyby,4,306,306,0.6525120139,0.2411199957,0.8949760199,0.954017,1,0,4,42345,37052,17,17,10890,29.39112599,13.81847134,512002,0,512002,42345
cstone,d7fddfb4f8d8ada0eb1a65d1a450a66c8cbd794c,direct,octree_leafcount,flyby,4,307,307,0.8245120049,0.257663995,1.083775997,1.145039,1,0,6,42577,37255,17,17,11010,29.55308012,13.74317541,512002,0,512002,42577
cstone,d7fddfb4f8d8ada0eb1a65d1a450a66c8cbd794c,direct,octree_leafcount,flyby,4,308,308,0.7502080202,0.2305919975,0.9821439981,1.042741,1,0,5,42473,37164,17,17,10952,29.46937897,13.77682704,512002,0,512002,42473
cstone,d7fddfb4f8d8ada0eb1a65d1a450a66c8cbd794c,direct,octree_leafcount,flyby,4,309,309,0.7256640196,0.2073280066,0.9343360066,0.989333,1,0,5,42337,37045,17,17,10944,29.54244837,13.82108247,512002,0,512002,42337
cstone,d7fddfb4f8d8ada0eb1a65d1a450a66c8cbd794c,direct,octree_leafcount,flyby,4,310,310,0.8171839714,0.2446720004,1.063199997,1.121477,1,0,6,42409,37108,17,17,10956,29.52463081,13.79761776,512002,0,512002,42409
cstone,d7fddfb4f8d8ada0eb1a65d1a450a66c8cbd794c,direct,octree_leafcount,flyby,4,311,311,0.7465919852,0.225759998,0.9748799801,1.035264,1,0,5,42409,37108,17,17,11023,29.70518487,13.79761776,512002,0,512002,42409
cstone,d7fddfb4f8d8ada0eb1a65d1a450a66c8cbd794c,direct,octree_leafcount,flyby,4,312,312,0.8005440235,0.2155199945,1.017439961,1.07589,1,0,6,42281,36996,17,17,10871,29.38425776,13.83938804,512002,0,512002,42281
cstone,d7fddfb4f8d8ada0eb1a65d1a450a66c8cbd794c,direct,octree_leafcount,flyby,4,313,313,0.6574400067,0.2190719992,0.8778240085,0.937424,1,0,4,42057,36800,17,17,10595,28.79076087,13.91309783,512002,0,512002,42057
cstone,d7fddfb4f8d8ada0eb1a65d1a450a66c8cbd794c,direct,octree_leafcount,flyby,4,314,314,0.7415360212,0.2299840003,0.9728639722,1.027727,1,0,5,42105,36842,17,17,10747,29.17051192,13.89723685,512002,0,512002,42105
cstone,d7fddfb4f8d8ada0eb1a65d1a450a66c8cbd794c,direct,octree_leafcount,flyby,4,315,315,0.8054400086,0.2361280024,1.042912006,1.100078,1,0,6,42129,36863,17,17,10683,28.98027833,13.88931991,512002,0,512002,42129
cstone,d7fddfb4f8d8ada0eb1a65d1a450a66c8cbd794c,direct,octree_leafcount,flyby,4,316,316,0.7427200079,0.2484160066,0.9925119877,1.048995,1,0,5,42137,36870,17,17,10831,29.3761866,13.88668294,512002,0,512002,42137
cstone,d7fddfb4f8d8ada0eb1a65d1a450a66c8cbd794c,direct,octree_leafcount,flyby,4,317,317,0.7327679992,0.2267840058,0.9608640075,1.021184,1,0,5,41593,36394,17,17,10538,28.95532231,14.06830796,512002,0,512002,41593
cstone,d7fddfb4f8d8ada0eb1a65d1a450a66c8cbd794c,direct,octree_leafcount,flyby,4,318,318,0.8152959943,0.2503359914,1.066944003,1.127004,1,0,6,41689,36478,17,17,10570,28.97636932,14.03591206,512002,0,512002,41689
cstone,d7fddfb4f8d8ada0eb1a65d1a450a66c8cbd794c,direct,octree_leafcount,flyby,4,319,319,0.7460799813,0.2218240052,0.9692479968,1.029471,1,0,5,41601,36401,17,17,10552,28.98821461,14.06560259,512002,0,512002,41601
cstone,d7fddfb4f8d8ada0eb1a65d1a450a66c8cbd794c,direct,octree_leafcount,flyby,4,320,320,0.8264960051,0.2565119863,1.084319949,1.143988,1,0,6,41921,36681,17,17,10762,29.33944004,13.95823451,512002,0,512002,41921
cstone,d7fddfb4f8d8ada0eb1a65d1a450a66c8cbd794c,direct,octree_leafcount,flyby,4,321,321,0.6536960006,0.2170239985,0.8722879887,0.929902,1,0,4,41569,36373,17,17,10473,28.79333572,14.07643032,512002,0,512002,41569
cstone,d7fddfb4f8d8ada0eb1a65d1a450a66c8cbd794c,direct,octree_leafcount,flyby,4,322,322,0.7424960136,0.2047359943,0.9485440254,1.003967,1,0,5,41561,36366,17,17,10492,28.85112468,14.07913986,512002,0,512002,41561
cstone,d7fddfb4f8d8ada0eb1a65d1a450a66c8cbd794c,direct,octree_leafcount,flyby,4,323,323,0.8158079982,0.2298559994,1.04697597,1.102107,1,0,6,41721,36506,17,17,10517,28.80896291,14.02514655,512002,0,512002,41721
cstone,d7fddfb4f8d8ada0eb1a65d1a450a66c8cbd794c,direct,octree_leafcount,flyby,4,324,324,0.8221439719,0.2414080054,1.064864039,1.122368,1,0,6,41881,36646,17,17,10722,29.25830923,13.97156579,512002,0,512002,41881
cstone,d7fddfb4f8d8ada0eb1a65d1a450a66c8cbd794c,direct,octree_leafcount,flyby,4,325,325,0.6511359811,0.2094080001,0.861823976,0.918116,1,0,4,41633,36429,17,17,10557,28.97965906,14.05479151,512002,0,512002,41633
cstone,d7fddfb4f8d8ada0eb1a65d1a450a66c8cbd794c,direct,octree_leafcount,flyby,4,326,326,0.8182079792,0.2458239943,1.065376043,1.126665,1,0,6,41785,36562,17,17,10671,29.18604015,14.00366501,512002,0,512002,41785
cstone,d7fddfb4f8d8ada0eb1a65d1a450a66c8cbd794c,direct,octree_leafcount,flyby,4,327,327,0.7341120243,0.235423997,0.970879972,1.027451,1,0,5,41961,36716,17,17,10660,29.0336638,13.94492864,512002,0,512002,41961
cstone,d7fddfb4f8d8ada0eb1a65d1a450a66c8cbd794c,direct,octree_leafcount,flyby,4,328,328,0.8101440072,0.2360000014,1.047456026,1.104523,1,0,6,42201,36926,17,17,10698,28.97145643,13.86562314,512002,0,512002,42201
cstone,d7fddfb4f8d8ada0eb1a65d1a450a66c8cbd794c,direct,octree_leafcount,flyby,4,329,329,0.7252479792,0.2032320052,0.9298560023,0.985695,1,0,5,41889,36653,17,17,10634,29.01263198,13.9688975,512002,0,512002,41889
cstone,d7fddfb4f8d8ada0eb1a65d1a450a66c8cbd794c,direct,octree_leafcount,flyby,4,330,330,0.7447040081,0.231904,0.9779199958,1.033683,1,0,5,42073,36814,17,17,10654,28.94007714,13.90780681,512002,0,512002,42073
cstone,d7fddfb4f8d8ada0eb1a65d1a450a66c8cbd794c,direct,octree_leafcount,flyby,4,331,331,0.8016639948,0.2274239957,1.030431986,1.083836,1,0,6,42113,36849,17,17,10747,29.16497056,13.89459687,512002,0,512002,42113
cstone,d7fddfb4f8d8ada0eb1a65d1a450a66c8cbd794c,direct,octree_leafcount,flyby,4,332,332,0.8007680178,0.2267840058,1.028928041,1.082091,1,0,6,42129,36863,17,17,10639,28.86091745,13.88931991,512002,0,512002,42129
cstone,d7fddfb4f8d8ada0eb1a65d1a450a66c8cbd794c,direct,octree_leafcount,flyby,4,333,333,0.6611520052,0.2267840058,0.8892800212,0.94396,1,0,4,42225,36947,17,17,10749,29.09302514,13.85774217,512002,0,512002,42225
cstone,d7fddfb4f8d8ada0eb1a65d1a450a66c8cbd794c,direct,octree_leafcount,flyby,4,334,334,0.7965440154,0.2262720019,1.024160028,1.083595,1,0,6,41993,36744,17,17,10602,28.8536904,13.9343022,512002,0,512002,41993
cstone,d7fddfb4f8d8ada0eb1a65d1a450a66c8cbd794c,direct,octree_leafcount,flyby,4,335,335,0.7415040135,0.2370239943,0.979903996,1.03686,1,0,5,42273,36989,17,17,10776,29.13298548,13.84200708,512002,0,512002,42273
cstone,d7fddfb4f8d8ada0eb1a65d1a450a66c8cbd794c,direct,octree_leafcount,flyby,4,336,336,0.7450879812,0.2097599953,0.9561920166,1.014194,1,0,5,41969,36723,17,17,10559,28.75309751,13.94227051,512002,0,512002,41969
cstone,d7fddfb4f8d8ada0eb1a65d1a450a66c8cbd794c,direct,octree_leafcount,flyby,4,337,337,0.8266879916,0.2452159971,1.073248029,1.131868,1,0,6,42041,36786,17,17,10637,28.91589192,13.91839287,512002,0,512002,42041
cstone,d7fddfb4f8d8ada0eb1a65d1a450a66c8cbd794c,direct,octree_leafcount,flyby,4,338,338,0.7336639762,0.1931519955,0.9281600118,0.980807,1,0,5,41897,36660,17,17,10536,28.73977087,13.96623022,512002,0,512002,41897
cstone,d7fddfb4f8d8ada0eb1a65d1a450a66c8cbd794c,direct,octree_leafcount,flyby,4,339,339,0.7827839851,0.2083519995,0.99247998,1.045708,1,0,6,41721,36506,17,17,10560,28.92675177,14.02514655,512002,0,512002,41721
cstone,d7fddfb4f8d8ada0eb1a65d1a450a66c8cbd794c,direct,octree_leafcount,flyby,4,340,340,0.6617919803,0.2216320038,0.8848000169,0.944609,1,0,4,41321,36156,17,17,10287,28.45170926,14.16091382,512002,0,512002,41321
cstone,d7fddfb4f8d8ada0eb1a65d1a450a66c8cbd794c,direct,octree_leafcount,flyby,4,341,341,0.7544320226,0.2429440022,0.9987199903,1.058286,1,0,5,41641,36436,17,17,10505,28.83137556,14.05209134,512002,0,512002,41641
cstone,d7fddfb4f8d8ada0eb1a65d1a450a66c8cbd794c,direct,octree_leafcount,flyby,4,342,342,0.8113600016,0.2032320052,1.015936017,1.070822,1,0,6,41609,36408,17,17,10443,28.68325643,14.06289826,512002,0,512002,41609
cstone,d7fddfb4f8d8ada0eb1a65d1a450a66c8cbd794c,direct,octree_leafcount,flyby,4,343,343,0.7546880245,0.2387199998,0.9947519898,1.055301,1,0,5,41785,36562,17,17,10586,28.95355834,14.00366501,512002,0,512002,41785
cstone,d7fddfb4f8d8ada0eb1a65d1a450a66c8cbd794c,direct,octree_leafcount,flyby,4,344,344,0.6586880088,0.2131199986,0.8731520176,0.934972,1,0,4,41633,36429,17,17,10494,28.80671992,14.05479151,512002,0,512002,41633
cstone,d7fddfb4f8d8ada0eb1a65d1a450a66c8cbd794c,direct,octree_leafcount,flyby,4,345,345,0.8078719974,0.2360000014,1.045184016,1.103397,1,0,6,41801,36576,17,17,10682,29.20494313,13.9983049,512002,0,512002,41801
cstone,d7fddfb4f8d8ada0eb1a65d1a450a66c8cbd794c,direct,octree_leafcount,flyby,4,346,346,0.7408319712,0.2421440035,0.9843199849,1.044012,1,0,5,41905,36667,17,17,10520,28.69064827,13.96356397,512002,0,512002,41905
cstone,d7fddfb4f8d8ada0eb1a65d1a450a66c8cbd794c,direct,octree_leafcount,flyby,4,347,347,0.8167679906,0.2407359928,1.058815956,1.11987,1,0,6,42025,36772,17,17,10511,28.58424889,13.92369194,512002,0,512002,42025
cstone,d7fddfb4f8d8ada0eb1a65d1a450a66c8cbd794c,direct,octree_leafcount,flyby,4,348,348,0.7298240066,0.2242240012,0.9555199742,1.017047,1,0,5,41857,36625,17,17,10396,28.38498294,13.97957679,512002,0,512002,41857
cstone,d7fddfb4f8d8ada0eb1a65d1a450a66c8cbd794c,direct,octree_leafcount,flyby,4,349,349,0.737695992,0.2107519954,0.9497600198,1.008283,1,0,5,41713,36499,17,17,10372,28.41721691,14.02783638,512002,0,512002,41713
cstone,d7fddfb4f8d8ada0eb1a65d1a450a66c8cbd794c,direct,octree_leafcount,flyby,4,350,350,0.7978879809,0.1950400025,0.9942399859,1.046665,1,0,6,41609,36408,17,17,10358,28.44979125,14.06289826,512002,0,512002,41609
cstone,d7fddfb4f8d8ada0eb1a65d1a450a66c8cbd794c,direct,octree_leafcount,flyby,4,351,351,0.6526079774,0.2052800059,0.8592960238,0.913861,1,0,4,41601,36401,17,17,10345,28.41954891,14.06560259,512002,0,512002,41601
cstone,d7fddfb4f8d8ada0eb1a65d1a450a66c8cbd794c,direct,octree_leafcount,flyby,4,352,352,0.7432000041,0.2352000028,0.9797120094,1.035439,1,0,5,41769,36548,17,17,10547,28.85794024,14.00902922,512002,0,512002,41769
cstone,d7fddfb4f8d8ada0eb1a65d1a450a66c8cbd794c,direct,octree_leafcount,flyby,4,353,353,0.8006719947,0.2178560048,1.019840002,1.079008,1,0,6,41449,36268,17,17,10365,28.57891254,14.11718319,512002,0,512002,41449
cstone,d7fddfb4f8d8ada0eb1a65d1a450a66c8cbd794c,direct,octree_leafcount,flyby,4,354,354,0.7416960001,0.2431679964,0.9862400293,1.04677,1,0,5,41857,36625,17,17,10610,28.96928328,13.97957679,512002,0,512002,41857
cstone,d7fddfb4f8d8ada0eb1a65d1a450a66c8cbd794c,direct,octree_leafcount,flyby,4,355,355,0.6514559984,0.2026879936,0.8554559946,0.912236,1,0,4,41513,36324,17,17,10502,28.9120141,14.09541901,512002,0,512002,41513
cstone,d7fddfb4f8d8ada0eb1a65d1a450a66c8cbd794c,direct,octree_leafcount,flyby,4,356,356,0.8114879727,0.2226880044,1.035519958,1.087975,1,0,6,41897,36660,17,17,10584,28.87070376,13.96623022,512002,0,512002,41897
cstone,d7fddfb4f8d8ada0eb1a65d1a450a66c8cbd794c,direct,octree_leafcount,flyby,4,357,357,0.7425280213,0.2289920002,0.9728639722,1.034344,1,0,5,41625,36422,17,17,10551,28.96875515,14.05749272,512002,0,512002,41625
cstone,d7fddfb4f8d8ada0eb1a65d1a450a66c8cbd794c,direct,octree_leafcount,flyby,4,358,358,0.8142399788,0.2467200011,1.06230402,1.124209,1,0,6,41833,36604,17,17,10587,28.92306852,13.98759698,512002,0,512002,41833
cstone,d7fddfb4f8d8ada0eb1a65d1a450a66c8cbd794c,direct,octree_leafcount,flyby,4,359,359,0.7224320173,0.2165440023,0.9402880073,0.999878,1,0,5,41745,36527,17,17,10473,28.6719413,14.01708325,512002,0,512002,41745
cstone,d7fddfb4f8d8ada0eb1a65d1a450a66c8cbd794c,direct,octree_leafcount,flyby,4,360,360,0.7373440266,0.2288320065,0.9675520062,1.024784,1,0,5,41841,36611,17,17,10636,29.051378,13.98492256,512002,0,512002,41841
cstone,d7fddfb4f8d8ada0eb1a65d1a450a66c8cbd794c,direct,octree_leafcount,flyby,4,361,361,0.8169919848,0.2503359914,1.06883204,1.128915,1,0,6,42009,36758,17,17,10535,28.66042766,13.92899505,512002,0,512002,42009
cstone,d7fddfb4f8d8ada0eb1a65d1a450a66c8cbd794c,direct,octree_leafcount,flyby,4,362,362,0.7578560114,0.2114239931,0.9706240296,1.026433,1,0,5,41745,36527,17,17,10427,28.54600706,14.01708325,512002,0,512002,41745
cstone,d7fddfb4f8d8ada0eb1a65d1a450a66c8cbd794c,direct,octree_leafcount,flyby,4,363,363,0.6583999991,0.1960960031,0.8558400273,0.912015,1,0,4,41713,36499,17,17,10347,28.34872188,14.02783638,512002,0,512002,41713
cstone,d7fddfb4f8d8ada0eb1a65d1a450a66c8cbd794c,direct,octree_leafcount,flyby,4,364,364,0.8176320195,0.225759998,1.044736028,1.099939,1,0,6,41769,36548,17,17,10389,28.42563205,14.00902922,512002,0,512002,41769
cstone,d7fddfb4f8d8ada0eb1a65d1a450a66c8cbd794c,direct,octree_leafcount,flyby,4,365,365,0.743103981,0.2462400049,0.9906560183,1.0493,1,0,5,41953,36709,17,17,10475,28.53523659,13.94758779,512002,0,512002,41953
cstone,d7fddfb4f8d8ada0eb1a65d1a450a66c8cbd794c,direct,octree_leafcount,flyby,4,366,366,0.7440959811,0.2090239972,0.9544640183,1.011447,1,0,5,41617,36415,17,17,10327,28.35919264,14.06019497,512002,0,512002,41617
cstone,d7fddfb4f8d8ada0eb1a65d1a450a66c8cbd794c,direct,octree_leafcount,flyby,4,367,367,0.8187519908,0.218592003,1.038687944,1.098076,1,0,6,41321,36156,17,17,10299,28.48489877,14.16091382,512002,0,512002,41321
cstone,d7fddfb4f8d8ada0eb1a65d1a450a66c8cbd794c,direct,octree_leafcount,flyby,4,368,368,0.7380160093,0.2114239931,0.9507520199,1.009783,1,0,5,41121,35981,17,17,10181,28.29548929,14.22978794,512002,0,512002,41121
cstone,d7fddfb4f8d8ada0eb1a65d1a450a66c8cbd794c,direct,octree_leafcount,flyby,4,369,369,0.7968320251,0.239071995,1.037248015,1.091714,1,0,6,41577,36380,17,17,10299,28.30951072,14.07372183,512002,0,512002,41577
cstone,d7fddfb4f8d8ada0eb1a65d1a450a66c8cbd794c,direct,octree_leafcount,flyby,4,370,370,0.6495680213,0.2134719938,0.8644800186,0.920367,1,0,4,41369,36198,17,17,10226,28.25017957,14.14448312,512002,0,512002,41369
cstone,d7fddfb4f8d8ada0eb1a65d1a450a66c8cbd794c,direct,octree_leafcount,flyby,4,371,371,0.7320640087,0.2076479942,0.9410560131,0.997306,1,0,5,41337,36170,17,17,10263,28.37434338,14.15543268,512002,0,512002,41337
cstone,d7fddfb4f8d8ada0eb1a65d1a450a66c8cbd794c,direct,octree_leafcount,flyby,4,372,372,0.804895997,0.2267840058,1.033023953,1.087219,1,0,6,41593,36394,17,17,10315,28.34258394,14.06830796,512002,0,512002,41593
cstone,d7fddfb4f8d8ada0eb1a65d1a450a66c8cbd794c,direct,octree_leafcount,flyby,4,373,373,0.7414079905,0.1993280053,0.9420800209,0.997938,1,0,5,41513,36324,17,17,10297,28.34764894,14.09541901,512002,0,512002,41513
cstone,d7fddfb4f8d8ada0eb1a65d1a450a66c8cbd794c,direct,octree_leafcount,flyby,4,374,374,0.6632000208,0.2403520048,0.9049599767,0.962457,1,0,4,41681,36471,17,17,10193,27.94823284,14.03860602,512002,0,512002,41681
cstone,d7fddfb4f8d8ada0eb1a65d1a450a66c8cbd794c,direct,octree_leafcount,flyby,4,375,375,0.8120319843,0.2168000042,1.030112028,1.087684,1,0,6,41481,36296,17,17,10226,28.17390346,14.1062927,512002,0,512002,41481
cstone,d7fddfb4f8d8ada0eb1a65d1a450a66c8cbd794c,direct,octree_leafcount,flyby,4,376,376,0.7396159768,0.2426880002,0.9836480021,1.042526,1,0,5,41777,36555,17,17,10399,28.4475448,14.0063466,512002,0,512002,41777
cstone,d7fddfb4f8d8ada0eb1a65d1a450a66c8cbd794c,direct,octree_leafcount,flyby,4,377,377,0.739199996,0.2225600034,0.9633920193,1.023438,1,0,5,41297,36135,17,17,10155,28.10294728,14.16914349,512002,0,512002,41297
cstone,d7fddfb4f8d8ada0eb1a65d1a450a66c8cbd794c,direct,octree_leafcount,flyby,4,378,378,0.804256022,0.2066559941,1.012256026,1.069619,1,0,6,41185,36037,17,17,10196,28.29314316,14.20767544,512002,0,512002,41185
cstone,d7fddfb4f8d8ada0eb1a65d1a450a66c8cbd794c,direct,octree_leafcount,flyby,4,379,379,0.7423359752,0.2339520007,0.9776319861,1.035713,1,0,5,41409,36233,17,17,10223,28.21461099,14.13081997,512002,0,512002,41409
cstone,d7fddfb4f8d8ada0eb1a65d1a450a66c8cbd794c,direct,octree_leafcount,flyby,4,380,380,0.8049600124,0.2355840057,1.041887999,1.101758,1,0,6,41417,36240,17,17,10182,28.09602649,14.12809051,512002,0,512002,41417
cstone,d7fddfb4f8d8ada0eb1a65d1a450a66c8cbd794c,direct,octree_leafcount,flyby,4,381,381,0.6516159773,0.2073280066,0.860319972,0.914751,1,0,4,41105,35967,17,17,10015,27.844969,14.23532683,512002,0,512002,41105
cstone,d7fddfb4f8d8ada0eb1a65d1a450a66c8cbd794c,direct,octree_leafcount,flyby,4,382,382,0.7419199944,0.2104959935,0.9537280202,1.009315,1,0,5,41017,35890,17,17,10167,28.32822513,14.26586793,512002,0,512002,41017
cstone,d7fddfb4f8d8ada0eb1a65d1a450a66c8cbd794c,direct,octree_leafcount,flyby,4,383,383,0.7959039807,0.2262399942,1.023519993,1.077885,1,0,6,41129,35988,17,17,10016,27.83149939,14.22702012,512002,0,512002,41129
cstone,d7fddfb4f8d8ada0eb1a65d1a450a66c8cbd794c,direct,octree_leafcount,flyby,4,384,384,0.7443839908,0.2344319969,0.9801920056,1.036719,1,0,5,41241,36086,17,17,10037,27.81411074,14.18838331,512002,0,512002,41241
cstone,d7fddfb4f8d8ada0eb1a65d1a450a66c8cbd794c,direct,octree_leafcount,flyby,4,385,385,0.6608960032,0.2298559994,0.892095983,0.948158,1,0,4,41273,36114,17,17,10009,27.71501357,14.17738273,512002,0,512002,41273
cstone,d7fddfb4f8d8ada0eb1a65d1a450a66c8cbd794c,direct,octree_leafcount,flyby,4,386,386,0.8355519772,0.2261759937,1.063071966,1.117508,1,0,6,41657,36450,17,17,10104,27.72016461,14.0466941,512002,0,512002,41657
cstone,d7fddfb4f8d8ada0eb1a65d1a450a66c8cbd794c,direct,octree_leafcount,flyby,4,387,387,0.7301120162,0.2206400037,0.9520959854,1.00515,1,0,5,41681,36471,17,17,10337,28.34306709,14.03860602,512002,0,512002,41681
cstone,d7fddfb4f8d8ada0eb1a65d1a450a66c8cbd794c,direct,octree_leafcount,flyby,4,388,388,0.7492160201,0.2254720032,0.9759680033,1.037025,1,0,5,41305,36142,17,17,10037,27.77101433,14.1663992,512002,0,512002,41305
cstone,d7fddfb4f8d8ada0eb1a65d1a450a66c8cbd794c,direct,octree_leafcount,flyby,4,389,389,0.8266559839,0.2407359928,1.068735957,1.137201,1,0,6,41201,36051,17,17,10145,28.14068958,14.20215805,512002,0,512002,41201
cstone,d7fddfb4f8d8ada0eb1a65d1a450a66c8cbd794c,direct,octree_leafcount,flyby,4,390,390,0.7416319847,0.2108799964,0.9538239837,1.013338,1,0,5,40977,35855,17,17,10097,28.16064705,14.27979361,512002,0,512002,40977
cstone,d7fddfb4f8d8ada0eb1a65d1a450a66c8cbd794c,direct,octree_leafcount,flyby,4,391,391,0.7986239791,0.2288320065,1.028831959,1.082665,1,0,6,41233,36079,17,17,10219,28.32395576,14.19113612,512002,0,512002,41233
cstone,d7fddfb4f8d8ada0eb1a65d1a450a66c8cbd794c,direct,octree_leafcount,flyby,4,392,392,0.6592320204,0.2132160068,0.873759985,0.933023,1,0,4,41217,36065,17,17,10031,27.81366976,14.19664495,512002,0,512002,41217
cstone,d7fddfb4f8d8ada0eb1a65d1a450a66c8cbd794c,direct,octree_leafcount,flyby,4,393,393,0.7475200295,0.2479680032,0.9968320131,1.059635,1,0,5,41257,36100,17,17,10134,28.07202216,14.18288089,512002,0,512002,41257
cstone,d7fddfb4f8d8ada0eb1a65d1a450a66c8cbd794c,direct,octree_leafcount,flyby,4,394,394,0.8068479896,0.2298559994,1.038079977,1.098518,1,0,6,41137,35995,17,17,10099,28.05667454,14.22425337,512002,0,512002,41137
cstone,d7fddfb4f8d8ada0eb1a65d1a450a66c8cbd794c,direct,octree_leafcount,flyby,4,395,395,0.7288320065,0.2329279929,0.9631040096,1.020529,1,0,5,41401,36226,17,17,10135,27.97714349,14.13355049,512002,0,512002,41401
cstone,d7fddfb4f8d8ada0eb1a65d1a450a66c8cbd794c,direct,octree_leafcount,flyby,4,396,396,0.6470080018,0.2011840045,0.8495360017,0.905059,1,0,4,41161,36016,17,17,10083,27.99589072,14.21595957,512002,0,512002,41161
cstone,d7fddfb4f8d8ada0eb1a65d1a450a66c8cbd794c,direct,octree_leafcount,flyby,4,397,397,0.8004480004,0.2267840058,1.028576016,1.082572,1,0,6,41529,36338,17,17,10041,27.63223072,14.08998844,512002,0,512002,41529
cstone,d7fddfb4f8d8ada0eb1a65d1a450a66c8cbd794c,direct,octree_leafcount,flyby,4,398,398,0.7307199836,0.2093760073,0.9414719939,0.998565,1,0,5,41417,36240,17,17,10137,27.9718543,14.12809051,512002,0,512002,41417
cstone,d7fddfb4f8d8ada0eb1a65d1a450a66c8cbd794c,direct,octree_leafcount,flyby,4,399,399,0.7145599723,0.2075199932,0.9234240055,0.978845,1,0,5,41025,35897,17,17,9872,27.50090537,14.26308605,512002,0,512002,41025
cstone,d7fddfb4f8d8ada0eb1a65d1a450a66c8cbd794c,direct,octree_leafcount,flyby,4,400,400,0.8162879944,0.2298559994,1.047487974,1.101009,1,0,6,41233,36079,17,17,10179,28.21308795,14.19113612,512002,0,512002,41233
cstone,d7fddfb4f8d8ada0eb1a65d1a450a66c8cbd794c,direct,octree_leafcount,flyby,4,401,401,0.7337599993,0.1940480024,0.9291520119,0.979437,1,0,5,41217,36065,17,17,10110,28.0327187,14.19664495,512002,0,512002,41217
cstone,d7fddfb4f8d8ada0eb1a65d1a450a66c8cbd794c,direct,octree_leafcount,flyby,4,402,402,0.792576015,0.2288320065,1.022719979,1.0815,1,0,6,41521,36331,17,17,10283,28.30365253,14.0927032,512002,0,512002,41521
cstone,d7fddfb4f8d8ada0eb1a65d1a450a66c8cbd794c,direct,octree_leafcount,flyby,4,403,403,0.658016026,0.1985920072,0.857919991,0.909884,1,0,4,41257,36100,17,17,10014,27.73961219,14.18288089,512002,0,512002,41257
cstone,d7fddfb4f8d8ada0eb1a65d1a450a66c8cbd794c,direct,octree_leafcount,flyby,4,404,404,0.7372480035,0.2161599994,0.9547200203,1.012044,1,0,5,41137,35995,17,17,9993,27.76218919,14.22425337,512002,0,512002,41137
cstone,d7fddfb4f8d8ada0eb1a65d1a450a66c8cbd794c,direct,octree_leafcount,flyby,4,405,405,0.8003519773,0.2326399982,1.034335971,1.090558,1,0,6,41313,36149,17,17,10000,27.66328253,14.16365598,512002,0,512002,41313
cstone,d7fddfb4f8d8ada0eb1a65d1a450a66c8cbd794c,direct,octree_leafcount,flyby,4,406,406,0.7512959838,0.2380480021,0.9906560183,1.049467,1,0,5,41537,36345,17,17,9975,27.44531572,14.08727473,512002,0,512002,41537
cstone,d7fddfb4f8d8ada0eb1a65d1a450a66c8cbd794c,direct,octree_leafcount,flyby,4,407,407,0.6566720009,0.2130240053,0.8710399866,0.930261,1,0,4,41161,36016,17,17,10025,27.83485118,14.21595957,512002,0,512002,41161
cstone,d7fddfb4f8d8ada0eb1a65d1a450a66c8cbd794c,direct,octree_leafcount,flyby,4,408,408,0.802752018,0.2022079974,1.006304026,1.061638,1,0,6,41089,35953,17,17,9865,27.43860039,14.24087002,512002,0,512002,41089
cstone,d7fddfb4f8d8ada0eb1a65d1a450a66c8cbd794c,direct,octree_leafcount,flyby,4,409,409,0.7238079906,0.2196159959,0.9447680116,0.99875,1,0,5,41137,35995,17,17,9950,27.64272816,14.22425337,512002,0,512002,41137
cstone,d7fddfb4f8d8ada0eb1a65d1a450a66c8cbd794c,direct,octree_leafcount,flyby,4,410,410,0.6461759806,0.2189760059,0.8664960265,0.923967,1,0,4,40753,35659,17,17,9721,27.26100003,14.35828262,512002,0,512002,40753
cstone,d7fddfb4f8d8ada0eb1a65d1a450a66c8cbd794c,direct,octree_leafcount,flyby,4,411,411,0.8035519719,0.239071995,1.043936014,1.10107,1,0,6,40921,35806,17,17,10008,27.9506228,14.29933531,512002,0,512002,40921
cstone,d7fddfb4f8d8ada0eb1a65d1a450a66c8cbd794c,direct,octree_leafcount,flyby,4,412,412,0.7340800166,0.2288320065,0.9642239809,1.018649,1,0,5,41001,35876,17,17,9939,27.70375739,14.27143494,512002,0,512002,41001
cstone,d7fddfb4f8d8ada0eb1a65d1a450a66c8cbd794c,direct,octree_leafcount,flyby,4,413,413,0.7945920229,0.2288320065,1.024799943,1.078509,1,0,6,41113,35974,17,17,9902,27.52543504,14.23255685,512002,0,512002,41113
cstone,d7fddfb4f8d8ada0eb1a65d1a450a66c8cbd794c,direct,octree_leafcount,flyby,4,414,414,0.7307199836,0.2283519953,0.960416019,1.019001,1,0,5,40865,35757,17,17,9846,27.5358671,14.31893056,512002,0,512002,40865
cstone,d7fddfb4f8d8ada0eb1a65d1a450a66c8cbd794c,direct,octree_leafcount,flyby,4,415,415,0.7329599857,0.2494720072,0.9837759733,1.042636,1,0,5,41009,35883,17,17,9930,27.67327147,14.26865089,512002,0,512002,41009
cstone,d7fddfb4f8d8ada0eb1a65d1a450a66c8cbd794c,direct,octree_leafcount,flyby,4,416,416,0.7958080173,0.2439039946,1.041056037,1.098468,1,0,6,41121,35981,17,17,10024,27.85914788,14.22978794,512002,0,512002,41121
cstone,d7fddfb4f8d8ada0eb1a65d1a450a66c8cbd794c,direct,octree_leafcount,flyby,4,417,417,0.6615039706,0.2293439955,0.8921920061,0.945599,1,0,4,41265,36107,17,17,9930,27.50159249,14.18013128,512002,0,512002,41265
cstone,d7fddfb4f8d8ada0eb1a65d1a450a66c8cbd794c,direct,octree_leafcount,flyby,4,418,418,0.7325119972,0.2011840045,0.9350399971,0.989688,1,0,5,41105,35967,17,17,10036,27.90335585,14.23532683,512002,0,512002,41105
cstone,d7fddfb4f8d8ada0eb1a65d1a450a66c8cbd794c,direct,octree_leafcount,flyby,4,419,419,0.8157439828,0.2165440023,1.033728004,1.092727,1,0,6,40985,35862,17,17,9975,27.81495734,14.2770063,512002,0,512002,40985
cstone,d7fddfb4f8d8ada0eb1a65d1a450a66c8cbd794c,direct,octree_leafcount,flyby,4,420,420,0.7454400063,0.2160000056,0.9627839923,1.020985,1,0,5,40985,35862,17,17,10079,28.10495789,14.2770063,512002,0,512002,40985
cstone,d7fddfb4f8d8ada0eb1a65d1a450a66c8cbd794c,direct,octree_leafcount,flyby,4,421,421,0.656512022,0.2411199957,0.898976028,0.95764,1,0,4,41041,35911,17,17,9966,27.7519423,14.25752555,512002,0,512002,41041
cstone,d7fddfb4f8d8ada0eb1a65d1a450a66c8cbd794c,direct,octree_leafcount,flyby,4,422,422,0.8041279912,0.229888007,1.035359979,1.089778,1,0,6,41209,36058,17,17,9965,27.63603084,14.19940097,512002,0,512002,41209
cstone,d7fddfb4f8d8ada0eb1a65d1a450a66c8cbd794c,direct,octree_leafcount,flyby,4,423,423,0.7330240011,0.2009280026,0.9352959991,0.992419,1,0,5,40993,35869,17,17,9919,27.65340545,14.27422008,512002,0,512002,40993
cstone,d7fddfb4f8d8ada0eb1a65d1a450a66c8cbd794c,direct,octree_leafcount,flyby,4,424,424,0.7164160013,0.2107519954,0.9285119772,0.986041,1,0,5,40921,35806,17,17,9862,27.54286991,14.29933531,512002,0,512002,40921
cstone,d7fddfb4f8d8ada0eb1a65d1a450a66c8cbd794c,direct,octree_leafcount,flyby,4,425,425,0.8080639839,0.2528960109,1.06230402,1.12157,1,0,6,41105,35967,17,17,10044,27.92559847,14.23532683,512002,0,512002,41105
cstone,d7fddfb4f8d8ada0eb1a65d1a450a66c8cbd794c,direct,octree_leafcount,flyby,4,426,426,0.738048017,0.2191359997,0.9584959745,1.015613,1,0,5,40849,35743,17,17,9927,27.77327029,14.32453907,512002,0,512002,40849
cstone,d7fddfb4f8d8ada0eb1a65d1a450a66c8cbd794c,direct,octree_leafcount,flyby,4,427,427,0.7986239791,0.2267840058,1.026720047,1.085533,1,0,6,41289,36128,17,17,10126,28.02812223,14.17188884,512002,0,512002,41289
cstone,d7fddfb4f8d8ada0eb1a65d1a450a66c8cbd794c,direct,octree_leafcount,flyby,4,428,428,0.6386240125,0.2107200027,0.8506879807,0.906712,1,0,4,41161,36016,17,17,10053,27.9125944,14.21595957,512002,0,512002,41161
cstone,d7fddfb4f8d8ada0eb1a65d1a450a66c8cbd794c,direct,octree_leafcount,flyby,4,429,429,0.7430719733,0.2180480063,0.962463975,1.019882,1,0,5,40985,35862,17,17,10044,28.00736155,14.2770063,512002,0,512002,40985
cstone,d7fddfb4f8d8ada0eb1a65d1a450a66c8cbd794c,direct,octree_leafcount,flyby,4,430,430,0.8189439774,0.2452159971,1.065472007,1.124111,1,0,6,41065,35932,17,17,9931,27.63831682,14.24919292,512002,0,512002,41065
cstone,d7fddfb4f8d8ada0eb1a65d1a450a66c8cbd794c,direct,octree_leafcount,flyby,4,431,431,0.7444159985,0.238560006,0.9843199849,1.040678,1,0,5,41401,36226,17,17,10031,27.69005687,14.13355049,512002,0,512002,41401
cstone,d7fddfb4f8d8ada0eb1a65d1a450a66c8cbd794c,direct,octree_leafcount,flyby,4,432,432,0.6527360082,0.2109439969,0.8650239706,0.921361,1,0,4,41281,36121,17,17,10022,27.74563273,14.17463525,512002,0,512002,41281
cstone,d7fddfb4f8d8ada0eb1a65d1a450a66c8cbd794c,direct,octree_leafcount,flyby,4,433,433,0.7919359803,0.2089599967,1.002207994,1.056755,1,0,6,41177,36030,17,17,9894,27.46044963,14.21043575,512002,0,512002,41177
cstone,d7fddfb4f8d8ada0eb1a65d1a450a66c8cbd794c,direct,octree_leafcount,flyby,4,434,434,0.7340480089,0.2134719938,0.9488319755,1.00667,1,0,5,41057,35925,17,17,10085,28.072373,14.25196938,512002,0,512002,41057
cstone,d7fddfb4f8d8ada0eb1a65d1a450a66c8cbd794c,direct,octree_leafcount,flyby,4,435,435,0.7372800112,0.2293120027,0.9679039717,1.028323,1,0,5,40945,35827,17,17,9832,27.44298992,14.29095375,512002,0,512002,40945
cstone,d7fddfb4f8d8ada0eb1a65d1a450a66c8cbd794c,direct,octree_leafcount,flyby,4,436,436,0.7965760231,0.2385279983,1.036416054,1.092976,1,0,6,41001,35876,17,17,10003,27.88214963,14.27143494,512002,0,512002,41001
cstone,d7fddfb4f8d8ada0eb1a65d1a450a66c8cbd794c,direct,octree_leafcount,flyby,4,437,437,0.7336959839,0.1909440011,0.9260159731,0.978181,1,0,5,40761,35666,17,17,9795,27.46313015,14.35546459,512002,0,512002,40761
cstone,d7fddfb4f8d8ada0eb1a65d1a450a66c8cbd794c,direct,octree_leafcount,flyby,4,438,438,0.7917119861,0.2336959988,1.026720047,1.082833,1,0,6,40985,35862,17,17,9882,27.55562991,14.2770063,512002,0,512002,40985
cstone,d7fddfb4f8d8ada0eb1a65d1a450a66c8cbd794c,direct,octree_leafcount,flyby,4,439,439,0.7203199863,0.2353920043,0.9570559859,1.013157,1,0,5,41233,36079,17,17,9875,27.37049253,14.19113612,512002,0,512002,41233
cstone,d7fddfb4f8d8ada0eb1a65d1a450a66c8cbd794c,direct,octree_leafcount,flyby,4,440,440,0.7329599857,0.2144960016,0.9487680197,1.005911,1,0,5,41233,36079,17,17,9922,27.50076222,14.19113612,512002,0,512002,41233
cstone,d7fddfb4f8d8ada0eb1a65d1a450a66c8cbd794c,direct,octree_leafcount,flyby,4,441,441,0.8021759987,0.2164800018,1.020287991,1.080716,1,0,6,40993,35869,17,17,9933,27.69243637,14.27422008,512002,0,512002,40993
cstone,d7fddfb4f8d8ada0eb1a65d1a450a66c8cbd794c,direct,octree_leafcount,flyby,4,442,442,0.66307199,0.2170239985,0.8814399838,0.939101,1,0,4,40961,35841,17,17,9770,27.25928406,14.2853715,512002,0,512002,40961
cstone,d7fddfb4f8d8ada0eb1a65d1a450a66c8cbd794c,direct,octree_leafcount,flyby,4,443,443,0.7363839746,0.2091840059,0.9470080137,1.003284,1,0,5,40681,35596,17,17,9837,27.63512754,14.3836948,512002,0,512002,40681
cstone,d7fddfb4f8d8ada0eb1a65d1a450a66c8cbd794c,direct,octree_leafcount,flyby,4,444,444,0.8063679934,0.2370239943,1.044736028,1.10192,1,0,6,41121,35981,17,17,9785,27.19490842,14.22978794,512002,0,512002,41121
cstone,d7fddfb4f8d8ada0eb1a65d1a450a66c8cbd794c,direct,octree_leafcount,flyby,4,445,445,0.7318400145,0.2083519995,0.9415360093,0.99902,1,0,5,41017,35890,17,17,9791,27.28057955,14.26586793,512002,0,512002,41017
cstone,d7fddfb4f8d8ada0eb1a65d1a450a66c8cbd794c,direct,octree_leafcount,flyby,4,446,446,0.6510400176,0.2080959976,0.8604800105,0.916111,1,0,4,40729,35638,17,17,9569,26.85055278,14.36674336,512002,0,512002,40729
cstone,d7fddfb4f8d8ada0eb1a65d1a450a66c8cbd794c,direct,octree_leafcount,flyby,4,447,447,0.8219839931,0.2637439966,1.089151978,1.165477,1,0,6,41065,35932,17,17,9673,26.92029389,14.24919292,512002,0,512002,41065
cstone,d7fddfb4f8d8ada0eb1a65d1a450a66c8cbd794c,direct,octree_leafcount,flyby,4,448,448,0.7494720221,0.2252800018,0.9760959744,1.038271,1,0,5,40833,35729,17,17,9723,27.21318817,14.33015198,512002,0,512002,40833
cstone,d7fddfb4f8d8ada0eb1a65d1a450a66c8cbd794c,direct,octree_leafcount,flyby,4,449,449,0.7365120053,0.2373760045,0.9752320051,1.034146,1,0,5,40945,35827,17,17,9621,26.85404862,14.29095375,512002,0,512002,40945
cstone,d7fddfb4f8d8ada0eb1a65d1a450a66c8cbd794c,direct,octree_leafcount,flyby,4,450,450,0.8101119995,0.2360000014,1.047456026,1.104799,1,0,6,41113,35974,17,17,9878,27.45872019,14.23255685,512002,0,512002,41113
cstone,d7fddfb4f8d8ada0eb1a65d1a450a66c8cbd794c,direct,octree_leafcount,flyby,4,451,451,0.7366399765,0.2057600021,0.9437119961,1.000215,1,0,5,40825,35722,17,17,9760,27.32209843,14.33296008,512002,0,512002,40825
cstone,d7fddfb4f8d8ada0eb1a65d1a450a66c8cbd794c,direct,octree_leafcount,flyby,4,452,452,0.8155840039,0.2377279997,1.054623961,1.113269,1,0,6,41065,35932,17,17,9802,27.27930535,14.24919292,512002,0,512002,41065
cstone,d7fddfb4f8d8ada0eb1a65d1a450a66c8cbd794c,direct,octree_leafcount,flyby,4,453,453,0.7210239768,0.2026879936,0.9250559807,0.979784,1,0,5,40825,35722,17,17,9614,26.91338671,14.33296008,512002,0,512002,40825
cstone,d7fddfb4f8d8ada0eb1a65d1a450a66c8cbd794c,direct,octree_leafcount,flyby,4,454,454,0.750271976,0.2395520061,0.9911360145,1.046509,1,0,5,41417,36240,17,17,9874,27.24613687,14.12809051,512002,0,512002,41417
cstone,d7fddfb4f8d8ada0eb1a65d1a450a66c8cbd794c,direct,octree_leafcount,flyby,4,455,455,0.8086079955,0.2482880056,1.058240056,1.115795,1,0,6,41497,36310,17,17,9892,27.2431837,14.10085376,512002,0,512002,41497
cstone,d7fddfb4f8d8ada0eb1a65d1a450a66c8cbd794c,direct,octree_leafcount,flyby,4,456,456,0.6428160071,0.2119040042,0.8560640216,0.914183,1,0,4,40857,35750,17,17,9698,27.12727273,14.32173427,512002,0,512002,40857
cstone,d7fddfb4f8d8ada0eb1a65d1a450a66c8cbd794c,direct,octree_leafcount,flyby,4,457,457,0.7367359996,0.2262080014,0.9642879963,1.018741,1,0,5,40977,35855,17,17,9833,27.42434807,14.27979361,512002,0,512002,40977
cstone,d7fddfb4f8d8ada0eb1a65d1a450a66c8cbd794c,direct,octree_leafcount,flyby,4,458,458,0.8004159927,0.2073280066,1.009088039,1.0652,1,0,6,40873,35764,17,17,9619,26.8957611,14.31612795,512002,0,512002,40873
cstone,d7fddfb4f8d8ada0eb1a65d1a450a66c8cbd794c,direct,octree_leafcount,flyby,4,459,459,0.7395200133,0.2298559994,0.9708160162,1.026776,1,0,5,41145,36002,17,17,9800,27.22070996,14.2214877,512002,0,512002,41145
cstone,d7fddfb4f8d8ada0eb1a65d1a450a66c8cbd794c,direct,octree_leafcount,flyby,4,460,460,0.6694080234,0.2268159986,0.8975359797,0.957975,1,0,4,41001,35876,17,17,9716,27.08217193,14.27143494,512002,0,512002,41001
cstone,d7fddfb4f8d8ada0eb1a65d1a450a66c8cbd794c,direct,octree_leafcount,flyby,4,461,461,0.8173760176,0.2577280104,1.076607943,1.135741,1,0,6,41185,36037,17,17,9753,27.06385104,14.20767544,512002,0,512002,41185
cstone,d7fddfb4f8d8ada0eb1a65d1a450a66c8cbd794c,direct,octree_leafcount,flyby,4,462,462,0.7411839962,0.2144960016,0.9570239782,1.01436,1,0,5,41169,36023,17,17,9810,27.23260139,14.21319712,512002,0,512002,41169
cstone,d7fddfb4f8d8ada0eb1a65d1a450a66c8cbd794c,direct,octree_leafcount,flyby,4,463,463,0.7386559844,0.218336001,0.958303988,1.01594,1,0,5,40881,35771,17,17,9464,26.45718599,14.31332644,512002,0,512002,40881
cstone,d7fddfb4f8d8ada0eb1a65d1a450a66c8cbd794c,direct,octree_leafcount,flyby,4,464,464,0.8147519827,0.218592003,1.034687996,1.092545,1,0,6,40753,35659,17,17,9650,27.06189181,14.35828262,512002,0,512002,40753
cstone,d7fddfb4f8d8ada0eb1a65d1a450a66c8cbd794c,direct,octree_leafcount,flyby,4,465,465,0.7479040027,0.2380480021,0.9872639775,1.0476,1,0,5,40905,35792,17,17,9623,26.88589629,14.30492848,512002,0,512002,40905
cstone,d7fddfb4f8d8ada0eb1a65d1a450a66c8cbd794c,direct,octree_leafcount,flyby,4,466,466,0.8134719729,0.2472639978,1.062111974,1.120983,1,0,6,40961,35841,17,17,9795,27.32903658,14.2853715,512002,0,512002,40961
cstone,d7fddfb4f8d8ada0eb1a65d1a450a66c8cbd794c,direct,octree_leafcount,flyby,4,467,467,0.6569920182,0.1960639954,0.8543999791,0.908624,1,0,4,40657,35575,17,17,9596,26.97399859,14.39218552,512002,0,512002,40657
cstone,d7fddfb4f8d8ada0eb1a65d1a450a66c8cbd794c,direct,octree_leafcount,flyby,4,468,468,0.7489600182,0.2252479941,0.9755200148,1.028716,1,0,5,40769,35673,17,17,9705,27.2054495,14.35264766,512002,0,512002,40769
cstone,d7fddfb4f8d8ada0eb1a65d1a450a66c8cbd794c,direct,octree_leafcount,flyby,4,469,469,0.7872959971,0.2353599966,1.024000049,1.079255,1,0,6,40969,35848,17,17,9662,26.95268913,14.28258201,512002,0,512002,40969
cstone,d7fddfb4f8d8ada0eb1a65d1a450a66c8cbd794c,direct,octree_leafcount,flyby,4,470,470,0.7183039784,0.2027200013,0.9223359823,0.978688,1,0,5,40777,35680,17,17,9503,26.63396861,14.34983184,512002,0,512002,40777
cstone,d7fddfb4f8d8ada0eb1a65d1a450a66c8cbd794c,direct,octree_leafcount,flyby,4,471,471,0.7432640195,0.225759998,0.97033602,1.025539,1,0,5,40801,35701,17,17,9672,27.0916781,14.341391,512002,0,512002,40801
cstone,d7fddfb4f8d8ada0eb1a65d1a450a66c8cbd794c,direct,octree_leafcount,flyby,4,472,472,0.806303978,0.2278079987,1.035423994,1.090415,1,0,6,40929,35813,17,17,9702,27.09072125,14.29654036,512002,0,512002,40929
cstone,d7fddfb4f8d8ada0eb1a65d1a450a66c8cbd794c,direct,octree_leafcount,flyby,4,473,473,0.7522559762,0.2441920042,0.9977920055,1.054816,1,0,5,41305,36142,17,17,9867,27.30064745,14.1663992,512002,0,512002,41305
cstone,d7fddfb4f8d8ada0eb1a65d1a450a66c8cbd794c,direct,octree_leafcount,flyby,4,474,474,0.675647974,0.2435519993,0.9205440283,0.982499,1,0,4,40825,35722,17,17,9586,26.83500364,14.33296008,512002,0,512002,40825
cstone,d7fddfb4f8d8ada0eb1a65d1a450a66c8cbd794c,direct,octree_leafcount,flyby,4,475,475,0.8341119885,0.2515839934,1.087039948,1.147555,1,0,6,41297,36135,17,17,9741,26.95724367,14.16914349,512002,0,512002,41297
cstone,d7fddfb4f8d8ada0eb1a65d1a450a66c8cbd794c,direct,octree_leafcount,flyby,4,476,476,0.7383999825,0.1996160001,0.9393600225,0.993742,1,0,5,41233,36079,17,17,9818,27.21250589,14.19113612,512002,0,512002,41233
cstone,d7fddfb4f8d8ada0eb1a65d1a450a66c8cbd794c,direct,octree_leafcount,flyby,4,477,477,0.7254080176,0.1950400025,0.9217919707,0.976222,1,0,5,40921,35806,17,17,9615,26.85304139,14.29933531,512002,0,512002,40921
cstone,d7fddfb4f8d8ada0eb1a65d1a450a66c8cbd794c,direct,octree_leafcount,flyby,4,478,478,0.802752018,0.2114239931,1.015519977,1.07379,1,0,6,40865,35757,17,17,9816,27.45196745,14.31893056,512002,0,512002,40865
cstone,d7fddfb4f8d8ada0eb1a65d1a450a66c8cbd794c,direct,octree_leafcount,flyby,4,479,479,0.7366719842,0.2088319957,0.9468160272,1.003658,1,0,5,40721,35631,17,17,9794,27.48730038,14.36956583,512002,0,512002,40721
cstone,d7fddfb4f8d8ada0eb1a65d1a450a66c8cbd794c,direct,octree_leafcount,flyby,4,480,480,0.8239039779,0.2575680017,1.082784057,1.14404,1,0,6,40985,35862,17,17,9864,27.50543751,14.2770063,512002,0,512002,40985
cstone,d7fddfb4f8d8ada0eb1a65d1a450a66c8cbd794c,direct,octree_leafcount,flyby,4,481,481,0.7200959921,0.2370239943,0.9584640265,1.015847,1,0,5,41017,35890,17,17,9756,27.18305935,14.26586793,512002,0,512002,41017
cstone,d7fddfb4f8d8ada0eb1a65d1a450a66c8cbd794c,direct,octree_leafcount,flyby,4,482,482,0.7331200242,0.2431039959,0.9775679708,1.03479,1,0,5,41177,36030,17,17,9684,26.877602,14.21043575,512002,0,512002,41177
cstone,d7fddfb4f8d8ada0eb1a65d1a450a66c8cbd794c,direct,octree_leafcount,flyby,4,483,483,0.8124799728,0.210687995,1.024575949,1.081033,1,0,6,41073,35939,17,17,9843,27.38807424,14.24641754,512002,0,512002,41073
cstone,d7fddfb4f8d8ada0eb1a65d1a450a66c8cbd794c,direct,octree_leafcount,flyby,4,484,484,0.658559978,0.2083519995,0.8682240248,0.923211,1,0,4,40881,35771,17,17,9680,27.06102709,14.31332644,512002,0,512002,40881
cstone,d7fddfb4f8d8ada0eb1a65d1a450a66c8cbd794c,direct,octree_leafcount,flyby,4,485,485,0.7474560142,0.1960639954,0.944832027,0.998659,1,0,5,40849,35743,17,17,9790,27.38997846,14.32453907,512002,0,512002,40849
cstone,d7fddfb4f8d8ada0eb1a65d1a450a66c8cbd794c,direct,octree_leafcount,flyby,4,486,486,0.8139200211,0.1991360039,1.014368057,1.067717,1,0,6,40601,35526,17,17,9595,27.00838822,14.41203626,512002,0,512002,40601
cstone,d7fddfb4f8d8ada0eb1a65d1a450a66c8cbd794c,direct,octree_leafcount,flyby,4,487,487,0.739199996,0.2376960069,0.9782400131,1.033951,1,0,5,40785,35687,17,17,9787,27.42455236,14.34701712,512002,0,512002,40785
cstone,d7fddfb4f8d8ada0eb1a65d1a450a66c8cbd794c,direct,octree_leafcount,flyby,4,488,488,0.6600959897,0.2354560047,0.896863997,0.953289,1,0,4,40873,35764,17,17,9778,27.34034224,14.31612795,512002,0,512002,40873
cstone,d7fddfb4f8d8ada0eb1a65d1a450a66c8cbd794c,direct,octree_leafcount,flyby,4,489,489,0.7942399979,0.2078080028,1.003360033,1.059645,1,0,6,40849,35743,17,17,9667,27.04585513,14.32453907,512002,0,512002,40849
cstone,d7fddfb4f8d8ada0eb1a65d1a450a66c8cbd794c,direct,octree_leafcount,flyby,4,490,490,0.7432640195,0.2447360009,0.9893440008,1.049122,1,0,5,41009,35883,17,17,9836,27.41130898,14.26865089,512002,0,512002,41009
cstone,d7fddfb4f8d8ada0eb1a65d1a450a66c8cbd794c,direct,octree_leafcount,flyby,4,491,491,0.657311976,0.2042880058,0.8630399704,0.91652,1,0,4,40321,35281,17,17,9586,27.17043168,14.512117,512002,0,512002,40321
cstone,d7fddfb4f8d8ada0eb1a65d1a450a66c8cbd794c,direct,octree_leafcount,flyby,4,492,492,0.8068799973,0.2339839935,1.042304039,1.098709,1,0,6,40873,35764,17,17,9883,27.63393356,14.31612795,512002,0,512002,40873
cstone,d7fddfb4f8d8ada0eb1a65d1a450a66c8cbd794c,direct,octree_leafcount,flyby,4,493,493,0.7309120297,0.2382719964,0.9704959989,1.026696,1,0,5,41009,35883,17,17,9814,27.34999861,14.26865089,512002,0,512002,41009
cstone,d7fddfb4f8d8ada0eb1a65d1a450a66c8cbd794c,direct,octree_leafcount,flyby,4,494,494,0.8102080226,0.2032320052,1.014783978,1.068948,1,0,6,40977,35855,17,17,9622,26.83586669,14.27979361,512002,0,512002,40977
cstone,d7fddfb4f8d8ada0eb1a65d1a450a66c8cbd794c,direct,octree_leafcount,flyby,4,495,495,0.7228479981,0.2247360051,0.9489600062,1.000808,1,0,5,41065,35932,17,17,9694,26.97873762,14.24919292,512002,0,512002,41065
cstone,d7fddfb4f8d8ada0eb1a65d1a450a66c8cbd794c,direct,octree_leafcount,flyby,4,496,496,0.7446399927,0.2215359956,0.9675199986,1.025311,1,0,5,40529,35463,17,17,9508,26.81104249,14.43763923,512002,0,512002,40529
cstone,d7fddfb4f8d8ada0eb1a65d1a450a66c8cbd794c,direct,octree_leafcount,flyby,4,497,497,0.8136320114,0.2393600047,1.054335952,1.111451,1,0,6,40865,35757,17,17,9776,27.34010124,14.31893056,512002,0,512002,40865
cstone,d7fddfb4f8d8ada0eb1a65d1a450a66c8cbd794c,direct,octree_leafcount,flyby,4,498,498,0.7322239876,0.215711996,0.9492480159,1.007401,1,0,5,40841,35736,17,17,9719,27.19666443,14.32734497,512002,0,512002,40841
cstone,d7fddfb4f8d8ada0eb1a65d1a450a66c8cbd794c,direct,octree_leafcount,flyby,4,499,499,0.7430400252,0.2474240065,0.9934399724,1.053729,1,0,5,40897,35785,17,17,9857,27.54506078,14.3077267,512002,0,512002,40897
cstone,d7fddfb4f8d8ada0eb1a65d1a450a66c8cbd794c,direct,octree_leafcount,flyby,4,500,500,0.7864320278,0.206911996,0.9946560264,1.049275,1,0,6,40753,35659,17,17,9670,27.11797863,14.35828262,512002,0,512002,40753
cstone,d7fddfb4f8d8ada0eb1a65d1a450a66c8cbd794c,direct,octree_leafcount,flyby,4,501,501,0.6680960059,0.2683520019,0.9377920032,1.000728,1,0,4,40937,35820,17,17,9650,26.94025684,14.29374651,512002,0,512002,40937
cstone,d7fddfb4f8d8ada0eb1a65d1a450a66c8cbd794c,direct,octree_leafcount,flyby,4,502,502,0.7410879731,0.2265599966,0.9729279876,1.035533,1,0,5,40569,35498,17,17,9748,27.46070201,14.42340414,512002,0,512002,40569
cstone,d7fddfb4f8d8ada0eb1a65d1a450a66c8cbd794c,direct,octree_leafcount,flyby,4,503,503,0.8113600016,0.2487680018,1.061439991,1.123117,1,0,6,40673,35589,17,17,9700,27.25561269,14.38652393,512002,0,512002,40673
cstone,d7fddfb4f8d8ada0eb1a65d1a450a66c8cbd794c,direct,octree_leafcount,flyby,4,504,504,0.7403200269,0.240575999,0.9822080135,1.039249,1,0,5,40905,35792,17,17,9887,27.62349128,14.30492848,512002,0,512002,40905
cstone,d7fddfb4f8d8ada0eb1a65d1a450a66c8cbd794c,direct,octree_leafcount,flyby,4,505,505,0.6549440026,0.2042559981,0.8605440259,0.914722,1,0,4,40641,35561,17,17,9744,27.40080425,14.39785158,512002,0,512002,40641
cstone,d7fddfb4f8d8ada0eb1a65d1a450a66c8cbd794c,direct,octree_leafcount,flyby,4,506,506,0.7962560058,0.2329279929,1.030527949,1.084687,1,0,6,40785,35687,17,17,9701,27.18356825,14.34701712,512002,0,512002,40785
cstone,d7fddfb4f8d8ada0eb1a65d1a450a66c8cbd794c,direct,octree_leafcount,flyby,4,507,507,0.7501440048,0.2375040054,0.9889600277,1.046313,1,0,5,41201,36051,17,17,9886,27.42226291,14.20215805,512002,0,512002,41201
cstone,d7fddfb4f8d8ada0eb1a65d1a450a66c8cbd794c,direct,octree_leafcount,flyby,4,508,508,0.7260479927,0.2025599927,0.9299520254,0.983418,1,0,5,40649,35568,17,17,9617,27.03834908,14.39501799,512002,0,512002,40649
cstone,d7fddfb4f8d8ada0eb1a65d1a450a66c8cbd794c,direct,octree_leafcount,flyby,4,509,509,0.8128960133,0.244351998,1.058560014,1.115256,1,0,6,40761,35666,17,17,9712,27.23041552,14.35546459,512002,0,512002,40761
cstone,d7fddfb4f8d8ada0eb1a65d1a450a66c8cbd794c,direct,octree_leafcount,flyby,4,510,510,0.7515519857,0.235551998,0.9884799719,1.052404,1,0,5,40721,35631,17,17,9732,27.3132946,14.36956583,512002,0,512002,40721
cstone,d7fddfb4f8d8ada0eb1a65d1a450a66c8cbd794c,direct,octree_leafcount,flyby,4,511,511,0.7576000094,0.2578240037,1.016767979,1.075809,1,0,5,40961,35841,17,17,9828,27.4211099,14.2853715,512002,0,512002,40961
cstone,d7fddfb4f8d8ada0eb1a65d1a450a66c8cbd794c,direct,octree_leafcount,flyby,4,512,512,0.7418239713,0.2580159903,1.001183987,1.063283,1,0,5,41161,36016,17,17,9820,27.26565971,14.21595957,512002,0,512002,41161
cstone,d7fddfb4f8d8ada0eb1a65d1a450a66c8cbd794c,direct,octree_leafcount,flyby,4,513,513,0.7391679883,0.2073280066,0.9478399754,1.00541,1,0,5,40857,35750,17,17,9842,27.53006993,14.32173427,512002,0,512002,40857
cstone,d7fddfb4f8d8ada0eb1a65d1a450a66c8cbd794c,direct,octree_leafcount,flyby,4,514,514,0.8077440262,0.2490880042,1.058143973,1.116342,1,0,6,41025,35897,17,17,9843,27.42011867,14.26308605,512002,0,512002,41025
cstone,d7fddfb4f8d8ada0eb1a65d1a450a66c8cbd794c,direct,octree_leafcount,flyby,4,515,515,0.6471040249,0.2164160013,0.8648639917,0.925408,1,0,4,40681,35596,17,17,9639,27.07888527,14.3836948,512002,0,512002,40681
cstone,d7fddfb4f8d8ada0eb1a65d1a450a66c8cbd794c,direct,octree_leafcount,flyby,4,516,516,0.7510079741,0.2497919947,1.002143979,1.062519,1,0,5,41009,35883,17,17,9913,27.62589527,14.26865089,512002,0,512002,41009
cstone,d7fddfb4f8d8ada0eb1a65d1a450a66c8cbd794c,direct,octree_leafcount,flyby,4,517,517,0.8129919767,0.2470719963,1.061408043,1.118709,1,0,6,41081,35946,17,17,9849,27.39943248,14.24364324,512002,0,512002,41081
cstone,d7fddfb4f8d8ada0eb1a65d1a450a66c8cbd794c,direct,octree_leafcount,flyby,4,518,518,0.7430400252,0.2349759936,0.9793599844,1.036524,1,0,5,41297,36135,17,17,9852,27.26442507,14.16914349,512002,0,512002,41297
cstone,d7fddfb4f8d8ada0eb1a65d1a450a66c8cbd794c,direct,octree_leafcount,flyby,4,519,519,0.6633920074,0.2201279998,0.8848639727,0.942938,1,0,4,41041,35911,17,17,9873,27.49296873,14.25752555,512002,0,512002,41041
cstone,d7fddfb4f8d8ada0eb1a65d1a450a66c8cbd794c,direct,octree_leafcount,flyby,4,520,520,0.8412799835,0.2466879934,1.089280009,1.147595,1,0,6,41089,35953,17,17,9737,27.08258004,14.24087002,512002,0,512002,41089
cstone,d7fddfb4f8d8ada0eb1a65d1a450a66c8cbd794c,direct,octree_leafcount,flyby,4,521,521,0.7514879704,0.2411520034,0.993983984,1.054444,1,0,5,41417,36240,17,17,9982,27.54415011,14.12809051,512002,0,512002,41417
cstone,d7fddfb4f8d8ada0eb1a65d1a450a66c8cbd794c,direct,octree_leafcount,flyby,4,522,522,0.6536639929,0.2132479995,0.8682559729,0.925341,1,0,4,40849,35743,17,17,9660,27.02627088,14.32453907,512002,0,512002,40849
cstone,d7fddfb4f8d8ada0eb1a65d1a450a66c8cbd794c,direct,octree_leafcount,flyby,4,523,523,0.8122559786,0.2553600073,1.068992019,1.129304,1,0,6,41065,35932,17,17,9842,27.39062674,14.24919292,512002,0,512002,41065
cstone,d7fddfb4f8d8ada0eb1a65d1a450a66c8cbd794c,direct,octree_leafcount,flyby,4,524,524,0.7414399981,0.2188799977,0.9617599845,1.021602,1,0,5,41033,35904,17,17,9789,27.26437166,14.26030526,512002,0,512002,41033
cstone,d7fddfb4f8d8ada0eb1a65d1a450a66c8cbd794c,direct,octree_leafcount,flyby,4,525,525,0.7157440186,0.2213439941,0.9384319782,0.996987,1,0,5,40929,35813,17,17,9661,26.97623768,14.29654036,512002,0,512002,40929
cstone,d7fddfb4f8d8ada0eb1a65d1a450a66c8cbd794c,direct,octree_leafcount,flyby,4,526,526,0.8234559894,0.2605760098,1.085376024,1.147115,1,0,6,41049,35918,17,17,9832,27.37346177,14.25474692,512002,0,512002,41049
cstone,d7fddfb4f8d8ada0eb1a65d1a450a66c8cbd794c,direct,octree_leafcount,flyby,4,527,527,0.7499200106,0.2370239943,0.9882879853,1.050352,1,0,5,40761,35666,17,17,9690,27.16873213,14.35546459,512002,0,512002,40761
cstone,d7fddfb4f8d8ada0eb1a65d1a450a66c8cbd794c,direct,octree_leafcount,flyby,4,528,528,0.8197759986,0.2639679909,1.085088015,1.149646,1,0,6,40905,35792,17,17,9695,27.08705856,14.30492848,512002,0,512002,40905
cstone,d7fddfb4f8d8ada0eb1a65d1a450a66c8cbd794c,direct,octree_leafcount,flyby,4,529,529,0.7341120243,0.2540799975,0.9906240106,1.052084,1,0,5,41009,35883,17,17,9647,26.88459716,14.26865089,512002,0,512002,41009
cstone,d7fddfb4f8d8ada0eb1a65d1a450a66c8cbd794c,direct,octree_leafcount,flyby,4,530,530,0.7446399927,0.2511039972,0.9970880151,1.056923,1,0,5,41345,36177,17,17,9744,26.93423999,14.1526937,512002,0,512002,41345
cstone,d7fddfb4f8d8ada0eb1a65d1a450a66c8cbd794c,direct,octree_leafcount,flyby,4,531,531,0.7881280184,0.2402240038,1.029695988,1.087065,1,0,6,41409,36233,17,17,9781,26.99472856,14.13081997,512002,0,512002,41409
cstone,d7fddfb4f8d8ada0eb1a65d1a450a66c8cbd794c,direct,octree_leafcount,flyby,4,532,532,0.6491199732,0.218592003,0.8690559864,0.927165,1,0,4,41033,35904,17,17,9557,26.6182041,14.26030526,512002,0,512002,41033
cstone,d7fddfb4f8d8ada0eb1a65d1a450a66c8cbd794c,direct,octree_leafcount,flyby,4,533,533,0.7365120053,0.2334399968,0.9712960124,1.027901,1,0,5,41097,35960,17,17,9739,27.08286986,14.23809789,512002,0,512002,41097
cstone,d7fddfb4f8d8ada0eb1a65d1a450a66c8cbd794c,direct,octree_leafcount,flyby,4,534,534,0.7971199751,0.2042559981,1.002719998,1.057196,1,0,6,41049,35918,17,17,9594,26.71084136,14.25474692,512002,0,512002,41049
cstone,d7fddfb4f8d8ada0eb1a65d1a450a66c8cbd794c,direct,octree_leafcount,flyby,4,535,535,0.7482560277,0.2324800044,0.9820479751,1.039308,1,0,5,41481,36296,17,17,9817,27.04705753,14.1062927,512002,0,512002,41481
cstone,d7fddfb4f8d8ada0eb1a65d1a450a66c8cbd794c,direct,octree_leafcount,flyby,4,536,536,0.6572800279,0.2201920003,0.8787840009,0.939476,1,0,4,41145,36002,17,17,9794,27.20404422,14.2214877,512002,0,512002,41145
cstone,d7fddfb4f8d8ada0eb1a65d1a450a66c8cbd794c,direct,octree_leafcount,flyby,4,537,537,0.8053439856,0.2144960016,1.021183968,1.080015,1,0,6,40889,35778,17,17,9564,26.73151098,14.31052602,512002,0,512002,40889
cstone,d7fddfb4f8d8ada0eb1a65d1a450a66c8cbd794c,direct,octree_leafcount,flyby,4,538,538,0.751232028,0.252384007,1.004959941,1.064471,1,0,5,41241,36086,17,17,9978,27.65061243,14.18838331,512002,0,512002,41241
cstone,d7fddfb4f8d8ada0eb1a65d1a450a66c8cbd794c,direct,octree_leafcount,flyby,4,539,539,0.6666240096,0.2238399982,0.8917760253,0.950264,1,0,4,40953,35834,17,17,9752,27.21437741,14.28816208,512002,0,512002,40953
cstone,d7fddfb4f8d8ada0eb1a65d1a450a66c8cbd794c,direct,octree_leafcount,flyby,4,540,540,0.802752018,0.2375359982,1.041632056,1.098961,1,0,6,41209,36058,17,17,9812,27.21171446,14.19940097,512002,0,512002,41209
cstone,d7fddfb4f8d8ada0eb1a65d1a450a66c8cbd794c,direct,octree_leafcount,flyby,4,541,541,0.7479360104,0.2433920056,0.9926720262,1.051515,1,0,5,41217,36065,17,17,9822,27.23416054,14.19664495,512002,0,512002,41217
cstone,d7fddfb4f8d8ada0eb1a65d1a450a66c8cbd794c,direct,octree_leafcount,flyby,4,542,542,0.7579200268,0.2209919989,0.9802240133,1.041058,1,0,5,41185,36037,17,17,9609,26.66426173,14.20767544,512002,0,512002,41185
cstone,d7fddfb4f8d8ada0eb1a65d1a450a66c8cbd794c,direct,octree_leafcount,flyby,4,543,543,0.8105919957,0.2047999948,1.016736031,1.070632,1,0,6,41081,35946,17,17,9766,27.16853057,14.24364324,512002,0,512002,41081
cstone,d7fddfb4f8d8ada0eb1a65d1a450a66c8cbd794c,direct,octree_leafcount,flyby,4,544,544,0.7339519858,0.2063039988,0.941568017,0.995388,1,0,5,40953,35834,17,17,9567,26.69810794,14.28816208,512002,0,512002,40953
cstone,d7fddfb4f8d8ada0eb1a65d1a450a66c8cbd794c,direct,octree_leafcount,flyby,4,545,545,0.8070399761,0.2433920056,1.051776052,1.110148,1,0,6,41033,35904,17,17,9603,26.74632353,14.26030526,512002,0,512002,41033
cstone,d7fddfb4f8d8ada0eb1a65d1a450a66c8cbd794c,direct,octree_leafcount,flyby,4,546,546,0.7242879868,0.2179519981,0.9435840249,1.002546,1,0,5,40969,35848,17,17,9519,26.55378264,14.28258201,512002,0,512002,40969
cstone,d7fddfb4f8d8ada0eb1a65d1a450a66c8cbd794c,direct,octree_leafcount,flyby,4,547,547,0.7419840097,0.2446399927,0.9879680276,1.045856,1,0,5,40977,35855,17,17,9556,26.65179194,14.27979361,512002,0,512002,40977
cstone,d7fddfb4f8d8ada0eb1a65d1a450a66c8cbd794c,direct,octree_leafcount,flyby,4,548,548,0.7939839959,0.2155199945,1.010815978,1.068501,1,0,6,40657,35575,17,17,9572,26.90653549,14.39218552,512002,0,512002,40657
cstone,d7fddfb4f8d8ada0eb1a65d1a450a66c8cbd794c,direct,octree_leafcount,flyby,4,549,549,0.741599977,0.2056320012,0.9485759735,1.005584,1,0,5,40585,35512,17,17,9497,26.74307276,14.41771795,512002,0,512002,40585
cstone,d7fddfb4f8d8ada0eb1a65d1a450a66c8cbd794c,direct,octree_leafcount,flyby,4,550,550,0.741599977,0.254655987,0.9975680113,1.057249,1,0,5,40633,35554,17,17,9618,27.05180852,14.40068628,512002,0,512002,40633
cstone,d7fddfb4f8d8ada0eb1a65d1a450a66c8cbd794c,direct,octree_leafcount,flyby,4,551,551,0.807008028,0.2530879974,1.061696053,1.121027,1,0,6,40833,35729,17,17,9534,26.68420611,14.33015198,512002,0,512002,40833
cstone,d7fddfb4f8d8ada0eb1a65d1a450a66c8cbd794c,direct,octree_leafcount,flyby,4,552,552,0.6532160044,0.2090560049,0.863583982,0.919849,1,0,4,40777,35680,17,17,9467,26.53307175,14.34983184,512002,0,512002,40777
cstone,d7fddfb4f8d8ada0eb1a65d1a450a66c8cbd794c,direct,octree_leafcount,flyby,4,553,553,0.7421439886,0.2195519954,0.9630079865,1.022237,1,0,5,40657,35575,17,17,9520,26.76036543,14.39218552,512002,0,512002,40657
cstone,d7fddfb4f8d8ada0eb1a65d1a450a66c8cbd794c,direct,octree_leafcount,flyby,4,554,554,0.8185920119,0.2145279944,1.034399986,1.091344,1,0,6,40593,35519,17,17,9403,26.47315521,14.41487654,512002,0,512002,40593
cstone,d7fddfb4f8d8ada0eb1a65d1a450a66c8cbd794c,direct,octree_leafcount,flyby,4,555,555,0.7431679964,0.2549439967,0.9994559884,1.061008,1,0,5,40833,35729,17,17,9634,26.96409079,14.33015198,512002,0,512002,40833
cstone,d7fddfb4f8d8ada0eb1a65d1a450a66c8cbd794c,direct,octree_leafcount,flyby,4,556,556,0.6540799737,0.2192000002,0.8745920062,0.932656,1,0,4,40657,35575,17,17,9472,26.62543921,14.39218552,512002,0,512002,40657
cstone,d7fddfb4f8d8ada0eb1a65d1a450a66c8cbd794c,direct,octree_leafcount,flyby,4,557,557,0.8128640056,0.257919997,1.07209599,1.132432,1,0,6,40929,35813,17,17,9474,26.45408092,14.29654036,512002,0,512002,40929
cstone,d7fddfb4f8d8ada0eb1a65d1a450a66c8cbd794c,direct,octree_leafcount,flyby,4,558,558,0.7471359968,0.2585279942,1.006976008,1.068118,1,0,5,41041,35911,17,17,9614,26.77174125,14.25752555,512002,0,512002,41041
cstone,d7fddfb4f8d8ada0eb1a65d1a450a66c8cbd794c,direct,octree_leafcount,flyby,4,559,559,0.6608639956,0.2251839936,0.8873599768,0.948339,1,0,4,40689,35603,17,17,9516,26.72808471,14.38086678,512002,0,512002,40689
cstone,d7fddfb4f8d8ada0eb1a65d1a450a66c8cbd794c,direct,octree_leafcount,flyby,4,560,560,0.8242880106,0.2614719868,1.087072015,1.148191,1,0,6,40961,35841,17,17,9704,27.07513741,14.2853715,512002,0,512002,40961
cstone,d7fddfb4f8d8ada0eb1a65d1a450a66c8cbd794c,direct,octree_leafcount,flyby,4,561,561,0.7470080256,0.2379200011,0.9865279794,1.048646,1,0,5,40833,35729,17,17,9591,26.84374038,14.33015198,512002,0,512002,40833
cstone,d7fddfb4f8d8ada0eb1a65d1a450a66c8cbd794c,direct,octree_leafcount,flyby,4,562,562,0.8190720081,0.2575039864,1.07791996,1.138221,1,0,6,41313,36149,17,17,9680,26.77805748,14.16365598,512002,0,512002,41313
cstone,d7fddfb4f8d8ada0eb1a65d1a450a66c8cbd794c,direct,octree_leafcount,flyby,4,563,563,0.730880022,0.2098560035,0.9420480132,0.997206,1,0,5,40993,35869,17,17,9637,26.86721124,14.27422008,512002,0,512002,40993
cstone,d7fddfb4f8d8ada0eb1a65d1a450a66c8cbd794c,direct,octree_leafcount,flyby,4,564,564,0.7522240281,0.2362239957,0.9897599816,1.054816,1,0,5,40793,35694,17,17,9556,26.7720065,14.34420351,512002,0,512002,40793
cstone,d7fddfb4f8d8ada0eb1a65d1a450a66c8cbd794c,direct,octree_leafcount,flyby,4,565,565,0.8268160224,0.2500799894,1.07820797,1.1391,1,0,6,41049,35918,17,17,9594,26.71084136,14.25474692,512002,0,512002,41049
cstone,d7fddfb4f8d8ada0eb1a65d1a450a66c8cbd794c,direct,octree_leafcount,flyby,4,566,566,0.7239999771,0.2228160053,0.9481599927,1.008327,1,0,5,40593,35519,17,17,9421,26.52383232,14.41487654,512002,0,512002,40593
cstone,d7fddfb4f8d8ada0eb1a65d1a450a66c8cbd794c,direct,octree_leafcount,flyby,4,567,567,0.7440639734,0.2343679965,0.9797440171,1.036344,1,0,5,40889,35778,17,17,9515,26.59455531,14.31052602,512002,0,512002,40889
cstone,d7fddfb4f8d8ada0eb1a65d1a450a66c8cbd794c,direct,octree_leafcount,flyby,4,568,568,0.7998719811,0.2078080028,1.009088039,1.064131,1,0,6,40825,35722,17,17,9539,26.70343206,14.33296008,512002,0,512002,40825
cstone,d7fddfb4f8d8ada0eb1a65d1a450a66c8cbd794c,direct,octree_leafcount,flyby,4,569,569,0.6650559902,0.2322559953,0.9023680091,0.967732,1,0,4,40633,35554,17,17,9401,26.44146931,14.40068628,512002,0,512002,40633
cstone,d7fddfb4f8d8ada0eb1a65d1a450a66c8cbd794c,direct,octree_leafcount,flyby,4,570,570,0.7425919771,0.2548480034,0.9988160133,1.060108,1,0,5,40889,35778,17,17,9612,26.86567164,14.31052602,512002,0,512002,40889
cstone,d7fddfb4f8d8ada0eb1a65d1a450a66c8cbd794c,direct,octree_leafcount,flyby,4,571,571,0.813567996,0.2513599992,1.066336036,1.127019,1,0,6,41105,35967,17,17,9613,26.72727778,14.23532683,512002,0,512002,41105
cstone,d7fddfb4f8d8ada0eb1a65d1a450a66c8cbd794c,direct,octree_leafcount,flyby,4,572,572,0.7369279861,0.2411199957,0.9793599844,1.034876,1,0,5,41121,35981,17,17,9502,26.4083822,14.22978794,512002,0,512002,41121
cstone,d7fddfb4f8d8ada0eb1a65d1a450a66c8cbd794c,direct,octree_leafcount,flyby,4,573,573,0.6557440162,0.2113920003,0.8684800267,0.926518,1,0,4,41025,35897,17,17,9455,26.33924841,14.26308605,512002,0,512002,41025
cstone,d7fddfb4f8d8ada0eb1a65d1a450a66c8cbd794c,direct,octree_leafcount,flyby,4,574,574,0.8166080117,0.2488639951,1.066815972,1.12638,1,0,6,41041,35911,17,17,9391,26.15076161,14.25752555,512002,0,512002,41041
cstone,d7fddfb4f8d8ada0eb1a65d1a450a66c8cbd794c,direct,octree_leafcount,flyby,4,575,575,0.7392960191,0.240575999,0.9813439846,1.040612,1,0,5,41257,36100,17,17,9682,26.8199446,14.18288089,512002,0,512002,41257
cstone,d7fddfb4f8d8ada0eb1a65d1a450a66c8cbd794c,direct,octree_leafcount,flyby,4,576,576,0.655008018,0.2024639994,0.8588160276,0.912015,1,0,4,41025,35897,17,17,9494,26.44789258,14.26308605,512002,0,512002,41025
cstone,d7fddfb4f8d8ada0eb1a65d1a450a66c8cbd794c,direct,octree_leafcount,flyby,4,577,577,0.8110079765,0.2275519967,1.03987205,1.097377,1,0,6,41233,36079,17,17,9500,26.33110674,14.19113612,512002,0,512002,41233
cstone,d7fddfb4f8d8ada0eb1a65d1a450a66c8cbd794c,direct,octree_leafcount,flyby,4,578,578,0.7293440104,0.2096319944,0.940320015,0.995933,1,0,5,41129,35988,17,17,9552,26.54218073,14.22702012,512002,0,512002,41129
cstone,d7fddfb4f8d8ada0eb1a65d1a450a66c8cbd794c,direct,octree_leafcount,flyby,4,579,579,0.6552960277,0.2243199944,0.8809599876,0.942009,1,0,4,40617,35540,17,17,9393,26.42937535,14.40635903,512002,0,512002,40617
cstone,d7fddfb4f8d8ada0eb1a65d1a450a66c8cbd794c,direct,octree_leafcount,flyby,4,580,580,0.802752018,0.2368000001,1.040896058,1.099156,1,0,6,40777,35680,17,17,9573,26.83015695,14.34983184,512002,0,512002,40777
cstone,d7fddfb4f8d8ada0eb1a65d1a450a66c8cbd794c,direct,octree_leafcount,flyby,4,581,581,0.7355200052,0.2022079974,0.9390400052,0.995571,1,0,5,40761,35666,17,17,9524,26.70330287,14.35546459,512002,0,512002,40761
cstone,d7fddfb4f8d8ada0eb1a65d1a450a66c8cbd794c,direct,octree_leafcount,flyby,4,582,582,0.7447999716,0.2403839976,0.9864959717,1.042139,1,0,5,41153,36009,17,17,9563,26.55724958,14.2187231,512002,0,512002,41153
cstone,d7fddfb4f8d8ada0eb1a65d1a450a66c8cbd794c,direct,octree_leafcount,flyby,4,583,583,0.7419199944,0.2547200024,0.9981759787,1.06405,1,0,5,40905,35792,17,17,9553,26.69032186,14.30492848,512002,0,512002,40905
cstone,d7fddfb4f8d8ada0eb1a65d1a450a66c8cbd794c,direct,octree_leafcount,flyby,4,584,584,0.7255679965,0.2001599967,0.9271039963,0.982675,1,0,5,40825,35722,17,17,9545,26.72022843,14.33296008,512002,0,512002,40825
cstone,d7fddfb4f8d8ada0eb1a65d1a450a66c8cbd794c,direct,octree_leafcount,flyby,4,585,585,0.7962880135,0.2252160013,1.022943974,1.07671,1,0,6,41001,35876,17,17,9672,26.95952726,14.27143494,512002,0,512002,41001
cstone,d7fddfb4f8d8ada0eb1a65d1a450a66c8cbd794c,direct,octree_leafcount,flyby,4,586,586,0.6604800224,0.2052800059,0.8671039939,0.924456,1,0,4,40745,35652,17,17,9518,26.6969595,14.36110176,512002,0,512002,40745
cstone,d7fddfb4f8d8ada0eb1a65d1a450a66c8cbd794c,direct,octree_leafcount,flyby,4,587,587,0.7500799894,0.2278079987,0.9792000055,1.034455,1,0,5,41073,35939,17,17,9620,26.7675784,14.24641754,512002,0,512002,41073
cstone,d7fddfb4f8d8ada0eb1a65d1a450a66c8cbd794c,direct,octree_leafcount,flyby,4,588,588,0.8073279858,0.2274239957,1.036095977,1.089178,1,0,6,41201,36051,17,17,9633,26.72047932,14.20215805,512002,0,512002,41201
cstone,d7fddfb4f8d8ada0eb1a65d1a450a66c8cbd794c,direct,octree_leafcount,flyby,4,589,589,0.6402559876,0.2063360065,0.8479359746,0.901638,1,0,4,41105,35967,17,17,9521,26.47148775,14.23532683,512002,0,512002,41105
cstone,d7fddfb4f8d8ada0eb1a65d1a450a66c8cbd794c,direct,octree_leafcount,flyby,4,590,590,0.7328959703,0.2022719979,0.9365119934,0.990073,1,0,5,40809,35708,17,17,9648,27.01915537,14.33857959,512002,0,512002,40809
cstone,d7fddfb4f8d8ada0eb1a65d1a450a66c8cbd794c,direct,octree_leafcount,flyby,4,591,591,0.775232017,0.2416640073,1.018239975,1.075003,1,0,6,41001,35876,17,17,9552,26.62504181,14.27143494,512002,0,512002,41001
cstone,d7fddfb4f8d8ada0eb1a65d1a450a66c8cbd794c,direct,octree_leafcount,flyby,4,592,592,0.7294080257,0.2329279929,0.9638080001,1.020801,1,0,5,41145,36002,17,17,9666,26.84850842,14.2214877,512002,0,512002,41145
cstone,d7fddfb4f8d8ada0eb1a65d1a450a66c8cbd794c,direct,octree_leafcount,flyby,4,593,593,0.6489279866,0.2011840045,0.8514559865,0.906916,1,0,4,41041,35911,17,17,9634,26.82743449,14.25752555,512002,0,512002,41041
cstone,d7fddfb4f8d8ada0eb1a65d1a450a66c8cbd794c,direct,octree_leafcount,flyby,4,594,594,0.8098239899,0.1981119961,1.009279966,1.066152,1,0,6,40953,35834,17,17,9575,26.72043311,14.28816208,512002,0,512002,40953
cstone,d7fddfb4f8d8ada0eb1a65d1a450a66c8cbd794c,direct,octree_leafcount,flyby,4,595,595,0.7400640249,0.1996160001,0.9410240054,0.993047,1,0,5,40857,35750,17,17,9619,26.90629371,14.32173427,512002,0,512002,40857
cstone,d7fddfb4f8d8ada0eb1a65d1a450a66c8cbd794c,direct,octree_leafcount,flyby,4,596,596,0.6497280002,0.2308800071,0.8819519877,0.936789,1,0,4,40913,35799,17,17,9438,26.36386491,14.30213134,512002,0,512002,40913
cstone,d7fddfb4f8d8ada0eb1a65d1a450a66c8cbd794c,direct,octree_leafcount,flyby,4,597,597,0.8161600232,0.2339520007,1.051488042,1.107873,1,0,6,41137,35995,17,17,9608,26.69259619,14.22425337,512002,0,512002,41137
cstone,d7fddfb4f8d8ada0eb1a65d1a450a66c8cbd794c,direct,octree_leafcount,flyby,4,598,598,0.7404800057,0.1960639954,0.9378880262,0.989823,1,0,5,40817,35715,17,17,9495,26.58546829,14.33576928,512002,0,512002,40817
cstone,d7fddfb4f8d8ada0eb1a65d1a450a66c8cbd794c,direct,octree_leafcount,flyby,4,599,599,0.7071040273,0.189952001,0.898368001,0.951987,1,0,5,40753,35659,17,17,9323,26.14487226,14.35828262,512002,0,512002,40753
cstone,d7fddfb4f8d8ada0eb1a65d1a450a66c8cbd794c,direct,octree_leafcount,flyby,4,600,600,0.8026559949,0.2088319957,1.012832046,1.068025,1,0,6,40713,35624,17,17,9488,26.63373007,14.3723894,512002,0,512002,40713
cstone,d7fddfb4f8d8ada0eb1a65d1a450a66c8cbd794c,direct,octree_leafcount,flyby,4,601,601,0.7373440266,0.2149759978,0.9536640048,1.010674,1,0,5,40697,35610,17,17,9398,26.39146307,14.37803988,512002,0,512002,40697
cstone,d7fddfb4f8d8ada0eb1a65d1a450a66c8cbd794c,direct,octree_leafcount,flyby,4,602,602,0.8031679988,0.239071995,1.043583989,1.099598,1,0,6,40849,35743,17,17,9420,26.35481073,14.32453907,512002,0,512002,40849
cstone,d7fddfb4f8d8ada0eb1a65d1a450a66c8cbd794c,direct,octree_leafcount,flyby,4,603,603,0.7195199728,0.2262399942,0.9470720291,1.001065,1,0,5,41089,35953,17,17,9619,26.75437377,14.24087002,512002,0,512002,41089
cstone,d7fddfb4f8d8ada0eb1a65d1a450a66c8cbd794c,direct,octree_leafcount,flyby,4,604,604,0.7370880246,0.198239997,0.9366719723,0.989795,1,0,5,41057,35925,17,17,9518,26.4940849,14.25196938,512002,0,512002,41057
cstone,d7fddfb4f8d8ada0eb1a65d1a450a66c8cbd794c,direct,octree_leafcount,flyby,4,605,605,0.8023359776,0.2411520034,1.044831991,1.101148,1,0,6,41257,36100,17,17,9680,26.81440443,14.18288089,512002,0,512002,41257
cstone,d7fddfb4f8d8ada0eb1a65d1a450a66c8cbd794c,direct,octree_leafcount,flyby,4,606,606,0.7271999717,0.233408004,0.961920023,1.01719,1,0,5,41337,36170,17,17,9558,26.42521427,14.15543268,512002,0,512002,41337
cstone,d7fddfb4f8d8ada0eb1a65d1a450a66c8cbd794c,direct,octree_leafcount,flyby,4,607,607,0.7399359941,0.2252160013,0.9664959908,1.022439,1,0,5,41393,36219,17,17,9578,26.44468373,14.13628206,512002,0,512002,41393
cstone,d7fddfb4f8d8ada0eb1a65d1a450a66c8cbd794c,direct,octree_leafcount,flyby,4,608,608,0.7941759825,0.1976319999,0.9931200147,1.046117,1,0,6,41329,36163,17,17,9629,26.62666261,14.15817272,512002,0,512002,41329
cstone,d7fddfb4f8d8ada0eb1a65d1a450a66c8cbd794c,direct,octree_leafcount,flyby,4,609,609,0.6562560201,0.2093760073,0.8669760227,0.923371,1,0,4,40921,35806,17,17,9388,26.21906943,14.29933531,512002,0,512002,40921
cstone,d7fddfb4f8d8ada0eb1a65d1a450a66c8cbd794c,direct,octree_leafcount,flyby,4,610,610,0.7477759719,0.2528319955,1.001919985,1.061445,1,0,5,41201,36051,17,17,9672,26.8286594,14.20215805,512002,0,512002,41201
cstone,d7fddfb4f8d8ada0eb1a65d1a450a66c8cbd794c,direct,octree_leafcount,flyby,4,611,611,0.8183680177,0.2547520101,1.074432015,1.136664,1,0,6,41265,36107,17,17,9636,26.68734594,14.18013128,512002,0,512002,41265
cstone,d7fddfb4f8d8ada0eb1a65d1a450a66c8cbd794c,direct,octree_leafcount,flyby,4,612,612,0.6644480228,0.2093760073,0.8751680255,0.930834,1,0,4,41225,36072,17,17,9476,26.26968286,14.19389,512002,0,512002,41225
cstone,d7fddfb4f8d8ada0eb1a65d1a450a66c8cbd794c,direct,octree_leafcount,flyby,4,613,613,0.7295039892,0.2042559981,0.9351680279,0.990024,1,0,5,41169,36023,17,17,9616,26.69405657,14.21319712,512002,0,512002,41169
cstone,d7fddfb4f8d8ada0eb1a65d1a450a66c8cbd794c,direct,octree_leafcount,flyby,4,614,614,0.7866240144,0.2143999934,1.002400041,1.06114,1,0,6,40985,35862,17,17,9534,26.58524343,14.2770063,512002,0,512002,40985
cstone,d7fddfb4f8d8ada0eb1a65d1a450a66c8cbd794c,direct,octree_leafcount,flyby,4,615,615,0.7556800246,0.2742080092,1.031231999,1.097095,1,0,5,41137,35995,17,17,9672,26.87039867,14.22425337,512002,0,512002,41137
cstone,d7fddfb4f8d8ada0eb1a65d1a450a66c8cbd794c,direct,octree_leafcount,flyby,4,616,616,0.6671680212,0.2355200052,0.9039999843,0.962372,1,0,4,41249,36093,17,17,9633,26.68938575,14.18563156,512002,0,512002,41249
cstone,d7fddfb4f8d8ada0eb1a65d1a450a66c8cbd794c,direct,octree_leafcount,flyby,4,617,617,0.8067839742,0.2415039986,1.049631953,1.108507,1,0,6,41361,36191,17,17,9604,26.53698433,14.14721892,512002,0,512002,41361
cstone,d7fddfb4f8d8ada0eb1a65d1a450a66c8cbd794c,direct,octree_leafcount,flyby,4,618,618,0.7429760098,0.2288320065,0.9731199741,1.033939,1,0,5,41225,36072,17,17,9642,26.72987359,14.19389,512002,0,512002,41225
cstone,d7fddfb4f8d8ada0eb1a65d1a450a66c8cbd794c,direct,octree_leafcount,flyby,4,619,619,0.7423999906,0.2276480049,0.9713600278,1.030628,1,0,5,40969,35848,17,17,9566,26.68489177,14.28258201,512002,0,512002,40969
cstone,d7fddfb4f8d8ada0eb1a65d1a450a66c8cbd794c,direct,octree_leafcount,flyby,4,620,620,0.796736002,0.239071995,1.037152052,1.09544,1,0,6,41001,35876,17,17,9591,26.73374958,14.27143494,512002,0,512002,41001
cstone,d7fddfb4f8d8ada0eb1a65d1a450a66c8cbd794c,direct,octree_leafcount,flyby,4,621,621,0.7318080068,0.2328319997,0.9661120176,1.02072,1,0,5,41137,35995,17,17,9556,26.54813168,14.22425337,512002,0,512002,41137
cstone,d7fddfb4f8d8ada0eb1a65d1a450a66c8cbd794c,direct,octree_leafcount,flyby,4,622,622,0.6463680267,0.2052800059,0.8529919982,0.908766,1,0,4,40985,35862,17,17,9458,26.37331995,14.2770063,512002,0,512002,40985
cstone,d7fddfb4f8d8ada0eb1a65d1a450a66c8cbd794c,direct,octree_leafcount,flyby,4,623,623,0.8205440044,0.2468159944,1.068671942,1.12894,1,0,6,41153,36009,17,17,9636,26.75997667,14.2187231,512002,0,512002,41153
cstone,d7fddfb4f8d8ada0eb1a65d1a450a66c8cbd794c,direct,octree_leafcount,flyby,4,624,624,0.7329919934,0.2126400024,0.9469439983,1.001972,1,0,5,40689,35603,17,17,9403,26.41069573,14.38086678,512002,0,512002,40689
cstone,d7fddfb4f8d8ada0eb1a65d1a450a66c8cbd794c,direct,octree_leafcount,flyby,4,625,625,0.7986559868,0.2298559994,1.029824018,1.083873,1,0,6,41009,35883,17,17,9428,26.2742803,14.26865089,512002,0,512002,41009
cstone,d7fddfb4f8d8ada0eb1a65d1a450a66c8cbd794c,direct,octree_leafcount,flyby,4,626,626,0.7380160093,0.2329600006,0.9723200202,1.028027,1,0,5,41057,35925,17,17,9476,26.37717467,14.25196938,512002,0,512002,41057
cstone,d7fddfb4f8d8ada0eb1a65d1a450a66c8cbd794c,direct,octree_leafcount,flyby,4,627,627,0.7494400144,0.2325440049,0.9833279848,1.042602,1,0,5,40737,35645,17,17,9331,26.17758451,14.36392201,512002,0,512002,40737
cstone,d7fddfb4f8d8ada0eb1a65d1a450a66c8cbd794c,direct,octree_leafcount,flyby,4,628,628,0.8284479976,0.2698880136,1.099679947,1.161317,1,0,6,40873,35764,17,17,9514,26.60216978,14.31612795,512002,0,512002,40873
cstone,d7fddfb4f8d8ada0eb1a65d1a450a66c8cbd794c,direct,octree_leafcount,flyby,4,629,629,0.6611520052,0.2205439955,0.8830080032,0.944261,1,0,4,40841,35736,17,17,9394,26.28721737,14.32734497,512002,0,512002,40841
cstone,d7fddfb4f8d8ada0eb1a65d1a450a66c8cbd794c,direct,octree_leafcount,flyby,4,630,630,0.7474240065,0.252256006,1.00099194,1.060747,1,0,5,41129,35988,17,17,9482,26.34767145,14.22702012,512002,0,512002,41129
cstone,d7fddfb4f8d8ada0eb1a65d1a450a66c8cbd794c,direct,octree_leafcount,flyby,4,631,631,0.7908800244,0.2446079999,1.036800027,1.097272,1,0,6,41177,36030,17,17,9589,26.61393283,14.21043575,512002,0,512002,41177
cstone,d7fddfb4f8d8ada0eb1a65d1a450a66c8cbd794c,direct,octree_leafcount,flyby,4,632,632,0.6566399932,0.213312,0.8712639809,0.929112,1,0,4,41001,35876,17,17,9297,25.91426023,14.27143494,512002,0,512002,41001
cstone,d7fddfb4f8d8ada0eb1a65d1a450a66c8cbd794c,direct,octree_leafcount,flyby,4,633,633,0.7395840287,0.2112639993,0.9521600008,1.011398,1,0,5,40897,35785,17,17,9576,26.75981557,14.3077267,512002,0,512002,40897
cstone,d7fddfb4f8d8ada0eb1a65d1a450a66c8cbd794c,direct,octree_leafcount,flyby,4,634,634,0.819840014,0.2513599992,1.072543979,1.133214,1,0,6,41009,35883,17,17,9404,26.20739626,14.26865089,512002,0,512002,41009
cstone,d7fddfb4f8d8ada0eb1a65d1a450a66c8cbd794c,direct,octree_leafcount,flyby,4,635,635,0.6631680131,0.2298559994,0.8943679929,0.948829,1,0,4,41345,36177,17,17,9480,26.20449457,14.1526937,512002,0,512002,41345
cstone,d7fddfb4f8d8ada0eb1a65d1a450a66c8cbd794c,direct,octree_leafcount,flyby,4,636,636,0.744863987,0.2216320038,0.9678080082,1.025744,1,0,5,40721,35631,17,17,9437,26.48536387,14.36956583,512002,0,512002,40721
cstone,d7fddfb4f8d8ada0eb1a65d1a450a66c8cbd794c,direct,octree_leafcount,flyby,4,637,637,0.8031359911,0.2411199957,1.045600057,1.105112,1,0,6,40801,35701,17,17,9367,26.2373603,14.341391,512002,0,512002,40801
cstone,d7fddfb4f8d8ada0eb1a65d1a450a66c8cbd794c,direct,octree_leafcount,flyby,4,638,638,0.7455679774,0.2431679964,0.990079999,1.049254,1,0,5,40913,35799,17,17,9439,26.36665829,14.30213134,512002,0,512002,40913
cstone,d7fddfb4f8d8ada0eb1a65d1a450a66c8cbd794c,direct,octree_leafcount,flyby,4,639,639,0.6424000263,0.1929920018,0.8367360234,0.888129,1,0,4,40721,35631,17,17,9299,26.09806068,14.36956583,512002,0,512002,40721
cstone,d7fddfb4f8d8ada0eb1a65d1a450a66c8cbd794c,direct,octree_leafcount,flyby,4,640,640,0.8116160035,0.2217600048,1.034719944,1.09389,1,0,6,40633,35554,17,17,9255,26.03082635,14.40068628,512002,0,512002,40633
cstone,d7fddfb4f8d8ada0eb1a65d1a450a66c8cbd794c,direct,octree_leafcount,flyby,4,641,641,0.7472000122,0.2656959891,1.014271975,1.075179,1,0,5,40801,35701,17,17,9485,26.56788325,14.341391,512002,0,512002,40801
cstone,d7fddfb4f8d8ada0eb1a65d1a450a66c8cbd794c,direct,octree_leafcount,flyby,4,642,642,0.6524159908,0.2286719978,0.8824319839,0.945508,1,0,4,40617,35540,17,17,9277,26.10298255,14.40635903,512002,0,512002,40617
cstone,d7fddfb4f8d8ada0eb1a65d1a450a66c8cbd794c,direct,octree_leafcount,flyby,4,643,643,0.8077759743,0.2475520074,1.056640029,1.11701,1,0,6,40993,35869,17,17,9490,26.4573866,14.27422008,512002,0,512002,40993
cstone,d7fddfb4f8d8ada0eb1a65d1a450a66c8cbd794c,direct,octree_leafcount,flyby,4,644,644,0.7330240011,0.191967994,0.9263679981,0.979344,1,0,5,40897,35785,17,17,9546,26.67598156,14.3077267,512002,0,512002,40897
cstone,d7fddfb4f8d8ada0eb1a65d1a450a66c8cbd794c,direct,octree_leafcount,flyby,4,645,645,0.7063999772,0.1878719926,0.8956159949,0.947262,1,0,5,40729,35638,17,17,9337,26.19956226,14.36674336,512002,0,512002,40729
cstone,d7fddfb4f8d8ada0eb1a65d1a450a66c8cbd794c,direct,octree_leafcount,flyby,4,646,646,0.8292800188,0.2380480021,1.068671942,1.12774,1,0,6,41105,35967,17,17,9661,26.86073345,14.23532683,512002,0,512002,41105
cstone,d7fddfb4f8d8ada0eb1a65d1a450a66c8cbd794c,direct,octree_leafcount,flyby,4,647,647,0.7431679964,0.2149759978,0.9594560266,1.01716,1,0,5,40881,35771,17,17,9458,26.44041262,14.31332644,512002,0,512002,40881
cstone,d7fddfb4f8d8ada0eb1a65d1a450a66c8cbd794c,direct,octree_leafcount,flyby,4,648,648,0.7445440292,0.2360640019,0.9819520116,1.037719,1,0,5,41129,35988,17,17,9460,26.28653996,14.22702012,512002,0,512002,41129
cstone,d7fddfb4f8d8ada0eb1a65d1a450a66c8cbd794c,direct,octree_leafcount,flyby,4,649,649,0.7170240283,0.2206400037,0.9389759898,0.994091,1,0,5,41217,36065,17,17,9535,26.43837516,14.19664495,512002,0,512002,41217
cstone,d7fddfb4f8d8ada0eb1a65d1a450a66c8cbd794c,direct,octree_leafcount,flyby,4,650,650,0.7446399927,0.1951359957,0.9411200285,0.993716,1,0,5,40913,35799,17,17,9562,26.7102433,14.30213134,512002,0,512002,40913
cstone,d7fddfb4f8d8ada0eb1a65d1a450a66c8cbd794c,direct,octree_leafcount,flyby,4,651,651,0.8094720244,0.2398079932,1.050624013,1.107772,1,0,6,41145,36002,17,17,9595,26.65129715,14.2214877,512002,0,512002,41145
cstone,d7fddfb4f8d8ada0eb1a65d1a450a66c8cbd794c,direct,octree_leafcount,flyby,4,652,652,0.7284479737,0.2433280051,0.9731199741,1.029539,1,0,5,41233,36079,17,17,9525,26.40039912,14.19113612,512002,0,512002,41233
cstone,d7fddfb4f8d8ada0eb1a65d1a450a66c8cbd794c,direct,octree_leafcount,flyby,4,653,653,0.7352319956,0.2196159959,0.9562879801,1.007571,1,0,5,41361,36191,17,17,9539,26.35738167,14.14721892,512002,0,512002,41361
cstone,d7fddfb4f8d8ada0eb1a65d1a450a66c8cbd794c,direct,octree_leafcount,flyby,4,654,654,0.7994239926,0.2084479928,1.009215951,1.063946,1,0,6,41033,35904,17,17,9560,26.62655971,14.26030526,512002,0,512002,41033
cstone,d7fddfb4f8d8ada0eb1a65d1a450a66c8cbd794c,direct,octree_leafcount,flyby,4,655,655,0.6547840238,0.2262399942,0.8823360205,0.943228,1,0,4,40849,35743,17,17,9439,26.40796799,14.32453907,512002,0,512002,40849
cstone,d7fddfb4f8d8ada0eb1a65d1a450a66c8cbd794c,direct,octree_leafcount,flyby,4,656,656,0.7319679856,0.2570559978,0.9903360009,1.051832,1,0,5,41153,36009,17,17,9579,26.60168291,14.2187231,512002,0,512002,41153
cstone,d7fddfb4f8d8ada0eb1a65d1a450a66c8cbd794c,direct,octree_leafcount,flyby,4,657,657,0.8258240223,0.2278079987,1.055008054,1.112741,1,0,6,41353,36184,17,17,9429,26.05847889,14.14995578,512002,0,512002,41353
cstone,d7fddfb4f8d8ada0eb1a65d1a450a66c8cbd794c,direct,octree_leafcount,flyby,4,658,658,0.6244800091,0.1929920018,0.8188160062,0.870669,1,0,4,40937,35820,17,17,9251,25.82635399,14.29374651,512002,0,512002,40937
cstone,d7fddfb4f8d8ada0eb1a65d1a450a66c8cbd794c,direct,octree_leafcount,flyby,4,659,659,0.7477759719,0.2412479967,0.9903360009,1.046231,1,0,5,40953,35834,17,17,9435,26.3297427,14.28816208,512002,0,512002,40953
cstone,d7fddfb4f8d8ada0eb1a65d1a450a66c8cbd794c,direct,octree_leafcount,flyby,4,660,660,0.7914239764,0.2022079974,0.9949759841,1.050167,1,0,6,40825,35722,17,17,9344,26.15754997,14.33296008,512002,0,512002,40825
cstone,d7fddfb4f8d8ada0eb1a65d1a450a66c8cbd794c,direct,octree_leafcount,flyby,4,661,661,0.7373120189,0.2288320065,0.9674879909,1.021981,1,0,5,40977,35855,17,17,9401,26.21949519,14.27979361,512002,0,512002,40977
cstone,d7fddfb4f8d8ada0eb1a65d1a450a66c8cbd794c,direct,octree_leafcount,flyby,4,662,662,0.654655993,0.2052800059,0.8612800241,0.91741,1,0,4,40609,35533,17,17,9406,26.47116765,14.40919708,512002,0,512002,40609
cstone,d7fddfb4f8d8ada0eb1a65d1a450a66c8cbd794c,direct,octree_leafcount,flyby,4,663,663,0.8174080253,0.2371200025,1.055871964,1.113639,1,0,6,40921,35806,17,17,9316,26.01798581,14.29933531,512002,0,512002,40921
cstone,d7fddfb4f8d8ada0eb1a65d1a450a66c8cbd794c,direct,octree_leafcount,flyby,4,664,664,0.7360960245,0.2114239931,0.9488639832,1.005965,1,0,5,40761,35666,17,17,9364,26.25469635,14.35546459,512002,0,512002,40761
cstone,d7fddfb4f8d8ada0eb1a65d1a450a66c8cbd794c,direct,octree_leafcount,flyby,4,665,665,0.6530240178,0.2385279983,0.8928959966,0.952028,1,0,4,40777,35680,17,17,9240,25.89686099,14.34983184,512002,0,512002,40777
cstone,d7fddfb4f8d8ada0eb1a65d1a450a66c8cbd794c,direct,octree_leafcount,flyby,4,666,666,0.803391993,0.2349759936,1.039711952,1.093665,1,0,6,41033,35904,17,17,9258,25.78542781,14.26030526,512002,0,512002,41033
cstone,d7fddfb4f8d8ada0eb1a65d1a450a66c8cbd794c,direct,octree_leafcount,flyby,4,667,667,0.7387520075,0.2216639966,0.961920023,1.021988,1,0,5,40745,35652,17,17,9339,26.19488388,14.36110176,512002,0,512002,40745
cstone,d7fddfb4f8d8ada0eb1a65d1a450a66c8cbd794c,direct,octree_leafcount,flyby,4,668,668,0.6708160043,0.2317759991,0.9039040208,0.959414,1,0,4,40849,35743,17,17,9384,26.25409171,14.32453907,512002,0,512002,40849
cstone,d7fddfb4f8d8ada0eb1a65d1a450a66c8cbd794c,direct,octree_leafcount,flyby,4,669,669,0.8015679717,0.239071995,1.041983962,1.099753,1,0,6,41265,36107,17,17,9497,26.30237904,14.18013128,512002,0,512002,41265
cstone,d7fddfb4f8d8ada0eb1a65d1a450a66c8cbd794c,direct,octree_leafcount,flyby,4,670,670,0.7397760153,0.2329279929,0.9740480185,1.029499,1,0,5,41281,36121,17,17,9483,26.25342598,14.17463525,512002,0,512002,41281
cstone,d7fddfb4f8d8ada0eb1a65d1a450a66c8cbd794c,direct,octree_leafcount,flyby,4,671,671,0.7247359753,0.1996160001,0.9256640077,0.979442,1,0,5,41033,35904,17,17,9335,25.99988859,14.26030526,512002,0,512002,41033
cstone,d7fddfb4f8d8ada0eb1a65d1a450a66c8cbd794c,direct,octree_leafcount,flyby,4,672,672,0.8005120158,0.2088319957,1.010655999,1.067803,1,0,6,40929,35813,17,17,9384,26.20277553,14.29654036,512002,0,512002,40929
cstone,d7fddfb4f8d8ada0eb1a65d1a450a66c8cbd794c,direct,octree_leafcount,flyby,4,673,673,0.7399680018,0.2349759936,0.9762880206,1.03204,1,0,5,41009,35883,17,17,9442,26.31329599,14.26865089,512002,0,512002,41009
cstone,d7fddfb4f8d8ada0eb1a65d1a450a66c8cbd794c,direct,octree_leafcount,flyby,4,674,674,0.7989119887,0.238943994,1.039199948,1.096338,1,0,6,41201,36051,17,17,9452,26.2184128,14.20215805,512002,0,512002,41201
cstone,d7fddfb4f8d8ada0eb1a65d1a450a66c8cbd794c,direct,octree_leafcount,flyby,4,675,675,0.7183039784,0.1950400025,0.9146879911,0.966476,1,0,5,41097,35960,17,17,9424,26.20689655,14.23809789,512002,0,512002,41097
cstone,d7fddfb4f8d8ada0eb1a65d1a450a66c8cbd794c,direct,octree_leafcount,flyby,4,676,676,0.7306879759,0.2079039961,0.9399039745,0.996489,1,0,5,40761,35666,17,17,9345,26.20142433,14.35546459,512002,0,512002,40761
cstone,d7fddfb4f8d8ada0eb1a65d1a450a66c8cbd794c,direct,octree_leafcount,flyby,4,677,677,0.7999680042,0.2424640059,1.043743968,1.102964,1,0,6,40873,35764,17,17,9493,26.54345152,14.31612795,512002,0,512002,40873
cstone,d7fddfb4f8d8ada0eb1a65d1a450a66c8cbd794c,direct,octree_leafcount,flyby,4,678,678,0.7176319957,0.2145919949,0.9335680008,0.992138,1,0,5,40793,35694,17,17,9334,26.15005323,14.34420351,512002,0,512002,40793
cstone,d7fddfb4f8d8ada0eb1a65d1a450a66c8cbd794c,direct,octree_leafcount,flyby,4,679,679,0.7166720033,0.2292480022,0.9472640157,1.004384,1,0,5,40841,35736,17,17,9404,26.31520036,14.32734497,512002,0,512002,40841
cstone,d7fddfb4f8d8ada0eb1a65d1a450a66c8cbd794c,direct,octree_leafcount,flyby,4,680,680,0.7825919986,0.1991360039,0.9831039906,1.036083,1,0,6,40833,35729,17,17,9543,26.70939573,14.33015198,512002,0,512002,40833
cstone,d7fddfb4f8d8ada0eb1a65d1a450a66c8cbd794c,direct,octree_leafcount,flyby,4,681,681,0.6679679751,0.2492160052,0.9184960127,0.977502,1,0,4,40953,35834,17,17,9381,26.17904783,14.28816208,512002,0,512002,40953
cstone,d7fddfb4f8d8ada0eb1a65d1a450a66c8cbd794c,direct,octree_leafcount,flyby,4,682,682,0.746111989,0.2369920015,0.9844480157,1.043023,1,0,5,41065,35932,17,17,9569,26.63085829,14.24919292,512002,0,512002,41065
cstone,d7fddfb4f8d8ada0eb1a65d1a450a66c8cbd794c,direct,octree_leafcount,flyby,4,683,683,0.7996799946,0.2329600006,1.034016013,1.09106,1,0,6,41289,36128,17,17,9507,26.31476971,14.17188884,512002,0,512002,41289
cstone,d7fddfb4f8d8ada0eb1a65d1a450a66c8cbd794c,direct,octree_leafcount,flyby,4,684,684,0.650496006,0.2058240026,0.8576639891,0.913117,1,0,4,40793,35694,17,17,9322,26.11643413,14.34420351,512002,0,512002,40793
cstone,d7fddfb4f8d8ada0eb1a65d1a450a66c8cbd794c,direct,octree_leafcount,flyby,4,685,685,0.7350080013,0.2436479926,0.9800000191,1.037849,1,0,5,41033,35904,17,17,9503,26.46780303,14.26030526,512002,0,512002,41033
cstone,d7fddfb4f8d8ada0eb1a65d1a450a66c8cbd794c,direct,octree_leafcount,flyby,4,686,686,0.813215971,0.2592320144,1.073791981,1.135761,1,0,6,41265,36107,17,17,9403,26.04204171,14.18013128,512002,0,512002,41265
cstone,d7fddfb4f8d8ada0eb1a65d1a450a66c8cbd794c,direct,octree_leafcount,flyby,4,687,687,0.6584960222,0.2550080121,0.9148160219,0.975074,1,0,4,41313,36149,17,17,9361,25.89559877,14.16365598,512002,0,512002,41313
cstone,d7fddfb4f8d8ada0eb1a65d1a450a66c8cbd794c,direct,octree_leafcount,flyby,4,688,688,0.7144640088,0.2211199999,0.9369279742,0.994866,1,0,5,40921,35806,17,17,9375,26.18276267,14.29933531,512002,0,512002,40921
cstone,d7fddfb4f8d8ada0eb1a65d1a450a66c8cbd794c,direct,octree_leafcount,flyby,4,689,689,0.7971519828,0.2314880043,1.029983997,1.090756,1,0,6,40761,35666,17,17,9326,26.1481523,14.35546459,512002,0,512002,40761
cstone,d7fddfb4f8d8ada0eb1a65d1a450a66c8cbd794c,direct,octree_leafcount,flyby,4,690,690,0.7310720086,0.2544640005,0.9868800044,1.045442,1,0,5,41177,36030,17,17,9478,26.30585623,14.21043575,512002,0,512002,41177
cstone,d7fddfb4f8d8ada0eb1a65d1a450a66c8cbd794c,direct,octree_leafcount,flyby,4,691,691,0.6666560173,0.2222719938,0.8902720213,0.951926,1,0,4,41081,35946,17,17,9394,26.13364491,14.24364324,512002,0,512002,41081
cstone,d7fddfb4f8d8ada0eb1a65d1a450a66c8cbd794c,direct,octree_leafcount,flyby,4,692,692,0.8029440045,0.2339520007,1.038239956,1.09528,1,0,6,41217,36065,17,17,9286,25.74795508,14.19664495,512002,0,512002,41217
cstone,d7fddfb4f8d8ada0eb1a65d1a450a66c8cbd794c,direct,octree_leafcount,flyby,4,693,693,0.7360640168,0.2042559981,0.9416959882,0.99534,1,0,5,41137,35995,17,17,9489,26.36199472,14.22425337,512002,0,512002,41137
cstone,d7fddfb4f8d8ada0eb1a65d1a450a66c8cbd794c,direct,octree_leafcount,flyby,4,694,694,0.6558719873,0.2044479996,0.8616319895,0.919753,1,0,4,41001,35876,17,17,9297,25.91426023,14.27143494,512002,0,512002,41001
cstone,d7fddfb4f8d8ada0eb1a65d1a450a66c8cbd794c,direct,octree_leafcount,flyby,4,695,695,0.8102399707,0.2380480021,1.049792051,1.106105,1,0,6,41281,36121,17,17,9410,26.05132748,14.17463525,512002,0,512002,41281
cstone,d7fddfb4f8d8ada0eb1a65d1a450a66c8cbd794c,direct,octree_leafcount,flyby,4,696,696,0.7447360158,0.2231359929,0.9691839814,1.030814,1,0,5,40897,35785,17,17,9299,25.98574822,14.3077267,512002,0,512002,40897
cstone,d7fddfb4f8d8ada0eb1a65d1a450a66c8cbd794c,direct,octree_leafcount,flyby,4,697,697,0.7390720248,0.2311680019,0.9715520144,1.035192,1,0,5,40745,35652,17,17,9109,25.54975878,14.36110176,512002,0,512002,40745
cstone,d7fddfb4f8d8ada0eb1a65d1a450a66c8cbd794c,direct,octree_leafcount,flyby,4,698,698,0.8166720271,0.2477120012,1.065727949,1.122582,1,0,6,41001,35876,17,17,9342,26.03969227,14.27143494,512002,0,512002,41001
cstone,d7fddfb4f8d8ada0eb1a65d1a450a66c8cbd794c,direct,octree_leafcount,flyby,4,699,699,0.7448319793,0.2437440008,0.9899200201,1.049354,1,0,5,41185,36037,17,17,9384,26.03990343,14.20767544,512002,0,512002,41185
cstone,d7fddfb4f8d8ada0eb1a65d1a450a66c8cbd794c,direct,octree_leafcount,flyby,4,700,700,0.7411519885,0.2147199959,0.9572160244,1.013826,1,0,5,40617,35540,17,17,9133,25.69780529,14.40635903,512002,0,512002,40617
cstone,d7fddfb4f8d8ada0eb1a65d1a450a66c8cbd794c,direct,octree_leafcount,flyby,4,701,701,0.8113279939,0.2360000014,1.048640013,1.105358,1,0,6,40705,35617,17,17,9389,26.36100738,14.37521408,512002,0,512002,40705
cstone,d7fddfb4f8d8ada0eb1a65d1a450a66c8cbd794c,direct,octree_leafcount,flyby,4,702,702,0.7501760125,0.2298559994,0.9813759923,1.03534,1,0,5,41001,35876,17,17,9325,25.99230683,14.27143494,512002,0,512002,41001
cstone,d7fddfb4f8d8ada0eb1a65d1a450a66c8cbd794c,direct,octree_leafcount,flyby,4,703,703,0.816576004,0.243584007,1.061472058,1.118401,1,0,6,41089,35953,17,17,9264,25.76697355,14.24087002,512002,0,512002,41089
cstone,d7fddfb4f8d8ada0eb1a65d1a450a66c8cbd794c,direct,octree_leafcount,flyby,4,704,704,0.7310079932,0.2467200011,0.9790400267,1.036028,1,0,5,41113,35974,17,17,9320,25.90759993,14.23255685,512002,0,512002,41113
cstone,d7fddfb4f8d8ada0eb1a65d1a450a66c8cbd794c,direct,octree_leafcount,flyby,4,705,705,0.750624001,0.2268480062,0.9788159728,1.04034,1,0,5,40721,35631,17,17,9233,25.91282872,14.36956583,512002,0,512002,40721
cstone,d7fddfb4f8d8ada0eb1a65d1a450a66c8cbd794c,direct,octree_leafcount,flyby,4,706,706,0.7946559787,0.2330559939,1.029055953,1.090542,1,0,6,40929,35813,17,17,9354,26.11900706,14.29654036,512002,0,512002,40929
cstone,d7fddfb4f8d8ada0eb1a65d1a450a66c8cbd794c,direct,octree_leafcount,flyby,4,707,707,0.6658239961,0.2554560006,0.9225919843,0.979981,1,0,4,41089,35953,17,17,9209,25.61399605,14.24087002,512002,0,512002,41089
cstone,d7fddfb4f8d8ada0eb1a65d1a450a66c8cbd794c,direct,octree_leafcount,flyby,4,708,708,0.749984026,0.223488003,0.9747840166,1.035674,1,0,5,40593,35519,17,17,9088,25.58630592,14.41487654,512002,0,512002,40593
cstone,d7fddfb4f8d8ada0eb1a65d1a450a66c8cbd794c,direct,octree_leafcount,flyby,4,709,709,0.7996159792,0.2488320023,1.049792051,1.109281,1,0,6,40785,35687,17,17,9283,26.01227338,14.34701712,512002,0,512002,40785
cstone,d7fddfb4f8d8ada0eb1a65d1a450a66c8cbd794c,direct,octree_leafcount,flyby,4,710,710,0.6510720253,0.2185280025,0.8709120154,0.930903,1,0,4,40609,35533,17,17,9149,25.74789632,14.40919708,512002,0,512002,40609
cstone,d7fddfb4f8d8ada0eb1a65d1a450a66c8cbd794c,direct,octree_leafcount,flyby,4,711,711,0.743712008,0.2364799976,0.9815040231,1.03881,1,0,5,40769,35673,17,17,9254,25.94118801,14.35264766,512002,0,512002,40769
cstone,d7fddfb4f8d8ada0eb1a65d1a450a66c8cbd794c,direct,octree_leafcount,flyby,4,712,712,0.7894719839,0.2237119973,1.014495969,1.067738,1,0,6,40881,35771,17,17,9183,25.67163345,14.31332644,512002,0,512002,40881
cstone,d7fddfb4f8d8ada0eb1a65d1a450a66c8cbd794c,direct,octree_leafcount,flyby,4,713,713,0.7120640278,0.2001599967,0.9135360122,0.966649,1,0,5,40345,35302,17,17,8955,25.36683474,14.50348422,512002,0,512002,40345
cstone,d7fddfb4f8d8ada0eb1a65d1a450a66c8cbd794c,direct,octree_leafcount,flyby,4,714,714,0.7425919771,0.2427839935,0.9867200255,1.044927,1,0,5,40393,35344,17,17,9154,25.89972838,14.48624943,512002,0,512002,40393
cstone,d7fddfb4f8d8ada0eb1a65d1a450a66c8cbd794c,direct,octree_leafcount,flyby,4,715,715,0.8167359829,0.2411199957,1.059167981,1.118069,1,0,6,40513,35449,17,17,9070,25.5860532,14.44334114,512002,0,512002,40513
cstone,d7fddfb4f8d8ada0eb1a65d1a450a66c8cbd794c,direct,octree_leafcount,flyby,4,716,716,0.6559680104,0.2482880056,0.9056000113,0.96401,1,0,4,40857,35750,17,17,9057,25.33426573,14.32173427,512002,0,512002,40857
cstone,d7fddfb4f8d8ada0eb1a65d1a450a66c8cbd794c,direct,octree_leafcount,flyby,4,717,717,0.746367991,0.2183039933,0.9662399888,1.026014,1,0,5,40665,35582,17,17,9210,25.88387387,14.38935417,512002,0,512002,40665
cstone,d7fddfb4f8d8ada0eb1a65d1a450a66c8cbd794c,direct,octree_leafcount,flyby,4,718,718,0.8078399897,0.2463999987,1.055583954,1.115792,1,0,6,40841,35736,17,17,9168,25.65480188,14.32734497,512002,0,512002,40841
cstone,d7fddfb4f8d8ada0eb1a65d1a450a66c8cbd794c,direct,octree_leafcount,flyby,4,719,719,0.8191040158,0.2441920042,1.064640045,1.122513,1,0,6,40905,35792,17,17,9175,25.63421994,14.30492848,512002,0,512002,40905
cstone,d7fddfb4f8d8ada0eb1a65d1a450a66c8cbd794c,direct,octree_leafcount,flyby,4,720,720,0.7104960084,0.2193599939,0.9311680198,0.989457,1,0,5,40601,35526,17,17,9157,25.77548837,14.41203626,512002,0,512002,40601
cstone,d7fddfb4f8d8ada0eb1a65d1a450a66c8cbd794c,direct,octree_leafcount,flyby,4,721,721,0.8013439775,0.2469120026,1.049600005,1.108798,1,0,6,40745,35652,17,17,9032,25.33378212,14.36110176,512002,0,512002,40745
cstone,d7fddfb4f8d8ada0eb1a65d1a450a66c8cbd794c,direct,octree_leafcount,flyby,4,722,722,0.7394559979,0.2408639938,0.9816319942,1.040643,1,0,5,40945,35827,17,17,9293,25.93853797,14.29095375,512002,0,512002,40945
cstone,d7fddfb4f8d8ada0eb1a65d1a450a66c8cbd794c,direct,octree_leafcount,flyby,4,723,723,0.6553279757,0.2170560062,0.8737279773,0.934962,1,0,4,40881,35771,17,17,9093,25.42003299,14.31332644,512002,0,512002,40881
cstone,d7fddfb4f8d8ada0eb1a65d1a450a66c8cbd794c,direct,octree_leafcount,flyby,4,724,724,0.8054080009,0.2145279944,1.021216035,1.078508,1,0,6,40785,35687,17,17,9071,25.41821952,14.34701712,512002,0,512002,40785
cstone,d7fddfb4f8d8ada0eb1a65d1a450a66c8cbd794c,direct,octree_leafcount,flyby,4,725,725,0.7408319712,0.240575999,0.9827839732,1.039607,1,0,5,40873,35764,17,17,9196,25.71300749,14.31612795,512002,0,512002,40873
cstone,d7fddfb4f8d8ada0eb1a65d1a450a66c8cbd794c,direct,octree_leafcount,flyby,4,726,726,0.6701760292,0.2232960016,0.8948159814,0.953875,1,0,4,40625,35547,17,17,9063,25.49582243,14.4035221,512002,0,512002,40625
cstone,d7fddfb4f8d8ada0eb1a65d1a450a66c8cbd794c,direct,octree_leafcount,flyby,4,727,727,0.8450559974,0.2541120052,1.10047996,1.160597,1,0,6,41017,35890,17,17,9206,25.65059905,14.26586793,512002,0,512002,41017
cstone,d7fddfb4f8d8ada0eb1a65d1a450a66c8cbd794c,direct,octree_leafcount,flyby,4,728,728,0.7445120215,0.2119040042,0.9577599764,1.01767,1,0,5,40961,35841,17,17,9235,25.76658017,14.2853715,512002,0,512002,40961
cstone,d7fddfb4f8d8ada0eb1a65d1a450a66c8cbd794c,direct,octree_leafcount,flyby,4,729,729,0.6505600214,0.2175679952,0.8694720268,0.927738,1,0,4,40601,35526,17,17,9057,25.49400439,14.41203626,512002,0,512002,40601
cstone,d7fddfb4f8d8ada0eb1a65d1a450a66c8cbd794c,direct,octree_leafcount,flyby,4,730,730,0.8097599745,0.2452159971,1.056288004,1.113923,1,0,6,40785,35687,17,17,9261,25.95062628,14.34701712,512002,0,512002,40785
cstone,d7fddfb4f8d8ada0eb1a65d1a450a66c8cbd794c,direct,octree_leafcount,flyby,4,731,731,0.736800015,0.2202879936,0.9584320188,1.015366,1,0,5,40737,35645,17,17,9147,25.66138308,14.36392201,512002,0,512002,40737
cstone,d7fddfb4f8d8ada0eb1a65d1a450a66c8cbd794c,direct,octree_leafcount,flyby,4,732,732,0.7454079986,0.245471999,0.9921919703,1.052643,1,0,5,40825,35722,17,17,9111,25.50529086,14.33296008,512002,0,512002,40825
cstone,d7fddfb4f8d8ada0eb1a65d1a450a66c8cbd794c,direct,octree_leafcount,flyby,4,733,733,0.8040320277,0.2390400022,1.044384003,1.102148,1,0,6,40849,35743,17,17,9262,25.91276614,14.32453907,512002,0,512002,40849
cstone,d7fddfb4f8d8ada0eb1a65d1a450a66c8cbd794c,direct,octree_leafcount,flyby,4,734,734,0.7486079931,0.2251839936,0.9751999974,1.035776,1,0,5,40809,35708,17,17,9248,25.89895822,14.33857959,512002,0,512002,40809
cstone,d7fddfb4f8d8ada0eb1a65d1a450a66c8cbd794c,direct,octree_leafcount,flyby,4,735,735,0.816576004,0.2452159971,1.063456059,1.125075,1,0,6,40993,35869,17,17,9271,25.84683153,14.27422008,512002,0,512002,40993
cstone,d7fddfb4f8d8ada0eb1a65d1a450a66c8cbd794c,direct,octree_leafcount,flyby,4,736,736,0.7147520185,0.2091519982,0.9252480268,0.983227,1,0,5,40665,35582,17,17,9155,25.72930133,14.38935417,512002,0,512002,40665
cstone,d7fddfb4f8d8ada0eb1a65d1a450a66c8cbd794c,direct,octree_leafcount,flyby,4,737,737,0.7445759773,0.2149119973,0.9607999921,1.020761,1,0,5,40625,35547,17,17,9167,25.78839283,14.4035221,512002,0,512002,40625
cstone,d7fddfb4f8d8ada0eb1a65d1a450a66c8cbd794c,direct,octree_leafcount,flyby,4,738,738,0.8179200292,0.2512960136,1.070559978,1.129466,1,0,6,41097,35960,17,17,9303,25.87041157,14.23809789,512002,0,512002,41097
cstone,d7fddfb4f8d8ada0eb1a65d1a450a66c8cbd794c,direct,octree_leafcount,flyby,4,739,739,0.6733440161,0.2432959974,0.9179840088,0.981903,1,0,4,40881,35771,17,17,9090,25.41164631,14.31332644,512002,0,512002,40881
cstone,d7fddfb4f8d8ada0eb1a65d1a450a66c8cbd794c,direct,octree_leafcount,flyby,4,740,740,0.7535039783,0.2271679938,0.9819840193,1.045406,1,0,5,40857,35750,17,17,9140,25.56643357,14.32173427,512002,0,512002,40857
cstone,d7fddfb4f8d8ada0eb1a65d1a450a66c8cbd794c,direct,octree_leafcount,flyby,4,741,741,0.8092160225,0.2510400116,1.061568022,1.121881,1,0,6,40937,35820,17,17,9306,25.9798995,14.29374651,512002,0,512002,40937
cstone,d7fddfb4f8d8ada0eb1a65d1a450a66c8cbd794c,direct,octree_leafcount,flyby,4,742,742,0.6525760293,0.1910080016,0.8449280262,0.895757,1,0,4,40817,35715,17,17,9105,25.49349013,14.33576928,512002,0,512002,40817
cstone,d7fddfb4f8d8ada0eb1a65d1a450a66c8cbd794c,direct,octree_leafcount,flyby,4,743,743,0.7503359914,0.2278079987,0.9794560075,1.03692,1,0,5,41145,36002,17,17,9311,25.86245209,14.2214877,512002,0,512002,41145
cstone,d7fddfb4f8d8ada0eb1a65d1a450a66c8cbd794c,direct,octree_leafcount,flyby,4,744,744,0.8005759716,0.2165440023,1.018463969,1.07717,1,0,6,41033,35904,17,17,9300,25.90240642,14.26030526,512002,0,512002,41033
cstone,d7fddfb4f8d8ada0eb1a65d1a450a66c8cbd794c,direct,octree_leafcount,flyby,4,745,745,0.6513280272,0.1980800033,0.8507199883,0.904961,1,0,4,40769,35673,17,17,9168,25.70010933,14.35264766,512002,0,512002,40769
cstone,d7fddfb4f8d8ada0eb1a65d1a450a66c8cbd794c,direct,octree_leafcount,flyby,4,746,746,0.7338560224,0.2166720033,0.9518399835,1.002255,1,0,5,40833,35729,17,17,9345,26.15522405,14.33015198,512002,0,512002,40833
cstone,d7fddfb4f8d8ada0eb1a65d1a450a66c8cbd794c,direct,octree_leafcount,flyby,4,747,747,0.7723519802,0.2114239931,0.9851520061,1.033863,1,0,6,40857,35750,17,17,9227,25.80979021,14.32173427,512002,0,512002,40857
cstone,d7fddfb4f8d8ada0eb1a65d1a450a66c8cbd794c,direct,octree_leafcount,flyby,4,748,748,0.6567040086,0.1965440065,0.8545600176,0.906964,1,0,4,40857,35750,17,17,9080,25.3986014,14.32173427,512002,0,512002,40857
cstone,d7fddfb4f8d8ada0eb1a65d1a450a66c8cbd794c,direct,octree_leafcount,flyby,4,749,749,0.7516160011,0.1940159947,0.9469439983,0.999826,1,0,5,40833,35729,17,17,9304,26.04047133,14.33015198,512002,0,512002,40833
cstone,d7fddfb4f8d8ada0eb1a65d1a450a66c8cbd794c,direct,octree_leafcount,flyby,4,750,750,0.8215039968,0.2063039988,1.029183984,1.083896,1,0,6,40665,35582,17,17,9192,25.83328649,14.38935417,512002,0,512002,40665
cstone,d7fddfb4f8d8ada0eb1a65d1a450a66c8cbd794c,direct,octree_leafcount,flyby,4,751,751,0.7357760072,0.2371200025,0.9742079973,1.029777,1,0,5,41041,35911,17,17,9251,25.76090891,14.25752555,512002,0,512002,41041
cstone,d7fddfb4f8d8ada0eb1a65d1a450a66c8cbd794c,direct,octree_leafcount,flyby,4,752,752,0.6660479903,0.218720004,0.8860800266,0.943009,1,0,4,40889,35778,17,17,9174,25.64145564,14.31052602,512002,0,512002,40889
cstone,d7fddfb4f8d8ada0eb1a65d1a450a66c8cbd794c,direct,octree_leafcount,flyby,4,753,753,0.8073279858,0.2109120041,1.019583941,1.078949,1,0,6,40649,35568,17,17,9176,25.79847054,14.39501799,512002,0,512002,40649
cstone,d7fddfb4f8d8ada0eb1a65d1a450a66c8cbd794c,direct,octree_leafcount,flyby,4,754,754,0.7371839881,0.2216639966,0.960160017,1.013593,1,0,5,40673,35589,17,17,9350,26.27216275,14.38652393,512002,0,512002,40673
cstone,d7fddfb4f8d8ada0eb1a65d1a450a66c8cbd794c,direct,octree_leafcount,flyby,4,755,755,0.6545600295,0.2226880044,0.8785920143,0.933177,1,0,4,40937,35820,17,17,9259,25.84868788,14.29374651,512002,0,512002,40937
cstone,d7fddfb4f8d8ada0eb1a65d1a450a66c8cbd794c,direct,octree_leafcount,flyby,4,756,756,0.8056960106,0.2196159959,1.026656032,1.08021,1,0,6,41153,36009,17,17,9228,25.6269266,14.2187231,512002,0,512002,41153
cstone,d7fddfb4f8d8ada0eb1a65d1a450a66c8cbd794c,direct,octree_leafcount,flyby,4,757,757,0.7466239929,0.2098560035,0.9577919841,1.014479,1,0,5,40793,35694,17,17,9342,26.17246596,14.34420351,512002,0,512002,40793
cstone,d7fddfb4f8d8ada0eb1a65d1a450a66c8cbd794c,direct,octree_leafcount,flyby,4,758,758,0.6539840102,0.2092480063,0.868991971,0.925132,1,0,4,40481,35421,17,17,9145,25.81801756,14.45475848,512002,0,512002,40481
cstone,d7fddfb4f8d8ada0eb1a65d1a450a66c8cbd794c,direct,octree_leafcount,flyby,4,759,759,0.801248014,0.2160640061,1.018623948,1.069574,1,0,6,40673,35589,17,17,9200,25.8506842,14.38652393,512002,0,512002,40673
cstone,d7fddfb4f8d8ada0eb1a65d1a450a66c8cbd794c,direct,octree_leafcount,flyby,4,760,760,0.7163519859,0.1858559996,0.9035519958,0.955468,1,0,5,40585,35512,17,17,9214,25.94615904,14.41771795,512002,0,512002,40585
cstone,d7fddfb4f8d8ada0eb1a65d1a450a66c8cbd794c,direct,octree_leafcount,flyby,4,761,761,0.6544960141,0.2170560062,0.8728640079,0.932361,1,0,4,40361,35316,17,17,8984,25.43889455,14.49773474,512002,0,512002,40361
cstone,d7fddfb4f8d8ada0eb1a65d1a450a66c8cbd794c,direct,octree_leafcount,flyby,4,762,762,0.8142719865,0.2479680032,1.06358397,1.122497,1,0,6,40809,35708,17,17,9182,25.71412569,14.33857959,512002,0,512002,40809
cstone,d7fddfb4f8d8ada0eb1a65d1a450a66c8cbd794c,direct,octree_leafcount,flyby,4,763,763,0.7408639789,0.2164160013,0.9586240053,1.019207,1,0,5,40785,35687,17,17,9170,25.69563146,14.34701712,512002,0,512002,40785
cstone,d7fddfb4f8d8ada0eb1a65d1a450a66c8cbd794c,direct,octree_leafcount,flyby,4,764,764,0.7098240256,0.1998399943,0.9110080004,0.96596,1,0,5,40441,35386,17,17,8894,25.13423388,14.46905556,512002,0,512002,40441
cstone,d7fddfb4f8d8ada0eb1a65d1a450a66c8cbd794c,direct,octree_leafcount,flyby,4,765,765,0.8165439963,0.2314559966,1.049343944,1.106449,1,0,6,40601,35526,17,17,9174,25.82334065,14.41203626,512002,0,512002,40601
cstone,d7fddfb4f8d8ada0eb1a65d1a450a66c8cbd794c,direct,octree_leafcount,flyby,4,766,766,0.7334719896,0.2472960055,0.9820799828,1.036729,1,0,5,40745,35652,17,17,9120,25.58061259,14.36110176,512002,0,512002,40745
cstone,d7fddfb4f8d8ada0eb1a65d1a450a66c8cbd794c,direct,octree_leafcount,flyby,4,767,767,0.7291839719,0.1903679967,0.9208959937,0.972852,1,0,5,40513,35449,17,17,8990,25.36037688,14.44334114,512002,0,512002,40513
cstone,d7fddfb4f8d8ada0eb1a65d1a450a66c8cbd794c,direct,octree_leafcount,flyby,4,768,768,0.8039680123,0.2282879949,1.033568025,1.087948,1,0,6,40641,35561,17,17,9170,25.78667642,14.39785158,512002,0,512002,40641
cstone,d7fddfb4f8d8ada0eb1a65d1a450a66c8cbd794c,direct,octree_leafcount,flyby,4,769,769,0.7358400226,0.2063039988,0.9434880018,0.999302,1,0,5,40505,35442,17,17,9067,25.58264206,14.44619378,512002,0,512002,40505
cstone,d7fddfb4f8d8ada0eb1a65d1a450a66c8cbd794c,direct,octree_leafcount,flyby,4,770,770,0.8244479895,0.241952002,1.067744017,1.125509,1,0,6,40785,35687,17,17,8993,25.19965253,14.34701712,512002,0,512002,40785
cstone,d7fddfb4f8d8ada0eb1a65d1a450a66c8cbd794c,direct,octree_leafcount,flyby,4,771,771,0.7218239903,0.220351994,0.9434880018,1.001927,1,0,5,40737,35645,17,17,9041,25.36400617,14.36392201,512002,0,512002,40737
cstone,d7fddfb4f8d8ada0eb1a65d1a450a66c8cbd794c,direct,octree_leafcount,flyby,4,772,772,0.7417600155,0.2238399982,0.9669119716,1.027061,1,0,5,40473,35414,17,17,8948,25.26684362,14.45761563,512002,0,512002,40473
cstone,d7fddfb4f8d8ada0eb1a65d1a450a66c8cbd794c,direct,octree_leafcount,flyby,4,773,773,0.8105919957,0.1981119961,1.010015965,1.065324,1,0,6,40425,35372,17,17,8856,25.03675223,14.47478231,512002,0,512002,40425
cstone,d7fddfb4f8d8ada0eb1a65d1a450a66c8cbd794c,direct,octree_leafcount,flyby,4,774,774,0.7353280187,0.2397439927,0.9763839841,1.034623,1,0,5,40833,35729,17,17,9002,25.19521957,14.33015198,512002,0,512002,40833
cstone,d7fddfb4f8d8ada0eb1a65d1a450a66c8cbd794c,direct,octree_leafcount,flyby,4,775,775,0.7478079796,0.2180480063,0.9675520062,1.028257,1,0,5,40713,35624,17,17,8940,25.09544128,14.3723894,512002,0,512002,40713
cstone,d7fddfb4f8d8ada0eb1a65d1a450a66c8cbd794c,direct,octree_leafcount,flyby,4,776,776,0.8053759933,0.2241919935,1.032480001,1.09116,1,0,6,40641,35561,17,17,9142,25.70793847,14.39785158,512002,0,512002,40641
cstone,d7fddfb4f8d8ada0eb1a65d1a450a66c8cbd794c,direct,octree_leafcount,flyby,4,777,777,0.6683520079,0.2289279997,0.8989120126,0.959238,1,0,4,40617,35540,17,17,8980,25.26730445,14.40635903,512002,0,512002,40617
cstone,d7fddfb4f8d8ada0eb1a65d1a450a66c8cbd794c,direct,octree_leafcount,flyby,4,778,778,0.7613440156,0.2637760043,1.026432037,1.093058,1,0,5,40913,35799,17,17,9084,25.37501048,14.30213134,512002,0,512002,40913
cstone,d7fddfb4f8d8ada0eb1a65d1a450a66c8cbd794c,direct,octree_leafcount,flyby,4,779,779,0.8117120266,0.2265599966,1.039584041,1.100329,1,0,6,40761,35666,17,17,9105,25.52851455,14.35546459,512002,0,512002,40761
cstone,d7fddfb4f8d8ada0eb1a65d1a450a66c8cbd794c,direct,octree_leafcount,flyby,4,780,780,0.6595519781,0.2214400023,0.8823360205,0.94225,1,0,4,40633,35554,17,17,8980,25.25735501,14.40068628,512002,0,512002,40633
cstone,d7fddfb4f8d8ada0eb1a65d1a450a66c8cbd794c,direct,octree_leafcount,flyby,4,781,781,0.743103981,0.2580800056,1.002496004,1.064073,1,0,5,40833,35729,17,17,9132,25.55906966,14.33015198,512002,0,512002,40833
cstone,d7fddfb4f8d8ada0eb1a65d1a450a66c8cbd794c,direct,octree_leafcount,flyby,4,782,782,0.809311986,0.2494720072,1.060096025,1.120245,1,0,6,41033,35904,17,17,9189,25.59324866,14.26030526,512002,0,512002,41033
cstone,d7fddfb4f8d8ada0eb1a65d1a450a66c8cbd794c,direct,octree_leafcount,flyby,4,783,783,0.657055974,0.2108480036,0.8692160249,0.927672,1,0,4,40737,35645,17,17,9079,25.47061299,14.36392201,512002,0,512002,40737
cstone,d7fddfb4f8d8ada0eb1a65d1a450a66c8cbd794c,direct,octree_leafcount,flyby,4,784,784,0.740351975,0.220735997,0.9624320269,1.021269,1,0,5,40561,35491,17,17,9173,25.84598912,14.42624891,512002,0,512002,40561
cstone,d7fddfb4f8d8ada0eb1a65d1a450a66c8cbd794c,direct,octree_leafcount,flyby,4,785,785,0.8164160252,0.2360000014,1.053727984,1.110674,1,0,6,40633,35554,17,17,9113,25.63143388,14.40068628,512002,0,512002,40633
cstone,d7fddfb4f8d8ada0eb1a65d1a450a66c8cbd794c,direct,octree_leafcount,flyby,4,786,786,0.6583679914,0.2452159971,0.9049280286,0.963334,1,0,4,40681,35596,17,17,9010,25.31183279,14.3836948,512002,0,512002,40681
cstone,d7fddfb4f8d8ada0eb1a65d1a450a66c8cbd794c,direct,octree_leafcount,flyby,4,787,787,0.7443199754,0.254911989,1.000543952,1.060497,1,0,5,40721,35631,17,17,9197,25.8117931,14.36956583,512002,0,512002,40721
cstone,d7fddfb4f8d8ada0eb1a65d1a450a66c8cbd794c,direct,octree_leafcount,flyby,4,788,788,0.8168640137,0.2544640005,1.072639942,1.13364,1,0,6,41009,35883,17,17,9145,25.485606,14.26865089,512002,0,512002,41009
cstone,d7fddfb4f8d8ada0eb1a65d1a450a66c8cbd794c,direct,octree_leafcount,flyby,4,789,789,0.7540799975,0.2337599993,0.989471972,1.049022,1,0,5,40825,35722,17,17,9071,25.39331504,14.33296008,512002,0,512002,40825
cstone,d7fddfb4f8d8ada0eb1a65d1a450a66c8cbd794c,direct,octree_leafcount,flyby,4,790,790,0.7186560035,0.2211199999,0.9411200285,0.99824,1,0,5,40545,35477,17,17,9181,25.87873834,14.43194182,512002,0,512002,40545
cstone,d7fddfb4f8d8ada0eb1a65d1a450a66c8cbd794c,direct,octree_leafcount,flyby,4,791,791,0.7947840095,0.1935359985,0.9896640182,1.043166,1,0,6,40449,35393,17,17,9154,25.86387139,14.46619388,512002,0,512002,40449
cstone,d7fddfb4f8d8ada0eb1a65d1a450a66c8cbd794c,direct,octree_leafcount,flyby,4,792,792,0.7470399737,0.2437440008,0.9921280146,1.048541,1,0,5,40753,35659,17,17,9131,25.60643877,14.35828262,512002,0,512002,40753
cstone,d7fddfb4f8d8ada0eb1a65d1a450a66c8cbd794c,direct,octree_leafcount,flyby,4,793,793,0.6656000018,0.2278079987,0.8947520256,0.949166,1,0,4,40825,35722,17,17,9179,25.69564974,14.33296008,512002,0,512002,40825
cstone,d7fddfb4f8d8ada0eb1a65d1a450a66c8cbd794c,direct,octree_leafcount,flyby,4,794,794,0.7855039835,0.2063039988,0.9931520224,1.048845,1,0,6,40649,35568,17,17,9077,25.52013045,14.39501799,512002,0,512002,40649
cstone,d7fddfb4f8d8ada0eb1a65d1a450a66c8cbd794c,direct,octree_leafcount,flyby,4,795,795,0.7704640031,0.2349759936,1.006783962,1.062351,1,0,5,40761,35666,17,17,9266,25.97992486,14.35546459,512002,0,512002,40761
cstone,d7fddfb4f8d8ada0eb1a65d1a450a66c8cbd794c,direct,octree_leafcount,flyby,4,796,796,0.6644480228,0.2487680018,0.9145280123,0.971198,1,0,4,40865,35757,17,17,9044,25.29294963,14.31893056,512002,0,512002,40865
cstone,d7fddfb4f8d8ada0eb1a65d1a450a66c8cbd794c,direct,octree_leafcount,flyby,4,797,797,0.8210560083,0.2278079987,1.050176024,1.110175,1,0,6,40833,35729,17,17,9057,25.34915615,14.33015198,512002,0,512002,40833
cstone,d7fddfb4f8d8ada0eb1a65d1a450a66c8cbd794c,direct,octree_leafcount,flyby,4,798,798,0.7417920232,0.2400960028,0.9832320213,1.040556,1,0,5,41049,35918,17,17,9219,25.66679659,14.25474692,512002,0,512002,41049
cstone,d7fddfb4f8d8ada0eb1a65d1a450a66c8cbd794c,direct,octree_leafcount,flyby,4,799,799,0.6596159935,0.2077119946,0.8686400056,0.925606,1,0,4,40729,35638,17,17,8984,25.20904652,14.36674336,512002,0,512002,40729
cstone,d7fddfb4f8d8ada0eb1a65d1a450a66c8cbd794c,direct,octree_leafcount,flyby,4,800,800,0.8194239736,0.2445439994,1.065279961,1.12319,1,0,6,41025,35897,17,17,9099,25.34752208,14.26308605,512002,0,512002,41025
cstone,d7fddfb4f8d8ada0eb1a65d1a450a66c8cbd794c,direct,octree_leafcount,flyby,4,801,801,0.7697920203,0.2303359956,1.001471996,1.064565,1,0,5,40705,35617,17,17,9110,25.57767358,14.37521408,512002,0,512002,40705
cstone,d7fddfb4f8d8ada0eb1a65d1a450a66c8cbd794c,direct,octree_leafcount,flyby,4,802,802,0.6572800279,0.2262399942,0.8848959804,0.944084,1,0,4,40305,35267,17,17,8868,25.14531999,14.5178779,512002,0,512002,40305
cstone,d7fddfb4f8d8ada0eb1a65d1a450a66c8cbd794c,direct,octree_leafcount,flyby,4,803,803,0.8148800135,0.2557440102,1.071936011,1.133186,1,0,6,40585,35512,17,17,9012,25.37733724,14.41771795,512002,0,512002,40585
cstone,d7fddfb4f8d8ada0eb1a65d1a450a66c8cbd794c,direct,octree_leafcount,flyby,4,804,804,0.7479680181,0.2509120107,1.000192046,1.062743,1,0,5,40793,35694,17,17,9022,25.27595674,14.34420351,512002,0,512002,40793
cstone,d7fddfb4f8d8ada0eb1a65d1a450a66c8cbd794c,direct,octree_leafcount,flyby,4,805,805,0.7201600075,0.2140800059,0.9357119799,0.993848,1,0,5,40305,35267,17,17,8794,24.9354921,14.5178779,512002,0,512002,40305
cstone,d7fddfb4f8d8ada0eb1a65d1a450a66c8cbd794c,direct,octree_leafcount,flyby,4,806,806,0.8132799864,0.2482880056,1.062880039,1.121202,1,0,6,40441,35386,17,17,9010,25.46204714,14.46905556,512002,0,512002,40441
cstone,d7fddfb4f8d8ada0eb1a65d1a450a66c8cbd794c,direct,octree_leafcount,flyby,4,807,807,0.7540479898,0.2104000002,0.9657599926,1.022346,1,0,5,40297,35260,17,17,8917,25.28927964,14.52076007,512002,0,512002,40297
cstone,d7fddfb4f8d8ada0eb1a65d1a450a66c8cbd794c,direct,octree_leafcount,flyby,4,808,808,0.7465919852,0.2367359996,0.9846720099,1.040586,1,0,5,40553,35484,17,17,8873,25.00563634,14.4290948,512002,0,512002,40553
cstone,d7fddfb4f8d8ada0eb1a65d1a450a66c8cbd794c,direct,octree_leafcount,flyby,4,809,809,0.8176959753,0.2093760073,1.028416038,1.082747,1,0,6,40545,35477,17,17,9033,25.46156665,14.43194182,512002,0,512002,40545
cstone,d7fddfb4f8d8ada0eb1a65d1a450a66c8cbd794c,direct,octree_leafcount,flyby,4,810,810,0.7448959947,0.2180480063,0.9642559886,1.023226,1,0,5,40409,35358,17,17,9034,25.55008767,14.4805136,512002,0,512002,40409
cstone,d7fddfb4f8d8ada0eb1a65d1a450a66c8cbd794c,direct,octree_leafcount,flyby,4,811,811,0.8120319843,0.2448640019,1.058240056,1.116594,1,0,6,40873,35764,17,17,9117,25.49211498,14.31612795,512002,0,512002,40873
cstone,d7fddfb4f8d8ada0eb1a65d1a450a66c8cbd794c,direct,octree_leafcount,flyby,4,812,812,0.8191360235,0.2129279971,1.033408046,1.091152,1,0,6,40681,35596,17,17,9149,25.7023261,14.3836948,512002,0,512002,40681
cstone,d7fddfb4f8d8ada0eb1a65d1a450a66c8cbd794c,direct,octree_leafcount,flyby,4,813,813,0.7506560087,0.2121279985,0.9640960097,1.021024,1,0,5,40537,35470,17,17,9041,25.48914576,14.43478996,512002,0,512002,40537
cstone,d7fddfb4f8d8ada0eb1a65d1a450a66c8cbd794c,direct,octree_leafcount,flyby,4,814,814,0.8184959888,0.254911989,1.074751973,1.136342,1,0,6,40705,35617,17,17,9074,25.47659825,14.37521408,512002,0,512002,40705
cstone,d7fddfb4f8d8ada0eb1a65d1a450a66c8cbd794c,direct,octree_leafcount,flyby,4,815,815,0.7409600019,0.2175679952,0.9599360228,1.019568,1,0,5,40705,35617,17,17,9020,25.32498526,14.37521408,512002,0,512002,40705
cstone,d7fddfb4f8d8ada0eb1a65d1a450a66c8cbd794c,direct,octree_leafcount,flyby,4,816,816,0.7445759773,0.2124480009,0.9583680034,1.016645,1,0,5,40329,35288,17,17,8831,25.02550442,14.50923827,512002,0,512002,40329
cstone,d7fddfb4f8d8ada0eb1a65d1a450a66c8cbd794c,direct,octree_leafcount,flyby,4,817,817,0.8268799782,0.2380480021,1.06627202,1.123707,1,0,6,40641,35561,17,17,9050,25.44922809,14.39785158,512002,0,512002,40641
cstone,d7fddfb4f8d8ada0eb1a65d1a450a66c8cbd794c,direct,octree_leafcount,flyby,4,818,818,0.6602879763,0.2183679938,0.8799679875,0.938463,1,0,4,40561,35491,17,17,8886,25.03733341,14.42624891,512002,0,512002,40561
cstone,d7fddfb4f8d8ada0eb1a65d1a450a66c8cbd794c,direct,octree_leafcount,flyby,4,819,819,0.7567999959,0.2165440023,0.9747200012,1.032809,1,0,5,40457,35400,17,17,8857,25.01977401,14.46333333,512002,0,512002,40457
cstone,d7fddfb4f8d8ada0eb1a65d1a450a66c8cbd794c,direct,octree_leafcount,flyby,4,820,820,0.814432025,0.2124480009,1.028223991,1.085194,1,0,6,40289,35253,17,17,9004,25.5410887,14.52364338,512002,0,512002,40289
cstone,d7fddfb4f8d8ada0eb1a65d1a450a66c8cbd794c,direct,octree_leafcount,flyby,4,821,821,0.667584002,0.2519359887,0.920863986,0.979157,1,0,4,40457,35400,17,17,8932,25.23163842,14.46333333,512002,0,512002,40457
cstone,d7fddfb4f8d8ada0eb1a65d1a450a66c8cbd794c,direct,octree_leafcount,flyby,4,822,822,0.7443199754,0.2381439954,0.9838399887,1.04238,1,0,5,40649,35568,17,17,8993,25.28396311,14.39501799,512002,0,512002,40649
cstone,d7fddfb4f8d8ada0eb1a65d1a450a66c8cbd794c,direct,octree_leafcount,flyby,4,823,823,0.793824017,0.2273599952,1.022495985,1.083968,1,0,6,40473,35414,17,17,9059,25.58027899,14.45761563,512002,0,512002,40473
cstone,d7fddfb4f8d8ada0eb1a65d1a450a66c8cbd794c,direct,octree_leafcount,flyby,4,824,824,0.6506559849,0.2153600007,0.8673599958,0.925167,1,0,4,40273,35239,17,17,8877,25.19083969,14.52941343,512002,0,512002,40273
cstone,d7fddfb4f8d8ada0eb1a65d1a450a66c8cbd794c,direct,octree_leafcount,flyby,4,825,825,0.7528319955,0.2549439967,1.009119987,1.06781,1,0,5,40641,35561,17,17,9084,25.54483845,14.39785158,512002,0,512002,40641
cstone,d7fddfb4f8d8ada0eb1a65d1a450a66c8cbd794c,direct,octree_leafcount,flyby,4,826,826,0.8122879863,0.218592003,1.032256007,1.09067,1,0,6,40609,35533,17,17,9098,25.60436777,14.40919708,512002,0,512002,40609
cstone,d7fddfb4f8d8ada0eb1a65d1a450a66c8cbd794c,direct,octree_leafcount,flyby,4,827,827,0.6503040195,0.2108799964,0.8625280261,0.920788,1,0,4,40265,35232,17,17,8913,25.29802452,14.53230018,512002,0,512002,40265
cstone,d7fddfb4f8d8ada0eb1a65d1a450a66c8cbd794c,direct,octree_leafcount,flyby,4,828,828,0.7503679991,0.2296639979,0.9815359712,1.036987,1,0,5,40641,35561,17,17,9102,25.5954557,14.39785158,512002,0,512002,40641
cstone,d7fddfb4f8d8ada0eb1a65d1a450a66c8cbd794c,direct,octree_leafcount,flyby,4,829,829,0.7931200266,0.242336005,1.036831975,1.09624,1,0,6,40705,35617,17,17,8993,25.24917876,14.37521408,512002,0,512002,40705
cstone,d7fddfb4f8d8ada0eb1a65d1a450a66c8cbd794c,direct,octree_leafcount,flyby,4,830,830,0.6487039924,0.2083519995,0.8583999872,0.913993,1,0,4,40289,35253,17,17,8842,25.08155334,14.52364338,512002,0,512002,40289
cstone,d7fddfb4f8d8ada0eb1a65d1a450a66c8cbd794c,direct,octree_leafcount,flyby,4,831,831,0.7516480088,0.2329279929,0.9858880043,1.041724,1,0,5,40545,35477,17,17,9155,25.80545142,14.43194182,512002,0,512002,40545
cstone,d7fddfb4f8d8ada0eb1a65d1a450a66c8cbd794c,direct,octree_leafcount,flyby,4,832,832,0.8008639812,0.238943994,1.041152,1.098418,1,0,6,40601,35526,17,17,8974,25.26037268,14.41203626,512002,0,512002,40601
cstone,d7fddfb4f8d8ada0eb1a65d1a450a66c8cbd794c,direct,octree_leafcount,flyby,4,833,833,0.6676160097,0.2312960029,0.9002559781,0.955968,1,0,4,40641,35561,17,17,8969,25.22145047,14.39785158,512002,0,512002,40641
cstone,d7fddfb4f8d8ada0eb1a65d1a450a66c8cbd794c,direct,octree_leafcount,flyby,4,834,834,0.7447680235,0.2214400023,0.9675199986,1.026556,1,0,5,40529,35463,17,17,9026,25.45187942,14.43763923,512002,0,512002,40529
cstone,d7fddfb4f8d8ada0eb1a65d1a450a66c8cbd794c,direct,octree_leafcount,flyby,4,835,835,0.7953600287,0.2446720004,1.041344047,1.099267,1,0,6,40569,35498,17,17,9068,25.54510113,14.42340414,512002,0,512002,40569
cstone,d7fddfb4f8d8ada0eb1a65d1a450a66c8cbd794c,direct,octree_leafcount,flyby,4,836,836,0.7493439913,0.2456640005,0.9963200092,1.052991,1,0,5,40801,35701,17,17,9022,25.27100081,14.341391,512002,0,512002,40801
cstone,d7fddfb4f8d8ada0eb1a65d1a450a66c8cbd794c,direct,octree_leafcount,flyby,4,837,837,0.666432023,0.2304320037,0.8981760144,0.960155,1,0,4,40505,35442,17,17,9007,25.41335139,14.44619378,512002,0,512002,40505
cstone,d7fddfb4f8d8ada0eb1a65d1a450a66c8cbd794c,direct,octree_leafcount,flyby,4,838,838,0.7982720137,0.2283519953,1.027935982,1.090401,1,0,6,40505,35442,17,17,8947,25.24406072,14.44619378,512002,0,512002,40505
cstone,d7fddfb4f8d8ada0eb1a65d1a450a66c8cbd794c,direct,octree_leafcount,flyby,4,839,839,0.7596160173,0.2457920015,1.006943941,1.06708,1,0,5,40865,35757,17,17,9134,25.5446486,14.31893056,512002,0,512002,40865
cstone,d7fddfb4f8d8ada0eb1a65d1a450a66c8cbd794c,direct,octree_leafcount,flyby,4,840,840,0.6678079963,0.2298559994,0.8990079761,0.959445,1,0,4,40729,35638,17,17,9123,25.59907963,14.36674336,512002,0,512002,40729
cstone,d7fddfb4f8d8ada0eb1a65d1a450a66c8cbd794c,direct,octree_leafcount,flyby,4,841,841,0.8062719703,0.2262399942,1.033856034,1.09966,1,0,6,40665,35582,17,17,9018,25.3442752,14.38935417,512002,0,512002,40665
cstone,d7fddfb4f8d8ada0eb1a65d1a450a66c8cbd794c,direct,octree_leafcount,flyby,4,842,842,0.7622399926,0.2664000094,1.029983997,1.092983,1,0,5,40689,35603,17,17,9060,25.44729377,14.38086678,512002,0,512002,40689
cstone,d7fddfb4f8d8ada0eb1a65d1a450a66c8cbd794c,direct,octree_leafcount,flyby,4,843,843,0.6714239717,0.220096007,0.8928639889,0.953632,1,0,4,40649,35568,17,17,9005,25.3177013,14.39501799,512002,0,512002,40649
cstone,d7fddfb4f8d8ada0eb1a65d1a450a66c8cbd794c,direct,octree_leafcount,flyby,4,844,844,0.8239359856,0.2149759978,1.040256023,1.099948,1,0,6,40393,35344,17,17,8873,25.10468538,14.48624943,512002,0,512002,40393
cstone,d7fddfb4f8d8ada0eb1a65d1a450a66c8cbd794c,direct,octree_leafcount,flyby,4,845,845,0.7511360049,0.2456959933,0.9981759787,1.055595,1,0,5,40609,35533,17,17,9053,25.47772493,14.40919708,512002,0,512002,40609
cstone,d7fddfb4f8d8ada0eb1a65d1a450a66c8cbd794c,direct,octree_leafcount,flyby,4,846,846,0.6641920209,0.2277760059,0.8933439851,0.952694,1,0,4,40417,35365,17,17,8880,25.10957161,14.47764739,512002,0,512002,40417
cstone,d7fddfb4f8d8ada0eb1a65d1a450a66c8cbd794c,direct,octree_leafcount,flyby,4,847,847,0.8080319762,0.2529920042,1.062368035,1.123473,1,0,6,40769,35673,17,17,9007,25.2487876,14.35264766,512002,0,512002,40769
cstone,d7fddfb4f8d8ada0eb1a65d1a450a66c8cbd794c,direct,octree_leafcount,flyby,4,848,848,0.7485120296,0.2170239985,0.9668480158,1.026345,1,0,5,40497,35435,17,17,9033,25.49174545,14.44904755,512002,0,512002,40497
cstone,d7fddfb4f8d8ada0eb1a65d1a450a66c8cbd794c,direct,octree_leafcount,flyby,4,849,849,0.6528639793,0.2083519995,0.8625599742,0.918389,1,0,4,40297,35260,17,17,8802,24.96313103,14.52076007,512002,0,512002,40297
cstone,d7fddfb4f8d8ada0eb1a65d1a450a66c8cbd794c,direct,octree_leafcount,flyby,4,850,850,0.8133119941,0.2510400116,1.065696001,1.124098,1,0,6,40529,35463,17,17,8902,25.10221921,14.43763923,512002,0,512002,40529
cstone,d7fddfb4f8d8ada0eb1a65d1a450a66c8cbd794c,direct,octree_leafcount,flyby,4,851,851,0.7498239875,0.2364159971,0.9875519872,1.046263,1,0,5,40609,35533,17,17,8982,25.27791067,14.40919708,512002,0,512002,40609
cstone,d7fddfb4f8d8ada0eb1a65d1a450a66c8cbd794c,direct,octree_leafcount,flyby,4,852,852,0.6554560065,0.2001599967,0.8569279909,0.912196,1,0,4,40329,35288,17,17,8851,25.08218091,14.50923827,512002,0,512002,40329
cstone,d7fddfb4f8d8ada0eb1a65d1a450a66c8cbd794c,direct,octree_leafcount,flyby,4,853,853,0.8098239899,0.2329279929,1.044095993,1.099384,1,0,6,40601,35526,17,17,8984,25.28852108,14.41203626,512002,0,512002,40601
cstone,d7fddfb4f8d8ada0eb1a65d1a450a66c8cbd794c,direct,octree_leafcount,flyby,4,854,854,0.752128005,0.2550399899,1.008479953,1.067974,1,0,5,40953,35834,17,17,9095,25.38092315,14.28816208,512002,0,512002,40953
cstone,d7fddfb4f8d8ada0eb1a65d1a450a66c8cbd794c,direct,octree_leafcount,flyby,4,855,855,0.6624000072,0.2220160067,0.8857600093,0.944778,1,0,4,40497,35435,17,17,8995,25.38450684,14.44904755,512002,0,512002,40497
cstone,d7fddfb4f8d8ada0eb1a65d1a450a66c8cbd794c,direct,octree_leafcount,flyby,4,856,856,0.8134080172,0.2527999878,1.067520022,1.125661,1,0,6,40705,35617,17,17,9073,25.47379061,14.37521408,512002,0,512002,40705
cstone,d7fddfb4f8d8ada0eb1a65d1a450a66c8cbd794c,direct,octree_leafcount,flyby,4,857,857,0.7388799787,0.2607359886,1.000928044,1.062944,1,0,5,40905,35792,17,17,9108,25.44702727,14.30492848,512002,0,512002,40905
cstone,d7fddfb4f8d8ada0eb1a65d1a450a66c8cbd794c,direct,octree_leafcount,flyby,4,858,858,0.7412800193,0.2144960016,0.9571200013,1.013392,1,0,5,40753,35659,17,17,8885,24.91657085,14.35828262,512002,0,512002,40753
cstone,d7fddfb4f8d8ada0eb1a65d1a450a66c8cbd794c,direct,octree_leafcount,flyby,4,859,859,0.8019199967,0.2329600006,1.036224008,1.092709,1,0,6,40777,35680,17,17,9094,25.48766816,14.34983184,512002,0,512002,40777
cstone,d7fddfb4f8d8ada0eb1a65d1a450a66c8cbd794c,direct,octree_leafcount,flyby,4,860,860,0.7384319901,0.2093439996,0.9490879774,1.0049,1,0,5,40745,35652,17,17,9089,25.49366094,14.36110176,512002,0,512002,40745
cstone,d7fddfb4f8d8ada0eb1a65d1a450a66c8cbd794c,direct,octree_leafcount,flyby,4,861,861,0.7326080203,0.2438399941,0.9778239727,1.036443,1,0,5,40961,35841,17,17,9087,25.35364527,14.2853715,512002,0,512002,40961
cstone,d7fddfb4f8d8ada0eb1a65d1a450a66c8cbd794c,direct,octree_leafcount,flyby,4,862,862,0.8005120158,0.2202239931,1.022079945,1.080949,1,0,6,40537,35470,17,17,9109,25.68085706,14.43478996,512002,0,512002,40537
cstone,d7fddfb4f8d8ada0eb1a65d1a450a66c8cbd794c,direct,octree_leafcount,flyby,4,863,863,0.7371199727,0.223360002,0.9620159864,1.023499,1,0,5,40537,35470,17,17,9074,25.58218213,14.43478996,512002,0,512002,40537
cstone,d7fddfb4f8d8ada0eb1a65d1a450a66c8cbd794c,direct,octree_leafcount,flyby,4,864,864,0.8326399922,0.2769919932,1.112192035,1.176532,1,0,6,40977,35855,17,17,9088,25.34653465,14.27979361,512002,0,512002,40977
cstone,d7fddfb4f8d8ada0eb1a65d1a450a66c8cbd794c,direct,octree_leafcount,flyby,4,865,865,0.7318400145,0.2388159931,0.9720000029,1.033386,1,0,5,40745,35652,17,17,9051,25.38707506,14.36110176,512002,0,512002,40745
cstone,d7fddfb4f8d8ada0eb1a65d1a450a66c8cbd794c,direct,octree_leafcount,flyby,4,866,866,0.7373440266,0.224864006,0.9635199904,1.023252,1,0,5,40361,35316,17,17,8948,25.33695775,14.49773474,512002,0,512002,40361
cstone,d7fddfb4f8d8ada0eb1a65d1a450a66c8cbd794c,direct,octree_leafcount,flyby,4,867,867,0.8139520288,0.2402240038,1.05548799,1.11299,1,0,6,40665,35582,17,17,9026,25.36675847,14.38935417,512002,0,512002,40665
cstone,d7fddfb4f8d8ada0eb1a65d1a450a66c8cbd794c,direct,octree_leafcount,flyby,4,868,868,0.7396159768,0.2186879963,0.9596480131,1.017472,1,0,5,40641,35561,17,17,8973,25.23269874,14.39785158,512002,0,512002,40641
cstone,d7fddfb4f8d8ada0eb1a65d1a450a66c8cbd794c,direct,octree_leafcount,flyby,4,869,869,0.7393280268,0.2220479995,0.9626880288,1.021916,1,0,5,40481,35421,17,17,8862,25.01905649,14.45475848,512002,0,512002,40481
cstone,d7fddfb4f8d8ada0eb1a65d1a450a66c8cbd794c,direct,octree_leafcount,flyby,4,870,870,0.8121600151,0.2503359914,1.063840032,1.122921,1,0,6,40641,35561,17,17,8962,25.20176598,14.39785158,512002,0,512002,40641
cstone,d7fddfb4f8d8ada0eb1a65d1a450a66c8cbd794c,direct,octree_leafcount,flyby,4,871,871,0.6668480039,0.2125760019,0.8807680011,0.939362,1,0,4,40545,35477,17,17,8919,25.1402317,14.43194182,512002,0,512002,40545
cstone,d7fddfb4f8d8ada0eb1a65d1a450a66c8cbd794c,direct,octree_leafcount,flyby,4,872,872,0.7422720194,0.2262399942,0.9698560238,1.028822,1,0,5,40521,35456,17,17,8895,25.08743231,14.44048962,512002,0,512002,40521
cstone,d7fddfb4f8d8ada0eb1a65d1a450a66c8cbd794c,direct,octree_leafcount,flyby,4,873,873,0.8100159764,0.2559039891,1.067199945,1.127783,1,0,6,40545,35477,17,17,8993,25.34881754,14.43194182,512002,0,512002,40545
cstone,d7fddfb4f8d8ada0eb1a65d1a450a66c8cbd794c,direct,octree_leafcount,flyby,4,874,874,0.6648640037,0.2267840058,0.8929920197,0.954851,1,0,4,40409,35358,17,17,8785,24.84586232,14.4805136,512002,0,512002,40409
cstone,d7fddfb4f8d8ada0eb1a65d1a450a66c8cbd794c,direct,octree_leafcount,flyby,4,875,875,0.7407360077,0.243967995,0.9860159755,1.046635,1,0,5,40569,35498,17,17,8796,24.77886078,14.42340414,512002,0,512002,40569
cstone,d7fddfb4f8d8ada0eb1a65d1a450a66c8cbd794c,direct,octree_leafcount,flyby,4,876,876,0.8050240278,0.2341119945,1.040480018,1.096551,1,0,6,40633,35554,17,17,8891,25.00703156,14.40068628,512002,0,512002,40633
cstone,d7fddfb4f8d8ada0eb1a65d1a450a66c8cbd794c,direct,octree_leafcount,flyby,4,877,877,0.6580479741,0.2175679952,0.8769599795,0.935882,1,0,4,40593,35519,17,17,8859,24.94158056,14.41487654,512002,0,512002,40593
cstone,d7fddfb4f8d8ada0eb1a65d1a450a66c8cbd794c,direct,octree_leafcount,flyby,4,878,878,0.7368320227,0.2486719936,0.9868479967,1.04612,1,0,5,40793,35694,17,17,8907,24.95377374,14.34420351,512002,0,512002,40793
cstone,d7fddfb4f8d8ada0eb1a65d1a450a66c8cbd794c,direct,octree_leafcount,flyby,4,879,879,0.7986559868,0.2073280066,1.007359982,1.063704,1,0,6,40769,35673,17,17,8991,25.20393575,14.35264766,512002,0,512002,40769
cstone,d7fddfb4f8d8ada0eb1a65d1a450a66c8cbd794c,direct,octree_leafcount,flyby,4,880,880,0.6583039761,0.2119680047,0.8716160059,0.9286,1,0,4,40297,35260,17,17,8815,25,14.52076007,512002,0,512002,40297
cstone,d7fddfb4f8d8ada0eb1a65d1a450a66c8cbd794c,direct,octree_leafcount,flyby,4,881,881,0.7469440103,0.2427520007,0.9910079837,1.047189,1,0,5,40609,35533,17,17,8941,25.16252498,14.40919708,512002,0,512002,40609
cstone,d7fddfb4f8d8ada0eb1a65d1a450a66c8cbd794c,direct,octree_leafcount,flyby,4,882,882,0.7907840014,0.2294719964,1.021600008,1.078333,1,0,6,40641,35561,17,17,8938,25.13427631,14.39785158,512002,0,512002,40641
cstone,d7fddfb4f8d8ada0eb1a65d1a450a66c8cbd794c,direct,octree_leafcount,flyby,4,883,883,0.6456959844,0.2001599967,0.8471999764,0.902831,1,0,4,40161,35141,17,17,8732,24.8484676,14.56993256,512002,0,512002,40161
cstone,d7fddfb4f8d8ada0eb1a65d1a450a66c8cbd794c,direct,octree_leafcount,flyby,4,884,884,0.7375040054,0.2272959948,0.9661440253,1.019038,1,0,5,40505,35442,17,17,8923,25.17634445,14.44619378,512002,0,512002,40505
cstone,d7fddfb4f8d8ada0eb1a65d1a450a66c8cbd794c,direct,octree_leafcount,flyby,4,885,885,0.7990080118,0.2380480021,1.03846395,1.096181,1,0,6,40793,35694,17,17,8927,25.00980557,14.34420351,512002,0,512002,40793
cstone,d7fddfb4f8d8ada0eb1a65d1a450a66c8cbd794c,direct,octree_leafcount,flyby,4,886,886,0.6612160206,0.227264002,0.8897920251,0.94942,1,0,4,40281,35246,17,17,8720,24.74039607,14.52652783,512002,0,512002,40281
cstone,d7fddfb4f8d8ada0eb1a65d1a450a66c8cbd794c,direct,octree_leafcount,flyby,4,887,887,0.7482560277,0.2631039917,1.012671947,1.076862,1,0,5,40361,35316,17,17,9020,25.54083135,14.49773474,512002,0,512002,40361
cstone,d7fddfb4f8d8ada0eb1a65d1a450a66c8cbd794c,direct,octree_leafcount,flyby,4,888,888,0.8105919957,0.2590720057,1.071040034,1.132528,1,0,6,40449,35393,17,17,8863,25.04167491,14.46619388,512002,0,512002,40449
cstone,d7fddfb4f8d8ada0eb1a65d1a450a66c8cbd794c,direct,octree_leafcount,flyby,4,889,889,0.6542720199,0.2144960016,0.8700799942,0.930351,1,0,4,40281,35246,17,17,8684,24.63825682,14.52652783,512002,0,512002,40281
cstone,d7fddfb4f8d8ada0eb1a65d1a450a66c8cbd794c,direct,octree_leafcount,flyby,4,890,890,0.7386559844,0.213440001,0.9534080029,1.009391,1,0,5,40265,35232,17,17,9000,25.54495913,14.53230018,512002,0,512002,40265
cstone,d7fddfb4f8d8ada0eb1a65d1a450a66c8cbd794c,direct,octree_leafcount,flyby,4,891,891,0.8171200156,0.2352000028,1.053663969,1.110274,1,0,6,40833,35729,17,17,9007,25.2092138,14.33015198,512002,0,512002,40833
cstone,d7fddfb4f8d8ada0eb1a65d1a450a66c8cbd794c,direct,octree_leafcount,flyby,4,892,892,0.650752008,0.2037760019,0.8558719754,0.911724,1,0,4,40833,35729,17,17,8975,25.1196507,14.33015198,512002,0,512002,40833
cstone,d7fddfb4f8d8ada0eb1a65d1a450a66c8cbd794c,direct,octree_leafcount,flyby,4,893,893,0.7278400064,0.2007039934,0.9299520254,0.98447,1,0,5,40561,35491,17,17,9064,25.53886901,14.42624891,512002,0,512002,40561
cstone,d7fddfb4f8d8ada0eb1a65d1a450a66c8cbd794c,direct,octree_leafcount,flyby,4,894,894,0.8001919985,0.2335679978,1.035104036,1.090583,1,0,6,40593,35519,17,17,8993,25.31884344,14.41487654,512002,0,512002,40593
cstone,d7fddfb4f8d8ada0eb1a65d1a450a66c8cbd794c,direct,octree_leafcount,flyby,4,895,895,0.7396799922,0.2426880002,0.9836800098,1.041157,1,0,5,40649,35568,17,17,8919,25.07591093,14.39501799,512002,0,512002,40649
cstone,d7fddfb4f8d8ada0eb1a65d1a450a66c8cbd794c,direct,octree_leafcount,flyby,4,896,896,0.6589760184,0.2109439969,0.8712000251,0.927948,1,0,4,40297,35260,17,17,8871,25.15882019,14.52076007,512002,0,512002,40297
cstone,d7fddfb4f8d8ada0eb1a65d1a450a66c8cbd794c,direct,octree_leafcount,flyby,4,897,897,0.7976959944,0.2242240012,1.023231983,1.076136,1,0,6,40369,35323,17,17,8849,25.05166605,14.4948617,512002,0,512002,40369
cstone,d7fddfb4f8d8ada0eb1a65d1a450a66c8cbd794c,direct,octree_leafcount,flyby,4,898,898,0.7338879704,0.2303359956,0.965568006,1.019414,1,0,5,40393,35344,17,17,8864,25.07922137,14.48624943,512002,0,512002,40393
cstone,d7fddfb4f8d8ada0eb1a65d1a450a66c8cbd794c,direct,octree_leafcount,flyby,4,899,899,0.6563839912,0.1981119961,0.8558400273,0.908929,1,0,4,40369,35323,17,17,8913,25.23285112,14.4948617,512002,0,512002,40369
cstone,d7fddfb4f8d8ada0eb1a65d1a450a66c8cbd794c,direct,octree_leafcount,flyby,4,900,900,0.7991679907,0.2022079974,1.00268805,1.05841,1,0,6,40121,35106,17,17,8854,25.22075998,14.5844585,512002,0,512002,40121
cstone,d7fddfb4f8d8ada0eb1a65d1a450a66c8cbd794c,direct,octree_leafcount,flyby,4,901,901,0.7304959893,0.2303359956,0.9621760249,1.014326,1,0,5,40385,35337,17,17,8956,25.34453972,14.48911905,512002,0,512002,40385
cstone,d7fddfb4f8d8ada0eb1a65d1a450a66c8cbd794c,direct,octree_leafcount,flyby,4,902,902,0.7297279835,0.2452159971,0.9762880206,1.0351,1,0,5,40641,35561,17,17,8944,25.15114873,14.39785158,512002,0,512002,40641
cstone,d7fddfb4f8d8ada0eb1a65d1a450a66c8cbd794c,direct,octree_leafcount,flyby,4,903,903,0.8111360073,0.2037120014,1.016191959,1.072009,1,0,6,40409,35358,17,17,8764,24.78646982,14.4805136,512002,0,512002,40409
cstone,d7fddfb4f8d8ada0eb1a65d1a450a66c8cbd794c,direct,octree_leafcount,flyby,4,904,904,0.7380160093,0.2427839935,0.9821119905,1.044759,1,0,5,40585,35512,17,17,8940,25.17458887,14.41771795,512002,0,512002,40585
cstone,d7fddfb4f8d8ada0eb1a65d1a450a66c8cbd794c,direct,octree_leafcount,flyby,4,905,905,0.6630399823,0.2374719977,0.9018239975,0.960364,1,0,4,40649,35568,17,17,8827,24.81725146,14.39501799,512002,0,512002,40649
cstone,d7fddfb4f8d8ada0eb1a65d1a450a66c8cbd794c,direct,octree_leafcount,flyby,4,906,906,0.7932479978,0.1909759939,0.985567987,1.037575,1,0,6,40601,35526,17,17,8769,24.68333052,14.41203626,512002,0,512002,40601
cstone,d7fddfb4f8d8ada0eb1a65d1a450a66c8cbd794c,direct,octree_leafcount,flyby,4,907,907,0.7290880084,0.2235839963,0.9540159702,1.009077,1,0,5,40737,35645,17,17,9036,25.34997896,14.36392201,512002,0,512002,40737
cstone,d7fddfb4f8d8ada0eb1a65d1a450a66c8cbd794c,direct,octree_leafcount,flyby,4,908,908,0.6513280272,0.2063360065,0.8589760065,0.915176,1,0,4,40457,35400,17,17,8860,25.02824859,14.46333333,512002,0,512002,40457
cstone,d7fddfb4f8d8ada0eb1a65d1a450a66c8cbd794c,direct,octree_leafcount,flyby,4,909,909,0.8118399978,0.220096007,1.033247948,1.09194,1,0,6,40313,35274,17,17,8807,24.96739808,14.51499688,512002,0,512002,40313
cstone,d7fddfb4f8d8ada0eb1a65d1a450a66c8cbd794c,direct,octree_leafcount,flyby,4,910,910,0.7376000285,0.2416960001,0.9806399941,1.036607,1,0,5,40481,35421,17,17,8982,25.35783857,14.45475848,512002,0,512002,40481
cstone,d7fddfb4f8d8ada0eb1a65d1a450a66c8cbd794c,direct,octree_leafcount,flyby,4,911,911,0.6555200219,0.2125439942,0.8693760037,0.927578,1,0,4,40305,35267,17,17,8830,25.03757053,14.5178779,512002,0,512002,40305
cstone,d7fddfb4f8d8ada0eb1a65d1a450a66c8cbd794c,direct,octree_leafcount,flyby,4,912,912,0.814719975,0.2303359956,1.046399951,1.102403,1,0,6,40521,35456,17,17,8890,25.07333032,14.44048962,512002,0,512002,40521
cstone,d7fddfb4f8d8ada0eb1a65d1a450a66c8cbd794c,direct,octree_leafcount,flyby,4,913,913,0.7410240173,0.1960639954,0.9384319782,0.991699,1,0,5,40465,35407,17,17,8968,25.32832491,14.46047392,512002,0,512002,40465
cstone,d7fddfb4f8d8ada0eb1a65d1a450a66c8cbd794c,direct,octree_leafcount,flyby,4,914,914,0.6529600024,0.2098879963,0.8641600013,0.919977,1,0,4,40369,35323,17,17,8860,25.08280724,14.4948617,512002,0,512002,40369
cstone,d7fddfb4f8d8ada0eb1a65d1a450a66c8cbd794c,direct,octree_leafcount,flyby,4,915,915,0.8168960214,0.2313600034,1.049631953,1.10539,1,0,6,40617,35540,17,17,9018,25.37422622,14.40635903,512002,0,512002,40617
cstone,d7fddfb4f8d8ada0eb1a65d1a450a66c8cbd794c,direct,octree_leafcount,flyby,4,916,916,0.7306240201,0.1991360039,0.9310719967,0.983845,1,0,5,40481,35421,17,17,8966,25.31266763,14.45475848,512002,0,512002,40481
cstone,d7fddfb4f8d8ada0eb1a65d1a450a66c8cbd794c,direct,octree_leafcount,flyby,4,917,917,0.6526719928,0.2153919935,0.8693760037,0.926972,1,0,4,40225,35197,17,17,8783,24.95383129,14.54675114,512002,0,512002,40225
cstone,d7fddfb4f8d8ada0eb1a65d1a450a66c8cbd794c,direct,octree_leafcount,flyby,4,918,918,0.8179200292,0.2511039972,1.070335984,1.130965,1,0,6,40553,35484,17,17,8933,25.17472664,14.4290948,512002,0,512002,40553
cstone,d7fddfb4f8d8ada0eb1a65d1a450a66c8cbd794c,direct,octree_leafcount,flyby,4,919,919,0.7332159877,0.2124480009,0.9470080137,1.002321,1,0,5,40529,35463,17,17,8923,25.16143586,14.43763923,512002,0,512002,40529
cstone,d7fddfb4f8d8ada0eb1a65d1a450a66c8cbd794c,direct,octree_leafcount,flyby,4,920,920,0.6479359865,0.1935040057,0.8427839875,0.896761,1,0,4,40177,35155,17,17,8780,24.97511023,14.56413028,512002,0,512002,40177
cstone,d7fddfb4f8d8ada0eb1a65d1a450a66c8cbd794c,direct,octree_leafcount,flyby,4,921,921,0.8043839931,0.2304960042,1.036224008,1.091684,1,0,6,40401,35351,17,17,8849,25.03182371,14.48338095,512002,0,512002,40401
cstone,d7fddfb4f8d8ada0eb1a65d1a450a66c8cbd794c,direct,octree_leafcount,flyby,4,922,922,0.7441920042,0.2278079987,0.9734079838,1.025592,1,0,5,40897,35785,17,17,9058,25.31228168,14.3077267,512002,0,512002,40897
cstone,d7fddfb4f8d8ada0eb1a65d1a450a66c8cbd794c,direct,octree_leafcount,flyby,4,923,923,0.7378559709,0.2195840031,0.9587519765,1.018957,1,0,5,40337,35295,17,17,8799,24.92987675,14.50636067,512002,0,512002,40337
cstone,d7fddfb4f8d8ada0eb1a65d1a450a66c8cbd794c,direct,octree_leafcount,flyby,4,924,924,0.8010560274,0.2063039988,1.008703947,1.064951,1,0,6,40313,35274,17,17,8964,25.41248512,14.51499688,512002,0,512002,40313
cstone,d7fddfb4f8d8ada0eb1a65d1a450a66c8cbd794c,direct,octree_leafcount,flyby,4,925,925,0.7330240011,0.2144960016,0.9488639832,0.99876,1,0,5,40553,35484,17,17,8960,25.25081727,14.4290948,512002,0,512002,40553
cstone,d7fddfb4f8d8ada0eb1a65d1a450a66c8cbd794c,direct,octree_leafcount,flyby,4,926,926,0.7342720032,0.184799999,0.9203839898,0.970919,1,0,5,40337,35295,17,17,8811,24.9638759,14.50636067,512002,0,512002,40337
cstone,d7fddfb4f8d8ada0eb1a65d1a450a66c8cbd794c,direct,octree_leafcount,flyby,4,927,927,0.8197759986,0.2288320065,1.049919963,1.105337,1,0,6,40561,35491,17,17,8948,25.21202558,14.42624891,512002,0,512002,40561
cstone,d7fddfb4f8d8ada0eb1a65d1a450a66c8cbd794c,direct,octree_leafcount,flyby,4,928,928,0.7605760098,0.2178560048,0.9808319807,1.044728,1,0,5,40521,35456,17,17,8830,24.9041065,14.44048962,512002,0,512002,40521
cstone,d7fddfb4f8d8ada0eb1a65d1a450a66c8cbd794c,direct,octree_leafcount,flyby,4,929,929,0.7434880137,0.2326080054,0.9774079919,1.040242,1,0,5,40177,35155,17,17,8646,24.59394112,14.56413028,512002,0,512002,40177
cstone,d7fddfb4f8d8ada0eb1a65d1a450a66c8cbd794c,direct,octree_leafcount,flyby,4,930,930,0.8119680285,0.2462400049,1.059551954,1.120125,1,0,6,40185,35162,17,17,8821,25.08674137,14.56123087,512002,0,512002,40185
cstone,d7fddfb4f8d8ada0eb1a65d1a450a66c8cbd794c,direct,octree_leafcount,flyby,4,931,931,0.7416639924,0.200128004,0.9431679845,0.99748,1,0,5,40065,35057,17,17,8670,24.73115212,14.60484354,512002,0,512002,40065
cstone,d7fddfb4f8d8ada0eb1a65d1a450a66c8cbd794c,direct,octree_leafcount,flyby,4,932,932,0.7426880002,0.242719993,0.9867519736,1.043309,1,0,5,40177,35155,17,17,8584,24.41757929,14.56413028,512002,0,512002,40177
cstone,d7fddfb4f8d8ada0eb1a65d1a450a66c8cbd794c,direct,octree_leafcount,flyby,4,933,933,0.8101760149,0.2284159958,1.039903998,1.099029,1,0,6,40137,35120,17,17,8767,24.96298405,14.57864465,512002,0,512002,40137
cstone,d7fddfb4f8d8ada0eb1a65d1a450a66c8cbd794c,direct,octree_leafcount,flyby,4,934,934,0.7440320253,0.2078720033,0.9532160163,1.007999,1,0,5,39961,34966,17,17,8731,24.96997083,14.64285306,512002,0,512002,39961
cstone,d7fddfb4f8d8ada0eb1a65d1a450a66c8cbd794c,direct,octree_leafcount,flyby,4,935,935,0.7436800003,0.2352319956,0.9802240133,1.036966,1,0,5,40177,35155,17,17,8705,24.76176931,14.56413028,512002,0,512002,40177
cstone,d7fddfb4f8d8ada0eb1a65d1a450a66c8cbd794c,direct,octree_leafcount,flyby,4,936,936,0.8049920201,0.2448000014,1.051136017,1.1071,1,0,6,40233,35204,17,17,8808,25.0198841,14.54385865,512002,0,512002,40233
cstone,d7fddfb4f8d8ada0eb1a65d1a450a66c8cbd794c,direct,octree_leafcount,flyby,4,937,937,0.7466239929,0.2058240026,0.953791976,1.011276,1,0,5,40089,35078,17,17,8743,24.92445407,14.59610012,512002,0,512002,40089
cstone,d7fddfb4f8d8ada0eb1a65d1a450a66c8cbd794c,direct,octree_leafcount,flyby,4,938,938,1.02086401,0.3297919929,1.351999998,1.42331,1,0,6,40449,35393,17,17,8830,24.94843613,14.46619388,512002,0,512002,40449
cstone,d7fddfb4f8d8ada0eb1a65d1a450a66c8cbd794c,direct,octree_leafcount,flyby,4,939,939,0.7399359941,0.2001599967,0.9414719939,0.998463,1,0,5,40441,35386,17,17,8913,25.18792743,14.46905556,512002,0,512002,40441
cstone,d7fddfb4f8d8ada0eb1a65d1a450a66c8cbd794c,direct,octree_leafcount,flyby,4,940,940,0.7354239821,0.2073280066,0.9440960288,1.001963,1,0,5,40185,35162,17,17,8822,25.08958535,14.56123087,512002,0,512002,40185
cstone,d7fddfb4f8d8ada0eb1a65d1a450a66c8cbd794c,direct,octree_leafcount,flyby,4,941,941,0.8045120239,0.2446720004,1.050528049,1.108058,1,0,6,40561,35491,17,17,8881,25.02324533,14.42624891,512002,0,512002,40561
cstone,d7fddfb4f8d8ada0eb1a65d1a450a66c8cbd794c,direct,octree_leafcount,flyby,4,942,942,0.7274559736,0.2141759992,0.9429759979,1.002678,1,0,5,40553,35484,17,17,8926,25.15499944,14.4290948,512002,0,512002,40553
cstone,d7fddfb4f8d8ada0eb1a65d1a450a66c8cbd794c,direct,octree_leafcount,flyby,4,943,943,0.7364479899,0.2280640006,0.9658560157,1.028125,1,0,5,40353,35309,17,17,8838,25.0304455,14.50060891,512002,0,512002,40353
cstone,d7fddfb4f8d8ada0eb1a65d1a450a66c8cbd794c,direct,octree_leafcount,flyby,4,944,944,0.811168015,0.2262399942,1.03875196,1.097882,1,0,6,40353,35309,17,17,8871,25.12390609,14.50060891,512002,0,512002,40353
cstone,d7fddfb4f8d8ada0eb1a65d1a450a66c8cbd794c,direct,octree_leafcount,flyby,4,945,945,0.7205759883,0.2282879949,0.9501760006,1.009531,1,0,5,40305,35267,17,17,8861,25.1254714,14.5178779,512002,0,512002,40305
cstone,d7fddfb4f8d8ada0eb1a65d1a450a66c8cbd794c,direct,octree_leafcount,flyby,4,946,946,0.744607985,0.2316800058,0.9776319861,1.037641,1,0,5,40105,35092,17,17,8703,24.80052434,14.59027699,512002,0,512002,40105
cstone,d7fddfb4f8d8ada0eb1a65d1a450a66c8cbd794c,direct,octree_leafcount,flyby,4,947,947,0.8063679934,0.2212480009,1.028928041,1.087137,1,0,6,40097,35085,17,17,8751,24.94228303,14.59318797,512002,0,512002,40097
cstone,d7fddfb4f8d8ada0eb1a65d1a450a66c8cbd794c,direct,octree_leafcount,flyby,4,948,948,0.6574720144,0.2471999973,0.9060159922,0.965994,1,0,4,40145,35127,17,17,8702,24.77296666,14.57573946,512002,0,512002,40145
cstone,d7fddfb4f8d8ada0eb1a65d1a450a66c8cbd794c,direct,octree_leafcount,flyby,4,949,949,0.7353280187,0.2114239931,0.9480959773,1.00418,1,0,5,39937,34945,17,17,8607,24.63013307,14.6516526,512002,0,512002,39937
cstone,d7fddfb4f8d8ada0eb1a65d1a450a66c8cbd794c,direct,octree_leafcount,flyby,4,950,950,0.8139839768,0.2445439994,1.059872031,1.118344,1,0,6,40089,35078,17,17,8752,24.95011118,14.59610012,512002,0,512002,40089
cstone,d7fddfb4f8d8ada0eb1a65d1a450a66c8cbd794c,direct,octree_leafcount,flyby,4,951,951,0.663680017,0.2498240024,0.9148480296,0.973128,1,0,4,40169,35148,17,17,8679,24.69272789,14.56703084,512002,0,512002,40169
cstone,d7fddfb4f8d8ada0eb1a65d1a450a66c8cbd794c,direct,octree_leafcount,flyby,4,952,952,0.7417600155,0.2260479927,0.9691200256,1.02916,1,0,5,40017,35015,17,17,8535,24.37526774,14.62236184,512002,0,512002,40017
cstone,d7fddfb4f8d8ada0eb1a65d1a450a66c8cbd794c,direct,octree_leafcount,flyby,4,953,953,0.8078399897,0.2411199957,1.050336003,1.106228,1,0,6,40073,35064,17,17,8793,25.07700205,14.6019279,512002,0,512002,40073
cstone,d7fddfb4f8d8ada0eb1a65d1a450a66c8cbd794c,direct,octree_leafcount,flyby,4,954,954,0.661920011,0.2500160038,0.9132800102,0.972722,1,0,4,40169,35148,17,17,8730,24.83782861,14.56703084,512002,0,512002,40169
cstone,d7fddfb4f8d8ada0eb1a65d1a450a66c8cbd794c,direct,octree_leafcount,flyby,4,955,955,0.7919039726,0.2492160052,1.042655945,1.10748,1,0,5,40017,35015,17,17,8661,24.73511352,14.62236184,512002,0,512002,40017
cstone,d7fddfb4f8d8ada0eb1a65d1a450a66c8cbd794c,direct,octree_leafcount,flyby,4,956,956,0.7974399924,0.2586880028,1.057440042,1.119855,1,0,6,40057,35050,17,17,8781,25.05278174,14.60776034,512002,0,512002,40057
cstone,d7fddfb4f8d8ada0eb1a65d1a450a66c8cbd794c,direct,octree_leafcount,flyby,4,957,957,0.6605759859,0.223744005,0.8856319785,0.946088,1,0,4,39969,34973,17,17,8597,24.58182026,14.63992223,512002,0,512002,39969
cstone,d7fddfb4f8d8ada0eb1a65d1a450a66c8cbd794c,direct,octree_leafcount,flyby,4,958,958,0.746111989,0.2530879974,1.000543952,1.06194,1,0,5,40273,35239,17,17,8707,24.70841965,14.52941343,512002,0,512002,40273
cstone,d7fddfb4f8d8ada0eb1a65d1a450a66c8cbd794c,direct,octree_leafcount,flyby,4,959,959,0.7862399817,0.2190719992,1.006623983,1.066179,1,0,6,40265,35232,17,17,8795,24.96310173,14.53230018,512002,0,512002,40265
cstone,d7fddfb4f8d8ada0eb1a65d1a450a66c8cbd794c,direct,octree_leafcount,flyby,4,960,960,0.656768024,0.2260800004,0.8841919899,0.945232,1,0,4,39793,34819,17,17,8567,24.60438266,14.70467274,512002,0,512002,39793
cstone,d7fddfb4f8d8ada0eb1a65d1a450a66c8cbd794c,direct,octree_leafcount,flyby,4,961,961,0.754783988,0.2479680032,1.004096031,1.064211,1,0,5,40369,35323,17,17,8864,25.0941313,14.4948617,512002,0,512002,40369
cstone,d7fddfb4f8d8ada0eb1a65d1a450a66c8cbd794c,direct,octree_leafcount,flyby,4,962,962,0.7947520018,0.2216639966,1.017727971,1.073309,1,0,6,40489,35428,17,17,8921,25.18064807,14.45190245,512002,0,512002,40489
cstone,d7fddfb4f8d8ada0eb1a65d1a450a66c8cbd794c,direct,octree_leafcount,flyby,4,963,963,0.6504639983,0.200639993,0.8526399732,0.908431,1,0,4,40113,35099,17,17,8791,25.04629762,14.58736716,512002,0,512002,40113
cstone,d7fddfb4f8d8ada0eb1a65d1a450a66c8cbd794c,direct,octree_leafcount,flyby,4,964,964,0.7466880083,0.2323839962,0.9803839922,1.034833,1,0,5,40313,35274,17,17,8851,25.09213585,14.51499688,512002,0,512002,40313
cstone,d7fddfb4f8d8ada0eb1a65d1a450a66c8cbd794c,direct,octree_leafcount,flyby,4,965,965,0.8033279777,0.2063039988,1.010944009,1.066528,1,0,6,40273,35239,17,17,8860,25.14259769,14.52941343,512002,0,512002,40273
cstone,d7fddfb4f8d8ada0eb1a65d1a450a66c8cbd794c,direct,octree_leafcount,flyby,4,966,966,0.6510720253,0.1985280067,0.8509439826,0.905183,1,0,4,39913,34924,17,17,8731,25,14.66046272,512002,0,512002,39913
cstone,d7fddfb4f8d8ada0eb1a65d1a450a66c8cbd794c,direct,octree_leafcount,flyby,4,967,967,0.7454079986,0.2411839962,0.9879360199,1.047026,1,0,5,40065,35057,17,17,8811,25.13335425,14.60484354,512002,0,512002,40065
cstone,d7fddfb4f8d8ada0eb1a65d1a450a66c8cbd794c,direct,octree_leafcount,flyby,4,968,968,0.8164799809,0.2462719977,1.064192057,1.121445,1,0,6,40321,35281,17,17,8953,25.37626485,14.512117,512002,0,512002,40321
cstone,d7fddfb4f8d8ada0eb1a65d1a450a66c8cbd794c,direct,octree_leafcount,flyby,4,969,969,0.6532160044,0.2129600048,0.8677759767,0.924899,1,0,4,39913,34924,17,17,8780,25.14030466,14.66046272,512002,0,512002,39913
cstone,d7fddfb4f8d8ada0eb1a65d1a450a66c8cbd794c,direct,octree_leafcount,flyby,4,970,970,0.7489920259,0.2298559994,0.9801920056,1.03377,1,0,5,40225,35197,17,17,8938,25.39420973,14.54675114,512002,0,512002,40225
cstone,d7fddfb4f8d8ada0eb1a65d1a450a66c8cbd794c,direct,octree_leafcount,flyby,4,971,971,0.8117439747,0.2295040041,1.042559981,1.096951,1,0,6,40569,35498,17,17,8928,25.15071272,14.42340414,512002,0,512002,40569
cstone,d7fddfb4f8d8ada0eb1a65d1a450a66c8cbd794c,direct,octree_leafcount,flyby,4,972,972,0.6470720172,0.1966720074,0.8450880051,0.89871,1,0,4,40209,35183,17,17,8765,24.91259984,14.55253958,512002,0,512002,40209
cstone,d7fddfb4f8d8ada0eb1a65d1a450a66c8cbd794c,direct,octree_leafcount,flyby,4,973,973,0.750880003,0.2160319984,0.968223989,1.02577,1,0,5,40209,35183,17,17,8857,25.17408976,14.55253958,512002,0,512002,40209
cstone,d7fddfb4f8d8ada0eb1a65d1a450a66c8cbd794c,direct,octree_leafcount,flyby,4,974,974,0.8166720271,0.2313600034,1.049343944,1.104362,1,0,6,40313,35274,17,17,8844,25.07229121,14.51499688,512002,0,512002,40313
cstone,d7fddfb4f8d8ada0eb1a65d1a450a66c8cbd794c,direct,octree_leafcount,flyby,4,975,975,0.6587839723,0.2094080001,0.8695359826,0.926676,1,0,4,40057,35050,17,17,8643,24.65905849,14.60776034,512002,0,512002,40057
cstone,d7fddfb4f8d8ada0eb1a65d1a450a66c8cbd794c,direct,octree_leafcount,flyby,4,976,976,0.7417600155,0.2360000014,0.9790719748,1.037645,1,0,5,40105,35092,17,17,8776,25.00854896,14.59027699,512002,0,512002,40105
cstone,d7fddfb4f8d8ada0eb1a65d1a450a66c8cbd794c,direct,octree_leafcount,flyby,4,977,977,0.8034240007,0.2360000014,1.04073596,1.097522,1,0,6,40529,35463,17,17,8766,24.71872092,14.43763923,512002,0,512002,40529
cstone,d7fddfb4f8d8ada0eb1a65d1a450a66c8cbd794c,direct,octree_leafcount,flyby,4,978,978,0.6575679779,0.2261759937,0.8850880265,0.945766,1,0,4,39841,34861,17,17,8568,24.57760822,14.68695677,512002,0,512002,39841
cstone,d7fddfb4f8d8ada0eb1a65d1a450a66c8cbd794c,direct,octree_leafcount,flyby,4,979,979,0.7465280294,0.2093760073,0.9572479725,1.018426,1,0,5,39593,34644,17,17,8705,25.12700612,14.77895162,512002,0,512002,39593
cstone,d7fddfb4f8d8ada0eb1a65d1a450a66c8cbd794c,direct,octree_leafcount,flyby,4,980,980,0.8016639948,0.2360000014,1.039008021,1.096461,1,0,6,39961,34966,17,17,8695,24.86701367,14.64285306,512002,0,512002,39961
cstone,d7fddfb4f8d8ada0eb1a65d1a450a66c8cbd794c,direct,octree_leafcount,flyby,4,981,981,0.6569600105,0.1974399984,0.8558400273,0.909988,1,0,4,39921,34931,17,17,8525,24.40525608,14.65752483,512002,0,512002,39921
cstone,d7fddfb4f8d8ada0eb1a65d1a450a66c8cbd794c,direct,octree_leafcount,flyby,4,982,982,0.7505919933,0.2483199984,1.000223994,1.059297,1,0,5,39929,34938,17,17,8714,24.94132463,14.65458813,512002,0,512002,39929
cstone,d7fddfb4f8d8ada0eb1a65d1a450a66c8cbd794c,direct,octree_leafcount,flyby,4,983,983,0.8030400276,0.254911989,1.059263945,1.121265,1,0,6,39985,34987,17,17,8579,24.5205362,14.63406408,512002,0,512002,39985
cstone,d7fddfb4f8d8ada0eb1a65d1a450a66c8cbd794c,direct,octree_leafcount,flyby,4,984,984,0.6637120247,0.2498880029,0.9149439931,0.973288,1,0,4,40225,35197,17,17,8608,24.45662983,14.54675114,512002,0,512002,40225
cstone,d7fddfb4f8d8ada0eb1a65d1a450a66c8cbd794c,direct,octree_leafcount,flyby,4,985,985,0.7546240091,0.2166080028,0.9725440145,1.031095,1,0,5,39985,34987,17,17,8781,25.0978935,14.63406408,512002,0,512002,39985
cstone,d7fddfb4f8d8ada0eb1a65d1a450a66c8cbd794c,direct,octree_leafcount,flyby,4,986,986,0.8283519745,0.2595199943,1.089184046,1.148883,1,0,6,40361,35316,17,17,8658,24.5158002,14.49773474,512002,0,512002,40361
cstone,d7fddfb4f8d8ada0eb1a65d1a450a66c8cbd794c,direct,octree_leafcount,flyby,4,987,987,0.6619840264,0.2239679992,0.887296021,0.945238,1,0,4,40329,35288,17,17,8577,24.30571299,14.50923827,512002,0,512002,40329
cstone,d7fddfb4f8d8ada0eb1a65d1a450a66c8cbd794c,direct,octree_leafcount,flyby,4,988,988,0.74822402,0.228768006,0.9783040285,1.038016,1,0,5,40273,35239,17,17,8801,24.97516956,14.52941343,512002,0,512002,40273
cstone,d7fddfb4f8d8ada0eb1a65d1a450a66c8cbd794c,direct,octree_leafcount,flyby,4,989,989,0.8062400222,0.220607996,1.028192043,1.086712,1,0,6,40153,35134,17,17,8720,24.81926339,14.57283543,512002,0,512002,40153
cstone,d7fddfb4f8d8ada0eb1a65d1a450a66c8cbd794c,direct,octree_leafcount,flyby,4,990,990,0.6639999747,0.247743994,0.913056016,0.96993,1,0,4,40249,35218,17,17,8605,24.43352831,14.53807712,512002,0,512002,40249
cstone,d7fddfb4f8d8ada0eb1a65d1a450a66c8cbd794c,direct,octree_leafcount,flyby,4,991,991,0.746111989,0.2191040069,0.9665279984,1.025965,1,0,5,40065,35057,17,17,8808,25.12479676,14.60484354,512002,0,512002,40065
cstone,d7fddfb4f8d8ada0eb1a65d1a450a66c8cbd794c,direct,octree_leafcount,flyby,4,992,992,0.8068159819,0.2441920042,1.052351952,1.110493,1,0,6,40193,35169,17,17,8668,24.64670591,14.55833262,512002,0,512002,40193
cstone,d7fddfb4f8d8ada0eb1a65d1a450a66c8cbd794c,direct,octree_leafcount,flyby,4,993,993,0.7470080256,0.255264014,1.003615975,1.066716,1,0,5,40329,35288,17,17,8700,24.65427341,14.50923827,512002,0,512002,40329
cstone,d7fddfb4f8d8ada0eb1a65d1a450a66c8cbd794c,direct,octree_leafcount,flyby,4,994,994,0.7319039702,0.2329279929,0.9661759734,1.025354,1,0,5,39921,34931,17,17,8785,25.1495806,14.65752483,512002,0,512002,39921
cstone,d7fddfb4f8d8ada0eb1a65d1a450a66c8cbd794c,direct,octree_leafcount,flyby,4,995,995,0.819231987,0.2559039891,1.076671958,1.137647,1,0,6,39993,34994,17,17,8703,24.86997771,14.63113677,512002,0,512002,39993
cstone,d7fddfb4f8d8ada0eb1a65d1a450a66c8cbd794c,direct,octree_leafcount,flyby,4,996,996,0.7584639788,0.2812480032,1.04102397,1.109086,1,0,5,40265,35232,17,17,8693,24.67359219,14.53230018,512002,0,512002,40265
cstone,d7fddfb4f8d8ada0eb1a65d1a450a66c8cbd794c,direct,octree_leafcount,flyby,4,997,997,0.658912003,0.2231680006,0.8835520148,0.941795,1,0,4,39849,34868,17,17,8654,24.81931857,14.68400826,512002,0,512002,39849
cstone,d7fddfb4f8d8ada0eb1a65d1a450a66c8cbd794c,direct,octree_leafcount,flyby,4,998,998,0.7994560003,0.2479999959,1.048799992,1.107951,1,0,6,40017,35015,17,17,8614,24.60088533,14.62236184,512002,0,512002,40017
cstone,d7fddfb4f8d8ada0eb1a65d1a450a66c8cbd794c,direct,octree_leafcount,flyby,4,999,999,0.7516480088,0.2465279996,0.9995200038,1.059431,1,0,5,40337,35295,17,17,8625,24.43688908,14.50636067,512002,0,512002,40337
cstone,d7fddfb4f8d8ada0eb1a65d1a450a66c8cbd794c,direct,octree_leafcount,flyby,4,1000,1000,0.6583999991,0.2131520063,0.8728640079,0.928562,1,0,4,40081,35071,17,17,8594,24.50457643,14.59901343,512002,0,512002,40081
cstone,d7fddfb4f8d8ada0eb1a65d1a450a66c8cbd794c,direct,octree_leafcount,flyby,4,1001,1001,0.8056319952,0.2124480009,1.019392014,1.077408,1,0,6,39833,34854,17,17,8468,24.29563321,14.68990647,512002,0,512002,39833
cstone,d7fddfb4f8d8ada0eb1a65d1a450a66c8cbd794c,direct,octree_leafcount,flyby,4,1002,1002,0.7391359806,0.2349759936,0.9754559994,1.031639,1,0,5,40025,35022,17,17,8612,24.59025755,14.61943921,512002,0,512002,40025
cstone,d7fddfb4f8d8ada0eb1a65d1a450a66c8cbd794c,direct,octree_leafcount,flyby,4,1003,1003,0.6657599807,0.2477760017,0.9148799777,0.972822,1,0,4,40065,35057,17,17,8676,24.74826711,14.60484354,512002,0,512002,40065
cstone,d7fddfb4f8d8ada0eb1a65d1a450a66c8cbd794c,direct,octree_leafcount,flyby,4,1004,1004,0.8121600151,0.2254720032,1.039039969,1.097934,1,0,6,39969,34973,17,17,8604,24.6018357,14.63992223,512002,0,512002,39969
cstone,d7fddfb4f8d8ada0eb1a65d1a450a66c8cbd794c,direct,octree_leafcount,flyby,4,1005,1005,0.7465919852,0.2504000068,0.9983360171,1.059005,1,0,5,40337,35295,17,17,8734,24.74571469,14.50636067,512002,0,512002,40337
cstone,d7fddfb4f8d8ada0eb1a65d1a450a66c8cbd794c,direct,octree_leafcount,flyby,4,1006,1006,0.6468160152,0.2043199986,0.8524479866,0.910736,1,0,4,40121,35106,17,17,8701,24.78493705,14.5844585,512002,0,512002,40121
cstone,d7fddfb4f8d8ada0eb1a65d1a450a66c8cbd794c,direct,octree_leafcount,flyby,4,1007,1007,0.7959039807,0.2108799964,1.008128047,1.067311,1,0,6,40097,35085,17,17,8627,24.58885564,14.59318797,512002,0,512002,40097
cstone,d7fddfb4f8d8ada0eb1a65d1a450a66c8cbd794c,direct,octree_leafcount,flyby,4,1008,1008,0.758047998,0.2489279956,1.008319974,1.0671,1,0,5,40489,35428,17,17,8743,24.67822062,14.45190245,512002,0,512002,40489
cstone,d7fddfb4f8d8ada0eb1a65d1a450a66c8cbd794c,direct,octree_leafcount,flyby,4,1009,1009,0.6597440243,0.2170239985,0.8781120181,0.938507,1,0,4,40177,35155,17,17,8728,24.82719386,14.56413028,512002,0,512002,40177
cstone,d7fddfb4f8d8ada0eb1a65d1a450a66c8cbd794c,direct,octree_leafcount,flyby,4,1010,1010,0.8071359992,0.2117760032,1.020223975,1.079095,1,0,6,39977,34980,17,17,8596,24.57404231,14.63699257,512002,0,512002,39977
cstone,d7fddfb4f8d8ada0eb1a65d1a450a66c8cbd794c,direct,octree_leafcount,flyby,4,1011,1011,0.7423999906,0.2298559994,0.9735999703,1.030325,1,0,5,40385,35337,17,17,8749,24.75875145,14.48911905,512002,0,512002,40385
cstone,d7fddfb4f8d8ada0eb1a65d1a450a66c8cbd794c,direct,octree_leafcount,flyby,4,1012,1012,0.651647985,0.2441920042,0.9010879993,0.959796,1,0,4,40545,35477,17,17,8741,24.63849818,14.43194182,512002,0,512002,40545
cstone,d7fddfb4f8d8ada0eb1a65d1a450a66c8cbd794c,direct,octree_leafcount,flyby,4,1013,1013,0.7896000147,0.2210559994,1.011999965,1.070871,1,0,6,39985,34987,17,17,8599,24.57770029,14.63406408,512002,0,512002,39985
cstone,d7fddfb4f8d8ada0eb1a65d1a450a66c8cbd794c,direct,octree_leafcount,flyby,4,1014,1014,0.7540479898,0.2395199984,0.9949120283,1.052857,1,0,5,40201,35176,17,17,8821,25.07675688,14.55543552,512002,0,512002,40201
cstone,d7fddfb4f8d8ada0eb1a65d1a450a66c8cbd794c,direct,octree_leafcount,flyby,4,1015,1015,0.646592021,0.1975679994,0.8454719782,0.898082,1,0,4,40049,35043,17,17,8767,25.01783523,14.61067831,512002,0,512002,40049
cstone,d7fddfb4f8d8ada0eb1a65d1a450a66c8cbd794c,direct,octree_leafcount,flyby,4,1016,1016,0.8112639785,0.2377920002,1.050400019,1.106688,1,0,6,40121,35106,17,17,8654,24.6510568,14.5844585,512002,0,512002,40121
cstone,d7fddfb4f8d8ada0eb1a65d1a450a66c8cbd794c,direct,octree_leafcount,flyby,4,1017,1017,0.7371839881,0.2042559981,0.9428160191,1.001179,1,0,5,39889,34903,17,17,8716,24.97206544,14.66928344,512002,0,512002,39889
cstone,d7fddfb4f8d8ada0eb1a65d1a450a66c8cbd794c,direct,octree_leafcount,flyby,4,1018,1018,0.6599360108,0.2317759991,0.8930559754,0.948454,1,0,4,39985,34987,17,17,8660,24.75205076,14.63406408,512002,0,512002,39985
cstone,d7fddfb4f8d8ada0eb1a65d1a450a66c8cbd794c,direct,octree_leafcount,flyby,4,1019,1019,0.8090239763,0.2471999973,1.057567954,1.116648,1,0,6,40001,35001,17,17,8630,24.65643839,14.62821062,512002,0,512002,40001
cstone,d7fddfb4f8d8ada0eb1a65d1a450a66c8cbd794c,direct,octree_leafcount,flyby,4,1020,1020,0.7490879893,0.2343360037,0.9847360253,1.041455,1,0,5,40225,35197,17,17,8736,24.82029718,14.54675114,512002,0,512002,40225
cstone,d7fddfb4f8d8ada0eb1a65d1a450a66c8cbd794c,direct,octree_leafcount,flyby,4,1021,1021,0.6633920074,0.2421440035,0.9069120288,0.961871,1,0,4,40257,35225,17,17,8652,24.56210078,14.53518808,512002,0,512002,40257
cstone,d7fddfb4f8d8ada0eb1a65d1a450a66c8cbd794c,direct,octree_leafcount,flyby,4,1022,1022,0.8009600043,0.2093439996,1.011648059,1.068348,1,0,6,40065,35057,17,17,8474,24.17206264,14.60484354,512002,0,512002,40065
cstone,d7fddfb4f8d8ada0eb1a65d1a450a66c8cbd794c,direct,octree_leafcount,flyby,4,1023,1023,0.746111989,0.2415360063,0.9889919758,1.045931,1,0,5,40177,35155,17,17,8741,24.86417295,14.56413028,512002,0,512002,40177
cstone,d7fddfb4f8d8ada0eb1a65d1a450a66c8cbd794c,direct,octree_leafcount,flyby,4,1024,1024,0.660416007,0.251008004,0.9127680063,0.972283,1,0,4,40201,35176,17,17,8541,24.28075961,14.55543552,512002,0,512002,40201
cstone,d7fddfb4f8d8ada0eb1a65d1a450a66c8cbd794c,direct,octree_leafcount,flyby,4,1025,1025,0.7834240198,0.1924799979,0.9774399996,1.02965,1,0,6,40153,35134,17,17,8515,24.235783,14.57283543,512002,0,512002,40153
cstone,d7fddfb4f8d8ada0eb1a65d1a450a66c8cbd794c,direct,octree_leafcount,flyby,4,1026,1026,0.7272959948,0.2073280066,0.9359359741,0.983612,1,0,5,40169,35148,17,17,8750,24.89473085,14.56703084,512002,0,512002,40169
cstone,d7fddfb4f8d8ada0eb1a65d1a450a66c8cbd794c,direct,octree_leafcount,flyby,4,1027,1027,0.6500160098,0.198367998,0.8497279882,0.897888,1,0,4,40257,35225,17,17,8594,24.397445,14.53518808,512002,0,512002,40257
cstone,d7fddfb4f8d8ada0eb1a65d1a450a66c8cbd794c,direct,octree_leafcount,flyby,4,1028,1028,0.7880319953,0.1975679994,0.9869760275,1.031786,1,0,6,40265,35232,17,17,8584,24.36421435,14.53230018,512002,0,512002,40265
cstone,d7fddfb4f8d8ada0eb1a65d1a450a66c8cbd794c,direct,octree_leafcount,flyby,4,1029,1029,0.7182719707,0.193471998,0.913056016,0.957636,1,0,5,40329,35288,17,17,8802,24.94332351,14.50923827,512002,0,512002,40329
cstone,d7fddfb4f8d8ada0eb1a65d1a450a66c8cbd794c,direct,octree_leafcount,flyby,4,1030,1030,0.6341760159,0.1632959992,0.7988160253,0.842128,1,0,4,40241,35211,17,17,8699,24.70534776,14.54096731,512002,0,512002,40241
cstone,d7fddfb4f8d8ada0eb1a65d1a450a66c8cbd794c,direct,octree_leafcount,flyby,4,1031,1031,0.7928959727,0.2001920044,0.9944000244,1.039252,1,0,6,40273,35239,17,17,8615,24.44734527,14.52941343,512002,0,512002,40273
cstone,d7fddfb4f8d8ada0eb1a65d1a450a66c8cbd794c,direct,octree_leafcount,flyby,4,1032,1032,0.7231040001,0.1668480039,0.8912640214,0.934837,1,0,5,40113,35099,17,17,8823,25.1374683,14.58736716,512002,0,512002,40113
cstone,d7fddfb4f8d8ada0eb1a65d1a450a66c8cbd794c,direct,octree_leafcount,flyby,4,1033,1033,0.6294720173,0.157792002,0.7886080146,0.830111,1,0,4,39961,34966,17,17,8588,24.56100212,14.64285306,512002,0,512002,39961
cstone,d7fddfb4f8d8ada0eb1a65d1a450a66c8cbd794c,direct,octree_leafcount,flyby,4,1034,1034,0.795328021,0.1924480051,0.9891840219,1.031534,1,0,6,40073,35064,17,17,8606,24.54369154,14.6019279,512002,0,512002,40073
cstone,d7fddfb4f8d8ada0eb1a65d1a450a66c8cbd794c,direct,octree_leafcount,flyby,4,1035,1035,0.735935986,0.2206400037,0.9578880072,1.010114,1,0,5,40153,35134,17,17,8790,25.0185006,14.57283543,512002,0,512002,40153
cstone,d7fddfb4f8d8ada0eb1a65d1a450a66c8cbd794c,direct,octree_leafcount,flyby,4,1036,1036,0.6524159908,0.2057919949,0.8595839739,0.913388,1,0,4,40081,35071,17,17,8614,24.5616036,14.59901343,512002,0,512002,40081
cstone,d7fddfb4f8d8ada0eb1a65d1a450a66c8cbd794c,direct,octree_leafcount,flyby,4,1037,1037,0.8098559976,0.2626239955,1.07407999,1.136143,1,0,6,40273,35239,17,17,8630,24.48991175,14.52941343,512002,0,512002,40273
cstone,d7fddfb4f8d8ada0eb1a65d1a450a66c8cbd794c,direct,octree_leafcount,flyby,4,1038,1038,0.7516160011,0.2304639965,0.9834240079,1.046243,1,0,5,40041,35036,17,17,8747,24.96574951,14.61359744,512002,0,512002,40041
cstone,d7fddfb4f8d8ada0eb1a65d1a450a66c8cbd794c,direct,octree_leafcount,flyby,4,1039,1039,0.6558719873,0.2315839976,0.888800025,0.950455,1,0,4,39937,34945,17,17,8593,24.59007011,14.6516526,512002,0,512002,39937
cstone,d7fddfb4f8d8ada0eb1a65d1a450a66c8cbd794c,direct,octree_leafcount,flyby,4,1040,1040,0.8067520261,0.2462400049,1.054335952,1.110849,1,0,6,40057,35050,17,17,8600,24.5363766,14.60776034,512002,0,512002,40057
cstone,d7fddfb4f8d8ada0eb1a65d1a450a66c8cbd794c,direct,octree_leafcount,flyby,4,1041,1041,0.7429119945,0.242719993,0.9869760275,1.047086,1,0,5,40129,35113,17,17,8695,24.76290832,14.58155099,512002,0,512002,40129
cstone,d7fddfb4f8d8ada0eb1a65d1a450a66c8cbd794c,direct,octree_leafcount,flyby,4,1042,1042,0.6645439863,0.2190719992,0.8849279881,0.943667,1,0,4,40113,35099,17,17,8585,24.45938631,14.58736716,512002,0,512002,40113
cstone,d7fddfb4f8d8ada0eb1a65d1a450a66c8cbd794c,direct,octree_leafcount,flyby,4,1043,1043,0.8102399707,0.2357120067,1.047296047,1.105988,1,0,6,40529,35463,17,17,8760,24.70180188,14.43763923,512002,0,512002,40529
cstone,d7fddfb4f8d8ada0eb1a65d1a450a66c8cbd794c,direct,octree_leafcount,flyby,4,1044,1044,0.7520639896,0.2077440023,0.9611520171,1.01683,1,0,5,40449,35393,17,17,8880,25.089707,14.46619388,512002,0,512002,40449
cstone,d7fddfb4f8d8ada0eb1a65d1a450a66c8cbd794c,direct,octree_leafcount,flyby,4,1045,1045,0.6401600242,0.1909440011,0.8324480057,0.884316,1,0,4,40217,35190,17,17,8766,24.91048593,14.54964479,512002,0,512002,40217
cstone,d7fddfb4f8d8ada0eb1a65d1a450a66c8cbd794c,direct,octree_leafcount,flyby,4,1046,1046,0.8160960078,0.2246720046,1.042143941,1.095811,1,0,6,40625,35547,17,17,8806,24.77283596,14.4035221,512002,0,512002,40625
cstone,d7fddfb4f8d8ada0eb1a65d1a450a66c8cbd794c,direct,octree_leafcount,flyby,4,1047,1047,0.7366080284,0.1929920018,0.9309120178,0.983237,1,0,5,40457,35400,17,17,8928,25.22033898,14.46333333,512002,0,512002,40457
cstone,d7fddfb4f8d8ada0eb1a65d1a450a66c8cbd794c,direct,octree_leafcount,flyby,4,1048,1048,0.6415359974,0.198624,0.8414720297,0.896263,1,0,4,40305,35267,17,17,8736,24.77103241,14.5178779,512002,0,512002,40305
cstone,d7fddfb4f8d8ada0eb1a65d1a450a66c8cbd794c,direct,octree_leafcount,flyby,4,1049,1049,0.7947840095,0.2206400037,1.016736031,1.070983,1,0,6,40489,35428,17,17,8807,24.85886869,14.45190245,512002,0,512002,40489
cstone,d7fddfb4f8d8ada0eb1a65d1a450a66c8cbd794c,direct,octree_leafcount,flyby,4,1050,1050,0.7376319766,0.2019840032,0.9409279823,0.996708,1,0,5,40225,35197,17,17,8859,25.16975879,14.54675114,512002,0,512002,40225
cstone,d7fddfb4f8d8ada0eb1a65d1a450a66c8cbd794c,direct,octree_leafcount,flyby,4,1051,1051,0.71459198,0.2063039988,0.9222400188,0.977724,1,0,5,40201,35176,17,17,8638,24.55651581,14.55543552,512002,0,512002,40201
cstone,d7fddfb4f8d8ada0eb1a65d1a450a66c8cbd794c,direct,octree_leafcount,flyby,4,1052,1052,0.8034240007,0.2134719938,1.018208027,1.068671,1,0,6,40497,35435,17,17,8710,24.5802173,14.44904755,512002,0,512002,40497
cstone,d7fddfb4f8d8ada0eb1a65d1a450a66c8cbd794c,direct,octree_leafcount,flyby,4,1053,1053,0.7369599938,0.2120320052,0.9503039718,1.006842,1,0,5,40193,35169,17,17,8784,24.97654184,14.55833262,512002,0,512002,40193
cstone,d7fddfb4f8d8ada0eb1a65d1a450a66c8cbd794c,direct,octree_leafcount,flyby,4,1054,1054,0.6489599943,0.206783995,0.8570560217,0.911252,1,0,4,40097,35085,17,17,8701,24.79977198,14.59318797,512002,0,512002,40097
cstone,d7fddfb4f8d8ada0eb1a65d1a450a66c8cbd794c,direct,octree_leafcount,flyby,4,1055,1055,0.8038079739,0.1967680007,1.001919985,1.055061,1,0,6,40073,35064,17,17,8676,24.74332649,14.6019279,512002,0,512002,40073
cstone,d7fddfb4f8d8ada0eb1a65d1a450a66c8cbd794c,direct,octree_leafcount,flyby,4,1056,1056,0.7530559897,0.2206400037,0.9750080109,1.033695,1,0,5,39913,34924,17,17,8761,25.08590081,14.66046272,512002,0,512002,39913
cstone,d7fddfb4f8d8ada0eb1a65d1a450a66c8cbd794c,direct,octree_leafcount,flyby,4,1057,1057,0.6618880033,0.2431679964,0.9063680172,0.966074,1,0,4,39961,34966,17,17,8554,24.4637648,14.64285306,512002,0,512002,39961
cstone,d7fddfb4f8d8ada0eb1a65d1a450a66c8cbd794c,direct,octree_leafcount,flyby,4,1058,1058,0.828256011,0.2614400089,1.091040015,1.153701,1,0,6,40377,35330,17,17,8721,24.68440419,14.49198981,512002,0,512002,40377
cstone,d7fddfb4f8d8ada0eb1a65d1a450a66c8cbd794c,direct,octree_leafcount,flyby,4,1059,1059,0.7412160039,0.2068800032,0.9494400024,1.005115,1,0,5,40217,35190,17,17,8872,25.21170787,14.54964479,512002,0,512002,40217
cstone,d7fddfb4f8d8ada0eb1a65d1a450a66c8cbd794c,direct,octree_leafcount,flyby,4,1060,1060,0.6540480256,0.2013439983,0.8567360044,0.911565,1,0,4,39921,34931,17,17,8621,24.68008359,14.65752483,512002,0,512002,39921
cstone,d7fddfb4f8d8ada0eb1a65d1a450a66c8cbd794c,direct,octree_leafcount,flyby,4,1061,1061,0.8201280236,0.2288320065,1.050304055,1.106773,1,0,6,40169,35148,17,17,8627,24.54478206,14.56703084,512002,0,512002,40169
cstone,d7fddfb4f8d8ada0eb1a65d1a450a66c8cbd794c,direct,octree_leafcount,flyby,4,1062,1062,0.7451199889,0.2397119999,0.9861440063,1.044176,1,0,5,40225,35197,17,17,8796,24.99076626,14.54675114,512002,0,512002,40225
cstone,d7fddfb4f8d8ada0eb1a65d1a450a66c8cbd794c,direct,octree_leafcount,flyby,4,1063,1063,0.6674879789,0.206272006,0.8750720024,0.930533,1,0,4,40225,35197,17,17,8672,24.63846351,14.54675114,512002,0,512002,40225
cstone,d7fddfb4f8d8ada0eb1a65d1a450a66c8cbd794c,direct,octree_leafcount,flyby,4,1064,1064,0.8061439991,0.2149759978,1.022464037,1.075047,1,0,6,40537,35470,17,17,8765,24.7110234,14.43478996,512002,0,512002,40537
cstone,d7fddfb4f8d8ada0eb1a65d1a450a66c8cbd794c,direct,octree_leafcount,flyby,4,1065,1065,0.726624012,0.1796800047,0.9076480269,0.956529,1,0,5,40361,35316,17,17,8806,24.93487371,14.49773474,512002,0,512002,40361
cstone,d7fddfb4f8d8ada0eb1a65d1a450a66c8cbd794c,direct,octree_leafcount,flyby,4,1066,1066,0.657407999,0.2122559994,0.8710399866,0.929333,1,0,4,40073,35064,17,17,8620,24.58361853,14.6019279,512002,0,512002,40073
cstone,d7fddfb4f8d8ada0eb1a65d1a450a66c8cbd794c,direct,octree_leafcount,flyby,4,1067,1067,0.8146240115,0.2267840058,1.042752028,1.098061,1,0,6,40257,35225,17,17,8739,24.80908446,14.53518808,512002,0,512002,40257
cstone,d7fddfb4f8d8ada0eb1a65d1a450a66c8cbd794c,direct,octree_leafcount,flyby,4,1068,1068,0.7368959785,0.2165440023,0.9547839761,1.009534,1,0,5,40337,35295,17,17,8807,24.95254285,14.50636067,512002,0,512002,40337
cstone,d7fddfb4f8d8ada0eb1a65d1a450a66c8cbd794c,direct,octree_leafcount,flyby,4,1069,1069,0.6497280002,0.1940159947,0.8450559974,0.897955,1,0,4,40081,35071,17,17,8587,24.48461692,14.59901343,512002,0,512002,40081
cstone,d7fddfb4f8d8ada0eb1a65d1a450a66c8cbd794c,direct,octree_leafcount,flyby,4,1070,1070,0.8077120185,0.2124480009,1.021504045,1.075402,1,0,6,40321,35281,17,17,8621,24.43524843,14.512117,512002,0,512002,40321
cstone,d7fddfb4f8d8ada0eb1a65d1a450a66c8cbd794c,direct,octree_leafcount,flyby,4,1071,1071,0.7348799706,0.1991360039,0.9353600144,0.988156,1,0,5,39945,34952,17,17,8722,24.95422293,14.64871824,512002,0,512002,39945
cstone,d7fddfb4f8d8ada0eb1a65d1a450a66c8cbd794c,direct,octree_leafcount,flyby,4,1072,1072,0.6684160233,0.232160002,0.9019200206,0.963646,1,0,4,39921,34931,17,17,8480,24.27643068,14.65752483,512002,0,512002,39921
cstone,d7fddfb4f8d8ada0eb1a65d1a450a66c8cbd794c,direct,octree_leafcount,flyby,4,1073,1073,0.8136960268,0.2461439967,1.061247945,1.120003,1,0,6,40441,35386,17,17,8610,24.33165659,14.46905556,512002,0,512002,40441
cstone,d7fddfb4f8d8ada0eb1a65d1a450a66c8cbd794c,direct,octree_leafcount,flyby,4,1074,1074,0.7312960029,0.2042559981,0.9369279742,0.993042,1,0,5,40369,35323,17,17,8684,24.58454831,14.4948617,512002,0,512002,40369
cstone,d7fddfb4f8d8ada0eb1a65d1a450a66c8cbd794c,direct,octree_leafcount,flyby,4,1075,1075,0.6576319933,0.2322559953,0.8912320137,0.952174,1,0,4,39993,34994,17,17,8472,24.20986455,14.63113677,512002,0,512002,39993
cstone,d7fddfb4f8d8ada0eb1a65d1a450a66c8cbd794c,direct,octree_leafcount,flyby,4,1076,1076,0.8271999955,0.2585279942,1.087103963,1.147631,1,0,6,40297,35260,17,17,8642,24.50935905,14.52076007,512002,0,512002,40297
cstone,d7fddfb4f8d8ada0eb1a65d1a450a66c8cbd794c,direct,octree_leafcount,flyby,4,1077,1077,0.741056025,0.215072006,0.9574720263,1.016829,1,0,5,40105,35092,17,17,8606,24.52410806,14.59027699,512002,0,512002,40105
cstone,d7fddfb4f8d8ada0eb1a65d1a450a66c8cbd794c,direct,octree_leafcount,flyby,4,1078,1078,0.6636480093,0.2240960002,0.889087975,0.948094,1,0,4,39697,34735,17,17,8430,24.26946884,14.74023319,512002,0,512002,39697
cstone,d7fddfb4f8d8ada0eb1a65d1a450a66c8cbd794c,direct,octree_leafcount,flyby,4,1079,1079,0.8274559975,0.2496320009,1.078431964,1.13917,1,0,6,40097,35085,17,17,8581,24.45774548,14.59318797,512002,0,512002,40097
cstone,d7fddfb4f8d8ada0eb1a65d1a450a66c8cbd794c,direct,octree_leafcount,flyby,4,1080,1080,0.7477440238,0.2335679978,0.982656002,1.043303,1,0,5,40049,35043,17,17,8610,24.56981423,14.61067831,512002,0,512002,40049
cstone,d7fddfb4f8d8ada0eb1a65d1a450a66c8cbd794c,direct,octree_leafcount,flyby,4,1081,1081,0.6649919748,0.2427520007,0.9092800021,0.971997,1,0,4,39825,34847,17,17,8505,24.40669211,14.69285735,512002,0,512002,39825
cstone,d7fddfb4f8d8ada0eb1a65d1a450a66c8cbd794c,direct,octree_leafcount,flyby,4,1082,1082,0.8432639837,0.2570559978,1.101663947,1.163134,1,0,6,40137,35120,17,17,8617,24.53587699,14.57864465,512002,0,512002,40137
cstone,d7fddfb4f8d8ada0eb1a65d1a450a66c8cbd794c,direct,octree_leafcount,flyby,4,1083,1083,0.7374079823,0.2482240051,0.9869760275,1.045406,1,0,5,40169,35148,17,17,8759,24.92033686,14.56703084,512002,0,512002,40169
cstone,d7fddfb4f8d8ada0eb1a65d1a450a66c8cbd794c,direct,octree_leafcount,flyby,4,1084,1084,0.6598719954,0.2282879949,0.8895040154,0.947987,1,0,4,39713,34749,17,17,8509,24.4870356,14.73429451,512002,0,512002,39713
cstone,d7fddfb4f8d8ada0eb1a65d1a450a66c8cbd794c,direct,octree_leafcount,flyby,4,1085,1085,0.8164799809,0.2544319928,1.072415948,1.132535,1,0,6,39889,34903,17,17,8465,24.25292955,14.66928344,512002,0,512002,39889
cstone,d7fddfb4f8d8ada0eb1a65d1a450a66c8cbd794c,direct,octree_leafcount,flyby,4,1086,1086,0.7408000231,0.2161920071,0.9583680034,1.015152,1,0,5,39881,34896,17,17,8509,24.38388354,14.67222604,512002,0,512002,39881
cstone,d7fddfb4f8d8ada0eb1a65d1a450a66c8cbd794c,direct,octree_leafcount,flyby,4,1087,1087,0.6562880278,0.2129279971,0.8705599904,0.926501,1,0,4,39785,34812,17,17,8359,24.011835,14.70762955,512002,0,512002,39785
cstone,d7fddfb4f8d8ada0eb1a65d1a450a66c8cbd794c,direct,octree_leafcount,flyby,4,1088,1088,0.8142079711,0.2335679978,1.049088001,1.103864,1,0,6,40201,35176,17,17,8500,24.16420287,14.55543552,512002,0,512002,40201
cstone,d7fddfb4f8d8ada0eb1a65d1a450a66c8cbd794c,direct,octree_leafcount,flyby,4,1089,1089,0.7228479981,0.2088319957,0.9330239892,0.990567,1,0,5,40129,35113,17,17,8545,24.33571612,14.58155099,512002,0,512002,40129
cstone,d7fddfb4f8d8ada0eb1a65d1a450a66c8cbd794c,direct,octree_leafcount,flyby,4,1090,1090,0.6357759833,0.2032320052,0.8403519988,0.895418,1,0,4,39793,34819,17,17,8471,24.32867113,14.70467274,512002,0,512002,39793
cstone,d7fddfb4f8d8ada0eb1a65d1a450a66c8cbd794c,direct,octree_leafcount,flyby,4,1091,1091,0.7991039753,0.2380480021,1.038496017,1.096515,1,0,6,40009,35008,17,17,8540,24.39442413,14.62528565,512002,0,512002,40009
cstone,d7fddfb4f8d8ada0eb1a65d1a450a66c8cbd794c,direct,octree_leafcount,flyby,4,1092,1092,0.7275519967,0.1946559995,0.9235519767,0.976502,1,0,5,39785,34812,17,17,8509,24.4427209,14.70762955,512002,0,512002,39785
cstone,d7fddfb4f8d8ada0eb1a65d1a450a66c8cbd794c,direct,octree_leafcount,flyby,4,1093,1093,0.6472640038,0.2042559981,0.852864027,0.907994,1,0,4,39705,34742,17,17,8436,24.28184906,14.73726325,512002,0,512002,39705
cstone,d7fddfb4f8d8ada0eb1a65d1a450a66c8cbd794c,direct,octree_leafcount,flyby,4,1094,1094,0.8179200292,0.2752639949,1.094784021,1.158204,1,0,6,40233,35204,17,17,8497,24.13646177,14.54385865,512002,0,512002,40233
cstone,d7fddfb4f8d8ada0eb1a65d1a450a66c8cbd794c,direct,octree_leafcount,flyby,4,1095,1095,0.7317759991,0.2255360037,0.9586240053,1.019753,1,0,5,39801,34826,17,17,8526,24.48170907,14.70171711,512002,0,512002,39801
cstone,d7fddfb4f8d8ada0eb1a65d1a450a66c8cbd794c,direct,octree_leafcount,flyby,4,1096,1096,0.6449279785,0.2139520049,0.8602240086,0.917987,1,0,4,39753,34784,17,17,8341,23.97941582,14.71946872,512002,0,512002,39753
cstone,d7fddfb4f8d8ada0eb1a65d1a450a66c8cbd794c,direct,octree_leafcount,flyby,4,1097,1097,0.8047680259,0.2258879989,1.031999946,1.089,1,0,6,40169,35148,17,17,8529,24.26596108,14.56703084,512002,0,512002,40169
cstone,d7fddfb4f8d8ada0eb1a65d1a450a66c8cbd794c,direct,octree_leafcount,flyby,4,1098,1098,0.7373440266,0.249247998,0.9879360199,1.048683,1,0,5,40185,35162,17,17,8660,24.6288607,14.56123087,512002,0,512002,40185
cstone,d7fddfb4f8d8ada0eb1a65d1a450a66c8cbd794c,direct,octree_leafcount,flyby,4,1099,1099,0.6484799981,0.2089599967,0.8587520123,0.914548,1,0,4,39745,34777,17,17,8537,24.54783334,14.72243149,512002,0,512002,39745
cstone,d7fddfb4f8d8ada0eb1a65d1a450a66c8cbd794c,direct,octree_leafcount,flyby,4,1100,1100,0.7986559868,0.2409279943,1.040863991,1.097626,1,0,6,40361,35316,17,17,8678,24.57243176,14.49773474,512002,0,512002,40361
cstone,d7fddfb4f8d8ada0eb1a65d1a450a66c8cbd794c,direct,octree_leafcount,flyby,4,1101,1101,0.7358080149,0.2078720033,0.9449920058,1.000687,1,0,5,40249,35218,17,17,8790,24.95882787,14.53807712,512002,0,512002,40249
cstone,d7fddfb4f8d8ada0eb1a65d1a450a66c8cbd794c,direct,octree_leafcount,flyby,4,1102,1102,0.6443520188,0.2141119987,0.8598080277,0.916232,1,0,4,40089,35078,17,17,8601,24.51964194,14.59610012,512002,0,512002,40089
cstone,d7fddfb4f8d8ada0eb1a65d1a450a66c8cbd794c,direct,octree_leafcount,flyby,4,1103,1103,0.7941759825,0.2391040027,1.034623981,1.090693,1,0,6,40289,35253,17,17,8734,24.77519644,14.52364338,512002,0,512002,40289
cstone,d7fddfb4f8d8ada0eb1a65d1a450a66c8cbd794c,direct,octree_leafcount,flyby,4,1104,1104,0.7367359996,0.2376960069,0.9757760167,1.033974,1,0,5,40425,35372,17,17,8838,24.98586453,14.47478231,512002,0,512002,40425
cstone,d7fddfb4f8d8ada0eb1a65d1a450a66c8cbd794c,direct,octree_leafcount,flyby,4,1105,1105,0.644832015,0.1985920072,0.8447679877,0.898921,1,0,4,40337,35295,17,17,8691,24.6238844,14.50636067,512002,0,512002,40337
cstone,d7fddfb4f8d8ada0eb1a65d1a450a66c8cbd794c,direct,octree_leafcount,flyby,4,1106,1106,0.8104959726,0.227264002,1.039168,1.094809,1,0,6,40745,35652,17,17,8803,24.69146191,14.36110176,512002,0,512002,40745
cstone,d7fddfb4f8d8ada0eb1a65d1a450a66c8cbd794c,direct,octree_leafcount,flyby,4,1107,1107,0.7519360185,0.2170239985,0.9703040123,1.027241,1,0,5,40689,35603,17,17,8846,24.84622082,14.38086678,512002,0,512002,40689
cstone,d7fddfb4f8d8ada0eb1a65d1a450a66c8cbd794c,direct,octree_leafcount,flyby,4,1108,1108,0.657055974,0.2107840031,0.8691520095,0.924123,1,0,4,40593,35519,17,17,8746,24.62344098,14.41487654,512002,0,512002,40593
cstone,d7fddfb4f8d8ada0eb1a65d1a450a66c8cbd794c,direct,octree_leafcount,flyby,4,1109,1109,0.8066239953,0.1975679994,1.005504012,1.061046,1,0,6,40593,35519,17,17,8735,24.59247163,14.41487654,512002,0,512002,40593
cstone,d7fddfb4f8d8ada0eb1a65d1a450a66c8cbd794c,direct,octree_leafcount,flyby,4,1110,1110,0.735935986,0.2298559994,0.9671360254,1.021998,1,0,5,40649,35568,17,17,8924,25.08996851,14.39501799,512002,0,512002,40649
cstone,d7fddfb4f8d8ada0eb1a65d1a450a66c8cbd794c,direct,octree_leafcount,flyby,4,1111,1111,0.6552960277,0.2252160013,0.8818240166,0.94199,1,0,4,40457,35400,17,17,8794,24.84180791,14.46333333,512002,0,512002,40457
cstone,d7fddfb4f8d8ada0eb1a65d1a450a66c8cbd794c,direct,octree_leafcount,flyby,4,1112,1112,0.8130879998,0.2436159998,1.05804801,1.115712,1,0,6,41009,35883,17,17,8945,24.928239,14.26865089,512002,0,512002,41009
cstone,d7fddfb4f8d8ada0eb1a65d1a450a66c8cbd794c,direct,octree_leafcount,flyby,4,1113,1113,0.7291200161,0.2155199945,0.946080029,1.002901,1,0,5,40705,35617,17,17,8971,25.18741051,14.37521408,512002,0,512002,40705
cstone,d7fddfb4f8d8ada0eb1a65d1a450a66c8cbd794c,direct,octree_leafcount,flyby,4,1114,1114,0.6585279703,0.2104959935,0.8703680038,0.927169,1,0,4,40673,35589,17,17,8841,24.84194554,14.38652393,512002,0,512002,40673
cstone,d7fddfb4f8d8ada0eb1a65d1a450a66c8cbd794c,direct,octree_leafcount,flyby,4,1115,1115,0.8115199804,0.2434239984,1.056288004,1.113202,1,0,6,40681,35596,17,17,8846,24.85110687,14.3836948,512002,0,512002,40681
cstone,d7fddfb4f8d8ada0eb1a65d1a450a66c8cbd794c,direct,octree_leafcount,flyby,4,1116,1116,0.7358080149,0.2140800059,0.9512320161,1.008928,1,0,5,40417,35365,17,17,8921,25.22550544,14.47764739,512002,0,512002,40417
cstone,d7fddfb4f8d8ada0eb1a65d1a450a66c8cbd794c,direct,octree_leafcount,flyby,4,1117,1117,0.7263039947,0.2073280066,0.9349759817,0.991128,1,0,5,40169,35148,17,17,8747,24.88619552,14.56703084,512002,0,512002,40169
cstone,d7fddfb4f8d8ada0eb1a65d1a450a66c8cbd794c,direct,octree_leafcount,flyby,4,1118,1118,0.8143039942,0.2329279929,1.048575997,1.103825,1,0,6,40401,35351,17,17,8700,24.61033634,14.48338095,512002,0,512002,40401
cstone,d7fddfb4f8d8ada0eb1a65d1a450a66c8cbd794c,direct,octree_leafcount,flyby,4,1119,1119,0.7468159795,0.2013120055,0.9494720101,1.003922,1,0,5,40233,35204,17,17,8860,25.16759459,14.54385865,512002,0,512002,40233
cstone,d7fddfb4f8d8ada0eb1a65d1a450a66c8cbd794c,direct,octree_leafcount,flyby,4,1120,1120,0.6580799818,0.2063039988,0.8657919765,0.920374,1,0,4,40121,35106,17,17,8654,24.6510568,14.5844585,512002,0,512002,40121
cstone,d7fddfb4f8d8ada0eb1a65d1a450a66c8cbd794c,direct,octree_leafcount,flyby,4,1121,1121,0.8056960106,0.2134719938,1.020480037,1.071084,1,0,6,40353,35309,17,17,8764,24.8208672,14.50060891,512002,0,512002,40353
cstone,d7fddfb4f8d8ada0eb1a65d1a450a66c8cbd794c,direct,octree_leafcount,flyby,4,1122,1122,0.7365760207,0.2032320052,0.9411200285,0.99722,1,0,5,40241,35211,17,17,8897,25.26767203,14.54096731,512002,0,512002,40241
cstone,d7fddfb4f8d8ada0eb1a65d1a450a66c8cbd794c,direct,octree_leafcount,flyby,4,1123,1123,0.6733120084,0.2161920071,0.8908159733,0.949648,1,0,4,40177,35155,17,17,8745,24.87555113,14.56413028,512002,0,512002,40177
cstone,d7fddfb4f8d8ada0eb1a65d1a450a66c8cbd794c,direct,octree_leafcount,flyby,4,1124,1124,0.8120959997,0.2370879948,1.050495982,1.107005,1,0,6,40329,35288,17,17,8743,24.77612786,14.50923827,512002,0,512002,40329
cstone,d7fddfb4f8d8ada0eb1a65d1a450a66c8cbd794c,direct,octree_leafcount,flyby,4,1125,1125,0.7443199754,0.231904,0.9775360227,1.032959,1,0,5,40441,35386,17,17,8890,25.12292997,14.46905556,512002,0,512002,40441
cstone,d7fddfb4f8d8ada0eb1a65d1a450a66c8cbd794c,direct,octree_leafcount,flyby,4,1126,1126,0.6704000235,0.2377279997,0.909439981,0.972243,1,0,4,40353,35309,17,17,8687,24.60279249,14.50060891,512002,0,512002,40353
cstone,d7fddfb4f8d8ada0eb1a65d1a450a66c8cbd794c,direct,octree_leafcount,flyby,4,1127,1127,0.8209599853,0.2584640086,1.080767989,1.142929,1,0,6,40649,35568,17,17,8788,24.70760234,14.39501799,512002,0,512002,40649
cstone,d7fddfb4f8d8ada0eb1a65d1a450a66c8cbd794c,direct,octree_leafcount,flyby,4,1128,1128,0.7473599911,0.2085759938,0.9572799802,1.017159,1,0,5,40409,35358,17,17,8866,25.07494768,14.4805136,512002,0,512002,40409
cstone,d7fddfb4f8d8ada0eb1a65d1a450a66c8cbd794c,direct,octree_leafcount,flyby,4,1129,1129,0.6595839858,0.204768002,0.865696013,0.920972,1,0,4,40305,35267,17,17,8669,24.58105311,14.5178779,512002,0,512002,40305
cstone,d7fddfb4f8d8ada0eb1a65d1a450a66c8cbd794c,direct,octree_leafcount,flyby,4,1130,1130,0.8150399923,0.2134719938,1.029855967,1.087104,1,0,6,40225,35197,17,17,8666,24.6214166,14.54675114,512002,0,512002,40225
cstone,d7fddfb4f8d8ada0eb1a65d1a450a66c8cbd794c,direct,octree_leafcount,flyby,4,1131,1131,0.7379840016,0.2138880044,0.9531840086,1.008995,1,0,5,40153,35134,17,17,8836,25.1494279,14.57283543,512002,0,512002,40153
cstone,d7fddfb4f8d8ada0eb1a65d1a450a66c8cbd794c,direct,octree_leafcount,flyby,4,1132,1132,0.6590719819,0.2303359956,0.8907520175,0.946713,1,0,4,40233,35204,17,17,8752,24.86081127,14.54385865,512002,0,512002,40233
cstone,d7fddfb4f8d8ada0eb1a65d1a450a66c8cbd794c,direct,octree_leafcount,flyby,4,1133,1133,0.806400001,0.2368319929,1.044576049,1.100146,1,0,6,40273,35239,17,17,8754,24.8417946,14.52941343,512002,0,512002,40273
cstone,d7fddfb4f8d8ada0eb1a65d1a450a66c8cbd794c,direct,octree_leafcount,flyby,4,1134,1134,0.7293440104,0.2109120041,0.9416000247,0.998578,1,0,5,40209,35183,17,17,8932,25.38726089,14.55253958,512002,0,512002,40209
cstone,d7fddfb4f8d8ada0eb1a65d1a450a66c8cbd794c,direct,octree_leafcount,flyby,4,1135,1135,0.6639680266,0.2360000014,0.9013119936,0.958135,1,0,4,40241,35211,17,17,8765,24.89278919,14.54096731,512002,0,512002,40241
cstone,d7fddfb4f8d8ada0eb1a65d1a450a66c8cbd794c,direct,octree_leafcount,flyby,4,1136,1136,0.8001919985,0.2054080069,1.006976008,1.063452,1,0,6,40241,35211,17,17,8740,24.82178865,14.54096731,512002,0,512002,40241
cstone,d7fddfb4f8d8ada0eb1a65d1a450a66c8cbd794c,direct,octree_leafcount,flyby,4,1137,1137,0.7210879922,0.2155199945,0.937951982,0.990742,1,0,5,40257,35225,17,17,8940,25.37970192,14.53518808,512002,0,512002,40257
cstone,d7fddfb4f8d8ada0eb1a65d1a450a66c8cbd794c,direct,octree_leafcount,flyby,4,1138,1138,0.6438720226,0.210431993,0.8556479812,0.907185,1,0,4,40305,35267,17,17,8823,25.01772195,14.5178779,512002,0,512002,40305
cstone,d7fddfb4f8d8ada0eb1a65d1a450a66c8cbd794c,direct,octree_leafcount,flyby,4,1139,1139,0.7931519747,0.2165440023,1.011039972,1.068733,1,0,6,40025,35022,17,17,8638,24.6644966,14.61943921,512002,0,512002,40025
cstone,d7fddfb4f8d8ada0eb1a65d1a450a66c8cbd794c,direct,octree_leafcount,flyby,4,1140,1140,0.7374079823,0.2335039973,0.9722239971,1.029403,1,0,5,40217,35190,17,17,8781,24.95311168,14.54964479,512002,0,512002,40217
cstone,d7fddfb4f8d8ada0eb1a65d1a450a66c8cbd794c,direct,octree_leafcount,flyby,4,1141,1141,0.6647999883,0.2325119972,0.8986240029,0.954449,1,0,4,40409,35358,17,17,8717,24.65354375,14.4805136,512002,0,512002,40409
cstone,d7fddfb4f8d8ada0eb1a65d1a450a66c8cbd794c,direct,octree_leafcount,flyby,4,1142,1142,0.81081599,0.2090879977,1.021247983,1.076949,1,0,6,40233,35204,17,17,8692,24.69037609,14.54385865,512002,0,512002,40233
cstone,d7fddfb4f8d8ada0eb1a65d1a450a66c8cbd794c,direct,octree_leafcount,flyby,4,1143,1143,0.7434560061,0.2399999946,0.9847679734,1.041568,1,0,5,40321,35281,17,17,8774,24.86890961,14.512117,512002,0,512002,40321
cstone,d7fddfb4f8d8ada0eb1a65d1a450a66c8cbd794c,direct,octree_leafcount,flyby,4,1144,1144,0.6676800251,0.2641279995,0.93315202,0.995985,1,0,4,40377,35330,17,17,8768,24.81743561,14.49198981,512002,0,512002,40377
cstone,d7fddfb4f8d8ada0eb1a65d1a450a66c8cbd794c,direct,octree_leafcount,flyby,4,1145,1145,0.8127999902,0.2411199957,1.055263996,1.113744,1,0,6,40433,35379,17,17,8693,24.57107324,14.47191837,512002,0,512002,40433
cstone,d7fddfb4f8d8ada0eb1a65d1a450a66c8cbd794c,direct,octree_leafcount,flyby,4,1146,1146,0.7494080067,0.2144960016,0.9652799964,1.024583,1,0,5,40425,35372,17,17,8870,25.07633156,14.47478231,512002,0,512002,40425
cstone,d7fddfb4f8d8ada0eb1a65d1a450a66c8cbd794c,direct,octree_leafcount,flyby,4,1147,1147,0.6603519917,0.2192000002,0.8808640242,0.941163,1,0,4,40241,35211,17,17,8744,24.83314873,14.54096731,512002,0,512002,40241
cstone,d7fddfb4f8d8ada0eb1a65d1a450a66c8cbd794c,direct,octree_leafcount,flyby,4,1148,1148,0.8002560139,0.2196159959,1.021247983,1.079995,1,0,6,40161,35141,17,17,8667,24.66349848,14.56993256,512002,0,512002,40161
cstone,d7fddfb4f8d8ada0eb1a65d1a450a66c8cbd794c,direct,octree_leafcount,flyby,4,1149,1149,0.7482879758,0.2431679964,0.9929599762,1.052059,1,0,5,40217,35190,17,17,8752,24.8707019,14.54964479,512002,0,512002,40217
cstone,d7fddfb4f8d8ada0eb1a65d1a450a66c8cbd794c,direct,octree_leafcount,flyby,4,1150,1150,0.6689280272,0.2351360023,0.9054080248,0.960297,1,0,4,40353,35309,17,17,8627,24.43286414,14.50060891,512002,0,512002,40353
cstone,d7fddfb4f8d8ada0eb1a65d1a450a66c8cbd794c,direct,octree_leafcount,flyby,4,1151,1151,0.8032960296,0.2044800073,1.009215951,1.066378,1,0,6,40345,35302,17,17,8557,24.23941986,14.50348422,512002,0,512002,40345
cstone,d7fddfb4f8d8ada0eb1a65d1a450a66c8cbd794c,direct,octree_leafcount,flyby,4,1152,1152,0.7350080013,0.1950400025,0.931392014,0.984203,1,0,5,40313,35274,17,17,8673,24.58751488,14.51499688,512002,0,512002,40313
cstone,d7fddfb4f8d8ada0eb1a65d1a450a66c8cbd794c,direct,octree_leafcount,flyby,4,1153,1153,0.6683200002,0.2320639938,0.9018880129,0.956213,1,0,4,40417,35365,17,17,8622,24.38003676,14.47764739,512002,0,512002,40417
cstone,d7fddfb4f8d8ada0eb1a65d1a450a66c8cbd794c,direct,octree_leafcount,flyby,4,1154,1154,0.8065599799,0.1940159947,1.001919985,1.055397,1,0,6,40169,35148,17,17,8570,24.38261067,14.56703084,512002,0,512002,40169
cstone,d7fddfb4f8d8ada0eb1a65d1a450a66c8cbd794c,direct,octree_leafcount,flyby,4,1155,1155,0.7398719788,0.229151994,0.9703680277,1.025599,1,0,5,40505,35442,17,17,8723,24.61204221,14.44619378,512002,0,512002,40505
cstone,d7fddfb4f8d8ada0eb1a65d1a450a66c8cbd794c,direct,octree_leafcount,flyby,4,1156,1156,0.6646720171,0.2165440023,0.8825600147,0.93872,1,0,4,40433,35379,17,17,8711,24.62195087,14.47191837,512002,0,512002,40433
cstone,d7fddfb4f8d8ada0eb1a65d1a450a66c8cbd794c,direct,octree_leafcount,flyby,4,1157,1157,0.7831040025,0.2278079987,1.012287974,1.066292,1,0,6,40441,35386,17,17,8623,24.36839428,14.46905556,512002,0,512002,40441
cstone,d7fddfb4f8d8ada0eb1a65d1a450a66c8cbd794c,direct,octree_leafcount,flyby,4,1158,1158,0.7436800003,0.2326720059,0.9776960015,1.034207,1,0,5,40497,35435,17,17,8715,24.59432764,14.44904755,512002,0,512002,40497
cstone,d7fddfb4f8d8ada0eb1a65d1a450a66c8cbd794c,direct,octree_leafcount,flyby,4,1159,1159,0.6632639766,0.2098879963,0.8744639754,0.930728,1,0,4,40465,35407,17,17,8748,24.70697885,14.46047392,512002,0,512002,40465
cstone,d7fddfb4f8d8ada0eb1a65d1a450a66c8cbd794c,direct,octree_leafcount,flyby,4,1160,1160,0.8130879998,0.2083519995,1.022815943,1.079181,1,0,6,40225,35197,17,17,8653,24.58448163,14.54675114,512002,0,512002,40225
cstone,d7fddfb4f8d8ada0eb1a65d1a450a66c8cbd794c,direct,octree_leafcount,flyby,4,1161,1161,0.7451519966,0.2354560047,0.9819840193,1.037592,1,0,5,40577,35505,17,17,8746,24.63315026,14.42056048,512002,0,512002,40577
cstone,d7fddfb4f8d8ada0eb1a65d1a450a66c8cbd794c,direct,octree_leafcount,flyby,4,1162,1162,0.656512022,0.2117439955,0.869599998,0.925921,1,0,4,40417,35365,17,17,8731,24.6882511,14.47764739,512002,0,512002,40417
cstone,d7fddfb4f8d8ada0eb1a65d1a450a66c8cbd794c,direct,octree_leafcount,flyby,4,1163,1163,0.769119978,0.1904000044,0.9608640075,1.010944,1,0,6,40193,35169,17,17,8645,24.5813074,14.55833262,512002,0,512002,40193
cstone,d7fddfb4f8d8ada0eb1a65d1a450a66c8cbd794c,direct,octree_leafcount,flyby,4,1164,1164,0.7500479817,0.2349759936,0.9863680005,1.041032,1,0,5,40705,35617,17,17,8742,24.54445911,14.37521408,512002,0,512002,40705
cstone,d7fddfb4f8d8ada0eb1a65d1a450a66c8cbd794c,direct,octree_leafcount,flyby,4,1165,1165,0.6562240124,0.2078720033,0.8654080033,0.921815,1,0,4,40633,35554,17,17,8801,24.75389548,14.40068628,512002,0,512002,40633
cstone,d7fddfb4f8d8ada0eb1a65d1a450a66c8cbd794c,direct,octree_leafcount,flyby,4,1166,1166,0.809055984,0.211807996,1.022207975,1.078918,1,0,6,40177,35155,17,17,8607,24.48300384,14.56413028,512002,0,512002,40177
cstone,d7fddfb4f8d8ada0eb1a65d1a450a66c8cbd794c,direct,octree_leafcount,flyby,4,1167,1167,0.743103981,0.225759998,0.9702079892,1.024895,1,0,5,40705,35617,17,17,8761,24.59780442,14.37521408,512002,0,512002,40705
cstone,d7fddfb4f8d8ada0eb1a65d1a450a66c8cbd794c,direct,octree_leafcount,flyby,4,1168,1168,0.6511039734,0.2019519955,0.8543999791,0.909074,1,0,4,40465,35407,17,17,8783,24.80582936,14.46047392,512002,0,512002,40465
cstone,d7fddfb4f8d8ada0eb1a65d1a450a66c8cbd794c,direct,octree_leafcount,flyby,4,1169,1169,0.8042880297,0.2206400037,1.026272058,1.085225,1,0,6,40417,35365,17,17,8705,24.61473208,14.47764739,512002,0,512002,40417
cstone,d7fddfb4f8d8ada0eb1a65d1a450a66c8cbd794c,direct,octree_leafcount,flyby,4,1170,1170,0.7379840016,0.2278719991,0.9671679735,1.021618,1,0,5,40529,35463,17,17,8689,24.50159321,14.43763923,512002,0,512002,40529
cstone,d7fddfb4f8d8ada0eb1a65d1a450a66c8cbd794c,direct,octree_leafcount,flyby,4,1171,1171,0.6632000208,0.2022079974,0.8667200208,0.921877,1,0,4,40393,35344,17,17,8850,25.03961068,14.48624943,512002,0,512002,40393
cstone,d7fddfb4f8d8ada0eb1a65d1a450a66c8cbd794c,direct,octree_leafcount,flyby,4,1172,1172,0.8108800054,0.2298240066,1.042016029,1.097822,1,0,6,40609,35533,17,17,8831,24.85295359,14.40919708,512002,0,512002,40609
cstone,d7fddfb4f8d8ada0eb1a65d1a450a66c8cbd794c,direct,octree_leafcount,flyby,4,1173,1173,0.7442880273,0.2268159986,0.9724159837,1.026626,1,0,5,40665,35582,17,17,8775,24.66134562,14.38935417,512002,0,512002,40665
cstone,d7fddfb4f8d8ada0eb1a65d1a450a66c8cbd794c,direct,octree_leafcount,flyby,4,1174,1174,0.7322239876,0.2114239931,0.9449599981,1.002947,1,0,5,40361,35316,17,17,8864,25.09910522,14.49773474,512002,0,512002,40361
cstone,d7fddfb4f8d8ada0eb1a65d1a450a66c8cbd794c,direct,octree_leafcount,flyby,4,1175,1175,0.7963200212,0.2438080013,1.04144001,1.099452,1,0,6,40385,35337,17,17,8688,24.58612785,14.48911905,512002,0,512002,40385
cstone,d7fddfb4f8d8ada0eb1a65d1a450a66c8cbd794c,direct,octree_leafcount,flyby,4,1176,1176,0.6571199894,0.2288639992,0.887296021,0.943174,1,0,4,40609,35533,17,17,8666,24.38859652,14.40919708,512002,0,512002,40609
cstone,d7fddfb4f8d8ada0eb1a65d1a450a66c8cbd794c,direct,octree_leafcount,flyby,4,1177,1177,0.7258560061,0.2041279972,0.9313279986,0.987428,1,0,5,40481,35421,17,17,8842,24.96259281,14.45475848,512002,0,512002,40481
cstone,d7fddfb4f8d8ada0eb1a65d1a450a66c8cbd794c,direct,octree_leafcount,flyby,4,1178,1178,0.8097599745,0.2171519995,1.028288007,1.084441,1,0,6,40169,35148,17,17,8742,24.87196996,14.56703084,512002,0,512002,40169
cstone,d7fddfb4f8d8ada0eb1a65d1a450a66c8cbd794c,direct,octree_leafcount,flyby,4,1179,1179,0.6642879844,0.2486079931,0.9142079949,0.973878,1,0,4,40385,35337,17,17,8703,24.62857628,14.48911905,512002,0,512002,40385
cstone,d7fddfb4f8d8ada0eb1a65d1a450a66c8cbd794c,direct,octree_leafcount,flyby,4,1180,1180,0.7360000014,0.1991360039,0.9368320107,0.990323,1,0,5,40361,35316,17,17,8763,24.81311587,14.49773474,512002,0,512002,40361
cstone,d7fddfb4f8d8ada0eb1a65d1a450a66c8cbd794c,direct,octree_leafcount,flyby,4,1181,1181,0.7989439964,0.2011840045,1.001471996,1.054317,1,0,6,40289,35253,17,17,8738,24.78654299,14.52364338,512002,0,512002,40289
cstone,d7fddfb4f8d8ada0eb1a65d1a450a66c8cbd794c,direct,octree_leafcount,flyby,4,1182,1182,0.6567999721,0.2119040042,0.8700799942,0.925572,1,0,4,40009,35008,17,17,8565,24.46583638,14.62528565,512002,0,512002,40009
cstone,d7fddfb4f8d8ada0eb1a65d1a450a66c8cbd794c,direct,octree_leafcount,flyby,4,1183,1183,0.7453119755,0.2555519938,1.002176046,1.061946,1,0,5,40081,35071,17,17,8737,24.91232072,14.59901343,512002,0,512002,40081
cstone,d7fddfb4f8d8ada0eb1a65d1a450a66c8cbd794c,direct,octree_leafcount,flyby,4,1184,1184,0.8038399816,0.2421440035,1.047327995,1.103564,1,0,6,40329,35288,17,17,8713,24.69111313,14.50923827,512002,0,512002,40329
cstone,d7fddfb4f8d8ada0eb1a65d1a450a66c8cbd794c,direct,octree_leafcount,flyby,4,1185,1185,0.6559680104,0.227264002,0.8845440149,0.94309,1,0,4,40281,35246,17,17,8603,24.40844351,14.52652783,512002,0,512002,40281
cstone,d7fddfb4f8d8ada0eb1a65d1a450a66c8cbd794c,direct,octree_leafcount,flyby,4,1186,1186,0.7519360185,0.2400639951,0.9934399724,1.056014,1,0,5,40201,35176,17,17,8689,24.70150102,14.55543552,512002,0,512002,40201
cstone,d7fddfb4f8d8ada0eb1a65d1a450a66c8cbd794c,direct,octree_leafcount,flyby,4,1187,1187,0.8105919957,0.2296320051,1.041535974,1.103512,1,0,6,40201,35176,17,17,8585,24.40584489,14.55543552,512002,0,512002,40201
cstone,d7fddfb4f8d8ada0eb1a65d1a450a66c8cbd794c,direct,octree_leafcount,flyby,4,1188,1188,0.674751997,0.2482559979,0.9243519902,0.988575,1,0,4,40105,35092,17,17,8534,24.31893309,14.59027699,512002,0,512002,40105
cstone,d7fddfb4f8d8ada0eb1a65d1a450a66c8cbd794c,direct,octree_leafcount,flyby,4,1189,1189,0.7451199889,0.2610880136,1.007552028,1.071277,1,0,5,40225,35197,17,17,8835,25.10157116,14.54675114,512002,0,512002,40225
cstone,d7fddfb4f8d8ada0eb1a65d1a450a66c8cbd794c,direct,octree_leafcount,flyby,4,1190,1190,0.8143360019,0.2569279969,1.072576046,1.133775,1,0,6,40257,35225,17,17,8750,24.84031228,14.53518808,512002,0,512002,40257
cstone,d7fddfb4f8d8ada0eb1a65d1a450a66c8cbd794c,direct,octree_leafcount,flyby,4,1191,1191,0.6641280055,0.2703680098,0.9360960126,0.999739,1,0,4,40345,35302,17,17,8659,24.52835533,14.50348422,512002,0,512002,40345
cstone,d7fddfb4f8d8ada0eb1a65d1a450a66c8cbd794c,direct,octree_leafcount,flyby,4,1192,1192,0.706272006,0.9292160273,1.637984037,1.698079,1,0,5,40217,35190,17,17,8825,25.0781472,14.54964479,512002,0,512002,40217
cstone,d7fddfb4f8d8ada0eb1a65d1a450a66c8cbd794c,direct,octree_leafcount,flyby,4,1193,1193,0.8133440018,0.2713919878,1.086048007,1.151884,1,0,6,40513,35449,17,17,8736,24.64385455,14.44334114,512002,0,512002,40513
cstone,d7fddfb4f8d8ada0eb1a65d1a450a66c8cbd794c,direct,octree_leafcount,flyby,4,1194,1194,0.6596480012,0.2355840057,0.8965439796,0.958506,1,0,4,40137,35120,17,17,8584,24.44191344,14.57864465,512002,0,512002,40137
cstone,d7fddfb4f8d8ada0eb1a65d1a450a66c8cbd794c,direct,octree_leafcount,flyby,4,1195,1195,0.7468479872,0.2682879865,1.016479969,1.080643,1,0,5,40225,35197,17,17,8825,25.07315964,14.54675114,512002,0,512002,40225
cstone,d7fddfb4f8d8ada0eb1a65d1a450a66c8cbd794c,direct,octree_leafcount,flyby,4,1196,1196,0.8188800216,0.2664000094,1.086624026,1.152412,1,0,6,40817,35715,17,17,8941,25.03429931,14.33576928,512002,0,512002,40817
cstone,d7fddfb4f8d8ada0eb1a65d1a450a66c8cbd794c,direct,octree_leafcount,flyby,4,1197,1197,0.6569280028,0.2304320037,0.8888639808,0.951499,1,0,4,40273,35239,17,17,8729,24.77085048,14.52941343,512002,0,512002,40273
cstone,d7fddfb4f8d8ada0eb1a65d1a450a66c8cbd794c,direct,octree_leafcount,flyby,4,1198,1198,0.732032001,0.2344319969,0.9677760005,1.022789,1,0,5,40449,35393,17,17,8875,25.07557992,14.46619388,512002,0,512002,40449
cstone,d7fddfb4f8d8ada0eb1a65d1a450a66c8cbd794c,direct,octree_leafcount,flyby,4,1199,1199,0.7848640084,0.2421440035,1.02838397,1.086183,1,0,6,40585,35512,17,17,8841,24.89580987,14.41771795,512002,0,512002,40585
cstone,d7fddfb4f8d8ada0eb1a65d1a450a66c8cbd794c,direct,octree_leafcount,flyby,4,1200,1200,0.628287971,0.2047359943,0.8343999982,0.893367,1,0,4,40041,35036,17,17,8692,24.80876812,14.61359744,512002,0,512002,40041
