version,commit,path,config,dataset,run,snapshot,frame_id,tree_update_ms,view_ms,total_ms,wall_ms,attempts,maintenance_ms,iterations,num_nodes,num_leaves,max_depth,max_depth_octree_equiv,num_empty_leaves,empty_leaf_pct,avg_particles_per_leaf,particles_active,particles_escaped,particle_slots,lib_num_nodes
v3,d830fc32ff2631e4e1344dc30b3e09c3b9690bed,graph,octree_nfcount,flyby,-2,0,0,nan,nan,nan,nan,0,0,-1,29073,25439,16,16,14723,57.87570266,20.12665592,512002,0,512002,29073
v3,d830fc32ff2631e4e1344dc30b3e09c3b9690bed,graph,octree_nfcount,flyby,-2,1,1,0.4653440118,0.1330879927,0.6060799956,0.617395,1,0,-1,29049,25418,16,16,14715,57.89204501,20.14328429,512002,0,512002,29049
v3,d830fc32ff2631e4e1344dc30b3e09c3b9690bed,graph,octree_nfcount,flyby,-2,2,2,0.4653120041,0.1351359934,0.6131520271,0.625239,1,0,-1,29081,25446,16,16,14722,57.85585161,20.12111923,512002,0,512002,29081
v3,d830fc32ff2631e4e1344dc30b3e09c3b9690bed,graph,octree_nfcount,flyby,-2,3,3,0.4655359983,0.1331200004,0.6077119708,0.622594,1,0,-1,29033,25404,16,16,14705,57.8845851,20.15438514,512002,0,512002,29033
v3,d830fc32ff2631e4e1344dc30b3e09c3b9690bed,graph,octree_nfcount,flyby,-2,4,4,0.4653120041,0.1351680011,0.6098560095,0.621681,1,0,-1,29049,25418,16,16,14711,57.87630813,20.14328429,512002,0,512002,29049
v3,d830fc32ff2631e4e1344dc30b3e09c3b9690bed,graph,octree_nfcount,flyby,-2,5,5,0.4711680114,0.1350400001,0.6152319908,0.633017,1,0,-1,29025,25397,16,16,14704,57.89660196,20.15994015,512002,0,512002,29025
v3,d830fc32ff2631e4e1344dc30b3e09c3b9690bed,graph,octree_nfcount,flyby,-2,6,6,0.466847986,0.1351680011,0.6105599999,0.622641,1,0,-1,29049,25418,16,16,14685,57.77401841,20.14328429,512002,0,512002,29049
v3,d830fc32ff2631e4e1344dc30b3e09c3b9690bed,graph,octree_nfcount,flyby,-2,7,7,0.4677439928,0.1331200004,0.609951973,0.623433,1,0,-1,29025,25397,16,16,14601,57.49104225,20.15994015,512002,0,512002,29025
v3,d830fc32ff2631e4e1344dc30b3e09c3b9690bed,graph,octree_nfcount,flyby,-2,8,8,0.4768320024,0.1331200004,0.618975997,0.633343,1,0,-1,28849,25243,16,16,14438,57.19605435,20.28292992,512002,0,512002,28849
v3,d830fc32ff2631e4e1344dc30b3e09c3b9690bed,graph,octree_nfcount,flyby,-2,9,9,0.4711999893,0.1331200004,0.6134399772,0.631215,1,0,-1,29009,25383,16,16,14527,57.23121774,20.17105937,512002,0,512002,29009
v3,d830fc32ff2631e4e1344dc30b3e09c3b9690bed,graph,octree_nfcount,flyby,-2,10,10,0.4750399888,0.1351680011,0.6182720065,0.630543,1,0,-1,28937,25320,16,16,14456,57.09320695,20.22124803,512002,0,512002,28937
v3,d830fc32ff2631e4e1344dc30b3e09c3b9690bed,graph,octree_nfcount,flyby,-2,11,11,0.4981760085,0.1372160017,0.6447039843,0.657779,1,0,-1,28913,25299,16,16,14433,57.04968576,20.23803312,512002,0,512002,28913
v3,d830fc32ff2631e4e1344dc30b3e09c3b9690bed,graph,octree_nfcount,flyby,-2,12,12,0.5322560072,0.1351680011,0.6755520105,0.692969,1,0,-1,28985,25362,16,16,14421,56.86065768,20.18776122,512002,0,512002,28985
v3,d830fc32ff2631e4e1344dc30b3e09c3b9690bed,graph,octree_nfcount,flyby,-2,13,13,0.5043839812,0.1330879927,0.6458879709,0.657973,1,0,-1,28953,25334,16,16,14343,56.61561538,20.21007342,512002,0,512002,28953
v3,d830fc32ff2631e4e1344dc30b3e09c3b9690bed,graph,octree_nfcount,flyby,-2,14,14,0.5057920218,0.1351680011,0.648992002,0.668139,1,0,-1,29129,25488,16,16,14359,56.33631513,20.08796296,512002,0,512002,29129
v3,d830fc32ff2631e4e1344dc30b3e09c3b9690bed,graph,octree_nfcount,flyby,-2,15,15,0.5162879825,0.1372160017,0.6629440188,0.676124,1,0,-1,29265,25607,16,16,14349,56.03545905,19.99461085,512002,0,512002,29265
v3,d830fc32ff2631e4e1344dc30b3e09c3b9690bed,graph,octree_nfcount,flyby,-2,16,16,0.5262079835,0.1372160017,0.6724479795,0.68578,1,0,-1,29617,25915,16,16,14630,56.45379124,19.75697473,512002,0,512002,29617
v3,d830fc32ff2631e4e1344dc30b3e09c3b9690bed,graph,octree_nfcount,flyby,-2,17,17,0.5630400181,0.1351680011,0.7062079906,0.718116,1,0,-1,29705,25992,16,16,14416,55.46321945,19.69844568,512002,0,512002,29705
v3,d830fc32ff2631e4e1344dc30b3e09c3b9690bed,graph,octree_nfcount,flyby,-2,18,18,0.5293759704,0.1372160017,0.6748160124,0.691473,1,0,-1,29889,26153,16,16,14361,54.91148243,19.57718044,512002,0,512002,29889
v3,d830fc32ff2631e4e1344dc30b3e09c3b9690bed,graph,octree_nfcount,flyby,-2,19,19,0.5394560099,0.1372160017,0.6840959787,0.69965,1,0,-1,30113,26349,16,16,14295,54.2525333,19.43155338,512002,0,512002,30113
v3,d830fc32ff2631e4e1344dc30b3e09c3b9690bed,graph,octree_nfcount,flyby,-2,20,20,0.5445119739,0.1372160017,0.6907520294,0.704991,1,0,-1,30585,26762,16,16,14470,54.0692026,19.13167925,512002,0,512002,30585
v3,d830fc32ff2631e4e1344dc30b3e09c3b9690bed,graph,octree_nfcount,flyby,-2,21,21,0.5650240183,0.1372479945,0.7115520239,0.729744,1,0,-1,30905,27042,16,16,14436,53.38362547,18.93358479,512002,0,512002,30905
v3,d830fc32ff2631e4e1344dc30b3e09c3b9690bed,graph,octree_nfcount,flyby,-2,22,22,0.5515519977,0.1351680011,0.6959360242,0.709074,1,0,-1,31281,27371,16,16,14431,52.72368565,18.7060027,512002,0,512002,31281
v3,d830fc32ff2631e4e1344dc30b3e09c3b9690bed,graph,octree_nfcount,flyby,-2,23,23,0.5461120009,0.1331200004,0.6882879734,0.704009,1,0,-1,31225,27322,16,16,14187,51.92518849,18.73955055,512002,0,512002,31225
v3,d830fc32ff2631e4e1344dc30b3e09c3b9690bed,graph,octree_nfcount,flyby,-2,24,24,0.5485439897,0.1372160017,0.6940799952,0.707375,1,0,-1,31249,27343,16,16,14077,51.48301211,18.72515818,512002,0,512002,31249
v3,d830fc32ff2631e4e1344dc30b3e09c3b9690bed,graph,octree_nfcount,flyby,-2,25,25,0.5593919754,0.1369919926,0.7046080232,0.717137,1,0,-1,31449,27518,16,16,14173,51.5044698,18.60607602,512002,0,512002,31449
v3,d830fc32ff2631e4e1344dc30b3e09c3b9690bed,graph,octree_nfcount,flyby,-2,26,26,0.555136025,0.1351680011,0.6983039975,0.715619,1,0,-1,31265,27357,16,16,14140,51.68695398,18.71557554,512002,0,512002,31265
v3,d830fc32ff2631e4e1344dc30b3e09c3b9690bed,graph,octree_nfcount,flyby,-2,27,27,0.5799679756,0.1351680011,0.7242879868,0.742881,1,0,-1,31241,27336,16,16,14004,51.22914838,18.72995318,512002,0,512002,31241
v3,d830fc32ff2631e4e1344dc30b3e09c3b9690bed,graph,octree_nfcount,flyby,-2,28,28,0.5943040252,0.1330559999,0.7358400226,0.755196,1,0,-1,31585,27637,16,16,13992,50.6277816,18.52596157,512002,0,512002,31585
v3,d830fc32ff2631e4e1344dc30b3e09c3b9690bed,graph,octree_nfcount,flyby,-2,29,29,0.6035519838,0.1351680011,0.7469440103,0.765863,1,0,-1,32001,28001,16,16,13977,49.91607443,18.28513267,512002,0,512002,32001
v3,d830fc32ff2631e4e1344dc30b3e09c3b9690bed,graph,octree_nfcount,flyby,-2,30,30,0.620832026,0.1351680011,0.7643520236,0.779098,1,0,-1,31113,27224,16,16,13701,50.32691743,18.80700852,512002,0,512002,31113
v3,d830fc32ff2631e4e1344dc30b3e09c3b9690bed,graph,octree_nfcount,flyby,-2,31,31,0.6136959791,0.1350719929,0.7571200132,0.77466,1,0,-1,32225,28197,16,16,13861,49.15771181,18.158031,512002,0,512002,32225
v3,d830fc32ff2631e4e1344dc30b3e09c3b9690bed,graph,octree_nfcount,flyby,-2,32,32,0.621375978,0.1351680011,0.7639679909,0.775694,1,0,-1,31697,27735,16,16,13671,49.29150892,18.46050117,512002,0,512002,31697
v3,d830fc32ff2631e4e1344dc30b3e09c3b9690bed,graph,octree_nfcount,flyby,-2,33,33,0.6186559796,0.1351680011,0.7628800273,0.779527,1,0,-1,31537,27595,16,16,13576,49.19731835,18.55415836,512002,0,512002,31537
v3,d830fc32ff2631e4e1344dc30b3e09c3b9690bed,graph,octree_nfcount,flyby,-2,34,34,0.6252800226,0.1372479945,0.7715200186,0.784349,1,0,-1,31937,27945,16,16,13699,49.02129182,18.32177492,512002,0,512002,31937
v3,d830fc32ff2631e4e1344dc30b3e09c3b9690bed,graph,octree_nfcount,flyby,-2,35,35,0.6386240125,0.1351680011,0.7828159928,0.794706,1,0,-1,31233,27329,16,16,13313,48.71382048,18.73475063,512002,0,512002,31233
v3,d830fc32ff2631e4e1344dc30b3e09c3b9690bed,graph,octree_nfcount,flyby,-2,36,36,0.6332160234,0.1351680011,0.776992023,0.788664,1,0,-1,32041,28036,16,16,13623,48.59109716,18.26230561,512002,0,512002,32041
v3,d830fc32ff2631e4e1344dc30b3e09c3b9690bed,graph,octree_nfcount,flyby,-2,37,37,0.6348479986,0.1351680011,0.779039979,0.79344,1,0,-1,31305,27392,16,16,13298,48.54702103,18.6916618,512002,0,512002,31305
v3,d830fc32ff2631e4e1344dc30b3e09c3b9690bed,graph,octree_nfcount,flyby,-2,38,38,0.6372159719,0.1331200004,0.7793599963,0.792996,1,0,-1,31977,27980,16,16,13169,47.06576126,18.29885633,512002,0,512002,31977
v3,d830fc32ff2631e4e1344dc30b3e09c3b9690bed,graph,octree_nfcount,flyby,-2,39,39,0.6405119896,0.1351680011,0.7847040296,0.796848,1,0,-1,31481,27546,16,16,13222,47.99970958,18.58716329,512002,0,512002,31481
v3,d830fc32ff2631e4e1344dc30b3e09c3b9690bed,graph,octree_nfcount,flyby,-2,40,40,0.6431040168,0.1351999938,0.7866880298,0.804113,1,0,-1,32033,28029,16,16,13401,47.81119555,18.26686646,512002,0,512002,32033
v3,d830fc32ff2631e4e1344dc30b3e09c3b9690bed,graph,octree_nfcount,flyby,-2,41,41,0.6514239907,0.1331200004,0.7927359939,0.805012,1,0,-1,32113,28099,16,16,13388,47.64582369,18.22136019,512002,0,512002,32113
v3,d830fc32ff2631e4e1344dc30b3e09c3b9690bed,graph,octree_nfcount,flyby,-2,42,42,0.6475840211,0.1351999938,0.7913280129,0.804343,1,0,-1,32417,28365,16,16,13286,46.83941477,18.05048475,512002,0,512002,32417
v3,d830fc32ff2631e4e1344dc30b3e09c3b9690bed,graph,octree_nfcount,flyby,-2,43,43,0.647840023,0.1351359934,0.7916160226,0.80754,1,0,-1,31873,27889,16,16,13125,47.06156549,18.35856431,512002,0,512002,31873
v3,d830fc32ff2631e4e1344dc30b3e09c3b9690bed,graph,octree_nfcount,flyby,-2,44,44,0.6456959844,0.1372479945,0.7913600206,0.803175,1,0,-1,32841,28736,16,16,13154,45.77533408,17.81744154,512002,0,512002,32841
v3,d830fc32ff2631e4e1344dc30b3e09c3b9690bed,graph,octree_nfcount,flyby,-2,45,45,0.6493120193,0.1330879927,0.7914239764,0.805787,1,0,-1,32617,28540,16,16,13136,46.02662929,17.93980378,512002,0,512002,32617
v3,d830fc32ff2631e4e1344dc30b3e09c3b9690bed,graph,octree_nfcount,flyby,-2,46,46,0.6412799954,0.1351359934,0.7850880027,0.797447,1,0,-1,32825,28722,16,16,13023,45.34155003,17.82612631,512002,0,512002,32825
v3,d830fc32ff2631e4e1344dc30b3e09c3b9690bed,graph,octree_nfcount,flyby,-2,47,47,0.6431360245,0.1331200004,0.7848960161,0.797175,1,0,-1,32145,28127,16,16,12807,45.53276211,18.2032211,512002,0,512002,32145
v3,d830fc32ff2631e4e1344dc30b3e09c3b9690bed,graph,octree_nfcount,flyby,-2,48,48,0.6279680133,0.1331200004,0.7697600126,0.783018,1,0,-1,32737,28645,16,16,12785,44.63257113,17.87404434,512002,0,512002,32737
v3,d830fc32ff2631e4e1344dc30b3e09c3b9690bed,graph,octree_nfcount,flyby,-2,49,49,0.640320003,0.1351999938,0.7845119834,0.796571,1,0,-1,32441,28386,16,16,12600,44.38807863,18.03713098,512002,0,512002,32441
v3,d830fc32ff2631e4e1344dc30b3e09c3b9690bed,graph,octree_nfcount,flyby,-2,50,50,0.6285120249,0.1351680011,0.7717120051,0.782694,1,0,-1,32905,28792,16,16,12731,44.21714365,17.78278689,512002,0,512002,32905
v3,d830fc32ff2631e4e1344dc30b3e09c3b9690bed,graph,octree_nfcount,flyby,-2,51,51,0.6345279813,0.1371520013,0.7801920176,0.795869,1,0,-1,32577,28505,16,16,12696,44.53955446,17.96183126,512002,0,512002,32577
v3,d830fc32ff2631e4e1344dc30b3e09c3b9690bed,graph,octree_nfcount,flyby,-2,52,52,0.6288639903,0.1351999938,0.7724159956,0.791389,1,0,-1,33273,29114,16,16,12866,44.19179776,17.58610978,512002,0,512002,33273
v3,d830fc32ff2631e4e1344dc30b3e09c3b9690bed,graph,octree_nfcount,flyby,-2,53,53,0.6424959898,0.1351680011,0.7853760123,0.802292,1,0,-1,33409,29233,16,16,12922,44.20346868,17.51452126,512002,0,512002,33409
v3,d830fc32ff2631e4e1344dc30b3e09c3b9690bed,graph,octree_nfcount,flyby,-2,54,54,0.6286079884,0.1331200004,0.7700799704,0.781831,1,0,-1,33265,29107,16,16,12688,43.59088879,17.59033909,512002,0,512002,33265
v3,d830fc32ff2631e4e1344dc30b3e09c3b9690bed,graph,octree_nfcount,flyby,-2,55,55,0.6617599726,0.1330240071,0.8038079739,0.814861,1,0,-1,33065,28932,16,16,12578,43.47435366,17.69673718,512002,0,512002,33065
v3,d830fc32ff2631e4e1344dc30b3e09c3b9690bed,graph,octree_nfcount,flyby,-2,56,56,0.6224960089,0.1351680011,0.7652800083,0.776727,1,0,-1,33329,29163,16,16,12538,42.99283338,17.5565614,512002,0,512002,33329
v3,d830fc32ff2631e4e1344dc30b3e09c3b9690bed,graph,octree_nfcount,flyby,-2,57,57,0.6246079803,0.1351999938,0.7680000067,0.780887,1,0,-1,33185,29037,16,16,12387,42.65936564,17.63274443,512002,0,512002,33185
v3,d830fc32ff2631e4e1344dc30b3e09c3b9690bed,graph,octree_nfcount,flyby,-2,58,58,0.6212159991,0.1351680011,0.763199985,0.774909,1,0,-1,32993,28869,16,16,12197,42.24947175,17.73535626,512002,0,512002,32993
v3,d830fc32ff2631e4e1344dc30b3e09c3b9690bed,graph,octree_nfcount,flyby,-2,59,59,0.6132479906,0.1331200004,0.7523199916,0.762229,1,0,-1,33065,28932,16,16,12214,42.21623116,17.69673718,512002,0,512002,33065
v3,d830fc32ff2631e4e1344dc30b3e09c3b9690bed,graph,octree_nfcount,flyby,-2,60,60,0.6207039952,0.1331200004,0.7621120214,0.77645,1,0,-1,33073,28939,16,16,12267,42.38916341,17.69245655,512002,0,512002,33073
v3,d830fc32ff2631e4e1344dc30b3e09c3b9690bed,graph,octree_nfcount,flyby,-2,61,61,0.6121280193,0.1331200004,0.7527359724,0.764701,1,0,-1,33169,29023,16,16,12334,42.4973297,17.64125004,512002,0,512002,33169
v3,d830fc32ff2631e4e1344dc30b3e09c3b9690bed,graph,octree_nfcount,flyby,-2,62,62,0.6198400259,0.1372160017,0.7647680044,0.776151,1,0,-1,33337,29170,16,16,12393,42.48543024,17.5523483,512002,0,512002,33337
v3,d830fc32ff2631e4e1344dc30b3e09c3b9690bed,graph,octree_nfcount,flyby,-2,63,63,0.6099200249,0.1351680011,0.7536000013,0.766535,1,0,-1,33537,29345,16,16,12353,42.09575737,17.44767422,512002,0,512002,33537
v3,d830fc32ff2631e4e1344dc30b3e09c3b9690bed,graph,octree_nfcount,flyby,-2,64,64,0.6181759834,0.1351680011,0.7607679963,0.775102,1,0,-1,33249,29093,16,16,12159,41.79355859,17.59880384,512002,0,512002,33249
v3,d830fc32ff2631e4e1344dc30b3e09c3b9690bed,graph,octree_nfcount,flyby,-2,65,65,0.6104639769,0.1351680011,0.7537279725,0.765949,1,0,-1,33129,28988,16,16,11878,40.9755761,17.66255002,512002,0,512002,33129
v3,d830fc32ff2631e4e1344dc30b3e09c3b9690bed,graph,octree_nfcount,flyby,-2,66,66,0.61481601,0.1372479945,0.7605760098,0.779275,1,0,-1,33041,28911,16,16,11887,41.11583826,17.7095915,512002,0,512002,33041
v3,d830fc32ff2631e4e1344dc30b3e09c3b9690bed,graph,octree_nfcount,flyby,-2,67,67,0.6063039899,0.1351999938,0.7501440048,0.765354,1,0,-1,33313,29149,16,16,11849,40.649765,17.56499365,512002,0,512002,33313
v3,d830fc32ff2631e4e1344dc30b3e09c3b9690bed,graph,octree_nfcount,flyby,-2,68,68,0.6188799739,0.1351680011,0.7631360292,0.779372,1,0,-1,33465,29282,16,16,11969,40.87494024,17.48521276,512002,0,512002,33465
v3,d830fc32ff2631e4e1344dc30b3e09c3b9690bed,graph,octree_nfcount,flyby,-2,69,69,0.6093760133,0.1351999938,0.7535679936,0.767765,1,0,-1,33305,29142,16,16,11879,40.76247341,17.56921282,512002,0,512002,33305
v3,d830fc32ff2631e4e1344dc30b3e09c3b9690bed,graph,octree_nfcount,flyby,-2,70,70,0.6054080129,0.1350400001,0.7484160066,0.761357,1,0,-1,32785,28687,16,16,11453,39.92400739,17.84787534,512002,0,512002,32785
v3,d830fc32ff2631e4e1344dc30b3e09c3b9690bed,graph,octree_nfcount,flyby,-2,71,71,0.6076800227,0.1331200004,0.7486720085,0.764112,1,0,-1,33393,29219,16,16,11756,40.23409425,17.52291317,512002,0,512002,33393
v3,d830fc32ff2631e4e1344dc30b3e09c3b9690bed,graph,octree_nfcount,flyby,-2,72,72,0.6030719876,0.1351999938,0.7472959757,0.766036,1,0,-1,33305,29142,16,16,11738,40.27863565,17.56921282,512002,0,512002,33305
v3,d830fc32ff2631e4e1344dc30b3e09c3b9690bed,graph,octree_nfcount,flyby,-2,73,73,0.610303998,0.1392640024,0.7588160038,0.770974,1,0,-1,33497,29310,16,16,12035,41.06107131,17.46850904,512002,0,512002,33497
v3,d830fc32ff2631e4e1344dc30b3e09c3b9690bed,graph,octree_nfcount,flyby,-2,74,74,0.6050879955,0.1331200004,0.7457280159,0.761256,1,0,-1,33153,29009,16,16,11762,40.54603744,17.64976387,512002,0,512002,33153
v3,d830fc32ff2631e4e1344dc30b3e09c3b9690bed,graph,octree_nfcount,flyby,-2,75,75,0.6127359867,0.1371520013,0.7585600019,0.770871,1,0,-1,33401,29226,16,16,11814,40.42291111,17.51871621,512002,0,512002,33401
v3,d830fc32ff2631e4e1344dc30b3e09c3b9690bed,graph,octree_nfcount,flyby,-2,76,76,0.6029440165,0.139200002,0.7507200241,0.767622,1,0,-1,33465,29282,16,16,11795,40.28071853,17.48521276,512002,0,512002,33465
v3,d830fc32ff2631e4e1344dc30b3e09c3b9690bed,graph,octree_nfcount,flyby,-2,77,77,0.6095039845,0.1392640024,0.757791996,0.770006,1,0,-1,33025,28897,16,16,11588,40.10104855,17.71817144,512002,0,512002,33025
v3,d830fc32ff2631e4e1344dc30b3e09c3b9690bed,graph,octree_nfcount,flyby,-2,78,78,0.6021760106,0.1351999938,0.7461760044,0.758686,1,0,-1,33113,28974,16,16,11663,40.25333057,17.67108442,512002,0,512002,33113
v3,d830fc32ff2631e4e1344dc30b3e09c3b9690bed,graph,octree_nfcount,flyby,-2,79,79,0.603488028,0.1392959952,0.7503679991,0.764932,1,0,-1,32873,28764,16,16,11435,39.7545543,17.80009734,512002,0,512002,32873
v3,d830fc32ff2631e4e1344dc30b3e09c3b9690bed,graph,octree_nfcount,flyby,-2,80,80,0.587552011,0.1331200004,0.7288320065,0.741513,1,0,-1,32769,28673,16,16,11154,38.90070798,17.85658982,512002,0,512002,32769
v3,d830fc32ff2631e4e1344dc30b3e09c3b9690bed,graph,octree_nfcount,flyby,-2,81,81,0.5951679945,0.1330879927,0.7358400226,0.748177,1,0,-1,33145,29002,16,16,11397,39.29728984,17.65402386,512002,0,512002,33145
v3,d830fc32ff2631e4e1344dc30b3e09c3b9690bed,graph,octree_nfcount,flyby,-2,82,82,0.6029120088,0.1331200004,0.7437440157,0.754908,1,0,-1,33025,28897,16,16,11492,39.76883414,17.71817144,512002,0,512002,33025
v3,d830fc32ff2631e4e1344dc30b3e09c3b9690bed,graph,octree_nfcount,flyby,-2,83,83,0.5959360003,0.1372479945,0.7422720194,0.754729,1,0,-1,33057,28925,16,16,11498,39.75108038,17.70101988,512002,0,512002,33057
v3,d830fc32ff2631e4e1344dc30b3e09c3b9690bed,graph,octree_nfcount,flyby,-2,84,84,0.6019200087,0.1331200004,0.7434239984,0.754791,1,0,-1,33161,29016,16,16,11384,39.23352633,17.64550593,512002,0,512002,33161
v3,d830fc32ff2631e4e1344dc30b3e09c3b9690bed,graph,octree_nfcount,flyby,-2,85,85,0.5983679891,0.1331200004,0.7405120134,0.756983,1,0,-1,32985,28862,16,16,11323,39.23151549,17.73965768,512002,0,512002,32985
v3,d830fc32ff2631e4e1344dc30b3e09c3b9690bed,graph,octree_nfcount,flyby,-2,86,86,0.5993599892,0.1351680011,0.7429119945,0.754299,1,0,-1,32953,28834,16,16,11209,38.87424568,17.75688423,512002,0,512002,32953
v3,d830fc32ff2631e4e1344dc30b3e09c3b9690bed,graph,octree_nfcount,flyby,-2,87,87,0.5893759727,0.1331200004,0.7307519913,0.742701,1,0,-1,33097,28960,16,16,11190,38.63950276,17.67962707,512002,0,512002,33097
v3,d830fc32ff2631e4e1344dc30b3e09c3b9690bed,graph,octree_nfcount,flyby,-2,88,88,0.5870400071,0.1350719929,0.7304319739,0.744373,1,0,-1,33233,29079,16,16,11103,38.18219334,17.60727673,512002,0,512002,33233
v3,d830fc32ff2631e4e1344dc30b3e09c3b9690bed,graph,octree_nfcount,flyby,-2,89,89,0.5918400288,0.1372160017,0.7375040054,0.754102,1,0,-1,33193,29044,16,16,10981,37.80815315,17.6284947,512002,0,512002,33193
v3,d830fc32ff2631e4e1344dc30b3e09c3b9690bed,graph,octree_nfcount,flyby,-2,90,90,0.5878400207,0.1351680011,0.7320640087,0.744779,1,0,-1,33561,29366,16,16,11199,38.13593952,17.43519717,512002,0,512002,33561
v3,d830fc32ff2631e4e1344dc30b3e09c3b9690bed,graph,octree_nfcount,flyby,-2,91,91,0.5886080265,0.1331200004,0.7302079797,0.741736,1,0,-1,33297,29135,16,16,11030,37.8582461,17.57343401,512002,0,512002,33297
v3,d830fc32ff2631e4e1344dc30b3e09c3b9690bed,graph,octree_nfcount,flyby,-2,92,92,0.5965440273,0.1372160017,0.7406079769,0.751545,1,0,-1,33537,29345,16,16,11036,37.60776964,17.44767422,512002,0,512002,33537
v3,d830fc32ff2631e4e1344dc30b3e09c3b9690bed,graph,octree_nfcount,flyby,-2,93,93,0.5932480097,0.1331200004,0.7341439724,0.752087,1,0,-1,33169,29023,16,16,10794,37.19119319,17.64125004,512002,0,512002,33169
v3,d830fc32ff2631e4e1344dc30b3e09c3b9690bed,graph,octree_nfcount,flyby,-2,94,94,0.5939199924,0.1372160017,0.7394559979,0.752983,1,0,-1,33425,29247,16,16,10797,36.91660683,17.50613738,512002,0,512002,33425
v3,d830fc32ff2631e4e1344dc30b3e09c3b9690bed,graph,octree_nfcount,flyby,-2,95,95,0.5917440057,0.1392640024,0.7400320172,0.756348,1,0,-1,33553,29359,16,16,10907,37.1504479,17.4393542,512002,0,512002,33553
v3,d830fc32ff2631e4e1344dc30b3e09c3b9690bed,graph,octree_nfcount,flyby,-2,96,96,0.5911359787,0.1372160017,0.7364479899,0.753,1,0,-1,33721,29506,16,16,10865,36.82301905,17.35247068,512002,0,512002,33721
v3,d830fc32ff2631e4e1344dc30b3e09c3b9690bed,graph,octree_nfcount,flyby,-2,97,97,0.592607975,0.1351040006,0.735935986,0.747502,1,0,-1,33609,29408,16,16,10948,37.22796518,17.41029652,512002,0,512002,33609
v3,d830fc32ff2631e4e1344dc30b3e09c3b9690bed,graph,octree_nfcount,flyby,-2,98,98,0.5952640176,0.1331200004,0.7374079823,0.752614,1,0,-1,33657,29450,16,16,11061,37.55857385,17.38546689,512002,0,512002,33657
v3,d830fc32ff2631e4e1344dc30b3e09c3b9690bed,graph,octree_nfcount,flyby,-2,99,99,0.5994560122,0.1351680011,0.743712008,0.755552,1,0,-1,33769,29548,16,16,11020,37.29524841,17.3278056,512002,0,512002,33769
v3,d830fc32ff2631e4e1344dc30b3e09c3b9690bed,graph,octree_nfcount,flyby,-2,100,100,0.5961920023,0.1370240003,0.7423040271,0.755997,1,0,-1,33745,29527,16,16,10927,37.00680733,17.34012937,512002,0,512002,33745
v3,d830fc32ff2631e4e1344dc30b3e09c3b9690bed,graph,octree_nfcount,flyby,-2,101,101,0.5899839997,0.1372160017,0.7362239957,0.755169,1,0,-1,33681,29471,16,16,10804,36.65976723,17.37307862,512002,0,512002,33681
v3,d830fc32ff2631e4e1344dc30b3e09c3b9690bed,graph,octree_nfcount,flyby,-2,102,102,0.5897920132,0.1351680011,0.732927978,0.744484,1,0,-1,33441,29261,16,16,10578,36.1505075,17.49776153,512002,0,512002,33441
v3,d830fc32ff2631e4e1344dc30b3e09c3b9690bed,graph,octree_nfcount,flyby,-2,103,103,0.5882880092,0.1351999938,0.7288640141,0.743931,1,0,-1,33777,29555,16,16,10758,36.39993233,17.32370157,512002,0,512002,33777
v3,d830fc32ff2631e4e1344dc30b3e09c3b9690bed,graph,octree_nfcount,flyby,-2,104,104,0.5928000212,0.1372479945,0.7374079823,0.74755,1,0,-1,34241,29961,16,16,11158,37.24174761,17.08894897,512002,0,512002,34241
v3,d830fc32ff2631e4e1344dc30b3e09c3b9690bed,graph,octree_nfcount,flyby,-2,105,105,0.5942080021,0.1351680011,0.7360640168,0.748145,1,0,-1,34073,29814,16,16,10802,36.23130073,17.17320722,512002,0,512002,34073
v3,d830fc32ff2631e4e1344dc30b3e09c3b9690bed,graph,octree_nfcount,flyby,-2,106,106,0.5984320045,0.1372160017,0.7446720004,0.757826,1,0,-1,33945,29702,16,16,10815,36.41168945,17.23796377,512002,0,512002,33945
v3,d830fc32ff2631e4e1344dc30b3e09c3b9690bed,graph,octree_nfcount,flyby,-2,107,107,0.5951679945,0.1372160017,0.741599977,0.754909,1,0,-1,34009,29758,16,16,10949,36.7934673,17.20552456,512002,0,512002,34009
v3,d830fc32ff2631e4e1344dc30b3e09c3b9690bed,graph,octree_nfcount,flyby,-2,108,108,0.5901119709,0.1372479945,0.7359679937,0.754578,1,0,-1,33857,29625,16,16,10785,36.40506329,17.28276793,512002,0,512002,33857
v3,d830fc32ff2631e4e1344dc30b3e09c3b9690bed,graph,octree_nfcount,flyby,-2,109,109,0.5918719769,0.1372479945,0.7375680208,0.756094,1,0,-1,33817,29590,16,16,10538,35.6133829,17.30321054,512002,0,512002,33817
v3,d830fc32ff2631e4e1344dc30b3e09c3b9690bed,graph,octree_nfcount,flyby,-2,110,110,0.5959360003,0.1351999938,0.7395840287,0.755046,1,0,-1,34009,29758,16,16,10833,36.40365616,17.20552456,512002,0,512002,34009
v3,d830fc32ff2631e4e1344dc30b3e09c3b9690bed,graph,octree_nfcount,flyby,-2,111,111,0.5908799767,0.1351999938,0.7343360186,0.751763,1,0,-1,33905,29667,16,16,10716,36.12094246,17.25830047,512002,0,512002,33905
v3,d830fc32ff2631e4e1344dc30b3e09c3b9690bed,graph,octree_nfcount,flyby,-2,112,112,0.5960000157,0.1351999938,0.7395200133,0.754041,1,0,-1,33785,29562,16,16,10559,35.71815168,17.31959949,512002,0,512002,33785
v3,d830fc32ff2631e4e1344dc30b3e09c3b9690bed,graph,octree_nfcount,flyby,-2,113,113,0.5954560041,0.1351999938,0.7383360267,0.752507,1,0,-1,33801,29576,16,16,10622,35.9142548,17.31140114,512002,0,512002,33801
v3,d830fc32ff2631e4e1344dc30b3e09c3b9690bed,graph,octree_nfcount,flyby,-2,114,114,0.5976319909,0.1392959952,0.7450240254,0.765007,1,0,-1,34049,29793,16,16,10681,35.85070319,17.18531199,512002,0,512002,34049
v3,d830fc32ff2631e4e1344dc30b3e09c3b9690bed,graph,octree_nfcount,flyby,-2,115,115,0.5876479745,0.1331200004,0.7287359834,0.740473,1,0,-1,33753,29534,16,16,10453,35.39310625,17.3360195,512002,0,512002,33753
v3,d830fc32ff2631e4e1344dc30b3e09c3b9690bed,graph,octree_nfcount,flyby,-2,116,116,0.5942080021,0.1351680011,0.73743999,0.752976,1,0,-1,33945,29702,16,16,10606,35.70803313,17.23796377,512002,0,512002,33945
v3,d830fc32ff2631e4e1344dc30b3e09c3b9690bed,graph,octree_nfcount,flyby,-2,117,117,0.5940480232,0.1351680011,0.738304019,0.75529,1,0,-1,34057,29800,16,16,10748,36.06711409,17.18127517,512002,0,512002,34057
v3,d830fc32ff2631e4e1344dc30b3e09c3b9690bed,graph,octree_nfcount,flyby,-2,118,118,0.5953599811,0.1351680011,0.7397760153,0.754929,1,0,-1,33953,29709,16,16,10686,35.96889831,17.23390218,512002,0,512002,33953
v3,d830fc32ff2631e4e1344dc30b3e09c3b9690bed,graph,octree_nfcount,flyby,-2,119,119,0.5869759917,0.1351680011,0.730527997,0.742062,1,0,-1,33889,29653,16,16,10630,35.84797491,17.26644859,512002,0,512002,33889
v3,d830fc32ff2631e4e1344dc30b3e09c3b9690bed,graph,octree_nfcount,flyby,-2,120,120,0.5940799713,0.1392319947,0.7412160039,0.752829,1,0,-1,33969,29723,16,16,10646,35.81738048,17.22578475,512002,0,512002,33969
v3,d830fc32ff2631e4e1344dc30b3e09c3b9690bed,graph,octree_nfcount,flyby,-2,121,121,0.592607975,0.1351680011,0.7363520265,0.749405,1,0,-1,33961,29716,16,16,10592,35.64409746,17.22984251,512002,0,512002,33961
v3,d830fc32ff2631e4e1344dc30b3e09c3b9690bed,graph,octree_nfcount,flyby,-2,122,122,0.5938559771,0.1351680011,0.738048017,0.755663,1,0,-1,33953,29709,16,16,10519,35.40677909,17.23390218,512002,0,512002,33953
v3,d830fc32ff2631e4e1344dc30b3e09c3b9690bed,graph,octree_nfcount,flyby,-2,123,123,0.5953279734,0.1351680011,0.7389119864,0.751169,1,0,-1,34161,29891,16,16,10701,35.8000736,17.12896859,512002,0,512002,34161
v3,d830fc32ff2631e4e1344dc30b3e09c3b9690bed,graph,octree_nfcount,flyby,-2,124,124,0.5915200114,0.1372479945,0.7368639708,0.75472,1,0,-1,33937,29695,16,16,10566,35.58174777,17.24202728,512002,0,512002,33937
v3,d830fc32ff2631e4e1344dc30b3e09c3b9690bed,graph,octree_nfcount,flyby,-2,125,125,0.5959360003,0.1351359934,0.7391679883,0.750726,1,0,-1,34041,29786,16,16,10623,35.6644061,17.1893507,512002,0,512002,34041
v3,d830fc32ff2631e4e1344dc30b3e09c3b9690bed,graph,octree_nfcount,flyby,-2,126,126,0.5953919888,0.1351680011,0.7391359806,0.754154,1,0,-1,34169,29898,16,16,10587,35.41039534,17.12495819,512002,0,512002,34169
v3,d830fc32ff2631e4e1344dc30b3e09c3b9690bed,graph,octree_nfcount,flyby,-2,127,127,0.588447988,0.1372160017,0.7333760262,0.745661,1,0,-1,33809,29583,16,16,10364,35.03363418,17.30730487,512002,0,512002,33809
v3,d830fc32ff2631e4e1344dc30b3e09c3b9690bed,graph,octree_nfcount,flyby,-2,128,128,0.5890240073,0.1372479945,0.7353919744,0.747602,1,0,-1,33873,29639,16,16,10397,35.07878134,17.27460441,512002,0,512002,33873
v3,d830fc32ff2631e4e1344dc30b3e09c3b9690bed,graph,octree_nfcount,flyby,-2,129,129,0.5956479907,0.1372479945,0.7419199944,0.754938,1,0,-1,34097,29835,16,16,10510,35.22708229,17.16111949,512002,0,512002,34097
v3,d830fc32ff2631e4e1344dc30b3e09c3b9690bed,graph,octree_nfcount,flyby,-2,130,130,0.5914239883,0.1392959952,0.7391359806,0.755552,1,0,-1,33681,29471,16,16,10232,34.71887618,17.37307862,512002,0,512002,33681
v3,d830fc32ff2631e4e1344dc30b3e09c3b9690bed,graph,octree_nfcount,flyby,-2,131,131,0.5903040171,0.1372479945,0.7377279997,0.752384,1,0,-1,33569,29373,16,16,10185,34.67470126,17.43104211,512002,0,512002,33569
v3,d830fc32ff2631e4e1344dc30b3e09c3b9690bed,graph,octree_nfcount,flyby,-2,132,132,0.5862399936,0.1372160017,0.731423974,0.74273,1,0,-1,33945,29702,16,16,10269,34.5734294,17.23796377,512002,0,512002,33945
v3,d830fc32ff2631e4e1344dc30b3e09c3b9690bed,graph,octree_nfcount,flyby,-2,133,133,0.5873600245,0.1372479945,0.7327679992,0.744917,1,0,-1,33673,29464,16,16,9888,33.55959815,17.37720608,512002,0,512002,33673
v3,d830fc32ff2631e4e1344dc30b3e09c3b9690bed,graph,octree_nfcount,flyby,-2,134,134,0.5946239829,0.1351359934,0.7373120189,0.74947,1,0,-1,33873,29639,16,16,10227,34.50521273,17.27460441,512002,0,512002,33873
v3,d830fc32ff2631e4e1344dc30b3e09c3b9690bed,graph,octree_nfcount,flyby,-2,135,135,0.5939840078,0.1351999938,0.7375680208,0.751202,1,0,-1,33841,29611,16,16,10182,34.38587012,17.29093918,512002,0,512002,33841
v3,d830fc32ff2631e4e1344dc30b3e09c3b9690bed,graph,octree_nfcount,flyby,-2,136,136,0.5906559825,0.1351999938,0.7328959703,0.749176,1,0,-1,33937,29695,16,16,10182,34.28860077,17.24202728,512002,0,512002,33937
v3,d830fc32ff2631e4e1344dc30b3e09c3b9690bed,graph,octree_nfcount,flyby,-2,137,137,0.5963839889,0.1372160017,0.741952002,0.754284,1,0,-1,33857,29625,16,16,10150,34.26160338,17.28276793,512002,0,512002,33857
v3,d830fc32ff2631e4e1344dc30b3e09c3b9690bed,graph,octree_nfcount,flyby,-2,138,138,0.5900160074,0.1372160017,0.7362560034,0.754654,1,0,-1,33889,29653,16,16,9960,33.58850707,17.26644859,512002,0,512002,33889
v3,d830fc32ff2631e4e1344dc30b3e09c3b9690bed,graph,octree_nfcount,flyby,-2,139,139,0.5900800228,0.1392640024,0.7381119728,0.755455,1,0,-1,34001,29751,16,16,10215,34.33498034,17.20957279,512002,0,512002,34001
v3,d830fc32ff2631e4e1344dc30b3e09c3b9690bed,graph,octree_nfcount,flyby,-2,140,140,0.5922240019,0.1371520013,0.7374079823,0.754448,1,0,-1,33857,29625,16,16,10216,34.48438819,17.28276793,512002,0,512002,33857
v3,d830fc32ff2631e4e1344dc30b3e09c3b9690bed,graph,octree_nfcount,flyby,-2,141,141,0.5878400207,0.1351999938,0.7313600183,0.743004,1,0,-1,34057,29800,16,16,10072,33.79865772,17.18127517,512002,0,512002,34057
v3,d830fc32ff2631e4e1344dc30b3e09c3b9690bed,graph,octree_nfcount,flyby,-2,142,142,0.5974079967,0.1351999938,0.7409920096,0.754775,1,0,-1,34033,29779,16,16,10174,34.16501562,17.19339132,512002,0,512002,34033
v3,d830fc32ff2631e4e1344dc30b3e09c3b9690bed,graph,octree_nfcount,flyby,-2,143,143,0.5889599919,0.1351680011,0.7319039702,0.744387,1,0,-1,34073,29814,16,16,10133,33.98738848,17.17320722,512002,0,512002,34073
v3,d830fc32ff2631e4e1344dc30b3e09c3b9690bed,graph,octree_nfcount,flyby,-2,144,144,0.5833280087,0.1351680011,0.7268480062,0.74129,1,0,-1,33625,29422,16,16,9881,33.58371287,17.4020121,512002,0,512002,33625
v3,d830fc32ff2631e4e1344dc30b3e09c3b9690bed,graph,octree_nfcount,flyby,-2,145,145,0.5787519813,0.1330879927,0.7202879786,0.731115,1,0,-1,33585,29387,16,16,9864,33.56586246,17.42273795,512002,0,512002,33585
v3,d830fc32ff2631e4e1344dc30b3e09c3b9690bed,graph,octree_nfcount,flyby,-2,146,146,0.5905920267,0.1392640024,0.7394239902,0.756717,1,0,-1,33433,29254,16,16,9706,33.17836877,17.50194845,512002,0,512002,33433
v3,d830fc32ff2631e4e1344dc30b3e09c3b9690bed,graph,octree_nfcount,flyby,-2,147,147,0.583935976,0.1372160017,0.7294399738,0.741635,1,0,-1,33281,29121,16,16,9718,33.37110676,17.58188249,512002,0,512002,33281
v3,d830fc32ff2631e4e1344dc30b3e09c3b9690bed,graph,octree_nfcount,flyby,-2,148,148,0.5857599974,0.1372479945,0.730527997,0.742688,1,0,-1,33257,29100,16,16,9750,33.50515464,17.59457045,512002,0,512002,33257
v3,d830fc32ff2631e4e1344dc30b3e09c3b9690bed,graph,octree_nfcount,flyby,-2,149,149,0.5783039927,0.1329600066,0.7196159959,0.739434,1,0,-1,33193,29044,16,16,9640,33.19102052,17.6284947,512002,0,512002,33193
v3,d830fc32ff2631e4e1344dc30b3e09c3b9690bed,graph,octree_nfcount,flyby,-2,150,150,0.5808640122,0.1351359934,0.7236480117,0.734737,1,0,-1,33593,29394,16,16,9954,33.86405389,17.41858883,512002,0,512002,33593
v3,d830fc32ff2631e4e1344dc30b3e09c3b9690bed,graph,octree_nfcount,flyby,-2,151,151,0.5874879956,0.1351680011,0.7311999798,0.742691,1,0,-1,33881,29646,16,16,9964,33.60993051,17.27052553,512002,0,512002,33881
v3,d830fc32ff2631e4e1344dc30b3e09c3b9690bed,graph,octree_nfcount,flyby,-2,152,152,0.5877439976,0.1392959952,0.7352640033,0.753655,1,0,-1,33737,29520,16,16,9949,33.70257453,17.34424119,512002,0,512002,33737
v3,d830fc32ff2631e4e1344dc30b3e09c3b9690bed,graph,octree_nfcount,flyby,-2,153,153,0.5870400071,0.1392640024,0.7343040109,0.752799,1,0,-1,33513,29324,16,16,9803,33.42995499,17.46016914,512002,0,512002,33513
v3,d830fc32ff2631e4e1344dc30b3e09c3b9690bed,graph,octree_nfcount,flyby,-2,154,154,0.5833280087,0.1351680011,0.7271680236,0.741945,1,0,-1,33553,29359,16,16,9783,33.32197963,17.4393542,512002,0,512002,33553
v3,d830fc32ff2631e4e1344dc30b3e09c3b9690bed,graph,octree_nfcount,flyby,-2,155,155,0.5825600028,0.1351680011,0.7269120216,0.744008,1,0,-1,33521,29331,16,16,9820,33.4799359,17.45600218,512002,0,512002,33521
v3,d830fc32ff2631e4e1344dc30b3e09c3b9690bed,graph,octree_nfcount,flyby,-2,156,156,0.5835840106,0.1331200004,0.7257599831,0.742882,1,0,-1,33465,29282,16,16,9737,33.25251007,17.48521276,512002,0,512002,33465
v3,d830fc32ff2631e4e1344dc30b3e09c3b9690bed,graph,octree_nfcount,flyby,-2,157,157,0.5831360221,0.1372479945,0.7289599776,0.74358,1,0,-1,33457,29275,16,16,9732,33.24338173,17.48939368,512002,0,512002,33457
v3,d830fc32ff2631e4e1344dc30b3e09c3b9690bed,graph,octree_nfcount,flyby,-2,158,158,0.5825600028,0.1330879927,0.7232319713,0.7378,1,0,-1,33873,29639,16,16,9806,33.08478694,17.27460441,512002,0,512002,33873
v3,d830fc32ff2631e4e1344dc30b3e09c3b9690bed,graph,octree_nfcount,flyby,-2,159,159,0.5797119737,0.139200002,0.7268800139,0.741557,1,0,-1,33625,29422,16,16,9600,32.62864523,17.4020121,512002,0,512002,33625
v3,d830fc32ff2631e4e1344dc30b3e09c3b9690bed,graph,octree_nfcount,flyby,-2,160,160,0.5784320235,0.1330879927,0.7195839882,0.732143,1,0,-1,33433,29254,16,16,9569,32.71005674,17.50194845,512002,0,512002,33433
v3,d830fc32ff2631e4e1344dc30b3e09c3b9690bed,graph,octree_nfcount,flyby,-2,161,161,0.5916479826,0.1372160017,0.7365120053,0.75429,1,0,-1,33561,29366,16,16,9601,32.69427229,17.43519717,512002,0,512002,33561
v3,d830fc32ff2631e4e1344dc30b3e09c3b9690bed,graph,octree_nfcount,flyby,-2,162,162,0.5872960091,0.1331200004,0.728128016,0.740982,1,0,-1,33569,29373,16,16,9572,32.58775066,17.43104211,512002,0,512002,33569
v3,d830fc32ff2631e4e1344dc30b3e09c3b9690bed,graph,octree_nfcount,flyby,-2,163,163,0.5914880037,0.1351999938,0.7350080013,0.75218,1,0,-1,34009,29758,16,16,9704,32.6097184,17.20552456,512002,0,512002,34009
v3,d830fc32ff2631e4e1344dc30b3e09c3b9690bed,graph,octree_nfcount,flyby,-2,164,164,0.5834879875,0.1351680011,0.7270399928,0.7409,1,0,-1,33489,29303,16,16,9481,32.35504897,17.47268198,512002,0,512002,33489
v3,d830fc32ff2631e4e1344dc30b3e09c3b9690bed,graph,octree_nfcount,flyby,-2,165,165,0.578527987,0.1351680011,0.7213119864,0.739764,1,0,-1,33457,29275,16,16,9611,32.83005978,17.48939368,512002,0,512002,33457
v3,d830fc32ff2631e4e1344dc30b3e09c3b9690bed,graph,octree_nfcount,flyby,-2,166,166,0.5870079994,0.1331200004,0.7274240255,0.738097,1,0,-1,33713,29499,16,16,9623,32.62144479,17.35658836,512002,0,512002,33713
v3,d830fc32ff2631e4e1344dc30b3e09c3b9690bed,graph,octree_nfcount,flyby,-2,167,167,0.5888320208,0.1351680011,0.7330240011,0.745835,1,0,-1,33817,29590,16,16,9585,32.39270024,17.30321054,512002,0,512002,33817
v3,d830fc32ff2631e4e1344dc30b3e09c3b9690bed,graph,octree_nfcount,flyby,-2,168,168,0.5869119763,0.1351680011,0.7298880219,0.742252,1,0,-1,33625,29422,16,16,9520,32.35673985,17.4020121,512002,0,512002,33625
v3,d830fc32ff2631e4e1344dc30b3e09c3b9690bed,graph,octree_nfcount,flyby,-2,169,169,0.5789440274,0.1331200004,0.7200959921,0.731546,1,0,-1,33745,29527,16,16,9467,32.06218038,17.34012937,512002,0,512002,33745
v3,d830fc32ff2631e4e1344dc30b3e09c3b9690bed,graph,octree_nfcount,flyby,-2,170,170,0.5834239721,0.1372160017,0.728128016,0.740048,1,0,-1,33769,29548,16,16,9649,32.65534046,17.3278056,512002,0,512002,33769
v3,d830fc32ff2631e4e1344dc30b3e09c3b9690bed,graph,octree_nfcount,flyby,-2,171,171,0.5830079913,0.1331200004,0.7238399982,0.739904,1,0,-1,33833,29604,16,16,9592,32.40102689,17.2950277,512002,0,512002,33833
v3,d830fc32ff2631e4e1344dc30b3e09c3b9690bed,graph,octree_nfcount,flyby,-2,172,172,0.5882880092,0.1372160017,0.7337599993,0.746144,1,0,-1,33873,29639,16,16,9473,31.96126725,17.27460441,512002,0,512002,33873
v3,d830fc32ff2631e4e1344dc30b3e09c3b9690bed,graph,octree_nfcount,flyby,-2,173,173,0.5880960226,0.1331200004,0.7296640277,0.743947,1,0,-1,33793,29569,16,16,9483,32.07074977,17.31549934,512002,0,512002,33793
v3,d830fc32ff2631e4e1344dc30b3e09c3b9690bed,graph,octree_nfcount,flyby,-2,174,174,0.5809599757,0.1350400001,0.7250880003,0.741864,1,0,-1,33537,29345,16,16,9356,31.8827739,17.44767422,512002,0,512002,33537
v3,d830fc32ff2631e4e1344dc30b3e09c3b9690bed,graph,octree_nfcount,flyby,-2,175,175,0.5811840296,0.1372160017,0.7268800139,0.742499,1,0,-1,33545,29352,16,16,9468,32.25674571,17.44351322,512002,0,512002,33545
v3,d830fc32ff2631e4e1344dc30b3e09c3b9690bed,graph,octree_nfcount,flyby,-2,176,176,0.583392024,0.1330240071,0.7246080041,0.741884,1,0,-1,33457,29275,16,16,9323,31.84628523,17.48939368,512002,0,512002,33457
v3,d830fc32ff2631e4e1344dc30b3e09c3b9690bed,graph,octree_nfcount,flyby,-2,177,177,0.5834559798,0.1330879927,0.7255679965,0.741563,1,0,-1,33449,29268,16,16,9417,32.17507175,17.4935766,512002,0,512002,33449
v3,d830fc32ff2631e4e1344dc30b3e09c3b9690bed,graph,octree_nfcount,flyby,-2,178,178,0.583296001,0.1371839941,0.7289919853,0.741951,1,0,-1,33473,29289,16,16,9369,31.98811841,17.48103384,512002,0,512002,33473
v3,d830fc32ff2631e4e1344dc30b3e09c3b9690bed,graph,octree_nfcount,flyby,-2,179,179,0.5834239721,0.1331200004,0.7240960002,0.738983,1,0,-1,33329,29163,16,16,9177,31.46795597,17.5565614,512002,0,512002,33329
v3,d830fc32ff2631e4e1344dc30b3e09c3b9690bed,graph,octree_nfcount,flyby,-2,180,180,0.5788480043,0.1351680011,0.7213760018,0.738443,1,0,-1,33609,29408,16,16,9380,31.8960827,17.41029652,512002,0,512002,33609
v3,d830fc32ff2631e4e1344dc30b3e09c3b9690bed,graph,octree_nfcount,flyby,-2,181,181,0.586943984,0.1351359934,0.7286400199,0.739158,1,0,-1,33609,29408,16,16,9321,31.69545702,17.41029652,512002,0,512002,33609
v3,d830fc32ff2631e4e1344dc30b3e09c3b9690bed,graph,octree_nfcount,flyby,-2,182,182,0.5871359706,0.1372160017,0.7328640223,0.753101,1,0,-1,33793,29569,16,16,9443,31.93547296,17.31549934,512002,0,512002,33793
v3,d830fc32ff2631e4e1344dc30b3e09c3b9690bed,graph,octree_nfcount,flyby,-2,183,183,0.5775039792,0.1331200004,0.7183359861,0.731251,1,0,-1,33497,29310,16,16,9178,31.31354487,17.46850904,512002,0,512002,33497
v3,d830fc32ff2631e4e1344dc30b3e09c3b9690bed,graph,octree_nfcount,flyby,-2,184,184,0.5814080238,0.1392959952,0.7284799814,0.739826,1,0,-1,33585,29387,16,16,9367,31.87463845,17.42273795,512002,0,512002,33585
v3,d830fc32ff2631e4e1344dc30b3e09c3b9690bed,graph,octree_nfcount,flyby,-2,185,185,0.5824959874,0.1371520013,0.7282879949,0.743757,1,0,-1,33561,29366,16,16,9485,32.29925764,17.43519717,512002,0,512002,33561
v3,d830fc32ff2631e4e1344dc30b3e09c3b9690bed,graph,octree_nfcount,flyby,-2,186,186,0.5855039954,0.1351680011,0.7290560007,0.741655,1,0,-1,33473,29289,16,16,9303,31.76277783,17.48103384,512002,0,512002,33473
v3,d830fc32ff2631e4e1344dc30b3e09c3b9690bed,graph,octree_nfcount,flyby,-2,187,187,0.5838080049,0.1331200004,0.7256960273,0.74094,1,0,-1,33625,29422,16,16,9443,32.09503093,17.4020121,512002,0,512002,33625
v3,d830fc32ff2631e4e1344dc30b3e09c3b9690bed,graph,octree_nfcount,flyby,-2,188,188,0.5804160237,0.1351680011,0.7246720195,0.737862,1,0,-1,33505,29317,16,16,9202,31.38793192,17.4643381,512002,0,512002,33505
v3,d830fc32ff2631e4e1344dc30b3e09c3b9690bed,graph,octree_nfcount,flyby,-2,189,189,0.5825279951,0.1331200004,0.7243199944,0.741518,1,0,-1,33465,29282,16,16,9343,31.90697357,17.48521276,512002,0,512002,33465
v3,d830fc32ff2631e4e1344dc30b3e09c3b9690bed,graph,octree_nfcount,flyby,-2,190,190,0.5857279897,0.1331200004,0.7268800139,0.743881,1,0,-1,33513,29324,16,16,9262,31.58504979,17.46016914,512002,0,512002,33513
v3,d830fc32ff2631e4e1344dc30b3e09c3b9690bed,graph,octree_nfcount,flyby,-2,191,191,0.5823680162,0.1372160017,0.7270399928,0.740368,1,0,-1,33353,29184,16,16,9153,31.36307566,17.54392818,512002,0,512002,33353
v3,d830fc32ff2631e4e1344dc30b3e09c3b9690bed,graph,octree_nfcount,flyby,-2,192,192,0.5853760242,0.1351680011,0.7283840179,0.740258,1,0,-1,33457,29275,16,16,9202,31.43296328,17.48939368,512002,0,512002,33457
v3,d830fc32ff2631e4e1344dc30b3e09c3b9690bed,graph,octree_nfcount,flyby,-2,193,193,0.5812159777,0.1351999938,0.7246400118,0.741546,1,0,-1,33369,29198,16,16,9133,31.27953969,17.53551613,512002,0,512002,33369
v3,d830fc32ff2631e4e1344dc30b3e09c3b9690bed,graph,octree_nfcount,flyby,-2,194,194,0.5853120089,0.1331200004,0.7264959812,0.741022,1,0,-1,33369,29198,16,16,9185,31.45763408,17.53551613,512002,0,512002,33369
v3,d830fc32ff2631e4e1344dc30b3e09c3b9690bed,graph,octree_nfcount,flyby,-2,195,195,0.5834559798,0.1331200004,0.7256000042,0.740202,1,0,-1,33289,29128,16,16,9133,31.35471024,17.57765724,512002,0,512002,33289
v3,d830fc32ff2631e4e1344dc30b3e09c3b9690bed,graph,octree_nfcount,flyby,-2,196,196,0.5859839916,0.1351680011,0.7297919989,0.74187,1,0,-1,33617,29415,16,16,9396,31.94288628,17.40615332,512002,0,512002,33617
v3,d830fc32ff2631e4e1344dc30b3e09c3b9690bed,graph,octree_nfcount,flyby,-2,197,197,0.577376008,0.1351680011,0.7215999961,0.738293,1,0,-1,33481,29296,16,16,9301,31.74836155,17.47685691,512002,0,512002,33481
v3,d830fc32ff2631e4e1344dc30b3e09c3b9690bed,graph,octree_nfcount,flyby,-2,198,198,0.5811200142,0.1351999938,0.7241280079,0.743396,1,0,-1,33561,29366,16,16,9373,31.9178642,17.43519717,512002,0,512002,33561
v3,d830fc32ff2631e4e1344dc30b3e09c3b9690bed,graph,octree_nfcount,flyby,-2,199,199,0.5834239721,0.1372479945,0.7285439968,0.739395,1,0,-1,33585,29387,16,16,9363,31.86102698,17.42273795,512002,0,512002,33585
v3,d830fc32ff2631e4e1344dc30b3e09c3b9690bed,graph,octree_nfcount,flyby,-2,200,200,0.586943984,0.1351999938,0.7296000123,0.740739,1,0,-1,33641,29436,16,16,9357,31.78760701,17.39373556,512002,0,512002,33641
v3,d830fc32ff2631e4e1344dc30b3e09c3b9690bed,graph,octree_nfcount,flyby,-2,201,201,0.5846080184,0.1351040006,0.7274559736,0.739375,1,0,-1,33697,29485,16,16,9344,31.69069018,17.36482957,512002,0,512002,33697
v3,d830fc32ff2631e4e1344dc30b3e09c3b9690bed,graph,octree_nfcount,flyby,-2,202,202,0.5814399719,0.1331200004,0.7230399847,0.74039,1,0,-1,33881,29646,16,16,9274,31.28246644,17.27052553,512002,0,512002,33881
v3,d830fc32ff2631e4e1344dc30b3e09c3b9690bed,graph,octree_nfcount,flyby,-2,203,203,0.5809919834,0.1351680011,0.7249280214,0.741012,1,0,-1,33713,29499,16,16,9389,31.82819757,17.35658836,512002,0,512002,33713
v3,d830fc32ff2631e4e1344dc30b3e09c3b9690bed,graph,octree_nfcount,flyby,-2,204,204,0.5831360221,0.1372160017,0.7284160256,0.741721,1,0,-1,33729,29513,16,16,9295,31.4945956,17.34835496,512002,0,512002,33729
v3,d830fc32ff2631e4e1344dc30b3e09c3b9690bed,graph,octree_nfcount,flyby,-2,205,205,0.5876799822,0.1372479945,0.7324479818,0.747467,1,0,-1,33889,29653,16,16,9470,31.93606043,17.26644859,512002,0,512002,33889
v3,d830fc32ff2631e4e1344dc30b3e09c3b9690bed,graph,octree_nfcount,flyby,-2,206,206,0.5814719796,0.1372160017,0.7268480062,0.741913,1,0,-1,33673,29464,16,16,9299,31.56054847,17.37720608,512002,0,512002,33673
v3,d830fc32ff2631e4e1344dc30b3e09c3b9690bed,graph,octree_nfcount,flyby,-2,207,207,0.5851200223,0.1372160017,0.7303680182,0.741898,1,0,-1,33921,29681,16,16,9550,32.17546579,17.25016004,512002,0,512002,33921
v3,d830fc32ff2631e4e1344dc30b3e09c3b9690bed,graph,octree_nfcount,flyby,-2,208,208,0.5838720202,0.1331200004,0.7250559926,0.741547,1,0,-1,33889,29653,16,16,9464,31.91582639,17.26644859,512002,0,512002,33889
v3,d830fc32ff2631e4e1344dc30b3e09c3b9690bed,graph,octree_nfcount,flyby,-2,209,209,0.5890880227,0.1351999938,0.7319039702,0.743696,1,0,-1,33793,29569,16,16,9368,31.68182894,17.31549934,512002,0,512002,33793
v3,d830fc32ff2631e4e1344dc30b3e09c3b9690bed,graph,octree_nfcount,flyby,-2,210,210,0.5854079723,0.1351680011,0.7286400199,0.740171,1,0,-1,33833,29604,16,16,9337,31.5396568,17.2950277,512002,0,512002,33833
v3,d830fc32ff2631e4e1344dc30b3e09c3b9690bed,graph,octree_nfcount,flyby,-2,211,211,0.5752639771,0.1372160017,0.7205119729,0.735269,1,0,-1,33553,29359,16,16,9173,31.24425219,17.4393542,512002,0,512002,33553
v3,d830fc32ff2631e4e1344dc30b3e09c3b9690bed,graph,octree_nfcount,flyby,-2,212,212,0.5792639852,0.1372479945,0.7255679965,0.742168,1,0,-1,33745,29527,16,16,9345,31.64899922,17.34012937,512002,0,512002,33745
v3,d830fc32ff2631e4e1344dc30b3e09c3b9690bed,graph,octree_nfcount,flyby,-2,213,213,0.5809599757,0.1372479945,0.7265920043,0.741733,1,0,-1,33545,29352,16,16,9285,31.63327882,17.44351322,512002,0,512002,33545
v3,d830fc32ff2631e4e1344dc30b3e09c3b9690bed,graph,octree_nfcount,flyby,-2,214,214,0.5832639933,0.1372160017,0.7286400199,0.740057,1,0,-1,33761,29541,16,16,9368,31.7118581,17.33191158,512002,0,512002,33761
v3,d830fc32ff2631e4e1344dc30b3e09c3b9690bed,graph,octree_nfcount,flyby,-2,215,215,0.5795199871,0.1351680011,0.7213119864,0.73469,1,0,-1,33625,29422,16,16,9212,31.30990415,17.4020121,512002,0,512002,33625
v3,d830fc32ff2631e4e1344dc30b3e09c3b9690bed,graph,octree_nfcount,flyby,-2,216,216,0.5757120252,0.1372160017,0.721216023,0.733797,1,0,-1,33969,29723,16,16,9466,31.84739091,17.22578475,512002,0,512002,33969
v3,d830fc32ff2631e4e1344dc30b3e09c3b9690bed,graph,octree_nfcount,flyby,-2,217,217,0.589056015,0.1372479945,0.7341439724,0.753567,1,0,-1,33841,29611,16,16,9328,31.50180676,17.29093918,512002,0,512002,33841
v3,d830fc32ff2631e4e1344dc30b3e09c3b9690bed,graph,octree_nfcount,flyby,-2,218,218,0.5794879794,0.1372160017,0.7249280214,0.741227,1,0,-1,33873,29639,16,16,9393,31.69135261,17.27460441,512002,0,512002,33873
v3,d830fc32ff2631e4e1344dc30b3e09c3b9690bed,graph,octree_nfcount,flyby,-2,219,219,0.5807359815,0.1331200004,0.7223680019,0.741321,1,0,-1,33857,29625,16,16,9345,31.5443038,17.28276793,512002,0,512002,33857
v3,d830fc32ff2631e4e1344dc30b3e09c3b9690bed,graph,octree_nfcount,flyby,-2,220,220,0.5782719851,0.1351680011,0.7203199863,0.734741,1,0,-1,33617,29415,16,16,9237,31.40234574,17.40615332,512002,0,512002,33617
v3,d830fc32ff2631e4e1344dc30b3e09c3b9690bed,graph,octree_nfcount,flyby,-2,221,221,0.5856639743,0.1351999938,0.7298880219,0.741203,1,0,-1,33921,29681,16,16,9446,31.82507328,17.25016004,512002,0,512002,33921
v3,d830fc32ff2631e4e1344dc30b3e09c3b9690bed,graph,octree_nfcount,flyby,-2,222,222,0.5854719877,0.1372479945,0.7309120297,0.743229,1,0,-1,33889,29653,16,16,9340,31.49765622,17.26644859,512002,0,512002,33889
v3,d830fc32ff2631e4e1344dc30b3e09c3b9690bed,graph,octree_nfcount,flyby,-2,223,223,0.587552011,0.1370880008,0.7325119972,0.745095,1,0,-1,33921,29681,16,16,9350,31.50163404,17.25016004,512002,0,512002,33921
v3,d830fc32ff2631e4e1344dc30b3e09c3b9690bed,graph,octree_nfcount,flyby,-2,224,224,0.5848640203,0.1351680011,0.727775991,0.739455,1,0,-1,33657,29450,16,16,9102,30.90662139,17.38546689,512002,0,512002,33657
v3,d830fc32ff2631e4e1344dc30b3e09c3b9690bed,graph,octree_nfcount,flyby,-2,225,225,0.5894719958,0.1331200004,0.7311679721,0.743385,1,0,-1,34081,29821,16,16,9421,31.59183126,17.16917608,512002,0,512002,34081
v3,d830fc32ff2631e4e1344dc30b3e09c3b9690bed,graph,octree_nfcount,flyby,-2,226,226,0.5881599784,0.1372160017,0.7343999743,0.74592,1,0,-1,33697,29485,16,16,9075,30.77836188,17.36482957,512002,0,512002,33697
v3,d830fc32ff2631e4e1344dc30b3e09c3b9690bed,graph,octree_nfcount,flyby,-2,227,227,0.5833280087,0.1372160017,0.7295359969,0.742841,1,0,-1,33777,29555,16,16,9222,31.20284216,17.32370157,512002,0,512002,33777
v3,d830fc32ff2631e4e1344dc30b3e09c3b9690bed,graph,octree_nfcount,flyby,-2,228,228,0.5772479773,0.1372160017,0.7220159769,0.740186,1,0,-1,33897,29660,16,16,9066,30.56641942,17.26237357,512002,0,512002,33897
v3,d830fc32ff2631e4e1344dc30b3e09c3b9690bed,graph,octree_nfcount,flyby,-2,229,229,0.5788480043,0.1351359934,0.7217919827,0.739881,1,0,-1,33873,29639,16,16,9162,30.91197409,17.27460441,512002,0,512002,33873
v3,d830fc32ff2631e4e1344dc30b3e09c3b9690bed,graph,octree_nfcount,flyby,-2,230,230,0.5859519839,0.1371520013,0.7320960164,0.744904,1,0,-1,34001,29751,16,16,9158,30.78215858,17.20957279,512002,0,512002,34001
v3,d830fc32ff2631e4e1344dc30b3e09c3b9690bed,graph,octree_nfcount,flyby,-2,231,231,0.5857920051,0.1372160017,0.7320640087,0.744642,1,0,-1,34089,29828,16,16,9252,31.01783559,17.16514684,512002,0,512002,34089
v3,d830fc32ff2631e4e1344dc30b3e09c3b9690bed,graph,octree_nfcount,flyby,-2,232,232,0.5793920159,0.1392640024,0.7276480198,0.743107,1,0,-1,34001,29751,16,16,9144,30.73510134,17.20957279,512002,0,512002,34001
v3,d830fc32ff2631e4e1344dc30b3e09c3b9690bed,graph,octree_nfcount,flyby,-2,233,233,0.5860159993,0.1351680011,0.7294719815,0.742002,1,0,-1,34001,29751,16,16,9234,31.03761218,17.20957279,512002,0,512002,34001
v3,d830fc32ff2631e4e1344dc30b3e09c3b9690bed,graph,octree_nfcount,flyby,-2,234,234,0.5854079723,0.1392640024,0.7327679992,0.746167,1,0,-1,34305,30017,16,16,9232,30.75590499,17.05706766,512002,0,512002,34305
v3,d830fc32ff2631e4e1344dc30b3e09c3b9690bed,graph,octree_nfcount,flyby,-2,235,235,0.5852479935,0.1372479945,0.7316480279,0.744798,1,0,-1,34201,29926,16,16,9205,30.75920604,17.10893537,512002,0,512002,34201
v3,d830fc32ff2631e4e1344dc30b3e09c3b9690bed,graph,octree_nfcount,flyby,-2,236,236,0.5903040171,0.1392640024,0.7379840016,0.753867,1,0,-1,34153,29884,16,16,9255,30.9697497,17.13298086,512002,0,512002,34153
v3,d830fc32ff2631e4e1344dc30b3e09c3b9690bed,graph,octree_nfcount,flyby,-2,237,237,0.5753920078,0.1372160017,0.7207040191,0.732496,1,0,-1,34017,29765,16,16,9029,30.33428523,17.20147825,512002,0,512002,34017
v3,d830fc32ff2631e4e1344dc30b3e09c3b9690bed,graph,octree_nfcount,flyby,-2,238,238,0.5828160048,0.1351680011,0.7255039811,0.73792,1,0,-1,34225,29947,16,16,9275,30.97138278,17.09693792,512002,0,512002,34225
v3,d830fc32ff2631e4e1344dc30b3e09c3b9690bed,graph,octree_nfcount,flyby,-2,239,239,0.5879679918,0.1372160017,0.7338879704,0.75357,1,0,-1,34201,29926,16,16,9123,30.48519682,17.10893537,512002,0,512002,34201
v3,d830fc32ff2631e4e1344dc30b3e09c3b9690bed,graph,octree_nfcount,flyby,-2,240,240,0.5869759917,0.1372160017,0.7314879894,0.748233,1,0,-1,34137,29870,16,16,9185,30.7499163,17.14101105,512002,0,512002,34137
v3,d830fc32ff2631e4e1344dc30b3e09c3b9690bed,graph,octree_nfcount,flyby,-2,241,241,0.5813120008,0.1372160017,0.7261120081,0.737892,1,0,-1,34249,29968,16,16,9148,30.52589429,17.08495729,512002,0,512002,34249
v3,d830fc32ff2631e4e1344dc30b3e09c3b9690bed,graph,octree_nfcount,flyby,-2,242,242,0.5846400261,0.1392640024,0.7321280241,0.750575,1,0,-1,34233,29954,16,16,9245,30.86399145,17.09294251,512002,0,512002,34233
v3,d830fc32ff2631e4e1344dc30b3e09c3b9690bed,graph,octree_nfcount,flyby,-2,243,243,0.587552011,0.1372160017,0.7328320146,0.745699,1,0,-1,34257,29975,16,16,9191,30.66221852,17.08096747,512002,0,512002,34257
v3,d830fc32ff2631e4e1344dc30b3e09c3b9690bed,graph,octree_nfcount,flyby,-2,244,244,0.5856639743,0.1372479945,0.7319679856,0.742976,1,0,-1,34433,30129,16,16,9306,30.8871851,16.99366059,512002,0,512002,34433
v3,d830fc32ff2631e4e1344dc30b3e09c3b9690bed,graph,octree_nfcount,flyby,-2,245,245,0.5823360085,0.1372160017,0.7286080122,0.748736,1,0,-1,34297,30010,16,16,9068,30.21659447,17.06104632,512002,0,512002,34297
v3,d830fc32ff2631e4e1344dc30b3e09c3b9690bed,graph,octree_nfcount,flyby,-2,246,246,0.5868160129,0.1351680011,0.7304639816,0.742966,1,0,-1,34401,30101,16,16,9194,30.54383575,17.00946812,512002,0,512002,34401
v3,d830fc32ff2631e4e1344dc30b3e09c3b9690bed,graph,octree_nfcount,flyby,-2,247,247,0.5856320262,0.1351680011,0.727519989,0.739058,1,0,-1,34113,29849,16,16,9023,30.22881839,17.15307045,512002,0,512002,34113
v3,d830fc32ff2631e4e1344dc30b3e09c3b9690bed,graph,octree_nfcount,flyby,-2,248,248,0.5851200223,0.1370880008,0.7302719951,0.741627,1,0,-1,34209,29933,16,16,9197,30.72528647,17.10493435,512002,0,512002,34209
v3,d830fc32ff2631e4e1344dc30b3e09c3b9690bed,graph,octree_nfcount,flyby,-2,249,249,0.5855680108,0.1392640024,0.7330560088,0.745854,1,0,-1,34385,30087,16,16,9261,30.78073587,17.01738292,512002,0,512002,34385
v3,d830fc32ff2631e4e1344dc30b3e09c3b9690bed,graph,octree_nfcount,flyby,-2,250,250,0.583392024,0.1372160017,0.7289919853,0.740961,1,0,-1,34513,30199,16,16,9358,30.98778105,16.95427001,512002,0,512002,34513
v3,d830fc32ff2631e4e1344dc30b3e09c3b9690bed,graph,octree_nfcount,flyby,-2,251,251,0.5858560205,0.1350400001,0.7293120027,0.742318,1,0,-1,34281,29996,16,16,9155,30.5207361,17.0690092,512002,0,512002,34281
v3,d830fc32ff2631e4e1344dc30b3e09c3b9690bed,graph,octree_nfcount,flyby,-2,252,252,0.5854719877,0.1351680011,0.7291520238,0.740968,1,0,-1,34121,29856,16,16,9133,30.59016613,17.14904877,512002,0,512002,34121
v3,d830fc32ff2631e4e1344dc30b3e09c3b9690bed,graph,octree_nfcount,flyby,-2,253,253,0.582687974,0.1372160017,0.7279679775,0.740568,1,0,-1,34401,30101,16,16,9089,30.19501013,17.00946812,512002,0,512002,34401
v3,d830fc32ff2631e4e1344dc30b3e09c3b9690bed,graph,octree_nfcount,flyby,-2,254,254,0.5851839781,0.1372160017,0.7308480144,0.745572,1,0,-1,34433,30129,16,16,9214,30.58183146,16.99366059,512002,0,512002,34433
v3,d830fc32ff2631e4e1344dc30b3e09c3b9690bed,graph,octree_nfcount,flyby,-2,255,255,0.5831040144,0.1392640024,0.730880022,0.742839,1,0,-1,34449,30143,16,16,9091,30.1595727,16.98576784,512002,0,512002,34449
v3,d830fc32ff2631e4e1344dc30b3e09c3b9690bed,graph,octree_nfcount,flyby,-2,256,256,0.5876160264,0.1371839941,0.7334399819,0.744377,1,0,-1,34561,30241,16,16,9154,30.27016302,16.93072319,512002,0,512002,34561
v3,d830fc32ff2631e4e1344dc30b3e09c3b9690bed,graph,octree_nfcount,flyby,-2,257,257,0.5832639933,0.1330879927,0.7248319983,0.741334,1,0,-1,34329,30038,16,16,9104,30.30827618,17.04514282,512002,0,512002,34329
v3,d830fc32ff2631e4e1344dc30b3e09c3b9690bed,graph,octree_nfcount,flyby,-2,258,258,0.583296001,0.1351999938,0.7251520157,0.73643,1,0,-1,34233,29954,16,16,9072,30.28643921,17.09294251,512002,0,512002,34233
v3,d830fc32ff2631e4e1344dc30b3e09c3b9690bed,graph,octree_nfcount,flyby,-2,259,259,0.5864959955,0.1351680011,0.7298880219,0.742836,1,0,-1,34497,30185,16,16,9241,30.61454365,16.96213351,512002,0,512002,34497
v3,d830fc32ff2631e4e1344dc30b3e09c3b9690bed,graph,octree_nfcount,flyby,-2,260,260,0.581535995,0.1372160017,0.726624012,0.739826,1,0,-1,34233,29954,16,16,9083,30.32316218,17.09294251,512002,0,512002,34233
v3,d830fc32ff2631e4e1344dc30b3e09c3b9690bed,graph,octree_nfcount,flyby,-2,261,261,0.5885440111,0.1372479945,0.7331519723,0.75151,1,0,-1,34593,30269,16,16,9162,30.26859163,16.91506161,512002,0,512002,34593
v3,d830fc32ff2631e4e1344dc30b3e09c3b9690bed,graph,octree_nfcount,flyby,-2,262,262,0.5816640258,0.1370880008,0.7271360159,0.741831,1,0,-1,34305,30017,16,16,9107,30.3394743,17.05706766,512002,0,512002,34305
v3,d830fc32ff2631e4e1344dc30b3e09c3b9690bed,graph,octree_nfcount,flyby,-2,263,263,0.5797439814,0.1372479945,0.7249919772,0.744011,1,0,-1,34225,29947,16,16,9074,30.30019701,17.09693792,512002,0,512002,34225
v3,d830fc32ff2631e4e1344dc30b3e09c3b9690bed,graph,octree_nfcount,flyby,-2,264,264,0.5851519704,0.1372160017,0.7304319739,0.742499,1,0,-1,34313,30024,16,16,9099,30.3057554,17.05309086,512002,0,512002,34313
v3,d830fc32ff2631e4e1344dc30b3e09c3b9690bed,graph,octree_nfcount,flyby,-2,265,265,0.582144022,0.1351999938,0.7253440022,0.742126,1,0,-1,34081,29821,16,16,8991,30.14989437,17.16917608,512002,0,512002,34081
v3,d830fc32ff2631e4e1344dc30b3e09c3b9690bed,graph,octree_nfcount,flyby,-2,266,266,0.5759999752,0.1331200004,0.7161920071,0.72798,1,0,-1,33897,29660,16,16,8768,29.56169926,17.26237357,512002,0,512002,33897
v3,d830fc32ff2631e4e1344dc30b3e09c3b9690bed,graph,octree_nfcount,flyby,-2,267,267,0.5769280195,0.1351680011,0.7207040191,0.739742,1,0,-1,34057,29800,16,16,8995,30.18456376,17.18127517,512002,0,512002,34057
v3,d830fc32ff2631e4e1344dc30b3e09c3b9690bed,graph,octree_nfcount,flyby,-2,268,268,0.5850239992,0.1372479945,0.7305600047,0.743508,1,0,-1,33801,29576,16,16,8853,29.93305383,17.31140114,512002,0,512002,33801
v3,d830fc32ff2631e4e1344dc30b3e09c3b9690bed,graph,octree_nfcount,flyby,-2,269,269,0.5841599703,0.1331200004,0.7252479792,0.740698,1,0,-1,34185,29912,16,16,8985,30.03811179,17.11694303,512002,0,512002,34185
v3,d830fc32ff2631e4e1344dc30b3e09c3b9690bed,graph,octree_nfcount,flyby,-2,270,270,0.5825279951,0.1331200004,0.7247040272,0.744677,1,0,-1,33881,29646,16,16,8900,30.02091345,17.27052553,512002,0,512002,33881
v3,d830fc32ff2631e4e1344dc30b3e09c3b9690bed,graph,octree_nfcount,flyby,-2,271,271,0.5809919834,0.1351680011,0.7242559791,0.73653,1,0,-1,34209,29933,16,16,9082,30.34109511,17.10493435,512002,0,512002,34209
v3,d830fc32ff2631e4e1344dc30b3e09c3b9690bed,graph,octree_nfcount,flyby,-2,272,272,0.5858880281,0.1351999938,0.7302399874,0.742768,1,0,-1,34129,29863,16,16,8868,29.69560995,17.14502897,512002,0,512002,34129
v3,d830fc32ff2631e4e1344dc30b3e09c3b9690bed,graph,octree_nfcount,flyby,-2,273,273,0.5890880227,0.1351999938,0.7316160202,0.749145,1,0,-1,34361,30066,16,16,9057,30.1237278,17.02926894,512002,0,512002,34361
v3,d830fc32ff2631e4e1344dc30b3e09c3b9690bed,graph,octree_nfcount,flyby,-2,274,274,0.575872004,0.1372160017,0.7215359807,0.733783,1,0,-1,34209,29933,16,16,8826,29.48585174,17.10493435,512002,0,512002,34209
v3,d830fc32ff2631e4e1344dc30b3e09c3b9690bed,graph,octree_nfcount,flyby,-2,275,275,0.5755519867,0.1350719929,0.7185279727,0.730695,1,0,-1,33977,29730,16,16,8796,29.58627649,17.22172889,512002,0,512002,33977
v3,d830fc32ff2631e4e1344dc30b3e09c3b9690bed,graph,octree_nfcount,flyby,-2,276,276,0.5822719932,0.1351999938,0.7255359888,0.739181,1,0,-1,33801,29576,16,16,8665,29.2974033,17.31140114,512002,0,512002,33801
v3,d830fc32ff2631e4e1344dc30b3e09c3b9690bed,graph,octree_nfcount,flyby,-2,277,277,0.5827519894,0.1351999938,0.7259839773,0.739157,1,0,-1,33921,29681,16,16,8804,29.66207338,17.25016004,512002,0,512002,33921
v3,d830fc32ff2631e4e1344dc30b3e09c3b9690bed,graph,octree_nfcount,flyby,-2,278,278,0.5810559988,0.1351359934,0.7240319848,0.737495,1,0,-1,34017,29765,16,16,8710,29.26255669,17.20147825,512002,0,512002,34017
v3,d830fc32ff2631e4e1344dc30b3e09c3b9690bed,graph,octree_nfcount,flyby,-2,279,279,0.5791680217,0.1331200004,0.7205119729,0.740099,1,0,-1,33873,29639,16,16,8795,29.67374068,17.27460441,512002,0,512002,33873
v3,d830fc32ff2631e4e1344dc30b3e09c3b9690bed,graph,octree_nfcount,flyby,-2,280,280,0.5794559717,0.1372160017,0.7253119946,0.74273,1,0,-1,33905,29667,16,16,8682,29.26483972,17.25830047,512002,0,512002,33905
v3,d830fc32ff2631e4e1344dc30b3e09c3b9690bed,graph,octree_nfcount,flyby,-2,281,281,0.5854719877,0.1372160017,0.7318720222,0.745145,1,0,-1,33801,29576,16,16,8751,29.58817961,17.31140114,512002,0,512002,33801
v3,d830fc32ff2631e4e1344dc30b3e09c3b9690bed,graph,octree_nfcount,flyby,-2,282,282,0.5756800175,0.1331200004,0.7169920206,0.730688,1,0,-1,33585,29387,16,16,8584,29.21019498,17.42273795,512002,0,512002,33585
v3,d830fc32ff2631e4e1344dc30b3e09c3b9690bed,graph,octree_nfcount,flyby,-2,283,283,0.5777919888,0.1350080073,0.7219520211,0.734554,1,0,-1,33665,29457,16,16,8759,29.73486777,17.38133551,512002,0,512002,33665
v3,d830fc32ff2631e4e1344dc30b3e09c3b9690bed,graph,octree_nfcount,flyby,-2,284,284,0.5779200196,0.1331200004,0.7195839882,0.733276,1,0,-1,33601,29401,16,16,8646,29.40716302,17.41444169,512002,0,512002,33601
v3,d830fc32ff2631e4e1344dc30b3e09c3b9690bed,graph,octree_nfcount,flyby,-2,285,285,0.5818560123,0.1351680011,0.7255679965,0.74015,1,0,-1,33721,29506,16,16,8656,29.33640615,17.35247068,512002,0,512002,33721
v3,d830fc32ff2631e4e1344dc30b3e09c3b9690bed,graph,octree_nfcount,flyby,-2,286,286,0.5731520057,0.1331200004,0.7141119838,0.727974,1,0,-1,33617,29415,16,16,8535,29.01580826,17.40615332,512002,0,512002,33617
v3,d830fc32ff2631e4e1344dc30b3e09c3b9690bed,graph,octree_nfcount,flyby,-2,287,287,0.5792319775,0.1392959952,0.7268800139,0.741407,1,0,-1,33553,29359,16,16,8691,29.6025069,17.4393542,512002,0,512002,33553
v3,d830fc32ff2631e4e1344dc30b3e09c3b9690bed,graph,octree_nfcount,flyby,-2,288,288,0.5773119926,0.1351680011,0.7216640115,0.741763,1,0,-1,33657,29450,16,16,8557,29.05602716,17.38546689,512002,0,512002,33657
v3,d830fc32ff2631e4e1344dc30b3e09c3b9690bed,graph,octree_nfcount,flyby,-2,289,289,0.5856000185,0.1372160017,0.7314879894,0.743112,1,0,-1,33761,29541,16,16,8641,29.25087167,17.33191158,512002,0,512002,33761
v3,d830fc32ff2631e4e1344dc30b3e09c3b9690bed,graph,octree_nfcount,flyby,-2,290,290,0.5770879984,0.1331200004,0.7192639709,0.732274,1,0,-1,33617,29415,16,16,8435,28.67584566,17.40615332,512002,0,512002,33617
v3,d830fc32ff2631e4e1344dc30b3e09c3b9690bed,graph,octree_nfcount,flyby,-2,291,291,0.5812799931,0.1351680011,0.724767983,0.741389,1,0,-1,33913,29674,16,16,8701,29.32196536,17.25422929,512002,0,512002,33913
v3,d830fc32ff2631e4e1344dc30b3e09c3b9690bed,graph,octree_nfcount,flyby,-2,292,292,0.5805439949,0.1371199936,0.7266880274,0.741532,1,0,-1,33665,29457,16,16,8555,29.04233289,17.38133551,512002,0,512002,33665
v3,d830fc32ff2631e4e1344dc30b3e09c3b9690bed,graph,octree_nfcount,flyby,-2,293,293,0.5792319775,0.1372160017,0.7246400118,0.742032,1,0,-1,33921,29681,16,16,8628,29.06910145,17.25016004,512002,0,512002,33921
v3,d830fc32ff2631e4e1344dc30b3e09c3b9690bed,graph,octree_nfcount,flyby,-2,294,294,0.5797439814,0.1372160017,0.7255359888,0.744553,1,0,-1,33577,29380,16,16,8509,28.96187883,17.42688904,512002,0,512002,33577
v3,d830fc32ff2631e4e1344dc30b3e09c3b9690bed,graph,octree_nfcount,flyby,-2,295,295,0.5748159885,0.1351999938,0.7181760073,0.731615,1,0,-1,33769,29548,16,16,8612,29.14579667,17.3278056,512002,0,512002,33769
v3,d830fc32ff2631e4e1344dc30b3e09c3b9690bed,graph,octree_nfcount,flyby,-2,296,296,0.5860159993,0.1351680011,0.7302079797,0.742535,1,0,-1,33689,29478,16,16,8600,29.17429948,17.36895312,512002,0,512002,33689
v3,d830fc32ff2631e4e1344dc30b3e09c3b9690bed,graph,octree_nfcount,flyby,-2,297,297,0.5850880146,0.1372479945,0.7299519777,0.741807,1,0,-1,33977,29730,16,16,8724,29.34409687,17.22172889,512002,0,512002,33977
v3,d830fc32ff2631e4e1344dc30b3e09c3b9690bed,graph,octree_nfcount,flyby,-2,298,298,0.5783680081,0.1351680011,0.7225919962,0.736693,1,0,-1,33577,29380,16,16,8444,28.74063989,17.42688904,512002,0,512002,33577
v3,d830fc32ff2631e4e1344dc30b3e09c3b9690bed,graph,octree_nfcount,flyby,-2,299,299,0.5830079913,0.1351680011,0.7267839909,0.741365,1,0,-1,33705,29492,16,16,8621,29.23165604,17.36070799,512002,0,512002,33705
v3,d830fc32ff2631e4e1344dc30b3e09c3b9690bed,graph,octree_nfcount,flyby,-2,300,300,0.5850560069,0.1351040006,0.7291520238,0.743245,1,0,-1,33761,29541,16,16,8681,29.3862767,17.33191158,512002,0,512002,33761
v3,d830fc32ff2631e4e1344dc30b3e09c3b9690bed,graph,octree_nfcount,flyby,-2,301,301,0.5808640122,0.1331200004,0.7220159769,0.740457,1,0,-1,33825,29597,16,16,8724,29.4759604,17.29911815,512002,0,512002,33825
v3,d830fc32ff2631e4e1344dc30b3e09c3b9690bed,graph,octree_nfcount,flyby,-2,302,302,0.5774080157,0.1331200004,0.7190719843,0.731403,1,0,-1,33441,29261,16,16,8519,29.11383753,17.49776153,512002,0,512002,33441
v3,d830fc32ff2631e4e1344dc30b3e09c3b9690bed,graph,octree_nfcount,flyby,-2,303,303,0.581535995,0.1372479945,0.727775991,0.742509,1,0,-1,33625,29422,16,16,8596,29.21623275,17.4020121,512002,0,512002,33625
v3,d830fc32ff2631e4e1344dc30b3e09c3b9690bed,graph,octree_nfcount,flyby,-2,304,304,0.5831999779,0.1351999938,0.7273600101,0.74203,1,0,-1,33769,29548,16,16,8692,29.41654257,17.3278056,512002,0,512002,33769
v3,d830fc32ff2631e4e1344dc30b3e09c3b9690bed,graph,octree_nfcount,flyby,-2,305,305,0.5815680027,0.1372479945,0.7278079987,0.742286,1,0,-1,34033,29779,16,16,8719,29.27902213,17.19339132,512002,0,512002,34033
v3,d830fc32ff2631e4e1344dc30b3e09c3b9690bed,graph,octree_nfcount,flyby,-2,306,306,0.5719360113,0.1372160017,0.7173759937,0.732765,1,0,-1,33633,29429,16,16,8511,28.92045261,17.39787285,512002,0,512002,33633
v3,d830fc32ff2631e4e1344dc30b3e09c3b9690bed,graph,octree_nfcount,flyby,-2,307,307,0.5769280195,0.1351680011,0.7199040055,0.731789,1,0,-1,33857,29625,16,16,8756,29.55611814,17.28276793,512002,0,512002,33857
v3,d830fc32ff2631e4e1344dc30b3e09c3b9690bed,graph,octree_nfcount,flyby,-2,308,308,0.5877119899,0.1330879927,0.7292479873,0.742969,1,0,-1,33857,29625,16,16,8750,29.53586498,17.28276793,512002,0,512002,33857
v3,d830fc32ff2631e4e1344dc30b3e09c3b9690bed,graph,octree_nfcount,flyby,-2,309,309,0.5813760161,0.1372160017,0.7276480198,0.743412,1,0,-1,34017,29765,16,16,8690,29.19536368,17.20147825,512002,0,512002,34017
v3,d830fc32ff2631e4e1344dc30b3e09c3b9690bed,graph,octree_nfcount,flyby,-2,310,310,0.5855360031,0.1392640024,0.733792007,0.746571,1,0,-1,34097,29835,16,16,8809,29.52572482,17.16111949,512002,0,512002,34097
v3,d830fc32ff2631e4e1344dc30b3e09c3b9690bed,graph,octree_nfcount,flyby,-2,311,311,0.5774080157,0.1351680011,0.7211520076,0.734688,1,0,-1,34025,29772,16,16,8785,29.50759103,17.19743383,512002,0,512002,34025
v3,d830fc32ff2631e4e1344dc30b3e09c3b9690bed,graph,octree_nfcount,flyby,-2,312,312,0.5816000104,0.1392640024,0.7299200296,0.744207,1,0,-1,33905,29667,16,16,8681,29.26146897,17.25830047,512002,0,512002,33905
v3,d830fc32ff2631e4e1344dc30b3e09c3b9690bed,graph,octree_nfcount,flyby,-2,313,313,0.5778239965,0.1392959952,0.7261440158,0.743993,1,0,-1,33793,29569,16,16,8521,28.81734249,17.31549934,512002,0,512002,33793
v3,d830fc32ff2631e4e1344dc30b3e09c3b9690bed,graph,octree_nfcount,flyby,-2,314,314,0.5777599812,0.1351680011,0.7221440077,0.734728,1,0,-1,34017,29765,16,16,8636,29.01394255,17.20147825,512002,0,512002,34017
v3,d830fc32ff2631e4e1344dc30b3e09c3b9690bed,graph,octree_nfcount,flyby,-2,315,315,0.581791997,0.1351680011,0.7261440158,0.742792,1,0,-1,33849,29618,16,16,8495,28.68188264,17.28685259,512002,0,512002,33849
v3,d830fc32ff2631e4e1344dc30b3e09c3b9690bed,graph,octree_nfcount,flyby,-2,316,316,0.5813760161,0.1331200004,0.7235519886,0.74201,1,0,-1,33665,29457,16,16,8544,29.00499032,17.38133551,512002,0,512002,33665
v3,d830fc32ff2631e4e1344dc30b3e09c3b9690bed,graph,octree_nfcount,flyby,-2,317,317,0.5741119981,0.1331200004,0.7162560225,0.729796,1,0,-1,33865,29632,16,16,8536,28.80669546,17.27868521,512002,0,512002,33865
v3,d830fc32ff2631e4e1344dc30b3e09c3b9690bed,graph,octree_nfcount,flyby,-2,318,318,0.575872004,0.1372479945,0.7211520076,0.733339,1,0,-1,33881,29646,16,16,8567,28.89765904,17.27052553,512002,0,512002,33881
v3,d830fc32ff2631e4e1344dc30b3e09c3b9690bed,graph,octree_nfcount,flyby,-2,319,319,0.5861120224,0.1372160017,0.7319359779,0.744625,1,0,-1,33833,29604,16,16,8504,28.72584786,17.2950277,512002,0,512002,33833
v3,d830fc32ff2631e4e1344dc30b3e09c3b9690bed,graph,octree_nfcount,flyby,-2,320,320,0.5891839862,0.1351680011,0.732640028,0.744374,1,0,-1,33961,29716,16,16,8621,29.01130704,17.22984251,512002,0,512002,33961
v3,d830fc32ff2631e4e1344dc30b3e09c3b9690bed,graph,octree_nfcount,flyby,-2,321,321,0.5734400153,0.1331200004,0.7148159742,0.728764,1,0,-1,33953,29709,16,16,8421,28.34494598,17.23390218,512002,0,512002,33953
v3,d830fc32ff2631e4e1344dc30b3e09c3b9690bed,graph,octree_nfcount,flyby,-2,322,322,0.5753600001,0.1331200004,0.7167680264,0.728687,1,0,-1,34097,29835,16,16,8593,28.80174292,17.16111949,512002,0,512002,34097
v3,d830fc32ff2631e4e1344dc30b3e09c3b9690bed,graph,octree_nfcount,flyby,-2,323,323,0.5792959929,0.1372479945,0.724864006,0.742369,1,0,-1,33801,29576,16,16,8491,28.70908845,17.31140114,512002,0,512002,33801
v3,d830fc32ff2631e4e1344dc30b3e09c3b9690bed,graph,octree_nfcount,flyby,-2,324,324,0.580384016,0.1331200004,0.7208319902,0.737567,1,0,-1,34049,29793,16,16,8582,28.80542409,17.18531199,512002,0,512002,34049
v3,d830fc32ff2631e4e1344dc30b3e09c3b9690bed,graph,octree_nfcount,flyby,-2,325,325,0.5777279735,0.1350719929,0.7211840153,0.734106,1,0,-1,33961,29716,16,16,8410,28.30125185,17.22984251,512002,0,512002,33961
v3,d830fc32ff2631e4e1344dc30b3e09c3b9690bed,graph,octree_nfcount,flyby,-2,326,326,0.5829759836,0.1372479945,0.7292479873,0.741526,1,0,-1,34273,29989,16,16,8633,28.78722198,17.07299343,512002,0,512002,34273
v3,d830fc32ff2631e4e1344dc30b3e09c3b9690bed,graph,octree_nfcount,flyby,-2,327,327,0.5888959765,0.1372479945,0.7336639762,0.748626,1,0,-1,34169,29898,16,16,8636,28.88487524,17.12495819,512002,0,512002,34169
v3,d830fc32ff2631e4e1344dc30b3e09c3b9690bed,graph,octree_nfcount,flyby,-2,328,328,0.5857599974,0.1331200004,0.7269440293,0.740969,1,0,-1,34417,30115,16,16,8729,28.98555537,17.00156068,512002,0,512002,34417
v3,d830fc32ff2631e4e1344dc30b3e09c3b9690bed,graph,octree_nfcount,flyby,-2,329,329,0.5776000023,0.1330240071,0.718208015,0.731128,1,0,-1,34097,29835,16,16,8555,28.67437573,17.16111949,512002,0,512002,34097
v3,d830fc32ff2631e4e1344dc30b3e09c3b9690bed,graph,octree_nfcount,flyby,-2,330,330,0.5792959929,0.1392959952,0.7269440293,0.743524,1,0,-1,34113,29849,16,16,8587,28.76813294,17.15307045,512002,0,512002,34113
v3,d830fc32ff2631e4e1344dc30b3e09c3b9690bed,graph,octree_nfcount,flyby,-2,331,331,0.5873280168,0.1351680011,0.7312960029,0.743494,1,0,-1,34057,29800,16,16,8520,28.59060403,17.18127517,512002,0,512002,34057
v3,d830fc32ff2631e4e1344dc30b3e09c3b9690bed,graph,octree_nfcount,flyby,-2,332,332,0.5765759945,0.1372160017,0.721759975,0.739075,1,0,-1,33849,29618,16,16,8460,28.56371126,17.28685259,512002,0,512002,33849
v3,d830fc32ff2631e4e1344dc30b3e09c3b9690bed,graph,octree_nfcount,flyby,-2,333,333,0.5752959847,0.1331200004,0.7163199782,0.727969,1,0,-1,33617,29415,16,16,8487,28.85262621,17.40615332,512002,0,512002,33617
v3,d830fc32ff2631e4e1344dc30b3e09c3b9690bed,graph,octree_nfcount,flyby,-2,334,334,0.5792959929,0.1372479945,0.7249919772,0.740793,1,0,-1,33641,29436,16,16,8438,28.66557956,17.39373556,512002,0,512002,33641
v3,d830fc32ff2631e4e1344dc30b3e09c3b9690bed,graph,octree_nfcount,flyby,-2,335,335,0.5831360221,0.1351680011,0.7265599966,0.740164,1,0,-1,33729,29513,16,16,8397,28.45186867,17.34835496,512002,0,512002,33729
v3,d830fc32ff2631e4e1344dc30b3e09c3b9690bed,graph,octree_nfcount,flyby,-2,336,336,0.5745599866,0.1331200004,0.7156800032,0.730855,1,0,-1,33761,29541,16,16,8239,27.89005112,17.33191158,512002,0,512002,33761
v3,d830fc32ff2631e4e1344dc30b3e09c3b9690bed,graph,octree_nfcount,flyby,-2,337,337,0.5759360194,0.1351680011,0.7192000151,0.731543,1,0,-1,33809,29583,16,16,8444,28.54342021,17.30730487,512002,0,512002,33809
v3,d830fc32ff2631e4e1344dc30b3e09c3b9690bed,graph,octree_nfcount,flyby,-2,338,338,0.5813120008,0.1372160017,0.7267199755,0.740617,1,0,-1,33865,29632,16,16,8332,28.11825054,17.27868521,512002,0,512002,33865
v3,d830fc32ff2631e4e1344dc30b3e09c3b9690bed,graph,octree_nfcount,flyby,-2,339,339,0.5812159777,0.1351359934,0.7246720195,0.739755,1,0,-1,33937,29695,16,16,8395,28.27075265,17.24202728,512002,0,512002,33937
v3,d830fc32ff2631e4e1344dc30b3e09c3b9690bed,graph,octree_nfcount,flyby,-2,340,340,0.5757439733,0.1351680011,0.7187839746,0.731316,1,0,-1,33849,29618,16,16,8270,27.92220947,17.28685259,512002,0,512002,33849
v3,d830fc32ff2631e4e1344dc30b3e09c3b9690bed,graph,octree_nfcount,flyby,-2,341,341,0.5784639716,0.1351999938,0.7207040191,0.735204,1,0,-1,33889,29653,16,16,8398,28.32091188,17.26644859,512002,0,512002,33889
v3,d830fc32ff2631e4e1344dc30b3e09c3b9690bed,graph,octree_nfcount,flyby,-2,342,342,0.5797439814,0.1331200004,0.721216023,0.733249,1,0,-1,33785,29562,16,16,8343,28.22204181,17.31959949,512002,0,512002,33785
v3,d830fc32ff2631e4e1344dc30b3e09c3b9690bed,graph,octree_nfcount,flyby,-2,343,343,0.583392024,0.1351680011,0.7276480198,0.742727,1,0,-1,33945,29702,16,16,8405,28.29775773,17.23796377,512002,0,512002,33945
v3,d830fc32ff2631e4e1344dc30b3e09c3b9690bed,graph,octree_nfcount,flyby,-2,344,344,0.5696960092,0.1351680011,0.7138879895,0.725986,1,0,-1,33673,29464,16,16,8245,27.98330166,17.37720608,512002,0,512002,33673
v3,d830fc32ff2631e4e1344dc30b3e09c3b9690bed,graph,octree_nfcount,flyby,-2,345,345,0.5843520164,0.1392959952,0.7327679992,0.746637,1,0,-1,34049,29793,16,16,8570,28.76514618,17.18531199,512002,0,512002,34049
v3,d830fc32ff2631e4e1344dc30b3e09c3b9690bed,graph,octree_nfcount,flyby,-2,346,346,0.5835199952,0.1331200004,0.7256640196,0.74348,1,0,-1,33937,29695,16,16,8454,28.4694393,17.24202728,512002,0,512002,33937
v3,d830fc32ff2631e4e1344dc30b3e09c3b9690bed,graph,octree_nfcount,flyby,-2,347,347,0.5808320045,0.1331200004,0.723007977,0.740541,1,0,-1,33889,29653,16,16,8368,28.21974168,17.26644859,512002,0,512002,33889
v3,d830fc32ff2631e4e1344dc30b3e09c3b9690bed,graph,octree_nfcount,flyby,-2,348,348,0.5752639771,0.1331200004,0.7151359916,0.725458,1,0,-1,33681,29471,16,16,8292,28.13613383,17.37307862,512002,0,512002,33681
v3,d830fc32ff2631e4e1344dc30b3e09c3b9690bed,graph,octree_nfcount,flyby,-2,349,349,0.5805119872,0.1329919994,0.721759975,0.733419,1,0,-1,34041,29786,16,16,8494,28.51675284,17.1893507,512002,0,512002,34041
v3,d830fc32ff2631e4e1344dc30b3e09c3b9690bed,graph,octree_nfcount,flyby,-2,350,350,0.583392024,0.1331200004,0.7246400118,0.741154,1,0,-1,34065,29807,16,16,8457,28.37252994,17.17724025,512002,0,512002,34065
v3,d830fc32ff2631e4e1344dc30b3e09c3b9690bed,graph,octree_nfcount,flyby,-2,351,351,0.573119998,0.1371520013,0.7186239958,0.729565,1,0,-1,33929,29688,16,16,8319,28.0214228,17.2460927,512002,0,512002,33929
v3,d830fc32ff2631e4e1344dc30b3e09c3b9690bed,graph,octree_nfcount,flyby,-2,352,352,0.5730559826,0.1351680011,0.7158719897,0.727248,1,0,-1,33809,29583,16,16,8383,28.3372207,17.30730487,512002,0,512002,33809
v3,d830fc32ff2631e4e1344dc30b3e09c3b9690bed,graph,octree_nfcount,flyby,-2,353,353,0.5810880065,0.1351999938,0.7239360213,0.738771,1,0,-1,33969,29723,16,16,8468,28.48972176,17.22578475,512002,0,512002,33969
v3,d830fc32ff2631e4e1344dc30b3e09c3b9690bed,graph,octree_nfcount,flyby,-2,354,354,0.5730879903,0.1372160017,0.7180799842,0.730752,1,0,-1,34057,29800,16,16,8599,28.8557047,17.18127517,512002,0,512002,34057
v3,d830fc32ff2631e4e1344dc30b3e09c3b9690bed,graph,octree_nfcount,flyby,-2,355,355,0.575232029,0.1351680011,0.7188159823,0.730361,1,0,-1,34009,29758,16,16,8452,28.4024464,17.20552456,512002,0,512002,34009
v3,d830fc32ff2631e4e1344dc30b3e09c3b9690bed,graph,octree_nfcount,flyby,-2,356,356,0.5790719986,0.1372479945,0.7239999771,0.740023,1,0,-1,34097,29835,16,16,8497,28.47997319,17.16111949,512002,0,512002,34097
v3,d830fc32ff2631e4e1344dc30b3e09c3b9690bed,graph,octree_nfcount,flyby,-2,357,357,0.5807359815,0.1372160017,0.7261440158,0.740698,1,0,-1,34065,29807,16,16,8389,28.14439561,17.17724025,512002,0,512002,34065
v3,d830fc32ff2631e4e1344dc30b3e09c3b9690bed,graph,octree_nfcount,flyby,-2,358,358,0.581535995,0.1372479945,0.7272319794,0.740823,1,0,-1,34241,29961,16,16,8502,28.37688996,17.08894897,512002,0,512002,34241
v3,d830fc32ff2631e4e1344dc30b3e09c3b9690bed,graph,octree_nfcount,flyby,-2,359,359,0.5799360275,0.139200002,0.728128016,0.741377,1,0,-1,34289,30003,16,16,8389,27.96053728,17.06502683,512002,0,512002,34289
v3,d830fc32ff2631e4e1344dc30b3e09c3b9690bed,graph,octree_nfcount,flyby,-2,360,360,0.5820479989,0.1351680011,0.7254080176,0.740753,1,0,-1,34297,30010,16,16,8547,28.4805065,17.06104632,512002,0,512002,34297
v3,d830fc32ff2631e4e1344dc30b3e09c3b9690bed,graph,octree_nfcount,flyby,-2,361,361,0.5810239911,0.1372479945,0.7266880274,0.742265,1,0,-1,34161,29891,16,16,8486,28.38981633,17.12896859,512002,0,512002,34161
v3,d830fc32ff2631e4e1344dc30b3e09c3b9690bed,graph,octree_nfcount,flyby,-2,362,362,0.5816000104,0.1351999938,0.7258239985,0.742919,1,0,-1,34049,29793,16,16,8327,27.94951834,17.18531199,512002,0,512002,34049
v3,d830fc32ff2631e4e1344dc30b3e09c3b9690bed,graph,octree_nfcount,flyby,-2,363,363,0.5773119926,0.1372160017,0.7236480117,0.741896,1,0,-1,33801,29576,16,16,8257,27.91790641,17.31140114,512002,0,512002,33801
v3,d830fc32ff2631e4e1344dc30b3e09c3b9690bed,graph,octree_nfcount,flyby,-2,364,364,0.5817279816,0.1351680011,0.7250559926,0.740575,1,0,-1,33961,29716,16,16,8333,28.04213218,17.22984251,512002,0,512002,33961
v3,d830fc32ff2631e4e1344dc30b3e09c3b9690bed,graph,octree_nfcount,flyby,-2,365,365,0.5789120197,0.1372160017,0.7244160175,0.739259,1,0,-1,33985,29737,16,16,8332,28.01896627,17.21767495,512002,0,512002,33985
v3,d830fc32ff2631e4e1344dc30b3e09c3b9690bed,graph,octree_nfcount,flyby,-2,366,366,0.574976027,0.1331200004,0.7162240148,0.728134,1,0,-1,33649,29443,16,16,8063,27.38511701,17.38960024,512002,0,512002,33649
v3,d830fc32ff2631e4e1344dc30b3e09c3b9690bed,graph,octree_nfcount,flyby,-2,367,367,0.575232029,0.1351359934,0.7187200189,0.730764,1,0,-1,33921,29681,16,16,8331,28.06846131,17.25016004,512002,0,512002,33921
v3,d830fc32ff2631e4e1344dc30b3e09c3b9690bed,graph,octree_nfcount,flyby,-2,368,368,0.5771200061,0.1351680011,0.7205759883,0.73381,1,0,-1,33665,29457,16,16,8233,27.94921411,17.38133551,512002,0,512002,33665
v3,d830fc32ff2631e4e1344dc30b3e09c3b9690bed,graph,octree_nfcount,flyby,-2,369,369,0.580031991,0.1372479945,0.7254400253,0.74213,1,0,-1,33841,29611,16,16,8239,27.82411942,17.29093918,512002,0,512002,33841
v3,d830fc32ff2631e4e1344dc30b3e09c3b9690bed,graph,octree_nfcount,flyby,-2,370,370,0.580031991,0.1351999938,0.7238399982,0.743126,1,0,-1,33625,29422,16,16,8023,27.26871049,17.4020121,512002,0,512002,33625
v3,d830fc32ff2631e4e1344dc30b3e09c3b9690bed,graph,octree_nfcount,flyby,-2,371,371,0.5751039982,0.1331200004,0.7166079879,0.728203,1,0,-1,33945,29702,16,16,8231,27.71193859,17.23796377,512002,0,512002,33945
v3,d830fc32ff2631e4e1344dc30b3e09c3b9690bed,graph,octree_nfcount,flyby,-2,372,372,0.5865280032,0.1392959952,0.7362880111,0.751224,1,0,-1,33905,29667,16,16,8182,27.5794654,17.25830047,512002,0,512002,33905
v3,d830fc32ff2631e4e1344dc30b3e09c3b9690bed,graph,octree_nfcount,flyby,-2,373,373,0.5836799741,0.1351680011,0.7279999852,0.743483,1,0,-1,34113,29849,16,16,8299,27.80327649,17.15307045,512002,0,512002,34113
v3,d830fc32ff2631e4e1344dc30b3e09c3b9690bed,graph,octree_nfcount,flyby,-2,374,374,0.5753600001,0.1351040006,0.7185599804,0.730671,1,0,-1,33809,29583,16,16,8124,27.46171788,17.30730487,512002,0,512002,33809
v3,d830fc32ff2631e4e1344dc30b3e09c3b9690bed,graph,octree_nfcount,flyby,-2,375,375,0.5766400099,0.1351680011,0.7197440267,0.730677,1,0,-1,34033,29779,16,16,8238,27.66378992,17.19339132,512002,0,512002,34033
v3,d830fc32ff2631e4e1344dc30b3e09c3b9690bed,graph,octree_nfcount,flyby,-2,376,376,0.5796800256,0.1392640024,0.7275840044,0.743317,1,0,-1,34129,29863,16,16,8377,28.05143489,17.14502897,512002,0,512002,34129
v3,d830fc32ff2631e4e1344dc30b3e09c3b9690bed,graph,octree_nfcount,flyby,-2,377,377,0.5780479908,0.1392640024,0.7264320254,0.744822,1,0,-1,34097,29835,16,16,8312,27.8598961,17.16111949,512002,0,512002,34097
v3,d830fc32ff2631e4e1344dc30b3e09c3b9690bed,graph,octree_nfcount,flyby,-2,378,378,0.5759040117,0.1372160017,0.7224000096,0.735374,1,0,-1,34129,29863,16,16,8418,28.18872853,17.14502897,512002,0,512002,34129
v3,d830fc32ff2631e4e1344dc30b3e09c3b9690bed,graph,octree_nfcount,flyby,-2,379,379,0.5839040279,0.1351999938,0.7283200026,0.746983,1,0,-1,34001,29751,16,16,8323,27.97553023,17.20957279,512002,0,512002,34001
v3,d830fc32ff2631e4e1344dc30b3e09c3b9690bed,graph,octree_nfcount,flyby,-2,380,380,0.5835840106,0.1372160017,0.7298240066,0.746387,1,0,-1,34025,29772,16,16,8328,27.9725917,17.19743383,512002,0,512002,34025
v3,d830fc32ff2631e4e1344dc30b3e09c3b9690bed,graph,octree_nfcount,flyby,-2,381,381,0.5733119845,0.1331200004,0.7148479819,0.728608,1,0,-1,33897,29660,16,16,8129,27.40728254,17.26237357,512002,0,512002,33897
v3,d830fc32ff2631e4e1344dc30b3e09c3b9690bed,graph,octree_nfcount,flyby,-2,382,382,0.5774400234,0.1372479945,0.7240319848,0.742917,1,0,-1,34097,29835,16,16,8301,27.82302665,17.16111949,512002,0,512002,34097
v3,d830fc32ff2631e4e1344dc30b3e09c3b9690bed,graph,octree_nfcount,flyby,-2,383,383,0.5852800012,0.1392959952,0.7335680127,0.745797,1,0,-1,34137,29870,16,16,8270,27.68664212,17.14101105,512002,0,512002,34137
v3,d830fc32ff2631e4e1344dc30b3e09c3b9690bed,graph,octree_nfcount,flyby,-2,384,384,0.5815680027,0.1351680011,0.7253760099,0.74348,1,0,-1,34305,30017,16,16,8379,27.91418196,17.05706766,512002,0,512002,34305
v3,d830fc32ff2631e4e1344dc30b3e09c3b9690bed,graph,octree_nfcount,flyby,-2,385,385,0.5795840025,0.1351999938,0.7228800058,0.742291,1,0,-1,33793,29569,16,16,8123,27.47133823,17.31549934,512002,0,512002,33793
v3,d830fc32ff2631e4e1344dc30b3e09c3b9690bed,graph,octree_nfcount,flyby,-2,386,386,0.5775039792,0.1392640024,0.7248319983,0.741873,1,0,-1,33993,29744,16,16,8260,27.77030662,17.21362292,512002,0,512002,33993
v3,d830fc32ff2631e4e1344dc30b3e09c3b9690bed,graph,octree_nfcount,flyby,-2,387,387,0.5880320072,0.1351680011,0.7314879894,0.743784,1,0,-1,33993,29744,16,16,8380,28.17374933,17.21362292,512002,0,512002,33993
v3,d830fc32ff2631e4e1344dc30b3e09c3b9690bed,graph,octree_nfcount,flyby,-2,388,388,0.5748800039,0.1372479945,0.7195839882,0.732116,1,0,-1,33793,29569,16,16,8189,27.69454496,17.31549934,512002,0,512002,33793
v3,d830fc32ff2631e4e1344dc30b3e09c3b9690bed,graph,octree_nfcount,flyby,-2,389,389,0.5778880119,0.1390399933,0.7250880003,0.74089,1,0,-1,33977,29730,16,16,8417,28.3114699,17.22172889,512002,0,512002,33977
v3,d830fc32ff2631e4e1344dc30b3e09c3b9690bed,graph,octree_nfcount,flyby,-2,390,390,0.5812799931,0.1372160017,0.7264959812,0.741164,1,0,-1,33897,29660,16,16,8385,28.27039784,17.26237357,512002,0,512002,33897
v3,d830fc32ff2631e4e1344dc30b3e09c3b9690bed,graph,octree_nfcount,flyby,-2,391,391,0.5895680189,0.1372479945,0.734687984,0.753482,1,0,-1,34025,29772,16,16,8457,28.40588472,17.19743383,512002,0,512002,34025
v3,d830fc32ff2631e4e1344dc30b3e09c3b9690bed,graph,octree_nfcount,flyby,-2,392,392,0.5751039982,0.1372160017,0.7202240229,0.732719,1,0,-1,33945,29702,16,16,8191,27.57726752,17.23796377,512002,0,512002,33945
v3,d830fc32ff2631e4e1344dc30b3e09c3b9690bed,graph,octree_nfcount,flyby,-2,393,393,0.5818560123,0.1372479945,0.7273280025,0.7407,1,0,-1,34033,29779,16,16,8319,27.93579368,17.19339132,512002,0,512002,34033
v3,d830fc32ff2631e4e1344dc30b3e09c3b9690bed,graph,octree_nfcount,flyby,-2,394,394,0.5836160183,0.1351680011,0.727872014,0.743261,1,0,-1,34017,29765,16,16,8279,27.81454729,17.20147825,512002,0,512002,34017
v3,d830fc32ff2631e4e1344dc30b3e09c3b9690bed,graph,octree_nfcount,flyby,-2,395,395,0.5862399936,0.1392640024,0.7355520129,0.748826,1,0,-1,34129,29863,16,16,8274,27.70652647,17.14502897,512002,0,512002,34129
v3,d830fc32ff2631e4e1344dc30b3e09c3b9690bed,graph,octree_nfcount,flyby,-2,396,396,0.5763520002,0.139200002,0.7250559926,0.739038,1,0,-1,33809,29583,16,16,8164,27.59693067,17.30730487,512002,0,512002,33809
v3,d830fc32ff2631e4e1344dc30b3e09c3b9690bed,graph,octree_nfcount,flyby,-2,397,397,0.5819839835,0.1331200004,0.7240960002,0.735975,1,0,-1,33897,29660,16,16,8094,27.28927849,17.26237357,512002,0,512002,33897
v3,d830fc32ff2631e4e1344dc30b3e09c3b9690bed,graph,octree_nfcount,flyby,-2,398,398,0.5833280087,0.1372160017,0.72963202,0.744718,1,0,-1,33849,29618,16,16,8225,27.77027483,17.28685259,512002,0,512002,33849
v3,d830fc32ff2631e4e1344dc30b3e09c3b9690bed,graph,octree_nfcount,flyby,-2,399,399,0.5786240101,0.1331200004,0.7207679749,0.733611,1,0,-1,33705,29492,16,16,8043,27.27180252,17.36070799,512002,0,512002,33705
v3,d830fc32ff2631e4e1344dc30b3e09c3b9690bed,graph,octree_nfcount,flyby,-2,400,400,0.5762240291,0.1350719929,0.7195839882,0.731075,1,0,-1,33849,29618,16,16,8344,28.17205753,17.28685259,512002,0,512002,33849
v3,d830fc32ff2631e4e1344dc30b3e09c3b9690bed,graph,octree_nfcount,flyby,-2,401,401,0.5833280087,0.1371839941,0.7291200161,0.744555,1,0,-1,33697,29485,16,16,8177,27.73274546,17.36482957,512002,0,512002,33697
v3,d830fc32ff2631e4e1344dc30b3e09c3b9690bed,graph,octree_nfcount,flyby,-2,402,402,0.5834879875,0.1351680011,0.7270399928,0.742736,1,0,-1,33945,29702,16,16,8297,27.93414585,17.23796377,512002,0,512002,33945
v3,d830fc32ff2631e4e1344dc30b3e09c3b9690bed,graph,octree_nfcount,flyby,-2,403,403,0.5769280195,0.1351040006,0.7211520076,0.733,1,0,-1,33729,29513,16,16,8137,27.57090096,17.34835496,512002,0,512002,33729
v3,d830fc32ff2631e4e1344dc30b3e09c3b9690bed,graph,octree_nfcount,flyby,-2,404,404,0.5752959847,0.1351680011,0.7199360132,0.733564,1,0,-1,33841,29611,16,16,8185,27.64175475,17.29093918,512002,0,512002,33841
v3,d830fc32ff2631e4e1344dc30b3e09c3b9690bed,graph,octree_nfcount,flyby,-2,405,405,0.5857279897,0.1351680011,0.7294719815,0.742696,1,0,-1,33649,29443,16,16,8080,27.44285569,17.38960024,512002,0,512002,33649
v3,d830fc32ff2631e4e1344dc30b3e09c3b9690bed,graph,octree_nfcount,flyby,-2,406,406,0.5795519948,0.1351680011,0.7232319713,0.742003,1,0,-1,33841,29611,16,16,8110,27.3884705,17.29093918,512002,0,512002,33841
v3,d830fc32ff2631e4e1344dc30b3e09c3b9690bed,graph,octree_nfcount,flyby,-2,407,407,0.5735679865,0.1349440068,0.7168959975,0.72938,1,0,-1,33793,29569,16,16,8123,27.47133823,17.31549934,512002,0,512002,33793
v3,d830fc32ff2631e4e1344dc30b3e09c3b9690bed,graph,octree_nfcount,flyby,-2,408,408,0.5825279951,0.1392959952,0.730880022,0.743511,1,0,-1,33737,29520,16,16,8053,27.2798103,17.34424119,512002,0,512002,33737
v3,d830fc32ff2631e4e1344dc30b3e09c3b9690bed,graph,octree_nfcount,flyby,-2,409,409,0.5808640122,0.1392640024,0.7276800275,0.742522,1,0,-1,34009,29758,16,16,8249,27.7202769,17.20552456,512002,0,512002,34009
v3,d830fc32ff2631e4e1344dc30b3e09c3b9690bed,graph,octree_nfcount,flyby,-2,410,410,0.5809919834,0.1351999938,0.7242239714,0.739472,1,0,-1,33945,29702,16,16,8031,27.03858326,17.23796377,512002,0,512002,33945
v3,d830fc32ff2631e4e1344dc30b3e09c3b9690bed,graph,octree_nfcount,flyby,-2,411,411,0.5812799931,0.1371839941,0.7271999717,0.740332,1,0,-1,34073,29814,16,16,8275,27.75541692,17.17320722,512002,0,512002,34073
v3,d830fc32ff2631e4e1344dc30b3e09c3b9690bed,graph,octree_nfcount,flyby,-2,412,412,0.585695982,0.1371839941,0.7320960164,0.743707,1,0,-1,34129,29863,16,16,8181,27.39510431,17.14502897,512002,0,512002,34129
v3,d830fc32ff2631e4e1344dc30b3e09c3b9690bed,graph,octree_nfcount,flyby,-2,413,413,0.5808960199,0.1351680011,0.7245439887,0.740111,1,0,-1,34033,29779,16,16,8142,27.34141509,17.19339132,512002,0,512002,34033
v3,d830fc32ff2631e4e1344dc30b3e09c3b9690bed,graph,octree_nfcount,flyby,-2,414,414,0.5746880174,0.1350719929,0.7181439996,0.731918,1,0,-1,33569,29373,16,16,8015,27.28696422,17.43104211,512002,0,512002,33569
v3,d830fc32ff2631e4e1344dc30b3e09c3b9690bed,graph,octree_nfcount,flyby,-2,415,415,0.5805439949,0.1351680011,0.7232000232,0.733197,1,0,-1,33777,29555,16,16,8089,27.36931145,17.32370157,512002,0,512002,33777
v3,d830fc32ff2631e4e1344dc30b3e09c3b9690bed,graph,octree_nfcount,flyby,-2,416,416,0.5818240047,0.1372479945,0.7274240255,0.74287,1,0,-1,33881,29646,16,16,8158,27.51804628,17.27052553,512002,0,512002,33881
v3,d830fc32ff2631e4e1344dc30b3e09c3b9690bed,graph,octree_nfcount,flyby,-2,417,417,0.5724480152,0.1371199936,0.7171519995,0.730236,1,0,-1,33649,29443,16,16,7987,27.12699114,17.38960024,512002,0,512002,33649
v3,d830fc32ff2631e4e1344dc30b3e09c3b9690bed,graph,octree_nfcount,flyby,-2,418,418,0.5765439868,0.1371839941,0.7215359807,0.738691,1,0,-1,34033,29779,16,16,8266,27.75781591,17.19339132,512002,0,512002,34033
v3,d830fc32ff2631e4e1344dc30b3e09c3b9690bed,graph,octree_nfcount,flyby,-2,419,419,0.5856320262,0.1330559999,0.7266880274,0.740269,1,0,-1,34041,29786,16,16,8192,27.50285369,17.1893507,512002,0,512002,34041
v3,d830fc32ff2631e4e1344dc30b3e09c3b9690bed,graph,octree_nfcount,flyby,-2,420,420,0.5816959739,0.1372160017,0.7267839909,0.74016,1,0,-1,34033,29779,16,16,8286,27.82497733,17.19339132,512002,0,512002,34033
v3,d830fc32ff2631e4e1344dc30b3e09c3b9690bed,graph,octree_nfcount,flyby,-2,421,421,0.577279985,0.1371199936,0.7234879732,0.735106,1,0,-1,33913,29674,16,16,8119,27.36065242,17.25422929,512002,0,512002,33913
v3,d830fc32ff2631e4e1344dc30b3e09c3b9690bed,graph,octree_nfcount,flyby,-2,422,422,0.5780159831,0.1372479945,0.7242559791,0.736794,1,0,-1,34113,29849,16,16,8208,27.49840866,17.15307045,512002,0,512002,34113
v3,d830fc32ff2631e4e1344dc30b3e09c3b9690bed,graph,octree_nfcount,flyby,-2,423,423,0.5836160183,0.1351680011,0.7271040082,0.739972,1,0,-1,34161,29891,16,16,8254,27.61366298,17.12896859,512002,0,512002,34161
v3,d830fc32ff2631e4e1344dc30b3e09c3b9690bed,graph,octree_nfcount,flyby,-2,424,424,0.5766400099,0.1351999938,0.7200000286,0.732647,1,0,-1,34153,29884,16,16,8244,27.58666845,17.13298086,512002,0,512002,34153
v3,d830fc32ff2631e4e1344dc30b3e09c3b9690bed,graph,octree_nfcount,flyby,-2,425,425,0.5796160102,0.1350719929,0.7227519751,0.740164,1,0,-1,34009,29758,16,16,8236,27.67659117,17.20552456,512002,0,512002,34009
v3,d830fc32ff2631e4e1344dc30b3e09c3b9690bed,graph,octree_nfcount,flyby,-2,426,426,0.5778239965,0.1372479945,0.7241280079,0.743015,1,0,-1,34145,29877,16,16,8215,27.49606721,17.13699501,512002,0,512002,34145
v3,d830fc32ff2631e4e1344dc30b3e09c3b9690bed,graph,octree_nfcount,flyby,-2,427,427,0.5824959874,0.1372160017,0.7288960218,0.741428,1,0,-1,34441,30136,16,16,8377,27.79731882,16.9897133,512002,0,512002,34441
v3,d830fc32ff2631e4e1344dc30b3e09c3b9690bed,graph,octree_nfcount,flyby,-2,428,428,0.5795199871,0.1392959952,0.7261760235,0.737275,1,0,-1,34009,29758,16,16,8081,27.15572283,17.20552456,512002,0,512002,34009
v3,d830fc32ff2631e4e1344dc30b3e09c3b9690bed,graph,octree_nfcount,flyby,-2,429,429,0.5783680081,0.1351680011,0.7215359807,0.738564,1,0,-1,34385,30087,16,16,8344,27.7329079,17.01738292,512002,0,512002,34385
v3,d830fc32ff2631e4e1344dc30b3e09c3b9690bed,graph,octree_nfcount,flyby,-2,430,430,0.589056015,0.1372479945,0.7343999743,0.754297,1,0,-1,34265,29982,16,16,8278,27.60989927,17.07697952,512002,0,512002,34265
v3,d830fc32ff2631e4e1344dc30b3e09c3b9690bed,graph,octree_nfcount,flyby,-2,431,431,0.5815039873,0.1372160017,0.7277119756,0.746551,1,0,-1,34305,30017,16,16,8246,27.47109971,17.05706766,512002,0,512002,34305
v3,d830fc32ff2631e4e1344dc30b3e09c3b9690bed,graph,octree_nfcount,flyby,-2,432,432,0.5766720176,0.1351680011,0.7208639979,0.732295,1,0,-1,34257,29975,16,16,8205,27.37281068,17.08096747,512002,0,512002,34257
v3,d830fc32ff2631e4e1344dc30b3e09c3b9690bed,graph,octree_nfcount,flyby,-2,433,433,0.5838080049,0.1351999938,0.7269759774,0.740629,1,0,-1,34113,29849,16,16,8173,27.3811518,17.15307045,512002,0,512002,34113
v3,d830fc32ff2631e4e1344dc30b3e09c3b9690bed,graph,octree_nfcount,flyby,-2,434,434,0.5847679973,0.1351680011,0.7274879813,0.738537,1,0,-1,34113,29849,16,16,8248,27.6324165,17.15307045,512002,0,512002,34113
v3,d830fc32ff2631e4e1344dc30b3e09c3b9690bed,graph,octree_nfcount,flyby,-2,435,435,0.5710399747,0.1351999938,0.7139199972,0.726389,1,0,-1,33897,29660,16,16,8053,27.15104518,17.26237357,512002,0,512002,33897
v3,d830fc32ff2631e4e1344dc30b3e09c3b9690bed,graph,octree_nfcount,flyby,-2,436,436,0.5776960254,0.1351680011,0.7196159959,0.734347,1,0,-1,34145,29877,16,16,8250,27.61321418,17.13699501,512002,0,512002,34145
v3,d830fc32ff2631e4e1344dc30b3e09c3b9690bed,graph,octree_nfcount,flyby,-2,437,437,0.583039999,0.1331200004,0.7216320038,0.734051,1,0,-1,34145,29877,16,16,8132,27.21826154,17.13699501,512002,0,512002,34145
v3,d830fc32ff2631e4e1344dc30b3e09c3b9690bed,graph,octree_nfcount,flyby,-2,438,438,0.5823680162,0.1351359934,0.7257279754,0.738817,1,0,-1,34241,29961,16,16,8210,27.40228964,17.08894897,512002,0,512002,34241
v3,d830fc32ff2631e4e1344dc30b3e09c3b9690bed,graph,octree_nfcount,flyby,-2,439,439,0.578880012,0.1371520013,0.7244160175,0.74298,1,0,-1,34137,29870,16,16,8062,26.99029126,17.14101105,512002,0,512002,34137
v3,d830fc32ff2631e4e1344dc30b3e09c3b9690bed,graph,octree_nfcount,flyby,-2,440,440,0.5813120008,0.1372160017,0.7275519967,0.744338,1,0,-1,34217,29940,16,16,8032,26.82698731,17.1009352,512002,0,512002,34217
v3,d830fc32ff2631e4e1344dc30b3e09c3b9690bed,graph,octree_nfcount,flyby,-2,441,441,0.5869759917,0.1372160017,0.7325760126,0.744671,1,0,-1,34233,29954,16,16,8146,27.19503238,17.09294251,512002,0,512002,34233
v3,d830fc32ff2631e4e1344dc30b3e09c3b9690bed,graph,octree_nfcount,flyby,-2,442,442,0.5794559717,0.1371520013,0.7244160175,0.741017,1,0,-1,34281,29996,16,16,8021,26.74023203,17.0690092,512002,0,512002,34281
v3,d830fc32ff2631e4e1344dc30b3e09c3b9690bed,graph,octree_nfcount,flyby,-2,443,443,0.5787519813,0.1351680011,0.7226560116,0.740005,1,0,-1,34177,29905,16,16,8123,27.16268183,17.12094967,512002,0,512002,34177
v3,d830fc32ff2631e4e1344dc30b3e09c3b9690bed,graph,octree_nfcount,flyby,-2,444,444,0.5855360031,0.1372160017,0.7309120297,0.743352,1,0,-1,34137,29870,16,16,8017,26.83963843,17.14101105,512002,0,512002,34137
v3,d830fc32ff2631e4e1344dc30b3e09c3b9690bed,graph,octree_nfcount,flyby,-2,445,445,0.5752959847,0.1351680011,0.7190080285,0.732364,1,0,-1,34001,29751,16,16,7978,26.81590535,17.20957279,512002,0,512002,34001
v3,d830fc32ff2631e4e1344dc30b3e09c3b9690bed,graph,octree_nfcount,flyby,-2,446,446,0.5732799768,0.1372160017,0.719103992,0.730845,1,0,-1,33921,29681,16,16,7763,26.15477915,17.25016004,512002,0,512002,33921
v3,d830fc32ff2631e4e1344dc30b3e09c3b9690bed,graph,octree_nfcount,flyby,-2,447,447,0.5760639906,0.1392640024,0.7235839963,0.739593,1,0,-1,34049,29793,16,16,7930,26.61699057,17.18531199,512002,0,512002,34049
v3,d830fc32ff2631e4e1344dc30b3e09c3b9690bed,graph,octree_nfcount,flyby,-2,448,448,0.584896028,0.1392959952,0.7316160202,0.747698,1,0,-1,34049,29793,16,16,7920,26.58342564,17.18531199,512002,0,512002,34049
v3,d830fc32ff2631e4e1344dc30b3e09c3b9690bed,graph,octree_nfcount,flyby,-2,449,449,0.578783989,0.1331200004,0.7200959921,0.731772,1,0,-1,34169,29898,16,16,7876,26.34289919,17.12495819,512002,0,512002,34169
v3,d830fc32ff2631e4e1344dc30b3e09c3b9690bed,graph,octree_nfcount,flyby,-2,450,450,0.5769600272,0.1370880008,0.7221760154,0.739744,1,0,-1,34313,30024,16,16,8060,26.84519051,17.05309086,512002,0,512002,34313
v3,d830fc32ff2631e4e1344dc30b3e09c3b9690bed,graph,octree_nfcount,flyby,-2,451,451,0.5836799741,0.1350719929,0.7268159986,0.740644,1,0,-1,34257,29975,16,16,8022,26.76230192,17.08096747,512002,0,512002,34257
v3,d830fc32ff2631e4e1344dc30b3e09c3b9690bed,graph,octree_nfcount,flyby,-2,452,452,0.5854079723,0.1351999938,0.7291839719,0.742752,1,0,-1,34345,30052,16,16,8076,26.87341941,17.03720218,512002,0,512002,34345
v3,d830fc32ff2631e4e1344dc30b3e09c3b9690bed,graph,octree_nfcount,flyby,-2,453,453,0.5754240155,0.1372160017,0.7210239768,0.734913,1,0,-1,34177,29905,16,16,8033,26.86172881,17.12094967,512002,0,512002,34177
v3,d830fc32ff2631e4e1344dc30b3e09c3b9690bed,graph,octree_nfcount,flyby,-2,454,454,0.5823360085,0.1351680011,0.7271040082,0.740599,1,0,-1,34257,29975,16,16,8121,27.09257715,17.08096747,512002,0,512002,34257
v3,d830fc32ff2631e4e1344dc30b3e09c3b9690bed,graph,octree_nfcount,flyby,-2,455,455,0.5840640068,0.1350400001,0.728128016,0.744616,1,0,-1,34209,29933,16,16,8142,27.20074834,17.10493435,512002,0,512002,34209
v3,d830fc32ff2631e4e1344dc30b3e09c3b9690bed,graph,octree_nfcount,flyby,-2,456,456,0.573759973,0.1369599998,0.7193279862,0.732458,1,0,-1,34177,29905,16,16,7996,26.73800368,17.12094967,512002,0,512002,34177
v3,d830fc32ff2631e4e1344dc30b3e09c3b9690bed,graph,octree_nfcount,flyby,-2,457,457,0.5774080157,0.1370880008,0.7237759829,0.735712,1,0,-1,34385,30087,16,16,8188,27.21441154,17.01738292,512002,0,512002,34385
v3,d830fc32ff2631e4e1344dc30b3e09c3b9690bed,graph,octree_nfcount,flyby,-2,458,458,0.5855680108,0.1331200004,0.7279040217,0.746696,1,0,-1,34057,29800,16,16,7898,26.5033557,17.18127517,512002,0,512002,34057
v3,d830fc32ff2631e4e1344dc30b3e09c3b9690bed,graph,octree_nfcount,flyby,-2,459,459,0.5843840241,0.1351040006,0.7286400199,0.74519,1,0,-1,34425,30122,16,16,8125,26.97364053,16.99760972,512002,0,512002,34425
v3,d830fc32ff2631e4e1344dc30b3e09c3b9690bed,graph,octree_nfcount,flyby,-2,460,460,0.5739520192,0.1392959952,0.7215359807,0.733556,1,0,-1,34273,29989,16,16,8028,26.7698156,17.07299343,512002,0,512002,34273
v3,d830fc32ff2631e4e1344dc30b3e09c3b9690bed,graph,octree_nfcount,flyby,-2,461,461,0.5874239802,0.1351680011,0.7309439778,0.744147,1,0,-1,34401,30101,16,16,8097,26.89943856,17.00946812,512002,0,512002,34401
v3,d830fc32ff2631e4e1344dc30b3e09c3b9690bed,graph,octree_nfcount,flyby,-2,462,462,0.5796480179,0.1351680011,0.7238720059,0.737125,1,0,-1,34329,30038,16,16,8067,26.85598242,17.04514282,512002,0,512002,34329
v3,d830fc32ff2631e4e1344dc30b3e09c3b9690bed,graph,octree_nfcount,flyby,-2,463,463,0.5780479908,0.139200002,0.72636801,0.738978,1,0,-1,34313,30024,16,16,7880,26.24567013,17.05309086,512002,0,512002,34313
v3,d830fc32ff2631e4e1344dc30b3e09c3b9690bed,graph,octree_nfcount,flyby,-2,464,464,0.5798400044,0.1372160017,0.7261120081,0.744523,1,0,-1,34545,30227,16,16,8198,27.12144771,16.93856486,512002,0,512002,34545
v3,d830fc32ff2631e4e1344dc30b3e09c3b9690bed,graph,octree_nfcount,flyby,-2,465,465,0.5869119763,0.1372160017,0.7322239876,0.745245,1,0,-1,34153,29884,16,16,7952,26.60955695,17.13298086,512002,0,512002,34153
v3,d830fc32ff2631e4e1344dc30b3e09c3b9690bed,graph,octree_nfcount,flyby,-2,466,466,0.5894719958,0.1371839941,0.7357119918,0.754333,1,0,-1,34513,30199,16,16,8111,26.85850525,16.95427001,512002,0,512002,34513
v3,d830fc32ff2631e4e1344dc30b3e09c3b9690bed,graph,octree_nfcount,flyby,-2,467,467,0.5778239965,0.1371199936,0.7240319848,0.737122,1,0,-1,34169,29898,16,16,7948,26.58371797,17.12495819,512002,0,512002,34169
v3,d830fc32ff2631e4e1344dc30b3e09c3b9690bed,graph,octree_nfcount,flyby,-2,468,468,0.583039999,0.1331200004,0.7247359753,0.742082,1,0,-1,34217,29940,16,16,8047,26.87708751,17.1009352,512002,0,512002,34217
v3,d830fc32ff2631e4e1344dc30b3e09c3b9690bed,graph,octree_nfcount,flyby,-2,469,469,0.5836160183,0.1350719929,0.7271360159,0.7418,1,0,-1,34241,29961,16,16,8002,26.7080538,17.08894897,512002,0,512002,34241
v3,d830fc32ff2631e4e1344dc30b3e09c3b9690bed,graph,octree_nfcount,flyby,-2,470,470,0.5763199925,0.1391679943,0.7252159715,0.745032,1,0,-1,34041,29786,16,16,7795,26.17001276,17.1893507,512002,0,512002,34041
v3,d830fc32ff2631e4e1344dc30b3e09c3b9690bed,graph,octree_nfcount,flyby,-2,471,471,0.5796800256,0.1351999938,0.7238720059,0.743304,1,0,-1,34081,29821,16,16,7905,26.50816539,17.16917608,512002,0,512002,34081
v3,d830fc32ff2631e4e1344dc30b3e09c3b9690bed,graph,octree_nfcount,flyby,-2,472,472,0.5852800012,0.1351359934,0.7294080257,0.745009,1,0,-1,34001,29751,16,16,7876,26.47305973,17.20957279,512002,0,512002,34001
v3,d830fc32ff2631e4e1344dc30b3e09c3b9690bed,graph,octree_nfcount,flyby,-2,473,473,0.5782399774,0.1372160017,0.7245439887,0.74274,1,0,-1,34193,29919,16,16,7999,26.73551924,17.11293827,512002,0,512002,34193
v3,d830fc32ff2631e4e1344dc30b3e09c3b9690bed,graph,octree_nfcount,flyby,-2,474,474,0.5763199925,0.139200002,0.7247040272,0.736901,1,0,-1,34153,29884,16,16,7869,26.33181636,17.13298086,512002,0,512002,34153
v3,d830fc32ff2631e4e1344dc30b3e09c3b9690bed,graph,octree_nfcount,flyby,-2,475,475,0.5894719958,0.1351680011,0.7338560224,0.745908,1,0,-1,34225,29947,16,16,8001,26.71720039,17.09693792,512002,0,512002,34225
v3,d830fc32ff2631e4e1344dc30b3e09c3b9690bed,graph,octree_nfcount,flyby,-2,476,476,0.5842880011,0.1372160017,0.7306560278,0.747534,1,0,-1,34017,29765,16,16,8014,26.92423988,17.20147825,512002,0,512002,34017
v3,d830fc32ff2631e4e1344dc30b3e09c3b9690bed,graph,octree_nfcount,flyby,-2,477,477,0.5756480098,0.1413439959,0.7261440158,0.74469,1,0,-1,34041,29786,16,16,7832,26.29423219,17.1893507,512002,0,512002,34041
v3,d830fc32ff2631e4e1344dc30b3e09c3b9690bed,graph,octree_nfcount,flyby,-2,478,478,0.5726720095,0.1351680011,0.715839982,0.729705,1,0,-1,34321,30031,16,16,8107,26.99543805,17.04911591,512002,0,512002,34321
v3,d830fc32ff2631e4e1344dc30b3e09c3b9690bed,graph,octree_nfcount,flyby,-2,479,479,0.5869119763,0.1372160017,0.7315840125,0.748635,1,0,-1,34433,30129,16,16,8112,26.92422583,16.99366059,512002,0,512002,34433
v3,d830fc32ff2631e4e1344dc30b3e09c3b9690bed,graph,octree_nfcount,flyby,-2,480,480,0.584800005,0.1351999938,0.7281919718,0.7405,1,0,-1,34321,30031,16,16,8105,26.98877826,17.04911591,512002,0,512002,34321
v3,d830fc32ff2631e4e1344dc30b3e09c3b9690bed,graph,octree_nfcount,flyby,-2,481,481,0.5765119791,0.1351680011,0.7192639709,0.73132,1,0,-1,33729,29513,16,16,7775,26.34432284,17.34835496,512002,0,512002,33729
v3,d830fc32ff2631e4e1344dc30b3e09c3b9690bed,graph,octree_nfcount,flyby,-2,482,482,0.5783039927,0.1331200004,0.7194240093,0.730564,1,0,-1,33849,29618,16,16,7831,26.4400027,17.28685259,512002,0,512002,33849
v3,d830fc32ff2631e4e1344dc30b3e09c3b9690bed,graph,octree_nfcount,flyby,-2,483,483,0.5816000104,0.1371199936,0.7277119756,0.741924,1,0,-1,34169,29898,16,16,7987,26.71416148,17.12495819,512002,0,512002,34169
v3,d830fc32ff2631e4e1344dc30b3e09c3b9690bed,graph,octree_nfcount,flyby,-2,484,484,0.5733439922,0.1372479945,0.7185279727,0.730609,1,0,-1,34081,29821,16,16,7830,26.25666477,17.16917608,512002,0,512002,34081
v3,d830fc32ff2631e4e1344dc30b3e09c3b9690bed,graph,octree_nfcount,flyby,-2,485,485,0.5801920295,0.1372160017,0.7244799733,0.735168,1,0,-1,34081,29821,16,16,7940,26.62553234,17.16917608,512002,0,512002,34081
v3,d830fc32ff2631e4e1344dc30b3e09c3b9690bed,graph,octree_nfcount,flyby,-2,486,486,0.5833600163,0.1351680011,0.7265920043,0.738546,1,0,-1,34249,29968,16,16,7865,26.24466097,17.08495729,512002,0,512002,34249
v3,d830fc32ff2631e4e1344dc30b3e09c3b9690bed,graph,octree_nfcount,flyby,-2,487,487,0.5786880255,0.1351680011,0.7215359807,0.738281,1,0,-1,34161,29891,16,16,8032,26.8709645,17.12896859,512002,0,512002,34161
v3,d830fc32ff2631e4e1344dc30b3e09c3b9690bed,graph,octree_nfcount,flyby,-2,488,488,0.5754240155,0.1351680011,0.7189760208,0.731719,1,0,-1,33961,29716,16,16,7949,26.74989904,17.22984251,512002,0,512002,33961
v3,d830fc32ff2631e4e1344dc30b3e09c3b9690bed,graph,octree_nfcount,flyby,-2,489,489,0.5819519758,0.1351680011,0.7248319983,0.73634,1,0,-1,34049,29793,16,16,7913,26.55993018,17.18531199,512002,0,512002,34049
v3,d830fc32ff2631e4e1344dc30b3e09c3b9690bed,graph,octree_nfcount,flyby,-2,490,490,0.5790399909,0.1372479945,0.7245759964,0.742593,1,0,-1,34281,29996,16,16,8111,27.04027204,17.0690092,512002,0,512002,34281
v3,d830fc32ff2631e4e1344dc30b3e09c3b9690bed,graph,octree_nfcount,flyby,-2,491,491,0.5726079941,0.1372160017,0.7186560035,0.73115,1,0,-1,34241,29961,16,16,7855,26.21741597,17.08894897,512002,0,512002,34241
v3,d830fc32ff2631e4e1344dc30b3e09c3b9690bed,graph,octree_nfcount,flyby,-2,492,492,0.5821120143,0.1391679943,0.7298880219,0.742541,1,0,-1,34265,29982,16,16,8034,26.79607765,17.07697952,512002,0,512002,34265
v3,d830fc32ff2631e4e1344dc30b3e09c3b9690bed,graph,octree_nfcount,flyby,-2,493,493,0.5820159912,0.1329919994,0.7234879732,0.741384,1,0,-1,34001,29751,16,16,7959,26.75204195,17.20957279,512002,0,512002,34001
v3,d830fc32ff2631e4e1344dc30b3e09c3b9690bed,graph,octree_nfcount,flyby,-2,494,494,0.5812799931,0.1331200004,0.7218239903,0.736449,1,0,-1,34089,29828,16,16,7858,26.34437441,17.16514684,512002,0,512002,34089
v3,d830fc32ff2631e4e1344dc30b3e09c3b9690bed,graph,octree_nfcount,flyby,-2,495,495,0.5794559717,0.1372160017,0.7246400118,0.740415,1,0,-1,34129,29863,16,16,7921,26.52446171,17.14502897,512002,0,512002,34129
v3,d830fc32ff2631e4e1344dc30b3e09c3b9690bed,graph,octree_nfcount,flyby,-2,496,496,0.5842239857,0.1372160017,0.7282879949,0.738676,1,0,-1,34193,29919,16,16,7877,26.3277516,17.11293827,512002,0,512002,34193
v3,d830fc32ff2631e4e1344dc30b3e09c3b9690bed,graph,octree_nfcount,flyby,-2,497,497,0.5872960091,0.1330879927,0.7286080122,0.74011,1,0,-1,34297,30010,16,16,7970,26.55781406,17.06104632,512002,0,512002,34297
v3,d830fc32ff2631e4e1344dc30b3e09c3b9690bed,graph,octree_nfcount,flyby,-2,498,498,0.577279985,0.1392319947,0.724864006,0.740191,1,0,-1,34137,29870,16,16,7831,26.21694007,17.14101105,512002,0,512002,34137
v3,d830fc32ff2631e4e1344dc30b3e09c3b9690bed,graph,octree_nfcount,flyby,-2,499,499,0.5794879794,0.1351680011,0.7228159904,0.739168,1,0,-1,34241,29961,16,16,8029,26.79817096,17.08894897,512002,0,512002,34241
v3,d830fc32ff2631e4e1344dc30b3e09c3b9690bed,graph,octree_nfcount,flyby,-2,500,500,0.586304009,0.1331200004,0.7276480198,0.742375,1,0,-1,34033,29779,16,16,7864,26.40787132,17.19339132,512002,0,512002,34033
v3,d830fc32ff2631e4e1344dc30b3e09c3b9690bed,graph,octree_nfcount,flyby,-2,501,501,0.5728960037,0.1331200004,0.7141759992,0.728544,1,0,-1,34065,29807,16,16,7909,26.53403563,17.17724025,512002,0,512002,34065
v3,d830fc32ff2631e4e1344dc30b3e09c3b9690bed,graph,octree_nfcount,flyby,-2,502,502,0.5767040253,0.1372160017,0.7219840288,0.739371,1,0,-1,34113,29849,16,16,7980,26.73456397,17.15307045,512002,0,512002,34113
v3,d830fc32ff2631e4e1344dc30b3e09c3b9690bed,graph,octree_nfcount,flyby,-2,503,503,0.581791997,0.1413439959,0.7312319875,0.742421,1,0,-1,34329,30038,16,16,7992,26.60629869,17.04514282,512002,0,512002,34329
v3,d830fc32ff2631e4e1344dc30b3e09c3b9690bed,graph,octree_nfcount,flyby,-2,504,504,0.5877439976,0.1392640024,0.735296011,0.746183,1,0,-1,34593,30269,16,16,8116,26.8129109,16.91506161,512002,0,512002,34593
v3,d830fc32ff2631e4e1344dc30b3e09c3b9690bed,graph,octree_nfcount,flyby,-2,505,505,0.5734080076,0.1371199936,0.7186880112,0.733622,1,0,-1,34265,29982,16,16,7971,26.58595157,17.07697952,512002,0,512002,34265
v3,d830fc32ff2631e4e1344dc30b3e09c3b9690bed,graph,octree_nfcount,flyby,-2,506,506,0.5791040063,0.1392640024,0.7273920178,0.742924,1,0,-1,34417,30115,16,16,8064,26.77735348,17.00156068,512002,0,512002,34417
v3,d830fc32ff2631e4e1344dc30b3e09c3b9690bed,graph,octree_nfcount,flyby,-2,507,507,0.5833280087,0.1392640024,0.7312319875,0.743727,1,0,-1,34385,30087,16,16,8122,26.9950477,17.01738292,512002,0,512002,34385
v3,d830fc32ff2631e4e1344dc30b3e09c3b9690bed,graph,octree_nfcount,flyby,-2,508,508,0.5814399719,0.1372160017,0.7266560197,0.739765,1,0,-1,34329,30038,16,16,7914,26.34662761,17.04514282,512002,0,512002,34329
v3,d830fc32ff2631e4e1344dc30b3e09c3b9690bed,graph,octree_nfcount,flyby,-2,509,509,0.5816320181,0.1372160017,0.7273920178,0.741688,1,0,-1,34513,30199,16,16,8077,26.74591874,16.95427001,512002,0,512002,34513
v3,d830fc32ff2631e4e1344dc30b3e09c3b9690bed,graph,octree_nfcount,flyby,-2,510,510,0.5868800282,0.1350719929,0.7298240066,0.742574,1,0,-1,34281,29996,16,16,8016,26.72356314,17.0690092,512002,0,512002,34281
v3,d830fc32ff2631e4e1344dc30b3e09c3b9690bed,graph,octree_nfcount,flyby,-2,511,511,0.5918719769,0.1392959952,0.7403839827,0.756447,1,0,-1,34409,30108,16,16,8114,26.94964793,17.00551348,512002,0,512002,34409
v3,d830fc32ff2631e4e1344dc30b3e09c3b9690bed,graph,octree_nfcount,flyby,-2,512,512,0.5721600056,0.1392640024,0.7204800248,0.732944,1,0,-1,34145,29877,16,16,8027,26.86682063,17.13699501,512002,0,512002,34145
v3,d830fc32ff2631e4e1344dc30b3e09c3b9690bed,graph,octree_nfcount,flyby,-2,513,513,0.5812799931,0.1351999938,0.724511981,0.738021,1,0,-1,34273,29989,16,16,8075,26.92653973,17.07299343,512002,0,512002,34273
v3,d830fc32ff2631e4e1344dc30b3e09c3b9690bed,graph,octree_nfcount,flyby,-2,514,514,0.5807039738,0.1351680011,0.7238720059,0.73902,1,0,-1,34217,29940,16,16,8035,26.83700735,17.1009352,512002,0,512002,34217
v3,d830fc32ff2631e4e1344dc30b3e09c3b9690bed,graph,octree_nfcount,flyby,-2,515,515,0.5732799768,0.1372479945,0.718208015,0.730268,1,0,-1,33993,29744,16,16,7824,26.30446477,17.21362292,512002,0,512002,33993
v3,d830fc32ff2631e4e1344dc30b3e09c3b9690bed,graph,octree_nfcount,flyby,-2,516,516,0.5798079967,0.1372479945,0.7261120081,0.741133,1,0,-1,34305,30017,16,16,8027,26.74151314,17.05706766,512002,0,512002,34305
v3,d830fc32ff2631e4e1344dc30b3e09c3b9690bed,graph,octree_nfcount,flyby,-2,517,517,0.5832639933,0.1372479945,0.7287359834,0.740431,1,0,-1,34121,29856,16,16,7908,26.48713826,17.14904877,512002,0,512002,34121
v3,d830fc32ff2631e4e1344dc30b3e09c3b9690bed,graph,octree_nfcount,flyby,-2,518,518,0.5771840215,0.1351680011,0.7205439806,0.732382,1,0,-1,34353,30059,16,16,7985,26.5644233,17.03323464,512002,0,512002,34353
v3,d830fc32ff2631e4e1344dc30b3e09c3b9690bed,graph,octree_nfcount,flyby,-2,519,519,0.581535995,0.1372479945,0.7272639871,0.741132,1,0,-1,34249,29968,16,16,7995,26.67845702,17.08495729,512002,0,512002,34249
v3,d830fc32ff2631e4e1344dc30b3e09c3b9690bed,graph,octree_nfcount,flyby,-2,520,520,0.578880012,0.1351680011,0.7231680155,0.742341,1,0,-1,34257,29975,16,16,7938,26.48206839,17.08096747,512002,0,512002,34257
v3,d830fc32ff2631e4e1344dc30b3e09c3b9690bed,graph,octree_nfcount,flyby,-2,521,521,0.5857279897,0.1372160017,0.7319359779,0.7449,1,0,-1,34409,30108,16,16,8024,26.65072406,17.00551348,512002,0,512002,34409
v3,d830fc32ff2631e4e1344dc30b3e09c3b9690bed,graph,octree_nfcount,flyby,-2,522,522,0.577376008,0.1372479945,0.7228800058,0.742262,1,0,-1,34097,29835,16,16,7795,26.12703201,17.16111949,512002,0,512002,34097
v3,d830fc32ff2631e4e1344dc30b3e09c3b9690bed,graph,octree_nfcount,flyby,-2,523,523,0.5774719715,0.1372479945,0.7242559791,0.74336,1,0,-1,34337,30045,16,16,7965,26.51023465,17.04117158,512002,0,512002,34337
v3,d830fc32ff2631e4e1344dc30b3e09c3b9690bed,graph,octree_nfcount,flyby,-2,524,524,0.584544003,0.1351680011,0.727872014,0.742405,1,0,-1,34121,29856,16,16,7782,26.06511254,17.14904877,512002,0,512002,34121
v3,d830fc32ff2631e4e1344dc30b3e09c3b9690bed,graph,octree_nfcount,flyby,-2,525,525,0.5771200061,0.1329919994,0.7192000151,0.730985,1,0,-1,34185,29912,16,16,7735,25.85918695,17.11694303,512002,0,512002,34185
v3,d830fc32ff2631e4e1344dc30b3e09c3b9690bed,graph,octree_nfcount,flyby,-2,526,526,0.5785599947,0.1351680011,0.7227519751,0.741623,1,0,-1,34225,29947,16,16,7958,26.57361338,17.09693792,512002,0,512002,34225
v3,d830fc32ff2631e4e1344dc30b3e09c3b9690bed,graph,octree_nfcount,flyby,-2,527,527,0.5857920051,0.1331200004,0.7279360294,0.743624,1,0,-1,34121,29856,16,16,7794,26.10530547,17.14904877,512002,0,512002,34121
v3,d830fc32ff2631e4e1344dc30b3e09c3b9690bed,graph,octree_nfcount,flyby,-2,528,528,0.5835199952,0.1331200004,0.7256640196,0.741435,1,0,-1,34241,29961,16,16,7870,26.26748106,17.08894897,512002,0,512002,34241
v3,d830fc32ff2631e4e1344dc30b3e09c3b9690bed,graph,octree_nfcount,flyby,-2,529,529,0.5755519867,0.1372160017,0.7211520076,0.740476,1,0,-1,34241,29961,16,16,7869,26.26414339,17.08894897,512002,0,512002,34241
v3,d830fc32ff2631e4e1344dc30b3e09c3b9690bed,graph,octree_nfcount,flyby,-2,530,530,0.580031991,0.1371839941,0.7257919908,0.742619,1,0,-1,34369,30073,16,16,7913,26.31263924,17.02530509,512002,0,512002,34369
v3,d830fc32ff2631e4e1344dc30b3e09c3b9690bed,graph,octree_nfcount,flyby,-2,531,531,0.5878720284,0.1372160017,0.7332479954,0.745803,1,0,-1,34441,30136,16,16,7987,26.50318556,16.9897133,512002,0,512002,34441
v3,d830fc32ff2631e4e1344dc30b3e09c3b9690bed,graph,octree_nfcount,flyby,-2,532,532,0.5792959929,0.1331200004,0.7200000286,0.738281,1,0,-1,34281,29996,16,16,7838,26.13015069,17.0690092,512002,0,512002,34281
v3,d830fc32ff2631e4e1344dc30b3e09c3b9690bed,graph,octree_nfcount,flyby,-2,533,533,0.5769919753,0.1351680011,0.7194880247,0.737538,1,0,-1,34345,30052,16,16,8002,26.62717956,17.03720218,512002,0,512002,34345
v3,d830fc32ff2631e4e1344dc30b3e09c3b9690bed,graph,octree_nfcount,flyby,-2,534,534,0.5820159912,0.1351680011,0.7240639925,0.733449,1,0,-1,34393,30094,16,16,7861,26.12148601,17.0134246,512002,0,512002,34393
v3,d830fc32ff2631e4e1344dc30b3e09c3b9690bed,graph,octree_nfcount,flyby,-2,535,535,0.5837759972,0.1351999938,0.7266560197,0.737626,1,0,-1,34385,30087,16,16,7947,26.41340114,17.01738292,512002,0,512002,34385
v3,d830fc32ff2631e4e1344dc30b3e09c3b9690bed,graph,octree_nfcount,flyby,-2,536,536,0.5783360004,0.1351680011,0.7216960192,0.739664,1,0,-1,34385,30087,16,16,7947,26.41340114,17.01738292,512002,0,512002,34385
v3,d830fc32ff2631e4e1344dc30b3e09c3b9690bed,graph,octree_nfcount,flyby,-2,537,537,0.5795840025,0.1351680011,0.7225599885,0.737134,1,0,-1,34521,30206,16,16,7930,26.25306231,16.95034099,512002,0,512002,34521
v3,d830fc32ff2631e4e1344dc30b3e09c3b9690bed,graph,octree_nfcount,flyby,-2,538,538,0.5789120197,0.1372160017,0.7237439752,0.738374,1,0,-1,34577,30255,16,16,7995,26.42538423,16.92288878,512002,0,512002,34577
v3,d830fc32ff2631e4e1344dc30b3e09c3b9690bed,graph,octree_nfcount,flyby,-2,539,539,0.5806720257,0.1351999938,0.7237439752,0.738706,1,0,-1,34649,30318,16,16,7890,26.02414407,16.88772346,512002,0,512002,34649
v3,d830fc32ff2631e4e1344dc30b3e09c3b9690bed,graph,octree_nfcount,flyby,-2,540,540,0.5817599893,0.1351680011,0.7254400253,0.7413,1,0,-1,34593,30269,16,16,8036,26.54861409,16.91506161,512002,0,512002,34593
v3,d830fc32ff2631e4e1344dc30b3e09c3b9690bed,graph,octree_nfcount,flyby,-2,541,541,0.5837119818,0.1330559999,0.7251840234,0.741794,1,0,-1,34481,30171,16,16,8007,26.53872924,16.97000431,512002,0,512002,34481
v3,d830fc32ff2631e4e1344dc30b3e09c3b9690bed,graph,octree_nfcount,flyby,-2,542,542,0.5814719796,0.1372479945,0.7269759774,0.741327,1,0,-1,34433,30129,16,16,7821,25.95837897,16.99366059,512002,0,512002,34433
v3,d830fc32ff2631e4e1344dc30b3e09c3b9690bed,graph,octree_nfcount,flyby,-2,543,543,0.5776640177,0.1372160017,0.7234560251,0.73485,1,0,-1,34593,30269,16,16,7983,26.37351746,16.91506161,512002,0,512002,34593
v3,d830fc32ff2631e4e1344dc30b3e09c3b9690bed,graph,octree_nfcount,flyby,-2,544,544,0.5839999914,0.1328960061,0.724864006,0.739933,1,0,-1,34385,30087,16,16,7795,25.90819955,17.01738292,512002,0,512002,34385
v3,d830fc32ff2631e4e1344dc30b3e09c3b9690bed,graph,octree_nfcount,flyby,-2,545,545,0.5820479989,0.1351999938,0.7246400118,0.737605,1,0,-1,34249,29968,16,16,7866,26.24799786,17.08495729,512002,0,512002,34249
v3,d830fc32ff2631e4e1344dc30b3e09c3b9690bed,graph,octree_nfcount,flyby,-2,546,546,0.574624002,0.1350719929,0.7176319957,0.729039,1,0,-1,34033,29779,16,16,7649,25.68588603,17.19339132,512002,0,512002,34033
v3,d830fc32ff2631e4e1344dc30b3e09c3b9690bed,graph,octree_nfcount,flyby,-2,547,547,0.5809280276,0.1350400001,0.7235199809,0.7411,1,0,-1,33993,29744,16,16,7666,25.7732652,17.21362292,512002,0,512002,33993
v3,d830fc32ff2631e4e1344dc30b3e09c3b9690bed,graph,octree_nfcount,flyby,-2,548,548,0.5799999833,0.1331200004,0.7215999961,0.739738,1,0,-1,34249,29968,16,16,7742,25.83422317,17.08495729,512002,0,512002,34249
v3,d830fc32ff2631e4e1344dc30b3e09c3b9690bed,graph,octree_nfcount,flyby,-2,549,549,0.5761920214,0.1372160017,0.7221760154,0.73434,1,0,-1,33921,29681,16,16,7544,25.41693339,17.25016004,512002,0,512002,33921
v3,d830fc32ff2631e4e1344dc30b3e09c3b9690bed,graph,octree_nfcount,flyby,-2,550,550,0.5746560097,0.1372160017,0.7211520076,0.733077,1,0,-1,34121,29856,16,16,7763,26.00147374,17.14904877,512002,0,512002,34121
v3,d830fc32ff2631e4e1344dc30b3e09c3b9690bed,graph,octree_nfcount,flyby,-2,551,551,0.5834239721,0.1331200004,0.724864006,0.741717,1,0,-1,33913,29674,16,16,7655,25.796994,17.25422929,512002,0,512002,33913
v3,d830fc32ff2631e4e1344dc30b3e09c3b9690bed,graph,octree_nfcount,flyby,-2,552,552,0.5771200061,0.1372160017,0.7225279808,0.739947,1,0,-1,34073,29814,16,16,7637,25.61548266,17.17320722,512002,0,512002,34073
v3,d830fc32ff2631e4e1344dc30b3e09c3b9690bed,graph,octree_nfcount,flyby,-2,553,553,0.5750399828,0.1331200004,0.7164160013,0.729114,1,0,-1,33929,29688,16,16,7636,25.72082996,17.2460927,512002,0,512002,33929
v3,d830fc32ff2631e4e1344dc30b3e09c3b9690bed,graph,octree_nfcount,flyby,-2,554,554,0.5853440166,0.1372479945,0.7310079932,0.742649,1,0,-1,33801,29576,16,16,7536,25.48011902,17.31140114,512002,0,512002,33801
v3,d830fc32ff2631e4e1344dc30b3e09c3b9690bed,graph,octree_nfcount,flyby,-2,555,555,0.5751039982,0.1351680011,0.7190399766,0.733407,1,0,-1,34065,29807,16,16,7703,25.8429228,17.17724025,512002,0,512002,34065
v3,d830fc32ff2631e4e1344dc30b3e09c3b9690bed,graph,octree_nfcount,flyby,-2,556,556,0.5717440248,0.1372479945,0.717343986,0.729456,1,0,-1,33801,29576,16,16,7531,25.46321342,17.31140114,512002,0,512002,33801
v3,d830fc32ff2631e4e1344dc30b3e09c3b9690bed,graph,octree_nfcount,flyby,-2,557,557,0.5777279735,0.1330559999,0.7191359997,0.730364,1,0,-1,33937,29695,16,16,7635,25.71139923,17.24202728,512002,0,512002,33937
v3,d830fc32ff2631e4e1344dc30b3e09c3b9690bed,graph,octree_nfcount,flyby,-2,558,558,0.5838720202,0.1351680011,0.7274240255,0.742007,1,0,-1,34089,29828,16,16,7694,25.79455545,17.16514684,512002,0,512002,34089
v3,d830fc32ff2631e4e1344dc30b3e09c3b9690bed,graph,octree_nfcount,flyby,-2,559,559,0.5741119981,0.1372160017,0.7198399901,0.731458,1,0,-1,33929,29688,16,16,7533,25.37388844,17.2460927,512002,0,512002,33929
v3,d830fc32ff2631e4e1344dc30b3e09c3b9690bed,graph,octree_nfcount,flyby,-2,560,560,0.5776640177,0.1351680011,0.721855998,0.733993,1,0,-1,34169,29898,16,16,7724,25.83450398,17.12495819,512002,0,512002,34169
v3,d830fc32ff2631e4e1344dc30b3e09c3b9690bed,graph,octree_nfcount,flyby,-2,561,561,0.5812799931,0.1351680011,0.7242559791,0.739621,1,0,-1,33945,29702,16,16,7611,25.62453707,17.23796377,512002,0,512002,33945
v3,d830fc32ff2631e4e1344dc30b3e09c3b9690bed,graph,octree_nfcount,flyby,-2,562,562,0.5775679946,0.1351680011,0.7212799788,0.732883,1,0,-1,33953,29709,16,16,7599,25.57810764,17.23390218,512002,0,512002,33953
v3,d830fc32ff2631e4e1344dc30b3e09c3b9690bed,graph,octree_nfcount,flyby,-2,563,563,0.5729280114,0.1331200004,0.7151039839,0.72982,1,0,-1,34169,29898,16,16,7719,25.81778045,17.12495819,512002,0,512002,34169
v3,d830fc32ff2631e4e1344dc30b3e09c3b9690bed,graph,octree_nfcount,flyby,-2,564,564,0.5786560178,0.1331200004,0.7202879786,0.740489,1,0,-1,34073,29814,16,16,7667,25.71610653,17.17320722,512002,0,512002,34073
v3,d830fc32ff2631e4e1344dc30b3e09c3b9690bed,graph,octree_nfcount,flyby,-2,565,565,0.5874239802,0.1371199936,0.7329919934,0.745241,1,0,-1,34369,30073,16,16,7738,25.73072191,17.02530509,512002,0,512002,34369
v3,d830fc32ff2631e4e1344dc30b3e09c3b9690bed,graph,octree_nfcount,flyby,-2,566,566,0.571968019,0.1331200004,0.7123200297,0.723568,1,0,-1,33977,29730,16,16,7606,25.5835856,17.22172889,512002,0,512002,33977
v3,d830fc32ff2631e4e1344dc30b3e09c3b9690bed,graph,octree_nfcount,flyby,-2,567,567,0.5783680081,0.1371199936,0.7230399847,0.736487,1,0,-1,34169,29898,16,16,7724,25.83450398,17.12495819,512002,0,512002,34169
v3,d830fc32ff2631e4e1344dc30b3e09c3b9690bed,graph,octree_nfcount,flyby,-2,568,568,0.5816000104,0.1351680011,0.7248319983,0.740351,1,0,-1,33921,29681,16,16,7659,25.80438664,17.25016004,512002,0,512002,33921
v3,d830fc32ff2631e4e1344dc30b3e09c3b9690bed,graph,octree_nfcount,flyby,-2,569,569,0.5733439922,0.1351680011,0.7175359726,0.730017,1,0,-1,33833,29604,16,16,7530,25.43575193,17.2950277,512002,0,512002,33833
v3,d830fc32ff2631e4e1344dc30b3e09c3b9690bed,graph,octree_nfcount,flyby,-2,570,570,0.5780799985,0.1331200004,0.7203199863,0.731996,1,0,-1,33921,29681,16,16,7634,25.72015768,17.25016004,512002,0,512002,33921
v3,d830fc32ff2631e4e1344dc30b3e09c3b9690bed,graph,octree_nfcount,flyby,-2,571,571,0.583392024,0.1372479945,0.7297599912,0.742479,1,0,-1,33985,29737,16,16,7645,25.70871305,17.21767495,512002,0,512002,33985
v3,d830fc32ff2631e4e1344dc30b3e09c3b9690bed,graph,octree_nfcount,flyby,-2,572,572,0.5799679756,0.1351359934,0.7231680155,0.740804,1,0,-1,34193,29919,16,16,7658,25.59577526,17.11293827,512002,0,512002,34193
v3,d830fc32ff2631e4e1344dc30b3e09c3b9690bed,graph,octree_nfcount,flyby,-2,573,573,0.574976027,0.1330879927,0.715839982,0.727988,1,0,-1,34001,29751,16,16,7608,25.57224967,17.20957279,512002,0,512002,34001
v3,d830fc32ff2631e4e1344dc30b3e09c3b9690bed,graph,octree_nfcount,flyby,-2,574,574,0.5745599866,0.1372160017,0.7191359997,0.737089,1,0,-1,34121,29856,16,16,7609,25.48566452,17.14904877,512002,0,512002,34121
v3,d830fc32ff2631e4e1344dc30b3e09c3b9690bed,graph,octree_nfcount,flyby,-2,575,575,0.5859199762,0.1392959952,0.7337599993,0.74625,1,0,-1,34553,30234,16,16,7774,25.7127737,16.93464312,512002,0,512002,34553
v3,d830fc32ff2631e4e1344dc30b3e09c3b9690bed,graph,octree_nfcount,flyby,-2,576,576,0.5720959902,0.1330240071,0.713440001,0.729045,1,0,-1,34217,29940,16,16,7639,25.51436206,17.1009352,512002,0,512002,34217
v3,d830fc32ff2631e4e1344dc30b3e09c3b9690bed,graph,octree_nfcount,flyby,-2,577,577,0.5774080157,0.1372479945,0.7237120271,0.743364,1,0,-1,34185,29912,16,16,7633,25.51818668,17.11694303,512002,0,512002,34185
v3,d830fc32ff2631e4e1344dc30b3e09c3b9690bed,graph,octree_nfcount,flyby,-2,578,578,0.5853120089,0.1330240071,0.7267199755,0.740628,1,0,-1,34257,29975,16,16,7669,25.58465388,17.08096747,512002,0,512002,34257
v3,d830fc32ff2631e4e1344dc30b3e09c3b9690bed,graph,octree_nfcount,flyby,-2,579,579,0.5713919997,0.1331200004,0.7123200297,0.727023,1,0,-1,34081,29821,16,16,7562,25.35796922,17.16917608,512002,0,512002,34081
v3,d830fc32ff2631e4e1344dc30b3e09c3b9690bed,graph,octree_nfcount,flyby,-2,580,580,0.5811840296,0.1351680011,0.7244480252,0.741133,1,0,-1,34185,29912,16,16,7754,25.92270661,17.11694303,512002,0,512002,34185
v3,d830fc32ff2631e4e1344dc30b3e09c3b9690bed,graph,octree_nfcount,flyby,-2,581,581,0.5796160102,0.1351680011,0.7238399982,0.74286,1,0,-1,34177,29905,16,16,7680,25.68132419,17.12094967,512002,0,512002,34177
v3,d830fc32ff2631e4e1344dc30b3e09c3b9690bed,graph,octree_nfcount,flyby,-2,582,582,0.5777599812,0.1330879927,0.7191680074,0.730438,1,0,-1,34313,30024,16,16,7772,25.8859579,17.05309086,512002,0,512002,34313
v3,d830fc32ff2631e4e1344dc30b3e09c3b9690bed,graph,octree_nfcount,flyby,-2,583,583,0.575872004,0.1331200004,0.7165120244,0.727837,1,0,-1,34193,29919,16,16,7748,25.89658745,17.11293827,512002,0,512002,34193
v3,d830fc32ff2631e4e1344dc30b3e09c3b9690bed,graph,octree_nfcount,flyby,-2,584,584,0.5813440084,0.1351680011,0.7246400118,0.739586,1,0,-1,34177,29905,16,16,7746,25.90202307,17.12094967,512002,0,512002,34177
v3,d830fc32ff2631e4e1344dc30b3e09c3b9690bed,graph,octree_nfcount,flyby,-2,585,585,0.5880640149,0.1331200004,0.72963202,0.743514,1,0,-1,34481,30171,16,16,7808,25.87915548,16.97000431,512002,0,512002,34481
v3,d830fc32ff2631e4e1344dc30b3e09c3b9690bed,graph,octree_nfcount,flyby,-2,586,586,0.5731840134,0.1350400001,0.7163199782,0.729134,1,0,-1,34097,29835,16,16,7637,25.59745266,17.16111949,512002,0,512002,34097
v3,d830fc32ff2631e4e1344dc30b3e09c3b9690bed,graph,octree_nfcount,flyby,-2,587,587,0.5809919834,0.1351359934,0.7246400118,0.738968,1,0,-1,34225,29947,16,16,7744,25.8590176,17.09693792,512002,0,512002,34225
v3,d830fc32ff2631e4e1344dc30b3e09c3b9690bed,graph,octree_nfcount,flyby,-2,588,588,0.5828800201,0.1372479945,0.7269440293,0.735653,1,0,-1,34337,30045,16,16,7778,25.88783491,17.04117158,512002,0,512002,34337
v3,d830fc32ff2631e4e1344dc30b3e09c3b9690bed,graph,octree_nfcount,flyby,-2,589,589,0.5733119845,0.1372479945,0.7185919881,0.730084,1,0,-1,34265,29982,16,16,7617,25.40524315,17.07697952,512002,0,512002,34265
v3,d830fc32ff2631e4e1344dc30b3e09c3b9690bed,graph,octree_nfcount,flyby,-2,590,590,0.5796160102,0.1392640024,0.7272959948,0.743243,1,0,-1,34513,30199,16,16,7846,25.98099275,16.95427001,512002,0,512002,34513
v3,d830fc32ff2631e4e1344dc30b3e09c3b9690bed,graph,octree_nfcount,flyby,-2,591,591,0.5842239857,0.1331200004,0.7256960273,0.741158,1,0,-1,34185,29912,16,16,7677,25.66528484,17.11694303,512002,0,512002,34185
v3,d830fc32ff2631e4e1344dc30b3e09c3b9690bed,graph,octree_nfcount,flyby,-2,592,592,0.5797119737,0.1351999938,0.7233920097,0.74112,1,0,-1,34289,30003,16,16,7820,26.06406026,17.06502683,512002,0,512002,34289
v3,d830fc32ff2631e4e1344dc30b3e09c3b9690bed,graph,octree_nfcount,flyby,-2,593,593,0.5750719905,0.1351359934,0.7192959785,0.731258,1,0,-1,33865,29632,16,16,7660,25.85043197,17.27868521,512002,0,512002,33865
v3,d830fc32ff2631e4e1344dc30b3e09c3b9690bed,graph,octree_nfcount,flyby,-2,594,594,0.5774080157,0.1372479945,0.7223680019,0.738992,1,0,-1,33929,29688,16,16,7690,25.90272164,17.2460927,512002,0,512002,33929
v3,d830fc32ff2631e4e1344dc30b3e09c3b9690bed,graph,octree_nfcount,flyby,-2,595,595,0.5813440084,0.1331200004,0.7230399847,0.742161,1,0,-1,34025,29772,16,16,7679,25.79269112,17.19743383,512002,0,512002,34025
v3,d830fc32ff2631e4e1344dc30b3e09c3b9690bed,graph,octree_nfcount,flyby,-2,596,596,0.5779200196,0.1372160017,0.7245759964,0.737593,1,0,-1,33985,29737,16,16,7513,25.2648216,17.21767495,512002,0,512002,33985
v3,d830fc32ff2631e4e1344dc30b3e09c3b9690bed,graph,octree_nfcount,flyby,-2,597,597,0.5801600218,0.1372479945,0.7264959812,0.746341,1,0,-1,34041,29786,16,16,7696,25.83764185,17.1893507,512002,0,512002,34041
v3,d830fc32ff2631e4e1344dc30b3e09c3b9690bed,graph,octree_nfcount,flyby,-2,598,598,0.5839679837,0.1351680011,0.726271987,0.738269,1,0,-1,33985,29737,16,16,7655,25.74234119,17.21767495,512002,0,512002,33985
v3,d830fc32ff2631e4e1344dc30b3e09c3b9690bed,graph,octree_nfcount,flyby,-2,599,599,0.5707839727,0.1331200004,0.7118080258,0.726894,1,0,-1,34073,29814,16,16,7474,25.06875964,17.17320722,512002,0,512002,34073
v3,d830fc32ff2631e4e1344dc30b3e09c3b9690bed,graph,octree_nfcount,flyby,-2,600,600,0.5752000213,0.1351680011,0.7170879841,0.733773,1,0,-1,34441,30136,16,16,7711,25.5873374,16.9897133,512002,0,512002,34441
v3,d830fc32ff2631e4e1344dc30b3e09c3b9690bed,graph,octree_nfcount,flyby,-2,601,601,0.5780479908,0.1351999938,0.7208960056,0.739225,1,0,-1,34313,30024,16,16,7665,25.52957634,17.05309086,512002,0,512002,34313
v3,d830fc32ff2631e4e1344dc30b3e09c3b9690bed,graph,octree_nfcount,flyby,-2,602,602,0.5811520219,0.1330879927,0.7224000096,0.740539,1,0,-1,34065,29807,16,16,7573,25.40678364,17.17724025,512002,0,512002,34065
v3,d830fc32ff2631e4e1344dc30b3e09c3b9690bed,graph,octree_nfcount,flyby,-2,603,603,0.5713919997,0.1351359934,0.7152320147,0.727713,1,0,-1,34369,30073,16,16,7770,25.83712965,17.02530509,512002,0,512002,34369
v3,d830fc32ff2631e4e1344dc30b3e09c3b9690bed,graph,octree_nfcount,flyby,-2,604,604,0.5797759891,0.1330559999,0.7211840153,0.73399,1,0,-1,34137,29870,16,16,7616,25.49715434,17.14101105,512002,0,512002,34137
v3,d830fc32ff2631e4e1344dc30b3e09c3b9690bed,graph,octree_nfcount,flyby,-2,605,605,0.5793280005,0.1351680011,0.7229120135,0.740584,1,0,-1,34297,30010,16,16,7660,25.52482506,17.06104632,512002,0,512002,34297
v3,d830fc32ff2631e4e1344dc30b3e09c3b9690bed,graph,octree_nfcount,flyby,-2,606,606,0.5718399882,0.1372160017,0.7171519995,0.729869,1,0,-1,34073,29814,16,16,7577,25.41423492,17.17320722,512002,0,512002,34073
v3,d830fc32ff2631e4e1344dc30b3e09c3b9690bed,graph,octree_nfcount,flyby,-2,607,607,0.5794240236,0.1372479945,0.7244160175,0.738033,1,0,-1,34329,30038,16,16,7743,25.77734869,17.04514282,512002,0,512002,34329
v3,d830fc32ff2631e4e1344dc30b3e09c3b9690bed,graph,octree_nfcount,flyby,-2,608,608,0.5852479935,0.1392640024,0.7325760126,0.752408,1,0,-1,34401,30101,16,16,7835,26.02903558,17.00946812,512002,0,512002,34401
v3,d830fc32ff2631e4e1344dc30b3e09c3b9690bed,graph,octree_nfcount,flyby,-2,609,609,0.5728960037,0.1330559999,0.7138559818,0.727484,1,0,-1,34273,29989,16,16,7556,25.19590517,17.07299343,512002,0,512002,34273
v3,d830fc32ff2631e4e1344dc30b3e09c3b9690bed,graph,octree_nfcount,flyby,-2,610,610,0.5799360275,0.1351680011,0.7232000232,0.74254,1,0,-1,34313,30024,16,16,7744,25.79269917,17.05309086,512002,0,512002,34313
v3,d830fc32ff2631e4e1344dc30b3e09c3b9690bed,graph,octree_nfcount,flyby,-2,611,611,0.5844799876,0.1330879927,0.7260479927,0.742278,1,0,-1,34321,30031,16,16,7722,25.71342946,17.04911591,512002,0,512002,34321
v3,d830fc32ff2631e4e1344dc30b3e09c3b9690bed,graph,octree_nfcount,flyby,-2,612,612,0.5709120035,0.1351680011,0.7150719762,0.728932,1,0,-1,34489,30178,16,16,7745,25.66439128,16.966068,512002,0,512002,34489
v3,d830fc32ff2631e4e1344dc30b3e09c3b9690bed,graph,octree_nfcount,flyby,-2,613,613,0.5818240047,0.1351680011,0.7260479927,0.742389,1,0,-1,34449,30143,16,16,7821,25.94632253,16.98576784,512002,0,512002,34449
v3,d830fc32ff2631e4e1344dc30b3e09c3b9690bed,graph,octree_nfcount,flyby,-2,614,614,0.5861759782,0.1351999938,0.7298560143,0.741597,1,0,-1,34345,30052,16,16,7726,25.70877146,17.03720218,512002,0,512002,34345
v3,d830fc32ff2631e4e1344dc30b3e09c3b9690bed,graph,octree_nfcount,flyby,-2,615,615,0.5836799741,0.1351680011,0.7268800139,0.740644,1,0,-1,34409,30108,16,16,7818,25.96652053,17.00551348,512002,0,512002,34409
v3,d830fc32ff2631e4e1344dc30b3e09c3b9690bed,graph,octree_nfcount,flyby,-2,616,616,0.5759999752,0.1351680011,0.7194880247,0.732288,1,0,-1,34137,29870,16,16,7653,25.62102444,17.14101105,512002,0,512002,34137
v3,d830fc32ff2631e4e1344dc30b3e09c3b9690bed,graph,octree_nfcount,flyby,-2,617,617,0.5838080049,0.1372479945,0.7300800085,0.743225,1,0,-1,34161,29891,16,16,7703,25.77029875,17.12896859,512002,0,512002,34161
v3,d830fc32ff2631e4e1344dc30b3e09c3b9690bed,graph,octree_nfcount,flyby,-2,618,618,0.5838080049,0.1331200004,0.7259520292,0.74297,1,0,-1,34153,29884,16,16,7846,26.25485209,17.13298086,512002,0,512002,34153
v3,d830fc32ff2631e4e1344dc30b3e09c3b9690bed,graph,octree_nfcount,flyby,-2,619,619,0.5759680271,0.1331200004,0.7185919881,0.733403,1,0,-1,33857,29625,16,16,7609,25.68438819,17.28276793,512002,0,512002,33857
v3,d830fc32ff2631e4e1344dc30b3e09c3b9690bed,graph,octree_nfcount,flyby,-2,620,620,0.5771200061,0.1331200004,0.7192639709,0.731103,1,0,-1,34065,29807,16,16,7734,25.94692522,17.17724025,512002,0,512002,34065
v3,d830fc32ff2631e4e1344dc30b3e09c3b9690bed,graph,octree_nfcount,flyby,-2,621,621,0.5784959793,0.1331200004,0.7206400037,0.732767,1,0,-1,34185,29912,16,16,7759,25.93942231,17.11694303,512002,0,512002,34185
v3,d830fc32ff2631e4e1344dc30b3e09c3b9690bed,graph,octree_nfcount,flyby,-2,622,622,0.5729920268,0.1329919994,0.7150080204,0.731928,1,0,-1,33929,29688,16,16,7620,25.66693614,17.2460927,512002,0,512002,33929
v3,d830fc32ff2631e4e1344dc30b3e09c3b9690bed,graph,octree_nfcount,flyby,-2,623,623,0.5730239749,0.1330879927,0.7140799761,0.732483,1,0,-1,34313,30024,16,16,7734,25.75939249,17.05309086,512002,0,512002,34313
v3,d830fc32ff2631e4e1344dc30b3e09c3b9690bed,graph,octree_nfcount,flyby,-2,624,624,0.5774400234,0.1372160017,0.7228800058,0.735368,1,0,-1,33897,29660,16,16,7567,25.51247471,17.26237357,512002,0,512002,33897
v3,d830fc32ff2631e4e1344dc30b3e09c3b9690bed,graph,octree_nfcount,flyby,-2,625,625,0.5794240236,0.1372160017,0.724767983,0.742611,1,0,-1,34081,29821,16,16,7579,25.41497602,17.16917608,512002,0,512002,34081
v3,d830fc32ff2631e4e1344dc30b3e09c3b9690bed,graph,octree_nfcount,flyby,-2,626,626,0.5695679784,0.1331200004,0.7109119892,0.727513,1,0,-1,33929,29688,16,16,7502,25.26946915,17.2460927,512002,0,512002,33929
v3,d830fc32ff2631e4e1344dc30b3e09c3b9690bed,graph,octree_nfcount,flyby,-2,627,627,0.5759040117,0.1331200004,0.7176319957,0.730408,1,0,-1,34097,29835,16,16,7518,25.19859226,17.16111949,512002,0,512002,34097
v3,d830fc32ff2631e4e1344dc30b3e09c3b9690bed,graph,octree_nfcount,flyby,-2,628,628,0.5794559717,0.1331200004,0.7211199999,0.734043,1,0,-1,34313,30024,16,16,7640,25.44630962,17.05309086,512002,0,512002,34313
v3,d830fc32ff2631e4e1344dc30b3e09c3b9690bed,graph,octree_nfcount,flyby,-2,629,629,0.5710399747,0.1392959952,0.7193279862,0.735886,1,0,-1,33993,29744,16,16,7509,25.24542765,17.21362292,512002,0,512002,33993
v3,d830fc32ff2631e4e1344dc30b3e09c3b9690bed,graph,octree_nfcount,flyby,-2,630,630,0.5752000213,0.1351680011,0.7194880247,0.732969,1,0,-1,34185,29912,16,16,7650,25.57502006,17.11694303,512002,0,512002,34185
v3,d830fc32ff2631e4e1344dc30b3e09c3b9690bed,graph,octree_nfcount,flyby,-2,631,631,0.5860159993,0.1329919994,0.7287679911,0.748547,1,0,-1,34289,30003,16,16,7670,25.56411026,17.06502683,512002,0,512002,34289
v3,d830fc32ff2631e4e1344dc30b3e09c3b9690bed,graph,octree_nfcount,flyby,-2,632,632,0.5695040226,0.1392640024,0.7182719707,0.73217,1,0,-1,34153,29884,16,16,7475,25.01338509,17.13298086,512002,0,512002,34153
v3,d830fc32ff2631e4e1344dc30b3e09c3b9690bed,graph,octree_nfcount,flyby,-2,633,633,0.5777919888,0.1331200004,0.7200959921,0.732053,1,0,-1,34281,29996,16,16,7697,25.66008801,17.0690092,512002,0,512002,34281
v3,d830fc32ff2631e4e1344dc30b3e09c3b9690bed,graph,octree_nfcount,flyby,-2,634,634,0.5901119709,0.1372479945,0.7367039919,0.756303,1,0,-1,34321,30031,16,16,7628,25.40041957,17.04911591,512002,0,512002,34321
v3,d830fc32ff2631e4e1344dc30b3e09c3b9690bed,graph,octree_nfcount,flyby,-2,635,635,0.5780799985,0.1372479945,0.7249919772,0.743586,1,0,-1,34289,30003,16,16,7621,25.40079325,17.06502683,512002,0,512002,34289
v3,d830fc32ff2631e4e1344dc30b3e09c3b9690bed,graph,octree_nfcount,flyby,-2,636,636,0.5779520273,0.1331200004,0.7195839882,0.732036,1,0,-1,34145,29877,16,16,7650,25.60498042,17.13699501,512002,0,512002,34145
v3,d830fc32ff2631e4e1344dc30b3e09c3b9690bed,graph,octree_nfcount,flyby,-2,637,637,0.5822399855,0.1331200004,0.7234240174,0.741162,1,0,-1,34113,29849,16,16,7576,25.38108479,17.15307045,512002,0,512002,34113
v3,d830fc32ff2631e4e1344dc30b3e09c3b9690bed,graph,octree_nfcount,flyby,-2,638,638,0.5770879984,0.1372479945,0.7221440077,0.738998,1,0,-1,34385,30087,16,16,7700,25.59244857,17.01738292,512002,0,512002,34385
v3,d830fc32ff2631e4e1344dc30b3e09c3b9690bed,graph,octree_nfcount,flyby,-2,639,639,0.5729920268,0.1351680011,0.7172480226,0.730655,1,0,-1,34161,29891,16,16,7594,25.40564049,17.12896859,512002,0,512002,34161
v3,d830fc32ff2631e4e1344dc30b3e09c3b9690bed,graph,octree_nfcount,flyby,-2,640,640,0.5815039873,0.1372160017,0.7277119756,0.742368,1,0,-1,34265,29982,16,16,7576,25.26849443,17.07697952,512002,0,512002,34265
v3,d830fc32ff2631e4e1344dc30b3e09c3b9690bed,graph,octree_nfcount,flyby,-2,641,641,0.5812159777,0.1331200004,0.723360002,0.741012,1,0,-1,34457,30150,16,16,7736,25.65837479,16.98182421,512002,0,512002,34457
v3,d830fc32ff2631e4e1344dc30b3e09c3b9690bed,graph,octree_nfcount,flyby,-2,642,642,0.5710719824,0.1372160017,0.7167680264,0.729935,1,0,-1,34209,29933,16,16,7538,25.1829085,17.10493435,512002,0,512002,34209
v3,d830fc32ff2631e4e1344dc30b3e09c3b9690bed,graph,octree_nfcount,flyby,-2,643,643,0.5776960254,0.1351680011,0.7214400172,0.734522,1,0,-1,34361,30066,16,16,7637,25.40078494,17.02926894,512002,0,512002,34361
v3,d830fc32ff2631e4e1344dc30b3e09c3b9690bed,graph,octree_nfcount,flyby,-2,644,644,0.5839679837,0.1372160017,0.7302079797,0.74176,1,0,-1,34385,30087,16,16,7752,25.76528069,17.01738292,512002,0,512002,34385
v3,d830fc32ff2631e4e1344dc30b3e09c3b9690bed,graph,octree_nfcount,flyby,-2,645,645,0.5797439814,0.1371839941,0.7260479927,0.745259,1,0,-1,34417,30115,16,16,7546,25.05728043,17.00156068,512002,0,512002,34417
v3,d830fc32ff2631e4e1344dc30b3e09c3b9690bed,graph,octree_nfcount,flyby,-2,646,646,0.5755519867,0.1369919926,0.7215999961,0.735263,1,0,-1,34321,30031,16,16,7694,25.62019247,17.04911591,512002,0,512002,34321
v3,d830fc32ff2631e4e1344dc30b3e09c3b9690bed,graph,octree_nfcount,flyby,-2,647,647,0.5831360221,0.1351680011,0.7254080176,0.741243,1,0,-1,34305,30017,16,16,7585,25.26901423,17.05706766,512002,0,512002,34305
v3,d830fc32ff2631e4e1344dc30b3e09c3b9690bed,graph,octree_nfcount,flyby,-2,648,648,0.5769600272,0.1372479945,0.7238079906,0.744474,1,0,-1,34249,29968,16,16,7601,25.3637213,17.08495729,512002,0,512002,34249
v3,d830fc32ff2631e4e1344dc30b3e09c3b9690bed,graph,octree_nfcount,flyby,-2,649,649,0.5725439787,0.1331200004,0.7133759856,0.725661,1,0,-1,34249,29968,16,16,7655,25.54391351,17.08495729,512002,0,512002,34249
v3,d830fc32ff2631e4e1344dc30b3e09c3b9690bed,graph,octree_nfcount,flyby,-2,650,650,0.5811840296,0.1372160017,0.7274240255,0.741362,1,0,-1,34297,30010,16,16,7586,25.27824059,17.06104632,512002,0,512002,34297
v3,d830fc32ff2631e4e1344dc30b3e09c3b9690bed,graph,octree_nfcount,flyby,-2,651,651,0.5820800066,0.1371839941,0.7285119891,0.742966,1,0,-1,34457,30150,16,16,7688,25.49917081,16.98182421,512002,0,512002,34457
v3,d830fc32ff2631e4e1344dc30b3e09c3b9690bed,graph,octree_nfcount,flyby,-2,652,652,0.5726720095,0.1371839941,0.719456017,0.734588,1,0,-1,34329,30038,16,16,7588,25.26133564,17.04514282,512002,0,512002,34329
v3,d830fc32ff2631e4e1344dc30b3e09c3b9690bed,graph,octree_nfcount,flyby,-2,653,653,0.5809919834,0.1351680011,0.7251840234,0.742016,1,0,-1,34393,30094,16,16,7633,25.36385991,17.0134246,512002,0,512002,34393
v3,d830fc32ff2631e4e1344dc30b3e09c3b9690bed,graph,octree_nfcount,flyby,-2,654,654,0.5814719796,0.1331200004,0.7223359942,0.739563,1,0,-1,34441,30136,16,16,7660,25.41810459,16.9897133,512002,0,512002,34441
v3,d830fc32ff2631e4e1344dc30b3e09c3b9690bed,graph,octree_nfcount,flyby,-2,655,655,0.5766080022,0.1351680011,0.7199680209,0.739793,1,0,-1,34289,30003,16,16,7469,24.89417725,17.06502683,512002,0,512002,34289
v3,d830fc32ff2631e4e1344dc30b3e09c3b9690bed,graph,octree_nfcount,flyby,-2,656,656,0.5770559907,0.1351040006,0.7201279998,0.7381,1,0,-1,34417,30115,16,16,7696,25.55537108,17.00156068,512002,0,512002,34417
v3,d830fc32ff2631e4e1344dc30b3e09c3b9690bed,graph,octree_nfcount,flyby,-2,657,657,0.586943984,0.1351680011,0.7303680182,0.742613,1,0,-1,34505,30192,16,16,7657,25.36102279,16.95820085,512002,0,512002,34505
v3,d830fc32ff2631e4e1344dc30b3e09c3b9690bed,graph,octree_nfcount,flyby,-2,658,658,0.5713279843,0.1351680011,0.7145599723,0.72702,1,0,-1,34337,30045,16,16,7565,25.17889832,17.04117158,512002,0,512002,34337
v3,d830fc32ff2631e4e1344dc30b3e09c3b9690bed,graph,octree_nfcount,flyby,-2,659,659,0.5792959929,0.1330240071,0.7213760018,0.733933,1,0,-1,34225,29947,16,16,7572,25.28466958,17.09693792,512002,0,512002,34225
v3,d830fc32ff2631e4e1344dc30b3e09c3b9690bed,graph,octree_nfcount,flyby,-2,660,660,0.580640018,0.1392959952,0.7276480198,0.740208,1,0,-1,34065,29807,16,16,7474,25.0746469,17.17724025,512002,0,512002,34065
v3,d830fc32ff2631e4e1344dc30b3e09c3b9690bed,graph,octree_nfcount,flyby,-2,661,661,0.5776000023,0.1331200004,0.719103992,0.731721,1,0,-1,34257,29975,16,16,7582,25.29441201,17.08096747,512002,0,512002,34257
v3,d830fc32ff2631e4e1344dc30b3e09c3b9690bed,graph,octree_nfcount,flyby,-2,662,662,0.5772479773,0.1331200004,0.7186560035,0.731959,1,0,-1,34057,29800,16,16,7579,25.43288591,17.18127517,512002,0,512002,34057
v3,d830fc32ff2631e4e1344dc30b3e09c3b9690bed,graph,octree_nfcount,flyby,-2,663,663,0.5851519704,0.1351999938,0.7271680236,0.737881,1,0,-1,34305,30017,16,16,7538,25.11243629,17.05706766,512002,0,512002,34305
v3,d830fc32ff2631e4e1344dc30b3e09c3b9690bed,graph,octree_nfcount,flyby,-2,664,664,0.5843840241,0.1372160017,0.730783999,0.744874,1,0,-1,34457,30150,16,16,7614,25.25373134,16.98182421,512002,0,512002,34457
v3,d830fc32ff2631e4e1344dc30b3e09c3b9690bed,graph,octree_nfcount,flyby,-2,665,665,0.5776000023,0.1350400001,0.7216960192,0.7343,1,0,-1,34113,29849,16,16,7441,24.92880834,17.15307045,512002,0,512002,34113
v3,d830fc32ff2631e4e1344dc30b3e09c3b9690bed,graph,octree_nfcount,flyby,-2,666,666,0.5804799795,0.1351040006,0.7252159715,0.739409,1,0,-1,34361,30066,16,16,7503,24.95509878,17.02926894,512002,0,512002,34361
v3,d830fc32ff2631e4e1344dc30b3e09c3b9690bed,graph,octree_nfcount,flyby,-2,667,667,0.5860800147,0.1372160017,0.7325440049,0.74612,1,0,-1,34273,29989,16,16,7642,25.48267698,17.07299343,512002,0,512002,34273
v3,d830fc32ff2631e4e1344dc30b3e09c3b9690bed,graph,octree_nfcount,flyby,-2,668,668,0.5792319775,0.1350719929,0.7233920097,0.73537,1,0,-1,34273,29989,16,16,7480,24.94247891,17.07299343,512002,0,512002,34273
v3,d830fc32ff2631e4e1344dc30b3e09c3b9690bed,graph,octree_nfcount,flyby,-2,669,669,0.5812799931,0.1331200004,0.7237120271,0.737702,1,0,-1,34201,29926,16,16,7617,25.45278353,17.10893537,512002,0,512002,34201
v3,d830fc32ff2631e4e1344dc30b3e09c3b9690bed,graph,octree_nfcount,flyby,-2,670,670,0.586943984,0.1371839941,0.7335680127,0.748187,1,0,-1,34625,30297,16,16,7731,25.51737796,16.89942899,512002,0,512002,34625
v3,d830fc32ff2631e4e1344dc30b3e09c3b9690bed,graph,octree_nfcount,flyby,-2,671,671,0.5732160211,0.1372160017,0.7197759748,0.734611,1,0,-1,34217,29940,16,16,7506,25.07014028,17.1009352,512002,0,512002,34217
v3,d830fc32ff2631e4e1344dc30b3e09c3b9690bed,graph,octree_nfcount,flyby,-2,672,672,0.5732160211,0.1392959952,0.7215999961,0.734125,1,0,-1,34281,29996,16,16,7644,25.48339779,17.0690092,512002,0,512002,34281
v3,d830fc32ff2631e4e1344dc30b3e09c3b9690bed,graph,octree_nfcount,flyby,-2,673,673,0.5781440139,0.1392959952,0.7265279889,0.745643,1,0,-1,34329,30038,16,16,7646,25.4544244,17.04514282,512002,0,512002,34329
v3,d830fc32ff2631e4e1344dc30b3e09c3b9690bed,graph,octree_nfcount,flyby,-2,674,674,0.583648026,0.1351999938,0.7278079987,0.743049,1,0,-1,34561,30241,16,16,7704,25.47534804,16.93072319,512002,0,512002,34561
v3,d830fc32ff2631e4e1344dc30b3e09c3b9690bed,graph,octree_nfcount,flyby,-2,675,675,0.5816959739,0.1372479945,0.7272319794,0.741107,1,0,-1,34385,30087,16,16,7717,25.64895137,17.01738292,512002,0,512002,34385
v3,d830fc32ff2631e4e1344dc30b3e09c3b9690bed,graph,octree_nfcount,flyby,-2,676,676,0.5828800201,0.1372160017,0.7291200161,0.743748,1,0,-1,34281,29996,16,16,7601,25.34004534,17.0690092,512002,0,512002,34281
v3,d830fc32ff2631e4e1344dc30b3e09c3b9690bed,graph,octree_nfcount,flyby,-2,677,677,0.5777599812,0.1372479945,0.7241280079,0.743986,1,0,-1,34217,29940,16,16,7653,25.56112224,17.1009352,512002,0,512002,34217
v3,d830fc32ff2631e4e1344dc30b3e09c3b9690bed,graph,octree_nfcount,flyby,-2,678,678,0.5778560042,0.1351999938,0.7224320173,0.734432,1,0,-1,34105,29842,16,16,7501,25.13571476,17.15709403,512002,0,512002,34105
v3,d830fc32ff2631e4e1344dc30b3e09c3b9690bed,graph,octree_nfcount,flyby,-2,679,679,0.5774400234,0.1371839941,0.7241920233,0.736295,1,0,-1,34313,30024,16,16,7645,25.46296296,17.05309086,512002,0,512002,34313
v3,d830fc32ff2631e4e1344dc30b3e09c3b9690bed,graph,octree_nfcount,flyby,-2,680,680,0.5865280032,0.1372160017,0.7336320281,0.746771,1,0,-1,34545,30227,16,16,7812,25.84444371,16.93856486,512002,0,512002,34545
v3,d830fc32ff2631e4e1344dc30b3e09c3b9690bed,graph,octree_nfcount,flyby,-2,681,681,0.5756480098,0.1351680011,0.720607996,0.735744,1,0,-1,34241,29961,16,16,7527,25.12265946,17.08894897,512002,0,512002,34241
v3,d830fc32ff2631e4e1344dc30b3e09c3b9690bed,graph,octree_nfcount,flyby,-2,682,682,0.5814399719,0.1351680011,0.7257599831,0.743108,1,0,-1,34361,30066,16,16,7728,25.7034524,17.02926894,512002,0,512002,34361
v3,d830fc32ff2631e4e1344dc30b3e09c3b9690bed,graph,octree_nfcount,flyby,-2,683,683,0.5832639933,0.1351359934,0.7269120216,0.740102,1,0,-1,34433,30129,16,16,7741,25.69285406,16.99366059,512002,0,512002,34433
v3,d830fc32ff2631e4e1344dc30b3e09c3b9690bed,graph,octree_nfcount,flyby,-2,684,684,0.5728960037,0.1372479945,0.7191680074,0.730303,1,0,-1,34281,29996,16,16,7589,25.30004001,17.0690092,512002,0,512002,34281
v3,d830fc32ff2631e4e1344dc30b3e09c3b9690bed,graph,octree_nfcount,flyby,-2,685,685,0.5735679865,0.1331200004,0.7150719762,0.72866,1,0,-1,34385,30087,16,16,7703,25.60241965,17.01738292,512002,0,512002,34385
v3,d830fc32ff2631e4e1344dc30b3e09c3b9690bed,graph,octree_nfcount,flyby,-2,686,686,0.5839999914,0.1371839941,0.7303680182,0.744992,1,0,-1,34313,30024,16,16,7604,25.32640554,17.05309086,512002,0,512002,34313
v3,d830fc32ff2631e4e1344dc30b3e09c3b9690bed,graph,octree_nfcount,flyby,-2,687,687,0.574624002,0.1351680011,0.7182400227,0.729394,1,0,-1,34633,30304,16,16,7677,25.33328933,16.89552534,512002,0,512002,34633
v3,d830fc32ff2631e4e1344dc30b3e09c3b9690bed,graph,octree_nfcount,flyby,-2,688,688,0.5751360059,0.1351680011,0.7187839746,0.731556,1,0,-1,34233,29954,16,16,7683,25.64932897,17.09294251,512002,0,512002,34233
v3,d830fc32ff2631e4e1344dc30b3e09c3b9690bed,graph,octree_nfcount,flyby,-2,689,689,0.5801920295,0.1350719929,0.7233920097,0.740066,1,0,-1,34225,29947,16,16,7585,25.32807961,17.09693792,512002,0,512002,34225
v3,d830fc32ff2631e4e1344dc30b3e09c3b9690bed,graph,octree_nfcount,flyby,-2,690,690,0.5878400207,0.139200002,0.7351999879,0.751582,1,0,-1,34481,30171,16,16,7699,25.51788141,16.97000431,512002,0,512002,34481
v3,d830fc32ff2631e4e1344dc30b3e09c3b9690bed,graph,octree_nfcount,flyby,-2,691,691,0.5768960118,0.1331200004,0.7182400227,0.729529,1,0,-1,34249,29968,16,16,7558,25.22023492,17.08495729,512002,0,512002,34249
v3,d830fc32ff2631e4e1344dc30b3e09c3b9690bed,graph,octree_nfcount,flyby,-2,692,692,0.5832319856,0.1392640024,0.7310720086,0.742713,1,0,-1,34233,29954,16,16,7438,24.83140816,17.09294251,512002,0,512002,34233
v3,d830fc32ff2631e4e1344dc30b3e09c3b9690bed,graph,octree_nfcount,flyby,-2,693,693,0.5807359815,0.1372160017,0.7255039811,0.737732,1,0,-1,34345,30052,16,16,7474,24.87022494,17.03720218,512002,0,512002,34345
v3,d830fc32ff2631e4e1344dc30b3e09c3b9690bed,graph,octree_nfcount,flyby,-2,694,694,0.5746560097,0.1331200004,0.7155200243,0.728266,1,0,-1,34177,29905,16,16,7321,24.48085604,17.12094967,512002,0,512002,34177
v3,d830fc32ff2631e4e1344dc30b3e09c3b9690bed,graph,octree_nfcount,flyby,-2,695,695,0.5816640258,0.1391679943,0.7304639816,0.746767,1,0,-1,34113,29849,16,16,7401,24.7948005,17.15307045,512002,0,512002,34113
v3,d830fc32ff2631e4e1344dc30b3e09c3b9690bed,graph,octree_nfcount,flyby,-2,696,696,0.57763201,0.1351680011,0.7218239903,0.735237,1,0,-1,33993,29744,16,16,7346,24.69741797,17.21362292,512002,0,512002,33993
v3,d830fc32ff2631e4e1344dc30b3e09c3b9690bed,graph,octree_nfcount,flyby,-2,697,697,0.5710399747,0.1372479945,0.7176319957,0.729759,1,0,-1,34049,29793,16,16,7153,24.0089954,17.18531199,512002,0,512002,34049
v3,d830fc32ff2631e4e1344dc30b3e09c3b9690bed,graph,octree_nfcount,flyby,-2,698,698,0.5803200006,0.1351680011,0.7248319983,0.745344,1,0,-1,34201,29926,16,16,7396,24.71429526,17.10893537,512002,0,512002,34201
v3,d830fc32ff2631e4e1344dc30b3e09c3b9690bed,graph,octree_nfcount,flyby,-2,699,699,0.5834559798,0.1330879927,0.7249919772,0.739853,1,0,-1,34201,29926,16,16,7377,24.65080532,17.10893537,512002,0,512002,34201
v3,d830fc32ff2631e4e1344dc30b3e09c3b9690bed,graph,octree_nfcount,flyby,-2,700,700,0.5760959983,0.1351680011,0.7204800248,0.733146,1,0,-1,33809,29583,16,16,7163,24.21323057,17.30730487,512002,0,512002,33809
v3,d830fc32ff2631e4e1344dc30b3e09c3b9690bed,graph,octree_nfcount,flyby,-2,701,701,0.5824000239,0.1351680011,0.7265599966,0.74397,1,0,-1,34097,29835,16,16,7358,24.66230937,17.16111949,512002,0,512002,34097
v3,d830fc32ff2631e4e1344dc30b3e09c3b9690bed,graph,octree_nfcount,flyby,-2,702,702,0.5861759782,0.1331200004,0.7270720005,0.743634,1,0,-1,33905,29667,16,16,7233,24.38062494,17.25830047,512002,0,512002,33905
v3,d830fc32ff2631e4e1344dc30b3e09c3b9690bed,graph,octree_nfcount,flyby,-2,703,703,0.5813440084,0.1351680011,0.7247999907,0.742371,1,0,-1,33961,29716,16,16,7245,24.38080495,17.22984251,512002,0,512002,33961
v3,d830fc32ff2631e4e1344dc30b3e09c3b9690bed,graph,octree_nfcount,flyby,-2,704,704,0.5689920187,0.1329919994,0.7088320255,0.724746,1,0,-1,33825,29597,16,16,7254,24.5092408,17.29911815,512002,0,512002,33825
v3,d830fc32ff2631e4e1344dc30b3e09c3b9690bed,graph,octree_nfcount,flyby,-2,705,705,0.5753279924,0.1331200004,0.7169280052,0.729974,1,0,-1,34073,29814,16,16,7246,24.30401825,17.17320722,512002,0,512002,34073
v3,d830fc32ff2631e4e1344dc30b3e09c3b9690bed,graph,octree_nfcount,flyby,-2,706,706,0.5788480043,0.1351680011,0.7217919827,0.74078,1,0,-1,34137,29870,16,16,7347,24.5965852,17.14101105,512002,0,512002,34137
v3,d830fc32ff2631e4e1344dc30b3e09c3b9690bed,graph,octree_nfcount,flyby,-2,707,707,0.5706880093,0.1330879927,0.711935997,0.728846,1,0,-1,33929,29688,16,16,7285,24.53853409,17.2460927,512002,0,512002,33929
v3,d830fc32ff2631e4e1344dc30b3e09c3b9690bed,graph,octree_nfcount,flyby,-2,708,708,0.5774080157,0.1372160017,0.7231680155,0.740857,1,0,-1,34001,29751,16,16,7306,24.55715774,17.20957279,512002,0,512002,34001
v3,d830fc32ff2631e4e1344dc30b3e09c3b9690bed,graph,octree_nfcount,flyby,-2,709,709,0.5840640068,0.1351680011,0.7278400064,0.742729,1,0,-1,34057,29800,16,16,7383,24.77516779,17.18127517,512002,0,512002,34057
v3,d830fc32ff2631e4e1344dc30b3e09c3b9690bed,graph,octree_nfcount,flyby,-2,710,710,0.5714880228,0.1351680011,0.7148799896,0.730441,1,0,-1,33865,29632,16,16,7174,24.21031317,17.27868521,512002,0,512002,33865
v3,d830fc32ff2631e4e1344dc30b3e09c3b9690bed,graph,octree_nfcount,flyby,-2,711,711,0.5755839944,0.1351999938,0.7192320228,0.730781,1,0,-1,34129,29863,16,16,7445,24.93051602,17.14502897,512002,0,512002,34129
v3,d830fc32ff2631e4e1344dc30b3e09c3b9690bed,graph,octree_nfcount,flyby,-2,712,712,0.5812479854,0.1351680011,0.7244480252,0.739048,1,0,-1,34049,29793,16,16,7354,24.68365052,17.18531199,512002,0,512002,34049
v3,d830fc32ff2631e4e1344dc30b3e09c3b9690bed,graph,octree_nfcount,flyby,-2,713,713,0.568607986,0.1331200004,0.7090560198,0.723812,1,0,-1,33945,29702,16,16,7254,24.4225978,17.23796377,512002,0,512002,33945
v3,d830fc32ff2631e4e1344dc30b3e09c3b9690bed,graph,octree_nfcount,flyby,-2,714,714,0.5759040117,0.1351680011,0.7190719843,0.73108,1,0,-1,34041,29786,16,16,7433,24.95467669,17.1893507,512002,0,512002,34041
v3,d830fc32ff2631e4e1344dc30b3e09c3b9690bed,graph,octree_nfcount,flyby,-2,715,715,0.5847039819,0.1351680011,0.7280960083,0.738778,1,0,-1,34129,29863,16,16,7432,24.88698389,17.14502897,512002,0,512002,34129
v3,d830fc32ff2631e4e1344dc30b3e09c3b9690bed,graph,octree_nfcount,flyby,-2,716,716,0.5751360059,0.1351680011,0.7185599804,0.729745,1,0,-1,34137,29870,16,16,7380,24.70706394,17.14101105,512002,0,512002,34137
v3,d830fc32ff2631e4e1344dc30b3e09c3b9690bed,graph,octree_nfcount,flyby,-2,717,717,0.5759360194,0.1372479945,0.7216320038,0.734145,1,0,-1,34137,29870,16,16,7543,25.25276197,17.14101105,512002,0,512002,34137
v3,d830fc32ff2631e4e1344dc30b3e09c3b9690bed,graph,octree_nfcount,flyby,-2,718,718,0.5816640258,0.1351680011,0.7248319983,0.739894,1,0,-1,34217,29940,16,16,7369,24.61255845,17.1009352,512002,0,512002,34217
v3,d830fc32ff2631e4e1344dc30b3e09c3b9690bed,graph,octree_nfcount,flyby,-2,719,719,0.5798400044,0.1372479945,0.7249919772,0.739536,1,0,-1,34249,29968,16,16,7384,24.63961559,17.08495729,512002,0,512002,34249
v3,d830fc32ff2631e4e1344dc30b3e09c3b9690bed,graph,octree_nfcount,flyby,-2,720,720,0.5729280114,0.1351680011,0.7159680128,0.731268,1,0,-1,34233,29954,16,16,7432,24.81137745,17.09294251,512002,0,512002,34233
v3,d830fc32ff2631e4e1344dc30b3e09c3b9690bed,graph,octree_nfcount,flyby,-2,721,721,0.5777599812,0.1351040006,0.7219200134,0.741077,1,0,-1,34185,29912,16,16,7339,24.53530356,17.11694303,512002,0,512002,34185
v3,d830fc32ff2631e4e1344dc30b3e09c3b9690bed,graph,octree_nfcount,flyby,-2,722,722,0.5780799985,0.1351680011,0.7216640115,0.739008,1,0,-1,34265,29982,16,16,7420,24.74818224,17.07697952,512002,0,512002,34265
v3,d830fc32ff2631e4e1344dc30b3e09c3b9690bed,graph,octree_nfcount,flyby,-2,723,723,0.5722879767,0.1351999938,0.7147520185,0.724453,1,0,-1,34337,30045,16,16,7372,24.53652854,17.04117158,512002,0,512002,34337
v3,d830fc32ff2631e4e1344dc30b3e09c3b9690bed,graph,octree_nfcount,flyby,-2,724,724,0.5823040009,0.1351680011,0.7230399847,0.733288,1,0,-1,34097,29835,16,16,7327,24.55840456,17.16111949,512002,0,512002,34097
v3,d830fc32ff2631e4e1344dc30b3e09c3b9690bed,graph,octree_nfcount,flyby,-2,725,725,0.5783039927,0.1351680011,0.7219200134,0.739047,1,0,-1,34113,29849,16,16,7366,24.67754364,17.15307045,512002,0,512002,34113
v3,d830fc32ff2631e4e1344dc30b3e09c3b9690bed,graph,octree_nfcount,flyby,-2,726,726,0.5703679919,0.1351680011,0.713087976,0.726418,1,0,-1,33913,29674,16,16,7195,24.24681539,17.25422929,512002,0,512002,33913
v3,d830fc32ff2631e4e1344dc30b3e09c3b9690bed,graph,octree_nfcount,flyby,-2,727,727,0.5745919943,0.1350719929,0.7164160013,0.727513,1,0,-1,34297,30010,16,16,7408,24.68510497,17.06104632,512002,0,512002,34297
v3,d830fc32ff2631e4e1344dc30b3e09c3b9690bed,graph,octree_nfcount,flyby,-2,728,728,0.5822719932,0.1351680011,0.723007977,0.734148,1,0,-1,34249,29968,16,16,7470,24.92658836,17.08495729,512002,0,512002,34249
v3,d830fc32ff2631e4e1344dc30b3e09c3b9690bed,graph,octree_nfcount,flyby,-2,729,729,0.5718719959,0.1372479945,0.7142400146,0.723756,1,0,-1,34193,29919,16,16,7337,24.52287844,17.11293827,512002,0,512002,34193
v3,d830fc32ff2631e4e1344dc30b3e09c3b9690bed,graph,octree_nfcount,flyby,-2,730,730,0.5768319964,0.1351999938,0.7196159959,0.730498,1,0,-1,34313,30024,16,16,7518,25.03996803,17.05309086,512002,0,512002,34313
v3,d830fc32ff2631e4e1344dc30b3e09c3b9690bed,graph,octree_nfcount,flyby,-2,731,731,0.5800960064,0.1351680011,0.7223680019,0.735739,1,0,-1,34177,29905,16,16,7400,24.74502592,17.12094967,512002,0,512002,34177
v3,d830fc32ff2631e4e1344dc30b3e09c3b9690bed,graph,octree_nfcount,flyby,-2,732,732,0.5781760216,0.1351040006,0.7222719789,0.74085,1,0,-1,34097,29835,16,16,7236,24.25339367,17.16111949,512002,0,512002,34097
v3,d830fc32ff2631e4e1344dc30b3e09c3b9690bed,graph,octree_nfcount,flyby,-2,733,733,0.5812159777,0.1372479945,0.7270399928,0.739097,1,0,-1,34393,30094,16,16,7542,25.06147405,17.0134246,512002,0,512002,34393
v3,d830fc32ff2631e4e1344dc30b3e09c3b9690bed,graph,octree_nfcount,flyby,-2,734,734,0.5885440111,0.1372160017,0.7334079742,0.749018,1,0,-1,34465,30157,16,16,7455,24.72062871,16.97788242,512002,0,512002,34465
v3,d830fc32ff2631e4e1344dc30b3e09c3b9690bed,graph,octree_nfcount,flyby,-2,735,735,0.5845119953,0.1372160017,0.7300159931,0.742096,1,0,-1,34633,30304,16,16,7579,25.00989968,16.89552534,512002,0,512002,34633
v3,d830fc32ff2631e4e1344dc30b3e09c3b9690bed,graph,octree_nfcount,flyby,-2,736,736,0.5763199925,0.1372160017,0.7228800058,0.737444,1,0,-1,34433,30129,16,16,7451,24.73032626,16.99366059,512002,0,512002,34433
v3,d830fc32ff2631e4e1344dc30b3e09c3b9690bed,graph,octree_nfcount,flyby,-2,737,737,0.5828800201,0.1331200004,0.7225599885,0.736329,1,0,-1,34425,30122,16,16,7447,24.72279397,16.99760972,512002,0,512002,34425
v3,d830fc32ff2631e4e1344dc30b3e09c3b9690bed,graph,octree_nfcount,flyby,-2,738,738,0.589951992,0.1330879927,0.7309759855,0.742452,1,0,-1,34673,30339,16,16,7518,24.77998616,16.87603415,512002,0,512002,34673
v3,d830fc32ff2631e4e1344dc30b3e09c3b9690bed,graph,octree_nfcount,flyby,-2,739,739,0.5758079886,0.1330879927,0.7178879976,0.731559,1,0,-1,34153,29884,16,16,7340,24.56163833,17.13298086,512002,0,512002,34153
v3,d830fc32ff2631e4e1344dc30b3e09c3b9690bed,graph,octree_nfcount,flyby,-2,740,740,0.5773119926,0.1372479945,0.7235519886,0.743032,1,0,-1,34177,29905,16,16,7374,24.65808393,17.12094967,512002,0,512002,34177
v3,d830fc32ff2631e4e1344dc30b3e09c3b9690bed,graph,octree_nfcount,flyby,-2,741,741,0.5790079832,0.1372479945,0.7238720059,0.735642,1,0,-1,34433,30129,16,16,7482,24.83321717,16.99366059,512002,0,512002,34433
v3,d830fc32ff2631e4e1344dc30b3e09c3b9690bed,graph,octree_nfcount,flyby,-2,742,742,0.5735679865,0.1372160017,0.7185599804,0.730176,1,0,-1,34249,29968,16,16,7299,24.35597971,17.08495729,512002,0,512002,34249
v3,d830fc32ff2631e4e1344dc30b3e09c3b9690bed,graph,octree_nfcount,flyby,-2,743,743,0.5817599893,0.1372160017,0.7281600237,0.743409,1,0,-1,34169,29898,16,16,7404,24.76419827,17.12495819,512002,0,512002,34169
v3,d830fc32ff2631e4e1344dc30b3e09c3b9690bed,graph,octree_nfcount,flyby,-2,744,744,0.5816959739,0.1392959952,0.7295680046,0.742529,1,0,-1,34321,30031,16,16,7446,24.79437914,17.04911591,512002,0,512002,34321
v3,d830fc32ff2631e4e1344dc30b3e09c3b9690bed,graph,octree_nfcount,flyby,-2,745,745,0.5707839727,0.1351999938,0.7135679722,0.725817,1,0,-1,34241,29961,16,16,7307,24.38837155,17.08894897,512002,0,512002,34241
v3,d830fc32ff2631e4e1344dc30b3e09c3b9690bed,graph,octree_nfcount,flyby,-2,746,746,0.5766720176,0.1372160017,0.721855998,0.738945,1,0,-1,34305,30017,16,16,7472,24.89256088,17.05706766,512002,0,512002,34305
v3,d830fc32ff2631e4e1344dc30b3e09c3b9690bed,graph,octree_nfcount,flyby,-2,747,747,0.5859199762,0.1371839941,0.731679976,0.743165,1,0,-1,34289,30003,16,16,7411,24.70086325,17.06502683,512002,0,512002,34289
v3,d830fc32ff2631e4e1344dc30b3e09c3b9690bed,graph,octree_nfcount,flyby,-2,748,748,0.573728025,0.1351680011,0.7170559764,0.729435,1,0,-1,34073,29814,16,16,7295,24.46837056,17.17320722,512002,0,512002,34073
v3,d830fc32ff2631e4e1344dc30b3e09c3b9690bed,graph,octree_nfcount,flyby,-2,749,749,0.5757439733,0.1331200004,0.7168319821,0.727525,1,0,-1,34321,30031,16,16,7447,24.79770903,17.04911591,512002,0,512002,34321
v3,d830fc32ff2631e4e1344dc30b3e09c3b9690bed,graph,octree_nfcount,flyby,-2,750,750,0.577376008,0.1372160017,0.7228800058,0.740751,1,0,-1,34145,29877,16,16,7309,24.46363423,17.13699501,512002,0,512002,34145
v3,d830fc32ff2631e4e1344dc30b3e09c3b9690bed,graph,octree_nfcount,flyby,-2,751,751,0.5748800039,0.1372160017,0.7204160094,0.731342,1,0,-1,34249,29968,16,16,7423,24.7697544,17.08495729,512002,0,512002,34249
v3,d830fc32ff2631e4e1344dc30b3e09c3b9690bed,graph,octree_nfcount,flyby,-2,752,752,0.5737919807,0.1351680011,0.717343986,0.728539,1,0,-1,34169,29898,16,16,7347,24.57355007,17.12495819,512002,0,512002,34169
v3,d830fc32ff2631e4e1344dc30b3e09c3b9690bed,graph,octree_nfcount,flyby,-2,753,753,0.5817599893,0.1351680011,0.7259520292,0.742438,1,0,-1,34273,29989,16,16,7357,24.53232852,17.07299343,512002,0,512002,34273
v3,d830fc32ff2631e4e1344dc30b3e09c3b9690bed,graph,octree_nfcount,flyby,-2,754,754,0.5795840025,0.1392640024,0.7270079851,0.74097,1,0,-1,34393,30094,16,16,7583,25.19771383,17.0134246,512002,0,512002,34393
v3,d830fc32ff2631e4e1344dc30b3e09c3b9690bed,graph,octree_nfcount,flyby,-2,755,755,0.5799999833,0.1351359934,0.7221440077,0.732536,1,0,-1,34225,29947,16,16,7354,24.55671687,17.09693792,512002,0,512002,34225
v3,d830fc32ff2631e4e1344dc30b3e09c3b9690bed,graph,octree_nfcount,flyby,-2,756,756,0.5771520138,0.1351680011,0.7205439806,0.739499,1,0,-1,34169,29898,16,16,7389,24.71402769,17.12495819,512002,0,512002,34169
v3,d830fc32ff2631e4e1344dc30b3e09c3b9690bed,graph,octree_nfcount,flyby,-2,757,757,0.5816640258,0.1392959952,0.7300480008,0.746831,1,0,-1,34473,30164,16,16,7521,24.9336958,16.97394245,512002,0,512002,34473
v3,d830fc32ff2631e4e1344dc30b3e09c3b9690bed,graph,octree_nfcount,flyby,-2,758,758,0.5687040091,0.1351680011,0.7116799951,0.725675,1,0,-1,34161,29891,16,16,7367,24.64621458,17.12896859,512002,0,512002,34161
v3,d830fc32ff2631e4e1344dc30b3e09c3b9690bed,graph,octree_nfcount,flyby,-2,759,759,0.5862399936,0.1351680011,0.7304959893,0.74402,1,0,-1,34225,29947,16,16,7439,24.84055164,17.09693792,512002,0,512002,34225
v3,d830fc32ff2631e4e1344dc30b3e09c3b9690bed,graph,octree_nfcount,flyby,-2,760,760,0.580287993,0.1351359934,0.723616004,0.740595,1,0,-1,34401,30101,16,16,7544,25.06229029,17.00946812,512002,0,512002,34401
v3,d830fc32ff2631e4e1344dc30b3e09c3b9690bed,graph,octree_nfcount,flyby,-2,761,761,0.5692480206,0.1372160017,0.7146880031,0.728464,1,0,-1,34233,29954,16,16,7301,24.37404019,17.09294251,512002,0,512002,34233
v3,d830fc32ff2631e4e1344dc30b3e09c3b9690bed,graph,octree_nfcount,flyby,-2,762,762,0.5795199871,0.1351359934,0.723007977,0.73964,1,0,-1,34425,30122,16,16,7483,24.84230795,16.99760972,512002,0,512002,34425
v3,d830fc32ff2631e4e1344dc30b3e09c3b9690bed,graph,octree_nfcount,flyby,-2,763,763,0.58543998,0.1351680011,0.7298240066,0.741175,1,0,-1,34425,30122,16,16,7464,24.77923113,16.99760972,512002,0,512002,34425
v3,d830fc32ff2631e4e1344dc30b3e09c3b9690bed,graph,octree_nfcount,flyby,-2,764,764,0.5754879713,0.1372160017,0.7211199999,0.740274,1,0,-1,34305,30017,16,16,7284,24.26624913,17.05706766,512002,0,512002,34305
v3,d830fc32ff2631e4e1344dc30b3e09c3b9690bed,graph,octree_nfcount,flyby,-2,765,765,0.5779200196,0.1331200004,0.7187839746,0.729664,1,0,-1,34321,30031,16,16,7526,25.06077054,17.04911591,512002,0,512002,34321
v3,d830fc32ff2631e4e1344dc30b3e09c3b9690bed,graph,octree_nfcount,flyby,-2,766,766,0.5789440274,0.1392640024,0.726015985,0.736751,1,0,-1,34337,30045,16,16,7380,24.56315527,17.04117158,512002,0,512002,34337
v3,d830fc32ff2631e4e1344dc30b3e09c3b9690bed,graph,octree_nfcount,flyby,-2,767,767,0.5769600272,0.1372160017,0.7232319713,0.744172,1,0,-1,34225,29947,16,16,7240,24.17604435,17.09693792,512002,0,512002,34225
v3,d830fc32ff2631e4e1344dc30b3e09c3b9690bed,graph,octree_nfcount,flyby,-2,768,768,0.5729280114,0.1349759996,0.7169600129,0.728758,1,0,-1,34329,30038,16,16,7403,24.6454491,17.04514282,512002,0,512002,34329
v3,d830fc32ff2631e4e1344dc30b3e09c3b9690bed,graph,octree_nfcount,flyby,-2,769,769,0.5825920105,0.1331200004,0.7242879868,0.74056,1,0,-1,34121,29856,16,16,7259,24.31337085,17.14904877,512002,0,512002,34121
v3,d830fc32ff2631e4e1344dc30b3e09c3b9690bed,graph,octree_nfcount,flyby,-2,770,770,0.5797759891,0.1331200004,0.7207360268,0.738999,1,0,-1,34009,29758,16,16,7227,24.28590631,17.20552456,512002,0,512002,34009
v3,d830fc32ff2631e4e1344dc30b3e09c3b9690bed,graph,octree_nfcount,flyby,-2,771,771,0.5758079886,0.1331200004,0.7174720168,0.730236,1,0,-1,33809,29583,16,16,7218,24.39914816,17.30730487,512002,0,512002,33809
v3,d830fc32ff2631e4e1344dc30b3e09c3b9690bed,graph,octree_nfcount,flyby,-2,772,772,0.5811520219,0.1351999938,0.7253440022,0.742037,1,0,-1,33849,29618,16,16,7106,23.99216693,17.28685259,512002,0,512002,33849
v3,d830fc32ff2631e4e1344dc30b3e09c3b9690bed,graph,octree_nfcount,flyby,-2,773,773,0.5837759972,0.1351680011,0.7272319794,0.742733,1,0,-1,33913,29674,16,16,7158,24.12212711,17.25422929,512002,0,512002,33913
v3,d830fc32ff2631e4e1344dc30b3e09c3b9690bed,graph,octree_nfcount,flyby,-2,774,774,0.5733759999,0.1331200004,0.7147200108,0.728134,1,0,-1,33857,29625,16,16,7140,24.10126582,17.28276793,512002,0,512002,33857
v3,d830fc32ff2631e4e1344dc30b3e09c3b9690bed,graph,octree_nfcount,flyby,-2,775,775,0.575519979,0.1351680011,0.7184960246,0.730497,1,0,-1,33905,29667,16,16,7076,23.8514174,17.25830047,512002,0,512002,33905
v3,d830fc32ff2631e4e1344dc30b3e09c3b9690bed,graph,octree_nfcount,flyby,-2,776,776,0.5806080103,0.1331200004,0.7215359807,0.737479,1,0,-1,34193,29919,16,16,7258,24.25883218,17.11293827,512002,0,512002,34193
v3,d830fc32ff2631e4e1344dc30b3e09c3b9690bed,graph,octree_nfcount,flyby,-2,777,777,0.5747839808,0.1351680011,0.7181439996,0.729511,1,0,-1,33985,29737,16,16,7146,24.03066886,17.21767495,512002,0,512002,33985
v3,d830fc32ff2631e4e1344dc30b3e09c3b9690bed,graph,octree_nfcount,flyby,-2,778,778,0.5825279951,0.1372479945,0.7264639735,0.73763,1,0,-1,34385,30087,16,16,7308,24.28956028,17.01738292,512002,0,512002,34385
v3,d830fc32ff2631e4e1344dc30b3e09c3b9690bed,graph,octree_nfcount,flyby,-2,779,779,0.5839999914,0.1331200004,0.7240319848,0.733173,1,0,-1,34473,30164,16,16,7305,24.2176104,16.97394245,512002,0,512002,34473
v3,d830fc32ff2631e4e1344dc30b3e09c3b9690bed,graph,octree_nfcount,flyby,-2,780,780,0.5795840025,0.1351680011,0.7229120135,0.739232,1,0,-1,34105,29842,16,16,7119,23.8556397,17.15709403,512002,0,512002,34105
v3,d830fc32ff2631e4e1344dc30b3e09c3b9690bed,graph,octree_nfcount,flyby,-2,781,781,0.5749120116,0.1371199936,0.71884799,0.73628,1,0,-1,34201,29926,16,16,7281,24.33001403,17.10893537,512002,0,512002,34201
v3,d830fc32ff2631e4e1344dc30b3e09c3b9690bed,graph,octree_nfcount,flyby,-2,782,782,0.5872319937,0.1331200004,0.7286080122,0.741623,1,0,-1,34257,29975,16,16,7363,24.56380317,17.08096747,512002,0,512002,34257
v3,d830fc32ff2631e4e1344dc30b3e09c3b9690bed,graph,octree_nfcount,flyby,-2,783,783,0.5738559961,0.1372479945,0.7196480036,0.731034,1,0,-1,34089,29828,16,16,7178,24.06463725,17.16514684,512002,0,512002,34089
v3,d830fc32ff2631e4e1344dc30b3e09c3b9690bed,graph,octree_nfcount,flyby,-2,784,784,0.5759999752,0.1372160017,0.7200000286,0.733721,1,0,-1,34217,29940,16,16,7332,24.48897796,17.1009352,512002,0,512002,34217
v3,d830fc32ff2631e4e1344dc30b3e09c3b9690bed,graph,octree_nfcount,flyby,-2,785,785,0.5869759917,0.1392640024,0.7339199781,0.750055,1,0,-1,34273,29989,16,16,7253,24.1855347,17.07299343,512002,0,512002,34273
v3,d830fc32ff2631e4e1344dc30b3e09c3b9690bed,graph,octree_nfcount,flyby,-2,786,786,0.5756800175,0.1372160017,0.7207679749,0.732956,1,0,-1,34193,29919,16,16,7232,24.17193088,17.11293827,512002,0,512002,34193
v3,d830fc32ff2631e4e1344dc30b3e09c3b9690bed,graph,octree_nfcount,flyby,-2,787,787,0.5752000213,0.1351040006,0.7184960246,0.731281,1,0,-1,34273,29989,16,16,7310,24.37560439,17.07299343,512002,0,512002,34273
v3,d830fc32ff2631e4e1344dc30b3e09c3b9690bed,graph,octree_nfcount,flyby,-2,788,788,0.5813440084,0.1331200004,0.7227519751,0.740108,1,0,-1,34073,29814,16,16,7263,24.36103844,17.17320722,512002,0,512002,34073
v3,d830fc32ff2631e4e1344dc30b3e09c3b9690bed,graph,octree_nfcount,flyby,-2,789,789,0.577279985,0.1372160017,0.7226880193,0.739163,1,0,-1,34217,29940,16,16,7250,24.21509686,17.1009352,512002,0,512002,34217
v3,d830fc32ff2631e4e1344dc30b3e09c3b9690bed,graph,octree_nfcount,flyby,-2,790,790,0.5722879767,0.1351680011,0.7156479955,0.72653,1,0,-1,34297,30010,16,16,7374,24.5718094,17.06104632,512002,0,512002,34297
v3,d830fc32ff2631e4e1344dc30b3e09c3b9690bed,graph,octree_nfcount,flyby,-2,791,791,0.5812159777,0.1372479945,0.7267839909,0.741215,1,0,-1,34257,29975,16,16,7268,24.24687239,17.08096747,512002,0,512002,34257
v3,d830fc32ff2631e4e1344dc30b3e09c3b9690bed,graph,octree_nfcount,flyby,-2,792,792,0.5818240047,0.1351680011,0.7260479927,0.745111,1,0,-1,34265,29982,16,16,7312,24.38796611,17.07697952,512002,0,512002,34265
v3,d830fc32ff2631e4e1344dc30b3e09c3b9690bed,graph,octree_nfcount,flyby,-2,793,793,0.5711680055,0.1351680011,0.7146559954,0.733205,1,0,-1,34081,29821,16,16,7234,24.25807317,17.16917608,512002,0,512002,34081
v3,d830fc32ff2631e4e1344dc30b3e09c3b9690bed,graph,octree_nfcount,flyby,-2,794,794,0.5775039792,0.1371839941,0.7226560116,0.738502,1,0,-1,34145,29877,16,16,7200,24.0988051,17.13699501,512002,0,512002,34145
v3,d830fc32ff2631e4e1344dc30b3e09c3b9690bed,graph,octree_nfcount,flyby,-2,795,795,0.5833280087,0.1351680011,0.727775991,0.741495,1,0,-1,34257,29975,16,16,7273,24.26355296,17.08096747,512002,0,512002,34257
v3,d830fc32ff2631e4e1344dc30b3e09c3b9690bed,graph,octree_nfcount,flyby,-2,796,796,0.5729600191,0.1351680011,0.715839982,0.726901,1,0,-1,34217,29940,16,16,7177,23.97127589,17.1009352,512002,0,512002,34217
v3,d830fc32ff2631e4e1344dc30b3e09c3b9690bed,graph,octree_nfcount,flyby,-2,797,797,0.5760959983,0.1371199936,0.722464025,0.734861,1,0,-1,34377,30080,16,16,7229,24.03257979,17.02134309,512002,0,512002,34377
v3,d830fc32ff2631e4e1344dc30b3e09c3b9690bed,graph,octree_nfcount,flyby,-2,798,798,0.5829759836,0.1351680011,0.7256000042,0.736148,1,0,-1,34473,30164,16,16,7370,24.43309906,16.97394245,512002,0,512002,34473
v3,d830fc32ff2631e4e1344dc30b3e09c3b9690bed,graph,octree_nfcount,flyby,-2,799,799,0.5734400153,0.1351680011,0.7159680128,0.728257,1,0,-1,34121,29856,16,16,7130,23.88129689,17.14904877,512002,0,512002,34121
v3,d830fc32ff2631e4e1344dc30b3e09c3b9690bed,graph,octree_nfcount,flyby,-2,800,800,0.5820159912,0.1392640024,0.7297599912,0.741713,1,0,-1,34441,30136,16,16,7338,24.34961508,16.9897133,512002,0,512002,34441
v3,d830fc32ff2631e4e1344dc30b3e09c3b9690bed,graph,octree_nfcount,flyby,-2,801,801,0.5780159831,0.1372160017,0.7234560251,0.735648,1,0,-1,34377,30080,16,16,7373,24.51130319,17.02134309,512002,0,512002,34377
v3,d830fc32ff2631e4e1344dc30b3e09c3b9690bed,graph,octree_nfcount,flyby,-2,802,802,0.5688639879,0.1330240071,0.7096319795,0.727437,1,0,-1,33977,29730,16,16,7065,23.76387487,17.22172889,512002,0,512002,33977
v3,d830fc32ff2631e4e1344dc30b3e09c3b9690bed,graph,octree_nfcount,flyby,-2,803,803,0.5696640015,0.1329919994,0.7117120028,0.72946,1,0,-1,34121,29856,16,16,7214,24.16264737,17.14904877,512002,0,512002,34121
v3,d830fc32ff2631e4e1344dc30b3e09c3b9690bed,graph,octree_nfcount,flyby,-2,804,804,0.5816000104,0.1351680011,0.7252479792,0.741091,1,0,-1,34105,29842,16,16,7226,24.21419476,17.15709403,512002,0,512002,34105
v3,d830fc32ff2631e4e1344dc30b3e09c3b9690bed,graph,octree_nfcount,flyby,-2,805,805,0.5739840269,0.1371199936,0.7188799977,0.735969,1,0,-1,34081,29821,16,16,7107,23.83219879,17.16917608,512002,0,512002,34081
v3,d830fc32ff2631e4e1344dc30b3e09c3b9690bed,graph,octree_nfcount,flyby,-2,806,806,0.5815680027,0.1351680011,0.7255039811,0.738971,1,0,-1,34257,29975,16,16,7272,24.26021685,17.08096747,512002,0,512002,34257
v3,d830fc32ff2631e4e1344dc30b3e09c3b9690bed,graph,octree_nfcount,flyby,-2,807,807,0.5783680081,0.1351680011,0.7209920287,0.737569,1,0,-1,33937,29695,16,16,7162,24.11853847,17.24202728,512002,0,512002,33937
v3,d830fc32ff2631e4e1344dc30b3e09c3b9690bed,graph,octree_nfcount,flyby,-2,808,808,0.5724480152,0.1351680011,0.7152640224,0.725925,1,0,-1,34073,29814,16,16,7093,23.79083652,17.17320722,512002,0,512002,34073
v3,d830fc32ff2631e4e1344dc30b3e09c3b9690bed,graph,octree_nfcount,flyby,-2,809,809,0.5709760189,0.1329600066,0.7120959759,0.726231,1,0,-1,34225,29947,16,16,7271,24.27956056,17.09693792,512002,0,512002,34225
v3,d830fc32ff2631e4e1344dc30b3e09c3b9690bed,graph,octree_nfcount,flyby,-2,810,810,0.5828800201,0.1351999938,0.725120008,0.736153,1,0,-1,34089,29828,16,16,7240,24.27249564,17.16514684,512002,0,512002,34089
v3,d830fc32ff2631e4e1344dc30b3e09c3b9690bed,graph,octree_nfcount,flyby,-2,811,811,0.573119998,0.1351999938,0.7165439725,0.727167,1,0,-1,34153,29884,16,16,7301,24.43113372,17.13298086,512002,0,512002,34153
v3,d830fc32ff2631e4e1344dc30b3e09c3b9690bed,graph,octree_nfcount,flyby,-2,812,812,0.5842239857,0.1351359934,0.7279040217,0.739714,1,0,-1,34361,30066,16,16,7377,24.53602075,17.02926894,512002,0,512002,34361
v3,d830fc32ff2631e4e1344dc30b3e09c3b9690bed,graph,octree_nfcount,flyby,-2,813,813,0.5798400044,0.1351680011,0.723007977,0.74095,1,0,-1,34225,29947,16,16,7230,24.14265202,17.09693792,512002,0,512002,34225
v3,d830fc32ff2631e4e1344dc30b3e09c3b9690bed,graph,octree_nfcount,flyby,-2,814,814,0.5846400261,0.1372160017,0.7311679721,0.748417,1,0,-1,34377,30080,16,16,7348,24.42819149,17.02134309,512002,0,512002,34377
v3,d830fc32ff2631e4e1344dc30b3e09c3b9690bed,graph,octree_nfcount,flyby,-2,815,815,0.5776000023,0.1331200004,0.7192959785,0.732564,1,0,-1,34201,29926,16,16,7237,24.1829847,17.10893537,512002,0,512002,34201
v3,d830fc32ff2631e4e1344dc30b3e09c3b9690bed,graph,octree_nfcount,flyby,-2,816,816,0.5753920078,0.1372160017,0.7211840153,0.735433,1,0,-1,34321,30031,16,16,7193,23.95191635,17.04911591,512002,0,512002,34321
v3,d830fc32ff2631e4e1344dc30b3e09c3b9690bed,graph,octree_nfcount,flyby,-2,817,817,0.5808320045,0.1351999938,0.7239999771,0.73953,1,0,-1,34569,30248,16,16,7364,24.34541127,16.92680508,512002,0,512002,34569
v3,d830fc32ff2631e4e1344dc30b3e09c3b9690bed,graph,octree_nfcount,flyby,-2,818,818,0.5729920268,0.1372160017,0.7188799977,0.732826,1,0,-1,34249,29968,16,16,7176,23.94554191,17.08495729,512002,0,512002,34249
v3,d830fc32ff2631e4e1344dc30b3e09c3b9690bed,graph,octree_nfcount,flyby,-2,819,819,0.5780159831,0.1351680011,0.7213760018,0.733291,1,0,-1,34209,29933,16,16,7169,23.95015535,17.10493435,512002,0,512002,34209
v3,d830fc32ff2631e4e1344dc30b3e09c3b9690bed,graph,octree_nfcount,flyby,-2,820,820,0.5852479935,0.1351680011,0.7288960218,0.740684,1,0,-1,34313,30024,16,16,7271,24.21729283,17.05309086,512002,0,512002,34313
v3,d830fc32ff2631e4e1344dc30b3e09c3b9690bed,graph,octree_nfcount,flyby,-2,821,821,0.571968019,0.1351680011,0.714944005,0.726922,1,0,-1,34201,29926,16,16,7202,24.06602954,17.10893537,512002,0,512002,34201
v3,d830fc32ff2631e4e1344dc30b3e09c3b9690bed,graph,octree_nfcount,flyby,-2,822,822,0.5799999833,0.1351680011,0.7242559791,0.740975,1,0,-1,34265,29982,16,16,7203,24.02441465,17.07697952,512002,0,512002,34265
v3,d830fc32ff2631e4e1344dc30b3e09c3b9690bed,graph,octree_nfcount,flyby,-2,823,823,0.5874559879,0.1351680011,0.7310400009,0.744204,1,0,-1,34337,30045,16,16,7281,24.23364953,17.04117158,512002,0,512002,34337
v3,d830fc32ff2631e4e1344dc30b3e09c3b9690bed,graph,octree_nfcount,flyby,-2,824,824,0.5751680136,0.1372479945,0.7200319767,0.737611,1,0,-1,34217,29940,16,16,7110,23.74749499,17.1009352,512002,0,512002,34217
v3,d830fc32ff2631e4e1344dc30b3e09c3b9690bed,graph,octree_nfcount,flyby,-2,825,825,0.5756480098,0.1351680011,0.7194880247,0.731615,1,0,-1,34097,29835,16,16,7252,24.30702195,17.16111949,512002,0,512002,34097
v3,d830fc32ff2631e4e1344dc30b3e09c3b9690bed,graph,octree_nfcount,flyby,-2,826,826,0.5771520138,0.1351680011,0.7213760018,0.739894,1,0,-1,34185,29912,16,16,7294,24.38486226,17.11694303,512002,0,512002,34185
v3,d830fc32ff2631e4e1344dc30b3e09c3b9690bed,graph,octree_nfcount,flyby,-2,827,827,0.5725439787,0.1351680011,0.7169280052,0.729851,1,0,-1,34153,29884,16,16,7148,23.91915406,17.13298086,512002,0,512002,34153
v3,d830fc32ff2631e4e1344dc30b3e09c3b9690bed,graph,octree_nfcount,flyby,-2,828,828,0.5741760135,0.1392319947,0.7220479846,0.74184,1,0,-1,34217,29940,16,16,7343,24.5257181,17.1009352,512002,0,512002,34217
v3,d830fc32ff2631e4e1344dc30b3e09c3b9690bed,graph,octree_nfcount,flyby,-2,829,829,0.5840319991,0.1372479945,0.7305920124,0.743213,1,0,-1,34185,29912,16,16,7234,24.18427387,17.11694303,512002,0,512002,34185
v3,d830fc32ff2631e4e1344dc30b3e09c3b9690bed,graph,octree_nfcount,flyby,-2,830,830,0.5707520247,0.1413120031,0.7204160094,0.734185,1,0,-1,33985,29737,16,16,7085,23.82553721,17.21767495,512002,0,512002,33985
v3,d830fc32ff2631e4e1344dc30b3e09c3b9690bed,graph,octree_nfcount,flyby,-2,831,831,0.574015975,0.1372160017,0.7197759748,0.73182,1,0,-1,34425,30122,16,16,7329,24.33105371,16.99760972,512002,0,512002,34425
v3,d830fc32ff2631e4e1344dc30b3e09c3b9690bed,graph,octree_nfcount,flyby,-2,832,832,0.5815039873,0.1371839941,0.7269120216,0.741887,1,0,-1,34209,29933,16,16,7158,23.91340661,17.10493435,512002,0,512002,34209
v3,d830fc32ff2631e4e1344dc30b3e09c3b9690bed,graph,octree_nfcount,flyby,-2,833,833,0.5732480288,0.1331200004,0.7143679857,0.729431,1,0,-1,34121,29856,16,16,7191,24.08561093,17.14904877,512002,0,512002,34121
v3,d830fc32ff2631e4e1344dc30b3e09c3b9690bed,graph,octree_nfcount,flyby,-2,834,834,0.5771520138,0.1372160017,0.7224959731,0.740095,1,0,-1,34209,29933,16,16,7314,24.43457054,17.10493435,512002,0,512002,34209
v3,d830fc32ff2631e4e1344dc30b3e09c3b9690bed,graph,octree_nfcount,flyby,-2,835,835,0.5824639797,0.1372160017,0.7275519967,0.739371,1,0,-1,34105,29842,16,16,7249,24.29126734,17.15709403,512002,0,512002,34105
v3,d830fc32ff2631e4e1344dc30b3e09c3b9690bed,graph,octree_nfcount,flyby,-2,836,836,0.5807679892,0.1351359934,0.7242879868,0.741648,1,0,-1,34185,29912,16,16,7275,24.3213426,17.11694303,512002,0,512002,34185
v3,d830fc32ff2631e4e1344dc30b3e09c3b9690bed,graph,octree_nfcount,flyby,-2,837,837,0.5717440248,0.1372479945,0.7184000015,0.73524,1,0,-1,34129,29863,16,16,7294,24.42487359,17.14502897,512002,0,512002,34129
v3,d830fc32ff2631e4e1344dc30b3e09c3b9690bed,graph,octree_nfcount,flyby,-2,838,838,0.5814719796,0.1331200004,0.7239040136,0.742981,1,0,-1,34273,29989,16,16,7173,23.91877022,17.07299343,512002,0,512002,34273
v3,d830fc32ff2631e4e1344dc30b3e09c3b9690bed,graph,octree_nfcount,flyby,-2,839,839,0.5797119737,0.1372479945,0.7259520292,0.740177,1,0,-1,34377,30080,16,16,7291,24.23869681,17.02134309,512002,0,512002,34377
v3,d830fc32ff2631e4e1344dc30b3e09c3b9690bed,graph,octree_nfcount,flyby,-2,840,840,0.573759973,0.1371199936,0.7199040055,0.734026,1,0,-1,34201,29926,16,16,7179,23.98917329,17.10893537,512002,0,512002,34201
v3,d830fc32ff2631e4e1344dc30b3e09c3b9690bed,graph,octree_nfcount,flyby,-2,841,841,0.5795199871,0.1372479945,0.7253440022,0.74478,1,0,-1,34145,29877,16,16,7126,23.85112294,17.13699501,512002,0,512002,34145
v3,d830fc32ff2631e4e1344dc30b3e09c3b9690bed,graph,octree_nfcount,flyby,-2,842,842,0.5771200061,0.1351680011,0.7213119864,0.732977,1,0,-1,34305,30017,16,16,7234,24.09967685,17.05706766,512002,0,512002,34305
v3,d830fc32ff2631e4e1344dc30b3e09c3b9690bed,graph,octree_nfcount,flyby,-2,843,843,0.571615994,0.1372479945,0.717599988,0.729492,1,0,-1,33993,29744,16,16,7097,23.86027434,17.21362292,512002,0,512002,33993
v3,d830fc32ff2631e4e1344dc30b3e09c3b9690bed,graph,octree_nfcount,flyby,-2,844,844,0.5813120008,0.1351680011,0.7259520292,0.742244,1,0,-1,34153,29884,16,16,7138,23.88569134,17.13298086,512002,0,512002,34153
v3,d830fc32ff2631e4e1344dc30b3e09c3b9690bed,graph,octree_nfcount,flyby,-2,845,845,0.5818240047,0.1351999938,0.7257279754,0.741772,1,0,-1,34153,29884,16,16,7203,24.10319904,17.13298086,512002,0,512002,34153
v3,d830fc32ff2631e4e1344dc30b3e09c3b9690bed,graph,octree_nfcount,flyby,-2,846,846,0.5694079995,0.1331200004,0.7115520239,0.725002,1,0,-1,33817,29590,16,16,7087,23.95065901,17.30321054,512002,0,512002,33817
v3,d830fc32ff2631e4e1344dc30b3e09c3b9690bed,graph,octree_nfcount,flyby,-2,847,847,0.581791997,0.1331200004,0.7227519751,0.740474,1,0,-1,33961,29716,16,16,7122,23.96688653,17.22984251,512002,0,512002,33961
v3,d830fc32ff2631e4e1344dc30b3e09c3b9690bed,graph,octree_nfcount,flyby,-2,848,848,0.5833600163,0.1392959952,0.7309759855,0.745218,1,0,-1,34153,29884,16,16,7237,24.21697229,17.13298086,512002,0,512002,34153
v3,d830fc32ff2631e4e1344dc30b3e09c3b9690bed,graph,octree_nfcount,flyby,-2,849,849,0.5705279708,0.1351680011,0.7148159742,0.729869,1,0,-1,34041,29786,16,16,7055,23.68562412,17.1893507,512002,0,512002,34041
v3,d830fc32ff2631e4e1344dc30b3e09c3b9690bed,graph,octree_nfcount,flyby,-2,850,850,0.5855039954,0.1372160017,0.7311999798,0.743568,1,0,-1,34089,29828,16,16,7169,24.03446426,17.16514684,512002,0,512002,34089
v3,d830fc32ff2631e4e1344dc30b3e09c3b9690bed,graph,octree_nfcount,flyby,-2,851,851,0.5809599757,0.1351999938,0.7233920097,0.736079,1,0,-1,34097,29835,16,16,7205,24.14948886,17.16111949,512002,0,512002,34097
v3,d830fc32ff2631e4e1344dc30b3e09c3b9690bed,graph,octree_nfcount,flyby,-2,852,852,0.5747200251,0.1351680011,0.7181760073,0.730586,1,0,-1,33833,29604,16,16,7042,23.78732604,17.2950277,512002,0,512002,33833
v3,d830fc32ff2631e4e1344dc30b3e09c3b9690bed,graph,octree_nfcount,flyby,-2,853,853,0.5799040198,0.1392959952,0.7265920043,0.741591,1,0,-1,34161,29891,16,16,7297,24.41203038,17.12896859,512002,0,512002,34161
v3,d830fc32ff2631e4e1344dc30b3e09c3b9690bed,graph,octree_nfcount,flyby,-2,854,854,0.5820800066,0.1372160017,0.7273920178,0.739606,1,0,-1,34369,30073,16,16,7378,24.53363482,17.02530509,512002,0,512002,34369
v3,d830fc32ff2631e4e1344dc30b3e09c3b9690bed,graph,octree_nfcount,flyby,-2,855,855,0.5760639906,0.1372479945,0.7219200134,0.733965,1,0,-1,34353,30059,16,16,7221,24.02275525,17.03323464,512002,0,512002,34353
v3,d830fc32ff2631e4e1344dc30b3e09c3b9690bed,graph,octree_nfcount,flyby,-2,856,856,0.5815039873,0.1371520013,0.7277119756,0.744454,1,0,-1,34385,30087,16,16,7341,24.3992422,17.01738292,512002,0,512002,34385
v3,d830fc32ff2631e4e1344dc30b3e09c3b9690bed,graph,octree_nfcount,flyby,-2,857,857,0.5823040009,0.1351680011,0.7258880138,0.742202,1,0,-1,34201,29926,16,16,7277,24.31664773,17.10893537,512002,0,512002,34201
v3,d830fc32ff2631e4e1344dc30b3e09c3b9690bed,graph,octree_nfcount,flyby,-2,858,858,0.5689280033,0.1329919994,0.7109439969,0.73049,1,0,-1,34209,29933,16,16,7219,24.11719507,17.10493435,512002,0,512002,34209
v3,d830fc32ff2631e4e1344dc30b3e09c3b9690bed,graph,octree_nfcount,flyby,-2,859,859,0.574015975,0.1351680011,0.7171519995,0.72816,1,0,-1,34169,29898,16,16,7332,24.52337949,17.12495819,512002,0,512002,34169
v3,d830fc32ff2631e4e1344dc30b3e09c3b9690bed,graph,octree_nfcount,flyby,-2,860,860,0.5757120252,0.1331200004,0.7151039839,0.725184,1,0,-1,34177,29905,16,16,7264,24.29025247,17.12094967,512002,0,512002,34177
v3,d830fc32ff2631e4e1344dc30b3e09c3b9690bed,graph,octree_nfcount,flyby,-2,861,861,0.57763201,0.1351680011,0.7210239768,0.731841,1,0,-1,34329,30038,16,16,7269,24.19934749,17.04514282,512002,0,512002,34329
v3,d830fc32ff2631e4e1344dc30b3e09c3b9690bed,graph,octree_nfcount,flyby,-2,862,862,0.5780159831,0.1372160017,0.7223680019,0.736631,1,0,-1,34257,29975,16,16,7297,24.34361968,17.08096747,512002,0,512002,34257
v3,d830fc32ff2631e4e1344dc30b3e09c3b9690bed,graph,octree_nfcount,flyby,-2,863,863,0.5832639933,0.1351680011,0.7268480062,0.742113,1,0,-1,34249,29968,16,16,7202,24.03230112,17.08495729,512002,0,512002,34249
v3,d830fc32ff2631e4e1344dc30b3e09c3b9690bed,graph,octree_nfcount,flyby,-2,864,864,0.5775359869,0.1372479945,0.7229120135,0.740082,1,0,-1,34169,29898,16,16,7215,24.13204897,17.12495819,512002,0,512002,34169
v3,d830fc32ff2631e4e1344dc30b3e09c3b9690bed,graph,octree_nfcount,flyby,-2,865,865,0.5739520192,0.1330879927,0.7140160203,0.724325,1,0,-1,34041,29786,16,16,7195,24.15564359,17.1893507,512002,0,512002,34041
v3,d830fc32ff2631e4e1344dc30b3e09c3b9690bed,graph,octree_nfcount,flyby,-2,866,866,0.5789440274,0.1351999938,0.7226240039,0.741082,1,0,-1,34049,29793,16,16,7104,23.84452724,17.18531199,512002,0,512002,34049
v3,d830fc32ff2631e4e1344dc30b3e09c3b9690bed,graph,octree_nfcount,flyby,-2,867,867,0.5759360194,0.1330879927,0.7170879841,0.729915,1,0,-1,34033,29779,16,16,7125,23.92625676,17.19339132,512002,0,512002,34033
v3,d830fc32ff2631e4e1344dc30b3e09c3b9690bed,graph,octree_nfcount,flyby,-2,868,868,0.5726400018,0.1331200004,0.7139199972,0.727798,1,0,-1,33881,29646,16,16,7075,23.86493962,17.27052553,512002,0,512002,33881
v3,d830fc32ff2631e4e1344dc30b3e09c3b9690bed,graph,octree_nfcount,flyby,-2,869,869,0.5755839944,0.1331200004,0.7172480226,0.730747,1,0,-1,33737,29520,16,16,7017,23.7703252,17.34424119,512002,0,512002,33737
v3,d830fc32ff2631e4e1344dc30b3e09c3b9690bed,graph,octree_nfcount,flyby,-2,870,870,0.5792000294,0.1351680011,0.7229120135,0.73874,1,0,-1,34137,29870,16,16,7154,23.95045196,17.14101105,512002,0,512002,34137
v3,d830fc32ff2631e4e1344dc30b3e09c3b9690bed,graph,octree_nfcount,flyby,-2,871,871,0.5753279924,0.1351680011,0.7194880247,0.731846,1,0,-1,34001,29751,16,16,7111,23.90171759,17.20957279,512002,0,512002,34001
v3,d830fc32ff2631e4e1344dc30b3e09c3b9690bed,graph,octree_nfcount,flyby,-2,872,872,0.5799999833,0.1372160017,0.7271680236,0.744883,1,0,-1,34073,29814,16,16,7160,24.01556316,17.17320722,512002,0,512002,34073
v3,d830fc32ff2631e4e1344dc30b3e09c3b9690bed,graph,octree_nfcount,flyby,-2,873,873,0.586304009,0.1351680011,0.7295039892,0.739218,1,0,-1,34329,30038,16,16,7232,24.07617018,17.04514282,512002,0,512002,34329
v3,d830fc32ff2631e4e1344dc30b3e09c3b9690bed,graph,octree_nfcount,flyby,-2,874,874,0.5752000213,0.1351680011,0.7187839746,0.731071,1,0,-1,34281,29996,16,16,7164,23.88318442,17.0690092,512002,0,512002,34281
v3,d830fc32ff2631e4e1344dc30b3e09c3b9690bed,graph,octree_nfcount,flyby,-2,875,875,0.5769280195,0.1351680011,0.7204160094,0.738976,1,0,-1,34145,29877,16,16,7129,23.86116411,17.13699501,512002,0,512002,34145
v3,d830fc32ff2631e4e1344dc30b3e09c3b9690bed,graph,octree_nfcount,flyby,-2,876,876,0.5821760297,0.1351680011,0.7257599831,0.742155,1,0,-1,34241,29961,16,16,7194,24.01121458,17.08894897,512002,0,512002,34241
v3,d830fc32ff2631e4e1344dc30b3e09c3b9690bed,graph,octree_nfcount,flyby,-2,877,877,0.5750399828,0.1351999938,0.7187839746,0.730799,1,0,-1,34265,29982,16,16,7086,23.63418051,17.07697952,512002,0,512002,34265
v3,d830fc32ff2631e4e1344dc30b3e09c3b9690bed,graph,octree_nfcount,flyby,-2,878,878,0.5794559717,0.1372160017,0.7250880003,0.741615,1,0,-1,34225,29947,16,16,7149,23.87217417,17.09693792,512002,0,512002,34225
v3,d830fc32ff2631e4e1344dc30b3e09c3b9690bed,graph,octree_nfcount,flyby,-2,879,879,0.5881279707,0.1351999938,0.7317119837,0.743862,1,0,-1,34233,29954,16,16,7142,23.84322628,17.09294251,512002,0,512002,34233
v3,d830fc32ff2631e4e1344dc30b3e09c3b9690bed,graph,octree_nfcount,flyby,-2,880,880,0.5724800229,0.1370880008,0.7186239958,0.73172,1,0,-1,34137,29870,16,16,6986,23.38801473,17.14101105,512002,0,512002,34137
v3,d830fc32ff2631e4e1344dc30b3e09c3b9690bed,graph,octree_nfcount,flyby,-2,881,881,0.5758079886,0.1351680011,0.7193920016,0.733094,1,0,-1,34145,29877,16,16,7144,23.91136995,17.13699501,512002,0,512002,34145
v3,d830fc32ff2631e4e1344dc30b3e09c3b9690bed,graph,octree_nfcount,flyby,-2,882,882,0.5795519948,0.1392640024,0.7283840179,0.747355,1,0,-1,34137,29870,16,16,7112,23.80984265,17.14101105,512002,0,512002,34137
v3,d830fc32ff2631e4e1344dc30b3e09c3b9690bed,graph,octree_nfcount,flyby,-2,883,883,0.5753600001,0.1351999938,0.7185919881,0.731152,1,0,-1,33945,29702,16,16,6973,23.47653357,17.23796377,512002,0,512002,33945
v3,d830fc32ff2631e4e1344dc30b3e09c3b9690bed,graph,octree_nfcount,flyby,-2,884,884,0.573728025,0.1331200004,0.7159039974,0.731591,1,0,-1,33985,29737,16,16,7194,24.19208394,17.21767495,512002,0,512002,33985
v3,d830fc32ff2631e4e1344dc30b3e09c3b9690bed,graph,octree_nfcount,flyby,-2,885,885,0.5816000104,0.1351680011,0.7261760235,0.744668,1,0,-1,34209,29933,16,16,7205,24.07042395,17.10493435,512002,0,512002,34209
v3,d830fc32ff2631e4e1344dc30b3e09c3b9690bed,graph,octree_nfcount,flyby,-2,886,886,0.5728960037,0.1351680011,0.7172160149,0.732857,1,0,-1,34025,29772,16,16,7034,23.62622598,17.19743383,512002,0,512002,34025
v3,d830fc32ff2631e4e1344dc30b3e09c3b9690bed,graph,octree_nfcount,flyby,-2,887,887,0.5756480098,0.1331200004,0.717343986,0.729754,1,0,-1,34209,29933,16,16,7270,24.28757559,17.10493435,512002,0,512002,34209
v3,d830fc32ff2631e4e1344dc30b3e09c3b9690bed,graph,octree_nfcount,flyby,-2,888,888,0.583935976,0.1372160017,0.7292479873,0.742131,1,0,-1,34321,30031,16,16,7210,24.00852452,17.04911591,512002,0,512002,34321
v3,d830fc32ff2631e4e1344dc30b3e09c3b9690bed,graph,octree_nfcount,flyby,-2,889,889,0.575519979,0.1350400001,0.7184640169,0.731233,1,0,-1,34225,29947,16,16,7083,23.65178482,17.09693792,512002,0,512002,34225
v3,d830fc32ff2631e4e1344dc30b3e09c3b9690bed,graph,octree_nfcount,flyby,-2,890,890,0.5750399828,0.1372479945,0.7207360268,0.740077,1,0,-1,34305,30017,16,16,7279,24.2495919,17.05706766,512002,0,512002,34305
v3,d830fc32ff2631e4e1344dc30b3e09c3b9690bed,graph,octree_nfcount,flyby,-2,891,891,0.5835520029,0.1372479945,0.729376018,0.741178,1,0,-1,34281,29996,16,16,7245,24.15322043,17.0690092,512002,0,512002,34281
v3,d830fc32ff2631e4e1344dc30b3e09c3b9690bed,graph,octree_nfcount,flyby,-2,892,892,0.5779200196,0.1351680011,0.7214080095,0.732831,1,0,-1,34465,30157,16,16,7231,23.97784926,16.97788242,512002,0,512002,34465
v3,d830fc32ff2631e4e1344dc30b3e09c3b9690bed,graph,octree_nfcount,flyby,-2,893,893,0.5746880174,0.1392959952,0.722112,0.73964,1,0,-1,34649,30318,16,16,7374,24.32218484,16.88772346,512002,0,512002,34649
v3,d830fc32ff2631e4e1344dc30b3e09c3b9690bed,graph,octree_nfcount,flyby,-2,894,894,0.5839679837,0.1392959952,0.7313280106,0.743246,1,0,-1,34489,30178,16,16,7298,24.1831798,16.966068,512002,0,512002,34489
v3,d830fc32ff2631e4e1344dc30b3e09c3b9690bed,graph,octree_nfcount,flyby,-2,895,895,0.5821120143,0.1372479945,0.7273280025,0.739683,1,0,-1,34561,30241,16,16,7282,24.07989154,16.93072319,512002,0,512002,34561
v3,d830fc32ff2631e4e1344dc30b3e09c3b9690bed,graph,octree_nfcount,flyby,-2,896,896,0.5757759809,0.1351680011,0.7192959785,0.73158,1,0,-1,34337,30045,16,16,7223,24.04060576,17.04117158,512002,0,512002,34337
v3,d830fc32ff2631e4e1344dc30b3e09c3b9690bed,graph,octree_nfcount,flyby,-2,897,897,0.5830720067,0.1351680011,0.7257919908,0.738492,1,0,-1,34241,29961,16,16,7184,23.97783786,17.08894897,512002,0,512002,34241
v3,d830fc32ff2631e4e1344dc30b3e09c3b9690bed,graph,octree_nfcount,flyby,-2,898,898,0.5807679892,0.1372160017,0.7257919908,0.740132,1,0,-1,34193,29919,16,16,7229,24.16190381,17.11293827,512002,0,512002,34193
v3,d830fc32ff2631e4e1344dc30b3e09c3b9690bed,graph,octree_nfcount,flyby,-2,899,899,0.5714880228,0.1351680011,0.7144960165,0.729575,1,0,-1,34209,29933,16,16,7213,24.0971503,17.10493435,512002,0,512002,34209
v3,d830fc32ff2631e4e1344dc30b3e09c3b9690bed,graph,octree_nfcount,flyby,-2,900,900,0.5816640258,0.1351680011,0.7240960002,0.737629,1,0,-1,34265,29982,16,16,7169,23.91101327,17.07697952,512002,0,512002,34265
v3,d830fc32ff2631e4e1344dc30b3e09c3b9690bed,graph,octree_nfcount,flyby,-2,901,901,0.5789759755,0.1372160017,0.7237120271,0.737119,1,0,-1,34545,30227,16,16,7341,24.28623416,16.93856486,512002,0,512002,34545
v3,d830fc32ff2631e4e1344dc30b3e09c3b9690bed,graph,octree_nfcount,flyby,-2,902,902,0.574976027,0.1371520013,0.7192320228,0.737637,1,0,-1,34321,30031,16,16,7284,24.25493657,17.04911591,512002,0,512002,34321
v3,d830fc32ff2631e4e1344dc30b3e09c3b9690bed,graph,octree_nfcount,flyby,-2,903,903,0.5845119953,0.1372160017,0.7262399793,0.735569,1,0,-1,34345,30052,16,16,7187,23.91521363,17.03720218,512002,0,512002,34345
v3,d830fc32ff2631e4e1344dc30b3e09c3b9690bed,graph,octree_nfcount,flyby,-2,904,904,0.5811200142,0.1331200004,0.721855998,0.738051,1,0,-1,34609,30283,16,16,7353,24.28094971,16.90724169,512002,0,512002,34609
v3,d830fc32ff2631e4e1344dc30b3e09c3b9690bed,graph,octree_nfcount,flyby,-2,905,905,0.5702400208,0.1351999938,0.7127040029,0.724837,1,0,-1,34105,29842,16,16,7183,24.07010254,17.15709403,512002,0,512002,34105
v3,d830fc32ff2631e4e1344dc30b3e09c3b9690bed,graph,octree_nfcount,flyby,-2,906,906,0.5767359734,0.1351680011,0.7192639709,0.736246,1,0,-1,34241,29961,16,16,7264,24.24485164,17.08894897,512002,0,512002,34241
v3,d830fc32ff2631e4e1344dc30b3e09c3b9690bed,graph,octree_nfcount,flyby,-2,907,907,0.5852159858,0.1372160017,0.7298560143,0.741063,1,0,-1,34505,30192,16,16,7372,24.41706412,16.95820085,512002,0,512002,34505
v3,d830fc32ff2631e4e1344dc30b3e09c3b9690bed,graph,octree_nfcount,flyby,-2,908,908,0.5736640096,0.1372479945,0.7190399766,0.730406,1,0,-1,34145,29877,16,16,7184,24.0452522,17.13699501,512002,0,512002,34145
v3,d830fc32ff2631e4e1344dc30b3e09c3b9690bed,graph,octree_nfcount,flyby,-2,909,909,0.5764480233,0.1331200004,0.7206720114,0.731899,1,0,-1,34201,29926,16,16,7163,23.93570808,17.10893537,512002,0,512002,34201
v3,d830fc32ff2631e4e1344dc30b3e09c3b9690bed,graph,octree_nfcount,flyby,-2,910,910,0.5837119818,0.1351999938,0.7264959812,0.738423,1,0,-1,34433,30129,16,16,7251,24.06651399,16.99366059,512002,0,512002,34433
v3,d830fc32ff2631e4e1344dc30b3e09c3b9690bed,graph,octree_nfcount,flyby,-2,911,911,0.5704960227,0.1330879927,0.7119039893,0.727355,1,0,-1,34305,30017,16,16,7111,23.68990905,17.05706766,512002,0,512002,34305
v3,d830fc32ff2631e4e1344dc30b3e09c3b9690bed,graph,octree_nfcount,flyby,-2,912,912,0.5753279924,0.1372479945,0.7210879922,0.740038,1,0,-1,34409,30108,16,16,7227,24.00358709,17.00551348,512002,0,512002,34409
v3,d830fc32ff2631e4e1344dc30b3e09c3b9690bed,graph,octree_nfcount,flyby,-2,913,913,0.5798400044,0.1372160017,0.7255039811,0.741116,1,0,-1,34465,30157,16,16,7236,23.99442915,16.97788242,512002,0,512002,34465
v3,d830fc32ff2631e4e1344dc30b3e09c3b9690bed,graph,octree_nfcount,flyby,-2,914,914,0.5728960037,0.1351680011,0.7166079879,0.728282,1,0,-1,33961,29716,16,16,6974,23.46883834,17.22984251,512002,0,512002,33961
v3,d830fc32ff2631e4e1344dc30b3e09c3b9690bed,graph,octree_nfcount,flyby,-2,915,915,0.5789440274,0.1351680011,0.7222719789,0.737927,1,0,-1,34305,30017,16,16,7163,23.86314422,17.05706766,512002,0,512002,34305
v3,d830fc32ff2631e4e1344dc30b3e09c3b9690bed,graph,octree_nfcount,flyby,-2,916,916,0.5795519948,0.1392640024,0.7278400064,0.741057,1,0,-1,34393,30094,16,16,7234,24.03801422,17.0134246,512002,0,512002,34393
v3,d830fc32ff2631e4e1344dc30b3e09c3b9690bed,graph,octree_nfcount,flyby,-2,917,917,0.5738239884,0.1372160017,0.7192639709,0.732508,1,0,-1,34233,29954,16,16,7057,23.55945784,17.09294251,512002,0,512002,34233
v3,d830fc32ff2631e4e1344dc30b3e09c3b9690bed,graph,octree_nfcount,flyby,-2,918,918,0.5790719986,0.1372479945,0.7235839963,0.741282,1,0,-1,34217,29940,16,16,7213,24.09151637,17.1009352,512002,0,512002,34217
v3,d830fc32ff2631e4e1344dc30b3e09c3b9690bed,graph,octree_nfcount,flyby,-2,919,919,0.5770559907,0.1372160017,0.7229120135,0.739016,1,0,-1,34249,29968,16,16,7204,24.03897491,17.08495729,512002,0,512002,34249
v3,d830fc32ff2631e4e1344dc30b3e09c3b9690bed,graph,octree_nfcount,flyby,-2,920,920,0.5730879903,0.1351680011,0.7157120109,0.728737,1,0,-1,33961,29716,16,16,6925,23.303944,17.22984251,512002,0,512002,33961
v3,d830fc32ff2631e4e1344dc30b3e09c3b9690bed,graph,octree_nfcount,flyby,-2,921,921,0.5749440193,0.1351680011,0.7185599804,0.730922,1,0,-1,34121,29856,16,16,7112,23.8210075,17.14904877,512002,0,512002,34121
v3,d830fc32ff2631e4e1344dc30b3e09c3b9690bed,graph,octree_nfcount,flyby,-2,922,922,0.5824959874,0.1372160017,0.7287679911,0.740123,1,0,-1,34217,29940,16,16,7206,24.06813627,17.1009352,512002,0,512002,34217
v3,d830fc32ff2631e4e1344dc30b3e09c3b9690bed,graph,octree_nfcount,flyby,-2,923,923,0.5727360249,0.1351680011,0.716448009,0.728463,1,0,-1,33985,29737,16,16,6974,23.45226486,17.21767495,512002,0,512002,33985
v3,d830fc32ff2631e4e1344dc30b3e09c3b9690bed,graph,octree_nfcount,flyby,-2,924,924,0.57763201,0.1351680011,0.7205119729,0.737747,1,0,-1,34137,29870,16,16,7120,23.83662538,17.14101105,512002,0,512002,34137
v3,d830fc32ff2631e4e1344dc30b3e09c3b9690bed,graph,octree_nfcount,flyby,-2,925,925,0.5779200196,0.1331200004,0.7186880112,0.73103,1,0,-1,34025,29772,16,16,7157,24.03936585,17.19743383,512002,0,512002,34025
v3,d830fc32ff2631e4e1344dc30b3e09c3b9690bed,graph,octree_nfcount,flyby,-2,926,926,0.5726079941,0.1351680011,0.7160000205,0.728428,1,0,-1,33833,29604,16,16,6966,23.53060397,17.2950277,512002,0,512002,33833
v3,d830fc32ff2631e4e1344dc30b3e09c3b9690bed,graph,octree_nfcount,flyby,-2,927,927,0.5810559988,0.1372160017,0.7263360023,0.739908,1,0,-1,33993,29744,16,16,7106,23.89053254,17.21362292,512002,0,512002,33993
v3,d830fc32ff2631e4e1344dc30b3e09c3b9690bed,graph,octree_nfcount,flyby,-2,928,928,0.5790719986,0.1351680011,0.721759975,0.73883,1,0,-1,33953,29709,16,16,7060,23.76384261,17.23390218,512002,0,512002,33953
v3,d830fc32ff2631e4e1344dc30b3e09c3b9690bed,graph,octree_nfcount,flyby,-2,929,929,0.5668799877,0.1331200004,0.708032012,0.721012,1,0,-1,33777,29555,16,16,6906,23.36660464,17.32370157,512002,0,512002,33777
v3,d830fc32ff2631e4e1344dc30b3e09c3b9690bed,graph,octree_nfcount,flyby,-2,930,930,0.5713279843,0.1351680011,0.7150719762,0.72921,1,0,-1,34017,29765,16,16,7055,23.70233496,17.20147825,512002,0,512002,34017
v3,d830fc32ff2631e4e1344dc30b3e09c3b9690bed,graph,octree_nfcount,flyby,-2,931,931,0.5748159885,0.1351680011,0.7180479765,0.730385,1,0,-1,33857,29625,16,16,6947,23.44978903,17.28276793,512002,0,512002,33857
v3,d830fc32ff2631e4e1344dc30b3e09c3b9690bed,graph,octree_nfcount,flyby,-2,932,932,0.5723519921,0.1351680011,0.7155200243,0.72711,1,0,-1,33809,29583,16,16,6870,23.22279688,17.30730487,512002,0,512002,33809
v3,d830fc32ff2631e4e1344dc30b3e09c3b9690bed,graph,octree_nfcount,flyby,-2,933,933,0.5719360113,0.1392640024,0.7188159823,0.729558,1,0,-1,33969,29723,16,16,6972,23.45658244,17.22578475,512002,0,512002,33969
v3,d830fc32ff2631e4e1344dc30b3e09c3b9690bed,graph,octree_nfcount,flyby,-2,934,934,0.5830079913,0.1351680011,0.7261120081,0.738113,1,0,-1,33825,29597,16,16,6939,23.44494374,17.29911815,512002,0,512002,33825
v3,d830fc32ff2631e4e1344dc30b3e09c3b9690bed,graph,octree_nfcount,flyby,-2,935,935,0.5695999861,0.1392959952,0.717952013,0.734875,1,0,-1,33745,29527,16,16,6915,23.4192434,17.34012937,512002,0,512002,33745
v3,d830fc32ff2631e4e1344dc30b3e09c3b9690bed,graph,octree_nfcount,flyby,-2,936,936,0.577279985,0.1351680011,0.7214720249,0.734068,1,0,-1,33937,29695,16,16,7041,23.71106247,17.24202728,512002,0,512002,33937
v3,d830fc32ff2631e4e1344dc30b3e09c3b9690bed,graph,octree_nfcount,flyby,-2,937,937,0.5790719986,0.1372479945,0.7234240174,0.737942,1,0,-1,33809,29583,16,16,6868,23.21603624,17.30730487,512002,0,512002,33809
v3,d830fc32ff2631e4e1344dc30b3e09c3b9690bed,graph,octree_nfcount,flyby,-2,938,938,0.575519979,0.1351680011,0.7181760073,0.728985,1,0,-1,33937,29695,16,16,6963,23.44839199,17.24202728,512002,0,512002,33937
v3,d830fc32ff2631e4e1344dc30b3e09c3b9690bed,graph,octree_nfcount,flyby,-2,939,939,0.572224021,0.1329919994,0.7132480145,0.725278,1,0,-1,33657,29450,16,16,6922,23.50424448,17.38546689,512002,0,512002,33657
v3,d830fc32ff2631e4e1344dc30b3e09c3b9690bed,graph,octree_nfcount,flyby,-2,940,940,0.5717120171,0.1372160017,0.7158719897,0.725675,1,0,-1,33737,29520,16,16,6903,23.38414634,17.34424119,512002,0,512002,33737
v3,d830fc32ff2631e4e1344dc30b3e09c3b9690bed,graph,octree_nfcount,flyby,-2,941,941,0.5724160075,0.1351680011,0.7158079743,0.728336,1,0,-1,33633,29429,16,16,6943,23.59237487,17.39787285,512002,0,512002,33633
v3,d830fc32ff2631e4e1344dc30b3e09c3b9690bed,graph,octree_nfcount,flyby,-2,942,942,0.5710399747,0.1331200004,0.7133759856,0.730601,1,0,-1,33625,29422,16,16,6945,23.60478553,17.4020121,512002,0,512002,33625
v3,d830fc32ff2631e4e1344dc30b3e09c3b9690bed,graph,octree_nfcount,flyby,-2,943,943,0.577376008,0.1331200004,0.7195519805,0.73076,1,0,-1,33625,29422,16,16,6883,23.39405887,17.4020121,512002,0,512002,33625
v3,d830fc32ff2631e4e1344dc30b3e09c3b9690bed,graph,octree_nfcount,flyby,-2,944,944,0.5734400153,0.1392959952,0.7210239768,0.732991,1,0,-1,33697,29485,16,16,7007,23.76462608,17.36482957,512002,0,512002,33697
v3,d830fc32ff2631e4e1344dc30b3e09c3b9690bed,graph,octree_nfcount,flyby,-2,945,945,0.5695999861,0.1371199936,0.71459198,0.72675,1,0,-1,33825,29597,16,16,6989,23.61387979,17.29911815,512002,0,512002,33825
v3,d830fc32ff2631e4e1344dc30b3e09c3b9690bed,graph,octree_nfcount,flyby,-2,946,946,0.5783360004,0.1372160017,0.7222719789,0.735784,1,0,-1,33809,29583,16,16,6924,23.40533414,17.30730487,512002,0,512002,33809
v3,d830fc32ff2631e4e1344dc30b3e09c3b9690bed,graph,octree_nfcount,flyby,-2,947,947,0.5736640096,0.1331200004,0.7146880031,0.726745,1,0,-1,33857,29625,16,16,7004,23.64219409,17.28276793,512002,0,512002,33857
v3,d830fc32ff2631e4e1344dc30b3e09c3b9690bed,graph,octree_nfcount,flyby,-2,948,948,0.5695040226,0.1372160017,0.714944005,0.730347,1,0,-1,33793,29569,16,16,6943,23.48067233,17.31549934,512002,0,512002,33793
v3,d830fc32ff2631e4e1344dc30b3e09c3b9690bed,graph,octree_nfcount,flyby,-2,949,949,0.5745919943,0.1372160017,0.7209280133,0.7336,1,0,-1,33897,29660,16,16,6955,23.44908968,17.26237357,512002,0,512002,33897
v3,d830fc32ff2631e4e1344dc30b3e09c3b9690bed,graph,octree_nfcount,flyby,-2,950,950,0.5774719715,0.1372160017,0.723007977,0.739546,1,0,-1,34177,29905,16,16,7065,23.6248119,17.12094967,512002,0,512002,34177
v3,d830fc32ff2631e4e1344dc30b3e09c3b9690bed,graph,octree_nfcount,flyby,-2,951,951,0.5697600245,0.1351680011,0.7127680182,0.729565,1,0,-1,33753,29534,16,16,6975,23.61684838,17.3360195,512002,0,512002,33753
v3,d830fc32ff2631e4e1344dc30b3e09c3b9690bed,graph,octree_nfcount,flyby,-2,952,952,0.574624002,0.1351680011,0.7188159823,0.731778,1,0,-1,33897,29660,16,16,7025,23.68509777,17.26237357,512002,0,512002,33897
v3,d830fc32ff2631e4e1344dc30b3e09c3b9690bed,graph,octree_nfcount,flyby,-2,953,953,0.581535995,0.1372160017,0.7271680236,0.740905,1,0,-1,34105,29842,16,16,7084,23.73835534,17.15709403,512002,0,512002,34105
v3,d830fc32ff2631e4e1344dc30b3e09c3b9690bed,graph,octree_nfcount,flyby,-2,954,954,0.5661119819,0.1350719929,0.7081919909,0.723976,1,0,-1,33905,29667,16,16,6923,23.33569286,17.25830047,512002,0,512002,33905
v3,d830fc32ff2631e4e1344dc30b3e09c3b9690bed,graph,octree_nfcount,flyby,-2,955,955,0.5749120116,0.1331200004,0.7145280242,0.724636,1,0,-1,33833,29604,16,16,6968,23.53735982,17.2950277,512002,0,512002,33833
v3,d830fc32ff2631e4e1344dc30b3e09c3b9690bed,graph,octree_nfcount,flyby,-2,956,956,0.5809919834,0.1351359934,0.7223039865,0.735759,1,0,-1,33961,29716,16,16,7091,23.86256562,17.22984251,512002,0,512002,33961
v3,d830fc32ff2631e4e1344dc30b3e09c3b9690bed,graph,octree_nfcount,flyby,-2,957,957,0.5711359978,0.1370880008,0.7172480226,0.730028,1,0,-1,33793,29569,16,16,6936,23.45699888,17.31549934,512002,0,512002,33793
v3,d830fc32ff2631e4e1344dc30b3e09c3b9690bed,graph,octree_nfcount,flyby,-2,958,958,0.5796160102,0.1351680011,0.7239040136,0.744044,1,0,-1,33897,29660,16,16,7019,23.66486851,17.26237357,512002,0,512002,33897
v3,d830fc32ff2631e4e1344dc30b3e09c3b9690bed,graph,octree_nfcount,flyby,-2,959,959,0.5796160102,0.1351359934,0.7238079906,0.742649,1,0,-1,34001,29751,16,16,7130,23.96558099,17.20957279,512002,0,512002,34001
v3,d830fc32ff2631e4e1344dc30b3e09c3b9690bed,graph,octree_nfcount,flyby,-2,960,960,0.5687040091,0.1331200004,0.7104640007,0.729576,1,0,-1,33713,29499,16,16,6909,23.42113292,17.35658836,512002,0,512002,33713
v3,d830fc32ff2631e4e1344dc30b3e09c3b9690bed,graph,octree_nfcount,flyby,-2,961,961,0.5796160102,0.1351680011,0.7231360078,0.741104,1,0,-1,33897,29660,16,16,7147,24.09642616,17.26237357,512002,0,512002,33897
v3,d830fc32ff2631e4e1344dc30b3e09c3b9690bed,graph,octree_nfcount,flyby,-2,962,962,0.5827839971,0.1330559999,0.7243199944,0.739395,1,0,-1,34033,29779,16,16,7199,24.17475402,17.19339132,512002,0,512002,34033
v3,d830fc32ff2631e4e1344dc30b3e09c3b9690bed,graph,octree_nfcount,flyby,-2,963,963,0.573728025,0.1329919994,0.7146239877,0.727736,1,0,-1,33961,29716,16,16,7091,23.86256562,17.22984251,512002,0,512002,33961
v3,d830fc32ff2631e4e1344dc30b3e09c3b9690bed,graph,octree_nfcount,flyby,-2,964,964,0.5792639852,0.1351680011,0.722112,0.737457,1,0,-1,33945,29702,16,16,7170,24.13978857,17.23796377,512002,0,512002,33945
v3,d830fc32ff2631e4e1344dc30b3e09c3b9690bed,graph,octree_nfcount,flyby,-2,965,965,0.5810239911,0.1371839941,0.7269759774,0.740805,1,0,-1,34049,29793,16,16,7157,24.02242137,17.18531199,512002,0,512002,34049
v3,d830fc32ff2631e4e1344dc30b3e09c3b9690bed,graph,octree_nfcount,flyby,-2,966,966,0.5708479881,0.1331200004,0.7130240202,0.730561,1,0,-1,33737,29520,16,16,6926,23.46205962,17.34424119,512002,0,512002,33737
v3,d830fc32ff2631e4e1344dc30b3e09c3b9690bed,graph,octree_nfcount,flyby,-2,967,967,0.5751039982,0.1351680011,0.7187839746,0.729721,1,0,-1,33969,29723,16,16,7114,23.93432695,17.22578475,512002,0,512002,33969
v3,d830fc32ff2631e4e1344dc30b3e09c3b9690bed,graph,octree_nfcount,flyby,-2,968,968,0.5802559853,0.1351680011,0.7224959731,0.736093,1,0,-1,34009,29758,16,16,7160,24.06075677,17.20552456,512002,0,512002,34009
v3,d830fc32ff2631e4e1344dc30b3e09c3b9690bed,graph,octree_nfcount,flyby,-2,969,969,0.573119998,0.1331200004,0.7142400146,0.728714,1,0,-1,33969,29723,16,16,6974,23.46331124,17.22578475,512002,0,512002,33969
v3,d830fc32ff2631e4e1344dc30b3e09c3b9690bed,graph,octree_nfcount,flyby,-2,970,970,0.5769919753,0.1372160017,0.721503973,0.737451,1,0,-1,34217,29940,16,16,7235,24.16499666,17.1009352,512002,0,512002,34217
v3,d830fc32ff2631e4e1344dc30b3e09c3b9690bed,graph,octree_nfcount,flyby,-2,971,971,0.5809280276,0.1351680011,0.7248960137,0.740345,1,0,-1,34089,29828,16,16,7140,23.93724018,17.16514684,512002,0,512002,34089
v3,d830fc32ff2631e4e1344dc30b3e09c3b9690bed,graph,octree_nfcount,flyby,-2,972,972,0.5750399828,0.1372160017,0.7200639844,0.731991,1,0,-1,33993,29744,16,16,6995,23.51734804,17.21362292,512002,0,512002,33993
v3,d830fc32ff2631e4e1344dc30b3e09c3b9690bed,graph,octree_nfcount,flyby,-2,973,973,0.5779200196,0.1392959952,0.7248960137,0.739382,1,0,-1,34049,29793,16,16,7118,23.89151814,17.18531199,512002,0,512002,34049
v3,d830fc32ff2631e4e1344dc30b3e09c3b9690bed,graph,octree_nfcount,flyby,-2,974,974,0.5793600082,0.1331200004,0.7215679884,0.74015,1,0,-1,34225,29947,16,16,7155,23.89220957,17.09693792,512002,0,512002,34225
v3,d830fc32ff2631e4e1344dc30b3e09c3b9690bed,graph,octree_nfcount,flyby,-2,975,975,0.5729280114,0.1351680011,0.7164800167,0.730605,1,0,-1,34113,29849,16,16,6941,23.25371034,17.15307045,512002,0,512002,34113
v3,d830fc32ff2631e4e1344dc30b3e09c3b9690bed,graph,octree_nfcount,flyby,-2,976,976,0.5775679946,0.1351680011,0.7207679749,0.739656,1,0,-1,34177,29905,16,16,7038,23.534526,17.12094967,512002,0,512002,34177
v3,d830fc32ff2631e4e1344dc30b3e09c3b9690bed,graph,octree_nfcount,flyby,-2,977,977,0.5875200033,0.1372479945,0.7337599993,0.745192,1,0,-1,34521,30206,16,16,7055,23.35628683,16.95034099,512002,0,512002,34521
v3,d830fc32ff2631e4e1344dc30b3e09c3b9690bed,graph,octree_nfcount,flyby,-2,978,978,0.578527987,0.1351680011,0.7230399847,0.735874,1,0,-1,34057,29800,16,16,6846,22.97315436,17.18127517,512002,0,512002,34057
v3,d830fc32ff2631e4e1344dc30b3e09c3b9690bed,graph,octree_nfcount,flyby,-2,979,979,0.5757439733,0.1330879927,0.7173119783,0.731397,1,0,-1,34201,29926,16,16,7021,23.4612043,17.10893537,512002,0,512002,34201
v3,d830fc32ff2631e4e1344dc30b3e09c3b9690bed,graph,octree_nfcount,flyby,-2,980,980,0.5792319775,0.1351040006,0.7224320173,0.740423,1,0,-1,34057,29800,16,16,6941,23.29194631,17.18127517,512002,0,512002,34057
v3,d830fc32ff2631e4e1344dc30b3e09c3b9690bed,graph,octree_nfcount,flyby,-2,981,981,0.5727999806,0.1350719929,0.715839982,0.728709,1,0,-1,33985,29737,16,16,6827,22.9579312,17.21767495,512002,0,512002,33985
v3,d830fc32ff2631e4e1344dc30b3e09c3b9690bed,graph,octree_nfcount,flyby,-2,982,982,0.5756800175,0.1413439959,0.7253760099,0.742308,1,0,-1,34089,29828,16,16,6945,23.28349202,17.16514684,512002,0,512002,34089
v3,d830fc32ff2631e4e1344dc30b3e09c3b9690bed,graph,octree_nfcount,flyby,-2,983,983,0.5815039873,0.1372479945,0.7273280025,0.741413,1,0,-1,34241,29961,16,16,6938,23.15677047,17.08894897,512002,0,512002,34241
v3,d830fc32ff2631e4e1344dc30b3e09c3b9690bed,graph,octree_nfcount,flyby,-2,984,984,0.5757120252,0.1330879927,0.7171519995,0.729085,1,0,-1,34033,29779,16,16,6877,23.09345512,17.19339132,512002,0,512002,34033
v3,d830fc32ff2631e4e1344dc30b3e09c3b9690bed,graph,octree_nfcount,flyby,-2,985,985,0.577023983,0.1351999938,0.7205759883,0.740439,1,0,-1,34257,29975,16,16,6979,23.28273561,17.08096747,512002,0,512002,34257
v3,d830fc32ff2631e4e1344dc30b3e09c3b9690bed,graph,octree_nfcount,flyby,-2,986,986,0.5767679811,0.1351680011,0.7194880247,0.738185,1,0,-1,34033,29779,16,16,6918,23.23113604,17.19339132,512002,0,512002,34033
v3,d830fc32ff2631e4e1344dc30b3e09c3b9690bed,graph,octree_nfcount,flyby,-2,987,987,0.5711359978,0.1372160017,0.7161279917,0.728857,1,0,-1,33921,29681,16,16,6832,23.01809238,17.25016004,512002,0,512002,33921
v3,d830fc32ff2631e4e1344dc30b3e09c3b9690bed,graph,octree_nfcount,flyby,-2,988,988,0.5762559772,0.1351680011,0.7195199728,0.732184,1,0,-1,34161,29891,16,16,7002,23.42511124,17.12896859,512002,0,512002,34161
v3,d830fc32ff2631e4e1344dc30b3e09c3b9690bed,graph,octree_nfcount,flyby,-2,989,989,0.5799040198,0.1331200004,0.7204800248,0.73808,1,0,-1,34169,29898,16,16,6941,23.21559971,17.12495819,512002,0,512002,34169
v3,d830fc32ff2631e4e1344dc30b3e09c3b9690bed,graph,octree_nfcount,flyby,-2,990,990,0.575232029,0.1330879927,0.7160639763,0.726801,1,0,-1,34169,29898,16,16,6926,23.16542913,17.12495819,512002,0,512002,34169
v3,d830fc32ff2631e4e1344dc30b3e09c3b9690bed,graph,octree_nfcount,flyby,-2,991,991,0.5800960064,0.1351999938,0.7234560251,0.737242,1,0,-1,34241,29961,16,16,7051,23.53392744,17.08894897,512002,0,512002,34241
v3,d830fc32ff2631e4e1344dc30b3e09c3b9690bed,graph,octree_nfcount,flyby,-2,992,992,0.5808960199,0.1331200004,0.721855998,0.738625,1,0,-1,34433,30129,16,16,6979,23.1637293,16.99366059,512002,0,512002,34433
v3,d830fc32ff2631e4e1344dc30b3e09c3b9690bed,graph,octree_nfcount,flyby,-2,993,993,0.5804160237,0.1351680011,0.7235199809,0.740048,1,0,-1,34281,29996,16,16,6995,23.31977597,17.0690092,512002,0,512002,34281
v3,d830fc32ff2631e4e1344dc30b3e09c3b9690bed,graph,octree_nfcount,flyby,-2,994,994,0.5775039792,0.1391679943,0.7256960273,0.742446,1,0,-1,34241,29961,16,16,7072,23.60401856,17.08894897,512002,0,512002,34241
v3,d830fc32ff2631e4e1344dc30b3e09c3b9690bed,graph,octree_nfcount,flyby,-2,995,995,0.5822399855,0.1372479945,0.7286400199,0.744269,1,0,-1,34313,30024,16,16,7080,23.58113509,17.05309086,512002,0,512002,34313
v3,d830fc32ff2631e4e1344dc30b3e09c3b9690bed,graph,octree_nfcount,flyby,-2,996,996,0.575519979,0.1351999938,0.7193279862,0.732757,1,0,-1,34417,30115,16,16,7099,23.57297028,17.00156068,512002,0,512002,34417
v3,d830fc32ff2631e4e1344dc30b3e09c3b9690bed,graph,octree_nfcount,flyby,-2,997,997,0.5792639852,0.1372479945,0.724767983,0.740347,1,0,-1,34273,29989,16,16,7118,23.73536964,17.07299343,512002,0,512002,34273
v3,d830fc32ff2631e4e1344dc30b3e09c3b9690bed,graph,octree_nfcount,flyby,-2,998,998,0.5833600163,0.1372160017,0.7288960218,0.740186,1,0,-1,34217,29940,16,16,6979,23.30995324,17.1009352,512002,0,512002,34217
v3,d830fc32ff2631e4e1344dc30b3e09c3b9690bed,graph,octree_nfcount,flyby,-2,999,999,0.5798720121,0.1351680011,0.7234879732,0.741723,1,0,-1,34257,29975,16,16,7062,23.55963303,17.08096747,512002,0,512002,34257
v3,d830fc32ff2631e4e1344dc30b3e09c3b9690bed,graph,octree_nfcount,flyby,-2,1000,1000,0.5710399747,0.1371199936,0.7166079879,0.729047,1,0,-1,34057,29800,16,16,6977,23.41275168,17.18127517,512002,0,512002,34057
v3,d830fc32ff2631e4e1344dc30b3e09c3b9690bed,graph,octree_nfcount,flyby,-2,1001,1001,0.5840319991,0.1351680011,0.727519989,0.740314,1,0,-1,34025,29772,16,16,6943,23.32056966,17.19743383,512002,0,512002,34025
v3,d830fc32ff2631e4e1344dc30b3e09c3b9690bed,graph,octree_nfcount,flyby,-2,1002,1002,0.572863996,0.1351680011,0.7171199918,0.730159,1,0,-1,34065,29807,16,16,6982,23.42402791,17.17724025,512002,0,512002,34065
v3,d830fc32ff2631e4e1344dc30b3e09c3b9690bed,graph,octree_nfcount,flyby,-2,1003,1003,0.5714880228,0.1351999938,0.7161920071,0.732902,1,0,-1,34033,29779,16,16,7030,23.60724,17.19339132,512002,0,512002,34033
v3,d830fc32ff2631e4e1344dc30b3e09c3b9690bed,graph,octree_nfcount,flyby,-2,1004,1004,0.5836799741,0.1392640024,0.7319679856,0.743744,1,0,-1,34057,29800,16,16,6942,23.29530201,17.18127517,512002,0,512002,34057
v3,d830fc32ff2631e4e1344dc30b3e09c3b9690bed,graph,octree_nfcount,flyby,-2,1005,1005,0.5797119737,0.1351359934,0.7238399982,0.736034,1,0,-1,33913,29674,16,16,6954,23.4346566,17.25422929,512002,0,512002,33913
v3,d830fc32ff2631e4e1344dc30b3e09c3b9690bed,graph,octree_nfcount,flyby,-2,1006,1006,0.5678079724,0.1371520013,0.7139840126,0.732567,1,0,-1,33761,29541,16,16,6894,23.33705697,17.33191158,512002,0,512002,33761
v3,d830fc32ff2631e4e1344dc30b3e09c3b9690bed,graph,octree_nfcount,flyby,-2,1007,1007,0.5750719905,0.1351680011,0.7184320092,0.730811,1,0,-1,33881,29646,16,16,6889,23.23753626,17.27052553,512002,0,512002,33881
v3,d830fc32ff2631e4e1344dc30b3e09c3b9690bed,graph,octree_nfcount,flyby,-2,1008,1008,0.5783680081,0.1372160017,0.7239040136,0.738036,1,0,-1,34057,29800,16,16,7000,23.48993289,17.18127517,512002,0,512002,34057
v3,d830fc32ff2631e4e1344dc30b3e09c3b9690bed,graph,octree_nfcount,flyby,-2,1009,1009,0.570464015,0.1331200004,0.7118080258,0.723847,1,0,-1,33873,29639,16,16,6932,23.38810351,17.27460441,512002,0,512002,33873
v3,d830fc32ff2631e4e1344dc30b3e09c3b9690bed,graph,octree_nfcount,flyby,-2,1010,1010,0.5833280087,0.1351680011,0.7268159986,0.741917,1,0,-1,33961,29716,16,16,6851,23.05491991,17.22984251,512002,0,512002,33961
v3,d830fc32ff2631e4e1344dc30b3e09c3b9690bed,graph,octree_nfcount,flyby,-2,1011,1011,0.5739840269,0.1351999938,0.7176319957,0.729659,1,0,-1,34097,29835,16,16,6957,23.31825038,17.16111949,512002,0,512002,34097
v3,d830fc32ff2631e4e1344dc30b3e09c3b9690bed,graph,octree_nfcount,flyby,-2,1012,1012,0.5708799958,0.1331200004,0.7120000124,0.727358,1,0,-1,33865,29632,16,16,6853,23.12702484,17.27868521,512002,0,512002,33865
v3,d830fc32ff2631e4e1344dc30b3e09c3b9690bed,graph,octree_nfcount,flyby,-2,1013,1013,0.5755519867,0.1351680011,0.7189440131,0.731246,1,0,-1,33753,29534,16,16,6818,23.08525767,17.3360195,512002,0,512002,33753
v3,d830fc32ff2631e4e1344dc30b3e09c3b9690bed,graph,octree_nfcount,flyby,-2,1014,1014,0.5732160211,0.1331200004,0.7149119973,0.728209,1,0,-1,33825,29597,16,16,7017,23.70848397,17.29911815,512002,0,512002,33825
v3,d830fc32ff2631e4e1344dc30b3e09c3b9690bed,graph,octree_nfcount,flyby,-2,1015,1015,0.5654720068,0.1372160017,0.7110720277,0.729031,1,0,-1,33865,29632,16,16,6996,23.60961123,17.27868521,512002,0,512002,33865
v3,d830fc32ff2631e4e1344dc30b3e09c3b9690bed,graph,octree_nfcount,flyby,-2,1016,1016,0.5774400234,0.1392640024,0.7258239985,0.742799,1,0,-1,33961,29716,16,16,6920,23.28711805,17.22984251,512002,0,512002,33961
v3,d830fc32ff2631e4e1344dc30b3e09c3b9690bed,graph,octree_nfcount,flyby,-2,1017,1017,0.5731520057,0.1372160017,0.7185599804,0.729353,1,0,-1,34017,29765,16,16,7007,23.54107173,17.20147825,512002,0,512002,34017
v3,d830fc32ff2631e4e1344dc30b3e09c3b9690bed,graph,octree_nfcount,flyby,-2,1018,1018,0.5731840134,0.1350719929,0.7159360051,0.728675,1,0,-1,33689,29478,16,16,6915,23.4581722,17.36895312,512002,0,512002,33689
v3,d830fc32ff2631e4e1344dc30b3e09c3b9690bed,graph,octree_nfcount,flyby,-2,1019,1019,0.5772479773,0.1331200004,0.7181119919,0.730528,1,0,-1,33801,29576,16,16,6923,23.40749256,17.31140114,512002,0,512002,33801
v3,d830fc32ff2631e4e1344dc30b3e09c3b9690bed,graph,octree_nfcount,flyby,-2,1020,1020,0.5771520138,0.1331200004,0.7186239958,0.73119,1,0,-1,34145,29877,16,16,7025,23.51307025,17.13699501,512002,0,512002,34145
v3,d830fc32ff2631e4e1344dc30b3e09c3b9690bed,graph,octree_nfcount,flyby,-2,1021,1021,0.5719360113,0.1372160017,0.717343986,0.729868,1,0,-1,33857,29625,16,16,6860,23.15611814,17.28276793,512002,0,512002,33857
v3,d830fc32ff2631e4e1344dc30b3e09c3b9690bed,graph,octree_nfcount,flyby,-2,1022,1022,0.5790399909,0.1331200004,0.7186560035,0.732006,1,0,-1,33905,29667,16,16,6800,22.92109077,17.25830047,512002,0,512002,33905
v3,d830fc32ff2631e4e1344dc30b3e09c3b9690bed,graph,octree_nfcount,flyby,-2,1023,1023,0.5772479773,0.1331200004,0.7185599804,0.730565,1,0,-1,34193,29919,16,16,6975,23.31294495,17.11293827,512002,0,512002,34193
v3,d830fc32ff2631e4e1344dc30b3e09c3b9690bed,graph,octree_nfcount,flyby,-2,1024,1024,0.5715519786,0.1329279989,0.7127040029,0.727622,1,0,-1,33849,29618,16,16,6814,23.00627996,17.28685259,512002,0,512002,33849
v3,d830fc32ff2631e4e1344dc30b3e09c3b9690bed,graph,octree_nfcount,flyby,-2,1025,1025,0.5762240291,0.1351680011,0.7180160284,0.73141,1,0,-1,34065,29807,16,16,6933,23.259637,17.17724025,512002,0,512002,34065
v3,d830fc32ff2631e4e1344dc30b3e09c3b9690bed,graph,octree_nfcount,flyby,-2,1026,1026,0.5816640258,0.1392319947,0.7257279754,0.74003,1,0,-1,34409,30108,16,16,7082,23.52198751,17.00551348,512002,0,512002,34409
v3,d830fc32ff2631e4e1344dc30b3e09c3b9690bed,graph,octree_nfcount,flyby,-2,1027,1027,0.5733119845,0.1351680011,0.7125120163,0.727923,1,0,-1,34065,29807,16,16,6934,23.26299191,17.17724025,512002,0,512002,34065
v3,d830fc32ff2631e4e1344dc30b3e09c3b9690bed,graph,octree_nfcount,flyby,-2,1028,1028,0.5755519867,0.1331200004,0.7117440104,0.724232,1,0,-1,34041,29786,16,16,6974,23.41368428,17.1893507,512002,0,512002,34041
v3,d830fc32ff2631e4e1344dc30b3e09c3b9690bed,graph,octree_nfcount,flyby,-2,1029,1029,0.5737919807,0.1329600066,0.7112960219,0.727468,1,0,-1,34161,29891,16,16,7032,23.5254759,17.12896859,512002,0,512002,34161
v3,d830fc32ff2631e4e1344dc30b3e09c3b9690bed,graph,octree_nfcount,flyby,-2,1030,1030,0.5715519786,0.1331200004,0.7088959813,0.71803,1,0,-1,33897,29660,16,16,6943,23.40863115,17.26237357,512002,0,512002,33897
v3,d830fc32ff2631e4e1344dc30b3e09c3b9690bed,graph,octree_nfcount,flyby,-2,1031,1031,0.5777919888,0.1351680011,0.7169600129,0.726303,1,0,-1,34105,29842,16,16,7027,23.54734937,17.15709403,512002,0,512002,34105
v3,d830fc32ff2631e4e1344dc30b3e09c3b9690bed,graph,octree_nfcount,flyby,-2,1032,1032,0.584191978,0.1351680011,0.7234879732,0.739076,1,0,-1,34233,29954,16,16,7156,23.88996461,17.09294251,512002,0,512002,34233
v3,d830fc32ff2631e4e1344dc30b3e09c3b9690bed,graph,octree_nfcount,flyby,-2,1033,1033,0.5739840269,0.1351680011,0.7131839991,0.726999,1,0,-1,34049,29793,16,16,6939,23.29070587,17.18531199,512002,0,512002,34049
v3,d830fc32ff2631e4e1344dc30b3e09c3b9690bed,graph,octree_nfcount,flyby,-2,1034,1034,0.5780159831,0.1372160017,0.7192320228,0.728134,1,0,-1,34073,29814,16,16,7001,23.48225666,17.17320722,512002,0,512002,34073
v3,d830fc32ff2631e4e1344dc30b3e09c3b9690bed,graph,octree_nfcount,flyby,-2,1035,1035,0.5754879713,0.1331200004,0.7162879705,0.727787,1,0,-1,34297,30010,16,16,7099,23.65544818,17.06104632,512002,0,512002,34297
v3,d830fc32ff2631e4e1344dc30b3e09c3b9690bed,graph,octree_nfcount,flyby,-2,1036,1036,0.5728319883,0.1351999938,0.7158719897,0.727797,1,0,-1,33977,29730,16,16,6992,23.51833165,17.22172889,512002,0,512002,33977
v3,d830fc32ff2631e4e1344dc30b3e09c3b9690bed,graph,octree_nfcount,flyby,-2,1037,1037,0.5799040198,0.1351680011,0.7244160175,0.743887,1,0,-1,34065,29807,16,16,7017,23.54144999,17.17724025,512002,0,512002,34065
v3,d830fc32ff2631e4e1344dc30b3e09c3b9690bed,graph,octree_nfcount,flyby,-2,1038,1038,0.5806080103,0.1331200004,0.7232319713,0.73707,1,0,-1,34193,29919,16,16,7120,23.79758682,17.11293827,512002,0,512002,34193
v3,d830fc32ff2631e4e1344dc30b3e09c3b9690bed,graph,octree_nfcount,flyby,-2,1039,1039,0.5736640096,0.1331200004,0.7158079743,0.733279,1,0,-1,33953,29709,16,16,6871,23.12767175,17.23390218,512002,0,512002,33953
v3,d830fc32ff2631e4e1344dc30b3e09c3b9690bed,graph,octree_nfcount,flyby,-2,1040,1040,0.5821120143,0.1351359934,0.7258239985,0.741378,1,0,-1,34097,29835,16,16,6986,23.41545165,17.16111949,512002,0,512002,34097
v3,d830fc32ff2631e4e1344dc30b3e09c3b9690bed,graph,octree_nfcount,flyby,-2,1041,1041,0.5809599757,0.1351680011,0.7242879868,0.739616,1,0,-1,34249,29968,16,16,7051,23.52843033,17.08495729,512002,0,512002,34249
v3,d830fc32ff2631e4e1344dc30b3e09c3b9690bed,graph,octree_nfcount,flyby,-2,1042,1042,0.5742080212,0.1331200004,0.7144320011,0.728226,1,0,-1,33825,29597,16,16,6884,23.2591141,17.29911815,512002,0,512002,33825
v3,d830fc32ff2631e4e1344dc30b3e09c3b9690bed,graph,octree_nfcount,flyby,-2,1043,1043,0.5747519732,0.1331200004,0.7160000205,0.727476,1,0,-1,34289,30003,16,16,7062,23.53764624,17.06502683,512002,0,512002,34289
v3,d830fc32ff2631e4e1344dc30b3e09c3b9690bed,graph,octree_nfcount,flyby,-2,1044,1044,0.5853760242,0.1371839941,0.7306240201,0.742884,1,0,-1,34345,30052,16,16,7161,23.82869693,17.03720218,512002,0,512002,34345
v3,d830fc32ff2631e4e1344dc30b3e09c3b9690bed,graph,octree_nfcount,flyby,-2,1045,1045,0.5715199709,0.1351999938,0.7147200108,0.727948,1,0,-1,33977,29730,16,16,6994,23.52505886,17.22172889,512002,0,512002,33977
v3,d830fc32ff2631e4e1344dc30b3e09c3b9690bed,graph,octree_nfcount,flyby,-2,1046,1046,0.5795519948,0.1331200004,0.7190080285,0.733837,1,0,-1,34113,29849,16,16,7044,23.59878053,17.15307045,512002,0,512002,34113
v3,d830fc32ff2631e4e1344dc30b3e09c3b9690bed,graph,octree_nfcount,flyby,-2,1047,1047,0.5766720176,0.1331200004,0.7174720168,0.729136,1,0,-1,34233,29954,16,16,7163,23.91333378,17.09294251,512002,0,512002,34233
v3,d830fc32ff2631e4e1344dc30b3e09c3b9690bed,graph,octree_nfcount,flyby,-2,1048,1048,0.5689920187,0.1351680011,0.7123519778,0.72765,1,0,-1,34089,29828,16,16,6911,23.16950516,17.16514684,512002,0,512002,34089
v3,d830fc32ff2631e4e1344dc30b3e09c3b9690bed,graph,octree_nfcount,flyby,-2,1049,1049,0.5783039927,0.1329279989,0.7185599804,0.735033,1,0,-1,34233,29954,16,16,7060,23.56947319,17.09294251,512002,0,512002,34233
v3,d830fc32ff2631e4e1344dc30b3e09c3b9690bed,graph,octree_nfcount,flyby,-2,1050,1050,0.5801600218,0.1331200004,0.7185919881,0.732906,1,0,-1,34345,30052,16,16,7101,23.62904299,17.03720218,512002,0,512002,34345
v3,d830fc32ff2631e4e1344dc30b3e09c3b9690bed,graph,octree_nfcount,flyby,-2,1051,1051,0.5710719824,0.1351680011,0.7138879895,0.729913,1,0,-1,34105,29842,16,16,6876,23.04135112,17.15709403,512002,0,512002,34105
v3,d830fc32ff2631e4e1344dc30b3e09c3b9690bed,graph,octree_nfcount,flyby,-2,1052,1052,0.5767999887,0.1351680011,0.7202240229,0.738994,1,0,-1,34153,29884,16,16,6994,23.40382814,17.13298086,512002,0,512002,34153
v3,d830fc32ff2631e4e1344dc30b3e09c3b9690bed,graph,octree_nfcount,flyby,-2,1053,1053,0.578783989,0.1351999938,0.7216320038,0.737607,1,0,-1,34361,30066,16,16,7089,23.57812812,17.02926894,512002,0,512002,34361
v3,d830fc32ff2631e4e1344dc30b3e09c3b9690bed,graph,octree_nfcount,flyby,-2,1054,1054,0.5707520247,0.1351999938,0.714048028,0.727261,1,0,-1,34249,29968,16,16,6947,23.18139349,17.08495729,512002,0,512002,34249
v3,d830fc32ff2631e4e1344dc30b3e09c3b9690bed,graph,octree_nfcount,flyby,-2,1055,1055,0.5814399719,0.1331200004,0.7224320173,0.739146,1,0,-1,34153,29884,16,16,7059,23.62133583,17.13298086,512002,0,512002,34153
v3,d830fc32ff2631e4e1344dc30b3e09c3b9690bed,graph,octree_nfcount,flyby,-2,1056,1056,0.5803520083,0.1330240071,0.7214720249,0.736663,1,0,-1,34289,30003,16,16,7165,23.88094524,17.06502683,512002,0,512002,34289
v3,d830fc32ff2631e4e1344dc30b3e09c3b9690bed,graph,octree_nfcount,flyby,-2,1057,1057,0.5715199709,0.1331200004,0.7128000259,0.729285,1,0,-1,34129,29863,16,16,6907,23.12895556,17.14502897,512002,0,512002,34129
v3,d830fc32ff2631e4e1344dc30b3e09c3b9690bed,graph,octree_nfcount,flyby,-2,1058,1058,0.5829759836,0.1351680011,0.72636801,0.739839,1,0,-1,34337,30045,16,16,7174,23.87751706,17.04117158,512002,0,512002,34337
v3,d830fc32ff2631e4e1344dc30b3e09c3b9690bed,graph,octree_nfcount,flyby,-2,1059,1059,0.5854079723,0.1351680011,0.7286720276,0.739947,1,0,-1,34353,30059,16,16,7187,23.90964437,17.03323464,512002,0,512002,34353
v3,d830fc32ff2631e4e1344dc30b3e09c3b9690bed,graph,octree_nfcount,flyby,-2,1060,1060,0.5710719824,0.1351680011,0.7144960165,0.728113,1,0,-1,33921,29681,16,16,6887,23.20339611,17.25016004,512002,0,512002,33921
v3,d830fc32ff2631e4e1344dc30b3e09c3b9690bed,graph,octree_nfcount,flyby,-2,1061,1061,0.5764480233,0.1351359934,0.7207360268,0.732974,1,0,-1,34241,29961,16,16,7025,23.44714796,17.08894897,512002,0,512002,34241
v3,d830fc32ff2631e4e1344dc30b3e09c3b9690bed,graph,octree_nfcount,flyby,-2,1062,1062,0.5832319856,0.1372160017,0.7294719815,0.740662,1,0,-1,34257,29975,16,16,7089,23.64970809,17.08096747,512002,0,512002,34257
v3,d830fc32ff2631e4e1344dc30b3e09c3b9690bed,graph,octree_nfcount,flyby,-2,1063,1063,0.5729920268,0.1331200004,0.7135999799,0.728507,1,0,-1,34001,29751,16,16,6874,23.10510571,17.20957279,512002,0,512002,34001
v3,d830fc32ff2631e4e1344dc30b3e09c3b9690bed,graph,octree_nfcount,flyby,-2,1064,1064,0.5778880119,0.1330879927,0.7185279727,0.734314,1,0,-1,34297,30010,16,16,7058,23.51882706,17.06104632,512002,0,512002,34297
v3,d830fc32ff2631e4e1344dc30b3e09c3b9690bed,graph,octree_nfcount,flyby,-2,1065,1065,0.5782719851,0.1351680011,0.7215359807,0.739421,1,0,-1,34329,30038,16,16,7064,23.51687862,17.04514282,512002,0,512002,34329
v3,d830fc32ff2631e4e1344dc30b3e09c3b9690bed,graph,octree_nfcount,flyby,-2,1066,1066,0.5669760108,0.1351680011,0.7096639872,0.726138,1,0,-1,34169,29898,16,16,6827,22.8343033,17.12495819,512002,0,512002,34169
v3,d830fc32ff2631e4e1344dc30b3e09c3b9690bed,graph,octree_nfcount,flyby,-2,1067,1067,0.5809599757,0.1372160017,0.7265599966,0.739642,1,0,-1,34297,30010,16,16,6974,23.23892036,17.06104632,512002,0,512002,34297
v3,d830fc32ff2631e4e1344dc30b3e09c3b9690bed,graph,octree_nfcount,flyby,-2,1068,1068,0.577376008,0.1351680011,0.7207999825,0.738501,1,0,-1,34361,30066,16,16,7044,23.42845739,17.02926894,512002,0,512002,34361
v3,d830fc32ff2631e4e1344dc30b3e09c3b9690bed,graph,octree_nfcount,flyby,-2,1069,1069,0.5684480071,0.1331200004,0.7100480199,0.726661,1,0,-1,33953,29709,16,16,6804,22.90215086,17.23390218,512002,0,512002,33953
v3,d830fc32ff2631e4e1344dc30b3e09c3b9690bed,graph,octree_nfcount,flyby,-2,1070,1070,0.580384016,0.1351680011,0.7232000232,0.73826,1,0,-1,34281,29996,16,16,6940,23.13641819,17.0690092,512002,0,512002,34281
v3,d830fc32ff2631e4e1344dc30b3e09c3b9690bed,graph,octree_nfcount,flyby,-2,1071,1071,0.5854719877,0.1331200004,0.7267839909,0.740741,1,0,-1,34297,30010,16,16,7020,23.3922026,17.06104632,512002,0,512002,34297
v3,d830fc32ff2631e4e1344dc30b3e09c3b9690bed,graph,octree_nfcount,flyby,-2,1072,1072,0.5675200224,0.1351680011,0.7107200027,0.728413,1,0,-1,34009,29758,16,16,6746,22.66953424,17.20552456,512002,0,512002,34009
v3,d830fc32ff2631e4e1344dc30b3e09c3b9690bed,graph,octree_nfcount,flyby,-2,1073,1073,0.5809919834,0.1351040006,0.724864006,0.741952,1,0,-1,34001,29751,16,16,6810,22.88998689,17.20957279,512002,0,512002,34001
v3,d830fc32ff2631e4e1344dc30b3e09c3b9690bed,graph,octree_nfcount,flyby,-2,1074,1074,0.579136014,0.1351680011,0.7224000096,0.739458,1,0,-1,34065,29807,16,16,6886,23.10195592,17.17724025,512002,0,512002,34065
v3,d830fc32ff2631e4e1344dc30b3e09c3b9690bed,graph,octree_nfcount,flyby,-2,1075,1075,0.5726079941,0.1351680011,0.7167999744,0.729117,1,0,-1,33817,29590,16,16,6666,22.52788104,17.30321054,512002,0,512002,33817
v3,d830fc32ff2631e4e1344dc30b3e09c3b9690bed,graph,octree_nfcount,flyby,-2,1076,1076,0.5769600272,0.1331200004,0.7183359861,0.729952,1,0,-1,33969,29723,16,16,6818,22.93846516,17.22578475,512002,0,512002,33969
v3,d830fc32ff2631e4e1344dc30b3e09c3b9690bed,graph,octree_nfcount,flyby,-2,1077,1077,0.5796800256,0.1351680011,0.7230399847,0.738561,1,0,-1,33953,29709,16,16,6866,23.11084183,17.23390218,512002,0,512002,33953
v3,d830fc32ff2631e4e1344dc30b3e09c3b9690bed,graph,octree_nfcount,flyby,-2,1078,1078,0.5697919726,0.1351680011,0.7133759856,0.729737,1,0,-1,33857,29625,16,16,6713,22.65991561,17.28276793,512002,0,512002,33857
v3,d830fc32ff2631e4e1344dc30b3e09c3b9690bed,graph,octree_nfcount,flyby,-2,1079,1079,0.5747200251,0.1351680011,0.7180799842,0.730134,1,0,-1,33721,29506,16,16,6814,23.09360808,17.35247068,512002,0,512002,33721
v3,d830fc32ff2631e4e1344dc30b3e09c3b9690bed,graph,octree_nfcount,flyby,-2,1080,1080,0.5776960254,0.1372160017,0.7230399847,0.740065,1,0,-1,33881,29646,16,16,6883,23.21729744,17.27052553,512002,0,512002,33881
v3,d830fc32ff2631e4e1344dc30b3e09c3b9690bed,graph,octree_nfcount,flyby,-2,1081,1081,0.5668799877,0.1331200004,0.7085760236,0.720007,1,0,-1,33657,29450,16,16,6679,22.67911715,17.38546689,512002,0,512002,33657
v3,d830fc32ff2631e4e1344dc30b3e09c3b9690bed,graph,octree_nfcount,flyby,-2,1082,1082,0.5710399747,0.1331200004,0.711935997,0.728441,1,0,-1,33673,29464,16,16,6789,23.04167798,17.37720608,512002,0,512002,33673
v3,d830fc32ff2631e4e1344dc30b3e09c3b9690bed,graph,octree_nfcount,flyby,-2,1083,1083,0.5770879984,0.1350719929,0.7201600075,0.732629,1,0,-1,33977,29730,16,16,6930,23.30978809,17.22172889,512002,0,512002,33977
v3,d830fc32ff2631e4e1344dc30b3e09c3b9690bed,graph,octree_nfcount,flyby,-2,1084,1084,0.5732160211,0.1351680011,0.7162879705,0.727692,1,0,-1,33761,29541,16,16,6672,22.58555905,17.33191158,512002,0,512002,33761
v3,d830fc32ff2631e4e1344dc30b3e09c3b9690bed,graph,octree_nfcount,flyby,-2,1085,1085,0.5757120252,0.1351680011,0.7188159823,0.730256,1,0,-1,33929,29688,16,16,6794,22.88466721,17.2460927,512002,0,512002,33929
v3,d830fc32ff2631e4e1344dc30b3e09c3b9690bed,graph,octree_nfcount,flyby,-2,1086,1086,0.575232029,0.1351680011,0.7182400227,0.729344,1,0,-1,34057,29800,16,16,6847,22.97651007,17.18127517,512002,0,512002,34057
v3,d830fc32ff2631e4e1344dc30b3e09c3b9690bed,graph,octree_nfcount,flyby,-2,1087,1087,0.5685759783,0.1351999938,0.7127680182,0.729513,1,0,-1,33881,29646,16,16,6669,22.49544627,17.27052553,512002,0,512002,33881
v3,d830fc32ff2631e4e1344dc30b3e09c3b9690bed,graph,octree_nfcount,flyby,-2,1088,1088,0.5705599785,0.1331200004,0.7127360106,0.727674,1,0,-1,33929,29688,16,16,6765,22.78698464,17.2460927,512002,0,512002,33929
v3,d830fc32ff2631e4e1344dc30b3e09c3b9690bed,graph,octree_nfcount,flyby,-2,1089,1089,0.5785599947,0.1372479945,0.7232319713,0.733141,1,0,-1,34049,29793,16,16,6792,22.79730138,17.18531199,512002,0,512002,34049
v3,d830fc32ff2631e4e1344dc30b3e09c3b9690bed,graph,octree_nfcount,flyby,-2,1090,1090,0.5709120035,0.1331200004,0.7122240067,0.725843,1,0,-1,34017,29765,16,16,6687,22.46598354,17.20147825,512002,0,512002,34017
v3,d830fc32ff2631e4e1344dc30b3e09c3b9690bed,graph,octree_nfcount,flyby,-2,1091,1091,0.5750079751,0.1351680011,0.7184000015,0.731142,1,0,-1,33865,29632,16,16,6754,22.79292657,17.27868521,512002,0,512002,33865
v3,d830fc32ff2631e4e1344dc30b3e09c3b9690bed,graph,octree_nfcount,flyby,-2,1092,1092,0.5761600137,0.1372160017,0.721855998,0.739921,1,0,-1,33985,29737,16,16,6760,22.73262266,17.21767495,512002,0,512002,33985
v3,d830fc32ff2631e4e1344dc30b3e09c3b9690bed,graph,octree_nfcount,flyby,-2,1093,1093,0.5666239858,0.1391039938,0.7141119838,0.730881,1,0,-1,33897,29660,16,16,6620,22.31962239,17.26237357,512002,0,512002,33897
v3,d830fc32ff2631e4e1344dc30b3e09c3b9690bed,graph,octree_nfcount,flyby,-2,1094,1094,0.5753920078,0.1351680011,0.719103992,0.731339,1,0,-1,34089,29828,16,16,6789,22.7604935,17.16514684,512002,0,512002,34089
v3,d830fc32ff2631e4e1344dc30b3e09c3b9690bed,graph,octree_nfcount,flyby,-2,1095,1095,0.5847679973,0.1372479945,0.7302399874,0.743142,1,0,-1,34193,29919,16,16,6896,23.04889869,17.11293827,512002,0,512002,34193
v3,d830fc32ff2631e4e1344dc30b3e09c3b9690bed,graph,octree_nfcount,flyby,-2,1096,1096,0.5732799768,0.1370880008,0.7188159823,0.730398,1,0,-1,33865,29632,16,16,6668,22.50269978,17.27868521,512002,0,512002,33865
v3,d830fc32ff2631e4e1344dc30b3e09c3b9690bed,graph,octree_nfcount,flyby,-2,1097,1097,0.5759680271,0.1351680011,0.7194240093,0.731255,1,0,-1,34153,29884,16,16,6928,23.18297417,17.13298086,512002,0,512002,34153
v3,d830fc32ff2631e4e1344dc30b3e09c3b9690bed,graph,octree_nfcount,flyby,-2,1098,1098,0.5749120116,0.1351680011,0.7183039784,0.729727,1,0,-1,34185,29912,16,16,6950,23.23482214,17.11694303,512002,0,512002,34185
v3,d830fc32ff2631e4e1344dc30b3e09c3b9690bed,graph,octree_nfcount,flyby,-2,1099,1099,0.5669760108,0.1351680011,0.7106559873,0.727943,1,0,-1,34033,29779,16,16,6770,22.73414151,17.19339132,512002,0,512002,34033
v3,d830fc32ff2631e4e1344dc30b3e09c3b9690bed,graph,octree_nfcount,flyby,-2,1100,1100,0.5812799931,0.1392640024,0.7296000123,0.743233,1,0,-1,34273,29989,16,16,6903,23.01844009,17.07299343,512002,0,512002,34273
v3,d830fc32ff2631e4e1344dc30b3e09c3b9690bed,graph,octree_nfcount,flyby,-2,1101,1101,0.5814080238,0.1372160017,0.7272319794,0.742559,1,0,-1,34313,30024,16,16,6920,23.04822808,17.05309086,512002,0,512002,34313
v3,d830fc32ff2631e4e1344dc30b3e09c3b9690bed,graph,octree_nfcount,flyby,-2,1102,1102,0.5718079805,0.1351680011,0.7152959704,0.730773,1,0,-1,33993,29744,16,16,6724,22.60623991,17.21362292,512002,0,512002,33993
v3,d830fc32ff2631e4e1344dc30b3e09c3b9690bed,graph,octree_nfcount,flyby,-2,1103,1103,0.5733759999,0.1372160017,0.7190719843,0.73114,1,0,-1,34049,29793,16,16,6953,23.33769677,17.18531199,512002,0,512002,34049
v3,d830fc32ff2631e4e1344dc30b3e09c3b9690bed,graph,octree_nfcount,flyby,-2,1104,1104,0.5720319748,0.1330879927,0.7130240202,0.727477,1,0,-1,34129,29863,16,16,7015,23.49060711,17.14502897,512002,0,512002,34129
v3,d830fc32ff2631e4e1344dc30b3e09c3b9690bed,graph,octree_nfcount,flyby,-2,1105,1105,0.5735039711,0.1392319947,0.7211840153,0.734512,1,0,-1,34113,29849,16,16,6859,22.97899427,17.15307045,512002,0,512002,34113
v3,d830fc32ff2631e4e1344dc30b3e09c3b9690bed,graph,octree_nfcount,flyby,-2,1106,1106,0.5770559907,0.1351680011,0.7201600075,0.737848,1,0,-1,34377,30080,16,16,6985,23.22140957,17.02134309,512002,0,512002,34377
v3,d830fc32ff2631e4e1344dc30b3e09c3b9690bed,graph,octree_nfcount,flyby,-2,1107,1107,0.5744320154,0.1351040006,0.7169280052,0.728166,1,0,-1,34537,30220,16,16,7081,23.43150232,16.94248842,512002,0,512002,34537
v3,d830fc32ff2631e4e1344dc30b3e09c3b9690bed,graph,octree_nfcount,flyby,-2,1108,1108,0.5737919807,0.1372479945,0.7186880112,0.736489,1,0,-1,34345,30052,16,16,6936,23.07999468,17.03720218,512002,0,512002,34345
v3,d830fc32ff2631e4e1344dc30b3e09c3b9690bed,graph,octree_nfcount,flyby,-2,1109,1109,0.5769919753,0.1330879927,0.7169280052,0.72809,1,0,-1,34545,30227,16,16,7114,23.53524994,16.93856486,512002,0,512002,34545
v3,d830fc32ff2631e4e1344dc30b3e09c3b9690bed,graph,octree_nfcount,flyby,-2,1110,1110,0.5826560259,0.1329600066,0.7228479981,0.737324,1,0,-1,34417,30115,16,16,7083,23.51984061,17.00156068,512002,0,512002,34417
v3,d830fc32ff2631e4e1344dc30b3e09c3b9690bed,graph,octree_nfcount,flyby,-2,1111,1111,0.5680320263,0.1351680011,0.71104002,0.724897,1,0,-1,34153,29884,16,16,6849,22.91861866,17.13298086,512002,0,512002,34153
v3,d830fc32ff2631e4e1344dc30b3e09c3b9690bed,graph,octree_nfcount,flyby,-2,1112,1112,0.5766080022,0.1351680011,0.7200639844,0.731606,1,0,-1,34345,30052,16,16,6994,23.27299348,17.03720218,512002,0,512002,34345
v3,d830fc32ff2631e4e1344dc30b3e09c3b9690bed,graph,octree_nfcount,flyby,-2,1113,1113,0.5815680027,0.1351680011,0.7254719734,0.742094,1,0,-1,34393,30094,16,16,7034,23.37342992,17.0134246,512002,0,512002,34393
v3,d830fc32ff2631e4e1344dc30b3e09c3b9690bed,graph,octree_nfcount,flyby,-2,1114,1114,0.5742400289,0.1351040006,0.7175679803,0.731056,1,0,-1,34337,30045,16,16,6887,22.92228324,17.04117158,512002,0,512002,34337
v3,d830fc32ff2631e4e1344dc30b3e09c3b9690bed,graph,octree_nfcount,flyby,-2,1115,1115,0.5842559934,0.1351680011,0.7284479737,0.742146,1,0,-1,34449,30143,16,16,6961,23.09325548,16.98576784,512002,0,512002,34449
v3,d830fc32ff2631e4e1344dc30b3e09c3b9690bed,graph,octree_nfcount,flyby,-2,1116,1116,0.5860800147,0.1331200004,0.7277119756,0.741317,1,0,-1,34449,30143,16,16,7099,23.55107322,16.98576784,512002,0,512002,34449
v3,d830fc32ff2631e4e1344dc30b3e09c3b9690bed,graph,octree_nfcount,flyby,-2,1117,1117,0.5676159859,0.1370880008,0.7137280107,0.730898,1,0,-1,34385,30087,16,16,7029,23.36224948,17.01738292,512002,0,512002,34385
v3,d830fc32ff2631e4e1344dc30b3e09c3b9690bed,graph,octree_nfcount,flyby,-2,1118,1118,0.587808013,0.1351680011,0.7314879894,0.746031,1,0,-1,34409,30108,16,16,7020,23.31606218,17.00551348,512002,0,512002,34409
v3,d830fc32ff2631e4e1344dc30b3e09c3b9690bed,graph,octree_nfcount,flyby,-2,1119,1119,0.5794879794,0.1372160017,0.7249280214,0.741816,1,0,-1,34625,30297,16,16,7153,23.60959831,16.89942899,512002,0,512002,34625
v3,d830fc32ff2631e4e1344dc30b3e09c3b9690bed,graph,octree_nfcount,flyby,-2,1120,1120,0.5694079995,0.1351680011,0.7131519914,0.73012,1,0,-1,34289,30003,16,16,6884,22.94437223,17.06502683,512002,0,512002,34289
v3,d830fc32ff2631e4e1344dc30b3e09c3b9690bed,graph,octree_nfcount,flyby,-2,1121,1121,0.5862079859,0.1351680011,0.7295039892,0.741095,1,0,-1,34489,30178,16,16,6989,23.15925509,16.966068,512002,0,512002,34489
v3,d830fc32ff2631e4e1344dc30b3e09c3b9690bed,graph,octree_nfcount,flyby,-2,1122,1122,0.5837439895,0.1331200004,0.725120008,0.739877,1,0,-1,34641,30311,16,16,7124,23.50301871,16.8916235,512002,0,512002,34641
v3,d830fc32ff2631e4e1344dc30b3e09c3b9690bed,graph,octree_nfcount,flyby,-2,1123,1123,0.5670719743,0.1330240071,0.7082239985,0.720713,1,0,-1,34257,29975,16,16,6899,23.01584654,17.08096747,512002,0,512002,34257
v3,d830fc32ff2631e4e1344dc30b3e09c3b9690bed,graph,octree_nfcount,flyby,-2,1124,1124,0.5774400234,0.1372160017,0.7227839828,0.740282,1,0,-1,34353,30059,16,16,6943,23.09790745,17.03323464,512002,0,512002,34353
v3,d830fc32ff2631e4e1344dc30b3e09c3b9690bed,graph,octree_nfcount,flyby,-2,1125,1125,0.5819200277,0.1372160017,0.7273600101,0.741872,1,0,-1,34593,30269,16,16,7068,23.35062275,16.91506161,512002,0,512002,34593
v3,d830fc32ff2631e4e1344dc30b3e09c3b9690bed,graph,octree_nfcount,flyby,-2,1126,1126,0.5757120252,0.1331200004,0.7164800167,0.729561,1,0,-1,34289,30003,16,16,6878,22.92437423,17.06502683,512002,0,512002,34289
v3,d830fc32ff2631e4e1344dc30b3e09c3b9690bed,graph,octree_nfcount,flyby,-2,1127,1127,0.5797759891,0.1351680011,0.723360002,0.741775,1,0,-1,34289,30003,16,16,6944,23.14435223,17.06502683,512002,0,512002,34289
v3,d830fc32ff2631e4e1344dc30b3e09c3b9690bed,graph,octree_nfcount,flyby,-2,1128,1128,0.5836160183,0.1329600066,0.7249280214,0.74092,1,0,-1,34473,30164,16,16,7067,23.42859037,16.97394245,512002,0,512002,34473
v3,d830fc32ff2631e4e1344dc30b3e09c3b9690bed,graph,octree_nfcount,flyby,-2,1129,1129,0.5744640231,0.1351680011,0.7202240229,0.738418,1,0,-1,34433,30129,16,16,6962,23.10730525,16.99366059,512002,0,512002,34433
v3,d830fc32ff2631e4e1344dc30b3e09c3b9690bed,graph,octree_nfcount,flyby,-2,1130,1130,0.5790079832,0.1372479945,0.7247999907,0.74065,1,0,-1,34401,30101,16,16,7014,23.30155144,17.00946812,512002,0,512002,34401
v3,d830fc32ff2631e4e1344dc30b3e09c3b9690bed,graph,octree_nfcount,flyby,-2,1131,1131,0.5852479935,0.1371839941,0.7314559817,0.743962,1,0,-1,34561,30241,16,16,7106,23.4979002,16.93072319,512002,0,512002,34561
v3,d830fc32ff2631e4e1344dc30b3e09c3b9690bed,graph,octree_nfcount,flyby,-2,1132,1132,0.5763520002,0.1351680011,0.7205759883,0.733622,1,0,-1,34545,30227,16,16,7026,23.2441195,16.93856486,512002,0,512002,34545
v3,d830fc32ff2631e4e1344dc30b3e09c3b9690bed,graph,octree_nfcount,flyby,-2,1133,1133,0.5815680027,0.1372160017,0.7271360159,0.740796,1,0,-1,34321,30031,16,16,7000,23.30924711,17.04911591,512002,0,512002,34321
v3,d830fc32ff2631e4e1344dc30b3e09c3b9690bed,graph,octree_nfcount,flyby,-2,1134,1134,0.5774400234,0.1351040006,0.7205759883,0.739328,1,0,-1,34417,30115,16,16,7142,23.71575627,17.00156068,512002,0,512002,34417
v3,d830fc32ff2631e4e1344dc30b3e09c3b9690bed,graph,octree_nfcount,flyby,-2,1135,1135,0.5716480017,0.1371839941,0.717343986,0.730407,1,0,-1,34129,29863,16,16,6928,23.1992767,17.14502897,512002,0,512002,34129
v3,d830fc32ff2631e4e1344dc30b3e09c3b9690bed,graph,octree_nfcount,flyby,-2,1136,1136,0.5796160102,0.1331200004,0.7217919827,0.734366,1,0,-1,34289,30003,16,16,6980,23.26434023,17.06502683,512002,0,512002,34289
v3,d830fc32ff2631e4e1344dc30b3e09c3b9690bed,graph,octree_nfcount,flyby,-2,1137,1137,0.5791680217,0.1372160017,0.7244799733,0.739765,1,0,-1,34457,30150,16,16,7069,23.44610282,16.98182421,512002,0,512002,34457
v3,d830fc32ff2631e4e1344dc30b3e09c3b9690bed,graph,octree_nfcount,flyby,-2,1138,1138,0.5792319775,0.1351359934,0.7224959731,0.741133,1,0,-1,34265,29982,16,16,6986,23.30064705,17.07697952,512002,0,512002,34265
v3,d830fc32ff2631e4e1344dc30b3e09c3b9690bed,graph,octree_nfcount,flyby,-2,1139,1139,0.5813760161,0.1331200004,0.7228479981,0.740619,1,0,-1,34345,30052,16,16,7005,23.3095967,17.03720218,512002,0,512002,34345
v3,d830fc32ff2631e4e1344dc30b3e09c3b9690bed,graph,octree_nfcount,flyby,-2,1140,1140,0.5815039873,0.1351359934,0.7248960137,0.739039,1,0,-1,34393,30094,16,16,7071,23.49637802,17.0134246,512002,0,512002,34393
v3,d830fc32ff2631e4e1344dc30b3e09c3b9690bed,graph,octree_nfcount,flyby,-2,1141,1141,0.5726400018,0.1330240071,0.7134079933,0.729451,1,0,-1,34073,29814,16,16,6838,22.93553364,17.17320722,512002,0,512002,34073
v3,d830fc32ff2631e4e1344dc30b3e09c3b9690bed,graph,octree_nfcount,flyby,-2,1142,1142,0.5787199736,0.1351680011,0.7213119864,0.735979,1,0,-1,34257,29975,16,16,6907,23.04253545,17.08096747,512002,0,512002,34257
v3,d830fc32ff2631e4e1344dc30b3e09c3b9690bed,graph,octree_nfcount,flyby,-2,1143,1143,0.5821760297,0.1351680011,0.7269120216,0.744308,1,0,-1,34481,30171,16,16,7051,23.37012363,16.97000431,512002,0,512002,34481
v3,d830fc32ff2631e4e1344dc30b3e09c3b9690bed,graph,octree_nfcount,flyby,-2,1144,1144,0.5648959875,0.1370880008,0.7110080123,0.730051,1,0,-1,34089,29828,16,16,6924,23.21308837,17.16514684,512002,0,512002,34089
v3,d830fc32ff2631e4e1344dc30b3e09c3b9690bed,graph,octree_nfcount,flyby,-2,1145,1145,0.5812159777,0.1351680011,0.7247359753,0.737603,1,0,-1,34313,30024,16,16,6904,22.99493738,17.05309086,512002,0,512002,34313
v3,d830fc32ff2631e4e1344dc30b3e09c3b9690bed,graph,octree_nfcount,flyby,-2,1146,1146,0.5814080238,0.1351680011,0.7240960002,0.73805,1,0,-1,34569,30248,16,16,7018,23.20153399,16.92680508,512002,0,512002,34569
v3,d830fc32ff2631e4e1344dc30b3e09c3b9690bed,graph,octree_nfcount,flyby,-2,1147,1147,0.5732799768,0.1351680011,0.7164800167,0.727622,1,0,-1,34089,29828,16,16,6891,23.10245407,17.16514684,512002,0,512002,34089
v3,d830fc32ff2631e4e1344dc30b3e09c3b9690bed,graph,octree_nfcount,flyby,-2,1148,1148,0.5811520219,0.1351999938,0.724864006,0.740461,1,0,-1,34353,30059,16,16,6924,23.03469843,17.03323464,512002,0,512002,34353
v3,d830fc32ff2631e4e1344dc30b3e09c3b9690bed,graph,octree_nfcount,flyby,-2,1149,1149,0.5789440274,0.1351040006,0.7220159769,0.739366,1,0,-1,34457,30150,16,16,7053,23.39303483,16.98182421,512002,0,512002,34457
v3,d830fc32ff2631e4e1344dc30b3e09c3b9690bed,graph,octree_nfcount,flyby,-2,1150,1150,0.5733759999,0.1351680011,0.7176640034,0.731921,1,0,-1,34281,29996,16,16,6956,23.18975863,17.0690092,512002,0,512002,34281
v3,d830fc32ff2631e4e1344dc30b3e09c3b9690bed,graph,octree_nfcount,flyby,-2,1151,1151,0.5793920159,0.1372160017,0.7251520157,0.744618,1,0,-1,34105,29842,16,16,6908,23.14858253,17.15709403,512002,0,512002,34105
v3,d830fc32ff2631e4e1344dc30b3e09c3b9690bed,graph,octree_nfcount,flyby,-2,1152,1152,0.5830079913,0.1331200004,0.7243840098,0.740847,1,0,-1,34481,30171,16,16,7012,23.24086043,16.97000431,512002,0,512002,34481
v3,d830fc32ff2631e4e1344dc30b3e09c3b9690bed,graph,octree_nfcount,flyby,-2,1153,1153,0.5707520247,0.1370880008,0.7158079743,0.728453,1,0,-1,34321,30031,16,16,6939,23.10612367,17.04911591,512002,0,512002,34321
v3,d830fc32ff2631e4e1344dc30b3e09c3b9690bed,graph,octree_nfcount,flyby,-2,1154,1154,0.5822719932,0.1351999938,0.7246080041,0.735338,1,0,-1,34297,30010,16,16,6867,22.88237254,17.06104632,512002,0,512002,34297
v3,d830fc32ff2631e4e1344dc30b3e09c3b9690bed,graph,octree_nfcount,flyby,-2,1155,1155,0.5798079967,0.1351680011,0.7235199809,0.741296,1,0,-1,34305,30017,16,16,7014,23.36675884,17.05706766,512002,0,512002,34305
v3,d830fc32ff2631e4e1344dc30b3e09c3b9690bed,graph,octree_nfcount,flyby,-2,1156,1156,0.574976027,0.1351680011,0.7186880112,0.731111,1,0,-1,34129,29863,16,16,6882,23.04523993,17.14502897,512002,0,512002,34129
v3,d830fc32ff2631e4e1344dc30b3e09c3b9690bed,graph,octree_nfcount,flyby,-2,1157,1157,0.5812799931,0.1372160017,0.7268159986,0.741837,1,0,-1,34233,29954,16,16,6893,23.01195166,17.09294251,512002,0,512002,34233
v3,d830fc32ff2631e4e1344dc30b3e09c3b9690bed,graph,octree_nfcount,flyby,-2,1158,1158,0.5796800256,0.1351040006,0.723263979,0.739809,1,0,-1,34401,30101,16,16,6943,23.06567888,17.00946812,512002,0,512002,34401
v3,d830fc32ff2631e4e1344dc30b3e09c3b9690bed,graph,octree_nfcount,flyby,-2,1159,1159,0.5769280195,0.1329919994,0.7184640169,0.730227,1,0,-1,34105,29842,16,16,6875,23.03800013,17.15709403,512002,0,512002,34105
v3,d830fc32ff2631e4e1344dc30b3e09c3b9690bed,graph,octree_nfcount,flyby,-2,1160,1160,0.5789440274,0.1370559931,0.7226240039,0.735509,1,0,-1,34329,30038,16,16,6967,23.19395432,17.04514282,512002,0,512002,34329
v3,d830fc32ff2631e4e1344dc30b3e09c3b9690bed,graph,octree_nfcount,flyby,-2,1161,1161,0.5814080238,0.1351680011,0.7250559926,0.740947,1,0,-1,34265,29982,16,16,6929,23.11053299,17.07697952,512002,0,512002,34265
v3,d830fc32ff2631e4e1344dc30b3e09c3b9690bed,graph,octree_nfcount,flyby,-2,1162,1162,0.5747839808,0.1392959952,0.7231040001,0.742771,1,0,-1,34137,29870,16,16,6894,23.08001339,17.14101105,512002,0,512002,34137
v3,d830fc32ff2631e4e1344dc30b3e09c3b9690bed,graph,octree_nfcount,flyby,-2,1163,1163,0.5793600082,0.1351680011,0.7224959731,0.733399,1,0,-1,34425,30122,16,16,6951,23.07615696,16.99760972,512002,0,512002,34425
v3,d830fc32ff2631e4e1344dc30b3e09c3b9690bed,graph,octree_nfcount,flyby,-2,1164,1164,0.5756160021,0.1351680011,0.7191359997,0.730667,1,0,-1,34441,30136,16,16,6987,23.18489514,16.9897133,512002,0,512002,34441
v3,d830fc32ff2631e4e1344dc30b3e09c3b9690bed,graph,octree_nfcount,flyby,-2,1165,1165,0.5721279979,0.1372160017,0.7163519859,0.726494,1,0,-1,34449,30143,16,16,7040,23.35533955,16.98576784,512002,0,512002,34449
v3,d830fc32ff2631e4e1344dc30b3e09c3b9690bed,graph,octree_nfcount,flyby,-2,1166,1166,0.5828800201,0.1351680011,0.7260800004,0.738467,1,0,-1,34401,30101,16,16,6893,22.89957144,17.00946812,512002,0,512002,34401
v3,d830fc32ff2631e4e1344dc30b3e09c3b9690bed,graph,octree_nfcount,flyby,-2,1167,1167,0.5794240236,0.1351680011,0.7228800058,0.74065,1,0,-1,34361,30066,16,16,6964,23.16237611,17.02926894,512002,0,512002,34361
v3,d830fc32ff2631e4e1344dc30b3e09c3b9690bed,graph,octree_nfcount,flyby,-2,1168,1168,0.573119998,0.139200002,0.7207360268,0.733668,1,0,-1,34377,30080,16,16,7052,23.44414894,17.02134309,512002,0,512002,34377
v3,d830fc32ff2631e4e1344dc30b3e09c3b9690bed,graph,octree_nfcount,flyby,-2,1169,1169,0.5859839916,0.1371199936,0.731423974,0.743194,1,0,-1,34473,30164,16,16,7023,23.28272112,16.97394245,512002,0,512002,34473
v3,d830fc32ff2631e4e1344dc30b3e09c3b9690bed,graph,octree_nfcount,flyby,-2,1170,1170,0.5790079832,0.1351680011,0.7226880193,0.741424,1,0,-1,34545,30227,16,16,7044,23.30366891,16.93856486,512002,0,512002,34545
v3,d830fc32ff2631e4e1344dc30b3e09c3b9690bed,graph,octree_nfcount,flyby,-2,1171,1171,0.5768319964,0.1351999938,0.7205759883,0.733316,1,0,-1,34417,30115,16,16,7072,23.48331396,17.00156068,512002,0,512002,34417
v3,d830fc32ff2631e4e1344dc30b3e09c3b9690bed,graph,octree_nfcount,flyby,-2,1172,1172,0.5810239911,0.1351680011,0.7252159715,0.740858,1,0,-1,34553,30234,16,16,7019,23.2155851,16.93464312,512002,0,512002,34553
v3,d830fc32ff2631e4e1344dc30b3e09c3b9690bed,graph,octree_nfcount,flyby,-2,1173,1173,0.5741760135,0.1372479945,0.7184960246,0.736078,1,0,-1,34473,30164,16,16,7076,23.45842726,16.97394245,512002,0,512002,34473
v3,d830fc32ff2631e4e1344dc30b3e09c3b9690bed,graph,octree_nfcount,flyby,-2,1174,1174,0.5735039711,0.1372479945,0.7197440267,0.731401,1,0,-1,34337,30045,16,16,7104,23.6445332,17.04117158,512002,0,512002,34337
v3,d830fc32ff2631e4e1344dc30b3e09c3b9690bed,graph,octree_nfcount,flyby,-2,1175,1175,0.5834239721,0.1372160017,0.7284479737,0.739646,1,0,-1,34281,29996,16,16,6985,23.28643819,17.0690092,512002,0,512002,34281
v3,d830fc32ff2631e4e1344dc30b3e09c3b9690bed,graph,octree_nfcount,flyby,-2,1176,1176,0.5735039711,0.1392959952,0.7209280133,0.738755,1,0,-1,34329,30038,16,16,6965,23.18729609,17.04514282,512002,0,512002,34329
v3,d830fc32ff2631e4e1344dc30b3e09c3b9690bed,graph,octree_nfcount,flyby,-2,1177,1177,0.5775679946,0.1331200004,0.7190399766,0.730504,1,0,-1,34409,30108,16,16,7046,23.40241796,17.00551348,512002,0,512002,34409
v3,d830fc32ff2631e4e1344dc30b3e09c3b9690bed,graph,octree_nfcount,flyby,-2,1178,1178,0.5828160048,0.1392640024,0.7303040028,0.742468,1,0,-1,34353,30059,16,16,6983,23.23097907,17.03323464,512002,0,512002,34353
v3,d830fc32ff2631e4e1344dc30b3e09c3b9690bed,graph,octree_nfcount,flyby,-2,1179,1179,0.5811520219,0.1372479945,0.7266880274,0.74125,1,0,-1,34361,30066,16,16,6918,23.00937937,17.02926894,512002,0,512002,34361
v3,d830fc32ff2631e4e1344dc30b3e09c3b9690bed,graph,octree_nfcount,flyby,-2,1180,1180,0.5843520164,0.1331200004,0.7257599831,0.741877,1,0,-1,34513,30199,16,16,7063,23.38819166,16.95427001,512002,0,512002,34513
v3,d830fc32ff2631e4e1344dc30b3e09c3b9690bed,graph,octree_nfcount,flyby,-2,1181,1181,0.5820479989,0.1351680011,0.7258239985,0.741407,1,0,-1,34241,29961,16,16,6989,23.32699176,17.08894897,512002,0,512002,34241
v3,d830fc32ff2631e4e1344dc30b3e09c3b9690bed,graph,octree_nfcount,flyby,-2,1182,1182,0.5727679729,0.1351680011,0.7172480226,0.729954,1,0,-1,34161,29891,16,16,6903,23.09390787,17.12896859,512002,0,512002,34161
v3,d830fc32ff2631e4e1344dc30b3e09c3b9690bed,graph,octree_nfcount,flyby,-2,1183,1183,0.5706239939,0.1372160017,0.7168639898,0.729557,1,0,-1,34473,30164,16,16,7065,23.42195995,16.97394245,512002,0,512002,34473
v3,d830fc32ff2631e4e1344dc30b3e09c3b9690bed,graph,octree_nfcount,flyby,-2,1184,1184,0.5773440003,0.1351680011,0.7207360268,0.733291,1,0,-1,34161,29891,16,16,6974,23.33143756,17.12896859,512002,0,512002,34161
v3,d830fc32ff2631e4e1344dc30b3e09c3b9690bed,graph,octree_nfcount,flyby,-2,1185,1185,0.5693119764,0.1350719929,0.712544024,0.726883,1,0,-1,34441,30136,16,16,6941,23.03225378,16.9897133,512002,0,512002,34441
v3,d830fc32ff2631e4e1344dc30b3e09c3b9690bed,graph,octree_nfcount,flyby,-2,1186,1186,0.5777919888,0.1331200004,0.7190080285,0.731556,1,0,-1,34409,30108,16,16,7067,23.47216687,17.00551348,512002,0,512002,34409
v3,d830fc32ff2631e4e1344dc30b3e09c3b9690bed,graph,octree_nfcount,flyby,-2,1187,1187,0.5816000104,0.1351680011,0.725120008,0.739489,1,0,-1,34417,30115,16,16,6987,23.20106259,17.00156068,512002,0,512002,34417
v3,d830fc32ff2631e4e1344dc30b3e09c3b9690bed,graph,octree_nfcount,flyby,-2,1188,1188,0.5798720121,0.1351680011,0.7235839963,0.741313,1,0,-1,34361,30066,16,16,6954,23.12911594,17.02926894,512002,0,512002,34361
v3,d830fc32ff2631e4e1344dc30b3e09c3b9690bed,graph,octree_nfcount,flyby,-2,1189,1189,0.5768960118,0.1331200004,0.7180479765,0.729635,1,0,-1,34689,30353,16,16,7157,23.57921787,16.86825026,512002,0,512002,34689
v3,d830fc32ff2631e4e1344dc30b3e09c3b9690bed,graph,octree_nfcount,flyby,-2,1190,1190,0.5833280087,0.1331200004,0.7250239849,0.738273,1,0,-1,34505,30192,16,16,7062,23.39030207,16.95820085,512002,0,512002,34505
v3,d830fc32ff2631e4e1344dc30b3e09c3b9690bed,graph,octree_nfcount,flyby,-2,1191,1191,0.574015975,0.1351680011,0.7170879841,0.72857,1,0,-1,34489,30178,16,16,6944,23.01013984,16.966068,512002,0,512002,34489
v3,d830fc32ff2631e4e1344dc30b3e09c3b9690bed,graph,octree_nfcount,flyby,-2,1192,1192,0.5806720257,0.1351999938,0.7237439752,0.739053,1,0,-1,34481,30171,16,16,7106,23.55241788,16.97000431,512002,0,512002,34481
v3,d830fc32ff2631e4e1344dc30b3e09c3b9690bed,graph,octree_nfcount,flyby,-2,1193,1193,0.584191978,0.1349119991,0.727519989,0.739293,1,0,-1,34521,30206,16,16,7019,23.23710521,16.95034099,512002,0,512002,34521
v3,d830fc32ff2631e4e1344dc30b3e09c3b9690bed,graph,octree_nfcount,flyby,-2,1194,1194,0.5750399828,0.1372160017,0.7203840017,0.73207,1,0,-1,34505,30192,16,16,6971,23.08889772,16.95820085,512002,0,512002,34505
v3,d830fc32ff2631e4e1344dc30b3e09c3b9690bed,graph,octree_nfcount,flyby,-2,1195,1195,0.5795519948,0.1392959952,0.7273280025,0.739564,1,0,-1,34689,30353,16,16,7172,23.62863638,16.86825026,512002,0,512002,34689
v3,d830fc32ff2631e4e1344dc30b3e09c3b9690bed,graph,octree_nfcount,flyby,-2,1196,1196,0.5830079913,0.1372160017,0.7283840179,0.739368,1,0,-1,34761,30416,16,16,7117,23.39886902,16.83331142,512002,0,512002,34761
v3,d830fc32ff2631e4e1344dc30b3e09c3b9690bed,graph,octree_nfcount,flyby,-2,1197,1197,0.5775039792,0.1351680011,0.7206400037,0.739184,1,0,-1,34553,30234,16,16,7009,23.18250976,16.93464312,512002,0,512002,34553
v3,d830fc32ff2631e4e1344dc30b3e09c3b9690bed,graph,octree_nfcount,flyby,-2,1198,1198,0.5792959929,0.1350400001,0.7209920287,0.735312,1,0,-1,34625,30297,16,16,7128,23.52708189,16.89942899,512002,0,512002,34625
v3,d830fc32ff2631e4e1344dc30b3e09c3b9690bed,graph,octree_nfcount,flyby,-2,1199,1199,0.582687974,0.1351999938,0.7256960273,0.739109,1,0,-1,34769,30423,16,16,7132,23.44278999,16.82943825,512002,0,512002,34769
v3,d830fc32ff2631e4e1344dc30b3e09c3b9690bed,graph,octree_nfcount,flyby,-2,1200,1200,0.579136014,0.1351680011,0.7222399712,0.740546,1,0,-1,34673,30339,16,16,6982,23.01328323,16.87603415,512002,0,512002,34673
